2006,1,1,2.9114
2006,1,2,1.7166
2006,1,3,13.692
2006,1,4,0
2006,1,5,0.027466
2006,1,6,0.30212
2006,1,7,2.7328
2006,1,8,2.3209
2006,1,9,3.2547
2006,1,10,0.52185
2006,1,11,1.9363
2006,1,12,5.9326
2006,1,13,56.868
2006,1,14,0.068665
2006,1,15,0.68665
2006,1,16,1.236
2006,1,17,3.3234
2006,1,18,8.2123
2006,1,19,136.26
2006,1,20,0.013733
2006,1,21,0.013733
2006,1,22,0.27466
2006,1,23,0
2006,1,24,0
2006,1,25,0.027466
2006,1,26,2.6642
2006,1,27,0.19226
2006,1,28,13.987
2006,1,29,0.027466
2006,1,30,2.2797
2006,1,31,32.547
2006,2,1,0.13733
2006,2,2,0.068665
2006,2,3,0.24719
2006,2,4,0.013733
2006,2,5,0.32959
2006,2,6,1.7303
2006,2,7,1.4145
2006,2,8,0
2006,2,9,0.63171
2006,2,10,1.1948
2006,2,11,3.3646
2006,2,12,0.98877
2006,2,13,0.64545
2006,2,14,0.082397
2006,2,15,0.054932
2006,2,16,0
2006,2,17,0.027466
2006,2,18,0.041199
2006,2,19,0
2006,2,20,0.1236
2006,2,21,0.60425
2006,2,22,1.8951
2006,2,23,3.4332
2006,2,24,0.16479
2006,2,25,0.0068665
2006,2,26,1.5038
2006,2,27,0
2006,2,28,0.082397
2006,3,1,0.9613
2006,3,2,0.17853
2006,3,3,0.90637
2006,3,4,0
2006,3,5,0.013733
2006,3,6,0
2006,3,7,0
2006,3,8,0
2006,3,9,0
2006,3,10,0
2006,3,11,0
2006,3,12,0.013733
2006,3,13,0
2006,3,14,0.054932
2006,3,15,0.9201
2006,3,16,1.9226
2006,3,17,0
2006,3,18,0
2006,3,19,0.41199
2006,3,20,0.041199
2006,3,21,0.39825
2006,3,22,0.65918
2006,3,23,0.57678
2006,3,24,0.35706
2006,3,25,0.27466
2006,3,26,0.31586
2006,3,27,0.39825
2006,3,28,1.1398
2006,3,29,2.0874
2006,3,30,1.0437
2006,3,31,0
2006,4,1,0
2006,4,2,0
2006,4,3,0.15106
2006,4,4,7.2235
2006,4,5,2.8839
2006,4,6,0
2006,4,7,0
2006,4,8,0.027466
2006,4,9,15.161
2006,4,10,0
2006,4,11,8.3359
2006,4,12,0
2006,4,13,0
2006,4,14,0.60425
2006,4,15,2.2247
2006,4,16,12.634
2006,4,17,0.32959
2006,4,18,5.8228
2006,4,19,4.3533
2006,4,20,12.621
2006,4,21,2.6093
2006,4,22,0
2006,4,23,2.4857
2006,4,24,18.361
2006,4,25,10.094
2006,4,26,1.4008
2006,4,27,0.57678
2006,4,28,0.32959
2006,4,29,0
2006,4,30,0
2006,5,1,0
2006,5,2,0.09613
2006,5,3,6.7978
2006,5,4,23.14
2006,5,5,8.9401
2006,5,6,3.9139
2006,5,7,0.31586
2006,5,8,0
2006,5,9,0
2006,5,10,0.15106
2006,5,11,0.013733
2006,5,12,0.85144
2006,5,13,0
2006,5,14,0.53558
2006,5,15,21.279
2006,5,16,19.446
2006,5,17,0.013733
2006,5,18,0.27466
2006,5,19,0
2006,5,20,0
2006,5,21,0
2006,5,22,0.35706
2006,5,23,0.32272
2006,5,24,2.8564
2006,5,25,0.09613
2006,5,26,0
2006,5,27,0
2006,5,28,0
2006,5,29,0
2006,5,30,0
2006,5,31,1.6754
2006,6,1,3.8864
2006,6,2,4.4495
2006,6,3,0.013733
2006,6,4,0
2006,6,5,0.81024
2006,6,6,1.0849
2006,6,7,4.6417
2006,6,8,0
2006,6,9,0
2006,6,10,0
2006,6,11,0
2006,6,12,15.12
2006,6,13,1.9775
2006,6,14,0
2006,6,15,2.5955
2006,6,16,0.48065
2006,6,17,0
2006,6,18,0.23346
2006,6,19,10.547
2006,6,20,3.1586
2006,6,21,5.6442
2006,6,22,0.42572
2006,6,23,0
2006,6,24,0.013733
2006,6,25,0
2006,6,26,0
2006,6,27,0
2006,6,28,0
2006,6,29,0
2006,6,30,0
2006,7,1,0
2006,7,2,0
2006,7,3,0
2006,7,4,0
2006,7,5,0
2006,7,6,0
2006,7,7,10.107
2006,7,8,0
2006,7,9,0
2006,7,10,0
2006,7,11,0
2006,7,12,0
2006,7,13,0
2006,7,14,0
2006,7,15,0
2006,7,16,0
2006,7,17,0.082397
2006,7,18,1.7029
2006,7,19,0
2006,7,20,0
2006,7,21,0.15106
2006,7,22,0.17853
2006,7,23,0.1236
2006,7,24,0
2006,7,25,0
2006,7,26,0.73471
2006,7,27,0
2006,7,28,0
2006,7,29,0.19226
2006,7,30,0.027466
2006,7,31,0
2006,8,1,1.7303
2006,8,2,0.39825
2006,8,3,0
2006,8,4,0.20599
2006,8,5,0.34332
2006,8,6,0.027466
2006,8,7,0
2006,8,8,0.15106
2006,8,9,0
2006,8,10,0
2006,8,11,0
2006,8,12,0
2006,8,13,0
2006,8,14,0
2006,8,15,0
2006,8,16,0
2006,8,17,0
2006,8,18,0
2006,8,19,3.2616
2006,8,20,6.2416
2006,8,21,0
2006,8,22,3.0144
2006,8,23,0
2006,8,24,0
2006,8,25,0
2006,8,26,0
2006,8,27,0.34332
2006,8,28,1.8402
2006,8,29,0
2006,8,30,0
2006,8,31,0
2006,9,1,0
2006,9,2,0
2006,9,3,0
2006,9,4,12.003
2006,9,5,0.013733
2006,9,6,0.041199
2006,9,7,0.41199
2006,9,8,0
2006,9,9,22.083
2006,9,10,0.09613
2006,9,11,1.3184
2006,9,12,0.0068665
2006,9,13,0.041199
2006,9,14,0.013733
2006,9,15,0.63171
2006,9,16,0.054932
2006,9,17,0
2006,9,18,0
2006,9,19,0
2006,9,20,15.573
2006,9,21,45.95
2006,9,22,4.0924
2006,9,23,4.3259
2006,9,24,0
2006,9,25,0
2006,9,26,0
2006,9,27,19.693
2006,9,28,0
2006,9,29,15.353
2006,9,30,9.9701
2006,10,1,2.3621
2006,10,2,0
2006,10,3,0
2006,10,4,3.8864
2006,10,5,120.47
2006,10,6,0
2006,10,7,0
2006,10,8,3.186
2006,10,9,0
2006,10,10,0
2006,10,11,0.19226
2006,10,12,3.6255
2006,10,13,0.054932
2006,10,14,0
2006,10,15,0
2006,10,16,2.4033
2006,10,17,0.79651
2006,10,18,1.6205
2006,10,19,0
2006,10,20,0
2006,10,21,0
2006,10,22,0.09613
2006,10,23,0
2006,10,24,1.0025
2006,10,25,0.013733
2006,10,26,0
2006,10,27,0
2006,10,28,0
2006,10,29,0
2006,10,30,0
2006,10,31,0
2006,11,1,0
2006,11,2,0
2006,11,3,0
2006,11,4,0
2006,11,5,1.3184
2006,11,6,0.30212
2006,11,7,0.10986
2006,11,8,0
2006,11,9,0
2006,11,10,0
2006,11,11,0.013733
2006,11,12,0.85144
2006,11,13,0.13733
2006,11,14,0.054932
2006,11,15,3.241
2006,11,16,36.818
2006,11,17,0
2006,11,18,0
2006,11,19,0
2006,11,20,12.675
2006,11,21,1.442
2006,11,22,0.37079
2006,11,23,0
2006,11,24,0
2006,11,25,0.20599
2006,11,26,0
2006,11,27,0
2006,11,28,0.81024
2006,11,29,0.068665
2006,11,30,0.41199
2006,12,1,0.048065
2006,12,2,0.32959
2006,12,3,0.46692
2006,12,4,1.236
2006,12,5,0
2006,12,6,0.65231
2006,12,7,0
2006,12,8,0
2006,12,9,0
2006,12,10,0
2006,12,11,0
2006,12,12,0
2006,12,13,0.85144
2006,12,14,0.013733
2006,12,15,0
2006,12,16,0
2006,12,17,0.041199
2006,12,18,2.1698
2006,12,19,0
2006,12,20,0
2006,12,21,0
2006,12,22,14.392
2006,12,23,7.4707
2006,12,24,0.17853
2006,12,25,1.8539
2006,12,26,0.013733
2006,12,27,0
2006,12,28,6.9901
2006,12,29,0
2006,12,30,0
2006,12,31,25.735
2007,1,1,1.9638
2007,1,2,1.6617
2007,1,3,0
2007,1,4,0.76904
2007,1,5,0
2007,1,6,3.6804
2007,1,7,0
2007,1,8,0
2007,1,9,0
2007,1,10,7.402
2007,1,11,1.0162
2007,1,12,0
2007,1,13,0
2007,1,14,0
2007,1,15,0
2007,1,16,4.0512
2007,1,17,1.4694
2007,1,18,0.082397
2007,1,19,0
2007,1,20,0
2007,1,21,1.4008
2007,1,22,0
2007,1,23,0.10986
2007,1,24,5.397
2007,1,25,10.959
2007,1,26,3.1311
2007,1,27,0.75531
2007,1,28,0
2007,1,29,0
2007,1,30,0
2007,1,31,0
2007,2,1,0
2007,2,2,0.16479
2007,2,3,2.2385
2007,2,4,0
2007,2,5,5.5481
2007,2,6,2.0737
2007,2,7,0.74158
2007,2,8,0.027466
2007,2,9,0.027466
2007,2,10,0.79651
2007,2,11,3.804
2007,2,12,8.4045
2007,2,13,16.974
2007,2,14,0.37079
2007,2,15,0
2007,2,16,0
2007,2,17,0.013733
2007,2,18,1.6342
2007,2,19,2.0462
2007,2,20,2.3071
2007,2,21,0.1236
2007,2,22,1.6891
2007,2,23,0
2007,2,24,0
2007,2,25,0
2007,2,26,0.013733
2007,2,27,1.7853
2007,2,28,0.76904
2007,3,1,0.71411
2007,3,2,0.027466
2007,3,3,1.0574
2007,3,4,0
2007,3,5,1.4282
2007,3,6,0.46692
2007,3,7,0
2007,3,8,0.94757
2007,3,9,0.46692
2007,3,10,0.35706
2007,3,11,1.4282
2007,3,12,3.4058
2007,3,13,0
2007,3,14,0
2007,3,15,0.17853
2007,3,16,0
2007,3,17,0.49438
2007,3,18,0.20599
2007,3,19,5.9738
2007,3,20,0.068665
2007,3,21,10.245
2007,3,22,4.7104
2007,3,23,0
2007,3,24,0
2007,3,25,0
2007,3,26,0
2007,3,27,0
2007,3,28,0
2007,3,29,0
2007,3,30,0
2007,3,31,0
2007,4,1,0
2007,4,2,0
2007,4,3,0.67291
2007,4,4,0
2007,4,5,0
2007,4,6,0
2007,4,7,0.041199
2007,4,8,0
2007,4,9,0
2007,4,10,0.19226
2007,4,11,0
2007,4,12,5.4382
2007,4,13,0.068665
2007,4,14,1.2497
2007,4,15,0.35019
2007,4,16,0
2007,4,17,0
2007,4,18,1.8539
2007,4,19,0.37079
2007,4,20,0
2007,4,21,0.50812
2007,4,22,0.54932
2007,4,23,1.0849
2007,4,24,0
2007,4,25,0
2007,4,26,0.089264
2007,4,27,0.41199
2007,4,28,2.0737
2007,4,29,0
2007,4,30,36.008
2007,5,1,1.1124
2007,5,2,23.607
2007,5,3,20.435
2007,5,4,12.305
2007,5,5,16.095
2007,5,6,77.742
2007,5,7,1.8265
2007,5,8,0.93384
2007,5,9,0
2007,5,10,0
2007,5,11,0
2007,5,12,0
2007,5,13,0
2007,5,14,0
2007,5,15,0
2007,5,16,0
2007,5,17,0
2007,5,18,0
2007,5,19,0
2007,5,20,0.013733
2007,5,21,31.943
2007,5,22,4.9438
2007,5,23,0
2007,5,24,2.9938
2007,5,25,0
2007,5,26,0
2007,5,27,0
2007,5,28,0
2007,5,29,4.7516
2007,5,30,7.8415
2007,5,31,6.4133
2007,6,1,4.7516
2007,6,2,0
2007,6,3,0.17853
2007,6,4,0.13733
2007,6,5,0
2007,6,6,0
2007,6,7,0
2007,6,8,0
2007,6,9,0
2007,6,10,2.2453
2007,6,11,4.216
2007,6,12,0
2007,6,13,2.774
2007,6,14,16.013
2007,6,15,0
2007,6,16,0.041199
2007,6,17,0
2007,6,18,0.054932
2007,6,19,0
2007,6,20,0.24719
2007,6,21,0
2007,6,22,0.020599
2007,6,23,0
2007,6,24,0
2007,6,25,0
2007,6,26,3.1998
2007,6,27,1.3184
2007,6,28,2.4719
2007,6,29,0
2007,6,30,0
2007,7,1,0
2007,7,2,0
2007,7,3,0
2007,7,4,0
2007,7,5,0.10986
2007,7,6,0
2007,7,7,0.041199
2007,7,8,0
2007,7,9,3.2135
2007,7,10,0
2007,7,11,0
2007,7,12,0
2007,7,13,0
2007,7,14,1.6754
2007,7,15,5.2872
2007,7,16,0.68665
2007,7,17,2.7328
2007,7,18,0
2007,7,19,0
2007,7,20,0
2007,7,21,0
2007,7,22,0
2007,7,23,0
2007,7,24,0
2007,7,25,0.048065
2007,7,26,2.623
2007,7,27,0.15106
2007,7,28,0
2007,7,29,0
2007,7,30,0.013733
2007,7,31,0
2007,8,1,0
2007,8,2,1.0162
2007,8,3,0.054932
2007,8,4,0.013733
2007,8,5,0
2007,8,6,0
2007,8,7,0
2007,8,8,0
2007,8,9,0.068665
2007,8,10,0
2007,8,11,0
2007,8,12,0
2007,8,13,0
2007,8,14,0
2007,8,15,0
2007,8,16,0
2007,8,17,0
2007,8,18,0
2007,8,19,0
2007,8,20,0.013733
2007,8,21,0.51498
2007,8,22,0
2007,8,23,0.85831
2007,8,24,0
2007,8,25,0
2007,8,26,0
2007,8,27,0.21973
2007,8,28,0.67978
2007,8,29,0.86517
2007,8,30,0.32959
2007,8,31,0
2007,9,1,0
2007,9,2,0
2007,9,3,0
2007,9,4,0
2007,9,5,0
2007,9,6,0
2007,9,7,0
2007,9,8,0
2007,9,9,0.13046
2007,9,10,0.20599
2007,9,11,56.552
2007,9,12,0.76904
2007,9,13,17.743
2007,9,14,0.082397
2007,9,15,0.32272
2007,9,16,0.37079
2007,9,17,6.4682
2007,9,18,0
2007,9,19,0.63858
2007,9,20,0.027466
2007,9,21,0
2007,9,22,0
2007,9,23,0
2007,9,24,0.034332
2007,9,25,1.2222
2007,9,26,7.56
2007,9,27,110.63
2007,9,28,18.979
2007,9,29,3.1654
2007,9,30,0
2007,10,1,0
2007,10,2,0.23346
2007,10,3,15.189
2007,10,4,0.71411
2007,10,5,0
2007,10,6,0
2007,10,7,0
2007,10,8,0
2007,10,9,0
2007,10,10,94.592
2007,10,11,2.4994
2007,10,12,36.914
2007,10,13,0.87891
2007,10,14,0.013733
2007,10,15,0
2007,10,16,0
2007,10,17,8.5144
2007,10,18,3.8727
2007,10,19,0.45319
2007,10,20,8.6792
2007,10,21,0.082397
2007,10,22,3.3783
2007,10,23,0
2007,10,24,0.94757
2007,10,25,11.824
2007,10,26,0.50812
2007,10,27,0
2007,10,28,0.28839
2007,10,29,0
2007,10,30,0.64545
2007,10,31,0.19226
2007,11,1,9.201
2007,11,2,1.4557
2007,11,3,0
2007,11,4,0
2007,11,5,0
2007,11,6,0
2007,11,7,0
2007,11,8,0.082397
2007,11,9,0.57678
2007,11,10,1.9501
2007,11,11,2.6505
2007,11,12,2.1423
2007,11,13,0
2007,11,14,0
2007,11,15,0.43945
2007,11,16,1.0437
2007,11,17,0
2007,11,18,0
2007,11,19,0.79651
2007,11,20,0.82397
2007,11,21,0
2007,11,22,1.181
2007,11,23,1.0712
2007,11,24,7.5256
2007,11,25,0
2007,11,26,0.49438
2007,11,27,0.10986
2007,11,28,0.79651
2007,11,29,0
2007,11,30,0
2007,12,1,0
2007,12,2,0
2007,12,3,8.638
2007,12,4,10.396
2007,12,5,0.21973
2007,12,6,5.6854
2007,12,7,0
2007,12,8,0
2007,12,9,30.267
2007,12,10,83.276
2007,12,11,11.288
2007,12,12,0
2007,12,13,0.67291
2007,12,14,13.383
2007,12,15,4.6417
2007,12,16,1.4832
2007,12,17,16.988
2007,12,18,29.842
2007,12,19,0
2007,12,20,2.1698
2007,12,21,1.5381
2007,12,22,2.5406
2007,12,23,0
2007,12,24,0.37079
2007,12,25,3.4607
2007,12,26,7.6492
2007,12,27,65.479
2007,12,28,16.919
2007,12,29,35.005
2007,12,30,0
2007,12,31,2.9388
2008,1,1,21.025
2008,1,2,6.8115
2008,1,3,3.5843
2008,1,4,0.34332
2008,1,5,2.7466
2008,1,6,0.49438
2008,1,7,0
2008,1,8,0.19226
2008,1,9,0.37079
2008,1,10,7.3608
2008,1,11,0.013733
2008,1,12,0
2008,1,13,0.23346
2008,1,14,0.71411
2008,1,15,0
2008,1,16,0
2008,1,17,0.97504
2008,1,18,0
2008,1,19,0
2008,1,20,0.89264
2008,1,21,5.0262
2008,1,22,8.2535
2008,1,23,14.131
2008,1,24,6.3995
2008,1,25,6.3995
2008,1,26,0.85144
2008,1,27,1.5381
2008,1,28,0.23346
2008,1,29,0.23346
2008,1,30,0
2008,1,31,16.26
2008,2,1,2.3621
2008,2,2,0
2008,2,3,0
2008,2,4,0
2008,2,5,0.53558
2008,2,6,7.814
2008,2,7,0
2008,2,8,0.16479
2008,2,9,0.65918
2008,2,10,14.227
2008,2,11,28.976
2008,2,12,28.056
2008,2,13,0
2008,2,14,0
2008,2,15,0.71411
2008,2,16,4.3945
2008,2,17,11.206
2008,2,18,11.797
2008,2,19,0.013733
2008,2,20,6.0013
2008,2,21,0.42572
2008,2,22,0
2008,2,23,1.2222
2008,2,24,2.1973
2008,2,25,0.013733
2008,2,26,0
2008,2,27,6.8802
2008,2,28,17.564
2008,2,29,0.082397
2008,3,1,0
2008,3,2,0.87891
2008,3,3,0.26093
2008,3,4,0.082397
2008,3,5,0.027466
2008,3,6,0.13733
2008,3,7,0
2008,3,8,0
2008,3,9,0.027466
2008,3,10,2.9663
2008,3,11,0
2008,3,12,0
2008,3,13,0
2008,3,14,0
2008,3,15,1.4557
2008,3,16,0.35706
2008,3,17,10.547
2008,3,18,18.896
2008,3,19,0
2008,3,20,0.37079
2008,3,21,0.10986
2008,3,22,0
2008,3,23,0.21973
2008,3,24,2.1973
2008,3,25,1.7853
2008,3,26,0
2008,3,27,0
2008,3,28,0.78964
2008,3,29,0.1236
2008,3,30,0.79651
2008,3,31,0
2008,4,1,0.30212
2008,4,2,0.041199
2008,4,3,0.041199
2008,4,4,0
2008,4,5,0
2008,4,6,0.50812
2008,4,7,0.027466
2008,4,8,0
2008,4,9,0
2008,4,10,0
2008,4,11,0.013733
2008,4,12,0
2008,4,13,1.3184
2008,4,14,0
2008,4,15,0
2008,4,16,0
2008,4,17,0
2008,4,18,0
2008,4,19,0
2008,4,20,0.50812
2008,4,21,0.21973
2008,4,22,1.1948
2008,4,23,0.041199
2008,4,24,0
2008,4,25,0
2008,4,26,0
2008,4,27,0
2008,4,28,0
2008,4,29,0
2008,4,30,0
2008,5,1,0.97504
2008,5,2,14.227
2008,5,3,2.4857
2008,5,4,25.969
2008,5,5,28.922
2008,5,6,16.603
2008,5,7,0.054932
2008,5,8,0
2008,5,9,0
2008,5,10,1.1124
2008,5,11,0
2008,5,12,0
2008,5,13,0.10986
2008,5,14,25.296
2008,5,15,1.8127
2008,5,16,0
2008,5,17,4.3259
2008,5,18,0
2008,5,19,0
2008,5,20,0
2008,5,21,0.013733
2008,5,22,0.027466
2008,5,23,0
2008,5,24,0
2008,5,25,0
2008,5,26,0
2008,5,27,0
2008,5,28,1.5518
2008,5,29,27.342
2008,5,30,11.549
2008,5,31,16.782
2008,6,1,22.124
2008,6,2,11.879
2008,6,3,5.9464
2008,6,4,0
2008,6,5,0
2008,6,6,14.639
2008,6,7,0.041199
2008,6,8,0.87891
2008,6,9,0.68665
2008,6,10,0
2008,6,11,0
2008,6,12,0.054932
2008,6,13,0
2008,6,14,0.86517
2008,6,15,0.13733
2008,6,16,0
2008,6,17,0
2008,6,18,0.054932
2008,6,19,0.41199
2008,6,20,0.13733
2008,6,21,0.09613
2008,6,22,0
2008,6,23,0.19226
2008,6,24,0.22659
2008,6,25,0
2008,6,26,0
2008,6,27,0.061798
2008,6,28,0.041199
2008,6,29,0
2008,6,30,0.46692
2008,7,1,0
2008,7,2,0.59738
2008,7,3,1.3596
2008,7,4,5.5481
2008,7,5,0
2008,7,6,0
2008,7,7,0
2008,7,8,0
2008,7,9,0
2008,7,10,0
2008,7,11,0
2008,7,12,13.445
2008,7,13,17.249
2008,7,14,0
2008,7,15,0
2008,7,16,0
2008,7,17,3.447
2008,7,18,0
2008,7,19,1.1948
2008,7,20,0.13733
2008,7,21,0
2008,7,22,0
2008,7,23,0
2008,7,24,0
2008,7,25,0
2008,7,26,0
2008,7,27,0
2008,7,28,0
2008,7,29,0
2008,7,30,0
2008,7,31,0
2008,8,1,0
2008,8,2,0
2008,8,3,0
2008,8,4,21.217
2008,8,5,35.033
2008,8,6,0
2008,8,7,0
2008,8,8,0.73471
2008,8,9,0
2008,8,10,0
2008,8,11,0
2008,8,12,0
2008,8,13,0
2008,8,14,0
2008,8,15,0
2008,8,16,0
2008,8,17,0.075531
2008,8,18,0.068665
2008,8,19,0.013733
2008,8,20,0.041199
2008,8,21,0
2008,8,22,0
2008,8,23,0.0068665
2008,8,24,0
2008,8,25,0.054932
2008,8,26,0
2008,8,27,0
2008,8,28,1.0162
2008,8,29,0.068665
2008,8,30,0.48065
2008,8,31,16.809
2008,9,1,0.27466
2008,9,2,0.39825
2008,9,3,0.32959
2008,9,4,0
2008,9,5,0.71411
2008,9,6,0
2008,9,7,0
2008,9,8,0.68665
2008,9,9,10.739
2008,9,10,0
2008,9,11,0.013733
2008,9,12,1.1673
2008,9,13,45.374
2008,9,14,83.771
2008,9,15,3.4058
2008,9,16,0
2008,9,17,0
2008,9,18,0
2008,9,19,0
2008,9,20,0
2008,9,21,0.048065
2008,9,22,1.5793
2008,9,23,48.972
2008,9,24,0
2008,9,25,0
2008,9,26,0.027466
2008,9,27,0
2008,9,28,1.2085
2008,9,29,7.0175
2008,9,30,103.71
2008,10,1,4.0924
2008,10,2,3.6804
2008,10,3,24.417
2008,10,4,5.5618
2008,10,5,0
2008,10,6,0
2008,10,7,0
2008,10,8,20.435
2008,10,9,14.667
2008,10,10,0
2008,10,11,0
2008,10,12,0
2008,10,13,0
2008,10,14,0
2008,10,15,25.433
2008,10,16,9.3658
2008,10,17,7.2647
2008,10,18,0
2008,10,19,0.034332
2008,10,20,0
2008,10,21,5.4108
2008,10,22,0.93384
2008,10,23,0.027466
2008,10,24,0
2008,10,25,0
2008,10,26,0
2008,10,27,7.1411
2008,10,28,31.956
2008,10,29,0.013733
2008,10,30,0
2008,10,31,0.068665
2008,11,1,0
2008,11,2,0
2008,11,3,0
2008,11,4,0
2008,11,5,0
2008,11,6,0
2008,11,7,0
2008,11,8,0
2008,11,9,0
2008,11,10,0
2008,11,11,0
2008,11,12,0
2008,11,13,0
2008,11,14,0
2008,11,15,0
2008,11,16,0.57678
2008,11,17,0
2008,11,18,0
2008,11,19,0
2008,11,20,0
2008,11,21,0.56305
2008,11,22,0.79651
2008,11,23,0.027466
2008,11,24,0
2008,11,25,0
2008,11,26,0
2008,11,27,0.30212
2008,11,28,0.10986
2008,11,29,0.041199
2008,11,30,0.41199
2008,12,1,0
2008,12,2,0
2008,12,3,0
2008,12,4,0
2008,12,5,0
2008,12,6,0
2008,12,7,0
2008,12,8,0
2008,12,9,0
2008,12,10,0.37079
2008,12,11,1.5381
2008,12,12,0.013733
2008,12,13,0.013733
2008,12,14,0
2008,12,15,0
2008,12,16,0.013733
2008,12,17,0
2008,12,18,0.054932
2008,12,19,3.6255
2008,12,20,2.5406
2008,12,21,53.284
2008,12,22,20.544
2008,12,23,1.4694
2008,12,24,4.8752
2008,12,25,1.3184
2008,12,26,0
2008,12,27,0
2008,12,28,0
2008,12,29,0.16479
2008,12,30,0.054932
2008,12,31,1.6479
2009,1,1,0
2009,1,2,0.041199
2009,1,3,0
2009,1,4,0.27466
2009,1,5,1.4008
2009,1,6,0
2009,1,7,0.63171
2009,1,8,0
2009,1,9,0.027466
2009,1,10,0
2009,1,11,0
2009,1,12,0
2009,1,13,0
2009,1,14,0
2009,1,15,0
2009,1,16,6.7841
2009,1,17,0
2009,1,18,0
2009,1,19,0
2009,1,20,0
2009,1,21,0
2009,1,22,0
2009,1,23,0.082397
2009,1,24,0.54932
2009,1,25,0
2009,1,26,0.13733
2009,1,27,0
2009,1,28,0.054932
2009,1,29,0
2009,1,30,21.931
2009,1,31,11.192
2009,2,1,1.9775
2009,2,2,0
2009,2,3,0.054932
2009,2,4,1.6205
2009,2,5,0.082397
2009,2,6,5.2734
2009,2,7,4.6692
2009,2,8,1.181
2009,2,9,0.31586
2009,2,10,9.7916
2009,2,11,10.993
2009,2,12,24.98
2009,2,13,42.435
2009,2,14,23.332
2009,2,15,0.16479
2009,2,16,0
2009,2,17,0
2009,2,18,0
2009,2,19,0.74158
2009,2,20,0.082397
2009,2,21,0.027466
2009,2,22,0.23346
2009,2,23,0
2009,2,24,0
2009,2,25,0
2009,2,26,4.6555
2009,2,27,13.911
2009,2,28,1.4008
2009,3,1,0.082397
2009,3,2,0
2009,3,3,0
2009,3,4,0
2009,3,5,0
2009,3,6,1.3184
2009,3,7,3.1998
2009,3,8,0.53558
2009,3,9,0.027466
2009,3,10,1.0986
2009,3,11,3.1586
2009,3,12,0.13733
2009,3,13,0
2009,3,14,0
2009,3,15,0.45319
2009,3,16,3.0212
2009,3,17,2.3483
2009,3,18,0.49438
2009,3,19,0
2009,3,20,0.24719
2009,3,21,0.0068665
2009,3,22,0
2009,3,23,0.054932
2009,3,24,1.5312
2009,3,25,0
2009,3,26,0
2009,3,27,0
2009,3,28,0
2009,3,29,0.013733
2009,3,30,1.5106
2009,3,31,41.666
2009,4,1,21.863
2009,4,2,21.039
2009,4,3,10.629
2009,4,4,0
2009,4,5,0
2009,4,6,0
2009,4,7,30.199
2009,4,8,0
2009,4,9,0.17853
2009,4,10,0.013733
2009,4,11,0.041199
2009,4,12,0.013733
2009,4,13,0.027466
2009,4,14,0
2009,4,15,0
2009,4,16,0
2009,4,17,0
2009,4,18,0.97504
2009,4,19,0
2009,4,20,11.673
2009,4,21,0.24719
2009,4,22,0
2009,4,23,0
2009,4,24,0
2009,4,25,0
2009,4,26,0
2009,4,27,0.17853
2009,4,28,0.60425
2009,4,29,4.4083
2009,4,30,0.81024
2009,5,1,1.03
2009,5,2,0
2009,5,3,0.075531
2009,5,4,0
2009,5,5,0
2009,5,6,0
2009,5,7,0
2009,5,8,0
2009,5,9,0
2009,5,10,0.23346
2009,5,11,0.54932
2009,5,12,1.1673
2009,5,13,0.027466
2009,5,14,0.31586
2009,5,15,0
2009,5,16,14.461
2009,5,17,0.38452
2009,5,18,0
2009,5,19,0.40512
2009,5,20,0.27466
2009,5,21,5.0606
2009,5,22,27.548
2009,5,23,0
2009,5,24,0
2009,5,25,0
2009,5,26,0
2009,5,27,0
2009,5,28,0
2009,5,29,0
2009,5,30,0
2009,5,31,0
2009,6,1,0.37079
2009,6,2,0.09613
2009,6,3,0
2009,6,4,0
2009,6,5,0
2009,6,6,21.835
2009,6,7,0
2009,6,8,0.43945
2009,6,9,0
2009,6,10,0
2009,6,11,0
2009,6,12,0
2009,6,13,0
2009,6,14,0
2009,6,15,0
2009,6,16,0
2009,6,17,1.442
2009,6,18,0
2009,6,19,0
2009,6,20,0
2009,6,21,0
2009,6,22,21.533
2009,6,23,0
2009,6,24,0
2009,6,25,0
2009,6,26,0.013733
2009,6,27,6.7429
2009,6,28,0.57678
2009,6,29,0
2009,6,30,0
2009,7,1,0
2009,7,2,1.6342
2009,7,3,0
2009,7,4,0
2009,7,5,0
2009,7,6,0
2009,7,7,0
2009,7,8,0
2009,7,9,0
2009,7,10,0
2009,7,11,0.041199
2009,7,12,1.799
2009,7,13,0
2009,7,14,4.0375
2009,7,15,0
2009,7,16,0.013733
2009,7,17,0
2009,7,18,0
2009,7,19,0
2009,7,20,0
2009,7,21,1.2772
2009,7,22,0
2009,7,23,0
2009,7,24,0
2009,7,25,0
2009,7,26,0
2009,7,27,0
2009,7,28,0
2009,7,29,0
2009,7,30,0
2009,7,31,0
2009,8,1,0
2009,8,2,0
2009,8,3,0
2009,8,4,1.593
2009,8,5,0
2009,8,6,0
2009,8,7,0
2009,8,8,0.0068665
2009,8,9,0.85144
2009,8,10,0.34332
2009,8,11,0
2009,8,12,0
2009,8,13,0
2009,8,14,0
2009,8,15,0
2009,8,16,0
2009,8,17,0
2009,8,18,0
2009,8,19,0
2009,8,20,0
2009,8,21,1.9226
2009,8,22,1.3458
2009,8,23,1.6136
2009,8,24,0.041199
2009,8,25,1.9089
2009,8,26,0
2009,8,27,39.551
2009,8,28,5.3146
2009,8,29,0.013733
2009,8,30,0
2009,8,31,0
2009,9,1,0
2009,9,2,0
2009,9,3,0.59052
2009,9,4,0
2009,9,5,0
2009,9,6,0
2009,9,7,0
2009,9,8,0
2009,9,9,0
2009,9,10,1.7303
2009,9,11,2.774
2009,9,12,13.321
2009,9,13,5.1361
2009,9,14,0
2009,9,15,0
2009,9,16,0.67978
2009,9,17,0
2009,9,18,1.2016
2009,9,19,0
2009,9,20,0
2009,9,21,0.082397
2009,9,22,4.0855
2009,9,23,0
2009,9,24,0.30212
2009,9,25,0.23346
2009,9,26,8.7067
2009,9,27,1.1398
2009,9,28,0
2009,9,29,0
2009,9,30,0
2009,10,1,0.21286
2009,10,2,0
2009,10,3,0
2009,10,4,0
2009,10,5,0
2009,10,6,0
2009,10,7,0
2009,10,8,0
2009,10,9,0
2009,10,10,0
2009,10,11,0
2009,10,12,0
2009,10,13,0
2009,10,14,0
2009,10,15,0
2009,10,16,0
2009,10,17,10.423
2009,10,18,27.658
2009,10,19,0.027466
2009,10,20,0
2009,10,21,0.17853
2009,10,22,0
2009,10,23,5.4382
2009,10,24,13.568
2009,10,25,0
2009,10,26,0
2009,10,27,0.041199
2009,10,28,0.13733
2009,10,29,0.013733
2009,10,30,0
2009,10,31,137.91
2009,11,1,0.27466
2009,11,2,0.013733
2009,11,3,0
2009,11,4,0
2009,11,5,0.26093
2009,11,6,0
2009,11,7,0.027466
2009,11,8,1.4832
2009,11,9,0.85144
2009,11,10,4.0787
2009,11,11,27.48
2009,11,12,56.58
2009,11,13,7.9651
2009,11,14,4.1748
2009,11,15,16.823
2009,11,16,32.039
2009,11,17,37.903
2009,11,18,3.241
2009,11,19,8.8989
2009,11,20,5.6717
2009,11,21,28.571
2009,11,22,8.7204
2009,11,23,6.8527
2009,11,24,5.4794
2009,11,25,0.56305
2009,11,26,0
2009,11,27,0
2009,11,28,0
2009,11,29,0.13733
2009,11,30,0.054932
2009,12,1,0.35706
2009,12,2,0.63171
2009,12,3,0
2009,12,4,0
2009,12,5,0
2009,12,6,0
2009,12,7,0
2009,12,8,0
2009,12,9,0
2009,12,10,0
2009,12,11,0
2009,12,12,0
2009,12,13,0
2009,12,14,0
2009,12,15,0
2009,12,16,0
2009,12,17,0.068665
2009,12,18,3.2822
2009,12,19,0
2009,12,20,1.593
2009,12,21,0.15106
2009,12,22,0.29526
2009,12,23,9.7229
2009,12,24,0.31586
2009,12,25,0
2009,12,26,0
2009,12,27,0
2009,12,28,0
2009,12,29,0
2009,12,30,0
2009,12,31,0
2010,1,1,0
2010,1,2,0
2010,1,3,0
2010,1,4,0
2010,1,5,0
2010,1,6,1.2497
2010,1,7,0
2010,1,8,7.1136
2010,1,9,0.089264
2010,1,10,0.64545
2010,1,11,0
2010,1,12,1.3596
2010,1,13,0
2010,1,14,0
2010,1,15,1.8539
2010,1,16,0.082397
2010,1,17,0
2010,1,18,0
2010,1,19,0
2010,1,20,0
2010,1,21,0
2010,1,22,0
2010,1,23,0
2010,1,24,0
2010,1,25,0
2010,1,26,0
2010,1,27,0.027466
2010,1,28,0.38452
2010,1,29,0
2010,1,30,3.4195
2010,1,31,0.83771
2010,2,1,0.013733
2010,2,2,1.236
2010,2,3,2.8564
2010,2,4,0.034332
2010,2,5,0.054932
2010,2,6,2.8564
2010,2,7,0.68665
2010,2,8,1.4145
2010,2,9,2.1561
2010,2,10,0.048065
2010,2,11,0.17166
2010,2,12,0.31586
2010,2,13,2.9388
2010,2,14,0.72784
2010,2,15,4.5593
2010,2,16,1.7303
2010,2,17,0.85144
2010,2,18,1.5106
2010,2,19,0
2010,2,20,0.027466
2010,2,21,0.54932
2010,2,22,0
2010,2,23,0.027466
2010,2,24,0.71411
2010,2,25,0.9819
2010,2,26,0
2010,2,27,0
2010,2,28,0.37079
2010,3,1,0.87204
2010,3,2,0.013733
2010,3,3,0.20599
2010,3,4,0.054932
2010,3,5,1.6205
2010,3,6,0.19226
2010,3,7,0
2010,3,8,0.068665
2010,3,9,0.74158
2010,3,10,0.10986
2010,3,11,0.16479
2010,3,12,0.054932
2010,3,13,0.041199
2010,3,14,0.020599
2010,3,15,0.10986
2010,3,16,0.013733
2010,3,17,0
2010,3,18,0
2010,3,19,0.37079
2010,3,20,10.135
2010,3,21,0.013733
2010,3,22,10.313
2010,3,23,0.43945
2010,3,24,0.30212
2010,3,25,0.09613
2010,3,26,0
2010,3,27,0
2010,3,28,18.484
2010,3,29,14.337
2010,3,30,0.9613
2010,3,31,1.8539
2010,4,1,1.7029
2010,4,2,0
2010,4,3,34.071
2010,4,4,6.8527
2010,4,5,3.241
2010,4,6,0.76904
2010,4,7,2.2797
2010,4,8,0.50812
2010,4,9,0.013733
2010,4,10,0
2010,4,11,0.09613
2010,4,12,16.184
2010,4,13,0.027466
2010,4,14,15.271
2010,4,15,32.932
2010,4,16,0.39825
2010,4,17,0
2010,4,18,0.17853
2010,4,19,1.8402
2010,4,20,0.10986
2010,4,21,0
2010,4,22,0
2010,4,23,0
2010,4,24,0
2010,4,25,0
2010,4,26,0.054932
2010,4,27,0.0068665
2010,4,28,0
2010,4,29,0
2010,4,30,0
2010,5,1,31.572
2010,5,2,3.3371
2010,5,3,0.60425
2010,5,4,0
2010,5,5,0
2010,5,6,0
2010,5,7,4.216
2010,5,8,7.5806
2010,5,9,0.013733
2010,5,10,25.358
2010,5,11,0.09613
2010,5,12,0.31586
2010,5,13,0.57678
2010,5,14,1.902
2010,5,15,10.616
2010,5,16,0.43259
2010,5,17,0.30212
2010,5,18,1.6479
2010,5,19,0.32959
2010,5,20,0.32959
2010,5,21,0.24719
2010,5,22,1.0368
2010,5,23,2.0599
2010,5,24,0.28839
2010,5,25,0.21973
2010,5,26,0
2010,5,27,0
2010,5,28,0
2010,5,29,0.1236
2010,5,30,21.107
2010,5,31,0.20599
2010,6,1,0
2010,6,2,0.09613
2010,6,3,1.0712
2010,6,4,3.3646
2010,6,5,0
2010,6,6,0
2010,6,7,0
2010,6,8,0
2010,6,9,0
2010,6,10,0.13733
2010,6,11,0
2010,6,12,0
2010,6,13,0
2010,6,14,0
2010,6,15,5.9601
2010,6,16,61.125
2010,6,17,35.994
2010,6,18,43.52
2010,6,19,0
2010,6,20,7.4707
2010,6,21,0.81024
2010,6,22,7.5806
2010,6,23,0.041199
2010,6,24,0.20599
2010,6,25,2.4994
2010,6,26,0
2010,6,27,0
2010,6,28,0
2010,6,29,0
2010,6,30,0
2010,7,1,0.38452
2010,7,2,0.38452
2010,7,3,0.59052
2010,7,4,0.42572
2010,7,5,0
2010,7,6,0
2010,7,7,0
2010,7,8,23.387
2010,7,9,0
2010,7,10,0.53558
2010,7,11,0
2010,7,12,0
2010,7,13,0
2010,7,14,0.41199
2010,7,15,0
2010,7,16,0
2010,7,17,0
2010,7,18,0
2010,7,19,0
2010,7,20,0
2010,7,21,0
2010,7,22,0
2010,7,23,0
2010,7,24,0
2010,7,25,0
2010,7,26,0
2010,7,27,4.3465
2010,7,28,0
2010,7,29,0
2010,7,30,4.6143
2010,7,31,0
2010,8,1,0.013733
2010,8,2,0.068665
2010,8,3,0.15793
2010,8,4,0
2010,8,5,0
2010,8,6,0
2010,8,7,0.13733
2010,8,8,0.027466
2010,8,9,0
2010,8,10,0
2010,8,11,0
2010,8,12,0
2010,8,13,0.59052
2010,8,14,2.6367
2010,8,15,0
2010,8,16,0
2010,8,17,0
2010,8,18,0
2010,8,19,0.09613
2010,8,20,0.19226
2010,8,21,0.49438
2010,8,22,0
2010,8,23,0.041199
2010,8,24,2.1149
2010,8,25,5.8365
2010,8,26,0
2010,8,27,0
2010,8,28,0.88577
2010,8,29,0
2010,8,30,0
2010,8,31,0
2010,9,1,0.013733
2010,9,2,0
2010,9,3,0
2010,9,4,0
2010,9,5,0
2010,9,6,0
2010,9,7,0
2010,9,8,0
2010,9,9,19.144
2010,9,10,0.09613
2010,9,11,0
2010,9,12,37.051
2010,9,13,0
2010,9,14,0
2010,9,15,0
2010,9,16,0
2010,9,17,0
2010,9,18,0
2010,9,19,0
2010,9,20,1.2909
2010,9,21,0
2010,9,22,0
2010,9,23,4.4495
2010,9,24,0.027466
2010,9,25,0.027466
2010,9,26,0
2010,9,27,0
2010,9,28,0.075531
2010,9,29,1.2909
2010,9,30,1.593
2010,10,1,0.64545
2010,10,2,0.38452
2010,10,3,1.1536
2010,10,4,2.0599
2010,10,5,0.27466
2010,10,6,0.068665
2010,10,7,0
2010,10,8,0.041199
2010,10,9,0.49438
2010,10,10,0
2010,10,11,0.48065
2010,10,12,0.082397
2010,10,13,12.346
2010,10,14,9.8053
2010,10,15,0
2010,10,16,0
2010,10,17,0
2010,10,18,0
2010,10,19,0
2010,10,20,0
2010,10,21,12.772
2010,10,22,0
2010,10,23,0
2010,10,24,0.041199
2010,10,25,0
2010,10,26,0.09613
2010,10,27,0.79651
2010,10,28,0
2010,10,29,2.9938
2010,10,30,0
2010,10,31,2.2797
2010,11,1,16.768
2010,11,2,14.886
2010,11,3,37.985
2010,11,4,0
2010,11,5,0
2010,11,6,0
2010,11,7,0
2010,11,8,0
2010,11,9,0
2010,11,10,0
2010,11,11,0
2010,11,12,0
2010,11,13,0
2010,11,14,0
2010,11,15,0
2010,11,16,0
2010,11,17,0
2010,11,18,0
2010,11,19,3.653
2010,11,20,2.3346
2010,11,21,0
2010,11,22,0
2010,11,23,1.0162
2010,11,24,0.32959
2010,11,25,0.013733
2010,11,26,0.46692
2010,11,27,0
2010,11,28,0
2010,11,29,5.3558
2010,11,30,0
2010,12,1,0
2010,12,2,0
2010,12,3,5.603
2010,12,4,5.1498
2010,12,5,4.5181
2010,12,6,17.853
2010,12,7,0
2010,12,8,0
2010,12,9,0
2010,12,10,0.16479
2010,12,11,0.21973
2010,12,12,0
2010,12,13,0
2010,12,14,0
2010,12,15,0
2010,12,16,0
2010,12,17,0.17853
2010,12,18,0.16479
2010,12,19,0.054932
2010,12,20,0
2010,12,21,0
2010,12,22,1.7441
2010,12,23,0
2010,12,24,1.2497
2010,12,25,0.48065
2010,12,26,10.135
2010,12,27,33.206
2010,12,28,0.21973
2010,12,29,3.7628
2010,12,30,7.2922
2010,12,31,6.7841
2011,1,1,0
2011,1,2,2.5818
2011,1,3,11.989
2011,1,4,0
2011,1,5,0.054932
2011,1,6,0.013733
2011,1,7,5.6305
2011,1,8,1.8539
2011,1,9,0.013733
2011,1,10,3.4607
2011,1,11,0.24719
2011,1,12,3.7079
2011,1,13,0
2011,1,14,0.46692
2011,1,15,1.4557
2011,1,16,0
2011,1,17,0.94757
2011,1,18,0.19226
2011,1,19,0
2011,1,20,0
2011,1,21,0
2011,1,22,0.20599
2011,1,23,0.43945
2011,1,24,0
2011,1,25,0
2011,1,26,0.027466
2011,1,27,8.1436
2011,1,28,13.362
2011,1,29,41.528
2011,1,30,1.6754
2011,1,31,7.663
2011,2,1,5.9258
2011,2,2,0.027466
2011,2,3,0.09613
2011,2,4,0
2011,2,5,1.9501
2011,2,6,1.593
2011,2,7,0.32959
2011,2,8,10.025
2011,2,9,3.4058
2011,2,10,0
2011,2,11,0.1236
2011,2,12,7.608
2011,2,13,16.081
2011,2,14,0.041199
2011,2,15,5.7816
2011,2,16,1.6411
2011,2,17,0
2011,2,18,0
2011,2,19,0
2011,2,20,0.013733
2011,2,21,1.4969
2011,2,22,16.315
2011,2,23,0.068665
2011,2,24,0.42572
2011,2,25,0
2011,2,26,0.13733
2011,2,27,0.1236
2011,2,28,0
2011,3,1,0
2011,3,2,0.26779
2011,3,3,3.5843
2011,3,4,17.345
2011,3,5,0.45319
2011,3,6,3.0624
2011,3,7,3.653
2011,3,8,23.14
2011,3,9,0.31586
2011,3,10,0.46005
2011,3,11,0.013733
2011,3,12,0
2011,3,13,3.2822
2011,3,14,0.16479
2011,3,15,0.013733
2011,3,16,0
2011,3,17,0
2011,3,18,0
2011,3,19,0
2011,3,20,0.64545
2011,3,21,0
2011,3,22,0
2011,3,23,0
2011,3,24,0
2011,3,25,0
2011,3,26,0
2011,3,27,1.3184
2011,3,28,0
2011,3,29,0
2011,3,30,0
2011,3,31,0.34332
2011,4,1,95.32
2011,4,2,15.724
2011,4,3,3.6942
2011,4,4,0.21973
2011,4,5,5.6442
2011,4,6,23.689
2011,4,7,8.4869
2011,4,8,0
2011,4,9,0
2011,4,10,0
2011,4,11,0.027466
2011,4,12,0.027466
2011,4,13,45.882
2011,4,14,38.48
2011,4,15,2.7054
2011,4,16,0
2011,4,17,9.5718
2011,4,18,9.2834
2011,4,19,8.6792
2011,4,20,0
2011,4,21,1.0162
2011,4,22,24.39
2011,4,23,1.1673
2011,4,24,1.9363
2011,4,25,0.10986
2011,4,26,0.52185
2011,4,27,19.089
2011,4,28,1.1261
2011,4,29,0
2011,4,30,2.5337
2011,5,1,0.013733
2011,5,2,0
2011,5,3,1.1124
2011,5,4,0
2011,5,5,0.041199
2011,5,6,0.76904
2011,5,7,2.2385
2011,5,8,2.3209
2011,5,9,1.0025
2011,5,10,0
2011,5,11,0
2011,5,12,0.075531
2011,5,13,0
2011,5,14,0
2011,5,15,0
2011,5,16,1.6891
2011,5,17,1.9363
2011,5,18,0
2011,5,19,0
2011,5,20,0
2011,5,21,1.0986
2011,5,22,10.739
2011,5,23,0
2011,5,24,0.10986
2011,5,25,0
2011,5,26,0
2011,5,27,0
2011,5,28,0.17853
2011,5,29,0
2011,5,30,0
2011,5,31,0
2011,6,1,10.78
2011,6,2,12.222
2011,6,3,29.251
2011,6,4,5.191
2011,6,5,0
2011,6,6,0
2011,6,7,0.041199
2011,6,8,0.013733
2011,6,9,6.6673
2011,6,10,0.61798
2011,6,11,0.1236
2011,6,12,0
2011,6,13,0
2011,6,14,0.53558
2011,6,15,0.068665
2011,6,16,1.0162
2011,6,17,1.7715
2011,6,18,0
2011,6,19,0
2011,6,20,0.20599
2011,6,21,4.8134
2011,6,22,2.6505
2011,6,23,0
2011,6,24,0.0068665
2011,6,25,0.28839
2011,6,26,2.4994
2011,6,27,1.9501
2011,6,28,0.48065
2011,6,29,0.068665
2011,6,30,0
2011,7,1,1.0162
2011,7,2,0.10986
2011,7,3,0
2011,7,4,0
2011,7,5,0
2011,7,6,0
2011,7,7,0
2011,7,8,0
2011,7,9,0
2011,7,10,0.25406
2011,7,11,0.65918
2011,7,12,0.089264
2011,7,13,1.0162
2011,7,14,4.1611
2011,7,15,0
2011,7,16,0
2011,7,17,0
2011,7,18,0.58365
2011,7,19,0
2011,7,20,0
2011,7,21,0
2011,7,22,0
2011,7,23,0
2011,7,24,0
2011,7,25,0
2011,7,26,0
2011,7,27,0
2011,7,28,0
2011,7,29,0.17166
2011,7,30,0.26779
2011,7,31,0.068665
2011,8,1,0.027466
2011,8,2,7.1274
2011,8,3,0.23346
2011,8,4,0
2011,8,5,0.26093
2011,8,6,0
2011,8,7,4.7928
2011,8,8,30.487
2011,8,9,0
2011,8,10,0
2011,8,11,0
2011,8,12,0
2011,8,13,0
2011,8,14,0
2011,8,15,0.85831
2011,8,16,0
2011,8,17,0
2011,8,18,0.19913
2011,8,19,0.57678
2011,8,20,8.2947
2011,8,21,0
2011,8,22,0
2011,8,23,0
2011,8,24,0
2011,8,25,0
2011,8,26,0.1236
2011,8,27,0.10986
2011,8,28,4.1542
2011,8,29,46.005
2011,8,30,0
2011,8,31,0.53558
2011,9,1,0
2011,9,2,0
2011,9,3,0
2011,9,4,0.16479
2011,9,5,0
2011,9,6,0.18539
2011,9,7,8.8303
2011,9,8,25.433
2011,9,9,15.546
2011,9,10,7.1136
2011,9,11,2.7466
2011,9,12,11.879
2011,9,13,0
2011,9,14,0
2011,9,15,0
2011,9,16,0
2011,9,17,0
2011,9,18,0
2011,9,19,0
2011,9,20,0
2011,9,21,0
2011,9,22,0
2011,9,23,2.829
2011,9,24,0.13733
2011,9,25,13.239
2011,9,26,0.46692
2011,9,27,8.3771
2011,9,28,0.82397
2011,9,29,9.668
2011,9,30,19.006
2011,10,1,31.696
2011,10,2,0.21973
2011,10,3,0
2011,10,4,17.578
2011,10,5,60.37
2011,10,6,34.634
2011,10,7,82.452
2011,10,8,1.3733
2011,10,9,1.236
2011,10,10,7.1686
2011,10,11,8.8028
2011,10,12,3.4332
2011,10,13,2.8015
2011,10,14,9.7641
2011,10,15,54.231
2011,10,16,18.539
2011,10,17,93.178
2011,10,18,0
2011,10,19,0.13733
2011,10,20,0.13733
2011,10,21,0
2011,10,22,0
2011,10,23,3.2684
2011,10,24,2.5543
2011,10,25,0.32959
2011,10,26,0.10986
2011,10,27,0.13733
2011,10,28,0.31586
2011,10,29,0
2011,10,30,0
2011,10,31,4.8615
2011,11,1,49.123
2011,11,2,5.1361
2011,11,3,6.9214
2011,11,4,0
2011,11,5,8.1711
2011,11,6,17.606
2011,11,7,0
2011,11,8,0
2011,11,9,6.0699
2011,11,10,17.715
2011,11,11,13.76
2011,11,12,8.1848
2011,11,13,0.35706
2011,11,14,1.8951
2011,11,15,2.6367
2011,11,16,0
2011,11,17,0
2011,11,18,0.013733
2011,11,19,0
2011,11,20,0.31586
2011,11,21,2.1629
2011,11,22,0
2011,11,23,0.42572
2011,11,24,0.068665
2011,11,25,0
2011,11,26,0
2011,11,27,0
2011,11,28,0.013733
2011,11,29,0
2011,11,30,0.70038
2011,12,1,1.2634
2011,12,2,1.5381
2011,12,3,0
2011,12,4,0.15106
2011,12,5,2.4857
2011,12,6,0
2011,12,7,0
2011,12,8,1.1948
2011,12,9,1.2634
2011,12,10,4.8477
2011,12,11,0.15106
2011,12,12,11.783
2011,12,13,4.985
2011,12,14,0.054932
2011,12,15,0.013733
2011,12,16,0
2011,12,17,0
2011,12,18,0
2011,12,19,0.17853
2011,12,20,0
2011,12,21,0.32959
2011,12,22,3.1586
2011,12,23,6.2897
2011,12,24,0.1236
2011,12,25,0.013733
2011,12,26,0
2011,12,27,0
2011,12,28,0
2011,12,29,0
2011,12,30,0.068665
2011,12,31,1.03
2012,1,1,0.1236
2012,1,2,0
2012,1,3,0
2012,1,4,0
2012,1,5,0
2012,1,6,0
2012,1,7,0
2012,1,8,1.8951
2012,1,9,20.901
2012,1,10,25.117
2012,1,11,0.054932
2012,1,12,0
2012,1,13,0
2012,1,14,11.007
2012,1,15,13.513
2012,1,16,11.879
2012,1,17,41.652
2012,1,18,10.492
2012,1,19,6.1523
2012,1,20,4.9301
2012,1,21,16.301
2012,1,22,1.9638
2012,1,23,0.16479
2012,1,24,16.013
2012,1,25,0
2012,1,26,1.0849
2012,1,27,4.2984
2012,1,28,1.4694
2012,1,29,0
2012,1,30,0.0068665
2012,1,31,0
2012,2,1,0
2012,2,2,1.0986
2012,2,3,8.3496
2012,2,4,0.26093
2012,2,5,0.10986
2012,2,6,0.42572
2012,2,7,0.041199
2012,2,8,0.31586
2012,2,9,3.6942
2012,2,10,1.9775
2012,2,11,16.425
2012,2,12,0
2012,2,13,0.09613
2012,2,14,0.88577
2012,2,15,12.895
2012,2,16,16.74
2012,2,17,19.363
2012,2,18,1.4557
2012,2,19,0.027466
2012,2,20,2.3346
2012,2,21,1.0437
2012,2,22,27.686
2012,2,23,0.74158
2012,2,24,0.70038
2012,2,25,0.97504
2012,2,26,0
2012,2,27,0
2012,2,28,0
2012,2,29,0.65918
2012,3,1,0.15106
2012,3,2,0.068665
2012,3,3,0.013733
2012,3,4,0
2012,3,5,0
2012,3,6,1.5656
2012,3,7,0.67291
2012,3,8,0
2012,3,9,0
2012,3,10,0
2012,3,11,0
2012,3,12,0
2012,3,13,0.26093
2012,3,14,20.338
2012,3,15,1.6342
2012,3,16,21.259
2012,3,17,29.91
2012,3,18,1.5381
2012,3,19,0
2012,3,20,0
2012,3,21,2.3346
2012,3,22,18.443
2012,3,23,1.0437
2012,3,24,19.432
2012,3,25,15.862
2012,3,26,5.7953
2012,3,27,0.027466
2012,3,28,29.333
2012,3,29,8.8989
2012,3,30,0.89264
2012,3,31,2.9388
2012,4,1,0.013733
2012,4,2,2.6093
2012,4,3,0.37079
2012,4,4,1.5656
2012,4,5,1.0025
2012,4,6,0.15106
2012,4,7,3.1998
2012,4,8,0
2012,4,9,0
2012,4,10,0
2012,4,11,0
2012,4,12,0
2012,4,13,9.1873
2012,4,14,0.35706
2012,4,15,0.013733
2012,4,16,0.23346
2012,4,17,0
2012,4,18,0.21973
2012,4,19,2.2522
2012,4,20,0
2012,4,21,0
2012,4,22,3.6598
2012,4,23,2.3209
2012,4,24,0
2012,4,25,2.3895
2012,4,26,5.1086
2012,4,27,0.74158
2012,4,28,0
2012,4,29,0.15793
2012,4,30,1.0986
2012,5,1,0
2012,5,2,0
2012,5,3,0.013733
2012,5,4,6.2897
2012,5,5,11.536
2012,5,6,0.21973
2012,5,7,0
2012,5,8,2.1286
2012,5,9,0
2012,5,10,0
2012,5,11,0
2012,5,12,1.181
2012,5,13,0.27466
2012,5,14,0.57678
2012,5,15,0
2012,5,16,0
2012,5,17,0
2012,5,18,0.027466
2012,5,19,0.16479
2012,5,20,27.232
2012,5,21,13.911
2012,5,22,1.442
2012,5,23,1.387
2012,5,24,3.3234
2012,5,25,1.6754
2012,5,26,0
2012,5,27,0.35706
2012,5,28,0.10986
2012,5,29,0.013733
2012,5,30,0.63171
2012,5,31,1.9089
2012,6,1,0.89264
2012,6,2,4.3121
2012,6,3,1.4145
2012,6,4,0.027466
2012,6,5,2.8015
2012,6,6,1.1536
2012,6,7,0.041199
2012,6,8,0.85144
2012,6,9,0
2012,6,10,5.2734
2012,6,11,0
2012,6,12,2.623
2012,6,13,0
2012,6,14,0
2012,6,15,0.42572
2012,6,16,0
2012,6,17,0
2012,6,18,0.1236
2012,6,19,0
2012,6,20,0
2012,6,21,0.52185
2012,6,22,3.5019
2012,6,23,0
2012,6,24,0.034332
2012,6,25,1.0643
2012,6,26,0.048065
2012,6,27,0
2012,6,28,0
2012,6,29,0
2012,6,30,0
2012,7,1,0
2012,7,2,0
2012,7,3,0
2012,7,4,0.70724
2012,7,5,0.082397
2012,7,6,4.6692
2012,7,7,0
2012,7,8,0
2012,7,9,0
2012,7,10,0
2012,7,11,0
2012,7,12,0.041199
2012,7,13,6.3583
2012,7,14,0
2012,7,15,0
2012,7,16,0
2012,7,17,0
2012,7,18,0.23346
2012,7,19,0.027466
2012,7,20,0
2012,7,21,0
2012,7,22,1.5038
2012,7,23,0.60425
2012,7,24,0
2012,7,25,0
2012,7,26,0
2012,7,27,0
2012,7,28,2.4445
2012,7,29,0
2012,7,30,0
2012,7,31,0
2012,8,1,0
2012,8,2,0
2012,8,3,0.027466
2012,8,4,0.027466
2012,8,5,8.7891
2012,8,6,5.4245
2012,8,7,0.15793
2012,8,8,0
2012,8,9,0
2012,8,10,0
2012,8,11,0
2012,8,12,0
2012,8,13,0
2012,8,14,0
2012,8,15,0
2012,8,16,1.6205
2012,8,17,0
2012,8,18,0
2012,8,19,0
2012,8,20,0
2012,8,21,0
2012,8,22,0
2012,8,23,0
2012,8,24,1.0162
2012,8,25,0
2012,8,26,0
2012,8,27,0
2012,8,28,0.54932
2012,8,29,6.3034
2012,8,30,3.392
2012,8,31,0.11673
2012,9,1,0
2012,9,2,1.3046
2012,9,3,35.541
2012,9,4,55.563
2012,9,5,30.473
2012,9,6,0.082397
2012,9,7,0
2012,9,8,1.4008
2012,9,9,5.9326
2012,9,10,0.09613
2012,9,11,0.28839
2012,9,12,0.1442
2012,9,13,1.2772
2012,9,14,0
2012,9,15,0.35706
2012,9,16,0.0068665
2012,9,17,0.60425
2012,9,18,2.2659
2012,9,19,0
2012,9,20,0
2012,9,21,0
2012,9,22,0
2012,9,23,0
2012,9,24,0
2012,9,25,0.013733
2012,9,26,0.41199
2012,9,27,0
2012,9,28,0
2012,9,29,0
2012,9,30,0
2012,10,1,0
2012,10,2,0
2012,10,3,3.241
2012,10,4,0.98877
2012,10,5,0
2012,10,6,21.231
2012,10,7,12.25
2012,10,8,0
2012,10,9,4.4632
2012,10,10,0.10986
2012,10,11,0.78278
2012,10,12,3.9688
2012,10,13,1.4557
2012,10,14,5.0056
2012,10,15,10.959
2012,10,16,27.122
2012,10,17,29.279
2012,10,18,0.98877
2012,10,19,13.925
2012,10,20,0
2012,10,21,0
2012,10,22,0
2012,10,23,0.93384
2012,10,24,0
2012,10,25,0
2012,10,26,0
2012,10,27,0
2012,10,28,0.013733
2012,10,29,2.6642
2012,10,30,1.6205
2012,10,31,0
2012,11,1,0
2012,11,2,0.082397
2012,11,3,29.663
2012,11,4,19.72
2012,11,5,25.021
2012,11,6,1.0162
2012,11,7,0.46692
2012,11,8,0.041199
2012,11,9,0
2012,11,10,0
2012,11,11,0
2012,11,12,0
2012,11,13,0.10986
2012,11,14,0
2012,11,15,0.37079
2012,11,16,1.4694
2012,11,17,0
2012,11,18,1.6205
2012,11,19,0
2012,11,20,28.221
2012,11,21,1.5381
2012,11,22,0.31586
2012,11,23,0
2012,11,24,0.027466
2012,11,25,0
2012,11,26,0
2012,11,27,0
2012,11,28,0
2012,11,29,0
2012,11,30,0.74158
2012,12,1,10.183
2012,12,2,6.0699
2012,12,3,17.921
2012,12,4,24.088
2012,12,5,0.082397
2012,12,6,0
2012,12,7,0.31586
2012,12,8,0
2012,12,9,0
2012,12,10,0
2012,12,11,0
2012,12,12,3.4058
2012,12,13,0.30212
2012,12,14,0
2012,12,15,0
2012,12,16,0
2012,12,17,5.2734
2012,12,18,33.701
2012,12,19,35.898
2012,12,20,0
2012,12,21,0.39825
2012,12,22,1.5793
2012,12,23,2.417
2012,12,24,3.241
2012,12,25,3.5156
2012,12,26,4.4495
2012,12,27,0.054932
2012,12,28,2.5269
2012,12,29,0.21973
2012,12,30,0.13733
2012,12,31,1.7303
2013,1,1,0.13733
2013,1,2,1.1124
2013,1,3,1.9775
2013,1,4,6.8115
2013,1,5,0.26093
2013,1,6,0
2013,1,7,7.3196
2013,1,8,6.8939
2013,1,9,2.6917
2013,1,10,1.8677
2013,1,11,0
2013,1,12,0
2013,1,13,0
2013,1,14,0
2013,1,15,0
2013,1,16,0
2013,1,17,0
2013,1,18,0
2013,1,19,0.027466
2013,1,20,0
2013,1,21,0
2013,1,22,0
2013,1,23,0
2013,1,24,0.013733
2013,1,25,4.2435
2013,1,26,0.90637
2013,1,27,0.45319
2013,1,28,0
2013,1,29,0
2013,1,30,0
2013,1,31,0
2013,2,1,0
2013,2,2,0
2013,2,3,0
2013,2,4,0
2013,2,5,0
2013,2,6,0
2013,2,7,0.054932
2013,2,8,0.027466
2013,2,9,3.1723
2013,2,10,13.705
2013,2,11,0.1236
2013,2,12,0
2013,2,13,0
2013,2,14,0
2013,2,15,0
2013,2,16,0
2013,2,17,0
2013,2,18,0
2013,2,19,0
2013,2,20,0
2013,2,21,0
2013,2,22,0.027466
2013,2,23,0
2013,2,24,0.09613
2013,2,25,0.37079
2013,2,26,2.5269
2013,2,27,0.60425
2013,2,28,0.068665
2013,3,1,0
2013,3,2,3.7079
2013,3,3,0.013733
2013,3,4,0
2013,3,5,0
2013,3,6,0
2013,3,7,0
2013,3,8,0
2013,3,9,0
2013,3,10,0.061798
2013,3,11,0.19913
2013,3,12,5.4794
2013,3,13,16.493
2013,3,14,0.13733
2013,3,15,0
2013,3,16,0.86517
2013,3,17,0.19226
2013,3,18,0.65918
2013,3,19,1.3046
2013,3,20,0
2013,3,21,0
2013,3,22,0
2013,3,23,0
2013,3,24,0
2013,3,25,0
2013,3,26,0
2013,3,27,0.10986
2013,3,28,0.041199
2013,3,29,0
2013,3,30,0
2013,3,31,1.9913
2013,4,1,1.181
2013,4,2,3.8589
2013,4,3,0.35019
2013,4,4,0.082397
2013,4,5,1.3458
2013,4,6,0.013733
2013,4,7,0.52185
2013,4,8,3.4607
2013,4,9,0.027466
2013,4,10,3.5843
2013,4,11,12.387
2013,4,12,113.53
2013,4,13,16.837
2013,4,14,0
2013,4,15,1.236
2013,4,16,0.26093
2013,4,17,0.10986
2013,4,18,0.61798
2013,4,19,0.013733
2013,4,20,2.7603
2013,4,21,4.9026
2013,4,22,0
2013,4,23,1.6891
2013,4,24,2.5543
2013,4,25,0.082397
2013,4,26,0
2013,4,27,0
2013,4,28,0
2013,4,29,11.179
2013,4,30,0.054932
2013,5,1,1.078
2013,5,2,0
2013,5,3,3.9688
2013,5,4,0
2013,5,5,0.013733
2013,5,6,0.24719
2013,5,7,3.1586
2013,5,8,0.10986
2013,5,9,18.498
2013,5,10,0
2013,5,11,1.9363
2013,5,12,0.068665
2013,5,13,0.068665
2013,5,14,0
2013,5,15,0
2013,5,16,0
2013,5,17,0.020599
2013,5,18,0
2013,5,19,0
2013,5,20,0.1236
2013,5,21,0.10986
2013,5,22,0
2013,5,23,0.48065
2013,5,24,0.32959
2013,5,25,9.7092
2013,5,26,15.848
2013,5,27,11.22
2013,5,28,20.297
2013,5,29,0
2013,5,30,0
2013,5,31,0
2013,6,1,7.8552
2013,6,2,8.9951
2013,6,3,0
2013,6,4,0
2013,6,5,1.4282
2013,6,6,55.138
2013,6,7,7.1136
2013,6,8,2.3758
2013,6,9,0.23346
2013,6,10,2.4582
2013,6,11,0.027466
2013,6,12,3.0075
2013,6,13,0.26093
2013,6,14,0
2013,6,15,0.082397
2013,6,16,0.17853
2013,6,17,2.6917
2013,6,18,0.068665
2013,6,19,0.49438
2013,6,20,0
2013,6,21,0
2013,6,22,0
2013,6,23,0
2013,6,24,0
2013,6,25,0
2013,6,26,0
2013,6,27,0
2013,6,28,0
2013,6,29,0
2013,6,30,0
2013,7,1,0.62485
2013,7,2,0.41199
2013,7,3,0
2013,7,4,0
2013,7,5,0
2013,7,6,0
2013,7,7,0
2013,7,8,0
2013,7,9,0.42572
2013,7,10,0
2013,7,11,0.68665
2013,7,12,0.61798
2013,7,13,9.407
2013,7,14,0
2013,7,15,0
2013,7,16,0
2013,7,17,0
2013,7,18,0
2013,7,19,0
2013,7,20,0.027466
2013,7,21,1.4282
2013,7,22,0
2013,7,23,0
2013,7,24,0
2013,7,25,0
2013,7,26,0
2013,7,27,0
2013,7,28,0
2013,7,29,0.24033
2013,7,30,0.013733
2013,7,31,0.027466
2013,8,1,0.103
2013,8,2,0.77591
2013,8,3,0
2013,8,4,6.8733
2013,8,5,48.848
2013,8,6,0
2013,8,7,0
2013,8,8,0
2013,8,9,0.38452
2013,8,10,0
2013,8,11,0
2013,8,12,0
2013,8,13,2.4994
2013,8,14,0
2013,8,15,0
2013,8,16,0
2013,8,17,0
2013,8,18,0.38452
2013,8,19,0
2013,8,20,0
2013,8,21,0
2013,8,22,0
2013,8,23,0.068665
2013,8,24,0
2013,8,25,0
2013,8,26,0
2013,8,27,0
2013,8,28,0
2013,8,29,0.11673
2013,8,30,0
2013,8,31,14.001
2013,9,1,70.381
2013,9,2,47.914
2013,9,3,2.98
2013,9,4,0
2013,9,5,0
2013,9,6,0
2013,9,7,2.9938
2013,9,8,18.21
2013,9,9,7.1686
2013,9,10,44.096
2013,9,11,2.7466
2013,9,12,0.37079
2013,9,13,0
2013,9,14,3.7354
2013,9,15,0.068665
2013,9,16,0.59052
2013,9,17,0
2013,9,18,0
2013,9,19,0
2013,9,20,0
2013,9,21,0
2013,9,22,0
2013,9,23,0
2013,9,24,0
2013,9,25,0
2013,9,26,0
2013,9,27,6.9626
2013,9,28,12.112
2013,9,29,0.054932
2013,9,30,0
2013,10,1,0
2013,10,2,0
2013,10,3,0
2013,10,4,0
2013,10,5,0
2013,10,6,0
2013,10,7,0
2013,10,8,0.082397
2013,10,9,2.8564
2013,10,10,20.956
2013,10,11,0.85144
2013,10,12,0.24719
2013,10,13,0
2013,10,14,0
2013,10,15,0.26093
2013,10,16,0.027466
2013,10,17,2.0187
2013,10,18,0
2013,10,19,0.013733
2013,10,20,1.1536
2013,10,21,0
2013,10,22,0.041199
2013,10,23,0.0068665
2013,10,24,0
2013,10,25,0
2013,10,26,0
2013,10,27,0.49438
2013,10,28,1.5793
2013,10,29,6.0287
2013,10,30,1.0231
2013,10,31,6.2691
2013,11,1,4.1954
2013,11,2,10.094
2013,11,3,48.34
2013,11,4,0.42572
2013,11,5,1.2909
2013,11,6,1.2222
2013,11,7,38.535
2013,11,8,13.266
2013,11,9,102.69
2013,11,10,122.66
2013,11,11,35.074
2013,11,12,36.777
2013,11,13,23.936
2013,11,14,5.2322
2013,11,15,0.013733
2013,11,16,1.2909
2013,11,17,3.186
2013,11,18,0
2013,11,19,0
2013,11,20,0
2013,11,21,0
2013,11,22,0.013733
2013,11,23,0.068665
2013,11,24,0.027466
2013,11,25,0.78278
2013,11,26,0.90637
2013,11,27,0.45319
2013,11,28,0.38452
2013,11,29,0
2013,11,30,0.72784
2013,12,1,0.57678
2013,12,2,0.49438
2013,12,3,0.98877
2013,12,4,0.9201
2013,12,5,2.8015
2013,12,6,2.9388
2013,12,7,0
2013,12,8,3.5294
2013,12,9,5.1636
2013,12,10,8.3359
2013,12,11,0
2013,12,12,0
2013,12,13,0
2013,12,14,1.0849
2013,12,15,0
2013,12,16,0.21973
2013,12,17,9.05
2013,12,18,0.013733
2013,12,19,4.6829
2013,12,20,2.3483
2013,12,21,27.205
2013,12,22,3.1586
2013,12,23,11.247
2013,12,24,8.5556
2013,12,25,0
2013,12,26,5.809
2013,12,27,0.13733
2013,12,28,5.0537
2013,12,29,0
2013,12,30,0.013733
2013,12,31,3.1998
2014,1,1,0
2014,1,2,0
2014,1,3,10.464
2014,1,4,0.027466
2014,1,5,0
2014,1,6,0
2014,1,7,0
2014,1,8,0.67291
2014,1,9,1.2222
2014,1,10,0.87891
2014,1,11,13.142
2014,1,12,5.658
2014,1,13,1.2634
2014,1,14,0.054932
2014,1,15,5.8228
2014,1,16,0
2014,1,17,2.3621
2014,1,18,0
2014,1,19,0
2014,1,20,0.054932
2014,1,21,0.21973
2014,1,22,0.068665
2014,1,23,0.38452
2014,1,24,0.25406
2014,1,25,0
2014,1,26,0
2014,1,27,2.4445
2014,1,28,1.2909
2014,1,29,0
2014,1,30,0.09613
2014,1,31,0
2014,2,1,0
2014,2,2,0
2014,2,3,0.41199
2014,2,4,1.8539
2014,2,5,0.09613
2014,2,6,0
2014,2,7,0.19226
2014,2,8,0
2014,2,9,0
2014,2,10,0
2014,2,11,0
2014,2,12,0
2014,2,13,0
2014,2,14,0
2014,2,15,0
2014,2,16,0
2014,2,17,0
2014,2,18,0
2014,2,19,0
2014,2,20,0.61798
2014,2,21,0
2014,2,22,0
2014,2,23,0.041199
2014,2,24,2.1149
2014,2,25,3.1448
2014,2,26,0.71411
2014,2,27,6.7154
2014,2,28,0.50812
2014,3,1,0
2014,3,2,1.0574
2014,3,3,0
2014,3,4,0
2014,3,5,1.6685
2014,3,6,0.37079
2014,3,7,0.39825
2014,3,8,0.013733
2014,3,9,9.9701
2014,3,10,4.6417
2014,3,11,0.054932
2014,3,12,0.53558
2014,3,13,1.7853
2014,3,14,0.16479
2014,3,15,6.8184
2014,3,16,0
2014,3,17,0
2014,3,18,0
2014,3,19,1.3733
2014,3,20,2.1011
2014,3,21,3.7079
2014,3,22,11.563
2014,3,23,1.442
2014,3,24,0.013733
2014,3,25,0.082397
2014,3,26,10.437
2014,3,27,13.046
2014,3,28,54.094
2014,3,29,4.4495
2014,3,30,4.6417
2014,3,31,0.90637
2014,4,1,8.0475
2014,4,2,42.16
2014,4,3,4.2984
2014,4,4,0.013733
2014,4,5,5.5824
2014,4,6,10.313
2014,4,7,1.181
2014,4,8,0
2014,4,9,0
2014,4,10,1.4008
2014,4,11,0.59052
2014,4,12,3.7628
2014,4,13,0
2014,4,14,1.6479
2014,4,15,0.19226
2014,4,16,0.103
2014,4,17,0
2014,4,18,0
2014,4,19,0
2014,4,20,0.09613
2014,4,21,0
2014,4,22,0
2014,4,23,0.054932
2014,4,24,0.28839
2014,4,25,0.43945
2014,4,26,0
2014,4,27,6.8871
2014,4,28,11.124
2014,4,29,0
2014,4,30,0
2014,5,1,0
2014,5,2,0.054932
2014,5,3,0.54932
2014,5,4,10.801
2014,5,5,4.5731
2014,5,6,0.68665
2014,5,7,15.491
2014,5,8,0.26093
2014,5,9,0
2014,5,10,0.24719
2014,5,11,0.068665
2014,5,12,0.46692
2014,5,13,0.42572
2014,5,14,0.13733
2014,5,15,0
2014,5,16,0
2014,5,17,0.56305
2014,5,18,0.37766
2014,5,19,6.7497
2014,5,20,2.0187
2014,5,21,0.061798
2014,5,22,23.188
2014,5,23,0.041199
2014,5,24,0
2014,5,25,0
2014,5,26,0
2014,5,27,0
2014,5,28,0
2014,5,29,39.633
2014,5,30,5.452
2014,5,31,3.9551
2014,6,1,0
2014,6,2,0
2014,6,3,0
2014,6,4,0
2014,6,5,0
2014,6,6,0
2014,6,7,3.7903
2014,6,8,9.2972
2014,6,9,6.427
2014,6,10,4.7173
2014,6,11,0.38452
2014,6,12,0
2014,6,13,0
2014,6,14,14.516
2014,6,15,15.257
2014,6,16,0
2014,6,17,0
2014,6,18,0
2014,6,19,0
2014,6,20,0
2014,6,21,0
2014,6,22,0
2014,6,23,0
2014,6,24,0
2014,6,25,1.0712
2014,6,26,2.1561
2014,6,27,0
2014,6,28,0.31586
2014,6,29,0
2014,6,30,0
2014,7,1,0
2014,7,2,0
2014,7,3,0
2014,7,4,0
2014,7,5,0
2014,7,6,0
2014,7,7,0
2014,7,8,0
2014,7,9,0
2014,7,10,0
2014,7,11,0
2014,7,12,0
2014,7,13,0
2014,7,14,0
2014,7,15,0
2014,7,16,0
2014,7,17,0
2014,7,18,0.34332
2014,7,19,0
2014,7,20,0
2014,7,21,0
2014,7,22,0.09613
2014,7,23,0.068665
2014,7,24,0.21973
2014,7,25,0
2014,7,26,0
2014,7,27,0
2014,7,28,0
2014,7,29,0.027466
2014,7,30,0.13733
2014,7,31,0
2014,8,1,0
2014,8,2,0
2014,8,3,0
2014,8,4,0.034332
2014,8,5,0.041199
2014,8,6,0
2014,8,7,0.068665
2014,8,8,0.16479
2014,8,9,0
2014,8,10,0
2014,8,11,0
2014,8,12,0
2014,8,13,0
2014,8,14,0
2014,8,15,0
2014,8,16,0
2014,8,17,0
2014,8,18,0
2014,8,19,0
2014,8,20,0
2014,8,21,0
2014,8,22,0.054932
2014,8,23,0.13733
2014,8,24,0
2014,8,25,0
2014,8,26,0
2014,8,27,0
2014,8,28,0.0068665
2014,8,29,1.9363
2014,8,30,0
2014,8,31,0
2014,9,1,0
2014,9,2,0
2014,9,3,0
2014,9,4,0
2014,9,5,0
2014,9,6,0
2014,9,7,0.20599
2014,9,8,4.0237
2014,9,9,0.30212
2014,9,10,0.0068665
2014,9,11,2.417
2014,9,12,2.2247
2014,9,13,6.3171
2014,9,14,0
2014,9,15,0
2014,9,16,0.74158
2014,9,17,0
2014,9,18,0
2014,9,19,0
2014,9,20,0
2014,9,21,0
2014,9,22,0.10986
2014,9,23,0.027466
2014,9,24,1.3115
2014,9,25,0
2014,9,26,0.0068665
2014,9,27,0
2014,9,28,0
2014,9,29,0
2014,9,30,0
2014,10,1,0
2014,10,2,0
2014,10,3,0
2014,10,4,0
2014,10,5,0
2014,10,6,0
2014,10,7,0
2014,10,8,0
2014,10,9,0
2014,10,10,69.626
2014,10,11,28.029
2014,10,12,0.68665
2014,10,13,0.27466
2014,10,14,21.451
2014,10,15,76.053
2014,10,16,24.527
2014,10,17,0
2014,10,18,0
2014,10,19,4.4495
2014,10,20,0
2014,10,21,1.2634
2014,10,22,9.1255
2014,10,23,0
2014,10,24,2.1149
2014,10,25,9.9358
2014,10,26,0
2014,10,27,1.4626
2014,10,28,0.013733
2014,10,29,0
2014,10,30,0
2014,10,31,0
2014,11,1,0
2014,11,2,0
2014,11,3,0
2014,11,4,0
2014,11,5,0
2014,11,6,1.442
2014,11,7,4.2572
2014,11,8,9.9152
2014,11,9,0
2014,11,10,11.398
2014,11,11,2.9663
2014,11,12,1.0712
2014,11,13,0
2014,11,14,0.09613
2014,11,15,0
2014,11,16,0.041199
2014,11,17,0.54932
2014,11,18,0
2014,11,19,0
2014,11,20,0.041199
2014,11,21,0.13733
2014,11,22,0.10986
2014,11,23,0.054932
2014,11,24,1.339
2014,11,25,0
2014,11,26,0.34332
2014,11,27,12.003
2014,11,28,2.0187
2014,11,29,35.129
2014,11,30,0
2014,12,1,8.6105
2014,12,2,0
2014,12,3,3.7766
2014,12,4,0
2014,12,5,0
2014,12,6,0.76904
2014,12,7,41.364
2014,12,8,17.99
2014,12,9,6.6879
2014,12,10,7.8552
2014,12,11,0
2014,12,12,0.38452
2014,12,13,0
2014,12,14,0
2014,12,15,0
2014,12,16,8.2397
2014,12,17,8.4183
2014,12,18,0
2014,12,19,1.4008
2014,12,20,8.1985
2014,12,21,1.181
2014,12,22,1.9089
2014,12,23,8.6655
2014,12,24,0
2014,12,25,2.4994
2014,12,26,7.4707
2014,12,27,0
2014,12,28,0.054932
2014,12,29,0
2014,12,30,0
2014,12,31,0.59052
2015,1,1,0.0068665
2015,1,2,0
2015,1,3,0
2015,1,4,0
2015,1,5,0.29526
2015,1,6,0
2015,1,7,0.1236
2015,1,8,0.013733
2015,1,9,0.027466
2015,1,10,0
2015,1,11,0
2015,1,12,0.19226
2015,1,13,2.4445
2015,1,14,0.10986
2015,1,15,4.1473
2015,1,16,0.10986
2015,1,17,1.2634
2015,1,18,1.7303
2015,1,19,0
2015,1,20,10.684
2015,1,21,0.31586
2015,1,22,0
2015,1,23,0
2015,1,24,0.15106
2015,1,25,2.1561
2015,1,26,0.09613
2015,1,27,2.211
2015,1,28,1.5518
2015,1,29,0.13046
2015,1,30,7.5325
2015,1,31,0
2015,2,1,0.09613
2015,2,2,0
2015,2,3,0
2015,2,4,0
2015,2,5,0.37079
2015,2,6,0.23346
2015,2,7,1.6342
2015,2,8,0.68665
2015,2,9,0.27466
2015,2,10,0.054932
2015,2,11,0
2015,2,12,0
2015,2,13,2.5543
2015,2,14,0.054932
2015,2,15,0
2015,2,16,0
2015,2,17,0.1236
2015,2,18,1.5244
2015,2,19,0.089264
2015,2,20,0
2015,2,21,0.40512
2015,2,22,16.102
2015,2,23,48.862
2015,2,24,58.475
2015,2,25,7.3814
2015,2,26,1.9226
2015,2,27,2.5406
2015,2,28,0
2015,3,1,0.31586
2015,3,2,1.3596
2015,3,3,8.4457
2015,3,4,1.2634
2015,3,5,0.27466
2015,3,6,0
2015,3,7,1.6273
2015,3,8,2.0599
2015,3,9,0
2015,3,10,0.082397
2015,3,11,0
2015,3,12,0
2015,3,13,0
2015,3,14,13.458
2015,3,15,12.099
2015,3,16,5.7266
2015,3,17,0
2015,3,18,0
2015,3,19,0
2015,3,20,0.027466
2015,3,21,0.63171
2015,3,22,0
2015,3,23,0.54932
2015,3,24,0.027466
2015,3,25,0
2015,3,26,0
2015,3,27,0
2015,3,28,0
2015,3,29,0.26093
2015,3,30,6.7841
2015,3,31,0.32959
2015,4,1,19.336
2015,4,2,8.4732
2015,4,3,0
2015,4,4,0.061798
2015,4,5,0
2015,4,6,0
2015,4,7,0
2015,4,8,0
2015,4,9,0
2015,4,10,0
2015,4,11,0
2015,4,12,1.4282
2015,4,13,3.4332
2015,4,14,0
2015,4,15,0
2015,4,16,0
2015,4,17,0
2015,4,18,0
2015,4,19,0.013733
2015,4,20,0
2015,4,21,0.041199
2015,4,22,0.041199
2015,4,23,4.3396
2015,4,24,0.027466
2015,4,25,0.041199
2015,4,26,0.082397
2015,4,27,5.7541
2015,4,28,0
2015,4,29,0
2015,4,30,0.86517
2015,5,1,0.23346
2015,5,2,7.869
2015,5,3,0.24719
2015,5,4,0.56305
2015,5,5,0.020599
2015,5,6,0.013733
2015,5,7,0
2015,5,8,0
2015,5,9,2.5337
2015,5,10,4.8203
2015,5,11,0
2015,5,12,0
2015,5,13,0
2015,5,14,0.013733
2015,5,15,0
2015,5,16,0
2015,5,17,0
2015,5,18,0
2015,5,19,0
2015,5,20,0
2015,5,21,10.094
2015,5,22,0
2015,5,23,0
2015,5,24,0
2015,5,25,0
2015,5,26,9.4757
2015,5,27,1.1398
2015,5,28,0
2015,5,29,0
2015,5,30,1.6342
2015,5,31,2.5131
2015,6,1,10.052
2015,6,2,6.2073
2015,6,3,0
2015,6,4,0
2015,6,5,0.24719
2015,6,6,2.1904
2015,6,7,24.939
2015,6,8,1.3184
2015,6,9,0.089264
2015,6,10,0.13733
2015,6,11,0
2015,6,12,0.027466
2015,6,13,0.10986
2015,6,14,0.075531
2015,6,15,0.19226
2015,6,16,0.013733
2015,6,17,0
2015,6,18,0
2015,6,19,0
2015,6,20,0
2015,6,21,0
2015,6,22,0.013733
2015,6,23,0.17853
2015,6,24,19.446
2015,6,25,0
2015,6,26,0
2015,6,27,0
2015,6,28,0
2015,6,29,2.8564
2015,6,30,0.013733
2015,7,1,0.10986
2015,7,2,14.502
2015,7,3,8.1985
2015,7,4,0
2015,7,5,1.6891
2015,7,6,6.2622
2015,7,7,0
2015,7,8,0
2015,7,9,1.6479
2015,7,10,0
2015,7,11,0.32272
2015,7,12,1.6891
2015,7,13,0
2015,7,14,0
2015,7,15,0
2015,7,16,0
2015,7,17,0
2015,7,18,0
2015,7,19,0
2015,7,20,0
2015,7,21,0
2015,7,22,0
2015,7,23,0
2015,7,24,0
2015,7,25,0
2015,7,26,1.9501
2015,7,27,7.8552
2015,7,28,0
2015,7,29,0
2015,7,30,0
2015,7,31,0
2015,8,1,0
2015,8,2,0
2015,8,3,0
2015,8,4,0.061798
2015,8,5,14.31
2015,8,6,1.9913
2015,8,7,2.211
2015,8,8,0
2015,8,9,0
2015,8,10,0.054932
2015,8,11,0.18539
2015,8,12,0.054932
2015,8,13,0.19226
2015,8,14,0.103
2015,8,15,0.034332
2015,8,16,0
2015,8,17,0.013733
2015,8,18,0
2015,8,19,2.4857
2015,8,20,28.304
2015,8,21,6.3583
2015,8,22,22.584
2015,8,23,0.054932
2015,8,24,0.054932
2015,8,25,0
2015,8,26,0
2015,8,27,0
2015,8,28,0
2015,8,29,0
2015,8,30,0
2015,8,31,0
2015,9,1,0
2015,9,2,0
2015,9,3,0
2015,9,4,0
2015,9,5,1.03
2015,9,6,0
2015,9,7,0
2015,9,8,0
2015,9,9,35.699
2015,9,10,10.458
2015,9,11,0
2015,9,12,11.632
2015,9,13,0.027466
2015,9,14,0.39825
2015,9,15,2.5749
2015,9,16,0
2015,9,17,4.6829
2015,9,18,4.0787
2015,9,19,0
2015,9,20,0
2015,9,21,0
2015,9,22,0
2015,9,23,11.508
2015,9,24,84.348
2015,9,25,20.833
2015,9,26,2.9732
2015,9,27,0
2015,9,28,0
2015,9,29,0
2015,9,30,0
2015,10,1,0
2015,10,2,0
2015,10,3,0
2015,10,4,0
2015,10,5,0
2015,10,6,1.1124
2015,10,7,0
2015,10,8,0
2015,10,9,0
2015,10,10,0
2015,10,11,0
2015,10,12,0
2015,10,13,0
2015,10,14,0
2015,10,15,2.2797
2015,10,16,2.0462
2015,10,17,0
2015,10,18,0
2015,10,19,0
2015,10,20,0
2015,10,21,0
2015,10,22,0
2015,10,23,0
2015,10,24,0
2015,10,25,0.38452
2015,10,26,1.4557
2015,10,27,1.6754
2015,10,28,0
2015,10,29,0
2015,10,30,0
2015,10,31,0
2015,11,1,0
2015,11,2,0.048065
2015,11,3,16.28
2015,11,4,79.404
2015,11,5,82.37
2015,11,6,121.1
2015,11,7,16.315
2015,11,8,7.9239
2015,11,9,29.416
2015,11,10,9.1736
2015,11,11,0
2015,11,12,0
2015,11,13,0.027466
2015,11,14,0.30899
2015,11,15,0
2015,11,16,0.20599
2015,11,17,0
2015,11,18,4.834
2015,11,19,0.17853
2015,11,20,0.32959
2015,11,21,1.0574
2015,11,22,0.63171
2015,11,23,0.054932
2015,11,24,0.054932
2015,11,25,0.027466
2015,11,26,0
2015,11,27,0
2015,11,28,0.43945
2015,11,29,1.0437
2015,11,30,0.68665
2015,12,1,0.054932
2015,12,2,2.4307
2015,12,3,2.774
2015,12,4,3.9276
2015,12,5,0.13733
2015,12,6,0
2015,12,7,1.9638
2015,12,8,0.013733
2015,12,9,4.5319
2015,12,10,0.24719
2015,12,11,0.027466
2015,12,12,0
2015,12,13,0
2015,12,14,0
2015,12,15,0
2015,12,16,0
2015,12,17,0
2015,12,18,0
2015,12,19,0
2015,12,20,0
2015,12,21,0
2015,12,22,0
2015,12,23,0.013733
2015,12,24,0
2015,12,25,0
2015,12,26,0
2015,12,27,0
2015,12,28,5.2322
2015,12,29,0
2015,12,30,0
2015,12,31,0
2016,1,1,0
2016,1,2,0
2016,1,3,0
2016,1,4,16.795
2016,1,5,0.24719
2016,1,6,1.3046
2016,1,7,1.8539
2016,1,8,4.1748
2016,1,9,0.30212
2016,1,10,5.3421
2016,1,11,0
2016,1,12,0
2016,1,13,0
2016,1,14,17.592
2016,1,15,11.948
2016,1,16,0
2016,1,17,0.59052
2016,1,18,1.9501
2016,1,19,0
2016,1,20,0.10986
2016,1,21,0
2016,1,22,0
2016,1,23,0
2016,1,24,0.041199
2016,1,25,0.32959
2016,1,26,0
2016,1,27,0.20599
2016,1,28,6.1798
2016,1,29,5.0674
2016,1,30,0.027466
2016,1,31,0
2016,2,1,0
2016,2,2,0
2016,2,3,0.027466
2016,2,4,12.593
2016,2,5,0.013733
2016,2,6,0
2016,2,7,11.81
2016,2,8,36.09
2016,2,9,0
2016,2,10,0
2016,2,11,0
2016,2,12,30.563
2016,2,13,0.082397
2016,2,14,1.5656
2016,2,15,5.1361
2016,2,16,0
2016,2,17,11.591
2016,2,18,0
2016,2,19,0
2016,2,20,0
2016,2,21,0
2016,2,22,0
2016,2,23,7.251
2016,2,24,53.874
2016,2,25,14.227
2016,2,26,21.904
2016,2,27,1.5793
2016,2,28,0
2016,2,29,15.628
2016,3,1,12.607
2016,3,2,0
2016,3,3,0
2016,3,4,0.19226
2016,3,5,14.323
2016,3,6,0
2016,3,7,1.2909
2016,3,8,0.013733
2016,3,9,0.82397
2016,3,10,0
2016,3,11,0.10986
2016,3,12,0.41199
2016,3,13,0.1236
2016,3,14,0.13733
2016,3,15,13.719
2016,3,16,6.839
2016,3,17,0.60425
2016,3,18,3.6667
2016,3,19,1.9913
2016,3,20,1.9501
2016,3,21,6.2347
2016,3,22,0.041199
2016,3,23,0.013733
2016,3,24,0.15106
2016,3,25,0
2016,3,26,0
2016,3,27,0
2016,3,28,0
2016,3,29,0.47379
2016,3,30,1.6479
2016,3,31,0.13733
2016,4,1,1.3321
2016,4,2,0.027466
2016,4,3,1.1261
2016,4,4,0.13733
2016,4,5,0
2016,4,6,0.013733
2016,4,7,0
2016,4,8,0
2016,4,9,0.054932
2016,4,10,0.082397
2016,4,11,7.9926
2016,4,12,0
2016,4,13,4.0237
2016,4,14,3.186
2016,4,15,0.054932
2016,4,16,0
2016,4,17,0
2016,4,18,0.13733
2016,4,19,0.082397
2016,4,20,0.63171
2016,4,21,0
2016,4,22,0
2016,4,23,0
2016,4,24,0
2016,4,25,0
2016,4,26,0
2016,4,27,0
2016,4,28,0.027466
2016,4,29,0
2016,4,30,0
2016,5,1,0
2016,5,2,0.55618
2016,5,3,8.4183
2016,5,4,0
2016,5,5,0
2016,5,6,0
2016,5,7,0
2016,5,8,0
2016,5,9,0.41199
2016,5,10,0.24719
2016,5,11,1.0986
2016,5,12,19.13
2016,5,13,0
2016,5,14,0.21973
2016,5,15,0.041199
2016,5,16,0.013733
2016,5,17,0
2016,5,18,0
2016,5,19,10.513
2016,5,20,0
2016,5,21,0.10986
2016,5,22,11.687
2016,5,23,0
2016,5,24,0.61798
2016,5,25,1.4008
2016,5,26,0.0068665
2016,5,27,5.9875
2016,5,28,0
2016,5,29,0
2016,5,30,0
2016,5,31,0
2016,6,1,0
2016,6,2,0
2016,6,3,0
2016,6,4,7.2372
2016,6,5,0
2016,6,6,0.013733
2016,6,7,0
2016,6,8,1.7029
2016,6,9,0.10986
2016,6,10,1.2497
2016,6,11,15.326
2016,6,12,1.9569
2016,6,13,0
2016,6,14,0.38452
2016,6,15,5.7953
2016,6,16,0.35706
2016,6,17,0
2016,6,18,3.1998
2016,6,19,0.63171
2016,6,20,0.57678
2016,6,21,0
2016,6,22,0
2016,6,23,0
2016,6,24,0
2016,6,25,0
2016,6,26,0.048065
2016,6,27,0
2016,6,28,0
2016,6,29,5.2872
2016,6,30,23.318
2016,7,1,0.9613
2016,7,2,0.027466
2016,7,3,0
2016,7,4,0
2016,7,5,0
2016,7,6,0
2016,7,7,0
2016,7,8,0
2016,7,9,0
2016,7,10,0
2016,7,11,0
2016,7,12,1.0162
2016,7,13,0
2016,7,14,0
2016,7,15,0.19226
2016,7,16,0
2016,7,17,0
2016,7,18,0
2016,7,19,0
2016,7,20,0.31586
2016,7,21,0.76904
2016,7,22,0.80338
2016,7,23,0.054932
2016,7,24,0.19913
2016,7,25,4.9164
2016,7,26,0
2016,7,27,0
2016,7,28,12.524
2016,7,29,0
2016,7,30,0
2016,7,31,0
2016,8,1,0
2016,8,2,0
2016,8,3,0
2016,8,4,0
2016,8,5,0
2016,8,6,0.027466
2016,8,7,0
2016,8,8,0
2016,8,9,0
2016,8,10,0
2016,8,11,0
2016,8,12,0.28839
2016,8,13,16.177
2016,8,14,9.201
2016,8,15,0
2016,8,16,6.4476
2016,8,17,4.9026
2016,8,18,20.668
2016,8,19,28.304
2016,8,20,2.8839
2016,8,21,0.19226
2016,8,22,0
2016,8,23,0.034332
2016,8,24,0.26093
2016,8,25,0
2016,8,26,0
2016,8,27,0
2016,8,28,0
2016,8,29,0
2016,8,30,0.10986
2016,8,31,4.731
2016,9,1,1.6617
2016,9,2,0
2016,9,3,0
2016,9,4,1.9638
2016,9,5,12.964
2016,9,6,0
2016,9,7,0.13733
2016,9,8,0
2016,9,9,1.0643
2016,9,10,0
2016,9,11,0.63171
2016,9,12,38.068
2016,9,13,0
2016,9,14,0
2016,9,15,0
2016,9,16,0.082397
2016,9,17,0.41199
2016,9,18,0.52185
2016,9,19,0
2016,9,20,3.1448
2016,9,21,4.5593
2016,9,22,0
2016,9,23,0
2016,9,24,0.041199
2016,9,25,5.8983
2016,9,26,18.073
2016,9,27,0
2016,9,28,0
2016,9,29,0
2016,9,30,0.42572
2016,10,1,0
2016,10,2,0
2016,10,3,5.0812
2016,10,4,25.557
2016,10,5,0
2016,10,6,0
2016,10,7,0
2016,10,8,37.312
2016,10,9,11.735
2016,10,10,0.054932
2016,10,11,21.89
2016,10,12,0.43945
2016,10,13,12.607
2016,10,14,21.574
2016,10,15,10.464
2016,10,16,0.19226
2016,10,17,0
2016,10,18,0
2016,10,19,0
2016,10,20,44.165
2016,10,21,5.8777
2016,10,22,7.8552
2016,10,23,0
2016,10,24,0
2016,10,25,0
2016,10,26,1.8402
2016,10,27,11.618
2016,10,28,1.0162
2016,10,29,17.853
2016,10,30,58.337
2016,10,31,24.829
2016,11,1,0
2016,11,2,2.8427
2016,11,3,7.0107
2016,11,4,0
2016,11,5,0
2016,11,6,0
2016,11,7,0
2016,11,8,0
2016,11,9,0
2016,11,10,0
2016,11,11,0
2016,11,12,0
2016,11,13,0
2016,11,14,0.013733
2016,11,15,0.082397
2016,11,16,0.013733
2016,11,17,0
2016,11,18,0
2016,11,19,0.15106
2016,11,20,0.94757
2016,11,21,20.517
2016,11,22,0.23346
2016,11,23,0
2016,11,24,0.30212
2016,11,25,14.2
2016,11,26,0.35706
2016,11,27,0.21973
2016,11,28,0.054932
2016,11,29,0.054932
2016,11,30,0
2016,12,1,0.61798
2016,12,2,0.082397
2016,12,3,0.13733
2016,12,4,0
2016,12,5,0
2016,12,6,0
2016,12,7,0
2016,12,8,0
2016,12,9,0
2016,12,10,0
2016,12,11,0.30212
2016,12,12,0.34332
2016,12,13,0.41199
2016,12,14,0
2016,12,15,0.26093
2016,12,16,0
2016,12,17,0
2016,12,18,8.7067
2016,12,19,0
2016,12,20,0
2016,12,21,0
2016,12,22,0
2016,12,23,0.10986
2016,12,24,0.98877
2016,12,25,0.39825
2016,12,26,0.74158
2016,12,27,0.28152
2016,12,28,0
2016,12,29,0
2016,12,30,0.86517
2016,12,31,2.8702
2017,1,1,7.1686
2017,1,2,7.5531
2017,1,3,24.966
2017,1,4,0.013733
2017,1,5,0.013733
2017,1,6,0
2017,1,7,0.013733
2017,1,8,0.35706
2017,1,9,0.054932
2017,1,10,0.49438
2017,1,11,0.068665
2017,1,12,0
2017,1,13,0.37079
2017,1,14,0.61798
2017,1,15,0.054932
2017,1,16,2.2797
2017,1,17,0
2017,1,18,0.30212
2017,1,19,0.054932
2017,1,20,3.2272
2017,1,21,0.11673
2017,1,22,0
2017,1,23,0
2017,1,24,0
2017,1,25,0
2017,1,26,0
2017,1,27,0
2017,1,28,0
2017,1,29,0.082397
2017,1,30,0
2017,1,31,0.041199
2017,2,1,1.1536
2017,2,2,0
2017,2,3,0
2017,2,4,0.027466
2017,2,5,0.13733
2017,2,6,0
2017,2,7,0.28839
2017,2,8,15.216
2017,2,9,23.621
2017,2,10,0
2017,2,11,0
2017,2,12,0
2017,2,13,0
2017,2,14,0
2017,2,15,0
2017,2,16,0.34332
2017,2,17,0.19226
2017,2,18,1.1742
2017,2,19,0.55618
2017,2,20,0.61798
2017,2,21,1.3458
2017,2,22,0.71411
2017,2,23,0
2017,2,24,0
2017,2,25,0
2017,2,26,0
2017,2,27,8.7616
2017,2,28,0.38452
2017,3,1,0
2017,3,2,0.013733
2017,3,3,0.54932
2017,3,4,0
2017,3,5,0
2017,3,6,0.21973
2017,3,7,0
2017,3,8,0.74158
2017,3,9,1.4145
2017,3,10,0
2017,3,11,0
2017,3,12,0
2017,3,13,0.47379
2017,3,14,1.0025
2017,3,15,5.5618
2017,3,16,0.53558
2017,3,17,0.068665
2017,3,18,2.1492
2017,3,19,0
2017,3,20,0.09613
2017,3,21,2.2041
2017,3,22,0
2017,3,23,0.16479
2017,3,24,14.406
2017,3,25,24.348
2017,3,26,2.1561
2017,3,27,0.068665
2017,3,28,0.67291
2017,3,29,53.888
2017,3,30,8.638
2017,3,31,0.63171
2017,4,1,0
2017,4,2,0
2017,4,3,0.1236
2017,4,4,0.19226
2017,4,5,0.34332
2017,4,6,0
2017,4,7,10.567
2017,4,8,0.26093
2017,4,9,0.23346
2017,4,10,0.60425
2017,4,11,0
2017,4,12,0
2017,4,13,0
2017,4,14,0
2017,4,15,0
2017,4,16,0.027466
2017,4,17,1.7303
2017,4,18,0.21973
2017,4,19,0
2017,4,20,1.2222
2017,4,21,1.1124
2017,4,22,14.392
2017,4,23,31.229
2017,4,24,18.869
2017,4,25,1.6754
2017,4,26,0.18539
2017,4,27,0
2017,4,28,0
2017,4,29,0
2017,4,30,0
2017,5,1,0
2017,5,2,0.068665
2017,5,3,0.13733
2017,5,4,23.305
2017,5,5,3.5019
2017,5,6,0.9613
2017,5,7,3.6392
2017,5,8,0
2017,5,9,1.593
2017,5,10,0
2017,5,11,0.41199
2017,5,12,7.8827
2017,5,13,3.598
2017,5,14,0.28839
2017,5,15,0
2017,5,16,0.013733
2017,5,17,0.61798
2017,5,18,0
2017,5,19,0
2017,5,20,0.15106
2017,5,21,4.0855
2017,5,22,20.338
2017,5,23,2.6917
2017,5,24,4.0512
2017,5,25,0.35706
2017,5,26,0
2017,5,27,2.6367
2017,5,28,3.3371
2017,5,29,4.422
2017,5,30,1.6068
2017,5,31,0
2017,6,1,0
2017,6,2,0
2017,6,3,4.8889
2017,6,4,7.4913
2017,6,5,8.7341
2017,6,6,9.3933
2017,6,7,0
2017,6,8,0
2017,6,9,0
2017,6,10,0
2017,6,11,0.041199
2017,6,12,8.844
2017,6,13,0
2017,6,14,0
2017,6,15,0
2017,6,16,0
2017,6,17,0
2017,6,18,0
2017,6,19,0
2017,6,20,0
2017,6,21,6.4957
2017,6,22,2.1149
2017,6,23,2.1698
2017,6,24,0
2017,6,25,0
2017,6,26,1.03
2017,6,27,2.1423
2017,6,28,5.8914
2017,6,29,0.63171
2017,6,30,0.39825
2017,7,1,0.75531
2017,7,2,0
2017,7,3,0.013733
2017,7,4,0
2017,7,5,0
2017,7,6,0
2017,7,7,0
2017,7,8,0
2017,7,9,0
2017,7,10,0
2017,7,11,0
2017,7,12,0
2017,7,13,0
2017,7,14,0
2017,7,15,0
2017,7,16,6.3858
2017,7,17,0
2017,7,18,0.020599
2017,7,19,0
2017,7,20,0
2017,7,21,0
2017,7,22,0
2017,7,23,0
2017,7,24,0
2017,7,25,0
2017,7,26,0
2017,7,27,0
2017,7,28,0
2017,7,29,0.94757
2017,7,30,0.9613
2017,7,31,0
2017,8,1,0
2017,8,2,5.9601
2017,8,3,5.8777
2017,8,4,0
2017,8,5,0
2017,8,6,0.30212
2017,8,7,0.41885
2017,8,8,0
2017,8,9,0
2017,8,10,0
2017,8,11,0
2017,8,12,0.13733
2017,8,13,0
2017,8,14,0
2017,8,15,0.09613
2017,8,16,0
2017,8,17,0.1236
2017,8,18,0.26093
2017,8,19,0.068665
2017,8,20,0
2017,8,21,0
2017,8,22,3.598
2017,8,23,12.14
2017,8,24,0.57678
2017,8,25,0
2017,8,26,0
2017,8,27,20.544
2017,8,28,12.25
2017,8,29,0.11673
2017,8,30,0
2017,8,31,0
2017,9,1,0
2017,9,2,0
2017,9,3,0.013733
2017,9,4,21.039
2017,9,5,85.995
2017,9,6,8.2947
2017,9,7,0
2017,9,8,0
2017,9,9,0.13733
2017,9,10,0.70724
2017,9,11,0.64545
2017,9,12,14.172
2017,9,13,25.227
2017,9,14,0
2017,9,15,0
2017,9,16,0
2017,9,17,0
2017,9,18,0
2017,9,19,0
2017,9,20,0
2017,9,21,0
2017,9,22,0
2017,9,23,0
2017,9,24,0
2017,9,25,0
2017,9,26,0
2017,9,27,20.682
2017,9,28,0
2017,9,29,0
2017,9,30,0.054932
2017,10,1,0
2017,10,2,0
2017,10,3,0.054932
2017,10,4,0.31586
2017,10,5,0.28839
2017,10,6,0
2017,10,7,0.24719
2017,10,8,0.89264
2017,10,9,1.3458
2017,10,10,4.8065
2017,10,11,14.708
2017,10,12,0.35706
2017,10,13,0.09613
2017,10,14,0
2017,10,15,0.09613
2017,10,16,0.78278
2017,10,17,60.219
2017,10,18,13.074
2017,10,19,0
2017,10,20,2.5818
2017,10,21,0.23346
2017,10,22,0
2017,10,23,2.2865
2017,10,24,36.351
2017,10,25,16.479
2017,10,26,30.872
2017,10,27,12.895
2017,10,28,0
2017,10,29,0
2017,10,30,62.718
2017,10,31,26.34
2017,11,1,0.013733
2017,11,2,0.041199
2017,11,3,1.4557
2017,11,4,0.45319
2017,11,5,0
2017,11,6,0
2017,11,7,0.027466
2017,11,8,0
2017,11,9,0
2017,11,10,0.054932
2017,11,11,0.74158
2017,11,12,1.7853
2017,11,13,5.6992
2017,11,14,1.3458
2017,11,15,0.30212
2017,11,16,0
2017,11,17,0
2017,11,18,0.013733
2017,11,19,0.65918
2017,11,20,67.374
2017,11,21,0
2017,11,22,0.068665
2017,11,23,0.10986
2017,11,24,0.16479
2017,11,25,0
2017,11,26,0
2017,11,27,0
2017,11,28,0
2017,11,29,0
2017,11,30,0.027466
2017,12,1,0.027466
2017,12,2,0
2017,12,3,0
2017,12,4,0
2017,12,5,0.10986
2017,12,6,0
2017,12,7,0
2017,12,8,0.013733
2017,12,9,0.082397
2017,12,10,0
2017,12,11,0.52185
2017,12,12,0.63171
2017,12,13,0
2017,12,14,6.1798
2017,12,15,0.43945
2017,12,16,5.6717
2017,12,17,2.3071
2017,12,18,0.50812
2017,12,19,0
2017,12,20,0.26093
2017,12,21,0.013733
2017,12,22,0
2017,12,23,0
2017,12,24,0.13733
2017,12,25,0.9201
2017,12,26,0.57678
2017,12,27,8.9264
2017,12,28,1.0437
2017,12,29,19.556
2017,12,30,11.948
2017,12,31,1.9638
2018,1,1,0
2018,1,2,0
2018,1,3,0
2018,1,4,0
2018,1,5,0
2018,1,6,0
2018,1,7,0
2018,1,8,2.7328
2018,1,9,0.49438
2018,1,10,1.3046
2018,1,11,5.9601
2018,1,12,30.103
2018,1,13,51.526
2018,1,14,22.906
2018,1,15,0.98877
2018,1,16,12.607
2018,1,17,1.5656
2018,1,18,2.1149
2018,1,19,0.52185
2018,1,20,2.5269
2018,1,21,0.49438
2018,1,22,0.63171
2018,1,23,0
2018,1,24,0.10986
2018,1,25,0
2018,1,26,0.082397
2018,1,27,3.2822
2018,1,28,2.5818
2018,1,29,1.0574
2018,1,30,0.23346
2018,1,31,0
2018,2,1,0.054932
2018,2,2,0.068665
2018,2,3,1.0025
2018,2,4,0.20599
2018,2,5,0.0068665
2018,2,6,0
2018,2,7,0
2018,2,8,0.13733
2018,2,9,0
2018,2,10,0
2018,2,11,0
2018,2,12,0.041199
2018,2,13,0
2018,2,14,0.13733
2018,2,15,0
2018,2,16,0
2018,2,17,0
2018,2,18,0
2018,2,19,0.30212
2018,2,20,0
2018,2,21,16.795
2018,2,22,0.38452
2018,2,23,0.054932
2018,2,24,0
2018,2,25,0
2018,2,26,43.451
2018,2,27,0
2018,2,28,0
2018,3,1,0
2018,3,2,1.0574
2018,3,3,0
2018,3,4,0.19226
2018,3,5,0.09613
2018,3,6,0.027466
2018,3,7,0.17853
2018,3,8,2.4307
2018,3,9,2.8839
2018,3,10,1.9157
2018,3,11,0.39825
2018,3,12,0.082397
2018,3,13,0.020599
2018,3,14,0.43945
2018,3,15,1.3046
2018,3,16,0.74158
2018,3,17,0
2018,3,18,0.10986
2018,3,19,0.054932
2018,3,20,0.068665
2018,3,21,1.9501
2018,3,22,0.16479
2018,3,23,6.2347
2018,3,24,20.544
2018,3,25,22.343
2018,3,26,7.5806
2018,3,27,0.26093
2018,3,28,2.7328
2018,3,29,0
2018,3,30,0
2018,3,31,0
2018,4,1,1.0986
2018,4,2,0.98877
2018,4,3,0
2018,4,4,0
2018,4,5,0
2018,4,6,0.041199
2018,4,7,0
2018,4,8,0
2018,4,9,0
2018,4,10,0
2018,4,11,0
2018,4,12,0.054932
2018,4,13,0.50812
2018,4,14,3.0899
2018,4,15,1.2085
2018,4,16,23.875
2018,4,17,8.226
2018,4,18,1.181
2018,4,19,32.3
2018,4,20,2.1011
2018,4,21,0.38452
2018,4,22,0
2018,4,23,0.020599
2018,4,24,0.52185
2018,4,25,0.20599
2018,4,26,0.17853
2018,4,27,1.6068
2018,4,28,1.3733
2018,4,29,9.9701
2018,4,30,0
2018,5,1,1.7166
2018,5,2,0.054932
2018,5,3,7.5256
2018,5,4,0
2018,5,5,0
2018,5,6,0.16479
2018,5,7,1.0849
2018,5,8,0.35706
2018,5,9,88.728
2018,5,10,11.124
2018,5,11,21.808
2018,5,12,8.4595
2018,5,13,5.3558
2018,5,14,1.0574
2018,5,15,16.301
2018,5,16,43.616
2018,5,17,3.8452
2018,5,18,1.1536
2018,5,19,12.593
2018,5,20,0
2018,5,21,6.6055
2018,5,22,4.2847
2018,5,23,5.3833
2018,5,24,1.9638
2018,5,25,0
2018,5,26,0
2018,5,27,0.37079
2018,5,28,0.17853
2018,5,29,0.0068665
2018,5,30,0
2018,5,31,0.68665
2018,6,1,0.041199
2018,6,2,0
2018,6,3,0.041199
2018,6,4,0.013733
2018,6,5,1.3046
2018,6,6,0
2018,6,7,0
2018,6,8,0
2018,6,9,0.49438
2018,6,10,6.6536
2018,6,11,2.3071
2018,6,12,2.4445
2018,6,13,0.1442
2018,6,14,6.0837
2018,6,15,0
2018,6,16,0
2018,6,17,3.0487
2018,6,18,0
2018,6,19,0.10986
2018,6,20,1.9363
2018,6,21,0
2018,6,22,0.53558
2018,6,23,0
2018,6,24,0
2018,6,25,0
2018,6,26,0
2018,6,27,1.0574
2018,6,28,0
2018,6,29,0
2018,6,30,0.048065
2018,7,1,2.4101
2018,7,2,1.387
2018,7,3,0.26093
2018,7,4,0
2018,7,5,0
2018,7,6,0
2018,7,7,0
2018,7,8,0
2018,7,9,0
2018,7,10,0
2018,7,11,0
2018,7,12,0
2018,7,13,1.4969
2018,7,14,2.1286
2018,7,15,0
2018,7,16,0
2018,7,17,0.013733
2018,7,18,0.13733
2018,7,19,0
2018,7,20,0
2018,7,21,0
2018,7,22,0
2018,7,23,0
2018,7,24,0.013733
2018,7,25,0.40512
2018,7,26,0
2018,7,27,0
2018,7,28,0
2018,7,29,0
2018,7,30,0
2018,7,31,0
2018,8,1,0
2018,8,2,0.054932
2018,8,3,0
2018,8,4,2.3895
2018,8,5,0.87891
2018,8,6,0
2018,8,7,0
2018,8,8,4.0718
2018,8,9,0
2018,8,10,0
2018,8,11,0
2018,8,12,0
2018,8,13,0
2018,8,14,0
2018,8,15,0
2018,8,16,0
2018,8,17,0
2018,8,18,2.5681
2018,8,19,0
2018,8,20,0
2018,8,21,0.74158
2018,8,22,0
2018,8,23,0
2018,8,24,0
2018,8,25,0
2018,8,26,0.09613
2018,8,27,0.67291
2018,8,28,7.3746
2018,8,29,0
2018,8,30,0
2018,8,31,0
2018,9,1,0
2018,9,2,0
2018,9,3,0.027466
2018,9,4,1.387
2018,9,5,1.8127
2018,9,6,7.3883
2018,9,7,4.5731
2018,9,8,10.382
2018,9,9,19.137
2018,9,10,4.2297
2018,9,11,0.027466
2018,9,12,0
2018,9,13,0
2018,9,14,15.656
2018,9,15,0.63171
2018,9,16,0
2018,9,17,0
2018,9,18,0
2018,9,19,0
2018,9,20,0
2018,9,21,0
2018,9,22,0
2018,9,23,0.082397
2018,9,24,0
2018,9,25,0.13733
2018,9,26,11.92
2018,9,27,70.23
2018,9,28,0.054932
2018,9,29,0.068665
2018,9,30,0.41199
2018,10,1,0.013733
2018,10,2,0.85144
2018,10,3,0.54932
2018,10,4,0
2018,10,5,0.068665
2018,10,6,13.623
2018,10,7,2.7328
2018,10,8,2.5955
2018,10,9,7.5531
2018,10,10,32.822
2018,10,11,0.74158
2018,10,12,11.879
2018,10,13,3.6804
2018,10,14,0.30212
2018,10,15,0.43945
2018,10,16,0.9613
2018,10,17,0.67978
2018,10,18,52.185
2018,10,19,47.461
2018,10,20,17.056
2018,10,21,18.457
2018,10,22,8.4045
2018,10,23,0.60425
2018,10,24,20.105
2018,10,25,11.124
2018,10,26,0.15106
2018,10,27,0
2018,10,28,0
2018,10,29,0
2018,10,30,0
2018,10,31,0
2018,11,1,0.068665
2018,11,2,4.1336
2018,11,3,7.5943
2018,11,4,0.013733
2018,11,5,0
2018,11,6,0
2018,11,7,0
2018,11,8,0
2018,11,9,0
2018,11,10,0.041199
2018,11,11,0.19226
2018,11,12,0.09613
2018,11,13,0.9613
2018,11,14,0.31586
2018,11,15,0.054932
2018,11,16,0
2018,11,17,0
2018,11,18,0.34332
2018,11,19,0
2018,11,20,0.1236
2018,11,21,0.32959
2018,11,22,0
2018,11,23,0
2018,11,24,0.09613
2018,11,25,4.8477
2018,11,26,20.819
2018,11,27,6.7154
2018,11,28,21.808
2018,11,29,25.722
2018,11,30,19.254
2018,12,1,20.613
2018,12,2,2.1835
2018,12,3,0
2018,12,4,0
2018,12,5,0.9613
2018,12,6,1.799
2018,12,7,0
2018,12,8,0
2018,12,9,0
2018,12,10,0
2018,12,11,22.687
2018,12,12,23.195
2018,12,13,1.4145
2018,12,14,0
2018,12,15,0
2018,12,16,0
2018,12,17,0
2018,12,18,0
2018,12,19,0
2018,12,20,0
2018,12,21,0.24719
2018,12,22,0.65918
2018,12,23,0.54932
2018,12,24,0.13733
2018,12,25,1.9501
2018,12,26,0.082397
2018,12,27,0.10986
2018,12,28,0.46692
2018,12,29,3.3783
2018,12,30,0
2018,12,31,5.5206
2019,1,1,24.074
2019,1,2,0.92697
2019,1,3,1.6068
2019,1,4,2.4445
2019,1,5,18.766
2019,1,6,2.623
2019,1,7,0
2019,1,8,0
2019,1,9,0
2019,1,10,0
2019,1,11,0.027466
2019,1,12,0.21973
2019,1,13,0.013733
2019,1,14,0.10986
2019,1,15,0.041199
2019,1,16,0.054932
2019,1,17,0.43945
2019,1,18,0
2019,1,19,0
2019,1,20,0.27466
2019,1,21,0.041199
2019,1,22,12.744
2019,1,23,94.18
2019,1,24,14.502
2019,1,25,0.16479
2019,1,26,0
2019,1,27,3.7766
2019,1,28,0.49438
2019,1,29,0.0068665
2019,1,30,0.013733
2019,1,31,0.034332
2019,2,1,0
2019,2,2,0
2019,2,3,0
2019,2,4,0
2019,2,5,0.1236
2019,2,6,0
2019,2,7,0
2019,2,8,0
2019,2,9,0
2019,2,10,0
2019,2,11,0
2019,2,12,0
2019,2,13,0
2019,2,14,0
2019,2,15,0.041199
2019,2,16,0.17853
2019,2,17,0.15106
2019,2,18,0.87891
2019,2,19,3.8452
2019,2,20,3.9139
2019,2,21,8.075
2019,2,22,29.292
2019,2,23,0
2019,2,24,0.35706
2019,2,25,1.6754
2019,2,26,16.267
2019,2,27,0.027466
2019,2,28,1.9775
2019,3,1,0.72784
2019,3,2,1.4008
2019,3,3,1.2772
2019,3,4,7.9788
2019,3,5,0.26093
2019,3,6,5.5618
2019,3,7,2.98
2019,3,8,2.1149
2019,3,9,0.21973
2019,3,10,0.18539
2019,3,11,0.83084
2019,3,12,4.7653
2019,3,13,1.9226
2019,3,14,0.82397
2019,3,15,0
2019,3,16,0.19226
2019,3,17,0
2019,3,18,0
2019,3,19,0.46692
2019,3,20,0.19226
2019,3,21,0.59052
2019,3,22,0
2019,3,23,0
2019,3,24,0.027466
2019,3,25,0
2019,3,26,0.027466
2019,3,27,0
2019,3,28,0.28839
2019,3,29,13.898
2019,3,30,0.53558
2019,3,31,0
2019,4,1,0
2019,4,2,0.23346
2019,4,3,1.03
2019,4,4,1.9913
2019,4,5,0
2019,4,6,2.2797
2019,4,7,1.1536
2019,4,8,2.7054
2019,4,9,3.804
2019,4,10,4.1199
2019,4,11,0.027466
2019,4,12,2.8839
2019,4,13,7.7179
2019,4,14,17.448
2019,4,15,0.42572
2019,4,16,3.0487
2019,4,17,0.054932
2019,4,18,0
2019,4,19,0
2019,4,20,0
2019,4,21,5.2185
2019,4,22,0
2019,4,23,2.0599
2019,4,24,0
2019,4,25,2.8152
2019,4,26,0.027466
2019,4,27,1.133
2019,4,28,0
2019,4,29,9.8602
2019,4,30,1.7029
2019,5,1,0.85144
2019,5,2,0
2019,5,3,0
2019,5,4,0.59052
2019,5,5,17.75
2019,5,6,0.013733
2019,5,7,0
2019,5,8,0
2019,5,9,0
2019,5,10,0.061798
2019,5,11,0.94757
2019,5,12,2.9938
2019,5,13,0
2019,5,14,0
2019,5,15,0.041199
2019,5,16,0.85144
2019,5,17,0
2019,5,18,0
2019,5,19,0
2019,5,20,0
2019,5,21,0
2019,5,22,0
2019,5,23,0
2019,5,24,0.068665
2019,5,25,0.075531
2019,5,26,0.054932
2019,5,27,0
2019,5,28,0
2019,5,29,0.61798
2019,5,30,1.8127
2019,5,31,0
2019,6,1,0
2019,6,2,2.4994
2019,6,3,0
2019,6,4,1.0643
2019,6,5,31.366
2019,6,6,14.626
2019,6,7,0.85144
2019,6,8,0.10986
2019,6,9,10.533
2019,6,10,0.23346
2019,6,11,2.3621
2019,6,12,0
2019,6,13,0
2019,6,14,0
2019,6,15,0
2019,6,16,0
2019,6,17,0
2019,6,18,0.048065
2019,6,19,0
2019,6,20,0
2019,6,21,0
2019,6,22,14.028
2019,6,23,0
2019,6,24,0
2019,6,25,0
2019,6,26,2.4033
2019,6,27,0.054932
2019,6,28,0.10986
2019,6,29,0
2019,6,30,0.013733
2019,7,1,0
2019,7,2,0
2019,7,3,0
2019,7,4,0.041199
2019,7,5,0.53558
2019,7,6,0.013733
2019,7,7,0.054932
2019,7,8,0
2019,7,9,0
2019,7,10,0
2019,7,11,0
2019,7,12,2.2797
2019,7,13,0
2019,7,14,0
2019,7,15,0.09613
2019,7,16,0.041199
2019,7,17,0
2019,7,18,0
2019,7,19,0
2019,7,20,0.089264
2019,7,21,0
2019,7,22,0.048065
2019,7,23,0.17853
2019,7,24,1.3458
2019,7,25,2.3346
2019,7,26,0
2019,7,27,0.075531
2019,7,28,0
2019,7,29,0
2019,7,30,2.5681
2019,7,31,0.16479
2019,8,1,0
2019,8,2,0
2019,8,3,0.19226
2019,8,4,1.6342
2019,8,5,1.5656
2019,8,6,0.27466
2019,8,7,1.3184
2019,8,8,0.74158
2019,8,9,0
2019,8,10,0.37079
2019,8,11,0.054932
2019,8,12,0
2019,8,13,0
2019,8,14,0
2019,8,15,0.0068665
2019,8,16,0.034332
2019,8,17,0.32959
2019,8,18,0.37079
2019,8,19,0.74158
2019,8,20,0
2019,8,21,2.7672
2019,8,22,9.0843
2019,8,23,1.6754
2019,8,24,0
2019,8,25,0
2019,8,26,1.7303
2019,8,27,4.1473
2019,8,28,0.020599
2019,8,29,0
2019,8,30,0
2019,8,31,0
2019,9,1,0
2019,9,2,0
2019,9,3,0.30899
2019,9,4,1.3596
2019,9,5,10.602
2019,9,6,0.054932
2019,9,7,0.81711
2019,9,8,0
2019,9,9,0
2019,9,10,0
2019,9,11,0.013733
2019,9,12,0.24719
2019,9,13,0
2019,9,14,0
2019,9,15,0
2019,9,16,0
2019,9,17,0
2019,9,18,0
2019,9,19,0
2019,9,20,0.027466
2019,9,21,0.19226
2019,9,22,0.082397
2019,9,23,0.27466
2019,9,24,0.52185
2019,9,25,1.9226
2019,9,26,66.66
2019,9,27,5.397
2019,9,28,0
2019,9,29,0
2019,9,30,0
2019,10,1,0.034332
2019,10,2,0.10986
2019,10,3,0.15106
2019,10,4,0.25406
2019,10,5,2.5818
2019,10,6,4.8615
2019,10,7,4.01
2019,10,8,0.17853
2019,10,9,3.55
2019,10,10,9.9976
2019,10,11,0
2019,10,12,8.5968
2019,10,13,0.013733
2019,10,14,0.027466
2019,10,15,0.041199
2019,10,16,0.054932
2019,10,17,1.2085
2019,10,18,6.7429
2019,10,19,0
2019,10,20,2.5131
2019,10,21,12.126
2019,10,22,35.101
2019,10,23,1.9913
2019,10,24,15.34
2019,10,25,0.054932
2019,10,26,0.43945
2019,10,27,0.061798
2019,10,28,0
2019,10,29,0.43945
2019,10,30,0
2019,10,31,0
2019,11,1,0
2019,11,2,0.10986
2019,11,3,0
2019,11,4,0
2019,11,5,0
2019,11,6,3.186
2019,11,7,0
2019,11,8,0
2019,11,9,0
2019,11,10,0
2019,11,11,0
2019,11,12,0
2019,11,13,0
2019,11,14,0
2019,11,15,0
2019,11,16,0
2019,11,17,0
2019,11,18,0
2019,11,19,0
2019,11,20,0.027466
2019,11,21,0.027466
2019,11,22,0
2019,11,23,1.3733
2019,11,24,0.41199
2019,11,25,0.09613
2019,11,26,0.71411
2019,11,27,0
2019,11,28,0
2019,11,29,0
2019,11,30,0.10986
2019,12,1,0.31586
2019,12,2,0
2019,12,3,0.17853
2019,12,4,48.216
2019,12,5,53.929
2019,12,6,2.6505
2019,12,7,0.64545
2019,12,8,1.0574
2019,12,9,0
2019,12,10,0
2019,12,11,0
2019,12,12,0.054932
2019,12,13,0
2019,12,14,0.19226
2019,12,15,0
2019,12,16,0
2019,12,17,0
2019,12,18,0
2019,12,19,0
2019,12,20,0
2019,12,21,0.21973
2019,12,22,0
2019,12,23,0
2019,12,24,0
2019,12,25,0.56305
2019,12,26,4.5044
2019,12,27,0.19226
2019,12,28,0.59052
2019,12,29,22.522
2019,12,30,1.6205
2019,12,31,19.034
2020,1,1,0.054932
2020,1,2,0
2020,1,3,0
2020,1,4,0
2020,1,5,2.1698
2020,1,6,5.3833
2020,1,7,6.7841
2020,1,8,3.5019
2020,1,9,18.361
2020,1,10,8.7616
2020,1,11,0.50812
2020,1,12,0.027466
2020,1,13,0.054932
2020,1,14,0.054932
2020,1,15,0.027466
2020,1,16,0
2020,1,17,0
2020,1,18,0
2020,1,19,0.87891
2020,1,20,2.9388
2020,1,21,0.75531
2020,1,22,0
2020,1,23,0
2020,1,24,0
2020,1,25,0.027466
2020,1,26,0
2020,1,27,0
2020,1,28,0
2020,1,29,0
2020,1,30,0.10986
2020,1,31,0.64545
2020,2,1,0.31586
2020,2,2,0.31586
2020,2,3,30.267
2020,2,4,42.792
2020,2,5,0.027466
2020,2,6,5.397
2020,2,7,0
2020,2,8,0
2020,2,9,0
2020,2,10,0
2020,2,11,0
2020,2,12,0
2020,2,13,0
2020,2,14,0
2020,2,15,0.041199
2020,2,16,1.6068
2020,2,17,0.63171
2020,2,18,0
2020,2,19,0
2020,2,20,0
2020,2,21,0
2020,2,22,1.1192
2020,2,23,0.43259
2020,2,24,0
2020,2,25,0
2020,2,26,0
2020,2,27,0
2020,2,28,0
2020,2,29,0
2020,3,1,0
2020,3,2,0.013733
2020,3,3,0
2020,3,4,0
2020,3,5,0.1236
2020,3,6,0
2020,3,7,0
2020,3,8,0
2020,3,9,0
2020,3,10,0.09613
2020,3,11,0
2020,3,12,0
2020,3,13,4.5044
2020,3,14,0
2020,3,15,0
2020,3,16,0
2020,3,17,0
2020,3,18,0
2020,3,19,0
2020,3,20,0.027466
2020,3,21,0
2020,3,22,0
2020,3,23,0
2020,3,24,0.21973
2020,3,25,9.5444
2020,3,26,5.658
2020,3,27,0.42572
2020,3,28,2.0805
2020,3,29,2.7328
2020,3,30,0
2020,3,31,0
2020,4,1,19.926
2020,4,2,0
2020,4,3,2.1286
2020,4,4,7.0038
2020,4,5,4.2847
2020,4,6,0.26093
2020,4,7,0
2020,4,8,0
2020,4,9,0
2020,4,10,0
2020,4,11,4.0649
2020,4,12,0
2020,4,13,0.1236
2020,4,14,0.027466
2020,4,15,0.082397
2020,4,16,0.76218
2020,4,17,0.9201
2020,4,18,0.70724
2020,4,19,0.32959
2020,4,20,1.1948
2020,4,21,0
2020,4,22,0
2020,4,23,0
2020,4,24,0.082397
2020,4,25,0.027466
2020,4,26,0.17853
2020,4,27,0
2020,4,28,0
2020,4,29,0
2020,4,30,0
2020,5,1,0
2020,5,2,0
2020,5,3,0
2020,5,4,0
2020,5,5,0
2020,5,6,0
2020,5,7,0
2020,5,8,0
2020,5,9,0
2020,5,10,0
2020,5,11,0
2020,5,12,0
2020,5,13,0
2020,5,14,0
2020,5,15,0
2020,5,16,0
2020,5,17,0.21973
2020,5,18,0.31586
2020,5,19,0
2020,5,20,0
2020,5,21,0
2020,5,22,0
2020,5,23,0.027466
2020,5,24,0
2020,5,25,1.3046
2020,5,26,6.2485
2020,5,27,0
2020,5,28,0
2020,5,29,1.3458
2020,5,30,0.13733
2020,5,31,0.93384
2020,6,1,3.1174
2020,6,2,0
2020,6,3,0
2020,6,4,0
2020,6,5,0
2020,6,6,0
2020,6,7,0.013733
2020,6,8,0.054932
2020,6,9,0
2020,6,10,0.013733
2020,6,11,0
2020,6,12,0
2020,6,13,0
2020,6,14,0
2020,6,15,0.027466
2020,6,16,0
2020,6,17,0
2020,6,18,0.013733
2020,6,19,0
2020,6,20,0.075531
2020,6,21,1.1124
2020,6,22,0.054932
2020,6,23,0.27466
2020,6,24,0.30212
2020,6,25,0
2020,6,26,0.1236
2020,6,27,0
2020,6,28,0
2020,6,29,0
2020,6,30,0
2020,7,1,0.0068665
2020,7,2,0
2020,7,3,0.013733
2020,7,4,1.0025
2020,7,5,0
2020,7,6,0
2020,7,7,0
2020,7,8,0
2020,7,9,0
2020,7,10,0.048065
2020,7,11,0
2020,7,12,0
2020,7,13,0
2020,7,14,0.22659
2020,7,15,0
2020,7,16,0
2020,7,17,0.16479
2020,7,18,0
2020,7,19,0
2020,7,20,1.0437
2020,7,21,0
2020,7,22,0
2020,7,23,0
2020,7,24,0
2020,7,25,2.2934
2020,7,26,0
2020,7,27,0
2020,7,28,0
2020,7,29,6.1386
2020,7,30,0.061798
2020,7,31,0.36392
2020,8,1,1.133
2020,8,2,0
2020,8,3,0
2020,8,4,0
2020,8,5,3.9551
2020,8,6,1.6685
2020,8,7,0
2020,8,8,0
2020,8,9,0.33646
2020,8,10,0.78278
2020,8,11,1.181
2020,8,12,0
2020,8,13,0
2020,8,14,0
2020,8,15,0
2020,8,16,22.591
2020,8,17,0.34332
2020,8,18,1.1398
2020,8,19,0
2020,8,20,0
2020,8,21,0
2020,8,22,0
2020,8,23,8.8852
2020,8,24,5.0674
2020,8,25,0.027466
2020,8,26,0
2020,8,27,0
2020,8,28,0
2020,8,29,0
2020,8,30,0
2020,8,31,0
2020,9,1,0
2020,9,2,0
2020,9,3,0
2020,9,4,0
2020,9,5,0.10986
2020,9,6,24.857
2020,9,7,29.773
2020,9,8,33.275
2020,9,9,58.694
2020,9,10,110.3
2020,9,11,10.89
2020,9,12,0.013733
2020,9,13,9.1461
2020,9,14,83.592
2020,9,15,27.534
2020,9,16,10.643
2020,9,17,19.686
2020,9,18,12.415
2020,9,19,81.793
2020,9,20,23.785
2020,9,21,1.6068
2020,9,22,2.0325
2020,9,23,0
2020,9,24,0
2020,9,25,0.59052
2020,9,26,0.27466
2020,9,27,0
2020,9,28,0.054932
2020,9,29,0
2020,9,30,6.5781
2020,10,1,31.503
2020,10,2,0.068665
2020,10,3,0.054932
2020,10,4,0.45319
2020,10,5,0.26093
2020,10,6,19.514
2020,10,7,0
2020,10,8,0
2020,10,9,0
2020,10,10,0.82397
2020,10,11,0.013733
2020,10,12,0
2020,10,13,0
2020,10,14,0.26093
2020,10,15,0
2020,10,16,0
2020,10,17,0
2020,10,18,0
2020,10,19,0
2020,10,20,0
2020,10,21,0
2020,10,22,1.9226
2020,10,23,0
2020,10,24,0.34332
2020,10,25,0.35706
2020,10,26,0.52185
2020,10,27,13.252
2020,10,28,0
2020,10,29,4.5868
2020,10,30,0.1236
2020,10,31,0.082397
2020,11,1,0.054932
2020,11,2,0
2020,11,3,0
2020,11,4,0
2020,11,5,0.56305
2020,11,6,0.70038
2020,11,7,9.668
2020,11,8,7.1411
2020,11,9,0
2020,11,10,0
2020,11,11,0
2020,11,12,0
2020,11,13,9.9152
2020,11,14,12.579
2020,11,15,4.7379
2020,11,16,2.211
2020,11,17,5.6854
2020,11,18,1.4282
2020,11,19,0
2020,11,20,0
2020,11,21,0.041199
2020,11,22,0.21973
2020,11,23,0.13733
2020,11,24,0.068665
2020,11,25,10.629
2020,11,26,3.4058
2020,11,27,7.4707
2020,11,28,0.76904
2020,11,29,29.787
2020,11,30,3.3234
2020,12,1,0.054932
2020,12,2,6.8665
2020,12,3,0.013733
2020,12,4,0.15106
2020,12,5,0.43945
2020,12,6,4.9026
2020,12,7,10.849
2020,12,8,0.027466
2020,12,9,6.0425
2020,12,10,2.6505
2020,12,11,0.013733
2020,12,12,0.54932
2020,12,13,8.5556
2020,12,14,0
2020,12,15,0
2020,12,16,0.027466
2020,12,17,0
2020,12,18,4.2023
2020,12,19,1.4008
2020,12,20,0
2020,12,21,0.054932
2020,12,22,24.925
2020,12,23,2.2247
2020,12,24,0
2020,12,25,4.2847
2020,12,26,0.068665
2020,12,27,2.0325
2020,12,28,0
2020,12,29,0
2020,12,30,0
2020,12,31,0
2021,1,1,0
2021,1,2,0
2021,1,3,0
2021,1,4,0
2021,1,5,0
2021,1,6,0
2021,1,7,0
2021,1,8,1.8951
2021,1,9,3.4607
2021,1,10,15.93
2021,1,11,11.673
2021,1,12,2.5681
2021,1,13,4.7516
2021,1,14,13.939
2021,1,15,23.923
2021,1,16,0
2021,1,17,0
2021,1,18,0
2021,1,19,0
2021,1,20,0
2021,1,21,20.297
2021,1,22,18.883
2021,1,23,0
2021,1,24,1.9226
2021,1,25,9.9014
2021,1,26,53.998
2021,1,27,0.10986
2021,1,28,0
2021,1,29,4.2847
2021,1,30,0
2021,1,31,0
2021,2,1,0.53558
2021,2,2,0
2021,2,3,0.027466
2021,2,4,0.041199
2021,2,5,0
2021,2,6,0.013733
2021,2,7,0.79651
2021,2,8,0.054932
2021,2,9,0
2021,2,10,2.1698
2021,2,11,0
2021,2,12,0
2021,2,13,0
2021,2,14,0
2021,2,15,0.10986
2021,2,16,0
2021,2,17,0
2021,2,18,0
2021,2,19,0
2021,2,20,0
2021,2,21,0
2021,2,22,0
2021,2,23,0
2021,2,24,0.13733
2021,2,25,0
2021,2,26,0
2021,2,27,0
2021,2,28,0
2021,3,1,0.27466
2021,3,2,0.013733
2021,3,3,0.9613
2021,3,4,0
2021,3,5,0.1236
2021,3,6,0.13733
2021,3,7,0
2021,3,8,0.39825
2021,3,9,0.013733
2021,3,10,0
2021,3,11,0
2021,3,12,0
2021,3,13,0
2021,3,14,0
2021,3,15,0
2021,3,16,0
2021,3,17,0.013733
2021,3,18,0
2021,3,19,0
2021,3,20,0
2021,3,21,0
2021,3,22,2.9732
2021,3,23,0
2021,3,24,0
2021,3,25,0
2021,3,26,0
2021,3,27,0
2021,3,28,0
2021,3,29,0.027466
2021,3,30,0.20599
2021,3,31,0.23346
2021,4,1,0.41199
2021,4,2,0
2021,4,3,0.041199
2021,4,4,0
2021,4,5,0
2021,4,6,0
2021,4,7,0
2021,4,8,0
2021,4,9,0
2021,4,10,0
2021,4,11,0
2021,4,12,4.6143
2021,4,13,0
2021,4,14,0.054932
2021,4,15,0.10986
2021,4,16,0.027466
2021,4,17,0.020599
2021,4,18,0
2021,4,19,0.1236
2021,4,20,11.906
2021,4,21,11.755
2021,4,22,2.9251
2021,4,23,0
2021,4,24,0
2021,4,25,0
2021,4,26,0
2021,4,27,0
2021,4,28,0
2021,4,29,0.068665
2021,4,30,29.526
2021,5,1,12.751
2021,5,2,9.8602
2021,5,3,1.6205
2021,5,4,6.3171
2021,5,5,8.0475
2021,5,6,0.90637
2021,5,7,1.9501
2021,5,8,18.086
2021,5,9,1.181
2021,5,10,2.623
2021,5,11,9.9838
2021,5,12,0.68665
2021,5,13,1.7578
2021,5,14,7.7454
2021,5,15,0.15106
2021,5,16,0.013733
2021,5,17,4.4632
2021,5,18,0
2021,5,19,0
2021,5,20,0
2021,5,21,0
2021,5,22,0
2021,5,23,0
2021,5,24,0
2021,5,25,0
2021,5,26,0.054932
2021,5,27,2.3621
2021,5,28,21.959
2021,5,29,2.4101
2021,5,30,0
2021,5,31,0.0068665
2021,6,1,1.9089
2021,6,2,0.068665
2021,6,3,0
2021,6,4,0.10986
2021,6,5,0
2021,6,6,0
2021,6,7,0
2021,6,8,0.59052
2021,6,9,0
2021,6,10,0
2021,6,11,0.034332
2021,6,12,0.64545
2021,6,13,2.2522
2021,6,14,0.57678
2021,6,15,0
2021,6,16,0
2021,6,17,3.0212
2021,6,18,7.7866
2021,6,19,1.6205
2021,6,20,0
2021,6,21,0
2021,6,22,0
2021,6,23,0.89264
2021,6,24,0
2021,6,25,0
2021,6,26,0
2021,6,27,0
2021,6,28,0
2021,6,29,0
2021,6,30,0
2021,7,1,0.027466
2021,7,2,0.013733
2021,7,3,0
2021,7,4,2.98
2021,7,5,3.3096
2021,7,6,0
2021,7,7,0
2021,7,8,0
2021,7,9,0
2021,7,10,0
2021,7,11,0.054932
2021,7,12,13.554
2021,7,13,0.082397
2021,7,14,0
2021,7,15,0
2021,7,16,0
2021,7,17,0
2021,7,18,0
2021,7,19,3.1036
2021,7,20,9.6542
2021,7,21,0
2021,7,22,0
2021,7,23,0
2021,7,24,0
2021,7,25,0
2021,7,26,0
2021,7,27,0.31586
2021,7,28,0.75531
2021,7,29,0
2021,7,30,1.8677
2021,7,31,0
2021,8,1,0
2021,8,2,0.78964
2021,8,3,1.2909
2021,8,4,0.24719
2021,8,5,0
2021,8,6,0
2021,8,7,0.42572
2021,8,8,0.49438
2021,8,9,0
2021,8,10,0
2021,8,11,0
2021,8,12,0.027466
2021,8,13,0.17853
2021,8,14,0
2021,8,15,0
2021,8,16,0.10986
2021,8,17,0.0068665
2021,8,18,0.068665
2021,8,19,0
2021,8,20,0
2021,8,21,3.9345
2021,8,22,3.4332
2021,8,23,5.5344
2021,8,24,0
2021,8,25,0
2021,8,26,0
2021,8,27,0
2021,8,28,17.949
2021,8,29,56.511
2021,8,30,0.11673
2021,8,31,0
2021,9,1,0
2021,9,2,0
2021,9,3,0
2021,9,4,0
2021,9,5,0.0068665
2021,9,6,0.013733
2021,9,7,0.10986
2021,9,8,0
2021,9,9,0
2021,9,10,0.027466
2021,9,11,0.15106
2021,9,12,0.10986
2021,9,13,0
2021,9,14,0
2021,9,15,0
2021,9,16,0
2021,9,17,0
2021,9,18,0.52185
2021,9,19,0
2021,9,20,0
2021,9,21,0.020599
2021,9,22,0.82397
2021,9,23,31.448
2021,9,24,4.9438
2021,9,25,0
2021,9,26,0
2021,9,27,0
2021,9,28,1.7372
2021,9,29,27.411
2021,9,30,0
2021,10,1,0
2021,10,2,0
2021,10,3,0
2021,10,4,0
2021,10,5,0
2021,10,6,2.3071
2021,10,7,8.2123
2021,10,8,0
2021,10,9,0
2021,10,10,0.054932
2021,10,11,16.425
2021,10,12,0
2021,10,13,0.52185
2021,10,14,0
2021,10,15,3.9688
2021,10,16,25.049
2021,10,17,0.082397
2021,10,18,2.3895
2021,10,19,0.38452
2021,10,20,0.013733
2021,10,21,1.5793
2021,10,22,30.528
2021,10,23,12.881
2021,10,24,0
2021,10,25,21.78
2021,10,26,0.15106
2021,10,27,0.09613
2021,10,28,2.623
2021,10,29,0
2021,10,30,0
2021,10,31,0
2021,11,1,0
2021,11,2,0
2021,11,3,0.20599
2021,11,4,0
2021,11,5,0
2021,11,6,0.19226
2021,11,7,0.72784
2021,11,8,8.9676
2021,11,9,0.23346
2021,11,10,5.3009
2021,11,11,4.2297
2021,11,12,43.767
2021,11,13,67.813
2021,11,14,6.5094
2021,11,15,0.87891
2021,11,16,0
2021,11,17,0
2021,11,18,0.79651
2021,11,19,1.3046
2021,11,20,0
2021,11,21,13.486
2021,11,22,0.70038
2021,11,23,0
2021,11,24,0
2021,11,25,0.027466
2021,11,26,0.027466
2021,11,27,2.5269
2021,11,28,8.1161
2021,11,29,2.6917
2021,11,30,0.71411
2021,12,1,1.7029
2021,12,2,0
2021,12,3,0
2021,12,4,0
2021,12,5,3.3508
2021,12,6,10.121
2021,12,7,3.9551
2021,12,8,0
2021,12,9,0.76904
2021,12,10,53.036
2021,12,11,0.013733
2021,12,12,0.37079
2021,12,13,0.89264
2021,12,14,0
2021,12,15,0.23346
2021,12,16,0.54932
2021,12,17,0.38452
2021,12,18,3.6392
2021,12,19,0.10986
2021,12,20,1.3321
2021,12,21,0.20599
2021,12,22,0.57678
2021,12,23,0.38452
2021,12,24,0.19226
2021,12,25,0.041199
2021,12,26,0.013733
2021,12,27,0
2021,12,28,0
2021,12,29,0
2021,12,30,0
2021,12,31,0.013733
2022,1,1,19.336
2022,1,2,66.948
2022,1,3,1.7303
2022,1,4,0
2022,1,5,2.0599
2022,1,6,0
2022,1,7,0.35706
2022,1,8,0
2022,1,9,5.6854
2022,1,10,7.196
2022,1,11,0.38452
2022,1,12,0.013733
2022,1,13,2.6642
2022,1,14,2.0874
2022,1,15,5.9052
2022,1,16,0
2022,1,17,0
2022,1,18,0
2022,1,19,0.35706
2022,1,20,4.834
2022,1,21,0
2022,1,22,5.3146
2022,1,23,4.8889
2022,1,24,8.7341
2022,1,25,2.6779
2022,1,26,0.60425
2022,1,27,41.171
2022,1,28,7.0313
2022,1,29,0
2022,1,30,0
2022,1,31,0
2022,2,1,0.20599
2022,2,2,5.2872
2022,2,3,7.9514
2022,2,4,0.79651
2022,2,5,0.09613
2022,2,6,0.9613
2022,2,7,1.7578
2022,2,8,0
2022,2,9,0
2022,2,10,0
2022,2,11,0
2022,2,12,0
2022,2,13,0.87891
2022,2,14,8.1848
2022,2,15,11.151
2022,2,16,32.176
2022,2,17,7.0862
2022,2,18,12.181
2022,2,19,2.9388
2022,2,20,14.9
2022,2,21,0.38452
2022,2,22,0.20599
2022,2,23,1.1742
2022,2,24,0
2022,2,25,0.67291
2022,2,26,0.9613
2022,2,27,0.027466
2022,2,28,0.41199
2022,3,1,0.32959
2022,3,2,0
2022,3,3,0
2022,3,4,0.17853
2022,3,5,0.39825
2022,3,6,0.13733
2022,3,7,2.0874
2022,3,8,0.09613
2022,3,9,0
2022,3,10,0
2022,3,11,0
2022,3,12,0.041199
2022,3,13,0
2022,3,14,0
2022,3,15,0.013733
2022,3,16,0.027466
2022,3,17,0
2022,3,18,0
2022,3,19,0
2022,3,20,0.87204
2022,3,21,1.0712
2022,3,22,0.054932
2022,3,23,0.068665
2022,3,24,0
2022,3,25,0.0068665
2022,3,26,1.4626
2022,3,27,1.2772
2022,3,28,31.284
2022,3,29,0.041199
2022,3,30,5.0949
2022,3,31,0
2022,4,1,0
2022,4,2,1.0574
2022,4,3,0
2022,4,4,0.65918
2022,4,5,0.88577
2022,4,6,15.971
2022,4,7,1.0574
2022,4,8,0.43945
2022,4,9,2.6093
2022,4,10,0
2022,4,11,0
2022,4,12,0.60425
2022,4,13,0
2022,4,14,0.054932
2022,4,15,0.020599
2022,4,16,7.3471
2022,4,17,0.034332
2022,4,18,3.289
2022,4,19,0.1236
2022,4,20,10.478
2022,4,21,62.718
2022,4,22,5.1773
2022,4,23,2.4994
2022,4,24,29.292
2022,4,25,2.1973
2022,4,26,0.10986
2022,4,27,1.2222
2022,4,28,0.09613
2022,4,29,0
2022,4,30,0
2022,5,1,0
2022,5,2,1.8539
2022,5,3,2.7122
2022,5,4,0.46692
2022,5,5,3.4882
2022,5,6,3.0624
2022,5,7,35.843
2022,5,8,22.549
2022,5,9,0.34332
2022,5,10,0
2022,5,11,0
2022,5,12,42.86
2022,5,13,30.487
2022,5,14,7.7454
2022,5,15,6.4545
2022,5,16,0.10986
2022,5,17,10.876
2022,5,18,0.048065
2022,5,19,0
2022,5,20,0
2022,5,21,0.09613
2022,5,22,13.788
2022,5,23,19.514
2022,5,24,4.1885
2022,5,25,4.4769
2022,5,26,0
2022,5,27,0.30212
2022,5,28,0.31586
2022,5,29,1.4969
2022,5,30,0
2022,5,31,0.46692
2022,6,1,5.2048
2022,6,2,0
2022,6,3,0.16479
2022,6,4,2.1149
2022,6,5,0
2022,6,6,0
2022,6,7,0.082397
2022,6,8,0.1236
2022,6,9,0
2022,6,10,0
2022,6,11,0
2022,6,12,10.121
2022,6,13,0
2022,6,14,0
2022,6,15,0
2022,6,16,0
2022,6,17,0
2022,6,18,0
2022,6,19,0
2022,6,20,0
2022,6,21,0.020599
2022,6,22,1.9295
2022,6,23,0
2022,6,24,0
2022,6,25,0
2022,6,26,0
2022,6,27,0
2022,6,28,0
2022,6,29,0.054932
2022,6,30,0.40512
2022,7,1,0
2022,7,2,0
2022,7,3,0
2022,7,4,0
2022,7,5,0
2022,7,6,0
2022,7,7,0.9613
2022,7,8,0
2022,7,9,0.26093
2022,7,10,0.77591
2022,7,11,0
2022,7,12,0
2022,7,13,0
2022,7,14,0.19913
2022,7,15,0
2022,7,16,0
2022,7,17,0.47379
2022,7,18,0
2022,7,19,0
2022,7,20,0.0068665
2022,7,21,0.28839
2022,7,22,0
2022,7,23,0
2022,7,24,0.013733
2022,7,25,0.17853
2022,7,26,0.84457
2022,7,27,3.7216
2022,7,28,0
2022,7,29,6.221
2022,7,30,0
2022,7,31,0
2022,8,1,0
2022,8,2,0
2022,8,3,0.75531
2022,8,4,29.32
2022,8,5,0
2022,8,6,0
2022,8,7,0
2022,8,8,0
2022,8,9,0.23346
2022,8,10,0.13733
2022,8,11,0
2022,8,12,0
2022,8,13,0
2022,8,14,0
2022,8,15,0
2022,8,16,0
2022,8,17,0
2022,8,18,0
2022,8,19,0
2022,8,20,0
2022,8,21,0
2022,8,22,0
2022,8,23,0
2022,8,24,0
2022,8,25,0
2022,8,26,0.013733
2022,8,27,0
2022,8,28,0
2022,8,29,0
2022,8,30,0.103
2022,8,31,2.1973
2022,9,1,0.17853
2022,9,2,0.020599
2022,9,3,0
2022,9,4,0
2022,9,5,0
2022,9,6,0
2022,9,7,0
2022,9,8,0
2022,9,9,0
2022,9,10,0
2022,9,11,0
2022,9,12,0
2022,9,13,0.23346
2022,9,14,0.034332
2022,9,15,7.5119
2022,9,16,0
2022,9,17,0
2022,9,18,0
2022,9,19,0.027466
2022,9,20,53.146
2022,9,21,0
2022,9,22,0.48752
2022,9,23,0.013733
2022,9,24,0
2022,9,25,0
2022,9,26,24.925
2022,9,27,29.787
2022,9,28,0
2022,9,29,0.65918
2022,9,30,0
2022,10,1,0
2022,10,2,5.3833
2022,10,3,0
2022,10,4,3.3096
2022,10,5,0.041199
2022,10,6,1.1536
2022,10,7,0.09613
2022,10,8,0.46692
2022,10,9,2.005
2022,10,10,2.6367
2022,10,11,0.68665
2022,10,12,16.232
2022,10,13,2.4719
2022,10,14,1.4008
2022,10,15,0
2022,10,16,0
2022,10,17,0
2022,10,18,0
2022,10,19,0
2022,10,20,0.19226
2022,10,21,0.34332
2022,10,22,21.396
2022,10,23,0.013733
2022,10,24,0.013733
2022,10,25,1.0574
2022,10,26,0
2022,10,27,0.41199
2022,10,28,0.71411
2022,10,29,0.74158
2022,10,30,2.4719
2022,10,31,0.027466
2022,11,1,0.24719
2022,11,2,0
2022,11,3,0
2022,11,4,0
2022,11,5,0
2022,11,6,0
2022,11,7,0
2022,11,8,0
2022,11,9,0.027466
2022,11,10,0
2022,11,11,0.87891
2022,11,12,0
2022,11,13,0
2022,11,14,0
2022,11,15,0.90637
2022,11,16,25.969
2022,11,17,16.754
2022,11,18,0
2022,11,19,0.30212
2022,11,20,0.041199
2022,11,21,0
2022,11,22,3.6255
2022,11,23,45.154
2022,11,24,36.887
2022,11,25,0.87891
2022,11,26,0.16479
2022,11,27,0.32959
2022,11,28,0
2022,11,29,0.13733
2022,11,30,2.829
2022,12,1,0
2022,12,2,0.013733
2022,12,3,0.16479
2022,12,4,4.0924
2022,12,5,39.729
2022,12,6,0.86517
2022,12,7,0.041199
2022,12,8,0.98877
2022,12,9,0.23346
2022,12,10,0
2022,12,11,0.94757
2022,12,12,0.98877
2022,12,13,0.082397
2022,12,14,0
2022,12,15,1.2497
2022,12,16,0.013733
2022,12,17,0
2022,12,18,0
2022,12,19,0
2022,12,20,0.86517
2022,12,21,0
2022,12,22,0
2022,12,23,0
2022,12,24,0
2022,12,25,0
2022,12,26,0
2022,12,27,0
2022,12,28,0.28839
2022,12,29,0.39825
2022,12,30,0.56305
2022,12,31,0
2023,1,1,0.27466
2023,1,2,14.763
2023,1,3,0.027466
2023,1,4,0.23346
2023,1,5,0.39825
2023,1,6,4.5868
2023,1,7,25.832
2023,1,8,90.459
2023,1,9,0
2023,1,10,0
2023,1,11,0
2023,1,12,0.57678
2023,1,13,0.082397
2023,1,14,3.2272
2023,1,15,0.78278
2023,1,16,1.3733
2023,1,17,0.41199
2023,1,18,0.054932
2023,1,19,1.2703
2023,1,20,1.6205
2023,1,21,3.7079
2023,1,22,50.208
2023,1,23,1.1948
2023,1,24,3.5843
2023,1,25,0.59052
2023,1,26,1.0712
2023,1,27,0
2023,1,28,0.09613
2023,1,29,0
2023,1,30,0.39825
2023,1,31,0
2023,2,1,0.1236
2023,2,2,0
2023,2,3,0
2023,2,4,0
2023,2,5,0.35706
2023,2,6,0.17853
2023,2,7,0.013733
2023,2,8,0
2023,2,9,13.348
2023,2,10,2.7328
2023,2,11,33.556
2023,2,12,6.7154
2023,2,13,17.935
2023,2,14,39.372
2023,2,15,10.519
2023,2,16,0
2023,2,17,5.658
2023,2,18,0.013733
2023,2,19,9.8328
2023,2,20,0
2023,2,21,1.2085
2023,2,22,3.186
2023,2,23,0.013733
2023,2,24,14.557
2023,2,25,4.5044
2023,2,26,0.10986
2023,2,27,0.90637
2023,2,28,0.30212
2023,3,1,0
2023,3,2,4.8203
2023,3,3,28.853
2023,3,4,0.27466
2023,3,5,0.83771
2023,3,6,0
2023,3,7,0
2023,3,8,2.1149
2023,3,9,2.8084
2023,3,10,0.89264
2023,3,11,11.673
2023,3,12,1.2497
2023,3,13,0
2023,3,14,2.1973
2023,3,15,1.49
2023,3,16,0.15106
2023,3,17,2.1767
2023,3,18,0.23346
2023,3,19,0
2023,3,20,0
2023,3,21,0
2023,3,22,0
2023,3,23,0
2023,3,24,1.0506
2023,3,25,1.2634
2023,3,26,1.7578
2023,3,27,0
2023,3,28,0
2023,3,29,0
2023,3,30,4.6417
2023,3,31,1.1536
2023,4,1,1.181
2023,4,2,0
2023,4,3,0
2023,4,4,0
2023,4,5,0.027466
2023,4,6,0.027466
2023,4,7,0
2023,4,8,0.041199
2023,4,9,0.49438
2023,4,10,0.17853
2023,4,11,0
2023,4,12,0.013733
2023,4,13,0
2023,4,14,0
2023,4,15,0
2023,4,16,0.013733
2023,4,17,0.52185
2023,4,18,0
2023,4,19,0
2023,4,20,0
2023,4,21,0
2023,4,22,0
2023,4,23,0.42572
2023,4,24,2.623
2023,4,25,2.0462
2023,4,26,0.37079
2023,4,27,0.013733
2023,4,28,0.10986
2023,4,29,0
2023,4,30,0.013733
2023,5,1,1.1948
2023,5,2,0.041199
2023,5,3,0
2023,5,4,0
2023,5,5,0.054932
2023,5,6,4.7928
2023,5,7,15.779
2023,5,8,7.5256
2023,5,9,0
2023,5,10,0
2023,5,11,3.3234
2023,5,12,0.66605
2023,5,13,0.41885
2023,5,14,0.027466
2023,5,15,6.1523
2023,5,16,2.9114
2023,5,17,2.1492
2023,5,18,0.31586
2023,5,19,0.013733
2023,5,20,0
2023,5,21,0
2023,5,22,0
2023,5,23,0
2023,5,24,0
2023,5,25,0
2023,5,26,0
2023,5,27,0
2023,5,28,0
2023,5,29,0
2023,5,30,0
2023,5,31,0
2023,6,1,0
2023,6,2,0
2023,6,3,0
2023,6,4,0
2023,6,5,0.034332
2023,6,6,6.5987
2023,6,7,0
2023,6,8,0.9819
2023,6,9,28.139
2023,6,10,0
2023,6,11,0
2023,6,12,0
2023,6,13,12.483
2023,6,14,0
2023,6,15,0
2023,6,16,0
2023,6,17,0.054932
2023,6,18,0
2023,6,19,0
2023,6,20,0
2023,6,21,0
2023,6,22,0
2023,6,23,0
2023,6,24,0
2023,6,25,0
2023,6,26,0
2023,6,27,0
2023,6,28,0.10986
2023,6,29,0
2023,6,30,0
2023,7,1,0
2023,7,2,0
2023,7,3,0
2023,7,4,0
2023,7,5,0
2023,7,6,0
2023,7,7,0
2023,7,8,0
2023,7,9,0
2023,7,10,2.52
2023,7,11,3.495
2023,7,12,4.834
2023,7,13,0.020599
2023,7,14,0
2023,7,15,0
2023,7,16,0
2023,7,17,0
2023,7,18,0
2023,7,19,0
2023,7,20,0
2023,7,21,0
2023,7,22,0
2023,7,23,0
2023,7,24,1.3733
2023,7,25,1.03
2023,7,26,0
2023,7,27,1.3458
2023,7,28,0
2023,7,29,0.37079
2023,7,30,0
2023,7,31,0
2023,8,1,0
2023,8,2,0
2023,8,3,1.6205
2023,8,4,0.041199
2023,8,5,0
2023,8,6,0.041199
2023,8,7,0.020599
2023,8,8,0
2023,8,9,0
2023,8,10,0
2023,8,11,0
2023,8,12,0
2023,8,13,0
2023,8,14,0
2023,8,15,1.0437
2023,8,16,0.65918
2023,8,17,0
2023,8,18,0
2023,8,19,0
2023,8,20,0
2023,8,21,0
2023,8,22,0
2023,8,23,0
2023,8,24,0.66605
2023,8,25,0.1236
2023,8,26,5.3009
2023,8,27,0.0068665
2023,8,28,0
2023,8,29,0.013733
2023,8,30,0
2023,8,31,0
2023,9,1,0
2023,9,2,3.5019
2023,9,3,39.043
2023,9,4,0.027466
2023,9,5,7.3471
2023,9,6,0
2023,9,7,1.0025
2023,9,8,0.56992
2023,9,9,1.2909
2023,9,10,0
2023,9,11,0
2023,9,12,0
2023,9,13,0
2023,9,14,0
2023,9,15,0
2023,9,16,0
2023,9,17,0
2023,9,18,0
2023,9,19,0
2023,9,20,0
2023,9,21,0
2023,9,22,0
2023,9,23,0
2023,9,24,0
2023,9,25,0
2023,9,26,0
2023,9,27,0
2023,9,28,0
2023,9,29,0
2023,9,30,0
2023,10,1,0
2023,10,2,0
2023,10,3,0
2023,10,4,0.16479
2023,10,5,0
2023,10,6,0
2023,10,7,0
2023,10,8,0.64545
2023,10,9,97.614
2023,10,10,0.41199
2023,10,11,0.35706
2023,10,12,2.829
2023,10,13,0
2023,10,14,5.4932
2023,10,15,10.739
2023,10,16,41.528
2023,10,17,0
2023,10,18,0
2023,10,19,0.054932
2023,10,20,27.974
2023,10,21,9.1736
2023,10,22,4.422
2023,10,23,0.054932
2023,10,24,3.9001
2023,10,25,3.0762
2023,10,26,22.316
2023,10,27,9.3796
2023,10,28,0
2023,10,29,0.10986
2023,10,30,1.3184
2023,10,31,0.19226
2023,11,1,0.31586
2023,11,2,0
2023,11,3,0.13733
2023,11,4,0.70038
2023,11,5,0.041199
2023,11,6,4.8203
2023,11,7,26.807
2023,11,8,15.546
2023,11,9,0.35706
2023,11,10,11.81
2023,11,11,1.5381
2023,11,12,0.86517
2023,11,13,0.83771
2023,11,14,0
2023,11,15,0
2023,11,16,0.49438
2023,11,17,2.6505
2023,11,18,1.0162
2023,11,19,48.395
2023,11,20,96.707
2023,11,21,0.027466
2023,11,22,0
2023,11,23,0.034332
2023,11,24,0.020599
2023,11,25,0
2023,11,26,0
2023,11,27,0.027466
2023,11,28,0
2023,11,29,0
2023,11,30,0.52185
2023,12,1,0
2023,12,2,3.3783
2023,12,3,57.033
2023,12,4,35.541
2023,12,5,0.90637
2023,12,6,0
2023,12,7,14.722
2023,12,8,8.3771
2023,12,9,5.0674
2023,12,10,0
2023,12,11,0.21973
2023,12,12,0
2023,12,13,0
2023,12,14,0
2023,12,15,0.50812
2023,12,16,0.72784
2023,12,17,0
2023,12,18,0
2023,12,19,0
2023,12,20,1.4557
2023,12,21,4.628
2023,12,22,11.659
2023,12,23,7.2235
2023,12,24,0
2023,12,25,0
2023,12,26,10.162
2023,12,27,61.935
2023,12,28,3.4332
2023,12,29,0.38452
2023,12,30,1.6617
2023,12,31,0
2024,1,1,0
2024,1,2,0
2024,1,3,0
2024,1,4,0
2024,1,5,0
2024,1,6,0
2024,1,7,0
2024,1,8,0
2024,1,9,0
2024,1,10,0.85144
2024,1,11,0
2024,1,12,0
2024,1,13,0
2024,1,14,0
2024,1,15,0
2024,1,16,0
2024,1,17,1.5106
2024,1,18,10.052
2024,1,19,0.87891
2024,1,20,4.5731
2024,1,21,3.4882
2024,1,22,0
2024,1,23,0
2024,1,24,0
2024,1,25,6.0013
2024,1,26,14.42
2024,1,27,2.5269
2024,1,28,13.946
2024,1,29,27.658
2024,1,30,68.143
2024,1,31,0.93384
2024,2,1,0
2024,2,2,0
2024,2,3,2.2522
2024,2,4,2.623
2024,2,5,5.7404
2024,2,6,0.082397
2024,2,7,10.327
2024,2,8,0.082397
2024,2,9,0
2024,2,10,0
2024,2,11,6.5094
2024,2,12,0.082397
2024,2,13,0.09613
2024,2,14,0
2024,2,15,3.7766
2024,2,16,4.0512
2024,2,17,5.1086
2024,2,18,0.65918
2024,2,19,2.6642
2024,2,20,0
2024,2,21,0
2024,2,22,0
2024,2,23,0.027466
2024,2,24,0
2024,2,25,0
2024,2,26,0
2024,2,27,0.013733
2024,2,28,3.7903
2024,2,29,14.79
2024,3,1,8.4869
2024,3,2,1.2634
2024,3,3,2.1423
2024,3,4,5.9464
2024,3,5,0.027466
2024,3,6,0.24719
2024,3,7,0
2024,3,8,0
2024,3,9,0
2024,3,10,0
2024,3,11,0
2024,3,12,0
2024,3,13,0
2024,3,14,3.1448
2024,3,15,17.303
2024,3,16,26.827
2024,3,17,18.869
2024,3,18,0
2024,3,19,0.082397
2024,3,20,0
2024,3,21,0
2024,3,22,5.1361
2024,3,23,0.34332
2024,3,24,0
2024,3,25,0
2024,3,26,0
2024,3,27,0
2024,3,28,0
2024,3,29,0
2024,3,30,0.82397
2024,3,31,2.8976
2024,4,1,0
2024,4,2,0
2024,4,3,0.28839
2024,4,4,1.8951
2024,4,5,0
2024,4,6,0
2024,4,7,0.027466
2024,4,8,0.027466
2024,4,9,0.72784
2024,4,10,1.0712
2024,4,11,0
2024,4,12,0
2024,4,13,0
2024,4,14,1.6068
2024,4,15,4.5319
2024,4,16,7.6218
2024,4,17,0.19226
2024,4,18,0.35706
2024,4,19,0
2024,4,20,0
2024,4,21,0
2024,4,22,0.09613
2024,4,23,0.27466
2024,4,24,9.7916
2024,4,25,35.266
2024,4,26,4.7241
2024,4,27,2.4994
2024,4,28,0.10986
2024,4,29,1.545
2024,4,30,2.4033
2024,5,1,43.163
2024,5,2,28.949
2024,5,3,7.869
2024,5,4,2.1698
2024,5,5,0.013733
2024,5,6,0.054932
2024,5,7,0
2024,5,8,1.387
2024,5,9,6.7841
2024,5,10,8.6517
2024,5,11,0.054932
2024,5,12,0
2024,5,13,0.1236
2024,5,14,7.5119
2024,5,15,0
2024,5,16,0
2024,5,17,0
2024,5,18,0
2024,5,19,3.1242
2024,5,20,0
2024,5,21,0
2024,5,22,0
2024,5,23,5.8434
2024,5,24,5.7541
2024,5,25,0.57678
2024,5,26,0.35706
2024,5,27,1.0712
2024,5,28,23.593
2024,5,29,1.4008
2024,5,30,1.5106
2024,5,31,12.03
2024,6,1,6.3583
2024,6,2,0.054932
2024,6,3,0.027466
2024,6,4,0
2024,6,5,0
2024,6,6,1.2497
2024,6,7,0
2024,6,8,0
2024,6,9,0
2024,6,10,0
2024,6,11,0
2024,6,12,0
2024,6,13,0.027466
2024,6,14,0.068665
2024,6,15,0
2024,6,16,0
2024,6,17,0
2024,6,18,0
2024,6,19,0
2024,6,20,0.43945
2024,6,21,0.68665
2024,6,22,0.068665
2024,6,23,0.17166
2024,6,24,0
2024,6,25,0
2024,6,26,0.013733
2024,6,27,0.13733
2024,6,28,0
2024,6,29,1.6617
2024,6,30,0
2024,7,1,2.1561
2024,7,2,0
2024,7,3,0
2024,7,4,0
2024,7,5,0
2024,7,6,0
2024,7,7,0
2024,7,8,0.0068665
2024,7,9,0
2024,7,10,0.068665
2024,7,11,1.8127
2024,7,12,0
2024,7,13,0
2024,7,14,0
2024,7,15,0
2024,7,16,0
2024,7,17,0.027466
2024,7,18,0.027466
2024,7,19,0.10986
2024,7,20,0.17853
2024,7,21,0.85144
2024,7,22,0
2024,7,23,0
2024,7,24,0
2024,7,25,0
2024,7,26,8.1367
2024,7,27,0.13733
2024,7,28,3.9276
2024,7,29,0
2024,7,30,0
2024,7,31,0
2024,8,1,0
2024,8,2,0
2024,8,3,0
2024,8,4,0
2024,8,5,0
2024,8,6,0
2024,8,7,0
2024,8,8,0
2024,8,9,0
2024,8,10,0
2024,8,11,0
2024,8,12,1.0712
2024,8,13,1.1261
2024,8,14,0
2024,8,15,0.89264
2024,8,16,0.32959
2024,8,17,0
2024,8,18,0
2024,8,19,0
2024,8,20,0
2024,8,21,0
2024,8,22,3.2135
2024,8,23,0
2024,8,24,8.7341
2024,8,25,1.5106
2024,8,26,0
2024,8,27,0
2024,8,28,0
2024,8,29,0
2024,8,30,0
2024,8,31,0
2024,9,1,0
2024,9,2,0
2024,9,3,0
2024,9,4,0
2024,9,5,0
2024,9,6,0
2024,9,7,0
2024,9,8,0
2024,9,9,0
2024,9,10,0
2024,9,11,0.027466
2024,9,12,0
2024,9,13,0
2024,9,14,0.013733
2024,9,15,1.4832
2024,9,16,2.7328
2024,9,17,0
2024,9,18,0
2024,9,19,0
2024,9,20,0
2024,9,21,0
2024,9,22,0
2024,9,23,0
2024,9,24,0.59052
2024,9,25,4.6417
2024,9,26,0.082397
2024,9,27,0.46692
2024,9,28,0.068665
2024,9,29,0
2024,9,30,0.089264
2024,10,1,0.48065
2024,10,2,0
2024,10,3,0
2024,10,4,0
2024,10,5,0.35706
2024,10,6,0
2024,10,7,0
2024,10,8,0.45319
2024,10,9,2.4719
2024,10,10,0.23346
2024,10,11,0
2024,10,12,0
2024,10,13,0.68665
2024,10,14,17.496
2024,10,15,0.27466
2024,10,16,0
2024,10,17,5.8365
2024,10,18,8.4045
2024,10,19,25.996
2024,10,20,1.3596
2024,10,21,0.082397
2024,10,22,0
2024,10,23,0
2024,10,24,0.027466
2024,10,25,0
2024,10,26,1.181
2024,10,27,0
2024,10,28,0.082397
2024,10,29,0.21973
2024,10,30,0
2024,10,31,0.32959
2024,11,1,0
2024,11,2,0
2024,11,3,0
2024,11,4,0
2024,11,5,0
2024,11,6,0
2024,11,7,0
2024,11,8,0
2024,11,9,0
2024,11,10,0
2024,11,11,0.041199
2024,11,12,0.38452
2024,11,13,3.0487
2024,11,14,55.028
2024,11,15,17.812
2024,11,16,10.396
2024,11,17,10.011
2024,11,18,0
2024,11,19,0
2024,11,20,8.844
2024,11,21,67.044
2024,11,22,22.522
2024,11,23,42.682
2024,11,24,20.49
2024,11,25,0.79651
2024,11,26,0
2024,11,27,0
2024,11,28,0
2024,11,29,0.16479
2024,11,30,1.9775
2024,12,1,0.60425
2024,12,2,9.3658
2024,12,3,3.0144
2024,12,4,0
2024,12,5,0.013733
2024,12,6,0.37079
2024,12,7,0.10986
2024,12,8,0
2024,12,9,0
2024,12,10,0
2024,12,11,0
2024,12,12,0.013733
2024,12,13,0
2024,12,14,0
2024,12,15,0
2024,12,16,0.013733
2024,12,17,0
2024,12,18,0
2024,12,19,0
2024,12,20,0
2024,12,21,0
2024,12,22,0
2024,12,23,0
2024,12,24,0
2024,12,25,0
2024,12,26,0
2024,12,27,0
2024,12,28,0
2024,12,29,0
2024,12,30,0.10986
2024,12,31,0
2025,1,1,0
2025,1,2,0
2025,1,3,0
2025,1,4,0
2025,1,5,0
2025,1,6,0
2025,1,7,0
2025,1,8,0
2025,1,9,0.013733
2025,1,10,1.1261
2025,1,11,0.10986
2025,1,12,2.8839
2025,1,13,1.3733
2025,1,14,0.027466
2025,1,15,0.9613
2025,1,16,0.13733
2025,1,17,0
2025,1,18,0.013733
2025,1,19,1.03
2025,1,20,2.5131
2025,1,21,2.6642
2025,1,22,1.8951
2025,1,23,0.71411
2025,1,24,0.20599
2025,1,25,0
2025,1,26,0.13733
2025,1,27,0.13733
2025,1,28,6.2897
2025,1,29,0
2025,1,30,1.181
2025,1,31,0.71411
2025,2,1,0.013733
2025,2,2,0.15106
2025,2,3,1.2085
2025,2,4,0.082397
2025,2,5,0.027466
2025,2,6,1.8951
2025,2,7,1.2222
2025,2,8,29.32
2025,2,9,42.668
2025,2,10,2.1149
2025,2,11,0.43945
2025,2,12,18.086
2025,2,13,92.148
2025,2,14,17.619
2025,2,15,2.4994
2025,2,16,0.43945
2025,2,17,0.19226
2025,2,18,8.4457
2025,2,19,1.2772
2025,2,20,6.3927
2025,2,21,14.502
2025,2,22,23.36
2025,2,23,3.9139
2025,2,24,0
2025,2,25,0.027466
2025,2,26,0
2025,2,27,1.8265
2025,2,28,0.15106
2025,3,1,0
2025,3,2,0
2025,3,3,0
2025,3,4,0.054932
2025,3,5,3.2272
2025,3,6,8.7341
2025,3,7,41.006
2025,3,8,113.3
2025,3,9,23.964
2025,3,10,2.7328
2025,3,11,0
2025,3,12,1.2909
2025,3,13,0
2025,3,14,0.46692
2025,3,15,8.6929
2025,3,16,0.054932
2025,3,17,0.53558
2025,3,18,0.21973
2025,3,19,0.27466
2025,3,20,1.8677
2025,3,21,0.041199
2025,3,22,0.041199
2025,3,23,0.068665
2025,3,24,8.3084
2025,3,25,0.50812
2025,3,26,0.013733
2025,3,27,0.63171
2025,3,28,1.6068
2025,3,29,0
2025,3,30,0
2025,3,31,9.2697
2025,4,1,39.99
2025,4,2,101.51
2025,4,3,16.576
2025,4,4,13.802
2025,4,5,0.013733
2025,4,6,2.1561
2025,4,7,0.61798
2025,4,8,0.013733
2025,4,9,0.38452
2025,4,10,0
2025,4,11,0.054932
2025,4,12,0.18539
2025,4,13,0.70038
2025,4,14,2.1698
2025,4,15,0.43945
2025,4,16,0
2025,4,17,0
2025,4,18,0
2025,4,19,0
2025,4,20,30.46
2025,4,21,15.491
2025,4,22,7.1411
2025,4,23,0
2025,4,24,0
2025,4,25,1.1604
2025,4,26,0.054932
2025,4,27,11.536
2025,4,28,19.281
2025,4,29,1.9226
2025,4,30,0.054932
2025,5,1,1.442
2025,5,2,1.6891
2025,5,3,0.041199
2025,5,4,6.4545
2025,5,5,0.38452
2025,5,6,3.0075
2025,5,7,0
2025,5,8,3.7216
2025,5,9,0.76904
2025,5,10,0
2025,5,11,0
2025,5,12,0
2025,5,13,0.17853
2025,5,14,0.048065
2025,5,15,2.7054
2025,5,16,0.19226
2025,5,17,0.041199
2025,5,18,12.579
2025,5,19,9.8465
2025,5,20,0.72784
2025,5,21,0.56305
2025,5,22,2.7191
2025,5,23,3.0212
2025,5,24,0.068665
2025,5,25,0
2025,5,26,7.814
2025,5,27,18.649
2025,5,28,0.24719
2025,5,29,0
2025,5,30,0.20599
2025,5,31,7.299
2025,6,1,4.9644
2025,6,2,0.013733
2025,6,3,0
2025,6,4,0
2025,6,5,1.6068
2025,6,6,0
2025,6,7,2.5955
2025,6,8,0
2025,6,9,0.67291
2025,6,10,0.37079
2025,6,11,4.0031
2025,6,12,0
2025,6,13,0.59052
2025,6,14,15.875
2025,6,15,2.3621
2025,6,16,0
2025,6,17,0.013733
2025,6,18,0
2025,6,19,3.7834
2025,6,20,0.054932
2025,6,21,7.3746
2025,6,22,0.32959
2025,6,23,0
2025,6,24,0
2025,6,25,0
2025,6,26,0
2025,6,27,0
2025,6,28,0.32959
2025,6,29,0
2025,6,30,0
2025,7,1,0
2025,7,2,0
2025,7,3,0
2025,7,4,0
2025,7,5,0
2025,7,6,0
2025,7,7,0
2025,7,8,0
2025,7,9,0
2025,7,10,1.5106
2025,7,11,0.10986
2025,7,12,13.197
2025,7,13,8.1299
2025,7,14,1.8127
2025,7,15,0.17853
2025,7,16,1.4008
2025,7,17,0.31586
2025,7,18,0
2025,7,19,0
2025,7,20,2.417
2025,7,21,2.8564
2025,7,22,0
2025,7,23,0
2025,7,24,0.020599
2025,7,25,0.74844
2025,7,26,1.2772
2025,7,27,0
2025,7,28,2.623
2025,7,29,0.52185
2025,7,30,2.0187
2025,7,31,0
2025,8,1,0.20599
2025,8,2,3.035
2025,8,3,0
2025,8,4,0
2025,8,5,0
2025,8,6,0.27466
2025,8,7,0
2025,8,8,0
2025,8,9,0.027466
2025,8,10,5.6854
2025,8,11,0
2025,8,12,0
2025,8,13,0
2025,8,14,0
2025,8,15,0
2025,8,16,2.1286
2025,8,17,1.7853
2025,8,18,0
2025,8,19,0
2025,8,20,0
2025,8,21,0.068665
2025,8,22,15.038
2025,8,23,0
2025,8,24,0.027466
2025,8,25,2.8702
2025,8,26,1.3596
2025,8,27,0
2025,8,28,3.9139
2025,8,29,0
2025,8,30,0
2025,8,31,8.3633
2025,9,1,0.81024
2025,9,2,0.041199
2025,9,3,0
2025,9,4,0.15793
2025,9,5,21.602
2025,9,6,0
2025,9,7,0
2025,9,8,0
2025,9,9,0
2025,9,10,0
2025,9,11,0
2025,9,12,0
2025,9,13,0
2025,9,14,0
2025,9,15,0.027466
2025,9,16,1.7441
2025,9,17,2.417
2025,9,18,0
2025,9,19,0
2025,9,20,0
2025,9,21,0
2025,9,22,0
2025,9,23,0
2025,9,24,0
2025,9,25,0.103
2025,9,26,0
2025,9,27,0
2025,9,28,0.93384
2025,9,29,0.46692
2025,9,30,0
2025,10,1,0.54932
2025,10,2,2.3209
2025,10,3,0.32959
2025,10,4,0.013733
2025,10,5,0.49438
2025,10,6,2.3071
2025,10,7,5.2185
2025,10,8,1.4557
2025,10,9,0
2025,10,10,0
2025,10,11,0.20599
2025,10,12,7.1136
2025,10,13,0
2025,10,14,0
2025,10,15,0.054932
2025,10,16,3.241
2025,10,17,0.41199
2025,10,18,1.9363
2025,10,19,47.777
2025,10,20,8.2741
2025,10,21,4.1336
2025,10,22,41.226
2025,10,23,68.376
2025,10,24,3.0487
2025,10,25,3.5156
2025,10,26,0.32959
2025,10,27,17.406
2025,10,28,18.498
2025,10,29,1.9089
2025,10,30,0.61798
2025,10,31,0.46692
2025,11,1,1.0574
2025,11,2,6.3446
2025,11,3,7.8827
2025,11,4,0.35706
2025,11,5,36.722
2025,11,6,0
2025,11,7,2.1767
2025,11,8,0.35706
2025,11,9,0.1236
2025,11,10,0
2025,11,11,0.16479
2025,11,12,0
2025,11,13,0
2025,11,14,0.27466
2025,11,15,0.21973
2025,11,16,0.78278
2025,11,17,22.755
2025,11,18,12.964
2025,11,19,6.4957
2025,11,20,0
2025,11,21,1.9638
2025,11,22,2.417
2025,11,23,7.2098
2025,11,24,0
2025,11,25,0
2025,11,26,0.013733
2025,11,27,0.13733
2025,11,28,0
2025,11,29,0
2025,11,30,0
2025,12,1,0
2025,12,2,0
2025,12,3,0
2025,12,4,0
2025,12,5,0.23346
2025,12,6,0.09613
2025,12,7,0
2025,12,8,0.054932
2025,12,9,0.85144
2025,12,10,0.61798
2025,12,11,0.63171
2025,12,12,0.78278
2025,12,13,0
2025,12,14,0
2025,12,15,0
2025,12,16,0
2025,12,17,0
2025,12,18,0
2025,12,19,0
2025,12,20,0
2025,12,21,3.5706
2025,12,22,0.15106
2025,12,23,0.061798
2025,12,24,0.10986
2025,12,25,2.005
2025,12,26,0.41199
2025,12,27,0.70038
2025,12,28,3.8177
2025,12,29,1.8127
2025,12,30,1.1124
2025,12,31,0
2026,1,1,0.0068665
2026,1,2,0.87204
2026,1,3,0
2026,1,4,6.1867
2026,1,5,18.155
2026,1,6,21.368
2026,1,7,10.149
2026,1,8,14.859
2026,1,9,22.467
2026,1,10,21.478
2026,1,11,2.005
2026,1,12,7.1548
2026,1,13,11.92
2026,1,14,5.0949
2026,1,15,0.19226
2026,1,16,2.6642
2026,1,17,19.748
2026,1,18,15.491
2026,1,19,0.13733
2026,1,20,0.39825
2026,1,21,0
2026,1,22,0
2026,1,23,0.10986
2026,1,24,7.7454
2026,1,25,0
2026,1,26,0.027466
2026,1,27,0.63171
2026,1,28,0.21973
2026,1,29,0.37079
2026,1,30,0.16479
2026,1,31,0.46692
2026,2,1,15.518
2026,2,2,0.76904
2026,2,3,2.5543
2026,2,4,0.72784
2026,2,5,0.61798
2026,2,6,0.19226
2026,2,7,0.020599
2026,2,8,0
2026,2,9,0.09613
2026,2,10,0
2026,2,11,0
2026,2,12,0
2026,2,13,0.37079
2026,2,14,0.082397
2026,2,15,0.041199
2026,2,16,0
2026,2,17,0.24719
2026,2,18,0.26093
2026,2,19,0
2026,2,20,0
2026,2,21,0
2026,2,22,0
2026,2,23,0
2026,2,24,0
2026,2,25,0
2026,2,26,0
2026,2,27,0
2026,2,28,0
2026,3,1,0.013733
2026,3,2,0
2026,3,3,0
2026,3,4,5.4382
2026,3,5,0
2026,3,6,0
2026,3,7,0.49438
2026,3,8,0.76904
2026,3,9,0
2026,3,10,0.41199
2026,3,11,3.3165
2026,3,12,8.4595
2026,3,13,47.049
2026,3,14,4.7241
2026,3,15,0
2026,3,16,11.906
2026,3,17,0
2026,3,18,0
2026,3,19,0
2026,3,20,0
2026,3,21,0
2026,3,22,0
2026,3,23,0
2026,3,24,0
2026,3,25,0.65918
2026,3,26,0.10986
2026,3,27,0
2026,3,28,0
2026,3,29,0.027466
2026,3,30,0
2026,3,31,1.442
2026,4,1,0.1236
2026,4,2,1.8059
2026,4,3,0
2026,4,4,0
2026,4,5,0
2026,4,6,0
2026,4,7,0
2026,4,8,0
2026,4,9,0
2026,4,10,0.041199
2026,4,11,0.041199
2026,4,12,5.1361
2026,4,13,20.737
2026,4,14,0.49438
2026,4,15,0
2026,4,16,0.10986
2026,4,17,6.6742
2026,4,18,4.1061
2026,4,19,0
2026,4,20,0
2026,4,21,0.42572
2026,4,22,2.7603
2026,4,23,0.10986
2026,4,24,27.411
2026,4,25,10.355
2026,4,26,7.6355
2026,4,27,7.9445
2026,4,28,1.5793
2026,4,29,0
2026,4,30,0
2026,5,1,0
2026,5,2,0.034332
2026,5,3,0.26093
2026,5,4,3.1998
2026,5,5,4.4495
2026,5,6,0
2026,5,7,0.65918
2026,5,8,0.85144
2026,5,9,4.1061
2026,5,10,0
2026,5,11,0
2026,5,12,0
2026,5,13,0
2026,5,14,0
2026,5,15,0.76904
2026,5,16,0
2026,5,17,0
2026,5,18,0
2026,5,19,0
2026,5,20,0
2026,5,21,0.082397
2026,5,22,0
2026,5,23,1.03
2026,5,24,0.10986
2026,5,25,1.7578
2026,5,26,21.3
2026,5,27,13.074
2026,5,28,5.5618
2026,5,29,10.313
2026,5,30,0.46692
2026,5,31,0.041199
2026,6,1,2.0325
2026,6,2,0
2026,6,3,1.9226
2026,6,4,0
2026,6,5,0
2026,6,6,25.742
2026,6,7,0
2026,6,8,0.0068665
2026,6,9,0.13733
2026,6,10,0.82397
2026,6,11,7.505
2026,6,12,56.799
2026,6,13,18.567
2026,6,14,0
2026,6,15,0
2026,6,16,11.886
2026,6,17,4.7653
2026,6,18,1.4282
2026,6,19,0
2026,6,20,0.013733
2026,6,21,0.0068665
2026,6,22,0
2026,6,23,0.027466
2026,6,24,0.35706
2026,6,25,0.97504
2026,6,26,0.054932
2026,6,27,0
2026,6,28,0
2026,6,29,0
2026,6,30,0
2026,7,1,0.041199
2026,7,2,0.82397
2026,7,3,0
2026,7,4,0.59738
2026,7,5,1.9775
2026,7,6,3.3371
2026,7,7,0
2026,7,8,0
2026,7,9,0
2026,7,10,0
2026,7,11,0
2026,7,12,0
2026,7,13,0
2026,7,14,0.21973
2026,7,15,0.91324
2026,7,16,11.398
2026,7,17,1.3184
2026,7,18,0
2026,7,19,0.21973
2026,7,20,0
2026,7,21,0
2026,7,22,0
2026,7,23,0
2026,7,24,0
2026,7,25,0
2026,7,26,0
2026,7,27,0
2026,7,28,0.17853
2026,7,29,0
2026,7,30,0
2026,7,31,2.9663
2026,8,1,0.10986
2026,8,2,0
2026,8,3,0
2026,8,4,0
2026,8,5,0
2026,8,6,0.027466
2026,8,7,0.32959
2026,8,8,23.758
2026,8,9,0
2026,8,10,0
2026,8,11,0.054932
2026,8,12,5.0262
2026,8,13,16.562
2026,8,14,0
2026,8,15,0
2026,8,16,0
2026,8,17,0.86517
2026,8,18,21.616
2026,8,19,0
2026,8,20,0
2026,8,21,0.054932
2026,8,22,0.082397
2026,8,23,0
2026,8,24,0
2026,8,25,0
2026,8,26,1.0712
2026,8,27,1.6068
2026,8,28,2.1561
2026,8,29,0
2026,8,30,0.068665
2026,8,31,0.21973
2026,9,1,0.013733
2026,9,2,0
2026,9,3,0
2026,9,4,0
2026,9,5,0
2026,9,6,0
2026,9,7,0
2026,9,8,0
2026,9,9,0
2026,9,10,0
2026,9,11,0
2026,9,12,0
2026,9,13,0
2026,9,14,0.81024
2026,9,15,0
2026,9,16,0
2026,9,17,0.98877
2026,9,18,0
2026,9,19,0.34332
2026,9,20,0
2026,9,21,0
2026,9,22,0
2026,9,23,0.59052
2026,9,24,4.628
2026,9,25,6.5643
2026,9,26,0
2026,9,27,0
2026,9,28,0
2026,9,29,0
2026,9,30,0.013733
2026,10,1,0.98877
2026,10,2,0
2026,10,3,0
2026,10,4,0
2026,10,5,0
2026,10,6,0
2026,10,7,0.21973
2026,10,8,5.3146
2026,10,9,0
2026,10,10,0.30212
2026,10,11,0.013733
2026,10,12,0.013733
2026,10,13,0.068665
2026,10,14,0.16479
2026,10,15,0
2026,10,16,0
2026,10,17,0.068665
2026,10,18,1.5656
2026,10,19,0.9613
2026,10,20,0.75531
2026,10,21,0.59052
2026,10,22,0
2026,10,23,0
2026,10,24,0.027466
2026,10,25,71.178
2026,10,26,0.1236
2026,10,27,4.3945
2026,10,28,47.159
2026,10,29,11.646
2026,10,30,0
2026,10,31,0.27466
2026,11,1,0.39825
2026,11,2,0.15106
2026,11,3,1.6205
2026,11,4,49.864
2026,11,5,20.682
2026,11,6,34.085
2026,11,7,0
2026,11,8,2.7466
2026,11,9,0.15106
2026,11,10,0
2026,11,11,0.10986
2026,11,12,2.5269
2026,11,13,0.87891
2026,11,14,1.0986
2026,11,15,0
2026,11,16,0
2026,11,17,0.068665
2026,11,18,0.67291
2026,11,19,0
2026,11,20,0
2026,11,21,0
2026,11,22,0
2026,11,23,0
2026,11,24,0
2026,11,25,0.49438
2026,11,26,0.9201
2026,11,27,0.34332
2026,11,28,1.0849
2026,11,29,2.5955
2026,11,30,0.21973
2026,12,1,1.6754
2026,12,2,0.74158
2026,12,3,0.09613
2026,12,4,0.054932
2026,12,5,0
2026,12,6,0
2026,12,7,2.3071
2026,12,8,25.461
2026,12,9,18.677
2026,12,10,5.1636
2026,12,11,0.31586
2026,12,12,0.027466
2026,12,13,0
2026,12,14,4.9576
2026,12,15,54.533
2026,12,16,0.30212
2026,12,17,2.4582
2026,12,18,3.186
2026,12,19,0
2026,12,20,1.6754
2026,12,21,0
2026,12,22,0
2026,12,23,0
2026,12,24,0
2026,12,25,0.24719
2026,12,26,0.64545
2026,12,27,0
2026,12,28,1.1261
2026,12,29,0.054932
2026,12,30,0
2026,12,31,0
2027,1,1,0
2027,1,2,24.5
2027,1,3,23.854
2027,1,4,23.758
2027,1,5,12.662
2027,1,6,8.8165
2027,1,7,2.8015
2027,1,8,0
2027,1,9,4.6143
2027,1,10,1.0437
2027,1,11,0.082397
2027,1,12,0.16479
2027,1,13,0
2027,1,14,0
2027,1,15,0
2027,1,16,1.6205
2027,1,17,3.5843
2027,1,18,2.1561
2027,1,19,0.60425
2027,1,20,2.4719
2027,1,21,0.16479
2027,1,22,0.90637
2027,1,23,0
2027,1,24,45.593
2027,1,25,0.013733
2027,1,26,0
2027,1,27,0
2027,1,28,0.48065
2027,1,29,0.054932
2027,1,30,1.387
2027,1,31,1.4557
2027,2,1,0.10986
2027,2,2,0.87891
2027,2,3,1.3321
2027,2,4,0.49438
2027,2,5,0.57678
2027,2,6,2.7466
2027,2,7,1.9226
2027,2,8,0.79651
2027,2,9,0
2027,2,10,0
2027,2,11,0
2027,2,12,0.054932
2027,2,13,0.67291
2027,2,14,0.42572
2027,2,15,0
2027,2,16,0
2027,2,17,0
2027,2,18,0
2027,2,19,0.09613
2027,2,20,0.26093
2027,2,21,0
2027,2,22,0
2027,2,23,0
2027,2,24,0
2027,2,25,0
2027,2,26,0
2027,2,27,0
2027,2,28,0
2027,3,1,0
2027,3,2,0
2027,3,3,0
2027,3,4,0.74158
2027,3,5,3.7354
2027,3,6,0.054932
2027,3,7,0
2027,3,8,0
2027,3,9,0
2027,3,10,0.63171
2027,3,11,10.89
2027,3,12,20.737
2027,3,13,3.3577
2027,3,14,1.3596
2027,3,15,0
2027,3,16,0
2027,3,17,0.013733
2027,3,18,0
2027,3,19,0.10986
2027,3,20,0
2027,3,21,0
2027,3,22,0.0068665
2027,3,23,0
2027,3,24,5.4382
2027,3,25,6.7841
2027,3,26,10.959
2027,3,27,23.099
2027,3,28,0.17166
2027,3,29,1.7166
2027,3,30,0
2027,3,31,0
2027,4,1,0
2027,4,2,0
2027,4,3,0
2027,4,4,0
2027,4,5,0.30212
2027,4,6,0.082397
2027,4,7,9.6954
2027,4,8,16.576
2027,4,9,2.2385
2027,4,10,0
2027,4,11,0
2027,4,12,0
2027,4,13,0.068665
2027,4,14,0
2027,4,15,0
2027,4,16,0
2027,4,17,0
2027,4,18,0
2027,4,19,3.4058
2027,4,20,7.8964
2027,4,21,0.43945
2027,4,22,0
2027,4,23,1.7029
2027,4,24,4.6005
2027,4,25,30.157
2027,4,26,0.09613
2027,4,27,12.154
2027,4,28,0.94757
2027,4,29,0
2027,4,30,24.719
2027,5,1,48.285
2027,5,2,12.799
2027,5,3,8.3496
2027,5,4,11.192
2027,5,5,3.186
2027,5,6,0
2027,5,7,0
2027,5,8,0.45319
2027,5,9,4.1336
2027,5,10,0.082397
2027,5,11,3.6667
2027,5,12,0.013733
2027,5,13,0.027466
2027,5,14,0.43945
2027,5,15,0.20599
2027,5,16,0.027466
2027,5,17,0
2027,5,18,0
2027,5,19,0
2027,5,20,4.7379
2027,5,21,2.1149
2027,5,22,0
2027,5,23,0
2027,5,24,0.041199
2027,5,25,0
2027,5,26,3.8589
2027,5,27,0
2027,5,28,0.13733
2027,5,29,9.7504
2027,5,30,0
2027,5,31,0.75531
2027,6,1,74.831
2027,6,2,0
2027,6,3,0
2027,6,4,0
2027,6,5,0
2027,6,6,0
2027,6,7,0
2027,6,8,0
2027,6,9,0
2027,6,10,0
2027,6,11,0
2027,6,12,0
2027,6,13,0.082397
2027,6,14,0
2027,6,15,0
2027,6,16,0
2027,6,17,0.83771
2027,6,18,0.082397
2027,6,19,0.027466
2027,6,20,0
2027,6,21,0
2027,6,22,0.1236
2027,6,23,0
2027,6,24,0
2027,6,25,0
2027,6,26,0
2027,6,27,0
2027,6,28,0.020599
2027,6,29,0.16479
2027,6,30,0.09613
2027,7,1,11.192
2027,7,2,0
2027,7,3,0
2027,7,4,0.041199
2027,7,5,0.15106
2027,7,6,0
2027,7,7,0
2027,7,8,0
2027,7,9,0
2027,7,10,0
2027,7,11,0
2027,7,12,0
2027,7,13,1.1398
2027,7,14,0
2027,7,15,0
2027,7,16,0
2027,7,17,0
2027,7,18,0
2027,7,19,0
2027,7,20,0.082397
2027,7,21,0.027466
2027,7,22,1.0712
2027,7,23,0.027466
2027,7,24,15.82
2027,7,25,0
2027,7,26,0
2027,7,27,0
2027,7,28,0
2027,7,29,0.83084
2027,7,30,0
2027,7,31,0
2027,8,1,0
2027,8,2,0
2027,8,3,0
2027,8,4,0
2027,8,5,0
2027,8,6,0.013733
2027,8,7,0
2027,8,8,0
2027,8,9,0.1236
2027,8,10,0
2027,8,11,0
2027,8,12,0
2027,8,13,0
2027,8,14,6.1523
2027,8,15,16.143
2027,8,16,0.041199
2027,8,17,0
2027,8,18,0
2027,8,19,0
2027,8,20,0
2027,8,21,0.041199
2027,8,22,1.1536
2027,8,23,5.2185
2027,8,24,0.19226
2027,8,25,0
2027,8,26,0
2027,8,27,0
2027,8,28,0.068665
2027,8,29,0.054932
2027,8,30,9.1461
2027,8,31,0
2027,9,1,1.5312
2027,9,2,0
2027,9,3,0
2027,9,4,0
2027,9,5,0
2027,9,6,0
2027,9,7,0
2027,9,8,2.7466
2027,9,9,0
2027,9,10,0
2027,9,11,0
2027,9,12,0
2027,9,13,0
2027,9,14,0
2027,9,15,0.31586
2027,9,16,19.583
2027,9,17,0
2027,9,18,0
2027,9,19,0
2027,9,20,0
2027,9,21,0
2027,9,22,0
2027,9,23,0.19226
2027,9,24,0
2027,9,25,0
2027,9,26,0
2027,9,27,0
2027,9,28,0
2027,9,29,0
2027,9,30,0
2027,10,1,0
2027,10,2,0
2027,10,3,0.054932
2027,10,4,3.2547
2027,10,5,16.891
2027,10,6,0.09613
2027,10,7,0.17853
2027,10,8,0
2027,10,9,0
2027,10,10,0
2027,10,11,0
2027,10,12,0.9613
2027,10,13,0
2027,10,14,0.38452
2027,10,15,5.3009
2027,10,16,0
2027,10,17,0
2027,10,18,0.082397
2027,10,19,16.013
2027,10,20,1.4557
2027,10,21,13.046
2027,10,22,0
2027,10,23,0
2027,10,24,0.013733
2027,10,25,0
2027,10,26,0
2027,10,27,7.4844
2027,10,28,5.7266
2027,10,29,0
2027,10,30,16.974
2027,10,31,30.981
2027,11,1,5.246
2027,11,2,3.0212
2027,11,3,27.823
2027,11,4,13.266
2027,11,5,1.2634
2027,11,6,0.63171
2027,11,7,0.054932
2027,11,8,0.23346
2027,11,9,3.1723
2027,11,10,0.054932
2027,11,11,0.59052
2027,11,12,0.82397
2027,11,13,0.16479
2027,11,14,0.16479
2027,11,15,0
2027,11,16,0.027466
2027,11,17,0.054932
2027,11,18,0.082397
2027,11,19,0.19226
2027,11,20,0.72784
2027,11,21,0.68665
2027,11,22,0.10986
2027,11,23,0.068665
2027,11,24,0.10986
2027,11,25,0
2027,11,26,1.6617
2027,11,27,9.7092
2027,11,28,10.19
2027,11,29,0.56305
2027,11,30,0.09613
2027,12,1,1.8951
2027,12,2,0.15106
2027,12,3,4.9576
2027,12,4,0.054932
2027,12,5,0.53558
2027,12,6,0.16479
2027,12,7,0
2027,12,8,0
2027,12,9,0.26093
2027,12,10,0
2027,12,11,0
2027,12,12,0.1236
2027,12,13,0
2027,12,14,0
2027,12,15,0
2027,12,16,0.27466
2027,12,17,0.90637
2027,12,18,0
2027,12,19,0.45319
2027,12,20,0.054932
2027,12,21,2.0874
2027,12,22,0
2027,12,23,0
2027,12,24,0
2027,12,25,0.17853
2027,12,26,0.21973
2027,12,27,0.1236
2027,12,28,0.16479
2027,12,29,0
2027,12,30,0
2027,12,31,0
2028,1,1,0.027466
2028,1,2,0.27466
2028,1,3,1.2634
2028,1,4,0.21973
2028,1,5,0.013733
2028,1,6,0
2028,1,7,0.48065
2028,1,8,0
2028,1,9,0.068665
2028,1,10,0.027466
2028,1,11,0.20599
2028,1,12,0
2028,1,13,0
2028,1,14,0.10986
2028,1,15,0
2028,1,16,0
2028,1,17,0
2028,1,18,0
2028,1,19,0
2028,1,20,0
2028,1,21,0
2028,1,22,0
2028,1,23,0
2028,1,24,0
2028,1,25,0.35019
2028,1,26,1.1261
2028,1,27,11.975
2028,1,28,0.054932
2028,1,29,0
2028,1,30,0
2028,1,31,0
2028,2,1,0
2028,2,2,0
2028,2,3,0
2028,2,4,0
2028,2,5,0
2028,2,6,0
2028,2,7,0
2028,2,8,0
2028,2,9,0
2028,2,10,0
2028,2,11,0
2028,2,12,0.15106
2028,2,13,0.56305
2028,2,14,0
2028,2,15,0
2028,2,16,0
2028,2,17,0
2028,2,18,0
2028,2,19,0
2028,2,20,0
2028,2,21,0
2028,2,22,0.26093
2028,2,23,1.6891
2028,2,24,0.60425
2028,2,25,1.1536
2028,2,26,0.0068665
2028,2,27,0.068665
2028,2,28,1.593
2028,2,29,9.256
2028,3,1,1.1124
2028,3,2,0
2028,3,3,0
2028,3,4,0
2028,3,5,0
2028,3,6,0.068665
2028,3,7,0.054932
2028,3,8,0
2028,3,9,0
2028,3,10,0.013733
2028,3,11,0.013733
2028,3,12,0.013733
2028,3,13,0.082397
2028,3,14,0
2028,3,15,0
2028,3,16,0
2028,3,17,0
2028,3,18,0.041199
2028,3,19,0.70038
2028,3,20,0
2028,3,21,0.027466
2028,3,22,2.6161
2028,3,23,0
2028,3,24,0
2028,3,25,0
2028,3,26,0.09613
2028,3,27,3.8795
2028,3,28,0
2028,3,29,0
2028,3,30,0
2028,3,31,0
2028,4,1,0
2028,4,2,0
2028,4,3,0
2028,4,4,0.1236
2028,4,5,0
2028,4,6,0
2028,4,7,0
2028,4,8,0
2028,4,9,0
2028,4,10,0
2028,4,11,0.041199
2028,4,12,6.3858
2028,4,13,17.757
2028,4,14,0.60425
2028,4,15,6.5369
2028,4,16,0
2028,4,17,0.054932
2028,4,18,0.054932
2028,4,19,0
2028,4,20,0
2028,4,21,0
2028,4,22,12.744
2028,4,23,0
2028,4,24,0
2028,4,25,0
2028,4,26,0
2028,4,27,0
2028,4,28,0
2028,4,29,0
2028,4,30,0.068665
2028,5,1,1.8951
2028,5,2,0.31586
2028,5,3,2.7054
2028,5,4,0
2028,5,5,0.013733
2028,5,6,1.6479
2028,5,7,0.9201
2028,5,8,0.28839
2028,5,9,1.5793
2028,5,10,0
2028,5,11,0
2028,5,12,0
2028,5,13,0.041199
2028,5,14,0.74844
2028,5,15,0.60425
2028,5,16,32.574
2028,5,17,11.44
2028,5,18,3.4195
2028,5,19,7.8552
2028,5,20,0
2028,5,21,0
2028,5,22,0
2028,5,23,0
2028,5,24,0
2028,5,25,0
2028,5,26,6.3858
2028,5,27,0
2028,5,28,0.013733
2028,5,29,0
2028,5,30,0
2028,5,31,0
2028,6,1,0
2028,6,2,0
2028,6,3,0
2028,6,4,0.28839
2028,6,5,0.041199
2028,6,6,0.020599
2028,6,7,0
2028,6,8,0.10986
2028,6,9,0
2028,6,10,0
2028,6,11,0
2028,6,12,0
2028,6,13,0
2028,6,14,7.1136
2028,6,15,0.93384
2028,6,16,0
2028,6,17,0
2028,6,18,4.1885
2028,6,19,0.45319
2028,6,20,0
2028,6,21,0
2028,6,22,0
2028,6,23,0.10986
2028,6,24,0
2028,6,25,0
2028,6,26,0
2028,6,27,2.623
2028,6,28,9.2148
2028,6,29,1.4351
2028,6,30,0.93384
2028,7,1,0
2028,7,2,1.5244
2028,7,3,1.6342
2028,7,4,0.42572
2028,7,5,0
2028,7,6,0
2028,7,7,0
2028,7,8,0
2028,7,9,0
2028,7,10,0
2028,7,11,0
2028,7,12,0
2028,7,13,0
2028,7,14,2.3964
2028,7,15,4.6692
2028,7,16,17.4
2028,7,17,0
2028,7,18,0
2028,7,19,0.94757
2028,7,20,3.5156
2028,7,21,0.054932
2028,7,22,1.3184
2028,7,23,0
2028,7,24,0
2028,7,25,8.6037
2028,7,26,0
2028,7,27,0
2028,7,28,1.4282
2028,7,29,0.027466
2028,7,30,0
2028,7,31,0.38452
2028,8,1,3.7903
2028,8,2,0
2028,8,3,0
2028,8,4,1.0368
2028,8,5,4.6143
2028,8,6,8.1848
2028,8,7,0
2028,8,8,0
2028,8,9,0.09613
2028,8,10,4.7104
2028,8,11,0
2028,8,12,0.068665
2028,8,13,0
2028,8,14,0
2028,8,15,0
2028,8,16,0
2028,8,17,0
2028,8,18,0
2028,8,19,0.0068665
2028,8,20,1.1398
2028,8,21,0.034332
2028,8,22,0
2028,8,23,0
2028,8,24,0.013733
2028,8,25,12.181
2028,8,26,0
2028,8,27,0
2028,8,28,3.7766
2028,8,29,12.634
2028,8,30,1.0849
2028,8,31,0
2028,9,1,0
2028,9,2,0.49438
2028,9,3,0
2028,9,4,0
2028,9,5,0.10986
2028,9,6,0.082397
2028,9,7,18.114
2028,9,8,0
2028,9,9,0.1236
2028,9,10,0.61798
2028,9,11,0.31586
2028,9,12,51.773
2028,9,13,7.6355
2028,9,14,8.1711
2028,9,15,0.054932
2028,9,16,0
2028,9,17,0
2028,9,18,0
2028,9,19,0
2028,9,20,0.027466
2028,9,21,1.6342
2028,9,22,0.082397
2028,9,23,0
2028,9,24,0
2028,9,25,0
2028,9,26,0
2028,9,27,0
2028,9,28,0.81024
2028,9,29,0
2028,9,30,0.64545
2028,10,1,0
2028,10,2,0
2028,10,3,0
2028,10,4,3.0075
2028,10,5,0.15793
2028,10,6,0.41199
2028,10,7,29.21
2028,10,8,14.584
2028,10,9,0.39825
2028,10,10,0.45319
2028,10,11,26.312
2028,10,12,1.0712
2028,10,13,0.054932
2028,10,14,0.013733
2028,10,15,0
2028,10,16,0.068665
2028,10,17,0.17853
2028,10,18,0
2028,10,19,0
2028,10,20,0
2028,10,21,0
2028,10,22,0
2028,10,23,0.16479
2028,10,24,0
2028,10,25,0
2028,10,26,0
2028,10,27,0
2028,10,28,0.16479
2028,10,29,1.0437
2028,10,30,0.082397
2028,10,31,1.4694
2028,11,1,0.48065
2028,11,2,0
2028,11,3,0.15106
2028,11,4,0
2028,11,5,0
2028,11,6,0
2028,11,7,0
2028,11,8,0
2028,11,9,0
2028,11,10,0
2028,11,11,0
2028,11,12,0.30212
2028,11,13,8.075
2028,11,14,14.268
2028,11,15,14.392
2028,11,16,0.09613
2028,11,17,0.74158
2028,11,18,0
2028,11,19,1.8677
2028,11,20,0.24719
2028,11,21,0
2028,11,22,1.4145
2028,11,23,0
2028,11,24,0
2028,11,25,0
2028,11,26,0
2028,11,27,1.0437
2028,11,28,6.5369
2028,11,29,4.2572
2028,11,30,0.50812
2028,12,1,0.27466
2028,12,2,0.27466
2028,12,3,0.27466
2028,12,4,0.16479
2028,12,5,0
2028,12,6,0
2028,12,7,9.7229
2028,12,8,6.3446
2028,12,9,8.1161
2028,12,10,4.4495
2028,12,11,9.3521
2028,12,12,8.8165
2028,12,13,3.2135
2028,12,14,4.0649
2028,12,15,63.419
2028,12,16,25.021
2028,12,17,34.593
2028,12,18,27.212
2028,12,19,9.2697
2028,12,20,2.774
2028,12,21,0.89264
2028,12,22,0.054932
2028,12,23,1.7853
2028,12,24,0.54932
2028,12,25,0.054932
2028,12,26,0.082397
2028,12,27,0
2028,12,28,0.16479
2028,12,29,0.013733
2028,12,30,0.30212
2028,12,31,0
2029,1,1,1.0849
2029,1,2,0
2029,1,3,0
2029,1,4,0
2029,1,5,0
2029,1,6,0.13733
2029,1,7,6.015
2029,1,8,37.711
2029,1,9,13.197
2029,1,10,40.224
2029,1,11,37.175
2029,1,12,0.70038
2029,1,13,0
2029,1,14,1.0437
2029,1,15,0.90637
2029,1,16,2.623
2029,1,17,0.63171
2029,1,18,0.24719
2029,1,19,0
2029,1,20,0.13733
2029,1,21,0.37079
2029,1,22,0
2029,1,23,0
2029,1,24,0.59052
2029,1,25,0
2029,1,26,0
2029,1,27,0
2029,1,28,0
2029,1,29,0
2029,1,30,0
2029,1,31,0.054932
2029,2,1,0
2029,2,2,0.027466
2029,2,3,0.26093
2029,2,4,0.013733
2029,2,5,0
2029,2,6,0
2029,2,7,0
2029,2,8,0
2029,2,9,0
2029,2,10,0
2029,2,11,0
2029,2,12,0
2029,2,13,0
2029,2,14,0
2029,2,15,0
2029,2,16,0
2029,2,17,0
2029,2,18,0
2029,2,19,0
2029,2,20,0
2029,2,21,0.16479
2029,2,22,0.013733
2029,2,23,0
2029,2,24,0.013733
2029,2,25,0.013733
2029,2,26,2.3483
2029,2,27,0.44632
2029,2,28,0
2029,3,1,11.879
2029,3,2,33.33
2029,3,3,2.4307
2029,3,4,0
2029,3,5,2.3895
2029,3,6,4.6967
2029,3,7,0
2029,3,8,0
2029,3,9,0.46692
2029,3,10,0
2029,3,11,0
2029,3,12,0
2029,3,13,0
2029,3,14,1.7441
2029,3,15,4.6692
2029,3,16,0.013733
2029,3,17,0
2029,3,18,2.4857
2029,3,19,0.9613
2029,3,20,2.0874
2029,3,21,0.054932
2029,3,22,0
2029,3,23,0
2029,3,24,0
2029,3,25,0.60425
2029,3,26,7.045
2029,3,27,0
2029,3,28,0
2029,3,29,0.60425
2029,3,30,11.426
2029,3,31,0
2029,4,1,3.0418
2029,4,2,0.041199
2029,4,3,0.24719
2029,4,4,0
2029,4,5,0.10986
2029,4,6,0
2029,4,7,0
2029,4,8,0
2029,4,9,0
2029,4,10,0.082397
2029,4,11,0.048065
2029,4,12,0
2029,4,13,0.082397
2029,4,14,0.43945
2029,4,15,0.21973
2029,4,16,32.368
2029,4,17,9.7916
2029,4,18,2.8702
2029,4,19,0.16479
2029,4,20,3.1654
2029,4,21,0.1236
2029,4,22,0
2029,4,23,4.7241
2029,4,24,52.556
2029,4,25,0.027466
2029,4,26,0
2029,4,27,0.76904
2029,4,28,0.53558
2029,4,29,0.10986
2029,4,30,0.041199
2029,5,1,0.013733
2029,5,2,3.1448
2029,5,3,1.6068
2029,5,4,0
2029,5,5,0.027466
2029,5,6,2.4857
2029,5,7,0
2029,5,8,0
2029,5,9,0
2029,5,10,0
2029,5,11,5.1636
2029,5,12,3.1998
2029,5,13,0
2029,5,14,2.6505
2029,5,15,1.5724
2029,5,16,0.62485
2029,5,17,0.36392
2029,5,18,0.59052
2029,5,19,0.29526
2029,5,20,3.2341
2029,5,21,1.442
2029,5,22,0
2029,5,23,0
2029,5,24,0
2029,5,25,0.15106
2029,5,26,16.493
2029,5,27,19.748
2029,5,28,3.9688
2029,5,29,40.031
2029,5,30,6.0013
2029,5,31,26.807
2029,6,1,0.85144
2029,6,2,0
2029,6,3,0
2029,6,4,4.5387
2029,6,5,10.169
2029,6,6,0.23346
2029,6,7,0.10986
2029,6,8,0
2029,6,9,0.013733
2029,6,10,0.068665
2029,6,11,0
2029,6,12,0
2029,6,13,0.34332
2029,6,14,2.9251
2029,6,15,0.020599
2029,6,16,0.9613
2029,6,17,14.701
2029,6,18,0
2029,6,19,0
2029,6,20,0
2029,6,21,0
2029,6,22,0
2029,6,23,0.34332
2029,6,24,15.656
2029,6,25,11.494
2029,6,26,0.24719
2029,6,27,6.5506
2029,6,28,0.103
2029,6,29,0
2029,6,30,0
2029,7,1,0
2029,7,2,0
2029,7,3,0.19226
2029,7,4,1.1948
2029,7,5,0
2029,7,6,0
2029,7,7,0
2029,7,8,0
2029,7,9,0
2029,7,10,2.1698
2029,7,11,0
2029,7,12,0
2029,7,13,0
2029,7,14,0
2029,7,15,2.2659
2029,7,16,0
2029,7,17,0
2029,7,18,0
2029,7,19,0
2029,7,20,2.4445
2029,7,21,0
2029,7,22,0
2029,7,23,0
2029,7,24,1.7853
2029,7,25,0
2029,7,26,3.7628
2029,7,27,0
2029,7,28,0
2029,7,29,0.013733
2029,7,30,0
2029,7,31,0
2029,8,1,0
2029,8,2,0
2029,8,3,0
2029,8,4,0
2029,8,5,0.46005
2029,8,6,0
2029,8,7,0
2029,8,8,0
2029,8,9,0
2029,8,10,0
2029,8,11,4.2297
2029,8,12,133.9
2029,8,13,11.426
2029,8,14,0
2029,8,15,16.184
2029,8,16,0
2029,8,17,0.041199
2029,8,18,1.5244
2029,8,19,0
2029,8,20,0
2029,8,21,0
2029,8,22,0
2029,8,23,0
2029,8,24,2.0325
2029,8,25,21.725
2029,8,26,0
2029,8,27,0
2029,8,28,0
2029,8,29,0
2029,8,30,0
2029,8,31,0
2029,9,1,0.054932
2029,9,2,0
2029,9,3,0
2029,9,4,0
2029,9,5,0
2029,9,6,0
2029,9,7,0.76904
2029,9,8,0
2029,9,9,0
2029,9,10,0
2029,9,11,0
2029,9,12,0.013733
2029,9,13,0.15106
2029,9,14,0.74158
2029,9,15,90.514
2029,9,16,15.71
2029,9,17,0
2029,9,18,0
2029,9,19,4.1885
2029,9,20,3.5294
2029,9,21,9.3658
2029,9,22,3.447
2029,9,23,4.2572
2029,9,24,33.783
2029,9,25,30.789
2029,9,26,0.034332
2029,9,27,0
2029,9,28,0
2029,9,29,0
2029,9,30,0
2029,10,1,0
2029,10,2,3.186
2029,10,3,3.7216
2029,10,4,0
2029,10,5,0
2029,10,6,0
2029,10,7,0
2029,10,8,0
2029,10,9,0
2029,10,10,0
2029,10,11,0
2029,10,12,0
2029,10,13,0
2029,10,14,0
2029,10,15,0
2029,10,16,1.0986
2029,10,17,0
2029,10,18,0.1236
2029,10,19,7.4844
2029,10,20,22.893
2029,10,21,17.839
2029,10,22,1.2085
2029,10,23,75.929
2029,10,24,0
2029,10,25,13.87
2029,10,26,10.822
2029,10,27,0.19226
2029,10,28,3.035
2029,10,29,1.7853
2029,10,30,0
2029,10,31,0
2029,11,1,0
2029,11,2,0
2029,11,3,0.013733
2029,11,4,20.572
2029,11,5,0
2029,11,6,0
2029,11,7,1.1948
2029,11,8,74.995
2029,11,9,27.892
2029,11,10,31.133
2029,11,11,0
2029,11,12,0
2029,11,13,0
2029,11,14,0
2029,11,15,0
2029,11,16,0
2029,11,17,0.054932
2029,11,18,6.5918
2029,11,19,0
2029,11,20,1.7029
2029,11,21,0.09613
2029,11,22,1.799
2029,11,23,0.56305
2029,11,24,0
2029,11,25,69.063
2029,11,26,185.94
2029,11,27,11.893
2029,11,28,21.204
2029,11,29,29.663
2029,11,30,2.6779
2029,12,1,0.16479
2029,12,2,0.013733
2029,12,3,0.23346
2029,12,4,0.013733
2029,12,5,0.81024
2029,12,6,3.4607
2029,12,7,2.7054
2029,12,8,11.192
2029,12,9,0
2029,12,10,0
2029,12,11,4.4495
2029,12,12,0.21973
2029,12,13,0.30212
2029,12,14,0.42572
2029,12,15,0
2029,12,16,0.013733
2029,12,17,11.893
2029,12,18,10.382
2029,12,19,3.9619
2029,12,20,0.15106
2029,12,21,0.30212
2029,12,22,1.8127
2029,12,23,6.7566
2029,12,24,0.9613
2029,12,25,0
2029,12,26,0
2029,12,27,1.2222
2029,12,28,0.98877
2029,12,29,12.085
2029,12,30,18.924
2029,12,31,23.387
2030,1,1,0
2030,1,2,0
2030,1,3,0
2030,1,4,0.27466
2030,1,5,8.1299
2030,1,6,0
2030,1,7,0
2030,1,8,0.013733
2030,1,9,0
2030,1,10,0
2030,1,11,0
2030,1,12,2.3209
2030,1,13,0.10986
2030,1,14,0
2030,1,15,0
2030,1,16,0
2030,1,17,0.082397
2030,1,18,0
2030,1,19,0
2030,1,20,0
2030,1,21,0.57678
2030,1,22,0
2030,1,23,0
2030,1,24,0
2030,1,25,0.32959
2030,1,26,0.24719
2030,1,27,0.81024
2030,1,28,0
2030,1,29,0.041199
2030,1,30,2.2179
2030,1,31,0
2030,2,1,1.1536
2030,2,2,0
2030,2,3,3.2959
2030,2,4,0.61798
2030,2,5,2.5131
2030,2,6,0.49438
2030,2,7,0.1442
2030,2,8,37.903
2030,2,9,0.16479
2030,2,10,2.8427
2030,2,11,0
2030,2,12,0
2030,2,13,0
2030,2,14,0
2030,2,15,0
2030,2,16,0
2030,2,17,0
2030,2,18,0
2030,2,19,0
2030,2,20,0
2030,2,21,0
2030,2,22,0
2030,2,23,0
2030,2,24,0.041199
2030,2,25,1.593
2030,2,26,0.28839
2030,2,27,0
2030,2,28,0.82397
2030,3,1,21.423
2030,3,2,0
2030,3,3,4.0443
2030,3,4,0.82397
2030,3,5,0.60425
2030,3,6,0.30212
2030,3,7,0.041199
2030,3,8,5.2185
2030,3,9,0
2030,3,10,0
2030,3,11,0
2030,3,12,0
2030,3,13,0
2030,3,14,0
2030,3,15,27.713
2030,3,16,36.351
2030,3,17,0
2030,3,18,5.246
2030,3,19,57.198
2030,3,20,26.161
2030,3,21,0
2030,3,22,1.0712
2030,3,23,20.517
2030,3,24,0
2030,3,25,0.26093
2030,3,26,0.013733
2030,3,27,0
2030,3,28,0
2030,3,29,5.658
2030,3,30,13.376
2030,3,31,11.494
2030,4,1,0
2030,4,2,0.43945
2030,4,3,0
2030,4,4,2.5269
2030,4,5,0
2030,4,6,0
2030,4,7,0
2030,4,8,0
2030,4,9,1.4145
2030,4,10,0
2030,4,11,1.2909
2030,4,12,0.49438
2030,4,13,4.9301
2030,4,14,0
2030,4,15,0
2030,4,16,0
2030,4,17,0
2030,4,18,4.0375
2030,4,19,0
2030,4,20,0
2030,4,21,0
2030,4,22,10.842
2030,4,23,0
2030,4,24,1.181
2030,4,25,9.2422
2030,4,26,3.3783
2030,4,27,3.3234
2030,4,28,0.082397
2030,4,29,0
2030,4,30,0.30212
2030,5,1,0.63171
2030,5,2,0.46005
2030,5,3,1.7578
2030,5,4,0.43945
2030,5,5,0.13733
2030,5,6,0
2030,5,7,1.4008
2030,5,8,7.3608
2030,5,9,0
2030,5,10,0
2030,5,11,0.24719
2030,5,12,0.082397
2030,5,13,6.7291
2030,5,14,2.8564
2030,5,15,14.42
2030,5,16,1.5381
2030,5,17,0
2030,5,18,0
2030,5,19,0
2030,5,20,0
2030,5,21,0.041199
2030,5,22,9.8671
2030,5,23,1.5656
2030,5,24,4.2847
2030,5,25,0
2030,5,26,0
2030,5,27,0.41199
2030,5,28,0.83771
2030,5,29,0.78964
2030,5,30,0.013733
2030,5,31,0.013733
2030,6,1,0
2030,6,2,0
2030,6,3,0
2030,6,4,0.082397
2030,6,5,0
2030,6,6,6.7154
2030,6,7,0.21973
2030,6,8,0
2030,6,9,0
2030,6,10,0
2030,6,11,0
2030,6,12,0.0068665
2030,6,13,2.9114
2030,6,14,0
2030,6,15,0
2030,6,16,13.966
2030,6,17,9.6954
2030,6,18,0.86517
2030,6,19,0
2030,6,20,0
2030,6,21,0
2030,6,22,0
2030,6,23,0
2030,6,24,0.43945
2030,6,25,0
2030,6,26,0.93384
2030,6,27,0
2030,6,28,2.4994
2030,6,29,0
2030,6,30,0.67291
2030,7,1,0
2030,7,2,0
2030,7,3,0
2030,7,4,0
2030,7,5,0
2030,7,6,0
2030,7,7,0
2030,7,8,0
2030,7,9,0
2030,7,10,0
2030,7,11,0
2030,7,12,0
2030,7,13,0
2030,7,14,0
2030,7,15,0
2030,7,16,19.954
2030,7,17,0
2030,7,18,0
2030,7,19,0
2030,7,20,0
2030,7,21,0
2030,7,22,0
2030,7,23,0.15106
2030,7,24,0
2030,7,25,0
2030,7,26,0
2030,7,27,7.196
2030,7,28,18.073
2030,7,29,6.2485
2030,7,30,4.8477
2030,7,31,0
2030,8,1,0
2030,8,2,0
2030,8,3,15.958
2030,8,4,0.24719
2030,8,5,0
2030,8,6,0
2030,8,7,0
2030,8,8,0
2030,8,9,0
2030,8,10,0.43945
2030,8,11,0
2030,8,12,0
2030,8,13,0
2030,8,14,0
2030,8,15,0.16479
2030,8,16,0.027466
2030,8,17,0.068665
2030,8,18,0.041199
2030,8,19,0
2030,8,20,0.19226
2030,8,21,14.639
2030,8,22,0
2030,8,23,0.15106
2030,8,24,11.082
2030,8,25,1.7029
2030,8,26,0.068665
2030,8,27,0.013733
2030,8,28,0
2030,8,29,0.013733
2030,8,30,0.33646
2030,8,31,1.6754
2030,9,1,5.452
2030,9,2,0
2030,9,3,0.013733
2030,9,4,1.3184
2030,9,5,0.013733
2030,9,6,0
2030,9,7,0
2030,9,8,0
2030,9,9,0
2030,9,10,0
2030,9,11,0
2030,9,12,0.31586
2030,9,13,0.041199
2030,9,14,0.57678
2030,9,15,0
2030,9,16,0
2030,9,17,0
2030,9,18,0
2030,9,19,0
2030,9,20,0
2030,9,21,0
2030,9,22,0
2030,9,23,0
2030,9,24,0.48065
2030,9,25,2.3895
2030,9,26,0.63171
2030,9,27,0
2030,9,28,0
2030,9,29,5.3558
2030,9,30,53.558
2030,10,1,7.869
2030,10,2,133.54
2030,10,3,8.8989
2030,10,4,3.7079
2030,10,5,0.054932
2030,10,6,0.41199
2030,10,7,22.495
2030,10,8,0.26093
2030,10,9,0
2030,10,10,0.013733
2030,10,11,0.86517
2030,10,12,49.068
2030,10,13,11.124
2030,10,14,0
2030,10,15,0
2030,10,16,0
2030,10,17,0
2030,10,18,3.8177
2030,10,19,1.0025
2030,10,20,0.027466
2030,10,21,0
2030,10,22,3.8864
2030,10,23,0
2030,10,24,0
2030,10,25,0
2030,10,26,0.48065
2030,10,27,1.1673
2030,10,28,26.491
2030,10,29,26.614
2030,10,30,16.342
2030,10,31,0.013733
2030,11,1,0.61798
2030,11,2,2.9388
2030,11,3,0
2030,11,4,0
2030,11,5,0
2030,11,6,0.082397
2030,11,7,0
2030,11,8,0
2030,11,9,0.38452
2030,11,10,0.027466
2030,11,11,0
2030,11,12,0
2030,11,13,0
2030,11,14,0
2030,11,15,0.054932
2030,11,16,0
2030,11,17,0
2030,11,18,0
2030,11,19,0.79651
2030,11,20,0
2030,11,21,0.13733
2030,11,22,0
2030,11,23,0
2030,11,24,0
2030,11,25,0
2030,11,26,0
2030,11,27,0
2030,11,28,0
2030,11,29,0
2030,11,30,0
2030,12,1,5.8914
2030,12,2,40.32
2030,12,3,0.79651
2030,12,4,0.013733
2030,12,5,0.70038
2030,12,6,72.757
2030,12,7,77.673
2030,12,8,4.6967
2030,12,9,0.28839
2030,12,10,0.1236
2030,12,11,0.068665
2030,12,12,0
2030,12,13,0
2030,12,14,0
2030,12,15,0
2030,12,16,0
2030,12,17,0
2030,12,18,0
2030,12,19,0
2030,12,20,0.67291
2030,12,21,0.041199
2030,12,22,0
2030,12,23,0.041199
2030,12,24,0.19226
2030,12,25,0.13046
2030,12,26,0.13733
2030,12,27,0
2030,12,28,0
2030,12,29,0.42572
2030,12,30,2.9663
2030,12,31,1.1398
2031,1,1,2.0325
2031,1,2,0.21973
2031,1,3,0
2031,1,4,0
2031,1,5,0.38452
2031,1,6,1.8539
2031,1,7,1.8402
2031,1,8,0.027466
2031,1,9,0
2031,1,10,3.186
2031,1,11,11.824
2031,1,12,0
2031,1,13,0
2031,1,14,0
2031,1,15,0
2031,1,16,0
2031,1,17,0
2031,1,18,2.9526
2031,1,19,1.2634
2031,1,20,0.027466
2031,1,21,0
2031,1,22,0.98877
2031,1,23,0
2031,1,24,0
2031,1,25,0
2031,1,26,0
2031,1,27,0
2031,1,28,0
2031,1,29,0
2031,1,30,0.054932
2031,1,31,0.65918
2031,2,1,0.27466
2031,2,2,0
2031,2,3,0
2031,2,4,5.809
2031,2,5,4.1336
2031,2,6,6.9351
2031,2,7,0.027466
2031,2,8,0.10986
2031,2,9,0.20599
2031,2,10,0.054932
2031,2,11,0.91324
2031,2,12,7.8827
2031,2,13,10.78
2031,2,14,0.09613
2031,2,15,0
2031,2,16,0
2031,2,17,0
2031,2,18,0
2031,2,19,1.1055
2031,2,20,0
2031,2,21,0
2031,2,22,0
2031,2,23,0
2031,2,24,0.87891
2031,2,25,0.041199
2031,2,26,1.0849
2031,2,27,0.34332
2031,2,28,0.54932
2031,3,1,0.27466
2031,3,2,0.013733
2031,3,3,0.63171
2031,3,4,1.2085
2031,3,5,0.089264
2031,3,6,0
2031,3,7,0.061798
2031,3,8,6.9351
2031,3,9,25.818
2031,3,10,24.28
2031,3,11,0.81024
2031,3,12,29.539
2031,3,13,3.186
2031,3,14,0
2031,3,15,0.82397
2031,3,16,0.28839
2031,3,17,0.10986
2031,3,18,1.5106
2031,3,19,9.6542
2031,3,20,0.60425
2031,3,21,0
2031,3,22,0
2031,3,23,3.2135
2031,3,24,3.6598
2031,3,25,0.78278
2031,3,26,0
2031,3,27,0
2031,3,28,0
2031,3,29,0
2031,3,30,0
2031,3,31,0
2031,4,1,0
2031,4,2,0
2031,4,3,0
2031,4,4,0
2031,4,5,0
2031,4,6,2.774
2031,4,7,1.3458
2031,4,8,8.9264
2031,4,9,0.013733
2031,4,10,0
2031,4,11,0.1442
2031,4,12,0.013733
2031,4,13,0.013733
2031,4,14,6.9077
2031,4,15,5.4932
2031,4,16,0
2031,4,17,0
2031,4,18,0
2031,4,19,2.8976
2031,4,20,0.082397
2031,4,21,0.23346
2031,4,22,0
2031,4,23,0
2031,4,24,2.0187
2031,4,25,0.054932
2031,4,26,0
2031,4,27,0
2031,4,28,0
2031,4,29,0
2031,4,30,0
2031,5,1,0
2031,5,2,0
2031,5,3,0.041199
2031,5,4,0
2031,5,5,0.27466
2031,5,6,0
2031,5,7,15.752
2031,5,8,7.5531
2031,5,9,0.59052
2031,5,10,1.1673
2031,5,11,0
2031,5,12,1.2085
2031,5,13,9.9014
2031,5,14,20.393
2031,5,15,0.65918
2031,5,16,0.34332
2031,5,17,2.3895
2031,5,18,17.633
2031,5,19,5.1498
2031,5,20,23.25
2031,5,21,0
2031,5,22,1.8677
2031,5,23,1.1742
2031,5,24,4.0237
2031,5,25,0
2031,5,26,0
2031,5,27,0
2031,5,28,0
2031,5,29,0.16479
2031,5,30,0
2031,5,31,0
2031,6,1,0.082397
2031,6,2,0
2031,6,3,0
2031,6,4,0
2031,6,5,0
2031,6,6,4.3533
2031,6,7,0
2031,6,8,0
2031,6,9,0
2031,6,10,0
2031,6,11,5.8777
2031,6,12,0
2031,6,13,0.013733
2031,6,14,0
2031,6,15,0
2031,6,16,0.013733
2031,6,17,0.082397
2031,6,18,0
2031,6,19,2.8976
2031,6,20,0
2031,6,21,0
2031,6,22,9.4894
2031,6,23,0
2031,6,24,0.013733
2031,6,25,0
2031,6,26,0
2031,6,27,0
2031,6,28,0.027466
2031,6,29,0
2031,6,30,0
2031,7,1,0
2031,7,2,25.928
2031,7,3,0
2031,7,4,0.72784
2031,7,5,0
2031,7,6,0
2031,7,7,1.1398
2031,7,8,0.013733
2031,7,9,0
2031,7,10,0.20599
2031,7,11,4.6143
2031,7,12,5.0949
2031,7,13,0
2031,7,14,0
2031,7,15,0
2031,7,16,0
2031,7,17,0
2031,7,18,0
2031,7,19,0.16479
2031,7,20,0.082397
2031,7,21,0
2031,7,22,0
2031,7,23,0
2031,7,24,0
2031,7,25,0
2031,7,26,1.9775
2031,7,27,0
2031,7,28,0
2031,7,29,0
2031,7,30,1.3458
2031,7,31,0
2031,8,1,0
2031,8,2,0
2031,8,3,0
2031,8,4,0
2031,8,5,0
2031,8,6,0
2031,8,7,0.041199
2031,8,8,1.1398
2031,8,9,0.09613
2031,8,10,0.55618
2031,8,11,0
2031,8,12,0
2031,8,13,0
2031,8,14,0
2031,8,15,0
2031,8,16,0
2031,8,17,0
2031,8,18,0.13046
2031,8,19,0.068665
2031,8,20,0.27466
2031,8,21,0.24719
2031,8,22,0.013733
2031,8,23,0
2031,8,24,0
2031,8,25,7.2098
2031,8,26,0
2031,8,27,0
2031,8,28,0
2031,8,29,0.041199
2031,8,30,0
2031,8,31,0
2031,9,1,4.7516
2031,9,2,0
2031,9,3,0
2031,9,4,0
2031,9,5,0.63171
2031,9,6,0.72784
2031,9,7,0.027466
2031,9,8,4.8683
2031,9,9,0
2031,9,10,0
2031,9,11,0
2031,9,12,0
2031,9,13,0
2031,9,14,12.662
2031,9,15,9.0088
2031,9,16,0.78278
2031,9,17,0
2031,9,18,0
2031,9,19,0
2031,9,20,19.336
2031,9,21,2.2247
2031,9,22,0
2031,9,23,0
2031,9,24,8.4732
2031,9,25,0
2031,9,26,4.7653
2031,9,27,1.4969
2031,9,28,0
2031,9,29,0.027466
2031,9,30,0
2031,10,1,0.83771
2031,10,2,0.09613
2031,10,3,18.375
2031,10,4,7.2784
2031,10,5,0.13733
2031,10,6,0
2031,10,7,0
2031,10,8,0
2031,10,9,0.082397
2031,10,10,0.16479
2031,10,11,0
2031,10,12,0.74158
2031,10,13,1.8265
2031,10,14,3.1723
2031,10,15,0.013733
2031,10,16,5.2803
2031,10,17,0.020599
2031,10,18,0
2031,10,19,0.35706
2031,10,20,2.9938
2031,10,21,2.4994
2031,10,22,1.0986
2031,10,23,0.98877
2031,10,24,26.202
2031,10,25,13.719
2031,10,26,3.4744
2031,10,27,0
2031,10,28,0
2031,10,29,0
2031,10,30,0.82397
2031,10,31,0
2031,11,1,0
2031,11,2,0
2031,11,3,10.918
2031,11,4,0.068665
2031,11,5,0
2031,11,6,1.7853
2031,11,7,1.7578
2031,11,8,0
2031,11,9,0.79651
2031,11,10,0.13733
2031,11,11,0.027466
2031,11,12,0
2031,11,13,0
2031,11,14,0
2031,11,15,0
2031,11,16,0
2031,11,17,0.21973
2031,11,18,0
2031,11,19,0.76904
2031,11,20,1.8127
2031,11,21,2.4307
2031,11,22,8.1024
2031,11,23,0
2031,11,24,1.181
2031,11,25,5.2597
2031,11,26,6.5918
2031,11,27,0.85144
2031,11,28,0
2031,11,29,0
2031,11,30,0
2031,12,1,0
2031,12,2,0
2031,12,3,1.3321
2031,12,4,0.28839
2031,12,5,0.13733
2031,12,6,0
2031,12,7,1.8677
2031,12,8,0.027466
2031,12,9,0.31586
2031,12,10,18.333
2031,12,11,0
2031,12,12,0.24719
2031,12,13,0
2031,12,14,0
2031,12,15,0
2031,12,16,0
2031,12,17,0.027466
2031,12,18,0
2031,12,19,0
2031,12,20,0
2031,12,21,0
2031,12,22,0
2031,12,23,0
2031,12,24,0.41199
2031,12,25,0.19226
2031,12,26,0
2031,12,27,0.34332
2031,12,28,0.013733
2031,12,29,22.604
2031,12,30,52.391
2031,12,31,7.1686
2032,1,1,15.12
2032,1,2,0.041199
2032,1,3,1.9226
2032,1,4,1.7029
2032,1,5,10.41
2032,1,6,0
2032,1,7,1.8402
2032,1,8,1.5518
2032,1,9,0
2032,1,10,0.10986
2032,1,11,0.54932
2032,1,12,0
2032,1,13,1.8127
2032,1,14,2.4857
2032,1,15,2.417
2032,1,16,0.041199
2032,1,17,0
2032,1,18,0.31586
2032,1,19,0
2032,1,20,0
2032,1,21,0
2032,1,22,0.082397
2032,1,23,3.7903
2032,1,24,26.724
2032,1,25,5.0262
2032,1,26,62.636
2032,1,27,86.916
2032,1,28,63.776
2032,1,29,0.21973
2032,1,30,1.6205
2032,1,31,0
2032,2,1,0.20599
2032,2,2,0.34332
2032,2,3,0
2032,2,4,0.28839
2032,2,5,0.027466
2032,2,6,0.20599
2032,2,7,0.17853
2032,2,8,7.6492
2032,2,9,0.45319
2032,2,10,0
2032,2,11,0
2032,2,12,0.027466
2032,2,13,2.0599
2032,2,14,9.7229
2032,2,15,10.698
2032,2,16,4.7104
2032,2,17,7.608
2032,2,18,12.456
2032,2,19,0
2032,2,20,0
2032,2,21,0.082397
2032,2,22,1.0162
2032,2,23,4.9438
2032,2,24,0
2032,2,25,0.1236
2032,2,26,0.082397
2032,2,27,0.45319
2032,2,28,0
2032,2,29,0
2032,3,1,0
2032,3,2,0
2032,3,3,0
2032,3,4,0
2032,3,5,0
2032,3,6,0.46692
2032,3,7,1.6068
2032,3,8,0.013733
2032,3,9,0.98877
2032,3,10,6.7703
2032,3,11,0.13046
2032,3,12,0.054932
2032,3,13,0.43945
2032,3,14,0.92697
2032,3,15,6.7085
2032,3,16,45.49
2032,3,17,0.020599
2032,3,18,1.0712
2032,3,19,1.1604
2032,3,20,0
2032,3,21,0
2032,3,22,4.2435
2032,3,23,53.201
2032,3,24,0.65918
2032,3,25,10.19
2032,3,26,45.593
2032,3,27,56.58
2032,3,28,4.4495
2032,3,29,2.3071
2032,3,30,7.6767
2032,3,31,0.16479
2032,4,1,0
2032,4,2,5.2322
2032,4,3,0.71411
2032,4,4,0
2032,4,5,0.013733
2032,4,6,0.068665
2032,4,7,1.3046
2032,4,8,0.56305
2032,4,9,0
2032,4,10,0.027466
2032,4,11,0.54932
2032,4,12,0
2032,4,13,0
2032,4,14,0
2032,4,15,0
2032,4,16,0
2032,4,17,0.93384
2032,4,18,0
2032,4,19,9.9014
2032,4,20,10.368
2032,4,21,13.293
2032,4,22,12.552
2032,4,23,25.186
2032,4,24,4.01
2032,4,25,6.5918
2032,4,26,0.054932
2032,4,27,0
2032,4,28,0
2032,4,29,0.98877
2032,4,30,6.2485
2032,5,1,4.3739
2032,5,2,8.5556
2032,5,3,0
2032,5,4,0
2032,5,5,18.567
2032,5,6,1.7029
2032,5,7,4.6143
2032,5,8,0.082397
2032,5,9,0.041199
2032,5,10,4.8477
2032,5,11,0
2032,5,12,0
2032,5,13,0
2032,5,14,0.068665
2032,5,15,0
2032,5,16,1.9913
2032,5,17,12.765
2032,5,18,0.27466
2032,5,19,0.10986
2032,5,20,0
2032,5,21,0
2032,5,22,0.013733
2032,5,23,0.054932
2032,5,24,0.1236
2032,5,25,0.19226
2032,5,26,0
2032,5,27,0.15106
2032,5,28,0
2032,5,29,1.4557
2032,5,30,6.1249
2032,5,31,6.3446
2032,6,1,0
2032,6,2,0
2032,6,3,16.411
2032,6,4,2.7191
2032,6,5,0.23346
2032,6,6,0
2032,6,7,0
2032,6,8,0
2032,6,9,0.054932
2032,6,10,0
2032,6,11,0
2032,6,12,21.066
2032,6,13,1.7029
2032,6,14,0
2032,6,15,0
2032,6,16,7.6492
2032,6,17,0.65918
2032,6,18,0
2032,6,19,0.20599
2032,6,20,14.653
2032,6,21,0
2032,6,22,0.20599
2032,6,23,0.53558
2032,6,24,2.3895
2032,6,25,0
2032,6,26,0
2032,6,27,0.56305
2032,6,28,0.1236
2032,6,29,0.76904
2032,6,30,0.0068665
2032,7,1,0
2032,7,2,0
2032,7,3,0
2032,7,4,0
2032,7,5,0
2032,7,6,0
2032,7,7,0
2032,7,8,0
2032,7,9,14.056
2032,7,10,10.19
2032,7,11,4.2915
2032,7,12,8.5693
2032,7,13,0.18539
2032,7,14,0
2032,7,15,0
2032,7,16,0
2032,7,17,0
2032,7,18,0
2032,7,19,0
2032,7,20,0
2032,7,21,0.94757
2032,7,22,5.2872
2032,7,23,8.1848
2032,7,24,0
2032,7,25,0
2032,7,26,0.027466
2032,7,27,0.10986
2032,7,28,0
2032,7,29,5.3696
2032,7,30,0
2032,7,31,0
2032,8,1,0.43945
2032,8,2,0
2032,8,3,0
2032,8,4,0.28839
2032,8,5,0
2032,8,6,0
2032,8,7,0
2032,8,8,0
2032,8,9,0
2032,8,10,0
2032,8,11,0
2032,8,12,0
2032,8,13,0
2032,8,14,0
2032,8,15,7.2098
2032,8,16,0.59052
2032,8,17,0
2032,8,18,0.16479
2032,8,19,0.054932
2032,8,20,4.0375
2032,8,21,0.16479
2032,8,22,0
2032,8,23,0
2032,8,24,0
2032,8,25,0
2032,8,26,0
2032,8,27,0.082397
2032,8,28,0.09613
2032,8,29,0
2032,8,30,0
2032,8,31,0
2032,9,1,0
2032,9,2,0
2032,9,3,0
2032,9,4,3.2547
2032,9,5,2.3346
2032,9,6,1.902
2032,9,7,16.933
2032,9,8,76.355
2032,9,9,0
2032,9,10,0
2032,9,11,0
2032,9,12,0.013733
2032,9,13,28.063
2032,9,14,1.2085
2032,9,15,0.79651
2032,9,16,0
2032,9,17,0
2032,9,18,0
2032,9,19,0
2032,9,20,0.082397
2032,9,21,1.3733
2032,9,22,0.082397
2032,9,23,0
2032,9,24,0.24719
2032,9,25,0.19226
2032,9,26,0
2032,9,27,0
2032,9,28,0
2032,9,29,0.63171
2032,9,30,0
2032,10,1,0
2032,10,2,0
2032,10,3,0
2032,10,4,0
2032,10,5,0
2032,10,6,0
2032,10,7,0
2032,10,8,0
2032,10,9,0
2032,10,10,0
2032,10,11,0
2032,10,12,2.8976
2032,10,13,8.4183
2032,10,14,112.58
2032,10,15,83.936
2032,10,16,69.736
2032,10,17,39.468
2032,10,18,4.9713
2032,10,19,0.027466
2032,10,20,27.823
2032,10,21,18.265
2032,10,22,4.3671
2032,10,23,12.936
2032,10,24,4.6143
2032,10,25,0.98877
2032,10,26,3.0212
2032,10,27,0.19226
2032,10,28,2.6367
2032,10,29,0
2032,10,30,0.64545
2032,10,31,1.0437
2032,11,1,0.027466
2032,11,2,0.027466
2032,11,3,0.013733
2032,11,4,13.06
2032,11,5,13.925
2032,11,6,24.115
2032,11,7,0.37079
2032,11,8,0.48065
2032,11,9,0.44632
2032,11,10,0
2032,11,11,0
2032,11,12,0.63171
2032,11,13,6.1935
2032,11,14,25.323
2032,11,15,0
2032,11,16,5.5206
2032,11,17,0.27466
2032,11,18,0
2032,11,19,0
2032,11,20,0
2032,11,21,0
2032,11,22,0
2032,11,23,1.236
2032,11,24,0
2032,11,25,0
2032,11,26,0.082397
2032,11,27,7.3334
2032,11,28,0.082397
2032,11,29,0
2032,11,30,0.1236
2032,12,1,0.61798
2032,12,2,2.0874
2032,12,3,0.1236
2032,12,4,0.082397
2032,12,5,0.21973
2032,12,6,0
2032,12,7,0.82397
2032,12,8,0.74158
2032,12,9,0
2032,12,10,0
2032,12,11,0
2032,12,12,0
2032,12,13,0
2032,12,14,1.236
2032,12,15,4.5319
2032,12,16,6.4407
2032,12,17,24.088
2032,12,18,20.737
2032,12,19,3.1586
2032,12,20,8.5281
2032,12,21,4.2572
2032,12,22,0.027466
2032,12,23,0.43945
2032,12,24,12.305
2032,12,25,5.8914
2032,12,26,58.846
2032,12,27,34.511
2032,12,28,10.657
2032,12,29,14.392
2032,12,30,0
2032,12,31,0.35706
2033,1,1,2.1835
2033,1,2,4.7379
2033,1,3,0.67291
2033,1,4,2.3621
2033,1,5,0
2033,1,6,0
2033,1,7,0.054932
2033,1,8,0.24719
2033,1,9,0.34332
2033,1,10,0.041199
2033,1,11,0.82397
2033,1,12,0
2033,1,13,0.39825
2033,1,14,0
2033,1,15,0.027466
2033,1,16,0.87891
2033,1,17,0.37079
2033,1,18,0.13733
2033,1,19,5.4794
2033,1,20,0
2033,1,21,0.38452
2033,1,22,0.65918
2033,1,23,0.30212
2033,1,24,0.52185
2033,1,25,0
2033,1,26,0.16479
2033,1,27,6.3858
2033,1,28,0.52185
2033,1,29,2.829
2033,1,30,0.9201
2033,1,31,0.78278
2033,2,1,0.65918
2033,2,2,0.013733
2033,2,3,0
2033,2,4,12.154
2033,2,5,0.054932
2033,2,6,1.6205
2033,2,7,0
2033,2,8,0
2033,2,9,0
2033,2,10,0
2033,2,11,0
2033,2,12,0
2033,2,13,0
2033,2,14,0
2033,2,15,0
2033,2,16,0
2033,2,17,0
2033,2,18,0
2033,2,19,0
2033,2,20,1.7578
2033,2,21,0
2033,2,22,0
2033,2,23,0.16479
2033,2,24,6.9763
2033,2,25,2.9663
2033,2,26,0
2033,2,27,0
2033,2,28,0
2033,3,1,0
2033,3,2,0
2033,3,3,0
2033,3,4,0.30212
2033,3,5,12.154
2033,3,6,42.49
2033,3,7,0
2033,3,8,0
2033,3,9,0
2033,3,10,0
2033,3,11,0
2033,3,12,0
2033,3,13,0
2033,3,14,0
2033,3,15,0.23346
2033,3,16,18.759
2033,3,17,0.52872
2033,3,18,0.041199
2033,3,19,0
2033,3,20,0
2033,3,21,0
2033,3,22,0
2033,3,23,0
2033,3,24,0
2033,3,25,0
2033,3,26,0
2033,3,27,0.027466
2033,3,28,2.417
2033,3,29,0
2033,3,30,0
2033,3,31,0
2033,4,1,0
2033,4,2,0.20599
2033,4,3,0
2033,4,4,0
2033,4,5,0.31586
2033,4,6,7.1411
2033,4,7,40.718
2033,4,8,0.31586
2033,4,9,13.994
2033,4,10,16.232
2033,4,11,1.8539
2033,4,12,0
2033,4,13,0
2033,4,14,0
2033,4,15,0
2033,4,16,0
2033,4,17,0
2033,4,18,1.181
2033,4,19,0.19226
2033,4,20,1.8677
2033,4,21,0
2033,4,22,0
2033,4,23,0
2033,4,24,4.6967
2033,4,25,7.1686
2033,4,26,0
2033,4,27,0
2033,4,28,0
2033,4,29,0.19226
2033,4,30,0.18539
2033,5,1,8.6517
2033,5,2,4.216
2033,5,3,1.0437
2033,5,4,0.64545
2033,5,5,0
2033,5,6,0
2033,5,7,0
2033,5,8,0.83771
2033,5,9,0.79651
2033,5,10,0.013733
2033,5,11,3.2547
2033,5,12,0.53558
2033,5,13,0
2033,5,14,0.082397
2033,5,15,0.32959
2033,5,16,0.027466
2033,5,17,1.7303
2033,5,18,0
2033,5,19,0
2033,5,20,0
2033,5,21,0
2033,5,22,0
2033,5,23,0
2033,5,24,0
2033,5,25,0
2033,5,26,0
2033,5,27,0
2033,5,28,11.46
2033,5,29,0.30212
2033,5,30,0.94757
2033,5,31,0
2033,6,1,0
2033,6,2,0
2033,6,3,0
2033,6,4,0
2033,6,5,0.93384
2033,6,6,0.41199
2033,6,7,22.165
2033,6,8,51.622
2033,6,9,20.792
2033,6,10,0.13733
2033,6,11,0.45319
2033,6,12,0
2033,6,13,0
2033,6,14,0.38452
2033,6,15,0.70038
2033,6,16,0.041199
2033,6,17,0.57678
2033,6,18,4.7104
2033,6,19,4.216
2033,6,20,1.7853
2033,6,21,0
2033,6,22,0
2033,6,23,0
2033,6,24,0
2033,6,25,0
2033,6,26,0
2033,6,27,0
2033,6,28,0
2033,6,29,0
2033,6,30,9.256
2033,7,1,0
2033,7,2,0
2033,7,3,0
2033,7,4,0.041199
2033,7,5,0
2033,7,6,0
2033,7,7,0
2033,7,8,0
2033,7,9,1.3046
2033,7,10,0
2033,7,11,1.8402
2033,7,12,0
2033,7,13,0
2033,7,14,0
2033,7,15,0
2033,7,16,0.027466
2033,7,17,9.4894
2033,7,18,0.45319
2033,7,19,10.629
2033,7,20,0
2033,7,21,0
2033,7,22,0.027466
2033,7,23,0.19226
2033,7,24,0.34332
2033,7,25,0
2033,7,26,0.75531
2033,7,27,0.054932
2033,7,28,4.7653
2033,7,29,0
2033,7,30,0
2033,7,31,0
2033,8,1,0
2033,8,2,0.041199
2033,8,3,0.21973
2033,8,4,0
2033,8,5,0
2033,8,6,0
2033,8,7,0
2033,8,8,0.13733
2033,8,9,0.27466
2033,8,10,0.041199
2033,8,11,0.83084
2033,8,12,0.013733
2033,8,13,0.63171
2033,8,14,1.442
2033,8,15,3.035
2033,8,16,9.7778
2033,8,17,0
2033,8,18,0
2033,8,19,0
2033,8,20,0.49438
2033,8,21,0
2033,8,22,0
2033,8,23,0
2033,8,24,0
2033,8,25,0
2033,8,26,1.7509
2033,8,27,0
2033,8,28,0
2033,8,29,0.59052
2033,8,30,0
2033,8,31,0
2033,9,1,0
2033,9,2,0
2033,9,3,0
2033,9,4,0
2033,9,5,0.013733
2033,9,6,0.013733
2033,9,7,0.054932
2033,9,8,15.71
2033,9,9,21.835
2033,9,10,0
2033,9,11,0.78278
2033,9,12,21.753
2033,9,13,0
2033,9,14,0
2033,9,15,0
2033,9,16,0
2033,9,17,0
2033,9,18,0
2033,9,19,0.013733
2033,9,20,0.013733
2033,9,21,0.020599
2033,9,22,0
2033,9,23,0
2033,9,24,7.5531
2033,9,25,0
2033,9,26,0.50812
2033,9,27,0.23346
2033,9,28,0.17853
2033,9,29,0.35706
2033,9,30,0
2033,10,1,0
2033,10,2,0.041199
2033,10,3,0
2033,10,4,0
2033,10,5,0
2033,10,6,0.027466
2033,10,7,0
2033,10,8,0
2033,10,9,0
2033,10,10,0
2033,10,11,0
2033,10,12,0
2033,10,13,0
2033,10,14,5.3146
2033,10,15,0
2033,10,16,0
2033,10,17,0
2033,10,18,16.754
2033,10,19,0.30212
2033,10,20,0
2033,10,21,4.3671
2033,10,22,6.6055
2033,10,23,0.17853
2033,10,24,0.79651
2033,10,25,0.90637
2033,10,26,15.381
2033,10,27,0.50812
2033,10,28,0
2033,10,29,0.87891
2033,10,30,2.0874
2033,10,31,0
2033,11,1,0.027466
2033,11,2,1.4832
2033,11,3,1.1948
2033,11,4,0.013733
2033,11,5,0.041199
2033,11,6,0.49438
2033,11,7,0
2033,11,8,1.5656
2033,11,9,0.63171
2033,11,10,0.49438
2033,11,11,0
2033,11,12,0
2033,11,13,0
2033,11,14,0
2033,11,15,0
2033,11,16,0
2033,11,17,0
2033,11,18,0.068665
2033,11,19,0.013733
2033,11,20,0.19226
2033,11,21,0.013733
2033,11,22,0
2033,11,23,0
2033,11,24,0
2033,11,25,0
2033,11,26,0.027466
2033,11,27,0.082397
2033,11,28,0
2033,11,29,0
2033,11,30,0.31586
2033,12,1,0.013733
2033,12,2,0.054932
2033,12,3,0.68665
2033,12,4,0.70038
2033,12,5,0
2033,12,6,0.17853
2033,12,7,0
2033,12,8,0.39139
2033,12,9,0.37079
2033,12,10,1.8402
2033,12,11,0
2033,12,12,0
2033,12,13,0
2033,12,14,1.5656
2033,12,15,0.89264
2033,12,16,0.068665
2033,12,17,0.054932
2033,12,18,0.027466
2033,12,19,0
2033,12,20,0
2033,12,21,0
2033,12,22,0
2033,12,23,2.8702
2033,12,24,0.55618
2033,12,25,1.181
2033,12,26,0.15106
2033,12,27,0.034332
2033,12,28,0
2033,12,29,0
2033,12,30,0
2033,12,31,0.57678
2034,1,1,0
2034,1,2,0.10986
2034,1,3,0
2034,1,4,0.18539
2034,1,5,0.56305
2034,1,6,1.7441
2034,1,7,0.56305
2034,1,8,0
2034,1,9,0.20599
2034,1,10,1.236
2034,1,11,0
2034,1,12,0
2034,1,13,0
2034,1,14,0
2034,1,15,0
2034,1,16,0
2034,1,17,0
2034,1,18,0
2034,1,19,0
2034,1,20,0.54932
2034,1,21,23.483
2034,1,22,10.945
2034,1,23,0
2034,1,24,0.63858
2034,1,25,1.0162
2034,1,26,0
2034,1,27,0
2034,1,28,0
2034,1,29,0
2034,1,30,0
2034,1,31,0
2034,2,1,0
2034,2,2,0.15106
2034,2,3,0.55618
2034,2,4,0
2034,2,5,0
2034,2,6,0
2034,2,7,0
2034,2,8,0.65918
2034,2,9,2.9663
2034,2,10,26.669
2034,2,11,1.236
2034,2,12,0.10986
2034,2,13,0.24719
2034,2,14,1.5656
2034,2,15,6.2897
2034,2,16,1.1948
2034,2,17,0
2034,2,18,1.7029
2034,2,19,1.9226
2034,2,20,0.054932
2034,2,21,0
2034,2,22,0.068665
2034,2,23,0
2034,2,24,3.7491
2034,2,25,1.6891
2034,2,26,2.7191
2034,2,27,0.013733
2034,2,28,0.19226
2034,3,1,0
2034,3,2,0.78278
2034,3,3,2.0325
2034,3,4,0.21973
2034,3,5,0.39825
2034,3,6,0
2034,3,7,0
2034,3,8,1.5106
2034,3,9,4.6005
2034,3,10,14.639
2034,3,11,29.608
2034,3,12,2.9251
2034,3,13,0.45319
2034,3,14,17.097
2034,3,15,0.013733
2034,3,16,0.32272
2034,3,17,7.6767
2034,3,18,23.703
2034,3,19,0.13733
2034,3,20,5.0812
2034,3,21,2.7328
2034,3,22,2.4307
2034,3,23,19.061
2034,3,24,0
2034,3,25,0
2034,3,26,0
2034,3,27,0
2034,3,28,0
2034,3,29,0.10986
2034,3,30,0
2034,3,31,1.1261
2034,4,1,36.461
2034,4,2,73.814
2034,4,3,52.734
2034,4,4,7.2922
2034,4,5,7.5256
2034,4,6,0
2034,4,7,5.5069
2034,4,8,0
2034,4,9,0.23346
2034,4,10,0
2034,4,11,0
2034,4,12,0
2034,4,13,0.054932
2034,4,14,0.86517
2034,4,15,49.796
2034,4,16,5.5893
2034,4,17,0.027466
2034,4,18,0
2034,4,19,0
2034,4,20,0
2034,4,21,0.013733
2034,4,22,0
2034,4,23,0.013733
2034,4,24,3.447
2034,4,25,11.069
2034,4,26,1.6342
2034,4,27,0
2034,4,28,0
2034,4,29,0
2034,4,30,0
2034,5,1,0
2034,5,2,0
2034,5,3,1.4145
2034,5,4,1.3321
2034,5,5,8.1573
2034,5,6,5.0949
2034,5,7,0.09613
2034,5,8,0.68665
2034,5,9,4.01
2034,5,10,0.45319
2034,5,11,0.082397
2034,5,12,0.70038
2034,5,13,0.65918
2034,5,14,41.061
2034,5,15,9.3384
2034,5,16,0
2034,5,17,5.6168
2034,5,18,0
2034,5,19,7.4982
2034,5,20,18.018
2034,5,21,0.59052
2034,5,22,0.61798
2034,5,23,0
2034,5,24,4.7653
2034,5,25,1.1536
2034,5,26,0.09613
2034,5,27,0
2034,5,28,0.19226
2034,5,29,0.027466
2034,5,30,0.10986
2034,5,31,0.21973
2034,6,1,2.2247
2034,6,2,0
2034,6,3,1.4969
2034,6,4,0
2034,6,5,0
2034,6,6,0
2034,6,7,0
2034,6,8,0
2034,6,9,0
2034,6,10,0
2034,6,11,0.13733
2034,6,12,5.1086
2034,6,13,0
2034,6,14,0
2034,6,15,0
2034,6,16,0
2034,6,17,0
2034,6,18,0
2034,6,19,0.35019
2034,6,20,0
2034,6,21,0.30212
2034,6,22,0
2034,6,23,0
2034,6,24,0
2034,6,25,0.09613
2034,6,26,0.85144
2034,6,27,0.17853
2034,6,28,0.42572
2034,6,29,1.181
2034,6,30,0
2034,7,1,0
2034,7,2,0
2034,7,3,2.0874
2034,7,4,0.13733
2034,7,5,0.44632
2034,7,6,1.4557
2034,7,7,0.020599
2034,7,8,0.048065
2034,7,9,0
2034,7,10,0
2034,7,11,0
2034,7,12,0
2034,7,13,0
2034,7,14,0
2034,7,15,0.60425
2034,7,16,0
2034,7,17,0
2034,7,18,0
2034,7,19,0
2034,7,20,0
2034,7,21,0
2034,7,22,0.068665
2034,7,23,0
2034,7,24,0
2034,7,25,0
2034,7,26,0
2034,7,27,0
2034,7,28,0
2034,7,29,0.10986
2034,7,30,0
2034,7,31,0
2034,8,1,0
2034,8,2,0.054932
2034,8,3,0
2034,8,4,1.2772
2034,8,5,0
2034,8,6,0
2034,8,7,0
2034,8,8,0
2034,8,9,0
2034,8,10,0
2034,8,11,0
2034,8,12,0
2034,8,13,0.082397
2034,8,14,0.089264
2034,8,15,0.45319
2034,8,16,25.626
2034,8,17,48.409
2034,8,18,0.054932
2034,8,19,0
2034,8,20,0
2034,8,21,1.593
2034,8,22,0
2034,8,23,0
2034,8,24,0
2034,8,25,0.35019
2034,8,26,0
2034,8,27,0
2034,8,28,0
2034,8,29,0
2034,8,30,7.3059
2034,8,31,6.4064
2034,9,1,15.134
2034,9,2,0.027466
2034,9,3,3.2135
2034,9,4,0.041199
2034,9,5,0
2034,9,6,0
2034,9,7,0
2034,9,8,2.0805
2034,9,9,0
2034,9,10,5.3009
2034,9,11,0.61798
2034,9,12,0
2034,9,13,0
2034,9,14,0.42572
2034,9,15,46.28
2034,9,16,0.17853
2034,9,17,0
2034,9,18,0
2034,9,19,0
2034,9,20,0
2034,9,21,0.19226
2034,9,22,0
2034,9,23,0.027466
2034,9,24,10.739
2034,9,25,28.537
2034,9,26,60.48
2034,9,27,2.6093
2034,9,28,0
2034,9,29,0
2034,9,30,1.5244
2034,10,1,3.4332
2034,10,2,0.27466
2034,10,3,0
2034,10,4,1.3733
2034,10,5,2.5406
2034,10,6,1.2222
2034,10,7,14.104
2034,10,8,64.078
2034,10,9,2.8152
2034,10,10,0.87891
2034,10,11,0.041199
2034,10,12,0
2034,10,13,0
2034,10,14,0
2034,10,15,0
2034,10,16,0.013733
2034,10,17,2.1011
2034,10,18,2.623
2034,10,19,23.291
2034,10,20,0.38452
2034,10,21,0.24719
2034,10,22,3.3096
2034,10,23,9.2422
2034,10,24,73.911
2034,10,25,0
2034,10,26,0
2034,10,27,0
2034,10,28,0.027466
2034,10,29,0
2034,10,30,0
2034,10,31,0
2034,11,1,0
2034,11,2,0
2034,11,3,0
2034,11,4,0
2034,11,5,0
2034,11,6,0
2034,11,7,0
2034,11,8,0.10986
2034,11,9,0
2034,11,10,0
2034,11,11,0.054932
2034,11,12,0.70038
2034,11,13,0.60425
2034,11,14,1.799
2034,11,15,0.09613
2034,11,16,0
2034,11,17,6.1523
2034,11,18,0.24719
2034,11,19,0.31586
2034,11,20,0.49438
2034,11,21,0.30212
2034,11,22,0
2034,11,23,0
2034,11,24,0
2034,11,25,0
2034,11,26,0.041199
2034,11,27,0.10986
2034,11,28,0
2034,11,29,1.2497
2034,11,30,0
2034,12,1,0
2034,12,2,0.13733
2034,12,3,0
2034,12,4,0.52185
2034,12,5,2.4033
2034,12,6,0
2034,12,7,0
2034,12,8,0
2034,12,9,0
2034,12,10,0
2034,12,11,0.068665
2034,12,12,0.17853
2034,12,13,19.116
2034,12,14,1.1467
2034,12,15,0
2034,12,16,0
2034,12,17,0
2034,12,18,0
2034,12,19,0
2034,12,20,0
2034,12,21,0
2034,12,22,0.027466
2034,12,23,0
2034,12,24,0.068665
2034,12,25,0.16479
2034,12,26,0.10986
2034,12,27,2.2797
2034,12,28,1.0574
2034,12,29,0.013733
2034,12,30,0.19226
2034,12,31,2.0874
2035,1,1,0.054932
2035,1,2,0
2035,1,3,2.0874
2035,1,4,0.43945
2035,1,5,1.7578
2035,1,6,0.027466
2035,1,7,0.76904
2035,1,8,0
2035,1,9,8.7341
2035,1,10,0.082397
2035,1,11,3.2684
2035,1,12,1.7715
2035,1,13,0.1236
2035,1,14,1.0986
2035,1,15,0
2035,1,16,0.17853
2035,1,17,0.15106
2035,1,18,0
2035,1,19,0
2035,1,20,0
2035,1,21,0
2035,1,22,0
2035,1,23,0
2035,1,24,0
2035,1,25,0.061798
2035,1,26,0
2035,1,27,0
2035,1,28,0
2035,1,29,0
2035,1,30,0
2035,1,31,0
2035,2,1,0
2035,2,2,0
2035,2,3,0
2035,2,4,0
2035,2,5,0
2035,2,6,0
2035,2,7,0
2035,2,8,0
2035,2,9,0
2035,2,10,1.4832
2035,2,11,2.2522
2035,2,12,7.0175
2035,2,13,1.7029
2035,2,14,1.5244
2035,2,15,6.9763
2035,2,16,6.6742
2035,2,17,2.9251
2035,2,18,0
2035,2,19,0
2035,2,20,0
2035,2,21,0
2035,2,22,0
2035,2,23,0
2035,2,24,0
2035,2,25,0.10986
2035,2,26,0.068665
2035,2,27,0.82397
2035,2,28,0
2035,3,1,0.19226
2035,3,2,0.47379
2035,3,3,0.0068665
2035,3,4,3.3714
2035,3,5,0
2035,3,6,0.52185
2035,3,7,1.5656
2035,3,8,0.15106
2035,3,9,0
2035,3,10,0
2035,3,11,0.37079
2035,3,12,0
2035,3,13,0.48065
2035,3,14,0
2035,3,15,0
2035,3,16,2.6505
2035,3,17,0
2035,3,18,0.16479
2035,3,19,0.048065
2035,3,20,50.743
2035,3,21,0
2035,3,22,0.64545
2035,3,23,3.9963
2035,3,24,30.13
2035,3,25,0
2035,3,26,0.21973
2035,3,27,2.3621
2035,3,28,0
2035,3,29,0
2035,3,30,0
2035,3,31,0
2035,4,1,0
2035,4,2,0
2035,4,3,0.082397
2035,4,4,0
2035,4,5,13.184
2035,4,6,0.46692
2035,4,7,0.20599
2035,4,8,0.59052
2035,4,9,0.23346
2035,4,10,0.81024
2035,4,11,0
2035,4,12,0.041199
2035,4,13,0.90637
2035,4,14,0
2035,4,15,0
2035,4,16,0.082397
2035,4,17,0
2035,4,18,0
2035,4,19,0.13733
2035,4,20,0.1236
2035,4,21,0.068665
2035,4,22,0.56305
2035,4,23,24.417
2035,4,24,22.632
2035,4,25,30.103
2035,4,26,5.6854
2035,4,27,4.1199
2035,4,28,0.98877
2035,4,29,0
2035,4,30,0.16479
2035,5,1,0.61798
2035,5,2,1.1879
2035,5,3,8.02
2035,5,4,3.186
2035,5,5,0.23346
2035,5,6,0
2035,5,7,0
2035,5,8,0
2035,5,9,9.7504
2035,5,10,34.332
2035,5,11,0
2035,5,12,0
2035,5,13,0
2035,5,14,0
2035,5,15,0
2035,5,16,2.0325
2035,5,17,0
2035,5,18,0
2035,5,19,0
2035,5,20,2.4582
2035,5,21,0
2035,5,22,0.054932
2035,5,23,64.902
2035,5,24,24.815
2035,5,25,0
2035,5,26,0.013733
2035,5,27,0
2035,5,28,0
2035,5,29,0
2035,5,30,0
2035,5,31,0
2035,6,1,0
2035,6,2,0
2035,6,3,18.21
2035,6,4,1.7441
2035,6,5,0
2035,6,6,0
2035,6,7,1.0368
2035,6,8,0.041199
2035,6,9,0
2035,6,10,0
2035,6,11,0.089264
2035,6,12,0
2035,6,13,0
2035,6,14,0.65231
2035,6,15,0
2035,6,16,0
2035,6,17,0
2035,6,18,0.60425
2035,6,19,11.179
2035,6,20,0.89264
2035,6,21,0.27466
2035,6,22,0
2035,6,23,0
2035,6,24,0
2035,6,25,0.13733
2035,6,26,0.054932
2035,6,27,0
2035,6,28,0.041199
2035,6,29,1.0986
2035,6,30,0.70038
2035,7,1,0.57678
2035,7,2,0
2035,7,3,1.4008
2035,7,4,91.516
2035,7,5,0.027466
2035,7,6,30.377
2035,7,7,0
2035,7,8,0
2035,7,9,1.9089
2035,7,10,0.041199
2035,7,11,0
2035,7,12,0
2035,7,13,0
2035,7,14,0.027466
2035,7,15,0.50812
2035,7,16,0
2035,7,17,0
2035,7,18,0
2035,7,19,0
2035,7,20,6.2485
2035,7,21,0.013733
2035,7,22,0
2035,7,23,0
2035,7,24,0
2035,7,25,0
2035,7,26,0
2035,7,27,0
2035,7,28,0.23346
2035,7,29,0.24719
2035,7,30,3.8727
2035,7,31,0.24719
2035,8,1,0
2035,8,2,0
2035,8,3,0
2035,8,4,0
2035,8,5,0
2035,8,6,3.9551
2035,8,7,0
2035,8,8,0.041199
2035,8,9,0.17853
2035,8,10,0.41199
2035,8,11,40.018
2035,8,12,0
2035,8,13,0
2035,8,14,0
2035,8,15,0
2035,8,16,0
2035,8,17,0.048065
2035,8,18,0
2035,8,19,0.10986
2035,8,20,4.6967
2035,8,21,3.5019
2035,8,22,2.2659
2035,8,23,0
2035,8,24,0
2035,8,25,0
2035,8,26,0
2035,8,27,0.19226
2035,8,28,1.5106
2035,8,29,0.16479
2035,8,30,0.94757
2035,8,31,0
2035,9,1,0
2035,9,2,0
2035,9,3,0
2035,9,4,0
2035,9,5,1.387
2035,9,6,2.3346
2035,9,7,10.657
2035,9,8,0
2035,9,9,0
2035,9,10,0
2035,9,11,0
2035,9,12,1.6411
2035,9,13,0
2035,9,14,0
2035,9,15,0
2035,9,16,0
2035,9,17,0
2035,9,18,0
2035,9,19,1.6823
2035,9,20,3.804
2035,9,21,2.6642
2035,9,22,0.52185
2035,9,23,0
2035,9,24,0
2035,9,25,0
2035,9,26,0
2035,9,27,31.723
2035,9,28,0.09613
2035,9,29,0.65918
2035,9,30,8.6929
2035,10,1,0
2035,10,2,0
2035,10,3,0
2035,10,4,0
2035,10,5,0
2035,10,6,0
2035,10,7,0
2035,10,8,0
2035,10,9,0.63171
2035,10,10,0.027466
2035,10,11,0
2035,10,12,2.3071
2035,10,13,0.013733
2035,10,14,0.28839
2035,10,15,0
2035,10,16,0
2035,10,17,0
2035,10,18,0
2035,10,19,0
2035,10,20,0
2035,10,21,0
2035,10,22,0
2035,10,23,0
2035,10,24,0
2035,10,25,0
2035,10,26,0
2035,10,27,0
2035,10,28,0
2035,10,29,0
2035,10,30,0
2035,10,31,0.027466
2035,11,1,0
2035,11,2,0.60425
2035,11,3,0.75531
2035,11,4,5.4108
2035,11,5,24.87
2035,11,6,0
2035,11,7,0
2035,11,8,0.054932
2035,11,9,0.027466
2035,11,10,2.0874
2035,11,11,0
2035,11,12,0
2035,11,13,0
2035,11,14,0
2035,11,15,0
2035,11,16,0
2035,11,17,0
2035,11,18,0
2035,11,19,0.027466
2035,11,20,0
2035,11,21,0
2035,11,22,0.81024
2035,11,23,0
2035,11,24,0
2035,11,25,0
2035,11,26,0
2035,11,27,0
2035,11,28,0
2035,11,29,0.013733
2035,11,30,0.027466
2035,12,1,0
2035,12,2,0
2035,12,3,0
2035,12,4,0.054932
2035,12,5,0
2035,12,6,2.4582
2035,12,7,0.23346
2035,12,8,0
2035,12,9,0
2035,12,10,0
2035,12,11,0
2035,12,12,0
2035,12,13,0
2035,12,14,0
2035,12,15,0
2035,12,16,0
2035,12,17,0
2035,12,18,0
2035,12,19,0
2035,12,20,0
2035,12,21,0
2035,12,22,0
2035,12,23,0
2035,12,24,0
2035,12,25,0
2035,12,26,0
2035,12,27,0.15106
2035,12,28,0
2035,12,29,0
2035,12,30,0
2035,12,31,0
2036,1,1,0
2036,1,2,0
2036,1,3,0.082397
2036,1,4,0
2036,1,5,0
2036,1,6,0
2036,1,7,0
2036,1,8,0
2036,1,9,0
2036,1,10,0
2036,1,11,0
2036,1,12,0
2036,1,13,0
2036,1,14,0
2036,1,15,0
2036,1,16,0.17853
2036,1,17,0.082397
2036,1,18,0.027466
2036,1,19,3.0075
2036,1,20,0.68665
2036,1,21,0.041199
2036,1,22,0
2036,1,23,0.10986
2036,1,24,0.68665
2036,1,25,1.8539
2036,1,26,0
2036,1,27,0
2036,1,28,0
2036,1,29,0.81024
2036,1,30,0.43945
2036,1,31,1.1673
2036,2,1,0.53558
2036,2,2,7.0999
2036,2,3,0
2036,2,4,0
2036,2,5,0
2036,2,6,0.21973
2036,2,7,2.1286
2036,2,8,0.21973
2036,2,9,0.76904
2036,2,10,0.027466
2036,2,11,0.63171
2036,2,12,0.041199
2036,2,13,0.30212
2036,2,14,0
2036,2,15,3.2684
2036,2,16,2.0325
2036,2,17,0
2036,2,18,0.19226
2036,2,19,0.082397
2036,2,20,0
2036,2,21,1.593
2036,2,22,0
2036,2,23,0
2036,2,24,0
2036,2,25,0
2036,2,26,0
2036,2,27,0
2036,2,28,0
2036,2,29,0
2036,3,1,0
2036,3,2,0
2036,3,3,0
2036,3,4,0
2036,3,5,0
2036,3,6,0
2036,3,7,0
2036,3,8,0
2036,3,9,15.985
2036,3,10,0.9613
2036,3,11,0
2036,3,12,0.1236
2036,3,13,0
2036,3,14,0.054932
2036,3,15,0
2036,3,16,0
2036,3,17,1.7303
2036,3,18,0.39825
2036,3,19,0.027466
2036,3,20,0
2036,3,21,0.46005
2036,3,22,5.0537
2036,3,23,0.54932
2036,3,24,1.2497
2036,3,25,4.4975
2036,3,26,18.155
2036,3,27,9.4345
2036,3,28,8.02
2036,3,29,0.09613
2036,3,30,0.013733
2036,3,31,0.013733
2036,4,1,4.2297
2036,4,2,0
2036,4,3,0.1236
2036,4,4,0.15106
2036,4,5,0
2036,4,6,1.0162
2036,4,7,7.045
2036,4,8,3.9963
2036,4,9,0
2036,4,10,0
2036,4,11,0.054932
2036,4,12,3.7903
2036,4,13,0.041199
2036,4,14,0
2036,4,15,0
2036,4,16,0
2036,4,17,3.5431
2036,4,18,7.0313
2036,4,19,0
2036,4,20,0
2036,4,21,0
2036,4,22,0
2036,4,23,0
2036,4,24,0
2036,4,25,0.38452
2036,4,26,6.6879
2036,4,27,0.19226
2036,4,28,30.487
2036,4,29,21.437
2036,4,30,0
2036,5,1,0.068665
2036,5,2,1.0574
2036,5,3,0
2036,5,4,0
2036,5,5,0
2036,5,6,0
2036,5,7,0.10986
2036,5,8,0
2036,5,9,0
2036,5,10,0
2036,5,11,0.027466
2036,5,12,0
2036,5,13,13.101
2036,5,14,0.46692
2036,5,15,0.52185
2036,5,16,0.71411
2036,5,17,0
2036,5,18,0
2036,5,19,0
2036,5,20,4.3808
2036,5,21,27.081
2036,5,22,47.736
2036,5,23,1.4832
2036,5,24,0
2036,5,25,9.6062
2036,5,26,11.028
2036,5,27,0
2036,5,28,0
2036,5,29,0
2036,5,30,2.6642
2036,5,31,0
2036,6,1,0
2036,6,2,0
2036,6,3,1.03
2036,6,4,3.1174
2036,6,5,0
2036,6,6,0
2036,6,7,0
2036,6,8,0
2036,6,9,0.027466
2036,6,10,0
2036,6,11,0
2036,6,12,0
2036,6,13,0
2036,6,14,0
2036,6,15,0
2036,6,16,0.027466
2036,6,17,0.048065
2036,6,18,1.5656
2036,6,19,0
2036,6,20,0.53558
2036,6,21,0.15106
2036,6,22,2.8427
2036,6,23,2.0874
2036,6,24,4.4495
2036,6,25,0.054932
2036,6,26,0.013733
2036,6,27,0
2036,6,28,0
2036,6,29,0.95444
2036,6,30,0
2036,7,1,0
2036,7,2,0
2036,7,3,0
2036,7,4,0.13733
2036,7,5,0
2036,7,6,0.26093
2036,7,7,0
2036,7,8,0
2036,7,9,0
2036,7,10,0
2036,7,11,0.43945
2036,7,12,0
2036,7,13,0
2036,7,14,0
2036,7,15,0
2036,7,16,0
2036,7,17,0
2036,7,18,0
2036,7,19,0.1442
2036,7,20,2.3346
2036,7,21,0
2036,7,22,3.7766
2036,7,23,10.547
2036,7,24,1.3733
2036,7,25,0
2036,7,26,0
2036,7,27,0
2036,7,28,0
2036,7,29,9.5718
2036,7,30,23.689
2036,7,31,0
2036,8,1,0
2036,8,2,0
2036,8,3,0
2036,8,4,0
2036,8,5,0
2036,8,6,0
2036,8,7,0
2036,8,8,0
2036,8,9,0.37079
2036,8,10,0.17853
2036,8,11,0
2036,8,12,0
2036,8,13,1.5793
2036,8,14,1.8677
2036,8,15,0.21286
2036,8,16,0
2036,8,17,0
2036,8,18,0.21973
2036,8,19,1.181
2036,8,20,0
2036,8,21,0
2036,8,22,0
2036,8,23,0
2036,8,24,0
2036,8,25,14.612
2036,8,26,0.013733
2036,8,27,0
2036,8,28,0
2036,8,29,0
2036,8,30,0
2036,8,31,0
2036,9,1,0
2036,9,2,0.034332
2036,9,3,3.5568
2036,9,4,0
2036,9,5,0
2036,9,6,2.4582
2036,9,7,0
2036,9,8,0
2036,9,9,0
2036,9,10,0
2036,9,11,0
2036,9,12,0
2036,9,13,0.041199
2036,9,14,6.2347
2036,9,15,0
2036,9,16,0
2036,9,17,4.9988
2036,9,18,0
2036,9,19,0
2036,9,20,12.03
2036,9,21,3.598
2036,9,22,0
2036,9,23,0
2036,9,24,5.0674
2036,9,25,0
2036,9,26,0.013733
2036,9,27,0
2036,9,28,0
2036,9,29,0
2036,9,30,0
2036,10,1,0
2036,10,2,0
2036,10,3,0
2036,10,4,0.082397
2036,10,5,0.46692
2036,10,6,8.02
2036,10,7,0
2036,10,8,0.013733
2036,10,9,0
2036,10,10,0
2036,10,11,0.43945
2036,10,12,1.1948
2036,10,13,1.181
2036,10,14,0
2036,10,15,13.445
2036,10,16,0.1442
2036,10,17,0.63171
2036,10,18,0.76904
2036,10,19,0.85144
2036,10,20,0.79651
2036,10,21,0
2036,10,22,0
2036,10,23,0.027466
2036,10,24,2.4307
2036,10,25,0
2036,10,26,0
2036,10,27,0
2036,10,28,0
2036,10,29,0
2036,10,30,0
2036,10,31,0
2036,11,1,0
2036,11,2,0
2036,11,3,0
2036,11,4,0
2036,11,5,0
2036,11,6,0
2036,11,7,0
2036,11,8,0
2036,11,9,0
2036,11,10,0
2036,11,11,0
2036,11,12,0
2036,11,13,0
2036,11,14,0
2036,11,15,1.1398
2036,11,16,4.6692
2036,11,17,0.60425
2036,11,18,0.068665
2036,11,19,0
2036,11,20,0
2036,11,21,0
2036,11,22,0.13733
2036,11,23,38.741
2036,11,24,24.403
2036,11,25,31.586
2036,11,26,14.474
2036,11,27,0.054932
2036,11,28,0
2036,11,29,0.027466
2036,11,30,0.38452
2036,12,1,0
2036,12,2,0
2036,12,3,8.8715
2036,12,4,0.10986
2036,12,5,20.695
2036,12,6,18.567
2036,12,7,4.2297
2036,12,8,0.45319
2036,12,9,0.93384
2036,12,10,19.446
2036,12,11,36.475
2036,12,12,18.306
2036,12,13,21.121
2036,12,14,0.068665
2036,12,15,0
2036,12,16,0
2036,12,17,0
2036,12,18,0
2036,12,19,0
2036,12,20,0.013733
2036,12,21,0.013733
2036,12,22,0.83771
2036,12,23,0.013733
2036,12,24,0
2036,12,25,0
2036,12,26,0
2036,12,27,0
2036,12,28,0
2036,12,29,0
2036,12,30,0
2036,12,31,0
2037,1,1,9.8328
2037,1,2,1.7166
2037,1,3,1.181
2037,1,4,0
2037,1,5,8.3359
2037,1,6,0
2037,1,7,0.19226
2037,1,8,0.59052
2037,1,9,2.4857
2037,1,10,3.4744
2037,1,11,0.27466
2037,1,12,0
2037,1,13,0
2037,1,14,0.60425
2037,1,15,0
2037,1,16,1.4969
2037,1,17,0
2037,1,18,0.50812
2037,1,19,0
2037,1,20,1.4969
2037,1,21,0.041199
2037,1,22,0
2037,1,23,0
2037,1,24,0
2037,1,25,0
2037,1,26,0
2037,1,27,0
2037,1,28,0.49438
2037,1,29,0
2037,1,30,4.7241
2037,1,31,63.734
2037,2,1,1.1673
2037,2,2,0.48065
2037,2,3,0.24719
2037,2,4,0
2037,2,5,1.0712
2037,2,6,2.4307
2037,2,7,0.71411
2037,2,8,0
2037,2,9,0
2037,2,10,0
2037,2,11,1.593
2037,2,12,12.291
2037,2,13,25.227
2037,2,14,0.74158
2037,2,15,0
2037,2,16,0
2037,2,17,4.3945
2037,2,18,0.013733
2037,2,19,0.15106
2037,2,20,0.013733
2037,2,21,0.054932
2037,2,22,2.9251
2037,2,23,0.19226
2037,2,24,0.43945
2037,2,25,1.3458
2037,2,26,0.87891
2037,2,27,0
2037,2,28,0
2037,3,1,1.9363
2037,3,2,4.0375
2037,3,3,0.41199
2037,3,4,0.53558
2037,3,5,4.8615
2037,3,6,0.041199
2037,3,7,0.61798
2037,3,8,0.013733
2037,3,9,0
2037,3,10,0
2037,3,11,0
2037,3,12,0
2037,3,13,0
2037,3,14,0
2037,3,15,0
2037,3,16,0
2037,3,17,0.041199
2037,3,18,0.68665
2037,3,19,7.1274
2037,3,20,0.23346
2037,3,21,0
2037,3,22,0
2037,3,23,0
2037,3,24,0
2037,3,25,0
2037,3,26,3.0075
2037,3,27,0.31586
2037,3,28,0.67291
2037,3,29,1.7853
2037,3,30,0
2037,3,31,0
2037,4,1,0
2037,4,2,0.61798
2037,4,3,1.181
2037,4,4,2.3071
2037,4,5,9.1942
2037,4,6,0.082397
2037,4,7,1.2085
2037,4,8,20.38
2037,4,9,34.868
2037,4,10,5.7129
2037,4,11,3.2135
2037,4,12,2.2591
2037,4,13,2.5406
2037,4,14,3.9688
2037,4,15,0
2037,4,16,1.6754
2037,4,17,1.2772
2037,4,18,0.79651
2037,4,19,9.4345
2037,4,20,0.15106
2037,4,21,2.7878
2037,4,22,3.653
2037,4,23,10.835
2037,4,24,12.442
2037,4,25,1.3321
2037,4,26,13.101
2037,4,27,2.0325
2037,4,28,11.81
2037,4,29,0
2037,4,30,0
2037,5,1,0.19226
2037,5,2,0
2037,5,3,0
2037,5,4,0
2037,5,5,0
2037,5,6,0
2037,5,7,0
2037,5,8,0.13733
2037,5,9,3.8452
2037,5,10,0
2037,5,11,0
2037,5,12,0
2037,5,13,0
2037,5,14,0
2037,5,15,0
2037,5,16,0
2037,5,17,0.054932
2037,5,18,40.416
2037,5,19,0.39825
2037,5,20,0.068665
2037,5,21,0
2037,5,22,0
2037,5,23,0
2037,5,24,0
2037,5,25,0
2037,5,26,0.48065
2037,5,27,0.013733
2037,5,28,0.38452
2037,5,29,1.7853
2037,5,30,0.041199
2037,5,31,0
2037,6,1,0.013733
2037,6,2,0
2037,6,3,0
2037,6,4,0
2037,6,5,0
2037,6,6,0
2037,6,7,0.041199
2037,6,8,0.027466
2037,6,9,0
2037,6,10,0
2037,6,11,0
2037,6,12,0
2037,6,13,7.0999
2037,6,14,0.16479
2037,6,15,0.60425
2037,6,16,4.8477
2037,6,17,3.1998
2037,6,18,0
2037,6,19,0
2037,6,20,0
2037,6,21,0
2037,6,22,0
2037,6,23,1.7853
2037,6,24,0.52185
2037,6,25,2.3071
2037,6,26,0.054932
2037,6,27,0
2037,6,28,0
2037,6,29,16.507
2037,6,30,0
2037,7,1,0
2037,7,2,13.664
2037,7,3,5.9052
2037,7,4,2.3758
2037,7,5,1.5793
2037,7,6,5.7541
2037,7,7,0
2037,7,8,0
2037,7,9,0
2037,7,10,0.027466
2037,7,11,0.28152
2037,7,12,0.39825
2037,7,13,4.8203
2037,7,14,0
2037,7,15,0
2037,7,16,0.31586
2037,7,17,0.56305
2037,7,18,0.26093
2037,7,19,0.0068665
2037,7,20,0.37079
2037,7,21,0.42572
2037,7,22,0
2037,7,23,0
2037,7,24,0
2037,7,25,0
2037,7,26,0
2037,7,27,0
2037,7,28,0
2037,7,29,0.24033
2037,7,30,0.068665
2037,7,31,0.31586
2037,8,1,0
2037,8,2,0
2037,8,3,0
2037,8,4,0
2037,8,5,0
2037,8,6,0
2037,8,7,0.0068665
2037,8,8,0.103
2037,8,9,0.9407
2037,8,10,0.28839
2037,8,11,0.027466
2037,8,12,0
2037,8,13,0
2037,8,14,0.068665
2037,8,15,8.0063
2037,8,16,0
2037,8,17,0
2037,8,18,0.027466
2037,8,19,17.825
2037,8,20,0
2037,8,21,0
2037,8,22,0
2037,8,23,0
2037,8,24,0
2037,8,25,0
2037,8,26,0
2037,8,27,0
2037,8,28,0
2037,8,29,0
2037,8,30,0.1442
2037,8,31,0
2037,9,1,1.8677
2037,9,2,12.36
2037,9,3,1.9913
2037,9,4,47.955
2037,9,5,10.519
2037,9,6,3.1105
2037,9,7,6.1111
2037,9,8,0.33646
2037,9,9,12.016
2037,9,10,4.6005
2037,9,11,0.67291
2037,9,12,0
2037,9,13,0
2037,9,14,0
2037,9,15,0
2037,9,16,0
2037,9,17,0.87891
2037,9,18,3.2959
2037,9,19,0
2037,9,20,0.37079
2037,9,21,1.0712
2037,9,22,0.93384
2037,9,23,2.6779
2037,9,24,0
2037,9,25,0.013733
2037,9,26,0.53558
2037,9,27,0.0068665
2037,9,28,0.034332
2037,9,29,0.027466
2037,9,30,2.1561
2037,10,1,0.1236
2037,10,2,0
2037,10,3,0.19226
2037,10,4,0
2037,10,5,0.020599
2037,10,6,0
2037,10,7,0
2037,10,8,0
2037,10,9,0.39825
2037,10,10,0.24719
2037,10,11,0
2037,10,12,0
2037,10,13,0
2037,10,14,0
2037,10,15,27.74
2037,10,16,0.54932
2037,10,17,0.81024
2037,10,18,0
2037,10,19,0
2037,10,20,0
2037,10,21,0.26779
2037,10,22,0.95444
2037,10,23,0.35706
2037,10,24,0.53558
2037,10,25,0.13733
2037,10,26,5.452
2037,10,27,0.054932
2037,10,28,0.38452
2037,10,29,0
2037,10,30,0
2037,10,31,11.426
2037,11,1,13.953
2037,11,2,0
2037,11,3,4.1885
2037,11,4,0
2037,11,5,1.4145
2037,11,6,0
2037,11,7,0
2037,11,8,0
2037,11,9,0.16479
2037,11,10,0.09613
2037,11,11,0.50812
2037,11,12,0.17166
2037,11,13,4.0787
2037,11,14,0.87891
2037,11,15,0.20599
2037,11,16,0.09613
2037,11,17,1.6617
2037,11,18,0.16479
2037,11,19,0
2037,11,20,0.61111
2037,11,21,0
2037,11,22,9.4208
2037,11,23,2.5543
2037,11,24,0
2037,11,25,0.013733
2037,11,26,0.068665
2037,11,27,0
2037,11,28,0
2037,11,29,0
2037,11,30,1.5656
2037,12,1,0.63171
2037,12,2,0.35706
2037,12,3,6.6193
2037,12,4,31.86
2037,12,5,19.693
2037,12,6,57.568
2037,12,7,0
2037,12,8,0.31586
2037,12,9,9.3796
2037,12,10,2.8152
2037,12,11,1.6891
2037,12,12,0.71411
2037,12,13,0
2037,12,14,0
2037,12,15,0
2037,12,16,0
2037,12,17,0
2037,12,18,0
2037,12,19,0.027466
2037,12,20,0
2037,12,21,0
2037,12,22,0
2037,12,23,0
2037,12,24,0
2037,12,25,0
2037,12,26,0.027466
2037,12,27,0.054932
2037,12,28,1.9775
2037,12,29,9.1324
2037,12,30,9.5856
2037,12,31,0.87891
2038,1,1,0.027466
2038,1,2,0.09613
2038,1,3,0
2038,1,4,0
2038,1,5,0.35706
2038,1,6,0.72784
2038,1,7,0.26093
2038,1,8,0.21973
2038,1,9,0
2038,1,10,0.71411
2038,1,11,5.0125
2038,1,12,2.2522
2038,1,13,0.49438
2038,1,14,2.3071
2038,1,15,1.0986
2038,1,16,3.3783
2038,1,17,0.0068665
2038,1,18,0.027466
2038,1,19,0.81024
2038,1,20,0.98877
2038,1,21,0.38452
2038,1,22,0.15793
2038,1,23,0
2038,1,24,0
2038,1,25,0
2038,1,26,0
2038,1,27,0
2038,1,28,0
2038,1,29,0
2038,1,30,0
2038,1,31,0
2038,2,1,0
2038,2,2,0.90637
2038,2,3,3.0487
2038,2,4,0
2038,2,5,0
2038,2,6,0
2038,2,7,0
2038,2,8,0
2038,2,9,0
2038,2,10,0
2038,2,11,0
2038,2,12,0
2038,2,13,0
2038,2,14,0
2038,2,15,0
2038,2,16,0
2038,2,17,0
2038,2,18,0
2038,2,19,0
2038,2,20,0
2038,2,21,0
2038,2,22,0
2038,2,23,0
2038,2,24,0
2038,2,25,0
2038,2,26,0.13733
2038,2,27,0.068665
2038,2,28,0
2038,3,1,0
2038,3,2,0
2038,3,3,3.2822
2038,3,4,0
2038,3,5,0.64545
2038,3,6,0.42572
2038,3,7,0.061798
2038,3,8,0.63171
2038,3,9,0.32959
2038,3,10,0.054932
2038,3,11,0.13733
2038,3,12,12.978
2038,3,13,18.787
2038,3,14,15.436
2038,3,15,2.5063
2038,3,16,0
2038,3,17,3.1448
2038,3,18,0
2038,3,19,0
2038,3,20,0
2038,3,21,0.54932
2038,3,22,0.0068665
2038,3,23,0.1236
2038,3,24,0.19226
2038,3,25,4.1748
2038,3,26,0
2038,3,27,0
2038,3,28,0
2038,3,29,0.32959
2038,3,30,0
2038,3,31,0
2038,4,1,0
2038,4,2,0
2038,4,3,0
2038,4,4,2.0874
2038,4,5,8.0612
2038,4,6,10.705
2038,4,7,0.19226
2038,4,8,0.068665
2038,4,9,0
2038,4,10,0
2038,4,11,0
2038,4,12,0
2038,4,13,0.21286
2038,4,14,2.8564
2038,4,15,1.6617
2038,4,16,0
2038,4,17,16.301
2038,4,18,12.483
2038,4,19,12.772
2038,4,20,0.09613
2038,4,21,5.5069
2038,4,22,10.959
2038,4,23,42.902
2038,4,24,6.3446
2038,4,25,1.4832
2038,4,26,0
2038,4,27,0
2038,4,28,0
2038,4,29,0
2038,4,30,0
2038,5,1,0
2038,5,2,0.013733
2038,5,3,0.0068665
2038,5,4,0.068665
2038,5,5,0
2038,5,6,0
2038,5,7,0.66605
2038,5,8,0.020599
2038,5,9,0
2038,5,10,0.78278
2038,5,11,1.6479
2038,5,12,0.013733
2038,5,13,0.21973
2038,5,14,0
2038,5,15,0
2038,5,16,0
2038,5,17,0
2038,5,18,0
2038,5,19,0
2038,5,20,0
2038,5,21,45.937
2038,5,22,10.464
2038,5,23,0.69351
2038,5,24,1.7853
2038,5,25,0.41199
2038,5,26,0.9613
2038,5,27,2.9388
2038,5,28,1.3321
2038,5,29,0.52185
2038,5,30,0
2038,5,31,0.041199
2038,6,1,3.289
2038,6,2,2.829
2038,6,3,0.068665
2038,6,4,0
2038,6,5,0
2038,6,6,0
2038,6,7,0
2038,6,8,0
2038,6,9,0
2038,6,10,0
2038,6,11,0
2038,6,12,1.4282
2038,6,13,0
2038,6,14,0
2038,6,15,0
2038,6,16,0
2038,6,17,0
2038,6,18,0
2038,6,19,0
2038,6,20,0
2038,6,21,0
2038,6,22,0
2038,6,23,0
2038,6,24,0
2038,6,25,0
2038,6,26,2.5406
2038,6,27,0
2038,6,28,0
2038,6,29,0
2038,6,30,0
2038,7,1,0.23346
2038,7,2,0.53558
2038,7,3,0
2038,7,4,0
2038,7,5,4.1336
2038,7,6,0
2038,7,7,0
2038,7,8,1.0437
2038,7,9,0.103
2038,7,10,0.20599
2038,7,11,0.054932
2038,7,12,0
2038,7,13,1.6891
2038,7,14,20.462
2038,7,15,0
2038,7,16,0
2038,7,17,0.29526
2038,7,18,0.74158
2038,7,19,0.54932
2038,7,20,0
2038,7,21,0
2038,7,22,0
2038,7,23,0
2038,7,24,0.020599
2038,7,25,0
2038,7,26,0.38452
2038,7,27,0
2038,7,28,0
2038,7,29,0
2038,7,30,0
2038,7,31,0
2038,8,1,0
2038,8,2,0
2038,8,3,1.2634
2038,8,4,3.0624
2038,8,5,0
2038,8,6,0
2038,8,7,0
2038,8,8,0.041199
2038,8,9,0
2038,8,10,1.3321
2038,8,11,6.4682
2038,8,12,0
2038,8,13,0
2038,8,14,0
2038,8,15,0
2038,8,16,0
2038,8,17,0
2038,8,18,0.61798
2038,8,19,23.538
2038,8,20,10.011
2038,8,21,10.986
2038,8,22,0
2038,8,23,0
2038,8,24,0
2038,8,25,0
2038,8,26,0
2038,8,27,0.0068665
2038,8,28,0.013733
2038,8,29,12.936
2038,8,30,0
2038,8,31,0
2038,9,1,0
2038,9,2,0
2038,9,3,0
2038,9,4,0.09613
2038,9,5,8.1573
2038,9,6,2.829
2038,9,7,9.5856
2038,9,8,0
2038,9,9,2.6093
2038,9,10,21.08
2038,9,11,8.0887
2038,9,12,2.1149
2038,9,13,20.435
2038,9,14,0
2038,9,15,0.013733
2038,9,16,0.11673
2038,9,17,0
2038,9,18,0
2038,9,19,0
2038,9,20,0
2038,9,21,0
2038,9,22,0
2038,9,23,0.013733
2038,9,24,0
2038,9,25,0
2038,9,26,0
2038,9,27,0
2038,9,28,0.10986
2038,9,29,0
2038,9,30,0
2038,10,1,0
2038,10,2,0
2038,10,3,0
2038,10,4,0.013733
2038,10,5,0.70038
2038,10,6,0
2038,10,7,0
2038,10,8,0
2038,10,9,0
2038,10,10,0.041199
2038,10,11,0.054932
2038,10,12,0.041199
2038,10,13,0.42572
2038,10,14,0.98877
2038,10,15,13.815
2038,10,16,5.4245
2038,10,17,6.015
2038,10,18,77.921
2038,10,19,18.21
2038,10,20,1.1948
2038,10,21,0.79651
2038,10,22,0
2038,10,23,0.48065
2038,10,24,0
2038,10,25,0.13733
2038,10,26,0.63171
2038,10,27,0
2038,10,28,0
2038,10,29,0
2038,10,30,3.598
2038,10,31,0.16479
2038,11,1,0.46692
2038,11,2,12.263
2038,11,3,34.689
2038,11,4,7.6904
2038,11,5,0.013733
2038,11,6,0
2038,11,7,0
2038,11,8,0
2038,11,9,0
2038,11,10,0
2038,11,11,0
2038,11,12,0
2038,11,13,0
2038,11,14,0
2038,11,15,0
2038,11,16,0
2038,11,17,0
2038,11,18,0
2038,11,19,0
2038,11,20,0
2038,11,21,0
2038,11,22,8.075
2038,11,23,16.548
2038,11,24,25.557
2038,11,25,0
2038,11,26,1.1673
2038,11,27,2.3483
2038,11,28,11.783
2038,11,29,0.027466
2038,11,30,1.5656
2038,12,1,3.5431
2038,12,2,3.7354
2038,12,3,0.13733
2038,12,4,7.3196
2038,12,5,0.56305
2038,12,6,0.24719
2038,12,7,2.5406
2038,12,8,0
2038,12,9,0.27466
2038,12,10,1.2085
2038,12,11,0
2038,12,12,0
2038,12,13,0.72784
2038,12,14,0.48065
2038,12,15,0.50812
2038,12,16,20.462
2038,12,17,1.5381
2038,12,18,35.802
2038,12,19,3.0624
2038,12,20,0
2038,12,21,0
2038,12,22,0.27466
2038,12,23,2.0668
2038,12,24,0.54932
2038,12,25,0.85144
2038,12,26,15.601
2038,12,27,12.895
2038,12,28,0
2038,12,29,1.1673
2038,12,30,7.3608
2038,12,31,0.39825
2039,1,1,0.24033
2039,1,2,0.24719
2039,1,3,0
2039,1,4,0
2039,1,5,0
2039,1,6,0
2039,1,7,3.9688
2039,1,8,0.10986
2039,1,9,0.19226
2039,1,10,1.5656
2039,1,11,0
2039,1,12,0
2039,1,13,0
2039,1,14,0.027466
2039,1,15,5.4382
2039,1,16,0
2039,1,17,0.57678
2039,1,18,0.054932
2039,1,19,6.0287
2039,1,20,0
2039,1,21,0
2039,1,22,0
2039,1,23,2.417
2039,1,24,9.4345
2039,1,25,0.61798
2039,1,26,5.2048
2039,1,27,1.2222
2039,1,28,0.93384
2039,1,29,1.0162
2039,1,30,1.1124
2039,1,31,0.20599
2039,2,1,0.027466
2039,2,2,0.041199
2039,2,3,0
2039,2,4,0
2039,2,5,0
2039,2,6,0
2039,2,7,0
2039,2,8,0.054932
2039,2,9,0.39825
2039,2,10,0.64545
2039,2,11,1.0574
2039,2,12,0.013733
2039,2,13,3.4401
2039,2,14,0.013733
2039,2,15,1.03
2039,2,16,0.013733
2039,2,17,0.09613
2039,2,18,0.76904
2039,2,19,0.34332
2039,2,20,0
2039,2,21,0
2039,2,22,0.61111
2039,2,23,0
2039,2,24,4.1748
2039,2,25,0.1236
2039,2,26,0.041199
2039,2,27,28.235
2039,2,28,0.63171
2039,3,1,1.6685
2039,3,2,0.94757
2039,3,3,1.1261
2039,3,4,1.4557
2039,3,5,1.7441
2039,3,6,0.50812
2039,3,7,0.09613
2039,3,8,0.93384
2039,3,9,9.8877
2039,3,10,0.054932
2039,3,11,0.65918
2039,3,12,0.50812
2039,3,13,1.0025
2039,3,14,2.1011
2039,3,15,0
2039,3,16,1.8951
2039,3,17,1.181
2039,3,18,0.1236
2039,3,19,0
2039,3,20,0
2039,3,21,0
2039,3,22,0
2039,3,23,0
2039,3,24,0
2039,3,25,0.013733
2039,3,26,0.013733
2039,3,27,0.63171
2039,3,28,0
2039,3,29,2.0599
2039,3,30,0
2039,3,31,3.7628
2039,4,1,6.5643
2039,4,2,7.1411
2039,4,3,0
2039,4,4,2.0599
2039,4,5,5.3352
2039,4,6,0
2039,4,7,0.1236
2039,4,8,21.904
2039,4,9,0.054932
2039,4,10,5.246
2039,4,11,0.054932
2039,4,12,0.068665
2039,4,13,2.1973
2039,4,14,8.2741
2039,4,15,0
2039,4,16,1.6205
2039,4,17,23.593
2039,4,18,0
2039,4,19,0.10986
2039,4,20,0
2039,4,21,0
2039,4,22,0.027466
2039,4,23,0
2039,4,24,0.027466
2039,4,25,0.9201
2039,4,26,1.3458
2039,4,27,0.17853
2039,4,28,50.661
2039,4,29,11.316
2039,4,30,20.215
2039,5,1,0.082397
2039,5,2,8.5693
2039,5,3,10.767
2039,5,4,19.336
2039,5,5,2.3895
2039,5,6,0
2039,5,7,0.041199
2039,5,8,0
2039,5,9,0
2039,5,10,0
2039,5,11,0.16479
2039,5,12,0
2039,5,13,1.236
2039,5,14,0
2039,5,15,2.4788
2039,5,16,0.013733
2039,5,17,2.1423
2039,5,18,0
2039,5,19,0
2039,5,20,0
2039,5,21,1.9775
2039,5,22,0
2039,5,23,0
2039,5,24,0
2039,5,25,0.068665
2039,5,26,0
2039,5,27,0
2039,5,28,0
2039,5,29,0.1236
2039,5,30,6.5918
2039,5,31,0
2039,6,1,21.602
2039,6,2,5.6854
2039,6,3,1.8814
2039,6,4,0
2039,6,5,0
2039,6,6,3.3646
2039,6,7,0
2039,6,8,0
2039,6,9,23.772
2039,6,10,16.617
2039,6,11,14.804
2039,6,12,7.2784
2039,6,13,1.03
2039,6,14,3.447
2039,6,15,0
2039,6,16,1.6891
2039,6,17,0
2039,6,18,0
2039,6,19,0
2039,6,20,0
2039,6,21,0.013733
2039,6,22,0.09613
2039,6,23,0
2039,6,24,3.8177
2039,6,25,0
2039,6,26,0
2039,6,27,0
2039,6,28,0
2039,6,29,0
2039,6,30,5.6854
2039,7,1,5.6442
2039,7,2,0.53558
2039,7,3,0
2039,7,4,3.1448
2039,7,5,0
2039,7,6,0
2039,7,7,0.17853
2039,7,8,1.7578
2039,7,9,0
2039,7,10,0.52185
2039,7,11,0
2039,7,12,4.5868
2039,7,13,0
2039,7,14,0
2039,7,15,0
2039,7,16,0
2039,7,17,1.9226
2039,7,18,0
2039,7,19,0
2039,7,20,0
2039,7,21,0
2039,7,22,0
2039,7,23,0
2039,7,24,0
2039,7,25,0
2039,7,26,0.10986
2039,7,27,17.084
2039,7,28,2.1149
2039,7,29,20.407
2039,7,30,19.487
2039,7,31,0
2039,8,1,0
2039,8,2,0.13733
2039,8,3,0.82397
2039,8,4,0.10986
2039,8,5,0.37079
2039,8,6,1.3596
2039,8,7,0.47379
2039,8,8,0
2039,8,9,0
2039,8,10,0
2039,8,11,0
2039,8,12,0
2039,8,13,0
2039,8,14,0
2039,8,15,0.0068665
2039,8,16,0.041199
2039,8,17,0.0068665
2039,8,18,0
2039,8,19,0.041199
2039,8,20,0
2039,8,21,0
2039,8,22,0
2039,8,23,0
2039,8,24,0
2039,8,25,0
2039,8,26,0
2039,8,27,0
2039,8,28,0
2039,8,29,0
2039,8,30,0.15106
2039,8,31,0.068665
2039,9,1,0
2039,9,2,5.5069
2039,9,3,0
2039,9,4,0
2039,9,5,0
2039,9,6,0
2039,9,7,5.3558
2039,9,8,1.236
2039,9,9,5.4108
2039,9,10,0.32959
2039,9,11,0
2039,9,12,0
2039,9,13,0.054932
2039,9,14,0.83084
2039,9,15,0.13733
2039,9,16,41.542
2039,9,17,0
2039,9,18,0
2039,9,19,0
2039,9,20,0
2039,9,21,0
2039,9,22,0
2039,9,23,0
2039,9,24,0.35706
2039,9,25,0
2039,9,26,81.848
2039,9,27,11.082
2039,9,28,0
2039,9,29,0.24719
2039,9,30,5.7129
2039,10,1,0
2039,10,2,0.013733
2039,10,3,0
2039,10,4,0
2039,10,5,0
2039,10,6,0
2039,10,7,0
2039,10,8,0
2039,10,9,0.32959
2039,10,10,0.35019
2039,10,11,0
2039,10,12,0.013733
2039,10,13,0
2039,10,14,0
2039,10,15,0
2039,10,16,0.082397
2039,10,17,1.2909
2039,10,18,21.053
2039,10,19,0
2039,10,20,0.39825
2039,10,21,14.756
2039,10,22,116.5
2039,10,23,18.416
2039,10,24,0.09613
2039,10,25,0.068665
2039,10,26,0.71411
2039,10,27,0
2039,10,28,0
2039,10,29,0.068665
2039,10,30,0
2039,10,31,0
2039,11,1,0
2039,11,2,0
2039,11,3,0
2039,11,4,1.0712
2039,11,5,0.15106
2039,11,6,0
2039,11,7,0.23346
2039,11,8,1.9363
2039,11,9,2.1561
2039,11,10,1.7029
2039,11,11,0.27466
2039,11,12,0
2039,11,13,0.83771
2039,11,14,3.4882
2039,11,15,0.71411
2039,11,16,0
2039,11,17,0.23346
2039,11,18,2.9114
2039,11,19,0
2039,11,20,6.3171
2039,11,21,1.2909
2039,11,22,0
2039,11,23,0
2039,11,24,0
2039,11,25,2.4719
2039,11,26,0.013733
2039,11,27,1.4694
2039,11,28,0.027466
2039,11,29,1.2497
2039,11,30,5.1636
2039,12,1,0
2039,12,2,0.34332
2039,12,3,0.054932
2039,12,4,0.041199
2039,12,5,2.5818
2039,12,6,2.0874
2039,12,7,0.054932
2039,12,8,0
2039,12,9,0
2039,12,10,0
2039,12,11,0
2039,12,12,0
2039,12,13,0
2039,12,14,0
2039,12,15,0
2039,12,16,0.054932
2039,12,17,0
2039,12,18,7.4707
2039,12,19,0.87891
2039,12,20,0.054932
2039,12,21,0.20599
2039,12,22,2.005
2039,12,23,5.04
2039,12,24,12.511
2039,12,25,0.013733
2039,12,26,0.46692
2039,12,27,8.7753
2039,12,28,0
2039,12,29,0.068665
2039,12,30,0.97504
2039,12,31,6.4407
2040,1,1,0.10986
2040,1,2,0
2040,1,3,0.19226
2040,1,4,0
2040,1,5,0.70038
2040,1,6,2.1835
2040,1,7,0.013733
2040,1,8,4.8203
2040,1,9,3.8177
2040,1,10,1.3458
2040,1,11,9.9289
2040,1,12,0
2040,1,13,0
2040,1,14,5.1498
2040,1,15,5.7129
2040,1,16,0
2040,1,17,0
2040,1,18,0
2040,1,19,0
2040,1,20,0
2040,1,21,0
2040,1,22,0
2040,1,23,0.13733
2040,1,24,0
2040,1,25,5.1086
2040,1,26,0.74158
2040,1,27,0.56305
2040,1,28,0
2040,1,29,1.4694
2040,1,30,0.42572
2040,1,31,6.5849
2040,2,1,0.027466
2040,2,2,0.027466
2040,2,3,0
2040,2,4,0.24719
2040,2,5,0.1236
2040,2,6,0
2040,2,7,7.2372
2040,2,8,0
2040,2,9,0
2040,2,10,0
2040,2,11,0.17853
2040,2,12,0.15106
2040,2,13,0.30212
2040,2,14,0
2040,2,15,0.20599
2040,2,16,0.082397
2040,2,17,0.068665
2040,2,18,0
2040,2,19,0
2040,2,20,0
2040,2,21,0.027466
2040,2,22,0
2040,2,23,1.0162
2040,2,24,3.1998
2040,2,25,0.89264
2040,2,26,0.034332
2040,2,27,0
2040,2,28,0.09613
2040,2,29,0.63171
2040,3,1,0
2040,3,2,0.17853
2040,3,3,0
2040,3,4,0
2040,3,5,0
2040,3,6,5.5481
2040,3,7,39.345
2040,3,8,13.019
2040,3,9,0.59052
2040,3,10,0.18539
2040,3,11,33.151
2040,3,12,12.222
2040,3,13,1.9638
2040,3,14,0
2040,3,15,0
2040,3,16,0.34332
2040,3,17,0.10986
2040,3,18,0.027466
2040,3,19,0
2040,3,20,3.7628
2040,3,21,49.933
2040,3,22,10.629
2040,3,23,10.863
2040,3,24,0.1236
2040,3,25,0
2040,3,26,0
2040,3,27,0
2040,3,28,0.38452
2040,3,29,0.068665
2040,3,30,0
2040,3,31,0
2040,4,1,0.67291
2040,4,2,11.385
2040,4,3,0
2040,4,4,1.2222
2040,4,5,0
2040,4,6,0
2040,4,7,0
2040,4,8,0
2040,4,9,0
2040,4,10,0
2040,4,11,0
2040,4,12,0
2040,4,13,1.1948
2040,4,14,0.54932
2040,4,15,0
2040,4,16,0.054932
2040,4,17,0
2040,4,18,0.17853
2040,4,19,55.948
2040,4,20,5.5618
2040,4,21,8.3359
2040,4,22,0.09613
2040,4,23,1.8814
2040,4,24,34.717
2040,4,25,39.427
2040,4,26,14.447
2040,4,27,0
2040,4,28,0.041199
2040,4,29,1.1261
2040,4,30,11.288
2040,5,1,8.3496
2040,5,2,1.4557
2040,5,3,0
2040,5,4,0
2040,5,5,0
2040,5,6,0
2040,5,7,0
2040,5,8,3.0762
2040,5,9,2.8496
2040,5,10,0.068665
2040,5,11,0
2040,5,12,0
2040,5,13,0
2040,5,14,0
2040,5,15,0
2040,5,16,42.503
2040,5,17,15.875
2040,5,18,27.85
2040,5,19,16.988
2040,5,20,0.75531
2040,5,21,0.089264
2040,5,22,8.8165
2040,5,23,5.6854
2040,5,24,0
2040,5,25,0.16479
2040,5,26,1.8951
2040,5,27,0.10986
2040,5,28,0.40512
2040,5,29,0.013733
2040,5,30,0
2040,5,31,0
2040,6,1,0
2040,6,2,0.30212
2040,6,3,0.65918
2040,6,4,8.8028
2040,6,5,1.5793
2040,6,6,39.043
2040,6,7,0
2040,6,8,0
2040,6,9,0
2040,6,10,0
2040,6,11,0
2040,6,12,0
2040,6,13,0
2040,6,14,0
2040,6,15,0
2040,6,16,3.7766
2040,6,17,0.10986
2040,6,18,2.2934
2040,6,19,0
2040,6,20,0
2040,6,21,0
2040,6,22,0
2040,6,23,0
2040,6,24,0
2040,6,25,0
2040,6,26,0
2040,6,27,0
2040,6,28,0
2040,6,29,1.7166
2040,6,30,3.5156
2040,7,1,0
2040,7,2,0
2040,7,3,0
2040,7,4,0
2040,7,5,0
2040,7,6,0
2040,7,7,0
2040,7,8,0
2040,7,9,0
2040,7,10,0
2040,7,11,0.63171
2040,7,12,0.23346
2040,7,13,0
2040,7,14,0
2040,7,15,0
2040,7,16,3.6118
2040,7,17,0
2040,7,18,0.17166
2040,7,19,0.52185
2040,7,20,0.13046
2040,7,21,0.054932
2040,7,22,0
2040,7,23,0
2040,7,24,0
2040,7,25,0.84457
2040,7,26,0.027466
2040,7,27,0
2040,7,28,4.4357
2040,7,29,0
2040,7,30,0
2040,7,31,0
2040,8,1,0
2040,8,2,0.013733
2040,8,3,0.38452
2040,8,4,0
2040,8,5,0
2040,8,6,0
2040,8,7,0
2040,8,8,0
2040,8,9,0
2040,8,10,0
2040,8,11,0.082397
2040,8,12,0
2040,8,13,0
2040,8,14,0.18539
2040,8,15,0.41199
2040,8,16,1.593
2040,8,17,0
2040,8,18,4.3396
2040,8,19,0
2040,8,20,0
2040,8,21,0
2040,8,22,4.2435
2040,8,23,6.7978
2040,8,24,2.4857
2040,8,25,0
2040,8,26,0
2040,8,27,0
2040,8,28,0
2040,8,29,0
2040,8,30,0.020599
2040,8,31,22.398
2040,9,1,0.31586
2040,9,2,0.054932
2040,9,3,0
2040,9,4,0
2040,9,5,0
2040,9,6,0
2040,9,7,0
2040,9,8,0
2040,9,9,0
2040,9,10,0
2040,9,11,0
2040,9,12,0
2040,9,13,0.21286
2040,9,14,0.027466
2040,9,15,2.623
2040,9,16,2.2247
2040,9,17,3.1036
2040,9,18,1.2634
2040,9,19,18.69
2040,9,20,0
2040,9,21,0
2040,9,22,0.49438
2040,9,23,0.24719
2040,9,24,24.925
2040,9,25,19.308
2040,9,26,0.068665
2040,9,27,1.8127
2040,9,28,1.4282
2040,9,29,17.221
2040,9,30,7.8278
2040,10,1,0.10986
2040,10,2,1.8402
2040,10,3,0.37079
2040,10,4,0
2040,10,5,0
2040,10,6,0
2040,10,7,0
2040,10,8,18.649
2040,10,9,72.826
2040,10,10,1.6754
2040,10,11,0.23346
2040,10,12,3.6255
2040,10,13,0.013733
2040,10,14,1.799
2040,10,15,4.6417
2040,10,16,52.721
2040,10,17,2.98
2040,10,18,0.49438
2040,10,19,1.4832
2040,10,20,11.577
2040,10,21,0
2040,10,22,0
2040,10,23,0
2040,10,24,12.044
2040,10,25,44.028
2040,10,26,34.634
2040,10,27,6.2073
2040,10,28,0.068665
2040,10,29,0
2040,10,30,0.13733
2040,10,31,0.34332
2040,11,1,2.2247
2040,11,2,0
2040,11,3,1.9913
2040,11,4,0
2040,11,5,0
2040,11,6,11.769
2040,11,7,1.3458
2040,11,8,0.013733
2040,11,9,1.5381
2040,11,10,1.0712
2040,11,11,5.0262
2040,11,12,0.027466
2040,11,13,0.37079
2040,11,14,0
2040,11,15,0
2040,11,16,0
2040,11,17,0
2040,11,18,0
2040,11,19,0
2040,11,20,0
2040,11,21,0
2040,11,22,0.068665
2040,11,23,0
2040,11,24,0.10986
2040,11,25,9.6268
2040,11,26,0.013733
2040,11,27,0
2040,11,28,15.889
2040,11,29,53.586
2040,11,30,0.19226
2040,12,1,0.24719
2040,12,2,0.068665
2040,12,3,0.52185
2040,12,4,2.4033
2040,12,5,24.335
2040,12,6,0
2040,12,7,0.48065
2040,12,8,0.35706
2040,12,9,0.027466
2040,12,10,11.536
2040,12,11,0
2040,12,12,6.0974
2040,12,13,0
2040,12,14,0.20599
2040,12,15,0
2040,12,16,1.4282
2040,12,17,0
2040,12,18,0
2040,12,19,0
2040,12,20,0
2040,12,21,0
2040,12,22,0
2040,12,23,0
2040,12,24,0
2040,12,25,0
2040,12,26,0
2040,12,27,0
2040,12,28,0.20599
2040,12,29,0
2040,12,30,3.756
2040,12,31,2.2797
2041,1,1,0.9201
2041,1,2,0
2041,1,3,0.10986
2041,1,4,0
2041,1,5,0.054932
2041,1,6,0.61798
2041,1,7,0.65918
2041,1,8,0.41199
2041,1,9,2.9114
2041,1,10,1.9226
2041,1,11,0
2041,1,12,1.3321
2041,1,13,1.1261
2041,1,14,1.236
2041,1,15,1.0986
2041,1,16,0.10986
2041,1,17,5.0262
2041,1,18,0.16479
2041,1,19,6.9077
2041,1,20,0
2041,1,21,0.027466
2041,1,22,0
2041,1,23,0
2041,1,24,5.0125
2041,1,25,0.16479
2041,1,26,0
2041,1,27,0
2041,1,28,21.883
2041,1,29,5.603
2041,1,30,4.4769
2041,1,31,0.027466
2041,2,1,0
2041,2,2,0
2041,2,3,0
2041,2,4,0
2041,2,5,3.9139
2041,2,6,0
2041,2,7,0
2041,2,8,6.2073
2041,2,9,5.7816
2041,2,10,0.23346
2041,2,11,0.85144
2041,2,12,7.1274
2041,2,13,0
2041,2,14,6.9901
2041,2,15,6.7154
2041,2,16,0
2041,2,17,1.9913
2041,2,18,1.3184
2041,2,19,1.4694
2041,2,20,2.6093
2041,2,21,27.109
2041,2,22,1.7029
2041,2,23,2.5131
2041,2,24,0.46692
2041,2,25,0
2041,2,26,3.653
2041,2,27,0.94757
2041,2,28,0.068665
2041,3,1,0.30212
2041,3,2,1.181
2041,3,3,5.1086
2041,3,4,7.9033
2041,3,5,4.6417
2041,3,6,3.2272
2041,3,7,2.9388
2041,3,8,2.6917
2041,3,9,27.946
2041,3,10,56.607
2041,3,11,37.903
2041,3,12,2.9388
2041,3,13,13.252
2041,3,14,1.4145
2041,3,15,1.0437
2041,3,16,0.13733
2041,3,17,0.19226
2041,3,18,0
2041,3,19,0.41199
2041,3,20,0
2041,3,21,0
2041,3,22,0.94757
2041,3,23,0.79651
2041,3,24,0
2041,3,25,0
2041,3,26,1.799
2041,3,27,5.246
2041,3,28,14.516
2041,3,29,6.2347
2041,3,30,1.0643
2041,3,31,6.4545
2041,4,1,0.9819
2041,4,2,1.9226
2041,4,3,5.5481
2041,4,4,0
2041,4,5,10.519
2041,4,6,5.4657
2041,4,7,3.5843
2041,4,8,0.22659
2041,4,9,0.041199
2041,4,10,0.30212
2041,4,11,7.5188
2041,4,12,0
2041,4,13,1.0986
2041,4,14,2.9526
2041,4,15,0.09613
2041,4,16,1.4282
2041,4,17,0.10986
2041,4,18,0.027466
2041,4,19,0.027466
2041,4,20,0
2041,4,21,0
2041,4,22,0
2041,4,23,0
2041,4,24,0.41199
2041,4,25,0.10986
2041,4,26,0.13733
2041,4,27,44.797
2041,4,28,0.36392
2041,4,29,12.538
2041,4,30,14.708
2041,5,1,0
2041,5,2,0
2041,5,3,0
2041,5,4,0.054932
2041,5,5,0
2041,5,6,0.17853
2041,5,7,0
2041,5,8,0
2041,5,9,0
2041,5,10,0
2041,5,11,0
2041,5,12,0
2041,5,13,0
2041,5,14,0.21973
2041,5,15,2.0462
2041,5,16,0.10986
2041,5,17,0
2041,5,18,0
2041,5,19,0
2041,5,20,0.52185
2041,5,21,0
2041,5,22,0
2041,5,23,0
2041,5,24,0
2041,5,25,0
2041,5,26,0.061798
2041,5,27,0.22659
2041,5,28,0.075531
2041,5,29,0
2041,5,30,0
2041,5,31,0
2041,6,1,0.98877
2041,6,2,2.5955
2041,6,3,3.4882
2041,6,4,4.8615
2041,6,5,0
2041,6,6,0
2041,6,7,0.054932
2041,6,8,0.70038
2041,6,9,0
2041,6,10,0
2041,6,11,0
2041,6,12,25.818
2041,6,13,1.5656
2041,6,14,0.09613
2041,6,15,0
2041,6,16,0
2041,6,17,0.09613
2041,6,18,0.013733
2041,6,19,0
2041,6,20,0
2041,6,21,0
2041,6,22,0
2041,6,23,0.90637
2041,6,24,0
2041,6,25,0
2041,6,26,0
2041,6,27,0.054932
2041,6,28,0
2041,6,29,20.668
2041,6,30,0
2041,7,1,0
2041,7,2,0
2041,7,3,1.0986
2041,7,4,0
2041,7,5,0
2041,7,6,4.6005
2041,7,7,0
2041,7,8,0
2041,7,9,5.4794
2041,7,10,0
2041,7,11,2.0805
2041,7,12,0.19226
2041,7,13,0
2041,7,14,0
2041,7,15,0
2041,7,16,0
2041,7,17,0.1236
2041,7,18,1.181
2041,7,19,0.53558
2041,7,20,0
2041,7,21,0
2041,7,22,0
2041,7,23,2.9526
2041,7,24,3.3234
2041,7,25,0
2041,7,26,0
2041,7,27,0
2041,7,28,0.034332
2041,7,29,0
2041,7,30,7.8278
2041,7,31,0
2041,8,1,0
2041,8,2,0
2041,8,3,0
2041,8,4,0
2041,8,5,0
2041,8,6,0
2041,8,7,0
2041,8,8,7.9102
2041,8,9,0.40512
2041,8,10,1.3733
2041,8,11,2.4857
2041,8,12,21.066
2041,8,13,0
2041,8,14,0
2041,8,15,0
2041,8,16,0
2041,8,17,0
2041,8,18,0
2041,8,19,0
2041,8,20,0
2041,8,21,0
2041,8,22,0
2041,8,23,0
2041,8,24,0.013733
2041,8,25,0
2041,8,26,0
2041,8,27,0
2041,8,28,0
2041,8,29,0
2041,8,30,0
2041,8,31,0
2041,9,1,1.2428
2041,9,2,0.34332
2041,9,3,0.082397
2041,9,4,0.013733
2041,9,5,0.041199
2041,9,6,0.013733
2041,9,7,0.061798
2041,9,8,0.068665
2041,9,9,0
2041,9,10,0
2041,9,11,0
2041,9,12,0
2041,9,13,0
2041,9,14,0
2041,9,15,0
2041,9,16,0.09613
2041,9,17,0.46692
2041,9,18,0
2041,9,19,0
2041,9,20,0
2041,9,21,0
2041,9,22,0
2041,9,23,0.09613
2041,9,24,7.5806
2041,9,25,284.6
2041,9,26,0.082397
2041,9,27,0.082397
2041,9,28,0.54932
2041,9,29,11.234
2041,9,30,17.441
2041,10,1,0
2041,10,2,0
2041,10,3,0
2041,10,4,0
2041,10,5,0.27466
2041,10,6,12.36
2041,10,7,9.5718
2041,10,8,0
2041,10,9,0
2041,10,10,0
2041,10,11,1.0025
2041,10,12,0.27466
2041,10,13,0.013733
2041,10,14,0.10986
2041,10,15,0.10986
2041,10,16,0.041199
2041,10,17,0.0068665
2041,10,18,3.9413
2041,10,19,11.948
2041,10,20,0
2041,10,21,0
2041,10,22,0.013733
2041,10,23,0.013733
2041,10,24,5.3833
2041,10,25,0.24033
2041,10,26,0.082397
2041,10,27,0.027466
2041,10,28,0
2041,10,29,0
2041,10,30,0
2041,10,31,5.603
2041,11,1,0.74158
2041,11,2,13.431
2041,11,3,0.09613
2041,11,4,0
2041,11,5,0
2041,11,6,0
2041,11,7,0
2041,11,8,0
2041,11,9,0.027466
2041,11,10,0.027466
2041,11,11,0
2041,11,12,0
2041,11,13,0
2041,11,14,0
2041,11,15,0
2041,11,16,0
2041,11,17,0
2041,11,18,0
2041,11,19,0
2041,11,20,0
2041,11,21,2.1973
2041,11,22,32.932
2041,11,23,0.32959
2041,11,24,2.1698
2041,11,25,0
2041,11,26,0.27466
2041,11,27,0.15106
2041,11,28,0
2041,11,29,0.054932
2041,11,30,0
2041,12,1,0
2041,12,2,0
2041,12,3,0
2041,12,4,0.60425
2041,12,5,4.4083
2041,12,6,2.9938
2041,12,7,0.45319
2041,12,8,2.4033
2041,12,9,1.9775
2041,12,10,0.027466
2041,12,11,0.65918
2041,12,12,0.57678
2041,12,13,1.5793
2041,12,14,0.034332
2041,12,15,0
2041,12,16,0
2041,12,17,0
2041,12,18,0
2041,12,19,0
2041,12,20,0
2041,12,21,0
2041,12,22,0.27466
2041,12,23,0.054932
2041,12,24,0
2041,12,25,0
2041,12,26,0.1236
2041,12,27,2.4307
2041,12,28,0
2041,12,29,0
2041,12,30,0.70038
2041,12,31,0.013733
2042,1,1,0.054932
2042,1,2,0
2042,1,3,0
2042,1,4,0
2042,1,5,0.0068665
2042,1,6,0
2042,1,7,0.054932
2042,1,8,0
2042,1,9,0
2042,1,10,0.26093
2042,1,11,5.397
2042,1,12,34.47
2042,1,13,14.296
2042,1,14,2.623
2042,1,15,0.15106
2042,1,16,18.951
2042,1,17,4.6967
2042,1,18,0.27466
2042,1,19,0
2042,1,20,0
2042,1,21,0
2042,1,22,0
2042,1,23,0
2042,1,24,0
2042,1,25,0
2042,1,26,0
2042,1,27,0
2042,1,28,10.657
2042,1,29,7.9102
2042,1,30,0.24719
2042,1,31,0.35706
2042,2,1,14.79
2042,2,2,0.35706
2042,2,3,0
2042,2,4,11.275
2042,2,5,0.16479
2042,2,6,5.9052
2042,2,7,0.9201
2042,2,8,11.591
2042,2,9,0
2042,2,10,0.041199
2042,2,11,1.5793
2042,2,12,1.1261
2042,2,13,0.28839
2042,2,14,0.21973
2042,2,15,0.28839
2042,2,16,2.2385
2042,2,17,2.9526
2042,2,18,3.4058
2042,2,19,5.4932
2042,2,20,2.3071
2042,2,21,1.0712
2042,2,22,5.2734
2042,2,23,0.31586
2042,2,24,1.4008
2042,2,25,2.417
2042,2,26,0.21973
2042,2,27,3.447
2042,2,28,21.698
2042,3,1,11.742
2042,3,2,0
2042,3,3,0.041199
2042,3,4,0.33646
2042,3,5,0.84457
2042,3,6,1.8471
2042,3,7,0.013733
2042,3,8,0
2042,3,9,0
2042,3,10,0
2042,3,11,0
2042,3,12,0
2042,3,13,2.8839
2042,3,14,1.2222
2042,3,15,0
2042,3,16,0
2042,3,17,0
2042,3,18,0
2042,3,19,0
2042,3,20,0
2042,3,21,0
2042,3,22,0
2042,3,23,1.2222
2042,3,24,0.16479
2042,3,25,0
2042,3,26,0.10986
2042,3,27,1.1398
2042,3,28,28.304
2042,3,29,0.061798
2042,3,30,0.70038
2042,3,31,3.7628
2042,4,1,0
2042,4,2,0
2042,4,3,0
2042,4,4,0
2042,4,5,0
2042,4,6,0
2042,4,7,0.81024
2042,4,8,0
2042,4,9,0
2042,4,10,0
2042,4,11,0.054932
2042,4,12,0.90637
2042,4,13,0
2042,4,14,0
2042,4,15,0
2042,4,16,0
2042,4,17,0.089264
2042,4,18,5.3009
2042,4,19,0.020599
2042,4,20,0.09613
2042,4,21,0
2042,4,22,0.013733
2042,4,23,0.054932
2042,4,24,0.013733
2042,4,25,1.9638
2042,4,26,0
2042,4,27,28.88
2042,4,28,0.13733
2042,4,29,0
2042,4,30,0
2042,5,1,1.1673
2042,5,2,2.774
2042,5,3,1.0094
2042,5,4,10.478
2042,5,5,8.8989
2042,5,6,22.055
2042,5,7,29.347
2042,5,8,7.3196
2042,5,9,3.2684
2042,5,10,1.0849
2042,5,11,0
2042,5,12,0.013733
2042,5,13,0
2042,5,14,0
2042,5,15,34.689
2042,5,16,0.79651
2042,5,17,0
2042,5,18,0
2042,5,19,0
2042,5,20,0.0068665
2042,5,21,0.041199
2042,5,22,0.054932
2042,5,23,1.181
2042,5,24,1.7853
2042,5,25,0
2042,5,26,0
2042,5,27,0
2042,5,28,0
2042,5,29,0
2042,5,30,0.1236
2042,5,31,0.35706
2042,6,1,0.13733
2042,6,2,0
2042,6,3,0
2042,6,4,0
2042,6,5,0
2042,6,6,0
2042,6,7,0
2042,6,8,0
2042,6,9,0
2042,6,10,0
2042,6,11,0
2042,6,12,0
2042,6,13,0
2042,6,14,5.9464
2042,6,15,0.70724
2042,6,16,0
2042,6,17,0
2042,6,18,0
2042,6,19,0
2042,6,20,1.3046
2042,6,21,0
2042,6,22,0
2042,6,23,0
2042,6,24,0.027466
2042,6,25,0
2042,6,26,0
2042,6,27,0
2042,6,28,0
2042,6,29,0.20599
2042,6,30,1.3733
2042,7,1,0
2042,7,2,0
2042,7,3,0
2042,7,4,0
2042,7,5,0
2042,7,6,0
2042,7,7,0
2042,7,8,0
2042,7,9,0.082397
2042,7,10,0
2042,7,11,0
2042,7,12,0
2042,7,13,0
2042,7,14,0
2042,7,15,0
2042,7,16,0
2042,7,17,0.09613
2042,7,18,2.4033
2042,7,19,1.0986
2042,7,20,0
2042,7,21,0
2042,7,22,0.74158
2042,7,23,1.4282
2042,7,24,0
2042,7,25,0
2042,7,26,0
2042,7,27,0
2042,7,28,1.2634
2042,7,29,0.54932
2042,7,30,0
2042,7,31,0
2042,8,1,0
2042,8,2,0
2042,8,3,0
2042,8,4,0
2042,8,5,0
2042,8,6,0.30212
2042,8,7,0.1236
2042,8,8,0
2042,8,9,0
2042,8,10,0.013733
2042,8,11,0
2042,8,12,0.16479
2042,8,13,0
2042,8,14,0
2042,8,15,0
2042,8,16,0
2042,8,17,0
2042,8,18,0
2042,8,19,0
2042,8,20,0
2042,8,21,0
2042,8,22,0
2042,8,23,0
2042,8,24,0
2042,8,25,0
2042,8,26,0.041199
2042,8,27,0
2042,8,28,0
2042,8,29,0
2042,8,30,0
2042,8,31,0
2042,9,1,7.0999
2042,9,2,54.176
2042,9,3,0
2042,9,4,0.21973
2042,9,5,0
2042,9,6,0
2042,9,7,0
2042,9,8,0
2042,9,9,0.013733
2042,9,10,0.068665
2042,9,11,0
2042,9,12,0.34332
2042,9,13,0
2042,9,14,0
2042,9,15,0
2042,9,16,0
2042,9,17,0.09613
2042,9,18,0.15106
2042,9,19,11.975
2042,9,20,0
2042,9,21,0
2042,9,22,0
2042,9,23,0
2042,9,24,0
2042,9,25,0
2042,9,26,0
2042,9,27,0
2042,9,28,1.0986
2042,9,29,5.3558
2042,9,30,72.29
2042,10,1,10.822
2042,10,2,0
2042,10,3,2.774
2042,10,4,14.873
2042,10,5,23.511
2042,10,6,79.926
2042,10,7,4.5868
2042,10,8,0.013733
2042,10,9,4.8615
2042,10,10,21.08
2042,10,11,10.3
2042,10,12,62.622
2042,10,13,9.5306
2042,10,14,1.5244
2042,10,15,0
2042,10,16,0
2042,10,17,3.9001
2042,10,18,12.16
2042,10,19,5.3833
2042,10,20,16.974
2042,10,21,12.373
2042,10,22,35.513
2042,10,23,14.722
2042,10,24,0
2042,10,25,0
2042,10,26,0.041199
2042,10,27,0
2042,10,28,0
2042,10,29,0.09613
2042,10,30,0.013733
2042,10,31,0
2042,11,1,0
2042,11,2,0
2042,11,3,0.013733
2042,11,4,0.082397
2042,11,5,1.6342
2042,11,6,0
2042,11,7,0
2042,11,8,0
2042,11,9,0
2042,11,10,20.325
2042,11,11,18.155
2042,11,12,0.23346
2042,11,13,0
2042,11,14,0
2042,11,15,0
2042,11,16,0.10986
2042,11,17,0
2042,11,18,0
2042,11,19,0
2042,11,20,0
2042,11,21,0
2042,11,22,0.027466
2042,11,23,0.013733
2042,11,24,2.8976
2042,11,25,0
2042,11,26,2.3346
2042,11,27,1.3458
2042,11,28,0
2042,11,29,0.013733
2042,11,30,2.2247
2042,12,1,31.558
2042,12,2,11.33
2042,12,3,0
2042,12,4,0
2042,12,5,1.9501
2042,12,6,14.722
2042,12,7,0.027466
2042,12,8,0.082397
2042,12,9,0.16479
2042,12,10,0.013733
2042,12,11,0.23346
2042,12,12,0.16479
2042,12,13,0
2042,12,14,0
2042,12,15,0
2042,12,16,0
2042,12,17,0
2042,12,18,0
2042,12,19,0
2042,12,20,0.90637
2042,12,21,1.5518
2042,12,22,6.8939
2042,12,23,11.206
2042,12,24,0.51498
2042,12,25,0.97504
2042,12,26,0.027466
2042,12,27,0.24719
2042,12,28,0
2042,12,29,0
2042,12,30,3.4607
2042,12,31,0.72784
2043,1,1,2.1011
2043,1,2,2.2659
2043,1,3,22.22
2043,1,4,3.2684
2043,1,5,0.20599
2043,1,6,3.3783
2043,1,7,0.52185
2043,1,8,0
2043,1,9,0.35706
2043,1,10,1.9363
2043,1,11,0
2043,1,12,0
2043,1,13,0
2043,1,14,0.21973
2043,1,15,0.23346
2043,1,16,0.17853
2043,1,17,0.16479
2043,1,18,1.0025
2043,1,19,0
2043,1,20,0
2043,1,21,0.54932
2043,1,22,0.43945
2043,1,23,0.19226
2043,1,24,0
2043,1,25,0
2043,1,26,0
2043,1,27,0
2043,1,28,0
2043,1,29,0
2043,1,30,0.013733
2043,1,31,1.0574
2043,2,1,0.30212
2043,2,2,0
2043,2,3,0
2043,2,4,0.38452
2043,2,5,2.774
2043,2,6,0.054932
2043,2,7,1.1948
2043,2,8,0.13733
2043,2,9,0.041199
2043,2,10,0
2043,2,11,0
2043,2,12,0
2043,2,13,0
2043,2,14,0
2043,2,15,0
2043,2,16,0.19226
2043,2,17,0.0068665
2043,2,18,0
2043,2,19,0
2043,2,20,0
2043,2,21,0.52185
2043,2,22,3.6804
2043,2,23,10.011
2043,2,24,0
2043,2,25,0.041199
2043,2,26,4.3465
2043,2,27,13.829
2043,2,28,0.041199
2043,3,1,0
2043,3,2,0
2043,3,3,0
2043,3,4,3.392
2043,3,5,3.9825
2043,3,6,0.09613
2043,3,7,0.30212
2043,3,8,0.79651
2043,3,9,22.083
2043,3,10,1.2085
2043,3,11,6.0699
2043,3,12,0.19226
2043,3,13,0.041199
2043,3,14,0
2043,3,15,16.425
2043,3,16,58.324
2043,3,17,0.013733
2043,3,18,0.21973
2043,3,19,5.2734
2043,3,20,0.027466
2043,3,21,5.8777
2043,3,22,4.628
2043,3,23,11.192
2043,3,24,0.13733
2043,3,25,5.191
2043,3,26,2.417
2043,3,27,1.8402
2043,3,28,0
2043,3,29,0
2043,3,30,0
2043,3,31,0
2043,4,1,3.2547
2043,4,2,0
2043,4,3,0
2043,4,4,2.5269
2043,4,5,0
2043,4,6,0
2043,4,7,0.041199
2043,4,8,1.9707
2043,4,9,9.7916
2043,4,10,0.041199
2043,4,11,2.6642
2043,4,12,0
2043,4,13,0.10986
2043,4,14,1.0025
2043,4,15,2.8564
2043,4,16,33.247
2043,4,17,25.598
2043,4,18,0.34332
2043,4,19,21.286
2043,4,20,0
2043,4,21,0
2043,4,22,6.9214
2043,4,23,4.1199
2043,4,24,0.068665
2043,4,25,0.013733
2043,4,26,0
2043,4,27,0
2043,4,28,0
2043,4,29,0.43945
2043,4,30,54.987
2043,5,1,0.041199
2043,5,2,0
2043,5,3,0.68665
2043,5,4,4.1473
2043,5,5,42.284
2043,5,6,11.179
2043,5,7,0
2043,5,8,0
2043,5,9,0
2043,5,10,1.2222
2043,5,11,0.61798
2043,5,12,0.97504
2043,5,13,6.1523
2043,5,14,0.068665
2043,5,15,0
2043,5,16,2.2797
2043,5,17,2.623
2043,5,18,0.10986
2043,5,19,0
2043,5,20,0
2043,5,21,0
2043,5,22,0
2043,5,23,0
2043,5,24,0
2043,5,25,0
2043,5,26,0
2043,5,27,0
2043,5,28,0
2043,5,29,23.909
2043,5,30,83.29
2043,5,31,0.43945
2043,6,1,0.61798
2043,6,2,0
2043,6,3,0
2043,6,4,2.4857
2043,6,5,0
2043,6,6,4.5731
2043,6,7,0.054932
2043,6,8,6.2759
2043,6,9,1.0162
2043,6,10,0
2043,6,11,0
2043,6,12,0
2043,6,13,1.7029
2043,6,14,2.6367
2043,6,15,0
2043,6,16,0.013733
2043,6,17,8.5007
2043,6,18,0.041199
2043,6,19,0.82397
2043,6,20,0
2043,6,21,0
2043,6,22,0.1236
2043,6,23,5.1636
2043,6,24,0
2043,6,25,0
2043,6,26,0
2043,6,27,0.56305
2043,6,28,0
2043,6,29,0
2043,6,30,0
2043,7,1,0
2043,7,2,0
2043,7,3,0
2043,7,4,9.0775
2043,7,5,0
2043,7,6,0
2043,7,7,0.027466
2043,7,8,0.09613
2043,7,9,0.17853
2043,7,10,0
2043,7,11,0
2043,7,12,0
2043,7,13,0.089264
2043,7,14,0
2043,7,15,0
2043,7,16,0
2043,7,17,0
2043,7,18,0
2043,7,19,0
2043,7,20,0
2043,7,21,0.30212
2043,7,22,1.0574
2043,7,23,1.03
2043,7,24,1.3184
2043,7,25,0
2043,7,26,0
2043,7,27,0
2043,7,28,0.19226
2043,7,29,0.26093
2043,7,30,0
2043,7,31,0
2043,8,1,0
2043,8,2,0
2043,8,3,0
2043,8,4,0
2043,8,5,0
2043,8,6,0
2043,8,7,0
2043,8,8,0.81711
2043,8,9,16.589
2043,8,10,0.068665
2043,8,11,0
2043,8,12,0
2043,8,13,0
2043,8,14,0
2043,8,15,0.054932
2043,8,16,0.15106
2043,8,17,0
2043,8,18,0
2043,8,19,0.027466
2043,8,20,0
2043,8,21,0
2043,8,22,0.068665
2043,8,23,0
2043,8,24,0
2043,8,25,0
2043,8,26,0
2043,8,27,2.9251
2043,8,28,44.797
2043,8,29,32.451
2043,8,30,0
2043,8,31,6.6605
2043,9,1,0
2043,9,2,0
2043,9,3,1.3046
2043,9,4,3.1586
2043,9,5,0
2043,9,6,49.988
2043,9,7,74.158
2043,9,8,0
2043,9,9,0.034332
2043,9,10,0
2043,9,11,0.027466
2043,9,12,0.027466
2043,9,13,0.24719
2043,9,14,0.81711
2043,9,15,0.34332
2043,9,16,50.317
2043,9,17,92.56
2043,9,18,39.743
2043,9,19,96.899
2043,9,20,2.5131
2043,9,21,37.848
2043,9,22,42.531
2043,9,23,20.38
2043,9,24,3.1448
2043,9,25,7.2647
2043,9,26,0
2043,9,27,0
2043,9,28,0
2043,9,29,11.357
2043,9,30,1.9089
2043,10,1,6.2622
2043,10,2,12.016
2043,10,3,70.67
2043,10,4,19.336
2043,10,5,11.838
2043,10,6,69.049
2043,10,7,7.8003
2043,10,8,17.441
2043,10,9,0.027466
2043,10,10,0
2043,10,11,0
2043,10,12,0.0068665
2043,10,13,0.31586
2043,10,14,3.6667
2043,10,15,2.5818
2043,10,16,1.4832
2043,10,17,3.6255
2043,10,18,21.533
2043,10,19,0
2043,10,20,0
2043,10,21,1.8127
2043,10,22,0.64545
2043,10,23,0.42572
2043,10,24,0.027466
2043,10,25,0
2043,10,26,0
2043,10,27,0
2043,10,28,0.21973
2043,10,29,0.1236
2043,10,30,0.93384
2043,10,31,0
2043,11,1,0
2043,11,2,0
2043,11,3,0
2043,11,4,0.13733
2043,11,5,0.19226
2043,11,6,0.13733
2043,11,7,0.16479
2043,11,8,0.26093
2043,11,9,0.068665
2043,11,10,0
2043,11,11,0
2043,11,12,0
2043,11,13,1.1124
2043,11,14,0.27466
2043,11,15,0.054932
2043,11,16,0.013733
2043,11,17,0.027466
2043,11,18,0
2043,11,19,0.31586
2043,11,20,0.52185
2043,11,21,0.10986
2043,11,22,0.068665
2043,11,23,4.2023
2043,11,24,3.9001
2043,11,25,0
2043,11,26,0.35706
2043,11,27,11.302
2043,11,28,0.1236
2043,11,29,0
2043,11,30,2.4994
2043,12,1,5.6168
2043,12,2,0.71411
2043,12,3,0.43945
2043,12,4,1.8951
2043,12,5,0
2043,12,6,0.64545
2043,12,7,0.068665
2043,12,8,0.32959
2043,12,9,0.19226
2043,12,10,0
2043,12,11,0.0068665
2043,12,12,0.42572
2043,12,13,0.72784
2043,12,14,0
2043,12,15,1.2085
2043,12,16,0.54932
2043,12,17,4.7379
2043,12,18,34.731
2043,12,19,14.008
2043,12,20,0.013733
2043,12,21,1.4557
2043,12,22,0
2043,12,23,0.10986
2043,12,24,0
2043,12,25,0
2043,12,26,0
2043,12,27,0
2043,12,28,0
2043,12,29,0
2043,12,30,0
2043,12,31,0
2044,1,1,0
2044,1,2,0.054932
2044,1,3,0.32959
2044,1,4,1.5724
2044,1,5,0.37079
2044,1,6,0.49438
2044,1,7,0.79651
2044,1,8,0
2044,1,9,3.3783
2044,1,10,0.027466
2044,1,11,0.52185
2044,1,12,0
2044,1,13,0
2044,1,14,0.37079
2044,1,15,2.3621
2044,1,16,4.6829
2044,1,17,0.27466
2044,1,18,0.42572
2044,1,19,41.858
2044,1,20,13.733
2044,1,21,0.041199
2044,1,22,0
2044,1,23,0
2044,1,24,0
2044,1,25,0
2044,1,26,0
2044,1,27,0
2044,1,28,0
2044,1,29,0
2044,1,30,0.013733
2044,1,31,0
2044,2,1,0
2044,2,2,0
2044,2,3,0.013733
2044,2,4,0
2044,2,5,0
2044,2,6,0
2044,2,7,0
2044,2,8,0
2044,2,9,0
2044,2,10,0
2044,2,11,0.103
2044,2,12,0
2044,2,13,0
2044,2,14,0
2044,2,15,0
2044,2,16,0
2044,2,17,0
2044,2,18,0
2044,2,19,0.59052
2044,2,20,0
2044,2,21,0
2044,2,22,0.17853
2044,2,23,1.3458
2044,2,24,0.013733
2044,2,25,0
2044,2,26,0
2044,2,27,0
2044,2,28,0
2044,2,29,0
2044,3,1,0.20599
2044,3,2,2.9663
2044,3,3,0.054932
2044,3,4,0
2044,3,5,0
2044,3,6,0
2044,3,7,0.17853
2044,3,8,3.7903
2044,3,9,0
2044,3,10,0
2044,3,11,0
2044,3,12,0
2044,3,13,0
2044,3,14,0
2044,3,15,1.9226
2044,3,16,0.17853
2044,3,17,0
2044,3,18,0
2044,3,19,1.5381
2044,3,20,9.5032
2044,3,21,9.4482
2044,3,22,1.4832
2044,3,23,0
2044,3,24,0.082397
2044,3,25,2.9663
2044,3,26,0
2044,3,27,0.32959
2044,3,28,2.0874
2044,3,29,5.6992
2044,3,30,0.71411
2044,3,31,30.212
2044,4,1,95.197
2044,4,2,2.4445
2044,4,3,0.21973
2044,4,4,40.086
2044,4,5,43.011
2044,4,6,8.8165
2044,4,7,6.1249
2044,4,8,5.7266
2044,4,9,26.553
2044,4,10,0.70038
2044,4,11,0
2044,4,12,7.8827
2044,4,13,0
2044,4,14,0
2044,4,15,0
2044,4,16,0
2044,4,17,0
2044,4,18,0.10986
2044,4,19,0.1442
2044,4,20,0.37079
2044,4,21,0.041199
2044,4,22,0.59052
2044,4,23,0.64545
2044,4,24,0.11673
2044,4,25,0.041199
2044,4,26,1.6411
2044,4,27,0
2044,4,28,0
2044,4,29,0
2044,4,30,0
2044,5,1,0
2044,5,2,0.041199
2044,5,3,2.0119
2044,5,4,0
2044,5,5,0
2044,5,6,1.0437
2044,5,7,0.041199
2044,5,8,0.027466
2044,5,9,0
2044,5,10,0
2044,5,11,0
2044,5,12,3.5156
2044,5,13,14.804
2044,5,14,0.76904
2044,5,15,0
2044,5,16,0
2044,5,17,0
2044,5,18,0
2044,5,19,0
2044,5,20,0.013733
2044,5,21,0.52185
2044,5,22,5.9464
2044,5,23,0
2044,5,24,5.2528
2044,5,25,8.0338
2044,5,26,0.79651
2044,5,27,0
2044,5,28,0
2044,5,29,0.103
2044,5,30,0
2044,5,31,0
2044,6,1,0.19226
2044,6,2,1.7441
2044,6,3,0.41885
2044,6,4,0.11673
2044,6,5,0.10986
2044,6,6,0.054932
2044,6,7,0
2044,6,8,0
2044,6,9,0
2044,6,10,0.027466
2044,6,11,0.0068665
2044,6,12,0.66605
2044,6,13,9.7092
2044,6,14,0.027466
2044,6,15,0
2044,6,16,0
2044,6,17,1.7441
2044,6,18,18.073
2044,6,19,0
2044,6,20,0
2044,6,21,0
2044,6,22,0
2044,6,23,0
2044,6,24,0
2044,6,25,0
2044,6,26,0.63858
2044,6,27,0
2044,6,28,12.497
2044,6,29,0
2044,6,30,0
2044,7,1,0
2044,7,2,0
2044,7,3,0.21973
2044,7,4,0
2044,7,5,0
2044,7,6,1.2016
2044,7,7,1.0849
2044,7,8,0
2044,7,9,0
2044,7,10,0
2044,7,11,0
2044,7,12,0
2044,7,13,0
2044,7,14,0
2044,7,15,0.027466
2044,7,16,0.041199
2044,7,17,0
2044,7,18,0
2044,7,19,0.21286
2044,7,20,0
2044,7,21,0
2044,7,22,1.3321
2044,7,23,0
2044,7,24,0
2044,7,25,0
2044,7,26,0
2044,7,27,0
2044,7,28,0
2044,7,29,0
2044,7,30,0
2044,7,31,0.027466
2044,8,1,9.6954
2044,8,2,0
2044,8,3,0
2044,8,4,0
2044,8,5,0
2044,8,6,0
2044,8,7,0
2044,8,8,0
2044,8,9,0
2044,8,10,0.09613
2044,8,11,0
2044,8,12,0.21973
2044,8,13,0.70038
2044,8,14,0
2044,8,15,0
2044,8,16,0
2044,8,17,0
2044,8,18,1.4694
2044,8,19,0
2044,8,20,0
2044,8,21,0
2044,8,22,0.041199
2044,8,23,0.013733
2044,8,24,0.048065
2044,8,25,0.0068665
2044,8,26,0
2044,8,27,6.8939
2044,8,28,0
2044,8,29,0
2044,8,30,0
2044,8,31,0
2044,9,1,1.9569
2044,9,2,0
2044,9,3,0
2044,9,4,0.37079
2044,9,5,0.54245
2044,9,6,0.21286
2044,9,7,0.39825
2044,9,8,1.0986
2044,9,9,0
2044,9,10,0.1236
2044,9,11,0.48065
2044,9,12,0
2044,9,13,0
2044,9,14,0
2044,9,15,0
2044,9,16,1.8539
2044,9,17,0
2044,9,18,0.013733
2044,9,19,0.1236
2044,9,20,0
2044,9,21,0
2044,9,22,0
2044,9,23,90.5
2044,9,24,17.166
2044,9,25,10.052
2044,9,26,3.7971
2044,9,27,0
2044,9,28,0.027466
2044,9,29,0
2044,9,30,0
2044,10,1,0
2044,10,2,0
2044,10,3,0
2044,10,4,0
2044,10,5,0
2044,10,6,0
2044,10,7,0
2044,10,8,0
2044,10,9,0
2044,10,10,0
2044,10,11,0
2044,10,12,0.54932
2044,10,13,1.593
2044,10,14,0.83771
2044,10,15,3.1174
2044,10,16,3.9413
2044,10,17,0
2044,10,18,0
2044,10,19,0.034332
2044,10,20,4.0031
2044,10,21,0
2044,10,22,0
2044,10,23,0
2044,10,24,0
2044,10,25,0
2044,10,26,0
2044,10,27,0.43945
2044,10,28,2.1011
2044,10,29,2.3346
2044,10,30,0
2044,10,31,0
2044,11,1,0.34332
2044,11,2,0.76904
2044,11,3,0
2044,11,4,0.34332
2044,11,5,0
2044,11,6,0
2044,11,7,0.13733
2044,11,8,0.89264
2044,11,9,0
2044,11,10,0.16479
2044,11,11,0
2044,11,12,0
2044,11,13,0
2044,11,14,0
2044,11,15,0
2044,11,16,0
2044,11,17,0
2044,11,18,0
2044,11,19,0
2044,11,20,0
2044,11,21,0
2044,11,22,0
2044,11,23,0
2044,11,24,9.7229
2044,11,25,5.2048
2044,11,26,0.041199
2044,11,27,1.1536
2044,11,28,0.027466
2044,11,29,31.723
2044,11,30,27.905
2044,12,1,0.13733
2044,12,2,0
2044,12,3,1.6754
2044,12,4,6.1249
2044,12,5,1.5656
2044,12,6,0.15106
2044,12,7,8.1711
2044,12,8,0
2044,12,9,0
2044,12,10,0.041199
2044,12,11,0
2044,12,12,0
2044,12,13,0
2044,12,14,0.32959
2044,12,15,0.09613
2044,12,16,0
2044,12,17,0
2044,12,18,0
2044,12,19,0
2044,12,20,22.014
2044,12,21,64.16
2044,12,22,34.154
2044,12,23,0
2044,12,24,18.745
2044,12,25,2.6093
2044,12,26,4.2572
2044,12,27,31.998
2044,12,28,5.3558
2044,12,29,3.1448
2044,12,30,0.72784
2044,12,31,0.09613
2045,1,1,0.15106
2045,1,2,0.027466
2045,1,3,0.39825
2045,1,4,0.034332
2045,1,5,1.1673
2045,1,6,0.16479
2045,1,7,0.013733
2045,1,8,0.19226
2045,1,9,5.0537
2045,1,10,34.058
2045,1,11,35.046
2045,1,12,0.013733
2045,1,13,0.10986
2045,1,14,0.1236
2045,1,15,41.597
2045,1,16,0
2045,1,17,0.041199
2045,1,18,0.81024
2045,1,19,0
2045,1,20,0.46692
2045,1,21,2.7054
2045,1,22,0
2045,1,23,0
2045,1,24,0.082397
2045,1,25,1.1261
2045,1,26,0
2045,1,27,0.082397
2045,1,28,0.082397
2045,1,29,0.013733
2045,1,30,0.013733
2045,1,31,0
2045,2,1,0
2045,2,2,0
2045,2,3,2.0462
2045,2,4,0.83771
2045,2,5,0
2045,2,6,0.41199
2045,2,7,1.8883
2045,2,8,2.5818
2045,2,9,1.9775
2045,2,10,1.2703
2045,2,11,0.49438
2045,2,12,4.5456
2045,2,13,27.013
2045,2,14,17.935
2045,2,15,28.537
2045,2,16,0.65918
2045,2,17,0
2045,2,18,1.6617
2045,2,19,0.068665
2045,2,20,0
2045,2,21,0
2045,2,22,0
2045,2,23,14.529
2045,2,24,33.412
2045,2,25,5.4794
2045,2,26,0
2045,2,27,1.0712
2045,2,28,0
2045,3,1,0.1236
2045,3,2,0.027466
2045,3,3,0.041199
2045,3,4,0
2045,3,5,0
2045,3,6,0
2045,3,7,0
2045,3,8,0.027466
2045,3,9,0.42572
2045,3,10,0
2045,3,11,0
2045,3,12,0
2045,3,13,0.013733
2045,3,14,0.13733
2045,3,15,0.027466
2045,3,16,1.1948
2045,3,17,3.8177
2045,3,18,41.858
2045,3,19,14.2
2045,3,20,14.09
2045,3,21,0
2045,3,22,0
2045,3,23,11.604
2045,3,24,21.931
2045,3,25,14.145
2045,3,26,0.013733
2045,3,27,0
2045,3,28,0
2045,3,29,0
2045,3,30,0.46005
2045,3,31,0
2045,4,1,3.653
2045,4,2,41.089
2045,4,3,38.782
2045,4,4,6.633
2045,4,5,1.1124
2045,4,6,0
2045,4,7,2.98
2045,4,8,29.443
2045,4,9,4.7928
2045,4,10,22.151
2045,4,11,29.031
2045,4,12,15.34
2045,4,13,11.343
2045,4,14,23.099
2045,4,15,1.4145
2045,4,16,2.1423
2045,4,17,7.251
2045,4,18,9.5032
2045,4,19,3.6118
2045,4,20,6.8253
2045,4,21,0.013733
2045,4,22,99.811
2045,4,23,18.375
2045,4,24,5.5481
2045,4,25,0
2045,4,26,2.8152
2045,4,27,7.8552
2045,4,28,0.041199
2045,4,29,0.38452
2045,4,30,3.6255
2045,5,1,1.0643
2045,5,2,0.9613
2045,5,3,0
2045,5,4,0
2045,5,5,0
2045,5,6,14.227
2045,5,7,14.9
2045,5,8,0
2045,5,9,0.37079
2045,5,10,39.935
2045,5,11,16.946
2045,5,12,21.973
2045,5,13,10.602
2045,5,14,0.17853
2045,5,15,0.10986
2045,5,16,0.09613
2045,5,17,0
2045,5,18,2.0874
2045,5,19,0.10986
2045,5,20,0
2045,5,21,0.041199
2045,5,22,0.10986
2045,5,23,17.715
2045,5,24,4.4495
2045,5,25,0
2045,5,26,0.29526
2045,5,27,1.4626
2045,5,28,0
2045,5,29,0
2045,5,30,0.061798
2045,5,31,0.0068665
2045,6,1,0.46692
2045,6,2,0
2045,6,3,0.13733
2045,6,4,0
2045,6,5,0
2045,6,6,0
2045,6,7,0.65918
2045,6,8,1.7853
2045,6,9,0
2045,6,10,0
2045,6,11,0
2045,6,12,0
2045,6,13,0
2045,6,14,0
2045,6,15,0
2045,6,16,0.027466
2045,6,17,0
2045,6,18,0.027466
2045,6,19,9.3246
2045,6,20,1.4969
2045,6,21,0
2045,6,22,0
2045,6,23,0
2045,6,24,0
2045,6,25,0
2045,6,26,0
2045,6,27,0.027466
2045,6,28,0
2045,6,29,0
2045,6,30,0
2045,7,1,0
2045,7,2,0
2045,7,3,0
2045,7,4,0
2045,7,5,0
2045,7,6,0
2045,7,7,0
2045,7,8,0
2045,7,9,0
2045,7,10,0
2045,7,11,0.027466
2045,7,12,0.061798
2045,7,13,2.2797
2045,7,14,0
2045,7,15,0
2045,7,16,0
2045,7,17,0
2045,7,18,0
2045,7,19,0
2045,7,20,0
2045,7,21,0
2045,7,22,0
2045,7,23,2.4994
2045,7,24,0.97504
2045,7,25,1.8539
2045,7,26,0
2045,7,27,0
2045,7,28,0
2045,7,29,0.28152
2045,7,30,0
2045,7,31,0
2045,8,1,0
2045,8,2,0
2045,8,3,0
2045,8,4,0.83771
2045,8,5,0.82397
2045,8,6,0.041199
2045,8,7,0
2045,8,8,0
2045,8,9,0
2045,8,10,0
2045,8,11,0
2045,8,12,0
2045,8,13,0
2045,8,14,0.013733
2045,8,15,0.0068665
2045,8,16,0
2045,8,17,2.2453
2045,8,18,0
2045,8,19,0
2045,8,20,0
2045,8,21,0
2045,8,22,0
2045,8,23,0
2045,8,24,0.020599
2045,8,25,1.8951
2045,8,26,0
2045,8,27,5.3558
2045,8,28,0.9613
2045,8,29,0.027466
2045,8,30,0
2045,8,31,19.157
2045,9,1,7.3608
2045,9,2,1.0025
2045,9,3,0
2045,9,4,3.1311
2045,9,5,0.13733
2045,9,6,0
2045,9,7,0
2045,9,8,0
2045,9,9,21.231
2045,9,10,13.602
2045,9,11,1.3458
2045,9,12,4.7516
2045,9,13,4.7653
2045,9,14,0
2045,9,15,0
2045,9,16,0
2045,9,17,0
2045,9,18,0.19226
2045,9,19,1.7578
2045,9,20,1.8814
2045,9,21,0
2045,9,22,0.027466
2045,9,23,0.068665
2045,9,24,0.013733
2045,9,25,0
2045,9,26,0
2045,9,27,0
2045,9,28,2.5543
2045,9,29,30.405
2045,9,30,43.451
2045,10,1,1.181
2045,10,2,2.6093
2045,10,3,0.1236
2045,10,4,0
2045,10,5,0
2045,10,6,0
2045,10,7,5.1773
2045,10,8,0.041199
2045,10,9,0
2045,10,10,1.1124
2045,10,11,0
2045,10,12,0
2045,10,13,0.054932
2045,10,14,0.054932
2045,10,15,0
2045,10,16,0
2045,10,17,0.054932
2045,10,18,0.37079
2045,10,19,0.37079
2045,10,20,0.10986
2045,10,21,6.2759
2045,10,22,0.28839
2045,10,23,0.60425
2045,10,24,7.7179
2045,10,25,4.834
2045,10,26,0
2045,10,27,0
2045,10,28,3.7628
2045,10,29,0
2045,10,30,15.71
2045,10,31,56.291
2045,11,1,0
2045,11,2,1.2085
2045,11,3,0.027466
2045,11,4,0
2045,11,5,0
2045,11,6,0
2045,11,7,0
2045,11,8,0
2045,11,9,0
2045,11,10,0
2045,11,11,0.041199
2045,11,12,0
2045,11,13,0.26093
2045,11,14,4.1199
2045,11,15,0.041199
2045,11,16,0
2045,11,17,0
2045,11,18,17.647
2045,11,19,29.141
2045,11,20,26.889
2045,11,21,1.1261
2045,11,22,0.75531
2045,11,23,1.6479
2045,11,24,30.35
2045,11,25,0
2045,11,26,0
2045,11,27,5.5756
2045,11,28,9.9838
2045,11,29,0.041199
2045,11,30,0.027466
2045,12,1,0
2045,12,2,0
2045,12,3,0
2045,12,4,0
2045,12,5,0
2045,12,6,0.027466
2045,12,7,0.20599
2045,12,8,0.57678
2045,12,9,20.132
2045,12,10,19.885
2045,12,11,54.3
2045,12,12,0
2045,12,13,5.9189
2045,12,14,0
2045,12,15,2.0874
2045,12,16,0.027466
2045,12,17,0.082397
2045,12,18,0
2045,12,19,0.19226
2045,12,20,8.9813
2045,12,21,20.05
2045,12,22,40.649
2045,12,23,0.93384
2045,12,24,2.2659
2045,12,25,1.5106
2045,12,26,0
2045,12,27,0.041199
2045,12,28,4.6143
2045,12,29,0
2045,12,30,0
2045,12,31,0
2046,1,1,0
2046,1,2,0
2046,1,3,0
2046,1,4,0
2046,1,5,0
2046,1,6,0.013733
2046,1,7,0
2046,1,8,0
2046,1,9,0
2046,1,10,0
2046,1,11,0
2046,1,12,0
2046,1,13,0
2046,1,14,0.013733
2046,1,15,2.6917
2046,1,16,0
2046,1,17,0.30212
2046,1,18,0.41199
2046,1,19,2.8839
2046,1,20,9.4482
2046,1,21,4.2709
2046,1,22,11.398
2046,1,23,1.5106
2046,1,24,3.0212
2046,1,25,7.6904
2046,1,26,1.0986
2046,1,27,0.94757
2046,1,28,5.0262
2046,1,29,1.0712
2046,1,30,4.834
2046,1,31,0
2046,2,1,0.50812
2046,2,2,2.0874
2046,2,3,3.5431
2046,2,4,6.7566
2046,2,5,16.562
2046,2,6,0
2046,2,7,0.027466
2046,2,8,0.13733
2046,2,9,2.417
2046,2,10,6.9351
2046,2,11,0
2046,2,12,0
2046,2,13,31.119
2046,2,14,27.191
2046,2,15,3.2272
2046,2,16,1.1124
2046,2,17,0.57678
2046,2,18,1.4969
2046,2,19,15.518
2046,2,20,12.758
2046,2,21,0.068665
2046,2,22,30.714
2046,2,23,6.7978
2046,2,24,1.1261
2046,2,25,0.041199
2046,2,26,0
2046,2,27,0
2046,2,28,0
2046,3,1,0
2046,3,2,0
2046,3,3,0.013733
2046,3,4,0
2046,3,5,0.027466
2046,3,6,1.9638
2046,3,7,0
2046,3,8,1.339
2046,3,9,0.75531
2046,3,10,0
2046,3,11,0.054932
2046,3,12,0.98877
2046,3,13,4.0787
2046,3,14,0
2046,3,15,1.8814
2046,3,16,0.20599
2046,3,17,1.4969
2046,3,18,0.041199
2046,3,19,0
2046,3,20,0
2046,3,21,0.013733
2046,3,22,1.6068
2046,3,23,0
2046,3,24,0
2046,3,25,0
2046,3,26,0
2046,3,27,0.17853
2046,3,28,0.068665
2046,3,29,2.6917
2046,3,30,1.9913
2046,3,31,1.1536
2046,4,1,0.027466
2046,4,2,0.41199
2046,4,3,1.1192
2046,4,4,0
2046,4,5,0
2046,4,6,0
2046,4,7,0.35706
2046,4,8,10.835
2046,4,9,0.78278
2046,4,10,1.2909
2046,4,11,0.13046
2046,4,12,0.30899
2046,4,13,2.7054
2046,4,14,3.4607
2046,4,15,11.563
2046,4,16,22.906
2046,4,17,29.718
2046,4,18,0
2046,4,19,9.1873
2046,4,20,0.38452
2046,4,21,16.397
2046,4,22,19.398
2046,4,23,0.60425
2046,4,24,3.7628
2046,4,25,4.8615
2046,4,26,1.8677
2046,4,27,19.432
2046,4,28,3.0487
2046,4,29,4.6143
2046,4,30,0
2046,5,1,1.6342
2046,5,2,1.7029
2046,5,3,0
2046,5,4,0
2046,5,5,0.068665
2046,5,6,4.2847
2046,5,7,8.5968
2046,5,8,6.7703
2046,5,9,1.7166
2046,5,10,2.5681
2046,5,11,0
2046,5,12,0
2046,5,13,0
2046,5,14,0
2046,5,15,0.17853
2046,5,16,0
2046,5,17,0.45319
2046,5,18,0
2046,5,19,0
2046,5,20,0
2046,5,21,0
2046,5,22,0
2046,5,23,4.0924
2046,5,24,2.2797
2046,5,25,1.9775
2046,5,26,0
2046,5,27,0.082397
2046,5,28,3.3714
2046,5,29,0
2046,5,30,0.15106
2046,5,31,0
2046,6,1,0.44632
2046,6,2,0.068665
2046,6,3,7.7316
2046,6,4,4.1336
2046,6,5,4.9301
2046,6,6,27.04
2046,6,7,2.1011
2046,6,8,0
2046,6,9,8.8165
2046,6,10,0.054932
2046,6,11,0
2046,6,12,0
2046,6,13,0
2046,6,14,0
2046,6,15,0.78278
2046,6,16,24.033
2046,6,17,0
2046,6,18,18.375
2046,6,19,14.474
2046,6,20,2.7466
2046,6,21,6.4133
2046,6,22,0.74158
2046,6,23,2.0737
2046,6,24,0
2046,6,25,0
2046,6,26,0
2046,6,27,0.41199
2046,6,28,0.36392
2046,6,29,0.082397
2046,6,30,0
2046,7,1,0
2046,7,2,0.027466
2046,7,3,0.09613
2046,7,4,0
2046,7,5,0
2046,7,6,0
2046,7,7,0
2046,7,8,1.0162
2046,7,9,3.4332
2046,7,10,0
2046,7,11,0
2046,7,12,0
2046,7,13,3.5156
2046,7,14,4.9644
2046,7,15,0
2046,7,16,0
2046,7,17,8.2603
2046,7,18,0
2046,7,19,0.013733
2046,7,20,0.60425
2046,7,21,0
2046,7,22,0.21973
2046,7,23,0
2046,7,24,0
2046,7,25,0
2046,7,26,0
2046,7,27,0.082397
2046,7,28,0
2046,7,29,0.26093
2046,7,30,1.2222
2046,7,31,0
2046,8,1,0
2046,8,2,0.32272
2046,8,3,0
2046,8,4,0
2046,8,5,0
2046,8,6,0
2046,8,7,0
2046,8,8,0
2046,8,9,0
2046,8,10,0.10986
2046,8,11,0.60425
2046,8,12,0
2046,8,13,0
2046,8,14,0
2046,8,15,1.0437
2046,8,16,0.71411
2046,8,17,0
2046,8,18,0
2046,8,19,1.442
2046,8,20,15.065
2046,8,21,0
2046,8,22,0
2046,8,23,0
2046,8,24,0
2046,8,25,0
2046,8,26,1.6136
2046,8,27,1.7578
2046,8,28,0
2046,8,29,0.17853
2046,8,30,0.013733
2046,8,31,0
2046,9,1,0.048065
2046,9,2,11.288
2046,9,3,3.241
2046,9,4,0
2046,9,5,0
2046,9,6,0
2046,9,7,0
2046,9,8,0
2046,9,9,0
2046,9,10,0.54932
2046,9,11,0.27466
2046,9,12,1.1261
2046,9,13,85.762
2046,9,14,8.844
2046,9,15,14.09
2046,9,16,0.9201
2046,9,17,3.598
2046,9,18,0
2046,9,19,0
2046,9,20,0.054932
2046,9,21,0.15106
2046,9,22,0.027466
2046,9,23,0.027466
2046,9,24,0.30212
2046,9,25,76.588
2046,9,26,0.53558
2046,9,27,0
2046,9,28,0.93384
2046,9,29,7.2098
2046,9,30,0
2046,10,1,0
2046,10,2,5.4382
2046,10,3,0.082397
2046,10,4,0
2046,10,5,0
2046,10,6,0.57678
2046,10,7,0.56305
2046,10,8,0.027466
2046,10,9,0
2046,10,10,0
2046,10,11,0
2046,10,12,0
2046,10,13,0
2046,10,14,0
2046,10,15,0
2046,10,16,30.103
2046,10,17,0
2046,10,18,2.417
2046,10,19,0
2046,10,20,2.7054
2046,10,21,0
2046,10,22,0
2046,10,23,0
2046,10,24,0
2046,10,25,9.9701
2046,10,26,0.97504
2046,10,27,0
2046,10,28,0.85144
2046,10,29,0
2046,10,30,0.027466
2046,10,31,0
2046,11,1,0
2046,11,2,0
2046,11,3,11.316
2046,11,4,0
2046,11,5,0
2046,11,6,0
2046,11,7,0
2046,11,8,0
2046,11,9,0.013733
2046,11,10,1.181
2046,11,11,0.24719
2046,11,12,0
2046,11,13,5.2734
2046,11,14,103.71
2046,11,15,0
2046,11,16,0
2046,11,17,0.09613
2046,11,18,1.593
2046,11,19,0.74158
2046,11,20,0.082397
2046,11,21,0.027466
2046,11,22,0
2046,11,23,0
2046,11,24,0
2046,11,25,0
2046,11,26,0
2046,11,27,0.35706
2046,11,28,2.4994
2046,11,29,10.616
2046,11,30,14.9
2046,12,1,2.1149
2046,12,2,0.20599
2046,12,3,51.251
2046,12,4,14.447
2046,12,5,21.066
2046,12,6,68.884
2046,12,7,19.171
2046,12,8,0
2046,12,9,0
2046,12,10,0
2046,12,11,0
2046,12,12,0.16479
2046,12,13,0.49438
2046,12,14,0
2046,12,15,0
2046,12,16,0
2046,12,17,0
2046,12,18,0.054932
2046,12,19,0.027466
2046,12,20,0
2046,12,21,0
2046,12,22,0
2046,12,23,0
2046,12,24,0
2046,12,25,0
2046,12,26,0
2046,12,27,0
2046,12,28,0
2046,12,29,0
2046,12,30,0.10986
2046,12,31,0
2047,1,1,0
2047,1,2,0
2047,1,3,0
2047,1,4,0.068665
2047,1,5,0.082397
2047,1,6,0.041199
2047,1,7,0.28839
2047,1,8,0
2047,1,9,0.49438
2047,1,10,0
2047,1,11,0
2047,1,12,0
2047,1,13,0.16479
2047,1,14,0.35706
2047,1,15,0.17853
2047,1,16,0.027466
2047,1,17,0.59052
2047,1,18,0.78278
2047,1,19,5.7198
2047,1,20,0.068665
2047,1,21,0.9201
2047,1,22,0
2047,1,23,0.23346
2047,1,24,47.118
2047,1,25,26.01
2047,1,26,9.1599
2047,1,27,0.98877
2047,1,28,1.3046
2047,1,29,3.5431
2047,1,30,0.09613
2047,1,31,0.027466
2047,2,1,0.76904
2047,2,2,0.38452
2047,2,3,0
2047,2,4,0
2047,2,5,0.31586
2047,2,6,13.376
2047,2,7,0
2047,2,8,0
2047,2,9,0
2047,2,10,0
2047,2,11,0
2047,2,12,0
2047,2,13,0
2047,2,14,0
2047,2,15,0
2047,2,16,0
2047,2,17,0
2047,2,18,1.5656
2047,2,19,1.5656
2047,2,20,0.24719
2047,2,21,2.0599
2047,2,22,11.206
2047,2,23,0
2047,2,24,0
2047,2,25,4.2984
2047,2,26,0.36392
2047,2,27,0.082397
2047,2,28,0
2047,3,1,3.1723
2047,3,2,0.013733
2047,3,3,0
2047,3,4,0.041199
2047,3,5,0
2047,3,6,0
2047,3,7,3.1998
2047,3,8,4.2572
2047,3,9,0.034332
2047,3,10,30.418
2047,3,11,14.145
2047,3,12,0.027466
2047,3,13,0
2047,3,14,5.1498
2047,3,15,0
2047,3,16,0
2047,3,17,0
2047,3,18,0
2047,3,19,0
2047,3,20,0
2047,3,21,0
2047,3,22,0
2047,3,23,0
2047,3,24,0
2047,3,25,0
2047,3,26,0.027466
2047,3,27,0.16479
2047,3,28,0
2047,3,29,0
2047,3,30,0
2047,3,31,0.17853
2047,4,1,1.0025
2047,4,2,0
2047,4,3,0
2047,4,4,0
2047,4,5,0.13733
2047,4,6,2.2179
2047,4,7,24.342
2047,4,8,1.1261
2047,4,9,7.5394
2047,4,10,0.027466
2047,4,11,0
2047,4,12,0.15106
2047,4,13,2.6711
2047,4,14,11.81
2047,4,15,0
2047,4,16,0
2047,4,17,0
2047,4,18,0
2047,4,19,0
2047,4,20,1.078
2047,4,21,0
2047,4,22,0
2047,4,23,0
2047,4,24,0.13733
2047,4,25,8.8715
2047,4,26,1.181
2047,4,27,0
2047,4,28,0
2047,4,29,0
2047,4,30,5.0949
2047,5,1,1.1536
2047,5,2,0.013733
2047,5,3,0
2047,5,4,0
2047,5,5,21.835
2047,5,6,75.133
2047,5,7,19.116
2047,5,8,11.028
2047,5,9,18.457
2047,5,10,5.452
2047,5,11,8.02
2047,5,12,0.90637
2047,5,13,22.289
2047,5,14,7.0175
2047,5,15,1.0712
2047,5,16,3.1036
2047,5,17,0.35019
2047,5,18,5.864
2047,5,19,0
2047,5,20,0.21973
2047,5,21,0
2047,5,22,0
2047,5,23,0
2047,5,24,0
2047,5,25,3.6942
2047,5,26,4.5456
2047,5,27,0
2047,5,28,0
2047,5,29,0.054932
2047,5,30,47.227
2047,5,31,0
2047,6,1,9.819
2047,6,2,0
2047,6,3,0
2047,6,4,0
2047,6,5,0
2047,6,6,0.027466
2047,6,7,0
2047,6,8,0.13733
2047,6,9,0
2047,6,10,0.76904
2047,6,11,4.4083
2047,6,12,2.0737
2047,6,13,3.5019
2047,6,14,0
2047,6,15,0
2047,6,16,0
2047,6,17,0
2047,6,18,0
2047,6,19,3.3714
2047,6,20,1.4832
2047,6,21,0
2047,6,22,0
2047,6,23,0
2047,6,24,1.4832
2047,6,25,0.46692
2047,6,26,8.0338
2047,6,27,0
2047,6,28,0
2047,6,29,0
2047,6,30,22.604
2047,7,1,0
2047,7,2,0
2047,7,3,0
2047,7,4,0
2047,7,5,0.41199
2047,7,6,7.5943
2047,7,7,0
2047,7,8,0
2047,7,9,0.43945
2047,7,10,0
2047,7,11,0.28152
2047,7,12,0.013733
2047,7,13,0
2047,7,14,0
2047,7,15,0
2047,7,16,0
2047,7,17,0
2047,7,18,0
2047,7,19,5.2116
2047,7,20,0
2047,7,21,0
2047,7,22,0
2047,7,23,0
2047,7,24,0
2047,7,25,3.6667
2047,7,26,0.75531
2047,7,27,0.9201
2047,7,28,0
2047,7,29,0
2047,7,30,0
2047,7,31,0
2047,8,1,0
2047,8,2,0
2047,8,3,2.211
2047,8,4,0
2047,8,5,0
2047,8,6,0
2047,8,7,0
2047,8,8,0
2047,8,9,9.1118
2047,8,10,0
2047,8,11,0.30212
2047,8,12,0
2047,8,13,0
2047,8,14,0
2047,8,15,0
2047,8,16,0
2047,8,17,0
2047,8,18,0
2047,8,19,0
2047,8,20,0.76904
2047,8,21,0
2047,8,22,0
2047,8,23,0
2047,8,24,0.013733
2047,8,25,5.0949
2047,8,26,64.352
2047,8,27,7.1823
2047,8,28,0
2047,8,29,0.068665
2047,8,30,69.461
2047,8,31,5.3284
2047,9,1,0
2047,9,2,1.181
2047,9,3,0
2047,9,4,0
2047,9,5,0
2047,9,6,0
2047,9,7,0
2047,9,8,0.013733
2047,9,9,0.28839
2047,9,10,18.114
2047,9,11,1.387
2047,9,12,0
2047,9,13,0
2047,9,14,0
2047,9,15,0
2047,9,16,0
2047,9,17,0
2047,9,18,2.1698
2047,9,19,3.241
2047,9,20,2.3621
2047,9,21,0
2047,9,22,0
2047,9,23,0
2047,9,24,0.082397
2047,9,25,0
2047,9,26,0
2047,9,27,0
2047,9,28,0.013733
2047,9,29,0
2047,9,30,0.027466
2047,10,1,0.31586
2047,10,2,0.013733
2047,10,3,0.35706
2047,10,4,12.675
2047,10,5,0
2047,10,6,0
2047,10,7,0
2047,10,8,0
2047,10,9,0
2047,10,10,18.292
2047,10,11,3.447
2047,10,12,0.1236
2047,10,13,0.075531
2047,10,14,9.0912
2047,10,15,31.462
2047,10,16,0.41199
2047,10,17,0
2047,10,18,0
2047,10,19,0
2047,10,20,0
2047,10,21,0.082397
2047,10,22,2.4033
2047,10,23,0.013733
2047,10,24,0.39825
2047,10,25,26.807
2047,10,26,0
2047,10,27,0
2047,10,28,20.393
2047,10,29,16.452
2047,10,30,0.27466
2047,10,31,0.24719
2047,11,1,1.0437
2047,11,2,4.4495
2047,11,3,53.833
2047,11,4,79.129
2047,11,5,17.317
2047,11,6,0
2047,11,7,1.0849
2047,11,8,0
2047,11,9,0.17853
2047,11,10,0.68665
2047,11,11,1.0437
2047,11,12,2.5818
2047,11,13,8.5831
2047,11,14,1.7441
2047,11,15,88.358
2047,11,16,0
2047,11,17,0
2047,11,18,0
2047,11,19,0.27466
2047,11,20,0.35706
2047,11,21,3.2135
2047,11,22,0
2047,11,23,0
2047,11,24,0
2047,11,25,4.7791
2047,11,26,0
2047,11,27,0.52185
2047,11,28,0.027466
2047,11,29,0.37079
2047,11,30,2.2522
2047,12,1,0.041199
2047,12,2,0.39825
2047,12,3,0.17853
2047,12,4,0.74158
2047,12,5,0
2047,12,6,0
2047,12,7,3.4332
2047,12,8,0.41199
2047,12,9,0.041199
2047,12,10,0.054932
2047,12,11,0.013733
2047,12,12,0
2047,12,13,0.85144
2047,12,14,0.082397
2047,12,15,0
2047,12,16,0.041199
2047,12,17,0.65918
2047,12,18,1.4282
2047,12,19,76.3
2047,12,20,16.699
2047,12,21,0.19226
2047,12,22,0.74158
2047,12,23,0
2047,12,24,0
2047,12,25,0
2047,12,26,0.16479
2047,12,27,0
2047,12,28,1.3321
2047,12,29,0.21973
2047,12,30,0
2047,12,31,0
2048,1,1,0.068665
2048,1,2,0
2048,1,3,0
2048,1,4,0
2048,1,5,0.013733
2048,1,6,0
2048,1,7,1.1673
2048,1,8,0.10986
2048,1,9,0.59052
2048,1,10,1.0986
2048,1,11,0.21973
2048,1,12,0
2048,1,13,0.93384
2048,1,14,1.7578
2048,1,15,0
2048,1,16,0
2048,1,17,0
2048,1,18,0
2048,1,19,0
2048,1,20,0
2048,1,21,3.7216
2048,1,22,2.1423
2048,1,23,0
2048,1,24,0
2048,1,25,0.013733
2048,1,26,0.13733
2048,1,27,0.041199
2048,1,28,0
2048,1,29,0
2048,1,30,0
2048,1,31,0
2048,2,1,0
2048,2,2,0
2048,2,3,0.28839
2048,2,4,0
2048,2,5,0.027466
2048,2,6,0.013733
2048,2,7,0.027466
2048,2,8,2.2659
2048,2,9,1.0986
2048,2,10,3.4195
2048,2,11,1.0162
2048,2,12,0.13733
2048,2,13,0
2048,2,14,0.39825
2048,2,15,0.013733
2048,2,16,2.5681
2048,2,17,0.30212
2048,2,18,0
2048,2,19,0
2048,2,20,0
2048,2,21,0.49438
2048,2,22,0
2048,2,23,2.8839
2048,2,24,3.7766
2048,2,25,0
2048,2,26,4.216
2048,2,27,0.013733
2048,2,28,0
2048,2,29,2.6093
2048,3,1,0
2048,3,2,0
2048,3,3,0.027466
2048,3,4,0.48065
2048,3,5,1.236
2048,3,6,0.89264
2048,3,7,0.15106
2048,3,8,0.90637
2048,3,9,0
2048,3,10,0
2048,3,11,0.24719
2048,3,12,0.28839
2048,3,13,0.1236
2048,3,14,0
2048,3,15,0
2048,3,16,0
2048,3,17,0
2048,3,18,12.373
2048,3,19,28.345
2048,3,20,9.1599
2048,3,21,2.3071
2048,3,22,2.0462
2048,3,23,0.16479
2048,3,24,3.7491
2048,3,25,0
2048,3,26,0.027466
2048,3,27,2.6642
2048,3,28,0.72784
2048,3,29,0.11673
2048,3,30,0
2048,3,31,0
2048,4,1,3.9413
2048,4,2,0.19226
2048,4,3,0.041199
2048,4,4,0
2048,4,5,0.19226
2048,4,6,0
2048,4,7,0
2048,4,8,2.3071
2048,4,9,10.616
2048,4,10,0
2048,4,11,0
2048,4,12,0.0068665
2048,4,13,0
2048,4,14,0
2048,4,15,0
2048,4,16,0
2048,4,17,0
2048,4,18,0
2048,4,19,0
2048,4,20,0
2048,4,21,0.24719
2048,4,22,0.39825
2048,4,23,0.93384
2048,4,24,3.5362
2048,4,25,0
2048,4,26,0.20599
2048,4,27,0
2048,4,28,0.10986
2048,4,29,0
2048,4,30,0
2048,5,1,3.0899
2048,5,2,0.70038
2048,5,3,1.0437
2048,5,4,0
2048,5,5,1.0712
2048,5,6,0.34332
2048,5,7,2.2591
2048,5,8,0
2048,5,9,0
2048,5,10,0.041199
2048,5,11,8.226
2048,5,12,0.31586
2048,5,13,0.37079
2048,5,14,0
2048,5,15,0
2048,5,16,0
2048,5,17,0
2048,5,18,0
2048,5,19,1.8677
2048,5,20,3.7079
2048,5,21,3.083
2048,5,22,0.16479
2048,5,23,6.1935
2048,5,24,0.082397
2048,5,25,1.1536
2048,5,26,0
2048,5,27,0.10986
2048,5,28,0
2048,5,29,0
2048,5,30,0
2048,5,31,0
2048,6,1,3.9963
2048,6,2,0.30899
2048,6,3,0
2048,6,4,2.6505
2048,6,5,6.8115
2048,6,6,0.54932
2048,6,7,0.09613
2048,6,8,0
2048,6,9,0.0068665
2048,6,10,0
2048,6,11,1.5381
2048,6,12,0
2048,6,13,0
2048,6,14,0
2048,6,15,0
2048,6,16,32.629
2048,6,17,0
2048,6,18,0
2048,6,19,0
2048,6,20,0
2048,6,21,0.28839
2048,6,22,0.65918
2048,6,23,0
2048,6,24,0
2048,6,25,0.041199
2048,6,26,0
2048,6,27,0
2048,6,28,0
2048,6,29,0
2048,6,30,0
2048,7,1,19.748
2048,7,2,8.5831
2048,7,3,0
2048,7,4,0
2048,7,5,0
2048,7,6,0
2048,7,7,0
2048,7,8,0
2048,7,9,0
2048,7,10,0
2048,7,11,0
2048,7,12,0
2048,7,13,0
2048,7,14,0
2048,7,15,0.013733
2048,7,16,0.013733
2048,7,17,0.97504
2048,7,18,0
2048,7,19,0.82397
2048,7,20,0
2048,7,21,0
2048,7,22,0
2048,7,23,0
2048,7,24,0
2048,7,25,0
2048,7,26,0
2048,7,27,0
2048,7,28,0
2048,7,29,0
2048,7,30,0.37766
2048,7,31,10.327
2048,8,1,0
2048,8,2,0
2048,8,3,0.96817
2048,8,4,0.50812
2048,8,5,0
2048,8,6,0
2048,8,7,0
2048,8,8,0
2048,8,9,0
2048,8,10,0
2048,8,11,0
2048,8,12,0
2048,8,13,5.8914
2048,8,14,41.913
2048,8,15,0
2048,8,16,0
2048,8,17,0
2048,8,18,0
2048,8,19,0
2048,8,20,0
2048,8,21,0.11673
2048,8,22,0
2048,8,23,0.50125
2048,8,24,0.32272
2048,8,25,0.63171
2048,8,26,0.048065
2048,8,27,0.048065
2048,8,28,0
2048,8,29,0
2048,8,30,0.17853
2048,8,31,0
2048,9,1,0
2048,9,2,0
2048,9,3,0
2048,9,4,0.082397
2048,9,5,0.26779
2048,9,6,0.054932
2048,9,7,0
2048,9,8,0.42572
2048,9,9,8.1985
2048,9,10,0
2048,9,11,0
2048,9,12,0
2048,9,13,0
2048,9,14,2.726
2048,9,15,0
2048,9,16,0
2048,9,17,0
2048,9,18,0
2048,9,19,0
2048,9,20,0
2048,9,21,0
2048,9,22,0
2048,9,23,3.7697
2048,9,24,1.9226
2048,9,25,1.0162
2048,9,26,1.0986
2048,9,27,0
2048,9,28,0.43945
2048,9,29,0.13733
2048,9,30,0.45319
2048,10,1,0
2048,10,2,0.94757
2048,10,3,0
2048,10,4,0
2048,10,5,0.054932
2048,10,6,43.739
2048,10,7,91.31
2048,10,8,5.9326
2048,10,9,0
2048,10,10,0
2048,10,11,0.027466
2048,10,12,0
2048,10,13,0
2048,10,14,0
2048,10,15,0.013733
2048,10,16,0.97504
2048,10,17,34.634
2048,10,18,0.082397
2048,10,19,0
2048,10,20,0
2048,10,21,0
2048,10,22,30.679
2048,10,23,13.445
2048,10,24,2.211
2048,10,25,46.019
2048,10,26,0
2048,10,27,0
2048,10,28,0.054932
2048,10,29,0.85144
2048,10,30,0
2048,10,31,0
2048,11,1,0
2048,11,2,0
2048,11,3,0
2048,11,4,0.28839
2048,11,5,0
2048,11,6,1.2772
2048,11,7,0.19226
2048,11,8,1.1261
2048,11,9,0
2048,11,10,8.8509
2048,11,11,3.6667
2048,11,12,0
2048,11,13,0
2048,11,14,0
2048,11,15,0
2048,11,16,0
2048,11,17,0
2048,11,18,0
2048,11,19,0
2048,11,20,0
2048,11,21,0.90637
2048,11,22,0.027466
2048,11,23,0.027466
2048,11,24,0
2048,11,25,0
2048,11,26,0.64545
2048,11,27,0.82397
2048,11,28,0.082397
2048,11,29,0
2048,11,30,0
2048,12,1,0
2048,12,2,1.9501
2048,12,3,0
2048,12,4,1.1261
2048,12,5,1.4282
2048,12,6,0
2048,12,7,0
2048,12,8,0
2048,12,9,0
2048,12,10,0
2048,12,11,0
2048,12,12,0
2048,12,13,0
2048,12,14,0.97504
2048,12,15,0
2048,12,16,0
2048,12,17,2.6642
2048,12,18,2.2247
2048,12,19,0.74158
2048,12,20,0.013733
2048,12,21,0
2048,12,22,0
2048,12,23,0.39825
2048,12,24,0
2048,12,25,0.21973
2048,12,26,0.24719
2048,12,27,0.46692
2048,12,28,3.9139
2048,12,29,0
2048,12,30,3.8727
2048,12,31,0.041199
2049,1,1,0.054932
2049,1,2,10.176
2049,1,3,0
2049,1,4,1.181
2049,1,5,4.7104
2049,1,6,0.027466
2049,1,7,0.67291
2049,1,8,0
2049,1,9,0.089264
2049,1,10,0
2049,1,11,0
2049,1,12,0
2049,1,13,0
2049,1,14,0
2049,1,15,0
2049,1,16,2.8839
2049,1,17,0.35706
2049,1,18,2.8839
2049,1,19,0.1236
2049,1,20,0
2049,1,21,0.082397
2049,1,22,5.5893
2049,1,23,4.6967
2049,1,24,0.19226
2049,1,25,0.39825
2049,1,26,0
2049,1,27,0
2049,1,28,0
2049,1,29,0.1442
2049,1,30,0.027466
2049,1,31,0
2049,2,1,0.09613
2049,2,2,0
2049,2,3,0
2049,2,4,0
2049,2,5,0
2049,2,6,0.28839
2049,2,7,0.041199
2049,2,8,0
2049,2,9,0.054932
2049,2,10,2.7603
2049,2,11,0.027466
2049,2,12,0.041199
2049,2,13,0
2049,2,14,0
2049,2,15,0.013733
2049,2,16,1.1398
2049,2,17,0.027466
2049,2,18,0.041199
2049,2,19,0
2049,2,20,0
2049,2,21,3.653
2049,2,22,2.6779
2049,2,23,5.9601
2049,2,24,0.082397
2049,2,25,58.653
2049,2,26,0.65918
2049,2,27,52.817
2049,2,28,17.386
2049,3,1,31.229
2049,3,2,1.2909
2049,3,3,0.86517
2049,3,4,0
2049,3,5,0
2049,3,6,0.048065
2049,3,7,0
2049,3,8,0
2049,3,9,0.10986
2049,3,10,0.027466
2049,3,11,0
2049,3,12,0
2049,3,13,0.027466
2049,3,14,0.30212
2049,3,15,28.578
2049,3,16,20.709
2049,3,17,0
2049,3,18,0
2049,3,19,0
2049,3,20,0
2049,3,21,0
2049,3,22,0
2049,3,23,0
2049,3,24,0.041199
2049,3,25,0.054932
2049,3,26,0.041199
2049,3,27,0
2049,3,28,2.2316
2049,3,29,0
2049,3,30,0
2049,3,31,2.2385
2049,4,1,0
2049,4,2,0
2049,4,3,0
2049,4,4,0
2049,4,5,0
2049,4,6,0
2049,4,7,0.068665
2049,4,8,0.041199
2049,4,9,10.032
2049,4,10,0
2049,4,11,0
2049,4,12,0
2049,4,13,0
2049,4,14,0
2049,4,15,0
2049,4,16,0
2049,4,17,0
2049,4,18,0
2049,4,19,0
2049,4,20,0
2049,4,21,3.186
2049,4,22,0.013733
2049,4,23,0
2049,4,24,0
2049,4,25,0
2049,4,26,0
2049,4,27,0
2049,4,28,0
2049,4,29,0
2049,4,30,0
2049,5,1,0
2049,5,2,0.013733
2049,5,3,0
2049,5,4,0
2049,5,5,0
2049,5,6,0
2049,5,7,0
2049,5,8,0
2049,5,9,0
2049,5,10,9.2834
2049,5,11,0
2049,5,12,0
2049,5,13,0
2049,5,14,0
2049,5,15,0
2049,5,16,0.027466
2049,5,17,14.227
2049,5,18,6.0837
2049,5,19,1.03
2049,5,20,4.8889
2049,5,21,0
2049,5,22,0
2049,5,23,0
2049,5,24,0
2049,5,25,0
2049,5,26,0
2049,5,27,0
2049,5,28,0
2049,5,29,0
2049,5,30,0
2049,5,31,0
2049,6,1,0
2049,6,2,0.041199
2049,6,3,0.65918
2049,6,4,0.027466
2049,6,5,0
2049,6,6,0
2049,6,7,0
2049,6,8,0
2049,6,9,0
2049,6,10,0.20599
2049,6,11,0.10986
2049,6,12,7.7797
2049,6,13,0
2049,6,14,0
2049,6,15,0
2049,6,16,0.17853
2049,6,17,1.0712
2049,6,18,0
2049,6,19,0
2049,6,20,17.194
2049,6,21,3.5843
2049,6,22,0.020599
2049,6,23,0.19226
2049,6,24,0.87891
2049,6,25,0.041199
2049,6,26,0
2049,6,27,0
2049,6,28,0
2049,6,29,0
2049,6,30,0
2049,7,1,0
2049,7,2,0
2049,7,3,0
2049,7,4,0
2049,7,5,0
2049,7,6,9.3384
2049,7,7,0
2049,7,8,0
2049,7,9,0
2049,7,10,0
2049,7,11,0
2049,7,12,0
2049,7,13,0
2049,7,14,0
2049,7,15,0
2049,7,16,1.2222
2049,7,17,1.387
2049,7,18,0
2049,7,19,0.52185
2049,7,20,0
2049,7,21,1.9226
2049,7,22,0
2049,7,23,0
2049,7,24,0
2049,7,25,0
2049,7,26,0
2049,7,27,0.013733
2049,7,28,0.082397
2049,7,29,0.054932
2049,7,30,0.41199
2049,7,31,2.0874
2049,8,1,0
2049,8,2,0.67291
2049,8,3,1.5244
2049,8,4,0
2049,8,5,0
2049,8,6,0
2049,8,7,0
2049,8,8,0.24719
2049,8,9,5.0125
2049,8,10,11.316
2049,8,11,0
2049,8,12,0
2049,8,13,0
2049,8,14,2.774
2049,8,15,0.37079
2049,8,16,0
2049,8,17,3.5706
2049,8,18,3.5431
2049,8,19,0.48065
2049,8,20,0.082397
2049,8,21,0.027466
2049,8,22,0
2049,8,23,0
2049,8,24,0.23346
2049,8,25,0
2049,8,26,0
2049,8,27,0
2049,8,28,0
2049,8,29,0
2049,8,30,0.041199
2049,8,31,0.13733
2049,9,1,0.27466
2049,9,2,0
2049,9,3,28.077
2049,9,4,9.3933
2049,9,5,0
2049,9,6,0
2049,9,7,0.30212
2049,9,8,6.4133
2049,9,9,0.068665
2049,9,10,0.15106
2049,9,11,0.048065
2049,9,12,0
2049,9,13,0
2049,9,14,0
2049,9,15,1.3458
2049,9,16,0.83771
2049,9,17,0.60425
2049,9,18,2.0599
2049,9,19,0
2049,9,20,0
2049,9,21,0.027466
2049,9,22,0.57678
2049,9,23,0
2049,9,24,0
2049,9,25,0
2049,9,26,0
2049,9,27,0
2049,9,28,0
2049,9,29,0
2049,9,30,0.09613
2049,10,1,0
2049,10,2,7.5119
2049,10,3,0
2049,10,4,0
2049,10,5,1.3458
2049,10,6,0.90637
2049,10,7,0.41199
2049,10,8,1.7853
2049,10,9,0.13733
2049,10,10,0
2049,10,11,0
2049,10,12,2.7466
2049,10,13,25.131
2049,10,14,11.234
2049,10,15,1.0094
2049,10,16,5.1361
2049,10,17,0
2049,10,18,0
2049,10,19,0
2049,10,20,0
2049,10,21,1.4557
2049,10,22,33.261
2049,10,23,0.65918
2049,10,24,8.3359
2049,10,25,4.9713
2049,10,26,35.747
2049,10,27,0.32959
2049,10,28,0.027466
2049,10,29,2.6093
2049,10,30,2.4719
2049,10,31,0
2049,11,1,0.027466
2049,11,2,2.3621
2049,11,3,25.214
2049,11,4,0
2049,11,5,3.5843
2049,11,6,19.006
2049,11,7,10.492
2049,11,8,3.9825
2049,11,9,19.528
2049,11,10,36.818
2049,11,11,0.034332
2049,11,12,0.38452
2049,11,13,1.181
2049,11,14,8.9813
2049,11,15,0
2049,11,16,1.593
2049,11,17,11.055
2049,11,18,24.609
2049,11,19,0
2049,11,20,5.7129
2049,11,21,0.63171
2049,11,22,12.881
2049,11,23,0.30212
2049,11,24,1.2222
2049,11,25,0
2049,11,26,0
2049,11,27,0.42572
2049,11,28,10.149
2049,11,29,0.24719
2049,11,30,0.027466
2049,12,1,26.518
2049,12,2,0.13733
2049,12,3,0.69351
2049,12,4,14.502
2049,12,5,0.16479
2049,12,6,0.52185
2049,12,7,0
2049,12,8,0
2049,12,9,0
2049,12,10,0
2049,12,11,0
2049,12,12,0.082397
2049,12,13,0
2049,12,14,0
2049,12,15,0
2049,12,16,0
2049,12,17,0
2049,12,18,0
2049,12,19,0.10986
2049,12,20,0.082397
2049,12,21,0
2049,12,22,0
2049,12,23,0
2049,12,24,0
2049,12,25,1.1948
2049,12,26,45.319
2049,12,27,25.845
2049,12,28,0.82397
2049,12,29,4.4907
2049,12,30,0
2049,12,31,20.764
2050,1,1,0.013733
2050,1,2,0
2050,1,3,0
2050,1,4,14.9
2050,1,5,0.13733
2050,1,6,0
2050,1,7,23.044
2050,1,8,2.4307
2050,1,9,1.0574
2050,1,10,0
2050,1,11,0
2050,1,12,26.079
2050,1,13,12.991
2050,1,14,10.533
2050,1,15,36.392
2050,1,16,15.916
2050,1,17,0.30212
2050,1,18,7.5256
2050,1,19,3.241
2050,1,20,22.604
2050,1,21,7.3883
2050,1,22,7.7316
2050,1,23,0.27466
2050,1,24,1.0574
2050,1,25,0
2050,1,26,4.422
2050,1,27,8.1024
2050,1,28,10.176
2050,1,29,0.27466
2050,1,30,0
2050,1,31,0
2050,2,1,2.2659
2050,2,2,3.1174
2050,2,3,0.59052
2050,2,4,1.2909
2050,2,5,0
2050,2,6,0.027466
2050,2,7,3.0762
2050,2,8,0.013733
2050,2,9,0.49438
2050,2,10,0.041199
2050,2,11,1.7441
2050,2,12,0.013733
2050,2,13,0
2050,2,14,0.16479
2050,2,15,0.86517
2050,2,16,0.53558
2050,2,17,2.4719
2050,2,18,0.068665
2050,2,19,0
2050,2,20,0.46692
2050,2,21,0.48065
2050,2,22,6.1798
2050,2,23,5.6992
2050,2,24,0
2050,2,25,0.36392
2050,2,26,2.3758
2050,2,27,2.5269
2050,2,28,0
2050,3,1,0
2050,3,2,0
2050,3,3,0.72784
2050,3,4,0.27466
2050,3,5,0
2050,3,6,0.56305
2050,3,7,0.24719
2050,3,8,0.027466
2050,3,9,0
2050,3,10,0
2050,3,11,0
2050,3,12,0
2050,3,13,0.46005
2050,3,14,0.19913
2050,3,15,0
2050,3,16,0.013733
2050,3,17,0.35706
2050,3,18,0
2050,3,19,0.21973
2050,3,20,0.17853
2050,3,21,0.52185
2050,3,22,1.1536
2050,3,23,1.5106
2050,3,24,4.216
2050,3,25,0
2050,3,26,0
2050,3,27,0
2050,3,28,0
2050,3,29,0
2050,3,30,0
2050,3,31,0
2050,4,1,0.027466
2050,4,2,0.013733
2050,4,3,0.089264
2050,4,4,0
2050,4,5,0.87891
2050,4,6,4.3396
2050,4,7,44.275
2050,4,8,9.5718
2050,4,9,0.013733
2050,4,10,0
2050,4,11,0
2050,4,12,0
2050,4,13,0
2050,4,14,0
2050,4,15,0
2050,4,16,1.3252
2050,4,17,1.4145
2050,4,18,0
2050,4,19,0
2050,4,20,0.20599
2050,4,21,5.0812
2050,4,22,8.1299
2050,4,23,0
2050,4,24,0
2050,4,25,0.13733
2050,4,26,0
2050,4,27,0
2050,4,28,0
2050,4,29,0
2050,4,30,0
2050,5,1,0.57678
2050,5,2,0.32959
2050,5,3,0.26093
2050,5,4,0
2050,5,5,1.2634
2050,5,6,3.7903
2050,5,7,0.98877
2050,5,8,0
2050,5,9,0.027466
2050,5,10,9.6817
2050,5,11,0
2050,5,12,0
2050,5,13,0
2050,5,14,0
2050,5,15,0
2050,5,16,0
2050,5,17,0
2050,5,18,0.71411
2050,5,19,35.355
2050,5,20,0.10986
2050,5,21,1.1536
2050,5,22,6.8253
2050,5,23,0
2050,5,24,0
2050,5,25,0.082397
2050,5,26,0.16479
2050,5,27,1.0986
2050,5,28,0.20599
2050,5,29,33.412
2050,5,30,0.027466
2050,5,31,0
2050,6,1,0.020599
2050,6,2,0.068665
2050,6,3,1.7441
2050,6,4,0
2050,6,5,0
2050,6,6,0.61798
2050,6,7,0.068665
2050,6,8,0
2050,6,9,0
2050,6,10,0.027466
2050,6,11,0
2050,6,12,6.4682
2050,6,13,1.7578
2050,6,14,0.13733
2050,6,15,3.1586
2050,6,16,0
2050,6,17,0
2050,6,18,0
2050,6,19,0
2050,6,20,0
2050,6,21,0.082397
2050,6,22,0.16479
2050,6,23,0.027466
2050,6,24,0
2050,6,25,0
2050,6,26,0
2050,6,27,0.75531
2050,6,28,0
2050,6,29,0
2050,6,30,0
2050,7,1,0
2050,7,2,0
2050,7,3,0.34332
2050,7,4,0
2050,7,5,0
2050,7,6,0
2050,7,7,0
2050,7,8,0
2050,7,9,0
2050,7,10,0.1236
2050,7,11,0
2050,7,12,3.701
2050,7,13,0
2050,7,14,0
2050,7,15,0
2050,7,16,5.1773
2050,7,17,7.7316
2050,7,18,0
2050,7,19,0
2050,7,20,0
2050,7,21,0
2050,7,22,0
2050,7,23,0
2050,7,24,0
2050,7,25,0
2050,7,26,0
2050,7,27,0.20599
2050,7,28,0
2050,7,29,0
2050,7,30,0
2050,7,31,0
2050,8,1,0.013733
2050,8,2,1.0025
2050,8,3,0
2050,8,4,0
2050,8,5,0.16479
2050,8,6,0
2050,8,7,0
2050,8,8,0.09613
2050,8,9,1.181
2050,8,10,3.1723
2050,8,11,0
2050,8,12,0
2050,8,13,0
2050,8,14,0
2050,8,15,0
2050,8,16,0.1236
2050,8,17,4.7928
2050,8,18,1.3046
2050,8,19,0.20599
2050,8,20,14.282
2050,8,21,0
2050,8,22,0
2050,8,23,0
2050,8,24,0
2050,8,25,0
2050,8,26,0
2050,8,27,0
2050,8,28,0
2050,8,29,0
2050,8,30,0
2050,8,31,0
2050,9,1,0.061798
2050,9,2,0
2050,9,3,0.53558
2050,9,4,0
2050,9,5,0
2050,9,6,0.30212
2050,9,7,0
2050,9,8,0
2050,9,9,0
2050,9,10,0.013733
2050,9,11,0
2050,9,12,0
2050,9,13,0
2050,9,14,0
2050,9,15,0
2050,9,16,28.743
2050,9,17,7.3334
2050,9,18,0.13046
2050,9,19,18.443
2050,9,20,119.06
2050,9,21,0.041199
2050,9,22,0.041199
2050,9,23,0
2050,9,24,0
2050,9,25,3.6667
2050,9,26,0.13733
2050,9,27,0.013733
2050,9,28,0.13046
2050,9,29,2.5406
2050,9,30,5.0537
2050,10,1,29.691
2050,10,2,29.581
2050,10,3,0
2050,10,4,0.10986
2050,10,5,0
2050,10,6,0
2050,10,7,0
2050,10,8,0.30212
2050,10,9,0
2050,10,10,4.5593
2050,10,11,84.045
2050,10,12,0.21973
2050,10,13,0
2050,10,14,0
2050,10,15,0
2050,10,16,0
2050,10,17,0
2050,10,18,0
2050,10,19,1.593
2050,10,20,13.046
2050,10,21,37.779
2050,10,22,0
2050,10,23,0.60425
2050,10,24,0.60425
2050,10,25,0
2050,10,26,2.5131
2050,10,27,6.0013
2050,10,28,31.778
2050,10,29,31.256
2050,10,30,20.462
2050,10,31,0.054932
2050,11,1,0.46692
2050,11,2,38.37
2050,11,3,4.0787
2050,11,4,2.5131
2050,11,5,7.5256
2050,11,6,2.8839
2050,11,7,101.29
2050,11,8,9.8602
2050,11,9,0
2050,11,10,0.20599
2050,11,11,0.21973
2050,11,12,0
2050,11,13,0.82397
2050,11,14,0.013733
2050,11,15,0
2050,11,16,0.95444
2050,11,17,0.26093
2050,11,18,0.19226
2050,11,19,0.027466
2050,11,20,0.082397
2050,11,21,0.70038
2050,11,22,2.8015
2050,11,23,7.2922
2050,11,24,23.291
2050,11,25,37.518
2050,11,26,53.476
2050,11,27,53.586
2050,11,28,1.4557
2050,11,29,6.7429
2050,11,30,0.61798
2050,12,1,0.068665
2050,12,2,1.4969
2050,12,3,0.32272
2050,12,4,0
2050,12,5,0.068665
2050,12,6,0
2050,12,7,0.020599
2050,12,8,0.27466
2050,12,9,0.68665
2050,12,10,6.0425
2050,12,11,0.013733
2050,12,12,0
2050,12,13,0
2050,12,14,12.099
2050,12,15,0.041199
2050,12,16,0.46692
2050,12,17,2.6779
2050,12,18,0.20599
2050,12,19,1.2085
2050,12,20,0
2050,12,21,0
2050,12,22,3.6392
2050,12,23,0.13733
2050,12,24,0.53558
2050,12,25,7.0999
2050,12,26,1.0162
2050,12,27,0
2050,12,28,0
2050,12,29,0
2050,12,30,0
2050,12,31,0
2051,1,1,0
2051,1,2,0
2051,1,3,0.9201
2051,1,4,0.082397
2051,1,5,1.9226
2051,1,6,0.76904
2051,1,7,0
2051,1,8,0
2051,1,9,0.10986
2051,1,10,0.30212
2051,1,11,0
2051,1,12,0.38452
2051,1,13,6.3171
2051,1,14,5.8777
2051,1,15,17.963
2051,1,16,11.728
2051,1,17,7.7179
2051,1,18,28.262
2051,1,19,0
2051,1,20,0
2051,1,21,0
2051,1,22,0.57678
2051,1,23,12.112
2051,1,24,0.97504
2051,1,25,0
2051,1,26,0
2051,1,27,1.6068
2051,1,28,0
2051,1,29,0.93384
2051,1,30,3.1998
2051,1,31,1.6205
2051,2,1,0
2051,2,2,0
2051,2,3,2.5406
2051,2,4,0
2051,2,5,0
2051,2,6,0.67291
2051,2,7,51.622
2051,2,8,2.2385
2051,2,9,5.2185
2051,2,10,39.056
2051,2,11,8.6792
2051,2,12,37.065
2051,2,13,0.49438
2051,2,14,0.10986
2051,2,15,0
2051,2,16,5.0949
2051,2,17,9.4208
2051,2,18,0
2051,2,19,5.8228
2051,2,20,2.4033
2051,2,21,0
2051,2,22,0
2051,2,23,4.6967
2051,2,24,31.133
2051,2,25,0.72784
2051,2,26,0
2051,2,27,0
2051,2,28,0
2051,3,1,0.21973
2051,3,2,0
2051,3,3,4.4495
2051,3,4,1.3733
2051,3,5,2.1149
2051,3,6,0.13733
2051,3,7,3.0899
2051,3,8,0.85144
2051,3,9,1.181
2051,3,10,0.46005
2051,3,11,0.13733
2051,3,12,0
2051,3,13,0
2051,3,14,0
2051,3,15,1.3321
2051,3,16,0
2051,3,17,0
2051,3,18,0
2051,3,19,0.76904
2051,3,20,0
2051,3,21,0
2051,3,22,0
2051,3,23,0
2051,3,24,4.3671
2051,3,25,1.442
2051,3,26,0.94757
2051,3,27,0
2051,3,28,0.082397
2051,3,29,0.09613
2051,3,30,0
2051,3,31,0.013733
2051,4,1,0
2051,4,2,0
2051,4,3,0
2051,4,4,0
2051,4,5,0
2051,4,6,1.4282
2051,4,7,0
2051,4,8,0
2051,4,9,0
2051,4,10,0.013733
2051,4,11,0.52185
2051,4,12,2.5681
2051,4,13,0.9613
2051,4,14,15.065
2051,4,15,0
2051,4,16,0
2051,4,17,0.53558
2051,4,18,0
2051,4,19,0
2051,4,20,0
2051,4,21,0
2051,4,22,0
2051,4,23,0
2051,4,24,0.013733
2051,4,25,0.027466
2051,4,26,0
2051,4,27,0
2051,4,28,3.186
2051,4,29,0
2051,4,30,0
2051,5,1,0
2051,5,2,0.013733
2051,5,3,0
2051,5,4,0
2051,5,5,5.3009
2051,5,6,0.76904
2051,5,7,2.9938
2051,5,8,0.32959
2051,5,9,0.027466
2051,5,10,0
2051,5,11,13.788
2051,5,12,0
2051,5,13,0
2051,5,14,0
2051,5,15,0
2051,5,16,0
2051,5,17,1.3184
2051,5,18,0
2051,5,19,0.94757
2051,5,20,0
2051,5,21,0
2051,5,22,0
2051,5,23,0
2051,5,24,34.525
2051,5,25,116.84
2051,5,26,6.4407
2051,5,27,0.068665
2051,5,28,0
2051,5,29,0
2051,5,30,0
2051,5,31,34.579
2051,6,1,0
2051,6,2,10.67
2051,6,3,0
2051,6,4,0.027466
2051,6,5,0.86517
2051,6,6,0.013733
2051,6,7,3.3234
2051,6,8,0.10986
2051,6,9,0.082397
2051,6,10,0.068665
2051,6,11,0.082397
2051,6,12,0.79651
2051,6,13,0.37079
2051,6,14,0
2051,6,15,0
2051,6,16,0.027466
2051,6,17,0
2051,6,18,0
2051,6,19,0
2051,6,20,2.4719
2051,6,21,0.15793
2051,6,22,0
2051,6,23,0
2051,6,24,0.27466
2051,6,25,0
2051,6,26,0
2051,6,27,0
2051,6,28,0
2051,6,29,0
2051,6,30,0
2051,7,1,0
2051,7,2,0
2051,7,3,0
2051,7,4,0
2051,7,5,0
2051,7,6,0
2051,7,7,0.027466
2051,7,8,2.8427
2051,7,9,0
2051,7,10,0
2051,7,11,0
2051,7,12,0
2051,7,13,0
2051,7,14,0
2051,7,15,0.31586
2051,7,16,1.0437
2051,7,17,0
2051,7,18,0
2051,7,19,0.034332
2051,7,20,0.20599
2051,7,21,0.39825
2051,7,22,1.1948
2051,7,23,0
2051,7,24,0
2051,7,25,0.26093
2051,7,26,1.5793
2051,7,27,0.45319
2051,7,28,0
2051,7,29,0
2051,7,30,0
2051,7,31,0
2051,8,1,0
2051,8,2,0
2051,8,3,0
2051,8,4,2.0462
2051,8,5,0
2051,8,6,0
2051,8,7,0
2051,8,8,11.137
2051,8,9,0
2051,8,10,0
2051,8,11,0
2051,8,12,0
2051,8,13,0
2051,8,14,0
2051,8,15,0
2051,8,16,0.041199
2051,8,17,0.041199
2051,8,18,0
2051,8,19,0
2051,8,20,1.8951
2051,8,21,4.0649
2051,8,22,1.1536
2051,8,23,2.9663
2051,8,24,0
2051,8,25,0
2051,8,26,0
2051,8,27,0
2051,8,28,0.10986
2051,8,29,32.52
2051,8,30,18.512
2051,8,31,9.1873
2051,9,1,2.2659
2051,9,2,0
2051,9,3,0
2051,9,4,0
2051,9,5,0
2051,9,6,0
2051,9,7,0
2051,9,8,0
2051,9,9,0.041199
2051,9,10,0
2051,9,11,0.65918
2051,9,12,0
2051,9,13,0
2051,9,14,0
2051,9,15,0
2051,9,16,0
2051,9,17,0.52185
2051,9,18,0.71411
2051,9,19,0
2051,9,20,0
2051,9,21,0
2051,9,22,0
2051,9,23,4.01
2051,9,24,0
2051,9,25,0
2051,9,26,0
2051,9,27,0
2051,9,28,0
2051,9,29,0
2051,9,30,0
2051,10,1,12.085
2051,10,2,0.98877
2051,10,3,11.302
2051,10,4,0
2051,10,5,0
2051,10,6,0
2051,10,7,0
2051,10,8,0
2051,10,9,1.5656
2051,10,10,3.4332
2051,10,11,0
2051,10,12,0
2051,10,13,0.38452
2051,10,14,0
2051,10,15,1.9226
2051,10,16,0.10986
2051,10,17,1.8539
2051,10,18,1.2909
2051,10,19,0.013733
2051,10,20,8.638
2051,10,21,0
2051,10,22,0
2051,10,23,0
2051,10,24,0
2051,10,25,0
2051,10,26,0
2051,10,27,0
2051,10,28,0.013733
2051,10,29,0.013733
2051,10,30,0.10986
2051,10,31,0.17853
2051,11,1,0
2051,11,2,2.1423
2051,11,3,0.15106
2051,11,4,0.27466
2051,11,5,27.109
2051,11,6,0.32959
2051,11,7,0.09613
2051,11,8,0
2051,11,9,0
2051,11,10,1.7029
2051,11,11,0
2051,11,12,0
2051,11,13,0
2051,11,14,3.9001
2051,11,15,3.0075
2051,11,16,13.142
2051,11,17,58.502
2051,11,18,0.72784
2051,11,19,1.4008
2051,11,20,0
2051,11,21,8.1848
2051,11,22,63.46
2051,11,23,0.082397
2051,11,24,0
2051,11,25,3.8177
2051,11,26,14.516
2051,11,27,40.594
2051,11,28,41.336
2051,11,29,58.928
2051,11,30,0.10986
2051,12,1,1.8951
2051,12,2,8.1985
2051,12,3,13.348
2051,12,4,0.19226
2051,12,5,0.27466
2051,12,6,0
2051,12,7,0
2051,12,8,0
2051,12,9,0
2051,12,10,0
2051,12,11,0
2051,12,12,0
2051,12,13,0
2051,12,14,0.054932
2051,12,15,6.7291
2051,12,16,3.1586
2051,12,17,1.0025
2051,12,18,0.27466
2051,12,19,1.6479
2051,12,20,0.0068665
2051,12,21,0.53558
2051,12,22,0.20599
2051,12,23,0.89264
2051,12,24,1.1536
2051,12,25,1.9363
2051,12,26,0
2051,12,27,12.854
2051,12,28,8.6243
2051,12,29,0
2051,12,30,0
2051,12,31,0
2052,1,1,0
2052,1,2,0.21973
2052,1,3,0.082397
2052,1,4,0.67291
2052,1,5,0
2052,1,6,0.41199
2052,1,7,1.5518
2052,1,8,0.013733
2052,1,9,0.082397
2052,1,10,0
2052,1,11,0.041199
2052,1,12,0
2052,1,13,0
2052,1,14,0
2052,1,15,1.8539
2052,1,16,2.7466
2052,1,17,0.013733
2052,1,18,7.0175
2052,1,19,0.054932
2052,1,20,0.10986
2052,1,21,2.4857
2052,1,22,0.24719
2052,1,23,0.10986
2052,1,24,0.082397
2052,1,25,0
2052,1,26,0
2052,1,27,1.8402
2052,1,28,0.93384
2052,1,29,0
2052,1,30,0.054932
2052,1,31,0.10986
2052,2,1,1.9775
2052,2,2,0.027466
2052,2,3,0.19226
2052,2,4,3.3783
2052,2,5,0.17853
2052,2,6,0.027466
2052,2,7,0
2052,2,8,0
2052,2,9,0
2052,2,10,0
2052,2,11,0.027466
2052,2,12,4.3808
2052,2,13,4.7516
2052,2,14,26.697
2052,2,15,0.75531
2052,2,16,28.358
2052,2,17,37.395
2052,2,18,0.24719
2052,2,19,26.985
2052,2,20,22.577
2052,2,21,5.0949
2052,2,22,0.10986
2052,2,23,0.082397
2052,2,24,6.9214
2052,2,25,0.16479
2052,2,26,42.174
2052,2,27,0
2052,2,28,0.38452
2052,2,29,0.027466
2052,3,1,0.79651
2052,3,2,2.3209
2052,3,3,0.98877
2052,3,4,2.3346
2052,3,5,0
2052,3,6,1.8127
2052,3,7,1.2772
2052,3,8,2.2522
2052,3,9,0
2052,3,10,0
2052,3,11,4.4632
2052,3,12,1.0986
2052,3,13,42.16
2052,3,14,0.041199
2052,3,15,28.812
2052,3,16,0.013733
2052,3,17,0
2052,3,18,2.1835
2052,3,19,0.59052
2052,3,20,1.7715
2052,3,21,0.013733
2052,3,22,0.068665
2052,3,23,0
2052,3,24,0
2052,3,25,0
2052,3,26,0.0068665
2052,3,27,0
2052,3,28,0
2052,3,29,0.20599
2052,3,30,0.82397
2052,3,31,0
2052,4,1,0.013733
2052,4,2,2.7878
2052,4,3,52.652
2052,4,4,0.24719
2052,4,5,30.899
2052,4,6,0.30899
2052,4,7,12.868
2052,4,8,0.71411
2052,4,9,0
2052,4,10,0.26093
2052,4,11,0
2052,4,12,2.8976
2052,4,13,0.81024
2052,4,14,5.6717
2052,4,15,2.9663
2052,4,16,5.2872
2052,4,17,10.822
2052,4,18,0.19226
2052,4,19,0.041199
2052,4,20,5.6717
2052,4,21,0.041199
2052,4,22,0
2052,4,23,0
2052,4,24,0
2052,4,25,2.1149
2052,4,26,0.19226
2052,4,27,1.3596
2052,4,28,0
2052,4,29,0
2052,4,30,0
2052,5,1,0
2052,5,2,0.1442
2052,5,3,0
2052,5,4,7.1617
2052,5,5,87.012
2052,5,6,6.7841
2052,5,7,0
2052,5,8,0.74158
2052,5,9,0.054932
2052,5,10,0.20599
2052,5,11,0.85831
2052,5,12,2.005
2052,5,13,0.48065
2052,5,14,0
2052,5,15,0
2052,5,16,0
2052,5,17,3.1036
2052,5,18,0
2052,5,19,0
2052,5,20,0
2052,5,21,0.013733
2052,5,22,0.1236
2052,5,23,0.013733
2052,5,24,0.16479
2052,5,25,0.67291
2052,5,26,0.23346
2052,5,27,0.027466
2052,5,28,0
2052,5,29,0.29526
2052,5,30,0.30212
2052,5,31,0
2052,6,1,0.50125
2052,6,2,0.054932
2052,6,3,0
2052,6,4,0
2052,6,5,0
2052,6,6,0
2052,6,7,0
2052,6,8,0
2052,6,9,0
2052,6,10,0
2052,6,11,0
2052,6,12,0.013733
2052,6,13,0.26093
2052,6,14,0
2052,6,15,0
2052,6,16,0
2052,6,17,0
2052,6,18,0.72784
2052,6,19,0
2052,6,20,0
2052,6,21,0
2052,6,22,0
2052,6,23,0
2052,6,24,0.027466
2052,6,25,2.7466
2052,6,26,0.041199
2052,6,27,0
2052,6,28,0
2052,6,29,0
2052,6,30,0
2052,7,1,0
2052,7,2,0.013733
2052,7,3,0
2052,7,4,0
2052,7,5,0
2052,7,6,0
2052,7,7,0
2052,7,8,0
2052,7,9,0.81711
2052,7,10,0
2052,7,11,0
2052,7,12,0
2052,7,13,0
2052,7,14,0.93384
2052,7,15,0.082397
2052,7,16,0.13733
2052,7,17,6.2897
2052,7,18,0
2052,7,19,0
2052,7,20,0
2052,7,21,0
2052,7,22,0
2052,7,23,0
2052,7,24,0
2052,7,25,0
2052,7,26,0
2052,7,27,0.013733
2052,7,28,9.1324
2052,7,29,11.824
2052,7,30,0
2052,7,31,0
2052,8,1,0
2052,8,2,0.054932
2052,8,3,1.6479
2052,8,4,0.1442
2052,8,5,0.19226
2052,8,6,0
2052,8,7,0
2052,8,8,0
2052,8,9,2.1973
2052,8,10,0
2052,8,11,0
2052,8,12,1.7166
2052,8,13,0
2052,8,14,0
2052,8,15,0
2052,8,16,0
2052,8,17,0.041199
2052,8,18,0.64545
2052,8,19,1.387
2052,8,20,0.74158
2052,8,21,0
2052,8,22,0
2052,8,23,2.6642
2052,8,24,0
2052,8,25,0
2052,8,26,0.020599
2052,8,27,0.31586
2052,8,28,0.013733
2052,8,29,0
2052,8,30,0
2052,8,31,0.061798
2052,9,1,0
2052,9,2,0
2052,9,3,0.48065
2052,9,4,0.52185
2052,9,5,0
2052,9,6,0
2052,9,7,0.59052
2052,9,8,6.0425
2052,9,9,0
2052,9,10,0
2052,9,11,0.0068665
2052,9,12,0
2052,9,13,0
2052,9,14,0
2052,9,15,3.6392
2052,9,16,6.8115
2052,9,17,0.27466
2052,9,18,0.027466
2052,9,19,0.32959
2052,9,20,0.63171
2052,9,21,0
2052,9,22,0
2052,9,23,0
2052,9,24,0
2052,9,25,3.9139
2052,9,26,0.39139
2052,9,27,0
2052,9,28,0
2052,9,29,0
2052,9,30,0
2052,10,1,0
2052,10,2,0.09613
2052,10,3,0.20599
2052,10,4,0.027466
2052,10,5,3.7628
2052,10,6,44.041
2052,10,7,18.114
2052,10,8,0
2052,10,9,0.10986
2052,10,10,0.10986
2052,10,11,0
2052,10,12,0.075531
2052,10,13,0
2052,10,14,0
2052,10,15,1.442
2052,10,16,0
2052,10,17,0
2052,10,18,0
2052,10,19,0
2052,10,20,1.6754
2052,10,21,0.79651
2052,10,22,0
2052,10,23,0
2052,10,24,0
2052,10,25,0
2052,10,26,0.17853
2052,10,27,0.46692
2052,10,28,0.94757
2052,10,29,9.9014
2052,10,30,45.566
2052,10,31,9.1461
2052,11,1,8.329
2052,11,2,4.216
2052,11,3,36.736
2052,11,4,46.005
2052,11,5,25.461
2052,11,6,0.027466
2052,11,7,0.16479
2052,11,8,0
2052,11,9,0.91324
2052,11,10,0.70038
2052,11,11,0
2052,11,12,0
2052,11,13,0.082397
2052,11,14,8.02
2052,11,15,11.7
2052,11,16,1.6754
2052,11,17,2.3895
2052,11,18,0
2052,11,19,0.10986
2052,11,20,0.41199
2052,11,21,0.027466
2052,11,22,0.17853
2052,11,23,0
2052,11,24,0
2052,11,25,0.068665
2052,11,26,0
2052,11,27,0
2052,11,28,0.054932
2052,11,29,10.973
2052,11,30,15.971
2052,12,1,6.5781
2052,12,2,6.015
2052,12,3,5.3833
2052,12,4,0
2052,12,5,7.9651
2052,12,6,7.0313
2052,12,7,0
2052,12,8,2.1011
2052,12,9,1.0574
2052,12,10,6.2759
2052,12,11,11.536
2052,12,12,12.099
2052,12,13,4.7791
2052,12,14,0.57678
2052,12,15,5.7129
2052,12,16,0
2052,12,17,0
2052,12,18,0
2052,12,19,0
2052,12,20,0
2052,12,21,0.30212
2052,12,22,0
2052,12,23,0
2052,12,24,0
2052,12,25,0
2052,12,26,0
2052,12,27,0
2052,12,28,0.09613
2052,12,29,0
2052,12,30,0.054932
2052,12,31,0.98877
2053,1,1,2.3758
2053,1,2,1.9226
2053,1,3,3.0212
2053,1,4,2.774
2053,1,5,0.054932
2053,1,6,0.41199
2053,1,7,0.48065
2053,1,8,0
2053,1,9,3.241
2053,1,10,0.43945
2053,1,11,0
2053,1,12,0
2053,1,13,1.3184
2053,1,14,13.362
2053,1,15,4.0787
2053,1,16,1.2909
2053,1,17,3.1311
2053,1,18,0
2053,1,19,0
2053,1,20,1.442
2053,1,21,0.56305
2053,1,22,0.42572
2053,1,23,4.0512
2053,1,24,1.2497
2053,1,25,0.054932
2053,1,26,0
2053,1,27,0
2053,1,28,0
2053,1,29,33.371
2053,1,30,33.701
2053,1,31,0.013733
2053,2,1,1.3458
2053,2,2,0
2053,2,3,0
2053,2,4,0.50812
2053,2,5,0
2053,2,6,0
2053,2,7,0.013733
2053,2,8,0
2053,2,9,0
2053,2,10,0
2053,2,11,0
2053,2,12,0
2053,2,13,0
2053,2,14,0
2053,2,15,2.8427
2053,2,16,0.13733
2053,2,17,0.59052
2053,2,18,0.027466
2053,2,19,0.082397
2053,2,20,36.475
2053,2,21,0
2053,2,22,0.054932
2053,2,23,2.8564
2053,2,24,0
2053,2,25,0
2053,2,26,0
2053,2,27,0.027466
2053,2,28,0
2053,3,1,0
2053,3,2,1.2222
2053,3,3,4.3877
2053,3,4,5.3833
2053,3,5,0.42572
2053,3,6,9.2697
2053,3,7,0
2053,3,8,0.13733
2053,3,9,0
2053,3,10,0.013733
2053,3,11,0
2053,3,12,0.054932
2053,3,13,0.35706
2053,3,14,1.593
2053,3,15,5.8914
2053,3,16,1.5312
2053,3,17,8.1299
2053,3,18,0.16479
2053,3,19,4.4357
2053,3,20,0.23346
2053,3,21,0.21973
2053,3,22,4.1336
2053,3,23,0.089264
2053,3,24,1.0849
2053,3,25,0
2053,3,26,0.32959
2053,3,27,0.87891
2053,3,28,3.2684
2053,3,29,0
2053,3,30,0
2053,3,31,1.5656
2053,4,1,0.054932
2053,4,2,0
2053,4,3,0
2053,4,4,4.1611
2053,4,5,0.013733
2053,4,6,0
2053,4,7,0
2053,4,8,2.2522
2053,4,9,0
2053,4,10,0
2053,4,11,0
2053,4,12,3.9139
2053,4,13,2.1217
2053,4,14,0
2053,4,15,0.39825
2053,4,16,0.32959
2053,4,17,29.333
2053,4,18,0
2053,4,19,0.41199
2053,4,20,0.94757
2053,4,21,0.21973
2053,4,22,0.57678
2053,4,23,0
2053,4,24,0
2053,4,25,0
2053,4,26,2.1217
2053,4,27,18.093
2053,4,28,0
2053,4,29,0
2053,4,30,0
2053,5,1,0
2053,5,2,0.013733
2053,5,3,0
2053,5,4,0
2053,5,5,0
2053,5,6,0
2053,5,7,0.054932
2053,5,8,0
2053,5,9,0
2053,5,10,0.054932
2053,5,11,1.0162
2053,5,12,0.27466
2053,5,13,0
2053,5,14,0
2053,5,15,0
2053,5,16,0
2053,5,17,0
2053,5,18,0
2053,5,19,0
2053,5,20,0
2053,5,21,0.35706
2053,5,22,0.15106
2053,5,23,0
2053,5,24,0
2053,5,25,0.013733
2053,5,26,0
2053,5,27,0.20599
2053,5,28,0.65918
2053,5,29,0
2053,5,30,0
2053,5,31,0
2053,6,1,0.54932
2053,6,2,0
2053,6,3,0
2053,6,4,0
2053,6,5,0.54932
2053,6,6,4.1061
2053,6,7,0.76904
2053,6,8,0
2053,6,9,0
2053,6,10,0
2053,6,11,0.85144
2053,6,12,0
2053,6,13,0.16479
2053,6,14,0.67291
2053,6,15,0.020599
2053,6,16,0
2053,6,17,0
2053,6,18,0
2053,6,19,0
2053,6,20,0
2053,6,21,0
2053,6,22,0.37079
2053,6,23,0
2053,6,24,0
2053,6,25,0.35706
2053,6,26,0.13733
2053,6,27,0
2053,6,28,0.32959
2053,6,29,0
2053,6,30,0
2053,7,1,0
2053,7,2,0
2053,7,3,0
2053,7,4,0
2053,7,5,0.027466
2053,7,6,0.30212
2053,7,7,0.068665
2053,7,8,0
2053,7,9,0
2053,7,10,0
2053,7,11,0
2053,7,12,0
2053,7,13,0
2053,7,14,0
2053,7,15,0
2053,7,16,0
2053,7,17,0
2053,7,18,0
2053,7,19,0
2053,7,20,0.034332
2053,7,21,0.048065
2053,7,22,0
2053,7,23,0
2053,7,24,0
2053,7,25,0
2053,7,26,0
2053,7,27,0
2053,7,28,0
2053,7,29,1.5381
2053,7,30,0
2053,7,31,0
2053,8,1,0
2053,8,2,0
2053,8,3,0
2053,8,4,0
2053,8,5,0
2053,8,6,0
2053,8,7,0
2053,8,8,0
2053,8,9,0
2053,8,10,0
2053,8,11,0.1442
2053,8,12,0
2053,8,13,0.013733
2053,8,14,0
2053,8,15,0
2053,8,16,0
2053,8,17,0
2053,8,18,0
2053,8,19,0
2053,8,20,0.013733
2053,8,21,0
2053,8,22,0.027466
2053,8,23,3.5706
2053,8,24,0
2053,8,25,0.59052
2053,8,26,2.6917
2053,8,27,17.88
2053,8,28,0.32959
2053,8,29,1.2772
2053,8,30,0
2053,8,31,0
2053,9,1,0.048065
2053,9,2,15.065
2053,9,3,6.427
2053,9,4,10.025
2053,9,5,0.52185
2053,9,6,0
2053,9,7,0
2053,9,8,0
2053,9,9,0
2053,9,10,0.027466
2053,9,11,0
2053,9,12,0
2053,9,13,0
2053,9,14,0
2053,9,15,0
2053,9,16,2.8152
2053,9,17,34.689
2053,9,18,0
2053,9,19,0
2053,9,20,0
2053,9,21,0
2053,9,22,0
2053,9,23,0
2053,9,24,0
2053,9,25,0
2053,9,26,0
2053,9,27,0
2053,9,28,0
2053,9,29,0
2053,9,30,40.457
2053,10,1,5.5893
2053,10,2,0
2053,10,3,0.082397
2053,10,4,0.48065
2053,10,5,0
2053,10,6,0
2053,10,7,0
2053,10,8,0
2053,10,9,0.63171
2053,10,10,2.5818
2053,10,11,2.1835
2053,10,12,0.082397
2053,10,13,0.19226
2053,10,14,21.355
2053,10,15,71.851
2053,10,16,5.658
2053,10,17,5.3833
2053,10,18,27.603
2053,10,19,3.2135
2053,10,20,1.0986
2053,10,21,1.4763
2053,10,22,5.2048
2053,10,23,0.21973
2053,10,24,4.4632
2053,10,25,3.0762
2053,10,26,0
2053,10,27,0
2053,10,28,0
2053,10,29,0
2053,10,30,0
2053,10,31,0
2053,11,1,1.7029
2053,11,2,2.98
2053,11,3,26.669
2053,11,4,12.854
2053,11,5,0.027466
2053,11,6,1.0437
2053,11,7,0.21973
2053,11,8,1.7578
2053,11,9,0
2053,11,10,0
2053,11,11,0
2053,11,12,1.3458
2053,11,13,0.0068665
2053,11,14,5.8777
2053,11,15,0.24719
2053,11,16,1.0437
2053,11,17,3.241
2053,11,18,4.4907
2053,11,19,0
2053,11,20,0
2053,11,21,0
2053,11,22,0.1236
2053,11,23,0
2053,11,24,0.082397
2053,11,25,0.1236
2053,11,26,0.32959
2053,11,27,0.67291
2053,11,28,0.10986
2053,11,29,0
2053,11,30,0
2053,12,1,0
2053,12,2,0
2053,12,3,0.1236
2053,12,4,0.42572
2053,12,5,1.1536
2053,12,6,0.082397
2053,12,7,14.763
2053,12,8,0.42572
2053,12,9,0.082397
2053,12,10,2.5543
2053,12,11,0
2053,12,12,0.10986
2053,12,13,0
2053,12,14,0.041199
2053,12,15,0
2053,12,16,0.16479
2053,12,17,0
2053,12,18,0
2053,12,19,0
2053,12,20,0
2053,12,21,0.24719
2053,12,22,0
2053,12,23,0
2053,12,24,0
2053,12,25,0
2053,12,26,0.43945
2053,12,27,0.10986
2053,12,28,0.27466
2053,12,29,0.49438
2053,12,30,5.9326
2053,12,31,3.6255
2054,1,1,0.48065
2054,1,2,0
2054,1,3,0
2054,1,4,0.71411
2054,1,5,0.16479
2054,1,6,0.42572
2054,1,7,0.89264
2054,1,8,0
2054,1,9,79.623
2054,1,10,50.386
2054,1,11,0
2054,1,12,5.3833
2054,1,13,2.8976
2054,1,14,0.32959
2054,1,15,3.4058
2054,1,16,2.1149
2054,1,17,0.23346
2054,1,18,0
2054,1,19,0
2054,1,20,0.041199
2054,1,21,0
2054,1,22,0
2054,1,23,0
2054,1,24,0
2054,1,25,0
2054,1,26,0
2054,1,27,0.39825
2054,1,28,0
2054,1,29,0
2054,1,30,0
2054,1,31,0
2054,2,1,0
2054,2,2,0
2054,2,3,1.8265
2054,2,4,0.81024
2054,2,5,0.13733
2054,2,6,0
2054,2,7,0
2054,2,8,0.027466
2054,2,9,0
2054,2,10,0
2054,2,11,0
2054,2,12,0
2054,2,13,0
2054,2,14,0
2054,2,15,0.45319
2054,2,16,2.3071
2054,2,17,0.20599
2054,2,18,0.1236
2054,2,19,0.1236
2054,2,20,0
2054,2,21,0
2054,2,22,0
2054,2,23,0.061798
2054,2,24,0
2054,2,25,0
2054,2,26,0
2054,2,27,0
2054,2,28,0.34332
2054,3,1,0.054932
2054,3,2,0.28839
2054,3,3,0.62485
2054,3,4,2.8015
2054,3,5,5.2734
2054,3,6,0.082397
2054,3,7,0
2054,3,8,0
2054,3,9,2.0943
2054,3,10,0.71411
2054,3,11,0.50812
2054,3,12,1.593
2054,3,13,2.417
2054,3,14,0
2054,3,15,2.1835
2054,3,16,0.054932
2054,3,17,0.027466
2054,3,18,0.013733
2054,3,19,0.034332
2054,3,20,0
2054,3,21,0
2054,3,22,6.8665
2054,3,23,1.2222
2054,3,24,0.1236
2054,3,25,9.6954
2054,3,26,1.3458
2054,3,27,7.1274
2054,3,28,0
2054,3,29,0.19226
2054,3,30,1.2978
2054,3,31,0.78278
2054,4,1,10.753
2054,4,2,4.0375
2054,4,3,0.98877
2054,4,4,0.10986
2054,4,5,0.068665
2054,4,6,0
2054,4,7,0.0068665
2054,4,8,1.8677
2054,4,9,0.24719
2054,4,10,0.13733
2054,4,11,0.013733
2054,4,12,0
2054,4,13,0
2054,4,14,0
2054,4,15,0
2054,4,16,0.013733
2054,4,17,0.9613
2054,4,18,0.53558
2054,4,19,0
2054,4,20,0
2054,4,21,0.42572
2054,4,22,0.23346
2054,4,23,0.0068665
2054,4,24,0
2054,4,25,0
2054,4,26,1.6411
2054,4,27,4.6143
2054,4,28,11.824
2054,4,29,0.1236
2054,4,30,1.9089
2054,5,1,1.03
2054,5,2,8.7067
2054,5,3,10.561
2054,5,4,3.4607
2054,5,5,10.574
2054,5,6,4.01
2054,5,7,0
2054,5,8,0
2054,5,9,6.9489
2054,5,10,2.5818
2054,5,11,0
2054,5,12,1.8539
2054,5,13,1.236
2054,5,14,0.13733
2054,5,15,0.31586
2054,5,16,0.13733
2054,5,17,0
2054,5,18,1.6617
2054,5,19,3.7216
2054,5,20,0
2054,5,21,0
2054,5,22,29.526
2054,5,23,0.48065
2054,5,24,0
2054,5,25,0
2054,5,26,0.082397
2054,5,27,1.9913
2054,5,28,0
2054,5,29,0
2054,5,30,0
2054,5,31,0.041199
2054,6,1,0.041199
2054,6,2,21.931
2054,6,3,0.41199
2054,6,4,0.28839
2054,6,5,1.3184
2054,6,6,12.593
2054,6,7,0
2054,6,8,0
2054,6,9,0
2054,6,10,0
2054,6,11,0
2054,6,12,0
2054,6,13,0
2054,6,14,0
2054,6,15,0.013733
2054,6,16,0.020599
2054,6,17,0
2054,6,18,0
2054,6,19,0
2054,6,20,0
2054,6,21,0.013733
2054,6,22,5.7953
2054,6,23,0
2054,6,24,0
2054,6,25,0
2054,6,26,0
2054,6,27,0
2054,6,28,0
2054,6,29,0
2054,6,30,0
2054,7,1,0
2054,7,2,7.7866
2054,7,3,0
2054,7,4,0
2054,7,5,0
2054,7,6,0
2054,7,7,0
2054,7,8,0
2054,7,9,0
2054,7,10,21.725
2054,7,11,0.64545
2054,7,12,0
2054,7,13,0
2054,7,14,0.15793
2054,7,15,5.864
2054,7,16,0
2054,7,17,0
2054,7,18,1.1398
2054,7,19,2.7191
2054,7,20,0.31586
2054,7,21,8.3221
2054,7,22,0
2054,7,23,0.27466
2054,7,24,1.0849
2054,7,25,5.809
2054,7,26,2.7878
2054,7,27,2.7397
2054,7,28,0.23346
2054,7,29,0
2054,7,30,0
2054,7,31,0
2054,8,1,0
2054,8,2,0.37079
2054,8,3,0
2054,8,4,0
2054,8,5,0
2054,8,6,0
2054,8,7,0.66605
2054,8,8,0.41885
2054,8,9,0.20599
2054,8,10,0.72784
2054,8,11,0
2054,8,12,0
2054,8,13,4.7104
2054,8,14,0.46692
2054,8,15,0.068665
2054,8,16,0
2054,8,17,0
2054,8,18,0
2054,8,19,0
2054,8,20,0
2054,8,21,0
2054,8,22,0
2054,8,23,0
2054,8,24,0
2054,8,25,1.6617
2054,8,26,0
2054,8,27,0
2054,8,28,0.29526
2054,8,29,0.013733
2054,8,30,0
2054,8,31,4.7447
2054,9,1,12.909
2054,9,2,0
2054,9,3,0
2054,9,4,16.974
2054,9,5,0
2054,9,6,0
2054,9,7,0
2054,9,8,0
2054,9,9,0.24033
2054,9,10,0
2054,9,11,7.0381
2054,9,12,50.221
2054,9,13,10.657
2054,9,14,0
2054,9,15,0
2054,9,16,0
2054,9,17,0
2054,9,18,0
2054,9,19,0.082397
2054,9,20,1.8333
2054,9,21,17.029
2054,9,22,4.4495
2054,9,23,0
2054,9,24,0
2054,9,25,14.09
2054,9,26,1.4694
2054,9,27,0
2054,9,28,0
2054,9,29,0.27466
2054,9,30,56.635
2054,10,1,65.163
2054,10,2,0.10986
2054,10,3,5.6305
2054,10,4,7.9102
2054,10,5,1.8951
2054,10,6,5.2322
2054,10,7,0
2054,10,8,0.21973
2054,10,9,0.46692
2054,10,10,0
2054,10,11,0.38452
2054,10,12,0
2054,10,13,0
2054,10,14,0
2054,10,15,0
2054,10,16,0.027466
2054,10,17,1.9775
2054,10,18,1.3733
2054,10,19,4.7791
2054,10,20,1.1124
2054,10,21,0.041199
2054,10,22,0
2054,10,23,0.42572
2054,10,24,11.33
2054,10,25,13.788
2054,10,26,4.5044
2054,10,27,0.60425
2054,10,28,14.832
2054,10,29,25.172
2054,10,30,5.1498
2054,10,31,0
2054,11,1,0
2054,11,2,0
2054,11,3,1.2222
2054,11,4,0
2054,11,5,0
2054,11,6,0
2054,11,7,0
2054,11,8,0
2054,11,9,0
2054,11,10,0.98877
2054,11,11,63.625
2054,11,12,44.44
2054,11,13,7.5531
2054,11,14,0.43945
2054,11,15,2.1698
2054,11,16,2.0874
2054,11,17,4.7791
2054,11,18,0.013733
2054,11,19,0.027466
2054,11,20,0.082397
2054,11,21,0
2054,11,22,7.3059
2054,11,23,0.054932
2054,11,24,0.34332
2054,11,25,0
2054,11,26,0.37079
2054,11,27,0
2054,11,28,0
2054,11,29,0.041199
2054,11,30,0
2054,12,1,0.082397
2054,12,2,0
2054,12,3,0
2054,12,4,0.59052
2054,12,5,0.041199
2054,12,6,0.041199
2054,12,7,0
2054,12,8,0.16479
2054,12,9,0
2054,12,10,0
2054,12,11,1.4282
2054,12,12,1.8127
2054,12,13,0.013733
2054,12,14,0
2054,12,15,2.7191
2054,12,16,3.4882
2054,12,17,0.35019
2054,12,18,14.145
2054,12,19,0
2054,12,20,0
2054,12,21,4.6417
2054,12,22,0.71411
2054,12,23,4.9026
2054,12,24,5.4382
2054,12,25,0.30212
2054,12,26,0.23346
2054,12,27,0
2054,12,28,0
2054,12,29,4.9988
2054,12,30,0
2054,12,31,0.013733
2055,1,1,0
2055,1,2,0.27466
2055,1,3,2.774
2055,1,4,8.2397
2055,1,5,6.4957
2055,1,6,0
2055,1,7,0.027466
2055,1,8,0.054932
2055,1,9,0.082397
2055,1,10,1.6617
2055,1,11,0.41199
2055,1,12,0.054932
2055,1,13,1.1948
2055,1,14,20.325
2055,1,15,0.041199
2055,1,16,16.548
2055,1,17,0
2055,1,18,0.9613
2055,1,19,17.976
2055,1,20,1.6342
2055,1,21,10.08
2055,1,22,0.38452
2055,1,23,5.4657
2055,1,24,0
2055,1,25,0.76904
2055,1,26,0.054932
2055,1,27,4.01
2055,1,28,0
2055,1,29,12.181
2055,1,30,0.068665
2055,1,31,0.041199
2055,2,1,0
2055,2,2,0
2055,2,3,0
2055,2,4,0
2055,2,5,0.027466
2055,2,6,0
2055,2,7,0.24719
2055,2,8,2.5681
2055,2,9,0.24719
2055,2,10,0.09613
2055,2,11,0.13733
2055,2,12,0.13733
2055,2,13,0
2055,2,14,0.24719
2055,2,15,0.0068665
2055,2,16,0.40512
2055,2,17,0.37079
2055,2,18,0.054932
2055,2,19,0
2055,2,20,0.19226
2055,2,21,0
2055,2,22,0.20599
2055,2,23,0.082397
2055,2,24,0
2055,2,25,0.027466
2055,2,26,0
2055,2,27,3.8864
2055,2,28,0.78278
2055,3,1,0.09613
2055,3,2,3.0487
2055,3,3,0.24719
2055,3,4,0.041199
2055,3,5,0
2055,3,6,0.013733
2055,3,7,0.027466
2055,3,8,0.98877
2055,3,9,0.19226
2055,3,10,0.9201
2055,3,11,1.1261
2055,3,12,1.4832
2055,3,13,0
2055,3,14,0
2055,3,15,0.78278
2055,3,16,0
2055,3,17,0.054932
2055,3,18,0.13733
2055,3,19,2.9114
2055,3,20,8.1985
2055,3,21,0
2055,3,22,0
2055,3,23,0.41199
2055,3,24,0
2055,3,25,7.6492
2055,3,26,0.013733
2055,3,27,0
2055,3,28,0
2055,3,29,0
2055,3,30,0
2055,3,31,0
2055,4,1,0.041199
2055,4,2,0.27466
2055,4,3,0
2055,4,4,0
2055,4,5,0.054932
2055,4,6,0
2055,4,7,0
2055,4,8,0
2055,4,9,0
2055,4,10,0.15106
2055,4,11,22.632
2055,4,12,0.041199
2055,4,13,0.13046
2055,4,14,0.21973
2055,4,15,0
2055,4,16,5.0125
2055,4,17,11.22
2055,4,18,4.5044
2055,4,19,0
2055,4,20,0
2055,4,21,0
2055,4,22,0
2055,4,23,0
2055,4,24,0
2055,4,25,0
2055,4,26,0.013733
2055,4,27,0
2055,4,28,0
2055,4,29,0
2055,4,30,0.53558
2055,5,1,0
2055,5,2,0
2055,5,3,0
2055,5,4,0
2055,5,5,0
2055,5,6,0.21973
2055,5,7,0
2055,5,8,0
2055,5,9,0
2055,5,10,0
2055,5,11,0
2055,5,12,0
2055,5,13,0
2055,5,14,0
2055,5,15,0
2055,5,16,0
2055,5,17,0.74158
2055,5,18,12.277
2055,5,19,0
2055,5,20,15.669
2055,5,21,4.0924
2055,5,22,0.13733
2055,5,23,0
2055,5,24,0
2055,5,25,0
2055,5,26,0
2055,5,27,0
2055,5,28,0
2055,5,29,0
2055,5,30,0.49438
2055,5,31,3.3371
2055,6,1,0
2055,6,2,0
2055,6,3,0
2055,6,4,0.53558
2055,6,5,0
2055,6,6,0
2055,6,7,0
2055,6,8,0
2055,6,9,0
2055,6,10,14.145
2055,6,11,1.3733
2055,6,12,0.63171
2055,6,13,0.19226
2055,6,14,0.9613
2055,6,15,32.259
2055,6,16,11.961
2055,6,17,19.102
2055,6,18,15.134
2055,6,19,6.015
2055,6,20,0.013733
2055,6,21,0.31586
2055,6,22,3.1723
2055,6,23,2.2385
2055,6,24,0
2055,6,25,0
2055,6,26,0
2055,6,27,0
2055,6,28,0
2055,6,29,0.27466
2055,6,30,0
2055,7,1,0
2055,7,2,0
2055,7,3,1.9638
2055,7,4,0.41199
2055,7,5,2.3895
2055,7,6,1.0986
2055,7,7,0
2055,7,8,0
2055,7,9,0
2055,7,10,0
2055,7,11,14.474
2055,7,12,0.64545
2055,7,13,15.01
2055,7,14,0
2055,7,15,0
2055,7,16,0
2055,7,17,0
2055,7,18,0
2055,7,19,0
2055,7,20,0
2055,7,21,0
2055,7,22,0.13733
2055,7,23,3.447
2055,7,24,1.3184
2055,7,25,0
2055,7,26,2.1561
2055,7,27,0.1236
2055,7,28,0.054932
2055,7,29,0.041199
2055,7,30,0.013733
2055,7,31,0
2055,8,1,0
2055,8,2,0
2055,8,3,0
2055,8,4,0
2055,8,5,0.013733
2055,8,6,0
2055,8,7,0.48065
2055,8,8,0
2055,8,9,0.34332
2055,8,10,11.069
2055,8,11,0.43945
2055,8,12,0
2055,8,13,0
2055,8,14,0
2055,8,15,0
2055,8,16,0
2055,8,17,0
2055,8,18,0.35706
2055,8,19,0.013733
2055,8,20,0.09613
2055,8,21,0
2055,8,22,0
2055,8,23,33.385
2055,8,24,5.9052
2055,8,25,0
2055,8,26,0.054932
2055,8,27,0
2055,8,28,0
2055,8,29,0.027466
2055,8,30,0.027466
2055,8,31,0
2055,9,1,0
2055,9,2,0
2055,9,3,0
2055,9,4,0
2055,9,5,0
2055,9,6,0
2055,9,7,0
2055,9,8,0
2055,9,9,23.909
2055,9,10,11.81
2055,9,11,0
2055,9,12,0.082397
2055,9,13,15.882
2055,9,14,4.1336
2055,9,15,3.5912
2055,9,16,0
2055,9,17,0
2055,9,18,0
2055,9,19,0
2055,9,20,0.13046
2055,9,21,2.9388
2055,9,22,0.28839
2055,9,23,0
2055,9,24,6.0425
2055,9,25,0
2055,9,26,2.7054
2055,9,27,0
2055,9,28,0
2055,9,29,0.068665
2055,9,30,0
2055,10,1,0
2055,10,2,0
2055,10,3,0
2055,10,4,0
2055,10,5,0.28839
2055,10,6,0
2055,10,7,0
2055,10,8,1.181
2055,10,9,11.385
2055,10,10,24.307
2055,10,11,4.1199
2055,10,12,1.4969
2055,10,13,0.054932
2055,10,14,0
2055,10,15,3.0212
2055,10,16,0
2055,10,17,0
2055,10,18,4.2847
2055,10,19,0
2055,10,20,0
2055,10,21,0
2055,10,22,7.3059
2055,10,23,6.7291
2055,10,24,4.5593
2055,10,25,21.011
2055,10,26,39.771
2055,10,27,106.38
2055,10,28,15.724
2055,10,29,5.1224
2055,10,30,19.954
2055,10,31,40.141
2055,11,1,2.6093
2055,11,2,0.027466
2055,11,3,0
2055,11,4,0
2055,11,5,0
2055,11,6,0.027466
2055,11,7,0
2055,11,8,0
2055,11,9,0
2055,11,10,0
2055,11,11,0
2055,11,12,0
2055,11,13,0.1236
2055,11,14,0.034332
2055,11,15,0.0068665
2055,11,16,0.45319
2055,11,17,0.19226
2055,11,18,0.054932
2055,11,19,0
2055,11,20,0.013733
2055,11,21,0.054932
2055,11,22,0.013733
2055,11,23,0.13733
2055,11,24,0.32959
2055,11,25,2.005
2055,11,26,0
2055,11,27,0
2055,11,28,0.45319
2055,11,29,4.2023
2055,11,30,0.15793
2055,12,1,6.3309
2055,12,2,0.64545
2055,12,3,0
2055,12,4,3.1586
2055,12,5,5.7266
2055,12,6,0
2055,12,7,0.1236
2055,12,8,1.8402
2055,12,9,1.1055
2055,12,10,0
2055,12,11,0
2055,12,12,1.236
2055,12,13,0
2055,12,14,2.6367
2055,12,15,10.67
2055,12,16,0.24719
2055,12,17,0.048065
2055,12,18,0
2055,12,19,0.041199
2055,12,20,0.027466
2055,12,21,0
2055,12,22,0
2055,12,23,0
2055,12,24,0
2055,12,25,0
2055,12,26,1.4145
2055,12,27,1.3458
2055,12,28,0.32959
2055,12,29,0.79651
2055,12,30,0.027466
2055,12,31,0.054932
2056,1,1,0
2056,1,2,1.0162
2056,1,3,0
2056,1,4,0
2056,1,5,0
2056,1,6,0
2056,1,7,0
2056,1,8,0.19226
2056,1,9,1.03
2056,1,10,0.054932
2056,1,11,0.082397
2056,1,12,0.57678
2056,1,13,0.30212
2056,1,14,0.054932
2056,1,15,1.6068
2056,1,16,0
2056,1,17,7.251
2056,1,18,0.34332
2056,1,19,21.767
2056,1,20,1.1536
2056,1,21,0.20599
2056,1,22,0
2056,1,23,0
2056,1,24,0.054932
2056,1,25,0.027466
2056,1,26,1.2772
2056,1,27,0.10986
2056,1,28,1.5793
2056,1,29,1.1398
2056,1,30,0
2056,1,31,0.43945
2056,2,1,0.30212
2056,2,2,0
2056,2,3,0
2056,2,4,0
2056,2,5,0.20599
2056,2,6,2.0599
2056,2,7,0
2056,2,8,0
2056,2,9,0
2056,2,10,0
2056,2,11,0
2056,2,12,0.013733
2056,2,13,2.1423
2056,2,14,0.027466
2056,2,15,1.7578
2056,2,16,3.2684
2056,2,17,0.38452
2056,2,18,0
2056,2,19,2.0874
2056,2,20,5.5481
2056,2,21,0.16479
2056,2,22,1.4832
2056,2,23,0.048065
2056,2,24,5.7404
2056,2,25,0.42572
2056,2,26,0
2056,2,27,0.082397
2056,2,28,0.16479
2056,2,29,4.3396
2056,3,1,22.838
2056,3,2,8.6792
2056,3,3,3.6392
2056,3,4,1.593
2056,3,5,15.051
2056,3,6,3.653
2056,3,7,0.082397
2056,3,8,4.1473
2056,3,9,12.415
2056,3,10,7.869
2056,3,11,8.5419
2056,3,12,0.17853
2056,3,13,0.86517
2056,3,14,0
2056,3,15,0
2056,3,16,0
2056,3,17,0
2056,3,18,1.1261
2056,3,19,5.9464
2056,3,20,0
2056,3,21,1.2085
2056,3,22,0.9613
2056,3,23,0.15106
2056,3,24,7.3608
2056,3,25,0.041199
2056,3,26,0
2056,3,27,0
2056,3,28,0.41199
2056,3,29,1.9501
2056,3,30,0
2056,3,31,0.013733
2056,4,1,3.3371
2056,4,2,0.013733
2056,4,3,0.35706
2056,4,4,0.048065
2056,4,5,0
2056,4,6,0
2056,4,7,0
2056,4,8,0.90637
2056,4,9,0
2056,4,10,2.3346
2056,4,11,4.1748
2056,4,12,0.027466
2056,4,13,1.181
2056,4,14,0
2056,4,15,0
2056,4,16,7.6355
2056,4,17,24.115
2056,4,18,0.30212
2056,4,19,0
2056,4,20,0
2056,4,21,0.013733
2056,4,22,0
2056,4,23,0
2056,4,24,0
2056,4,25,0
2056,4,26,0
2056,4,27,0.041199
2056,4,28,0.020599
2056,4,29,0.15106
2056,4,30,1.1604
2056,5,1,0.16479
2056,5,2,0
2056,5,3,0
2056,5,4,0.054932
2056,5,5,0
2056,5,6,0.034332
2056,5,7,0
2056,5,8,0.082397
2056,5,9,0.027466
2056,5,10,1.799
2056,5,11,0
2056,5,12,2.1286
2056,5,13,1.9638
2056,5,14,0.74158
2056,5,15,1.4969
2056,5,16,0.45319
2056,5,17,0
2056,5,18,0
2056,5,19,0
2056,5,20,31.345
2056,5,21,3.804
2056,5,22,0
2056,5,23,0
2056,5,24,0
2056,5,25,0
2056,5,26,6.3995
2056,5,27,0
2056,5,28,0.054932
2056,5,29,0
2056,5,30,0
2056,5,31,0
2056,6,1,0
2056,6,2,0
2056,6,3,0.90637
2056,6,4,0
2056,6,5,0
2056,6,6,0
2056,6,7,0
2056,6,8,9.9426
2056,6,9,1.593
2056,6,10,0.1236
2056,6,11,0.034332
2056,6,12,0
2056,6,13,0
2056,6,14,0
2056,6,15,0
2056,6,16,0
2056,6,17,0
2056,6,18,1.8402
2056,6,19,6.2622
2056,6,20,0
2056,6,21,0.013733
2056,6,22,0
2056,6,23,0
2056,6,24,0
2056,6,25,0
2056,6,26,0
2056,6,27,0
2056,6,28,0
2056,6,29,0
2056,6,30,0
2056,7,1,0
2056,7,2,10.849
2056,7,3,0
2056,7,4,0
2056,7,5,0
2056,7,6,0.70038
2056,7,7,0
2056,7,8,0.68665
2056,7,9,0
2056,7,10,0
2056,7,11,3.8177
2056,7,12,10.89
2056,7,13,0
2056,7,14,0.46692
2056,7,15,0.09613
2056,7,16,0
2056,7,17,0
2056,7,18,0.99564
2056,7,19,0
2056,7,20,0
2056,7,21,0
2056,7,22,0
2056,7,23,0.23346
2056,7,24,0
2056,7,25,0
2056,7,26,0.48752
2056,7,27,0.31586
2056,7,28,7.196
2056,7,29,0.59052
2056,7,30,0
2056,7,31,0
2056,8,1,0
2056,8,2,0
2056,8,3,2.4307
2056,8,4,0
2056,8,5,0
2056,8,6,0
2056,8,7,0
2056,8,8,1.181
2056,8,9,0
2056,8,10,0
2056,8,11,0.068665
2056,8,12,0
2056,8,13,0.89264
2056,8,14,0
2056,8,15,0
2056,8,16,0
2056,8,17,0
2056,8,18,0
2056,8,19,0
2056,8,20,0
2056,8,21,0
2056,8,22,0
2056,8,23,0
2056,8,24,0
2056,8,25,0
2056,8,26,0
2056,8,27,0
2056,8,28,0
2056,8,29,0
2056,8,30,0.034332
2056,8,31,0
2056,9,1,0
2056,9,2,0.027466
2056,9,3,0
2056,9,4,0.09613
2056,9,5,0
2056,9,6,0
2056,9,7,0
2056,9,8,0
2056,9,9,0.37079
2056,9,10,0
2056,9,11,0.068665
2056,9,12,3.3646
2056,9,13,0.041199
2056,9,14,0.027466
2056,9,15,0.54932
2056,9,16,0
2056,9,17,0
2056,9,18,0.42572
2056,9,19,0.70038
2056,9,20,2.4719
2056,9,21,0.41199
2056,9,22,0.027466
2056,9,23,0.041199
2056,9,24,0.10986
2056,9,25,6.2485
2056,9,26,1.9775
2056,9,27,0
2056,9,28,0
2056,9,29,0
2056,9,30,1.4694
2056,10,1,54.643
2056,10,2,0.35706
2056,10,3,32.19
2056,10,4,0
2056,10,5,0
2056,10,6,0.013733
2056,10,7,2.4719
2056,10,8,0
2056,10,9,0.054932
2056,10,10,31.778
2056,10,11,1.5518
2056,10,12,0
2056,10,13,0.0068665
2056,10,14,0
2056,10,15,0
2056,10,16,0.09613
2056,10,17,0
2056,10,18,0
2056,10,19,0
2056,10,20,0.082397
2056,10,21,2.1286
2056,10,22,0.52185
2056,10,23,0.082397
2056,10,24,0.60425
2056,10,25,0.013733
2056,10,26,0
2056,10,27,0.34332
2056,10,28,0
2056,10,29,0
2056,10,30,0
2056,10,31,0.027466
2056,11,1,1.6891
2056,11,2,0.46692
2056,11,3,1.0025
2056,11,4,0
2056,11,5,0
2056,11,6,0
2056,11,7,0
2056,11,8,0.57678
2056,11,9,0.21973
2056,11,10,1.7853
2056,11,11,148.58
2056,11,12,16.191
2056,11,13,0
2056,11,14,2.005
2056,11,15,1.9501
2056,11,16,59.381
2056,11,17,0.27466
2056,11,18,6.6879
2056,11,19,0.068665
2056,11,20,0.26093
2056,11,21,0.17853
2056,11,22,0
2056,11,23,0
2056,11,24,0
2056,11,25,0
2056,11,26,1.3733
2056,11,27,1.593
2056,11,28,11.755
2056,11,29,8.0887
2056,11,30,0.30212
2056,12,1,0.86517
2056,12,2,6.3721
2056,12,3,0.31586
2056,12,4,0.041199
2056,12,5,7.0038
2056,12,6,0.24719
2056,12,7,0
2056,12,8,0
2056,12,9,0
2056,12,10,0.31586
2056,12,11,1.9363
2056,12,12,0.46692
2056,12,13,0
2056,12,14,0
2056,12,15,0
2056,12,16,0.24719
2056,12,17,1.9501
2056,12,18,20.517
2056,12,19,5.0812
2056,12,20,0.89264
2056,12,21,0.21973
2056,12,22,5.3833
2056,12,23,0
2056,12,24,0
2056,12,25,0
2056,12,26,0
2056,12,27,0.10986
2056,12,28,1.6068
2056,12,29,12.209
2056,12,30,3.6392
2056,12,31,0.30212
2057,1,1,2.7328
2057,1,2,1.236
2057,1,3,8.2947
2057,1,4,51.155
2057,1,5,7.3883
2057,1,6,0
2057,1,7,0.027466
2057,1,8,3.1174
2057,1,9,0.37079
2057,1,10,0
2057,1,11,0
2057,1,12,1.0574
2057,1,13,0
2057,1,14,1.4008
2057,1,15,0.65918
2057,1,16,1.1261
2057,1,17,0.013733
2057,1,18,0.27466
2057,1,19,0.054932
2057,1,20,0.027466
2057,1,21,0
2057,1,22,0
2057,1,23,0.16479
2057,1,24,0
2057,1,25,0
2057,1,26,0.64545
2057,1,27,10.382
2057,1,28,19.892
2057,1,29,12.003
2057,1,30,20.27
2057,1,31,42.572
2057,2,1,0.28839
2057,2,2,0.67291
2057,2,3,2.1149
2057,2,4,2.8702
2057,2,5,1.3321
2057,2,6,0.013733
2057,2,7,0.48752
2057,2,8,0.041199
2057,2,9,0
2057,2,10,0
2057,2,11,2.9663
2057,2,12,4.0237
2057,2,13,0
2057,2,14,1.0712
2057,2,15,0
2057,2,16,2.4033
2057,2,17,0.013733
2057,2,18,1.6479
2057,2,19,6.8665
2057,2,20,1.1261
2057,2,21,1.3321
2057,2,22,0.70038
2057,2,23,0.09613
2057,2,24,6.4819
2057,2,25,0.16479
2057,2,26,0
2057,2,27,0.082397
2057,2,28,0
2057,3,1,0
2057,3,2,0
2057,3,3,3.0762
2057,3,4,0.10986
2057,3,5,0.0068665
2057,3,6,0.26779
2057,3,7,0
2057,3,8,0.38452
2057,3,9,6.3171
2057,3,10,5.1224
2057,3,11,5.4108
2057,3,12,2.8839
2057,3,13,0.054932
2057,3,14,0
2057,3,15,0
2057,3,16,0
2057,3,17,1.3184
2057,3,18,0.68665
2057,3,19,0
2057,3,20,0
2057,3,21,0
2057,3,22,0
2057,3,23,0
2057,3,24,0
2057,3,25,0
2057,3,26,0
2057,3,27,0
2057,3,28,0
2057,3,29,0.32959
2057,3,30,4.3945
2057,3,31,0.17853
2057,4,1,1.0574
2057,4,2,1.2772
2057,4,3,0
2057,4,4,0.082397
2057,4,5,0.61798
2057,4,6,0.013733
2057,4,7,0
2057,4,8,0
2057,4,9,0
2057,4,10,0
2057,4,11,0
2057,4,12,0.16479
2057,4,13,0
2057,4,14,0
2057,4,15,23.497
2057,4,16,35.637
2057,4,17,34.923
2057,4,18,6.6742
2057,4,19,3.1998
2057,4,20,0
2057,4,21,0
2057,4,22,8.3633
2057,4,23,5.9052
2057,4,24,0
2057,4,25,0
2057,4,26,0.082397
2057,4,27,0.46692
2057,4,28,0.09613
2057,4,29,0.041199
2057,4,30,0.19913
2057,5,1,1.3115
2057,5,2,0.49438
2057,5,3,0
2057,5,4,0.16479
2057,5,5,7.3059
2057,5,6,1.6068
2057,5,7,0
2057,5,8,0.054932
2057,5,9,0.30899
2057,5,10,0
2057,5,11,19.872
2057,5,12,1.6754
2057,5,13,57.28
2057,5,14,0.48065
2057,5,15,0
2057,5,16,0.041199
2057,5,17,0.048065
2057,5,18,2.7054
2057,5,19,14.021
2057,5,20,0
2057,5,21,0
2057,5,22,0.39825
2057,5,23,0
2057,5,24,12.263
2057,5,25,3.7216
2057,5,26,0
2057,5,27,0
2057,5,28,0.43259
2057,5,29,0.19226
2057,5,30,0.21973
2057,5,31,0
2057,6,1,0
2057,6,2,0
2057,6,3,0
2057,6,4,0
2057,6,5,0.10986
2057,6,6,0.83771
2057,6,7,0.43945
2057,6,8,0.16479
2057,6,9,0.61798
2057,6,10,7.3196
2057,6,11,6.8253
2057,6,12,12.195
2057,6,13,6.4819
2057,6,14,0
2057,6,15,0.082397
2057,6,16,0.97504
2057,6,17,0.63171
2057,6,18,0
2057,6,19,0
2057,6,20,0
2057,6,21,0.24719
2057,6,22,0
2057,6,23,0
2057,6,24,0
2057,6,25,3.6324
2057,6,26,0
2057,6,27,0
2057,6,28,0
2057,6,29,0
2057,6,30,0
2057,7,1,0
2057,7,2,0.1236
2057,7,3,0.27466
2057,7,4,0.054932
2057,7,5,0.027466
2057,7,6,4.6555
2057,7,7,2.3209
2057,7,8,0.27466
2057,7,9,3.804
2057,7,10,17.633
2057,7,11,0.63171
2057,7,12,0
2057,7,13,0
2057,7,14,0
2057,7,15,0
2057,7,16,0.103
2057,7,17,0.013733
2057,7,18,6.9214
2057,7,19,0
2057,7,20,0
2057,7,21,0
2057,7,22,0
2057,7,23,0
2057,7,24,0
2057,7,25,0
2057,7,26,0
2057,7,27,0
2057,7,28,0
2057,7,29,0
2057,7,30,0.027466
2057,7,31,4.6692
2057,8,1,4.2297
2057,8,2,4.628
2057,8,3,14.378
2057,8,4,0
2057,8,5,0
2057,8,6,0
2057,8,7,0.89951
2057,8,8,0
2057,8,9,0
2057,8,10,0
2057,8,11,0.54932
2057,8,12,0
2057,8,13,0.041199
2057,8,14,0
2057,8,15,0
2057,8,16,0
2057,8,17,0
2057,8,18,0
2057,8,19,0.53558
2057,8,20,0.39825
2057,8,21,0.082397
2057,8,22,5.6992
2057,8,23,0
2057,8,24,0
2057,8,25,0
2057,8,26,0
2057,8,27,0
2057,8,28,0
2057,8,29,0
2057,8,30,0
2057,8,31,0
2057,9,1,2.1835
2057,9,2,1.5381
2057,9,3,0
2057,9,4,0
2057,9,5,0
2057,9,6,1.3046
2057,9,7,0.19226
2057,9,8,0
2057,9,9,0
2057,9,10,0
2057,9,11,0
2057,9,12,15.8
2057,9,13,3.4744
2057,9,14,0
2057,9,15,0
2057,9,16,0
2057,9,17,0
2057,9,18,0
2057,9,19,0
2057,9,20,0
2057,9,21,0
2057,9,22,0
2057,9,23,0
2057,9,24,17.921
2057,9,25,21.698
2057,9,26,28.88
2057,9,27,0
2057,9,28,27.452
2057,9,29,0.74158
2057,9,30,22.426
2057,10,1,0
2057,10,2,0
2057,10,3,0
2057,10,4,1.8127
2057,10,5,0
2057,10,6,0
2057,10,7,0.054932
2057,10,8,5.3558
2057,10,9,0.027466
2057,10,10,0.46692
2057,10,11,0
2057,10,12,0
2057,10,13,0
2057,10,14,0.013733
2057,10,15,0.65918
2057,10,16,0.75531
2057,10,17,47.049
2057,10,18,8.9676
2057,10,19,0.23346
2057,10,20,0.13733
2057,10,21,0.19226
2057,10,22,0
2057,10,23,0.013733
2057,10,24,1.4832
2057,10,25,0
2057,10,26,0.97504
2057,10,27,0.35706
2057,10,28,0.027466
2057,10,29,0.027466
2057,10,30,0
2057,10,31,0
2057,11,1,0
2057,11,2,0.34332
2057,11,3,0.027466
2057,11,4,0
2057,11,5,0
2057,11,6,0
2057,11,7,0
2057,11,8,0
2057,11,9,0
2057,11,10,0.16479
2057,11,11,0.74158
2057,11,12,0.24719
2057,11,13,0.054932
2057,11,14,0
2057,11,15,0
2057,11,16,0
2057,11,17,0.013733
2057,11,18,7.0313
2057,11,19,23.579
2057,11,20,25.818
2057,11,21,0
2057,11,22,0
2057,11,23,0.027466
2057,11,24,0.63171
2057,11,25,0
2057,11,26,0
2057,11,27,0.19226
2057,11,28,0.35706
2057,11,29,0.1236
2057,11,30,0.054932
2057,12,1,1.5656
2057,12,2,0.013733
2057,12,3,5.3009
2057,12,4,0.53558
2057,12,5,0.72784
2057,12,6,21.78
2057,12,7,38.507
2057,12,8,24.225
2057,12,9,3.8727
2057,12,10,0.054932
2057,12,11,0.027466
2057,12,12,0
2057,12,13,0
2057,12,14,7.4982
2057,12,15,9.668
2057,12,16,0
2057,12,17,0
2057,12,18,0.19226
2057,12,19,0.65918
2057,12,20,0
2057,12,21,0
2057,12,22,0
2057,12,23,0
2057,12,24,0
2057,12,25,0
2057,12,26,0
2057,12,27,0
2057,12,28,0
2057,12,29,0
2057,12,30,2.0599
2057,12,31,5.3009
2058,1,1,1.6068
2058,1,2,0.16479
2058,1,3,0.74158
2058,1,4,0.054932
2058,1,5,4.5456
2058,1,6,3.6667
2058,1,7,1.442
2058,1,8,0.30212
2058,1,9,5.2734
2058,1,10,0.027466
2058,1,11,0
2058,1,12,0
2058,1,13,0
2058,1,14,0.15106
2058,1,15,3.9001
2058,1,16,0.082397
2058,1,17,12.112
2058,1,18,0.39825
2058,1,19,5.658
2058,1,20,0.027466
2058,1,21,0.68665
2058,1,22,0.60425
2058,1,23,0.30212
2058,1,24,1.4008
2058,1,25,0.013733
2058,1,26,0
2058,1,27,0.68665
2058,1,28,3.3371
2058,1,29,0.16479
2058,1,30,5.5618
2058,1,31,1.03
2058,2,1,1.4008
2058,2,2,3.6804
2058,2,3,0
2058,2,4,2.3346
2058,2,5,0.027466
2058,2,6,0
2058,2,7,0.054932
2058,2,8,0.068665
2058,2,9,0.13733
2058,2,10,0
2058,2,11,0
2058,2,12,6.6467
2058,2,13,0.9613
2058,2,14,0
2058,2,15,0
2058,2,16,0
2058,2,17,0.054932
2058,2,18,0.013733
2058,2,19,0
2058,2,20,0
2058,2,21,0
2058,2,22,0
2058,2,23,0
2058,2,24,0
2058,2,25,0
2058,2,26,0.43945
2058,2,27,0
2058,2,28,0.013733
2058,3,1,0.054932
2058,3,2,0
2058,3,3,0.46692
2058,3,4,4.8752
2058,3,5,1.8539
2058,3,6,0.38452
2058,3,7,1.4832
2058,3,8,0.41199
2058,3,9,0.09613
2058,3,10,0
2058,3,11,0
2058,3,12,0
2058,3,13,0
2058,3,14,0
2058,3,15,0
2058,3,16,8.1573
2058,3,17,0.10986
2058,3,18,0
2058,3,19,0.013733
2058,3,20,25.461
2058,3,21,35.912
2058,3,22,0
2058,3,23,0
2058,3,24,0
2058,3,25,0
2058,3,26,0
2058,3,27,0
2058,3,28,0
2058,3,29,0.16479
2058,3,30,0.027466
2058,3,31,0.82397
2058,4,1,8.2947
2058,4,2,0.57678
2058,4,3,0.41199
2058,4,4,0.46692
2058,4,5,0
2058,4,6,0
2058,4,7,0
2058,4,8,0
2058,4,9,0.013733
2058,4,10,0
2058,4,11,0
2058,4,12,0
2058,4,13,0
2058,4,14,0
2058,4,15,5.0537
2058,4,16,25.461
2058,4,17,4.5181
2058,4,18,21.423
2058,4,19,0.43259
2058,4,20,0.013733
2058,4,21,0
2058,4,22,0
2058,4,23,0
2058,4,24,0
2058,4,25,0.16479
2058,4,26,0.09613
2058,4,27,3.6804
2058,4,28,0
2058,4,29,0
2058,4,30,0.48065
2058,5,1,0
2058,5,2,0.068665
2058,5,3,0
2058,5,4,1.6617
2058,5,5,76.74
2058,5,6,14.584
2058,5,7,2.3895
2058,5,8,0.35706
2058,5,9,2.623
2058,5,10,3.3646
2058,5,11,0.17853
2058,5,12,0
2058,5,13,0.31586
2058,5,14,7.7866
2058,5,15,0
2058,5,16,0.88577
2058,5,17,0
2058,5,18,0
2058,5,19,4.5044
2058,5,20,11.11
2058,5,21,1.6342
2058,5,22,0.1236
2058,5,23,0
2058,5,24,6.7291
2058,5,25,0
2058,5,26,0
2058,5,27,0
2058,5,28,0
2058,5,29,0
2058,5,30,0
2058,5,31,0
2058,6,1,0.013733
2058,6,2,0
2058,6,3,0
2058,6,4,1.3046
2058,6,5,1.5656
2058,6,6,0
2058,6,7,0
2058,6,8,0.068665
2058,6,9,0.027466
2058,6,10,84.787
2058,6,11,6.1523
2058,6,12,1.7303
2058,6,13,0
2058,6,14,0
2058,6,15,0
2058,6,16,0
2058,6,17,0
2058,6,18,0
2058,6,19,0
2058,6,20,0
2058,6,21,0.9201
2058,6,22,2.1149
2058,6,23,25.035
2058,6,24,43.039
2058,6,25,20.462
2058,6,26,0
2058,6,27,0
2058,6,28,32.726
2058,6,29,0
2058,6,30,0
2058,7,1,0
2058,7,2,0
2058,7,3,0.013733
2058,7,4,0
2058,7,5,0.013733
2058,7,6,0.054932
2058,7,7,1.8127
2058,7,8,9.7229
2058,7,9,0
2058,7,10,0
2058,7,11,0
2058,7,12,0
2058,7,13,0.68665
2058,7,14,0
2058,7,15,0
2058,7,16,0
2058,7,17,0
2058,7,18,0
2058,7,19,0
2058,7,20,1.0162
2058,7,21,0.28839
2058,7,22,0
2058,7,23,0.75531
2058,7,24,4.3533
2058,7,25,0
2058,7,26,0
2058,7,27,0
2058,7,28,0
2058,7,29,0
2058,7,30,0.78278
2058,7,31,0.85144
2058,8,1,2.7191
2058,8,2,0
2058,8,3,0
2058,8,4,0
2058,8,5,0
2058,8,6,0
2058,8,7,0
2058,8,8,0
2058,8,9,0
2058,8,10,0.87891
2058,8,11,5.9189
2058,8,12,0
2058,8,13,0
2058,8,14,0
2058,8,15,0
2058,8,16,0
2058,8,17,0
2058,8,18,0
2058,8,19,0
2058,8,20,0
2058,8,21,0
2058,8,22,2.1423
2058,8,23,9.4208
2058,8,24,0
2058,8,25,0
2058,8,26,0
2058,8,27,1.6754
2058,8,28,0.32959
2058,8,29,1.0849
2058,8,30,1.7303
2058,8,31,0.41199
2058,9,1,3.4332
2058,9,2,0
2058,9,3,0
2058,9,4,0
2058,9,5,0.013733
2058,9,6,3.6118
2058,9,7,0
2058,9,8,1.0437
2058,9,9,0
2058,9,10,63.762
2058,9,11,37.354
2058,9,12,0
2058,9,13,0
2058,9,14,0
2058,9,15,0
2058,9,16,0.013733
2058,9,17,0.027466
2058,9,18,0.10986
2058,9,19,0
2058,9,20,0
2058,9,21,0
2058,9,22,0.56305
2058,9,23,0
2058,9,24,0.27466
2058,9,25,0
2058,9,26,0
2058,9,27,0
2058,9,28,0.013733
2058,9,29,52
2058,9,30,5.8228
2058,10,1,0.054932
2058,10,2,0
2058,10,3,3.7628
2058,10,4,0
2058,10,5,0.46692
2058,10,6,0.75531
2058,10,7,0
2058,10,8,0
2058,10,9,0
2058,10,10,0
2058,10,11,2.9526
2058,10,12,3.9139
2058,10,13,1.3321
2058,10,14,0
2058,10,15,0.61798
2058,10,16,0
2058,10,17,0
2058,10,18,0.76904
2058,10,19,0.19913
2058,10,20,0
2058,10,21,0.57678
2058,10,22,0
2058,10,23,0
2058,10,24,0.13733
2058,10,25,1.3458
2058,10,26,0
2058,10,27,0.027466
2058,10,28,0
2058,10,29,0
2058,10,30,0.19226
2058,10,31,1.6342
2058,11,1,0.34332
2058,11,2,9.3109
2058,11,3,0.27466
2058,11,4,0.79651
2058,11,5,0.013733
2058,11,6,0.35706
2058,11,7,1.4969
2058,11,8,6.4819
2058,11,9,28.592
2058,11,10,3.0487
2058,11,11,8.3633
2058,11,12,2.3895
2058,11,13,59.422
2058,11,14,0.74158
2058,11,15,31.393
2058,11,16,6.2759
2058,11,17,0
2058,11,18,0
2058,11,19,0
2058,11,20,0
2058,11,21,15.511
2058,11,22,9.9564
2058,11,23,0.041199
2058,11,24,1.0712
2058,11,25,0
2058,11,26,0.13733
2058,11,27,7.4707
2058,11,28,1.3321
2058,11,29,1.1261
2058,11,30,0.17853
2058,12,1,0
2058,12,2,0
2058,12,3,0
2058,12,4,0
2058,12,5,0
2058,12,6,0
2058,12,7,0
2058,12,8,0
2058,12,9,0
2058,12,10,0
2058,12,11,0.013733
2058,12,12,0
2058,12,13,0
2058,12,14,1.9363
2058,12,15,0
2058,12,16,1.2634
2058,12,17,0
2058,12,18,0
2058,12,19,0
2058,12,20,0
2058,12,21,0
2058,12,22,0
2058,12,23,0.35706
2058,12,24,5.3833
2058,12,25,4.3533
2058,12,26,0.68665
2058,12,27,0.027466
2058,12,28,1.6754
2058,12,29,0
2058,12,30,0.93384
2058,12,31,6.8665
2059,1,1,0
2059,1,2,0
2059,1,3,0
2059,1,4,0
2059,1,5,0
2059,1,6,0.027466
2059,1,7,0.013733
2059,1,8,0
2059,1,9,0.26093
2059,1,10,1.3184
2059,1,11,0
2059,1,12,0
2059,1,13,0.93384
2059,1,14,0
2059,1,15,0.027466
2059,1,16,6.2485
2059,1,17,0
2059,1,18,1.7715
2059,1,19,0
2059,1,20,1.6754
2059,1,21,2.2247
2059,1,22,7.8827
2059,1,23,0
2059,1,24,0.30212
2059,1,25,0.20599
2059,1,26,0
2059,1,27,0
2059,1,28,0.35706
2059,1,29,1.4145
2059,1,30,0.46692
2059,1,31,0.28839
2059,2,1,0.054932
2059,2,2,0.24719
2059,2,3,0.39139
2059,2,4,0.65918
2059,2,5,0.1236
2059,2,6,0.041199
2059,2,7,0
2059,2,8,5.6992
2059,2,9,0
2059,2,10,0
2059,2,11,0
2059,2,12,0
2059,2,13,0.35706
2059,2,14,0
2059,2,15,0
2059,2,16,0
2059,2,17,0
2059,2,18,0
2059,2,19,0
2059,2,20,0
2059,2,21,0
2059,2,22,0.0068665
2059,2,23,2.2797
2059,2,24,0
2059,2,25,0.38452
2059,2,26,2.774
2059,2,27,38.947
2059,2,28,0
2059,3,1,0
2059,3,2,0
2059,3,3,0
2059,3,4,0.054932
2059,3,5,0.60425
2059,3,6,4.5937
2059,3,7,0
2059,3,8,0.17853
2059,3,9,2.5406
2059,3,10,2.5406
2059,3,11,0.50812
2059,3,12,4.1199
2059,3,13,0
2059,3,14,0
2059,3,15,0.25406
2059,3,16,3.8452
2059,3,17,0
2059,3,18,0
2059,3,19,0
2059,3,20,0
2059,3,21,0
2059,3,22,0
2059,3,23,0
2059,3,24,0
2059,3,25,0.041199
2059,3,26,0
2059,3,27,0
2059,3,28,0
2059,3,29,0
2059,3,30,0
2059,3,31,0
2059,4,1,0
2059,4,2,0
2059,4,3,0
2059,4,4,0.082397
2059,4,5,0.041199
2059,4,6,0
2059,4,7,0
2059,4,8,0
2059,4,9,0
2059,4,10,0.068665
2059,4,11,0.17166
2059,4,12,1.2772
2059,4,13,0
2059,4,14,0
2059,4,15,0
2059,4,16,15.367
2059,4,17,1.5038
2059,4,18,54.121
2059,4,19,18.43
2059,4,20,0
2059,4,21,0
2059,4,22,0
2059,4,23,0
2059,4,24,0
2059,4,25,0.013733
2059,4,26,0.082397
2059,4,27,0.041199
2059,4,28,0.041199
2059,4,29,0
2059,4,30,0
2059,5,1,0
2059,5,2,0.44632
2059,5,3,0
2059,5,4,0
2059,5,5,0
2059,5,6,0
2059,5,7,0
2059,5,8,0.27466
2059,5,9,0
2059,5,10,0
2059,5,11,0
2059,5,12,0
2059,5,13,0
2059,5,14,1.1398
2059,5,15,2.6505
2059,5,16,0
2059,5,17,2.2934
2059,5,18,0
2059,5,19,0
2059,5,20,0
2059,5,21,0
2059,5,22,0
2059,5,23,0
2059,5,24,0
2059,5,25,0.027466
2059,5,26,0
2059,5,27,0
2059,5,28,1.236
2059,5,29,0.30212
2059,5,30,0
2059,5,31,0
2059,6,1,0
2059,6,2,0
2059,6,3,0
2059,6,4,2.2797
2059,6,5,4.422
2059,6,6,0
2059,6,7,0
2059,6,8,0.054932
2059,6,9,0.42572
2059,6,10,0.60425
2059,6,11,0.013733
2059,6,12,0.71411
2059,6,13,0.09613
2059,6,14,2.7054
2059,6,15,0.67291
2059,6,16,0.054932
2059,6,17,10.025
2059,6,18,0.93384
2059,6,19,7.0999
2059,6,20,0.10986
2059,6,21,0
2059,6,22,0
2059,6,23,0
2059,6,24,0
2059,6,25,0
2059,6,26,0
2059,6,27,0.054932
2059,6,28,1.1398
2059,6,29,0
2059,6,30,0
2059,7,1,0
2059,7,2,0
2059,7,3,0
2059,7,4,0
2059,7,5,0
2059,7,6,0
2059,7,7,0
2059,7,8,0
2059,7,9,1.9638
2059,7,10,0
2059,7,11,0
2059,7,12,2.5681
2059,7,13,0.13733
2059,7,14,1.4832
2059,7,15,0
2059,7,16,0
2059,7,17,0
2059,7,18,0
2059,7,19,0
2059,7,20,0
2059,7,21,0
2059,7,22,0
2059,7,23,0.013733
2059,7,24,0
2059,7,25,0
2059,7,26,0
2059,7,27,0
2059,7,28,0
2059,7,29,0
2059,7,30,0
2059,7,31,0
2059,8,1,0
2059,8,2,0
2059,8,3,0
2059,8,4,0
2059,8,5,2.0531
2059,8,6,0
2059,8,7,0
2059,8,8,1.5862
2059,8,9,0.41199
2059,8,10,0.054932
2059,8,11,0.0068665
2059,8,12,2.3415
2059,8,13,0
2059,8,14,1.236
2059,8,15,18.924
2059,8,16,1.799
2059,8,17,7.5119
2059,8,18,0
2059,8,19,0
2059,8,20,0
2059,8,21,0
2059,8,22,0
2059,8,23,0
2059,8,24,21.368
2059,8,25,9.8053
2059,8,26,0
2059,8,27,0
2059,8,28,15.161
2059,8,29,0
2059,8,30,0
2059,8,31,0
2059,9,1,0
2059,9,2,0.013733
2059,9,3,0
2059,9,4,0
2059,9,5,0
2059,9,6,0
2059,9,7,0
2059,9,8,0.15106
2059,9,9,0.46692
2059,9,10,0
2059,9,11,0
2059,9,12,0
2059,9,13,0
2059,9,14,0
2059,9,15,0
2059,9,16,0
2059,9,17,0.38452
2059,9,18,5.7953
2059,9,19,0.79651
2059,9,20,0
2059,9,21,0
2059,9,22,0.17853
2059,9,23,0.24719
2059,9,24,1.8677
2059,9,25,76.753
2059,9,26,0
2059,9,27,0
2059,9,28,0.013733
2059,9,29,0.013733
2059,9,30,2.211
2059,10,1,28.4
2059,10,2,0.35706
2059,10,3,2.1973
2059,10,4,0
2059,10,5,1.6754
2059,10,6,0
2059,10,7,0
2059,10,8,0
2059,10,9,0.041199
2059,10,10,0
2059,10,11,0
2059,10,12,0
2059,10,13,0
2059,10,14,0
2059,10,15,0
2059,10,16,0
2059,10,17,0
2059,10,18,0
2059,10,19,0
2059,10,20,0.60425
2059,10,21,0
2059,10,22,0
2059,10,23,0.054932
2059,10,24,1.8127
2059,10,25,6.3171
2059,10,26,5.246
2059,10,27,0
2059,10,28,23.016
2059,10,29,17.166
2059,10,30,1.3046
2059,10,31,0
2059,11,1,2.6093
2059,11,2,1.4557
2059,11,3,43.011
2059,11,4,27.081
2059,11,5,52.185
2059,11,6,10.464
2059,11,7,10.959
2059,11,8,19.034
2059,11,9,25.104
2059,11,10,8.6105
2059,11,11,0.46692
2059,11,12,0.82397
2059,11,13,28.51
2059,11,14,27.507
2059,11,15,0
2059,11,16,12.167
2059,11,17,11.371
2059,11,18,0.054932
2059,11,19,0
2059,11,20,1.3458
2059,11,21,19.638
2059,11,22,0.1236
2059,11,23,0
2059,11,24,0.054932
2059,11,25,0.013733
2059,11,26,0.0068665
2059,11,27,0
2059,11,28,0
2059,11,29,0
2059,11,30,1.0986
2059,12,1,0
2059,12,2,0
2059,12,3,2.9457
2059,12,4,0.13733
2059,12,5,0
2059,12,6,0
2059,12,7,5.7953
2059,12,8,26.683
2059,12,9,4.5319
2059,12,10,0.63171
2059,12,11,0.71411
2059,12,12,14.2
2059,12,13,0
2059,12,14,0
2059,12,15,1.2909
2059,12,16,0.46692
2059,12,17,23.882
2059,12,18,0
2059,12,19,6.4545
2059,12,20,0.027466
2059,12,21,11.948
2059,12,22,0.38452
2059,12,23,0.17853
2059,12,24,0.082397
2059,12,25,7.9376
2059,12,26,0
2059,12,27,0
2059,12,28,0
2059,12,29,0
2059,12,30,4.6005
2059,12,31,0
2060,1,1,6.0013
2060,1,2,7.251
2060,1,3,0.63171
2060,1,4,17.825
2060,1,5,0
2060,1,6,0
2060,1,7,0
2060,1,8,0
2060,1,9,9.7916
2060,1,10,5.8502
2060,1,11,1.0986
2060,1,12,0.13733
2060,1,13,0.98877
2060,1,14,0
2060,1,15,0
2060,1,16,0.10986
2060,1,17,7.0862
2060,1,18,0.32959
2060,1,19,1.0712
2060,1,20,0
2060,1,21,0
2060,1,22,3.3508
2060,1,23,1.8127
2060,1,24,10.904
2060,1,25,0.59052
2060,1,26,0
2060,1,27,0
2060,1,28,0
2060,1,29,0
2060,1,30,0
2060,1,31,0.35706
2060,2,1,1.2085
2060,2,2,18.073
2060,2,3,35.005
2060,2,4,45.909
2060,2,5,25.117
2060,2,6,7.7454
2060,2,7,16.631
2060,2,8,109.04
2060,2,9,48.257
2060,2,10,1.7303
2060,2,11,0.41199
2060,2,12,0.27466
2060,2,13,3.8177
2060,2,14,0
2060,2,15,0
2060,2,16,0
2060,2,17,0.32959
2060,2,18,0
2060,2,19,0.78278
2060,2,20,2.3071
2060,2,21,6.8115
2060,2,22,0.041199
2060,2,23,2.3621
2060,2,24,0.97504
2060,2,25,0.45319
2060,2,26,31.833
2060,2,27,11.92
2060,2,28,0.054932
2060,2,29,0
2060,3,1,0
2060,3,2,0.013733
2060,3,3,0.027466
2060,3,4,0.24719
2060,3,5,0.09613
2060,3,6,0
2060,3,7,0.78278
2060,3,8,0.16479
2060,3,9,0
2060,3,10,0.027466
2060,3,11,10.753
2060,3,12,6.5369
2060,3,13,0
2060,3,14,0
2060,3,15,0
2060,3,16,0
2060,3,17,0
2060,3,18,0
2060,3,19,0.24719
2060,3,20,0.98877
2060,3,21,46.472
2060,3,22,2.4719
2060,3,23,1.5106
2060,3,24,36.653
2060,3,25,47.406
2060,3,26,1.181
2060,3,27,2.9526
2060,3,28,2.2247
2060,3,29,0.041199
2060,3,30,0.054932
2060,3,31,3.7903
2060,4,1,0
2060,4,2,0.42572
2060,4,3,0.054932
2060,4,4,27.727
2060,4,5,0.31586
2060,4,6,0.19226
2060,4,7,0.0068665
2060,4,8,32.588
2060,4,9,8.9813
2060,4,10,0.82397
2060,4,11,0
2060,4,12,0
2060,4,13,0.054932
2060,4,14,0
2060,4,15,1.4969
2060,4,16,0.32959
2060,4,17,0.020599
2060,4,18,0.89264
2060,4,19,0
2060,4,20,0
2060,4,21,0
2060,4,22,0.43945
2060,4,23,0
2060,4,24,0
2060,4,25,0.43259
2060,4,26,27.301
2060,4,27,3.3783
2060,4,28,2.5543
2060,4,29,6.2622
2060,4,30,2.2659
2060,5,1,0
2060,5,2,8.7067
2060,5,3,0.23346
2060,5,4,0.013733
2060,5,5,0
2060,5,6,0
2060,5,7,0.24719
2060,5,8,0.068665
2060,5,9,0.013733
2060,5,10,0.041199
2060,5,11,15.23
2060,5,12,0.027466
2060,5,13,0.020599
2060,5,14,0
2060,5,15,0
2060,5,16,0
2060,5,17,0
2060,5,18,0
2060,5,19,0
2060,5,20,0
2060,5,21,0
2060,5,22,0
2060,5,23,0
2060,5,24,0
2060,5,25,1.4832
2060,5,26,0.082397
2060,5,27,0.013733
2060,5,28,0.54932
2060,5,29,0.40512
2060,5,30,3.4607
2060,5,31,0
2060,6,1,0
2060,6,2,0.26093
2060,6,3,0.034332
2060,6,4,0.61111
2060,6,5,0
2060,6,6,0
2060,6,7,0
2060,6,8,0
2060,6,9,0
2060,6,10,0
2060,6,11,0.43945
2060,6,12,0
2060,6,13,2.1835
2060,6,14,1.4145
2060,6,15,0
2060,6,16,0.041199
2060,6,17,1.1673
2060,6,18,0
2060,6,19,0
2060,6,20,0
2060,6,21,0
2060,6,22,0
2060,6,23,0
2060,6,24,0
2060,6,25,0
2060,6,26,0
2060,6,27,0
2060,6,28,0
2060,6,29,0
2060,6,30,0
2060,7,1,0
2060,7,2,0
2060,7,3,0
2060,7,4,0
2060,7,5,0
2060,7,6,0
2060,7,7,0
2060,7,8,0
2060,7,9,0
2060,7,10,0
2060,7,11,0
2060,7,12,0.60425
2060,7,13,0.60425
2060,7,14,0
2060,7,15,0
2060,7,16,0
2060,7,17,0
2060,7,18,0.0068665
2060,7,19,0.24719
2060,7,20,0.034332
2060,7,21,0
2060,7,22,0
2060,7,23,0
2060,7,24,0.027466
2060,7,25,13.204
2060,7,26,0.98877
2060,7,27,0.082397
2060,7,28,0
2060,7,29,1.5656
2060,7,30,0
2060,7,31,0
2060,8,1,0.041199
2060,8,2,0
2060,8,3,0
2060,8,4,0.25406
2060,8,5,5.1842
2060,8,6,0.41199
2060,8,7,0
2060,8,8,0
2060,8,9,0
2060,8,10,0.54932
2060,8,11,6.839
2060,8,12,0.67978
2060,8,13,0
2060,8,14,0
2060,8,15,0
2060,8,16,0.041199
2060,8,17,0.034332
2060,8,18,0.0068665
2060,8,19,0.054932
2060,8,20,3.5294
2060,8,21,6.4819
2060,8,22,0
2060,8,23,0
2060,8,24,0
2060,8,25,4.2297
2060,8,26,0
2060,8,27,0.082397
2060,8,28,0
2060,8,29,0.068665
2060,8,30,0.19226
2060,8,31,0.027466
2060,9,1,0
2060,9,2,0
2060,9,3,0
2060,9,4,0.35706
2060,9,5,43.245
2060,9,6,2.829
2060,9,7,0
2060,9,8,0
2060,9,9,0
2060,9,10,0
2060,9,11,0
2060,9,12,0
2060,9,13,0
2060,9,14,0
2060,9,15,0
2060,9,16,0
2060,9,17,0
2060,9,18,0
2060,9,19,0
2060,9,20,0
2060,9,21,0.0068665
2060,9,22,1.2497
2060,9,23,0
2060,9,24,0
2060,9,25,0.020599
2060,9,26,0.013733
2060,9,27,0
2060,9,28,0
2060,9,29,0
2060,9,30,0
2060,10,1,0.041199
2060,10,2,5.191
2060,10,3,81.23
2060,10,4,122.92
2060,10,5,6.1798
2060,10,6,0
2060,10,7,0
2060,10,8,0
2060,10,9,0
2060,10,10,0.50812
2060,10,11,0.16479
2060,10,12,0
2060,10,13,0.082397
2060,10,14,4.2023
2060,10,15,0.034332
2060,10,16,2.7878
2060,10,17,3.8452
2060,10,18,2.4445
2060,10,19,0
2060,10,20,0
2060,10,21,0
2060,10,22,0
2060,10,23,0
2060,10,24,0.19226
2060,10,25,0
2060,10,26,9.819
2060,10,27,38.521
2060,10,28,0.57678
2060,10,29,0
2060,10,30,15.985
2060,10,31,1.8677
2060,11,1,0.19226
2060,11,2,0
2060,11,3,0.075531
2060,11,4,0
2060,11,5,0.70038
2060,11,6,0.17853
2060,11,7,0
2060,11,8,46.706
2060,11,9,56.456
2060,11,10,0
2060,11,11,0.71411
2060,11,12,0
2060,11,13,0
2060,11,14,0
2060,11,15,0
2060,11,16,0
2060,11,17,0
2060,11,18,0
2060,11,19,0
2060,11,20,0
2060,11,21,0
2060,11,22,0
2060,11,23,0
2060,11,24,0.013733
2060,11,25,0.0068665
2060,11,26,0.027466
2060,11,27,0.15106
2060,11,28,0.16479
2060,11,29,0
2060,11,30,0.082397
2060,12,1,0.63171
2060,12,2,2.0325
2060,12,3,0.027466
2060,12,4,38.837
2060,12,5,28.468
2060,12,6,52.103
2060,12,7,14.117
2060,12,8,0.1236
2060,12,9,4.3121
2060,12,10,13.911
2060,12,11,21.945
2060,12,12,17.345
2060,12,13,52.652
2060,12,14,47.035
2060,12,15,25.639
2060,12,16,24.115
2060,12,17,2.4994
2060,12,18,3.3371
2060,12,19,2.8839
2060,12,20,0
2060,12,21,0
2060,12,22,0
2060,12,23,2.4101
2060,12,24,0.1236
2060,12,25,0.38452
2060,12,26,7.1411
2060,12,27,19.363
2060,12,28,0.76904
2060,12,29,59.601
2060,12,30,0.054932
2060,12,31,24.706
2061,1,1,32.094
2061,1,2,1.7578
2061,1,3,0.30212
2061,1,4,0.054932
2061,1,5,2.1698
2061,1,6,0.23346
2061,1,7,3.6942
2061,1,8,3.0762
2061,1,9,0.20599
2061,1,10,0
2061,1,11,0.21973
2061,1,12,38.15
2061,1,13,1.3458
2061,1,14,0.31586
2061,1,15,13.225
2061,1,16,0
2061,1,17,1.8951
2061,1,18,0.013733
2061,1,19,0.15106
2061,1,20,3.3096
2061,1,21,27.672
2061,1,22,0.082397
2061,1,23,13.019
2061,1,24,0
2061,1,25,0
2061,1,26,0
2061,1,27,1.4282
2061,1,28,0
2061,1,29,0
2061,1,30,0
2061,1,31,2.0325
2061,2,1,9.4482
2061,2,2,0.45319
2061,2,3,2.3346
2061,2,4,7.1411
2061,2,5,0
2061,2,6,0
2061,2,7,0
2061,2,8,0
2061,2,9,0
2061,2,10,0
2061,2,11,0
2061,2,12,0
2061,2,13,0
2061,2,14,0.15106
2061,2,15,1.0025
2061,2,16,0.45319
2061,2,17,5.1636
2061,2,18,2.932
2061,2,19,8.1161
2061,2,20,0
2061,2,21,0.56305
2061,2,22,0.09613
2061,2,23,1.2085
2061,2,24,0.34332
2061,2,25,4.1199
2061,2,26,0.041199
2061,2,27,0.027466
2061,2,28,0.041199
2061,3,1,0
2061,3,2,5.191
2061,3,3,3.6255
2061,3,4,0.013733
2061,3,5,0.54932
2061,3,6,0
2061,3,7,0.034332
2061,3,8,0
2061,3,9,0
2061,3,10,0
2061,3,11,0
2061,3,12,0
2061,3,13,1.4832
2061,3,14,0
2061,3,15,5.2597
2061,3,16,0
2061,3,17,0
2061,3,18,0
2061,3,19,0.027466
2061,3,20,2.2247
2061,3,21,0.041199
2061,3,22,0
2061,3,23,0
2061,3,24,0.013733
2061,3,25,0.19226
2061,3,26,1.7853
2061,3,27,7.9102
2061,3,28,2.3346
2061,3,29,0.1236
2061,3,30,0
2061,3,31,0
2061,4,1,0.0068665
2061,4,2,0.013733
2061,4,3,2.3071
2061,4,4,0
2061,4,5,0
2061,4,6,0
2061,4,7,0
2061,4,8,0.10986
2061,4,9,12.991
2061,4,10,11.426
2061,4,11,0
2061,4,12,0.81024
2061,4,13,0
2061,4,14,0
2061,4,15,0.013733
2061,4,16,9.9152
2061,4,17,3.0762
2061,4,18,0.10986
2061,4,19,0.68665
2061,4,20,1.7715
2061,4,21,0.57678
2061,4,22,9.3933
2061,4,23,1.4282
2061,4,24,0.27466
2061,4,25,4.9438
2061,4,26,0.10986
2061,4,27,0
2061,4,28,12.95
2061,4,29,0.56305
2061,4,30,0
2061,5,1,1.3458
2061,5,2,0
2061,5,3,0
2061,5,4,0
2061,5,5,2.0531
2061,5,6,0.09613
2061,5,7,0
2061,5,8,0.027466
2061,5,9,0.57678
2061,5,10,19.775
2061,5,11,31.091
2061,5,12,23.016
2061,5,13,0.15106
2061,5,14,2.7466
2061,5,15,0.034332
2061,5,16,1.2909
2061,5,17,0
2061,5,18,0.068665
2061,5,19,1.0712
2061,5,20,0.19226
2061,5,21,1.2772
2061,5,22,0.63171
2061,5,23,0
2061,5,24,0.17853
2061,5,25,0
2061,5,26,0.13733
2061,5,27,0
2061,5,28,0
2061,5,29,0
2061,5,30,0.034332
2061,5,31,0.43259
2061,6,1,1.3596
2061,6,2,6.7497
2061,6,3,0
2061,6,4,0
2061,6,5,0
2061,6,6,0
2061,6,7,0
2061,6,8,0
2061,6,9,0
2061,6,10,0
2061,6,11,1.4969
2061,6,12,0
2061,6,13,0
2061,6,14,0
2061,6,15,0.28839
2061,6,16,0
2061,6,17,0
2061,6,18,0
2061,6,19,0.0068665
2061,6,20,0
2061,6,21,0
2061,6,22,0
2061,6,23,0.10986
2061,6,24,0
2061,6,25,0.26093
2061,6,26,2.2522
2061,6,27,0
2061,6,28,0
2061,6,29,0.054932
2061,6,30,0.027466
2061,7,1,0
2061,7,2,0
2061,7,3,0.013733
2061,7,4,0.87891
2061,7,5,0
2061,7,6,0
2061,7,7,0
2061,7,8,0.41199
2061,7,9,0
2061,7,10,0
2061,7,11,0
2061,7,12,0
2061,7,13,0
2061,7,14,0
2061,7,15,0
2061,7,16,0
2061,7,17,0
2061,7,18,0
2061,7,19,0
2061,7,20,0
2061,7,21,10.094
2061,7,22,0
2061,7,23,0
2061,7,24,0
2061,7,25,0
2061,7,26,0
2061,7,27,0
2061,7,28,0
2061,7,29,0
2061,7,30,0
2061,7,31,0
2061,8,1,0.37079
2061,8,2,1.0437
2061,8,3,0
2061,8,4,0.068665
2061,8,5,0.068665
2061,8,6,0
2061,8,7,1.1398
2061,8,8,1.0986
2061,8,9,0.054932
2061,8,10,0
2061,8,11,0
2061,8,12,0
2061,8,13,0.041199
2061,8,14,0.63171
2061,8,15,1.387
2061,8,16,0
2061,8,17,0
2061,8,18,0
2061,8,19,0
2061,8,20,0.48065
2061,8,21,0.054932
2061,8,22,11.295
2061,8,23,2.3621
2061,8,24,0.027466
2061,8,25,0
2061,8,26,0.10986
2061,8,27,0.054932
2061,8,28,0
2061,8,29,0
2061,8,30,0
2061,8,31,0
2061,9,1,0
2061,9,2,0
2061,9,3,0
2061,9,4,0
2061,9,5,1.2634
2061,9,6,0.027466
2061,9,7,0
2061,9,8,0.013733
2061,9,9,0
2061,9,10,6.8665
2061,9,11,7.4982
2061,9,12,43.726
2061,9,13,13.087
2061,9,14,30.693
2061,9,15,3.9551
2061,9,16,0.21973
2061,9,17,0
2061,9,18,0
2061,9,19,0
2061,9,20,0
2061,9,21,0.054932
2061,9,22,0.19226
2061,9,23,0
2061,9,24,0
2061,9,25,0
2061,9,26,0.082397
2061,9,27,0.09613
2061,9,28,0.71411
2061,9,29,1.1536
2061,9,30,3.653
2061,10,1,4.1199
2061,10,2,0.041199
2061,10,3,0.49438
2061,10,4,0
2061,10,5,0
2061,10,6,0
2061,10,7,2.0737
2061,10,8,0.068665
2061,10,9,1.0712
2061,10,10,0.57678
2061,10,11,0.72784
2061,10,12,0
2061,10,13,0
2061,10,14,0
2061,10,15,0.23346
2061,10,16,0.28152
2061,10,17,0
2061,10,18,0.068665
2061,10,19,7.6355
2061,10,20,14.159
2061,10,21,23.058
2061,10,22,2.1286
2061,10,23,0
2061,10,24,0
2061,10,25,1.0574
2061,10,26,14.063
2061,10,27,2.005
2061,10,28,0.26779
2061,10,29,1.1055
2061,10,30,0.76904
2061,10,31,0.013733
2061,11,1,0
2061,11,2,0
2061,11,3,0
2061,11,4,0
2061,11,5,0.041199
2061,11,6,0
2061,11,7,0
2061,11,8,0
2061,11,9,0
2061,11,10,16.548
2061,11,11,2.2247
2061,11,12,7.5256
2061,11,13,0
2061,11,14,4.0855
2061,11,15,0.041199
2061,11,16,0.10986
2061,11,17,0.041199
2061,11,18,0
2061,11,19,0
2061,11,20,63.474
2061,11,21,0
2061,11,22,0
2061,11,23,5.9189
2061,11,24,0.013733
2061,11,25,0.98877
2061,11,26,5.0812
2061,11,27,0.74158
2061,11,28,0.054932
2061,11,29,0.19226
2061,11,30,0.60425
2061,12,1,0.013733
2061,12,2,0
2061,12,3,0
2061,12,4,0.19226
2061,12,5,0.38452
2061,12,6,0.1236
2061,12,7,0
2061,12,8,0.013733
2061,12,9,0
2061,12,10,0
2061,12,11,0
2061,12,12,0.42572
2061,12,13,0.16479
2061,12,14,2.4994
2061,12,15,0.93384
2061,12,16,28.427
2061,12,17,0.52185
2061,12,18,0.19226
2061,12,19,15.079
2061,12,20,1.1261
2061,12,21,8.7891
2061,12,22,0.85144
2061,12,23,0.24719
2061,12,24,1.1261
2061,12,25,1.5793
2061,12,26,16.026
2061,12,27,22.44
2061,12,28,2.3071
2061,12,29,3.9413
2061,12,30,4.422
2061,12,31,15.642
2062,1,1,0.42572
2062,1,2,3.8315
2062,1,3,0.35706
2062,1,4,2.6642
2062,1,5,0.13733
2062,1,6,1.0025
2062,1,7,0.027466
2062,1,8,0.054932
2062,1,9,5.8365
2062,1,10,0.87891
2062,1,11,4.2435
2062,1,12,0
2062,1,13,0.027466
2062,1,14,0
2062,1,15,0.19226
2062,1,16,0
2062,1,17,0
2062,1,18,0
2062,1,19,0
2062,1,20,0.068665
2062,1,21,0.17853
2062,1,22,0
2062,1,23,0
2062,1,24,0
2062,1,25,0.013733
2062,1,26,1.0574
2062,1,27,0
2062,1,28,0.082397
2062,1,29,2.1423
2062,1,30,0.60425
2062,1,31,1.8539
2062,2,1,0.60425
2062,2,2,0.85144
2062,2,3,0
2062,2,4,0.49438
2062,2,5,0.013733
2062,2,6,0.041199
2062,2,7,20.023
2062,2,8,1.9913
2062,2,9,1.7578
2062,2,10,0.068665
2062,2,11,0.027466
2062,2,12,5.3284
2062,2,13,1.0437
2062,2,14,0.34332
2062,2,15,0
2062,2,16,0.63171
2062,2,17,0
2062,2,18,1.9501
2062,2,19,0
2062,2,20,0
2062,2,21,0.068665
2062,2,22,2.0599
2062,2,23,0.16479
2062,2,24,4.8065
2062,2,25,0.1236
2062,2,26,0.054932
2062,2,27,0.068665
2062,2,28,0.42572
2062,3,1,0
2062,3,2,0.16479
2062,3,3,3.8727
2062,3,4,0.39825
2062,3,5,0.10986
2062,3,6,0.46692
2062,3,7,0.26093
2062,3,8,1.9157
2062,3,9,3.8315
2062,3,10,0.32959
2062,3,11,0
2062,3,12,0.10986
2062,3,13,0.38452
2062,3,14,6.9763
2062,3,15,18.567
2062,3,16,2.1149
2062,3,17,0
2062,3,18,0
2062,3,19,0.26093
2062,3,20,0.24033
2062,3,21,2.3346
2062,3,22,10.547
2062,3,23,0.027466
2062,3,24,0.041199
2062,3,25,4.5044
2062,3,26,0
2062,3,27,0
2062,3,28,0
2062,3,29,0
2062,3,30,2.7603
2062,3,31,2.4719
2062,4,1,0.65918
2062,4,2,0.21973
2062,4,3,0
2062,4,4,0
2062,4,5,0
2062,4,6,0
2062,4,7,0
2062,4,8,0
2062,4,9,0
2062,4,10,3.4882
2062,4,11,0
2062,4,12,1.9226
2062,4,13,0
2062,4,14,1.9089
2062,4,15,1.8402
2062,4,16,11.082
2062,4,17,8.7891
2062,4,18,0.19226
2062,4,19,1.1948
2062,4,20,11.069
2062,4,21,5.8502
2062,4,22,0
2062,4,23,0.013733
2062,4,24,0
2062,4,25,0
2062,4,26,0
2062,4,27,0
2062,4,28,0
2062,4,29,0
2062,4,30,0.75531
2062,5,1,11.261
2062,5,2,0
2062,5,3,0
2062,5,4,0
2062,5,5,0.027466
2062,5,6,0.59052
2062,5,7,0
2062,5,8,0
2062,5,9,0
2062,5,10,82.233
2062,5,11,17.688
2062,5,12,1.5381
2062,5,13,0
2062,5,14,0.013733
2062,5,15,0
2062,5,16,0.85144
2062,5,17,16.754
2062,5,18,6.7566
2062,5,19,34.415
2062,5,20,13.458
2062,5,21,0.041199
2062,5,22,0
2062,5,23,0
2062,5,24,0
2062,5,25,0.48065
2062,5,26,0
2062,5,27,0
2062,5,28,0.013733
2062,5,29,0.42572
2062,5,30,0
2062,5,31,44.357
2062,6,1,23.14
2062,6,2,0.57678
2062,6,3,0.027466
2062,6,4,0.32959
2062,6,5,0.10986
2062,6,6,0.013733
2062,6,7,2.4307
2062,6,8,4.4357
2062,6,9,1.9226
2062,6,10,0.43945
2062,6,11,6.8527
2062,6,12,0.15106
2062,6,13,0.63171
2062,6,14,3.3783
2062,6,15,0
2062,6,16,0
2062,6,17,0.41199
2062,6,18,3.804
2062,6,19,0
2062,6,20,0.20599
2062,6,21,0.013733
2062,6,22,6.0562
2062,6,23,0
2062,6,24,0
2062,6,25,0
2062,6,26,0
2062,6,27,0
2062,6,28,0.19913
2062,6,29,0
2062,6,30,0
2062,7,1,0
2062,7,2,0
2062,7,3,0
2062,7,4,0
2062,7,5,0
2062,7,6,0
2062,7,7,0
2062,7,8,0.82397
2062,7,9,0
2062,7,10,0
2062,7,11,0
2062,7,12,0
2062,7,13,0
2062,7,14,0
2062,7,15,0.46692
2062,7,16,0
2062,7,17,0
2062,7,18,0
2062,7,19,0
2062,7,20,0
2062,7,21,0.013733
2062,7,22,0.027466
2062,7,23,0
2062,7,24,0
2062,7,25,0
2062,7,26,0.57678
2062,7,27,0.20599
2062,7,28,0
2062,7,29,0
2062,7,30,0.041199
2062,7,31,0
2062,8,1,2.5818
2062,8,2,0.76904
2062,8,3,0
2062,8,4,0
2062,8,5,0
2062,8,6,0
2062,8,7,0
2062,8,8,0
2062,8,9,0.013733
2062,8,10,3.2272
2062,8,11,0.50812
2062,8,12,0
2062,8,13,0
2062,8,14,0.027466
2062,8,15,0
2062,8,16,0.53558
2062,8,17,11.467
2062,8,18,0
2062,8,19,1.0986
2062,8,20,0
2062,8,21,0
2062,8,22,0
2062,8,23,0
2062,8,24,0
2062,8,25,0
2062,8,26,0.18539
2062,8,27,0.20599
2062,8,28,0.068665
2062,8,29,0.041199
2062,8,30,0
2062,8,31,0
2062,9,1,0.089264
2062,9,2,0.21973
2062,9,3,3.3508
2062,9,4,0
2062,9,5,0
2062,9,6,0.42572
2062,9,7,1.1261
2062,9,8,78.992
2062,9,9,6.015
2062,9,10,0
2062,9,11,1.0712
2062,9,12,0.35706
2062,9,13,0
2062,9,14,0
2062,9,15,0
2062,9,16,3.1036
2062,9,17,0
2062,9,18,3.4058
2062,9,19,0
2062,9,20,0.013733
2062,9,21,0.041199
2062,9,22,0
2062,9,23,0
2062,9,24,0
2062,9,25,0
2062,9,26,0
2062,9,27,0
2062,9,28,0
2062,9,29,0
2062,9,30,0
2062,10,1,0.32959
2062,10,2,0.13733
2062,10,3,0
2062,10,4,0
2062,10,5,0
2062,10,6,0.082397
2062,10,7,0
2062,10,8,5.6992
2062,10,9,37.257
2062,10,10,0
2062,10,11,12.923
2062,10,12,0.61798
2062,10,13,1.3046
2062,10,14,0.013733
2062,10,15,0.10986
2062,10,16,2.3895
2062,10,17,2.9938
2062,10,18,1.8677
2062,10,19,155.32
2062,10,20,80.145
2062,10,21,0
2062,10,22,2.2934
2062,10,23,0
2062,10,24,0.041199
2062,10,25,2.4994
2062,10,26,6.2347
2062,10,27,0.74158
2062,10,28,0.19226
2062,10,29,2.5818
2062,10,30,6.0699
2062,10,31,21.011
2062,11,1,1.4145
2062,11,2,0.54932
2062,11,3,0
2062,11,4,0.24033
2062,11,5,1.03
2062,11,6,44.907
2062,11,7,20.641
2062,11,8,0.54932
2062,11,9,0
2062,11,10,0
2062,11,11,0
2062,11,12,0
2062,11,13,7.0724
2062,11,14,1.0712
2062,11,15,0
2062,11,16,0
2062,11,17,0
2062,11,18,0.13733
2062,11,19,0.10986
2062,11,20,4.422
2062,11,21,0
2062,11,22,0
2062,11,23,0.23346
2062,11,24,5.1224
2062,11,25,9.1599
2062,11,26,2.2797
2062,11,27,0
2062,11,28,0
2062,11,29,3.653
2062,11,30,0.013733
2062,12,1,0
2062,12,2,0.85144
2062,12,3,0.49438
2062,12,4,0.09613
2062,12,5,0
2062,12,6,0
2062,12,7,0
2062,12,8,0.082397
2062,12,9,0
2062,12,10,0.041199
2062,12,11,0
2062,12,12,2.0737
2062,12,13,10.794
2062,12,14,3.1036
2062,12,15,8.8852
2062,12,16,1.2772
2062,12,17,10.245
2062,12,18,1.3321
2062,12,19,0.61798
2062,12,20,0.027466
2062,12,21,0
2062,12,22,0
2062,12,23,0
2062,12,24,0.041199
2062,12,25,0.31586
2062,12,26,1.1536
2062,12,27,10.959
2062,12,28,2.6779
2062,12,29,0
2062,12,30,1.1948
2062,12,31,1.3046
2063,1,1,0.41199
2063,1,2,1.2909
2063,1,3,0
2063,1,4,0
2063,1,5,0
2063,1,6,0
2063,1,7,0
2063,1,8,0.13733
2063,1,9,0
2063,1,10,6.8115
2063,1,11,1.4008
2063,1,12,5.1636
2063,1,13,0.082397
2063,1,14,0.027466
2063,1,15,0.21973
2063,1,16,0.082397
2063,1,17,3.241
2063,1,18,0
2063,1,19,0
2063,1,20,12.607
2063,1,21,49.603
2063,1,22,0.59052
2063,1,23,7.2098
2063,1,24,11.783
2063,1,25,6.5506
2063,1,26,1.7441
2063,1,27,9.5306
2063,1,28,36.351
2063,1,29,0
2063,1,30,0.15106
2063,1,31,9.256
2063,2,1,34.319
2063,2,2,0.10986
2063,2,3,8.075
2063,2,4,0.013733
2063,2,5,4.9164
2063,2,6,0.054932
2063,2,7,0.13733
2063,2,8,8.5007
2063,2,9,1.5518
2063,2,10,0.94757
2063,2,11,0
2063,2,12,1.387
2063,2,13,9.0912
2063,2,14,27.026
2063,2,15,0.50812
2063,2,16,0
2063,2,17,0.10986
2063,2,18,1.7303
2063,2,19,1.5381
2063,2,20,0
2063,2,21,0
2063,2,22,0.054932
2063,2,23,0
2063,2,24,4.4769
2063,2,25,0.10986
2063,2,26,1.3184
2063,2,27,0.054932
2063,2,28,0.034332
2063,3,1,0
2063,3,2,0
2063,3,3,0
2063,3,4,3.6118
2063,3,5,7.0724
2063,3,6,0
2063,3,7,5.1086
2063,3,8,0.98877
2063,3,9,0.56992
2063,3,10,0
2063,3,11,7.0587
2063,3,12,0
2063,3,13,0
2063,3,14,0
2063,3,15,46.555
2063,3,16,17.455
2063,3,17,0
2063,3,18,0
2063,3,19,0.64545
2063,3,20,24.719
2063,3,21,0.054932
2063,3,22,4.8065
2063,3,23,2.211
2063,3,24,0.24719
2063,3,25,0
2063,3,26,0.054932
2063,3,27,0
2063,3,28,0
2063,3,29,0
2063,3,30,0
2063,3,31,0
2063,4,1,0
2063,4,2,0
2063,4,3,1.0025
2063,4,4,0
2063,4,5,17.427
2063,4,6,2.7878
2063,4,7,0
2063,4,8,0
2063,4,9,0
2063,4,10,0
2063,4,11,0.26093
2063,4,12,1.8951
2063,4,13,0.027466
2063,4,14,0
2063,4,15,0.027466
2063,4,16,0
2063,4,17,1.2085
2063,4,18,65.959
2063,4,19,28.207
2063,4,20,8.4457
2063,4,21,0.09613
2063,4,22,0
2063,4,23,0
2063,4,24,0.013733
2063,4,25,8.7891
2063,4,26,0.15106
2063,4,27,0
2063,4,28,4.01
2063,4,29,0.013733
2063,4,30,0.16479
2063,5,1,0.21973
2063,5,2,1.8402
2063,5,3,3.7216
2063,5,4,0.020599
2063,5,5,4.01
2063,5,6,0.37766
2063,5,7,0
2063,5,8,0
2063,5,9,0
2063,5,10,0
2063,5,11,0
2063,5,12,0
2063,5,13,0
2063,5,14,2.2522
2063,5,15,0.0068665
2063,5,16,0
2063,5,17,0
2063,5,18,0.30899
2063,5,19,0.082397
2063,5,20,0.28839
2063,5,21,0.15106
2063,5,22,14.845
2063,5,23,2.3483
2063,5,24,0.054932
2063,5,25,0.61798
2063,5,26,0
2063,5,27,0
2063,5,28,0
2063,5,29,0
2063,5,30,0
2063,5,31,0
2063,6,1,5.2322
2063,6,2,12.03
2063,6,3,0
2063,6,4,0
2063,6,5,0
2063,6,6,0
2063,6,7,0
2063,6,8,0
2063,6,9,0
2063,6,10,0
2063,6,11,0
2063,6,12,3.1998
2063,6,13,10.176
2063,6,14,0.90637
2063,6,15,1.5106
2063,6,16,0
2063,6,17,0
2063,6,18,0
2063,6,19,0
2063,6,20,0
2063,6,21,0
2063,6,22,0
2063,6,23,0
2063,6,24,0
2063,6,25,0
2063,6,26,0
2063,6,27,0
2063,6,28,0
2063,6,29,0
2063,6,30,0
2063,7,1,0
2063,7,2,0
2063,7,3,0
2063,7,4,0
2063,7,5,0
2063,7,6,0.013733
2063,7,7,0.17853
2063,7,8,2.4719
2063,7,9,0
2063,7,10,2.1011
2063,7,11,4.985
2063,7,12,0
2063,7,13,0
2063,7,14,0.020599
2063,7,15,0.74158
2063,7,16,15.463
2063,7,17,0.65918
2063,7,18,0
2063,7,19,0
2063,7,20,0
2063,7,21,0
2063,7,22,0
2063,7,23,0
2063,7,24,0
2063,7,25,0
2063,7,26,0
2063,7,27,0
2063,7,28,0
2063,7,29,0.82397
2063,7,30,8.844
2063,7,31,6.8047
2063,8,1,0.20599
2063,8,2,0.42572
2063,8,3,0
2063,8,4,0
2063,8,5,0
2063,8,6,0
2063,8,7,0
2063,8,8,0
2063,8,9,3.5431
2063,8,10,3.8452
2063,8,11,0
2063,8,12,0.027466
2063,8,13,18.855
2063,8,14,0.42572
2063,8,15,7.5256
2063,8,16,1.9844
2063,8,17,0.83771
2063,8,18,0
2063,8,19,0
2063,8,20,5.3558
2063,8,21,1.2085
2063,8,22,0
2063,8,23,0
2063,8,24,0
2063,8,25,0
2063,8,26,2.3758
2063,8,27,16.328
2063,8,28,0.34332
2063,8,29,0.054932
2063,8,30,0.027466
2063,8,31,0
2063,9,1,0
2063,9,2,0
2063,9,3,0
2063,9,4,0
2063,9,5,3.7079
2063,9,6,40.045
2063,9,7,0
2063,9,8,0
2063,9,9,0
2063,9,10,0
2063,9,11,0.027466
2063,9,12,31.737
2063,9,13,0.054932
2063,9,14,0.97504
2063,9,15,6.5506
2063,9,16,0.26093
2063,9,17,0.10986
2063,9,18,0.15106
2063,9,19,0.013733
2063,9,20,0.30212
2063,9,21,0.98877
2063,9,22,0
2063,9,23,0
2063,9,24,0
2063,9,25,0
2063,9,26,0
2063,9,27,0
2063,9,28,0
2063,9,29,0
2063,9,30,0
2063,10,1,0
2063,10,2,0
2063,10,3,0.21973
2063,10,4,0.19226
2063,10,5,0
2063,10,6,0
2063,10,7,0
2063,10,8,0
2063,10,9,0
2063,10,10,0
2063,10,11,2.3071
2063,10,12,26.216
2063,10,13,74.103
2063,10,14,1.1536
2063,10,15,0
2063,10,16,0
2063,10,17,0
2063,10,18,0
2063,10,19,0.0068665
2063,10,20,0
2063,10,21,0
2063,10,22,0
2063,10,23,0
2063,10,24,6.6055
2063,10,25,2.6367
2063,10,26,0.84457
2063,10,27,0.35706
2063,10,28,0
2063,10,29,0.16479
2063,10,30,0
2063,10,31,0.027466
2063,11,1,0
2063,11,2,0
2063,11,3,0.027466
2063,11,4,0
2063,11,5,0
2063,11,6,0
2063,11,7,0
2063,11,8,35.513
2063,11,9,0
2063,11,10,1.6342
2063,11,11,2.7191
2063,11,12,0
2063,11,13,3.1448
2063,11,14,0.013733
2063,11,15,0.082397
2063,11,16,0
2063,11,17,7.0587
2063,11,18,5.9464
2063,11,19,12.868
2063,11,20,0.068665
2063,11,21,0
2063,11,22,0.13733
2063,11,23,68.98
2063,11,24,0
2063,11,25,0.82397
2063,11,26,7.7179
2063,11,27,19.102
2063,11,28,18.608
2063,11,29,0.041199
2063,11,30,0
2063,12,1,0
2063,12,2,0.76904
2063,12,3,4.8203
2063,12,4,0
2063,12,5,1.03
2063,12,6,0.30212
2063,12,7,0
2063,12,8,0.10986
2063,12,9,5.8502
2063,12,10,0.013733
2063,12,11,0.16479
2063,12,12,0.09613
2063,12,13,0
2063,12,14,0.16479
2063,12,15,0.10986
2063,12,16,0.19226
2063,12,17,0.09613
2063,12,18,0
2063,12,19,0.054932
2063,12,20,0.27466
2063,12,21,2.4445
2063,12,22,0.027466
2063,12,23,0
2063,12,24,6.3309
2063,12,25,0.027466
2063,12,26,8.8715
2063,12,27,0.39825
2063,12,28,0.70038
2063,12,29,0.013733
2063,12,30,1.8127
2063,12,31,0
2064,1,1,0
2064,1,2,2.417
2064,1,3,0.13733
2064,1,4,1.9775
2064,1,5,0.013733
2064,1,6,0.013733
2064,1,7,0.068665
2064,1,8,0.23346
2064,1,9,0.15793
2064,1,10,0.11673
2064,1,11,0
2064,1,12,0
2064,1,13,0.48065
2064,1,14,0.027466
2064,1,15,0
2064,1,16,0
2064,1,17,0
2064,1,18,0
2064,1,19,0
2064,1,20,0
2064,1,21,0.38452
2064,1,22,0.041199
2064,1,23,0.49438
2064,1,24,0
2064,1,25,0
2064,1,26,2.005
2064,1,27,1.7303
2064,1,28,1.2634
2064,1,29,0
2064,1,30,0
2064,1,31,0
2064,2,1,12.277
2064,2,2,0
2064,2,3,1.3596
2064,2,4,0.16479
2064,2,5,0
2064,2,6,0
2064,2,7,0.041199
2064,2,8,0.034332
2064,2,9,0.20599
2064,2,10,0.041199
2064,2,11,1.9913
2064,2,12,5.7816
2064,2,13,0.10986
2064,2,14,1.5381
2064,2,15,0.20599
2064,2,16,0
2064,2,17,0.24719
2064,2,18,0
2064,2,19,0
2064,2,20,0
2064,2,21,0
2064,2,22,12.442
2064,2,23,53.476
2064,2,24,2.4445
2064,2,25,0
2064,2,26,0
2064,2,27,0.082397
2064,2,28,0.1236
2064,2,29,0.34332
2064,3,1,5.6717
2064,3,2,0.082397
2064,3,3,0
2064,3,4,0
2064,3,5,0
2064,3,6,0
2064,3,7,0
2064,3,8,1.387
2064,3,9,2.5063
2064,3,10,6.9077
2064,3,11,0.082397
2064,3,12,0
2064,3,13,1.0162
2064,3,14,0.31586
2064,3,15,0.041199
2064,3,16,1.236
2064,3,17,0
2064,3,18,0
2064,3,19,0
2064,3,20,0
2064,3,21,1.1261
2064,3,22,1.7166
2064,3,23,2.1561
2064,3,24,2.7603
2064,3,25,0.027466
2064,3,26,0.57678
2064,3,27,1.9363
2064,3,28,0.103
2064,3,29,0
2064,3,30,7.3883
2064,3,31,11.563
2064,4,1,0
2064,4,2,0
2064,4,3,0
2064,4,4,0
2064,4,5,9.3246
2064,4,6,31.297
2064,4,7,29.21
2064,4,8,1.4969
2064,4,9,2.3895
2064,4,10,0
2064,4,11,0.09613
2064,4,12,0
2064,4,13,0.23346
2064,4,14,1.9363
2064,4,15,0.44632
2064,4,16,1.9638
2064,4,17,24.911
2064,4,18,0.65918
2064,4,19,0
2064,4,20,0
2064,4,21,0
2064,4,22,0
2064,4,23,0
2064,4,24,0.53558
2064,4,25,0.13733
2064,4,26,0
2064,4,27,0
2064,4,28,0.075531
2064,4,29,43.08
2064,4,30,0.71411
2064,5,1,0.027466
2064,5,2,0
2064,5,3,0.082397
2064,5,4,0.16479
2064,5,5,5.2322
2064,5,6,0
2064,5,7,0
2064,5,8,0
2064,5,9,0
2064,5,10,0
2064,5,11,0
2064,5,12,0.16479
2064,5,13,0
2064,5,14,0
2064,5,15,0
2064,5,16,0.68665
2064,5,17,0
2064,5,18,0
2064,5,19,0
2064,5,20,0.027466
2064,5,21,0
2064,5,22,1.03
2064,5,23,5.9464
2064,5,24,6.5849
2064,5,25,0
2064,5,26,0
2064,5,27,0.09613
2064,5,28,10.574
2064,5,29,0
2064,5,30,0
2064,5,31,1.0025
2064,6,1,0
2064,6,2,0
2064,6,3,0
2064,6,4,0
2064,6,5,0.054932
2064,6,6,0
2064,6,7,0
2064,6,8,1.8539
2064,6,9,6.7154
2064,6,10,4.3671
2064,6,11,0
2064,6,12,0.35706
2064,6,13,1.6342
2064,6,14,0
2064,6,15,0
2064,6,16,0
2064,6,17,0
2064,6,18,8.4595
2064,6,19,0
2064,6,20,0
2064,6,21,0
2064,6,22,0
2064,6,23,0
2064,6,24,0
2064,6,25,0
2064,6,26,0.9201
2064,6,27,0
2064,6,28,0
2064,6,29,0
2064,6,30,0
2064,7,1,0
2064,7,2,6.5712
2064,7,3,0
2064,7,4,0
2064,7,5,0
2064,7,6,0
2064,7,7,0
2064,7,8,0
2064,7,9,0
2064,7,10,0
2064,7,11,0.20599
2064,7,12,8.0475
2064,7,13,0
2064,7,14,0
2064,7,15,0
2064,7,16,0
2064,7,17,0
2064,7,18,2.2591
2064,7,19,0.24033
2064,7,20,0.027466
2064,7,21,0
2064,7,22,0.31586
2064,7,23,0
2064,7,24,0.78964
2064,7,25,0
2064,7,26,0
2064,7,27,0
2064,7,28,0
2064,7,29,0
2064,7,30,0
2064,7,31,0
2064,8,1,0
2064,8,2,0
2064,8,3,0
2064,8,4,0
2064,8,5,0
2064,8,6,0
2064,8,7,0
2064,8,8,0.57678
2064,8,9,0
2064,8,10,0
2064,8,11,0
2064,8,12,0
2064,8,13,0
2064,8,14,0
2064,8,15,0
2064,8,16,0
2064,8,17,0
2064,8,18,1.0437
2064,8,19,24.348
2064,8,20,8.5281
2064,8,21,9.6748
2064,8,22,6.2485
2064,8,23,0
2064,8,24,0
2064,8,25,0
2064,8,26,0
2064,8,27,0
2064,8,28,0
2064,8,29,0
2064,8,30,0
2064,8,31,0
2064,9,1,3.2135
2064,9,2,0.16479
2064,9,3,0
2064,9,4,0
2064,9,5,0
2064,9,6,0
2064,9,7,0
2064,9,8,0
2064,9,9,0.041199
2064,9,10,0.19226
2064,9,11,0.068665
2064,9,12,0.52185
2064,9,13,97.696
2064,9,14,0.9201
2064,9,15,0.013733
2064,9,16,0.013733
2064,9,17,0
2064,9,18,6.4407
2064,9,19,1.1536
2064,9,20,0
2064,9,21,0
2064,9,22,0.35706
2064,9,23,0
2064,9,24,0
2064,9,25,0
2064,9,26,0
2064,9,27,0.09613
2064,9,28,2.3346
2064,9,29,25.598
2064,9,30,2.0874
2064,10,1,0.082397
2064,10,2,0
2064,10,3,0.10986
2064,10,4,0.74844
2064,10,5,0
2064,10,6,0
2064,10,7,0
2064,10,8,0
2064,10,9,0
2064,10,10,0
2064,10,11,1.3458
2064,10,12,0.31586
2064,10,13,0.048065
2064,10,14,0.068665
2064,10,15,1.2085
2064,10,16,0.75531
2064,10,17,16.397
2064,10,18,28.633
2064,10,19,0.013733
2064,10,20,0.013733
2064,10,21,0
2064,10,22,2.3071
2064,10,23,7.4158
2064,10,24,4.2572
2064,10,25,2.4307
2064,10,26,3.6804
2064,10,27,0.65918
2064,10,28,78.017
2064,10,29,15.697
2064,10,30,0
2064,10,31,0
2064,11,1,0.97504
2064,11,2,0.16479
2064,11,3,5.2185
2064,11,4,1.2222
2064,11,5,0.013733
2064,11,6,0
2064,11,7,0.50812
2064,11,8,0.89264
2064,11,9,0
2064,11,10,0
2064,11,11,0
2064,11,12,2.7466
2064,11,13,0
2064,11,14,9.8328
2064,11,15,3.1174
2064,11,16,9.8808
2064,11,17,8.4595
2064,11,18,5.7129
2064,11,19,0
2064,11,20,0.21973
2064,11,21,1.442
2064,11,22,4.2297
2064,11,23,0.82397
2064,11,24,0.32959
2064,11,25,0
2064,11,26,0
2064,11,27,0.31586
2064,11,28,8.6517
2064,11,29,9.7229
2064,11,30,0.013733
2064,12,1,0.068665
2064,12,2,0
2064,12,3,0
2064,12,4,0
2064,12,5,0.082397
2064,12,6,19.528
2064,12,7,66.508
2064,12,8,0
2064,12,9,4.9713
2064,12,10,7.3883
2064,12,11,0.054932
2064,12,12,0
2064,12,13,7.3059
2064,12,14,38.315
2064,12,15,0.013733
2064,12,16,5.8228
2064,12,17,10.052
2064,12,18,6.0013
2064,12,19,0
2064,12,20,0.67291
2064,12,21,1.4008
2064,12,22,0
2064,12,23,3.1036
2064,12,24,0
2064,12,25,10.822
2064,12,26,0
2064,12,27,0
2064,12,28,0
2064,12,29,0.75531
2064,12,30,0.10986
2064,12,31,0
2065,1,1,0
2065,1,2,1.4282
2065,1,3,7.5531
2065,1,4,5.8228
2065,1,5,0.39139
2065,1,6,0.46692
2065,1,7,0.054932
2065,1,8,1.4969
2065,1,9,0.027466
2065,1,10,0
2065,1,11,0
2065,1,12,0
2065,1,13,0
2065,1,14,0
2065,1,15,0
2065,1,16,0
2065,1,17,0.027466
2065,1,18,0
2065,1,19,0
2065,1,20,0
2065,1,21,0
2065,1,22,0
2065,1,23,0
2065,1,24,0
2065,1,25,0.041199
2065,1,26,3.035
2065,1,27,1.1398
2065,1,28,0
2065,1,29,0.054932
2065,1,30,0.027466
2065,1,31,5.809
2065,2,1,0
2065,2,2,0
2065,2,3,0
2065,2,4,0
2065,2,5,4.1199
2065,2,6,1.6754
2065,2,7,0.90637
2065,2,8,0.63171
2065,2,9,1.5518
2065,2,10,1.4557
2065,2,11,0.46692
2065,2,12,0
2065,2,13,1.0437
2065,2,14,6.7841
2065,2,15,0.41199
2065,2,16,0
2065,2,17,0
2065,2,18,5.4863
2065,2,19,0.32959
2065,2,20,0
2065,2,21,0
2065,2,22,0.0068665
2065,2,23,0.61798
2065,2,24,0
2065,2,25,0
2065,2,26,0
2065,2,27,0
2065,2,28,4.6005
2065,3,1,2.6367
2065,3,2,0.041199
2065,3,3,0
2065,3,4,0
2065,3,5,0
2065,3,6,3.3234
2065,3,7,1.7166
2065,3,8,1.3046
2065,3,9,0
2065,3,10,0.13733
2065,3,11,3.1448
2065,3,12,0.45319
2065,3,13,0
2065,3,14,0.23346
2065,3,15,6.3858
2065,3,16,2.9526
2065,3,17,0
2065,3,18,0
2065,3,19,0
2065,3,20,3.8177
2065,3,21,1.6479
2065,3,22,46.472
2065,3,23,13.541
2065,3,24,0
2065,3,25,0
2065,3,26,0
2065,3,27,0
2065,3,28,0
2065,3,29,0
2065,3,30,2.9388
2065,3,31,2.6779
2065,4,1,0.1236
2065,4,2,0.034332
2065,4,3,3.1105
2065,4,4,0.013733
2065,4,5,0
2065,4,6,0.068665
2065,4,7,0
2065,4,8,0.13733
2065,4,9,0.46692
2065,4,10,2.3621
2065,4,11,0.013733
2065,4,12,0
2065,4,13,0
2065,4,14,0
2065,4,15,0
2065,4,16,0.45319
2065,4,17,9.7092
2065,4,18,0.041199
2065,4,19,0
2065,4,20,8.02
2065,4,21,2.623
2065,4,22,0
2065,4,23,11.028
2065,4,24,7.402
2065,4,25,7.2235
2065,4,26,0.20599
2065,4,27,0.53558
2065,4,28,10.162
2065,4,29,0.027466
2065,4,30,1.2909
2065,5,1,1.8745
2065,5,2,1.2909
2065,5,3,1.181
2065,5,4,0
2065,5,5,0
2065,5,6,0
2065,5,7,0
2065,5,8,0
2065,5,9,0.42572
2065,5,10,6.2622
2065,5,11,0
2065,5,12,0.13733
2065,5,13,3.0762
2065,5,14,0
2065,5,15,0
2065,5,16,0
2065,5,17,0.027466
2065,5,18,0
2065,5,19,0.46692
2065,5,20,0.67291
2065,5,21,2.5543
2065,5,22,12.497
2065,5,23,0.16479
2065,5,24,0
2065,5,25,0
2065,5,26,0
2065,5,27,0
2065,5,28,0
2065,5,29,0
2065,5,30,0
2065,5,31,0
2065,6,1,0.64545
2065,6,2,0
2065,6,3,0.52185
2065,6,4,0
2065,6,5,0
2065,6,6,0
2065,6,7,0.034332
2065,6,8,0
2065,6,9,0.0068665
2065,6,10,0.19226
2065,6,11,6.2485
2065,6,12,0
2065,6,13,1.5244
2065,6,14,0
2065,6,15,0
2065,6,16,0.13046
2065,6,17,0
2065,6,18,0
2065,6,19,0
2065,6,20,0
2065,6,21,0
2065,6,22,0
2065,6,23,0
2065,6,24,2.0874
2065,6,25,0
2065,6,26,0
2065,6,27,0
2065,6,28,0
2065,6,29,0
2065,6,30,0
2065,7,1,0.09613
2065,7,2,2.3758
2065,7,3,0
2065,7,4,0
2065,7,5,0
2065,7,6,0.26093
2065,7,7,0.027466
2065,7,8,0.71411
2065,7,9,0
2065,7,10,0.50812
2065,7,11,0
2065,7,12,0
2065,7,13,0
2065,7,14,1.0368
2065,7,15,0
2065,7,16,0
2065,7,17,0
2065,7,18,0
2065,7,19,0
2065,7,20,0.28839
2065,7,21,0
2065,7,22,0
2065,7,23,0.089264
2065,7,24,0
2065,7,25,0
2065,7,26,5.4932
2065,7,27,0
2065,7,28,0
2065,7,29,0
2065,7,30,0
2065,7,31,0
2065,8,1,0.35706
2065,8,2,0
2065,8,3,0
2065,8,4,0
2065,8,5,0
2065,8,6,0
2065,8,7,0
2065,8,8,0
2065,8,9,0
2065,8,10,0
2065,8,11,0
2065,8,12,0
2065,8,13,0
2065,8,14,0
2065,8,15,0
2065,8,16,0
2065,8,17,0
2065,8,18,0
2065,8,19,0
2065,8,20,0
2065,8,21,0
2065,8,22,0
2065,8,23,0
2065,8,24,3.138
2065,8,25,1.2772
2065,8,26,0
2065,8,27,0.25406
2065,8,28,0.20599
2065,8,29,0.09613
2065,8,30,0.33646
2065,8,31,0.21286
2065,9,1,0.013733
2065,9,2,0.041199
2065,9,3,0
2065,9,4,0
2065,9,5,0
2065,9,6,0.0068665
2065,9,7,0
2065,9,8,0
2065,9,9,0
2065,9,10,0
2065,9,11,0
2065,9,12,0
2065,9,13,0
2065,9,14,0
2065,9,15,0
2065,9,16,0.041199
2065,9,17,0
2065,9,18,0
2065,9,19,0
2065,9,20,0
2065,9,21,0
2065,9,22,0
2065,9,23,0.39825
2065,9,24,1.2909
2065,9,25,0.24033
2065,9,26,0.24719
2065,9,27,0.013733
2065,9,28,0
2065,9,29,0
2065,9,30,0
2065,10,1,0
2065,10,2,0
2065,10,3,0
2065,10,4,0
2065,10,5,0
2065,10,6,0
2065,10,7,0
2065,10,8,0
2065,10,9,0
2065,10,10,0
2065,10,11,0
2065,10,12,0
2065,10,13,0.054932
2065,10,14,3.5431
2065,10,15,2.6436
2065,10,16,0.28152
2065,10,17,0.1236
2065,10,18,0.1442
2065,10,19,0.068665
2065,10,20,0
2065,10,21,12.071
2065,10,22,15.244
2065,10,23,0.041199
2065,10,24,0
2065,10,25,0
2065,10,26,0
2065,10,27,0
2065,10,28,0
2065,10,29,0.068665
2065,10,30,0
2065,10,31,1.0025
2065,11,1,2.3209
2065,11,2,0
2065,11,3,0
2065,11,4,0
2065,11,5,0
2065,11,6,0
2065,11,7,0
2065,11,8,0
2065,11,9,0
2065,11,10,0
2065,11,11,0
2065,11,12,0
2065,11,13,3.8864
2065,11,14,4.4632
2065,11,15,0.068665
2065,11,16,0.42572
2065,11,17,0
2065,11,18,5.3215
2065,11,19,0
2065,11,20,1.181
2065,11,21,0.027466
2065,11,22,0
2065,11,23,0.041199
2065,11,24,0.19226
2065,11,25,0.054932
2065,11,26,1.3458
2065,11,27,0
2065,11,28,0
2065,11,29,0
2065,11,30,0
2065,12,1,0
2065,12,2,0
2065,12,3,0.38452
2065,12,4,0
2065,12,5,0
2065,12,6,0.041199
2065,12,7,1.03
2065,12,8,19.02
2065,12,9,10.533
2065,12,10,64.915
2065,12,11,0
2065,12,12,0
2065,12,13,0
2065,12,14,0
2065,12,15,0.60425
2065,12,16,0
2065,12,17,0
2065,12,18,14.282
2065,12,19,42.352
2065,12,20,7.8278
2065,12,21,0
2065,12,22,0
2065,12,23,0.21973
2065,12,24,0.32959
2065,12,25,0
2065,12,26,0
2065,12,27,0
2065,12,28,0
2065,12,29,0
2065,12,30,0
2065,12,31,0
2066,1,1,0
2066,1,2,0
2066,1,3,0
2066,1,4,0.21973
2066,1,5,0
2066,1,6,0
2066,1,7,0
2066,1,8,0
2066,1,9,0
2066,1,10,0
2066,1,11,0
2066,1,12,0.90637
2066,1,13,36.09
2066,1,14,3.4607
2066,1,15,0.30212
2066,1,16,3.447
2066,1,17,0
2066,1,18,0
2066,1,19,0
2066,1,20,0
2066,1,21,0
2066,1,22,9.0363
2066,1,23,8.5556
2066,1,24,0.45319
2066,1,25,27.521
2066,1,26,48.024
2066,1,27,16.466
2066,1,28,1.0712
2066,1,29,1.0712
2066,1,30,7.1274
2066,1,31,0
2066,2,1,0
2066,2,2,2.2247
2066,2,3,4.3396
2066,2,4,1.4008
2066,2,5,0.09613
2066,2,6,0.082397
2066,2,7,0
2066,2,8,0
2066,2,9,0
2066,2,10,0.10986
2066,2,11,0.36392
2066,2,12,0.1236
2066,2,13,7.663
2066,2,14,4.5456
2066,2,15,33.234
2066,2,16,0.42572
2066,2,17,9.9014
2066,2,18,44.083
2066,2,19,0.82397
2066,2,20,0.013733
2066,2,21,0.013733
2066,2,22,0
2066,2,23,0
2066,2,24,3.0899
2066,2,25,0.027466
2066,2,26,0
2066,2,27,0
2066,2,28,1.1673
2066,3,1,2.6917
2066,3,2,0
2066,3,3,0.39825
2066,3,4,2.7878
2066,3,5,0.13046
2066,3,6,0
2066,3,7,0.082397
2066,3,8,0.75531
2066,3,9,0.13733
2066,3,10,0
2066,3,11,0
2066,3,12,0
2066,3,13,0
2066,3,14,0
2066,3,15,0
2066,3,16,0
2066,3,17,0
2066,3,18,0.19226
2066,3,19,0.31586
2066,3,20,1.6891
2066,3,21,0.013733
2066,3,22,1.1124
2066,3,23,0
2066,3,24,0.027466
2066,3,25,0
2066,3,26,0
2066,3,27,0.027466
2066,3,28,0.57678
2066,3,29,0.082397
2066,3,30,0.034332
2066,3,31,0.56305
2066,4,1,2.8496
2066,4,2,19.741
2066,4,3,0
2066,4,4,0
2066,4,5,0
2066,4,6,0
2066,4,7,0
2066,4,8,0
2066,4,9,0
2066,4,10,0
2066,4,11,0.57678
2066,4,12,0
2066,4,13,0.26093
2066,4,14,2.4582
2066,4,15,0
2066,4,16,0
2066,4,17,0.48065
2066,4,18,1.1948
2066,4,19,0.13046
2066,4,20,0.013733
2066,4,21,2.3346
2066,4,22,0.32959
2066,4,23,0.21973
2066,4,24,0.38452
2066,4,25,0.44632
2066,4,26,0.28839
2066,4,27,0.24033
2066,4,28,0.43945
2066,4,29,3.7903
2066,4,30,1.133
2066,5,1,31.86
2066,5,2,15.312
2066,5,3,8.9127
2066,5,4,12.758
2066,5,5,6.3721
2066,5,6,1.8539
2066,5,7,0.38452
2066,5,8,3.447
2066,5,9,13.005
2066,5,10,0
2066,5,11,0
2066,5,12,0
2066,5,13,0
2066,5,14,0
2066,5,15,0
2066,5,16,0
2066,5,17,0.068665
2066,5,18,0.41199
2066,5,19,0.81711
2066,5,20,0.62485
2066,5,21,0.32959
2066,5,22,0.034332
2066,5,23,0
2066,5,24,0
2066,5,25,0.21286
2066,5,26,5.452
2066,5,27,1.6617
2066,5,28,0.50812
2066,5,29,8.4595
2066,5,30,1.9226
2066,5,31,0
2066,6,1,0
2066,6,2,25.653
2066,6,3,3.0899
2066,6,4,1.6754
2066,6,5,2.8427
2066,6,6,0
2066,6,7,0
2066,6,8,0
2066,6,9,0
2066,6,10,0
2066,6,11,0
2066,6,12,0
2066,6,13,0
2066,6,14,0
2066,6,15,0
2066,6,16,0
2066,6,17,0
2066,6,18,0
2066,6,19,0
2066,6,20,0
2066,6,21,0.49438
2066,6,22,0
2066,6,23,0.87204
2066,6,24,3.0762
2066,6,25,2.9251
2066,6,26,0
2066,6,27,0
2066,6,28,0
2066,6,29,0
2066,6,30,0
2066,7,1,0.17853
2066,7,2,0.17853
2066,7,3,4.5731
2066,7,4,0.082397
2066,7,5,0
2066,7,6,0
2066,7,7,0
2066,7,8,0
2066,7,9,0
2066,7,10,0
2066,7,11,0
2066,7,12,1.8539
2066,7,13,0
2066,7,14,0
2066,7,15,0
2066,7,16,0
2066,7,17,1.3321
2066,7,18,0
2066,7,19,0
2066,7,20,0
2066,7,21,0
2066,7,22,0.15106
2066,7,23,0.48065
2066,7,24,0
2066,7,25,0
2066,7,26,0
2066,7,27,0
2066,7,28,0
2066,7,29,0
2066,7,30,0
2066,7,31,0
2066,8,1,0
2066,8,2,0
2066,8,3,0.09613
2066,8,4,1.8814
2066,8,5,0
2066,8,6,0
2066,8,7,0
2066,8,8,0
2066,8,9,0.068665
2066,8,10,0.21973
2066,8,11,0.10986
2066,8,12,0
2066,8,13,0
2066,8,14,0
2066,8,15,0.74158
2066,8,16,0
2066,8,17,0
2066,8,18,0
2066,8,19,0.013733
2066,8,20,0.41885
2066,8,21,0
2066,8,22,0
2066,8,23,0
2066,8,24,0
2066,8,25,0
2066,8,26,0
2066,8,27,0
2066,8,28,0
2066,8,29,0
2066,8,30,0
2066,8,31,5.0674
2066,9,1,0
2066,9,2,0
2066,9,3,0
2066,9,4,0
2066,9,5,0
2066,9,6,0
2066,9,7,0
2066,9,8,0
2066,9,9,0
2066,9,10,0.013733
2066,9,11,0.32959
2066,9,12,0.22659
2066,9,13,0.71411
2066,9,14,0
2066,9,15,0
2066,9,16,0
2066,9,17,1.6617
2066,9,18,8.2123
2066,9,19,0
2066,9,20,35.321
2066,9,21,59.244
2066,9,22,0.0068665
2066,9,23,0
2066,9,24,0.30212
2066,9,25,0.09613
2066,9,26,6.5231
2066,9,27,0
2066,9,28,0
2066,9,29,1.3321
2066,9,30,0
2066,10,1,0
2066,10,2,0
2066,10,3,0.32959
2066,10,4,3.5637
2066,10,5,0
2066,10,6,0.98877
2066,10,7,0
2066,10,8,0
2066,10,9,0
2066,10,10,0.054932
2066,10,11,0.20599
2066,10,12,0.41199
2066,10,13,0.49438
2066,10,14,2.0325
2066,10,15,1.6685
2066,10,16,28.894
2066,10,17,0
2066,10,18,0
2066,10,19,0
2066,10,20,0.013733
2066,10,21,0.09613
2066,10,22,0.16479
2066,10,23,7.2922
2066,10,24,22.412
2066,10,25,0
2066,10,26,9.8053
2066,10,27,0.61798
2066,10,28,0
2066,10,29,0.37079
2066,10,30,3.8452
2066,10,31,0
2066,11,1,38.397
2066,11,2,5.7404
2066,11,3,0
2066,11,4,0
2066,11,5,1.0437
2066,11,6,2.4445
2066,11,7,0
2066,11,8,0
2066,11,9,0.87891
2066,11,10,1.6205
2066,11,11,0
2066,11,12,0
2066,11,13,0
2066,11,14,0
2066,11,15,3.8795
2066,11,16,5.9326
2066,11,17,14.117
2066,11,18,17.949
2066,11,19,0.09613
2066,11,20,0
2066,11,21,1.2634
2066,11,22,9.7229
2066,11,23,0.027466
2066,11,24,0.57678
2066,11,25,0.63171
2066,11,26,0.20599
2066,11,27,0.16479
2066,11,28,0
2066,11,29,0
2066,11,30,0
2066,12,1,0
2066,12,2,0
2066,12,3,0
2066,12,4,0
2066,12,5,17.139
2066,12,6,7.2647
2066,12,7,0
2066,12,8,0
2066,12,9,0.027466
2066,12,10,0
2066,12,11,0
2066,12,12,0.54932
2066,12,13,0
2066,12,14,0
2066,12,15,0
2066,12,16,0
2066,12,17,0
2066,12,18,0.23346
2066,12,19,1.7303
2066,12,20,0.30212
2066,12,21,0
2066,12,22,0
2066,12,23,0
2066,12,24,1.442
2066,12,25,0.30212
2066,12,26,0.42572
2066,12,27,0.82397
2066,12,28,1.593
2066,12,29,5.7404
2066,12,30,4.4083
2066,12,31,4.834
2067,1,1,9.9564
2067,1,2,24.966
2067,1,3,6.6605
2067,1,4,1.2222
2067,1,5,0
2067,1,6,0
2067,1,7,0
2067,1,8,0
2067,1,9,0
2067,1,10,0
2067,1,11,0
2067,1,12,0
2067,1,13,7.8827
2067,1,14,29.169
2067,1,15,38.521
2067,1,16,0
2067,1,17,0.068665
2067,1,18,0
2067,1,19,0
2067,1,20,0
2067,1,21,0
2067,1,22,0
2067,1,23,0
2067,1,24,1.3527
2067,1,25,2.2659
2067,1,26,0.71411
2067,1,27,0.054932
2067,1,28,0.48065
2067,1,29,0.52185
2067,1,30,17.166
2067,1,31,0.94757
2067,2,1,0.10986
2067,2,2,5.6992
2067,2,3,8.6655
2067,2,4,3.6118
2067,2,5,0
2067,2,6,4.3465
2067,2,7,0.027466
2067,2,8,0
2067,2,9,0
2067,2,10,3.6255
2067,2,11,4.2023
2067,2,12,2.7878
2067,2,13,4.4357
2067,2,14,0.10986
2067,2,15,0
2067,2,16,0
2067,2,17,2.4239
2067,2,18,0.71411
2067,2,19,0
2067,2,20,0
2067,2,21,0
2067,2,22,0.79651
2067,2,23,0
2067,2,24,17.235
2067,2,25,10.89
2067,2,26,1.8127
2067,2,27,0
2067,2,28,0.13733
2067,3,1,0.027466
2067,3,2,0.41199
2067,3,3,40.691
2067,3,4,3.447
2067,3,5,7.9102
2067,3,6,0.027466
2067,3,7,0
2067,3,8,0
2067,3,9,0.70724
2067,3,10,7.7316
2067,3,11,4.2984
2067,3,12,0.19226
2067,3,13,0
2067,3,14,0
2067,3,15,0
2067,3,16,0
2067,3,17,0
2067,3,18,0
2067,3,19,0
2067,3,20,0
2067,3,21,0.082397
2067,3,22,0
2067,3,23,0
2067,3,24,0
2067,3,25,0
2067,3,26,0
2067,3,27,0
2067,3,28,0.16479
2067,3,29,0
2067,3,30,0.32959
2067,3,31,0.38452
2067,4,1,0.85144
2067,4,2,0
2067,4,3,0.41199
2067,4,4,1.3115
2067,4,5,3.7766
2067,4,6,0
2067,4,7,0.32959
2067,4,8,4.4495
2067,4,9,0
2067,4,10,0
2067,4,11,0
2067,4,12,0
2067,4,13,0
2067,4,14,0.013733
2067,4,15,0
2067,4,16,0.082397
2067,4,17,0
2067,4,18,0
2067,4,19,0
2067,4,20,0
2067,4,21,0
2067,4,22,0
2067,4,23,0.48065
2067,4,24,2.8152
2067,4,25,0
2067,4,26,1.9089
2067,4,27,14.996
2067,4,28,8.6655
2067,4,29,3.7354
2067,4,30,1.1261
2067,5,1,11.536
2067,5,2,23.346
2067,5,3,44.302
2067,5,4,0.81024
2067,5,5,8.1711
2067,5,6,0.42572
2067,5,7,2.0462
2067,5,8,0.027466
2067,5,9,3.5706
2067,5,10,0
2067,5,11,0
2067,5,12,0
2067,5,13,47.282
2067,5,14,19.611
2067,5,15,10.355
2067,5,16,0.15106
2067,5,17,0.1236
2067,5,18,18.237
2067,5,19,2.4033
2067,5,20,2.3483
2067,5,21,0.38452
2067,5,22,0
2067,5,23,0
2067,5,24,0
2067,5,25,1.442
2067,5,26,0
2067,5,27,0.09613
2067,5,28,13.788
2067,5,29,0
2067,5,30,0
2067,5,31,0.0068665
2067,6,1,0
2067,6,2,0.0068665
2067,6,3,0
2067,6,4,0
2067,6,5,0.20599
2067,6,6,0.020599
2067,6,7,0.027466
2067,6,8,0.020599
2067,6,9,0
2067,6,10,0
2067,6,11,0
2067,6,12,0
2067,6,13,0.19226
2067,6,14,6.015
2067,6,15,9.4757
2067,6,16,8.9264
2067,6,17,17.015
2067,6,18,0.87891
2067,6,19,0
2067,6,20,0
2067,6,21,0
2067,6,22,0.28839
2067,6,23,0
2067,6,24,0
2067,6,25,0
2067,6,26,0
2067,6,27,0.068665
2067,6,28,0
2067,6,29,3.0487
2067,6,30,0
2067,7,1,0
2067,7,2,0
2067,7,3,0
2067,7,4,10.67
2067,7,5,0.10986
2067,7,6,0
2067,7,7,0
2067,7,8,0
2067,7,9,0
2067,7,10,0
2067,7,11,0
2067,7,12,9.8671
2067,7,13,0
2067,7,14,0
2067,7,15,3.7079
2067,7,16,0
2067,7,17,0
2067,7,18,0
2067,7,19,0
2067,7,20,0
2067,7,21,0
2067,7,22,0.027466
2067,7,23,0
2067,7,24,8.1161
2067,7,25,1.3184
2067,7,26,0
2067,7,27,0
2067,7,28,0
2067,7,29,0.23346
2067,7,30,0.42572
2067,7,31,0
2067,8,1,0
2067,8,2,0.068665
2067,8,3,0
2067,8,4,0.09613
2067,8,5,0
2067,8,6,0
2067,8,7,0.027466
2067,8,8,2.3071
2067,8,9,0
2067,8,10,0
2067,8,11,0
2067,8,12,0
2067,8,13,0
2067,8,14,0
2067,8,15,0
2067,8,16,0
2067,8,17,0
2067,8,18,0
2067,8,19,3.6804
2067,8,20,2.0874
2067,8,21,0.63171
2067,8,22,0.041199
2067,8,23,0.24719
2067,8,24,0
2067,8,25,0
2067,8,26,0.041199
2067,8,27,6.839
2067,8,28,0
2067,8,29,0
2067,8,30,0
2067,8,31,0
2067,9,1,0
2067,9,2,0
2067,9,3,40.746
2067,9,4,89.47
2067,9,5,1.0574
2067,9,6,0.39825
2067,9,7,0
2067,9,8,10.313
2067,9,9,9.1187
2067,9,10,9.0775
2067,9,11,0
2067,9,12,0.034332
2067,9,13,0
2067,9,14,0
2067,9,15,0.013733
2067,9,16,0
2067,9,17,0
2067,9,18,1.6617
2067,9,19,0.13046
2067,9,20,1.6617
2067,9,21,0.041199
2067,9,22,0.068665
2067,9,23,0.16479
2067,9,24,0.13733
2067,9,25,5.2185
2067,9,26,0.075531
2067,9,27,8.0887
2067,9,28,15.326
2067,9,29,21.918
2067,9,30,0.054932
2067,10,1,0
2067,10,2,0
2067,10,3,0
2067,10,4,0
2067,10,5,0.54932
2067,10,6,0
2067,10,7,0
2067,10,8,0
2067,10,9,0
2067,10,10,0
2067,10,11,0
2067,10,12,0
2067,10,13,0
2067,10,14,0
2067,10,15,0
2067,10,16,0
2067,10,17,0
2067,10,18,0
2067,10,19,0
2067,10,20,0
2067,10,21,0
2067,10,22,0
2067,10,23,0
2067,10,24,0
2067,10,25,0.15106
2067,10,26,2.774
2067,10,27,54.478
2067,10,28,60.645
2067,10,29,0.54932
2067,10,30,0.76904
2067,10,31,0
2067,11,1,0.17166
2067,11,2,0.70038
2067,11,3,6.8939
2067,11,4,1.4557
2067,11,5,0.013733
2067,11,6,1.5244
2067,11,7,9.5856
2067,11,8,0
2067,11,9,0
2067,11,10,0.23346
2067,11,11,1.2222
2067,11,12,4.6005
2067,11,13,2.0874
2067,11,14,5.6168
2067,11,15,3.2547
2067,11,16,0
2067,11,17,0
2067,11,18,0
2067,11,19,3.5431
2067,11,20,5.2322
2067,11,21,9.2972
2067,11,22,0
2067,11,23,0
2067,11,24,7.5394
2067,11,25,4.6692
2067,11,26,2.4788
2067,11,27,0.041199
2067,11,28,0.21286
2067,11,29,0.90637
2067,11,30,0
2067,12,1,0
2067,12,2,0
2067,12,3,0.054932
2067,12,4,0.26779
2067,12,5,8.5831
2067,12,6,0
2067,12,7,0
2067,12,8,0.42572
2067,12,9,10.094
2067,12,10,1.5656
2067,12,11,2.623
2067,12,12,0.013733
2067,12,13,1.0712
2067,12,14,0.027466
2067,12,15,0
2067,12,16,0.054932
2067,12,17,0.054932
2067,12,18,0
2067,12,19,0.68665
2067,12,20,2.5269
2067,12,21,0
2067,12,22,0.013733
2067,12,23,0.041199
2067,12,24,0
2067,12,25,2.1835
2067,12,26,0.37079
2067,12,27,1.6754
2067,12,28,1.5518
2067,12,29,8.6517
2067,12,30,6.5643
2067,12,31,10.19
2068,1,1,0
2068,1,2,0.71411
2068,1,3,11.536
2068,1,4,9.5032
2068,1,5,0.79651
2068,1,6,1.6754
2068,1,7,0.10986
2068,1,8,0.054932
2068,1,9,0.19226
2068,1,10,3.9001
2068,1,11,0.24719
2068,1,12,1.5656
2068,1,13,0.041199
2068,1,14,4.6829
2068,1,15,10.217
2068,1,16,0.13733
2068,1,17,43.341
2068,1,18,0.38452
2068,1,19,1.1124
2068,1,20,0.054932
2068,1,21,0
2068,1,22,0
2068,1,23,0.027466
2068,1,24,1.593
2068,1,25,0.041199
2068,1,26,0.21973
2068,1,27,0
2068,1,28,2.0325
2068,1,29,1.1536
2068,1,30,0
2068,1,31,1.1261
2068,2,1,0.31586
2068,2,2,8.1436
2068,2,3,6.7566
2068,2,4,8.5693
2068,2,5,1.442
2068,2,6,0.027466
2068,2,7,0.027466
2068,2,8,0
2068,2,9,0
2068,2,10,0
2068,2,11,58.475
2068,2,12,7.0724
2068,2,13,0
2068,2,14,0.67291
2068,2,15,0.34332
2068,2,16,1.6068
2068,2,17,0
2068,2,18,1.8814
2068,2,19,38.164
2068,2,20,2.9114
2068,2,21,11.275
2068,2,22,0.27466
2068,2,23,0
2068,2,24,5.4108
2068,2,25,40.869
2068,2,26,0
2068,2,27,3.9551
2068,2,28,3.447
2068,2,29,0
2068,3,1,5.2048
2068,3,2,0
2068,3,3,8.4251
2068,3,4,5.9326
2068,3,5,0
2068,3,6,0
2068,3,7,0
2068,3,8,0
2068,3,9,0.013733
2068,3,10,1.6068
2068,3,11,28.757
2068,3,12,7.4158
2068,3,13,35.918
2068,3,14,5.452
2068,3,15,8.9745
2068,3,16,23.387
2068,3,17,6.3309
2068,3,18,1.7509
2068,3,19,0.054932
2068,3,20,29.787
2068,3,21,0.9613
2068,3,22,0
2068,3,23,1.0712
2068,3,24,0.13733
2068,3,25,2.6505
2068,3,26,0.054932
2068,3,27,0.31586
2068,3,28,0.041199
2068,3,29,0.54932
2068,3,30,2.1561
2068,3,31,0
2068,4,1,0.013733
2068,4,2,0.020599
2068,4,3,0.43945
2068,4,4,9.9014
2068,4,5,0.17853
2068,4,6,0.60425
2068,4,7,1.5999
2068,4,8,0.13046
2068,4,9,0.78964
2068,4,10,0.78278
2068,4,11,0
2068,4,12,1.1398
2068,4,13,0
2068,4,14,0
2068,4,15,0
2068,4,16,0
2068,4,17,0
2068,4,18,0.068665
2068,4,19,2.1286
2068,4,20,2.5131
2068,4,21,1.0574
2068,4,22,0
2068,4,23,0
2068,4,24,0
2068,4,25,0.013733
2068,4,26,0
2068,4,27,0.30212
2068,4,28,3.3371
2068,4,29,0
2068,4,30,0
2068,5,1,0
2068,5,2,0
2068,5,3,0
2068,5,4,2.6093
2068,5,5,29.938
2068,5,6,10.423
2068,5,7,0.041199
2068,5,8,58.09
2068,5,9,9.7778
2068,5,10,7.7316
2068,5,11,0
2068,5,12,0.041199
2068,5,13,0
2068,5,14,0
2068,5,15,0
2068,5,16,4.1748
2068,5,17,40.787
2068,5,18,11.948
2068,5,19,4.8477
2068,5,20,0.90637
2068,5,21,0
2068,5,22,0.054932
2068,5,23,0.13733
2068,5,24,0.09613
2068,5,25,2.3483
2068,5,26,0.98877
2068,5,27,0
2068,5,28,0
2068,5,29,0
2068,5,30,49.136
2068,5,31,0.27466
2068,6,1,1.4832
2068,6,2,0.46692
2068,6,3,0
2068,6,4,0
2068,6,5,0
2068,6,6,0
2068,6,7,0
2068,6,8,0
2068,6,9,0.9613
2068,6,10,3.6667
2068,6,11,7.1136
2068,6,12,0
2068,6,13,0
2068,6,14,0.027466
2068,6,15,1.8951
2068,6,16,1.181
2068,6,17,0.13733
2068,6,18,0
2068,6,19,0
2068,6,20,0
2068,6,21,1.387
2068,6,22,0.76904
2068,6,23,0
2068,6,24,0
2068,6,25,0
2068,6,26,0
2068,6,27,0
2068,6,28,0
2068,6,29,0
2068,6,30,6.3446
2068,7,1,0.68665
2068,7,2,0
2068,7,3,2.5681
2068,7,4,0
2068,7,5,0
2068,7,6,4.2435
2068,7,7,0.041199
2068,7,8,0
2068,7,9,0
2068,7,10,0
2068,7,11,0
2068,7,12,0
2068,7,13,0
2068,7,14,0
2068,7,15,0
2068,7,16,0
2068,7,17,0.48065
2068,7,18,0
2068,7,19,0.048065
2068,7,20,0.068665
2068,7,21,0.16479
2068,7,22,3.9963
2068,7,23,0
2068,7,24,0
2068,7,25,0
2068,7,26,0
2068,7,27,0
2068,7,28,0
2068,7,29,0
2068,7,30,0
2068,7,31,0
2068,8,1,2.9663
2068,8,2,0.082397
2068,8,3,7.608
2068,8,4,0
2068,8,5,28.784
2068,8,6,2.1149
2068,8,7,0
2068,8,8,0.26093
2068,8,9,1.0712
2068,8,10,0
2068,8,11,0.48065
2068,8,12,0.1442
2068,8,13,0.42572
2068,8,14,6.3171
2068,8,15,0
2068,8,16,0
2068,8,17,0
2068,8,18,0
2068,8,19,0
2068,8,20,0
2068,8,21,0
2068,8,22,0
2068,8,23,0
2068,8,24,0
2068,8,25,0
2068,8,26,0
2068,8,27,0
2068,8,28,0
2068,8,29,0
2068,8,30,0.17853
2068,8,31,0
2068,9,1,0
2068,9,2,0
2068,9,3,1.593
2068,9,4,32.89
2068,9,5,0
2068,9,6,0
2068,9,7,0.27466
2068,9,8,0.013733
2068,9,9,0.0068665
2068,9,10,0
2068,9,11,0
2068,9,12,0
2068,9,13,0.74844
2068,9,14,0
2068,9,15,0
2068,9,16,0.0068665
2068,9,17,0.089264
2068,9,18,0.089264
2068,9,19,0
2068,9,20,0
2068,9,21,0
2068,9,22,0.10986
2068,9,23,0.56305
2068,9,24,3.5294
2068,9,25,0.027466
2068,9,26,0
2068,9,27,0.027466
2068,9,28,2.1973
2068,9,29,0.18539
2068,9,30,0.020599
2068,10,1,0
2068,10,2,0
2068,10,3,0.24719
2068,10,4,0.30212
2068,10,5,0
2068,10,6,0.068665
2068,10,7,0
2068,10,8,0.020599
2068,10,9,0.31586
2068,10,10,1.1536
2068,10,11,0.041199
2068,10,12,0.054932
2068,10,13,0.048065
2068,10,14,0.054932
2068,10,15,17.221
2068,10,16,0
2068,10,17,0
2068,10,18,0
2068,10,19,0
2068,10,20,0.103
2068,10,21,0
2068,10,22,0
2068,10,23,2.7603
2068,10,24,3.5568
2068,10,25,0
2068,10,26,1.1536
2068,10,27,0.46005
2068,10,28,3.9963
2068,10,29,0
2068,10,30,0.013733
2068,10,31,0.16479
2068,11,1,0.43945
2068,11,2,4.9713
2068,11,3,0.30212
2068,11,4,13.513
2068,11,5,1.7578
2068,11,6,5.603
2068,11,7,0.10986
2068,11,8,0.09613
2068,11,9,1.1398
2068,11,10,0.089264
2068,11,11,0.30212
2068,11,12,0.76904
2068,11,13,0.57678
2068,11,14,0
2068,11,15,0.068665
2068,11,16,0
2068,11,17,0
2068,11,18,0
2068,11,19,0
2068,11,20,0
2068,11,21,0.19226
2068,11,22,0.63171
2068,11,23,4.3945
2068,11,24,0.13733
2068,11,25,0.13733
2068,11,26,1.0437
2068,11,27,1.0437
2068,11,28,0.38452
2068,11,29,4.1611
2068,11,30,0
2068,12,1,0.082397
2068,12,2,2.2522
2068,12,3,0
2068,12,4,0
2068,12,5,0.26779
2068,12,6,0.061798
2068,12,7,0
2068,12,8,0.013733
2068,12,9,3.0762
2068,12,10,0.013733
2068,12,11,3.4195
2068,12,12,0.013733
2068,12,13,0.67291
2068,12,14,0.10986
2068,12,15,2.7878
2068,12,16,3.2684
2068,12,17,0
2068,12,18,9.6405
2068,12,19,0
2068,12,20,14.049
2068,12,21,9.0088
2068,12,22,0.068665
2068,12,23,0.027466
2068,12,24,0
2068,12,25,0
2068,12,26,0.082397
2068,12,27,15.793
2068,12,28,14.996
2068,12,29,0.082397
2068,12,30,17.413
2068,12,31,70.093
2069,1,1,22.646
2069,1,2,1.8059
2069,1,3,0.56305
2069,1,4,0
2069,1,5,0
2069,1,6,0
2069,1,7,0
2069,1,8,0
2069,1,9,0
2069,1,10,0
2069,1,11,1.5656
2069,1,12,6.1523
2069,1,13,0.68665
2069,1,14,0
2069,1,15,2.6642
2069,1,16,0
2069,1,17,0
2069,1,18,0
2069,1,19,0
2069,1,20,0.054932
2069,1,21,0
2069,1,22,0
2069,1,23,0
2069,1,24,0
2069,1,25,0.16479
2069,1,26,0.10986
2069,1,27,0
2069,1,28,0
2069,1,29,0
2069,1,30,0
2069,1,31,0
2069,2,1,0
2069,2,2,1.593
2069,2,3,0.78278
2069,2,4,1.0712
2069,2,5,0
2069,2,6,0.87891
2069,2,7,10.052
2069,2,8,0.20599
2069,2,9,0.33646
2069,2,10,0
2069,2,11,0.84457
2069,2,12,0
2069,2,13,0
2069,2,14,0
2069,2,15,1.1948
2069,2,16,0.45319
2069,2,17,0.27466
2069,2,18,28.949
2069,2,19,0
2069,2,20,1.9638
2069,2,21,1.0231
2069,2,22,0.32959
2069,2,23,37.12
2069,2,24,9.0775
2069,2,25,7.8964
2069,2,26,0
2069,2,27,2.6093
2069,2,28,10.155
2069,3,1,2.005
2069,3,2,1.3458
2069,3,3,3.241
2069,3,4,0.43945
2069,3,5,38.287
2069,3,6,3.2547
2069,3,7,4.2847
2069,3,8,0
2069,3,9,3.3371
2069,3,10,0.027466
2069,3,11,0
2069,3,12,0
2069,3,13,0
2069,3,14,0
2069,3,15,0
2069,3,16,0
2069,3,17,0.027466
2069,3,18,0.37079
2069,3,19,30.377
2069,3,20,0.87891
2069,3,21,8.7067
2069,3,22,0.013733
2069,3,23,3.7079
2069,3,24,0.34332
2069,3,25,0.16479
2069,3,26,3.8246
2069,3,27,3.2753
2069,3,28,10.519
2069,3,29,0.46692
2069,3,30,0
2069,3,31,4.8065
2069,4,1,0
2069,4,2,0
2069,4,3,0
2069,4,4,0
2069,4,5,0
2069,4,6,0
2069,4,7,0
2069,4,8,0
2069,4,9,1.0025
2069,4,10,0
2069,4,11,0
2069,4,12,0.054932
2069,4,13,0.55618
2069,4,14,1.3733
2069,4,15,0.054932
2069,4,16,0
2069,4,17,0
2069,4,18,0.15106
2069,4,19,0
2069,4,20,0.013733
2069,4,21,0.31586
2069,4,22,0.103
2069,4,23,0.79651
2069,4,24,13.747
2069,4,25,0.57678
2069,4,26,0.32959
2069,4,27,0.013733
2069,4,28,0
2069,4,29,0
2069,4,30,0
2069,5,1,0
2069,5,2,0
2069,5,3,1.5518
2069,5,4,0.49438
2069,5,5,0.63171
2069,5,6,2.5681
2069,5,7,12.483
2069,5,8,0
2069,5,9,0.53558
2069,5,10,0
2069,5,11,0.027466
2069,5,12,4.1748
2069,5,13,11.165
2069,5,14,0.63171
2069,5,15,19.83
2069,5,16,5.4108
2069,5,17,0.52185
2069,5,18,0.054932
2069,5,19,2.3621
2069,5,20,0.35706
2069,5,21,0.13733
2069,5,22,0
2069,5,23,0
2069,5,24,0.082397
2069,5,25,0.082397
2069,5,26,0.1236
2069,5,27,0
2069,5,28,0
2069,5,29,0
2069,5,30,0
2069,5,31,17.551
2069,6,1,3.0487
2069,6,2,0.13733
2069,6,3,0.054932
2069,6,4,0
2069,6,5,0
2069,6,6,0
2069,6,7,0
2069,6,8,0
2069,6,9,0
2069,6,10,0
2069,6,11,0
2069,6,12,5.4382
2069,6,13,19.501
2069,6,14,3.4332
2069,6,15,5.2048
2069,6,16,0.43945
2069,6,17,0
2069,6,18,0.97504
2069,6,19,0.1236
2069,6,20,1.5381
2069,6,21,0.37079
2069,6,22,0.21973
2069,6,23,0.34332
2069,6,24,2.2659
2069,6,25,4.216
2069,6,26,0
2069,6,27,0
2069,6,28,0
2069,6,29,0.17853
2069,6,30,3.8589
2069,7,1,0
2069,7,2,0
2069,7,3,0
2069,7,4,0
2069,7,5,0
2069,7,6,0
2069,7,7,0.09613
2069,7,8,0
2069,7,9,0
2069,7,10,0
2069,7,11,0
2069,7,12,0
2069,7,13,0
2069,7,14,0
2069,7,15,0
2069,7,16,0
2069,7,17,0
2069,7,18,0
2069,7,19,0
2069,7,20,0
2069,7,21,0
2069,7,22,0
2069,7,23,0.013733
2069,7,24,0.89264
2069,7,25,0
2069,7,26,0
2069,7,27,0.027466
2069,7,28,0
2069,7,29,0
2069,7,30,2.0462
2069,7,31,0
2069,8,1,1.4282
2069,8,2,0
2069,8,3,0
2069,8,4,0
2069,8,5,0
2069,8,6,0
2069,8,7,0
2069,8,8,0
2069,8,9,0
2069,8,10,0
2069,8,11,0
2069,8,12,0
2069,8,13,0
2069,8,14,0
2069,8,15,0
2069,8,16,0
2069,8,17,0
2069,8,18,0.020599
2069,8,19,0.43945
2069,8,20,48.354
2069,8,21,0.041199
2069,8,22,0
2069,8,23,0
2069,8,24,0
2069,8,25,0
2069,8,26,0
2069,8,27,0.013733
2069,8,28,0
2069,8,29,0.0068665
2069,8,30,0.027466
2069,8,31,0
2069,9,1,0
2069,9,2,0.61798
2069,9,3,7.8415
2069,9,4,0
2069,9,5,0
2069,9,6,0.013733
2069,9,7,0.0068665
2069,9,8,0.1236
2069,9,9,0
2069,9,10,0.17853
2069,9,11,28.674
2069,9,12,0.041199
2069,9,13,0
2069,9,14,0
2069,9,15,0
2069,9,16,0.013733
2069,9,17,0.1442
2069,9,18,0
2069,9,19,0
2069,9,20,0
2069,9,21,0
2069,9,22,0.75531
2069,9,23,0.59738
2069,9,24,0
2069,9,25,0
2069,9,26,1.8951
2069,9,27,8.3908
2069,9,28,5.9464
2069,9,29,0
2069,9,30,6.7017
2069,10,1,0
2069,10,2,5.3009
2069,10,3,0
2069,10,4,13.197
2069,10,5,3.5568
2069,10,6,0
2069,10,7,0.054932
2069,10,8,0
2069,10,9,0
2069,10,10,0.37079
2069,10,11,0
2069,10,12,0
2069,10,13,1.7441
2069,10,14,19.528
2069,10,15,0
2069,10,16,0
2069,10,17,0
2069,10,18,0
2069,10,19,0.054932
2069,10,20,0.054932
2069,10,21,2.4307
2069,10,22,0.027466
2069,10,23,0.65918
2069,10,24,0.068665
2069,10,25,0.76904
2069,10,26,0
2069,10,27,0
2069,10,28,0.39825
2069,10,29,0.76904
2069,10,30,0.013733
2069,10,31,0
2069,11,1,0
2069,11,2,0
2069,11,3,0
2069,11,4,0
2069,11,5,0
2069,11,6,0
2069,11,7,0
2069,11,8,0
2069,11,9,0.43945
2069,11,10,0.46692
2069,11,11,4.9164
2069,11,12,0.30212
2069,11,13,0
2069,11,14,0
2069,11,15,0.15106
2069,11,16,0
2069,11,17,0
2069,11,18,0.13733
2069,11,19,5.7816
2069,11,20,0.39825
2069,11,21,1.7715
2069,11,22,15.436
2069,11,23,0.60425
2069,11,24,0
2069,11,25,0
2069,11,26,1.7029
2069,11,27,0
2069,11,28,0
2069,11,29,0
2069,11,30,0
2069,12,1,0
2069,12,2,0
2069,12,3,0
2069,12,4,0
2069,12,5,0
2069,12,6,0
2069,12,7,1.0986
2069,12,8,0
2069,12,9,1.1398
2069,12,10,0.74158
2069,12,11,0.041199
2069,12,12,0.82397
2069,12,13,0.082397
2069,12,14,0.59052
2069,12,15,0.1236
2069,12,16,0.041199
2069,12,17,0.041199
2069,12,18,0.027466
2069,12,19,13.953
2069,12,20,0.32959
2069,12,21,0
2069,12,22,0.075531
2069,12,23,0.027466
2069,12,24,0.39825
2069,12,25,0
2069,12,26,0.41199
2069,12,27,0.57678
2069,12,28,1.3321
2069,12,29,0.32959
2069,12,30,0.1236
2069,12,31,1.4969
2070,1,1,0.32959
2070,1,2,2.4033
2070,1,3,0.027466
2070,1,4,0
2070,1,5,0
2070,1,6,0.027466
2070,1,7,0.082397
2070,1,8,0
2070,1,9,0
2070,1,10,0
2070,1,11,0.027466
2070,1,12,0.54245
2070,1,13,4.1061
2070,1,14,0.027466
2070,1,15,0.85144
2070,1,16,1.0025
2070,1,17,1.7029
2070,1,18,2.0187
2070,1,19,17.537
2070,1,20,0.50812
2070,1,21,0
2070,1,22,6.9763
2070,1,23,0
2070,1,24,0.027466
2070,1,25,2.1423
2070,1,26,0.82397
2070,1,27,5.658
2070,1,28,6.9214
2070,1,29,0
2070,1,30,0.78278
2070,1,31,0
2070,2,1,0
2070,2,2,0.027466
2070,2,3,0.013733
2070,2,4,0
2070,2,5,6.1249
2070,2,6,127.39
2070,2,7,1.2772
2070,2,8,3.1723
2070,2,9,0
2070,2,10,1.7715
2070,2,11,14.557
2070,2,12,0
2070,2,13,0
2070,2,14,0
2070,2,15,0
2070,2,16,0
2070,2,17,0
2070,2,18,0
2070,2,19,0
2070,2,20,0
2070,2,21,1.1948
2070,2,22,0.09613
2070,2,23,0.61798
2070,2,24,0.43945
2070,2,25,0.020599
2070,2,26,0
2070,2,27,0.32959
2070,2,28,0.21286
2070,3,1,12.277
2070,3,2,12.593
2070,3,3,0.027466
2070,3,4,0.28839
2070,3,5,0.082397
2070,3,6,0.027466
2070,3,7,0
2070,3,8,0.09613
2070,3,9,0.09613
2070,3,10,0
2070,3,11,0
2070,3,12,0.027466
2070,3,13,0
2070,3,14,0.74158
2070,3,15,2.0119
2070,3,16,17.166
2070,3,17,0.013733
2070,3,18,0.041199
2070,3,19,4.1199
2070,3,20,0
2070,3,21,0.027466
2070,3,22,0.98877
2070,3,23,0.24719
2070,3,24,0
2070,3,25,0
2070,3,26,0
2070,3,27,0
2070,3,28,0.013733
2070,3,29,0.20599
2070,3,30,0.1236
2070,3,31,0.17853
2070,4,1,0
2070,4,2,0
2070,4,3,0.041199
2070,4,4,0.35706
2070,4,5,0
2070,4,6,5.1224
2070,4,7,11.288
2070,4,8,2.0874
2070,4,9,1.9089
2070,4,10,4.1748
2070,4,11,0.054932
2070,4,12,0
2070,4,13,0.15106
2070,4,14,0.027466
2070,4,15,0
2070,4,16,0
2070,4,17,0.71411
2070,4,18,6.1249
2070,4,19,0.75531
2070,4,20,0.13733
2070,4,21,1.4557
2070,4,22,0.19226
2070,4,23,0
2070,4,24,5.9464
2070,4,25,0.90637
2070,4,26,0.86517
2070,4,27,0
2070,4,28,0.80338
2070,4,29,0
2070,4,30,0
2070,5,1,0
2070,5,2,0
2070,5,3,0.013733
2070,5,4,0
2070,5,5,0
2070,5,6,0
2070,5,7,0
2070,5,8,0
2070,5,9,0
2070,5,10,0
2070,5,11,0
2070,5,12,0
2070,5,13,0
2070,5,14,0
2070,5,15,0
2070,5,16,0
2070,5,17,0
2070,5,18,0
2070,5,19,0
2070,5,20,0
2070,5,21,0.24719
2070,5,22,0
2070,5,23,2.829
2070,5,24,0
2070,5,25,0
2070,5,26,0
2070,5,27,0
2070,5,28,0.013733
2070,5,29,4.216
2070,5,30,0
2070,5,31,0.041199
2070,6,1,1.2497
2070,6,2,10.959
2070,6,3,0.013733
2070,6,4,16.068
2070,6,5,1.1673
2070,6,6,69.214
2070,6,7,0.87891
2070,6,8,2.0874
2070,6,9,7.2372
2070,6,10,0
2070,6,11,0
2070,6,12,0
2070,6,13,0
2070,6,14,0
2070,6,15,0
2070,6,16,0
2070,6,17,0.013733
2070,6,18,0.67291
2070,6,19,1.0574
2070,6,20,2.6779
2070,6,21,0.17853
2070,6,22,0
2070,6,23,0
2070,6,24,0
2070,6,25,0
2070,6,26,0.054932
2070,6,27,1.2085
2070,6,28,0
2070,6,29,0
2070,6,30,0
2070,7,1,0.24719
2070,7,2,0
2070,7,3,0
2070,7,4,0
2070,7,5,0
2070,7,6,0
2070,7,7,0
2070,7,8,0
2070,7,9,0
2070,7,10,0.027466
2070,7,11,0
2070,7,12,0
2070,7,13,0
2070,7,14,0
2070,7,15,0.17853
2070,7,16,0
2070,7,17,0
2070,7,18,0
2070,7,19,0.013733
2070,7,20,3.7834
2070,7,21,0
2070,7,22,0.082397
2070,7,23,0.041199
2070,7,24,0
2070,7,25,0
2070,7,26,0
2070,7,27,0.98877
2070,7,28,0
2070,7,29,1.3321
2070,7,30,1.5381
2070,7,31,0
2070,8,1,0.020599
2070,8,2,0.10986
2070,8,3,6.3858
2070,8,4,0
2070,8,5,0
2070,8,6,0
2070,8,7,0
2070,8,8,0
2070,8,9,0
2070,8,10,0
2070,8,11,5.0812
2070,8,12,5.4932
2070,8,13,0.041199
2070,8,14,1.3664
2070,8,15,7.7866
2070,8,16,0
2070,8,17,0
2070,8,18,0
2070,8,19,0
2070,8,20,0
2070,8,21,0
2070,8,22,0.013733
2070,8,23,0
2070,8,24,0
2070,8,25,0.57678
2070,8,26,4.2847
2070,8,27,0.068665
2070,8,28,0
2070,8,29,0
2070,8,30,0
2070,8,31,0
2070,9,1,1.5999
2070,9,2,42.751
2070,9,3,0
2070,9,4,0.1442
2070,9,5,14.598
2070,9,6,0
2070,9,7,0
2070,9,8,8.226
2070,9,9,0
2070,9,10,3.7079
2070,9,11,0.37079
2070,9,12,0
2070,9,13,0
2070,9,14,0
2070,9,15,0
2070,9,16,0.60425
2070,9,17,25.681
2070,9,18,16.177
2070,9,19,0
2070,9,20,0.9201
2070,9,21,0
2070,9,22,0
2070,9,23,0.9201
2070,9,24,10.67
2070,9,25,0
2070,9,26,0.37079
2070,9,27,13.252
2070,9,28,0.013733
2070,9,29,0
2070,9,30,0
2070,10,1,0
2070,10,2,0
2070,10,3,0
2070,10,4,0.054932
2070,10,5,0.082397
2070,10,6,0
2070,10,7,0
2070,10,8,0
2070,10,9,0
2070,10,10,0
2070,10,11,0
2070,10,12,0
2070,10,13,0
2070,10,14,0
2070,10,15,0.09613
2070,10,16,0.068665
2070,10,17,1.2772
2070,10,18,0.24719
2070,10,19,0
2070,10,20,0.054932
2070,10,21,4.216
2070,10,22,0.0068665
2070,10,23,5.5756
2070,10,24,5.6305
2070,10,25,50.002
2070,10,26,0
2070,10,27,0
2070,10,28,0.45319
2070,10,29,0
2070,10,30,0
2070,10,31,0
2070,11,1,0
2070,11,2,0
2070,11,3,0
2070,11,4,7.7248
2070,11,5,0.082397
2070,11,6,1.4557
2070,11,7,0.24719
2070,11,8,1.1192
2070,11,9,0.29526
2070,11,10,0.56305
2070,11,11,0
2070,11,12,0
2070,11,13,0
2070,11,14,0
2070,11,15,19.288
2070,11,16,62.251
2070,11,17,1.5793
2070,11,18,23.95
2070,11,19,33.179
2070,11,20,22.137
2070,11,21,48.395
2070,11,22,1.6205
2070,11,23,2.6779
2070,11,24,0
2070,11,25,0
2070,11,26,0
2070,11,27,7.8827
2070,11,28,0
2070,11,29,7.9651
2070,11,30,9.3521
2070,12,1,0
2070,12,2,0
2070,12,3,0
2070,12,4,5.9052
2070,12,5,1.5244
2070,12,6,51.828
2070,12,7,1.7029
2070,12,8,0.21973
2070,12,9,0
2070,12,10,0.068665
2070,12,11,2.7328
2070,12,12,0.027466
2070,12,13,0.21973
2070,12,14,4.5456
2070,12,15,0.19226
2070,12,16,0.23346
2070,12,17,6.1111
2070,12,18,0
2070,12,19,0
2070,12,20,0.39825
2070,12,21,7.0038
2070,12,22,1.5793
2070,12,23,2.8702
2070,12,24,8.8028
2070,12,25,2.5131
2070,12,26,0
2070,12,27,0
2070,12,28,0
2070,12,29,0
2070,12,30,0
2070,12,31,0
2071,1,1,0
2071,1,2,0
2071,1,3,0
2071,1,4,0
2071,1,5,0
2071,1,6,0
2071,1,7,0
2071,1,8,1.0437
2071,1,9,0.57678
2071,1,10,0.17853
2071,1,11,2.4033
2071,1,12,1.0712
2071,1,13,0.17853
2071,1,14,1.7578
2071,1,15,4.8615
2071,1,16,0.24719
2071,1,17,0.027466
2071,1,18,0
2071,1,19,0
2071,1,20,0.027466
2071,1,21,6.2485
2071,1,22,0
2071,1,23,17.798
2071,1,24,49.342
2071,1,25,4.2435
2071,1,26,12.607
2071,1,27,4.7379
2071,1,28,0.027466
2071,1,29,0.15106
2071,1,30,0
2071,1,31,2.3483
2071,2,1,0.041199
2071,2,2,40.828
2071,2,3,0
2071,2,4,0
2071,2,5,0.30212
2071,2,6,1.6136
2071,2,7,1.5793
2071,2,8,1.2497
2071,2,9,1.8402
2071,2,10,0.67291
2071,2,11,5.1636
2071,2,12,0.041199
2071,2,13,0.72784
2071,2,14,0.21973
2071,2,15,0
2071,2,16,0
2071,2,17,0
2071,2,18,0
2071,2,19,0.041199
2071,2,20,0
2071,2,21,0
2071,2,22,0
2071,2,23,0
2071,2,24,0
2071,2,25,0
2071,2,26,0
2071,2,27,0
2071,2,28,0
2071,3,1,0
2071,3,2,0
2071,3,3,5.1361
2071,3,4,8.638
2071,3,5,0
2071,3,6,2.0805
2071,3,7,0.054932
2071,3,8,0
2071,3,9,0
2071,3,10,0
2071,3,11,0
2071,3,12,0.16479
2071,3,13,0
2071,3,14,0
2071,3,15,0.013733
2071,3,16,0
2071,3,17,0
2071,3,18,0
2071,3,19,1.442
2071,3,20,2.8702
2071,3,21,0
2071,3,22,0
2071,3,23,0.041199
2071,3,24,0.98877
2071,3,25,14.694
2071,3,26,0.11673
2071,3,27,11.508
2071,3,28,0.45319
2071,3,29,3.241
2071,3,30,100.79
2071,3,31,17.331
2071,4,1,4.216
2071,4,2,0.19226
2071,4,3,0
2071,4,4,8.5007
2071,4,5,0.54932
2071,4,6,0
2071,4,7,0
2071,4,8,0
2071,4,9,0.23346
2071,4,10,0.027466
2071,4,11,0.19226
2071,4,12,0
2071,4,13,0.86517
2071,4,14,10.004
2071,4,15,0
2071,4,16,0
2071,4,17,0
2071,4,18,3.9207
2071,4,19,4.1336
2071,4,20,0.10986
2071,4,21,0.9201
2071,4,22,1.0849
2071,4,23,6.1111
2071,4,24,0
2071,4,25,0
2071,4,26,0
2071,4,27,1.8402
2071,4,28,0
2071,4,29,0
2071,4,30,0.31586
2071,5,1,0.57678
2071,5,2,0
2071,5,3,1.5106
2071,5,4,0
2071,5,5,0
2071,5,6,0.9407
2071,5,7,0.67291
2071,5,8,0.23346
2071,5,9,32.657
2071,5,10,2.0737
2071,5,11,0.97504
2071,5,12,0.054932
2071,5,13,9.0363
2071,5,14,1.3458
2071,5,15,0.082397
2071,5,16,0.78278
2071,5,17,0.90637
2071,5,18,3.186
2071,5,19,0.41199
2071,5,20,15.285
2071,5,21,13.074
2071,5,22,0.24719
2071,5,23,15.724
2071,5,24,24.87
2071,5,25,3.4058
2071,5,26,0.013733
2071,5,27,2.3483
2071,5,28,6.9763
2071,5,29,0.013733
2071,5,30,0.32959
2071,5,31,0.76904
2071,6,1,10.506
2071,6,2,3.7354
2071,6,3,0
2071,6,4,0
2071,6,5,6.1043
2071,6,6,0.09613
2071,6,7,0
2071,6,8,0
2071,6,9,0
2071,6,10,2.2659
2071,6,11,0
2071,6,12,0
2071,6,13,0
2071,6,14,1.5312
2071,6,15,2.3483
2071,6,16,0.21973
2071,6,17,0
2071,6,18,0
2071,6,19,0
2071,6,20,0
2071,6,21,0
2071,6,22,0.041199
2071,6,23,0
2071,6,24,3.9413
2071,6,25,0
2071,6,26,0
2071,6,27,0
2071,6,28,0
2071,6,29,0
2071,6,30,0
2071,7,1,0
2071,7,2,0
2071,7,3,0
2071,7,4,0
2071,7,5,0
2071,7,6,3.8177
2071,7,7,0
2071,7,8,0
2071,7,9,0
2071,7,10,0
2071,7,11,0
2071,7,12,0
2071,7,13,0
2071,7,14,0
2071,7,15,0
2071,7,16,18.388
2071,7,17,2.9938
2071,7,18,0
2071,7,19,0
2071,7,20,0
2071,7,21,0
2071,7,22,0
2071,7,23,0
2071,7,24,0
2071,7,25,0
2071,7,26,0.041199
2071,7,27,0
2071,7,28,0
2071,7,29,0
2071,7,30,0
2071,7,31,0
2071,8,1,0
2071,8,2,0
2071,8,3,0
2071,8,4,0
2071,8,5,1.6205
2071,8,6,0.027466
2071,8,7,0
2071,8,8,0.013733
2071,8,9,0
2071,8,10,0
2071,8,11,0
2071,8,12,3.7903
2071,8,13,0
2071,8,14,0.32959
2071,8,15,1.5656
2071,8,16,0.78964
2071,8,17,0
2071,8,18,0
2071,8,19,0
2071,8,20,0
2071,8,21,0.16479
2071,8,22,0.068665
2071,8,23,0
2071,8,24,0
2071,8,25,0
2071,8,26,0.041199
2071,8,27,0
2071,8,28,1.9913
2071,8,29,4.7447
2071,8,30,0
2071,8,31,0
2071,9,1,0.35706
2071,9,2,0.075531
2071,9,3,0.0068665
2071,9,4,0
2071,9,5,0
2071,9,6,0
2071,9,7,0
2071,9,8,0.79651
2071,9,9,27.136
2071,9,10,0
2071,9,11,0
2071,9,12,24.211
2071,9,13,0
2071,9,14,0
2071,9,15,0.64545
2071,9,16,0.28839
2071,9,17,0.20599
2071,9,18,0
2071,9,19,0.75531
2071,9,20,0
2071,9,21,0.19913
2071,9,22,0
2071,9,23,0
2071,9,24,0
2071,9,25,0
2071,9,26,0
2071,9,27,0
2071,9,28,0.53558
2071,9,29,0
2071,9,30,0
2071,10,1,23.785
2071,10,2,40.704
2071,10,3,1.5381
2071,10,4,0.82397
2071,10,5,0
2071,10,6,0
2071,10,7,0.85144
2071,10,8,1.4145
2071,10,9,0
2071,10,10,0
2071,10,11,0
2071,10,12,0
2071,10,13,0
2071,10,14,0
2071,10,15,0
2071,10,16,0
2071,10,17,0
2071,10,18,0
2071,10,19,0
2071,10,20,0
2071,10,21,0
2071,10,22,0.054932
2071,10,23,17.235
2071,10,24,0.90637
2071,10,25,0
2071,10,26,12.607
2071,10,27,0.41199
2071,10,28,0
2071,10,29,0.43945
2071,10,30,1.0162
2071,10,31,13.87
2071,11,1,0
2071,11,2,0.60425
2071,11,3,13.087
2071,11,4,3.447
2071,11,5,0
2071,11,6,0
2071,11,7,12.95
2071,11,8,1.4282
2071,11,9,1.2085
2071,11,10,0
2071,11,11,0
2071,11,12,20.009
2071,11,13,0.027466
2071,11,14,0.082397
2071,11,15,5.2734
2071,11,16,0.56305
2071,11,17,0.43945
2071,11,18,5.3284
2071,11,19,3.5431
2071,11,20,3.7903
2071,11,21,0
2071,11,22,1.0986
2071,11,23,0
2071,11,24,0
2071,11,25,0
2071,11,26,0
2071,11,27,1.7441
2071,11,28,13.033
2071,11,29,1.3046
2071,11,30,16.37
2071,12,1,30.775
2071,12,2,13.376
2071,12,3,54.465
2071,12,4,7.6767
2071,12,5,4.8203
2071,12,6,12.085
2071,12,7,1.6136
2071,12,8,0
2071,12,9,0.054932
2071,12,10,0
2071,12,11,0
2071,12,12,0
2071,12,13,1.0437
2071,12,14,3.4058
2071,12,15,0
2071,12,16,0.13733
2071,12,17,0
2071,12,18,0
2071,12,19,0.32959
2071,12,20,0
2071,12,21,0
2071,12,22,0
2071,12,23,0
2071,12,24,0
2071,12,25,0.054932
2071,12,26,0
2071,12,27,0.41199
2071,12,28,0
2071,12,29,0.068665
2071,12,30,2.8564
2071,12,31,0.068665
2072,1,1,0.30212
2072,1,2,0.37079
2072,1,3,0.0068665
2072,1,4,0.20599
2072,1,5,6.2622
2072,1,6,44.467
2072,1,7,0
2072,1,8,0
2072,1,9,0
2072,1,10,0
2072,1,11,0.90637
2072,1,12,0.20599
2072,1,13,0
2072,1,14,0.86517
2072,1,15,2.005
2072,1,16,0.68665
2072,1,17,0.068665
2072,1,18,0.63171
2072,1,19,1.03
2072,1,20,1.9501
2072,1,21,0.46692
2072,1,22,1.7441
2072,1,23,0
2072,1,24,0
2072,1,25,0
2072,1,26,0
2072,1,27,0
2072,1,28,0
2072,1,29,0
2072,1,30,0
2072,1,31,0
2072,2,1,0
2072,2,2,0
2072,2,3,2.417
2072,2,4,4.3121
2072,2,5,0.068665
2072,2,6,0
2072,2,7,0.09613
2072,2,8,0.31586
2072,2,9,0.054932
2072,2,10,0.82397
2072,2,11,0.13046
2072,2,12,0
2072,2,13,0
2072,2,14,0
2072,2,15,0
2072,2,16,0
2072,2,17,0
2072,2,18,0
2072,2,19,0
2072,2,20,0
2072,2,21,0
2072,2,22,5.5756
2072,2,23,0.054932
2072,2,24,0.013733
2072,2,25,0
2072,2,26,0.52185
2072,2,27,0.013733
2072,2,28,0
2072,2,29,0
2072,3,1,0
2072,3,2,0
2072,3,3,0
2072,3,4,0
2072,3,5,0
2072,3,6,13.445
2072,3,7,0.35706
2072,3,8,0
2072,3,9,0
2072,3,10,0.054932
2072,3,11,1.4282
2072,3,12,0.26093
2072,3,13,0.082397
2072,3,14,0.1236
2072,3,15,0
2072,3,16,2.1149
2072,3,17,0
2072,3,18,0
2072,3,19,0
2072,3,20,0
2072,3,21,0.27466
2072,3,22,0.013733
2072,3,23,7.0587
2072,3,24,0
2072,3,25,0
2072,3,26,0.28839
2072,3,27,0.60425
2072,3,28,1.3321
2072,3,29,0.09613
2072,3,30,0.74158
2072,3,31,0
2072,4,1,0
2072,4,2,0
2072,4,3,0
2072,4,4,0
2072,4,5,0
2072,4,6,0.35706
2072,4,7,0
2072,4,8,0
2072,4,9,0
2072,4,10,0.054932
2072,4,11,14.474
2072,4,12,3.2684
2072,4,13,0
2072,4,14,2.9526
2072,4,15,0
2072,4,16,0
2072,4,17,0
2072,4,18,0
2072,4,19,0
2072,4,20,0
2072,4,21,0
2072,4,22,0
2072,4,23,0.19226
2072,4,24,0
2072,4,25,0
2072,4,26,0
2072,4,27,0
2072,4,28,2.0462
2072,4,29,0.42572
2072,4,30,0
2072,5,1,0
2072,5,2,0.027466
2072,5,3,0.98877
2072,5,4,0.23346
2072,5,5,2.1286
2072,5,6,1.6342
2072,5,7,24.101
2072,5,8,24.554
2072,5,9,0.16479
2072,5,10,14.619
2072,5,11,0
2072,5,12,2.3209
2072,5,13,0
2072,5,14,0.75531
2072,5,15,0.013733
2072,5,16,0
2072,5,17,0
2072,5,18,0
2072,5,19,0
2072,5,20,0
2072,5,21,0
2072,5,22,0.32959
2072,5,23,0.013733
2072,5,24,0
2072,5,25,0.10986
2072,5,26,0
2072,5,27,0.041199
2072,5,28,0
2072,5,29,2.726
2072,5,30,0.97504
2072,5,31,0
2072,6,1,0.61798
2072,6,2,8.1024
2072,6,3,0
2072,6,4,0
2072,6,5,0
2072,6,6,0
2072,6,7,0
2072,6,8,1.078
2072,6,9,0
2072,6,10,0.0068665
2072,6,11,1.8127
2072,6,12,0
2072,6,13,0
2072,6,14,0
2072,6,15,0
2072,6,16,0
2072,6,17,0
2072,6,18,0
2072,6,19,0
2072,6,20,0
2072,6,21,0
2072,6,22,0
2072,6,23,2.3071
2072,6,24,0.52185
2072,6,25,0
2072,6,26,0
2072,6,27,0
2072,6,28,0
2072,6,29,0
2072,6,30,0
2072,7,1,0
2072,7,2,0
2072,7,3,0.09613
2072,7,4,0.76904
2072,7,5,0
2072,7,6,0
2072,7,7,0
2072,7,8,0
2072,7,9,0
2072,7,10,0
2072,7,11,0
2072,7,12,0
2072,7,13,0
2072,7,14,0
2072,7,15,0
2072,7,16,0
2072,7,17,0.0068665
2072,7,18,0
2072,7,19,0
2072,7,20,0
2072,7,21,0
2072,7,22,0
2072,7,23,0
2072,7,24,0
2072,7,25,0
2072,7,26,0
2072,7,27,0
2072,7,28,0
2072,7,29,0
2072,7,30,0
2072,7,31,11.7
2072,8,1,0.027466
2072,8,2,0.013733
2072,8,3,0
2072,8,4,0
2072,8,5,0.56992
2072,8,6,0
2072,8,7,0
2072,8,8,0.041199
2072,8,9,0
2072,8,10,0.1236
2072,8,11,0
2072,8,12,0.30212
2072,8,13,0
2072,8,14,0
2072,8,15,0.013733
2072,8,16,0.082397
2072,8,17,0.013733
2072,8,18,0.027466
2072,8,19,4.5044
2072,8,20,5.603
2072,8,21,1.5518
2072,8,22,0
2072,8,23,0
2072,8,24,0
2072,8,25,0
2072,8,26,0
2072,8,27,4.6967
2072,8,28,0
2072,8,29,0
2072,8,30,0.44632
2072,8,31,4.1885
2072,9,1,0
2072,9,2,0.23346
2072,9,3,7.9651
2072,9,4,12.909
2072,9,5,0.72784
2072,9,6,18.855
2072,9,7,0
2072,9,8,0
2072,9,9,0.054932
2072,9,10,21.423
2072,9,11,19.267
2072,9,12,0.054932
2072,9,13,0.027466
2072,9,14,0.048065
2072,9,15,28.015
2072,9,16,3.7903
2072,9,17,0
2072,9,18,0
2072,9,19,0.054932
2072,9,20,0
2072,9,21,0
2072,9,22,0
2072,9,23,0
2072,9,24,0
2072,9,25,0
2072,9,26,0
2072,9,27,0
2072,9,28,0.027466
2072,9,29,0.13733
2072,9,30,13.911
2072,10,1,76.726
2072,10,2,30.872
2072,10,3,3.2684
2072,10,4,7.4295
2072,10,5,3.7766
2072,10,6,0.041199
2072,10,7,0.16479
2072,10,8,89.621
2072,10,9,6.0974
2072,10,10,1.7578
2072,10,11,5.5069
2072,10,12,0
2072,10,13,0
2072,10,14,0
2072,10,15,0
2072,10,16,0
2072,10,17,0.020599
2072,10,18,2.6642
2072,10,19,0
2072,10,20,0
2072,10,21,0
2072,10,22,0
2072,10,23,0.32959
2072,10,24,0.52185
2072,10,25,0.61798
2072,10,26,0
2072,10,27,0.71411
2072,10,28,2.1698
2072,10,29,9.1187
2072,10,30,0
2072,10,31,0
2072,11,1,0.082397
2072,11,2,0.20599
2072,11,3,0
2072,11,4,0
2072,11,5,0
2072,11,6,0
2072,11,7,0
2072,11,8,0
2072,11,9,0.027466
2072,11,10,0
2072,11,11,0
2072,11,12,0.16479
2072,11,13,0.09613
2072,11,14,0
2072,11,15,0.13733
2072,11,16,20.284
2072,11,17,8.6655
2072,11,18,4.9438
2072,11,19,0.027466
2072,11,20,0
2072,11,21,0.061798
2072,11,22,17.798
2072,11,23,0.68665
2072,11,24,2.7191
2072,11,25,5.2048
2072,11,26,0.57678
2072,11,27,0.027466
2072,11,28,2.8702
2072,11,29,0
2072,11,30,1.1948
2072,12,1,1.1261
2072,12,2,5.8228
2072,12,3,0.98877
2072,12,4,3.9001
2072,12,5,0
2072,12,6,3.7628
2072,12,7,28.084
2072,12,8,0
2072,12,9,1.0712
2072,12,10,0
2072,12,11,0
2072,12,12,1.5518
2072,12,13,23.799
2072,12,14,0
2072,12,15,3.6118
2072,12,16,0
2072,12,17,0.013733
2072,12,18,1.6754
2072,12,19,1.0712
2072,12,20,0.83771
2072,12,21,0.20599
2072,12,22,0.94757
2072,12,23,6.3446
2072,12,24,0
2072,12,25,0.42572
2072,12,26,5.9738
2072,12,27,8.3221
2072,12,28,6.5231
2072,12,29,3.0624
2072,12,30,5.4382
2072,12,31,3.2959
2073,1,1,0
2073,1,2,0
2073,1,3,0.74158
2073,1,4,1.4145
2073,1,5,0
2073,1,6,6.2759
2073,1,7,0.068665
2073,1,8,0.24033
2073,1,9,0.013733
2073,1,10,0.35706
2073,1,11,4.8752
2073,1,12,4.7447
2073,1,13,0
2073,1,14,0
2073,1,15,0.013733
2073,1,16,0.76904
2073,1,17,0.041199
2073,1,18,0
2073,1,19,0
2073,1,20,0
2073,1,21,0
2073,1,22,0
2073,1,23,0
2073,1,24,0
2073,1,25,0
2073,1,26,0
2073,1,27,0.63171
2073,1,28,0
2073,1,29,0
2073,1,30,0.020599
2073,1,31,0
2073,2,1,0.34332
2073,2,2,0.74158
2073,2,3,3.1311
2073,2,4,0.27466
2073,2,5,0.16479
2073,2,6,0
2073,2,7,0
2073,2,8,0
2073,2,9,1.9089
2073,2,10,1.0712
2073,2,11,1.6205
2073,2,12,0.24719
2073,2,13,0.054932
2073,2,14,0.09613
2073,2,15,10.492
2073,2,16,0
2073,2,17,1.387
2073,2,18,1.6891
2073,2,19,0.43945
2073,2,20,0.09613
2073,2,21,14.021
2073,2,22,2.7878
2073,2,23,0.13733
2073,2,24,1.8402
2073,2,25,0.87891
2073,2,26,3.4126
2073,2,27,0.034332
2073,2,28,6.7429
2073,3,1,6.0837
2073,3,2,0.31586
2073,3,3,0
2073,3,4,0
2073,3,5,0
2073,3,6,0
2073,3,7,2.3209
2073,3,8,16.85
2073,3,9,55.412
2073,3,10,9.1599
2073,3,11,6.3789
2073,3,12,8.8989
2073,3,13,1.5656
2073,3,14,4.7379
2073,3,15,0.45319
2073,3,16,0
2073,3,17,0
2073,3,18,0.15106
2073,3,19,3.5843
2073,3,20,60.466
2073,3,21,16.054
2073,3,22,3.9413
2073,3,23,43.561
2073,3,24,8.4183
2073,3,25,7.7454
2073,3,26,0
2073,3,27,0
2073,3,28,0
2073,3,29,1.0025
2073,3,30,25.681
2073,3,31,10.176
2073,4,1,0.27466
2073,4,2,2.2659
2073,4,3,0.013733
2073,4,4,0
2073,4,5,0
2073,4,6,0
2073,4,7,0
2073,4,8,0.24719
2073,4,9,0.027466
2073,4,10,0.068665
2073,4,11,0.09613
2073,4,12,0
2073,4,13,0.013733
2073,4,14,0.041199
2073,4,15,3.9413
2073,4,16,0.034332
2073,4,17,0
2073,4,18,0
2073,4,19,0
2073,4,20,0
2073,4,21,0
2073,4,22,3.7148
2073,4,23,0.48752
2073,4,24,0
2073,4,25,0
2073,4,26,0
2073,4,27,0
2073,4,28,1.6617
2073,4,29,0.013733
2073,4,30,0
2073,5,1,0
2073,5,2,0
2073,5,3,5.6168
2073,5,4,13.87
2073,5,5,0.87891
2073,5,6,1.7303
2073,5,7,3.5156
2073,5,8,0.027466
2073,5,9,0
2073,5,10,1.3458
2073,5,11,4.7516
2073,5,12,0
2073,5,13,0
2073,5,14,0.027466
2073,5,15,0
2073,5,16,2.3071
2073,5,17,1.3733
2073,5,18,2.1286
2073,5,19,14.433
2073,5,20,26.656
2073,5,21,3.1586
2073,5,22,1.1673
2073,5,23,0
2073,5,24,0
2073,5,25,0
2073,5,26,0
2073,5,27,0.21973
2073,5,28,1.1124
2073,5,29,0
2073,5,30,2.8839
2073,5,31,0
2073,6,1,0
2073,6,2,0.068665
2073,6,3,0
2073,6,4,0
2073,6,5,0
2073,6,6,0
2073,6,7,0.041199
2073,6,8,0
2073,6,9,0
2073,6,10,0
2073,6,11,0
2073,6,12,0
2073,6,13,0
2073,6,14,0
2073,6,15,0
2073,6,16,0
2073,6,17,0
2073,6,18,0
2073,6,19,0.13733
2073,6,20,0.16479
2073,6,21,0.86517
2073,6,22,2.5681
2073,6,23,0
2073,6,24,0
2073,6,25,0
2073,6,26,0
2073,6,27,0
2073,6,28,0
2073,6,29,0
2073,6,30,0
2073,7,1,0
2073,7,2,0
2073,7,3,1.0918
2073,7,4,0
2073,7,5,0
2073,7,6,0
2073,7,7,0
2073,7,8,0
2073,7,9,0
2073,7,10,0
2073,7,11,0
2073,7,12,0
2073,7,13,0
2073,7,14,0
2073,7,15,0
2073,7,16,0
2073,7,17,0
2073,7,18,0
2073,7,19,0
2073,7,20,0
2073,7,21,0
2073,7,22,0
2073,7,23,0
2073,7,24,0
2073,7,25,0
2073,7,26,2.6573
2073,7,27,8.6586
2073,7,28,0.082397
2073,7,29,0.30212
2073,7,30,0.075531
2073,7,31,0
2073,8,1,2.8839
2073,8,2,2.6917
2073,8,3,2.0325
2073,8,4,0
2073,8,5,0
2073,8,6,0
2073,8,7,7.8003
2073,8,8,10.684
2073,8,9,0
2073,8,10,0
2073,8,11,0
2073,8,12,1.0025
2073,8,13,6.3583
2073,8,14,0.09613
2073,8,15,0.18539
2073,8,16,0.86517
2073,8,17,4.3396
2073,8,18,0
2073,8,19,0
2073,8,20,1.1261
2073,8,21,84.897
2073,8,22,20.078
2073,8,23,0.19226
2073,8,24,0
2073,8,25,0
2073,8,26,1.2772
2073,8,27,0
2073,8,28,0
2073,8,29,0.81711
2073,8,30,2.0737
2073,8,31,50.729
2073,9,1,19.542
2073,9,2,1.0986
2073,9,3,0
2073,9,4,0
2073,9,5,0
2073,9,6,0
2073,9,7,6.1523
2073,9,8,0
2073,9,9,2.4033
2073,9,10,0
2073,9,11,0
2073,9,12,0
2073,9,13,0
2073,9,14,0.027466
2073,9,15,18.581
2073,9,16,0
2073,9,17,0
2073,9,18,0
2073,9,19,3.9551
2073,9,20,0
2073,9,21,0
2073,9,22,0
2073,9,23,0
2073,9,24,0
2073,9,25,0
2073,9,26,0
2073,9,27,0
2073,9,28,0
2073,9,29,0
2073,9,30,0
2073,10,1,0
2073,10,2,0
2073,10,3,0.65918
2073,10,4,1.2085
2073,10,5,22.261
2073,10,6,124.42
2073,10,7,50.729
2073,10,8,69.571
2073,10,9,33.948
2073,10,10,2.1423
2073,10,11,1.7715
2073,10,12,42.133
2073,10,13,6.7017
2073,10,14,35.266
2073,10,15,1.387
2073,10,16,84.924
2073,10,17,22.687
2073,10,18,0.20599
2073,10,19,0.21973
2073,10,20,4.9438
2073,10,21,10.437
2073,10,22,0.041199
2073,10,23,2.0325
2073,10,24,29.169
2073,10,25,0
2073,10,26,0
2073,10,27,0
2073,10,28,0
2073,10,29,0.19226
2073,10,30,0
2073,10,31,0
2073,11,1,0
2073,11,2,0.15106
2073,11,3,0.60425
2073,11,4,10.293
2073,11,5,15.601
2073,11,6,0.13733
2073,11,7,0
2073,11,8,0
2073,11,9,0.13733
2073,11,10,0.35706
2073,11,11,0.16479
2073,11,12,0.60425
2073,11,13,0.09613
2073,11,14,1.181
2073,11,15,0.41199
2073,11,16,8.6929
2073,11,17,0
2073,11,18,0
2073,11,19,0
2073,11,20,0
2073,11,21,0.13733
2073,11,22,0
2073,11,23,0
2073,11,24,0
2073,11,25,0
2073,11,26,0
2073,11,27,0
2073,11,28,0
2073,11,29,0
2073,11,30,0
2073,12,1,0
2073,12,2,0
2073,12,3,0
2073,12,4,0
2073,12,5,1.1879
2073,12,6,0
2073,12,7,4.0237
2073,12,8,1.4282
2073,12,9,1.9638
2073,12,10,0.67978
2073,12,11,0.041199
2073,12,12,0.26093
2073,12,13,0.26093
2073,12,14,0.41199
2073,12,15,0
2073,12,16,0
2073,12,17,1.8265
2073,12,18,30.844
2073,12,19,0
2073,12,20,2.7466
2073,12,21,0.93384
2073,12,22,0.027466
2073,12,23,0.027466
2073,12,24,0.21973
2073,12,25,0.21973
2073,12,26,0
2073,12,27,0.87891
2073,12,28,4.0649
2073,12,29,5.0262
2073,12,30,1.6479
2073,12,31,0.041199
2074,1,1,0.054932
2074,1,2,35.129
2074,1,3,0.48065
2074,1,4,0.42572
2074,1,5,0.17853
2074,1,6,0
2074,1,7,0
2074,1,8,0.041199
2074,1,9,0.048065
2074,1,10,0.82397
2074,1,11,0.034332
2074,1,12,1.236
2074,1,13,3.0762
2074,1,14,6.7841
2074,1,15,0.10986
2074,1,16,0.28839
2074,1,17,1.5656
2074,1,18,6.3995
2074,1,19,20.654
2074,1,20,0.21973
2074,1,21,11.632
2074,1,22,25.378
2074,1,23,0.10986
2074,1,24,0
2074,1,25,0
2074,1,26,1.339
2074,1,27,0.48065
2074,1,28,0.10986
2074,1,29,1.7853
2074,1,30,0
2074,1,31,0
2074,2,1,0.39139
2074,2,2,2.6642
2074,2,3,3.1723
2074,2,4,0.027466
2074,2,5,0.83771
2074,2,6,2.829
2074,2,7,0.98877
2074,2,8,0.082397
2074,2,9,0.57678
2074,2,10,2.8702
2074,2,11,2.3071
2074,2,12,0.71411
2074,2,13,15.504
2074,2,14,0
2074,2,15,0
2074,2,16,8.0338
2074,2,17,31.435
2074,2,18,11.302
2074,2,19,0.13733
2074,2,20,0
2074,2,21,0
2074,2,22,0
2074,2,23,2.1423
2074,2,24,0
2074,2,25,4.5319
2074,2,26,2.1973
2074,2,27,0.67291
2074,2,28,0.94757
2074,3,1,0.027466
2074,3,2,0
2074,3,3,0.32959
2074,3,4,0.35706
2074,3,5,10.698
2074,3,6,3.392
2074,3,7,0.13733
2074,3,8,0.061798
2074,3,9,35.513
2074,3,10,0
2074,3,11,2.7054
2074,3,12,0.082397
2074,3,13,0.09613
2074,3,14,10.959
2074,3,15,0.82397
2074,3,16,0.054932
2074,3,17,0
2074,3,18,0
2074,3,19,0
2074,3,20,0
2074,3,21,0.041199
2074,3,22,0
2074,3,23,0
2074,3,24,27.878
2074,3,25,13.76
2074,3,26,0
2074,3,27,21.561
2074,3,28,5.2185
2074,3,29,1.236
2074,3,30,0
2074,3,31,0
2074,4,1,0
2074,4,2,0.67291
2074,4,3,0
2074,4,4,0.054932
2074,4,5,1.4145
2074,4,6,0
2074,4,7,0
2074,4,8,0
2074,4,9,1.8402
2074,4,10,0.54932
2074,4,11,0
2074,4,12,0.027466
2074,4,13,0
2074,4,14,0
2074,4,15,0
2074,4,16,0.37079
2074,4,17,4.1611
2074,4,18,0.15106
2074,4,19,12.346
2074,4,20,0
2074,4,21,1.7166
2074,4,22,1.0849
2074,4,23,0
2074,4,24,0
2074,4,25,4.8752
2074,4,26,2.3895
2074,4,27,20.38
2074,4,28,0
2074,4,29,1.2909
2074,4,30,0
2074,5,1,1.8951
2074,5,2,0
2074,5,3,0.013733
2074,5,4,0.013733
2074,5,5,2.4925
2074,5,6,0.027466
2074,5,7,0.64545
2074,5,8,0.054932
2074,5,9,0.10986
2074,5,10,0.34332
2074,5,11,0.23346
2074,5,12,0
2074,5,13,0.013733
2074,5,14,0.041199
2074,5,15,0
2074,5,16,0
2074,5,17,0
2074,5,18,0
2074,5,19,0
2074,5,20,0.0068665
2074,5,21,0
2074,5,22,0.054932
2074,5,23,3.3371
2074,5,24,0
2074,5,25,0
2074,5,26,0
2074,5,27,0
2074,5,28,0
2074,5,29,0
2074,5,30,0
2074,5,31,0
2074,6,1,0
2074,6,2,0
2074,6,3,0
2074,6,4,0
2074,6,5,0
2074,6,6,0.88577
2074,6,7,0
2074,6,8,24.362
2074,6,9,4.1336
2074,6,10,0
2074,6,11,0
2074,6,12,0.46692
2074,6,13,10.725
2074,6,14,0
2074,6,15,0
2074,6,16,0
2074,6,17,0.10986
2074,6,18,1.3596
2074,6,19,0
2074,6,20,0
2074,6,21,0
2074,6,22,0
2074,6,23,0
2074,6,24,0
2074,6,25,0
2074,6,26,0
2074,6,27,0
2074,6,28,0
2074,6,29,0
2074,6,30,0
2074,7,1,0
2074,7,2,0.57678
2074,7,3,0.74844
2074,7,4,0
2074,7,5,0.18539
2074,7,6,1.7097
2074,7,7,4.0512
2074,7,8,26.971
2074,7,9,1.4832
2074,7,10,0
2074,7,11,0
2074,7,12,5.1224
2074,7,13,0
2074,7,14,0
2074,7,15,0
2074,7,16,0
2074,7,17,0
2074,7,18,0
2074,7,19,0
2074,7,20,0
2074,7,21,0.013733
2074,7,22,0.013733
2074,7,23,0
2074,7,24,0
2074,7,25,10.533
2074,7,26,0.013733
2074,7,27,0
2074,7,28,0.027466
2074,7,29,2.211
2074,7,30,0
2074,7,31,0
2074,8,1,0
2074,8,2,0
2074,8,3,0
2074,8,4,0
2074,8,5,0
2074,8,6,0
2074,8,7,0
2074,8,8,0
2074,8,9,0
2074,8,10,0.34332
2074,8,11,0
2074,8,12,0
2074,8,13,0
2074,8,14,0
2074,8,15,0.79651
2074,8,16,0
2074,8,17,0
2074,8,18,0
2074,8,19,0
2074,8,20,0
2074,8,21,0
2074,8,22,0.041199
2074,8,23,0.082397
2074,8,24,0
2074,8,25,0
2074,8,26,0
2074,8,27,0.13046
2074,8,28,0
2074,8,29,0
2074,8,30,0
2074,8,31,0
2074,9,1,0.39139
2074,9,2,0.16479
2074,9,3,0
2074,9,4,0.15106
2074,9,5,0.10986
2074,9,6,0.09613
2074,9,7,0
2074,9,8,0
2074,9,9,0
2074,9,10,0.0068665
2074,9,11,0
2074,9,12,0
2074,9,13,0
2074,9,14,10.794
2074,9,15,10.554
2074,9,16,0
2074,9,17,2.4582
2074,9,18,2.4857
2074,9,19,63.419
2074,9,20,0
2074,9,21,0
2074,9,22,0
2074,9,23,0
2074,9,24,0
2074,9,25,0
2074,9,26,0.048065
2074,9,27,0.09613
2074,9,28,1.0162
2074,9,29,30.83
2074,9,30,14.31
2074,10,1,13.651
2074,10,2,15.765
2074,10,3,0.39825
2074,10,4,0
2074,10,5,0
2074,10,6,0
2074,10,7,0
2074,10,8,3.0487
2074,10,9,0.027466
2074,10,10,0
2074,10,11,2.7328
2074,10,12,1.5106
2074,10,13,0.027466
2074,10,14,0.86517
2074,10,15,0.027466
2074,10,16,0.93384
2074,10,17,0
2074,10,18,14.612
2074,10,19,0
2074,10,20,18.375
2074,10,21,82.233
2074,10,22,44.989
2074,10,23,6.4819
2074,10,24,17.303
2074,10,25,17.784
2074,10,26,8.2123
2074,10,27,1.0437
2074,10,28,0
2074,10,29,3.9001
2074,10,30,0
2074,10,31,0.10986
2074,11,1,0
2074,11,2,0.082397
2074,11,3,0.082397
2074,11,4,0
2074,11,5,0
2074,11,6,0
2074,11,7,0
2074,11,8,0.027466
2074,11,9,0.15106
2074,11,10,0
2074,11,11,0
2074,11,12,0
2074,11,13,0.027466
2074,11,14,0.38452
2074,11,15,0
2074,11,16,0
2074,11,17,0.054932
2074,11,18,0.041199
2074,11,19,0.49438
2074,11,20,1.6205
2074,11,21,11.234
2074,11,22,0.21973
2074,11,23,1.7715
2074,11,24,0.63171
2074,11,25,0.75531
2074,11,26,0.020599
2074,11,27,5.3352
2074,11,28,0.054932
2074,11,29,0.45319
2074,11,30,0.1236
2074,12,1,0
2074,12,2,0
2074,12,3,0.027466
2074,12,4,0
2074,12,5,0
2074,12,6,0
2074,12,7,0
2074,12,8,3.8177
2074,12,9,1.387
2074,12,10,0
2074,12,11,0
2074,12,12,0.99564
2074,12,13,0
2074,12,14,0
2074,12,15,0
2074,12,16,0
2074,12,17,0
2074,12,18,0
2074,12,19,0
2074,12,20,0
2074,12,21,0.63171
2074,12,22,0.21973
2074,12,23,0.041199
2074,12,24,0
2074,12,25,0.45319
2074,12,26,3.1174
2074,12,27,0.27466
2074,12,28,0.38452
2074,12,29,0.35706
2074,12,30,3.3783
2074,12,31,1.4145
2075,1,1,4.5593
2075,1,2,0
2075,1,3,0.13733
2075,1,4,3.653
2075,1,5,16.466
2075,1,6,14.255
2075,1,7,0.74158
2075,1,8,3.8727
2075,1,9,0.013733
2075,1,10,15.662
2075,1,11,0
2075,1,12,0.61798
2075,1,13,2.3895
2075,1,14,0
2075,1,15,3.2135
2075,1,16,0.70038
2075,1,17,1.9501
2075,1,18,6.8802
2075,1,19,0
2075,1,20,1.4282
2075,1,21,0.70038
2075,1,22,0.054932
2075,1,23,0.68665
2075,1,24,1.6479
2075,1,25,0
2075,1,26,0
2075,1,27,0
2075,1,28,0
2075,1,29,4.834
2075,1,30,0.027466
2075,1,31,0.041199
2075,2,1,0
2075,2,2,0
2075,2,3,0
2075,2,4,1.2222
2075,2,5,0.90637
2075,2,6,1.6617
2075,2,7,0.21973
2075,2,8,0
2075,2,9,0.027466
2075,2,10,0.013733
2075,2,11,1.4282
2075,2,12,3.3234
2075,2,13,4.8203
2075,2,14,1.1124
2075,2,15,6.6742
2075,2,16,6.1249
2075,2,17,0.10986
2075,2,18,0
2075,2,19,6.2759
2075,2,20,0.013733
2075,2,21,0.082397
2075,2,22,1.9501
2075,2,23,4.1199
2075,2,24,0
2075,2,25,4.3808
2075,2,26,7.4158
2075,2,27,0.068665
2075,2,28,0
2075,3,1,0
2075,3,2,11.879
2075,3,3,0.17853
2075,3,4,0.65918
2075,3,5,3.7079
2075,3,6,0.68665
2075,3,7,0
2075,3,8,0.39825
2075,3,9,0
2075,3,10,0.19226
2075,3,11,1.2772
2075,3,12,14.653
2075,3,13,5.3009
2075,3,14,2.2659
2075,3,15,5.2734
2075,3,16,0
2075,3,17,0.041199
2075,3,18,0.81024
2075,3,19,0
2075,3,20,0
2075,3,21,0
2075,3,22,0.027466
2075,3,23,0
2075,3,24,0.63171
2075,3,25,20.132
2075,3,26,5.603
2075,3,27,1.0849
2075,3,28,4.0512
2075,3,29,0.09613
2075,3,30,0.013733
2075,3,31,0.027466
2075,4,1,0.13046
2075,4,2,0.41885
2075,4,3,0.76904
2075,4,4,0.10986
2075,4,5,0.21973
2075,4,6,8.1848
2075,4,7,0
2075,4,8,0.13046
2075,4,9,1.0712
2075,4,10,0.15793
2075,4,11,5.3696
2075,4,12,24.142
2075,4,13,12.003
2075,4,14,58.64
2075,4,15,34.579
2075,4,16,18.951
2075,4,17,1.3046
2075,4,18,1.2085
2075,4,19,25.584
2075,4,20,0.013733
2075,4,21,0.70038
2075,4,22,9.4894
2075,4,23,0.82397
2075,4,24,2.2797
2075,4,25,8.2672
2075,4,26,0
2075,4,27,2.0599
2075,4,28,4.3121
2075,4,29,9.5718
2075,4,30,0
2075,5,1,0
2075,5,2,0
2075,5,3,0
2075,5,4,0
2075,5,5,0.013733
2075,5,6,2.7054
2075,5,7,3.0212
2075,5,8,4.9576
2075,5,9,0
2075,5,10,0
2075,5,11,0
2075,5,12,14.667
2075,5,13,0
2075,5,14,0.45319
2075,5,15,1.9363
2075,5,16,5.2322
2075,5,17,13.417
2075,5,18,0.013733
2075,5,19,3.6804
2075,5,20,3.3234
2075,5,21,0
2075,5,22,0.85144
2075,5,23,1.8677
2075,5,24,0.68665
2075,5,25,0
2075,5,26,0.103
2075,5,27,0.21286
2075,5,28,0
2075,5,29,0.027466
2075,5,30,0.20599
2075,5,31,0.25406
2075,6,1,31.819
2075,6,2,0.83771
2075,6,3,0.64545
2075,6,4,0.054932
2075,6,5,0.26093
2075,6,6,0
2075,6,7,0
2075,6,8,0.027466
2075,6,9,0.041199
2075,6,10,0
2075,6,11,0.0068665
2075,6,12,0.0068665
2075,6,13,0
2075,6,14,0
2075,6,15,0
2075,6,16,0
2075,6,17,0
2075,6,18,0
2075,6,19,0
2075,6,20,0
2075,6,21,0
2075,6,22,0.63171
2075,6,23,0.15793
2075,6,24,0.068665
2075,6,25,0.068665
2075,6,26,0
2075,6,27,0
2075,6,28,0
2075,6,29,0
2075,6,30,0
2075,7,1,0
2075,7,2,0
2075,7,3,0
2075,7,4,0
2075,7,5,0
2075,7,6,0
2075,7,7,0
2075,7,8,0.013733
2075,7,9,0.10986
2075,7,10,0.068665
2075,7,11,1.1536
2075,7,12,0.70038
2075,7,13,0.013733
2075,7,14,0
2075,7,15,0.027466
2075,7,16,0
2075,7,17,0
2075,7,18,0
2075,7,19,0
2075,7,20,0
2075,7,21,0
2075,7,22,0
2075,7,23,0
2075,7,24,0
2075,7,25,0
2075,7,26,0
2075,7,27,0
2075,7,28,0
2075,7,29,3.2959
2075,7,30,13.184
2075,7,31,1.4969
2075,8,1,0
2075,8,2,0.041199
2075,8,3,0.70038
2075,8,4,11.646
2075,8,5,0.81711
2075,8,6,0
2075,8,7,0
2075,8,8,0
2075,8,9,0
2075,8,10,0
2075,8,11,0
2075,8,12,0
2075,8,13,0
2075,8,14,0
2075,8,15,0
2075,8,16,0
2075,8,17,0.20599
2075,8,18,5.1636
2075,8,19,8.3771
2075,8,20,39.743
2075,8,21,0.15106
2075,8,22,0
2075,8,23,0
2075,8,24,0.31586
2075,8,25,16.782
2075,8,26,128.9
2075,8,27,0
2075,8,28,0
2075,8,29,0
2075,8,30,0.67291
2075,8,31,0
2075,9,1,0
2075,9,2,0
2075,9,3,0
2075,9,4,0
2075,9,5,1.236
2075,9,6,0
2075,9,7,0
2075,9,8,0
2075,9,9,0
2075,9,10,0
2075,9,11,0.013733
2075,9,12,0.048065
2075,9,13,0.027466
2075,9,14,0.013733
2075,9,15,0.29526
2075,9,16,0.054932
2075,9,17,0
2075,9,18,0
2075,9,19,1.4557
2075,9,20,0
2075,9,21,0.027466
2075,9,22,0.027466
2075,9,23,9.201
2075,9,24,0
2075,9,25,0
2075,9,26,0
2075,9,27,0
2075,9,28,0
2075,9,29,0
2075,9,30,0
2075,10,1,0
2075,10,2,0
2075,10,3,0
2075,10,4,0.0068665
2075,10,5,0
2075,10,6,0
2075,10,7,0.17853
2075,10,8,0.13733
2075,10,9,0
2075,10,10,0
2075,10,11,0.34332
2075,10,12,0.020599
2075,10,13,0
2075,10,14,0
2075,10,15,1.3596
2075,10,16,12.332
2075,10,17,0
2075,10,18,0.082397
2075,10,19,0.23346
2075,10,20,10.231
2075,10,21,8.2329
2075,10,22,3.6255
2075,10,23,0.09613
2075,10,24,0.082397
2075,10,25,0
2075,10,26,0
2075,10,27,0
2075,10,28,21.657
2075,10,29,0.13733
2075,10,30,1.2085
2075,10,31,0.054932
2075,11,1,0.35706
2075,11,2,0.48752
2075,11,3,0.068665
2075,11,4,0
2075,11,5,0.23346
2075,11,6,0
2075,11,7,0.054932
2075,11,8,0.19913
2075,11,9,0.041199
2075,11,10,0
2075,11,11,0
2075,11,12,0
2075,11,13,0.32959
2075,11,14,0.027466
2075,11,15,0.74158
2075,11,16,0.71411
2075,11,17,6.7566
2075,11,18,0.89264
2075,11,19,0.16479
2075,11,20,2.3346
2075,11,21,0
2075,11,22,2.7466
2075,11,23,0
2075,11,24,0.35706
2075,11,25,0.16479
2075,11,26,2.6642
2075,11,27,0
2075,11,28,27.507
2075,11,29,27.109
2075,11,30,0
2075,12,1,45.868
2075,12,2,0.027466
2075,12,3,0.21973
2075,12,4,0.20599
2075,12,5,0
2075,12,6,0
2075,12,7,0
2075,12,8,0.068665
2075,12,9,0
2075,12,10,0
2075,12,11,0
2075,12,12,0
2075,12,13,0
2075,12,14,0.027466
2075,12,15,1.181
2075,12,16,5.6305
2075,12,17,0
2075,12,18,0
2075,12,19,0
2075,12,20,0
2075,12,21,0.10986
2075,12,22,0
2075,12,23,0.32959
2075,12,24,5.0812
2075,12,25,0.28839
2075,12,26,1.9089
2075,12,27,17.029
2075,12,28,0.30212
2075,12,29,14.117
2075,12,30,1.1673
2075,12,31,0
2076,1,1,18.539
2076,1,2,76.602
2076,1,3,0
2076,1,4,0.23346
2076,1,5,0
2076,1,6,0.78278
2076,1,7,0.30212
2076,1,8,0
2076,1,9,10.41
2076,1,10,0
2076,1,11,1.5038
2076,1,12,3.0624
2076,1,13,19.254
2076,1,14,0
2076,1,15,0
2076,1,16,0.90637
2076,1,17,0.09613
2076,1,18,0
2076,1,19,0.082397
2076,1,20,0
2076,1,21,0.16479
2076,1,22,5.2597
2076,1,23,1.3184
2076,1,24,28.29
2076,1,25,22.282
2076,1,26,0.74844
2076,1,27,2.8976
2076,1,28,0
2076,1,29,0.054932
2076,1,30,0.35706
2076,1,31,1.6754
2076,2,1,0
2076,2,2,0.068665
2076,2,3,0.048065
2076,2,4,3.5156
2076,2,5,3.9139
2076,2,6,0
2076,2,7,0
2076,2,8,0
2076,2,9,0.85144
2076,2,10,11.893
2076,2,11,20.256
2076,2,12,1.5106
2076,2,13,17.235
2076,2,14,50.537
2076,2,15,0.67291
2076,2,16,10.808
2076,2,17,51.471
2076,2,18,4.4495
2076,2,19,9.3521
2076,2,20,1.3184
2076,2,21,1.4008
2076,2,22,0
2076,2,23,0
2076,2,24,1.8951
2076,2,25,19.308
2076,2,26,2.005
2076,2,27,0
2076,2,28,1.2085
2076,2,29,0.075531
2076,3,1,1.3184
2076,3,2,2.5406
2076,3,3,0
2076,3,4,0
2076,3,5,0.26093
2076,3,6,3.4607
2076,3,7,0.31586
2076,3,8,3.9276
2076,3,9,0.38452
2076,3,10,0
2076,3,11,0
2076,3,12,0
2076,3,13,0
2076,3,14,0
2076,3,15,0
2076,3,16,0
2076,3,17,0
2076,3,18,0
2076,3,19,0
2076,3,20,0
2076,3,21,0
2076,3,22,0
2076,3,23,0
2076,3,24,4.1199
2076,3,25,0.068665
2076,3,26,0.39139
2076,3,27,0.56992
2076,3,28,5.3696
2076,3,29,0.041199
2076,3,30,0
2076,3,31,0.9613
2076,4,1,0
2076,4,2,0
2076,4,3,0
2076,4,4,0
2076,4,5,0
2076,4,6,0.082397
2076,4,7,0.21973
2076,4,8,0.041199
2076,4,9,0
2076,4,10,0
2076,4,11,0
2076,4,12,0
2076,4,13,0
2076,4,14,2.2934
2076,4,15,4.1473
2076,4,16,0.10986
2076,4,17,0.082397
2076,4,18,0.17853
2076,4,19,0.027466
2076,4,20,0.041199
2076,4,21,0.15106
2076,4,22,0
2076,4,23,0
2076,4,24,0
2076,4,25,0
2076,4,26,2.1698
2076,4,27,8.3496
2076,4,28,0.13733
2076,4,29,6.5094
2076,4,30,3.3508
2076,5,1,18.292
2076,5,2,0.013733
2076,5,3,0.10986
2076,5,4,9.0912
2076,5,5,44.083
2076,5,6,0.1236
2076,5,7,1.7303
2076,5,8,0
2076,5,9,0
2076,5,10,0
2076,5,11,0
2076,5,12,0
2076,5,13,0
2076,5,14,0.09613
2076,5,15,1.0712
2076,5,16,0
2076,5,17,0.013733
2076,5,18,0
2076,5,19,0.013733
2076,5,20,40.416
2076,5,21,0.1236
2076,5,22,1.4145
2076,5,23,0.78278
2076,5,24,0
2076,5,25,2.1835
2076,5,26,0
2076,5,27,1.4832
2076,5,28,0
2076,5,29,0
2076,5,30,0.32959
2076,5,31,0.061798
2076,6,1,0.041199
2076,6,2,0
2076,6,3,0.027466
2076,6,4,0
2076,6,5,0
2076,6,6,0
2076,6,7,0
2076,6,8,0
2076,6,9,0
2076,6,10,0
2076,6,11,0
2076,6,12,0.013733
2076,6,13,10.313
2076,6,14,0.041199
2076,6,15,1.2772
2076,6,16,3.0487
2076,6,17,0
2076,6,18,0
2076,6,19,0
2076,6,20,0
2076,6,21,0
2076,6,22,0.20599
2076,6,23,1.2085
2076,6,24,0.48752
2076,6,25,0.34332
2076,6,26,0.13733
2076,6,27,0
2076,6,28,0
2076,6,29,0
2076,6,30,0
2076,7,1,0.013733
2076,7,2,0.50812
2076,7,3,0
2076,7,4,0
2076,7,5,0
2076,7,6,0
2076,7,7,0
2076,7,8,0.041199
2076,7,9,0.041199
2076,7,10,2.7122
2076,7,11,0
2076,7,12,0
2076,7,13,0
2076,7,14,0
2076,7,15,0
2076,7,16,0
2076,7,17,0
2076,7,18,0
2076,7,19,0
2076,7,20,2.1423
2076,7,21,0.13733
2076,7,22,0
2076,7,23,6.7291
2076,7,24,0
2076,7,25,0
2076,7,26,0
2076,7,27,0
2076,7,28,0
2076,7,29,0
2076,7,30,0.13733
2076,7,31,4.6829
2076,8,1,20.435
2076,8,2,10.918
2076,8,3,23.112
2076,8,4,4.6005
2076,8,5,0
2076,8,6,0.082397
2076,8,7,9.7641
2076,8,8,0
2076,8,9,0
2076,8,10,0
2076,8,11,0
2076,8,12,0.027466
2076,8,13,0.38452
2076,8,14,0.98877
2076,8,15,0
2076,8,16,0
2076,8,17,0
2076,8,18,0
2076,8,19,0
2076,8,20,0
2076,8,21,0.35706
2076,8,22,13.033
2076,8,23,0
2076,8,24,0
2076,8,25,0
2076,8,26,0
2076,8,27,18.787
2076,8,28,21.561
2076,8,29,0
2076,8,30,0
2076,8,31,0.72098
2076,9,1,0.98877
2076,9,2,32.314
2076,9,3,12.112
2076,9,4,8.7204
2076,9,5,41.83
2076,9,6,0
2076,9,7,0
2076,9,8,0
2076,9,9,0
2076,9,10,0
2076,9,11,0
2076,9,12,0
2076,9,13,0
2076,9,14,0.71411
2076,9,15,0.61798
2076,9,16,0
2076,9,17,0
2076,9,18,0
2076,9,19,0
2076,9,20,1.6068
2076,9,21,0.17853
2076,9,22,0
2076,9,23,0
2076,9,24,0
2076,9,25,2.2247
2076,9,26,14.941
2076,9,27,30.542
2076,9,28,0
2076,9,29,0
2076,9,30,0
2076,10,1,0.013733
2076,10,2,0.013733
2076,10,3,0
2076,10,4,0
2076,10,5,0
2076,10,6,0
2076,10,7,0
2076,10,8,1.7715
2076,10,9,27.164
2076,10,10,0
2076,10,11,0
2076,10,12,6.3995
2076,10,13,0
2076,10,14,0.94757
2076,10,15,4.1061
2076,10,16,0
2076,10,17,3.8315
2076,10,18,0.23346
2076,10,19,2.9526
2076,10,20,13.101
2076,10,21,0
2076,10,22,16.919
2076,10,23,14.694
2076,10,24,0.85144
2076,10,25,0
2076,10,26,0
2076,10,27,0.82397
2076,10,28,0
2076,10,29,15.656
2076,10,30,0
2076,10,31,0
2076,11,1,0
2076,11,2,0
2076,11,3,0
2076,11,4,0.16479
2076,11,5,55.357
2076,11,6,13.651
2076,11,7,0
2076,11,8,0
2076,11,9,1.2085
2076,11,10,0.63171
2076,11,11,3.0762
2076,11,12,1.6479
2076,11,13,1.8539
2076,11,14,1.593
2076,11,15,0.60425
2076,11,16,0.013733
2076,11,17,0
2076,11,18,1.0437
2076,11,19,0.35706
2076,11,20,0.1236
2076,11,21,0.46692
2076,11,22,0.15106
2076,11,23,7.5256
2076,11,24,2.8976
2076,11,25,0.52185
2076,11,26,0.20599
2076,11,27,2.7466
2076,11,28,45.291
2076,11,29,7.7728
2076,11,30,1.181
2076,12,1,0
2076,12,2,0
2076,12,3,0
2076,12,4,0
2076,12,5,0
2076,12,6,0
2076,12,7,0
2076,12,8,0
2076,12,9,0
2076,12,10,0
2076,12,11,14.667
2076,12,12,0.054932
2076,12,13,0.027466
2076,12,14,9.2697
2076,12,15,5.864
2076,12,16,0.16479
2076,12,17,11.288
2076,12,18,0.38452
2076,12,19,0.17853
2076,12,20,0.98877
2076,12,21,0
2076,12,22,7.5806
2076,12,23,28.716
2076,12,24,0.37079
2076,12,25,0.57678
2076,12,26,0
2076,12,27,0
2076,12,28,1.2772
2076,12,29,0.054932
2076,12,30,0
2076,12,31,0
2077,1,1,1.5244
2077,1,2,0.013733
2077,1,3,0.46692
2077,1,4,2.8839
2077,1,5,42.902
2077,1,6,53.256
2077,1,7,6.1935
2077,1,8,25.681
2077,1,9,0.34332
2077,1,10,0
2077,1,11,0.054932
2077,1,12,0.082397
2077,1,13,0.38452
2077,1,14,0.19226
2077,1,15,1.2909
2077,1,16,0.75531
2077,1,17,1.0986
2077,1,18,0
2077,1,19,0
2077,1,20,0
2077,1,21,0
2077,1,22,0
2077,1,23,0
2077,1,24,0
2077,1,25,0
2077,1,26,0
2077,1,27,0
2077,1,28,0
2077,1,29,0.027466
2077,1,30,0.082397
2077,1,31,0.082397
2077,2,1,5.5344
2077,2,2,0
2077,2,3,0
2077,2,4,0
2077,2,5,0
2077,2,6,0
2077,2,7,0.17853
2077,2,8,0.56305
2077,2,9,1.3184
2077,2,10,0.054932
2077,2,11,0.068665
2077,2,12,0
2077,2,13,0
2077,2,14,0
2077,2,15,0.027466
2077,2,16,3.1311
2077,2,17,0.57678
2077,2,18,0
2077,2,19,0
2077,2,20,0
2077,2,21,0.082397
2077,2,22,2.3758
2077,2,23,0.013733
2077,2,24,0.10986
2077,2,25,0
2077,2,26,0.52185
2077,2,27,4.1885
2077,2,28,5.9875
2077,3,1,0.041199
2077,3,2,11.989
2077,3,3,1.6823
2077,3,4,0
2077,3,5,0
2077,3,6,0
2077,3,7,0.09613
2077,3,8,0.082397
2077,3,9,0.082397
2077,3,10,0
2077,3,11,0
2077,3,12,7.5806
2077,3,13,0.10986
2077,3,14,0
2077,3,15,0.15793
2077,3,16,0
2077,3,17,0
2077,3,18,0
2077,3,19,0.20599
2077,3,20,0.15106
2077,3,21,0.9201
2077,3,22,0
2077,3,23,0
2077,3,24,0
2077,3,25,15.038
2077,3,26,8.2535
2077,3,27,0
2077,3,28,0
2077,3,29,0.054932
2077,3,30,6.1523
2077,3,31,9.5306
2077,4,1,2.0874
2077,4,2,0
2077,4,3,26.408
2077,4,4,2.6779
2077,4,5,0.068665
2077,4,6,0
2077,4,7,0
2077,4,8,0.082397
2077,4,9,0.19226
2077,4,10,0
2077,4,11,0
2077,4,12,0
2077,4,13,2.6779
2077,4,14,1.1398
2077,4,15,12.785
2077,4,16,2.0187
2077,4,17,0.28839
2077,4,18,1.9775
2077,4,19,0.24719
2077,4,20,6.3858
2077,4,21,0.70038
2077,4,22,2.1835
2077,4,23,18.855
2077,4,24,2.4033
2077,4,25,1.6136
2077,4,26,0
2077,4,27,0
2077,4,28,2.8015
2077,4,29,1.4282
2077,4,30,0
2077,5,1,0
2077,5,2,1.0162
2077,5,3,0
2077,5,4,1.6754
2077,5,5,5.5481
2077,5,6,28.578
2077,5,7,3.1723
2077,5,8,15.189
2077,5,9,28.043
2077,5,10,4.8889
2077,5,11,2.3209
2077,5,12,0
2077,5,13,0
2077,5,14,2.2247
2077,5,15,0.13733
2077,5,16,0.041199
2077,5,17,0
2077,5,18,0
2077,5,19,2.6642
2077,5,20,33.879
2077,5,21,7.4295
2077,5,22,24.5
2077,5,23,8.7204
2077,5,24,0.041199
2077,5,25,0
2077,5,26,0.027466
2077,5,27,0.09613
2077,5,28,0.59052
2077,5,29,1.5518
2077,5,30,0.49438
2077,5,31,0
2077,6,1,0
2077,6,2,3.0212
2077,6,3,0.041199
2077,6,4,0
2077,6,5,0
2077,6,6,1.1948
2077,6,7,0
2077,6,8,0
2077,6,9,0
2077,6,10,2.0187
2077,6,11,0
2077,6,12,0
2077,6,13,0
2077,6,14,0
2077,6,15,0
2077,6,16,0
2077,6,17,0
2077,6,18,0
2077,6,19,0
2077,6,20,0
2077,6,21,0
2077,6,22,0
2077,6,23,9.8602
2077,6,24,0
2077,6,25,0
2077,6,26,0
2077,6,27,0
2077,6,28,0
2077,6,29,0
2077,6,30,0
2077,7,1,1.0437
2077,7,2,0
2077,7,3,0
2077,7,4,0
2077,7,5,0.027466
2077,7,6,0
2077,7,7,0
2077,7,8,0
2077,7,9,0
2077,7,10,0
2077,7,11,1.4557
2077,7,12,0
2077,7,13,0
2077,7,14,0.027466
2077,7,15,0.013733
2077,7,16,1.7853
2077,7,17,0
2077,7,18,0
2077,7,19,0
2077,7,20,0
2077,7,21,0
2077,7,22,0
2077,7,23,0
2077,7,24,0
2077,7,25,0
2077,7,26,0
2077,7,27,0
2077,7,28,0
2077,7,29,0.38452
2077,7,30,0.17853
2077,7,31,0
2077,8,1,0
2077,8,2,0
2077,8,3,0
2077,8,4,0
2077,8,5,0
2077,8,6,0
2077,8,7,0.068665
2077,8,8,0.18539
2077,8,9,0.0068665
2077,8,10,1.4282
2077,8,11,0
2077,8,12,0
2077,8,13,0
2077,8,14,0.068665
2077,8,15,0.13733
2077,8,16,0.013733
2077,8,17,0.09613
2077,8,18,0
2077,8,19,0
2077,8,20,0.16479
2077,8,21,0
2077,8,22,0
2077,8,23,0
2077,8,24,0
2077,8,25,0.027466
2077,8,26,19.995
2077,8,27,0
2077,8,28,0
2077,8,29,0.0068665
2077,8,30,0.013733
2077,8,31,3.1998
2077,9,1,0
2077,9,2,4.525
2077,9,3,11.069
2077,9,4,2.4445
2077,9,5,0.45319
2077,9,6,0
2077,9,7,0
2077,9,8,0
2077,9,9,0.87891
2077,9,10,0
2077,9,11,0.35706
2077,9,12,0.57678
2077,9,13,0.30212
2077,9,14,0.013733
2077,9,15,30.199
2077,9,16,19.171
2077,9,17,0.74158
2077,9,18,0
2077,9,19,0
2077,9,20,1.8402
2077,9,21,1.4008
2077,9,22,0
2077,9,23,0.054932
2077,9,24,27.026
2077,9,25,0
2077,9,26,0.082397
2077,9,27,0.31586
2077,9,28,0
2077,9,29,0
2077,9,30,0
2077,10,1,0.041199
2077,10,2,0
2077,10,3,0
2077,10,4,0
2077,10,5,0
2077,10,6,0.63171
2077,10,7,0.53558
2077,10,8,1.1261
2077,10,9,0
2077,10,10,0
2077,10,11,0
2077,10,12,0.13733
2077,10,13,1.4282
2077,10,14,0
2077,10,15,0
2077,10,16,1.7578
2077,10,17,7.3608
2077,10,18,0
2077,10,19,0
2077,10,20,0.87891
2077,10,21,0.89264
2077,10,22,0
2077,10,23,0
2077,10,24,0
2077,10,25,0
2077,10,26,0.74158
2077,10,27,9.5581
2077,10,28,0
2077,10,29,0
2077,10,30,0.09613
2077,10,31,0.41199
2077,11,1,0.013733
2077,11,2,0.013733
2077,11,3,0.13733
2077,11,4,3.1311
2077,11,5,3.1036
2077,11,6,0
2077,11,7,0
2077,11,8,0
2077,11,9,0.48065
2077,11,10,0
2077,11,11,0
2077,11,12,0.054932
2077,11,13,0.63171
2077,11,14,0
2077,11,15,22.069
2077,11,16,0.46692
2077,11,17,0.013733
2077,11,18,0.013733
2077,11,19,0.32272
2077,11,20,11.577
2077,11,21,0.68665
2077,11,22,0
2077,11,23,6.015
2077,11,24,6.633
2077,11,25,6.1798
2077,11,26,0.97504
2077,11,27,0.15106
2077,11,28,1.3458
2077,11,29,0.21973
2077,11,30,3.3783
2077,12,1,7.196
2077,12,2,4.422
2077,12,3,0
2077,12,4,0
2077,12,5,4.0787
2077,12,6,0.13733
2077,12,7,0
2077,12,8,1.6479
2077,12,9,3.598
2077,12,10,0.24719
2077,12,11,0
2077,12,12,0.041199
2077,12,13,0
2077,12,14,0
2077,12,15,0.20599
2077,12,16,0.61798
2077,12,17,0.9201
2077,12,18,1.0574
2077,12,19,3.3371
2077,12,20,2.3895
2077,12,21,0.041199
2077,12,22,0.26093
2077,12,23,0.10986
2077,12,24,0.32959
2077,12,25,0.1236
2077,12,26,0
2077,12,27,0.85144
2077,12,28,0.013733
2077,12,29,0.35706
2077,12,30,0.027466
2077,12,31,0
2078,1,1,0
2078,1,2,0
2078,1,3,0
2078,1,4,0
2078,1,5,0
2078,1,6,0
2078,1,7,0
2078,1,8,0
2078,1,9,0.38452
2078,1,10,2.2934
2078,1,11,0
2078,1,12,0.45319
2078,1,13,0.35019
2078,1,14,0
2078,1,15,0
2078,1,16,1.5244
2078,1,17,4.0375
2078,1,18,0
2078,1,19,0
2078,1,20,2.6779
2078,1,21,0
2078,1,22,0
2078,1,23,0
2078,1,24,0
2078,1,25,0
2078,1,26,0
2078,1,27,0.65918
2078,1,28,0.041199
2078,1,29,0.054932
2078,1,30,0
2078,1,31,0
2078,2,1,0.034332
2078,2,2,0.61798
2078,2,3,0
2078,2,4,0
2078,2,5,0.082397
2078,2,6,3.7216
2078,2,7,5.3558
2078,2,8,0.054932
2078,2,9,1.593
2078,2,10,0
2078,2,11,2.005
2078,2,12,0.082397
2078,2,13,53.174
2078,2,14,6.2347
2078,2,15,13.836
2078,2,16,18.951
2078,2,17,3.6118
2078,2,18,0
2078,2,19,0
2078,2,20,0
2078,2,21,0.013733
2078,2,22,0.26093
2078,2,23,0
2078,2,24,0
2078,2,25,0
2078,2,26,0
2078,2,27,0
2078,2,28,0
2078,3,1,0.082397
2078,3,2,0.09613
2078,3,3,1.181
2078,3,4,0
2078,3,5,0
2078,3,6,0
2078,3,7,0
2078,3,8,0
2078,3,9,8.1299
2078,3,10,6.6193
2078,3,11,19.281
2078,3,12,0.32959
2078,3,13,1.7029
2078,3,14,0.041199
2078,3,15,0
2078,3,16,0
2078,3,17,0
2078,3,18,0.46692
2078,3,19,3.186
2078,3,20,0
2078,3,21,0
2078,3,22,0
2078,3,23,0.103
2078,3,24,1.9363
2078,3,25,0.0068665
2078,3,26,0.013733
2078,3,27,0
2078,3,28,6.633
2078,3,29,8.5831
2078,3,30,0.57678
2078,3,31,0.15106
2078,4,1,0.21973
2078,4,2,0
2078,4,3,0
2078,4,4,0
2078,4,5,5.5206
2078,4,6,1.4008
2078,4,7,0
2078,4,8,0
2078,4,9,0.21973
2078,4,10,0
2078,4,11,0
2078,4,12,0
2078,4,13,0
2078,4,14,0
2078,4,15,0
2078,4,16,0
2078,4,17,2.1973
2078,4,18,0
2078,4,19,0
2078,4,20,0
2078,4,21,1.4969
2078,4,22,0.082397
2078,4,23,0
2078,4,24,0
2078,4,25,0
2078,4,26,0
2078,4,27,1.7303
2078,4,28,0.15106
2078,4,29,3.1174
2078,4,30,0.027466
2078,5,1,0
2078,5,2,0
2078,5,3,0
2078,5,4,0
2078,5,5,0
2078,5,6,0.10986
2078,5,7,0
2078,5,8,0
2078,5,9,0.15106
2078,5,10,0
2078,5,11,1.1398
2078,5,12,2.5955
2078,5,13,1.7715
2078,5,14,0
2078,5,15,0
2078,5,16,0
2078,5,17,3.1586
2078,5,18,0
2078,5,19,0.90637
2078,5,20,0
2078,5,21,0
2078,5,22,8.1024
2078,5,23,21.259
2078,5,24,2.5269
2078,5,25,0.9613
2078,5,26,0
2078,5,27,0
2078,5,28,0.52185
2078,5,29,0.041199
2078,5,30,2.3758
2078,5,31,0
2078,6,1,0
2078,6,2,0
2078,6,3,0
2078,6,4,0
2078,6,5,0
2078,6,6,0
2078,6,7,0
2078,6,8,0
2078,6,9,0
2078,6,10,0
2078,6,11,18.388
2078,6,12,0.13733
2078,6,13,11.989
2078,6,14,0.0068665
2078,6,15,0
2078,6,16,0
2078,6,17,0
2078,6,18,0
2078,6,19,0
2078,6,20,0
2078,6,21,0
2078,6,22,1.7715
2078,6,23,0
2078,6,24,0.63171
2078,6,25,0.93384
2078,6,26,4.2023
2078,6,27,14.31
2078,6,28,0
2078,6,29,2.829
2078,6,30,7.0587
2078,7,1,0
2078,7,2,0
2078,7,3,0
2078,7,4,0.19226
2078,7,5,4.4083
2078,7,6,0
2078,7,7,0
2078,7,8,0
2078,7,9,0
2078,7,10,0
2078,7,11,0
2078,7,12,0
2078,7,13,0
2078,7,14,0
2078,7,15,0.041199
2078,7,16,0
2078,7,17,0.013733
2078,7,18,0
2078,7,19,0
2078,7,20,0.23346
2078,7,21,0.013733
2078,7,22,0.15106
2078,7,23,0
2078,7,24,0
2078,7,25,0
2078,7,26,1.7441
2078,7,27,2.3621
2078,7,28,0
2078,7,29,0
2078,7,30,0.15106
2078,7,31,22.797
2078,8,1,0.79651
2078,8,2,0
2078,8,3,0
2078,8,4,0
2078,8,5,0
2078,8,6,0
2078,8,7,0
2078,8,8,0.28839
2078,8,9,1.4969
2078,8,10,0.15106
2078,8,11,0
2078,8,12,0.027466
2078,8,13,0
2078,8,14,0.027466
2078,8,15,0.013733
2078,8,16,0
2078,8,17,0
2078,8,18,0.041199
2078,8,19,0.81024
2078,8,20,0
2078,8,21,0
2078,8,22,0
2078,8,23,0.061798
2078,8,24,0.13046
2078,8,25,0.48065
2078,8,26,0
2078,8,27,0
2078,8,28,0
2078,8,29,0
2078,8,30,0
2078,8,31,0
2078,9,1,0.53558
2078,9,2,4.5319
2078,9,3,0.0068665
2078,9,4,0.048065
2078,9,5,0
2078,9,6,0
2078,9,7,0
2078,9,8,0.39825
2078,9,9,0
2078,9,10,0
2078,9,11,0
2078,9,12,0
2078,9,13,0
2078,9,14,0
2078,9,15,0
2078,9,16,0
2078,9,17,0.041199
2078,9,18,1.2222
2078,9,19,0
2078,9,20,0
2078,9,21,0
2078,9,22,0
2078,9,23,0
2078,9,24,0
2078,9,25,0
2078,9,26,0
2078,9,27,0.041199
2078,9,28,0
2078,9,29,0
2078,9,30,4.8889
2078,10,1,0
2078,10,2,3.7903
2078,10,3,0
2078,10,4,0
2078,10,5,10.918
2078,10,6,33.536
2078,10,7,0.65918
2078,10,8,6.6193
2078,10,9,6.5643
2078,10,10,1.181
2078,10,11,0
2078,10,12,0
2078,10,13,0
2078,10,14,0
2078,10,15,0
2078,10,16,0
2078,10,17,0
2078,10,18,0
2078,10,19,0
2078,10,20,0
2078,10,21,0.16479
2078,10,22,0.041199
2078,10,23,1.3046
2078,10,24,0.69351
2078,10,25,0
2078,10,26,2.623
2078,10,27,0.013733
2078,10,28,2.623
2078,10,29,14.557
2078,10,30,0
2078,10,31,0
2078,11,1,0
2078,11,2,0
2078,11,3,0
2078,11,4,0
2078,11,5,0.082397
2078,11,6,1.1673
2078,11,7,3.3234
2078,11,8,9.874
2078,11,9,13.184
2078,11,10,0
2078,11,11,1.1398
2078,11,12,7.3334
2078,11,13,5.9738
2078,11,14,4.0375
2078,11,15,11.096
2078,11,16,2.8839
2078,11,17,3.7903
2078,11,18,0.027466
2078,11,19,1.0712
2078,11,20,10.3
2078,11,21,19.899
2078,11,22,0.027466
2078,11,23,6.4819
2078,11,24,0
2078,11,25,0
2078,11,26,1.9363
2078,11,27,0
2078,11,28,4.7104
2078,11,29,2.0599
2078,11,30,0
2078,12,1,0.13733
2078,12,2,2.4307
2078,12,3,0.10986
2078,12,4,0
2078,12,5,0
2078,12,6,0
2078,12,7,0
2078,12,8,0
2078,12,9,82.246
2078,12,10,33.495
2078,12,11,0.85144
2078,12,12,0.76904
2078,12,13,0.27466
2078,12,14,1.6479
2078,12,15,0
2078,12,16,0
2078,12,17,0.49438
2078,12,18,7.6767
2078,12,19,4.5731
2078,12,20,0
2078,12,21,0.32959
2078,12,22,2.2247
2078,12,23,0.46692
2078,12,24,0.9613
2078,12,25,0.027466
2078,12,26,0
2078,12,27,0.52185
2078,12,28,0
2078,12,29,0
2078,12,30,0
2078,12,31,0
2079,1,1,0
2079,1,2,0
2079,1,3,0
2079,1,4,0.082397
2079,1,5,0.98877
2079,1,6,0
2079,1,7,0
2079,1,8,0
2079,1,9,0
2079,1,10,1.387
2079,1,11,0
2079,1,12,0.39825
2079,1,13,3.6255
2079,1,14,15.91
2079,1,15,46.321
2079,1,16,17.757
2079,1,17,0.10986
2079,1,18,4.9438
2079,1,19,0.054932
2079,1,20,0
2079,1,21,0.013733
2079,1,22,0
2079,1,23,0.35706
2079,1,24,14.914
2079,1,25,0
2079,1,26,0
2079,1,27,0.1236
2079,1,28,0.97504
2079,1,29,0
2079,1,30,0
2079,1,31,2.7122
2079,2,1,13.582
2079,2,2,41.185
2079,2,3,0.78278
2079,2,4,32.423
2079,2,5,50.798
2079,2,6,0.027466
2079,2,7,0.027466
2079,2,8,0
2079,2,9,0
2079,2,10,0.09613
2079,2,11,5.7541
2079,2,12,15.999
2079,2,13,1.8402
2079,2,14,0.27466
2079,2,15,7.608
2079,2,16,0
2079,2,17,2.4719
2079,2,18,2.8976
2079,2,19,0
2079,2,20,0.041199
2079,2,21,0
2079,2,22,0.13733
2079,2,23,0.09613
2079,2,24,0.41199
2079,2,25,0.19226
2079,2,26,1.3184
2079,2,27,0
2079,2,28,3.4332
2079,3,1,0
2079,3,2,0
2079,3,3,0
2079,3,4,58.379
2079,3,5,1.3458
2079,3,6,1.1673
2079,3,7,0
2079,3,8,1.3321
2079,3,9,0.082397
2079,3,10,0.24033
2079,3,11,0.24719
2079,3,12,0.85144
2079,3,13,0
2079,3,14,0
2079,3,15,0
2079,3,16,0
2079,3,17,0
2079,3,18,0
2079,3,19,0
2079,3,20,0
2079,3,21,0
2079,3,22,0
2079,3,23,0
2079,3,24,0
2079,3,25,0
2079,3,26,0
2079,3,27,0
2079,3,28,0.10986
2079,3,29,2.7328
2079,3,30,0.027466
2079,3,31,0.013733
2079,4,1,0.09613
2079,4,2,0.027466
2079,4,3,5.04
2079,4,4,0
2079,4,5,1.7029
2079,4,6,11.22
2079,4,7,0
2079,4,8,0
2079,4,9,0.18539
2079,4,10,0.15106
2079,4,11,0
2079,4,12,0
2079,4,13,0
2079,4,14,0
2079,4,15,0.054932
2079,4,16,0.16479
2079,4,17,0.0068665
2079,4,18,0
2079,4,19,0
2079,4,20,0.25406
2079,4,21,0
2079,4,22,0
2079,4,23,0
2079,4,24,0
2079,4,25,0
2079,4,26,0
2079,4,27,0
2079,4,28,0
2079,4,29,0
2079,4,30,0
2079,5,1,0.24719
2079,5,2,0.59052
2079,5,3,2.0531
2079,5,4,0.68665
2079,5,5,0.027466
2079,5,6,0
2079,5,7,0
2079,5,8,0
2079,5,9,0.013733
2079,5,10,8.432
2079,5,11,0
2079,5,12,0
2079,5,13,0
2079,5,14,0
2079,5,15,0
2079,5,16,0
2079,5,17,0
2079,5,18,0
2079,5,19,0
2079,5,20,0.19913
2079,5,21,0
2079,5,22,0.013733
2079,5,23,0
2079,5,24,0.013733
2079,5,25,0
2079,5,26,0
2079,5,27,0
2079,5,28,0
2079,5,29,0
2079,5,30,0
2079,5,31,0.082397
2079,6,1,0
2079,6,2,0
2079,6,3,0
2079,6,4,0
2079,6,5,0.048065
2079,6,6,1.0849
2079,6,7,0
2079,6,8,0
2079,6,9,0
2079,6,10,2.8015
2079,6,11,0.43259
2079,6,12,0.26093
2079,6,13,0.0068665
2079,6,14,0
2079,6,15,0
2079,6,16,0
2079,6,17,0.27466
2079,6,18,0
2079,6,19,0.09613
2079,6,20,0
2079,6,21,0
2079,6,22,0
2079,6,23,0
2079,6,24,0
2079,6,25,3.6942
2079,6,26,0
2079,6,27,0
2079,6,28,0
2079,6,29,2.1217
2079,6,30,0.41199
2079,7,1,0
2079,7,2,0
2079,7,3,0
2079,7,4,0
2079,7,5,0
2079,7,6,0.38452
2079,7,7,1.6068
2079,7,8,0
2079,7,9,0
2079,7,10,0
2079,7,11,0
2079,7,12,0
2079,7,13,0
2079,7,14,0
2079,7,15,0
2079,7,16,0
2079,7,17,0.013733
2079,7,18,0
2079,7,19,0
2079,7,20,0
2079,7,21,0
2079,7,22,0
2079,7,23,0.027466
2079,7,24,2.7054
2079,7,25,0
2079,7,26,0
2079,7,27,0
2079,7,28,0
2079,7,29,0.28839
2079,7,30,0.1236
2079,7,31,0
2079,8,1,0
2079,8,2,0.013733
2079,8,3,2.4857
2079,8,4,0.49438
2079,8,5,0
2079,8,6,0
2079,8,7,0
2079,8,8,0
2079,8,9,0
2079,8,10,0
2079,8,11,0.054932
2079,8,12,0
2079,8,13,0
2079,8,14,0
2079,8,15,0
2079,8,16,0
2079,8,17,0
2079,8,18,0
2079,8,19,0
2079,8,20,0
2079,8,21,0
2079,8,22,0
2079,8,23,0
2079,8,24,0
2079,8,25,0
2079,8,26,0
2079,8,27,0
2079,8,28,0
2079,8,29,0
2079,8,30,0
2079,8,31,0.013733
2079,9,1,0
2079,9,2,0
2079,9,3,0
2079,9,4,0.082397
2079,9,5,0
2079,9,6,0
2079,9,7,0
2079,9,8,0
2079,9,9,0
2079,9,10,1.9981
2079,9,11,0
2079,9,12,0
2079,9,13,0
2079,9,14,0
2079,9,15,0
2079,9,16,0
2079,9,17,0
2079,9,18,0
2079,9,19,0
2079,9,20,0.020599
2079,9,21,0
2079,9,22,0
2079,9,23,0
2079,9,24,0
2079,9,25,0.1236
2079,9,26,0.62485
2079,9,27,0
2079,9,28,0
2079,9,29,0
2079,9,30,0
2079,10,1,11.728
2079,10,2,0.082397
2079,10,3,0.082397
2079,10,4,26.82
2079,10,5,23.236
2079,10,6,0.85144
2079,10,7,1.4282
2079,10,8,16.919
2079,10,9,0
2079,10,10,0
2079,10,11,0
2079,10,12,0
2079,10,13,3.4607
2079,10,14,0
2079,10,15,0
2079,10,16,0
2079,10,17,0.13733
2079,10,18,37.038
2079,10,19,25.172
2079,10,20,0.16479
2079,10,21,1.6205
2079,10,22,0.068665
2079,10,23,0
2079,10,24,0
2079,10,25,0
2079,10,26,3.186
2079,10,27,2.5269
2079,10,28,0.10986
2079,10,29,0.034332
2079,10,30,0
2079,10,31,0.041199
2079,11,1,6.1111
2079,11,2,4.0924
2079,11,3,1.2497
2079,11,4,6.6467
2079,11,5,0
2079,11,6,7.9514
2079,11,7,0.83771
2079,11,8,0
2079,11,9,0.1236
2079,11,10,0.21286
2079,11,11,0
2079,11,12,0
2079,11,13,0
2079,11,14,0
2079,11,15,2.0325
2079,11,16,10.89
2079,11,17,7.8827
2079,11,18,0
2079,11,19,3.9825
2079,11,20,17.921
2079,11,21,0.027466
2079,11,22,5.3009
2079,11,23,0.9613
2079,11,24,7.5531
2079,11,25,0
2079,11,26,0
2079,11,27,0
2079,11,28,0
2079,11,29,0
2079,11,30,33.865
2079,12,1,113.38
2079,12,2,20.956
2079,12,3,2.0325
2079,12,4,0
2079,12,5,0
2079,12,6,0
2079,12,7,0
2079,12,8,0
2079,12,9,0.013733
2079,12,10,0.0068665
2079,12,11,0
2079,12,12,0
2079,12,13,0.19913
2079,12,14,0.10986
2079,12,15,1.236
2079,12,16,0.054932
2079,12,17,0
2079,12,18,0
2079,12,19,0
2079,12,20,0
2079,12,21,0.37079
2079,12,22,0.013733
2079,12,23,0
2079,12,24,0
2079,12,25,0
2079,12,26,0
2079,12,27,0
2079,12,28,0
2079,12,29,0
2079,12,30,0
2079,12,31,0
2080,1,1,0
2080,1,2,0
2080,1,3,0
2080,1,4,0
2080,1,5,0
2080,1,6,4.0237
2080,1,7,17.221
2080,1,8,16.589
2080,1,9,10.918
2080,1,10,57.143
2080,1,11,0
2080,1,12,0.38452
2080,1,13,0.35706
2080,1,14,2.5818
2080,1,15,16.809
2080,1,16,0.65918
2080,1,17,0.23346
2080,1,18,0.23346
2080,1,19,0.020599
2080,1,20,0
2080,1,21,0
2080,1,22,0.26093
2080,1,23,0.48065
2080,1,24,0.10986
2080,1,25,0
2080,1,26,0.42572
2080,1,27,0.10986
2080,1,28,1.236
2080,1,29,0
2080,1,30,0.41199
2080,1,31,2.2659
2080,2,1,0
2080,2,2,0
2080,2,3,3.1998
2080,2,4,0
2080,2,5,0
2080,2,6,0
2080,2,7,0.38452
2080,2,8,0.31586
2080,2,9,1.0986
2080,2,10,0.013733
2080,2,11,0
2080,2,12,0
2080,2,13,1.0986
2080,2,14,2.1492
2080,2,15,5.5618
2080,2,16,0.90637
2080,2,17,0.87891
2080,2,18,3.4332
2080,2,19,0
2080,2,20,0
2080,2,21,0
2080,2,22,1.9089
2080,2,23,2.8015
2080,2,24,0.013733
2080,2,25,0
2080,2,26,0.027466
2080,2,27,0
2080,2,28,0.27466
2080,2,29,0.30212
2080,3,1,1.0986
2080,3,2,0
2080,3,3,0.19226
2080,3,4,19.878
2080,3,5,0.24719
2080,3,6,0
2080,3,7,0.60425
2080,3,8,0.19226
2080,3,9,0.51498
2080,3,10,1.0712
2080,3,11,2.5818
2080,3,12,0.013733
2080,3,13,0.38452
2080,3,14,0.9201
2080,3,15,0
2080,3,16,0
2080,3,17,0
2080,3,18,0
2080,3,19,0
2080,3,20,0
2080,3,21,0
2080,3,22,0.38452
2080,3,23,0
2080,3,24,0
2080,3,25,0.31586
2080,3,26,1.3046
2080,3,27,0
2080,3,28,6.6879
2080,3,29,2.0737
2080,3,30,0.027466
2080,3,31,3.804
2080,4,1,24.403
2080,4,2,1.9089
2080,4,3,0
2080,4,4,0
2080,4,5,5.9807
2080,4,6,1.1673
2080,4,7,0
2080,4,8,0
2080,4,9,0
2080,4,10,0
2080,4,11,0
2080,4,12,0
2080,4,13,1.9295
2080,4,14,2.4033
2080,4,15,6.1386
2080,4,16,0.21973
2080,4,17,0
2080,4,18,0
2080,4,19,0
2080,4,20,0
2080,4,21,0.027466
2080,4,22,0
2080,4,23,0.36392
2080,4,24,9.1599
2080,4,25,4.9026
2080,4,26,8.0887
2080,4,27,0.027466
2080,4,28,0.068665
2080,4,29,0.23346
2080,4,30,0.52185
2080,5,1,0.71411
2080,5,2,0
2080,5,3,1.1467
2080,5,4,9.9838
2080,5,5,0.19226
2080,5,6,0
2080,5,7,0
2080,5,8,0.10986
2080,5,9,0.63171
2080,5,10,0
2080,5,11,0.041199
2080,5,12,0.16479
2080,5,13,0
2080,5,14,0
2080,5,15,0
2080,5,16,0
2080,5,17,0
2080,5,18,0
2080,5,19,0
2080,5,20,0.45319
2080,5,21,0
2080,5,22,0
2080,5,23,0.027466
2080,5,24,0.054932
2080,5,25,0
2080,5,26,0
2080,5,27,0
2080,5,28,0
2080,5,29,23.209
2080,5,30,9.7229
2080,5,31,1.0162
2080,6,1,0
2080,6,2,0
2080,6,3,1.3321
2080,6,4,0
2080,6,5,0
2080,6,6,0
2080,6,7,0
2080,6,8,0
2080,6,9,0.054932
2080,6,10,0.61798
2080,6,11,0
2080,6,12,0
2080,6,13,0
2080,6,14,0
2080,6,15,0.082397
2080,6,16,0
2080,6,17,0
2080,6,18,0
2080,6,19,0
2080,6,20,0.0068665
2080,6,21,0.034332
2080,6,22,0
2080,6,23,0
2080,6,24,0
2080,6,25,0
2080,6,26,0
2080,6,27,0
2080,6,28,1.9363
2080,6,29,0
2080,6,30,0
2080,7,1,0
2080,7,2,0
2080,7,3,0
2080,7,4,0
2080,7,5,0.020599
2080,7,6,0.24719
2080,7,7,0.09613
2080,7,8,0.027466
2080,7,9,0.10986
2080,7,10,0
2080,7,11,0
2080,7,12,0
2080,7,13,0.082397
2080,7,14,0.23346
2080,7,15,5.0674
2080,7,16,5.603
2080,7,17,2.5818
2080,7,18,0
2080,7,19,0
2080,7,20,0
2080,7,21,0
2080,7,22,0.068665
2080,7,23,0.068665
2080,7,24,0.013733
2080,7,25,0
2080,7,26,0.082397
2080,7,27,0
2080,7,28,0
2080,7,29,0
2080,7,30,0
2080,7,31,0
2080,8,1,0
2080,8,2,0
2080,8,3,0.10986
2080,8,4,0.054932
2080,8,5,0
2080,8,6,0
2080,8,7,0
2080,8,8,0
2080,8,9,0
2080,8,10,0
2080,8,11,0
2080,8,12,0
2080,8,13,0.23346
2080,8,14,1.1948
2080,8,15,0
2080,8,16,0
2080,8,17,0
2080,8,18,0
2080,8,19,0.061798
2080,8,20,0
2080,8,21,0
2080,8,22,2.1698
2080,8,23,1.5793
2080,8,24,0
2080,8,25,0
2080,8,26,0.068665
2080,8,27,0.041199
2080,8,28,0
2080,8,29,8.8577
2080,8,30,5.9875
2080,8,31,0
2080,9,1,0
2080,9,2,0
2080,9,3,0
2080,9,4,0
2080,9,5,5.4794
2080,9,6,7.9376
2080,9,7,1.4694
2080,9,8,169.19
2080,9,9,0.13733
2080,9,10,0.24719
2080,9,11,0.59052
2080,9,12,0.39139
2080,9,13,0.082397
2080,9,14,0
2080,9,15,2.1149
2080,9,16,37.491
2080,9,17,0.17853
2080,9,18,0
2080,9,19,0.054932
2080,9,20,0.9613
2080,9,21,0.13733
2080,9,22,0.013733
2080,9,23,0
2080,9,24,0
2080,9,25,0
2080,9,26,0
2080,9,27,0
2080,9,28,0.027466
2080,9,29,0
2080,9,30,0
2080,10,1,0
2080,10,2,0
2080,10,3,0.52872
2080,10,4,0.027466
2080,10,5,0.068665
2080,10,6,0.53558
2080,10,7,0.81711
2080,10,8,1.2497
2080,10,9,0.013733
2080,10,10,0.15106
2080,10,11,0.054932
2080,10,12,0
2080,10,13,0.13733
2080,10,14,17.853
2080,10,15,2.417
2080,10,16,8.5693
2080,10,17,0
2080,10,18,0
2080,10,19,4.2572
2080,10,20,2.8702
2080,10,21,0
2080,10,22,0
2080,10,23,0.1236
2080,10,24,2.0462
2080,10,25,1.03
2080,10,26,5.7953
2080,10,27,4.7241
2080,10,28,0
2080,10,29,0
2080,10,30,0
2080,10,31,7.0999
2080,11,1,3.4607
2080,11,2,0.42572
2080,11,3,0.20599
2080,11,4,0.74158
2080,11,5,0.027466
2080,11,6,0
2080,11,7,0
2080,11,8,0.041199
2080,11,9,0.027466
2080,11,10,0
2080,11,11,0
2080,11,12,0
2080,11,13,0.10986
2080,11,14,0
2080,11,15,0
2080,11,16,0
2080,11,17,3.447
2080,11,18,0
2080,11,19,14.392
2080,11,20,5.4382
2080,11,21,0.70038
2080,11,22,8.1573
2080,11,23,0
2080,11,24,3.7079
2080,11,25,2.8015
2080,11,26,8.1848
2080,11,27,26.477
2080,11,28,21.259
2080,11,29,16.26
2080,11,30,32.094
2080,12,1,48.752
2080,12,2,26.491
2080,12,3,5.8914
2080,12,4,2.0874
2080,12,5,0.027466
2080,12,6,0
2080,12,7,0.9613
2080,12,8,2.4445
2080,12,9,2.1149
2080,12,10,3.1586
2080,12,11,0
2080,12,12,0
2080,12,13,1.3184
2080,12,14,1.181
2080,12,15,7.1686
2080,12,16,0.24719
2080,12,17,1.1536
2080,12,18,0
2080,12,19,0.43945
2080,12,20,1.8677
2080,12,21,0.37079
2080,12,22,0.054932
2080,12,23,0.26093
2080,12,24,0.082397
2080,12,25,0.013733
2080,12,26,0
2080,12,27,0
2080,12,28,0
2080,12,29,0.37079
2080,12,30,0.013733
2080,12,31,0
2081,1,1,0.19226
2081,1,2,0
2081,1,3,0
2081,1,4,0
2081,1,5,0
2081,1,6,0
2081,1,7,3.6804
2081,1,8,0
2081,1,9,1.8814
2081,1,10,0.027466
2081,1,11,0.71411
2081,1,12,0.09613
2081,1,13,0
2081,1,14,30.824
2081,1,15,2.0737
2081,1,16,0
2081,1,17,0
2081,1,18,0
2081,1,19,0
2081,1,20,0.013733
2081,1,21,2.3071
2081,1,22,3.9551
2081,1,23,0
2081,1,24,0
2081,1,25,0.027466
2081,1,26,0
2081,1,27,0
2081,1,28,0.082397
2081,1,29,0.15106
2081,1,30,0.65918
2081,1,31,4.0718
2081,2,1,0.32959
2081,2,2,0.49438
2081,2,3,0
2081,2,4,0
2081,2,5,0
2081,2,6,0
2081,2,7,0
2081,2,8,0
2081,2,9,0
2081,2,10,0
2081,2,11,2.3621
2081,2,12,1.9775
2081,2,13,14.866
2081,2,14,0.054932
2081,2,15,0.38452
2081,2,16,0.027466
2081,2,17,0
2081,2,18,0
2081,2,19,0
2081,2,20,0
2081,2,21,0
2081,2,22,0
2081,2,23,0
2081,2,24,0
2081,2,25,0
2081,2,26,0
2081,2,27,0
2081,2,28,0
2081,3,1,0.1236
2081,3,2,4.6417
2081,3,3,2.829
2081,3,4,0.28839
2081,3,5,0.9613
2081,3,6,1.4282
2081,3,7,1.9226
2081,3,8,0
2081,3,9,2.0599
2081,3,10,34.071
2081,3,11,0.27466
2081,3,12,0
2081,3,13,0
2081,3,14,0.90637
2081,3,15,0.28152
2081,3,16,2.9663
2081,3,17,3.186
2081,3,18,3.0212
2081,3,19,0.23346
2081,3,20,6.9763
2081,3,21,0
2081,3,22,0
2081,3,23,0.1442
2081,3,24,1.1124
2081,3,25,0
2081,3,26,0
2081,3,27,0.21973
2081,3,28,16.205
2081,3,29,0.16479
2081,3,30,11.673
2081,3,31,12.799
2081,4,1,30.762
2081,4,2,13.293
2081,4,3,3.8315
2081,4,4,0.77591
2081,4,5,0
2081,4,6,0
2081,4,7,17.743
2081,4,8,5.4657
2081,4,9,0.21973
2081,4,10,7.6355
2081,4,11,0
2081,4,12,0
2081,4,13,0.80338
2081,4,14,1.9226
2081,4,15,0
2081,4,16,0
2081,4,17,0.63171
2081,4,18,0.30212
2081,4,19,2.5131
2081,4,20,0.0068665
2081,4,21,21.808
2081,4,22,6.633
2081,4,23,14.777
2081,4,24,11
2081,4,25,2.2385
2081,4,26,15.656
2081,4,27,0
2081,4,28,0
2081,4,29,2.5406
2081,4,30,1.3596
2081,5,1,3.5019
2081,5,2,15.257
2081,5,3,0
2081,5,4,0
2081,5,5,2.6642
2081,5,6,0
2081,5,7,0
2081,5,8,0
2081,5,9,0
2081,5,10,0
2081,5,11,0
2081,5,12,0
2081,5,13,4.8477
2081,5,14,23.813
2081,5,15,19.116
2081,5,16,3.2547
2081,5,17,0.034332
2081,5,18,0
2081,5,19,0
2081,5,20,0.26779
2081,5,21,0
2081,5,22,0
2081,5,23,0
2081,5,24,0
2081,5,25,0
2081,5,26,0
2081,5,27,0
2081,5,28,0
2081,5,29,0
2081,5,30,0
2081,5,31,0.1236
2081,6,1,30.927
2081,6,2,0.68665
2081,6,3,0
2081,6,4,10.368
2081,6,5,8.6243
2081,6,6,0
2081,6,7,0
2081,6,8,0
2081,6,9,0
2081,6,10,0
2081,6,11,0
2081,6,12,0.21973
2081,6,13,3.6942
2081,6,14,0.86517
2081,6,15,0.39825
2081,6,16,3.1586
2081,6,17,0
2081,6,18,0.10986
2081,6,19,4.4632
2081,6,20,0
2081,6,21,0
2081,6,22,0
2081,6,23,0
2081,6,24,0
2081,6,25,0
2081,6,26,0
2081,6,27,0
2081,6,28,0
2081,6,29,0
2081,6,30,0
2081,7,1,0
2081,7,2,0
2081,7,3,0
2081,7,4,0
2081,7,5,0
2081,7,6,0
2081,7,7,2.1217
2081,7,8,0
2081,7,9,0
2081,7,10,0
2081,7,11,0
2081,7,12,0
2081,7,13,0
2081,7,14,0
2081,7,15,0
2081,7,16,0.041199
2081,7,17,0.027466
2081,7,18,0
2081,7,19,0
2081,7,20,0.28839
2081,7,21,0
2081,7,22,0
2081,7,23,0
2081,7,24,0
2081,7,25,0
2081,7,26,0
2081,7,27,0
2081,7,28,0.020599
2081,7,29,3.3371
2081,7,30,0.013733
2081,7,31,0
2081,8,1,0
2081,8,2,0
2081,8,3,0
2081,8,4,0
2081,8,5,0
2081,8,6,0
2081,8,7,0.013733
2081,8,8,9.256
2081,8,9,0
2081,8,10,0
2081,8,11,0
2081,8,12,0
2081,8,13,0
2081,8,14,0
2081,8,15,0.37079
2081,8,16,0
2081,8,17,0
2081,8,18,0
2081,8,19,0
2081,8,20,0
2081,8,21,0
2081,8,22,0
2081,8,23,0.041199
2081,8,24,1.0162
2081,8,25,129.56
2081,8,26,0.70038
2081,8,27,0
2081,8,28,0
2081,8,29,17.207
2081,8,30,0
2081,8,31,0
2081,9,1,0
2081,9,2,1.799
2081,9,3,0
2081,9,4,0
2081,9,5,0
2081,9,6,0.027466
2081,9,7,0
2081,9,8,0
2081,9,9,1.3939
2081,9,10,3.0693
2081,9,11,0.082397
2081,9,12,0
2081,9,13,0.30212
2081,9,14,8.8577
2081,9,15,1.0986
2081,9,16,0.52185
2081,9,17,40.636
2081,9,18,0
2081,9,19,0
2081,9,20,0
2081,9,21,0
2081,9,22,0
2081,9,23,0.35706
2081,9,24,0.013733
2081,9,25,2.8152
2081,9,26,0.91324
2081,9,27,0
2081,9,28,9.1599
2081,9,29,5.9601
2081,9,30,0
2081,10,1,0
2081,10,2,3.1586
2081,10,3,0
2081,10,4,0
2081,10,5,0
2081,10,6,0
2081,10,7,0
2081,10,8,0
2081,10,9,0
2081,10,10,0
2081,10,11,0
2081,10,12,0.30212
2081,10,13,0.054932
2081,10,14,2.6367
2081,10,15,0
2081,10,16,2.4445
2081,10,17,0.041199
2081,10,18,2.1286
2081,10,19,0.50812
2081,10,20,0
2081,10,21,0
2081,10,22,0.24719
2081,10,23,3.8177
2081,10,24,0
2081,10,25,0
2081,10,26,15.518
2081,10,27,0
2081,10,28,0.72784
2081,10,29,0
2081,10,30,0
2081,10,31,0
2081,11,1,0
2081,11,2,0.50812
2081,11,3,7.5394
2081,11,4,53.435
2081,11,5,0
2081,11,6,0
2081,11,7,4.3396
2081,11,8,1.1261
2081,11,9,16.122
2081,11,10,0.21973
2081,11,11,0.34332
2081,11,12,1.181
2081,11,13,0.41199
2081,11,14,0
2081,11,15,0
2081,11,16,0
2081,11,17,17.125
2081,11,18,17.084
2081,11,19,0
2081,11,20,0
2081,11,21,0.31586
2081,11,22,58.131
2081,11,23,48.299
2081,11,24,19.295
2081,11,25,56.717
2081,11,26,33.069
2081,11,27,4.1336
2081,11,28,0.9613
2081,11,29,22.701
2081,11,30,36.598
2081,12,1,0.16479
2081,12,2,1.3733
2081,12,3,0.20599
2081,12,4,0.13733
2081,12,5,0
2081,12,6,0.75531
2081,12,7,16.164
2081,12,8,0
2081,12,9,14.859
2081,12,10,0
2081,12,11,0
2081,12,12,3.9825
2081,12,13,1.7029
2081,12,14,0.054932
2081,12,15,4.3396
2081,12,16,3.2684
2081,12,17,0.76904
2081,12,18,3.9139
2081,12,19,0.027466
2081,12,20,0.027466
2081,12,21,0
2081,12,22,0
2081,12,23,0
2081,12,24,0.068665
2081,12,25,5.3009
2081,12,26,3.6255
2081,12,27,2.829
2081,12,28,0
2081,12,29,0.35706
2081,12,30,0.63171
2081,12,31,0.27466
2082,1,1,0
2082,1,2,0
2082,1,3,0.09613
2082,1,4,1.1948
2082,1,5,6.8115
2082,1,6,1.799
2082,1,7,0
2082,1,8,0
2082,1,9,0.027466
2082,1,10,0
2082,1,11,0.013733
2082,1,12,3.9688
2082,1,13,3.0968
2082,1,14,0.9613
2082,1,15,0.71411
2082,1,16,0.42572
2082,1,17,0.46692
2082,1,18,0
2082,1,19,0.013733
2082,1,20,1.2085
2082,1,21,0.10986
2082,1,22,0.054932
2082,1,23,0.09613
2082,1,24,0.09613
2082,1,25,0.50812
2082,1,26,2.1149
2082,1,27,0
2082,1,28,0
2082,1,29,0
2082,1,30,0
2082,1,31,0
2082,2,1,1.5106
2082,2,2,0.048065
2082,2,3,0
2082,2,4,0
2082,2,5,0
2082,2,6,0.013733
2082,2,7,0.15793
2082,2,8,6.1111
2082,2,9,0
2082,2,10,0
2082,2,11,0
2082,2,12,0.27466
2082,2,13,0.15106
2082,2,14,0.46692
2082,2,15,1.5106
2082,2,16,0
2082,2,17,0.70038
2082,2,18,0.68665
2082,2,19,0.82397
2082,2,20,0
2082,2,21,0
2082,2,22,0
2082,2,23,0
2082,2,24,0
2082,2,25,0
2082,2,26,0.31586
2082,2,27,0
2082,2,28,0
2082,3,1,0.63171
2082,3,2,0.10986
2082,3,3,0
2082,3,4,0.24719
2082,3,5,5.2597
2082,3,6,0.013733
2082,3,7,0
2082,3,8,1.5793
2082,3,9,0.74158
2082,3,10,0
2082,3,11,2.2522
2082,3,12,2.98
2082,3,13,0.37079
2082,3,14,15.161
2082,3,15,15.601
2082,3,16,0.63171
2082,3,17,0
2082,3,18,4.9164
2082,3,19,13.651
2082,3,20,1.0437
2082,3,21,0
2082,3,22,0.054932
2082,3,23,0.16479
2082,3,24,1.1398
2082,3,25,13.98
2082,3,26,11.769
2082,3,27,0.054932
2082,3,28,0.20599
2082,3,29,0.65918
2082,3,30,5.658
2082,3,31,0
2082,4,1,2.5543
2082,4,2,0
2082,4,3,0.24719
2082,4,4,0.85144
2082,4,5,0.21973
2082,4,6,2.6917
2082,4,7,0.054932
2082,4,8,0
2082,4,9,0
2082,4,10,0
2082,4,11,0
2082,4,12,0
2082,4,13,0
2082,4,14,1.0712
2082,4,15,0
2082,4,16,0
2082,4,17,0.09613
2082,4,18,0.39139
2082,4,19,3.5019
2082,4,20,0.020599
2082,4,21,0
2082,4,22,0
2082,4,23,0
2082,4,24,0
2082,4,25,0
2082,4,26,0
2082,4,27,0.89264
2082,4,28,0.94757
2082,4,29,0.1236
2082,4,30,6.8802
2082,5,1,27.356
2082,5,2,4.3396
2082,5,3,0
2082,5,4,0
2082,5,5,0
2082,5,6,0.41199
2082,5,7,2.3071
2082,5,8,0
2082,5,9,0.013733
2082,5,10,25.447
2082,5,11,11.069
2082,5,12,19.803
2082,5,13,0
2082,5,14,0
2082,5,15,0
2082,5,16,0
2082,5,17,0
2082,5,18,0
2082,5,19,0
2082,5,20,0
2082,5,21,0
2082,5,22,0
2082,5,23,0
2082,5,24,0
2082,5,25,0
2082,5,26,0
2082,5,27,0
2082,5,28,0.013733
2082,5,29,1.4832
2082,5,30,2.8427
2082,5,31,0
2082,6,1,0
2082,6,2,0
2082,6,3,2.6985
2082,6,4,3.3234
2082,6,5,1.4694
2082,6,6,0.46692
2082,6,7,0.71411
2082,6,8,0.21286
2082,6,9,2.4719
2082,6,10,11.632
2082,6,11,0
2082,6,12,3.1448
2082,6,13,0
2082,6,14,0
2082,6,15,0
2082,6,16,0
2082,6,17,0.38452
2082,6,18,3.186
2082,6,19,0.62485
2082,6,20,0
2082,6,21,0
2082,6,22,0
2082,6,23,0
2082,6,24,0.0068665
2082,6,25,0
2082,6,26,0
2082,6,27,0.082397
2082,6,28,0
2082,6,29,0
2082,6,30,0.11673
2082,7,1,0
2082,7,2,0
2082,7,3,0
2082,7,4,0.31586
2082,7,5,0.42572
2082,7,6,0
2082,7,7,0
2082,7,8,0
2082,7,9,0.082397
2082,7,10,0.041199
2082,7,11,0
2082,7,12,0
2082,7,13,0
2082,7,14,0
2082,7,15,0
2082,7,16,0
2082,7,17,0
2082,7,18,0
2082,7,19,0
2082,7,20,0
2082,7,21,0
2082,7,22,0
2082,7,23,0
2082,7,24,0.24719
2082,7,25,0
2082,7,26,0
2082,7,27,0
2082,7,28,0
2082,7,29,0
2082,7,30,0
2082,7,31,0
2082,8,1,0
2082,8,2,0
2082,8,3,0
2082,8,4,0
2082,8,5,0
2082,8,6,0
2082,8,7,0.9613
2082,8,8,3.8795
2082,8,9,0.068665
2082,8,10,0.082397
2082,8,11,2.9938
2082,8,12,0
2082,8,13,0
2082,8,14,0.013733
2082,8,15,1.8265
2082,8,16,1.0574
2082,8,17,0.19226
2082,8,18,0.32959
2082,8,19,0.013733
2082,8,20,0
2082,8,21,0
2082,8,22,0
2082,8,23,0.048065
2082,8,24,1.2772
2082,8,25,7.8278
2082,8,26,0.027466
2082,8,27,0.1236
2082,8,28,0
2082,8,29,0
2082,8,30,4.4357
2082,8,31,0.63171
2082,9,1,0
2082,9,2,0
2082,9,3,0.43945
2082,9,4,0.24719
2082,9,5,8.947
2082,9,6,0
2082,9,7,0
2082,9,8,0
2082,9,9,0.027466
2082,9,10,5.2322
2082,9,11,0
2082,9,12,18.21
2082,9,13,1.4832
2082,9,14,0.20599
2082,9,15,0
2082,9,16,15.436
2082,9,17,0.32959
2082,9,18,0
2082,9,19,0.15106
2082,9,20,22.055
2082,9,21,50.043
2082,9,22,0
2082,9,23,0.21973
2082,9,24,1.7303
2082,9,25,12.552
2082,9,26,0
2082,9,27,0
2082,9,28,0.041199
2082,9,29,0.10986
2082,9,30,0.09613
2082,10,1,0.041199
2082,10,2,0
2082,10,3,0
2082,10,4,2.9594
2082,10,5,0
2082,10,6,0.013733
2082,10,7,18.224
2082,10,8,0.21286
2082,10,9,0.24719
2082,10,10,0.75531
2082,10,11,14.735
2082,10,12,0
2082,10,13,0
2082,10,14,0
2082,10,15,0
2082,10,16,0
2082,10,17,0
2082,10,18,0
2082,10,19,0
2082,10,20,0
2082,10,21,0.09613
2082,10,22,0.21973
2082,10,23,0
2082,10,24,0.013733
2082,10,25,1.9501
2082,10,26,6.9077
2082,10,27,0
2082,10,28,3.804
2082,10,29,0.26093
2082,10,30,0.81711
2082,10,31,0.35706
2082,11,1,5.2597
2082,11,2,1.0986
2082,11,3,0
2082,11,4,0
2082,11,5,0
2082,11,6,0
2082,11,7,0
2082,11,8,0
2082,11,9,0
2082,11,10,0.082397
2082,11,11,1.0437
2082,11,12,7.8827
2082,11,13,3.9001
2082,11,14,0
2082,11,15,0.13733
2082,11,16,0
2082,11,17,0.23346
2082,11,18,1.3321
2082,11,19,3.653
2082,11,20,0
2082,11,21,0
2082,11,22,0
2082,11,23,0
2082,11,24,0.013733
2082,11,25,0
2082,11,26,0.15106
2082,11,27,2.9388
2082,11,28,1.8951
2082,11,29,21.952
2082,11,30,52.226
2082,12,1,17.935
2082,12,2,0
2082,12,3,0.061798
2082,12,4,0.65918
2082,12,5,0
2082,12,6,0
2082,12,7,0.41199
2082,12,8,0
2082,12,9,0
2082,12,10,0
2082,12,11,0
2082,12,12,0
2082,12,13,0.24719
2082,12,14,0.013733
2082,12,15,0
2082,12,16,1.5793
2082,12,17,0.20599
2082,12,18,2.0187
2082,12,19,0.19226
2082,12,20,0
2082,12,21,0.054932
2082,12,22,0.09613
2082,12,23,2.4582
2082,12,24,4.4083
2082,12,25,4.0649
2082,12,26,0
2082,12,27,0.041199
2082,12,28,0
2082,12,29,0
2082,12,30,0
2082,12,31,0
2083,1,1,3.186
2083,1,2,6.1798
2083,1,3,0
2083,1,4,1.5106
2083,1,5,0
2083,1,6,0
2083,1,7,0.67291
2083,1,8,0.0068665
2083,1,9,1.3184
2083,1,10,1.2772
2083,1,11,0.15106
2083,1,12,0.42572
2083,1,13,0.35706
2083,1,14,0
2083,1,15,0.24719
2083,1,16,0.37079
2083,1,17,0.13733
2083,1,18,0.38452
2083,1,19,0.87891
2083,1,20,4.1885
2083,1,21,0.27466
2083,1,22,0.089264
2083,1,23,0.013733
2083,1,24,1.3596
2083,1,25,0
2083,1,26,0.26093
2083,1,27,0.0068665
2083,1,28,0.13733
2083,1,29,0.81024
2083,1,30,0.21973
2083,1,31,0.13046
2083,2,1,0.013733
2083,2,2,0
2083,2,3,2.1423
2083,2,4,64.188
2083,2,5,60.287
2083,2,6,9.0637
2083,2,7,0
2083,2,8,2.8427
2083,2,9,0.61798
2083,2,10,0
2083,2,11,1.5656
2083,2,12,0.50812
2083,2,13,0.13733
2083,2,14,2.6093
2083,2,15,2.774
2083,2,16,1.03
2083,2,17,0
2083,2,18,4.1473
2083,2,19,7.9651
2083,2,20,0.027466
2083,2,21,0.082397
2083,2,22,0.27466
2083,2,23,0.09613
2083,2,24,0.20599
2083,2,25,0.18539
2083,2,26,0.46692
2083,2,27,0.27466
2083,2,28,0.041199
2083,3,1,0
2083,3,2,3.186
2083,3,3,0.31586
2083,3,4,0
2083,3,5,1.9775
2083,3,6,38.974
2083,3,7,0.013733
2083,3,8,3.5706
2083,3,9,0.09613
2083,3,10,0.86517
2083,3,11,8.5693
2083,3,12,0.13733
2083,3,13,0
2083,3,14,0.09613
2083,3,15,3.0762
2083,3,16,0
2083,3,17,0.027466
2083,3,18,0.027466
2083,3,19,0.94757
2083,3,20,0.70038
2083,3,21,0.50125
2083,3,22,0
2083,3,23,0
2083,3,24,0
2083,3,25,0
2083,3,26,1.2772
2083,3,27,0.09613
2083,3,28,0.09613
2083,3,29,1.9089
2083,3,30,12.909
2083,3,31,1.9295
2083,4,1,0.50812
2083,4,2,0.37079
2083,4,3,0.59052
2083,4,4,4.01
2083,4,5,0.082397
2083,4,6,0.027466
2083,4,7,1.799
2083,4,8,0.013733
2083,4,9,0
2083,4,10,0
2083,4,11,0
2083,4,12,0
2083,4,13,0
2083,4,14,0.061798
2083,4,15,0.34332
2083,4,16,0
2083,4,17,0
2083,4,18,0.13733
2083,4,19,10.78
2083,4,20,6.4133
2083,4,21,0
2083,4,22,0
2083,4,23,0
2083,4,24,0
2083,4,25,8.9813
2083,4,26,70.917
2083,4,27,16.919
2083,4,28,12.772
2083,4,29,33.041
2083,4,30,0.81024
2083,5,1,5.6992
2083,5,2,0.068665
2083,5,3,0.34332
2083,5,4,0.19226
2083,5,5,0.42572
2083,5,6,1.2085
2083,5,7,6.427
2083,5,8,7.9651
2083,5,9,2.6367
2083,5,10,0.041199
2083,5,11,0.55618
2083,5,12,31.531
2083,5,13,128.98
2083,5,14,4.6143
2083,5,15,0
2083,5,16,2.7878
2083,5,17,0.89264
2083,5,18,0.57678
2083,5,19,0
2083,5,20,0
2083,5,21,0.027466
2083,5,22,0.013733
2083,5,23,0.068665
2083,5,24,1.0437
2083,5,25,0
2083,5,26,0.45319
2083,5,27,13.802
2083,5,28,57.376
2083,5,29,2.3621
2083,5,30,7.3334
2083,5,31,0.75531
2083,6,1,0
2083,6,2,0
2083,6,3,0
2083,6,4,0
2083,6,5,0
2083,6,6,0.39825
2083,6,7,0.85144
2083,6,8,0.13733
2083,6,9,0
2083,6,10,0
2083,6,11,0
2083,6,12,0
2083,6,13,2.6917
2083,6,14,0
2083,6,15,0
2083,6,16,0.020599
2083,6,17,4.6967
2083,6,18,0.0068665
2083,6,19,0
2083,6,20,0
2083,6,21,0
2083,6,22,0
2083,6,23,0
2083,6,24,1.7578
2083,6,25,33.055
2083,6,26,1.7029
2083,6,27,0
2083,6,28,0.027466
2083,6,29,0.21973
2083,6,30,0
2083,7,1,0
2083,7,2,0
2083,7,3,0
2083,7,4,0
2083,7,5,0
2083,7,6,0.55618
2083,7,7,1.3046
2083,7,8,0.56305
2083,7,9,0.17853
2083,7,10,0.24719
2083,7,11,0
2083,7,12,0
2083,7,13,0
2083,7,14,0
2083,7,15,0
2083,7,16,0
2083,7,17,0
2083,7,18,0.020599
2083,7,19,0
2083,7,20,0
2083,7,21,0
2083,7,22,0
2083,7,23,0
2083,7,24,0
2083,7,25,0
2083,7,26,0
2083,7,27,0.15106
2083,7,28,0
2083,7,29,0
2083,7,30,0
2083,7,31,0
2083,8,1,2.6367
2083,8,2,0.027466
2083,8,3,0
2083,8,4,2.1835
2083,8,5,0
2083,8,6,0.71411
2083,8,7,0
2083,8,8,0.027466
2083,8,9,0
2083,8,10,4.0787
2083,8,11,0
2083,8,12,0
2083,8,13,0
2083,8,14,0
2083,8,15,0
2083,8,16,0
2083,8,17,0
2083,8,18,1.3458
2083,8,19,17.262
2083,8,20,0
2083,8,21,0
2083,8,22,0
2083,8,23,0
2083,8,24,0
2083,8,25,0
2083,8,26,0
2083,8,27,0
2083,8,28,0
2083,8,29,0
2083,8,30,0
2083,8,31,0
2083,9,1,0.35706
2083,9,2,0
2083,9,3,0
2083,9,4,0
2083,9,5,0
2083,9,6,0
2083,9,7,0
2083,9,8,0
2083,9,9,0
2083,9,10,0
2083,9,11,0
2083,9,12,0
2083,9,13,0
2083,9,14,0
2083,9,15,0.027466
2083,9,16,0
2083,9,17,0.041199
2083,9,18,39.482
2083,9,19,8.7204
2083,9,20,0.09613
2083,9,21,0
2083,9,22,0
2083,9,23,0
2083,9,24,1.5244
2083,9,25,22.508
2083,9,26,188.31
2083,9,27,50.977
2083,9,28,0.17853
2083,9,29,0
2083,9,30,0
2083,10,1,0
2083,10,2,0
2083,10,3,0
2083,10,4,0.34332
2083,10,5,0.10986
2083,10,6,0
2083,10,7,0
2083,10,8,0
2083,10,9,0.60425
2083,10,10,0
2083,10,11,0
2083,10,12,0.027466
2083,10,13,0
2083,10,14,0.86517
2083,10,15,8.6517
2083,10,16,67.058
2083,10,17,8.8989
2083,10,18,0
2083,10,19,0
2083,10,20,3.1036
2083,10,21,5.5069
2083,10,22,0.31586
2083,10,23,1.2085
2083,10,24,0.082397
2083,10,25,0
2083,10,26,0
2083,10,27,2.2522
2083,10,28,17.564
2083,10,29,8.7479
2083,10,30,11.728
2083,10,31,79.294
2083,11,1,0.35706
2083,11,2,0.10986
2083,11,3,0
2083,11,4,0
2083,11,5,0.78278
2083,11,6,0.16479
2083,11,7,2.5543
2083,11,8,0.67291
2083,11,9,0
2083,11,10,0
2083,11,11,0.09613
2083,11,12,0
2083,11,13,0
2083,11,14,0
2083,11,15,0
2083,11,16,0
2083,11,17,0
2083,11,18,0.068665
2083,11,19,0.90637
2083,11,20,0
2083,11,21,0
2083,11,22,0.089264
2083,11,23,1.7715
2083,11,24,0.1236
2083,11,25,15.656
2083,11,26,0.30212
2083,11,27,0.16479
2083,11,28,0.64545
2083,11,29,1.593
2083,11,30,0.027466
2083,12,1,0.19226
2083,12,2,0
2083,12,3,0
2083,12,4,0
2083,12,5,0.76904
2083,12,6,0.041199
2083,12,7,0.24719
2083,12,8,0.32959
2083,12,9,0.45319
2083,12,10,0.57678
2083,12,11,0.71411
2083,12,12,2.5681
2083,12,13,0
2083,12,14,0
2083,12,15,0.082397
2083,12,16,1.1673
2083,12,17,1.0231
2083,12,18,0.19913
2083,12,19,7.3746
2083,12,20,8.0887
2083,12,21,0.90637
2083,12,22,0
2083,12,23,0
2083,12,24,0
2083,12,25,0
2083,12,26,0
2083,12,27,0
2083,12,28,0
2083,12,29,0
2083,12,30,0
2083,12,31,0
2084,1,1,0
2084,1,2,0
2084,1,3,0.89951
2084,1,4,0
2084,1,5,3.9551
2084,1,6,0.17853
2084,1,7,0
2084,1,8,1.2634
2084,1,9,0.082397
2084,1,10,12.346
2084,1,11,31.668
2084,1,12,21.423
2084,1,13,0
2084,1,14,0
2084,1,15,0
2084,1,16,6.427
2084,1,17,44.014
2084,1,18,10.135
2084,1,19,6.4819
2084,1,20,0.013733
2084,1,21,0.52185
2084,1,22,0.054932
2084,1,23,0.30212
2084,1,24,1.1261
2084,1,25,6.9901
2084,1,26,0
2084,1,27,0.34332
2084,1,28,83.057
2084,1,29,1.5381
2084,1,30,0
2084,1,31,0.34332
2084,2,1,0
2084,2,2,32.712
2084,2,3,1.3733
2084,2,4,1.2909
2084,2,5,0
2084,2,6,5.6854
2084,2,7,5.7404
2084,2,8,0.27466
2084,2,9,0.17853
2084,2,10,0.041199
2084,2,11,0.59052
2084,2,12,51.224
2084,2,13,56.456
2084,2,14,4.1061
2084,2,15,1.6891
2084,2,16,0.24719
2084,2,17,0.10986
2084,2,18,0
2084,2,19,0
2084,2,20,0
2084,2,21,0.09613
2084,2,22,0.32959
2084,2,23,0
2084,2,24,0.10986
2084,2,25,0.90637
2084,2,26,0.43945
2084,2,27,4.0649
2084,2,28,5.3284
2084,2,29,0
2084,3,1,0
2084,3,2,0
2084,3,3,0
2084,3,4,0
2084,3,5,0
2084,3,6,0.21973
2084,3,7,0.054932
2084,3,8,0
2084,3,9,0
2084,3,10,0
2084,3,11,0.027466
2084,3,12,0.9613
2084,3,13,0.76904
2084,3,14,0
2084,3,15,0
2084,3,16,0
2084,3,17,0
2084,3,18,0
2084,3,19,0
2084,3,20,0
2084,3,21,0
2084,3,22,0
2084,3,23,0
2084,3,24,0.054932
2084,3,25,17.4
2084,3,26,0.43945
2084,3,27,0.26093
2084,3,28,0.068665
2084,3,29,0.23346
2084,3,30,0.39825
2084,3,31,0.1236
2084,4,1,0.075531
2084,4,2,0
2084,4,3,0
2084,4,4,0
2084,4,5,0.054932
2084,4,6,0
2084,4,7,0.10986
2084,4,8,0.16479
2084,4,9,0
2084,4,10,0
2084,4,11,13.829
2084,4,12,0.26093
2084,4,13,0
2084,4,14,0
2084,4,15,0
2084,4,16,0.13733
2084,4,17,0
2084,4,18,7.0587
2084,4,19,13.348
2084,4,20,7.7728
2084,4,21,0.082397
2084,4,22,0.48065
2084,4,23,0
2084,4,24,0.041199
2084,4,25,5.0949
2084,4,26,2.1011
2084,4,27,0
2084,4,28,0
2084,4,29,0.20599
2084,4,30,0
2084,5,1,0.041199
2084,5,2,0.027466
2084,5,3,5.1773
2084,5,4,40.457
2084,5,5,22.357
2084,5,6,1.9501
2084,5,7,0.068665
2084,5,8,0.39825
2084,5,9,2.8702
2084,5,10,4.3945
2084,5,11,0
2084,5,12,0
2084,5,13,0
2084,5,14,0
2084,5,15,0
2084,5,16,0
2084,5,17,0
2084,5,18,0
2084,5,19,0
2084,5,20,0
2084,5,21,0
2084,5,22,0
2084,5,23,0
2084,5,24,0
2084,5,25,0.068665
2084,5,26,8.2535
2084,5,27,3.2822
2084,5,28,0.21286
2084,5,29,0
2084,5,30,0
2084,5,31,0.013733
2084,6,1,0
2084,6,2,0
2084,6,3,0
2084,6,4,0
2084,6,5,2.1835
2084,6,6,0.054932
2084,6,7,0
2084,6,8,0
2084,6,9,0
2084,6,10,3.4401
2084,6,11,0
2084,6,12,0
2084,6,13,0
2084,6,14,0
2084,6,15,0
2084,6,16,0
2084,6,17,1.5518
2084,6,18,1.8265
2084,6,19,1.8402
2084,6,20,0
2084,6,21,0
2084,6,22,0
2084,6,23,0
2084,6,24,0
2084,6,25,0.19226
2084,6,26,0.068665
2084,6,27,50.51
2084,6,28,0.86517
2084,6,29,0
2084,6,30,0
2084,7,1,0
2084,7,2,0
2084,7,3,0
2084,7,4,0
2084,7,5,0
2084,7,6,0.17853
2084,7,7,0
2084,7,8,0
2084,7,9,0
2084,7,10,0
2084,7,11,0
2084,7,12,0.32959
2084,7,13,3.9688
2084,7,14,0
2084,7,15,0
2084,7,16,0
2084,7,17,0
2084,7,18,0
2084,7,19,0
2084,7,20,0
2084,7,21,0
2084,7,22,0
2084,7,23,0
2084,7,24,0
2084,7,25,0
2084,7,26,0
2084,7,27,0
2084,7,28,0.54932
2084,7,29,0
2084,7,30,0
2084,7,31,0
2084,8,1,0
2084,8,2,0
2084,8,3,0
2084,8,4,0
2084,8,5,0
2084,8,6,0
2084,8,7,0
2084,8,8,0
2084,8,9,0
2084,8,10,0
2084,8,11,0
2084,8,12,0
2084,8,13,0.068665
2084,8,14,1.6068
2084,8,15,0.31586
2084,8,16,0.0068665
2084,8,17,6.0837
2084,8,18,0
2084,8,19,0
2084,8,20,0.0068665
2084,8,21,0.041199
2084,8,22,0
2084,8,23,0.041199
2084,8,24,1.442
2084,8,25,0
2084,8,26,0
2084,8,27,0.013733
2084,8,28,0.17853
2084,8,29,3.6392
2084,8,30,0
2084,8,31,0
2084,9,1,0
2084,9,2,0
2084,9,3,1.181
2084,9,4,0.87204
2084,9,5,0
2084,9,6,0.26093
2084,9,7,89.319
2084,9,8,0
2084,9,9,0
2084,9,10,0
2084,9,11,0
2084,9,12,0
2084,9,13,0
2084,9,14,0
2084,9,15,0.0068665
2084,9,16,0.082397
2084,9,17,0
2084,9,18,0
2084,9,19,0
2084,9,20,0.061798
2084,9,21,9.1324
2084,9,22,0
2084,9,23,0.31586
2084,9,24,0.71411
2084,9,25,20.627
2084,9,26,0
2084,9,27,0.054932
2084,9,28,18.306
2084,9,29,0
2084,9,30,3.7079
2084,10,1,94.249
2084,10,2,34.799
2084,10,3,0
2084,10,4,0.013733
2084,10,5,0.068665
2084,10,6,10.574
2084,10,7,15.01
2084,10,8,0.09613
2084,10,9,5.3009
2084,10,10,2.9251
2084,10,11,0
2084,10,12,0.10986
2084,10,13,0.49438
2084,10,14,0.27466
2084,10,15,0
2084,10,16,0
2084,10,17,0.93384
2084,10,18,0
2084,10,19,0
2084,10,20,0
2084,10,21,0
2084,10,22,0
2084,10,23,12.387
2084,10,24,0
2084,10,25,1.181
2084,10,26,0.87891
2084,10,27,1.0986
2084,10,28,0
2084,10,29,7.3334
2084,10,30,1.2222
2084,10,31,0.76904
2084,11,1,58.063
2084,11,2,16.397
2084,11,3,0
2084,11,4,2.7191
2084,11,5,0.61798
2084,11,6,0
2084,11,7,0.068665
2084,11,8,0.10986
2084,11,9,0.027466
2084,11,10,0
2084,11,11,0
2084,11,12,0
2084,11,13,0
2084,11,14,0
2084,11,15,0
2084,11,16,0.15106
2084,11,17,1.593
2084,11,18,1.0162
2084,11,19,0.082397
2084,11,20,0.068665
2084,11,21,2.8702
2084,11,22,0.32959
2084,11,23,2.4719
2084,11,24,0
2084,11,25,0.61798
2084,11,26,0
2084,11,27,0
2084,11,28,0
2084,11,29,0.013733
2084,11,30,0
2084,12,1,0
2084,12,2,0
2084,12,3,6.1386
2084,12,4,10.327
2084,12,5,2.7466
2084,12,6,7.3059
2084,12,7,1.3184
2084,12,8,0
2084,12,9,0.85144
2084,12,10,10.904
2084,12,11,2.9663
2084,12,12,2.4307
2084,12,13,0.082397
2084,12,14,11.33
2084,12,15,0.85144
2084,12,16,1.4557
2084,12,17,41.006
2084,12,18,0.9613
2084,12,19,6.5643
2084,12,20,0
2084,12,21,0.013733
2084,12,22,0.38452
2084,12,23,0.054932
2084,12,24,0.24719
2084,12,25,3.1448
2084,12,26,0.28839
2084,12,27,0.054932
2084,12,28,0
2084,12,29,2.1835
2084,12,30,2.9114
2084,12,31,0
2085,1,1,0
2085,1,2,0
2085,1,3,0
2085,1,4,0
2085,1,5,0
2085,1,6,0
2085,1,7,0
2085,1,8,1.1536
2085,1,9,2.417
2085,1,10,0.041199
2085,1,11,0
2085,1,12,0
2085,1,13,0
2085,1,14,0
2085,1,15,0
2085,1,16,0.054932
2085,1,17,0.027466
2085,1,18,0.027466
2085,1,19,0.19226
2085,1,20,0.10986
2085,1,21,0.10986
2085,1,22,0.34332
2085,1,23,0.1442
2085,1,24,0
2085,1,25,0
2085,1,26,0.013733
2085,1,27,0
2085,1,28,7.6012
2085,1,29,1.0712
2085,1,30,0.068665
2085,1,31,4.5319
2085,2,1,0.041199
2085,2,2,0.21973
2085,2,3,0.60425
2085,2,4,0.15106
2085,2,5,0.048065
2085,2,6,1.5793
2085,2,7,6.3583
2085,2,8,0
2085,2,9,4.7516
2085,2,10,0
2085,2,11,0
2085,2,12,0.013733
2085,2,13,0
2085,2,14,0
2085,2,15,0
2085,2,16,0.0068665
2085,2,17,0.17166
2085,2,18,0.013733
2085,2,19,0.068665
2085,2,20,0.048065
2085,2,21,0.013733
2085,2,22,1.5381
2085,2,23,0.054932
2085,2,24,0
2085,2,25,0.37079
2085,2,26,0
2085,2,27,0.041199
2085,2,28,2.9526
2085,3,1,0.013733
2085,3,2,0
2085,3,3,0
2085,3,4,0
2085,3,5,0.15106
2085,3,6,0.86517
2085,3,7,1.1398
2085,3,8,0.054932
2085,3,9,0.054932
2085,3,10,0
2085,3,11,0.082397
2085,3,12,3.392
2085,3,13,0
2085,3,14,0
2085,3,15,0.027466
2085,3,16,0
2085,3,17,0
2085,3,18,0.59052
2085,3,19,1.7853
2085,3,20,2.8702
2085,3,21,0
2085,3,22,0.082397
2085,3,23,1.3458
2085,3,24,0.32959
2085,3,25,0.054932
2085,3,26,0.027466
2085,3,27,0.63171
2085,3,28,1.0506
2085,3,29,0
2085,3,30,0
2085,3,31,0
2085,4,1,0
2085,4,2,0.79651
2085,4,3,20.895
2085,4,4,0.97504
2085,4,5,2.8564
2085,4,6,0
2085,4,7,1.6823
2085,4,8,0.30212
2085,4,9,0
2085,4,10,0
2085,4,11,0.49438
2085,4,12,38.301
2085,4,13,38.123
2085,4,14,8.1161
2085,4,15,0.041199
2085,4,16,0
2085,4,17,0.13733
2085,4,18,0.1236
2085,4,19,0.23346
2085,4,20,51.004
2085,4,21,0
2085,4,22,0
2085,4,23,0
2085,4,24,1.5518
2085,4,25,0
2085,4,26,0.027466
2085,4,27,0.63858
2085,4,28,0.27466
2085,4,29,0
2085,4,30,0.44632
2085,5,1,1.0025
2085,5,2,2.4445
2085,5,3,0.54245
2085,5,4,0.013733
2085,5,5,0
2085,5,6,0
2085,5,7,0.013733
2085,5,8,0.027466
2085,5,9,0
2085,5,10,0
2085,5,11,0
2085,5,12,0
2085,5,13,0
2085,5,14,0
2085,5,15,0
2085,5,16,0
2085,5,17,0
2085,5,18,0
2085,5,19,0
2085,5,20,0
2085,5,21,14.172
2085,5,22,67.305
2085,5,23,0.57678
2085,5,24,0
2085,5,25,0
2085,5,26,0.32959
2085,5,27,0
2085,5,28,0
2085,5,29,0
2085,5,30,0
2085,5,31,0
2085,6,1,0
2085,6,2,0
2085,6,3,0
2085,6,4,0
2085,6,5,0
2085,6,6,0
2085,6,7,0
2085,6,8,0
2085,6,9,0
2085,6,10,0.103
2085,6,11,0
2085,6,12,0
2085,6,13,0
2085,6,14,0
2085,6,15,0
2085,6,16,0.19226
2085,6,17,0.71411
2085,6,18,0.16479
2085,6,19,0.10986
2085,6,20,0
2085,6,21,0
2085,6,22,0
2085,6,23,0
2085,6,24,1.6479
2085,6,25,3.3783
2085,6,26,0
2085,6,27,0
2085,6,28,0
2085,6,29,0
2085,6,30,0
2085,7,1,0
2085,7,2,0
2085,7,3,0.81024
2085,7,4,25.241
2085,7,5,0.082397
2085,7,6,0
2085,7,7,0
2085,7,8,1.3115
2085,7,9,0
2085,7,10,3.4744
2085,7,11,0
2085,7,12,0
2085,7,13,0
2085,7,14,0
2085,7,15,3.55
2085,7,16,0.09613
2085,7,17,0
2085,7,18,0
2085,7,19,0
2085,7,20,0
2085,7,21,0
2085,7,22,0
2085,7,23,0
2085,7,24,0
2085,7,25,0
2085,7,26,0
2085,7,27,0
2085,7,28,0
2085,7,29,0
2085,7,30,0.013733
2085,7,31,12.806
2085,8,1,5.0674
2085,8,2,0
2085,8,3,0
2085,8,4,0
2085,8,5,0
2085,8,6,0
2085,8,7,1.593
2085,8,8,0.0068665
2085,8,9,0
2085,8,10,0
2085,8,11,0
2085,8,12,0
2085,8,13,0
2085,8,14,0.49438
2085,8,15,0
2085,8,16,0
2085,8,17,0
2085,8,18,0
2085,8,19,0
2085,8,20,0
2085,8,21,0.0068665
2085,8,22,0.020599
2085,8,23,0
2085,8,24,0
2085,8,25,0
2085,8,26,0
2085,8,27,0.45319
2085,8,28,0.013733
2085,8,29,0
2085,8,30,0
2085,8,31,2.774
2085,9,1,6.0562
2085,9,2,1.4694
2085,9,3,0
2085,9,4,0
2085,9,5,0.034332
2085,9,6,0.013733
2085,9,7,0.082397
2085,9,8,0.0068665
2085,9,9,0
2085,9,10,0
2085,9,11,0
2085,9,12,0
2085,9,13,0.013733
2085,9,14,0.027466
2085,9,15,0
2085,9,16,0.020599
2085,9,17,0
2085,9,18,0
2085,9,19,0
2085,9,20,0.013733
2085,9,21,1.1948
2085,9,22,10.355
2085,9,23,0
2085,9,24,0
2085,9,25,0
2085,9,26,0.85144
2085,9,27,0
2085,9,28,0
2085,9,29,0
2085,9,30,0
2085,10,1,0
2085,10,2,0
2085,10,3,0.35019
2085,10,4,17.4
2085,10,5,0.41199
2085,10,6,0
2085,10,7,0
2085,10,8,0
2085,10,9,0
2085,10,10,0
2085,10,11,0
2085,10,12,0
2085,10,13,0
2085,10,14,0
2085,10,15,0
2085,10,16,0
2085,10,17,0
2085,10,18,0
2085,10,19,0
2085,10,20,0.34332
2085,10,21,18.787
2085,10,22,0
2085,10,23,14.406
2085,10,24,5.1361
2085,10,25,40.608
2085,10,26,90.198
2085,10,27,2.5681
2085,10,28,2.0737
2085,10,29,1.387
2085,10,30,47.104
2085,10,31,0
2085,11,1,0
2085,11,2,0
2085,11,3,0
2085,11,4,0
2085,11,5,0
2085,11,6,0.16479
2085,11,7,0.15106
2085,11,8,0
2085,11,9,0
2085,11,10,0
2085,11,11,0
2085,11,12,0.013733
2085,11,13,1.1536
2085,11,14,0.13733
2085,11,15,0.10986
2085,11,16,3.4607
2085,11,17,0
2085,11,18,21.053
2085,11,19,46.266
2085,11,20,39.743
2085,11,21,0
2085,11,22,0
2085,11,23,0
2085,11,24,0.87891
2085,11,25,0.19913
2085,11,26,0
2085,11,27,0
2085,11,28,0
2085,11,29,15.024
2085,11,30,22.522
2085,12,1,17.194
2085,12,2,12.813
2085,12,3,0.32959
2085,12,4,34.332
2085,12,5,0
2085,12,6,0.28839
2085,12,7,1.2085
2085,12,8,0.041199
2085,12,9,0
2085,12,10,0
2085,12,11,0
2085,12,12,0.19226
2085,12,13,2.5818
2085,12,14,0.93384
2085,12,15,0.041199
2085,12,16,0
2085,12,17,0
2085,12,18,0.027466
2085,12,19,0.30212
2085,12,20,3.6667
2085,12,21,0.60425
2085,12,22,0.10986
2085,12,23,1.442
2085,12,24,0
2085,12,25,0.082397
2085,12,26,2.4376
2085,12,27,4.5319
2085,12,28,0.38452
2085,12,29,0
2085,12,30,0
2085,12,31,0
2086,1,1,0
2086,1,2,0.041199
2086,1,3,0
2086,1,4,0
2086,1,5,0
2086,1,6,0
2086,1,7,0
2086,1,8,0.41199
2086,1,9,0.38452
2086,1,10,3.8315
2086,1,11,0.013733
2086,1,12,10.052
2086,1,13,3.0487
2086,1,14,0
2086,1,15,0
2086,1,16,0.83771
2086,1,17,14.42
2086,1,18,0
2086,1,19,0
2086,1,20,1.3046
2086,1,21,1.49
2086,1,22,3.2478
2086,1,23,1.1742
2086,1,24,0.32959
2086,1,25,5.5893
2086,1,26,17.084
2086,1,27,14.172
2086,1,28,1.5518
2086,1,29,2.8702
2086,1,30,2.2934
2086,1,31,0.068665
2086,2,1,0
2086,2,2,1.1124
2086,2,3,0
2086,2,4,0
2086,2,5,0
2086,2,6,0
2086,2,7,0
2086,2,8,0.23346
2086,2,9,0.027466
2086,2,10,1.0162
2086,2,11,14.873
2086,2,12,0
2086,2,13,1.2085
2086,2,14,16.397
2086,2,15,52.185
2086,2,16,0
2086,2,17,6.8939
2086,2,18,44.11
2086,2,19,7.0313
2086,2,20,0.013733
2086,2,21,0
2086,2,22,0
2086,2,23,0
2086,2,24,0
2086,2,25,0
2086,2,26,0.082397
2086,2,27,0
2086,2,28,0
2086,3,1,0.054932
2086,3,2,0
2086,3,3,0.027466
2086,3,4,0
2086,3,5,0
2086,3,6,0
2086,3,7,0.013733
2086,3,8,0
2086,3,9,0
2086,3,10,0
2086,3,11,0
2086,3,12,0
2086,3,13,0.013733
2086,3,14,3.4058
2086,3,15,41.364
2086,3,16,3.598
2086,3,17,17.496
2086,3,18,2.0874
2086,3,19,0.94757
2086,3,20,0
2086,3,21,1.4832
2086,3,22,0
2086,3,23,0.054932
2086,3,24,0.020599
2086,3,25,0.38452
2086,3,26,3.035
2086,3,27,0.027466
2086,3,28,0.0068665
2086,3,29,0
2086,3,30,0.15106
2086,3,31,0.25406
2086,4,1,0.041199
2086,4,2,0
2086,4,3,4.0581
2086,4,4,3.0075
2086,4,5,0.49438
2086,4,6,1.1398
2086,4,7,39.702
2086,4,8,2.3895
2086,4,9,0.013733
2086,4,10,0
2086,4,11,0
2086,4,12,0.09613
2086,4,13,0.0068665
2086,4,14,0
2086,4,15,0.10986
2086,4,16,0.9201
2086,4,17,28.516
2086,4,18,0
2086,4,19,0
2086,4,20,0
2086,4,21,0.93384
2086,4,22,5.5481
2086,4,23,8.5144
2086,4,24,0.60425
2086,4,25,0.027466
2086,4,26,6.3995
2086,4,27,26.669
2086,4,28,0.60425
2086,4,29,0
2086,4,30,0
2086,5,1,0.17853
2086,5,2,8.2123
2086,5,3,0.30212
2086,5,4,0
2086,5,5,0
2086,5,6,0
2086,5,7,0
2086,5,8,0
2086,5,9,0
2086,5,10,0
2086,5,11,0
2086,5,12,2.2385
2086,5,13,0
2086,5,14,0
2086,5,15,4.5044
2086,5,16,0
2086,5,17,2.1835
2086,5,18,0
2086,5,19,4.7997
2086,5,20,1.0162
2086,5,21,0.54932
2086,5,22,0.60425
2086,5,23,0
2086,5,24,0
2086,5,25,0.43259
2086,5,26,0.027466
2086,5,27,0
2086,5,28,0
2086,5,29,0.75531
2086,5,30,0
2086,5,31,0.089264
2086,6,1,6.7978
2086,6,2,0.21973
2086,6,3,0
2086,6,4,0
2086,6,5,0
2086,6,6,0
2086,6,7,0
2086,6,8,0
2086,6,9,1.6617
2086,6,10,11.728
2086,6,11,0.28839
2086,6,12,0.13733
2086,6,13,0
2086,6,14,1.2634
2086,6,15,0
2086,6,16,0
2086,6,17,0
2086,6,18,0.35706
2086,6,19,0
2086,6,20,0
2086,6,21,0
2086,6,22,0
2086,6,23,0
2086,6,24,1.03
2086,6,25,0
2086,6,26,0
2086,6,27,0
2086,6,28,0
2086,6,29,0
2086,6,30,0.041199
2086,7,1,0
2086,7,2,0
2086,7,3,0
2086,7,4,0.0068665
2086,7,5,0
2086,7,6,0
2086,7,7,0
2086,7,8,0
2086,7,9,0
2086,7,10,0
2086,7,11,0
2086,7,12,0
2086,7,13,0
2086,7,14,0
2086,7,15,0
2086,7,16,0
2086,7,17,0
2086,7,18,0
2086,7,19,0
2086,7,20,0
2086,7,21,0
2086,7,22,0
2086,7,23,0
2086,7,24,0
2086,7,25,0
2086,7,26,0
2086,7,27,0.013733
2086,7,28,0.53558
2086,7,29,0
2086,7,30,0
2086,7,31,1.8127
2086,8,1,0
2086,8,2,1.6754
2086,8,3,0
2086,8,4,0
2086,8,5,0
2086,8,6,0
2086,8,7,0
2086,8,8,0
2086,8,9,0
2086,8,10,0
2086,8,11,0
2086,8,12,0
2086,8,13,0
2086,8,14,0.38452
2086,8,15,0.48065
2086,8,16,0.027466
2086,8,17,0
2086,8,18,0
2086,8,19,3.4744
2086,8,20,0
2086,8,21,0
2086,8,22,0
2086,8,23,0
2086,8,24,0
2086,8,25,0
2086,8,26,0
2086,8,27,0
2086,8,28,0
2086,8,29,0
2086,8,30,0
2086,8,31,0
2086,9,1,0
2086,9,2,0
2086,9,3,0
2086,9,4,0
2086,9,5,0
2086,9,6,0
2086,9,7,0.041199
2086,9,8,10.149
2086,9,9,0
2086,9,10,0
2086,9,11,0
2086,9,12,0
2086,9,13,0
2086,9,14,0.013733
2086,9,15,0.15106
2086,9,16,0
2086,9,17,0.013733
2086,9,18,0.013733
2086,9,19,0
2086,9,20,0
2086,9,21,0.027466
2086,9,22,0
2086,9,23,0
2086,9,24,24.554
2086,9,25,6.4682
2086,9,26,0
2086,9,27,1.1948
2086,9,28,0
2086,9,29,0
2086,9,30,0
2086,10,1,0
2086,10,2,0
2086,10,3,0
2086,10,4,0
2086,10,5,0.38452
2086,10,6,0.013733
2086,10,7,106.94
2086,10,8,16.205
2086,10,9,106.13
2086,10,10,22.659
2086,10,11,25.681
2086,10,12,0
2086,10,13,0
2086,10,14,0
2086,10,15,0
2086,10,16,55.096
2086,10,17,2.0874
2086,10,18,0
2086,10,19,0
2086,10,20,0
2086,10,21,2.0325
2086,10,22,0.76904
2086,10,23,0
2086,10,24,0
2086,10,25,0
2086,10,26,0
2086,10,27,0
2086,10,28,0
2086,10,29,5.4108
2086,10,30,2.5543
2086,10,31,4.9438
2086,11,1,0.71411
2086,11,2,0
2086,11,3,0.068665
2086,11,4,4.4907
2086,11,5,0.83771
2086,11,6,0.68665
2086,11,7,20.091
2086,11,8,2.4445
2086,11,9,4.0237
2086,11,10,73.059
2086,11,11,63.062
2086,11,12,35.706
2086,11,13,0
2086,11,14,4.7928
2086,11,15,0.13733
2086,11,16,0
2086,11,17,0
2086,11,18,0
2086,11,19,0
2086,11,20,0
2086,11,21,0
2086,11,22,0
2086,11,23,0
2086,11,24,0.35706
2086,11,25,1.9913
2086,11,26,58.351
2086,11,27,14.413
2086,11,28,0
2086,11,29,0
2086,11,30,0
2086,12,1,0
2086,12,2,0
2086,12,3,0
2086,12,4,0
2086,12,5,0
2086,12,6,0
2086,12,7,0
2086,12,8,0
2086,12,9,13.843
2086,12,10,6.2347
2086,12,11,0
2086,12,12,0
2086,12,13,0
2086,12,14,0
2086,12,15,0
2086,12,16,0
2086,12,17,0
2086,12,18,0.32959
2086,12,19,64.188
2086,12,20,2.211
2086,12,21,0.32959
2086,12,22,0
2086,12,23,0.09613
2086,12,24,0
2086,12,25,0.068665
2086,12,26,0.041199
2086,12,27,0.27466
2086,12,28,0
2086,12,29,0
2086,12,30,0
2086,12,31,0
2087,1,1,0
2087,1,2,0
2087,1,3,0
2087,1,4,0
2087,1,5,0
2087,1,6,5.2185
2087,1,7,1.593
2087,1,8,7.9376
2087,1,9,1.7166
2087,1,10,11.261
2087,1,11,0.19226
2087,1,12,0
2087,1,13,10.959
2087,1,14,0.45319
2087,1,15,0
2087,1,16,0
2087,1,17,0
2087,1,18,0
2087,1,19,0
2087,1,20,0
2087,1,21,0
2087,1,22,0
2087,1,23,7.0724
2087,1,24,23.579
2087,1,25,11.357
2087,1,26,1.8539
2087,1,27,0.30212
2087,1,28,26.807
2087,1,29,0.027466
2087,1,30,4.2297
2087,1,31,4.7516
2087,2,1,58.447
2087,2,2,0
2087,2,3,0
2087,2,4,0
2087,2,5,0
2087,2,6,2.5818
2087,2,7,0
2087,2,8,0
2087,2,9,0
2087,2,10,0.60425
2087,2,11,0.27466
2087,2,12,9.8877
2087,2,13,0.93384
2087,2,14,0
2087,2,15,0.54932
2087,2,16,0.013733
2087,2,17,0.013733
2087,2,18,42.284
2087,2,19,18.073
2087,2,20,19.157
2087,2,21,1.8951
2087,2,22,0
2087,2,23,0.28839
2087,2,24,3.6667
2087,2,25,0.34332
2087,2,26,0.74158
2087,2,27,0.94757
2087,2,28,0.013733
2087,3,1,0.28839
2087,3,2,2.98
2087,3,3,0.048065
2087,3,4,0.041199
2087,3,5,0.068665
2087,3,6,0
2087,3,7,0.013733
2087,3,8,0
2087,3,9,0
2087,3,10,0
2087,3,11,0.20599
2087,3,12,2.5543
2087,3,13,0.20599
2087,3,14,1.1948
2087,3,15,0.09613
2087,3,16,0.1236
2087,3,17,0.089264
2087,3,18,1.0162
2087,3,19,2.8015
2087,3,20,0.041199
2087,3,21,0
2087,3,22,0
2087,3,23,0.78278
2087,3,24,10.519
2087,3,25,0
2087,3,26,0.20599
2087,3,27,0
2087,3,28,0
2087,3,29,0
2087,3,30,0.20599
2087,3,31,0.048065
2087,4,1,0.59738
2087,4,2,4.7653
2087,4,3,3.7628
2087,4,4,0
2087,4,5,0
2087,4,6,0
2087,4,7,0
2087,4,8,0
2087,4,9,0
2087,4,10,0.082397
2087,4,11,0.85144
2087,4,12,13.136
2087,4,13,0
2087,4,14,0
2087,4,15,0
2087,4,16,0
2087,4,17,0
2087,4,18,0
2087,4,19,0
2087,4,20,0
2087,4,21,4.4426
2087,4,22,2.623
2087,4,23,0
2087,4,24,0
2087,4,25,12.909
2087,4,26,181
2087,4,27,27.26
2087,4,28,1.1261
2087,4,29,10.011
2087,4,30,3.1174
2087,5,1,0
2087,5,2,0
2087,5,3,0
2087,5,4,0
2087,5,5,1.6068
2087,5,6,1.5724
2087,5,7,2.6367
2087,5,8,0.082397
2087,5,9,0.42572
2087,5,10,0
2087,5,11,1.0437
2087,5,12,0
2087,5,13,0
2087,5,14,0
2087,5,15,0
2087,5,16,0
2087,5,17,1.6342
2087,5,18,0.49438
2087,5,19,3.5706
2087,5,20,27.878
2087,5,21,1.2085
2087,5,22,2.005
2087,5,23,4.2572
2087,5,24,14.914
2087,5,25,8.8715
2087,5,26,16.603
2087,5,27,4.9438
2087,5,28,1.2634
2087,5,29,1.3596
2087,5,30,2.4994
2087,5,31,0
2087,6,1,0
2087,6,2,0.013733
2087,6,3,0
2087,6,4,3.7354
2087,6,5,0
2087,6,6,0
2087,6,7,2.8564
2087,6,8,0
2087,6,9,0
2087,6,10,0
2087,6,11,0
2087,6,12,0
2087,6,13,3.2135
2087,6,14,0.31586
2087,6,15,14.021
2087,6,16,2.6093
2087,6,17,1.2497
2087,6,18,0
2087,6,19,0
2087,6,20,0
2087,6,21,0
2087,6,22,0
2087,6,23,0.027466
2087,6,24,0
2087,6,25,0
2087,6,26,0.013733
2087,6,27,0.061798
2087,6,28,0
2087,6,29,0
2087,6,30,0
2087,7,1,0
2087,7,2,0
2087,7,3,0.09613
2087,7,4,5.6992
2087,7,5,0
2087,7,6,0
2087,7,7,0
2087,7,8,0
2087,7,9,0
2087,7,10,11.247
2087,7,11,0
2087,7,12,0
2087,7,13,0
2087,7,14,0
2087,7,15,0
2087,7,16,0
2087,7,17,0
2087,7,18,0
2087,7,19,3.3508
2087,7,20,0
2087,7,21,0
2087,7,22,0
2087,7,23,0
2087,7,24,0
2087,7,25,0
2087,7,26,0
2087,7,27,0
2087,7,28,0
2087,7,29,0.63171
2087,7,30,0
2087,7,31,0
2087,8,1,0
2087,8,2,0
2087,8,3,0
2087,8,4,17.551
2087,8,5,0.15106
2087,8,6,0
2087,8,7,1.9638
2087,8,8,7.6218
2087,8,9,0
2087,8,10,0.013733
2087,8,11,0
2087,8,12,0
2087,8,13,0
2087,8,14,0
2087,8,15,0
2087,8,16,0
2087,8,17,0
2087,8,18,0
2087,8,19,0
2087,8,20,0
2087,8,21,0
2087,8,22,0
2087,8,23,0
2087,8,24,0
2087,8,25,0
2087,8,26,0.020599
2087,8,27,0.21973
2087,8,28,6.3583
2087,8,29,0
2087,8,30,0
2087,8,31,0
2087,9,1,0
2087,9,2,0
2087,9,3,0
2087,9,4,0.068665
2087,9,5,0
2087,9,6,0
2087,9,7,0.10986
2087,9,8,0
2087,9,9,0
2087,9,10,0
2087,9,11,0
2087,9,12,0
2087,9,13,0
2087,9,14,0
2087,9,15,0
2087,9,16,1.9089
2087,9,17,9.1049
2087,9,18,84.128
2087,9,19,76.987
2087,9,20,32.52
2087,9,21,40.759
2087,9,22,3.6667
2087,9,23,6.3721
2087,9,24,0
2087,9,25,0.16479
2087,9,26,2.417
2087,9,27,0
2087,9,28,0
2087,9,29,0
2087,9,30,0
2087,10,1,0.027466
2087,10,2,2.0737
2087,10,3,0.23346
2087,10,4,0
2087,10,5,0
2087,10,6,1.5106
2087,10,7,2.7191
2087,10,8,5.191
2087,10,9,0
2087,10,10,0
2087,10,11,0.87891
2087,10,12,0
2087,10,13,1.0162
2087,10,14,0
2087,10,15,0
2087,10,16,0
2087,10,17,1.7441
2087,10,18,0
2087,10,19,0
2087,10,20,1.03
2087,10,21,9.1187
2087,10,22,0.1236
2087,10,23,10.876
2087,10,24,5.603
2087,10,25,4.1336
2087,10,26,0.13733
2087,10,27,0.17853
2087,10,28,0.054932
2087,10,29,0
2087,10,30,0.9613
2087,10,31,16.644
2087,11,1,0
2087,11,2,0.45319
2087,11,3,0
2087,11,4,0
2087,11,5,0
2087,11,6,0
2087,11,7,0
2087,11,8,0
2087,11,9,1.5381
2087,11,10,10.355
2087,11,11,4.1473
2087,11,12,76.273
2087,11,13,1.5106
2087,11,14,0
2087,11,15,111.7
2087,11,16,2.774
2087,11,17,0
2087,11,18,0.46692
2087,11,19,3.0762
2087,11,20,0.65918
2087,11,21,2.3621
2087,11,22,0.068665
2087,11,23,2.5543
2087,11,24,8.6243
2087,11,25,0
2087,11,26,2.1835
2087,11,27,0.041199
2087,11,28,0
2087,11,29,0
2087,11,30,0
2087,12,1,0
2087,12,2,0
2087,12,3,0
2087,12,4,0.15106
2087,12,5,0
2087,12,6,0.082397
2087,12,7,0.19226
2087,12,8,0
2087,12,9,0
2087,12,10,0.26093
2087,12,11,0
2087,12,12,0
2087,12,13,9.8602
2087,12,14,1.0986
2087,12,15,3.3783
2087,12,16,26.532
2087,12,17,28.867
2087,12,18,0
2087,12,19,0.49438
2087,12,20,0.64545
2087,12,21,0.21973
2087,12,22,0.19226
2087,12,23,0.013733
2087,12,24,0.020599
2087,12,25,0.28839
2087,12,26,0.041199
2087,12,27,0.26093
2087,12,28,0.027466
2087,12,29,0.49438
2087,12,30,0.67291
2087,12,31,5.2734
2088,1,1,0.10986
2088,1,2,0
2088,1,3,0
2088,1,4,0
2088,1,5,0
2088,1,6,1.7303
2088,1,7,0.28839
2088,1,8,0.013733
2088,1,9,0.027466
2088,1,10,0
2088,1,11,0
2088,1,12,0.027466
2088,1,13,3.0212
2088,1,14,15.333
2088,1,15,24.486
2088,1,16,14.282
2088,1,17,10.286
2088,1,18,9.4894
2088,1,19,4.2847
2088,1,20,3.2478
2088,1,21,0.013733
2088,1,22,0.041199
2088,1,23,0
2088,1,24,0.082397
2088,1,25,1.7303
2088,1,26,7.9788
2088,1,27,48.381
2088,1,28,7.7591
2088,1,29,0.10986
2088,1,30,0
2088,1,31,8.432
2088,2,1,32.465
2088,2,2,0.013733
2088,2,3,0.054932
2088,2,4,2.98
2088,2,5,4.5593
2088,2,6,0.054932
2088,2,7,0.19226
2088,2,8,0
2088,2,9,0
2088,2,10,0
2088,2,11,2.3071
2088,2,12,31.696
2088,2,13,0.41885
2088,2,14,0
2088,2,15,0
2088,2,16,0
2088,2,17,0.16479
2088,2,18,0.30212
2088,2,19,0.32959
2088,2,20,0.027466
2088,2,21,4.4632
2088,2,22,0.10986
2088,2,23,5.0125
2088,2,24,0.11673
2088,2,25,0
2088,2,26,0
2088,2,27,0
2088,2,28,0
2088,2,29,0.59738
2088,3,1,0
2088,3,2,0
2088,3,3,0
2088,3,4,0.027466
2088,3,5,2.4445
2088,3,6,0.84457
2088,3,7,1.2497
2088,3,8,0.61798
2088,3,9,1.5656
2088,3,10,6.7154
2088,3,11,5.6442
2088,3,12,2.829
2088,3,13,11.646
2088,3,14,9.0912
2088,3,15,1.5656
2088,3,16,1.5656
2088,3,17,0
2088,3,18,0
2088,3,19,0.1236
2088,3,20,0
2088,3,21,0.09613
2088,3,22,1.6411
2088,3,23,3.2135
2088,3,24,4.6417
2088,3,25,104.53
2088,3,26,0.74158
2088,3,27,0.16479
2088,3,28,0.52185
2088,3,29,9.407
2088,3,30,4.1473
2088,3,31,0.13733
2088,4,1,0
2088,4,2,0.082397
2088,4,3,0.34332
2088,4,4,1.8127
2088,4,5,0.27466
2088,4,6,0.068665
2088,4,7,0.43945
2088,4,8,1.1124
2088,4,9,0.61798
2088,4,10,0
2088,4,11,0.42572
2088,4,12,2.0187
2088,4,13,0
2088,4,14,0
2088,4,15,0
2088,4,16,0
2088,4,17,0
2088,4,18,0.39825
2088,4,19,2.6642
2088,4,20,0
2088,4,21,0
2088,4,22,0.13733
2088,4,23,0.027466
2088,4,24,0
2088,4,25,2.8839
2088,4,26,1.8677
2088,4,27,0
2088,4,28,0
2088,4,29,3.8452
2088,4,30,0.70038
2088,5,1,0
2088,5,2,0
2088,5,3,0.089264
2088,5,4,1.9363
2088,5,5,0
2088,5,6,0
2088,5,7,0
2088,5,8,0
2088,5,9,0
2088,5,10,0.24719
2088,5,11,0.45319
2088,5,12,0
2088,5,13,0.13733
2088,5,14,0.28839
2088,5,15,28.558
2088,5,16,33.755
2088,5,17,0
2088,5,18,0
2088,5,19,0
2088,5,20,0.78278
2088,5,21,12.689
2088,5,22,0.16479
2088,5,23,0.37079
2088,5,24,34.854
2088,5,25,0
2088,5,26,0
2088,5,27,0.09613
2088,5,28,3.5431
2088,5,29,2.2247
2088,5,30,2.6779
2088,5,31,0
2088,6,1,5.6305
2088,6,2,1.2222
2088,6,3,0
2088,6,4,0.013733
2088,6,5,0
2088,6,6,0
2088,6,7,6.015
2088,6,8,0.082397
2088,6,9,0
2088,6,10,0
2088,6,11,0
2088,6,12,0.054932
2088,6,13,0
2088,6,14,0
2088,6,15,0
2088,6,16,0
2088,6,17,0
2088,6,18,0
2088,6,19,0
2088,6,20,0
2088,6,21,0
2088,6,22,0
2088,6,23,0
2088,6,24,0
2088,6,25,0
2088,6,26,0
2088,6,27,0.027466
2088,6,28,0
2088,6,29,1.181
2088,6,30,6.6193
2088,7,1,0.61798
2088,7,2,0.23346
2088,7,3,0.19226
2088,7,4,0
2088,7,5,0
2088,7,6,0
2088,7,7,4.1199
2088,7,8,0.85144
2088,7,9,0
2088,7,10,0
2088,7,11,0
2088,7,12,0
2088,7,13,0
2088,7,14,0
2088,7,15,0.020599
2088,7,16,0
2088,7,17,0.93384
2088,7,18,0.85144
2088,7,19,2.7054
2088,7,20,0
2088,7,21,0.70038
2088,7,22,0
2088,7,23,0
2088,7,24,0
2088,7,25,0
2088,7,26,0
2088,7,27,1.2085
2088,7,28,0.15106
2088,7,29,7.4432
2088,7,30,0.48065
2088,7,31,0
2088,8,1,0
2088,8,2,0
2088,8,3,0
2088,8,4,1.3046
2088,8,5,19.322
2088,8,6,0
2088,8,7,0
2088,8,8,0.013733
2088,8,9,22.247
2088,8,10,0.21973
2088,8,11,0.027466
2088,8,12,0
2088,8,13,0
2088,8,14,4.2297
2088,8,15,0
2088,8,16,0
2088,8,17,0
2088,8,18,0
2088,8,19,0
2088,8,20,0.068665
2088,8,21,0.77591
2088,8,22,0
2088,8,23,0
2088,8,24,0
2088,8,25,0
2088,8,26,0
2088,8,27,0
2088,8,28,0.39825
2088,8,29,16.534
2088,8,30,5.2872
2088,8,31,0
2088,9,1,0
2088,9,2,0
2088,9,3,0
2088,9,4,0
2088,9,5,0
2088,9,6,0
2088,9,7,0.082397
2088,9,8,14.832
2088,9,9,0
2088,9,10,0.39139
2088,9,11,0
2088,9,12,0
2088,9,13,0
2088,9,14,0
2088,9,15,0
2088,9,16,0.054932
2088,9,17,0.32959
2088,9,18,0
2088,9,19,0.027466
2088,9,20,0.027466
2088,9,21,93.439
2088,9,22,80.365
2088,9,23,0
2088,9,24,2.2247
2088,9,25,0
2088,9,26,0
2088,9,27,0
2088,9,28,0
2088,9,29,0
2088,9,30,0
2088,10,1,0
2088,10,2,0
2088,10,3,3.6118
2088,10,4,4.0512
2088,10,5,0
2088,10,6,0
2088,10,7,0
2088,10,8,0
2088,10,9,0.027466
2088,10,10,5.7816
2088,10,11,5.2322
2088,10,12,0
2088,10,13,0
2088,10,14,0
2088,10,15,0
2088,10,16,0
2088,10,17,0.35706
2088,10,18,1.6479
2088,10,19,39.139
2088,10,20,1.8402
2088,10,21,2.0462
2088,10,22,18.375
2088,10,23,0.21973
2088,10,24,0
2088,10,25,10.918
2088,10,26,106.18
2088,10,27,42.38
2088,10,28,0.52185
2088,10,29,0
2088,10,30,0.054932
2088,10,31,17.606
2088,11,1,107.8
2088,11,2,4.9988
2088,11,3,0.082397
2088,11,4,0
2088,11,5,0
2088,11,6,0
2088,11,7,0.23346
2088,11,8,0
2088,11,9,3.5568
2088,11,10,2.7603
2088,11,11,7.8003
2088,11,12,19.926
2088,11,13,23.47
2088,11,14,5.3009
2088,11,15,3.1311
2088,11,16,0.18539
2088,11,17,1.9226
2088,11,18,0.42572
2088,11,19,0
2088,11,20,0
2088,11,21,0
2088,11,22,0
2088,11,23,0.46692
2088,11,24,3.0624
2088,11,25,0
2088,11,26,2.98
2088,11,27,0.048065
2088,11,28,0
2088,11,29,2.7191
2088,11,30,5.7404
2088,12,1,1.1261
2088,12,2,0.63171
2088,12,3,0.027466
2088,12,4,0.1236
2088,12,5,0
2088,12,6,0
2088,12,7,0
2088,12,8,0
2088,12,9,0
2088,12,10,0
2088,12,11,0
2088,12,12,0.93384
2088,12,13,0.13046
2088,12,14,0
2088,12,15,0
2088,12,16,0.16479
2088,12,17,1.2222
2088,12,18,0.79651
2088,12,19,10.506
2088,12,20,3.4332
2088,12,21,0.068665
2088,12,22,2.3071
2088,12,23,0.027466
2088,12,24,0
2088,12,25,0.09613
2088,12,26,0
2088,12,27,0
2088,12,28,0.15106
2088,12,29,0
2088,12,30,0
2088,12,31,0.16479
2089,1,1,0.17166
2089,1,2,0.068665
2089,1,3,0.027466
2089,1,4,7.7179
2089,1,5,1.9501
2089,1,6,0.64545
2089,1,7,1.4008
2089,1,8,1.7303
2089,1,9,0
2089,1,10,0.013733
2089,1,11,3.6942
2089,1,12,0.13733
2089,1,13,0
2089,1,14,0
2089,1,15,5.5481
2089,1,16,4.834
2089,1,17,9.1736
2089,1,18,9.5444
2089,1,19,0.013733
2089,1,20,0.19226
2089,1,21,5.2734
2089,1,22,53.352
2089,1,23,5.5756
2089,1,24,66.289
2089,1,25,15.45
2089,1,26,0
2089,1,27,0.48065
2089,1,28,0.027466
2089,1,29,1.2772
2089,1,30,0.082397
2089,1,31,0.15106
2089,2,1,0
2089,2,2,0
2089,2,3,0.68665
2089,2,4,0.26093
2089,2,5,0
2089,2,6,0.041199
2089,2,7,0.027466
2089,2,8,0.13733
2089,2,9,0.23346
2089,2,10,0.15106
2089,2,11,0.17853
2089,2,12,0
2089,2,13,0
2089,2,14,0
2089,2,15,0
2089,2,16,0.71411
2089,2,17,0.27466
2089,2,18,0.34332
2089,2,19,0.041199
2089,2,20,0.013733
2089,2,21,0.83771
2089,2,22,0.71411
2089,2,23,0.061798
2089,2,24,7.4364
2089,2,25,0.041199
2089,2,26,0.74158
2089,2,27,3.6667
2089,2,28,0.41199
2089,3,1,0.85144
2089,3,2,0.28839
2089,3,3,2.8564
2089,3,4,0
2089,3,5,0
2089,3,6,0.71411
2089,3,7,0
2089,3,8,0
2089,3,9,0.082397
2089,3,10,13.335
2089,3,11,25.914
2089,3,12,0
2089,3,13,0.90637
2089,3,14,0.041199
2089,3,15,4.4769
2089,3,16,0
2089,3,17,0.15106
2089,3,18,25.832
2089,3,19,21.753
2089,3,20,0
2089,3,21,0
2089,3,22,0
2089,3,23,74.762
2089,3,24,14.79
2089,3,25,4.8477
2089,3,26,0
2089,3,27,0.068665
2089,3,28,28.043
2089,3,29,0
2089,3,30,0
2089,3,31,0
2089,4,1,0
2089,4,2,0.26093
2089,4,3,11.151
2089,4,4,35.87
2089,4,5,60.837
2089,4,6,17.798
2089,4,7,0
2089,4,8,0
2089,4,9,0.63171
2089,4,10,9.6954
2089,4,11,2.2797
2089,4,12,0
2089,4,13,0.42572
2089,4,14,4.3396
2089,4,15,2.1698
2089,4,16,0
2089,4,17,0
2089,4,18,1.0712
2089,4,19,0.10986
2089,4,20,0.47379
2089,4,21,0.16479
2089,4,22,0
2089,4,23,0.013733
2089,4,24,0
2089,4,25,0
2089,4,26,1.5999
2089,4,27,0.089264
2089,4,28,0.09613
2089,4,29,35.706
2089,4,30,14.529
2089,5,1,0
2089,5,2,0.027466
2089,5,3,0.027466
2089,5,4,0.013733
2089,5,5,0.71411
2089,5,6,0.027466
2089,5,7,0
2089,5,8,0
2089,5,9,0
2089,5,10,0
2089,5,11,0
2089,5,12,43.478
2089,5,13,0.10986
2089,5,14,0.041199
2089,5,15,0
2089,5,16,41.679
2089,5,17,0
2089,5,18,0.16479
2089,5,19,1.0025
2089,5,20,0
2089,5,21,0.21973
2089,5,22,4.0924
2089,5,23,2.2522
2089,5,24,0.63858
2089,5,25,0
2089,5,26,0
2089,5,27,0
2089,5,28,0
2089,5,29,0
2089,5,30,0
2089,5,31,0
2089,6,1,0
2089,6,2,0
2089,6,3,0
2089,6,4,0
2089,6,5,1.0712
2089,6,6,0
2089,6,7,0.09613
2089,6,8,0.35706
2089,6,9,0.9201
2089,6,10,0
2089,6,11,0
2089,6,12,1.6685
2089,6,13,6.3103
2089,6,14,0
2089,6,15,0
2089,6,16,0
2089,6,17,0
2089,6,18,0
2089,6,19,0
2089,6,20,0
2089,6,21,0
2089,6,22,0
2089,6,23,0
2089,6,24,0
2089,6,25,0
2089,6,26,0
2089,6,27,0
2089,6,28,0
2089,6,29,0
2089,6,30,0
2089,7,1,0
2089,7,2,1.5381
2089,7,3,1.7853
2089,7,4,0
2089,7,5,0
2089,7,6,0
2089,7,7,0
2089,7,8,0
2089,7,9,0.020599
2089,7,10,0
2089,7,11,0
2089,7,12,0
2089,7,13,0
2089,7,14,0
2089,7,15,0
2089,7,16,0.37079
2089,7,17,0.048065
2089,7,18,0
2089,7,19,0
2089,7,20,0
2089,7,21,0.90637
2089,7,22,4.6692
2089,7,23,0
2089,7,24,0
2089,7,25,0
2089,7,26,0
2089,7,27,0
2089,7,28,0
2089,7,29,0
2089,7,30,0
2089,7,31,0
2089,8,1,0
2089,8,2,0
2089,8,3,0
2089,8,4,0
2089,8,5,0
2089,8,6,0
2089,8,7,0.013733
2089,8,8,0.19226
2089,8,9,0.23346
2089,8,10,0.054932
2089,8,11,2.5543
2089,8,12,0
2089,8,13,0
2089,8,14,0
2089,8,15,0
2089,8,16,0.075531
2089,8,17,0
2089,8,18,0
2089,8,19,0
2089,8,20,0
2089,8,21,0.034332
2089,8,22,1.0918
2089,8,23,0
2089,8,24,0
2089,8,25,0
2089,8,26,0
2089,8,27,0.19913
2089,8,28,0.72784
2089,8,29,41.638
2089,8,30,0.027466
2089,8,31,5.8228
2089,9,1,0
2089,9,2,0
2089,9,3,0
2089,9,4,0
2089,9,5,1.1536
2089,9,6,2.1423
2089,9,7,1.5106
2089,9,8,0.43945
2089,9,9,0.16479
2089,9,10,0
2089,9,11,0
2089,9,12,0
2089,9,13,0
2089,9,14,0
2089,9,15,0.35706
2089,9,16,0
2089,9,17,0.19226
2089,9,18,0
2089,9,19,0
2089,9,20,0
2089,9,21,0
2089,9,22,0
2089,9,23,0
2089,9,24,0
2089,9,25,0
2089,9,26,0
2089,9,27,0.068665
2089,9,28,0.09613
2089,9,29,0.27466
2089,9,30,0.15106
2089,10,1,8.4595
2089,10,2,95.691
2089,10,3,56.415
2089,10,4,0.09613
2089,10,5,4.2297
2089,10,6,0.16479
2089,10,7,17.097
2089,10,8,7.0313
2089,10,9,0.027466
2089,10,10,0.63171
2089,10,11,1.9226
2089,10,12,13.335
2089,10,13,0
2089,10,14,0
2089,10,15,0
2089,10,16,1.1398
2089,10,17,0
2089,10,18,0.46692
2089,10,19,2.8152
2089,10,20,0
2089,10,21,0.027466
2089,10,22,0.027466
2089,10,23,0
2089,10,24,0
2089,10,25,0
2089,10,26,0
2089,10,27,1.5656
2089,10,28,0.63858
2089,10,29,7.8964
2089,10,30,0
2089,10,31,0
2089,11,1,0
2089,11,2,0
2089,11,3,0
2089,11,4,0.1236
2089,11,5,0.16479
2089,11,6,0.068665
2089,11,7,0.94757
2089,11,8,0
2089,11,9,0.082397
2089,11,10,0.041199
2089,11,11,0.67291
2089,11,12,0
2089,11,13,0
2089,11,14,0
2089,11,15,0
2089,11,16,0
2089,11,17,0
2089,11,18,0
2089,11,19,0.013733
2089,11,20,0.70038
2089,11,21,0.16479
2089,11,22,0
2089,11,23,0
2089,11,24,0.027466
2089,11,25,8.3771
2089,11,26,3.0487
2089,11,27,0.48065
2089,11,28,0.74158
2089,11,29,2.2247
2089,11,30,0.81711
2089,12,1,2.1011
2089,12,2,0.013733
2089,12,3,0
2089,12,4,0
2089,12,5,0
2089,12,6,0
2089,12,7,0.054932
2089,12,8,0
2089,12,9,0.21973
2089,12,10,0.64545
2089,12,11,3.447
2089,12,12,8.8165
2089,12,13,0
2089,12,14,0.20599
2089,12,15,0.054932
2089,12,16,0.027466
2089,12,17,0.082397
2089,12,18,0.16479
2089,12,19,0.74158
2089,12,20,0.43945
2089,12,21,0.034332
2089,12,22,0
2089,12,23,0.17853
2089,12,24,0.27466
2089,12,25,0.082397
2089,12,26,0
2089,12,27,0.32959
2089,12,28,0.38452
2089,12,29,0.24719
2089,12,30,0.054932
2089,12,31,0.013733
2090,1,1,0
2090,1,2,0
2090,1,3,0
2090,1,4,5.2185
2090,1,5,0.49438
2090,1,6,6.6193
2090,1,7,16.068
2090,1,8,19.72
2090,1,9,27.795
2090,1,10,1.1261
2090,1,11,0
2090,1,12,0
2090,1,13,0
2090,1,14,0.082397
2090,1,15,0.027466
2090,1,16,25.722
2090,1,17,0
2090,1,18,0.054932
2090,1,19,0.10986
2090,1,20,17.523
2090,1,21,0.21973
2090,1,22,13.966
2090,1,23,0.35706
2090,1,24,2.8839
2090,1,25,0.10986
2090,1,26,0
2090,1,27,7.3608
2090,1,28,17.159
2090,1,29,0.068665
2090,1,30,0
2090,1,31,0
2090,2,1,0
2090,2,2,0
2090,2,3,0
2090,2,4,0
2090,2,5,0
2090,2,6,0
2090,2,7,0
2090,2,8,0
2090,2,9,1.2634
2090,2,10,28.976
2090,2,11,0.74158
2090,2,12,0.27466
2090,2,13,2.4445
2090,2,14,1.3664
2090,2,15,0
2090,2,16,0.034332
2090,2,17,2.4994
2090,2,18,2.9388
2090,2,19,0.027466
2090,2,20,0
2090,2,21,0
2090,2,22,0
2090,2,23,3.8177
2090,2,24,0.63171
2090,2,25,0.054932
2090,2,26,0.082397
2090,2,27,0.082397
2090,2,28,0
2090,3,1,0
2090,3,2,0
2090,3,3,0
2090,3,4,0
2090,3,5,0
2090,3,6,0
2090,3,7,0
2090,3,8,0
2090,3,9,0
2090,3,10,0
2090,3,11,6.3583
2090,3,12,4.4632
2090,3,13,0.19226
2090,3,14,1.8951
2090,3,15,0.027466
2090,3,16,0.068665
2090,3,17,6.6948
2090,3,18,0
2090,3,19,0
2090,3,20,0
2090,3,21,0.013733
2090,3,22,0.19226
2090,3,23,6.0356
2090,3,24,1.3046
2090,3,25,0.28839
2090,3,26,0
2090,3,27,0
2090,3,28,0
2090,3,29,0
2090,3,30,0.49438
2090,3,31,11.069
2090,4,1,0.85144
2090,4,2,4.4769
2090,4,3,22.989
2090,4,4,0.32959
2090,4,5,7.4432
2090,4,6,7.8278
2090,4,7,20.709
2090,4,8,1.1261
2090,4,9,24.706
2090,4,10,7.1548
2090,4,11,0
2090,4,12,0
2090,4,13,0
2090,4,14,0.10986
2090,4,15,2.5269
2090,4,16,0
2090,4,17,6.0562
2090,4,18,1.6891
2090,4,19,0
2090,4,20,0.013733
2090,4,21,2.8564
2090,4,22,2.3071
2090,4,23,22.652
2090,4,24,2.005
2090,4,25,4.2297
2090,4,26,0
2090,4,27,1.1948
2090,4,28,1.6754
2090,4,29,0.09613
2090,4,30,0.43945
2090,5,1,0.1236
2090,5,2,1.7029
2090,5,3,0.75531
2090,5,4,4.8477
2090,5,5,0
2090,5,6,0
2090,5,7,0
2090,5,8,0.59052
2090,5,9,4.5319
2090,5,10,6.6948
2090,5,11,0
2090,5,12,0
2090,5,13,0
2090,5,14,0
2090,5,15,0
2090,5,16,0
2090,5,17,0
2090,5,18,0
2090,5,19,0.9201
2090,5,20,3.7216
2090,5,21,1.1467
2090,5,22,0
2090,5,23,9.0569
2090,5,24,0.31586
2090,5,25,0
2090,5,26,0
2090,5,27,0
2090,5,28,0
2090,5,29,0
2090,5,30,0
2090,5,31,0
2090,6,1,0
2090,6,2,1.181
2090,6,3,46.211
2090,6,4,52.322
2090,6,5,0.09613
2090,6,6,0.68665
2090,6,7,0
2090,6,8,0
2090,6,9,0.013733
2090,6,10,2.4582
2090,6,11,10.286
2090,6,12,0.13046
2090,6,13,0.77591
2090,6,14,0
2090,6,15,0
2090,6,16,0
2090,6,17,0.082397
2090,6,18,0.027466
2090,6,19,0
2090,6,20,0
2090,6,21,0.027466
2090,6,22,0
2090,6,23,0
2090,6,24,0
2090,6,25,0
2090,6,26,0
2090,6,27,0
2090,6,28,0
2090,6,29,0
2090,6,30,0.034332
2090,7,1,0.054932
2090,7,2,0
2090,7,3,0.027466
2090,7,4,0.013733
2090,7,5,0.054932
2090,7,6,1.799
2090,7,7,1.6891
2090,7,8,0
2090,7,9,0
2090,7,10,0
2090,7,11,0
2090,7,12,0
2090,7,13,0
2090,7,14,0
2090,7,15,0
2090,7,16,0
2090,7,17,0.28839
2090,7,18,2.1561
2090,7,19,0
2090,7,20,4.8477
2090,7,21,0
2090,7,22,0.19226
2090,7,23,0
2090,7,24,0
2090,7,25,0
2090,7,26,0
2090,7,27,8.3359
2090,7,28,11.467
2090,7,29,1.133
2090,7,30,0
2090,7,31,0.013733
2090,8,1,8.226
2090,8,2,5.6992
2090,8,3,0
2090,8,4,15.903
2090,8,5,5.9189
2090,8,6,1.0712
2090,8,7,2.9663
2090,8,8,0
2090,8,9,0
2090,8,10,0
2090,8,11,0
2090,8,12,0
2090,8,13,1.7303
2090,8,14,0
2090,8,15,0
2090,8,16,0
2090,8,17,0
2090,8,18,0.013733
2090,8,19,0
2090,8,20,0
2090,8,21,0
2090,8,22,0
2090,8,23,0.43945
2090,8,24,41.776
2090,8,25,21.121
2090,8,26,3.6942
2090,8,27,0.70038
2090,8,28,0.30212
2090,8,29,0
2090,8,30,0
2090,8,31,0
2090,9,1,0
2090,9,2,0.013733
2090,9,3,0.13046
2090,9,4,0.9613
2090,9,5,5.3558
2090,9,6,0
2090,9,7,0
2090,9,8,0.061798
2090,9,9,0
2090,9,10,0
2090,9,11,0
2090,9,12,0
2090,9,13,0
2090,9,14,0
2090,9,15,0
2090,9,16,0
2090,9,17,0
2090,9,18,0.20599
2090,9,19,16.837
2090,9,20,0
2090,9,21,0.054932
2090,9,22,13.898
2090,9,23,0
2090,9,24,0
2090,9,25,2.211
2090,9,26,0.22659
2090,9,27,0.13733
2090,9,28,0.10986
2090,9,29,4.5181
2090,9,30,0
2090,10,1,0
2090,10,2,0
2090,10,3,0
2090,10,4,0
2090,10,5,0
2090,10,6,0
2090,10,7,0
2090,10,8,0
2090,10,9,0
2090,10,10,0
2090,10,11,0.90637
2090,10,12,1.0025
2090,10,13,0.43259
2090,10,14,99.124
2090,10,15,5.9189
2090,10,16,8.8577
2090,10,17,8.4732
2090,10,18,0
2090,10,19,0
2090,10,20,0.103
2090,10,21,1.3046
2090,10,22,34.93
2090,10,23,4.4907
2090,10,24,0.85144
2090,10,25,0
2090,10,26,0
2090,10,27,0
2090,10,28,0
2090,10,29,0
2090,10,30,0
2090,10,31,0
2090,11,1,0.13733
2090,11,2,0
2090,11,3,0
2090,11,4,0.041199
2090,11,5,0.54932
2090,11,6,14.049
2090,11,7,0.35706
2090,11,8,0.013733
2090,11,9,0
2090,11,10,0.49438
2090,11,11,0.013733
2090,11,12,0
2090,11,13,0
2090,11,14,0
2090,11,15,13.925
2090,11,16,0
2090,11,17,0
2090,11,18,0
2090,11,19,0
2090,11,20,0
2090,11,21,0
2090,11,22,0
2090,11,23,0.10986
2090,11,24,0.013733
2090,11,25,5.3009
2090,11,26,0.68665
2090,11,27,0.027466
2090,11,28,0.041199
2090,11,29,2.1149
2090,11,30,0
2090,12,1,0
2090,12,2,1.1261
2090,12,3,11.755
2090,12,4,2.5543
2090,12,5,0
2090,12,6,0
2090,12,7,0
2090,12,8,0
2090,12,9,0
2090,12,10,0
2090,12,11,0
2090,12,12,1.6891
2090,12,13,0.13733
2090,12,14,0.054932
2090,12,15,0
2090,12,16,0
2090,12,17,0.43945
2090,12,18,12.552
2090,12,19,0
2090,12,20,0.32272
2090,12,21,0.041199
2090,12,22,7.6904
2090,12,23,5.5069
2090,12,24,1.4282
2090,12,25,0
2090,12,26,0
2090,12,27,2.7122
2090,12,28,0.027466
2090,12,29,0
2090,12,30,0.082397
2090,12,31,0.24719
2091,1,1,1.799
2091,1,2,0
2091,1,3,22.165
2091,1,4,25.351
2091,1,5,7.9651
2091,1,6,0.26093
2091,1,7,0.48065
2091,1,8,0.50812
2091,1,9,0
2091,1,10,0
2091,1,11,0.21973
2091,1,12,0.09613
2091,1,13,14.021
2091,1,14,0
2091,1,15,14.516
2091,1,16,0.1236
2091,1,17,0
2091,1,18,1.4145
2091,1,19,0
2091,1,20,0.41199
2091,1,21,1.442
2091,1,22,0.86517
2091,1,23,0.16479
2091,1,24,0
2091,1,25,0.054932
2091,1,26,0.9613
2091,1,27,0.37079
2091,1,28,1.8539
2091,1,29,0.24719
2091,1,30,0.068665
2091,1,31,0.20599
2091,2,1,0
2091,2,2,1.7578
2091,2,3,3.2822
2091,2,4,12.689
2091,2,5,1.4145
2091,2,6,0.64545
2091,2,7,0.19226
2091,2,8,12.703
2091,2,9,5.809
2091,2,10,26.01
2091,2,11,2.1561
2091,2,12,0
2091,2,13,14.227
2091,2,14,0.93384
2091,2,15,0.13733
2091,2,16,0.068665
2091,2,17,0.013733
2091,2,18,0.1236
2091,2,19,0
2091,2,20,0.21973
2091,2,21,38.974
2091,2,22,3.6942
2091,2,23,0
2091,2,24,0.21973
2091,2,25,0.054932
2091,2,26,7.2784
2091,2,27,6.015
2091,2,28,0
2091,3,1,0
2091,3,2,0
2091,3,3,0
2091,3,4,0
2091,3,5,0.041199
2091,3,6,1.6205
2091,3,7,8.2741
2091,3,8,7.8964
2091,3,9,2.2865
2091,3,10,0.26093
2091,3,11,0.054932
2091,3,12,0.034332
2091,3,13,0
2091,3,14,0.46692
2091,3,15,0.82397
2091,3,16,0.19226
2091,3,17,0.027466
2091,3,18,0.013733
2091,3,19,82.919
2091,3,20,8.0475
2091,3,21,11.206
2091,3,22,0.53558
2091,3,23,13.293
2091,3,24,0.013733
2091,3,25,3.1998
2091,3,26,0.61798
2091,3,27,0
2091,3,28,0.013733
2091,3,29,0.1442
2091,3,30,0.82397
2091,3,31,0.59052
2091,4,1,0.57678
2091,4,2,3.5156
2091,4,3,2.2797
2091,4,4,6.2485
2091,4,5,0
2091,4,6,0.17166
2091,4,7,0.48065
2091,4,8,0
2091,4,9,0
2091,4,10,0
2091,4,11,0
2091,4,12,0
2091,4,13,0
2091,4,14,0.013733
2091,4,15,0
2091,4,16,0
2091,4,17,0
2091,4,18,0
2091,4,19,0
2091,4,20,0
2091,4,21,0.93384
2091,4,22,2.2934
2091,4,23,4.6829
2091,4,24,1.3046
2091,4,25,0.23346
2091,4,26,16.026
2091,4,27,0
2091,4,28,1.696
2091,4,29,0.43945
2091,4,30,0.027466
2091,5,1,6.839
2091,5,2,0.35706
2091,5,3,1.9089
2091,5,4,0.048065
2091,5,5,0
2091,5,6,0
2091,5,7,0
2091,5,8,0
2091,5,9,0.54932
2091,5,10,0
2091,5,11,0
2091,5,12,0
2091,5,13,6.7291
2091,5,14,0.59052
2091,5,15,0.43945
2091,5,16,1.0986
2091,5,17,0.23346
2091,5,18,0
2091,5,19,0
2091,5,20,0
2091,5,21,0
2091,5,22,0
2091,5,23,0
2091,5,24,0
2091,5,25,0
2091,5,26,1.2085
2091,5,27,3.0899
2091,5,28,0
2091,5,29,0
2091,5,30,0
2091,5,31,0
2091,6,1,0
2091,6,2,0
2091,6,3,0
2091,6,4,0
2091,6,5,0
2091,6,6,0
2091,6,7,0
2091,6,8,0
2091,6,9,0
2091,6,10,0
2091,6,11,0
2091,6,12,0
2091,6,13,0
2091,6,14,0
2091,6,15,0.31586
2091,6,16,2.5131
2091,6,17,0.37079
2091,6,18,0
2091,6,19,0
2091,6,20,0
2091,6,21,0
2091,6,22,0
2091,6,23,1.0918
2091,6,24,2.7328
2091,6,25,0.27466
2091,6,26,0
2091,6,27,0
2091,6,28,0
2091,6,29,0
2091,6,30,0
2091,7,1,0
2091,7,2,0
2091,7,3,0.37079
2091,7,4,0.013733
2091,7,5,0.23346
2091,7,6,0
2091,7,7,0
2091,7,8,0
2091,7,9,0.082397
2091,7,10,0.027466
2091,7,11,0
2091,7,12,0
2091,7,13,0
2091,7,14,0
2091,7,15,0
2091,7,16,0
2091,7,17,0
2091,7,18,0
2091,7,19,0
2091,7,20,0.21973
2091,7,21,0.013733
2091,7,22,0
2091,7,23,0
2091,7,24,0.34332
2091,7,25,0
2091,7,26,0.041199
2091,7,27,0
2091,7,28,1.0986
2091,7,29,1.442
2091,7,30,0
2091,7,31,0
2091,8,1,0
2091,8,2,0
2091,8,3,0
2091,8,4,1.2222
2091,8,5,0
2091,8,6,0
2091,8,7,0
2091,8,8,0
2091,8,9,0.013733
2091,8,10,0
2091,8,11,0
2091,8,12,0
2091,8,13,0
2091,8,14,0
2091,8,15,0
2091,8,16,0
2091,8,17,0
2091,8,18,3.0487
2091,8,19,0.76904
2091,8,20,17.482
2091,8,21,0
2091,8,22,0
2091,8,23,0
2091,8,24,0
2091,8,25,0.013733
2091,8,26,0.034332
2091,8,27,1.5656
2091,8,28,0.70038
2091,8,29,0
2091,8,30,0
2091,8,31,0
2091,9,1,0
2091,9,2,0
2091,9,3,0
2091,9,4,0
2091,9,5,0.020599
2091,9,6,0.21973
2091,9,7,0.082397
2091,9,8,21.533
2091,9,9,0
2091,9,10,0
2091,9,11,0.37766
2091,9,12,0
2091,9,13,0
2091,9,14,0
2091,9,15,0.013733
2091,9,16,0.10986
2091,9,17,0
2091,9,18,0.1236
2091,9,19,17.743
2091,9,20,32.19
2091,9,21,2.1973
2091,9,22,0.054932
2091,9,23,0
2091,9,24,0.17166
2091,9,25,4.6967
2091,9,26,0.082397
2091,9,27,43.272
2091,9,28,0
2091,9,29,0.16479
2091,9,30,2.7878
2091,10,1,0
2091,10,2,8.8715
2091,10,3,0.013733
2091,10,4,0
2091,10,5,1.9501
2091,10,6,0.041199
2091,10,7,0.013733
2091,10,8,2.0531
2091,10,9,8.1161
2091,10,10,0
2091,10,11,0
2091,10,12,0
2091,10,13,0
2091,10,14,0.24719
2091,10,15,3.9551
2091,10,16,0
2091,10,17,0.13733
2091,10,18,5.1086
2091,10,19,0
2091,10,20,0
2091,10,21,0.027466
2091,10,22,0
2091,10,23,0
2091,10,24,0
2091,10,25,0
2091,10,26,0
2091,10,27,0.027466
2091,10,28,0.013733
2091,10,29,0
2091,10,30,0
2091,10,31,0
2091,11,1,0
2091,11,2,0
2091,11,3,0
2091,11,4,2.6505
2091,11,5,0
2091,11,6,0
2091,11,7,0
2091,11,8,2.6093
2091,11,9,0.90637
2091,11,10,0.082397
2091,11,11,0
2091,11,12,0.041199
2091,11,13,12.607
2091,11,14,26.848
2091,11,15,19.418
2091,11,16,40.128
2091,11,17,25.612
2091,11,18,0
2091,11,19,1.2909
2091,11,20,0
2091,11,21,0
2091,11,22,0.19226
2091,11,23,3.9001
2091,11,24,3.4744
2091,11,25,10.217
2091,11,26,23.442
2091,11,27,31.517
2091,11,28,0
2091,11,29,0
2091,11,30,0
2091,12,1,0
2091,12,2,0.068665
2091,12,3,0.90637
2091,12,4,0.082397
2091,12,5,0.054932
2091,12,6,0.082397
2091,12,7,0.19226
2091,12,8,0
2091,12,9,0
2091,12,10,0.85144
2091,12,11,63.831
2091,12,12,6.2073
2091,12,13,0.041199
2091,12,14,0.082397
2091,12,15,0
2091,12,16,0
2091,12,17,1.0712
2091,12,18,0.35706
2091,12,19,0
2091,12,20,6.3034
2091,12,21,0.90637
2091,12,22,0.1236
2091,12,23,0
2091,12,24,0
2091,12,25,0
2091,12,26,0.10986
2091,12,27,0
2091,12,28,0
2091,12,29,0
2091,12,30,11.398
2091,12,31,2.3621
2092,1,1,0
2092,1,2,0
2092,1,3,0
2092,1,4,0
2092,1,5,4.628
2092,1,6,7.0724
2092,1,7,8.4869
2092,1,8,0
2092,1,9,0
2092,1,10,0
2092,1,11,0
2092,1,12,0
2092,1,13,0
2092,1,14,1.0712
2092,1,15,0
2092,1,16,0
2092,1,17,0
2092,1,18,8.0475
2092,1,19,85.226
2092,1,20,0
2092,1,21,0
2092,1,22,0
2092,1,23,3.7903
2092,1,24,0.068665
2092,1,25,0.068665
2092,1,26,0.22659
2092,1,27,0
2092,1,28,0
2092,1,29,0.09613
2092,1,30,0
2092,1,31,0
2092,2,1,0
2092,2,2,0
2092,2,3,1.5999
2092,2,4,2.829
2092,2,5,0
2092,2,6,0
2092,2,7,0.42572
2092,2,8,54.739
2092,2,9,44.069
2092,2,10,0
2092,2,11,0.32959
2092,2,12,0.13733
2092,2,13,0
2092,2,14,5.2734
2092,2,15,0.56305
2092,2,16,6.0287
2092,2,17,0
2092,2,18,0.54932
2092,2,19,7.8552
2092,2,20,0.34332
2092,2,21,6.9077
2092,2,22,0.15106
2092,2,23,0.0068665
2092,2,24,5.5069
2092,2,25,0
2092,2,26,0
2092,2,27,0
2092,2,28,0
2092,2,29,0
2092,3,1,0
2092,3,2,0
2092,3,3,0
2092,3,4,0
2092,3,5,0
2092,3,6,2.1973
2092,3,7,0.39825
2092,3,8,0
2092,3,9,0
2092,3,10,0
2092,3,11,0.37079
2092,3,12,1.9775
2092,3,13,0
2092,3,14,3.1174
2092,3,15,4.4975
2092,3,16,0.61798
2092,3,17,0.30212
2092,3,18,6.6467
2092,3,19,4.7379
2092,3,20,0
2092,3,21,0
2092,3,22,0.65918
2092,3,23,4.1473
2092,3,24,8.9127
2092,3,25,11.412
2092,3,26,0.48065
2092,3,27,0
2092,3,28,0
2092,3,29,0
2092,3,30,0
2092,3,31,0
2092,4,1,0
2092,4,2,0
2092,4,3,0.013733
2092,4,4,0.57678
2092,4,5,2.1835
2092,4,6,2.0874
2092,4,7,1.3733
2092,4,8,0.60425
2092,4,9,0
2092,4,10,0
2092,4,11,0.013733
2092,4,12,0.027466
2092,4,13,0
2092,4,14,0
2092,4,15,0
2092,4,16,0.082397
2092,4,17,0.068665
2092,4,18,7.608
2092,4,19,22.302
2092,4,20,5.0812
2092,4,21,0
2092,4,22,0.26093
2092,4,23,1.8127
2092,4,24,0.013733
2092,4,25,0.35706
2092,4,26,0.27466
2092,4,27,0.013733
2092,4,28,12.263
2092,4,29,0
2092,4,30,0
2092,5,1,0
2092,5,2,10.506
2092,5,3,0
2092,5,4,0.027466
2092,5,5,0.52185
2092,5,6,0.43945
2092,5,7,0
2092,5,8,10.272
2092,5,9,4.1748
2092,5,10,0.068665
2092,5,11,0.85144
2092,5,12,2.9251
2092,5,13,1.9913
2092,5,14,0
2092,5,15,1.1948
2092,5,16,0
2092,5,17,0
2092,5,18,2.1698
2092,5,19,0
2092,5,20,0
2092,5,21,2.6779
2092,5,22,0
2092,5,23,0.65918
2092,5,24,2.211
2092,5,25,0
2092,5,26,0
2092,5,27,0.10986
2092,5,28,0
2092,5,29,0
2092,5,30,3.4813
2092,5,31,2.9663
2092,6,1,2.7328
2092,6,2,0
2092,6,3,0
2092,6,4,0
2092,6,5,4.4495
2092,6,6,0
2092,6,7,0
2092,6,8,0
2092,6,9,0
2092,6,10,0.041199
2092,6,11,0.013733
2092,6,12,0.013733
2092,6,13,0
2092,6,14,0
2092,6,15,0
2092,6,16,0
2092,6,17,0
2092,6,18,0
2092,6,19,0
2092,6,20,0
2092,6,21,0
2092,6,22,0
2092,6,23,0
2092,6,24,0
2092,6,25,0
2092,6,26,1.5518
2092,6,27,0
2092,6,28,0
2092,6,29,0.86517
2092,6,30,0
2092,7,1,0
2092,7,2,0.027466
2092,7,3,0
2092,7,4,0.027466
2092,7,5,0.013733
2092,7,6,0
2092,7,7,0
2092,7,8,0
2092,7,9,0
2092,7,10,0
2092,7,11,0
2092,7,12,0
2092,7,13,0
2092,7,14,0
2092,7,15,0
2092,7,16,0
2092,7,17,0
2092,7,18,0
2092,7,19,0.054932
2092,7,20,0.034332
2092,7,21,0.041199
2092,7,22,0.15106
2092,7,23,0
2092,7,24,0
2092,7,25,0
2092,7,26,0
2092,7,27,0
2092,7,28,0
2092,7,29,7.0999
2092,7,30,1.6754
2092,7,31,0
2092,8,1,0
2092,8,2,0
2092,8,3,0.15106
2092,8,4,0
2092,8,5,0
2092,8,6,4.9301
2092,8,7,14.365
2092,8,8,0
2092,8,9,0
2092,8,10,0
2092,8,11,0
2092,8,12,0.041199
2092,8,13,0
2092,8,14,6.4545
2092,8,15,0
2092,8,16,0.35019
2092,8,17,0
2092,8,18,0
2092,8,19,0
2092,8,20,0.09613
2092,8,21,5.4108
2092,8,22,8.3359
2092,8,23,0
2092,8,24,4.0237
2092,8,25,0
2092,8,26,0
2092,8,27,0
2092,8,28,0
2092,8,29,0
2092,8,30,0.28839
2092,8,31,0
2092,9,1,0
2092,9,2,0.082397
2092,9,3,0
2092,9,4,0
2092,9,5,0
2092,9,6,0
2092,9,7,0
2092,9,8,0
2092,9,9,0
2092,9,10,0
2092,9,11,0
2092,9,12,0
2092,9,13,0
2092,9,14,0
2092,9,15,0
2092,9,16,0
2092,9,17,0
2092,9,18,0
2092,9,19,0
2092,9,20,0
2092,9,21,0
2092,9,22,8.3633
2092,9,23,16.919
2092,9,24,0
2092,9,25,0
2092,9,26,0
2092,9,27,0.027466
2092,9,28,0
2092,9,29,0
2092,9,30,0
2092,10,1,1.0986
2092,10,2,0.65918
2092,10,3,0.21973
2092,10,4,1.593
2092,10,5,31.943
2092,10,6,0.68665
2092,10,7,0
2092,10,8,0
2092,10,9,0
2092,10,10,0.013733
2092,10,11,0.64545
2092,10,12,0.71411
2092,10,13,0.71411
2092,10,14,0
2092,10,15,0
2092,10,16,0
2092,10,17,0
2092,10,18,0
2092,10,19,0
2092,10,20,0
2092,10,21,0
2092,10,22,0
2092,10,23,0
2092,10,24,0.26779
2092,10,25,5.5069
2092,10,26,0.27466
2092,10,27,1.0025
2092,10,28,3.0899
2092,10,29,0
2092,10,30,0
2092,10,31,0.11673
2092,11,1,0.30212
2092,11,2,5.2872
2092,11,3,5.4382
2092,11,4,38.686
2092,11,5,0.35706
2092,11,6,0
2092,11,7,0
2092,11,8,0.39825
2092,11,9,21.465
2092,11,10,2.8564
2092,11,11,3.1311
2092,11,12,3.3234
2092,11,13,6.1386
2092,11,14,9.8465
2092,11,15,0.10986
2092,11,16,9.1873
2092,11,17,36.708
2092,11,18,46.568
2092,11,19,5.191
2092,11,20,28.07
2092,11,21,6.2347
2092,11,22,0
2092,11,23,0.13733
2092,11,24,8.7067
2092,11,25,8.7204
2092,11,26,0.82397
2092,11,27,20.847
2092,11,28,0.13733
2092,11,29,18.347
2092,11,30,0.027466
2092,12,1,3.2135
2092,12,2,0
2092,12,3,0.30212
2092,12,4,4.9438
2092,12,5,0.35706
2092,12,6,2.3346
2092,12,7,0.16479
2092,12,8,1.9775
2092,12,9,1.9226
2092,12,10,0
2092,12,11,0
2092,12,12,0.16479
2092,12,13,0.10986
2092,12,14,0.26093
2092,12,15,0.17853
2092,12,16,0
2092,12,17,0
2092,12,18,0
2092,12,19,0.19226
2092,12,20,1.3458
2092,12,21,1.9775
2092,12,22,1.8951
2092,12,23,1.4008
2092,12,24,2.211
2092,12,25,0.041199
2092,12,26,0
2092,12,27,1.7029
2092,12,28,3.4332
2092,12,29,2.9938
2092,12,30,5.1086
2092,12,31,0
2093,1,1,0.76904
2093,1,2,6.3446
2093,1,3,0.79651
2093,1,4,2.3209
2093,1,5,0
2093,1,6,6.3446
2093,1,7,12.318
2093,1,8,6.5781
2093,1,9,0.15106
2093,1,10,0.45319
2093,1,11,0
2093,1,12,0.068665
2093,1,13,0
2093,1,14,0.34332
2093,1,15,13.403
2093,1,16,0.57678
2093,1,17,43.671
2093,1,18,2.8839
2093,1,19,1.7715
2093,1,20,4.7791
2093,1,21,6.9763
2093,1,22,0
2093,1,23,0
2093,1,24,1.236
2093,1,25,0.013733
2093,1,26,0
2093,1,27,0
2093,1,28,0.43945
2093,1,29,0.082397
2093,1,30,0.027466
2093,1,31,2.0599
2093,2,1,1.1536
2093,2,2,0.20599
2093,2,3,0.027466
2093,2,4,0
2093,2,5,0
2093,2,6,0
2093,2,7,0
2093,2,8,0.90637
2093,2,9,0.37079
2093,2,10,0.089264
2093,2,11,0.27466
2093,2,12,0.027466
2093,2,13,0.26093
2093,2,14,0.027466
2093,2,15,0
2093,2,16,0
2093,2,17,14.083
2093,2,18,0
2093,2,19,1.0162
2093,2,20,0.41199
2093,2,21,2.5818
2093,2,22,14.2
2093,2,23,0
2093,2,24,0.027466
2093,2,25,0.26779
2093,2,26,0.082397
2093,2,27,0.86517
2093,2,28,0
2093,3,1,0
2093,3,2,0
2093,3,3,0
2093,3,4,0
2093,3,5,0
2093,3,6,0
2093,3,7,0
2093,3,8,1.3321
2093,3,9,4.834
2093,3,10,0.013733
2093,3,11,0.027466
2093,3,12,0
2093,3,13,0
2093,3,14,0.082397
2093,3,15,0
2093,3,16,0
2093,3,17,0.56305
2093,3,18,0.97504
2093,3,19,0.54932
2093,3,20,9.9289
2093,3,21,0.21973
2093,3,22,0.027466
2093,3,23,0
2093,3,24,0.42572
2093,3,25,4.9576
2093,3,26,0.28152
2093,3,27,0.15106
2093,3,28,0
2093,3,29,1.3321
2093,3,30,0.72098
2093,3,31,3.0624
2093,4,1,0.23346
2093,4,2,0.19226
2093,4,3,0.16479
2093,4,4,3.6804
2093,4,5,0
2093,4,6,31.174
2093,4,7,56.168
2093,4,8,0.71411
2093,4,9,0.52185
2093,4,10,0
2093,4,11,0.013733
2093,4,12,0
2093,4,13,37.779
2093,4,14,7.5531
2093,4,15,0.37079
2093,4,16,15.765
2093,4,17,0
2093,4,18,0.28839
2093,4,19,25.825
2093,4,20,1.8814
2093,4,21,0
2093,4,22,0
2093,4,23,0.10986
2093,4,24,0
2093,4,25,0
2093,4,26,0
2093,4,27,0
2093,4,28,0
2093,4,29,0.19226
2093,4,30,0.75531
2093,5,1,1.8814
2093,5,2,1.5106
2093,5,3,0.16479
2093,5,4,3.3646
2093,5,5,0
2093,5,6,0
2093,5,7,0
2093,5,8,0
2093,5,9,0
2093,5,10,0.013733
2093,5,11,1.5106
2093,5,12,0
2093,5,13,0
2093,5,14,0
2093,5,15,0.63171
2093,5,16,1.2772
2093,5,17,13.019
2093,5,18,0.027466
2093,5,19,0.83771
2093,5,20,0.16479
2093,5,21,6.839
2093,5,22,0
2093,5,23,0.027466
2093,5,24,2.1904
2093,5,25,0.21286
2093,5,26,0
2093,5,27,0
2093,5,28,0
2093,5,29,0.054932
2093,5,30,4.7379
2093,5,31,0
2093,6,1,0
2093,6,2,0
2093,6,3,0
2093,6,4,0
2093,6,5,0
2093,6,6,0
2093,6,7,0
2093,6,8,0
2093,6,9,0.40512
2093,6,10,0.13733
2093,6,11,0.041199
2093,6,12,1.0712
2093,6,13,0
2093,6,14,0
2093,6,15,0
2093,6,16,0
2093,6,17,0
2093,6,18,0
2093,6,19,0
2093,6,20,0
2093,6,21,0
2093,6,22,0
2093,6,23,0
2093,6,24,0
2093,6,25,0
2093,6,26,0
2093,6,27,0
2093,6,28,0
2093,6,29,0
2093,6,30,0
2093,7,1,0
2093,7,2,0
2093,7,3,2.0325
2093,7,4,0
2093,7,5,0
2093,7,6,0
2093,7,7,0
2093,7,8,0
2093,7,9,0
2093,7,10,0
2093,7,11,0
2093,7,12,0
2093,7,13,0
2093,7,14,0.027466
2093,7,15,0
2093,7,16,0
2093,7,17,0
2093,7,18,0
2093,7,19,0
2093,7,20,0
2093,7,21,0
2093,7,22,0
2093,7,23,0.53558
2093,7,24,2.0874
2093,7,25,0.21973
2093,7,26,0
2093,7,27,0
2093,7,28,0
2093,7,29,0
2093,7,30,0
2093,7,31,0
2093,8,1,0
2093,8,2,0
2093,8,3,0
2093,8,4,0.027466
2093,8,5,0
2093,8,6,0
2093,8,7,0
2093,8,8,0.74158
2093,8,9,0.93384
2093,8,10,0
2093,8,11,0
2093,8,12,0
2093,8,13,0
2093,8,14,0.103
2093,8,15,0.082397
2093,8,16,0
2093,8,17,0
2093,8,18,0
2093,8,19,0
2093,8,20,0
2093,8,21,0
2093,8,22,0
2093,8,23,0
2093,8,24,0
2093,8,25,1.7303
2093,8,26,1.2634
2093,8,27,0
2093,8,28,0
2093,8,29,0
2093,8,30,0
2093,8,31,0
2093,9,1,0
2093,9,2,0
2093,9,3,0
2093,9,4,0
2093,9,5,0
2093,9,6,0.1236
2093,9,7,1.7715
2093,9,8,0.83771
2093,9,9,0
2093,9,10,0
2093,9,11,0
2093,9,12,1.2909
2093,9,13,0
2093,9,14,3.241
2093,9,15,73.279
2093,9,16,13.733
2093,9,17,0
2093,9,18,0
2093,9,19,0
2093,9,20,0.054932
2093,9,21,0
2093,9,22,0
2093,9,23,0.041199
2093,9,24,1.8402
2093,9,25,1.3527
2093,9,26,19.185
2093,9,27,0.020599
2093,9,28,0
2093,9,29,2.0599
2093,9,30,30.542
2093,10,1,21.698
2093,10,2,0
2093,10,3,9.5856
2093,10,4,0
2093,10,5,0
2093,10,6,0
2093,10,7,0
2093,10,8,2.6779
2093,10,9,6.5918
2093,10,10,12.154
2093,10,11,12.442
2093,10,12,0
2093,10,13,0
2093,10,14,0
2093,10,15,0.027466
2093,10,16,0
2093,10,17,0
2093,10,18,0
2093,10,19,7.5806
2093,10,20,0.13733
2093,10,21,0
2093,10,22,0
2093,10,23,0
2093,10,24,0.027466
2093,10,25,0
2093,10,26,0
2093,10,27,0
2093,10,28,3.9276
2093,10,29,35.582
2093,10,30,0
2093,10,31,27.672
2093,11,1,0.10986
2093,11,2,0
2093,11,3,0
2093,11,4,0.63171
2093,11,5,11.797
2093,11,6,11.288
2093,11,7,0
2093,11,8,0
2093,11,9,40.897
2093,11,10,34.483
2093,11,11,21.945
2093,11,12,0
2093,11,13,0
2093,11,14,0
2093,11,15,0
2093,11,16,0
2093,11,17,0
2093,11,18,0
2093,11,19,0
2093,11,20,0.81024
2093,11,21,4.9164
2093,11,22,4.3945
2093,11,23,7.0587
2093,11,24,0.082397
2093,11,25,0.17853
2093,11,26,0
2093,11,27,0.082397
2093,11,28,0
2093,11,29,0.10986
2093,11,30,0
2093,12,1,0.068665
2093,12,2,0
2093,12,3,0
2093,12,4,0.013733
2093,12,5,0
2093,12,6,0
2093,12,7,0
2093,12,8,0
2093,12,9,1.5656
2093,12,10,0.37079
2093,12,11,2.0737
2093,12,12,0
2093,12,13,4.4495
2093,12,14,0
2093,12,15,0
2093,12,16,0.054932
2093,12,17,0.90637
2093,12,18,0.85144
2093,12,19,0.061798
2093,12,20,0.21973
2093,12,21,0
2093,12,22,0
2093,12,23,1.9226
2093,12,24,6.4682
2093,12,25,0.52872
2093,12,26,0
2093,12,27,0
2093,12,28,1.6891
2093,12,29,1.593
2093,12,30,0
2093,12,31,0
2094,1,1,0
2094,1,2,0
2094,1,3,0
2094,1,4,0
2094,1,5,0
2094,1,6,0.24719
2094,1,7,41.405
2094,1,8,139.09
2094,1,9,85.583
2094,1,10,1.6479
2094,1,11,0
2094,1,12,6.0013
2094,1,13,2.9114
2094,1,14,20.352
2094,1,15,2.6779
2094,1,16,0
2094,1,17,0
2094,1,18,0
2094,1,19,0.075531
2094,1,20,5.3558
2094,1,21,2.2659
2094,1,22,0
2094,1,23,0
2094,1,24,0
2094,1,25,0.86517
2094,1,26,3.4058
2094,1,27,0
2094,1,28,0.85144
2094,1,29,3.0212
2094,1,30,0
2094,1,31,0
2094,2,1,0
2094,2,2,0.0068665
2094,2,3,0.013733
2094,2,4,0
2094,2,5,0.054932
2094,2,6,0
2094,2,7,0
2094,2,8,0
2094,2,9,0
2094,2,10,3.0075
2094,2,11,0
2094,2,12,1.387
2094,2,13,0
2094,2,14,0.13733
2094,2,15,0
2094,2,16,0
2094,2,17,0.37079
2094,2,18,8.2123
2094,2,19,0.93384
2094,2,20,0
2094,2,21,0
2094,2,22,0
2094,2,23,0.98877
2094,2,24,7.2235
2094,2,25,49.178
2094,2,26,0
2094,2,27,0
2094,2,28,12.634
2094,3,1,32.135
2094,3,2,0.10986
2094,3,3,2.1767
2094,3,4,0.068665
2094,3,5,1.3184
2094,3,6,2.6642
2094,3,7,0.082397
2094,3,8,1.1673
2094,3,9,0.068665
2094,3,10,0
2094,3,11,0.027466
2094,3,12,0.082397
2094,3,13,12.813
2094,3,14,1.7578
2094,3,15,0
2094,3,16,0
2094,3,17,0.82397
2094,3,18,0.31586
2094,3,19,0.20599
2094,3,20,0
2094,3,21,0.103
2094,3,22,1.03
2094,3,23,38.081
2094,3,24,24.225
2094,3,25,9.8877
2094,3,26,6.2622
2094,3,27,0
2094,3,28,0.054932
2094,3,29,36.049
2094,3,30,55.371
2094,3,31,0.027466
2094,4,1,1.0986
2094,4,2,3.7354
2094,4,3,3.8452
2094,4,4,20.387
2094,4,5,0
2094,4,6,1.8814
2094,4,7,0.027466
2094,4,8,0.81024
2094,4,9,2.8015
2094,4,10,3.1723
2094,4,11,2.1286
2094,4,12,0
2094,4,13,2.9388
2094,4,14,0.68665
2094,4,15,1.0918
2094,4,16,0.50812
2094,4,17,2.0599
2094,4,18,0
2094,4,19,0
2094,4,20,0
2094,4,21,0.013733
2094,4,22,0
2094,4,23,0.19226
2094,4,24,3.1036
2094,4,25,13.953
2094,4,26,0
2094,4,27,0
2094,4,28,0
2094,4,29,0
2094,4,30,0
2094,5,1,0
2094,5,2,0
2094,5,3,0
2094,5,4,0
2094,5,5,0
2094,5,6,0.49438
2094,5,7,1.3733
2094,5,8,0
2094,5,9,0
2094,5,10,0
2094,5,11,0
2094,5,12,0.013733
2094,5,13,0
2094,5,14,0.61798
2094,5,15,5.3696
2094,5,16,0.79651
2094,5,17,0.13046
2094,5,18,0.0068665
2094,5,19,0.082397
2094,5,20,0
2094,5,21,0
2094,5,22,0.65918
2094,5,23,0
2094,5,24,0
2094,5,25,0
2094,5,26,0.19226
2094,5,27,0.013733
2094,5,28,33.783
2094,5,29,0
2094,5,30,0
2094,5,31,0
2094,6,1,0.041199
2094,6,2,0
2094,6,3,0.061798
2094,6,4,0.020599
2094,6,5,1.5656
2094,6,6,0
2094,6,7,0
2094,6,8,0
2094,6,9,0
2094,6,10,0
2094,6,11,0
2094,6,12,0
2094,6,13,0
2094,6,14,0
2094,6,15,0
2094,6,16,0
2094,6,17,0.35706
2094,6,18,0
2094,6,19,0
2094,6,20,0
2094,6,21,0
2094,6,22,0.21973
2094,6,23,1.7166
2094,6,24,0
2094,6,25,4.7104
2094,6,26,0.43945
2094,6,27,2.2247
2094,6,28,0
2094,6,29,0
2094,6,30,0
2094,7,1,0
2094,7,2,0
2094,7,3,0
2094,7,4,0
2094,7,5,0
2094,7,6,0
2094,7,7,0
2094,7,8,0
2094,7,9,0
2094,7,10,0
2094,7,11,0
2094,7,12,0
2094,7,13,0
2094,7,14,0
2094,7,15,0.054932
2094,7,16,0
2094,7,17,1.9089
2094,7,18,11.069
2094,7,19,0.52185
2094,7,20,0
2094,7,21,0
2094,7,22,0
2094,7,23,0
2094,7,24,0
2094,7,25,0
2094,7,26,0
2094,7,27,6.4545
2094,7,28,17.235
2094,7,29,15.271
2094,7,30,0
2094,7,31,0
2094,8,1,3.0487
2094,8,2,15.092
2094,8,3,43.877
2094,8,4,0
2094,8,5,0
2094,8,6,0
2094,8,7,0
2094,8,8,0
2094,8,9,0
2094,8,10,0
2094,8,11,0
2094,8,12,0
2094,8,13,0
2094,8,14,0.027466
2094,8,15,0.39825
2094,8,16,0
2094,8,17,0
2094,8,18,0
2094,8,19,1.4076
2094,8,20,0
2094,8,21,0
2094,8,22,0
2094,8,23,0
2094,8,24,0
2094,8,25,0
2094,8,26,0
2094,8,27,0
2094,8,28,0
2094,8,29,0.013733
2094,8,30,0
2094,8,31,0
2094,9,1,0
2094,9,2,0
2094,9,3,0
2094,9,4,0
2094,9,5,0
2094,9,6,0
2094,9,7,0
2094,9,8,0
2094,9,9,0
2094,9,10,7.7591
2094,9,11,0.082397
2094,9,12,0
2094,9,13,0
2094,9,14,0
2094,9,15,0
2094,9,16,0
2094,9,17,0.041199
2094,9,18,0.027466
2094,9,19,0
2094,9,20,0
2094,9,21,0
2094,9,22,0
2094,9,23,0.027466
2094,9,24,0
2094,9,25,0
2094,9,26,0.17853
2094,9,27,6.1249
2094,9,28,0.21973
2094,9,29,2.2934
2094,9,30,0.50812
2094,10,1,0
2094,10,2,0
2094,10,3,0
2094,10,4,0
2094,10,5,0
2094,10,6,0
2094,10,7,0.013733
2094,10,8,0
2094,10,9,7.0313
2094,10,10,2.4994
2094,10,11,36.626
2094,10,12,11.082
2094,10,13,0.15106
2094,10,14,0.35706
2094,10,15,0
2094,10,16,0
2094,10,17,2.8564
2094,10,18,0
2094,10,19,0
2094,10,20,0.24719
2094,10,21,0.027466
2094,10,22,18.21
2094,10,23,6.7429
2094,10,24,15.738
2094,10,25,0.34332
2094,10,26,0
2094,10,27,0
2094,10,28,0.0068665
2094,10,29,0.13733
2094,10,30,0.13733
2094,10,31,0
2094,11,1,0
2094,11,2,0
2094,11,3,0.30212
2094,11,4,0
2094,11,5,0
2094,11,6,0.64545
2094,11,7,0
2094,11,8,0.054932
2094,11,9,0
2094,11,10,0.87891
2094,11,11,3.6942
2094,11,12,25.214
2094,11,13,0.027466
2094,11,14,0.30212
2094,11,15,5.0537
2094,11,16,0.061798
2094,11,17,0
2094,11,18,0
2094,11,19,0
2094,11,20,0
2094,11,21,0
2094,11,22,0.041199
2094,11,23,9.1599
2094,11,24,22.906
2094,11,25,1.0849
2094,11,26,13.06
2094,11,27,0
2094,11,28,0
2094,11,29,18.938
2094,11,30,0
2094,12,1,0
2094,12,2,1.5793
2094,12,3,0.53558
2094,12,4,0.1236
2094,12,5,0
2094,12,6,1.7166
2094,12,7,2.2247
2094,12,8,0.43945
2094,12,9,0.65918
2094,12,10,0.63171
2094,12,11,2.7809
2094,12,12,0.09613
2094,12,13,0.1236
2094,12,14,0.048065
2094,12,15,0.94757
2094,12,16,0.041199
2094,12,17,0
2094,12,18,0
2094,12,19,0
2094,12,20,0
2094,12,21,0
2094,12,22,0
2094,12,23,0
2094,12,24,0.013733
2094,12,25,0.089264
2094,12,26,0.21973
2094,12,27,3.0762
2094,12,28,0.16479
2094,12,29,0
2094,12,30,0
2094,12,31,1.8539
2095,1,1,0.027466
2095,1,2,0.054932
2095,1,3,0
2095,1,4,0
2095,1,5,0
2095,1,6,0
2095,1,7,0
2095,1,8,4.1061
2095,1,9,0.81024
2095,1,10,7.7728
2095,1,11,0.082397
2095,1,12,0.027466
2095,1,13,0.054932
2095,1,14,7.9376
2095,1,15,0.64545
2095,1,16,0.21973
2095,1,17,0.027466
2095,1,18,5.603
2095,1,19,6.015
2095,1,20,0.027466
2095,1,21,0
2095,1,22,0
2095,1,23,3.9413
2095,1,24,0.23346
2095,1,25,0.41199
2095,1,26,2.8015
2095,1,27,14.9
2095,1,28,6.0974
2095,1,29,0
2095,1,30,0
2095,1,31,9.05
2095,2,1,53.613
2095,2,2,8.6243
2095,2,3,0.30212
2095,2,4,1.6479
2095,2,5,0
2095,2,6,0
2095,2,7,0.71411
2095,2,8,0.33646
2095,2,9,0
2095,2,10,0.013733
2095,2,11,0.25406
2095,2,12,0.34332
2095,2,13,0.0068665
2095,2,14,0.65918
2095,2,15,2.8152
2095,2,16,33.096
2095,2,17,0.16479
2095,2,18,0.027466
2095,2,19,5.3009
2095,2,20,0.87891
2095,2,21,0
2095,2,22,0
2095,2,23,0
2095,2,24,0
2095,2,25,0.048065
2095,2,26,0
2095,2,27,0
2095,2,28,0.041199
2095,3,1,3.5431
2095,3,2,0.19226
2095,3,3,0.1236
2095,3,4,5.452
2095,3,5,0
2095,3,6,0
2095,3,7,0.28839
2095,3,8,0.082397
2095,3,9,0.027466
2095,3,10,0.041199
2095,3,11,0.16479
2095,3,12,0.72784
2095,3,13,0.09613
2095,3,14,0
2095,3,15,0
2095,3,16,0.034332
2095,3,17,0.48752
2095,3,18,2.4994
2095,3,19,0.10986
2095,3,20,0
2095,3,21,0
2095,3,22,1.5106
2095,3,23,0
2095,3,24,0.027466
2095,3,25,3.5568
2095,3,26,0
2095,3,27,0
2095,3,28,0.054932
2095,3,29,0.89264
2095,3,30,0.31586
2095,3,31,0.38452
2095,4,1,0.61798
2095,4,2,0.068665
2095,4,3,1.593
2095,4,4,0
2095,4,5,0
2095,4,6,0
2095,4,7,0.061798
2095,4,8,0.43945
2095,4,9,0.027466
2095,4,10,1.8127
2095,4,11,0.52185
2095,4,12,1.0574
2095,4,13,0
2095,4,14,0.22659
2095,4,15,1.4557
2095,4,16,1.6479
2095,4,17,0.89264
2095,4,18,0
2095,4,19,0
2095,4,20,0
2095,4,21,0
2095,4,22,0
2095,4,23,0
2095,4,24,0
2095,4,25,0.0068665
2095,4,26,0.103
2095,4,27,0.27466
2095,4,28,0.18539
2095,4,29,0
2095,4,30,0.034332
2095,5,1,0.52185
2095,5,2,0.09613
2095,5,3,0.041199
2095,5,4,0.20599
2095,5,5,0
2095,5,6,0
2095,5,7,0.061798
2095,5,8,0.034332
2095,5,9,0
2095,5,10,0
2095,5,11,0
2095,5,12,0
2095,5,13,0
2095,5,14,0.28839
2095,5,15,7.9788
2095,5,16,0
2095,5,17,0
2095,5,18,0
2095,5,19,0
2095,5,20,0.37766
2095,5,21,0
2095,5,22,0
2095,5,23,0.013733
2095,5,24,0.45319
2095,5,25,2.5131
2095,5,26,0.59052
2095,5,27,0
2095,5,28,0
2095,5,29,0
2095,5,30,0.068665
2095,5,31,0.082397
2095,6,1,2.774
2095,6,2,0
2095,6,3,0.0068665
2095,6,4,0
2095,6,5,0
2095,6,6,0
2095,6,7,0
2095,6,8,0
2095,6,9,0
2095,6,10,0
2095,6,11,0.62485
2095,6,12,0
2095,6,13,0
2095,6,14,0
2095,6,15,0
2095,6,16,0
2095,6,17,0
2095,6,18,0
2095,6,19,0
2095,6,20,0
2095,6,21,0
2095,6,22,0.59738
2095,6,23,0.17166
2095,6,24,0
2095,6,25,0
2095,6,26,0
2095,6,27,0
2095,6,28,0
2095,6,29,0
2095,6,30,0
2095,7,1,0
2095,7,2,0
2095,7,3,0.013733
2095,7,4,0
2095,7,5,0
2095,7,6,0
2095,7,7,0
2095,7,8,0
2095,7,9,0
2095,7,10,0
2095,7,11,0
2095,7,12,0
2095,7,13,0
2095,7,14,0
2095,7,15,0
2095,7,16,0
2095,7,17,0
2095,7,18,0.09613
2095,7,19,0
2095,7,20,0
2095,7,21,0
2095,7,22,0
2095,7,23,0
2095,7,24,0
2095,7,25,3.1448
2095,7,26,0
2095,7,27,0
2095,7,28,0
2095,7,29,0
2095,7,30,0
2095,7,31,0
2095,8,1,4.0718
2095,8,2,0.57678
2095,8,3,0
2095,8,4,0
2095,8,5,0
2095,8,6,0.082397
2095,8,7,0.013733
2095,8,8,0.013733
2095,8,9,0
2095,8,10,0.20599
2095,8,11,0.054932
2095,8,12,0.35706
2095,8,13,3.0762
2095,8,14,0
2095,8,15,0.0068665
2095,8,16,0
2095,8,17,0.041199
2095,8,18,0.20599
2095,8,19,3.1929
2095,8,20,1.3458
2095,8,21,0
2095,8,22,0
2095,8,23,0
2095,8,24,0
2095,8,25,0
2095,8,26,0
2095,8,27,0
2095,8,28,1.5518
2095,8,29,2.6093
2095,8,30,0
2095,8,31,0
2095,9,1,0.075531
2095,9,2,2.3346
2095,9,3,0
2095,9,4,0.041199
2095,9,5,0.027466
2095,9,6,5.3833
2095,9,7,0.054932
2095,9,8,6.2347
2095,9,9,0.054932
2095,9,10,0
2095,9,11,0
2095,9,12,0
2095,9,13,0
2095,9,14,0.13046
2095,9,15,3.7628
2095,9,16,0
2095,9,17,0.041199
2095,9,18,0
2095,9,19,0
2095,9,20,0
2095,9,21,0
2095,9,22,0
2095,9,23,0
2095,9,24,0
2095,9,25,0.30899
2095,9,26,0
2095,9,27,0
2095,9,28,0.034332
2095,9,29,0.64545
2095,9,30,0
2095,10,1,14.646
2095,10,2,0
2095,10,3,0
2095,10,4,0
2095,10,5,0
2095,10,6,0
2095,10,7,0
2095,10,8,0
2095,10,9,0
2095,10,10,0
2095,10,11,0
2095,10,12,0
2095,10,13,0
2095,10,14,0
2095,10,15,0
2095,10,16,0
2095,10,17,0
2095,10,18,0
2095,10,19,0
2095,10,20,0.082397
2095,10,21,1.0712
2095,10,22,9.5856
2095,10,23,82.397
2095,10,24,0.027466
2095,10,25,0.79651
2095,10,26,3.7079
2095,10,27,0.041199
2095,10,28,0
2095,10,29,1.2909
2095,10,30,8.9539
2095,10,31,0.013733
2095,11,1,5.1636
2095,11,2,0.72784
2095,11,3,0
2095,11,4,0
2095,11,5,0.64545
2095,11,6,3.9688
2095,11,7,1.8402
2095,11,8,0.13733
2095,11,9,4.6967
2095,11,10,0.16479
2095,11,11,2.0462
2095,11,12,0.027466
2095,11,13,9.8259
2095,11,14,0.041199
2095,11,15,0.21973
2095,11,16,0
2095,11,17,0.027466
2095,11,18,0.21973
2095,11,19,1.3046
2095,11,20,6.5643
2095,11,21,0.52872
2095,11,22,0.49438
2095,11,23,1.5793
2095,11,24,10.272
2095,11,25,0
2095,11,26,3.0075
2095,11,27,1.4832
2095,11,28,17.029
2095,11,29,11.563
2095,11,30,0.027466
2095,12,1,26.532
2095,12,2,1.8127
2095,12,3,0.09613
2095,12,4,3.9413
2095,12,5,0.35706
2095,12,6,0.013733
2095,12,7,0
2095,12,8,0
2095,12,9,1.1398
2095,12,10,0.15106
2095,12,11,2.9114
2095,12,12,0.027466
2095,12,13,0.38452
2095,12,14,1.9913
2095,12,15,0
2095,12,16,26.45
2095,12,17,1.4557
2095,12,18,1.2909
2095,12,19,0.35706
2095,12,20,0.32959
2095,12,21,0
2095,12,22,0.068665
2095,12,23,0
2095,12,24,0
2095,12,25,0.027466
2095,12,26,0.48065
2095,12,27,0
2095,12,28,0.41199
2095,12,29,0.16479
2095,12,30,0.10986
2095,12,31,0
2096,1,1,0.041199
2096,1,2,0.42572
2096,1,3,3.7354
2096,1,4,18.512
2096,1,5,28.235
2096,1,6,0
2096,1,7,0
2096,1,8,0
2096,1,9,0
2096,1,10,0
2096,1,11,0
2096,1,12,0
2096,1,13,0
2096,1,14,0.027466
2096,1,15,0.79651
2096,1,16,1.7166
2096,1,17,0.45319
2096,1,18,1.7029
2096,1,19,6.8665
2096,1,20,0.93384
2096,1,21,2.3346
2096,1,22,1.1673
2096,1,23,0.97504
2096,1,24,1.0162
2096,1,25,15.436
2096,1,26,0
2096,1,27,0.43945
2096,1,28,0
2096,1,29,0
2096,1,30,4.8889
2096,1,31,0
2096,2,1,0.041199
2096,2,2,0
2096,2,3,0.013733
2096,2,4,17.475
2096,2,5,9.7778
2096,2,6,3.9139
2096,2,7,0
2096,2,8,0
2096,2,9,0.1236
2096,2,10,0
2096,2,11,0
2096,2,12,0
2096,2,13,0
2096,2,14,0
2096,2,15,0
2096,2,16,0.054932
2096,2,17,0
2096,2,18,0
2096,2,19,3.3577
2096,2,20,4.6829
2096,2,21,0.49438
2096,2,22,0.61798
2096,2,23,0.46692
2096,2,24,0
2096,2,25,0
2096,2,26,0.027466
2096,2,27,0.63171
2096,2,28,0.92697
2096,2,29,0
2096,3,1,0
2096,3,2,0
2096,3,3,0
2096,3,4,0
2096,3,5,0.41199
2096,3,6,0.027466
2096,3,7,0.27466
2096,3,8,2.4582
2096,3,9,0
2096,3,10,0.74158
2096,3,11,0.51498
2096,3,12,0
2096,3,13,0
2096,3,14,4.4357
2096,3,15,0.59052
2096,3,16,2.8015
2096,3,17,0
2096,3,18,0
2096,3,19,0
2096,3,20,0.24719
2096,3,21,0.082397
2096,3,22,4.9026
2096,3,23,49.809
2096,3,24,0
2096,3,25,0
2096,3,26,0
2096,3,27,0.30212
2096,3,28,0.013733
2096,3,29,0.26093
2096,3,30,0.041199
2096,3,31,5.3558
2096,4,1,0
2096,4,2,4.9164
2096,4,3,18.031
2096,4,4,0
2096,4,5,0.054932
2096,4,6,0.18539
2096,4,7,0.075531
2096,4,8,0.56305
2096,4,9,0
2096,4,10,0
2096,4,11,0.48065
2096,4,12,10.245
2096,4,13,2.7328
2096,4,14,0.013733
2096,4,15,1.236
2096,4,16,0.027466
2096,4,17,0.46692
2096,4,18,15.587
2096,4,19,0
2096,4,20,0
2096,4,21,0
2096,4,22,0.027466
2096,4,23,0.027466
2096,4,24,0
2096,4,25,0
2096,4,26,0
2096,4,27,0.54932
2096,4,28,2.6779
2096,4,29,0.013733
2096,4,30,3.8589
2096,5,1,0.041199
2096,5,2,0
2096,5,3,0
2096,5,4,1.0025
2096,5,5,0.28839
2096,5,6,0.32959
2096,5,7,7.8827
2096,5,8,0.013733
2096,5,9,0
2096,5,10,0
2096,5,11,0
2096,5,12,1.6891
2096,5,13,0
2096,5,14,2.8839
2096,5,15,0.061798
2096,5,16,6.6055
2096,5,17,0
2096,5,18,0
2096,5,19,0
2096,5,20,7.5531
2096,5,21,0
2096,5,22,0
2096,5,23,0
2096,5,24,0
2096,5,25,0.1236
2096,5,26,0.34332
2096,5,27,4.3945
2096,5,28,7.4707
2096,5,29,0
2096,5,30,0
2096,5,31,0
2096,6,1,0
2096,6,2,0.27466
2096,6,3,0
2096,6,4,0
2096,6,5,0
2096,6,6,0
2096,6,7,0.19226
2096,6,8,0
2096,6,9,6.3034
2096,6,10,0
2096,6,11,0
2096,6,12,0
2096,6,13,0
2096,6,14,0.082397
2096,6,15,0
2096,6,16,0.23346
2096,6,17,0
2096,6,18,0.57678
2096,6,19,0.29526
2096,6,20,2.1835
2096,6,21,0.21973
2096,6,22,0
2096,6,23,0
2096,6,24,2.2591
2096,6,25,0
2096,6,26,0
2096,6,27,0
2096,6,28,0
2096,6,29,0
2096,6,30,0
2096,7,1,0
2096,7,2,0.013733
2096,7,3,0
2096,7,4,0
2096,7,5,0
2096,7,6,0
2096,7,7,0
2096,7,8,0
2096,7,9,0
2096,7,10,0
2096,7,11,0
2096,7,12,0.13733
2096,7,13,0
2096,7,14,0
2096,7,15,0
2096,7,16,0
2096,7,17,0
2096,7,18,0
2096,7,19,0.63858
2096,7,20,1.1261
2096,7,21,0
2096,7,22,0
2096,7,23,0
2096,7,24,0
2096,7,25,0
2096,7,26,0
2096,7,27,0
2096,7,28,0
2096,7,29,0
2096,7,30,0
2096,7,31,0
2096,8,1,0
2096,8,2,0
2096,8,3,0
2096,8,4,0
2096,8,5,0
2096,8,6,0
2096,8,7,0
2096,8,8,0
2096,8,9,1.1673
2096,8,10,0
2096,8,11,0
2096,8,12,0
2096,8,13,0
2096,8,14,0
2096,8,15,0.78278
2096,8,16,0
2096,8,17,0
2096,8,18,0
2096,8,19,0
2096,8,20,0
2096,8,21,0
2096,8,22,0.013733
2096,8,23,0.082397
2096,8,24,0.027466
2096,8,25,0.013733
2096,8,26,0
2096,8,27,0
2096,8,28,0
2096,8,29,0
2096,8,30,0
2096,8,31,0.013733
2096,9,1,0.16479
2096,9,2,17.908
2096,9,3,26.971
2096,9,4,0
2096,9,5,0
2096,9,6,0
2096,9,7,0
2096,9,8,0
2096,9,9,4.6417
2096,9,10,9.6542
2096,9,11,0
2096,9,12,0
2096,9,13,0
2096,9,14,0
2096,9,15,0
2096,9,16,0.048065
2096,9,17,1.5381
2096,9,18,12.703
2096,9,19,0
2096,9,20,0
2096,9,21,0
2096,9,22,0
2096,9,23,0
2096,9,24,0
2096,9,25,0
2096,9,26,0
2096,9,27,0
2096,9,28,0
2096,9,29,0
2096,9,30,0
2096,10,1,0
2096,10,2,0
2096,10,3,0
2096,10,4,0
2096,10,5,0.32959
2096,10,6,6.5918
2096,10,7,5.6854
2096,10,8,0
2096,10,9,0
2096,10,10,0
2096,10,11,0
2096,10,12,14.241
2096,10,13,11.92
2096,10,14,37.202
2096,10,15,0
2096,10,16,0.027466
2096,10,17,0
2096,10,18,0
2096,10,19,0
2096,10,20,0
2096,10,21,0
2096,10,22,2.4719
2096,10,23,0.97504
2096,10,24,0
2096,10,25,0
2096,10,26,0
2096,10,27,2.3003
2096,10,28,0.027466
2096,10,29,0.09613
2096,10,30,0
2096,10,31,0
2096,11,1,0
2096,11,2,0
2096,11,3,0.13733
2096,11,4,5.6992
2096,11,5,0.79651
2096,11,6,0.19226
2096,11,7,0.054932
2096,11,8,0.1236
2096,11,9,0.09613
2096,11,10,11.357
2096,11,11,0
2096,11,12,1.5656
2096,11,13,0.027466
2096,11,14,0
2096,11,15,30.13
2096,11,16,0
2096,11,17,0
2096,11,18,0.082397
2096,11,19,37.875
2096,11,20,19.83
2096,11,21,65.643
2096,11,22,0
2096,11,23,0
2096,11,24,3.5156
2096,11,25,62.691
2096,11,26,1.9501
2096,11,27,0
2096,11,28,0
2096,11,29,0.013733
2096,11,30,0.54932
2096,12,1,81.752
2096,12,2,5.5206
2096,12,3,0.28839
2096,12,4,0.027466
2096,12,5,0.082397
2096,12,6,2.9388
2096,12,7,2.8702
2096,12,8,21.643
2096,12,9,11.398
2096,12,10,0
2096,12,11,0
2096,12,12,0
2096,12,13,2.8702
2096,12,14,0.50812
2096,12,15,0
2096,12,16,0.89264
2096,12,17,10.657
2096,12,18,4.4083
2096,12,19,0.013733
2096,12,20,0.93384
2096,12,21,13.651
2096,12,22,10.767
2096,12,23,0.50812
2096,12,24,0.35706
2096,12,25,0.054932
2096,12,26,0.24719
2096,12,27,5.809
2096,12,28,62.759
2096,12,29,5.2734
2096,12,30,14.2
2096,12,31,26.395
2097,1,1,2.2797
2097,1,2,29.814
2097,1,3,28.949
2097,1,4,6.5369
2097,1,5,84.238
2097,1,6,0.082397
2097,1,7,0.38452
2097,1,8,0.13046
2097,1,9,0
2097,1,10,0
2097,1,11,0.082397
2097,1,12,2.1973
2097,1,13,0.49438
2097,1,14,0
2097,1,15,0
2097,1,16,0.013733
2097,1,17,0.17853
2097,1,18,0
2097,1,19,1.387
2097,1,20,4.0237
2097,1,21,3.7628
2097,1,22,0.71411
2097,1,23,0
2097,1,24,0
2097,1,25,0
2097,1,26,0
2097,1,27,0
2097,1,28,0.50812
2097,1,29,0.10986
2097,1,30,0
2097,1,31,0
2097,2,1,0
2097,2,2,0
2097,2,3,1.4282
2097,2,4,0.79651
2097,2,5,0.27466
2097,2,6,0.71411
2097,2,7,4.2572
2097,2,8,0
2097,2,9,0
2097,2,10,2.5818
2097,2,11,2.2385
2097,2,12,11.714
2097,2,13,1.6205
2097,2,14,0.16479
2097,2,15,17.894
2097,2,16,0
2097,2,17,3.5706
2097,2,18,0.67291
2097,2,19,0
2097,2,20,3.7216
2097,2,21,0.24719
2097,2,22,0.68665
2097,2,23,0
2097,2,24,0
2097,2,25,0.068665
2097,2,26,0.027466
2097,2,27,0.054932
2097,2,28,0.31586
2097,3,1,1.5244
2097,3,2,0.28839
2097,3,3,7.1274
2097,3,4,0
2097,3,5,0
2097,3,6,0
2097,3,7,2.9938
2097,3,8,6.5369
2097,3,9,3.7422
2097,3,10,0.34332
2097,3,11,1.9775
2097,3,12,0.97504
2097,3,13,0.24719
2097,3,14,0
2097,3,15,0
2097,3,16,0.061798
2097,3,17,0
2097,3,18,0.32959
2097,3,19,3.1311
2097,3,20,2.4719
2097,3,21,3.6667
2097,3,22,1.0437
2097,3,23,3.9482
2097,3,24,0.041199
2097,3,25,13.019
2097,3,26,1.3321
2097,3,27,0
2097,3,28,0
2097,3,29,0
2097,3,30,0
2097,3,31,0
2097,4,1,0
2097,4,2,0
2097,4,3,0
2097,4,4,1.5656
2097,4,5,0.71411
2097,4,6,1.5656
2097,4,7,0
2097,4,8,0
2097,4,9,0.027466
2097,4,10,12.552
2097,4,11,10.986
2097,4,12,4.7379
2097,4,13,9.6954
2097,4,14,15.34
2097,4,15,14.145
2097,4,16,5.4382
2097,4,17,0
2097,4,18,0
2097,4,19,0
2097,4,20,0
2097,4,21,0
2097,4,22,0
2097,4,23,0
2097,4,24,0
2097,4,25,0
2097,4,26,1.1124
2097,4,27,0.30212
2097,4,28,0.068665
2097,4,29,9.1599
2097,4,30,5.9464
2097,5,1,0
2097,5,2,0
2097,5,3,0
2097,5,4,0.013733
2097,5,5,0
2097,5,6,0
2097,5,7,0
2097,5,8,0
2097,5,9,0.46692
2097,5,10,0.79651
2097,5,11,0
2097,5,12,0
2097,5,13,0.068665
2097,5,14,0.09613
2097,5,15,0.013733
2097,5,16,0
2097,5,17,0
2097,5,18,0
2097,5,19,0
2097,5,20,20.338
2097,5,21,0.068665
2097,5,22,0.027466
2097,5,23,0.09613
2097,5,24,2.3209
2097,5,25,1.0712
2097,5,26,1.0849
2097,5,27,0
2097,5,28,0
2097,5,29,0
2097,5,30,0
2097,5,31,4.4769
2097,6,1,0
2097,6,2,0
2097,6,3,0
2097,6,4,0
2097,6,5,0
2097,6,6,0
2097,6,7,0
2097,6,8,0
2097,6,9,0
2097,6,10,0
2097,6,11,0.17853
2097,6,12,0
2097,6,13,0
2097,6,14,0.09613
2097,6,15,0.24719
2097,6,16,0
2097,6,17,0
2097,6,18,0
2097,6,19,0.09613
2097,6,20,0.32959
2097,6,21,0
2097,6,22,0
2097,6,23,0
2097,6,24,1.7715
2097,6,25,6.3171
2097,6,26,0
2097,6,27,0
2097,6,28,0
2097,6,29,0
2097,6,30,1.8127
2097,7,1,0.53558
2097,7,2,0.13733
2097,7,3,9.8877
2097,7,4,0
2097,7,5,0
2097,7,6,0.013733
2097,7,7,0
2097,7,8,0
2097,7,9,0
2097,7,10,0
2097,7,11,15.752
2097,7,12,0
2097,7,13,0
2097,7,14,0
2097,7,15,0
2097,7,16,0
2097,7,17,0
2097,7,18,0
2097,7,19,7.5668
2097,7,20,0
2097,7,21,0
2097,7,22,0
2097,7,23,0
2097,7,24,6.9351
2097,7,25,0.054932
2097,7,26,1.1124
2097,7,27,1.0574
2097,7,28,0
2097,7,29,0
2097,7,30,0
2097,7,31,0
2097,8,1,0
2097,8,2,0.0068665
2097,8,3,0
2097,8,4,0
2097,8,5,0
2097,8,6,0
2097,8,7,0
2097,8,8,0
2097,8,9,0.50812
2097,8,10,0.17853
2097,8,11,0.60425
2097,8,12,0
2097,8,13,0.10986
2097,8,14,0
2097,8,15,0
2097,8,16,0
2097,8,17,0
2097,8,18,0
2097,8,19,0
2097,8,20,0
2097,8,21,0
2097,8,22,0.70038
2097,8,23,0
2097,8,24,0
2097,8,25,0.34332
2097,8,26,2.5269
2097,8,27,0
2097,8,28,0
2097,8,29,0
2097,8,30,0.068665
2097,8,31,0.041199
2097,9,1,0.054932
2097,9,2,0
2097,9,3,0.013733
2097,9,4,0
2097,9,5,0
2097,9,6,0
2097,9,7,0
2097,9,8,0.23346
2097,9,9,4.0237
2097,9,10,0
2097,9,11,0.19226
2097,9,12,20.97
2097,9,13,0
2097,9,14,0
2097,9,15,0
2097,9,16,0
2097,9,17,0
2097,9,18,0
2097,9,19,0
2097,9,20,0
2097,9,21,0
2097,9,22,0
2097,9,23,0
2097,9,24,0
2097,9,25,0
2097,9,26,0.068665
2097,9,27,0.15793
2097,9,28,0.70038
2097,9,29,21.822
2097,9,30,0
2097,10,1,0
2097,10,2,0.0068665
2097,10,3,17.262
2097,10,4,8.7891
2097,10,5,18.32
2097,10,6,21.011
2097,10,7,0
2097,10,8,67.813
2097,10,9,37.985
2097,10,10,2.3071
2097,10,11,0.068665
2097,10,12,0
2097,10,13,0
2097,10,14,1.5244
2097,10,15,15.916
2097,10,16,0
2097,10,17,0
2097,10,18,0
2097,10,19,0
2097,10,20,0
2097,10,21,0
2097,10,22,0
2097,10,23,0.27466
2097,10,24,0.98877
2097,10,25,0.26093
2097,10,26,14.474
2097,10,27,72.977
2097,10,28,0
2097,10,29,4.8752
2097,10,30,9.3933
2097,10,31,0
2097,11,1,0
2097,11,2,5.1636
2097,11,3,2.005
2097,11,4,0.041199
2097,11,5,1.0162
2097,11,6,0
2097,11,7,0
2097,11,8,0
2097,11,9,0.054932
2097,11,10,0.87891
2097,11,11,0
2097,11,12,0
2097,11,13,0
2097,11,14,0
2097,11,15,0.63171
2097,11,16,0.027466
2097,11,17,0.15106
2097,11,18,1.0437
2097,11,19,0.34332
2097,11,20,0.21973
2097,11,21,0.46692
2097,11,22,0.81024
2097,11,23,1.5518
2097,11,24,9.613
2097,11,25,0
2097,11,26,0
2097,11,27,0.013733
2097,11,28,0.15106
2097,11,29,0
2097,11,30,0
2097,12,1,0.054932
2097,12,2,0
2097,12,3,0
2097,12,4,0
2097,12,5,0.041199
2097,12,6,0
2097,12,7,0
2097,12,8,15.244
2097,12,9,46.17
2097,12,10,6.9214
2097,12,11,7.2372
2097,12,12,0.041199
2097,12,13,0
2097,12,14,0.13733
2097,12,15,10.039
2097,12,16,0.013733
2097,12,17,0.68665
2097,12,18,7.402
2097,12,19,0
2097,12,20,0
2097,12,21,0.089264
2097,12,22,0.52185
2097,12,23,0.27466
2097,12,24,0.38452
2097,12,25,0.30212
2097,12,26,0.041199
2097,12,27,0
2097,12,28,0
2097,12,29,0
2097,12,30,0.57678
2097,12,31,0
2098,1,1,0
2098,1,2,0
2098,1,3,0
2098,1,4,0
2098,1,5,0
2098,1,6,0
2098,1,7,1.5381
2098,1,8,3.0212
2098,1,9,0.95444
2098,1,10,2.9114
2098,1,11,0.80338
2098,1,12,8.4595
2098,1,13,0
2098,1,14,0.19226
2098,1,15,0
2098,1,16,0
2098,1,17,2.3483
2098,1,18,0.53558
2098,1,19,0
2098,1,20,0
2098,1,21,0
2098,1,22,0
2098,1,23,1.3596
2098,1,24,1.0437
2098,1,25,0.39139
2098,1,26,0
2098,1,27,3.0212
2098,1,28,0.027466
2098,1,29,0.041199
2098,1,30,0.041199
2098,1,31,0.10986
2098,2,1,0.082397
2098,2,2,0.10986
2098,2,3,0.49438
2098,2,4,0.10986
2098,2,5,0.50812
2098,2,6,27.892
2098,2,7,1.2222
2098,2,8,9.0088
2098,2,9,1.3321
2098,2,10,0
2098,2,11,0.027466
2098,2,12,1.2909
2098,2,13,25.914
2098,2,14,39.207
2098,2,15,5.8914
2098,2,16,7.8827
2098,2,17,27.301
2098,2,18,1.2634
2098,2,19,0
2098,2,20,0.38452
2098,2,21,2.4307
2098,2,22,0
2098,2,23,0
2098,2,24,0.17853
2098,2,25,0.013733
2098,2,26,0
2098,2,27,0.72784
2098,2,28,0
2098,3,1,0
2098,3,2,0
2098,3,3,0
2098,3,4,0
2098,3,5,0
2098,3,6,0.28839
2098,3,7,0.87891
2098,3,8,0
2098,3,9,0
2098,3,10,0
2098,3,11,0
2098,3,12,0.45319
2098,3,13,1.0849
2098,3,14,1.5106
2098,3,15,0
2098,3,16,0.18539
2098,3,17,41.899
2098,3,18,106.06
2098,3,19,7.1274
2098,3,20,1.7441
2098,3,21,0.10986
2098,3,22,0
2098,3,23,0.013733
2098,3,24,0.70038
2098,3,25,7.1411
2098,3,26,2.8427
2098,3,27,0
2098,3,28,0
2098,3,29,0
2098,3,30,0.39825
2098,3,31,0
2098,4,1,0.068665
2098,4,2,0.60425
2098,4,3,0.013733
2098,4,4,0
2098,4,5,0
2098,4,6,7.4432
2098,4,7,0
2098,4,8,0
2098,4,9,1.0025
2098,4,10,0.76904
2098,4,11,30.254
2098,4,12,7.0587
2098,4,13,0
2098,4,14,0
2098,4,15,0
2098,4,16,0
2098,4,17,0
2098,4,18,9.7504
2098,4,19,0
2098,4,20,0
2098,4,21,0
2098,4,22,0
2098,4,23,0.013733
2098,4,24,0.83084
2098,4,25,1.0849
2098,4,26,0.79651
2098,4,27,0.034332
2098,4,28,0
2098,4,29,0
2098,4,30,0
2098,5,1,0
2098,5,2,0
2098,5,3,6.2485
2098,5,4,0.19226
2098,5,5,2.7191
2098,5,6,0
2098,5,7,0
2098,5,8,0
2098,5,9,0
2098,5,10,0
2098,5,11,0
2098,5,12,0
2098,5,13,0
2098,5,14,0
2098,5,15,0.027466
2098,5,16,0
2098,5,17,0
2098,5,18,0
2098,5,19,0
2098,5,20,5.6168
2098,5,21,0
2098,5,22,0
2098,5,23,0.15106
2098,5,24,4.1748
2098,5,25,0
2098,5,26,0
2098,5,27,0
2098,5,28,0
2098,5,29,0.041199
2098,5,30,0.013733
2098,5,31,0
2098,6,1,0
2098,6,2,0
2098,6,3,0
2098,6,4,0
2098,6,5,0
2098,6,6,0
2098,6,7,0
2098,6,8,0
2098,6,9,0
2098,6,10,0
2098,6,11,0
2098,6,12,0
2098,6,13,0
2098,6,14,0
2098,6,15,0
2098,6,16,0
2098,6,17,0
2098,6,18,0
2098,6,19,0
2098,6,20,0
2098,6,21,0.0068665
2098,6,22,0.013733
2098,6,23,0.054932
2098,6,24,0
2098,6,25,0
2098,6,26,0.93384
2098,6,27,0
2098,6,28,0.52872
2098,6,29,0
2098,6,30,0
2098,7,1,0
2098,7,2,0
2098,7,3,0
2098,7,4,0
2098,7,5,3.7079
2098,7,6,0.09613
2098,7,7,0
2098,7,8,0.0068665
2098,7,9,0
2098,7,10,0
2098,7,11,0
2098,7,12,0
2098,7,13,0
2098,7,14,0
2098,7,15,0
2098,7,16,0
2098,7,17,0
2098,7,18,0.20599
2098,7,19,0.27466
2098,7,20,0.71411
2098,7,21,0
2098,7,22,0
2098,7,23,0
2098,7,24,0
2098,7,25,0
2098,7,26,0
2098,7,27,0
2098,7,28,0
2098,7,29,0
2098,7,30,0
2098,7,31,0
2098,8,1,0.027466
2098,8,2,0.041199
2098,8,3,0
2098,8,4,0.054932
2098,8,5,0
2098,8,6,0
2098,8,7,0
2098,8,8,0
2098,8,9,0
2098,8,10,0
2098,8,11,0
2098,8,12,1.133
2098,8,13,0.103
2098,8,14,8.9676
2098,8,15,0
2098,8,16,0
2098,8,17,0
2098,8,18,0
2098,8,19,0
2098,8,20,0
2098,8,21,0
2098,8,22,0
2098,8,23,0
2098,8,24,0
2098,8,25,1.2909
2098,8,26,10.863
2098,8,27,8.02
2098,8,28,0
2098,8,29,0.1236
2098,8,30,1.0986
2098,8,31,0.027466
2098,9,1,10.121
2098,9,2,13.651
2098,9,3,0
2098,9,4,0
2098,9,5,0
2098,9,6,0
2098,9,7,0
2098,9,8,0
2098,9,9,0
2098,9,10,0
2098,9,11,0
2098,9,12,0.10986
2098,9,13,0.013733
2098,9,14,0.027466
2098,9,15,0.65918
2098,9,16,32.039
2098,9,17,0
2098,9,18,0
2098,9,19,0
2098,9,20,0
2098,9,21,0
2098,9,22,0
2098,9,23,0.013733
2098,9,24,1.0986
2098,9,25,12.607
2098,9,26,0.075531
2098,9,27,0
2098,9,28,0.103
2098,9,29,0.38452
2098,9,30,8.7891
2098,10,1,3.9825
2098,10,2,0
2098,10,3,0
2098,10,4,0.89264
2098,10,5,1.8402
2098,10,6,0.027466
2098,10,7,0
2098,10,8,0
2098,10,9,1.2085
2098,10,10,0
2098,10,11,0
2098,10,12,0
2098,10,13,0
2098,10,14,0.41199
2098,10,15,0
2098,10,16,0
2098,10,17,0
2098,10,18,0.068665
2098,10,19,0
2098,10,20,1.4008
2098,10,21,0
2098,10,22,1.3596
2098,10,23,0
2098,10,24,0
2098,10,25,0.013733
2098,10,26,0
2098,10,27,0
2098,10,28,2.7878
2098,10,29,0
2098,10,30,0.013733
2098,10,31,0.16479
2098,11,1,1.4076
2098,11,2,0.46692
2098,11,3,0.63171
2098,11,4,0
2098,11,5,0
2098,11,6,1.2566
2098,11,7,0.10986
2098,11,8,1.0025
2098,11,9,0.082397
2098,11,10,0.81024
2098,11,11,0
2098,11,12,0
2098,11,13,0.013733
2098,11,14,0
2098,11,15,0.013733
2098,11,16,0.35706
2098,11,17,1.181
2098,11,18,0
2098,11,19,0.82397
2098,11,20,1.5244
2098,11,21,0.78278
2098,11,22,0.054932
2098,11,23,5.5893
2098,11,24,0
2098,11,25,3.7903
2098,11,26,0
2098,11,27,0
2098,11,28,1.49
2098,11,29,6.4407
2098,11,30,0
2098,12,1,0
2098,12,2,0
2098,12,3,0.020599
2098,12,4,0
2098,12,5,0.52185
2098,12,6,0.027466
2098,12,7,1.1948
2098,12,8,1.8127
2098,12,9,0.71411
2098,12,10,7.3334
2098,12,11,29.224
2098,12,12,35.555
2098,12,13,0
2098,12,14,0
2098,12,15,0
2098,12,16,1.8265
2098,12,17,0.027466
2098,12,18,0
2098,12,19,2.8839
2098,12,20,0.67291
2098,12,21,0.10986
2098,12,22,0.054932
2098,12,23,0
2098,12,24,0.60425
2098,12,25,0.082397
2098,12,26,9.3933
2098,12,27,0.027466
2098,12,28,5.4932
2098,12,29,4.7791
2098,12,30,0
2098,12,31,3.4058
2099,1,1,0.054932
2099,1,2,0
2099,1,3,4.5868
2099,1,4,0
2099,1,5,0
2099,1,6,0.9613
2099,1,7,0
2099,1,8,0.041199
2099,1,9,2.2934
2099,1,10,0.37079
2099,1,11,0.38452
2099,1,12,6.7017
2099,1,13,9.5306
2099,1,14,0.75531
2099,1,15,0
2099,1,16,4.0649
2099,1,17,11.096
2099,1,18,0
2099,1,19,8.4595
2099,1,20,0.46692
2099,1,21,1.03
2099,1,22,0
2099,1,23,0
2099,1,24,0.068665
2099,1,25,1.7303
2099,1,26,11.893
2099,1,27,0
2099,1,28,0.013733
2099,1,29,0
2099,1,30,0
2099,1,31,0
2099,2,1,0.013733
2099,2,2,0
2099,2,3,0
2099,2,4,0.56305
2099,2,5,4.1199
2099,2,6,45.236
2099,2,7,9.3109
2099,2,8,0
2099,2,9,1.03
2099,2,10,6.1935
2099,2,11,0
2099,2,12,0.027466
2099,2,13,1.7715
2099,2,14,0.21973
2099,2,15,0.17853
2099,2,16,0
2099,2,17,0
2099,2,18,3.3783
2099,2,19,0.42572
2099,2,20,0.60425
2099,2,21,0.19226
2099,2,22,0
2099,2,23,1.8402
2099,2,24,2.4857
2099,2,25,2.98
2099,2,26,0.36392
2099,2,27,0.13733
2099,2,28,0.13733
2099,3,1,1.1055
2099,3,2,17.084
2099,3,3,2.417
2099,3,4,54.836
2099,3,5,75.504
2099,3,6,8.5419
2099,3,7,3.2753
2099,3,8,2.0187
2099,3,9,31.352
2099,3,10,9.5444
2099,3,11,130.76
2099,3,12,0.63171
2099,3,13,0
2099,3,14,0.21973
2099,3,15,0
2099,3,16,3.701
2099,3,17,0
2099,3,18,0
2099,3,19,0
2099,3,20,0.13733
2099,3,21,0
2099,3,22,0
2099,3,23,1.1398
2099,3,24,2.1835
2099,3,25,7.1548
2099,3,26,0
2099,3,27,0
2099,3,28,0.19226
2099,3,29,18.649
2099,3,30,0.38452
2099,3,31,23.648
2099,4,1,0.16479
2099,4,2,0
2099,4,3,0
2099,4,4,0
2099,4,5,0.70038
2099,4,6,0
2099,4,7,0
2099,4,8,0
2099,4,9,0
2099,4,10,0
2099,4,11,0
2099,4,12,0
2099,4,13,0
2099,4,14,2.8564
2099,4,15,10.533
2099,4,16,7.8278
2099,4,17,0
2099,4,18,0
2099,4,19,0
2099,4,20,0.054932
2099,4,21,0.075531
2099,4,22,26.978
2099,4,23,3.0212
2099,4,24,0
2099,4,25,22.659
2099,4,26,11.728
2099,4,27,0.041199
2099,4,28,0
2099,4,29,0
2099,4,30,0
2099,5,1,32.259
2099,5,2,3.598
2099,5,3,0.19913
2099,5,4,0
2099,5,5,0
2099,5,6,0
2099,5,7,0
2099,5,8,0
2099,5,9,8.7479
2099,5,10,4.7241
2099,5,11,0
2099,5,12,0
2099,5,13,0
2099,5,14,0
2099,5,15,0.19226
2099,5,16,0
2099,5,17,6.4545
2099,5,18,0
2099,5,19,1.5518
2099,5,20,0.054932
2099,5,21,0
2099,5,22,0
2099,5,23,0
2099,5,24,0
2099,5,25,0.75531
2099,5,26,0
2099,5,27,0
2099,5,28,0
2099,5,29,5.6305
2099,5,30,0.13046
2099,5,31,0
2099,6,1,0
2099,6,2,0
2099,6,3,0
2099,6,4,0.09613
2099,6,5,0
2099,6,6,0
2099,6,7,0
2099,6,8,0
2099,6,9,0
2099,6,10,0.60425
2099,6,11,0
2099,6,12,0
2099,6,13,0.013733
2099,6,14,0.1236
2099,6,15,0
2099,6,16,0
2099,6,17,0
2099,6,18,0.09613
2099,6,19,0
2099,6,20,0
2099,6,21,0.013733
2099,6,22,0
2099,6,23,0
2099,6,24,0
2099,6,25,0
2099,6,26,0.089264
2099,6,27,0
2099,6,28,0
2099,6,29,0
2099,6,30,0
2099,7,1,0
2099,7,2,0
2099,7,3,0
2099,7,4,0.15106
2099,7,5,0
2099,7,6,0.28839
2099,7,7,0.013733
2099,7,8,0
2099,7,9,0
2099,7,10,0
2099,7,11,0
2099,7,12,0
2099,7,13,0
2099,7,14,0
2099,7,15,0
2099,7,16,0
2099,7,17,0.65918
2099,7,18,0
2099,7,19,0
2099,7,20,0
2099,7,21,0
2099,7,22,0
2099,7,23,0
2099,7,24,0
2099,7,25,0
2099,7,26,0.76904
2099,7,27,1.3184
2099,7,28,0.075531
2099,7,29,0.86517
2099,7,30,0
2099,7,31,0
2099,8,1,0.31586
2099,8,2,0.35706
2099,8,3,0
2099,8,4,0.76904
2099,8,5,0
2099,8,6,0
2099,8,7,0
2099,8,8,0
2099,8,9,0
2099,8,10,3.9551
2099,8,11,0
2099,8,12,0
2099,8,13,0
2099,8,14,0
2099,8,15,0
2099,8,16,0.027466
2099,8,17,0
2099,8,18,0
2099,8,19,1.6754
2099,8,20,0
2099,8,21,0
2099,8,22,0
2099,8,23,0
2099,8,24,0
2099,8,25,0
2099,8,26,0
2099,8,27,0.013733
2099,8,28,14.626
2099,8,29,19.659
2099,8,30,0
2099,8,31,0
2099,9,1,0
2099,9,2,0
2099,9,3,0
2099,9,4,0.20599
2099,9,5,0
2099,9,6,0
2099,9,7,0
2099,9,8,0
2099,9,9,0
2099,9,10,0
2099,9,11,0
2099,9,12,0
2099,9,13,0
2099,9,14,3.1998
2099,9,15,0
2099,9,16,0.09613
2099,9,17,0.0068665
2099,9,18,5.3146
2099,9,19,0.24719
2099,9,20,0
2099,9,21,0
2099,9,22,2.6917
2099,9,23,0
2099,9,24,0
2099,9,25,43.382
2099,9,26,1.078
2099,9,27,15.106
2099,9,28,0.21973
2099,9,29,0
2099,9,30,0
2099,10,1,0
2099,10,2,0
2099,10,3,0
2099,10,4,0.13733
2099,10,5,43.135
2099,10,6,0.082397
2099,10,7,0
2099,10,8,11.563
2099,10,9,7.7866
2099,10,10,0.57678
2099,10,11,0
2099,10,12,0
2099,10,13,0.13046
2099,10,14,0
2099,10,15,0
2099,10,16,0
2099,10,17,0.10986
2099,10,18,0
2099,10,19,0
2099,10,20,0
2099,10,21,0
2099,10,22,0.027466
2099,10,23,0.83771
2099,10,24,0
2099,10,25,0
2099,10,26,0.27466
2099,10,27,1.7166
2099,10,28,0.57678
2099,10,29,0
2099,10,30,0
2099,10,31,0.98877
2099,11,1,10.011
2099,11,2,7.8278
2099,11,3,0
2099,11,4,0
2099,11,5,0
2099,11,6,0
2099,11,7,0
2099,11,8,0
2099,11,9,0
2099,11,10,0
2099,11,11,0
2099,11,12,0
2099,11,13,0
2099,11,14,0.52185
2099,11,15,1.5106
2099,11,16,0.027466
2099,11,17,0
2099,11,18,0
2099,11,19,1.9501
2099,11,20,2.7191
2099,11,21,0.41199
2099,11,22,20.682
2099,11,23,22.302
2099,11,24,11.206
2099,11,25,0.082397
2099,11,26,1.6342
2099,11,27,0.78278
2099,11,28,15.724
2099,11,29,0
2099,11,30,0.57678
2099,12,1,1.9501
2099,12,2,0
2099,12,3,1.5518
2099,12,4,0.93384
2099,12,5,0.082397
2099,12,6,0
2099,12,7,0
2099,12,8,0.027466
2099,12,9,0.013733
2099,12,10,0
2099,12,11,0.041199
2099,12,12,0.013733
2099,12,13,0
2099,12,14,0
2099,12,15,0.72784
2099,12,16,0.013733
2099,12,17,1.1948
2099,12,18,0.054932
2099,12,19,3.1448
2099,12,20,0.041199
2099,12,21,0
2099,12,22,0
2099,12,23,0
2099,12,24,0.50812
2099,12,25,0
2099,12,26,0
2099,12,27,0.027466
2099,12,28,0.054932
2099,12,29,0
2099,12,30,0
2099,12,31,0
2100,1,1,0
2100,1,2,0
2100,1,3,0
2100,1,4,0
2100,1,5,0
2100,1,6,0
2100,1,7,0
2100,1,8,0.21973
2100,1,9,0.068665
2100,1,10,0
2100,1,11,0.74158
2100,1,12,1.3046
2100,1,13,0.041199
2100,1,14,1.1398
2100,1,15,0.26093
2100,1,16,0
2100,1,17,0.054932
2100,1,18,0.21973
2100,1,19,0.1236
2100,1,20,0.26093
2100,1,21,0.013733
2100,1,22,2.1698
2100,1,23,0.13733
2100,1,24,3.5843
2100,1,25,0
2100,1,26,4.2503
2100,1,27,0.49438
2100,1,28,1.0437
2100,1,29,0
2100,1,30,0
2100,1,31,0
2100,2,1,2.877
2100,2,2,0
2100,2,3,3.3028
2100,2,4,0.054932
2100,2,5,0.082397
2100,2,6,0
2100,2,7,0
2100,2,8,0
2100,2,9,2.6367
2100,2,10,0.59052
2100,2,11,0
2100,2,12,0.72784
2100,2,13,0.60425
2100,2,14,0.054932
2100,2,15,0.62485
2100,2,16,14.502
2100,2,17,0
2100,2,18,1.8333
2100,2,19,0.46692
2100,2,20,0.041199
2100,2,21,0.027466
2100,2,22,0
2100,2,23,0
2100,2,24,0
2100,2,25,0
2100,2,26,0
2100,2,27,0
2100,2,28,0
2100,3,1,0
2100,3,2,0
2100,3,3,0
2100,3,4,0.17853
2100,3,5,0.10986
2100,3,6,0.38452
2100,3,7,0.39825
2100,3,8,1.236
2100,3,9,3.3234
2100,3,10,17.784
2100,3,11,1.49
2100,3,12,0.13733
2100,3,13,1.8539
2100,3,14,0.054932
2100,3,15,0
2100,3,16,0.82397
2100,3,17,0.054932
2100,3,18,0
2100,3,19,0
2100,3,20,0
2100,3,21,0.0068665
2100,3,22,0.61798
2100,3,23,15.669
2100,3,24,0
2100,3,25,0
2100,3,26,0.1236
2100,3,27,9.5718
2100,3,28,0
2100,3,29,0.041199
2100,3,30,0.43945
2100,3,31,0.082397
2100,4,1,1.4008
2100,4,2,0
2100,4,3,0
2100,4,4,0
2100,4,5,0
2100,4,6,0
2100,4,7,0
2100,4,8,0
2100,4,9,0
2100,4,10,1.3321
2100,4,11,7.045
2100,4,12,0
2100,4,13,0
2100,4,14,0.061798
2100,4,15,0.15106
2100,4,16,0.24719
2100,4,17,0
2100,4,18,0
2100,4,19,0.52185
2100,4,20,1.4832
2100,4,21,0.31586
2100,4,22,8.3359
2100,4,23,0.041199
2100,4,24,0.23346
2100,4,25,0.83771
2100,4,26,0
2100,4,27,0.013733
2100,4,28,0
2100,4,29,3.9825
2100,4,30,2.6093
2100,5,1,0
2100,5,2,0
2100,5,3,0
2100,5,4,24.156
2100,5,5,10.341
2100,5,6,0.054932
2100,5,7,0.10986
2100,5,8,0
2100,5,9,0.34332
2100,5,10,0.082397
2100,5,11,0
2100,5,12,0.041199
2100,5,13,0.061798
2100,5,14,0.37766
2100,5,15,2.0737
2100,5,16,0
2100,5,17,2.1011
2100,5,18,0
2100,5,19,0
2100,5,20,0.09613
2100,5,21,0
2100,5,22,0
2100,5,23,0
2100,5,24,0
2100,5,25,0
2100,5,26,0
2100,5,27,0.61798
2100,5,28,1.0574
2100,5,29,0
2100,5,30,0
2100,5,31,0
2100,6,1,0
2100,6,2,0
2100,6,3,0
2100,6,4,0
2100,6,5,0
2100,6,6,0
2100,6,7,0.65918
2100,6,8,0
2100,6,9,0
2100,6,10,0
2100,6,11,0
2100,6,12,0
2100,6,13,0
2100,6,14,0.20599
2100,6,15,0
2100,6,16,0
2100,6,17,0
2100,6,18,0
2100,6,19,0
2100,6,20,0
2100,6,21,0
2100,6,22,0
2100,6,23,0
2100,6,24,0
2100,6,25,0
2100,6,26,0
2100,6,27,0
2100,6,28,0
2100,6,29,0
2100,6,30,1.6205
2100,7,1,0
2100,7,2,0
2100,7,3,0
2100,7,4,0
2100,7,5,0
2100,7,6,0
2100,7,7,0
2100,7,8,0
2100,7,9,0
2100,7,10,0
2100,7,11,0
2100,7,12,0.027466
2100,7,13,6.1111
2100,7,14,0
2100,7,15,0
2100,7,16,0
2100,7,17,0
2100,7,18,0
2100,7,19,0.013733
2100,7,20,0
2100,7,21,0
2100,7,22,2.0187
2100,7,23,0.068665
2100,7,24,0.19913
2100,7,25,0
2100,7,26,0
2100,7,27,0
2100,7,28,0
2100,7,29,0
2100,7,30,0
2100,7,31,0
2100,8,1,0
2100,8,2,0
2100,8,3,0
2100,8,4,0
2100,8,5,0.013733
2100,8,6,0
2100,8,7,0.40512
2100,8,8,0.1236
2100,8,9,0
2100,8,10,0
2100,8,11,0
2100,8,12,0
2100,8,13,0
2100,8,14,0.013733
2100,8,15,0
2100,8,16,0
2100,8,17,0
2100,8,18,0
2100,8,19,0
2100,8,20,0.013733
2100,8,21,0
2100,8,22,0
2100,8,23,0
2100,8,24,0.068665
2100,8,25,0
2100,8,26,0
2100,8,27,0
2100,8,28,0.075531
2100,8,29,0.83084
2100,8,30,6.9214
2100,8,31,0
2100,9,1,0
2100,9,2,0
2100,9,3,0
2100,9,4,0
2100,9,5,0
2100,9,6,0.42572
2100,9,7,0
2100,9,8,0
2100,9,9,0
2100,9,10,0
2100,9,11,0
2100,9,12,0
2100,9,13,0
2100,9,14,0.013733
2100,9,15,0.054932
2100,9,16,0
2100,9,17,0
2100,9,18,0
2100,9,19,4.0649
2100,9,20,0
2100,9,21,0
2100,9,22,0
2100,9,23,0
2100,9,24,0
2100,9,25,0
2100,9,26,0
2100,9,27,0
2100,9,28,0
2100,9,29,0
2100,9,30,0
2100,10,1,0.061798
2100,10,2,0.013733
2100,10,3,2.8564
2100,10,4,0
2100,10,5,0
2100,10,6,0
2100,10,7,0
2100,10,8,0
2100,10,9,0
2100,10,10,0
2100,10,11,0
2100,10,12,0
2100,10,13,0
2100,10,14,0
2100,10,15,0
2100,10,16,0
2100,10,17,0
2100,10,18,0.027466
2100,10,19,0.068665
2100,10,20,22.467
2100,10,21,2.2797
2100,10,22,0.85144
2100,10,23,0
2100,10,24,0
2100,10,25,0
2100,10,26,0
2100,10,27,0
2100,10,28,0
2100,10,29,0.082397
2100,10,30,0.57678
2100,10,31,0.17853
2100,11,1,1.5518
2100,11,2,8.1299
2100,11,3,0
2100,11,4,0
2100,11,5,0
2100,11,6,0
2100,11,7,0
2100,11,8,0
2100,11,9,0
2100,11,10,1.0712
2100,11,11,7.1136
2100,11,12,0
2100,11,13,0
2100,11,14,0.041199
2100,11,15,3.1036
2100,11,16,0.11673
2100,11,17,0
2100,11,18,0
2100,11,19,0
2100,11,20,0.32959
2100,11,21,1.3321
2100,11,22,14.008
2100,11,23,3.1723
2100,11,24,5.3284
2100,11,25,18.251
2100,11,26,16.96
2100,11,27,21.19
2100,11,28,1.181
2100,11,29,0
2100,11,30,0
2100,12,1,0
2100,12,2,0
2100,12,3,0
2100,12,4,0
2100,12,5,0
2100,12,6,0
2100,12,7,0
2100,12,8,0
2100,12,9,0.19226
2100,12,10,3.9825
2100,12,11,5.1498
2100,12,12,0.81024
2100,12,13,7.4707
2100,12,14,11.852
2100,12,15,9.4208
2100,12,16,2.9663
2100,12,17,23.099
2100,12,18,1.5106
2100,12,19,0.013733
2100,12,20,0.43945
2100,12,21,11.591
2100,12,22,31.558
2100,12,23,14.117
2100,12,24,34.085
2100,12,25,0
2100,12,26,0.17853
2100,12,27,1.8402
2100,12,28,3.653
2100,12,29,11.755
2100,12,30,0.30212
2100,12,31,0
