2006,1,1,5.6118
2006,1,2,1.3343
2006,1,3,0.91287
2006,1,4,-0.056453
2006,1,5,-1.7098
2006,1,6,2.2192
2006,1,7,2.2953
2006,1,8,3.8171
2006,1,9,6.8207
2006,1,10,2.5387
2006,1,11,6.0433
2006,1,12,2.6538
2006,1,13,3.6995
2006,1,14,0.55542
2006,1,15,-0.40669
2006,1,16,-0.047217
2006,1,17,-1.1056
2006,1,18,-0.2347
2006,1,19,6.0818
2006,1,20,1.6425
2006,1,21,1.7742
2006,1,22,0.27238
2006,1,23,-0.49949
2006,1,24,-1.7278
2006,1,25,-1.5608
2006,1,26,1.1209
2006,1,27,0.69932
2006,1,28,5.9332
2006,1,29,2.4125
2006,1,30,2.4129
2006,1,31,4.6324
2006,2,1,2.0811
2006,2,2,1.0932
2006,2,3,2.5526
2006,2,4,3.6311
2006,2,5,0.62077
2006,2,6,5.1283
2006,2,7,3.7889
2006,2,8,0.23341
2006,2,9,4.2863
2006,2,10,5.7026
2006,2,11,1.3689
2006,2,12,4.4525
2006,2,13,7.7811
2006,2,14,5.8863
2006,2,15,4.7794
2006,2,16,1.9015
2006,2,17,1.5761
2006,2,18,3.261
2006,2,19,1.2866
2006,2,20,1.3662
2006,2,21,4.415
2006,2,22,8.2013
2006,2,23,9.3222
2006,2,24,5.8971
2006,2,25,5.2592
2006,2,26,6.7971
2006,2,27,5.4575
2006,2,28,4.0114
2006,3,1,1.6236
2006,3,2,5.3506
2006,3,3,6.6719
2006,3,4,4.8502
2006,3,5,3.7338
2006,3,6,3.8293
2006,3,7,6.3734
2006,3,8,3.1716
2006,3,9,6.187
2006,3,10,7.8346
2006,3,11,5.6002
2006,3,12,5.0734
2006,3,13,3.7755
2006,3,14,1.8444
2006,3,15,5.2071
2006,3,16,2.4867
2006,3,17,5.7958
2006,3,18,7.0512
2006,3,19,5.2519
2006,3,20,3.8784
2006,3,21,6.9135
2006,3,22,6.5945
2006,3,23,6.1657
2006,3,24,5.6693
2006,3,25,3.1356
2006,3,26,6.3895
2006,3,27,4.1218
2006,3,28,1.8193
2006,3,29,2.7508
2006,3,30,6.7452
2006,3,31,4.0637
2006,4,1,3.8404
2006,4,2,2.5864
2006,4,3,7.5149
2006,4,4,5.5857
2006,4,5,7.9197
2006,4,6,5.5812
2006,4,7,2.7824
2006,4,8,2.9075
2006,4,9,6.5984
2006,4,10,6.9487
2006,4,11,6.5895
2006,4,12,6.8733
2006,4,13,6.255
2006,4,14,5.348
2006,4,15,10.857
2006,4,16,10.869
2006,4,17,10.972
2006,4,18,11.346
2006,4,19,12.521
2006,4,20,10.874
2006,4,21,10.02
2006,4,22,8.076
2006,4,23,5.6658
2006,4,24,10.879
2006,4,25,8.1947
2006,4,26,6.5931
2006,4,27,6.4088
2006,4,28,8.5368
2006,4,29,6.2352
2006,4,30,4.2884
2006,5,1,6.9048
2006,5,2,6.328
2006,5,3,10.265
2006,5,4,10.523
2006,5,5,11.391
2006,5,6,11.774
2006,5,7,6.6622
2006,5,8,4.5083
2006,5,9,5.0628
2006,5,10,6.003
2006,5,11,6.0339
2006,5,12,4.614
2006,5,13,5.6102
2006,5,14,5.0231
2006,5,15,10.329
2006,5,16,9.6923
2006,5,17,8.4865
2006,5,18,11.239
2006,5,19,10.58
2006,5,20,10.453
2006,5,21,10.698
2006,5,22,11.765
2006,5,23,11.535
2006,5,24,13.293
2006,5,25,10.032
2006,5,26,7.1537
2006,5,27,8.809
2006,5,28,10.228
2006,5,29,8.7359
2006,5,30,11.518
2006,5,31,13.046
2006,6,1,14.797
2006,6,2,13.859
2006,6,3,14.571
2006,6,4,12.488
2006,6,5,12.038
2006,6,6,13.43
2006,6,7,13.313
2006,6,8,12.753
2006,6,9,12.805
2006,6,10,12.761
2006,6,11,14.686
2006,6,12,15.927
2006,6,13,14.731
2006,6,14,12.398
2006,6,15,14.28
2006,6,16,13.578
2006,6,17,11.746
2006,6,18,12.284
2006,6,19,14.523
2006,6,20,14.047
2006,6,21,14.303
2006,6,22,16.355
2006,6,23,14.187
2006,6,24,13.095
2006,6,25,14.788
2006,6,26,16.26
2006,6,27,16.435
2006,6,28,14.981
2006,6,29,18.009
2006,6,30,15.074
2006,7,1,14.784
2006,7,2,17.266
2006,7,3,16.941
2006,7,4,14.611
2006,7,5,13.862
2006,7,6,13.832
2006,7,7,16.413
2006,7,8,14.259
2006,7,9,13.337
2006,7,10,11.207
2006,7,11,12.119
2006,7,12,11.646
2006,7,13,12.544
2006,7,14,14.175
2006,7,15,15.862
2006,7,16,14.805
2006,7,17,16.864
2006,7,18,19.012
2006,7,19,16.205
2006,7,20,18.586
2006,7,21,17.747
2006,7,22,17.506
2006,7,23,19.849
2006,7,24,17.418
2006,7,25,16.896
2006,7,26,16.522
2006,7,27,13.957
2006,7,28,13.435
2006,7,29,14.929
2006,7,30,18.674
2006,7,31,15.859
2006,8,1,18.538
2006,8,2,15.866
2006,8,3,13.455
2006,8,4,14.344
2006,8,5,15.296
2006,8,6,13.404
2006,8,7,10.547
2006,8,8,15.52
2006,8,9,15.077
2006,8,10,17.684
2006,8,11,17.433
2006,8,12,17.135
2006,8,13,20.813
2006,8,14,17.155
2006,8,15,16.83
2006,8,16,15.58
2006,8,17,16.274
2006,8,18,15.243
2006,8,19,18.004
2006,8,20,17.237
2006,8,21,13.088
2006,8,22,15.387
2006,8,23,14.227
2006,8,24,14.765
2006,8,25,15.002
2006,8,26,15.459
2006,8,27,16.26
2006,8,28,14.942
2006,8,29,13.792
2006,8,30,15.051
2006,8,31,14.124
2006,9,1,13.918
2006,9,2,12.744
2006,9,3,14.748
2006,9,4,17.798
2006,9,5,16.188
2006,9,6,14.823
2006,9,7,14.72
2006,9,8,14.097
2006,9,9,15.795
2006,9,10,13.021
2006,9,11,14.01
2006,9,12,13.078
2006,9,13,14.375
2006,9,14,13.647
2006,9,15,18.817
2006,9,16,18.729
2006,9,17,16.288
2006,9,18,14.506
2006,9,19,11.082
2006,9,20,11.602
2006,9,21,11.547
2006,9,22,9.3972
2006,9,23,11.844
2006,9,24,10.22
2006,9,25,9.5332
2006,9,26,8.3656
2006,9,27,9.5107
2006,9,28,7.3414
2006,9,29,8.3092
2006,9,30,12.832
2006,10,1,10.56
2006,10,2,9.0748
2006,10,3,8.8187
2006,10,4,9.0231
2006,10,5,13.002
2006,10,6,10.493
2006,10,7,9.5313
2006,10,8,9.503
2006,10,9,6.7832
2006,10,10,7.4577
2006,10,11,6.6043
2006,10,12,10.107
2006,10,13,9.5144
2006,10,14,7.1732
2006,10,15,6.8273
2006,10,16,9.426
2006,10,17,13.661
2006,10,18,10.861
2006,10,19,9.0234
2006,10,20,8.8887
2006,10,21,7.1307
2006,10,22,7.5123
2006,10,23,5.9471
2006,10,24,8.8443
2006,10,25,9.8238
2006,10,26,7.2466
2006,10,27,5.8734
2006,10,28,8.1335
2006,10,29,4.953
2006,10,30,3.1532
2006,10,31,5.698
2006,11,1,8.5242
2006,11,2,7.8375
2006,11,3,7.8956
2006,11,4,8.119
2006,11,5,7.5927
2006,11,6,6.5873
2006,11,7,5.0993
2006,11,8,2.0622
2006,11,9,1.8547
2006,11,10,0.79784
2006,11,11,0.23165
2006,11,12,1.0996
2006,11,13,7.4632
2006,11,14,8.3412
2006,11,15,10.167
2006,11,16,10.691
2006,11,17,4.3311
2006,11,18,2.9558
2006,11,19,1.7546
2006,11,20,2.9201
2006,11,21,3.2344
2006,11,22,3.8309
2006,11,23,3.2531
2006,11,24,1.173
2006,11,25,-0.021033
2006,11,26,5.9176
2006,11,27,5.9151
2006,11,28,5.3663
2006,11,29,6.0335
2006,11,30,5.2639
2006,12,1,5.1057
2006,12,2,6.0039
2006,12,3,9.2128
2006,12,4,9.3087
2006,12,5,4.8886
2006,12,6,3.6828
2006,12,7,1.3839
2006,12,8,1.1815
2006,12,9,1.4064
2006,12,10,1.4337
2006,12,11,-0.48789
2006,12,12,-0.59916
2006,12,13,-0.20553
2006,12,14,0.54851
2006,12,15,-0.088436
2006,12,16,-1.8238
2006,12,17,-2.2329
2006,12,18,-1.6134
2006,12,19,0.48458
2006,12,20,-0.66601
2006,12,21,-1.5482
2006,12,22,-1.2836
2006,12,23,1.277
2006,12,24,0.52755
2006,12,25,2.6244
2006,12,26,1.7865
2006,12,27,0.59044
2006,12,28,1.8616
2006,12,29,0.46088
2006,12,30,-0.84865
2006,12,31,0.48383
2007,1,1,0.46246
2007,1,2,-1.0544
2007,1,3,-1.4599
2007,1,4,-1.2209
2007,1,5,0.2086
2007,1,6,0.49275
2007,1,7,-0.81793
2007,1,8,-2.5309
2007,1,9,-6.8612
2007,1,10,-7.4132
2007,1,11,-6.6968
2007,1,12,-8.3209
2007,1,13,-3.1107
2007,1,14,-4.365
2007,1,15,-6.1667
2007,1,16,-7.1252
2007,1,17,-0.50522
2007,1,18,-1.9945
2007,1,19,-1.5113
2007,1,20,-1.5673
2007,1,21,-1.5566
2007,1,22,0.34573
2007,1,23,-0.67661
2007,1,24,0.34015
2007,1,25,3.2467
2007,1,26,2.7385
2007,1,27,3.4099
2007,1,28,4.4994
2007,1,29,4.5261
2007,1,30,8.9772
2007,1,31,6.2058
2007,2,1,6.4071
2007,2,2,9.9047
2007,2,3,4.1291
2007,2,4,-0.09459
2007,2,5,-1.68
2007,2,6,0.95437
2007,2,7,1.5344
2007,2,8,0.4302
2007,2,9,-0.14325
2007,2,10,4.1249
2007,2,11,9.271
2007,2,12,6.8119
2007,2,13,6.5389
2007,2,14,2.7024
2007,2,15,1.1734
2007,2,16,0.65555
2007,2,17,-0.05446
2007,2,18,4.9311
2007,2,19,4.7715
2007,2,20,5.3575
2007,2,21,3.1802
2007,2,22,1.4669
2007,2,23,1.9703
2007,2,24,0.3837
2007,2,25,0.12952
2007,2,26,0.1243
2007,2,27,2.1197
2007,2,28,2.9923
2007,3,1,0.63166
2007,3,2,3.1662
2007,3,3,2.1331
2007,3,4,0.8969
2007,3,5,0.96733
2007,3,6,1.1418
2007,3,7,1.0073
2007,3,8,1.6129
2007,3,9,1.1762
2007,3,10,0.92149
2007,3,11,1.3124
2007,3,12,3.8261
2007,3,13,1.4993
2007,3,14,2.0131
2007,3,15,1.678
2007,3,16,1.1028
2007,3,17,1.0376
2007,3,18,3.8773
2007,3,19,5.6886
2007,3,20,2.6486
2007,3,21,2.7085
2007,3,22,6.7403
2007,3,23,5.3284
2007,3,24,6.3562
2007,3,25,3.3725
2007,3,26,2.1517
2007,3,27,4.1678
2007,3,28,2.8093
2007,3,29,5.5833
2007,3,30,4.6222
2007,3,31,5.8692
2007,4,1,5.4949
2007,4,2,4.7696
2007,4,3,2.0684
2007,4,4,0.99182
2007,4,5,0.2155
2007,4,6,3.063
2007,4,7,4.104
2007,4,8,4.8099
2007,4,9,3.6474
2007,4,10,5.2567
2007,4,11,6.8606
2007,4,12,4.3789
2007,4,13,9.2441
2007,4,14,8.3178
2007,4,15,7.9365
2007,4,16,6.0392
2007,4,17,5.3216
2007,4,18,8.5618
2007,4,19,7.9595
2007,4,20,10.519
2007,4,21,10.44
2007,4,22,9.3461
2007,4,23,8.085
2007,4,24,10.588
2007,4,25,9.1753
2007,4,26,7.4141
2007,4,27,7.472
2007,4,28,5.4886
2007,4,29,6.7128
2007,4,30,6.2268
2007,5,1,7.4648
2007,5,2,7.0043
2007,5,3,6.8239
2007,5,4,12.121
2007,5,5,11.229
2007,5,6,11.892
2007,5,7,8.6013
2007,5,8,8.8818
2007,5,9,9.2892
2007,5,10,9.3163
2007,5,11,9.1333
2007,5,12,10.532
2007,5,13,10.917
2007,5,14,11.849
2007,5,15,11.256
2007,5,16,10.944
2007,5,17,11.074
2007,5,18,11.292
2007,5,19,10.051
2007,5,20,10.959
2007,5,21,13.64
2007,5,22,11.322
2007,5,23,10.438
2007,5,24,11.429
2007,5,25,12.127
2007,5,26,9.9647
2007,5,27,12.173
2007,5,28,12.282
2007,5,29,12.294
2007,5,30,13.726
2007,5,31,14.09
2007,6,1,14.883
2007,6,2,13.412
2007,6,3,12.575
2007,6,4,12.496
2007,6,5,11.151
2007,6,6,11.074
2007,6,7,14.05
2007,6,8,16.414
2007,6,9,15.467
2007,6,10,14.6
2007,6,11,13.116
2007,6,12,10.488
2007,6,13,10.162
2007,6,14,12.052
2007,6,15,10.771
2007,6,16,11.668
2007,6,17,12.039
2007,6,18,13.161
2007,6,19,14.987
2007,6,20,15.607
2007,6,21,13.827
2007,6,22,15.915
2007,6,23,13.263
2007,6,24,17.194
2007,6,25,18.484
2007,6,26,19.289
2007,6,27,18.345
2007,6,28,18.405
2007,6,29,16.658
2007,6,30,18.189
2007,7,1,18.722
2007,7,2,17.042
2007,7,3,17.259
2007,7,4,16.7
2007,7,5,15.152
2007,7,6,12.802
2007,7,7,14.297
2007,7,8,15.397
2007,7,9,16.836
2007,7,10,14.741
2007,7,11,12.838
2007,7,12,16.447
2007,7,13,15.918
2007,7,14,15.936
2007,7,15,18.511
2007,7,16,18.129
2007,7,17,15.97
2007,7,18,12.591
2007,7,19,15.995
2007,7,20,17.721
2007,7,21,16.086
2007,7,22,20.045
2007,7,23,19.569
2007,7,24,19.061
2007,7,25,16.754
2007,7,26,19.277
2007,7,27,15.608
2007,7,28,13.844
2007,7,29,13.982
2007,7,30,14.934
2007,7,31,13.924
2007,8,1,15.815
2007,8,2,16.718
2007,8,3,15.112
2007,8,4,17.435
2007,8,5,18.38
2007,8,6,17.485
2007,8,7,15.702
2007,8,8,16.152
2007,8,9,18.584
2007,8,10,19.863
2007,8,11,18.156
2007,8,12,20.048
2007,8,13,17.025
2007,8,14,21.496
2007,8,15,18.286
2007,8,16,16.556
2007,8,17,17.564
2007,8,18,18.115
2007,8,19,16.819
2007,8,20,16.275
2007,8,21,17.004
2007,8,22,17.171
2007,8,23,18.134
2007,8,24,18.034
2007,8,25,17.212
2007,8,26,17.583
2007,8,27,16.961
2007,8,28,18.771
2007,8,29,19.516
2007,8,30,19.413
2007,8,31,15.499
2007,9,1,12.167
2007,9,2,14.32
2007,9,3,17.251
2007,9,4,14.841
2007,9,5,12.503
2007,9,6,16.016
2007,9,7,17.496
2007,9,8,15.969
2007,9,9,15.496
2007,9,10,16.247
2007,9,11,17.755
2007,9,12,16.044
2007,9,13,15.649
2007,9,14,13.777
2007,9,15,16.236
2007,9,16,16.007
2007,9,17,17.944
2007,9,18,13.126
2007,9,19,10.715
2007,9,20,10.879
2007,9,21,9.559
2007,9,22,13.029
2007,9,23,12.688
2007,9,24,13.041
2007,9,25,16.164
2007,9,26,16.873
2007,9,27,17.237
2007,9,28,17.573
2007,9,29,16.864
2007,9,30,14.67
2007,10,1,13.854
2007,10,2,12.941
2007,10,3,16.176
2007,10,4,11.741
2007,10,5,11.598
2007,10,6,9.5869
2007,10,7,9.7756
2007,10,8,10.624
2007,10,9,11.443
2007,10,10,12.184
2007,10,11,9.9887
2007,10,12,13.374
2007,10,13,11.913
2007,10,14,10.73
2007,10,15,9.0935
2007,10,16,7.649
2007,10,17,13.009
2007,10,18,7.1595
2007,10,19,4.3899
2007,10,20,9.5421
2007,10,21,8.9191
2007,10,22,11.395
2007,10,23,5.9641
2007,10,24,5.1847
2007,10,25,7.5611
2007,10,26,4.861
2007,10,27,4.2495
2007,10,28,4.1482
2007,10,29,3.7237
2007,10,30,4.5401
2007,10,31,7.6556
2007,11,1,7.665
2007,11,2,12.415
2007,11,3,9.1435
2007,11,4,6.7495
2007,11,5,6.6309
2007,11,6,5.6795
2007,11,7,4.1273
2007,11,8,5.0735
2007,11,9,8.8818
2007,11,10,9.0408
2007,11,11,9.7567
2007,11,12,5.7223
2007,11,13,1.4518
2007,11,14,1.0897
2007,11,15,0.66881
2007,11,16,6.8749
2007,11,17,0.52137
2007,11,18,0.13922
2007,11,19,5.722
2007,11,20,9.5838
2007,11,21,7.2714
2007,11,22,7.7152
2007,11,23,13.075
2007,11,24,2.3416
2007,11,25,0.96804
2007,11,26,0.91376
2007,11,27,2.6159
2007,11,28,4.5898
2007,11,29,0.40641
2007,11,30,0.10263
2007,12,1,0.071863
2007,12,2,1.2491
2007,12,3,1.6074
2007,12,4,13.003
2007,12,5,9.0753
2007,12,6,5.9938
2007,12,7,2.5156
2007,12,8,0.37254
2007,12,9,0.07817
2007,12,10,8.4497
2007,12,11,6.86
2007,12,12,3.957
2007,12,13,2.4584
2007,12,14,4.4459
2007,12,15,4.2137
2007,12,16,3.0079
2007,12,17,5.099
2007,12,18,5.269
2007,12,19,2.4831
2007,12,20,2.0424
2007,12,21,3.3372
2007,12,22,1.2679
2007,12,23,-0.8782
2007,12,24,-0.90888
2007,12,25,-1.6212
2007,12,26,0.54489
2007,12,27,7.0512
2007,12,28,5.3273
2007,12,29,5.6998
2007,12,30,2.0994
2007,12,31,0.74606
2008,1,1,7.4608
2008,1,2,7.2489
2008,1,3,5.9765
2008,1,4,1.0557
2008,1,5,-0.12868
2008,1,6,1.8294
2008,1,7,1.6172
2008,1,8,7.0638
2008,1,9,5.8299
2008,1,10,2.1077
2008,1,11,3.3719
2008,1,12,0.91496
2008,1,13,0.57125
2008,1,14,1.0884
2008,1,15,0.097701
2008,1,16,-0.47899
2008,1,17,-0.35526
2008,1,18,-1.7045
2008,1,19,-1.8725
2008,1,20,-0.96631
2008,1,21,2.7253
2008,1,22,6.7816
2008,1,23,9.748
2008,1,24,9.4836
2008,1,25,6.5182
2008,1,26,4.2267
2008,1,27,4.6559
2008,1,28,1.2
2008,1,29,-0.1148
2008,1,30,0.097121
2008,1,31,-0.73268
2008,2,1,1.0992
2008,2,2,2.0176
2008,2,3,0.93329
2008,2,4,2.5838
2008,2,5,2.4431
2008,2,6,6.403
2008,2,7,2.8991
2008,2,8,1.5476
2008,2,9,6.4143
2008,2,10,9.37
2008,2,11,9.9623
2008,2,12,2.3628
2008,2,13,1.3119
2008,2,14,1.4217
2008,2,15,1.1993
2008,2,16,7.0755
2008,2,17,7.1158
2008,2,18,5.9885
2008,2,19,3.1037
2008,2,20,4.3901
2008,2,21,6.818
2008,2,22,4.0051
2008,2,23,0.76798
2008,2,24,3.7323
2008,2,25,3.6174
2008,2,26,2.8079
2008,2,27,2.8036
2008,2,28,6.7031
2008,2,29,4.0632
2008,3,1,2.5962
2008,3,2,3.7494
2008,3,3,1.501
2008,3,4,2.2986
2008,3,5,5.8094
2008,3,6,4.9807
2008,3,7,3.9566
2008,3,8,1.9049
2008,3,9,1.9047
2008,3,10,4.3864
2008,3,11,1.8698
2008,3,12,0.71839
2008,3,13,-0.24071
2008,3,14,0.74992
2008,3,15,0.23383
2008,3,16,0.44196
2008,3,17,6.9875
2008,3,18,6.3843
2008,3,19,3.6561
2008,3,20,1.7637
2008,3,21,5.6211
2008,3,22,4.5754
2008,3,23,4.3043
2008,3,24,10.142
2008,3,25,9.424
2008,3,26,5.2426
2008,3,27,5.2545
2008,3,28,4.4252
2008,3,29,6.4669
2008,3,30,4.0312
2008,3,31,2.4377
2008,4,1,2.3637
2008,4,2,1.8579
2008,4,3,3.6252
2008,4,4,2.9378
2008,4,5,1.8183
2008,4,6,6.1435
2008,4,7,4.9864
2008,4,8,4.8479
2008,4,9,6.5292
2008,4,10,6.0368
2008,4,11,3.6627
2008,4,12,5.1193
2008,4,13,5.7414
2008,4,14,6.3724
2008,4,15,5.9286
2008,4,16,5.1859
2008,4,17,7.7629
2008,4,18,6.9823
2008,4,19,5.2192
2008,4,20,11.936
2008,4,21,7.372
2008,4,22,4.5231
2008,4,23,2.9977
2008,4,24,4.362
2008,4,25,9.5377
2008,4,26,9.0546
2008,4,27,8.6153
2008,4,28,9.0185
2008,4,29,10.912
2008,4,30,8.9878
2008,5,1,5.8415
2008,5,2,9.1797
2008,5,3,6.4848
2008,5,4,6.4923
2008,5,5,9.3822
2008,5,6,9.427
2008,5,7,9.3195
2008,5,8,9.1477
2008,5,9,8.7727
2008,5,10,8.1572
2008,5,11,9.9057
2008,5,12,7.9737
2008,5,13,9.1033
2008,5,14,11.979
2008,5,15,12.693
2008,5,16,12.459
2008,5,17,13.802
2008,5,18,14.163
2008,5,19,13.04
2008,5,20,10.974
2008,5,21,10.769
2008,5,22,12.584
2008,5,23,12.132
2008,5,24,11.655
2008,5,25,12.842
2008,5,26,13.843
2008,5,27,11.892
2008,5,28,12.109
2008,5,29,13.568
2008,5,30,13.133
2008,5,31,12.872
2008,6,1,14.853
2008,6,2,14.818
2008,6,3,13.099
2008,6,4,11.924
2008,6,5,10.053
2008,6,6,12.781
2008,6,7,12.09
2008,6,8,15.454
2008,6,9,13.48
2008,6,10,12.262
2008,6,11,10.986
2008,6,12,9.4036
2008,6,13,9.1859
2008,6,14,14.445
2008,6,15,13.011
2008,6,16,12.374
2008,6,17,12.865
2008,6,18,14.817
2008,6,19,16.179
2008,6,20,16.993
2008,6,21,16.951
2008,6,22,17.837
2008,6,23,17.146
2008,6,24,16.574
2008,6,25,15.038
2008,6,26,12.351
2008,6,27,11.639
2008,6,28,13.874
2008,6,29,11.864
2008,6,30,14.515
2008,7,1,12.094
2008,7,2,13.196
2008,7,3,12.875
2008,7,4,14.519
2008,7,5,12.709
2008,7,6,11.612
2008,7,7,14.341
2008,7,8,16.222
2008,7,9,14.254
2008,7,10,16.783
2008,7,11,13.824
2008,7,12,16.278
2008,7,13,16.297
2008,7,14,14.782
2008,7,15,12.373
2008,7,16,14.736
2008,7,17,14.363
2008,7,18,13.075
2008,7,19,15.77
2008,7,20,14.721
2008,7,21,13.982
2008,7,22,14.297
2008,7,23,13.054
2008,7,24,14.092
2008,7,25,18.021
2008,7,26,17.307
2008,7,27,15.447
2008,7,28,17.967
2008,7,29,16.598
2008,7,30,18.326
2008,7,31,16.845
2008,8,1,16.218
2008,8,2,17.406
2008,8,3,17.602
2008,8,4,17.655
2008,8,5,15.531
2008,8,6,12.081
2008,8,7,15.275
2008,8,8,18.442
2008,8,9,18.386
2008,8,10,18.216
2008,8,11,15.587
2008,8,12,18.325
2008,8,13,16.914
2008,8,14,18.791
2008,8,15,18.22
2008,8,16,16.699
2008,8,17,17.313
2008,8,18,18.419
2008,8,19,17.727
2008,8,20,17.196
2008,8,21,17.837
2008,8,22,17.651
2008,8,23,16.714
2008,8,24,18.18
2008,8,25,16.138
2008,8,26,15.088
2008,8,27,13.614
2008,8,28,18.532
2008,8,29,18.443
2008,8,30,20.985
2008,8,31,19.758
2008,9,1,18.601
2008,9,2,18.578
2008,9,3,19.805
2008,9,4,18.822
2008,9,5,19.333
2008,9,6,19.235
2008,9,7,17.951
2008,9,8,17.261
2008,9,9,14.523
2008,9,10,13.095
2008,9,11,13.008
2008,9,12,14.642
2008,9,13,15.277
2008,9,14,17.618
2008,9,15,15.902
2008,9,16,14.016
2008,9,17,12.753
2008,9,18,14.542
2008,9,19,14.888
2008,9,20,14.061
2008,9,21,13.449
2008,9,22,16.247
2008,9,23,13.421
2008,9,24,11.324
2008,9,25,9.7916
2008,9,26,12.707
2008,9,27,12.806
2008,9,28,13.787
2008,9,29,18.699
2008,9,30,15.042
2008,10,1,11.073
2008,10,2,10.211
2008,10,3,13.162
2008,10,4,15.05
2008,10,5,15.43
2008,10,6,13.663
2008,10,7,13.498
2008,10,8,13.323
2008,10,9,16.248
2008,10,10,11.116
2008,10,11,6.3544
2008,10,12,4.2545
2008,10,13,3.0698
2008,10,14,2.1547
2008,10,15,7.4583
2008,10,16,6.9288
2008,10,17,6.9015
2008,10,18,8.3043
2008,10,19,7.9255
2008,10,20,7.2204
2008,10,21,10.277
2008,10,22,11.088
2008,10,23,8.7416
2008,10,24,7.9101
2008,10,25,8.0091
2008,10,26,6.8777
2008,10,27,8.1074
2008,10,28,11.347
2008,10,29,10.21
2008,10,30,7.5204
2008,10,31,7.6015
2008,11,1,12.817
2008,11,2,7.9264
2008,11,3,5.6378
2008,11,4,3.3268
2008,11,5,3.2326
2008,11,6,0.87158
2008,11,7,-0.20679
2008,11,8,-0.52476
2008,11,9,-0.26869
2008,11,10,1.8864
2008,11,11,2.073
2008,11,12,0.071039
2008,11,13,1.3786
2008,11,14,-0.24442
2008,11,15,8.6001
2008,11,16,9.7121
2008,11,17,8.7153
2008,11,18,8.6655
2008,11,19,8.2367
2008,11,20,7.0475
2008,11,21,5.4724
2008,11,22,6.7907
2008,11,23,1.7831
2008,11,24,0.98407
2008,11,25,-0.66115
2008,11,26,0.74725
2008,11,27,-0.52789
2008,11,28,1.1941
2008,11,29,3.0421
2008,11,30,4.0157
2008,12,1,3.9776
2008,12,2,1.9871
2008,12,3,2.401
2008,12,4,3.8618
2008,12,5,2.6628
2008,12,6,4.6877
2008,12,7,0.8761
2008,12,8,4.0649
2008,12,9,3.0698
2008,12,10,2.9035
2008,12,11,8.0733
2008,12,12,5.3182
2008,12,13,6.1487
2008,12,14,5.13
2008,12,15,3.2137
2008,12,16,1.3207
2008,12,17,1.8668
2008,12,18,1.4427
2008,12,19,2.5617
2008,12,20,7.297
2008,12,21,6.734
2008,12,22,8.0068
2008,12,23,7.111
2008,12,24,4.9868
2008,12,25,6.5781
2008,12,26,4.204
2008,12,27,1.4332
2008,12,28,1.3341
2008,12,29,2.5807
2008,12,30,3.8551
2008,12,31,3.7244
2009,1,1,2.4206
2009,1,2,2.8144
2009,1,3,2.9813
2009,1,4,1.7843
2009,1,5,3.1409
2009,1,6,0.9885
2009,1,7,-0.16769
2009,1,8,9.4076
2009,1,9,4.0185
2009,1,10,2.9804
2009,1,11,1.9467
2009,1,12,4.1259
2009,1,13,3.4176
2009,1,14,2.7884
2009,1,15,1.2597
2009,1,16,2.7126
2009,1,17,1.2619
2009,1,18,-0.75683
2009,1,19,-1.4286
2009,1,20,-0.51833
2009,1,21,0.65005
2009,1,22,1.4364
2009,1,23,0.10264
2009,1,24,1.1206
2009,1,25,0.42326
2009,1,26,-0.11021
2009,1,27,-1.2803
2009,1,28,-1.9583
2009,1,29,-2.272
2009,1,30,-2.3501
2009,1,31,3.1707
2009,2,1,1.5769
2009,2,2,0.26107
2009,2,3,0.55807
2009,2,4,5.8211
2009,2,5,5.3437
2009,2,6,7.3586
2009,2,7,10.215
2009,2,8,6.3245
2009,2,9,4.5403
2009,2,10,8.8813
2009,2,11,8.1492
2009,2,12,8.8875
2009,2,13,8.3111
2009,2,14,7.6736
2009,2,15,5.4286
2009,2,16,1.7261
2009,2,17,0.51882
2009,2,18,1.6285
2009,2,19,1.1397
2009,2,20,9.0993
2009,2,21,4.5588
2009,2,22,2.9055
2009,2,23,2.3203
2009,2,24,0.80202
2009,2,25,-0.4627
2009,2,26,0.86459
2009,2,27,1.5613
2009,2,28,1.9449
2009,3,1,0.25272
2009,3,2,-0.86946
2009,3,3,-2.2164
2009,3,4,-1.176
2009,3,5,-0.88843
2009,3,6,-0.91777
2009,3,7,2.1432
2009,3,8,3.0678
2009,3,9,0.88255
2009,3,10,0.72331
2009,3,11,6.5164
2009,3,12,5.5247
2009,3,13,4.8624
2009,3,14,2.705
2009,3,15,4.4599
2009,3,16,10.033
2009,3,17,4.9278
2009,3,18,1.9063
2009,3,19,3.6262
2009,3,20,3.6453
2009,3,21,4.5196
2009,3,22,4.6398
2009,3,23,4.6371
2009,3,24,6.2132
2009,3,25,4.3563
2009,3,26,2.5799
2009,3,27,2.9708
2009,3,28,10.021
2009,3,29,7.6761
2009,3,30,9.6234
2009,3,31,10.919
2009,4,1,11.915
2009,4,2,11.797
2009,4,3,11.372
2009,4,4,5.7709
2009,4,5,3.5529
2009,4,6,3.8891
2009,4,7,3.5769
2009,4,8,5.9165
2009,4,9,3.5132
2009,4,10,6.9783
2009,4,11,6.3571
2009,4,12,4.3216
2009,4,13,6.2612
2009,4,14,4.7545
2009,4,15,6.6315
2009,4,16,6.5687
2009,4,17,3.9849
2009,4,18,4.2679
2009,4,19,6.1696
2009,4,20,8.1519
2009,4,21,3.9102
2009,4,22,3.2333
2009,4,23,5.0176
2009,4,24,10.489
2009,4,25,9.3232
2009,4,26,7.8058
2009,4,27,6.7243
2009,4,28,10.66
2009,4,29,9.5822
2009,4,30,10.332
2009,5,1,9.2433
2009,5,2,9.9864
2009,5,3,8.8692
2009,5,4,8.9019
2009,5,5,8.9637
2009,5,6,8.6155
2009,5,7,7.8987
2009,5,8,6.6067
2009,5,9,7.5803
2009,5,10,7.7461
2009,5,11,11.536
2009,5,12,11.198
2009,5,13,9.3697
2009,5,14,8.1235
2009,5,15,8.3171
2009,5,16,10.499
2009,5,17,10.141
2009,5,18,9.4545
2009,5,19,11.181
2009,5,20,12.324
2009,5,21,10.981
2009,5,22,11.725
2009,5,23,9.9637
2009,5,24,8.9188
2009,5,25,9.082
2009,5,26,7.5515
2009,5,27,11.325
2009,5,28,10.917
2009,5,29,10.865
2009,5,30,10.868
2009,5,31,11.717
2009,6,1,11.256
2009,6,2,13.969
2009,6,3,17.187
2009,6,4,14.453
2009,6,5,13.885
2009,6,6,16.279
2009,6,7,14.281
2009,6,8,13.133
2009,6,9,14.864
2009,6,10,12.323
2009,6,11,14.507
2009,6,12,13.253
2009,6,13,13.458
2009,6,14,14.672
2009,6,15,15.933
2009,6,16,15.192
2009,6,17,13.993
2009,6,18,18.993
2009,6,19,17.483
2009,6,20,15.792
2009,6,21,15.455
2009,6,22,15.039
2009,6,23,12.38
2009,6,24,11.353
2009,6,25,14.946
2009,6,26,13.507
2009,6,27,16.854
2009,6,28,17.999
2009,6,29,19.574
2009,6,30,18.139
2009,7,1,19.317
2009,7,2,19.98
2009,7,3,15.892
2009,7,4,13.618
2009,7,5,12.663
2009,7,6,16.191
2009,7,7,17.078
2009,7,8,17.472
2009,7,9,17.798
2009,7,10,17.364
2009,7,11,19.035
2009,7,12,15.522
2009,7,13,13.327
2009,7,14,15.286
2009,7,15,13.371
2009,7,16,14.474
2009,7,17,13.158
2009,7,18,12.994
2009,7,19,13.812
2009,7,20,14.136
2009,7,21,12.965
2009,7,22,17.152
2009,7,23,19.93
2009,7,24,20.568
2009,7,25,18.778
2009,7,26,17.069
2009,7,27,17.737
2009,7,28,18.47
2009,7,29,19.54
2009,7,30,19.298
2009,7,31,20.278
2009,8,1,19.346
2009,8,2,21.71
2009,8,3,22.059
2009,8,4,21.762
2009,8,5,18.799
2009,8,6,20.621
2009,8,7,19.874
2009,8,8,19.446
2009,8,9,19.913
2009,8,10,21.988
2009,8,11,19.436
2009,8,12,16.803
2009,8,13,19.773
2009,8,14,22.772
2009,8,15,21.227
2009,8,16,21.188
2009,8,17,16.717
2009,8,18,16.862
2009,8,19,19.502
2009,8,20,20.157
2009,8,21,18.683
2009,8,22,22.137
2009,8,23,22.169
2009,8,24,20.849
2009,8,25,18.727
2009,8,26,15.973
2009,8,27,16.932
2009,8,28,18.83
2009,8,29,14.932
2009,8,30,13.435
2009,8,31,12.152
2009,9,1,14.526
2009,9,2,17.884
2009,9,3,14.598
2009,9,4,12.4
2009,9,5,11.696
2009,9,6,16.324
2009,9,7,12.927
2009,9,8,11.702
2009,9,9,9.382
2009,9,10,13.364
2009,9,11,18.619
2009,9,12,20.257
2009,9,13,15.251
2009,9,14,12.335
2009,9,15,10.68
2009,9,16,10.215
2009,9,17,11.334
2009,9,18,13.258
2009,9,19,12.286
2009,9,20,9.9642
2009,9,21,12.082
2009,9,22,15.669
2009,9,23,10.716
2009,9,24,9.5184
2009,9,25,14.351
2009,9,26,14.377
2009,9,27,14.868
2009,9,28,12.945
2009,9,29,14.953
2009,9,30,12.923
2009,10,1,14.772
2009,10,2,18.386
2009,10,3,16.332
2009,10,4,15.042
2009,10,5,15.421
2009,10,6,15.459
2009,10,7,11.396
2009,10,8,8.7933
2009,10,9,11.029
2009,10,10,10.784
2009,10,11,10.045
2009,10,12,7.9956
2009,10,13,5.8892
2009,10,14,9.7
2009,10,15,7.9062
2009,10,16,8.1397
2009,10,17,10.65
2009,10,18,14.251
2009,10,19,11.283
2009,10,20,7.1988
2009,10,21,5.833
2009,10,22,5.4475
2009,10,23,7.0268
2009,10,24,8.8751
2009,10,25,4.2642
2009,10,26,3.4585
2009,10,27,7.2839
2009,10,28,9.2665
2009,10,29,6.9256
2009,10,30,4.3711
2009,10,31,5.0149
2009,11,1,7.3579
2009,11,2,4.2161
2009,11,3,3.655
2009,11,4,5.6344
2009,11,5,3.2682
2009,11,6,2.0515
2009,11,7,3.9485
2009,11,8,8.0976
2009,11,9,12.586
2009,11,10,12.116
2009,11,11,10.993
2009,11,12,13.954
2009,11,13,14.146
2009,11,14,14.585
2009,11,15,15.123
2009,11,16,13.846
2009,11,17,13.485
2009,11,18,12.793
2009,11,19,11.379
2009,11,20,14.51
2009,11,21,13.463
2009,11,22,10.798
2009,11,23,8.9606
2009,11,24,6.8671
2009,11,25,7.563
2009,11,26,4.7017
2009,11,27,3.6857
2009,11,28,3.2178
2009,11,29,2.7619
2009,11,30,5.0306
2009,12,1,5.8224
2009,12,2,4.8118
2009,12,3,1.8038
2009,12,4,0.69406
2009,12,5,-0.31772
2009,12,6,-0.11322
2009,12,7,0.12863
2009,12,8,0.13897
2009,12,9,-0.90762
2009,12,10,0.71324
2009,12,11,0.33549
2009,12,12,-0.17836
2009,12,13,-1.4919
2009,12,14,-0.91581
2009,12,15,-1.9457
2009,12,16,-1.3096
2009,12,17,0.72708
2009,12,18,2.5131
2009,12,19,1.1084
2009,12,20,0.019139
2009,12,21,6.5319
2009,12,22,4.4476
2009,12,23,1.3763
2009,12,24,2.663
2009,12,25,2.3684
2009,12,26,4.563
2009,12,27,1.8554
2009,12,28,0.28645
2009,12,29,0.48218
2009,12,30,0.41089
2009,12,31,-0.0047363
2010,1,1,1.3453
2010,1,2,0.33991
2010,1,3,1.4589
2010,1,4,-0.026587
2010,1,5,-0.083523
2010,1,6,0.8594
2010,1,7,-0.88545
2010,1,8,-0.94901
2010,1,9,-0.58623
2010,1,10,3.1333
2010,1,11,4.0818
2010,1,12,0.72105
2010,1,13,6.8963
2010,1,14,1.7007
2010,1,15,1.1688
2010,1,16,1.9025
2010,1,17,-0.43363
2010,1,18,-1.301
2010,1,19,-1.4767
2010,1,20,-0.26709
2010,1,21,-1.244
2010,1,22,-1.7573
2010,1,23,-0.99659
2010,1,24,-0.043677
2010,1,25,1.4206
2010,1,26,1.5606
2010,1,27,0.89807
2010,1,28,0.54194
2010,1,29,-0.58569
2010,1,30,0.30287
2010,1,31,5.9147
2010,2,1,1.9738
2010,2,2,0.2204
2010,2,3,2.14
2010,2,4,2.3868
2010,2,5,1.6422
2010,2,6,5.254
2010,2,7,5.1405
2010,2,8,8.7813
2010,2,9,4.5248
2010,2,10,2.1551
2010,2,11,4.6821
2010,2,12,6.5381
2010,2,13,7.0924
2010,2,14,6.3478
2010,2,15,6.374
2010,2,16,7.1518
2010,2,17,7.3354
2010,2,18,6.9318
2010,2,19,3.8454
2010,2,20,0.45792
2010,2,21,3.3178
2010,2,22,2.6671
2010,2,23,2.9378
2010,2,24,4.6625
2010,2,25,2.7429
2010,2,26,2.5629
2010,2,27,3.6275
2010,2,28,1.1269
2010,3,1,5.5455
2010,3,2,6.3599
2010,3,3,5.4504
2010,3,4,6.4797
2010,3,5,3.5035
2010,3,6,5.4519
2010,3,7,3.5525
2010,3,8,5.2669
2010,3,9,8.5443
2010,3,10,5.4965
2010,3,11,3.5375
2010,3,12,6.6225
2010,3,13,7.5884
2010,3,14,5.6736
2010,3,15,4.0486
2010,3,16,8.7741
2010,3,17,7.5382
2010,3,18,6.4678
2010,3,19,7.366
2010,3,20,9.2937
2010,3,21,5.4917
2010,3,22,3.2908
2010,3,23,2.5696
2010,3,24,5.4156
2010,3,25,6.8253
2010,3,26,5.5537
2010,3,27,4.1245
2010,3,28,4.3434
2010,3,29,9.6166
2010,3,30,4.9526
2010,3,31,2.9456
2010,4,1,5.7487
2010,4,2,5.7578
2010,4,3,4.9374
2010,4,4,9.0586
2010,4,5,9.0213
2010,4,6,6.9152
2010,4,7,8.2041
2010,4,8,5.4355
2010,4,9,4.5687
2010,4,10,6.6524
2010,4,11,6.3118
2010,4,12,7.0405
2010,4,13,3.8694
2010,4,14,5.6715
2010,4,15,9.5967
2010,4,16,7.9293
2010,4,17,6.0325
2010,4,18,6.3306
2010,4,19,8.3588
2010,4,20,4.9185
2010,4,21,7.6171
2010,4,22,7.917
2010,4,23,10.743
2010,4,24,11.339
2010,4,25,10.357
2010,4,26,10.33
2010,4,27,10.004
2010,4,28,7.1944
2010,4,29,7.2495
2010,4,30,6.6194
2010,5,1,6.283
2010,5,2,7.771
2010,5,3,8.8519
2010,5,4,10.781
2010,5,5,8.2298
2010,5,6,6.285
2010,5,7,9.8929
2010,5,8,9.2574
2010,5,9,6.817
2010,5,10,7.5445
2010,5,11,5.3135
2010,5,12,10.803
2010,5,13,12.962
2010,5,14,12.514
2010,5,15,12.806
2010,5,16,12.047
2010,5,17,13.686
2010,5,18,13.973
2010,5,19,13.622
2010,5,20,13.067
2010,5,21,13.187
2010,5,22,13.152
2010,5,23,15.038
2010,5,24,13.793
2010,5,25,13.827
2010,5,26,16.094
2010,5,27,16.946
2010,5,28,18.093
2010,5,29,16.045
2010,5,30,16.338
2010,5,31,12.833
2010,6,1,11.512
2010,6,2,11.081
2010,6,3,11.184
2010,6,4,12.264
2010,6,5,11.311
2010,6,6,12.382
2010,6,7,13.458
2010,6,8,14.126
2010,6,9,13.941
2010,6,10,13.692
2010,6,11,13.381
2010,6,12,14.562
2010,6,13,13.976
2010,6,14,15.435
2010,6,15,16.135
2010,6,16,15.545
2010,6,17,15.123
2010,6,18,14.045
2010,6,19,13.461
2010,6,20,13.665
2010,6,21,15.072
2010,6,22,15.308
2010,6,23,14.522
2010,6,24,16.642
2010,6,25,14.619
2010,6,26,11.662
2010,6,27,13.858
2010,6,28,15.026
2010,6,29,15.136
2010,6,30,15.717
2010,7,1,15.51
2010,7,2,18.94
2010,7,3,19.126
2010,7,4,17.223
2010,7,5,14.542
2010,7,6,13.281
2010,7,7,14.16
2010,7,8,15.852
2010,7,9,14.904
2010,7,10,14.923
2010,7,11,14.318
2010,7,12,15.287
2010,7,13,14.193
2010,7,14,13.796
2010,7,15,15.732
2010,7,16,15.35
2010,7,17,16.499
2010,7,18,17.246
2010,7,19,16.029
2010,7,20,18.838
2010,7,21,17.465
2010,7,22,15.701
2010,7,23,14.982
2010,7,24,19.739
2010,7,25,20.124
2010,7,26,18.823
2010,7,27,23.535
2010,7,28,21.589
2010,7,29,20.526
2010,7,30,22.667
2010,7,31,19.899
2010,8,1,18.889
2010,8,2,19.765
2010,8,3,19.885
2010,8,4,19.332
2010,8,5,19.449
2010,8,6,20.677
2010,8,7,19.403
2010,8,8,20.867
2010,8,9,17.183
2010,8,10,14.26
2010,8,11,16.896
2010,8,12,16.694
2010,8,13,16.774
2010,8,14,18.156
2010,8,15,15.238
2010,8,16,18.553
2010,8,17,16.329
2010,8,18,19.295
2010,8,19,20.181
2010,8,20,18.955
2010,8,21,20.103
2010,8,22,15.445
2010,8,23,12.465
2010,8,24,18.376
2010,8,25,18.342
2010,8,26,13.549
2010,8,27,10.874
2010,8,28,12.773
2010,8,29,12.357
2010,8,30,12.27
2010,8,31,13.746
2010,9,1,12.56
2010,9,2,11.81
2010,9,3,11.445
2010,9,4,12.44
2010,9,5,14.66
2010,9,6,15.449
2010,9,7,14.973
2010,9,8,13.42
2010,9,9,16.274
2010,9,10,11.268
2010,9,11,8.7738
2010,9,12,12.851
2010,9,13,9.0683
2010,9,14,10.619
2010,9,15,10.668
2010,9,16,12.892
2010,9,17,12.318
2010,9,18,14.645
2010,9,19,14.245
2010,9,20,10.672
2010,9,21,9.4984
2010,9,22,10
2010,9,23,11.649
2010,9,24,11.136
2010,9,25,9.3414
2010,9,26,11.593
2010,9,27,11.781
2010,9,28,13.329
2010,9,29,17.336
2010,9,30,15.74
2010,10,1,15.644
2010,10,2,14.628
2010,10,3,15.455
2010,10,4,16.803
2010,10,5,13.42
2010,10,6,10.976
2010,10,7,10.634
2010,10,8,11.31
2010,10,9,10.406
2010,10,10,8.3256
2010,10,11,6.4498
2010,10,12,11.474
2010,10,13,12.214
2010,10,14,9.7634
2010,10,15,6.2787
2010,10,16,4.6074
2010,10,17,7.2947
2010,10,18,5.5835
2010,10,19,5.0607
2010,10,20,3.3731
2010,10,21,6.7154
2010,10,22,6.2292
2010,10,23,4.6209
2010,10,24,4.3051
2010,10,25,3.7392
2010,10,26,1.933
2010,10,27,8.5295
2010,10,28,6.585
2010,10,29,6.0652
2010,10,30,3.4226
2010,10,31,8.2069
2010,11,1,7.6475
2010,11,2,7.659
2010,11,3,8.0327
2010,11,4,6.1813
2010,11,5,2.6431
2010,11,6,1.7947
2010,11,7,4.254
2010,11,8,2.5147
2010,11,9,2.0884
2010,11,10,1.6845
2010,11,11,1.0601
2010,11,12,0.11111
2010,11,13,0.068984
2010,11,14,0.38249
2010,11,15,0.78606
2010,11,16,1.3993
2010,11,17,1.4692
2010,11,18,2.3169
2010,11,19,1.61
2010,11,20,5.2146
2010,11,21,3.8647
2010,11,22,0.4091
2010,11,23,1.0523
2010,11,24,1.7695
2010,11,25,3.0168
2010,11,26,1.3671
2010,11,27,0.62321
2010,11,28,2.5017
2010,11,29,4.5622
2010,11,30,1.6428
2010,12,1,-0.35983
2010,12,2,6.2254
2010,12,3,6.5086
2010,12,4,9.7336
2010,12,5,8.2737
2010,12,6,7.7723
2010,12,7,2.7688
2010,12,8,0.48924
2010,12,9,-0.46779
2010,12,10,-1.3265
2010,12,11,-0.094722
2010,12,12,-0.54609
2010,12,13,-0.5946
2010,12,14,0.016504
2010,12,15,0.15214
2010,12,16,0.15863
2010,12,17,-0.097774
2010,12,18,5.487
2010,12,19,3.3575
2010,12,20,2.0633
2010,12,21,-0.87185
2010,12,22,-1.2246
2010,12,23,0.59565
2010,12,24,-0.58699
2010,12,25,4.6011
2010,12,26,1.7765
2010,12,27,10.517
2010,12,28,4.7718
2010,12,29,10.044
2010,12,30,9.9321
2010,12,31,6.005
2011,1,1,1.5828
2011,1,2,2.1974
2011,1,3,8.0965
2011,1,4,1.7184
2011,1,5,0.36414
2011,1,6,3.5385
2011,1,7,0.64198
2011,1,8,4.3713
2011,1,9,2.1038
2011,1,10,0.24124
2011,1,11,3.4306
2011,1,12,3.913
2011,1,13,1.6125
2011,1,14,1.1975
2011,1,15,2.5436
2011,1,16,0.69259
2011,1,17,1.4869
2011,1,18,4.0091
2011,1,19,2.1285
2011,1,20,-2.9122
2011,1,21,-3.0614
2011,1,22,-1.7906
2011,1,23,1.2505
2011,1,24,0.069065
2011,1,25,-0.97766
2011,1,26,-1.1317
2011,1,27,0.36966
2011,1,28,2.6962
2011,1,29,3.5437
2011,1,30,0.47318
2011,1,31,0.59785
2011,2,1,3.6211
2011,2,2,1.8039
2011,2,3,0.99956
2011,2,4,-0.41609
2011,2,5,2.7007
2011,2,6,2.4444
2011,2,7,1.0281
2011,2,8,7.785
2011,2,9,4.5996
2011,2,10,2.4241
2011,2,11,2.371
2011,2,12,6.4289
2011,2,13,5.9736
2011,2,14,3.3493
2011,2,15,5.5684
2011,2,16,4.1507
2011,2,17,2.7612
2011,2,18,1.3013
2011,2,19,0.29263
2011,2,20,1.9668
2011,2,21,5.0226
2011,2,22,8.2028
2011,2,23,3.9975
2011,2,24,4.0156
2011,2,25,4.7512
2011,2,26,2.9759
2011,2,27,6.9648
2011,2,28,4.671
2011,3,1,5.1437
2011,3,2,3.4083
2011,3,3,10.095
2011,3,4,5.6422
2011,3,5,2.4916
2011,3,6,2.589
2011,3,7,2.986
2011,3,8,4.2711
2011,3,9,4.8231
2011,3,10,4.682
2011,3,11,2.3159
2011,3,12,1.9078
2011,3,13,4.7659
2011,3,14,3.2337
2011,3,15,7.3101
2011,3,16,6.8122
2011,3,17,6.8376
2011,3,18,5.9646
2011,3,19,3.6394
2011,3,20,2.816
2011,3,21,8.0896
2011,3,22,6.3779
2011,3,23,6.0083
2011,3,24,3.7019
2011,3,25,4.5669
2011,3,26,4.7807
2011,3,27,3.4281
2011,3,28,3.0171
2011,3,29,3.3799
2011,3,30,1.3935
2011,3,31,0.42635
2011,4,1,2.8904
2011,4,2,5.5076
2011,4,3,5.8964
2011,4,4,6.4122
2011,4,5,4.5806
2011,4,6,7.7263
2011,4,7,6.7902
2011,4,8,6.3861
2011,4,9,4.5254
2011,4,10,4.666
2011,4,11,3.9882
2011,4,12,2.8628
2011,4,13,7.0846
2011,4,14,9.1782
2011,4,15,8.6083
2011,4,16,6.5216
2011,4,17,5.9568
2011,4,18,10.86
2011,4,19,7.6429
2011,4,20,5.5625
2011,4,21,4.3062
2011,4,22,10.206
2011,4,23,7.5572
2011,4,24,7.1939
2011,4,25,4.6717
2011,4,26,9.5117
2011,4,27,10.95
2011,4,28,11.311
2011,4,29,9.5597
2011,4,30,10.026
2011,5,1,10.429
2011,5,2,7.8896
2011,5,3,7.5057
2011,5,4,7.4104
2011,5,5,5.7066
2011,5,6,10.055
2011,5,7,8.9569
2011,5,8,7.5837
2011,5,9,8.7253
2011,5,10,8.1503
2011,5,11,7.4451
2011,5,12,10.767
2011,5,13,11.197
2011,5,14,9.213
2011,5,15,8.0381
2011,5,16,8.3166
2011,5,17,15.69
2011,5,18,12.062
2011,5,19,11.265
2011,5,20,10.188
2011,5,21,10.892
2011,5,22,10.367
2011,5,23,7.6993
2011,5,24,11.011
2011,5,25,11.601
2011,5,26,11.512
2011,5,27,10.951
2011,5,28,11.152
2011,5,29,13.097
2011,5,30,11.48
2011,5,31,9.812
2011,6,1,11.258
2011,6,2,13.416
2011,6,3,12.508
2011,6,4,12.33
2011,6,5,12.109
2011,6,6,10.446
2011,6,7,12.232
2011,6,8,11.391
2011,6,9,13.035
2011,6,10,13.11
2011,6,11,14.487
2011,6,12,13.786
2011,6,13,15.389
2011,6,14,15.665
2011,6,15,14.871
2011,6,16,16.325
2011,6,17,15.17
2011,6,18,15.71
2011,6,19,14.503
2011,6,20,14.249
2011,6,21,15.682
2011,6,22,13.064
2011,6,23,10.989
2011,6,24,11.674
2011,6,25,14.649
2011,6,26,17.633
2011,6,27,15.874
2011,6,28,14.662
2011,6,29,14.595
2011,6,30,12.171
2011,7,1,12.256
2011,7,2,16.379
2011,7,3,16.879
2011,7,4,14.73
2011,7,5,15.278
2011,7,6,14.67
2011,7,7,15.712
2011,7,8,17.154
2011,7,9,14.211
2011,7,10,17.335
2011,7,11,18.046
2011,7,12,18.423
2011,7,13,18.409
2011,7,14,16.461
2011,7,15,14.483
2011,7,16,13.75
2011,7,17,14.864
2011,7,18,17.4
2011,7,19,17.522
2011,7,20,14.303
2011,7,21,18.465
2011,7,22,17.275
2011,7,23,15.524
2011,7,24,15.832
2011,7,25,15.309
2011,7,26,15.456
2011,7,27,13.448
2011,7,28,15.051
2011,7,29,16.598
2011,7,30,18.603
2011,7,31,17.254
2011,8,1,17.367
2011,8,2,19.296
2011,8,3,17.447
2011,8,4,16.687
2011,8,5,20.395
2011,8,6,19.261
2011,8,7,18.096
2011,8,8,17.318
2011,8,9,12.917
2011,8,10,11.089
2011,8,11,11.099
2011,8,12,12.342
2011,8,13,13.462
2011,8,14,14.733
2011,8,15,15.472
2011,8,16,15.949
2011,8,17,13.287
2011,8,18,15.502
2011,8,19,17.934
2011,8,20,19.986
2011,8,21,14.935
2011,8,22,13.793
2011,8,23,12.724
2011,8,24,12.666
2011,8,25,12.413
2011,8,26,15.541
2011,8,27,17.705
2011,8,28,18.449
2011,8,29,17.303
2011,8,30,15.079
2011,8,31,16.807
2011,9,1,16.064
2011,9,2,17.304
2011,9,3,17.137
2011,9,4,16.765
2011,9,5,14.755
2011,9,6,12.939
2011,9,7,16.628
2011,9,8,17.561
2011,9,9,16.378
2011,9,10,17.303
2011,9,11,15.069
2011,9,12,15.205
2011,9,13,13.561
2011,9,14,13.107
2011,9,15,14.266
2011,9,16,13.163
2011,9,17,13.016
2011,9,18,14.065
2011,9,19,11.985
2011,9,20,12.681
2011,9,21,12.092
2011,9,22,11.892
2011,9,23,13.237
2011,9,24,15.536
2011,9,25,17.008
2011,9,26,13.56
2011,9,27,13.848
2011,9,28,13.207
2011,9,29,14.079
2011,9,30,15.839
2011,10,1,13.602
2011,10,2,10.76
2011,10,3,9.1321
2011,10,4,13.68
2011,10,5,17.025
2011,10,6,17.5
2011,10,7,16.205
2011,10,8,17.579
2011,10,9,17.665
2011,10,10,17.149
2011,10,11,18.005
2011,10,12,18.186
2011,10,13,17.232
2011,10,14,15.646
2011,10,15,17.113
2011,10,16,17.402
2011,10,17,14.524
2011,10,18,9.8939
2011,10,19,7.8231
2011,10,20,8.0314
2011,10,21,4.3175
2011,10,22,8.7167
2011,10,23,7.6744
2011,10,24,7.9765
2011,10,25,6.0163
2011,10,26,7.1531
2011,10,27,10.279
2011,10,28,11.126
2011,10,29,5.6682
2011,10,30,4.4424
2011,10,31,3.3237
2011,11,1,10.442
2011,11,2,7.8512
2011,11,3,7.7093
2011,11,4,5.4243
2011,11,5,3.9498
2011,11,6,8.8995
2011,11,7,6.155
2011,11,8,3.5659
2011,11,9,4.3426
2011,11,10,11.117
2011,11,11,14.656
2011,11,12,14.023
2011,11,13,8.7784
2011,11,14,7.7625
2011,11,15,6.2934
2011,11,16,4.2714
2011,11,17,4.7991
2011,11,18,4.9636
2011,11,19,5.1289
2011,11,20,4.1884
2011,11,21,6.0968
2011,11,22,5.8972
2011,11,23,7.0277
2011,11,24,6.1126
2011,11,25,2.7097
2011,11,26,1.1682
2011,11,27,0.24435
2011,11,28,4.4691
2011,11,29,2.3715
2011,11,30,3.2038
2011,12,1,3.0818
2011,12,2,2.8561
2011,12,3,2.1557
2011,12,4,1.5407
2011,12,5,2.8281
2011,12,6,3.0273
2011,12,7,3.2414
2011,12,8,2.8769
2011,12,9,1.6623
2011,12,10,3.2618
2011,12,11,2.8808
2011,12,12,0.38341
2011,12,13,5.562
2011,12,14,1.2836
2011,12,15,0.8002
2011,12,16,0.53202
2011,12,17,0.43911
2011,12,18,-0.58038
2011,12,19,0.44475
2011,12,20,1.4427
2011,12,21,2.8763
2011,12,22,5.1163
2011,12,23,6.9111
2011,12,24,8.0301
2011,12,25,7.0605
2011,12,26,3.1083
2011,12,27,1.583
2011,12,28,2.5444
2011,12,29,2.0022
2011,12,30,1.894
2011,12,31,5.1037
2012,1,1,6.3611
2012,1,2,4.0197
2012,1,3,5.132
2012,1,4,4.9941
2012,1,5,3.2524
2012,1,6,2.8517
2012,1,7,2.9454
2012,1,8,2.4898
2012,1,9,8.0719
2012,1,10,9.2847
2012,1,11,6.0523
2012,1,12,4.0829
2012,1,13,0.045282
2012,1,14,-0.012834
2012,1,15,11.119
2012,1,16,11.648
2012,1,17,10.02
2012,1,18,3.8762
2012,1,19,2.4002
2012,1,20,9.8746
2012,1,21,8.413
2012,1,22,7.6626
2012,1,23,7.0301
2012,1,24,7.8962
2012,1,25,1.5163
2012,1,26,0.57463
2012,1,27,3.9624
2012,1,28,2.6261
2012,1,29,0.63722
2012,1,30,3.9006
2012,1,31,4.3768
2012,2,1,3.3164
2012,2,2,4.0084
2012,2,3,5.328
2012,2,4,4.3714
2012,2,5,3.4366
2012,2,6,8.1075
2012,2,7,6.4617
2012,2,8,5.8124
2012,2,9,7.797
2012,2,10,7.1568
2012,2,11,4.5496
2012,2,12,0.67087
2012,2,13,0.94434
2012,2,14,0.20809
2012,2,15,9.2374
2012,2,16,10.651
2012,2,17,10.214
2012,2,18,5.0682
2012,2,19,2.0867
2012,2,20,2.308
2012,2,21,0.4703
2012,2,22,10.944
2012,2,23,4.8835
2012,2,24,7.9964
2012,2,25,6.1545
2012,2,26,4.6092
2012,2,27,3.9219
2012,2,28,5.7196
2012,2,29,5.4351
2012,3,1,5.3592
2012,3,2,3.9881
2012,3,3,11.285
2012,3,4,6.9698
2012,3,5,4.7176
2012,3,6,3.6575
2012,3,7,4.626
2012,3,8,3.8619
2012,3,9,2.8904
2012,3,10,3.898
2012,3,11,3.4628
2012,3,12,1.8742
2012,3,13,0.73556
2012,3,14,1.3298
2012,3,15,0.43358
2012,3,16,7.747
2012,3,17,8.9639
2012,3,18,9.6136
2012,3,19,10.541
2012,3,20,8.8595
2012,3,21,7.6952
2012,3,22,9.2098
2012,3,23,4.9943
2012,3,24,10.253
2012,3,25,9.493
2012,3,26,9.2126
2012,3,27,6.7185
2012,3,28,3.3121
2012,3,29,6.2848
2012,3,30,5.3554
2012,3,31,4.8925
2012,4,1,4.0308
2012,4,2,5.6595
2012,4,3,9.1784
2012,4,4,8.4932
2012,4,5,8.2179
2012,4,6,6.3535
2012,4,7,9.6896
2012,4,8,7.5018
2012,4,9,5.329
2012,4,10,5.8435
2012,4,11,8.5563
2012,4,12,8.2162
2012,4,13,9.9201
2012,4,14,11.248
2012,4,15,9.8953
2012,4,16,9.1592
2012,4,17,7.9211
2012,4,18,4.7205
2012,4,19,7.9798
2012,4,20,4.6456
2012,4,21,3.4974
2012,4,22,1.8496
2012,4,23,4.6581
2012,4,24,5.721
2012,4,25,6.9277
2012,4,26,8.4
2012,4,27,6.3663
2012,4,28,9.9771
2012,4,29,8.1785
2012,4,30,11.854
2012,5,1,9.5024
2012,5,2,7.8756
2012,5,3,9.9167
2012,5,4,8.5111
2012,5,5,9.5288
2012,5,6,8.9244
2012,5,7,6.3616
2012,5,8,8.088
2012,5,9,9.6516
2012,5,10,8.6343
2012,5,11,8.1814
2012,5,12,9.9422
2012,5,13,12.522
2012,5,14,12.073
2012,5,15,12.625
2012,5,16,11.17
2012,5,17,11.764
2012,5,18,11.358
2012,5,19,11.786
2012,5,20,14.067
2012,5,21,13.539
2012,5,22,12.084
2012,5,23,12.548
2012,5,24,12.994
2012,5,25,13.177
2012,5,26,10.373
2012,5,27,10.209
2012,5,28,13.096
2012,5,29,11.697
2012,5,30,11.36
2012,5,31,15.797
2012,6,1,15.456
2012,6,2,15.262
2012,6,3,13.983
2012,6,4,12.609
2012,6,5,13.792
2012,6,6,15.894
2012,6,7,15.106
2012,6,8,14.535
2012,6,9,13.271
2012,6,10,13.78
2012,6,11,14.224
2012,6,12,15.358
2012,6,13,15.421
2012,6,14,17.071
2012,6,15,18.781
2012,6,16,16.732
2012,6,17,15.239
2012,6,18,14.33
2012,6,19,15.63
2012,6,20,16.496
2012,6,21,19.309
2012,6,22,17.245
2012,6,23,14.723
2012,6,24,16.221
2012,6,25,17.677
2012,6,26,17.399
2012,6,27,18.564
2012,6,28,19.687
2012,6,29,18.023
2012,6,30,15.754
2012,7,1,15.051
2012,7,2,15.07
2012,7,3,16.515
2012,7,4,18.272
2012,7,5,17.545
2012,7,6,17.043
2012,7,7,14.862
2012,7,8,13.098
2012,7,9,15.078
2012,7,10,14.642
2012,7,11,13.536
2012,7,12,15.239
2012,7,13,16.048
2012,7,14,16.11
2012,7,15,16.157
2012,7,16,17.003
2012,7,17,15.94
2012,7,18,16.491
2012,7,19,18.11
2012,7,20,16.725
2012,7,21,17.354
2012,7,22,17.665
2012,7,23,18.866
2012,7,24,16.552
2012,7,25,15.692
2012,7,26,13.815
2012,7,27,14.605
2012,7,28,18.762
2012,7,29,18.783
2012,7,30,17.494
2012,7,31,17.052
2012,8,1,17.696
2012,8,2,17.195
2012,8,3,17.002
2012,8,4,16.374
2012,8,5,19.113
2012,8,6,19.521
2012,8,7,19.356
2012,8,8,15.582
2012,8,9,16.561
2012,8,10,18.702
2012,8,11,18.329
2012,8,12,20.445
2012,8,13,18.564
2012,8,14,18.203
2012,8,15,19.04
2012,8,16,20.26
2012,8,17,18.488
2012,8,18,18.43
2012,8,19,19.061
2012,8,20,19.159
2012,8,21,20.873
2012,8,22,19.133
2012,8,23,23.038
2012,8,24,20.944
2012,8,25,17.92
2012,8,26,18.502
2012,8,27,21.016
2012,8,28,22.1
2012,8,29,20.659
2012,8,30,20.182
2012,8,31,19.002
2012,9,1,18.602
2012,9,2,18.655
2012,9,3,19.939
2012,9,4,19.44
2012,9,5,19.265
2012,9,6,13.959
2012,9,7,11.863
2012,9,8,13.794
2012,9,9,16.499
2012,9,10,14.005
2012,9,11,20.69
2012,9,12,19.69
2012,9,13,19.224
2012,9,14,18.332
2012,9,15,17.905
2012,9,16,16.476
2012,9,17,16.664
2012,9,18,13.827
2012,9,19,11.775
2012,9,20,9.7565
2012,9,21,7.5976
2012,9,22,8.8351
2012,9,23,10.119
2012,9,24,9.7907
2012,9,25,10.072
2012,9,26,9.9218
2012,9,27,8.0206
2012,9,28,7.4545
2012,9,29,8.7121
2012,9,30,7.2738
2012,10,1,7.3946
2012,10,2,7.2128
2012,10,3,9.3209
2012,10,4,14.101
2012,10,5,10.511
2012,10,6,9.8629
2012,10,7,10.232
2012,10,8,6.9586
2012,10,9,8.8779
2012,10,10,11.75
2012,10,11,15.879
2012,10,12,16.871
2012,10,13,17.425
2012,10,14,15.24
2012,10,15,15.092
2012,10,16,16.36
2012,10,17,11.673
2012,10,18,9.0568
2012,10,19,14.217
2012,10,20,9.9704
2012,10,21,6.9052
2012,10,22,5.831
2012,10,23,7.4335
2012,10,24,5.4978
2012,10,25,5.7281
2012,10,26,5.5841
2012,10,27,4.0782
2012,10,28,3.8288
2012,10,29,6.4501
2012,10,30,7.7068
2012,10,31,5.6855
2012,11,1,4.9029
2012,11,2,3.4737
2012,11,3,8.5518
2012,11,4,8.4702
2012,11,5,10.559
2012,11,6,8.7081
2012,11,7,8.3513
2012,11,8,6.8149
2012,11,9,2.95
2012,11,10,3.8001
2012,11,11,2.3678
2012,11,12,6.1379
2012,11,13,4.6395
2012,11,14,5.5772
2012,11,15,2.9938
2012,11,16,6.3202
2012,11,17,3.2742
2012,11,18,2.5963
2012,11,19,0.5454
2012,11,20,4.1189
2012,11,21,1.8118
2012,11,22,5.7288
2012,11,23,5.7569
2012,11,24,3.9435
2012,11,25,6.1124
2012,11,26,7.1932
2012,11,27,3.7525
2012,11,28,2.8142
2012,11,29,3.6679
2012,11,30,5.5295
2012,12,1,10.224
2012,12,2,12.118
2012,12,3,12.277
2012,12,4,10.662
2012,12,5,6.9529
2012,12,6,1.4737
2012,12,7,1.2016
2012,12,8,2.0904
2012,12,9,1.0885
2012,12,10,2.6853
2012,12,11,3.7912
2012,12,12,3.8045
2012,12,13,1.8487
2012,12,14,1.8825
2012,12,15,1.7958
2012,12,16,1.2868
2012,12,17,-0.0074219
2012,12,18,2.1165
2012,12,19,3.0802
2012,12,20,1.3014
2012,12,21,0.81057
2012,12,22,2.0837
2012,12,23,1.7186
2012,12,24,1.4014
2012,12,25,6.2605
2012,12,26,7.1381
2012,12,27,8.1484
2012,12,28,7.2316
2012,12,29,9.8759
2012,12,30,6.9308
2012,12,31,7.7005
2013,1,1,3.7847
2013,1,2,3.9854
2013,1,3,2.8425
2013,1,4,3.9934
2013,1,5,7.0662
2013,1,6,2.1973
2013,1,7,2.1213
2013,1,8,7.4467
2013,1,9,12.077
2013,1,10,8.4893
2013,1,11,4.0265
2013,1,12,1.8776
2013,1,13,0.015731
2013,1,14,-0.90765
2013,1,15,-1.6934
2013,1,16,-0.83465
2013,1,17,-0.95446
2013,1,18,-1.2227
2013,1,19,-1.9144
2013,1,20,-1.7721
2013,1,21,-1.8483
2013,1,22,-1.183
2013,1,23,-1.7961
2013,1,24,-1.8283
2013,1,25,1.3476
2013,1,26,4.215
2013,1,27,4.8805
2013,1,28,1.257
2013,1,29,1.6664
2013,1,30,0.42284
2013,1,31,0.40444
2013,2,1,0.91496
2013,2,2,1.3398
2013,2,3,0.57316
2013,2,4,1.3707
2013,2,5,0.21829
2013,2,6,-1.1757
2013,2,7,0.38833
2013,2,8,0.50476
2013,2,9,3.9183
2013,2,10,4.0399
2013,2,11,3.4085
2013,2,12,1.5002
2013,2,13,-0.23858
2013,2,14,-1.3203
2013,2,15,-1.4727
2013,2,16,0.92338
2013,2,17,2.2171
2013,2,18,1.0828
2013,2,19,0.8085
2013,2,20,-0.32667
2013,2,21,1.7855
2013,2,22,1.6966
2013,2,23,1.5333
2013,2,24,-0.48255
2013,2,25,1.5018
2013,2,26,5.0343
2013,2,27,1.0798
2013,2,28,1.5543
2013,3,1,1.8436
2013,3,2,2.2546
2013,3,3,2.6183
2013,3,4,4.6427
2013,3,5,1.95
2013,3,6,1.9301
2013,3,7,1.3395
2013,3,8,1.0419
2013,3,9,0.88337
2013,3,10,0.33333
2013,3,11,2.9498
2013,3,12,5.6463
2013,3,13,7.5916
2013,3,14,3.9897
2013,3,15,1.1372
2013,3,16,1.4479
2013,3,17,2.3422
2013,3,18,2.1473
2013,3,19,2.2723
2013,3,20,2.6254
2013,3,21,3.0747
2013,3,22,1.7031
2013,3,23,1.7822
2013,3,24,1.1115
2013,3,25,1.9502
2013,3,26,1.7588
2013,3,27,2.4993
2013,3,28,8.0574
2013,3,29,7.2311
2013,3,30,4.7189
2013,3,31,3.3542
2013,4,1,6.1278
2013,4,2,4.1213
2013,4,3,7.0099
2013,4,4,4.7117
2013,4,5,3.2882
2013,4,6,3.7057
2013,4,7,6.2443
2013,4,8,5.0587
2013,4,9,3.662
2013,4,10,1.7178
2013,4,11,4.1919
2013,4,12,8.7528
2013,4,13,9.4812
2013,4,14,6.7068
2013,4,15,6.81
2013,4,16,7.9478
2013,4,17,6.7006
2013,4,18,5.243
2013,4,19,6.3534
2013,4,20,6.6787
2013,4,21,7.1421
2013,4,22,7.536
2013,4,23,7.4618
2013,4,24,9.6335
2013,4,25,10.232
2013,4,26,8.2754
2013,4,27,3.4217
2013,4,28,1.9059
2013,4,29,4.4675
2013,4,30,5.7076
2013,5,1,3.7376
2013,5,2,4.2987
2013,5,3,6.9412
2013,5,4,5.2275
2013,5,5,8.1146
2013,5,6,8.5197
2013,5,7,6.3316
2013,5,8,4.5467
2013,5,9,9.5815
2013,5,10,7.6383
2013,5,11,5.0814
2013,5,12,6.8257
2013,5,13,5.8207
2013,5,14,7.8194
2013,5,15,7.8714
2013,5,16,9.5994
2013,5,17,7.9452
2013,5,18,7.2528
2013,5,19,6.1361
2013,5,20,9.7694
2013,5,21,9.1158
2013,5,22,9.57
2013,5,23,9.5947
2013,5,24,10.821
2013,5,25,13.853
2013,5,26,11.314
2013,5,27,10.153
2013,5,28,14.662
2013,5,29,14.175
2013,5,30,12.154
2013,5,31,12.252
2013,6,1,11.401
2013,6,2,11.971
2013,6,3,9.7222
2013,6,4,7.5575
2013,6,5,9.5946
2013,6,6,14.773
2013,6,7,14.454
2013,6,8,15.8
2013,6,9,15.122
2013,6,10,14.589
2013,6,11,15.366
2013,6,12,15.915
2013,6,13,16.284
2013,6,14,17.09
2013,6,15,16.717
2013,6,16,17.967
2013,6,17,16.765
2013,6,18,15.881
2013,6,19,16.007
2013,6,20,15.268
2013,6,21,13.091
2013,6,22,14.105
2013,6,23,13.063
2013,6,24,12.958
2013,6,25,14.884
2013,6,26,15.085
2013,6,27,14.869
2013,6,28,12.766
2013,6,29,12.943
2013,6,30,14.967
2013,7,1,15.207
2013,7,2,15.587
2013,7,3,14.151
2013,7,4,14.964
2013,7,5,17.156
2013,7,6,15.153
2013,7,7,14.919
2013,7,8,17.216
2013,7,9,18.065
2013,7,10,17.605
2013,7,11,17.77
2013,7,12,18.456
2013,7,13,16.626
2013,7,14,15.059
2013,7,15,12.845
2013,7,16,14.21
2013,7,17,17.736
2013,7,18,17.678
2013,7,19,17.299
2013,7,20,18.307
2013,7,21,17.663
2013,7,22,18.269
2013,7,23,16.02
2013,7,24,20.071
2013,7,25,17.051
2013,7,26,18.74
2013,7,27,21.107
2013,7,28,19.157
2013,7,29,17.84
2013,7,30,16.669
2013,7,31,15.647
2013,8,1,17.74
2013,8,2,19.126
2013,8,3,16.442
2013,8,4,16.757
2013,8,5,15.84
2013,8,6,15.101
2013,8,7,12.95
2013,8,8,12.866
2013,8,9,12.866
2013,8,10,18.157
2013,8,11,14.783
2013,8,12,13.149
2013,8,13,14.137
2013,8,14,13.554
2013,8,15,14.223
2013,8,16,13.904
2013,8,17,13.565
2013,8,18,18.472
2013,8,19,17.994
2013,8,20,18.722
2013,8,21,19.025
2013,8,22,17.477
2013,8,23,15.345
2013,8,24,16.761
2013,8,25,16.095
2013,8,26,18.169
2013,8,27,16.09
2013,8,28,14.04
2013,8,29,18.379
2013,8,30,17.685
2013,8,31,18.463
2013,9,1,19.854
2013,9,2,17.025
2013,9,3,14.868
2013,9,4,14.132
2013,9,5,11.988
2013,9,6,10.516
2013,9,7,10.809
2013,9,8,15.769
2013,9,9,14.71
2013,9,10,18.604
2013,9,11,16.282
2013,9,12,15.278
2013,9,13,14.69
2013,9,14,14.458
2013,9,15,16.842
2013,9,16,14.433
2013,9,17,10.447
2013,9,18,12.332
2013,9,19,14.007
2013,9,20,14.144
2013,9,21,12.39
2013,9,22,12.908
2013,9,23,10.219
2013,9,24,9.1557
2013,9,25,8.5784
2013,9,26,9.0198
2013,9,27,10.158
2013,9,28,12.457
2013,9,29,10.921
2013,9,30,8.6298
2013,10,1,7.8245
2013,10,2,6.6028
2013,10,3,4.6456
2013,10,4,5.8445
2013,10,5,5.0686
2013,10,6,7.0855
2013,10,7,9.6285
2013,10,8,9.4088
2013,10,9,14.032
2013,10,10,13.712
2013,10,11,11.626
2013,10,12,11.458
2013,10,13,9.3131
2013,10,14,7.2101
2013,10,15,10.007
2013,10,16,9.1851
2013,10,17,8.4833
2013,10,18,6.1824
2013,10,19,4.3019
2013,10,20,10.021
2013,10,21,10.69
2013,10,22,10.066
2013,10,23,10.546
2013,10,24,10.672
2013,10,25,9.8271
2013,10,26,8.3179
2013,10,27,8.2848
2013,10,28,10.707
2013,10,29,13.23
2013,10,30,12.135
2013,10,31,15.137
2013,11,1,15.259
2013,11,2,14.4
2013,11,3,13.54
2013,11,4,11.549
2013,11,5,10.407
2013,11,6,10.617
2013,11,7,12.975
2013,11,8,10.618
2013,11,9,14.426
2013,11,10,14.798
2013,11,11,14.431
2013,11,12,14.012
2013,11,13,13.553
2013,11,14,13.413
2013,11,15,12.868
2013,11,16,11.603
2013,11,17,11.997
2013,11,18,9.5401
2013,11,19,7.6318
2013,11,20,6.481
2013,11,21,8.4034
2013,11,22,6.3913
2013,11,23,7.9159
2013,11,24,6.5398
2013,11,25,7.8254
2013,11,26,8.8359
2013,11,27,8.1962
2013,11,28,6.7048
2013,11,29,5.7285
2013,11,30,4.133
2013,12,1,9.3698
2013,12,2,5.2943
2013,12,3,4.685
2013,12,4,6.8452
2013,12,5,9.1122
2013,12,6,9.6183
2013,12,7,4.6571
2013,12,8,2.3543
2013,12,9,5.8544
2013,12,10,2.5545
2013,12,11,4.3695
2013,12,12,2.0654
2013,12,13,0.38791
2013,12,14,0.083073
2013,12,15,0.63153
2013,12,16,2.2774
2013,12,17,7.397
2013,12,18,3.9598
2013,12,19,4.2325
2013,12,20,5.6298
2013,12,21,1.2574
2013,12,22,11.623
2013,12,23,4.3378
2013,12,24,2.9934
2013,12,25,2.9845
2013,12,26,5.0113
2013,12,27,2.5165
2013,12,28,5.167
2013,12,29,7.7885
2013,12,30,2.6512
2013,12,31,3.0564
2014,1,1,1.5383
2014,1,2,-0.59876
2014,1,3,-0.59568
2014,1,4,1.8033
2014,1,5,0.80488
2014,1,6,1.0523
2014,1,7,-0.42517
2014,1,8,-1.0489
2014,1,9,2.3688
2014,1,10,5.5306
2014,1,11,4.957
2014,1,12,5.3158
2014,1,13,3.9419
2014,1,14,0.63534
2014,1,15,0.66854
2014,1,16,0.79078
2014,1,17,3.0503
2014,1,18,2.6378
2014,1,19,6.2714
2014,1,20,7.3701
2014,1,21,7.0913
2014,1,22,3.5758
2014,1,23,1.968
2014,1,24,5.7971
2014,1,25,5.4654
2014,1,26,1.8735
2014,1,27,-0.16518
2014,1,28,2.7664
2014,1,29,1.1657
2014,1,30,0.82965
2014,1,31,-0.27914
2014,2,1,1.5028
2014,2,2,3.1018
2014,2,3,4.1106
2014,2,4,2.0438
2014,2,5,-0.18963
2014,2,6,1.179
2014,2,7,-0.22586
2014,2,8,1.093
2014,2,9,-0.38066
2014,2,10,-0.54629
2014,2,11,-0.19993
2014,2,12,-0.03328
2014,2,13,-0.015377
2014,2,14,1.8303
2014,2,15,2.2255
2014,2,16,1.1229
2014,2,17,2.6896
2014,2,18,7.4036
2014,2,19,3.5443
2014,2,20,1.348
2014,2,21,4.9962
2014,2,22,1.4249
2014,2,23,0.26412
2014,2,24,3.8856
2014,2,25,2.5831
2014,2,26,1.4404
2014,2,27,3.2992
2014,2,28,2.7191
2014,3,1,1.9806
2014,3,2,1.3378
2014,3,3,2.1234
2014,3,4,2.8777
2014,3,5,4.8267
2014,3,6,3.0325
2014,3,7,3.7091
2014,3,8,1.62
2014,3,9,-0.18025
2014,3,10,2.1585
2014,3,11,1.1615
2014,3,12,-0.27103
2014,3,13,0.57286
2014,3,14,-0.42747
2014,3,15,1.5636
2014,3,16,0.72587
2014,3,17,0.25643
2014,3,18,0.89885
2014,3,19,1.5797
2014,3,20,4.0525
2014,3,21,9.1591
2014,3,22,7.1985
2014,3,23,6.2992
2014,3,24,5.1216
2014,3,25,3.4009
2014,3,26,9.0559
2014,3,27,9.2897
2014,3,28,11.846
2014,3,29,6.8532
2014,3,30,6.872
2014,3,31,4.4643
2014,4,1,8.63
2014,4,2,9.7966
2014,4,3,6.3073
2014,4,4,4.2383
2014,4,5,7.2149
2014,4,6,6.8671
2014,4,7,5.4189
2014,4,8,4.6015
2014,4,9,3.8489
2014,4,10,4.736
2014,4,11,6.2226
2014,4,12,6.9725
2014,4,13,5.3042
2014,4,14,3.2625
2014,4,15,7.9888
2014,4,16,7.559
2014,4,17,9.15
2014,4,18,8.4056
2014,4,19,8.0507
2014,4,20,5.932
2014,4,21,4.7045
2014,4,22,4.4741
2014,4,23,4.9827
2014,4,24,7.8664
2014,4,25,6.6121
2014,4,26,6.0315
2014,4,27,7.7147
2014,4,28,10.922
2014,4,29,8.131
2014,4,30,6.5017
2014,5,1,8.7746
2014,5,2,9.1283
2014,5,3,9.2484
2014,5,4,12.749
2014,5,5,8.2622
2014,5,6,6.7349
2014,5,7,9.2657
2014,5,8,7.4771
2014,5,9,10.051
2014,5,10,11.389
2014,5,11,8.2247
2014,5,12,7.5655
2014,5,13,12.909
2014,5,14,12.394
2014,5,15,12.1
2014,5,16,13.073
2014,5,17,13.952
2014,5,18,13.233
2014,5,19,13.881
2014,5,20,12.81
2014,5,21,12.801
2014,5,22,13.641
2014,5,23,13.534
2014,5,24,10.954
2014,5,25,11.492
2014,5,26,12.636
2014,5,27,13.526
2014,5,28,11.638
2014,5,29,12.234
2014,5,30,13.688
2014,5,31,11.571
2014,6,1,10.662
2014,6,2,11.544
2014,6,3,12.748
2014,6,4,11.769
2014,6,5,14.337
2014,6,6,17.365
2014,6,7,15.639
2014,6,8,16.926
2014,6,9,15.762
2014,6,10,16.053
2014,6,11,15.692
2014,6,12,12.196
2014,6,13,9.879
2014,6,14,10.183
2014,6,15,14.678
2014,6,16,12.267
2014,6,17,13.516
2014,6,18,15.267
2014,6,19,17.609
2014,6,20,19.279
2014,6,21,19.256
2014,6,22,18.189
2014,6,23,17.43
2014,6,24,16.548
2014,6,25,17.026
2014,6,26,17.917
2014,6,27,15.569
2014,6,28,15.376
2014,6,29,15.9
2014,6,30,18.449
2014,7,1,17.985
2014,7,2,16.207
2014,7,3,15.24
2014,7,4,13.78
2014,7,5,12.277
2014,7,6,14.261
2014,7,7,14.432
2014,7,8,15.801
2014,7,9,16.985
2014,7,10,18.282
2014,7,11,18.099
2014,7,12,18.348
2014,7,13,18.482
2014,7,14,21.281
2014,7,15,21.164
2014,7,16,19.152
2014,7,17,18.589
2014,7,18,18.331
2014,7,19,16.44
2014,7,20,19.303
2014,7,21,18.527
2014,7,22,15.211
2014,7,23,13.71
2014,7,24,12.448
2014,7,25,12.98
2014,7,26,12.314
2014,7,27,13.48
2014,7,28,16.199
2014,7,29,18.286
2014,7,30,19.709
2014,7,31,19.476
2014,8,1,17.444
2014,8,2,19.259
2014,8,3,19.829
2014,8,4,18.673
2014,8,5,19.535
2014,8,6,19.894
2014,8,7,18.548
2014,8,8,17.309
2014,8,9,16.296
2014,8,10,15.038
2014,8,11,15.961
2014,8,12,18.684
2014,8,13,19.61
2014,8,14,17.264
2014,8,15,15.162
2014,8,16,15.107
2014,8,17,17.745
2014,8,18,14.34
2014,8,19,15.632
2014,8,20,15.196
2014,8,21,14.222
2014,8,22,20.391
2014,8,23,20.455
2014,8,24,17.384
2014,8,25,13.483
2014,8,26,13.707
2014,8,27,17.194
2014,8,28,15.67
2014,8,29,18.272
2014,8,30,14.425
2014,8,31,12.877
2014,9,1,15.822
2014,9,2,17.648
2014,9,3,15.292
2014,9,4,14.731
2014,9,5,12.402
2014,9,6,14.997
2014,9,7,14.19
2014,9,8,15.97
2014,9,9,14.157
2014,9,10,13.022
2014,9,11,11.173
2014,9,12,11.101
2014,9,13,10.817
2014,9,14,9.3929
2014,9,15,10.746
2014,9,16,11.796
2014,9,17,12.849
2014,9,18,14.057
2014,9,19,16.214
2014,9,20,16.504
2014,9,21,13.483
2014,9,22,12.377
2014,9,23,11.772
2014,9,24,11.732
2014,9,25,9.2739
2014,9,26,10.517
2014,9,27,8.9621
2014,9,28,7.6046
2014,9,29,7.2794
2014,9,30,8.1988
2014,10,1,8.1368
2014,10,2,8.7204
2014,10,3,8.517
2014,10,4,9.5061
2014,10,5,9.7064
2014,10,6,12.114
2014,10,7,9.5899
2014,10,8,9.838
2014,10,9,9.4673
2014,10,10,13.046
2014,10,11,14.277
2014,10,12,13.866
2014,10,13,13.189
2014,10,14,15.753
2014,10,15,12.204
2014,10,16,10.884
2014,10,17,8.906
2014,10,18,8.7721
2014,10,19,6.8542
2014,10,20,7.6191
2014,10,21,9.0463
2014,10,22,10.512
2014,10,23,7.3049
2014,10,24,6.0106
2014,10,25,12.525
2014,10,26,8.2123
2014,10,27,8.1269
2014,10,28,10.077
2014,10,29,8.11
2014,10,30,7.6021
2014,10,31,4.961
2014,11,1,5.1644
2014,11,2,6.5296
2014,11,3,7.6865
2014,11,4,9.2865
2014,11,5,7.5126
2014,11,6,8.9077
2014,11,7,13.594
2014,11,8,10.732
2014,11,9,5.6486
2014,11,10,6.3839
2014,11,11,10.863
2014,11,12,6.8425
2014,11,13,3.5543
2014,11,14,6.8631
2014,11,15,5.8473
2014,11,16,2.6444
2014,11,17,7.7778
2014,11,18,5.1647
2014,11,19,2.0622
2014,11,20,1.8334
2014,11,21,5.0967
2014,11,22,3.2127
2014,11,23,3.3393
2014,11,24,1.781
2014,11,25,2.671
2014,11,26,4.6034
2014,11,27,4.095
2014,11,28,2.5691
2014,11,29,3.4697
2014,11,30,0.75954
2014,12,1,5.028
2014,12,2,4.607
2014,12,3,1.3596
2014,12,4,5.4878
2014,12,5,3.0052
2014,12,6,1.3688
2014,12,7,4.4788
2014,12,8,6.2239
2014,12,9,6.3312
2014,12,10,6.1034
2014,12,11,2.8347
2014,12,12,1.5586
2014,12,13,0.71961
2014,12,14,0.73222
2014,12,15,0.7814
2014,12,16,2.6904
2014,12,17,9.5287
2014,12,18,3.0537
2014,12,19,1.2205
2014,12,20,11.65
2014,12,21,3.6139
2014,12,22,1.5578
2014,12,23,6.4178
2014,12,24,3.5464
2014,12,25,2.1859
2014,12,26,6.0725
2014,12,27,3.6627
2014,12,28,2.4548
2014,12,29,5.7235
2014,12,30,0.58484
2014,12,31,-0.24265
2015,1,1,4.2152
2015,1,2,1.4805
2015,1,3,-0.78299
2015,1,4,-1.0038
2015,1,5,2.3452
2015,1,6,2.4058
2015,1,7,0.60183
2015,1,8,1.4939
2015,1,9,4.0466
2015,1,10,3.673
2015,1,11,0.81484
2015,1,12,3.8333
2015,1,13,3.0014
2015,1,14,1.139
2015,1,15,4.6666
2015,1,16,0.20822
2015,1,17,1.9866
2015,1,18,1.5423
2015,1,19,0.65196
2015,1,20,3.2797
2015,1,21,5.7524
2015,1,22,4.2422
2015,1,23,2.4117
2015,1,24,0.62292
2015,1,25,5.2136
2015,1,26,0.19963
2015,1,27,1.3083
2015,1,28,7.4054
2015,1,29,5.0073
2015,1,30,6.9595
2015,1,31,4.2048
2015,2,1,5.0409
2015,2,2,4.9629
2015,2,3,2.7866
2015,2,4,5.2602
2015,2,5,3.0268
2015,2,6,5.9029
2015,2,7,4.9426
2015,2,8,5.3694
2015,2,9,4.8646
2015,2,10,5.3217
2015,2,11,3.5258
2015,2,12,1.8898
2015,2,13,3.2695
2015,2,14,6.4709
2015,2,15,4.3037
2015,2,16,3.586
2015,2,17,1.7201
2015,2,18,4.2577
2015,2,19,4.2039
2015,2,20,1.0668
2015,2,21,1.3908
2015,2,22,4.6493
2015,2,23,5.2542
2015,2,24,7.2427
2015,2,25,4.1873
2015,2,26,0.92723
2015,2,27,6.7497
2015,2,28,3.2331
2015,3,1,1.4752
2015,3,2,4.541
2015,3,3,3.6377
2015,3,4,2.7376
2015,3,5,5.078
2015,3,6,3.0766
2015,3,7,4.0409
2015,3,8,4.441
2015,3,9,2.0834
2015,3,10,2.1017
2015,3,11,3.757
2015,3,12,4.1322
2015,3,13,3.469
2015,3,14,4.7195
2015,3,15,7.1756
2015,3,16,6.7133
2015,3,17,6.4183
2015,3,18,5.525
2015,3,19,8.6726
2015,3,20,7.1129
2015,3,21,5.7133
2015,3,22,2.6511
2015,3,23,2.7903
2015,3,24,2.8753
2015,3,25,2.0067
2015,3,26,7.8442
2015,3,27,5.8135
2015,3,28,6.1705
2015,3,29,7.1951
2015,3,30,8.7974
2015,3,31,8.1609
2015,4,1,11.208
2015,4,2,5.7467
2015,4,3,2.9177
2015,4,4,6.7594
2015,4,5,8.0505
2015,4,6,10.049
2015,4,7,8.6133
2015,4,8,6.9061
2015,4,9,6.7605
2015,4,10,5.2612
2015,4,11,5.4178
2015,4,12,7.4466
2015,4,13,5.1259
2015,4,14,5.4087
2015,4,15,7.1983
2015,4,16,7.7373
2015,4,17,8.9155
2015,4,18,8.5623
2015,4,19,8.4058
2015,4,20,8.8801
2015,4,21,10.487
2015,4,22,10.621
2015,4,23,10.255
2015,4,24,7.2374
2015,4,25,7.1566
2015,4,26,8.277
2015,4,27,11.82
2015,4,28,8.237
2015,4,29,7.1544
2015,4,30,6.9227
2015,5,1,7.47
2015,5,2,9.4205
2015,5,3,7.9814
2015,5,4,7.2806
2015,5,5,5.9616
2015,5,6,6.0413
2015,5,7,5.9863
2015,5,8,7.3648
2015,5,9,9.1562
2015,5,10,12.28
2015,5,11,11.476
2015,5,12,12.433
2015,5,13,11.18
2015,5,14,11.428
2015,5,15,9.4898
2015,5,16,10.263
2015,5,17,14.729
2015,5,18,15.135
2015,5,19,13.261
2015,5,20,11.235
2015,5,21,13.056
2015,5,22,17.286
2015,5,23,16.922
2015,5,24,15.246
2015,5,25,13.291
2015,5,26,15.218
2015,5,27,13.726
2015,5,28,14.884
2015,5,29,16.947
2015,5,30,18.851
2015,5,31,18.579
2015,6,1,18.033
2015,6,2,16.655
2015,6,3,17.253
2015,6,4,15.041
2015,6,5,15.007
2015,6,6,15.002
2015,6,7,16.609
2015,6,8,17.466
2015,6,9,14.92
2015,6,10,15.019
2015,6,11,14.687
2015,6,12,14.377
2015,6,13,15.669
2015,6,14,15.412
2015,6,15,18.609
2015,6,16,15.434
2015,6,17,12.7
2015,6,18,14.573
2015,6,19,15.57
2015,6,20,15.18
2015,6,21,14.1
2015,6,22,13.967
2015,6,23,15.111
2015,6,24,14.289
2015,6,25,16.423
2015,6,26,18.094
2015,6,27,18.219
2015,6,28,16.906
2015,6,29,16.991
2015,6,30,17.921
2015,7,1,18.02
2015,7,2,15.746
2015,7,3,15.312
2015,7,4,18.152
2015,7,5,18.605
2015,7,6,19.348
2015,7,7,19.917
2015,7,8,19.731
2015,7,9,19.557
2015,7,10,19.536
2015,7,11,18.927
2015,7,12,17.83
2015,7,13,18.355
2015,7,14,17.076
2015,7,15,16.544
2015,7,16,15.638
2015,7,17,14.406
2015,7,18,15.954
2015,7,19,15.632
2015,7,20,16.379
2015,7,21,16.051
2015,7,22,15.875
2015,7,23,16.327
2015,7,24,18.31
2015,7,25,16.464
2015,7,26,16.348
2015,7,27,18.106
2015,7,28,15.073
2015,7,29,16.902
2015,7,30,18.419
2015,7,31,17.275
2015,8,1,17.732
2015,8,2,17.586
2015,8,3,15.609
2015,8,4,15.808
2015,8,5,18.948
2015,8,6,17.931
2015,8,7,19.776
2015,8,8,19.584
2015,8,9,18.062
2015,8,10,17.485
2015,8,11,21.515
2015,8,12,20.558
2015,8,13,20.074
2015,8,14,21.527
2015,8,15,20.229
2015,8,16,20.804
2015,8,17,19.778
2015,8,18,22.311
2015,8,19,20.785
2015,8,20,21.237
2015,8,21,19.214
2015,8,22,18.996
2015,8,23,19.136
2015,8,24,18
2015,8,25,16.04
2015,8,26,13.486
2015,8,27,16.016
2015,8,28,18.096
2015,8,29,18.856
2015,8,30,18.213
2015,8,31,17.896
2015,9,1,15.951
2015,9,2,20.141
2015,9,3,21.237
2015,9,4,19.738
2015,9,5,18.061
2015,9,6,19.024
2015,9,7,15.579
2015,9,8,14.337
2015,9,9,13.616
2015,9,10,13.918
2015,9,11,11.221
2015,9,12,14.397
2015,9,13,17.514
2015,9,14,17.955
2015,9,15,17.194
2015,9,16,14.921
2015,9,17,17.459
2015,9,18,13.75
2015,9,19,10.212
2015,9,20,12.677
2015,9,21,12.672
2015,9,22,13.914
2015,9,23,14.233
2015,9,24,16.924
2015,9,25,19.033
2015,9,26,16.833
2015,9,27,14.304
2015,9,28,13.094
2015,9,29,12.511
2015,9,30,9.9646
2015,10,1,9.6268
2015,10,2,10.404
2015,10,3,10.94
2015,10,4,11.109
2015,10,5,11.38
2015,10,6,14.928
2015,10,7,14.625
2015,10,8,13.609
2015,10,9,12.262
2015,10,10,13.177
2015,10,11,13.759
2015,10,12,13.314
2015,10,13,15.923
2015,10,14,13.682
2015,10,15,14.167
2015,10,16,15.028
2015,10,17,13.256
2015,10,18,11.392
2015,10,19,11.121
2015,10,20,9.8909
2015,10,21,8.8962
2015,10,22,8.2956
2015,10,23,9.7738
2015,10,24,7.2545
2015,10,25,3.4819
2015,10,26,8.8686
2015,10,27,5.3777
2015,10,28,3.8833
2015,10,29,2.6999
2015,10,30,5.7811
2015,10,31,4.9236
2015,11,1,5.7448
2015,11,2,9.1431
2015,11,3,16.629
2015,11,4,16.696
2015,11,5,14.333
2015,11,6,12.442
2015,11,7,13.833
2015,11,8,12.881
2015,11,9,12.693
2015,11,10,10.899
2015,11,11,10.058
2015,11,12,9.1914
2015,11,13,9.4569
2015,11,14,7.0666
2015,11,15,5.8773
2015,11,16,4.9915
2015,11,17,6.6139
2015,11,18,3.5373
2015,11,19,7.3468
2015,11,20,7.1534
2015,11,21,9.2411
2015,11,22,7.407
2015,11,23,3.2928
2015,11,24,0.73729
2015,11,25,6.6398
2015,11,26,6.0456
2015,11,27,10.251
2015,11,28,9.9648
2015,11,29,8.4065
2015,11,30,12.941
2015,12,1,6.7665
2015,12,2,4.2443
2015,12,3,1.9228
2015,12,4,7.5829
2015,12,5,5.552
2015,12,6,2.9931
2015,12,7,4.6671
2015,12,8,5.0571
2015,12,9,5.7648
2015,12,10,9.6488
2015,12,11,6.8357
2015,12,12,6.3959
2015,12,13,4.5188
2015,12,14,4.2628
2015,12,15,8.4541
2015,12,16,3.8576
2015,12,17,2.4569
2015,12,18,2.0953
2015,12,19,2.3013
2015,12,20,2.2702
2015,12,21,1.1581
2015,12,22,3.0498
2015,12,23,6.5616
2015,12,24,3.2452
2015,12,25,3.846
2015,12,26,4.8787
2015,12,27,2.5599
2015,12,28,2.3172
2015,12,29,6.9817
2015,12,30,3.7526
2015,12,31,2.0718
2016,1,1,0.017999
2016,1,2,-0.45601
2016,1,3,-1.1934
2016,1,4,-1.3219
2016,1,5,4.2886
2016,1,6,4.3189
2016,1,7,0.85917
2016,1,8,1.2832
2016,1,9,-0.29907
2016,1,10,1.3942
2016,1,11,-0.47206
2016,1,12,-1.8426
2016,1,13,-2.179
2016,1,14,-2.1991
2016,1,15,0.81324
2016,1,16,-0.8351
2016,1,17,-1.6662
2016,1,18,1.3371
2016,1,19,-0.71777
2016,1,20,-0.47829
2016,1,21,1.4121
2016,1,22,2.5632
2016,1,23,6.9214
2016,1,24,5.1563
2016,1,25,5.8573
2016,1,26,2.3476
2016,1,27,2.4098
2016,1,28,3.6431
2016,1,29,7.2405
2016,1,30,3.7644
2016,1,31,5.5355
2016,2,1,8.3198
2016,2,2,1.3717
2016,2,3,0.32748
2016,2,4,0.85537
2016,2,5,1.7316
2016,2,6,-0.38468
2016,2,7,-1.4049
2016,2,8,8.5206
2016,2,9,5.077
2016,2,10,0.85884
2016,2,11,1.8846
2016,2,12,2.2057
2016,2,13,4.3853
2016,2,14,5.1882
2016,2,15,7.0411
2016,2,16,1.6179
2016,2,17,1.1314
2016,2,18,4.2795
2016,2,19,2.0832
2016,2,20,1.0887
2016,2,21,0.73541
2016,2,22,-0.39994
2016,2,23,1.1249
2016,2,24,6.9057
2016,2,25,9.6882
2016,2,26,10.819
2016,2,27,7.6527
2016,2,28,5.6791
2016,2,29,2.7077
2016,3,1,5.2015
2016,3,2,4.3258
2016,3,3,2.3563
2016,3,4,0.99307
2016,3,5,5.4888
2016,3,6,3.4257
2016,3,7,4.2842
2016,3,8,7.1917
2016,3,9,6.0091
2016,3,10,4.715
2016,3,11,4.4842
2016,3,12,9.668
2016,3,13,9.0646
2016,3,14,6.4276
2016,3,15,6.7089
2016,3,16,5.1365
2016,3,17,1.9819
2016,3,18,5.052
2016,3,19,2.8517
2016,3,20,11.457
2016,3,21,5.9528
2016,3,22,4.3838
2016,3,23,5.024
2016,3,24,6.588
2016,3,25,6.7426
2016,3,26,5.2478
2016,3,27,7.0416
2016,3,28,7.9172
2016,3,29,4.8385
2016,3,30,7.1107
2016,3,31,6.5943
2016,4,1,6.8715
2016,4,2,5.4695
2016,4,3,5.1852
2016,4,4,6.8558
2016,4,5,4.9395
2016,4,6,5.2457
2016,4,7,7.0687
2016,4,8,8.3863
2016,4,9,6.2862
2016,4,10,3.6546
2016,4,11,7.8344
2016,4,12,6.9449
2016,4,13,6.6811
2016,4,14,9.6618
2016,4,15,8.8774
2016,4,16,5.8835
2016,4,17,7.9894
2016,4,18,7.7792
2016,4,19,7.7144
2016,4,20,5.0347
2016,4,21,5.167
2016,4,22,4.2474
2016,4,23,5.361
2016,4,24,4.5758
2016,4,25,5.083
2016,4,26,7.0958
2016,4,27,8.673
2016,4,28,7.2077
2016,4,29,5.2446
2016,4,30,6.0188
2016,5,1,6.417
2016,5,2,8.3068
2016,5,3,9.8313
2016,5,4,8.6826
2016,5,5,6.9132
2016,5,6,8.6865
2016,5,7,10.37
2016,5,8,11.406
2016,5,9,10.871
2016,5,10,10.828
2016,5,11,12.825
2016,5,12,11.852
2016,5,13,9.5626
2016,5,14,7.091
2016,5,15,12.74
2016,5,16,11.185
2016,5,17,9.4298
2016,5,18,9.1201
2016,5,19,11.209
2016,5,20,8.0218
2016,5,21,8.0203
2016,5,22,12.017
2016,5,23,8.2472
2016,5,24,5.8591
2016,5,25,10.796
2016,5,26,7.5995
2016,5,27,11.322
2016,5,28,10.504
2016,5,29,10.777
2016,5,30,11.376
2016,5,31,9.7429
2016,6,1,11.028
2016,6,2,12.863
2016,6,3,14.317
2016,6,4,16.209
2016,6,5,16.855
2016,6,6,14.604
2016,6,7,13.296
2016,6,8,12.758
2016,6,9,13.448
2016,6,10,16.574
2016,6,11,14.531
2016,6,12,13.717
2016,6,13,12.227
2016,6,14,12.662
2016,6,15,17.007
2016,6,16,17.513
2016,6,17,16.362
2016,6,18,16.324
2016,6,19,16.234
2016,6,20,14.59
2016,6,21,13.769
2016,6,22,14.323
2016,6,23,14.836
2016,6,24,13.607
2016,6,25,13.151
2016,6,26,12.437
2016,6,27,17.453
2016,6,28,17.611
2016,6,29,16.967
2016,6,30,19.275
2016,7,1,19.222
2016,7,2,16.141
2016,7,3,13.647
2016,7,4,13.327
2016,7,5,13.754
2016,7,6,14.788
2016,7,7,14.844
2016,7,8,16.832
2016,7,9,18.945
2016,7,10,18.694
2016,7,11,19.787
2016,7,12,21.553
2016,7,13,19.084
2016,7,14,19.217
2016,7,15,20.724
2016,7,16,21.689
2016,7,17,20.687
2016,7,18,23.172
2016,7,19,22.775
2016,7,20,20.21
2016,7,21,20.219
2016,7,22,21.502
2016,7,23,20.76
2016,7,24,20.416
2016,7,25,18.452
2016,7,26,16.425
2016,7,27,15.761
2016,7,28,15.652
2016,7,29,12.799
2016,7,30,15.176
2016,7,31,17.336
2016,8,1,15.275
2016,8,2,15.288
2016,8,3,17.714
2016,8,4,15.609
2016,8,5,17.493
2016,8,6,16.666
2016,8,7,15.227
2016,8,8,19.141
2016,8,9,18.869
2016,8,10,18.065
2016,8,11,17.53
2016,8,12,16.88
2016,8,13,17.602
2016,8,14,17.271
2016,8,15,16.841
2016,8,16,16.138
2016,8,17,15.784
2016,8,18,17.417
2016,8,19,16.802
2016,8,20,14.63
2016,8,21,13.787
2016,8,22,11.794
2016,8,23,10.63
2016,8,24,12.541
2016,8,25,10.932
2016,8,26,11.547
2016,8,27,11.237
2016,8,28,11.162
2016,8,29,10.621
2016,8,30,14.454
2016,8,31,16.805
2016,9,1,12.825
2016,9,2,9.6194
2016,9,3,11.527
2016,9,4,16.845
2016,9,5,17.397
2016,9,6,13.709
2016,9,7,11.274
2016,9,8,12.857
2016,9,9,12.76
2016,9,10,9.7738
2016,9,11,12.351
2016,9,12,13.328
2016,9,13,11.031
2016,9,14,12.783
2016,9,15,10.753
2016,9,16,13.368
2016,9,17,16.907
2016,9,18,17.282
2016,9,19,15.998
2016,9,20,15.255
2016,9,21,11.885
2016,9,22,9.6222
2016,9,23,9.4536
2016,9,24,9.1959
2016,9,25,7.3488
2016,9,26,12.074
2016,9,27,9.046
2016,9,28,9.1466
2016,9,29,9.8483
2016,9,30,13.654
2016,10,1,10.513
2016,10,2,7.8364
2016,10,3,13.272
2016,10,4,13.348
2016,10,5,9.5655
2016,10,6,9.1727
2016,10,7,10.278
2016,10,8,11.488
2016,10,9,17.219
2016,10,10,15.147
2016,10,11,16.88
2016,10,12,14.659
2016,10,13,13.484
2016,10,14,12.196
2016,10,15,10.47
2016,10,16,9.0777
2016,10,17,7.2771
2016,10,18,6.6239
2016,10,19,6.622
2016,10,20,8.8585
2016,10,21,11.024
2016,10,22,5.636
2016,10,23,2.9039
2016,10,24,2.0914
2016,10,25,1.007
2016,10,26,1.4902
2016,10,27,7.3146
2016,10,28,6.6621
2016,10,29,5.4813
2016,10,30,14.337
2016,10,31,7.1978
2016,11,1,4.108
2016,11,2,13.191
2016,11,3,10.443
2016,11,4,7.8024
2016,11,5,7.8274
2016,11,6,5.9661
2016,11,7,4.4367
2016,11,8,5.9397
2016,11,9,4.8286
2016,11,10,3.1477
2016,11,11,2.7446
2016,11,12,2.4026
2016,11,13,2.8752
2016,11,14,1.225
2016,11,15,3.8189
2016,11,16,1.4341
2016,11,17,1.1049
2016,11,18,3.3022
2016,11,19,5.5808
2016,11,20,7.2609
2016,11,21,14.09
2016,11,22,10.162
2016,11,23,8.6179
2016,11,24,6.4578
2016,11,25,7.3236
2016,11,26,5.1727
2016,11,27,3.0373
2016,11,28,0.27952
2016,11,29,1.8292
2016,11,30,1.8848
2016,12,1,1.1312
2016,12,2,5.3727
2016,12,3,8.6534
2016,12,4,7.5503
2016,12,5,2.3898
2016,12,6,-0.17206
2016,12,7,-0.36572
2016,12,8,1.0162
2016,12,9,2.7462
2016,12,10,-0.045752
2016,12,11,1.3572
2016,12,12,4.7528
2016,12,13,5.799
2016,12,14,1.9273
2016,12,15,1.5909
2016,12,16,1.5166
2016,12,17,0.55955
2016,12,18,0.41246
2016,12,19,3.532
2016,12,20,2.046
2016,12,21,1.4408
2016,12,22,-0.051469
2016,12,23,-0.28686
2016,12,24,5.2835
2016,12,25,6.6427
2016,12,26,4.0732
2016,12,27,3.3236
2016,12,28,2.4486
2016,12,29,0.0099731
2016,12,30,2.7292
2016,12,31,9.6356
2017,1,1,11.201
2017,1,2,10.453
2017,1,3,7.9469
2017,1,4,3.3755
2017,1,5,2.9579
2017,1,6,5.6265
2017,1,7,4.7868
2017,1,8,4.4068
2017,1,9,3.7655
2017,1,10,6.4628
2017,1,11,4.3213
2017,1,12,1.326
2017,1,13,4.1245
2017,1,14,2.8273
2017,1,15,2.3252
2017,1,16,2.2412
2017,1,17,0.41871
2017,1,18,0.37893
2017,1,19,2.5893
2017,1,20,2.4944
2017,1,21,0.64384
2017,1,22,-0.012081
2017,1,23,-0.90358
2017,1,24,-0.062903
2017,1,25,0.7061
2017,1,26,1.2309
2017,1,27,0.5133
2017,1,28,1.1543
2017,1,29,1.3614
2017,1,30,2.6931
2017,1,31,1.344
2017,2,1,2.3632
2017,2,2,0.81977
2017,2,3,-0.28521
2017,2,4,1.1132
2017,2,5,0.36689
2017,2,6,0.36598
2017,2,7,-0.40526
2017,2,8,2.1314
2017,2,9,4.3255
2017,2,10,1.3226
2017,2,11,1.4353
2017,2,12,3.826
2017,2,13,2.2166
2017,2,14,1.3097
2017,2,15,-0.19771
2017,2,16,-0.21543
2017,2,17,0.86501
2017,2,18,0.08291
2017,2,19,1.4062
2017,2,20,0.76364
2017,2,21,1.3521
2017,2,22,0.65768
2017,2,23,7.6065
2017,2,24,5.0636
2017,2,25,5.6779
2017,2,26,2.6718
2017,2,27,1.3256
2017,2,28,5.2269
2017,3,1,2.7491
2017,3,2,1.3286
2017,3,3,3.4394
2017,3,4,1.9356
2017,3,5,1.2366
2017,3,6,0.77694
2017,3,7,1.8913
2017,3,8,0.59105
2017,3,9,5.6189
2017,3,10,2.7959
2017,3,11,5.5105
2017,3,12,4.4581
2017,3,13,4.9
2017,3,14,9.6295
2017,3,15,8.913
2017,3,16,6.5122
2017,3,17,3.9651
2017,3,18,6.6544
2017,3,19,3.7222
2017,3,20,7.0093
2017,3,21,5.2795
2017,3,22,4.0332
2017,3,23,4.6703
2017,3,24,5.6426
2017,3,25,9.9976
2017,3,26,10.03
2017,3,27,7.2944
2017,3,28,7.2294
2017,3,29,10.233
2017,3,30,10.674
2017,3,31,8.5174
2017,4,1,6.1284
2017,4,2,9.0389
2017,4,3,8.3633
2017,4,4,8.7096
2017,4,5,8.265
2017,4,6,8.3756
2017,4,7,11.943
2017,4,8,11.473
2017,4,9,10.791
2017,4,10,10.777
2017,4,11,8.467
2017,4,12,7.3179
2017,4,13,6.9883
2017,4,14,7.523
2017,4,15,8.6949
2017,4,16,9.5142
2017,4,17,9.8052
2017,4,18,8.2919
2017,4,19,9.5471
2017,4,20,6.3078
2017,4,21,6.4226
2017,4,22,9.6609
2017,4,23,12.786
2017,4,24,13.199
2017,4,25,14.06
2017,4,26,11.885
2017,4,27,8.8774
2017,4,28,10.704
2017,4,29,10.855
2017,4,30,9.5812
2017,5,1,8.602
2017,5,2,9.9466
2017,5,3,10.472
2017,5,4,11.362
2017,5,5,11.838
2017,5,6,9.6884
2017,5,7,8.8128
2017,5,8,9.672
2017,5,9,7.1093
2017,5,10,6.1095
2017,5,11,8.3538
2017,5,12,10.04
2017,5,13,7.2931
2017,5,14,8.8138
2017,5,15,7.7943
2017,5,16,6.7315
2017,5,17,9.8022
2017,5,18,9.4574
2017,5,19,9.0511
2017,5,20,11.721
2017,5,21,11.155
2017,5,22,13.074
2017,5,23,14.258
2017,5,24,15.782
2017,5,25,14.094
2017,5,26,13.908
2017,5,27,13.907
2017,5,28,14.897
2017,5,29,15.7
2017,5,30,11.364
2017,5,31,9.6541
2017,6,1,8.6522
2017,6,2,14.95
2017,6,3,16.37
2017,6,4,13.929
2017,6,5,16.254
2017,6,6,12.964
2017,6,7,11.507
2017,6,8,11.246
2017,6,9,11.479
2017,6,10,12.418
2017,6,11,11.38
2017,6,12,16.022
2017,6,13,14.983
2017,6,14,15.195
2017,6,15,14.795
2017,6,16,14.505
2017,6,17,14.615
2017,6,18,15.858
2017,6,19,17.367
2017,6,20,19.008
2017,6,21,18.916
2017,6,22,17.203
2017,6,23,15.676
2017,6,24,15.05
2017,6,25,14.915
2017,6,26,14.935
2017,6,27,12.556
2017,6,28,17.594
2017,6,29,19.366
2017,6,30,18.767
2017,7,1,18.478
2017,7,2,18.93
2017,7,3,20.352
2017,7,4,21.271
2017,7,5,20.162
2017,7,6,21.415
2017,7,7,23.39
2017,7,8,20.475
2017,7,9,20.213
2017,7,10,20.825
2017,7,11,20.261
2017,7,12,19.802
2017,7,13,18.537
2017,7,14,20.446
2017,7,15,20.368
2017,7,16,18.521
2017,7,17,18.738
2017,7,18,18.19
2017,7,19,16.97
2017,7,20,17.045
2017,7,21,16.716
2017,7,22,16.779
2017,7,23,14.763
2017,7,24,14.568
2017,7,25,18.023
2017,7,26,20.018
2017,7,27,21.274
2017,7,28,19.341
2017,7,29,18.966
2017,7,30,22.156
2017,7,31,22.149
2017,8,1,21.159
2017,8,2,20.783
2017,8,3,20.319
2017,8,4,19.269
2017,8,5,19.524
2017,8,6,18.166
2017,8,7,18.995
2017,8,8,19.748
2017,8,9,18.746
2017,8,10,18.102
2017,8,11,19.979
2017,8,12,19.26
2017,8,13,17.345
2017,8,14,18.214
2017,8,15,20.116
2017,8,16,19.099
2017,8,17,18.273
2017,8,18,18.443
2017,8,19,19.603
2017,8,20,16.714
2017,8,21,18.2
2017,8,22,20.793
2017,8,23,20.494
2017,8,24,19.667
2017,8,25,16.67
2017,8,26,13.155
2017,8,27,14.832
2017,8,28,18.021
2017,8,29,18.301
2017,8,30,15.215
2017,8,31,14.771
2017,9,1,14.823
2017,9,2,16.185
2017,9,3,16.385
2017,9,4,18.303
2017,9,5,18.596
2017,9,6,16.704
2017,9,7,15.399
2017,9,8,17.365
2017,9,9,17.12
2017,9,10,17.32
2017,9,11,17.036
2017,9,12,19.606
2017,9,13,17.182
2017,9,14,15.04
2017,9,15,11.92
2017,9,16,9.3378
2017,9,17,6.8952
2017,9,18,9.4175
2017,9,19,11.415
2017,9,20,12.165
2017,9,21,14.155
2017,9,22,14.054
2017,9,23,15.156
2017,9,24,13.5
2017,9,25,11.408
2017,9,26,9.3024
2017,9,27,11.335
2017,9,28,12.622
2017,9,29,8.9064
2017,9,30,7.3845
2017,10,1,9.8745
2017,10,2,12.842
2017,10,3,11.621
2017,10,4,15.088
2017,10,5,11.265
2017,10,6,8.7018
2017,10,7,10.825
2017,10,8,16.106
2017,10,9,16.981
2017,10,10,18.006
2017,10,11,15.569
2017,10,12,15.023
2017,10,13,13.583
2017,10,14,12.645
2017,10,15,12.139
2017,10,16,16.335
2017,10,17,15.998
2017,10,18,12.598
2017,10,19,9.3021
2017,10,20,10.439
2017,10,21,11.755
2017,10,22,9.6933
2017,10,23,5.7549
2017,10,24,12.423
2017,10,25,13.455
2017,10,26,16.109
2017,10,27,14.419
2017,10,28,12.983
2017,10,29,12.179
2017,10,30,11.781
2017,10,31,9.1106
2017,11,1,6.9807
2017,11,2,8.7585
2017,11,3,6.0327
2017,11,4,8.1164
2017,11,5,5.3985
2017,11,6,7.5452
2017,11,7,9.9135
2017,11,8,12.087
2017,11,9,11.514
2017,11,10,10.238
2017,11,11,11.872
2017,11,12,15.04
2017,11,13,8.9868
2017,11,14,6.9788
2017,11,15,5.5036
2017,11,16,3.2648
2017,11,17,2.9914
2017,11,18,3.4712
2017,11,19,4.3111
2017,11,20,11.761
2017,11,21,5.1974
2017,11,22,2.6358
2017,11,23,5.7993
2017,11,24,5.2057
2017,11,25,7.4763
2017,11,26,6.7457
2017,11,27,5.8852
2017,11,28,3.9137
2017,11,29,4.891
2017,11,30,4.2166
2017,12,1,1.8433
2017,12,2,1.4412
2017,12,3,1.8713
2017,12,4,0.60094
2017,12,5,0.45217
2017,12,6,0.20454
2017,12,7,1.0586
2017,12,8,6.0222
2017,12,9,8.9902
2017,12,10,7.736
2017,12,11,7.5289
2017,12,12,6.3853
2017,12,13,2.276
2017,12,14,2.6883
2017,12,15,1.7928
2017,12,16,0.71936
2017,12,17,6.4827
2017,12,18,4.9423
2017,12,19,6.7099
2017,12,20,6.8538
2017,12,21,8.1683
2017,12,22,5.6773
2017,12,23,3.7715
2017,12,24,1.9246
2017,12,25,8.7056
2017,12,26,6.3223
2017,12,27,6.1431
2017,12,28,4.5958
2017,12,29,1.9225
2017,12,30,7.1279
2017,12,31,3.5412
2018,1,1,1.1608
2018,1,2,0.86998
2018,1,3,0.15082
2018,1,4,0.59158
2018,1,5,2.8748
2018,1,6,2.5807
2018,1,7,1.9024
2018,1,8,2.4583
2018,1,9,4.6086
2018,1,10,5.1067
2018,1,11,9.2192
2018,1,12,10.231
2018,1,13,9.4316
2018,1,14,3.2968
2018,1,15,3.1343
2018,1,16,7.2788
2018,1,17,4.8842
2018,1,18,3.4056
2018,1,19,0.81336
2018,1,20,2.4043
2018,1,21,3.6829
2018,1,22,5.207
2018,1,23,0.92882
2018,1,24,-0.045528
2018,1,25,4.0973
2018,1,26,3.2172
2018,1,27,8.1174
2018,1,28,10.715
2018,1,29,10.69
2018,1,30,8.586
2018,1,31,6.2205
2018,2,1,4.2544
2018,2,2,5.2265
2018,2,3,4.8516
2018,2,4,4.5008
2018,2,5,2.5741
2018,2,6,3.558
2018,2,7,4.445
2018,2,8,3.1452
2018,2,9,4.2871
2018,2,10,1.476
2018,2,11,1.1017
2018,2,12,0.70951
2018,2,13,1.8941
2018,2,14,3.913
2018,2,15,1.7966
2018,2,16,2.5954
2018,2,17,1.4552
2018,2,18,-0.9859
2018,2,19,-0.99369
2018,2,20,-0.15395
2018,2,21,1.1045
2018,2,22,2.8739
2018,2,23,1.6229
2018,2,24,-0.1098
2018,2,25,0.50995
2018,2,26,0.65914
2018,2,27,4.9994
2018,2,28,4.3733
2018,3,1,6.763
2018,3,2,6.0931
2018,3,3,6.4176
2018,3,4,4.4745
2018,3,5,7.5076
2018,3,6,6.3684
2018,3,7,7.1637
2018,3,8,9.0749
2018,3,9,6.6544
2018,3,10,5.2025
2018,3,11,5.168
2018,3,12,5.7316
2018,3,13,3.7832
2018,3,14,4.434
2018,3,15,5.9877
2018,3,16,4.4681
2018,3,17,4.1229
2018,3,18,3.3038
2018,3,19,8.7677
2018,3,20,9.4906
2018,3,21,5.6624
2018,3,22,3.5401
2018,3,23,4.1258
2018,3,24,6.0974
2018,3,25,6.9798
2018,3,26,3.41
2018,3,27,5.7672
2018,3,28,5.2311
2018,3,29,3.598
2018,3,30,4.5205
2018,3,31,3.8006
2018,4,1,4.8477
2018,4,2,5.3347
2018,4,3,4.4144
2018,4,4,6.7511
2018,4,5,5.3878
2018,4,6,3.7679
2018,4,7,5.1086
2018,4,8,3.9469
2018,4,9,2.3275
2018,4,10,8.6953
2018,4,11,9.8567
2018,4,12,7.8838
2018,4,13,6.9236
2018,4,14,11.56
2018,4,15,11.488
2018,4,16,11.22
2018,4,17,9.8442
2018,4,18,8.8304
2018,4,19,7.6329
2018,4,20,6.9114
2018,4,21,8.8961
2018,4,22,10.88
2018,4,23,8.8072
2018,4,24,8.7276
2018,4,25,8.1094
2018,4,26,12.389
2018,4,27,13.402
2018,4,28,11.411
2018,4,29,10.737
2018,4,30,10.597
2018,5,1,8.7271
2018,5,2,9.058
2018,5,3,10.227
2018,5,4,9.2273
2018,5,5,8.3351
2018,5,6,8.9329
2018,5,7,13.01
2018,5,8,12.284
2018,5,9,13.748
2018,5,10,12.764
2018,5,11,13.331
2018,5,12,13.402
2018,5,13,13.498
2018,5,14,14.028
2018,5,15,13.985
2018,5,16,13.604
2018,5,17,13.245
2018,5,18,11.679
2018,5,19,12.76
2018,5,20,8.7923
2018,5,21,8.5073
2018,5,22,7.2746
2018,5,23,10.821
2018,5,24,10.415
2018,5,25,9.2679
2018,5,26,11.735
2018,5,27,10.334
2018,5,28,9.0679
2018,5,29,8.8663
2018,5,30,6.7126
2018,5,31,7.5382
2018,6,1,10.147
2018,6,2,9.65
2018,6,3,10.078
2018,6,4,12.955
2018,6,5,12.473
2018,6,6,13.075
2018,6,7,12.858
2018,6,8,11.338
2018,6,9,11.185
2018,6,10,13.389
2018,6,11,11.616
2018,6,12,13.545
2018,6,13,14.621
2018,6,14,13.252
2018,6,15,11.342
2018,6,16,11.684
2018,6,17,14.432
2018,6,18,14.384
2018,6,19,16.424
2018,6,20,16.657
2018,6,21,17.338
2018,6,22,16.572
2018,6,23,16.231
2018,6,24,15.439
2018,6,25,14.123
2018,6,26,14.302
2018,6,27,16.273
2018,6,28,16.219
2018,6,29,16.829
2018,6,30,15.611
2018,7,1,18.455
2018,7,2,16.856
2018,7,3,17.133
2018,7,4,18.269
2018,7,5,20.527
2018,7,6,17.7
2018,7,7,17.109
2018,7,8,17.512
2018,7,9,18.427
2018,7,10,19.224
2018,7,11,21.084
2018,7,12,18.998
2018,7,13,17.612
2018,7,14,17.443
2018,7,15,13.826
2018,7,16,15.395
2018,7,17,17.573
2018,7,18,17.598
2018,7,19,16.314
2018,7,20,14.867
2018,7,21,14.094
2018,7,22,16.302
2018,7,23,17.912
2018,7,24,16.23
2018,7,25,19.675
2018,7,26,19.718
2018,7,27,18.685
2018,7,28,19.671
2018,7,29,18.757
2018,7,30,19.094
2018,7,31,17.617
2018,8,1,17.521
2018,8,2,17.968
2018,8,3,18.629
2018,8,4,19.21
2018,8,5,15.795
2018,8,6,14.27
2018,8,7,13.958
2018,8,8,15.315
2018,8,9,13.637
2018,8,10,13.637
2018,8,11,15.532
2018,8,12,16.781
2018,8,13,16.189
2018,8,14,13.989
2018,8,15,17.263
2018,8,16,18.579
2018,8,17,16.576
2018,8,18,15.651
2018,8,19,15.023
2018,8,20,14.21
2018,8,21,16.527
2018,8,22,15.13
2018,8,23,14.166
2018,8,24,14.964
2018,8,25,16.026
2018,8,26,16.288
2018,8,27,18.688
2018,8,28,16.719
2018,8,29,15.15
2018,8,30,14.669
2018,8,31,14.099
2018,9,1,13.851
2018,9,2,13.65
2018,9,3,13.349
2018,9,4,16.419
2018,9,5,17.786
2018,9,6,17.921
2018,9,7,16.135
2018,9,8,15.478
2018,9,9,16.179
2018,9,10,15.232
2018,9,11,15.392
2018,9,12,13.766
2018,9,13,15.543
2018,9,14,16.081
2018,9,15,12.628
2018,9,16,10.287
2018,9,17,9.7523
2018,9,18,12.609
2018,9,19,12.135
2018,9,20,11.562
2018,9,21,13.659
2018,9,22,13.964
2018,9,23,12.181
2018,9,24,12.103
2018,9,25,12.631
2018,9,26,16.855
2018,9,27,14.274
2018,9,28,12.628
2018,9,29,8.9573
2018,9,30,11.209
2018,10,1,13.564
2018,10,2,15.538
2018,10,3,15.817
2018,10,4,13.656
2018,10,5,16.136
2018,10,6,17.669
2018,10,7,17.847
2018,10,8,18.126
2018,10,9,18.696
2018,10,10,14.864
2018,10,11,11.201
2018,10,12,16.385
2018,10,13,18.429
2018,10,14,17.391
2018,10,15,14.319
2018,10,16,12.996
2018,10,17,12.095
2018,10,18,13.282
2018,10,19,16.018
2018,10,20,16.468
2018,10,21,15.387
2018,10,22,13.184
2018,10,23,17.521
2018,10,24,16.699
2018,10,25,17.745
2018,10,26,17.984
2018,10,27,13.716
2018,10,28,11.938
2018,10,29,10.508
2018,10,30,9.4159
2018,10,31,7.8992
2018,11,1,7.4976
2018,11,2,11.238
2018,11,3,11.026
2018,11,4,5.5585
2018,11,5,5.3227
2018,11,6,8.1954
2018,11,7,7.4717
2018,11,8,6.6498
2018,11,9,5.9177
2018,11,10,4.7718
2018,11,11,3.4771
2018,11,12,2.1819
2018,11,13,3.9524
2018,11,14,8.8315
2018,11,15,9.6681
2018,11,16,11.095
2018,11,17,7.6266
2018,11,18,5.8984
2018,11,19,1.7237
2018,11,20,7.31
2018,11,21,5.9578
2018,11,22,3.1611
2018,11,23,2.5999
2018,11,24,3.5582
2018,11,25,10.462
2018,11,26,13.953
2018,11,27,12.876
2018,11,28,12.088
2018,11,29,10.221
2018,11,30,9.6116
2018,12,1,11.843
2018,12,2,5.6308
2018,12,3,3.8191
2018,12,4,1.7795
2018,12,5,1.8318
2018,12,6,4.0103
2018,12,7,1.3403
2018,12,8,0.50951
2018,12,9,0.5947
2018,12,10,-1.0699
2018,12,11,1.5037
2018,12,12,5.7941
2018,12,13,1.1239
2018,12,14,0.28159
2018,12,15,2.7084
2018,12,16,6.0909
2018,12,17,4.9769
2018,12,18,7.245
2018,12,19,3.9623
2018,12,20,2.0779
2018,12,21,2.7741
2018,12,22,2.2129
2018,12,23,9.7204
2018,12,24,11.976
2018,12,25,8.9583
2018,12,26,2.254
2018,12,27,2.0063
2018,12,28,6.8644
2018,12,29,8.5948
2018,12,30,4.515
2018,12,31,6.6701
2019,1,1,8.5795
2019,1,2,11.377
2019,1,3,10.098
2019,1,4,9.2815
2019,1,5,8.9342
2019,1,6,6.4191
2019,1,7,2.2171
2019,1,8,0.49093
2019,1,9,-0.40577
2019,1,10,-2.5071
2019,1,11,-2.7092
2019,1,12,-0.84181
2019,1,13,0.9235
2019,1,14,4.9329
2019,1,15,3.8746
2019,1,16,4.7867
2019,1,17,4.9336
2019,1,18,6.2672
2019,1,19,2.87
2019,1,20,2.7607
2019,1,21,2.1756
2019,1,22,4.0399
2019,1,23,10.205
2019,1,24,6.5941
2019,1,25,5.5093
2019,1,26,3.0137
2019,1,27,4.2576
2019,1,28,7.7418
2019,1,29,5.3347
2019,1,30,2.0425
2019,1,31,1.1204
2019,2,1,5.6987
2019,2,2,3.7919
2019,2,3,5.0114
2019,2,4,1.3202
2019,2,5,2.3633
2019,2,6,5.7948
2019,2,7,4.162
2019,2,8,1.5313
2019,2,9,0.80227
2019,2,10,1.0693
2019,2,11,-0.2774
2019,2,12,2.923
2019,2,13,1.5914
2019,2,14,2.1334
2019,2,15,0.46306
2019,2,16,2.7063
2019,2,17,5.1401
2019,2,18,4.7846
2019,2,19,10.69
2019,2,20,10.227
2019,2,21,10.946
2019,2,22,7.0142
2019,2,23,3.5952
2019,2,24,3.8148
2019,2,25,10.458
2019,2,26,9.3207
2019,2,27,2.4204
2019,2,28,1.8251
2019,3,1,2.3093
2019,3,2,0.53671
2019,3,3,3.6669
2019,3,4,4.7616
2019,3,5,6.2136
2019,3,6,9.3035
2019,3,7,8.427
2019,3,8,7.3565
2019,3,9,5.6475
2019,3,10,3.7906
2019,3,11,2.7973
2019,3,12,4.5974
2019,3,13,6.6099
2019,3,14,5.2195
2019,3,15,8.3286
2019,3,16,6.0149
2019,3,17,3.1314
2019,3,18,2.3793
2019,3,19,3.3992
2019,3,20,6.3306
2019,3,21,6.0354
2019,3,22,4.8247
2019,3,23,5.7537
2019,3,24,3.837
2019,3,25,3.4987
2019,3,26,2.4657
2019,3,27,2.4562
2019,3,28,4.0831
2019,3,29,8.1393
2019,3,30,4.3556
2019,3,31,1.6478
2019,4,1,1.2265
2019,4,2,1.2286
2019,4,3,1.3268
2019,4,4,2.6165
2019,4,5,2.5962
2019,4,6,5.23
2019,4,7,7.982
2019,4,8,6.4928
2019,4,9,9.9338
2019,4,10,9.7312
2019,4,11,9.0934
2019,4,12,8.4894
2019,4,13,6.7519
2019,4,14,7.5924
2019,4,15,9.7708
2019,4,16,10.832
2019,4,17,7.6312
2019,4,18,4.6331
2019,4,19,2.7279
2019,4,20,2.6704
2019,4,21,4.8275
2019,4,22,7.1818
2019,4,23,6.226
2019,4,24,4.5585
2019,4,25,6.7163
2019,4,26,5.0672
2019,4,27,5.0584
2019,4,28,4.9835
2019,4,29,4.2372
2019,4,30,7.5858
2019,5,1,7.8787
2019,5,2,6.5625
2019,5,3,8.295
2019,5,4,10.485
2019,5,5,12.506
2019,5,6,10.261
2019,5,7,8.0685
2019,5,8,6.7422
2019,5,9,8.8434
2019,5,10,9.927
2019,5,11,13.142
2019,5,12,11.112
2019,5,13,12.757
2019,5,14,12.703
2019,5,15,13.496
2019,5,16,13.835
2019,5,17,13.411
2019,5,18,9.9622
2019,5,19,9.4083
2019,5,20,10.001
2019,5,21,12.2
2019,5,22,13.673
2019,5,23,11.977
2019,5,24,12.706
2019,5,25,12.214
2019,5,26,11.998
2019,5,27,13.045
2019,5,28,14.651
2019,5,29,15.132
2019,5,30,16.481
2019,5,31,15.004
2019,6,1,14.447
2019,6,2,15.626
2019,6,3,16.551
2019,6,4,16.023
2019,6,5,17.749
2019,6,6,16.21
2019,6,7,14.745
2019,6,8,16.56
2019,6,9,16.12
2019,6,10,15.871
2019,6,11,14.689
2019,6,12,12.852
2019,6,13,16.321
2019,6,14,16.499
2019,6,15,16.783
2019,6,16,13.744
2019,6,17,15.414
2019,6,18,14.631
2019,6,19,14.066
2019,6,20,13.785
2019,6,21,16.625
2019,6,22,18.682
2019,6,23,18.487
2019,6,24,15.375
2019,6,25,14.795
2019,6,26,17.312
2019,6,27,18.98
2019,6,28,19.759
2019,6,29,17.377
2019,6,30,16.196
2019,7,1,16.321
2019,7,2,17.712
2019,7,3,16.067
2019,7,4,16.477
2019,7,5,18.7
2019,7,6,17.598
2019,7,7,21.552
2019,7,8,18.835
2019,7,9,18.194
2019,7,10,19.366
2019,7,11,18.865
2019,7,12,18.653
2019,7,13,17.151
2019,7,14,14.863
2019,7,15,13.475
2019,7,16,17.745
2019,7,17,16.911
2019,7,18,17.402
2019,7,19,19.727
2019,7,20,18.848
2019,7,21,17.708
2019,7,22,18.283
2019,7,23,19.544
2019,7,24,19.612
2019,7,25,17.52
2019,7,26,14.679
2019,7,27,15.417
2019,7,28,17.781
2019,7,29,15.743
2019,7,30,17.852
2019,7,31,17.658
2019,8,1,16.461
2019,8,2,15.411
2019,8,3,16.002
2019,8,4,18.175
2019,8,5,20.906
2019,8,6,19.335
2019,8,7,18.261
2019,8,8,19.785
2019,8,9,18.925
2019,8,10,19.143
2019,8,11,17.924
2019,8,12,15.047
2019,8,13,17.03
2019,8,14,18.113
2019,8,15,18.291
2019,8,16,18.455
2019,8,17,19.938
2019,8,18,20.598
2019,8,19,21.385
2019,8,20,18.277
2019,8,21,17.697
2019,8,22,20.302
2019,8,23,19.359
2019,8,24,16.702
2019,8,25,14.571
2019,8,26,15.94
2019,8,27,18.451
2019,8,28,15.376
2019,8,29,14.8
2019,8,30,13.545
2019,8,31,12.444
2019,9,1,12.346
2019,9,2,16.732
2019,9,3,16.282
2019,9,4,20.331
2019,9,5,14.808
2019,9,6,10.434
2019,9,7,13.302
2019,9,8,11.698
2019,9,9,14.197
2019,9,10,12.915
2019,9,11,15.277
2019,9,12,13.9
2019,9,13,11.965
2019,9,14,10.78
2019,9,15,11.404
2019,9,16,12.328
2019,9,17,11.695
2019,9,18,12.421
2019,9,19,11.405
2019,9,20,13.961
2019,9,21,17.554
2019,9,22,16.319
2019,9,23,17.033
2019,9,24,17.899
2019,9,25,19.524
2019,9,26,18.145
2019,9,27,16.327
2019,9,28,14.053
2019,9,29,15.275
2019,9,30,12.441
2019,10,1,10.238
2019,10,2,15.332
2019,10,3,15.842
2019,10,4,17.751
2019,10,5,17.733
2019,10,6,17.637
2019,10,7,13.821
2019,10,8,11.76
2019,10,9,14.816
2019,10,10,9.9404
2019,10,11,8.0613
2019,10,12,11.274
2019,10,13,9.5089
2019,10,14,9.25
2019,10,15,12.22
2019,10,16,9.7261
2019,10,17,15.338
2019,10,18,9.2353
2019,10,19,6.5875
2019,10,20,6.4771
2019,10,21,16.708
2019,10,22,15.045
2019,10,23,16.266
2019,10,24,16.639
2019,10,25,14.746
2019,10,26,16.013
2019,10,27,14.971
2019,10,28,12.907
2019,10,29,12.944
2019,10,30,7.7489
2019,10,31,6.7278
2019,11,1,6.1384
2019,11,2,6.1026
2019,11,3,3.3055
2019,11,4,1.3397
2019,11,5,1.0212
2019,11,6,2.0305
2019,11,7,2.0644
2019,11,8,1.6297
2019,11,9,0.70231
2019,11,10,0.79181
2019,11,11,1.577
2019,11,12,0.8172
2019,11,13,-0.56514
2019,11,14,2.7064
2019,11,15,3.4244
2019,11,16,2.6186
2019,11,17,1.3861
2019,11,18,1.1782
2019,11,19,0.17255
2019,11,20,-0.59396
2019,11,21,3.0787
2019,11,22,1.5713
2019,11,23,1.1756
2019,11,24,6.9669
2019,11,25,5.4434
2019,11,26,8.2793
2019,11,27,5.751
2019,11,28,2.7065
2019,11,29,1.5647
2019,11,30,3.7767
2019,12,1,9.4198
2019,12,2,5.204
2019,12,3,1.1899
2019,12,4,0.594
2019,12,5,8.4282
2019,12,6,3.5926
2019,12,7,3.5447
2019,12,8,5.4947
2019,12,9,6.3424
2019,12,10,6.7868
2019,12,11,5.8136
2019,12,12,3.1116
2019,12,13,6.0272
2019,12,14,6.0387
2019,12,15,10.017
2019,12,16,5.5861
2019,12,17,5.0588
2019,12,18,2.516
2019,12,19,2.0868
2019,12,20,2.6558
2019,12,21,3.1413
2019,12,22,2.4176
2019,12,23,1.0909
2019,12,24,0.068648
2019,12,25,-1.155
2019,12,26,-0.87945
2019,12,27,-2.8722
2019,12,28,-3.6359
2019,12,29,-1.0333
2019,12,30,2.3948
2019,12,31,4.1777
2020,1,1,3.562
2020,1,2,1.3237
2020,1,3,-0.10441
2020,1,4,1.1474
2020,1,5,1.0501
2020,1,6,6.3569
2020,1,7,5.4249
2020,1,8,1.9324
2020,1,9,5.4141
2020,1,10,9.9979
2020,1,11,5.2448
2020,1,12,3.3493
2020,1,13,4.229
2020,1,14,5.778
2020,1,15,4.9816
2020,1,16,4.6501
2020,1,17,10.194
2020,1,18,5.675
2020,1,19,2.2233
2020,1,20,10.635
2020,1,21,6.5246
2020,1,22,3.9235
2020,1,23,1.5785
2020,1,24,1.1281
2020,1,25,2.3069
2020,1,26,0.86698
2020,1,27,-0.14644
2020,1,28,1.0539
2020,1,29,0.21877
2020,1,30,-1.1034
2020,1,31,1.0507
2020,2,1,-0.14361
2020,2,2,5.2981
2020,2,3,9.8945
2020,2,4,5.8365
2020,2,5,2.9095
2020,2,6,4.6673
2020,2,7,4.4684
2020,2,8,2.583
2020,2,9,2.5049
2020,2,10,2.1793
2020,2,11,0.41254
2020,2,12,2.0836
2020,2,13,4.9479
2020,2,14,2.7493
2020,2,15,4.0584
2020,2,16,1.8703
2020,2,17,0.30703
2020,2,18,-1.0421
2020,2,19,-3.6317
2020,2,20,-3.8393
2020,2,21,-0.94187
2020,2,22,0.21751
2020,2,23,4.1333
2020,2,24,2.0085
2020,2,25,3.1078
2020,2,26,6.7606
2020,2,27,5.4187
2020,2,28,9.4882
2020,2,29,8.528
2020,3,1,7.1018
2020,3,2,4.9532
2020,3,3,2.6666
2020,3,4,4.7731
2020,3,5,5.7104
2020,3,6,4.7599
2020,3,7,4.0632
2020,3,8,3.8367
2020,3,9,3.7803
2020,3,10,3.6553
2020,3,11,7.1295
2020,3,12,4.1321
2020,3,13,3.5503
2020,3,14,2.7923
2020,3,15,2.6034
2020,3,16,2.138
2020,3,17,2.5229
2020,3,18,4.7245
2020,3,19,3.1548
2020,3,20,1.6102
2020,3,21,0.78429
2020,3,22,1.0039
2020,3,23,1.7765
2020,3,24,1.9095
2020,3,25,2.6972
2020,3,26,3.1586
2020,3,27,1.1809
2020,3,28,2.9567
2020,3,29,3.4503
2020,3,30,2.4503
2020,3,31,1.8426
2020,4,1,3.0534
2020,4,2,4.7026
2020,4,3,4.4637
2020,4,4,10.805
2020,4,5,7.8719
2020,4,6,8.2197
2020,4,7,9.7959
2020,4,8,8.5288
2020,4,9,7.503
2020,4,10,4.6372
2020,4,11,7.6651
2020,4,12,5.2223
2020,4,13,6.9623
2020,4,14,5.8285
2020,4,15,3.6107
2020,4,16,5.4546
2020,4,17,7.3694
2020,4,18,6.0351
2020,4,19,5.7956
2020,4,20,6.6076
2020,4,21,8.0084
2020,4,22,7.8613
2020,4,23,9.9257
2020,4,24,8.259
2020,4,25,8.4644
2020,4,26,7.3892
2020,4,27,8.0835
2020,4,28,6.113
2020,4,29,4.3198
2020,4,30,8.4332
2020,5,1,7.9524
2020,5,2,6.5791
2020,5,3,9.5297
2020,5,4,12.167
2020,5,5,14.776
2020,5,6,14.229
2020,5,7,12.401
2020,5,8,9.5872
2020,5,9,11.148
2020,5,10,11.431
2020,5,11,10.717
2020,5,12,9.2212
2020,5,13,9.2651
2020,5,14,10.134
2020,5,15,8.8905
2020,5,16,11.261
2020,5,17,11.052
2020,5,18,9.3694
2020,5,19,6.7846
2020,5,20,8.1824
2020,5,21,9.1763
2020,5,22,8.1356
2020,5,23,9.4499
2020,5,24,11.185
2020,5,25,9.0107
2020,5,26,13.656
2020,5,27,9.7937
2020,5,28,8.3205
2020,5,29,10.29
2020,5,30,11.109
2020,5,31,14.606
2020,6,1,12.45
2020,6,2,11.164
2020,6,3,12.467
2020,6,4,10.547
2020,6,5,16.416
2020,6,6,16.976
2020,6,7,16.915
2020,6,8,15.342
2020,6,9,13.156
2020,6,10,13.412
2020,6,11,13.114
2020,6,12,15.122
2020,6,13,14.371
2020,6,14,14.566
2020,6,15,16.52
2020,6,16,16.494
2020,6,17,14.983
2020,6,18,17.57
2020,6,19,14.986
2020,6,20,18.504
2020,6,21,17.357
2020,6,22,16.908
2020,6,23,19.504
2020,6,24,17.017
2020,6,25,16.454
2020,6,26,16.678
2020,6,27,14.634
2020,6,28,12.813
2020,6,29,14.081
2020,6,30,16.564
2020,7,1,16.995
2020,7,2,17.775
2020,7,3,18.329
2020,7,4,18.521
2020,7,5,19.569
2020,7,6,20.385
2020,7,7,21.326
2020,7,8,19.911
2020,7,9,19.357
2020,7,10,19.061
2020,7,11,17.498
2020,7,12,19.538
2020,7,13,20.211
2020,7,14,18.559
2020,7,15,19.488
2020,7,16,23.003
2020,7,17,20.042
2020,7,18,22.978
2020,7,19,21.574
2020,7,20,22.899
2020,7,21,20.735
2020,7,22,17.497
2020,7,23,19.124
2020,7,24,20.289
2020,7,25,19.228
2020,7,26,17.565
2020,7,27,16.979
2020,7,28,16.838
2020,7,29,17.763
2020,7,30,17.662
2020,7,31,20.975
2020,8,1,20.175
2020,8,2,16.602
2020,8,3,15.773
2020,8,4,19.468
2020,8,5,18.978
2020,8,6,20.032
2020,8,7,18.264
2020,8,8,19.554
2020,8,9,18.772
2020,8,10,19.904
2020,8,11,18.562
2020,8,12,16.456
2020,8,13,14.662
2020,8,14,18.079
2020,8,15,16.661
2020,8,16,18.094
2020,8,17,16.728
2020,8,18,15.419
2020,8,19,13.855
2020,8,20,12.227
2020,8,21,12.098
2020,8,22,12.635
2020,8,23,16.189
2020,8,24,14.163
2020,8,25,13.678
2020,8,26,11.709
2020,8,27,13.259
2020,8,28,14.175
2020,8,29,14.418
2020,8,30,13.691
2020,8,31,14.14
2020,9,1,12.982
2020,9,2,12.848
2020,9,3,11.714
2020,9,4,12.735
2020,9,5,14.742
2020,9,6,16.003
2020,9,7,18.129
2020,9,8,18.983
2020,9,9,18.292
2020,9,10,17.862
2020,9,11,17.803
2020,9,12,16.514
2020,9,13,16.058
2020,9,14,17.521
2020,9,15,16.956
2020,9,16,16.575
2020,9,17,17.598
2020,9,18,17.527
2020,9,19,16.9
2020,9,20,14.999
2020,9,21,14.187
2020,9,22,15.231
2020,9,23,15.425
2020,9,24,14.351
2020,9,25,13.671
2020,9,26,14.828
2020,9,27,16.222
2020,9,28,15.259
2020,9,29,14.609
2020,9,30,14.066
2020,10,1,14.468
2020,10,2,12.826
2020,10,3,12.311
2020,10,4,14.522
2020,10,5,14.065
2020,10,6,11.735
2020,10,7,10.222
2020,10,8,8.7035
2020,10,9,7.7227
2020,10,10,11.698
2020,10,11,10.326
2020,10,12,7.7135
2020,10,13,7.2952
2020,10,14,4.7863
2020,10,15,10.373
2020,10,16,9.2962
2020,10,17,8.5718
2020,10,18,8.6828
2020,10,19,5.9317
2020,10,20,5.8389
2020,10,21,6.2273
2020,10,22,8.2223
2020,10,23,8.8956
2020,10,24,9.6488
2020,10,25,15.695
2020,10,26,16.601
2020,10,27,11.038
2020,10,28,6.4861
2020,10,29,9.0023
2020,10,30,8.4
2020,10,31,13.814
2020,11,1,9.2531
2020,11,2,7.5891
2020,11,3,5.8761
2020,11,4,12.092
2020,11,5,10.6
2020,11,6,6.5704
2020,11,7,4.0014
2020,11,8,11.644
2020,11,9,8.8657
2020,11,10,6.9124
2020,11,11,4.5679
2020,11,12,3.3134
2020,11,13,8.3443
2020,11,14,14.46
2020,11,15,15.348
2020,11,16,15.508
2020,11,17,14.851
2020,11,18,9.8537
2020,11,19,7.4924
2020,11,20,6.6486
2020,11,21,4.4518
2020,11,22,5.8287
2020,11,23,7.1981
2020,11,24,5.332
2020,11,25,7.438
2020,11,26,5.2962
2020,11,27,3.0899
2020,11,28,4.0795
2020,11,29,5.3692
2020,11,30,6.5912
2020,12,1,4.3051
2020,12,2,3.463
2020,12,3,9.3447
2020,12,4,5.9237
2020,12,5,10.398
2020,12,6,13.045
2020,12,7,6.1144
2020,12,8,3.9564
2020,12,9,2.7598
2020,12,10,9.9765
2020,12,11,13.106
2020,12,12,9.1768
2020,12,13,7.6925
2020,12,14,2.2517
2020,12,15,1.5541
2020,12,16,3.2579
2020,12,17,1.5127
2020,12,18,2.0332
2020,12,19,6.0182
2020,12,20,1.498
2020,12,21,0.51982
2020,12,22,1.617
2020,12,23,-0.36932
2020,12,24,-1.2873
2020,12,25,-1.2397
2020,12,26,-0.92223
2020,12,27,0.96736
2020,12,28,0.37639
2020,12,29,-0.28152
2020,12,30,-0.67139
2020,12,31,0.50324
2021,1,1,-0.50195
2021,1,2,-0.71001
2021,1,3,-1.3147
2021,1,4,-1.0263
2021,1,5,-1.4621
2021,1,6,-3.013
2021,1,7,-3.2648
2021,1,8,-0.63147
2021,1,9,1.4654
2021,1,10,3.0978
2021,1,11,3.62
2021,1,12,2.6965
2021,1,13,5.3093
2021,1,14,1.9394
2021,1,15,7.7713
2021,1,16,-0.078487
2021,1,17,-1.3563
2021,1,18,-1.7832
2021,1,19,-1.2246
2021,1,20,-2.314
2021,1,21,-2.225
2021,1,22,1.8795
2021,1,23,2.9403
2021,1,24,2.7668
2021,1,25,3.4681
2021,1,26,3.9436
2021,1,27,4.8594
2021,1,28,1.4579
2021,1,29,-0.03739
2021,1,30,0.29545
2021,1,31,-0.11722
2021,2,1,1.785
2021,2,2,-0.57039
2021,2,3,-1.0752
2021,2,4,5.274
2021,2,5,9.0356
2021,2,6,3.8411
2021,2,7,2.1591
2021,2,8,0.82904
2021,2,9,0.62445
2021,2,10,1.4811
2021,2,11,1.4143
2021,2,12,2.0528
2021,2,13,-0.043677
2021,2,14,0.19233
2021,2,15,2.5398
2021,2,16,3.1198
2021,2,17,0.80636
2021,2,18,2.0678
2021,2,19,3.7481
2021,2,20,4.8122
2021,2,21,6.9225
2021,2,22,8.5954
2021,2,23,3.1504
2021,2,24,2.647
2021,2,25,1.4712
2021,2,26,-0.4779
2021,2,27,-0.35988
2021,2,28,3.4356
2021,3,1,4.8296
2021,3,2,1.2048
2021,3,3,-0.41188
2021,3,4,-0.86741
2021,3,5,-0.66117
2021,3,6,1.2651
2021,3,7,-0.2917
2021,3,8,0.4183
2021,3,9,2.1929
2021,3,10,0.77106
2021,3,11,2.3782
2021,3,12,4.4726
2021,3,13,5.7655
2021,3,14,4.4803
2021,3,15,3.2496
2021,3,16,2.3577
2021,3,17,1.4364
2021,3,18,4.1051
2021,3,19,2.0439
2021,3,20,0.76285
2021,3,21,-0.29736
2021,3,22,0.53057
2021,3,23,0.7455
2021,3,24,0.42511
2021,3,25,0.7249
2021,3,26,4.4687
2021,3,27,2.5528
2021,3,28,5.1043
2021,3,29,5.0263
2021,3,30,2.2892
2021,3,31,6.5245
2021,4,1,6.0076
2021,4,2,5.7261
2021,4,3,4.6555
2021,4,4,6.2599
2021,4,5,5.3492
2021,4,6,3.2828
2021,4,7,4.4471
2021,4,8,3.7787
2021,4,9,5.6371
2021,4,10,5.0239
2021,4,11,4.0425
2021,4,12,5.8232
2021,4,13,8.7853
2021,4,14,7.4116
2021,4,15,8.714
2021,4,16,7.9436
2021,4,17,7.3433
2021,4,18,8.2693
2021,4,19,6.3475
2021,4,20,10.471
2021,4,21,9.8799
2021,4,22,6.7613
2021,4,23,4.0701
2021,4,24,3.8832
2021,4,25,4.5113
2021,4,26,4.5511
2021,4,27,5.2661
2021,4,28,9.5886
2021,4,29,7.8419
2021,4,30,9.6717
2021,5,1,12.579
2021,5,2,12.704
2021,5,3,12.893
2021,5,4,13.203
2021,5,5,12.906
2021,5,6,12.038
2021,5,7,11.138
2021,5,8,11.125
2021,5,9,11.224
2021,5,10,10.053
2021,5,11,12.054
2021,5,12,13.211
2021,5,13,11.954
2021,5,14,12.071
2021,5,15,10.345
2021,5,16,9.8968
2021,5,17,8.6281
2021,5,18,8.5808
2021,5,19,7.7086
2021,5,20,10.664
2021,5,21,12.941
2021,5,22,12.584
2021,5,23,12.669
2021,5,24,10.9
2021,5,25,11.539
2021,5,26,9.5081
2021,5,27,13.287
2021,5,28,11.032
2021,5,29,8.651
2021,5,30,10.707
2021,5,31,10.294
2021,6,1,13.931
2021,6,2,10.292
2021,6,3,8.7313
2021,6,4,11.745
2021,6,5,12.011
2021,6,6,13.226
2021,6,7,10.548
2021,6,8,12.008
2021,6,9,11.383
2021,6,10,12.856
2021,6,11,10.799
2021,6,12,16.242
2021,6,13,16.894
2021,6,14,14.885
2021,6,15,13.468
2021,6,16,13.513
2021,6,17,15.854
2021,6,18,16.37
2021,6,19,14.558
2021,6,20,13.394
2021,6,21,14.374
2021,6,22,14.522
2021,6,23,20.222
2021,6,24,17.484
2021,6,25,15.448
2021,6,26,14.059
2021,6,27,13.54
2021,6,28,15.149
2021,6,29,13.514
2021,6,30,14.701
2021,7,1,16.291
2021,7,2,16.08
2021,7,3,16.595
2021,7,4,21.468
2021,7,5,20.942
2021,7,6,19.328
2021,7,7,20.736
2021,7,8,18.898
2021,7,9,18.849
2021,7,10,18.436
2021,7,11,16.866
2021,7,12,16.718
2021,7,13,15.616
2021,7,14,14.034
2021,7,15,15.984
2021,7,16,16.802
2021,7,17,16.216
2021,7,18,16.111
2021,7,19,16.977
2021,7,20,15.523
2021,7,21,13.475
2021,7,22,13.434
2021,7,23,14.857
2021,7,24,14.845
2021,7,25,14.812
2021,7,26,18.009
2021,7,27,18.496
2021,7,28,19.749
2021,7,29,16.469
2021,7,30,19.206
2021,7,31,16.107
2021,8,1,19.278
2021,8,2,20.774
2021,8,3,20.295
2021,8,4,18.231
2021,8,5,15.068
2021,8,6,17.923
2021,8,7,18.531
2021,8,8,20.004
2021,8,9,18.939
2021,8,10,17.056
2021,8,11,20.304
2021,8,12,18.222
2021,8,13,21.264
2021,8,14,18.767
2021,8,15,19.476
2021,8,16,20.005
2021,8,17,20.265
2021,8,18,20.769
2021,8,19,19.681
2021,8,20,20.645
2021,8,21,18.124
2021,8,22,17.685
2021,8,23,18.51
2021,8,24,15.706
2021,8,25,14.936
2021,8,26,18.554
2021,8,27,19.685
2021,8,28,18.961
2021,8,29,17.112
2021,8,30,14.392
2021,8,31,16.017
2021,9,1,12.699
2021,9,2,13.047
2021,9,3,13.422
2021,9,4,16.315
2021,9,5,16.446
2021,9,6,17.511
2021,9,7,17.434
2021,9,8,16.1
2021,9,9,16.715
2021,9,10,15.673
2021,9,11,19.518
2021,9,12,17.749
2021,9,13,16.207
2021,9,14,17.95
2021,9,15,14.988
2021,9,16,14.805
2021,9,17,16.889
2021,9,18,17.63
2021,9,19,12.094
2021,9,20,12.435
2021,9,21,14.183
2021,9,22,18.08
2021,9,23,17.024
2021,9,24,11.194
2021,9,25,9.7938
2021,9,26,8.6986
2021,9,27,9.1171
2021,9,28,11.562
2021,9,29,10.434
2021,9,30,8.4395
2021,10,1,6.2012
2021,10,2,8.3662
2021,10,3,8.8097
2021,10,4,11.142
2021,10,5,9.9223
2021,10,6,9.7445
2021,10,7,11.343
2021,10,8,8.9987
2021,10,9,6.7798
2021,10,10,7.2581
2021,10,11,12.704
2021,10,12,11.962
2021,10,13,10.522
2021,10,14,6.2964
2021,10,15,3.0566
2021,10,16,8.0875
2021,10,17,7.0324
2021,10,18,10.11
2021,10,19,8.8776
2021,10,20,7.2124
2021,10,21,11.506
2021,10,22,12.915
2021,10,23,9.8841
2021,10,24,7.0685
2021,10,25,8.5096
2021,10,26,7.3469
2021,10,27,8.209
2021,10,28,8.3739
2021,10,29,6.2881
2021,10,30,4.427
2021,10,31,7.3528
2021,11,1,9.4362
2021,11,2,8.0132
2021,11,3,5.8804
2021,11,4,3.3103
2021,11,5,1.9895
2021,11,6,2.0397
2021,11,7,11.139
2021,11,8,13.468
2021,11,9,5.9484
2021,11,10,4.8478
2021,11,11,14.29
2021,11,12,13.559
2021,11,13,13.631
2021,11,14,6.6244
2021,11,15,5.2179
2021,11,16,4.048
2021,11,17,1.4653
2021,11,18,4.7254
2021,11,19,11.599
2021,11,20,9.0884
2021,11,21,8.5307
2021,11,22,4.5618
2021,11,23,2.7487
2021,11,24,1.0359
2021,11,25,1.5783
2021,11,26,3.3216
2021,11,27,5.1173
2021,11,28,6.2294
2021,11,29,5.9989
2021,11,30,4.5849
2021,12,1,2.2179
2021,12,2,4.5885
2021,12,3,0.87215
2021,12,4,1.7099
2021,12,5,1.0459
2021,12,6,6.3013
2021,12,7,4.2741
2021,12,8,5.6823
2021,12,9,3.6689
2021,12,10,6.6574
2021,12,11,1.1755
2021,12,12,-0.03679
2021,12,13,2.7127
2021,12,14,0.5654
2021,12,15,0.86253
2021,12,16,0.77912
2021,12,17,4.3081
2021,12,18,2.6398
2021,12,19,4.7996
2021,12,20,5.3856
2021,12,21,4.6284
2021,12,22,3.4792
2021,12,23,5.0868
2021,12,24,5.2872
2021,12,25,4.5086
2021,12,26,6.2057
2021,12,27,4.2471
2021,12,28,2.7302
2021,12,29,1.3907
2021,12,30,0.23086
2021,12,31,-0.048895
2022,1,1,-0.11166
2022,1,2,6.9293
2022,1,3,1.5012
2022,1,4,-1.5656
2022,1,5,-2.9807
2022,1,6,-3.7648
2022,1,7,-4.7646
2022,1,8,-1.3255
2022,1,9,0.57644
2022,1,10,6.2645
2022,1,11,7.2972
2022,1,12,4.2749
2022,1,13,1.6859
2022,1,14,8.9351
2022,1,15,9.6757
2022,1,16,10.416
2022,1,17,8.7293
2022,1,18,5.1204
2022,1,19,3.2772
2022,1,20,-0.21412
2022,1,21,-1.0798
2022,1,22,-2.3792
2022,1,23,-1.35
2022,1,24,-1.0595
2022,1,25,-1.8223
2022,1,26,-2.8615
2022,1,27,-3.1411
2022,1,28,3.879
2022,1,29,4.2418
2022,1,30,1.4802
2022,1,31,-0.31758
2022,2,1,-0.47671
2022,2,2,5.0617
2022,2,3,0.90133
2022,2,4,4.1782
2022,2,5,4.7124
2022,2,6,2.3281
2022,2,7,5.8136
2022,2,8,4.1587
2022,2,9,2.9948
2022,2,10,2.1665
2022,2,11,1.3453
2022,2,12,0.46918
2022,2,13,0.8391
2022,2,14,6.7175
2022,2,15,8.1557
2022,2,16,6.8263
2022,2,17,8.1832
2022,2,18,9.3664
2022,2,19,9.5111
2022,2,20,10.563
2022,2,21,7.0484
2022,2,22,7.6519
2022,2,23,8.6147
2022,2,24,5.4056
2022,2,25,5.5045
2022,2,26,6.8592
2022,2,27,4.0764
2022,2,28,6.6815
2022,3,1,8.3672
2022,3,2,6.8392
2022,3,3,5.6528
2022,3,4,5.9792
2022,3,5,4.6998
2022,3,6,11.175
2022,3,7,9.5278
2022,3,8,5.7766
2022,3,9,4.5467
2022,3,10,2.8518
2022,3,11,6.6687
2022,3,12,7.3549
2022,3,13,7.2119
2022,3,14,9.0015
2022,3,15,5.9703
2022,3,16,4.7755
2022,3,17,3.023
2022,3,18,1.1597
2022,3,19,1.9624
2022,3,20,5.9359
2022,3,21,8.6826
2022,3,22,5.4887
2022,3,23,8.6995
2022,3,24,5.7189
2022,3,25,2.5721
2022,3,26,5.6139
2022,3,27,3.4784
2022,3,28,8.8234
2022,3,29,5.328
2022,3,30,4.6761
2022,3,31,1.9718
2022,4,1,0.66342
2022,4,2,0.45756
2022,4,3,-0.67838
2022,4,4,2.0018
2022,4,5,5.5376
2022,4,6,6.5844
2022,4,7,3.1536
2022,4,8,4.9874
2022,4,9,2.8197
2022,4,10,2.3918
2022,4,11,5.149
2022,4,12,5.3015
2022,4,13,4.8979
2022,4,14,4.0143
2022,4,15,5.7203
2022,4,16,5.4843
2022,4,17,6.7663
2022,4,18,8.7562
2022,4,19,8.0037
2022,4,20,11.314
2022,4,21,11.067
2022,4,22,11.728
2022,4,23,12.468
2022,4,24,11.334
2022,4,25,10.952
2022,4,26,8.373
2022,4,27,9.4517
2022,4,28,7.7355
2022,4,29,8.4132
2022,4,30,8.7015
2022,5,1,9.4211
2022,5,2,10.336
2022,5,3,12.085
2022,5,4,9.987
2022,5,5,13.837
2022,5,6,14.332
2022,5,7,13.914
2022,5,8,12.921
2022,5,9,12.015
2022,5,10,12.954
2022,5,11,10.956
2022,5,12,10.242
2022,5,13,12.054
2022,5,14,9.2852
2022,5,15,10.715
2022,5,16,8.8601
2022,5,17,12.881
2022,5,18,11.099
2022,5,19,8.3658
2022,5,20,10.386
2022,5,21,11.589
2022,5,22,13.746
2022,5,23,14.973
2022,5,24,13.046
2022,5,25,11.844
2022,5,26,10.732
2022,5,27,9.0775
2022,5,28,15.278
2022,5,29,13.83
2022,5,30,12.337
2022,5,31,11.508
2022,6,1,11.805
2022,6,2,11.068
2022,6,3,12.527
2022,6,4,12.191
2022,6,5,11.699
2022,6,6,10.537
2022,6,7,11.082
2022,6,8,12.817
2022,6,9,11.063
2022,6,10,12.257
2022,6,11,12.86
2022,6,12,13.361
2022,6,13,12.785
2022,6,14,11.432
2022,6,15,14.089
2022,6,16,11.813
2022,6,17,12.995
2022,6,18,14.263
2022,6,19,14
2022,6,20,16.37
2022,6,21,15.385
2022,6,22,16.985
2022,6,23,13.275
2022,6,24,13.15
2022,6,25,13.79
2022,6,26,14.042
2022,6,27,14.641
2022,6,28,16.273
2022,6,29,18.072
2022,6,30,16.596
2022,7,1,18.055
2022,7,2,20.907
2022,7,3,21.718
2022,7,4,18.265
2022,7,5,19.16
2022,7,6,17.313
2022,7,7,18.986
2022,7,8,18.747
2022,7,9,19.572
2022,7,10,16.97
2022,7,11,14.982
2022,7,12,13.172
2022,7,13,18.573
2022,7,14,17.332
2022,7,15,19.438
2022,7,16,21.136
2022,7,17,19.841
2022,7,18,20.077
2022,7,19,18.522
2022,7,20,17.669
2022,7,21,20.63
2022,7,22,17.105
2022,7,23,19.527
2022,7,24,20.747
2022,7,25,19.876
2022,7,26,17.677
2022,7,27,17.492
2022,7,28,14.295
2022,7,29,14.408
2022,7,30,13.229
2022,7,31,13.704
2022,8,1,18.206
2022,8,2,15.619
2022,8,3,17.062
2022,8,4,15.472
2022,8,5,13.564
2022,8,6,11.274
2022,8,7,12.921
2022,8,8,13.196
2022,8,9,14.49
2022,8,10,17.741
2022,8,11,17.569
2022,8,12,18.476
2022,8,13,16.542
2022,8,14,19.567
2022,8,15,16.006
2022,8,16,17
2022,8,17,18.865
2022,8,18,17.328
2022,8,19,16.964
2022,8,20,14.616
2022,8,21,20.21
2022,8,22,21.038
2022,8,23,19.32
2022,8,24,16.587
2022,8,25,15.392
2022,8,26,15.979
2022,8,27,19.022
2022,8,28,17.713
2022,8,29,18.832
2022,8,30,19.216
2022,8,31,21.117
2022,9,1,16.073
2022,9,2,13.572
2022,9,3,15.339
2022,9,4,17.503
2022,9,5,19.599
2022,9,6,17.972
2022,9,7,16.24
2022,9,8,17.391
2022,9,9,15.404
2022,9,10,17.899
2022,9,11,15.201
2022,9,12,17.399
2022,9,13,16.421
2022,9,14,19.465
2022,9,15,16.832
2022,9,16,12.583
2022,9,17,8.7819
2022,9,18,13.485
2022,9,19,14.932
2022,9,20,17.571
2022,9,21,15.953
2022,9,22,14.782
2022,9,23,16.179
2022,9,24,13.638
2022,9,25,12.501
2022,9,26,12.837
2022,9,27,13.44
2022,9,28,11.754
2022,9,29,11.233
2022,9,30,9.288
2022,10,1,8.8364
2022,10,2,10.982
2022,10,3,9.8479
2022,10,4,9.4375
2022,10,5,9.4615
2022,10,6,8.2598
2022,10,7,10.607
2022,10,8,10.114
2022,10,9,17.425
2022,10,10,16.862
2022,10,11,16.144
2022,10,12,16.291
2022,10,13,16.69
2022,10,14,13.922
2022,10,15,11.139
2022,10,16,11.137
2022,10,17,10.807
2022,10,18,10.645
2022,10,19,9.8453
2022,10,20,10.312
2022,10,21,9.4509
2022,10,22,11.997
2022,10,23,7.8215
2022,10,24,9.7305
2022,10,25,9.4204
2022,10,26,10.785
2022,10,27,12.058
2022,10,28,17.549
2022,10,29,17.797
2022,10,30,13.372
2022,10,31,9.4656
2022,11,1,8.5458
2022,11,2,5.2471
2022,11,3,5.1802
2022,11,4,2.2959
2022,11,5,1.272
2022,11,6,1.1319
2022,11,7,1.736
2022,11,8,1.4427
2022,11,9,1.0047
2022,11,10,3.6267
2022,11,11,5.4922
2022,11,12,8.18
2022,11,13,4.2493
2022,11,14,2.8449
2022,11,15,4.1029
2022,11,16,11.819
2022,11,17,8.0454
2022,11,18,3.6761
2022,11,19,1.6839
2022,11,20,4.8406
2022,11,21,2.0978
2022,11,22,1.9634
2022,11,23,7.7718
2022,11,24,11.04
2022,11,25,11.011
2022,11,26,9.1614
2022,11,27,6.2227
2022,11,28,2.1693
2022,11,29,1.0274
2022,11,30,4.2838
2022,12,1,2.9921
2022,12,2,2.1994
2022,12,3,2.2336
2022,12,4,4.4535
2022,12,5,7.9396
2022,12,6,5.9495
2022,12,7,3.2902
2022,12,8,5.1803
2022,12,9,7.859
2022,12,10,3.9277
2022,12,11,3.4912
2022,12,12,3.5612
2022,12,13,1.2151
2022,12,14,0.34058
2022,12,15,-0.12184
2022,12,16,3.3195
2022,12,17,1.1374
2022,12,18,-0.14149
2022,12,19,-1.1496
2022,12,20,-0.38533
2022,12,21,1.4491
2022,12,22,-0.45205
2022,12,23,-2.678
2022,12,24,-3.0802
2022,12,25,-3.5946
2022,12,26,-4.9048
2022,12,27,-4.5911
2022,12,28,-2.6771
2022,12,29,-2.5386
2022,12,30,-1.8164
2022,12,31,-0.67577
2023,1,1,-0.76164
2023,1,2,3.3994
2023,1,3,1.7278
2023,1,4,3.6822
2023,1,5,2.3951
2023,1,6,2.662
2023,1,7,3.6287
2023,1,8,7.912
2023,1,9,4.2572
2023,1,10,3.2097
2023,1,11,2.007
2023,1,12,3.0724
2023,1,13,5.6095
2023,1,14,3.7781
2023,1,15,3.2927
2023,1,16,2.8878
2023,1,17,9.2422
2023,1,18,9.7636
2023,1,19,8.4324
2023,1,20,8.799
2023,1,21,10.647
2023,1,22,10.733
2023,1,23,6.2072
2023,1,24,5.3458
2023,1,25,2.2672
2023,1,26,2.9991
2023,1,27,2.2381
2023,1,28,1.4475
2023,1,29,-0.75608
2023,1,30,-1.182
2023,1,31,-0.21297
2023,2,1,1.6455
2023,2,2,0.82741
2023,2,3,-0.40853
2023,2,4,-1.1785
2023,2,5,-1.8026
2023,2,6,1.5844
2023,2,7,0.14833
2023,2,8,-0.29969
2023,2,9,0.7556
2023,2,10,0.50951
2023,2,11,6.0875
2023,2,12,7.3349
2023,2,13,9.9696
2023,2,14,10.173
2023,2,15,7.3347
2023,2,16,2.9489
2023,2,17,1.0763
2023,2,18,4.2329
2023,2,19,3.4202
2023,2,20,2.6638
2023,2,21,4.9418
2023,2,22,6.1443
2023,2,23,2.2361
2023,2,24,2.1838
2023,2,25,6.6155
2023,2,26,5.7701
2023,2,27,5.9179
2023,2,28,4.7049
2023,3,1,3.218
2023,3,2,6.4848
2023,3,3,7.3694
2023,3,4,4.4815
2023,3,5,3.3152
2023,3,6,2.1692
2023,3,7,1.4439
2023,3,8,5.0808
2023,3,9,8.429
2023,3,10,4.8457
2023,3,11,8.297
2023,3,12,5.1421
2023,3,13,2.8564
2023,3,14,1.8141
2023,3,15,0.95299
2023,3,16,1.2108
2023,3,17,1.2705
2023,3,18,0.10092
2023,3,19,1.0762
2023,3,20,1.9186
2023,3,21,2.6645
2023,3,22,1.8358
2023,3,23,0.90465
2023,3,24,0.2269
2023,3,25,2.0443
2023,3,26,8.6308
2023,3,27,12.418
2023,3,28,6.6076
2023,3,29,4.4929
2023,3,30,5.5692
2023,3,31,3.6436
2023,4,1,2.4889
2023,4,2,3.1399
2023,4,3,2.1945
2023,4,4,6.9856
2023,4,5,6.1574
2023,4,6,3.7135
2023,4,7,3.5727
2023,4,8,3.2473
2023,4,9,9.7757
2023,4,10,9.5437
2023,4,11,8.9109
2023,4,12,5.9975
2023,4,13,5.719
2023,4,14,6.0208
2023,4,15,7.1236
2023,4,16,7.5308
2023,4,17,7.1266
2023,4,18,5.7312
2023,4,19,10.089
2023,4,20,10.481
2023,4,21,8.5483
2023,4,22,9.4057
2023,4,23,7.9709
2023,4,24,12.138
2023,4,25,9.2832
2023,4,26,8.1714
2023,4,27,5.9518
2023,4,28,7.2884
2023,4,29,6.0785
2023,4,30,9.4231
2023,5,1,12.208
2023,5,2,11.323
2023,5,3,12.473
2023,5,4,12.702
2023,5,5,11.777
2023,5,6,13.314
2023,5,7,13.108
2023,5,8,12.464
2023,5,9,9.0796
2023,5,10,7.1889
2023,5,11,7.2854
2023,5,12,6.793
2023,5,13,7.9857
2023,5,14,7.4328
2023,5,15,10.07
2023,5,16,9.9795
2023,5,17,8.6223
2023,5,18,6.5884
2023,5,19,11.104
2023,5,20,12.265
2023,5,21,10.036
2023,5,22,12.003
2023,5,23,13.742
2023,5,24,11.589
2023,5,25,9.2966
2023,5,26,14.299
2023,5,27,16.19
2023,5,28,16.54
2023,5,29,15.102
2023,5,30,15.563
2023,5,31,14.843
2023,6,1,13.223
2023,6,2,12.679
2023,6,3,11.784
2023,6,4,10.21
2023,6,5,12.786
2023,6,6,17.346
2023,6,7,16.991
2023,6,8,15.788
2023,6,9,15.977
2023,6,10,14.22
2023,6,11,14.851
2023,6,12,13.465
2023,6,13,13.42
2023,6,14,12.266
2023,6,15,11.911
2023,6,16,12.766
2023,6,17,13.923
2023,6,18,12.299
2023,6,19,15.806
2023,6,20,14.77
2023,6,21,15.995
2023,6,22,16.02
2023,6,23,16.448
2023,6,24,14.54
2023,6,25,14.645
2023,6,26,15.659
2023,6,27,14.148
2023,6,28,16.114
2023,6,29,17.825
2023,6,30,16.926
2023,7,1,15.588
2023,7,2,17.47
2023,7,3,18.706
2023,7,4,17.641
2023,7,5,17.573
2023,7,6,20.397
2023,7,7,17.101
2023,7,8,20.138
2023,7,9,24.733
2023,7,10,24.684
2023,7,11,22.683
2023,7,12,20.024
2023,7,13,19.059
2023,7,14,17.929
2023,7,15,18.576
2023,7,16,16.724
2023,7,17,16.768
2023,7,18,15.199
2023,7,19,18.311
2023,7,20,19.529
2023,7,21,16.506
2023,7,22,16.132
2023,7,23,17.298
2023,7,24,17.789
2023,7,25,19.003
2023,7,26,18.348
2023,7,27,19.25
2023,7,28,18.583
2023,7,29,19.345
2023,7,30,22.747
2023,7,31,22.381
2023,8,1,19.97
2023,8,2,17.179
2023,8,3,17.763
2023,8,4,16.879
2023,8,5,13.769
2023,8,6,16.61
2023,8,7,16.618
2023,8,8,17.436
2023,8,9,18.24
2023,8,10,17.813
2023,8,11,18.133
2023,8,12,16.07
2023,8,13,14.595
2023,8,14,17.143
2023,8,15,16.747
2023,8,16,19.058
2023,8,17,20.228
2023,8,18,20.86
2023,8,19,22.611
2023,8,20,22.924
2023,8,21,24.362
2023,8,22,21.654
2023,8,23,19.997
2023,8,24,18.698
2023,8,25,20.292
2023,8,26,15.911
2023,8,27,14.316
2023,8,28,13.005
2023,8,29,12.947
2023,8,30,11.992
2023,8,31,13.739
2023,9,1,13.016
2023,9,2,13.575
2023,9,3,16.775
2023,9,4,15.238
2023,9,5,16.142
2023,9,6,12.945
2023,9,7,10.738
2023,9,8,10.929
2023,9,9,11.771
2023,9,10,11.259
2023,9,11,12.349
2023,9,12,12.184
2023,9,13,11.569
2023,9,14,14.012
2023,9,15,12.868
2023,9,16,11.237
2023,9,17,13.732
2023,9,18,13.481
2023,9,19,13.786
2023,9,20,13.492
2023,9,21,12.184
2023,9,22,13.467
2023,9,23,11.146
2023,9,24,9.8681
2023,9,25,8.5866
2023,9,26,12.123
2023,9,27,13.434
2023,9,28,11.845
2023,9,29,12.381
2023,9,30,9.3324
2023,10,1,9.5651
2023,10,2,10.106
2023,10,3,8.4921
2023,10,4,10.277
2023,10,5,7.8855
2023,10,6,5.4051
2023,10,7,4.9607
2023,10,8,9.8284
2023,10,9,8.303
2023,10,10,7.3045
2023,10,11,7.1014
2023,10,12,5.5176
2023,10,13,6.6513
2023,10,14,6.0746
2023,10,15,8.7438
2023,10,16,10.232
2023,10,17,11.215
2023,10,18,10.609
2023,10,19,10.097
2023,10,20,12.105
2023,10,21,14.573
2023,10,22,11.856
2023,10,23,10.31
2023,10,24,10.99
2023,10,25,15.516
2023,10,26,15.609
2023,10,27,11.49
2023,10,28,7.613
2023,10,29,5.7589
2023,10,30,11.39
2023,10,31,15.208
2023,11,1,14.052
2023,11,2,11.442
2023,11,3,10.262
2023,11,4,8.8387
2023,11,5,8.0125
2023,11,6,9.7251
2023,11,7,9.0819
2023,11,8,9.0516
2023,11,9,5.1191
2023,11,10,3.5957
2023,11,11,8.4408
2023,11,12,12.196
2023,11,13,11.181
2023,11,14,6.5719
2023,11,15,6.1286
2023,11,16,6.5803
2023,11,17,14.267
2023,11,18,15.281
2023,11,19,14.777
2023,11,20,13.734
2023,11,21,10.164
2023,11,22,8.0058
2023,11,23,9.0527
2023,11,24,7.1913
2023,11,25,5.7629
2023,11,26,4.0107
2023,11,27,0.87378
2023,11,28,-0.93888
2023,11,29,-1.8226
2023,11,30,0.1184
2023,12,1,0.051294
2023,12,2,-0.055721
2023,12,3,4.3444
2023,12,4,8.0006
2023,12,5,4.7891
2023,12,6,2.3182
2023,12,7,3.0322
2023,12,8,8.1485
2023,12,9,9.203
2023,12,10,5.5763
2023,12,11,6.2588
2023,12,12,5.4071
2023,12,13,4.8749
2023,12,14,4.9326
2023,12,15,5.3468
2023,12,16,7.7049
2023,12,17,2.2944
2023,12,18,1.212
2023,12,19,0.76168
2023,12,20,1.2727
2023,12,21,6.45
2023,12,22,6.571
2023,12,23,2.9888
2023,12,24,0.71428
2023,12,25,-1.4895
2023,12,26,-2.7048
2023,12,27,1.3135
2023,12,28,-2.5215
2023,12,29,-3.7482
2023,12,30,-2.6786
2023,12,31,-3.0511
2024,1,1,-3.2718
2024,1,2,-3.4547
2024,1,3,-3.9752
2024,1,4,-3.3759
2024,1,5,-3.165
2024,1,6,-2.7179
2024,1,7,-3.7684
2024,1,8,-4.5802
2024,1,9,-6.0316
2024,1,10,-6.1833
2024,1,11,-3.1296
2024,1,12,-2.7158
2024,1,13,-3.5322
2024,1,14,-4.8511
2024,1,15,-4.9046
2024,1,16,-3.9205
2024,1,17,-3.3722
2024,1,18,-0.090552
2024,1,19,-2.2215
2024,1,20,0.44635
2024,1,21,0.74834
2024,1,22,1.3067
2024,1,23,0.065942
2024,1,24,-0.34152
2024,1,25,0.14099
2024,1,26,9.1306
2024,1,27,8.3651
2024,1,28,9.9879
2024,1,29,10.535
2024,1,30,9.8765
2024,1,31,5.0598
2024,2,1,4.237
2024,2,2,1.2203
2024,2,3,0.82707
2024,2,4,1.257
2024,2,5,-0.6455
2024,2,6,0.581
2024,2,7,1.1204
2024,2,8,3.3075
2024,2,9,0.75417
2024,2,10,0.14826
2024,2,11,1.4113
2024,2,12,2.6389
2024,2,13,1.8764
2024,2,14,0.10467
2024,2,15,-0.46791
2024,2,16,5.2016
2024,2,17,7.1741
2024,2,18,5.0611
2024,2,19,3.647
2024,2,20,3.361
2024,2,21,1.0651
2024,2,22,-0.67763
2024,2,23,-1.5072
2024,2,24,2.0321
2024,2,25,0.92882
2024,2,26,1.5106
2024,2,27,2.4345
2024,2,28,5.0382
2024,2,29,4.6715
2024,3,1,3.5061
2024,3,2,0.86374
2024,3,3,3.7873
2024,3,4,2.6192
2024,3,5,1.9026
2024,3,6,3.4936
2024,3,7,0.93752
2024,3,8,-0.78466
2024,3,9,-0.22786
2024,3,10,0.029209
2024,3,11,1.5138
2024,3,12,2.5579
2024,3,13,2.6903
2024,3,14,2.1612
2024,3,15,9.1427
2024,3,16,9.1413
2024,3,17,6.7267
2024,3,18,5.765
2024,3,19,4.7491
2024,3,20,6.4188
2024,3,21,5.0613
2024,3,22,5.6995
2024,3,23,7.4187
2024,3,24,2.7102
2024,3,25,1.1454
2024,3,26,2.4648
2024,3,27,0.78901
2024,3,28,0.66618
2024,3,29,3.7219
2024,3,30,6.3084
2024,3,31,7.4601
2024,4,1,6.9079
2024,4,2,5.0317
2024,4,3,3.5212
2024,4,4,8.4231
2024,4,5,7.8635
2024,4,6,7.1666
2024,4,7,6.2582
2024,4,8,8.4404
2024,4,9,7.3617
2024,4,10,8.4352
2024,4,11,4.898
2024,4,12,3.1739
2024,4,13,2.8823
2024,4,14,3.0501
2024,4,15,9.7877
2024,4,16,11.791
2024,4,17,7.592
2024,4,18,5.8595
2024,4,19,7.6917
2024,4,20,6.1527
2024,4,21,7.068
2024,4,22,6.713
2024,4,23,10.03
2024,4,24,10.519
2024,4,25,10.825
2024,4,26,9.7242
2024,4,27,12.047
2024,4,28,10.718
2024,4,29,11.69
2024,4,30,12.231
2024,5,1,11.919
2024,5,2,10.881
2024,5,3,10.641
2024,5,4,9.6956
2024,5,5,9.1174
2024,5,6,7.7119
2024,5,7,5.3772
2024,5,8,6.6908
2024,5,9,10.77
2024,5,10,12.833
2024,5,11,8.2646
2024,5,12,8.751
2024,5,13,10.555
2024,5,14,12.41
2024,5,15,11.635
2024,5,16,9.9756
2024,5,17,10.403
2024,5,18,12.074
2024,5,19,14.152
2024,5,20,11.632
2024,5,21,9.7798
2024,5,22,11.75
2024,5,23,12.647
2024,5,24,12.016
2024,5,25,12.763
2024,5,26,14.287
2024,5,27,15.53
2024,5,28,15.776
2024,5,29,14.621
2024,5,30,14.272
2024,5,31,16.049
2024,6,1,16.47
2024,6,2,15.586
2024,6,3,14.365
2024,6,4,14.136
2024,6,5,13.624
2024,6,6,15.354
2024,6,7,15.762
2024,6,8,15.389
2024,6,9,14.643
2024,6,10,13.937
2024,6,11,15.466
2024,6,12,14.648
2024,6,13,12.508
2024,6,14,14.779
2024,6,15,15.054
2024,6,16,16.48
2024,6,17,18.298
2024,6,18,16.322
2024,6,19,14.771
2024,6,20,14.77
2024,6,21,16.392
2024,6,22,14.979
2024,6,23,14.415
2024,6,24,12.538
2024,6,25,12.171
2024,6,26,14.182
2024,6,27,15.987
2024,6,28,14.466
2024,6,29,14.553
2024,6,30,11.242
2024,7,1,14.014
2024,7,2,16.662
2024,7,3,13.003
2024,7,4,15.072
2024,7,5,17.807
2024,7,6,14.552
2024,7,7,14.769
2024,7,8,13.737
2024,7,9,13.389
2024,7,10,16.347
2024,7,11,15.097
2024,7,12,14.346
2024,7,13,13.274
2024,7,14,14.991
2024,7,15,13.8
2024,7,16,12.441
2024,7,17,14.202
2024,7,18,16.45
2024,7,19,16.829
2024,7,20,16.206
2024,7,21,18.304
2024,7,22,17.37
2024,7,23,14.107
2024,7,24,14.887
2024,7,25,16.696
2024,7,26,17.724
2024,7,27,15.744
2024,7,28,16.028
2024,7,29,20.014
2024,7,30,18.992
2024,7,31,19.346
2024,8,1,20.261
2024,8,2,20.176
2024,8,3,19.583
2024,8,4,18.172
2024,8,5,17.233
2024,8,6,16.789
2024,8,7,15.657
2024,8,8,17.791
2024,8,9,19.994
2024,8,10,19.335
2024,8,11,17.429
2024,8,12,19.74
2024,8,13,21.4
2024,8,14,20.262
2024,8,15,20.983
2024,8,16,20.256
2024,8,17,18.643
2024,8,18,18.145
2024,8,19,18.758
2024,8,20,18.626
2024,8,21,18.586
2024,8,22,19.205
2024,8,23,18.849
2024,8,24,16.592
2024,8,25,17.876
2024,8,26,18.514
2024,8,27,18.064
2024,8,28,17.289
2024,8,29,17.812
2024,8,30,14.569
2024,8,31,16.828
2024,9,1,16.248
2024,9,2,16.627
2024,9,3,14.852
2024,9,4,12.603
2024,9,5,11.97
2024,9,6,15.044
2024,9,7,12.189
2024,9,8,12.495
2024,9,9,12.94
2024,9,10,14.416
2024,9,11,13.947
2024,9,12,11.713
2024,9,13,12.463
2024,9,14,13.495
2024,9,15,13.566
2024,9,16,9.8582
2024,9,17,11.622
2024,9,18,12.752
2024,9,19,14.292
2024,9,20,14.44
2024,9,21,15.753
2024,9,22,14.624
2024,9,23,14.7
2024,9,24,15.484
2024,9,25,18.358
2024,9,26,16.543
2024,9,27,16.669
2024,9,28,16.416
2024,9,29,13.739
2024,9,30,13.753
2024,10,1,11.303
2024,10,2,8.5059
2024,10,3,6.9574
2024,10,4,10.059
2024,10,5,12.826
2024,10,6,16.858
2024,10,7,14.619
2024,10,8,12.759
2024,10,9,15.295
2024,10,10,10.186
2024,10,11,8.3906
2024,10,12,7.3745
2024,10,13,7.8397
2024,10,14,9.7754
2024,10,15,6.7914
2024,10,16,7.6901
2024,10,17,9.2216
2024,10,18,12.131
2024,10,19,14.68
2024,10,20,12.832
2024,10,21,8.2016
2024,10,22,6.5125
2024,10,23,5.6917
2024,10,24,4.8439
2024,10,25,3.0211
2024,10,26,3.8801
2024,10,27,6.4541
2024,10,28,6.4272
2024,10,29,7.3889
2024,10,30,8.5965
2024,10,31,8.1364
2024,11,1,7.277
2024,11,2,6.7104
2024,11,3,6.8398
2024,11,4,7.8911
2024,11,5,5.7067
2024,11,6,4.5707
2024,11,7,6.4448
2024,11,8,7.145
2024,11,9,8.3408
2024,11,10,6.9046
2024,11,11,4.9547
2024,11,12,8.6124
2024,11,13,7.3346
2024,11,14,12.051
2024,11,15,7.8482
2024,11,16,3.9912
2024,11,17,6.7453
2024,11,18,5.4401
2024,11,19,2.9401
2024,11,20,2.1901
2024,11,21,9.1775
2024,11,22,9.9233
2024,11,23,9.1518
2024,11,24,8.9795
2024,11,25,7.4753
2024,11,26,6.4481
2024,11,27,5.6287
2024,11,28,4.4885
2024,11,29,4.1963
2024,11,30,8.333
2024,12,1,8.1424
2024,12,2,8.2589
2024,12,3,6.0106
2024,12,4,2.8327
2024,12,5,1.6975
2024,12,6,1.3688
2024,12,7,1.172
2024,12,8,-0.059434
2024,12,9,-1.153
2024,12,10,-0.23572
2024,12,11,1.2532
2024,12,12,1.2458
2024,12,13,0.10966
2024,12,14,2.6619
2024,12,15,2.7055
2024,12,16,7.8292
2024,12,17,4.7464
2024,12,18,3.6986
2024,12,19,2.1811
2024,12,20,0.49958
2024,12,21,0.24425
2024,12,22,0.57933
2024,12,23,1.9169
2024,12,24,0.47663
2024,12,25,-1.1923
2024,12,26,-1.0095
2024,12,27,-2.5211
2024,12,28,-3.6767
2024,12,29,-2.2191
2024,12,30,0.070093
2024,12,31,-0.52318
2025,1,1,-0.49074
2025,1,2,0.12471
2025,1,3,-1.3264
2025,1,4,-1.443
2025,1,5,-1.9163
2025,1,6,1.0075
2025,1,7,-0.76196
2025,1,8,-0.8092
2025,1,9,-0.34936
2025,1,10,0.60912
2025,1,11,0.97815
2025,1,12,2.2753
2025,1,13,2.8426
2025,1,14,1.0866
2025,1,15,5.3875
2025,1,16,5.706
2025,1,17,2.4637
2025,1,18,1.0246
2025,1,19,2.0499
2025,1,20,4.068
2025,1,21,3.1401
2025,1,22,2.3168
2025,1,23,-0.53538
2025,1,24,3.9256
2025,1,25,0.61097
2025,1,26,-0.26257
2025,1,27,-0.42797
2025,1,28,0.62926
2025,1,29,3.6368
2025,1,30,1.443
2025,1,31,6.4112
2025,2,1,1.5999
2025,2,2,0.46692
2025,2,3,1.1415
2025,2,4,0.090641
2025,2,5,7.0523
2025,2,6,8.6384
2025,2,7,10.737
2025,2,8,10.89
2025,2,9,3.8956
2025,2,10,3.1495
2025,2,11,4.5095
2025,2,12,7.2294
2025,2,13,6.5235
2025,2,14,5.8109
2025,2,15,4.5164
2025,2,16,4.6481
2025,2,17,6.2498
2025,2,18,8.8403
2025,2,19,8.9682
2025,2,20,9.1643
2025,2,21,9.1286
2025,2,22,7.9029
2025,2,23,6.0195
2025,2,24,4.0622
2025,2,25,2.5791
2025,2,26,5.6238
2025,2,27,5.1805
2025,2,28,2.6365
2025,3,1,1.5172
2025,3,2,2.5788
2025,3,3,5.3655
2025,3,4,1.6396
2025,3,5,5.7976
2025,3,6,9.3185
2025,3,7,10.966
2025,3,8,11.49
2025,3,9,6.5565
2025,3,10,5.916
2025,3,11,6.7287
2025,3,12,5.7533
2025,3,13,3.8133
2025,3,14,6.8446
2025,3,15,4.8752
2025,3,16,5.5273
2025,3,17,4.3395
2025,3,18,4.8119
2025,3,19,3.7128
2025,3,20,7.7126
2025,3,21,5.2455
2025,3,22,3.4876
2025,3,23,3.0035
2025,3,24,7.9707
2025,3,25,4.0212
2025,3,26,4.7499
2025,3,27,7.5675
2025,3,28,8.3753
2025,3,29,7.4424
2025,3,30,4.8778
2025,3,31,8.3236
2025,4,1,8.6861
2025,4,2,10.639
2025,4,3,7.8692
2025,4,4,9.2604
2025,4,5,8.0287
2025,4,6,9.8016
2025,4,7,8.1333
2025,4,8,5.3315
2025,4,9,3.8638
2025,4,10,3.5767
2025,4,11,4.0477
2025,4,12,4.9345
2025,4,13,5.6078
2025,4,14,3.6237
2025,4,15,3.5866
2025,4,16,4.7857
2025,4,17,5.0206
2025,4,18,5.4711
2025,4,19,4.6871
2025,4,20,5.6611
2025,4,21,10.199
2025,4,22,9.496
2025,4,23,8.7875
2025,4,24,7.0073
2025,4,25,9.5536
2025,4,26,6.9624
2025,4,27,10.188
2025,4,28,11.798
2025,4,29,8.5349
2025,4,30,7.7043
2025,5,1,9.8044
2025,5,2,11.093
2025,5,3,9.3049
2025,5,4,9.8084
2025,5,5,12.21
2025,5,6,10.515
2025,5,7,8.8988
2025,5,8,7.7744
2025,5,9,9.8372
2025,5,10,10.41
2025,5,11,7.9617
2025,5,12,5.416
2025,5,13,9.0695
2025,5,14,9.7632
2025,5,15,9.2956
2025,5,16,8.4758
2025,5,17,13.761
2025,5,18,13.195
2025,5,19,12.676
2025,5,20,13.57
2025,5,21,11.521
2025,5,22,14.229
2025,5,23,12.277
2025,5,24,11.074
2025,5,25,12.332
2025,5,26,12.18
2025,5,27,13.091
2025,5,28,12.453
2025,5,29,12.367
2025,5,30,12.183
2025,5,31,13.908
2025,6,1,12.229
2025,6,2,12.163
2025,6,3,13.617
2025,6,4,13.191
2025,6,5,14.369
2025,6,6,15.419
2025,6,7,14.849
2025,6,8,12.967
2025,6,9,10.738
2025,6,10,15.688
2025,6,11,14.304
2025,6,12,11.311
2025,6,13,13.903
2025,6,14,16.089
2025,6,15,16.121
2025,6,16,16.503
2025,6,17,16.536
2025,6,18,13.534
2025,6,19,10.576
2025,6,20,14.502
2025,6,21,14.617
2025,6,22,12.221
2025,6,23,9.9166
2025,6,24,12.824
2025,6,25,11.917
2025,6,26,10.95
2025,6,27,14.305
2025,6,28,14.013
2025,6,29,12.583
2025,6,30,11.729
2025,7,1,13.954
2025,7,2,14.606
2025,7,3,15.017
2025,7,4,16.474
2025,7,5,17.527
2025,7,6,17.564
2025,7,7,17.641
2025,7,8,17.033
2025,7,9,15.217
2025,7,10,17.296
2025,7,11,16.893
2025,7,12,18.916
2025,7,13,17.788
2025,7,14,17.772
2025,7,15,17.13
2025,7,16,17.513
2025,7,17,17.931
2025,7,18,16.254
2025,7,19,20.025
2025,7,20,21.492
2025,7,21,21.752
2025,7,22,20.019
2025,7,23,19.132
2025,7,24,18.75
2025,7,25,18.696
2025,7,26,19.79
2025,7,27,21.879
2025,7,28,22.702
2025,7,29,20.747
2025,7,30,20.577
2025,7,31,18.472
2025,8,1,19.39
2025,8,2,20.474
2025,8,3,19.038
2025,8,4,18.703
2025,8,5,16.81
2025,8,6,19.225
2025,8,7,18.844
2025,8,8,17.023
2025,8,9,16.754
2025,8,10,17.229
2025,8,11,16.455
2025,8,12,14.954
2025,8,13,14.461
2025,8,14,13.723
2025,8,15,12.066
2025,8,16,16.548
2025,8,17,17.4
2025,8,18,14.936
2025,8,19,16.454
2025,8,20,15.919
2025,8,21,15.981
2025,8,22,17.937
2025,8,23,14.203
2025,8,24,16.752
2025,8,25,19.912
2025,8,26,16.511
2025,8,27,13.246
2025,8,28,15.736
2025,8,29,13.79
2025,8,30,11.518
2025,8,31,11.915
2025,9,1,12.674
2025,9,2,12.939
2025,9,3,17.708
2025,9,4,15.922
2025,9,5,15.847
2025,9,6,11.433
2025,9,7,10.293
2025,9,8,12.13
2025,9,9,13.453
2025,9,10,15.657
2025,9,11,13.876
2025,9,12,12.34
2025,9,13,12.14
2025,9,14,11.539
2025,9,15,14.863
2025,9,16,14.065
2025,9,17,11.97
2025,9,18,9.9704
2025,9,19,10.21
2025,9,20,9.6179
2025,9,21,9.0198
2025,9,22,9.9092
2025,9,23,11.265
2025,9,24,10.72
2025,9,25,11.679
2025,9,26,14.58
2025,9,27,13.568
2025,9,28,13.733
2025,9,29,14.822
2025,9,30,12.979
2025,10,1,14.299
2025,10,2,12.592
2025,10,3,11.364
2025,10,4,11.905
2025,10,5,13.011
2025,10,6,16.849
2025,10,7,15.474
2025,10,8,11.153
2025,10,9,10.049
2025,10,10,13.619
2025,10,11,14.28
2025,10,12,12.526
2025,10,13,9.2339
2025,10,14,8.4153
2025,10,15,10.059
2025,10,16,14.089
2025,10,17,13.844
2025,10,18,12.321
2025,10,19,15.84
2025,10,20,16.182
2025,10,21,15.702
2025,10,22,15.513
2025,10,23,15.372
2025,10,24,16.233
2025,10,25,15.895
2025,10,26,13.462
2025,10,27,12
2025,10,28,14.78
2025,10,29,15.548
2025,10,30,10.762
2025,10,31,9.805
2025,11,1,14.217
2025,11,2,14.01
2025,11,3,12.186
2025,11,4,11.245
2025,11,5,10.586
2025,11,6,5.9868
2025,11,7,4.6001
2025,11,8,5.0868
2025,11,9,6.5636
2025,11,10,7.3363
2025,11,11,7.5855
2025,11,12,4.6501
2025,11,13,2.627
2025,11,14,10.178
2025,11,15,14.701
2025,11,16,14.993
2025,11,17,14.308
2025,11,18,9.3528
2025,11,19,9.2664
2025,11,20,7.0104
2025,11,21,7.6688
2025,11,22,9.5145
2025,11,23,10.94
2025,11,24,6.0564
2025,11,25,3.9658
2025,11,26,2.8297
2025,11,27,4.3247
2025,11,28,5.1834
2025,11,29,5.1095
2025,11,30,2.929
2025,12,1,4.6262
2025,12,2,9.0065
2025,12,3,8.8362
2025,12,4,8.4614
2025,12,5,4.5721
2025,12,6,5.4371
2025,12,7,4.4704
2025,12,8,3.6818
2025,12,9,8.9047
2025,12,10,8.1963
2025,12,11,6.7078
2025,12,12,3.439
2025,12,13,2.9565
2025,12,14,2.8872
2025,12,15,1.8454
2025,12,16,1.6117
2025,12,17,0.3712
2025,12,18,-0.84634
2025,12,19,0.82101
2025,12,20,0.22465
2025,12,21,3.0406
2025,12,22,6.0082
2025,12,23,3.2196
2025,12,24,4.2442
2025,12,25,3.9775
2025,12,26,2.664
2025,12,27,2.6822
2025,12,28,5.4321
2025,12,29,4.383
2025,12,30,10.675
2025,12,31,9.2177
2026,1,1,6.9207
2026,1,2,4.3042
2026,1,3,1.7796
2026,1,4,3.456
2026,1,5,9.1896
2026,1,6,11.615
2026,1,7,11.341
2026,1,8,11.78
2026,1,9,10.978
2026,1,10,10.502
2026,1,11,8.0258
2026,1,12,8.8495
2026,1,13,8.5805
2026,1,14,3.8017
2026,1,15,0.86745
2026,1,16,3.3729
2026,1,17,5.3423
2026,1,18,7.1965
2026,1,19,3.7772
2026,1,20,1.8416
2026,1,21,2.7052
2026,1,22,1.5728
2026,1,23,0.96216
2026,1,24,3.986
2026,1,25,1.0981
2026,1,26,1.3718
2026,1,27,3.657
2026,1,28,4.6496
2026,1,29,4.8923
2026,1,30,5.0012
2026,1,31,4.2443
2026,2,1,5.6641
2026,2,2,4.9015
2026,2,3,6.2383
2026,2,4,7.2234
2026,2,5,6.8265
2026,2,6,4.7815
2026,2,7,2.0602
2026,2,8,0.79545
2026,2,9,5.5718
2026,2,10,2.5622
2026,2,11,0.90508
2026,2,12,2.3345
2026,2,13,1.88
2026,2,14,10.274
2026,2,15,4.0099
2026,2,16,1.8298
2026,2,17,2.538
2026,2,18,5.7783
2026,2,19,4.981
2026,2,20,4.6175
2026,2,21,3.9255
2026,2,22,1.9355
2026,2,23,5.283
2026,2,24,3.4425
2026,2,25,4.4543
2026,2,26,4.552
2026,2,27,2.7779
2026,2,28,3.1108
2026,3,1,0.88925
2026,3,2,1.0724
2026,3,3,0.29712
2026,3,4,0.090926
2026,3,5,2.5851
2026,3,6,4.9396
2026,3,7,3.9829
2026,3,8,2.2546
2026,3,9,1.8198
2026,3,10,1.7452
2026,3,11,5.4434
2026,3,12,8.2349
2026,3,13,9.8296
2026,3,14,8.3874
2026,3,15,6.0545
2026,3,16,5.4849
2026,3,17,7.9069
2026,3,18,6.018
2026,3,19,6.9864
2026,3,20,8.3603
2026,3,21,9.7124
2026,3,22,10.004
2026,3,23,8.3618
2026,3,24,10
2026,3,25,3.6289
2026,3,26,1.9454
2026,3,27,0.6306
2026,3,28,0.62389
2026,3,29,1.6919
2026,3,30,3.4925
2026,3,31,1.5715
2026,4,1,5.0333
2026,4,2,4.5747
2026,4,3,4.395
2026,4,4,5.6683
2026,4,5,6.4119
2026,4,6,5.7071
2026,4,7,6.5036
2026,4,8,4.5097
2026,4,9,6.0684
2026,4,10,6.578
2026,4,11,10.05
2026,4,12,9.4667
2026,4,13,9.1851
2026,4,14,8.4871
2026,4,15,7.978
2026,4,16,5.6662
2026,4,17,11.05
2026,4,18,10.947
2026,4,19,8.8163
2026,4,20,6.4326
2026,4,21,7.8272
2026,4,22,11.826
2026,4,23,11.672
2026,4,24,12.264
2026,4,25,10.439
2026,4,26,10.037
2026,4,27,9.8979
2026,4,28,7.9129
2026,4,29,8.0108
2026,4,30,7.005
2026,5,1,6.5865
2026,5,2,9.366
2026,5,3,13.142
2026,5,4,12.275
2026,5,5,11.186
2026,5,6,7.9491
2026,5,7,8.8503
2026,5,8,11.657
2026,5,9,12.396
2026,5,10,10.817
2026,5,11,12.791
2026,5,12,11.737
2026,5,13,13.471
2026,5,14,12.836
2026,5,15,14.671
2026,5,16,11.915
2026,5,17,10.315
2026,5,18,10.013
2026,5,19,9.157
2026,5,20,8.4058
2026,5,21,9.503
2026,5,22,7.173
2026,5,23,9.2933
2026,5,24,10.661
2026,5,25,12.513
2026,5,26,12.142
2026,5,27,12.7
2026,5,28,13.38
2026,5,29,14.056
2026,5,30,14.232
2026,5,31,11.706
2026,6,1,11.253
2026,6,2,11.674
2026,6,3,9.6412
2026,6,4,9.1762
2026,6,5,10.087
2026,6,6,12.018
2026,6,7,13.351
2026,6,8,13.301
2026,6,9,12.396
2026,6,10,15.15
2026,6,11,16.641
2026,6,12,16.821
2026,6,13,13.534
2026,6,14,11.525
2026,6,15,11.671
2026,6,16,14.704
2026,6,17,13.388
2026,6,18,11.412
2026,6,19,12.573
2026,6,20,11.922
2026,6,21,13.786
2026,6,22,13.52
2026,6,23,15.52
2026,6,24,17.394
2026,6,25,16.972
2026,6,26,14.555
2026,6,27,12.722
2026,6,28,12.667
2026,6,29,14.029
2026,6,30,14.383
2026,7,1,15.438
2026,7,2,17.587
2026,7,3,18.347
2026,7,4,18.845
2026,7,5,19.519
2026,7,6,18.222
2026,7,7,18.932
2026,7,8,16.306
2026,7,9,15.888
2026,7,10,16.478
2026,7,11,17.071
2026,7,12,17.833
2026,7,13,18.045
2026,7,14,17.276
2026,7,15,19.494
2026,7,16,17.533
2026,7,17,16.446
2026,7,18,16.729
2026,7,19,18.057
2026,7,20,18.1
2026,7,21,16.298
2026,7,22,15.561
2026,7,23,16.278
2026,7,24,17.72
2026,7,25,17.108
2026,7,26,15.568
2026,7,27,17.308
2026,7,28,17.382
2026,7,29,19.242
2026,7,30,21.068
2026,7,31,20.059
2026,8,1,16.715
2026,8,2,18.909
2026,8,3,19.139
2026,8,4,20.488
2026,8,5,19.305
2026,8,6,16.73
2026,8,7,19.086
2026,8,8,15.968
2026,8,9,14.231
2026,8,10,13.374
2026,8,11,13.28
2026,8,12,20.246
2026,8,13,16.832
2026,8,14,14.872
2026,8,15,14.602
2026,8,16,13.538
2026,8,17,15.599
2026,8,18,16.86
2026,8,19,13.992
2026,8,20,12.856
2026,8,21,16.892
2026,8,22,18.677
2026,8,23,16.308
2026,8,24,16.199
2026,8,25,16.426
2026,8,26,17.861
2026,8,27,20.327
2026,8,28,16.997
2026,8,29,14.298
2026,8,30,11.789
2026,8,31,12.708
2026,9,1,12.745
2026,9,2,11.446
2026,9,3,10.332
2026,9,4,9.873
2026,9,5,14.001
2026,9,6,12.109
2026,9,7,12.16
2026,9,8,14.69
2026,9,9,15.303
2026,9,10,13.982
2026,9,11,11.44
2026,9,12,13.26
2026,9,13,14.779
2026,9,14,15.633
2026,9,15,14.103
2026,9,16,14.725
2026,9,17,15.063
2026,9,18,16.859
2026,9,19,19.328
2026,9,20,17.248
2026,9,21,15.033
2026,9,22,13.955
2026,9,23,12.163
2026,9,24,14.405
2026,9,25,15.279
2026,9,26,12.854
2026,9,27,15.095
2026,9,28,13.784
2026,9,29,15.224
2026,9,30,15.84
2026,10,1,11.423
2026,10,2,10.234
2026,10,3,7.8937
2026,10,4,7.7258
2026,10,5,7.4929
2026,10,6,8.5004
2026,10,7,12.652
2026,10,8,11.32
2026,10,9,7.979
2026,10,10,11.776
2026,10,11,10.138
2026,10,12,10.34
2026,10,13,14.265
2026,10,14,9.4435
2026,10,15,7.4461
2026,10,16,13.173
2026,10,17,11.513
2026,10,18,14.816
2026,10,19,17.373
2026,10,20,18.055
2026,10,21,14.875
2026,10,22,12.697
2026,10,23,8.2655
2026,10,24,5.6269
2026,10,25,8.0192
2026,10,26,9.684
2026,10,27,11.551
2026,10,28,16.856
2026,10,29,10.982
2026,10,30,7.9894
2026,10,31,7.6515
2026,11,1,8.787
2026,11,2,8.13
2026,11,3,7.5631
2026,11,4,8.7962
2026,11,5,12.828
2026,11,6,14.278
2026,11,7,8.329
2026,11,8,7.9837
2026,11,9,7.8969
2026,11,10,7.0853
2026,11,11,8.8666
2026,11,12,9.4138
2026,11,13,7.7708
2026,11,14,11.258
2026,11,15,8.8813
2026,11,16,7.3077
2026,11,17,9.5794
2026,11,18,8.8011
2026,11,19,5.8501
2026,11,20,4.9649
2026,11,21,6.0227
2026,11,22,6.5996
2026,11,23,4.5075
2026,11,24,3.0002
2026,11,25,10.215
2026,11,26,10.355
2026,11,27,7.7689
2026,11,28,5.4402
2026,11,29,9.004
2026,11,30,8.5162
2026,12,1,10.209
2026,12,2,11.398
2026,12,3,12.135
2026,12,4,7.0408
2026,12,5,6.1479
2026,12,6,5.2155
2026,12,7,5.5659
2026,12,8,13.409
2026,12,9,12.136
2026,12,10,8.1492
2026,12,11,5.8815
2026,12,12,4.5036
2026,12,13,1.3103
2026,12,14,2.2028
2026,12,15,4.8302
2026,12,16,4.3739
2026,12,17,7.0518
2026,12,18,11.954
2026,12,19,5.9869
2026,12,20,4.2087
2026,12,21,4.6877
2026,12,22,0.94039
2026,12,23,0.49024
2026,12,24,2.1204
2026,12,25,2.2669
2026,12,26,4.7864
2026,12,27,6.7074
2026,12,28,6.172
2026,12,29,7.2124
2026,12,30,6.108
2026,12,31,1.8859
2027,1,1,0.69444
2027,1,2,2.3141
2027,1,3,11.513
2027,1,4,12.008
2027,1,5,6.3021
2027,1,6,6.044
2027,1,7,7.7864
2027,1,8,4.2864
2027,1,9,2.3632
2027,1,10,8.1273
2027,1,11,6.2466
2027,1,12,3.5531
2027,1,13,2.3573
2027,1,14,1.3135
2027,1,15,1.4373
2027,1,16,2.3474
2027,1,17,5.4923
2027,1,18,5.1814
2027,1,19,6.4873
2027,1,20,6.2956
2027,1,21,1.2823
2027,1,22,0.54244
2027,1,23,0.98908
2027,1,24,2.6144
2027,1,25,0.52385
2027,1,26,-0.86336
2027,1,27,-1.5165
2027,1,28,-1.6467
2027,1,29,1.6617
2027,1,30,4.5057
2027,1,31,4.3823
2027,2,1,2.6967
2027,2,2,2.731
2027,2,3,1.2225
2027,2,4,5.8029
2027,2,5,6.3328
2027,2,6,4.9779
2027,2,7,4.9456
2027,2,8,7.799
2027,2,9,9.4161
2027,2,10,6.8083
2027,2,11,4.8461
2027,2,12,2.3227
2027,2,13,4.7706
2027,2,14,5.0578
2027,2,15,1.5769
2027,2,16,1.9241
2027,2,17,4.9222
2027,2,18,2.4884
2027,2,19,1.3718
2027,2,20,2.6258
2027,2,21,1.9906
2027,2,22,1.1404
2027,2,23,3.0882
2027,2,24,4.4309
2027,2,25,1.4893
2027,2,26,3.2525
2027,2,27,2.0983
2027,2,28,4.2178
2027,3,1,2.8068
2027,3,2,2.0092
2027,3,3,0.96346
2027,3,4,0.8663
2027,3,5,5.0738
2027,3,6,2.3894
2027,3,7,2.1654
2027,3,8,1.6173
2027,3,9,4.0099
2027,3,10,2.0152
2027,3,11,8.1411
2027,3,12,5.5489
2027,3,13,2.0987
2027,3,14,6.1116
2027,3,15,5.317
2027,3,16,3.1109
2027,3,17,5.8768
2027,3,18,5.6295
2027,3,19,4.8535
2027,3,20,5.3367
2027,3,21,7.1074
2027,3,22,8.1347
2027,3,23,5.0306
2027,3,24,4.9441
2027,3,25,10.965
2027,3,26,11.498
2027,3,27,7.641
2027,3,28,4.2114
2027,3,29,5.6051
2027,3,30,6.6995
2027,3,31,6.5951
2027,4,1,4.8275
2027,4,2,6.9323
2027,4,3,6.1743
2027,4,4,7.4238
2027,4,5,6.3008
2027,4,6,3.6927
2027,4,7,2.6762
2027,4,8,4.3048
2027,4,9,7.6669
2027,4,10,10.853
2027,4,11,10.638
2027,4,12,9.766
2027,4,13,8.6945
2027,4,14,5.9015
2027,4,15,4.3581
2027,4,16,2.4149
2027,4,17,3.1895
2027,4,18,4.0219
2027,4,19,6.5881
2027,4,20,7.5507
2027,4,21,9.6651
2027,4,22,8.146
2027,4,23,8.2038
2027,4,24,9.3925
2027,4,25,8.959
2027,4,26,6.7317
2027,4,27,10.753
2027,4,28,11.936
2027,4,29,10.444
2027,4,30,8.6158
2027,5,1,9.0003
2027,5,2,9.185
2027,5,3,9.7933
2027,5,4,10.719
2027,5,5,10.965
2027,5,6,8.9023
2027,5,7,7.4888
2027,5,8,6.9215
2027,5,9,8.8728
2027,5,10,6.8383
2027,5,11,8.9718
2027,5,12,7.5417
2027,5,13,9.5552
2027,5,14,10.763
2027,5,15,11.722
2027,5,16,11.123
2027,5,17,9.087
2027,5,18,10.267
2027,5,19,8.8631
2027,5,20,11.249
2027,5,21,14.908
2027,5,22,12.289
2027,5,23,12.439
2027,5,24,10.98
2027,5,25,11.086
2027,5,26,12.724
2027,5,27,10.611
2027,5,28,10.605
2027,5,29,11.259
2027,5,30,10.65
2027,5,31,12.024
2027,6,1,14.702
2027,6,2,12.827
2027,6,3,12.045
2027,6,4,11.97
2027,6,5,13.862
2027,6,6,14.011
2027,6,7,15.699
2027,6,8,15.039
2027,6,9,16.209
2027,6,10,18.635
2027,6,11,14.561
2027,6,12,12.213
2027,6,13,10.918
2027,6,14,12.736
2027,6,15,11.025
2027,6,16,12.206
2027,6,17,12.811
2027,6,18,17.725
2027,6,19,15.985
2027,6,20,14.974
2027,6,21,14.643
2027,6,22,20.436
2027,6,23,19.71
2027,6,24,16.644
2027,6,25,17.077
2027,6,26,16.89
2027,6,27,17.812
2027,6,28,17.45
2027,6,29,19.239
2027,6,30,18.399
2027,7,1,19.638
2027,7,2,16.931
2027,7,3,18.529
2027,7,4,17.406
2027,7,5,18.084
2027,7,6,14.455
2027,7,7,16.536
2027,7,8,16.285
2027,7,9,14.025
2027,7,10,16.308
2027,7,11,15.831
2027,7,12,17.337
2027,7,13,20.13
2027,7,14,19.912
2027,7,15,18.588
2027,7,16,19.031
2027,7,17,17.548
2027,7,18,18.468
2027,7,19,16.556
2027,7,20,17.937
2027,7,21,20.156
2027,7,22,18.4
2027,7,23,20.711
2027,7,24,20.2
2027,7,25,18.133
2027,7,26,15.729
2027,7,27,17.966
2027,7,28,18.034
2027,7,29,19.972
2027,7,30,20.911
2027,7,31,16.786
2027,8,1,19.235
2027,8,2,17.778
2027,8,3,17.302
2027,8,4,18.455
2027,8,5,19.405
2027,8,6,19.366
2027,8,7,20.8
2027,8,8,20.138
2027,8,9,19.696
2027,8,10,19.62
2027,8,11,18.733
2027,8,12,19.667
2027,8,13,17.861
2027,8,14,21.951
2027,8,15,21.059
2027,8,16,18.397
2027,8,17,17.997
2027,8,18,18.676
2027,8,19,17.453
2027,8,20,18.206
2027,8,21,19.232
2027,8,22,19.024
2027,8,23,17.972
2027,8,24,18.298
2027,8,25,16.543
2027,8,26,15.792
2027,8,27,15.299
2027,8,28,16.691
2027,8,29,21.507
2027,8,30,19.329
2027,8,31,17.275
2027,9,1,17.49
2027,9,2,15.602
2027,9,3,14.967
2027,9,4,14.481
2027,9,5,13.042
2027,9,6,11.359
2027,9,7,14.808
2027,9,8,14.579
2027,9,9,15.835
2027,9,10,16.063
2027,9,11,14.247
2027,9,12,14.048
2027,9,13,14.582
2027,9,14,14.335
2027,9,15,15.298
2027,9,16,15.596
2027,9,17,13.7
2027,9,18,13.136
2027,9,19,14.431
2027,9,20,12.806
2027,9,21,11.968
2027,9,22,10.299
2027,9,23,11.187
2027,9,24,14.479
2027,9,25,12.985
2027,9,26,13.912
2027,9,27,15.259
2027,9,28,13.443
2027,9,29,13.482
2027,9,30,14.006
2027,10,1,15.375
2027,10,2,13.057
2027,10,3,11.866
2027,10,4,14.467
2027,10,5,12.756
2027,10,6,10.723
2027,10,7,12.733
2027,10,8,9.9001
2027,10,9,9.0521
2027,10,10,6.4846
2027,10,11,7.9076
2027,10,12,9.0998
2027,10,13,5.7919
2027,10,14,5.4364
2027,10,15,8.5521
2027,10,16,5.4399
2027,10,17,4.6962
2027,10,18,7.0907
2027,10,19,10.096
2027,10,20,11.42
2027,10,21,6.5289
2027,10,22,5.1203
2027,10,23,3.5074
2027,10,24,3.594
2027,10,25,4.5172
2027,10,26,4.0758
2027,10,27,8.2107
2027,10,28,10.156
2027,10,29,8.2481
2027,10,30,8.7386
2027,10,31,14.077
2027,11,1,9.7415
2027,11,2,9.9518
2027,11,3,6.9732
2027,11,4,9.3175
2027,11,5,8.0191
2027,11,6,8.2692
2027,11,7,7.034
2027,11,8,4.5745
2027,11,9,10.034
2027,11,10,6.8236
2027,11,11,10.15
2027,11,12,9.0337
2027,11,13,3.8472
2027,11,14,6.8496
2027,11,15,5.4115
2027,11,16,9.1812
2027,11,17,7.7572
2027,11,18,8.8045
2027,11,19,7.0072
2027,11,20,9.2538
2027,11,21,9.0768
2027,11,22,11.021
2027,11,23,9.9972
2027,11,24,7.4264
2027,11,25,4.5822
2027,11,26,1.7202
2027,11,27,5.4245
2027,11,28,6.2314
2027,11,29,5.2437
2027,11,30,3.8242
2027,12,1,4.0817
2027,12,2,4.2283
2027,12,3,3.6553
2027,12,4,6.744
2027,12,5,5.8313
2027,12,6,2.5111
2027,12,7,1.8503
2027,12,8,1.3245
2027,12,9,5.6407
2027,12,10,8.9289
2027,12,11,7.4255
2027,12,12,5.8297
2027,12,13,10.487
2027,12,14,5.5178
2027,12,15,3.7322
2027,12,16,7.4963
2027,12,17,7.1528
2027,12,18,4.5378
2027,12,19,2.0422
2027,12,20,6.4083
2027,12,21,5.7508
2027,12,22,2.3989
2027,12,23,1.1919
2027,12,24,0.43262
2027,12,25,0.72122
2027,12,26,7.4358
2027,12,27,10.407
2027,12,28,10.173
2027,12,29,4.5202
2027,12,30,2.0009
2027,12,31,1.8209
2028,1,1,2.0281
2028,1,2,0.58982
2028,1,3,-0.36261
2028,1,4,5.9284
2028,1,5,2.1294
2028,1,6,0.60755
2028,1,7,0.95724
2028,1,8,6.8287
2028,1,9,3.6077
2028,1,10,1.5402
2028,1,11,2.4316
2028,1,12,1.2241
2028,1,13,2.1081
2028,1,14,2.4121
2028,1,15,0.58108
2028,1,16,-0.24696
2028,1,17,0.47362
2028,1,18,4.417
2028,1,19,4.0157
2028,1,20,5.8528
2028,1,21,7.084
2028,1,22,2.5818
2028,1,23,2.4171
2028,1,24,3.6088
2028,1,25,2.3133
2028,1,26,10.801
2028,1,27,7.8379
2028,1,28,5.5177
2028,1,29,4.3979
2028,1,30,2.0469
2028,1,31,1.5558
2028,2,1,0.61794
2028,2,2,0.75294
2028,2,3,2.0482
2028,2,4,1.0972
2028,2,5,0.066349
2028,2,6,1.7436
2028,2,7,0.44119
2028,2,8,0.034469
2028,2,9,3.2727
2028,2,10,2.2456
2028,2,11,1.2852
2028,2,12,0.98173
2028,2,13,4.3143
2028,2,14,3.3932
2028,2,15,2.608
2028,2,16,1.3609
2028,2,17,1.0053
2028,2,18,1.9888
2028,2,19,3.4476
2028,2,20,3.032
2028,2,21,1.3991
2028,2,22,1.8525
2028,2,23,7.5221
2028,2,24,7.3054
2028,2,25,4.7717
2028,2,26,2.7818
2028,2,27,5.1348
2028,2,28,8.7118
2028,2,29,10.637
2028,3,1,6.3673
2028,3,2,3.9258
2028,3,3,4.524
2028,3,4,4.8158
2028,3,5,1.8832
2028,3,6,4.5104
2028,3,7,6.2338
2028,3,8,4.5518
2028,3,9,7.9296
2028,3,10,7.8241
2028,3,11,5.3054
2028,3,12,2.9406
2028,3,13,8.8482
2028,3,14,6.8808
2028,3,15,5.1232
2028,3,16,10.653
2028,3,17,8.7927
2028,3,18,5.5936
2028,3,19,10.429
2028,3,20,8.8502
2028,3,21,7.3441
2028,3,22,9.5634
2028,3,23,9.6933
2028,3,24,8.9989
2028,3,25,9.3685
2028,3,26,7.1656
2028,3,27,7.7936
2028,3,28,5.1672
2028,3,29,6.0944
2028,3,30,6.1718
2028,3,31,7.9055
2028,4,1,6.1647
2028,4,2,5.8512
2028,4,3,6.6516
2028,4,4,3.6424
2028,4,5,6.0213
2028,4,6,7.2479
2028,4,7,7.1496
2028,4,8,8.4023
2028,4,9,8.0372
2028,4,10,8.5638
2028,4,11,5.952
2028,4,12,9.8384
2028,4,13,11.649
2028,4,14,8.0979
2028,4,15,6.7525
2028,4,16,5.9831
2028,4,17,3.8758
2028,4,18,8.7004
2028,4,19,10.04
2028,4,20,9.8346
2028,4,21,9.9602
2028,4,22,9.738
2028,4,23,7.9308
2028,4,24,6.0825
2028,4,25,5.9426
2028,4,26,7.4495
2028,4,27,7.8666
2028,4,28,9.2194
2028,4,29,11.917
2028,4,30,10.147
2028,5,1,10.513
2028,5,2,8.8252
2028,5,3,9.5156
2028,5,4,9.6791
2028,5,5,7.6582
2028,5,6,11.624
2028,5,7,10.284
2028,5,8,8.8411
2028,5,9,11.307
2028,5,10,8.9802
2028,5,11,7.8276
2028,5,12,8.5625
2028,5,13,11.914
2028,5,14,14.828
2028,5,15,12.189
2028,5,16,11.776
2028,5,17,12.013
2028,5,18,10.439
2028,5,19,11.476
2028,5,20,8.3972
2028,5,21,12.355
2028,5,22,13.936
2028,5,23,14.728
2028,5,24,16.707
2028,5,25,17.515
2028,5,26,19.276
2028,5,27,17.955
2028,5,28,15.737
2028,5,29,13.729
2028,5,30,20.029
2028,5,31,18.923
2028,6,1,15.664
2028,6,2,15.959
2028,6,3,14.88
2028,6,4,16.556
2028,6,5,17.319
2028,6,6,17.036
2028,6,7,16.342
2028,6,8,19.38
2028,6,9,19.207
2028,6,10,16.007
2028,6,11,15.388
2028,6,12,16.117
2028,6,13,19.803
2028,6,14,15.62
2028,6,15,14.295
2028,6,16,16.704
2028,6,17,17.299
2028,6,18,17.048
2028,6,19,16.337
2028,6,20,14.93
2028,6,21,16.815
2028,6,22,15.564
2028,6,23,16.269
2028,6,24,14.778
2028,6,25,15.294
2028,6,26,13.755
2028,6,27,13.159
2028,6,28,17.196
2028,6,29,16.871
2028,6,30,18.551
2028,7,1,16.19
2028,7,2,17.941
2028,7,3,20.348
2028,7,4,19.77
2028,7,5,16.447
2028,7,6,13.967
2028,7,7,13.946
2028,7,8,16.424
2028,7,9,17.04
2028,7,10,15.642
2028,7,11,18.937
2028,7,12,20.74
2028,7,13,22.1
2028,7,14,20.305
2028,7,15,19.782
2028,7,16,19.814
2028,7,17,18.061
2028,7,18,19.136
2028,7,19,19.175
2028,7,20,20.933
2028,7,21,20.582
2028,7,22,21.199
2028,7,23,17.388
2028,7,24,14.489
2028,7,25,18.234
2028,7,26,15.336
2028,7,27,13.478
2028,7,28,16.691
2028,7,29,18.293
2028,7,30,15.612
2028,7,31,17.319
2028,8,1,17.95
2028,8,2,16.474
2028,8,3,16.361
2028,8,4,16.111
2028,8,5,18.821
2028,8,6,15.462
2028,8,7,12.761
2028,8,8,13.455
2028,8,9,16.169
2028,8,10,17.699
2028,8,11,13.571
2028,8,12,16.885
2028,8,13,15.469
2028,8,14,16.697
2028,8,15,16.74
2028,8,16,17.027
2028,8,17,19.965
2028,8,18,21.115
2028,8,19,20.427
2028,8,20,20.79
2028,8,21,20.11
2028,8,22,16.664
2028,8,23,14.289
2028,8,24,16.023
2028,8,25,16.116
2028,8,26,12.743
2028,8,27,11.087
2028,8,28,17.035
2028,8,29,18.467
2028,8,30,14.308
2028,8,31,12.474
2028,9,1,14.993
2028,9,2,14.912
2028,9,3,14.805
2028,9,4,13.251
2028,9,5,15.491
2028,9,6,11.714
2028,9,7,13.543
2028,9,8,12.723
2028,9,9,12.008
2028,9,10,12.951
2028,9,11,12.601
2028,9,12,14.479
2028,9,13,17.75
2028,9,14,17.909
2028,9,15,15.377
2028,9,16,15.135
2028,9,17,13.784
2028,9,18,11.816
2028,9,19,10.604
2028,9,20,11.85
2028,9,21,13.719
2028,9,22,14.693
2028,9,23,12.426
2028,9,24,10.821
2028,9,25,11.857
2028,9,26,10.729
2028,9,27,8.6113
2028,9,28,8.0765
2028,9,29,7.0988
2028,9,30,7.7305
2028,10,1,8.5982
2028,10,2,8.5383
2028,10,3,10.191
2028,10,4,13.85
2028,10,5,13.166
2028,10,6,12.963
2028,10,7,15.563
2028,10,8,16.94
2028,10,9,14.807
2028,10,10,15.364
2028,10,11,16.115
2028,10,12,17.757
2028,10,13,14.003
2028,10,14,13.729
2028,10,15,13.705
2028,10,16,12.932
2028,10,17,11.976
2028,10,18,10.146
2028,10,19,8.2516
2028,10,20,7.6551
2028,10,21,5.6072
2028,10,22,6.8754
2028,10,23,8.4259
2028,10,24,4.6745
2028,10,25,2.4415
2028,10,26,5.351
2028,10,27,4.8457
2028,10,28,3.2597
2028,10,29,8.9478
2028,10,30,6.0207
2028,10,31,7.4637
2028,11,1,8.0121
2028,11,2,5.128
2028,11,3,2.7964
2028,11,4,2.4755
2028,11,5,2.5271
2028,11,6,1.6653
2028,11,7,1.6321
2028,11,8,1.3363
2028,11,9,1.6354
2028,11,10,1.7188
2028,11,11,1.1481
2028,11,12,1.4531
2028,11,13,5.0659
2028,11,14,10.33
2028,11,15,6.732
2028,11,16,5.9512
2028,11,17,9.5666
2028,11,18,8.6542
2028,11,19,9.1713
2028,11,20,11.009
2028,11,21,10.131
2028,11,22,9.7916
2028,11,23,7.295
2028,11,24,9.0633
2028,11,25,7.9332
2028,11,26,7.0031
2028,11,27,6.7303
2028,11,28,13.086
2028,11,29,13.313
2028,11,30,13.093
2028,12,1,13.081
2028,12,2,11.709
2028,12,3,9.4462
2028,12,4,8.0296
2028,12,5,7.8327
2028,12,6,5.5433
2028,12,7,6.5811
2028,12,8,12.715
2028,12,9,12.808
2028,12,10,12.998
2028,12,11,12.895
2028,12,12,12.037
2028,12,13,10.832
2028,12,14,11.051
2028,12,15,12.572
2028,12,16,10.612
2028,12,17,8.4762
2028,12,18,8.0657
2028,12,19,10.507
2028,12,20,9.9405
2028,12,21,8.8475
2028,12,22,6.8194
2028,12,23,6.7963
2028,12,24,8.3335
2028,12,25,5.1385
2028,12,26,3.2349
2028,12,27,2.2038
2028,12,28,9.8593
2028,12,29,8.8805
2028,12,30,3.6759
2028,12,31,1.324
2029,1,1,1.4599
2029,1,2,8.3149
2029,1,3,4.3733
2029,1,4,2.1012
2029,1,5,4.1135
2029,1,6,1.7284
2029,1,7,7.1659
2029,1,8,9.7091
2029,1,9,9.0734
2029,1,10,7.9816
2029,1,11,3.0965
2029,1,12,3.6773
2029,1,13,3.6103
2029,1,14,1.4998
2029,1,15,4.697
2029,1,16,5.858
2029,1,17,4.408
2029,1,18,12.176
2029,1,19,8.4792
2029,1,20,6.1969
2029,1,21,8.1303
2029,1,22,3.1543
2029,1,23,1.2569
2029,1,24,3.6297
2029,1,25,3.4813
2029,1,26,3.3539
2029,1,27,3.9281
2029,1,28,2.5594
2029,1,29,4.6614
2029,1,30,6.8762
2029,1,31,4.1123
2029,2,1,0.94736
2029,2,2,0.16911
2029,2,3,2.7073
2029,2,4,1.0815
2029,2,5,0.29553
2029,2,6,-1.3393
2029,2,7,-2.5124
2029,2,8,-1.3072
2029,2,9,-1.4924
2029,2,10,-1.4734
2029,2,11,-1.016
2029,2,12,0.45397
2029,2,13,-0.35782
2029,2,14,0.71595
2029,2,15,-1.4377
2029,2,16,-2.3618
2029,2,17,-1.7421
2029,2,18,-2.182
2029,2,19,-1.6992
2029,2,20,6.3503
2029,2,21,5.5486
2029,2,22,0.84455
2029,2,23,-0.089504
2029,2,24,-0.58431
2029,2,25,5.3581
2029,2,26,5.2435
2029,2,27,5.8154
2029,2,28,1.7913
2029,3,1,1.7929
2029,3,2,7.6421
2029,3,3,6.6226
2029,3,4,5.788
2029,3,5,5.9466
2029,3,6,7.9097
2029,3,7,5.7149
2029,3,8,4.2557
2029,3,9,8.3257
2029,3,10,7.7453
2029,3,11,5.6417
2029,3,12,4.0404
2029,3,13,6.2962
2029,3,14,6.0411
2029,3,15,8.9811
2029,3,16,5.87
2029,3,17,5.4826
2029,3,18,6.5424
2029,3,19,5.9458
2029,3,20,8.6154
2029,3,21,5.9359
2029,3,22,4.6884
2029,3,23,3.0871
2029,3,24,2.7515
2029,3,25,6.4638
2029,3,26,7.1883
2029,3,27,4.8922
2029,3,28,3.4568
2029,3,29,3.9423
2029,3,30,6.9133
2029,3,31,4.5913
2029,4,1,7.0491
2029,4,2,5.427
2029,4,3,6.0103
2029,4,4,4.0742
2029,4,5,7.0228
2029,4,6,7.8819
2029,4,7,10.142
2029,4,8,8.6245
2029,4,9,10.022
2029,4,10,9.2271
2029,4,11,8.5285
2029,4,12,6.6788
2029,4,13,5.5947
2029,4,14,10.71
2029,4,15,10.529
2029,4,16,11.5
2029,4,17,10.399
2029,4,18,9.8444
2029,4,19,7.9567
2029,4,20,6.7754
2029,4,21,6.982
2029,4,22,7.8508
2029,4,23,6.2274
2029,4,24,9.41
2029,4,25,7.5821
2029,4,26,8.5226
2029,4,27,5.7598
2029,4,28,6.2017
2029,4,29,6.1597
2029,4,30,6.1929
2029,5,1,5.8592
2029,5,2,6.3396
2029,5,3,8.6252
2029,5,4,6.0628
2029,5,5,8.2384
2029,5,6,12.114
2029,5,7,12.791
2029,5,8,11.684
2029,5,9,9.1166
2029,5,10,10.497
2029,5,11,11.118
2029,5,12,9.5246
2029,5,13,6.9682
2029,5,14,8.7052
2029,5,15,7.4382
2029,5,16,7.0348
2029,5,17,9.8747
2029,5,18,14.23
2029,5,19,13.921
2029,5,20,13.591
2029,5,21,11.548
2029,5,22,9.5861
2029,5,23,7.8906
2029,5,24,7.9658
2029,5,25,9.2435
2029,5,26,14.444
2029,5,27,12.448
2029,5,28,11.445
2029,5,29,14.84
2029,5,30,14.768
2029,5,31,13.934
2029,6,1,16.964
2029,6,2,16.114
2029,6,3,14.981
2029,6,4,14.201
2029,6,5,17.162
2029,6,6,16.462
2029,6,7,14.645
2029,6,8,13.458
2029,6,9,13.732
2029,6,10,14.973
2029,6,11,12.638
2029,6,12,11.441
2029,6,13,14.468
2029,6,14,15.396
2029,6,15,13.759
2029,6,16,13.104
2029,6,17,16.518
2029,6,18,14.499
2029,6,19,13.071
2029,6,20,10.533
2029,6,21,10.313
2029,6,22,12.615
2029,6,23,13.588
2029,6,24,16.875
2029,6,25,14.823
2029,6,26,13.667
2029,6,27,17.153
2029,6,28,14.876
2029,6,29,13.506
2029,6,30,13.064
2029,7,1,13.29
2029,7,2,16.413
2029,7,3,15.589
2029,7,4,17.968
2029,7,5,18.196
2029,7,6,17.969
2029,7,7,16.7
2029,7,8,17.663
2029,7,9,21.675
2029,7,10,19.969
2029,7,11,18.41
2029,7,12,14.856
2029,7,13,13.725
2029,7,14,16.56
2029,7,15,16.982
2029,7,16,14.056
2029,7,17,14.992
2029,7,18,13.943
2029,7,19,15.343
2029,7,20,17.443
2029,7,21,20.259
2029,7,22,20.094
2029,7,23,19.541
2029,7,24,20.419
2029,7,25,19.697
2029,7,26,22.064
2029,7,27,20.135
2029,7,28,18.349
2029,7,29,18.738
2029,7,30,20.849
2029,7,31,18.691
2029,8,1,15.807
2029,8,2,15.709
2029,8,3,16.299
2029,8,4,17.603
2029,8,5,19.415
2029,8,6,19.969
2029,8,7,20.654
2029,8,8,20.268
2029,8,9,17.368
2029,8,10,17.583
2029,8,11,18.231
2029,8,12,18.065
2029,8,13,17.231
2029,8,14,16.142
2029,8,15,18.06
2029,8,16,15.815
2029,8,17,12.824
2029,8,18,18.644
2029,8,19,14.643
2029,8,20,12.436
2029,8,21,14.294
2029,8,22,14.691
2029,8,23,15.225
2029,8,24,17.403
2029,8,25,15.992
2029,8,26,14.377
2029,8,27,14.463
2029,8,28,16.277
2029,8,29,13.897
2029,8,30,15.429
2029,8,31,14.211
2029,9,1,14.266
2029,9,2,14.983
2029,9,3,17.304
2029,9,4,16.931
2029,9,5,16.027
2029,9,6,11.233
2029,9,7,13.357
2029,9,8,11.21
2029,9,9,9.7484
2029,9,10,10.643
2029,9,11,10.357
2029,9,12,12.281
2029,9,13,17.96
2029,9,14,20.728
2029,9,15,17.878
2029,9,16,14.357
2029,9,17,11.098
2029,9,18,13.061
2029,9,19,14.696
2029,9,20,18.842
2029,9,21,19.892
2029,9,22,17.815
2029,9,23,17.77
2029,9,24,17.023
2029,9,25,18.323
2029,9,26,16.478
2029,9,27,14.363
2029,9,28,13.672
2029,9,29,13.242
2029,9,30,14.189
2029,10,1,14.257
2029,10,2,14.014
2029,10,3,14.373
2029,10,4,10.608
2029,10,5,9.3825
2029,10,6,10.985
2029,10,7,9.8618
2029,10,8,8.5905
2029,10,9,10.048
2029,10,10,8.8427
2029,10,11,7.5788
2029,10,12,7.6344
2029,10,13,7.51
2029,10,14,5.4471
2029,10,15,8.4325
2029,10,16,11.542
2029,10,17,11.74
2029,10,18,10.407
2029,10,19,13.051
2029,10,20,16.155
2029,10,21,14.039
2029,10,22,12.088
2029,10,23,9.4317
2029,10,24,6.5686
2029,10,25,8.2864
2029,10,26,9.8249
2029,10,27,8.5565
2029,10,28,11.418
2029,10,29,12.75
2029,10,30,10.736
2029,10,31,8.8516
2029,11,1,7.1933
2029,11,2,5.6173
2029,11,3,5.3599
2029,11,4,7.3228
2029,11,5,4.6726
2029,11,6,2.5895
2029,11,7,5.6118
2029,11,8,14.507
2029,11,9,13.999
2029,11,10,7.9775
2029,11,11,5.7075
2029,11,12,10.669
2029,11,13,9.5447
2029,11,14,6.6368
2029,11,15,4.6569
2029,11,16,3.5845
2029,11,17,4.6988
2029,11,18,6.1416
2029,11,19,2.8096
2029,11,20,3.5481
2029,11,21,1.3032
2029,11,22,0.70483
2029,11,23,1.2772
2029,11,24,0.70014
2029,11,25,1.4803
2029,11,26,10.607
2029,11,27,10.701
2029,11,28,10.16
2029,11,29,9.7939
2029,11,30,5.9771
2029,12,1,5.628
2029,12,2,5.4775
2029,12,3,5.2936
2029,12,4,5.4912
2029,12,5,6.9918
2029,12,6,8.6652
2029,12,7,7.4685
2029,12,8,5.1048
2029,12,9,1.2139
2029,12,10,0.9666
2029,12,11,5.2754
2029,12,12,3.8185
2029,12,13,1.6551
2029,12,14,1.4722
2029,12,15,1.8067
2029,12,16,0.71767
2029,12,17,5.7277
2029,12,18,11.424
2029,12,19,12.074
2029,12,20,6.072
2029,12,21,5.164
2029,12,22,7.5497
2029,12,23,9.1839
2029,12,24,6.8539
2029,12,25,4.4035
2029,12,26,6.4826
2029,12,27,4.0508
2029,12,28,7.3318
2029,12,29,8.02
2029,12,30,11.439
2029,12,31,8.9647
2030,1,1,3.3377
2030,1,2,0.61789
2030,1,3,-0.020199
2030,1,4,1.8362
2030,1,5,6.9499
2030,1,6,5.0443
2030,1,7,7.617
2030,1,8,5.853
2030,1,9,4.3288
2030,1,10,3.082
2030,1,11,1.8412
2030,1,12,0.90261
2030,1,13,4.7404
2030,1,14,2.0635
2030,1,15,1.9969
2030,1,16,9.8749
2030,1,17,9.6562
2030,1,18,1.299
2030,1,19,-0.0037903
2030,1,20,0.23298
2030,1,21,0.89891
2030,1,22,1.5872
2030,1,23,2.4232
2030,1,24,0.52863
2030,1,25,1.9483
2030,1,26,7.8301
2030,1,27,4.0997
2030,1,28,1.3484
2030,1,29,0.47419
2030,1,30,-0.27241
2030,1,31,1.5446
2030,2,1,3.1066
2030,2,2,3.2732
2030,2,3,1.2847
2030,2,4,2.1275
2030,2,5,0.79425
2030,2,6,0.32752
2030,2,7,-0.2291
2030,2,8,5.455
2030,2,9,2.5984
2030,2,10,1.894
2030,2,11,2.2602
2030,2,12,1.2949
2030,2,13,1.685
2030,2,14,1.2081
2030,2,15,0.86345
2030,2,16,1.963
2030,2,17,0.93563
2030,2,18,0.44118
2030,2,19,2.127
2030,2,20,1.4352
2030,2,21,0.32166
2030,2,22,1.7241
2030,2,23,1.0384
2030,2,24,0.54686
2030,2,25,-0.0010132
2030,2,26,-1.1302
2030,2,27,-0.2088
2030,2,28,-1.2758
2030,3,1,4.7593
2030,3,2,2.3994
2030,3,3,6.5518
2030,3,4,11.438
2030,3,5,10.742
2030,3,6,9.5253
2030,3,7,8.4422
2030,3,8,7.1751
2030,3,9,3.3398
2030,3,10,2.0394
2030,3,11,1.439
2030,3,12,0.88363
2030,3,13,0.63001
2030,3,14,0.14006
2030,3,15,5.2091
2030,3,16,7.209
2030,3,17,6.2781
2030,3,18,8.5184
2030,3,19,9.3925
2030,3,20,5.0802
2030,3,21,3.6438
2030,3,22,3.3676
2030,3,23,8.7593
2030,3,24,6.0612
2030,3,25,4.2241
2030,3,26,4.7349
2030,3,27,1.8875
2030,3,28,0.99952
2030,3,29,1.0991
2030,3,30,4.9344
2030,3,31,8.8289
2030,4,1,6.409
2030,4,2,8.1076
2030,4,3,6.7292
2030,4,4,6.9744
2030,4,5,7.232
2030,4,6,5.0661
2030,4,7,3.6275
2030,4,8,3.2124
2030,4,9,5.0981
2030,4,10,4.3849
2030,4,11,5.5527
2030,4,12,8.973
2030,4,13,7.839
2030,4,14,6.4722
2030,4,15,6.8548
2030,4,16,7.6562
2030,4,17,9.0227
2030,4,18,10.076
2030,4,19,6.5568
2030,4,20,4.6731
2030,4,21,5.0496
2030,4,22,4.8713
2030,4,23,5.5484
2030,4,24,4.2485
2030,4,25,6.6822
2030,4,26,5.2903
2030,4,27,4.9991
2030,4,28,5.6774
2030,4,29,5.4178
2030,4,30,5.2907
2030,5,1,8.3914
2030,5,2,6.3735
2030,5,3,9.634
2030,5,4,9.3651
2030,5,5,9.1916
2030,5,6,6.1993
2030,5,7,6.8233
2030,5,8,11.106
2030,5,9,7.4535
2030,5,10,7.0719
2030,5,11,8.859
2030,5,12,9.6019
2030,5,13,9.5538
2030,5,14,10.417
2030,5,15,10.359
2030,5,16,12.134
2030,5,17,13.902
2030,5,18,12.659
2030,5,19,10.152
2030,5,20,11.907
2030,5,21,12.21
2030,5,22,13.58
2030,5,23,13.615
2030,5,24,13.916
2030,5,25,10.776
2030,5,26,8.2557
2030,5,27,10.763
2030,5,28,15.492
2030,5,29,13.007
2030,5,30,11.545
2030,5,31,13.131
2030,6,1,13.1
2030,6,2,15.798
2030,6,3,14.432
2030,6,4,14.338
2030,6,5,16.317
2030,6,6,15.17
2030,6,7,18.572
2030,6,8,17.561
2030,6,9,15.976
2030,6,10,14.438
2030,6,11,12.752
2030,6,12,12.726
2030,6,13,14.506
2030,6,14,12.591
2030,6,15,12.117
2030,6,16,12.975
2030,6,17,12.621
2030,6,18,10.997
2030,6,19,9.1313
2030,6,20,10.435
2030,6,21,12.792
2030,6,22,14.613
2030,6,23,15.766
2030,6,24,14.893
2030,6,25,18.259
2030,6,26,17.743
2030,6,27,14.524
2030,6,28,15.219
2030,6,29,14.254
2030,6,30,14.811
2030,7,1,19.114
2030,7,2,17.161
2030,7,3,18.856
2030,7,4,18.392
2030,7,5,16.973
2030,7,6,14.853
2030,7,7,13.531
2030,7,8,14.022
2030,7,9,16
2030,7,10,17.602
2030,7,11,20.295
2030,7,12,20.913
2030,7,13,20.416
2030,7,14,18.864
2030,7,15,18.493
2030,7,16,18.109
2030,7,17,14.873
2030,7,18,14.162
2030,7,19,14.542
2030,7,20,15.903
2030,7,21,17.366
2030,7,22,18.41
2030,7,23,19.374
2030,7,24,19.895
2030,7,25,18.454
2030,7,26,16.991
2030,7,27,17.265
2030,7,28,19.336
2030,7,29,19.88
2030,7,30,19.369
2030,7,31,16.031
2030,8,1,14.697
2030,8,2,13.662
2030,8,3,16.272
2030,8,4,17.191
2030,8,5,16.029
2030,8,6,15.689
2030,8,7,17.125
2030,8,8,16.881
2030,8,9,16.939
2030,8,10,20.734
2030,8,11,18.53
2030,8,12,17.532
2030,8,13,16.168
2030,8,14,14.945
2030,8,15,18.621
2030,8,16,20.592
2030,8,17,19.757
2030,8,18,20.593
2030,8,19,18.843
2030,8,20,18.427
2030,8,21,19.051
2030,8,22,16.812
2030,8,23,15.077
2030,8,24,16.983
2030,8,25,13.786
2030,8,26,12.698
2030,8,27,13.746
2030,8,28,13.005
2030,8,29,15.284
2030,8,30,17.807
2030,8,31,18.953
2030,9,1,15.938
2030,9,2,12.831
2030,9,3,14.65
2030,9,4,18.212
2030,9,5,17.606
2030,9,6,16.225
2030,9,7,15.279
2030,9,8,17.077
2030,9,9,16.528
2030,9,10,15.194
2030,9,11,18.246
2030,9,12,17.159
2030,9,13,19.815
2030,9,14,19.749
2030,9,15,17.626
2030,9,16,13.105
2030,9,17,10.255
2030,9,18,12.568
2030,9,19,11.076
2030,9,20,8.3795
2030,9,21,12.229
2030,9,22,12.644
2030,9,23,13.126
2030,9,24,14.432
2030,9,25,16.067
2030,9,26,15.067
2030,9,27,12.409
2030,9,28,13.596
2030,9,29,13.166
2030,9,30,14.26
2030,10,1,12.096
2030,10,2,14.223
2030,10,3,13.936
2030,10,4,13.135
2030,10,5,16.074
2030,10,6,16.302
2030,10,7,18.424
2030,10,8,14.489
2030,10,9,13.084
2030,10,10,11.779
2030,10,11,13.066
2030,10,12,17.069
2030,10,13,11.653
2030,10,14,8.6614
2030,10,15,8.3067
2030,10,16,9.7741
2030,10,17,5.6082
2030,10,18,3.5384
2030,10,19,6.459
2030,10,20,5.6427
2030,10,21,6.7107
2030,10,22,4.9663
2030,10,23,2.4862
2030,10,24,4.8736
2030,10,25,5.0229
2030,10,26,7.022
2030,10,27,7.9345
2030,10,28,10.919
2030,10,29,13.756
2030,10,30,13.28
2030,10,31,10.855
2030,11,1,9.2792
2030,11,2,7.1776
2030,11,3,8.507
2030,11,4,6.7019
2030,11,5,4.8193
2030,11,6,6.3821
2030,11,7,4.5539
2030,11,8,2.9689
2030,11,9,8.6381
2030,11,10,10.438
2030,11,11,8.0729
2030,11,12,7.9042
2030,11,13,7.2716
2030,11,14,3.7364
2030,11,15,10.219
2030,11,16,6.2697
2030,11,17,3.2008
2030,11,18,0.068201
2030,11,19,6.8
2030,11,20,5.9032
2030,11,21,4.4696
2030,11,22,3.2511
2030,11,23,0.86593
2030,11,24,2.752
2030,11,25,1.4551
2030,11,26,2.8176
2030,11,27,2.2503
2030,11,28,0.61416
2030,11,29,-0.54854
2030,11,30,-0.37388
2030,12,1,1.0143
2030,12,2,7.1735
2030,12,3,3.8424
2030,12,4,2.4701
2030,12,5,0.65217
2030,12,6,1.7061
2030,12,7,9.0093
2030,12,8,10.077
2030,12,9,9.1331
2030,12,10,10.763
2030,12,11,10.643
2030,12,12,1.3212
2030,12,13,0.34207
2030,12,14,1.7981
2030,12,15,0.94927
2030,12,16,-0.30696
2030,12,17,5.3045
2030,12,18,5.1111
2030,12,19,4.4345
2030,12,20,5.4092
2030,12,21,6.6639
2030,12,22,4.7161
2030,12,23,2.9541
2030,12,24,3.5711
2030,12,25,6.3794
2030,12,26,6.2279
2030,12,27,6.065
2030,12,28,4.2477
2030,12,29,1.8642
2030,12,30,5.6278
2030,12,31,6.4283
2031,1,1,7.4199
2031,1,2,5.3795
2031,1,3,2.4474
2031,1,4,2.1297
2031,1,5,-0.04388
2031,1,6,0.049473
2031,1,7,0.85244
2031,1,8,2.4359
2031,1,9,-0.86318
2031,1,10,-1.578
2031,1,11,0.72122
2031,1,12,0.28363
2031,1,13,-0.82111
2031,1,14,-1.1853
2031,1,15,3.8948
2031,1,16,3.1449
2031,1,17,0.84139
2031,1,18,0.095158
2031,1,19,4.7267
2031,1,20,2.8149
2031,1,21,3.5317
2031,1,22,5.917
2031,1,23,5.3809
2031,1,24,2.7023
2031,1,25,2.5576
2031,1,26,0.53923
2031,1,27,2.3645
2031,1,28,2.7487
2031,1,29,2.1313
2031,1,30,1.3632
2031,1,31,5.3369
2031,2,1,5.1005
2031,2,2,3.0181
2031,2,3,1.2166
2031,2,4,0.71404
2031,2,5,2.2525
2031,2,6,2.2045
2031,2,7,3.0765
2031,2,8,2.8144
2031,2,9,4.5955
2031,2,10,2.9045
2031,2,11,1.2105
2031,2,12,0.32673
2031,2,13,1.8879
2031,2,14,0.59919
2031,2,15,0.14218
2031,2,16,-0.053198
2031,2,17,-0.77773
2031,2,18,2.0843
2031,2,19,2.8457
2031,2,20,3.5563
2031,2,21,3.587
2031,2,22,5.9454
2031,2,23,6.8657
2031,2,24,4.9948
2031,2,25,4.8176
2031,2,26,1.7836
2031,2,27,5.5333
2031,2,28,3.1079
2031,3,1,1.5326
2031,3,2,5.6234
2031,3,3,3.9446
2031,3,4,2.353
2031,3,5,1.8235
2031,3,6,0.44465
2031,3,7,-0.25844
2031,3,8,3.3045
2031,3,9,6.1976
2031,3,10,7.5598
2031,3,11,5.1605
2031,3,12,6.2633
2031,3,13,5.4563
2031,3,14,5.9615
2031,3,15,6.887
2031,3,16,5.2759
2031,3,17,5.1968
2031,3,18,3.2138
2031,3,19,4.9029
2031,3,20,4.844
2031,3,21,3.82
2031,3,22,6.2241
2031,3,23,7.2492
2031,3,24,8.1836
2031,3,25,6.5408
2031,3,26,4.2772
2031,3,27,2.8359
2031,3,28,2.7537
2031,3,29,3.5141
2031,3,30,5.7798
2031,3,31,6.0882
2031,4,1,7.4492
2031,4,2,7.6966
2031,4,3,8.9973
2031,4,4,10.407
2031,4,5,9.0005
2031,4,6,7.7965
2031,4,7,11.67
2031,4,8,8.6797
2031,4,9,5.6769
2031,4,10,4.391
2031,4,11,6.7603
2031,4,12,5.9388
2031,4,13,6.9093
2031,4,14,9.5921
2031,4,15,12.373
2031,4,16,8.7988
2031,4,17,6.9754
2031,4,18,8.3516
2031,4,19,7.2135
2031,4,20,5.5562
2031,4,21,8.6546
2031,4,22,7.3968
2031,4,23,5.2558
2031,4,24,4.3367
2031,4,25,7.1842
2031,4,26,5.312
2031,4,27,8.5672
2031,4,28,9.0199
2031,4,29,10.345
2031,4,30,8.1338
2031,5,1,9.4112
2031,5,2,12.072
2031,5,3,13.35
2031,5,4,12.54
2031,5,5,11.506
2031,5,6,10.132
2031,5,7,10.472
2031,5,8,13.172
2031,5,9,13.991
2031,5,10,13.702
2031,5,11,10.699
2031,5,12,10.077
2031,5,13,14.619
2031,5,14,13.277
2031,5,15,10.334
2031,5,16,8.5808
2031,5,17,11.576
2031,5,18,11.763
2031,5,19,11.553
2031,5,20,12.116
2031,5,21,10.357
2031,5,22,12.144
2031,5,23,13.504
2031,5,24,14.828
2031,5,25,12.859
2031,5,26,12.14
2031,5,27,13.914
2031,5,28,12.801
2031,5,29,14.291
2031,5,30,15
2031,5,31,12.465
2031,6,1,12.321
2031,6,2,11.255
2031,6,3,13.597
2031,6,4,13.243
2031,6,5,13.708
2031,6,6,13.369
2031,6,7,10.842
2031,6,8,14.571
2031,6,9,16.318
2031,6,10,17.626
2031,6,11,19.785
2031,6,12,18.05
2031,6,13,18.273
2031,6,14,16.793
2031,6,15,17.393
2031,6,16,17.035
2031,6,17,18.462
2031,6,18,16.992
2031,6,19,18.944
2031,6,20,17.671
2031,6,21,17.267
2031,6,22,16.517
2031,6,23,14.222
2031,6,24,13.631
2031,6,25,14.966
2031,6,26,13.588
2031,6,27,13.305
2031,6,28,14.308
2031,6,29,12.977
2031,6,30,13.075
2031,7,1,12.655
2031,7,2,15.685
2031,7,3,13.386
2031,7,4,12.868
2031,7,5,13.151
2031,7,6,13.587
2031,7,7,14.749
2031,7,8,17.35
2031,7,9,14.606
2031,7,10,16.07
2031,7,11,17.404
2031,7,12,16.318
2031,7,13,14.266
2031,7,14,15.443
2031,7,15,15.672
2031,7,16,17.637
2031,7,17,17.644
2031,7,18,19.627
2031,7,19,19.365
2031,7,20,18.282
2031,7,21,19.79
2031,7,22,16.878
2031,7,23,18.539
2031,7,24,17.357
2031,7,25,18.609
2031,7,26,19.409
2031,7,27,18.785
2031,7,28,16.921
2031,7,29,17.715
2031,7,30,18.46
2031,7,31,14.725
2031,8,1,14.332
2031,8,2,15.388
2031,8,3,17.08
2031,8,4,17.583
2031,8,5,19.853
2031,8,6,21.006
2031,8,7,22.137
2031,8,8,22.369
2031,8,9,22.289
2031,8,10,21.867
2031,8,11,22.125
2031,8,12,18.892
2031,8,13,19.278
2031,8,14,18.927
2031,8,15,20.768
2031,8,16,16.551
2031,8,17,18.296
2031,8,18,19.922
2031,8,19,21.693
2031,8,20,23.953
2031,8,21,23.776
2031,8,22,21.412
2031,8,23,19.714
2031,8,24,19.786
2031,8,25,18.82
2031,8,26,15.526
2031,8,27,18.642
2031,8,28,21.29
2031,8,29,19.542
2031,8,30,20.596
2031,8,31,20.563
2031,9,1,19.159
2031,9,2,17.431
2031,9,3,16.269
2031,9,4,15.917
2031,9,5,18.349
2031,9,6,19.517
2031,9,7,17.814
2031,9,8,20.026
2031,9,9,17.945
2031,9,10,13.931
2031,9,11,16.123
2031,9,12,15.766
2031,9,13,15.811
2031,9,14,16.235
2031,9,15,15.672
2031,9,16,14.17
2031,9,17,13.5
2031,9,18,11.02
2031,9,19,8.8898
2031,9,20,17.59
2031,9,21,16.091
2031,9,22,13.053
2031,9,23,11.078
2031,9,24,13.492
2031,9,25,12.2
2031,9,26,12.461
2031,9,27,15.317
2031,9,28,13.852
2031,9,29,11.732
2031,9,30,10.297
2031,10,1,12.349
2031,10,2,12.28
2031,10,3,13.387
2031,10,4,13.581
2031,10,5,12.245
2031,10,6,9.4513
2031,10,7,7.9375
2031,10,8,8.1329
2031,10,9,12.787
2031,10,10,12.589
2031,10,11,9.6319
2031,10,12,10.218
2031,10,13,16.758
2031,10,14,10.562
2031,10,15,7.4467
2031,10,16,12.795
2031,10,17,12.994
2031,10,18,10.454
2031,10,19,11.038
2031,10,20,15.394
2031,10,21,17.923
2031,10,22,17.094
2031,10,23,14.706
2031,10,24,18.349
2031,10,25,16.789
2031,10,26,9.3634
2031,10,27,8.0254
2031,10,28,7.5738
2031,10,29,8.2244
2031,10,30,8.0077
2031,10,31,7.0102
2031,11,1,4.278
2031,11,2,2.004
2031,11,3,6.0092
2031,11,4,7.1891
2031,11,5,8.2538
2031,11,6,6.3344
2031,11,7,6.4908
2031,11,8,5.5777
2031,11,9,2.5217
2031,11,10,6.1843
2031,11,11,7.6294
2031,11,12,8.4969
2031,11,13,4.596
2031,11,14,3.138
2031,11,15,2.1133
2031,11,16,2.0466
2031,11,17,6.4033
2031,11,18,5.8217
2031,11,19,2.5472
2031,11,20,3.8885
2031,11,21,4.2011
2031,11,22,4.4216
2031,11,23,2.5753
2031,11,24,1.0867
2031,11,25,3.7027
2031,11,26,8.1741
2031,11,27,8.5503
2031,11,28,7.412
2031,11,29,5.6812
2031,11,30,2.5851
2031,12,1,2.1211
2031,12,2,7.8112
2031,12,3,5.2261
2031,12,4,6.2275
2031,12,5,1.9398
2031,12,6,1.083
2031,12,7,0.23564
2031,12,8,1.483
2031,12,9,-0.62131
2031,12,10,1.2965
2031,12,11,2.6765
2031,12,12,6.3578
2031,12,13,6.2599
2031,12,14,3.9921
2031,12,15,2.2421
2031,12,16,7.1335
2031,12,17,6.2496
2031,12,18,4.8684
2031,12,19,2.4771
2031,12,20,0.75477
2031,12,21,-0.17268
2031,12,22,-0.74794
2031,12,23,-0.29803
2031,12,24,-0.2036
2031,12,25,3.1574
2031,12,26,1.131
2031,12,27,-0.42657
2031,12,28,2.3539
2031,12,29,4.3761
2031,12,30,8.6361
2031,12,31,5.2945
2032,1,1,2.9742
2032,1,2,3.7945
2032,1,3,4.4257
2032,1,4,4.2752
2032,1,5,7.5022
2032,1,6,8.7795
2032,1,7,3.6212
2032,1,8,5.2993
2032,1,9,1.8884
2032,1,10,4.1035
2032,1,11,5.6226
2032,1,12,2.7907
2032,1,13,1.906
2032,1,14,4.5039
2032,1,15,2.1136
2032,1,16,6.9527
2032,1,17,3.6127
2032,1,18,2.1499
2032,1,19,1.1582
2032,1,20,0.43775
2032,1,21,-0.29625
2032,1,22,-0.54632
2032,1,23,-0.21378
2032,1,24,1.0738
2032,1,25,-0.43097
2032,1,26,3.7184
2032,1,27,7.5318
2032,1,28,7.888
2032,1,29,6.226
2032,1,30,3.0943
2032,1,31,4.5422
2032,2,1,5.4874
2032,2,2,8.2987
2032,2,3,7.4016
2032,2,4,5.9318
2032,2,5,5.8043
2032,2,6,5.5499
2032,2,7,3.172
2032,2,8,0.9245
2032,2,9,5.1785
2032,2,10,3.1894
2032,2,11,2.2967
2032,2,12,3.3148
2032,2,13,6.3219
2032,2,14,9.8629
2032,2,15,8.2113
2032,2,16,8.6083
2032,2,17,7.1715
2032,2,18,4.3927
2032,2,19,1.4724
2032,2,20,0.30327
2032,2,21,0.1108
2032,2,22,0.39584
2032,2,23,-0.24529
2032,2,24,-0.12896
2032,2,25,0.49419
2032,2,26,-0.40311
2032,2,27,0.13002
2032,2,28,0.81403
2032,2,29,-0.51948
2032,3,1,-0.88186
2032,3,2,-0.44277
2032,3,3,0.9005
2032,3,4,2.8767
2032,3,5,2.5603
2032,3,6,1.833
2032,3,7,3.5083
2032,3,8,1.2969
2032,3,9,1.0566
2032,3,10,1.8729
2032,3,11,2.3899
2032,3,12,0.9036
2032,3,13,1.6339
2032,3,14,7.1721
2032,3,15,9.9822
2032,3,16,7.5514
2032,3,17,4.8127
2032,3,18,7.5995
2032,3,19,5.6172
2032,3,20,4.0588
2032,3,21,3.3074
2032,3,22,7.2402
2032,3,23,9.1295
2032,3,24,6.6995
2032,3,25,10.273
2032,3,26,10.211
2032,3,27,10.154
2032,3,28,6.0578
2032,3,29,4.8101
2032,3,30,4.6065
2032,3,31,7.1227
2032,4,1,5.1273
2032,4,2,7.7313
2032,4,3,9.8195
2032,4,4,9.9465
2032,4,5,8.1004
2032,4,6,8.4164
2032,4,7,8.7929
2032,4,8,9.5703
2032,4,9,8.6901
2032,4,10,10.926
2032,4,11,9.1669
2032,4,12,9.6729
2032,4,13,10.049
2032,4,14,10.788
2032,4,15,8.9196
2032,4,16,9.6648
2032,4,17,9.9448
2032,4,18,8.4641
2032,4,19,9.8886
2032,4,20,12.961
2032,4,21,13.265
2032,4,22,12.95
2032,4,23,11.504
2032,4,24,12.563
2032,4,25,12.985
2032,4,26,10.548
2032,4,27,9.8359
2032,4,28,7.605
2032,4,29,6.7469
2032,4,30,9.5578
2032,5,1,5.4466
2032,5,2,9.175
2032,5,3,5.1653
2032,5,4,9.1449
2032,5,5,13.252
2032,5,6,11.902
2032,5,7,10.449
2032,5,8,9.1358
2032,5,9,7.6581
2032,5,10,12.522
2032,5,11,10.199
2032,5,12,8.1357
2032,5,13,8.8763
2032,5,14,9.2302
2032,5,15,8.9403
2032,5,16,9.8161
2032,5,17,13.919
2032,5,18,13.55
2032,5,19,14.836
2032,5,20,14.308
2032,5,21,13.157
2032,5,22,12.253
2032,5,23,12.268
2032,5,24,12.957
2032,5,25,15.441
2032,5,26,14.97
2032,5,27,15.349
2032,5,28,14.119
2032,5,29,16.017
2032,5,30,19.128
2032,5,31,16.603
2032,6,1,15.483
2032,6,2,14.722
2032,6,3,17.53
2032,6,4,15.453
2032,6,5,14.728
2032,6,6,14.86
2032,6,7,14.886
2032,6,8,13.749
2032,6,9,12.731
2032,6,10,14.704
2032,6,11,13.877
2032,6,12,14.64
2032,6,13,14.768
2032,6,14,13.487
2032,6,15,13.793
2032,6,16,14.115
2032,6,17,16.371
2032,6,18,13.775
2032,6,19,13.066
2032,6,20,17.106
2032,6,21,18.262
2032,6,22,17.296
2032,6,23,15.794
2032,6,24,15.503
2032,6,25,18.287
2032,6,26,18.776
2032,6,27,17.295
2032,6,28,19.429
2032,6,29,18.138
2032,6,30,18.457
2032,7,1,16.023
2032,7,2,14.189
2032,7,3,16.874
2032,7,4,19.425
2032,7,5,21.8
2032,7,6,25.03
2032,7,7,23.6
2032,7,8,22.121
2032,7,9,23.168
2032,7,10,22.193
2032,7,11,21.586
2032,7,12,20.677
2032,7,13,20.754
2032,7,14,17.224
2032,7,15,14.565
2032,7,16,16.653
2032,7,17,18.181
2032,7,18,17.465
2032,7,19,20.126
2032,7,20,19.601
2032,7,21,17.9
2032,7,22,20.21
2032,7,23,19.879
2032,7,24,17.904
2032,7,25,15.084
2032,7,26,16.484
2032,7,27,17.482
2032,7,28,16.618
2032,7,29,16.687
2032,7,30,15.381
2032,7,31,17.238
2032,8,1,16.114
2032,8,2,14.125
2032,8,3,15.299
2032,8,4,18.034
2032,8,5,17.009
2032,8,6,17.149
2032,8,7,18.234
2032,8,8,19.843
2032,8,9,21.151
2032,8,10,18.586
2032,8,11,21.507
2032,8,12,18.273
2032,8,13,17.77
2032,8,14,19.624
2032,8,15,19.086
2032,8,16,17.55
2032,8,17,15.224
2032,8,18,16.818
2032,8,19,18.458
2032,8,20,17.856
2032,8,21,14.474
2032,8,22,15.763
2032,8,23,16.14
2032,8,24,14.867
2032,8,25,13.564
2032,8,26,12.381
2032,8,27,11.93
2032,8,28,17.219
2032,8,29,16.842
2032,8,30,18.586
2032,8,31,17.177
2032,9,1,15.388
2032,9,2,11.681
2032,9,3,14.524
2032,9,4,14.964
2032,9,5,17.09
2032,9,6,15.936
2032,9,7,18.758
2032,9,8,15.961
2032,9,9,13.011
2032,9,10,10.522
2032,9,11,12.276
2032,9,12,13.198
2032,9,13,15.712
2032,9,14,18.271
2032,9,15,15.592
2032,9,16,13.22
2032,9,17,12.016
2032,9,18,13.677
2032,9,19,12.678
2032,9,20,14.104
2032,9,21,13.215
2032,9,22,11.492
2032,9,23,10.345
2032,9,24,12.032
2032,9,25,8.8758
2032,9,26,7.0572
2032,9,27,8.7587
2032,9,28,10.559
2032,9,29,12.244
2032,9,30,10.838
2032,10,1,8.6386
2032,10,2,10.63
2032,10,3,10.729
2032,10,4,7.3897
2032,10,5,9.0757
2032,10,6,5.8627
2032,10,7,7.0935
2032,10,8,6.9289
2032,10,9,8.3381
2032,10,10,8.8477
2032,10,11,8.3253
2032,10,12,8.4313
2032,10,13,12.805
2032,10,14,14.059
2032,10,15,12.709
2032,10,16,13.569
2032,10,17,14.359
2032,10,18,11.704
2032,10,19,10.516
2032,10,20,12.34
2032,10,21,12.995
2032,10,22,11.582
2032,10,23,12.307
2032,10,24,13.191
2032,10,25,11.01
2032,10,26,9.1162
2032,10,27,9.9291
2032,10,28,11.86
2032,10,29,8.6556
2032,10,30,8.0929
2032,10,31,8.603
2032,11,1,6.4596
2032,11,2,5.7624
2032,11,3,7.4802
2032,11,4,8.1416
2032,11,5,13.272
2032,11,6,7.8417
2032,11,7,6.1751
2032,11,8,4.1753
2032,11,9,6.9762
2032,11,10,6.7992
2032,11,11,5.446
2032,11,12,5.3768
2032,11,13,9.5061
2032,11,14,8.5051
2032,11,15,3.9539
2032,11,16,3.075
2032,11,17,4.9894
2032,11,18,4.4558
2032,11,19,2.5985
2032,11,20,1.843
2032,11,21,1.743
2032,11,22,0.16065
2032,11,23,0.18262
2032,11,24,4.7087
2032,11,25,2.8335
2032,11,26,2.3257
2032,11,27,6.5538
2032,11,28,5.5616
2032,11,29,3.8234
2032,11,30,2.6232
2032,12,1,6.0292
2032,12,2,8.2585
2032,12,3,5.8237
2032,12,4,5.3277
2032,12,5,4.767
2032,12,6,2.1778
2032,12,7,1.5656
2032,12,8,6.5273
2032,12,9,4.9918
2032,12,10,2.4094
2032,12,11,2.2789
2032,12,12,4.2183
2032,12,13,3.3857
2032,12,14,2.0761
2032,12,15,8.0329
2032,12,16,9.8805
2032,12,17,10.036
2032,12,18,7.0887
2032,12,19,4.7367
2032,12,20,4.3051
2032,12,21,7.9727
2032,12,22,3.1534
2032,12,23,7.3496
2032,12,24,3.5033
2032,12,25,0.97526
2032,12,26,9.4245
2032,12,27,8.6937
2032,12,28,4.3264
2032,12,29,6.113
2032,12,30,2.517
2032,12,31,1.3827
2033,1,1,10.157
2033,1,2,10.793
2033,1,3,11.129
2033,1,4,6.6037
2033,1,5,1.9038
2033,1,6,0.048364
2033,1,7,0.045699
2033,1,8,1.3114
2033,1,9,4.5205
2033,1,10,4.2527
2033,1,11,2.1086
2033,1,12,-0.061377
2033,1,13,-0.70013
2033,1,14,0.47986
2033,1,15,0.9396
2033,1,16,0.82052
2033,1,17,0.67216
2033,1,18,0.15894
2033,1,19,1.4673
2033,1,20,-0.14431
2033,1,21,-0.85257
2033,1,22,1.6905
2033,1,23,-0.43849
2033,1,24,-0.56581
2033,1,25,-1.3772
2033,1,26,-2.2475
2033,1,27,-0.041134
2033,1,28,-0.65035
2033,1,29,5.1957
2033,1,30,5.1285
2033,1,31,5.9589
2033,2,1,5.211
2033,2,2,5.4053
2033,2,3,2.4702
2033,2,4,1.9242
2033,2,5,3.9368
2033,2,6,3.4766
2033,2,7,1.1735
2033,2,8,0.10895
2033,2,9,0.0085286
2033,2,10,-0.15423
2033,2,11,-0.25018
2033,2,12,-0.60154
2033,2,13,0.13532
2033,2,14,0.92882
2033,2,15,0.38457
2033,2,16,1.9054
2033,2,17,1.0806
2033,2,18,1.0272
2033,2,19,1.2127
2033,2,20,0.72256
2033,2,21,-1.1302
2033,2,22,-1.7578
2033,2,23,-1.4965
2033,2,24,0.86261
2033,2,25,9.4867
2033,2,26,3.607
2033,2,27,3.3884
2033,2,28,3.7142
2033,3,1,4.1629
2033,3,2,3.2651
2033,3,3,3.2545
2033,3,4,2.4446
2033,3,5,5.0913
2033,3,6,5.215
2033,3,7,3.711
2033,3,8,2.6642
2033,3,9,2.5101
2033,3,10,1.0952
2033,3,11,0.9996
2033,3,12,4.447
2033,3,13,5.9652
2033,3,14,2.8841
2033,3,15,1.7065
2033,3,16,6.1623
2033,3,17,4.5383
2033,3,18,2.4838
2033,3,19,2.5777
2033,3,20,1.3554
2033,3,21,2.9474
2033,3,22,2.9991
2033,3,23,2.6232
2033,3,24,2.1819
2033,3,25,4.934
2033,3,26,4.8128
2033,3,27,5.2817
2033,3,28,7.0294
2033,3,29,5.3906
2033,3,30,5.6962
2033,3,31,4.9124
2033,4,1,9.3868
2033,4,2,6.909
2033,4,3,11.883
2033,4,4,9.084
2033,4,5,7.5427
2033,4,6,11.855
2033,4,7,12.539
2033,4,8,12.068
2033,4,9,11.016
2033,4,10,11.007
2033,4,11,7.5604
2033,4,12,4.504
2033,4,13,2.0202
2033,4,14,2.8065
2033,4,15,3.2143
2033,4,16,3.5562
2033,4,17,2.4871
2033,4,18,2.2144
2033,4,19,2.8288
2033,4,20,6.8696
2033,4,21,7.0875
2033,4,22,6.8831
2033,4,23,4.7594
2033,4,24,5.9024
2033,4,25,7.436
2033,4,26,8.0856
2033,4,27,6.7813
2033,4,28,8.24
2033,4,29,6.7588
2033,4,30,5.5204
2033,5,1,3.6659
2033,5,2,7.3479
2033,5,3,4.9567
2033,5,4,6.7478
2033,5,5,6.884
2033,5,6,6.2088
2033,5,7,5.8163
2033,5,8,8.9259
2033,5,9,10.046
2033,5,10,10.38
2033,5,11,9.1256
2033,5,12,10.397
2033,5,13,10.412
2033,5,14,9.7431
2033,5,15,11.09
2033,5,16,11.125
2033,5,17,10.626
2033,5,18,9.5705
2033,5,19,11.528
2033,5,20,10.24
2033,5,21,8.4443
2033,5,22,7.8689
2033,5,23,7.2254
2033,5,24,9.7859
2033,5,25,9.6249
2033,5,26,11.369
2033,5,27,12.663
2033,5,28,13.297
2033,5,29,13.277
2033,5,30,12.05
2033,5,31,14.882
2033,6,1,13.706
2033,6,2,17.137
2033,6,3,16.602
2033,6,4,15.415
2033,6,5,14.033
2033,6,6,16.045
2033,6,7,16.392
2033,6,8,15.478
2033,6,9,14.574
2033,6,10,11.914
2033,6,11,12.984
2033,6,12,12.329
2033,6,13,11.259
2033,6,14,12.929
2033,6,15,14.052
2033,6,16,13.387
2033,6,17,15.498
2033,6,18,13.848
2033,6,19,11.136
2033,6,20,12.661
2033,6,21,10.698
2033,6,22,12.881
2033,6,23,14.797
2033,6,24,13.521
2033,6,25,12.383
2033,6,26,14.027
2033,6,27,14.431
2033,6,28,19.289
2033,6,29,19.93
2033,6,30,18.249
2033,7,1,16.705
2033,7,2,15.082
2033,7,3,15.743
2033,7,4,16.792
2033,7,5,16.143
2033,7,6,15.732
2033,7,7,16.521
2033,7,8,17.073
2033,7,9,16.738
2033,7,10,20.553
2033,7,11,21.854
2033,7,12,21.552
2033,7,13,21.27
2033,7,14,19.401
2033,7,15,19.178
2033,7,16,18.794
2033,7,17,20.287
2033,7,18,20.092
2033,7,19,19.843
2033,7,20,17.844
2033,7,21,16.137
2033,7,22,16.645
2033,7,23,20.196
2033,7,24,19.451
2033,7,25,17.363
2033,7,26,17.43
2033,7,27,19.354
2033,7,28,21.622
2033,7,29,19.483
2033,7,30,19.744
2033,7,31,20.746
2033,8,1,19.833
2033,8,2,19.738
2033,8,3,20.771
2033,8,4,19.114
2033,8,5,18.914
2033,8,6,19.066
2033,8,7,15.952
2033,8,8,15.474
2033,8,9,20.772
2033,8,10,19.244
2033,8,11,20.407
2033,8,12,20.317
2033,8,13,20.114
2033,8,14,20.528
2033,8,15,20.261
2033,8,16,15.882
2033,8,17,13.954
2033,8,18,13.267
2033,8,19,13.753
2033,8,20,18.994
2033,8,21,18.739
2033,8,22,19.544
2033,8,23,20.465
2033,8,24,16.923
2033,8,25,19.244
2033,8,26,20.384
2033,8,27,17.17
2033,8,28,15.859
2033,8,29,16.168
2033,8,30,13.826
2033,8,31,13.012
2033,9,1,17.97
2033,9,2,16.982
2033,9,3,17.672
2033,9,4,17.863
2033,9,5,17.642
2033,9,6,20.263
2033,9,7,19.9
2033,9,8,19.715
2033,9,9,18.344
2033,9,10,17.371
2033,9,11,16.694
2033,9,12,18.545
2033,9,13,14.173
2033,9,14,12.504
2033,9,15,16.471
2033,9,16,16.102
2033,9,17,15.543
2033,9,18,16.234
2033,9,19,15.565
2033,9,20,15.723
2033,9,21,15.463
2033,9,22,17.269
2033,9,23,16.54
2033,9,24,14.631
2033,9,25,10.798
2033,9,26,9.5341
2033,9,27,11.865
2033,9,28,11.418
2033,9,29,12.473
2033,9,30,11.054
2033,10,1,8.5133
2033,10,2,9.6891
2033,10,3,11.938
2033,10,4,11.899
2033,10,5,13.453
2033,10,6,13.044
2033,10,7,12.601
2033,10,8,11.419
2033,10,9,11.456
2033,10,10,12.172
2033,10,11,12.261
2033,10,12,9.1421
2033,10,13,6.4333
2033,10,14,6.6359
2033,10,15,5.0909
2033,10,16,6.2
2033,10,17,5.1251
2033,10,18,6.7378
2033,10,19,9.2198
2033,10,20,7.2337
2033,10,21,4.0376
2033,10,22,12.906
2033,10,23,13.12
2033,10,24,12.212
2033,10,25,17.841
2033,10,26,16.081
2033,10,27,14.027
2033,10,28,8.6087
2033,10,29,6.2842
2033,10,30,10.646
2033,10,31,9.9951
2033,11,1,6.2064
2033,11,2,8.695
2033,11,3,7.8624
2033,11,4,8.7934
2033,11,5,5.6214
2033,11,6,10.56
2033,11,7,9.1112
2033,11,8,11.053
2033,11,9,13.913
2033,11,10,14.259
2033,11,11,8.5132
2033,11,12,6.6153
2033,11,13,6.4196
2033,11,14,8.029
2033,11,15,9.9636
2033,11,16,7.47
2033,11,17,7.2264
2033,11,18,7.5207
2033,11,19,5.5156
2033,11,20,6.3311
2033,11,21,4.9861
2033,11,22,5.9391
2033,11,23,5.6891
2033,11,24,3.5881
2033,11,25,7.3546
2033,11,26,7.4415
2033,11,27,7.9743
2033,11,28,12.628
2033,11,29,14.05
2033,11,30,8.1379
2033,12,1,6.6791
2033,12,2,11.049
2033,12,3,12.576
2033,12,4,10.369
2033,12,5,9.5815
2033,12,6,7.5999
2033,12,7,4.7502
2033,12,8,0.23959
2033,12,9,5.799
2033,12,10,5.7238
2033,12,11,3.3526
2033,12,12,2.9365
2033,12,13,1.8592
2033,12,14,3.2281
2033,12,15,3.3959
2033,12,16,3.5088
2033,12,17,10.323
2033,12,18,11.315
2033,12,19,10.197
2033,12,20,9.4411
2033,12,21,4.1315
2033,12,22,1.8851
2033,12,23,5.2446
2033,12,24,4.8478
2033,12,25,4.2737
2033,12,26,6.9562
2033,12,27,6.1608
2033,12,28,4.0958
2033,12,29,1.7784
2033,12,30,0.13593
2033,12,31,3.3039
2034,1,1,3.6719
2034,1,2,2.276
2034,1,3,1.1613
2034,1,4,2.364
2034,1,5,2.9056
2034,1,6,7.9963
2034,1,7,4.5584
2034,1,8,2.0756
2034,1,9,0.80485
2034,1,10,8.621
2034,1,11,4.4054
2034,1,12,3.3196
2034,1,13,2.0783
2034,1,14,2.2068
2034,1,15,0.91244
2034,1,16,0.049005
2034,1,17,2.2293
2034,1,18,0.36349
2034,1,19,-0.31656
2034,1,20,0.86725
2034,1,21,5.443
2034,1,22,6.92
2034,1,23,2.6109
2034,1,24,2.4337
2034,1,25,4.839
2034,1,26,1.792
2034,1,27,0.81722
2034,1,28,0.51801
2034,1,29,4.3204
2034,1,30,2.1845
2034,1,31,1.7698
2034,2,1,1.2618
2034,2,2,0.94601
2034,2,3,6.1052
2034,2,4,3.07
2034,2,5,0.41796
2034,2,6,0.1412
2034,2,7,0.61135
2034,2,8,1.7484
2034,2,9,6.5635
2034,2,10,7.4095
2034,2,11,4.3311
2034,2,12,3.0003
2034,2,13,4.8622
2034,2,14,7.5687
2034,2,15,9.5102
2034,2,16,2.6402
2034,2,17,1.4783
2034,2,18,2.6259
2034,2,19,7.8257
2034,2,20,10.995
2034,2,21,10.264
2034,2,22,9.3631
2034,2,23,8.6553
2034,2,24,5.5638
2034,2,25,3.6334
2034,2,26,1.0155
2034,2,27,6.0976
2034,2,28,9.776
2034,3,1,9.2293
2034,3,2,5.6928
2034,3,3,5.2157
2034,3,4,6.3835
2034,3,5,6.0966
2034,3,6,5.1089
2034,3,7,1.9621
2034,3,8,2.6153
2034,3,9,6.8004
2034,3,10,11.171
2034,3,11,9.0956
2034,3,12,7.1367
2034,3,13,4.7706
2034,3,14,9.7877
2034,3,15,9.8422
2034,3,16,9.0638
2034,3,17,11.709
2034,3,18,8.4313
2034,3,19,4.8491
2034,3,20,4.4655
2034,3,21,10.662
2034,3,22,12.302
2034,3,23,8.1622
2034,3,24,5.1673
2034,3,25,4.5584
2034,3,26,5.7378
2034,3,27,4.464
2034,3,28,4.1748
2034,3,29,4.1011
2034,3,30,2.5647
2034,3,31,7.2459
2034,4,1,9.545
2034,4,2,10.174
2034,4,3,10.911
2034,4,4,8.2994
2034,4,5,7.3828
2034,4,6,5.2737
2034,4,7,5.9175
2034,4,8,7.1256
2034,4,9,8.1179
2034,4,10,9.0186
2034,4,11,10.277
2034,4,12,8.1728
2034,4,13,7.0853
2034,4,14,6.8569
2034,4,15,9.4901
2034,4,16,9.3369
2034,4,17,10.577
2034,4,18,8.6968
2034,4,19,10.629
2034,4,20,8.4044
2034,4,21,6.9083
2034,4,22,6.1785
2034,4,23,7.3621
2034,4,24,11.226
2034,4,25,9.7827
2034,4,26,8.2974
2034,4,27,9.5782
2034,4,28,10.149
2034,4,29,10.947
2034,4,30,10.057
2034,5,1,9.9508
2034,5,2,9.1826
2034,5,3,10.574
2034,5,4,10.81
2034,5,5,11.766
2034,5,6,12.522
2034,5,7,11.557
2034,5,8,12.359
2034,5,9,12.037
2034,5,10,12.515
2034,5,11,11.785
2034,5,12,12.144
2034,5,13,13.462
2034,5,14,14.419
2034,5,15,11.573
2034,5,16,8.5129
2034,5,17,9.1694
2034,5,18,8.6931
2034,5,19,10.713
2034,5,20,11.888
2034,5,21,9.9207
2034,5,22,12.931
2034,5,23,11.262
2034,5,24,10.268
2034,5,25,9.4252
2034,5,26,9.8924
2034,5,27,10.536
2034,5,28,12.147
2034,5,29,13.37
2034,5,30,14.555
2034,5,31,14.441
2034,6,1,13.49
2034,6,2,10.372
2034,6,3,12.216
2034,6,4,13.119
2034,6,5,10.699
2034,6,6,10.676
2034,6,7,12.367
2034,6,8,13.719
2034,6,9,12.64
2034,6,10,12.646
2034,6,11,13.144
2034,6,12,15.457
2034,6,13,13.706
2034,6,14,13.904
2034,6,15,15.458
2034,6,16,16.084
2034,6,17,15.24
2034,6,18,14.711
2034,6,19,15.95
2034,6,20,18.432
2034,6,21,18.398
2034,6,22,17.196
2034,6,23,16.666
2034,6,24,16.447
2034,6,25,16.629
2034,6,26,18.522
2034,6,27,19.53
2034,6,28,20.265
2034,6,29,19.327
2034,6,30,18.506
2034,7,1,20.341
2034,7,2,19.158
2034,7,3,20.503
2034,7,4,20.058
2034,7,5,20.252
2034,7,6,20.88
2034,7,7,19.054
2034,7,8,19.873
2034,7,9,19.195
2034,7,10,16.386
2034,7,11,18.877
2034,7,12,18.75
2034,7,13,16.641
2034,7,14,17.84
2034,7,15,17.073
2034,7,16,16.758
2034,7,17,14.51
2034,7,18,17.129
2034,7,19,17.445
2034,7,20,14.771
2034,7,21,14.571
2034,7,22,15.755
2034,7,23,17.012
2034,7,24,14.549
2034,7,25,16.365
2034,7,26,16.614
2034,7,27,15.403
2034,7,28,15.84
2034,7,29,16.81
2034,7,30,16.69
2034,7,31,18.676
2034,8,1,19.059
2034,8,2,18.299
2034,8,3,16.629
2034,8,4,17.746
2034,8,5,15.583
2034,8,6,16.619
2034,8,7,19.439
2034,8,8,20.882
2034,8,9,23.034
2034,8,10,23.179
2034,8,11,22.241
2034,8,12,19.691
2034,8,13,20.168
2034,8,14,20.524
2034,8,15,18.665
2034,8,16,20.941
2034,8,17,16.907
2034,8,18,15.252
2034,8,19,13.647
2034,8,20,14.98
2034,8,21,14.705
2034,8,22,15.291
2034,8,23,13.916
2034,8,24,16.702
2034,8,25,15.433
2034,8,26,14.522
2034,8,27,12.655
2034,8,28,12.165
2034,8,29,14.157
2034,8,30,15.982
2034,8,31,12.795
2034,9,1,14.209
2034,9,2,11.437
2034,9,3,12.253
2034,9,4,10.58
2034,9,5,7.65
2034,9,6,11.649
2034,9,7,15.325
2034,9,8,16.25
2034,9,9,16.815
2034,9,10,17.363
2034,9,11,14.096
2034,9,12,11.665
2034,9,13,11.251
2034,9,14,9.8849
2034,9,15,15.427
2034,9,16,14.522
2034,9,17,12.565
2034,9,18,10.455
2034,9,19,9.9541
2034,9,20,11.073
2034,9,21,9.7657
2034,9,22,7.5962
2034,9,23,7.2223
2034,9,24,12.942
2034,9,25,13.25
2034,9,26,13.705
2034,9,27,10.213
2034,9,28,7.8712
2034,9,29,8.8624
2034,9,30,7.5254
2034,10,1,13.956
2034,10,2,16.7
2034,10,3,16.476
2034,10,4,15.42
2034,10,5,19.164
2034,10,6,18.977
2034,10,7,19.103
2034,10,8,19.203
2034,10,9,18.219
2034,10,10,13.436
2034,10,11,13.327
2034,10,12,11.399
2034,10,13,9.9287
2034,10,14,9.0911
2034,10,15,9.3165
2034,10,16,12.138
2034,10,17,12.492
2034,10,18,16.395
2034,10,19,17.409
2034,10,20,15.497
2034,10,21,13.626
2034,10,22,16.575
2034,10,23,15.776
2034,10,24,10.224
2034,10,25,8.2815
2034,10,26,6.8253
2034,10,27,10.448
2034,10,28,10.224
2034,10,29,10.571
2034,10,30,7.0562
2034,10,31,7.0005
2034,11,1,6.5503
2034,11,2,5.4165
2034,11,3,3.8396
2034,11,4,2.0356
2034,11,5,1.4072
2034,11,6,0.94757
2034,11,7,0.88737
2034,11,8,4.3275
2034,11,9,1.9717
2034,11,10,1.7626
2034,11,11,6.1861
2034,11,12,10.986
2034,11,13,10.516
2034,11,14,13.285
2034,11,15,5.3463
2034,11,16,3.5471
2034,11,17,8.1272
2034,11,18,9.1919
2034,11,19,7.7194
2034,11,20,8.4246
2034,11,21,9.0728
2034,11,22,8.0039
2034,11,23,3.2395
2034,11,24,1.7092
2034,11,25,3.5655
2034,11,26,3.6214
2034,11,27,6.3099
2034,11,28,4.7508
2034,11,29,5.1168
2034,11,30,3.828
2034,12,1,3.4465
2034,12,2,6.359
2034,12,3,4.7928
2034,12,4,4.7986
2034,12,5,5.3916
2034,12,6,4.8064
2034,12,7,3.9975
2034,12,8,7.1035
2034,12,9,5.6371
2034,12,10,3.2307
2034,12,11,0.60496
2034,12,12,-0.38873
2034,12,13,3.3832
2034,12,14,2.5317
2034,12,15,1.1106
2034,12,16,1.211
2034,12,17,0.4939
2034,12,18,3.994
2034,12,19,1.2531
2034,12,20,-0.31521
2034,12,21,2.4235
2034,12,22,2.2486
2034,12,23,8.6528
2034,12,24,5.0199
2034,12,25,3.2648
2034,12,26,5.2952
2034,12,27,5.489
2034,12,28,5.0497
2034,12,29,4.2999
2034,12,30,4.4362
2034,12,31,4.505
2035,1,1,5.0321
2035,1,2,3.1063
2035,1,3,3.6227
2035,1,4,4.784
2035,1,5,4.4355
2035,1,6,7.8028
2035,1,7,2.1676
2035,1,8,-0.056616
2035,1,9,5.2197
2035,1,10,2.2519
2035,1,11,2.9132
2035,1,12,7.2344
2035,1,13,4.1903
2035,1,14,5.2128
2035,1,15,0.12692
2035,1,16,0.068608
2035,1,17,1.7237
2035,1,18,1.1963
2035,1,19,-0.40439
2035,1,20,-1.2185
2035,1,21,0.37546
2035,1,22,1.8137
2035,1,23,2.1434
2035,1,24,2.2523
2035,1,25,2.1836
2035,1,26,0.86298
2035,1,27,0.7901
2035,1,28,0.12661
2035,1,29,-0.31728
2035,1,30,-0.051459
2035,1,31,0.48458
2035,2,1,-0.2799
2035,2,2,1.0648
2035,2,3,1.2737
2035,2,4,0.5245
2035,2,5,-0.66992
2035,2,6,-0.67799
2035,2,7,-1.1413
2035,2,8,-1.0684
2035,2,9,1.4348
2035,2,10,0.9273
2035,2,11,4.1123
2035,2,12,4.4984
2035,2,13,6.4697
2035,2,14,5.7522
2035,2,15,5.7144
2035,2,16,8.2405
2035,2,17,7.2758
2035,2,18,5.4591
2035,2,19,4.6337
2035,2,20,4.5826
2035,2,21,7.392
2035,2,22,8.0322
2035,2,23,5.9758
2035,2,24,4.194
2035,2,25,1.7681
2035,2,26,7.6995
2035,2,27,7.8714
2035,2,28,3.9448
2035,3,1,6.4266
2035,3,2,5.63
2035,3,3,3.5129
2035,3,4,3.6731
2035,3,5,4.3561
2035,3,6,2.3685
2035,3,7,5.1119
2035,3,8,4.0839
2035,3,9,2.0789
2035,3,10,6.9449
2035,3,11,4.5793
2035,3,12,3.581
2035,3,13,4.0349
2035,3,14,4.4874
2035,3,15,4.7556
2035,3,16,8.6712
2035,3,17,8.1225
2035,3,18,5.8495
2035,3,19,1.9468
2035,3,20,7.2368
2035,3,21,5.9143
2035,3,22,1.9271
2035,3,23,9.141
2035,3,24,7.2149
2035,3,25,3.5697
2035,3,26,2.6993
2035,3,27,8.6652
2035,3,28,5.777
2035,3,29,4.0839
2035,3,30,5.0262
2035,3,31,5.9198
2035,4,1,4.1833
2035,4,2,5.5257
2035,4,3,4.9397
2035,4,4,2.7476
2035,4,5,7.1773
2035,4,6,6.9924
2035,4,7,5.3969
2035,4,8,9.7419
2035,4,9,8.1625
2035,4,10,5.8065
2035,4,11,6.1184
2035,4,12,3.6962
2035,4,13,5.0726
2035,4,14,4.4767
2035,4,15,7.0604
2035,4,16,7.1269
2035,4,17,7.2286
2035,4,18,7.8334
2035,4,19,10.184
2035,4,20,11.617
2035,4,21,11.274
2035,4,22,11.298
2035,4,23,12.93
2035,4,24,12.799
2035,4,25,11.696
2035,4,26,10.889
2035,4,27,10.672
2035,4,28,10.114
2035,4,29,12.552
2035,4,30,11.488
2035,5,1,12.406
2035,5,2,13.015
2035,5,3,11.615
2035,5,4,8.8944
2035,5,5,8.036
2035,5,6,7.4183
2035,5,7,10.302
2035,5,8,11.882
2035,5,9,13.392
2035,5,10,15.511
2035,5,11,12.12
2035,5,12,10.247
2035,5,13,10.477
2035,5,14,10.103
2035,5,15,9.6352
2035,5,16,10.236
2035,5,17,9.4636
2035,5,18,8.2056
2035,5,19,8.4843
2035,5,20,10.9
2035,5,21,10.727
2035,5,22,9.1567
2035,5,23,12.826
2035,5,24,12.818
2035,5,25,12.209
2035,5,26,10.471
2035,5,27,9.1961
2035,5,28,10.34
2035,5,29,12.431
2035,5,30,11.861
2035,5,31,11.223
2035,6,1,9.3967
2035,6,2,9.3922
2035,6,3,11.299
2035,6,4,13.694
2035,6,5,11.019
2035,6,6,13.215
2035,6,7,11.98
2035,6,8,10.599
2035,6,9,10.602
2035,6,10,11.014
2035,6,11,12.429
2035,6,12,10.078
2035,6,13,12.29
2035,6,14,15.304
2035,6,15,13.526
2035,6,16,12.249
2035,6,17,14.862
2035,6,18,16.95
2035,6,19,16.517
2035,6,20,17.826
2035,6,21,17.265
2035,6,22,16.859
2035,6,23,16.557
2035,6,24,16.573
2035,6,25,17.093
2035,6,26,19.173
2035,6,27,16.229
2035,6,28,17.95
2035,6,29,18.394
2035,6,30,18.847
2035,7,1,18.324
2035,7,2,15.307
2035,7,3,16.728
2035,7,4,14.044
2035,7,5,11.892
2035,7,6,16.398
2035,7,7,13.72
2035,7,8,13.614
2035,7,9,15.381
2035,7,10,13.706
2035,7,11,11.908
2035,7,12,13.787
2035,7,13,15.63
2035,7,14,16.657
2035,7,15,20.219
2035,7,16,14.832
2035,7,17,12.896
2035,7,18,14.574
2035,7,19,15.804
2035,7,20,15.558
2035,7,21,16.72
2035,7,22,14.744
2035,7,23,14.785
2035,7,24,14.514
2035,7,25,14.381
2035,7,26,15.124
2035,7,27,16.846
2035,7,28,17.517
2035,7,29,19.02
2035,7,30,20.277
2035,7,31,18.529
2035,8,1,16.663
2035,8,2,18.932
2035,8,3,17.321
2035,8,4,15.957
2035,8,5,15.282
2035,8,6,16.113
2035,8,7,17.52
2035,8,8,17.198
2035,8,9,18.993
2035,8,10,22.407
2035,8,11,18.53
2035,8,12,16.041
2035,8,13,14.457
2035,8,14,13.896
2035,8,15,15.264
2035,8,16,14.888
2035,8,17,17.839
2035,8,18,21.701
2035,8,19,20.19
2035,8,20,19.502
2035,8,21,20.732
2035,8,22,20.122
2035,8,23,17.685
2035,8,24,18.073
2035,8,25,17.989
2035,8,26,15.597
2035,8,27,17.226
2035,8,28,19.718
2035,8,29,19.412
2035,8,30,19.522
2035,8,31,15.312
2035,9,1,13.569
2035,9,2,17.743
2035,9,3,15.605
2035,9,4,17.506
2035,9,5,16.614
2035,9,6,18.897
2035,9,7,18.965
2035,9,8,18.614
2035,9,9,17.715
2035,9,10,15.525
2035,9,11,15.399
2035,9,12,15.325
2035,9,13,15.139
2035,9,14,14.979
2035,9,15,14.505
2035,9,16,14.819
2035,9,17,13.915
2035,9,18,12.875
2035,9,19,13.411
2035,9,20,15.434
2035,9,21,14.709
2035,9,22,17.031
2035,9,23,17.203
2035,9,24,15.495
2035,9,25,16.491
2035,9,26,13.987
2035,9,27,15.227
2035,9,28,16.08
2035,9,29,14.517
2035,9,30,16.379
2035,10,1,9.4676
2035,10,2,7.5316
2035,10,3,8.6406
2035,10,4,8.2378
2035,10,5,9.313
2035,10,6,12.408
2035,10,7,11.028
2035,10,8,12.473
2035,10,9,11.796
2035,10,10,17.013
2035,10,11,15.44
2035,10,12,15.625
2035,10,13,13.208
2035,10,14,11.669
2035,10,15,9.3059
2035,10,16,10
2035,10,17,10.459
2035,10,18,10.376
2035,10,19,10.622
2035,10,20,9.9413
2035,10,21,9.8892
2035,10,22,11.495
2035,10,23,9.2294
2035,10,24,12.133
2035,10,25,11.522
2035,10,26,7.922
2035,10,27,9.1325
2035,10,28,7.8275
2035,10,29,7.3649
2035,10,30,5.8338
2035,10,31,9.8011
2035,11,1,8.9317
2035,11,2,8.2889
2035,11,3,10.43
2035,11,4,14.433
2035,11,5,8.3241
2035,11,6,8.4157
2035,11,7,8.2583
2035,11,8,7.1079
2035,11,9,7.0069
2035,11,10,5.7684
2035,11,11,5.7683
2035,11,12,4.1605
2035,11,13,2.0346
2035,11,14,1.9993
2035,11,15,1.2757
2035,11,16,0.43854
2035,11,17,0.24516
2035,11,18,0.82953
2035,11,19,4.4363
2035,11,20,1.0788
2035,11,21,1.9113
2035,11,22,2.9637
2035,11,23,1.7979
2035,11,24,0.63328
2035,11,25,0.97688
2035,11,26,0.875
2035,11,27,-0.029618
2035,11,28,-0.56654
2035,11,29,-0.072852
2035,11,30,5.532
2035,12,1,4.953
2035,12,2,8.759
2035,12,3,6.1857
2035,12,4,2.8567
2035,12,5,1.5666
2035,12,6,2.7944
2035,12,7,2.633
2035,12,8,1.9517
2035,12,9,1.1987
2035,12,10,0.28272
2035,12,11,0.192
2035,12,12,0.46107
2035,12,13,0.33877
2035,12,14,1.6529
2035,12,15,1.3559
2035,12,16,2.738
2035,12,17,-0.40985
2035,12,18,0.34064
2035,12,19,-0.8928
2035,12,20,-0.5724
2035,12,21,0.78173
2035,12,22,1.7451
2035,12,23,1.7014
2035,12,24,0.70193
2035,12,25,0.38454
2035,12,26,2.1641
2035,12,27,2.2838
2035,12,28,1.3151
2035,12,29,0.66541
2035,12,30,0.034896
2035,12,31,0.58072
2036,1,1,1.7462
2036,1,2,0.29482
2036,1,3,3.1744
2036,1,4,3.941
2036,1,5,0.94035
2036,1,6,1.0572
2036,1,7,1.2018
2036,1,8,2.0486
2036,1,9,0.85083
2036,1,10,0.57752
2036,1,11,-0.85955
2036,1,12,-0.44258
2036,1,13,-0.22312
2036,1,14,-1.2709
2036,1,15,2.0599
2036,1,16,2.4025
2036,1,17,0.57802
2036,1,18,-0.41345
2036,1,19,2.8678
2036,1,20,1.5352
2036,1,21,1.2417
2036,1,22,2.8382
2036,1,23,4.3569
2036,1,24,5.4997
2036,1,25,4.3148
2036,1,26,1.7219
2036,1,27,2.35
2036,1,28,2.5325
2036,1,29,4.338
2036,1,30,12.319
2036,1,31,11.536
2036,2,1,9.1037
2036,2,2,8.4756
2036,2,3,3.9161
2036,2,4,3.9053
2036,2,5,4.3674
2036,2,6,2.4701
2036,2,7,9.9026
2036,2,8,8.6604
2036,2,9,5.8002
2036,2,10,3.6463
2036,2,11,3.3875
2036,2,12,5.6811
2036,2,13,3.635
2036,2,14,4.917
2036,2,15,2.2131
2036,2,16,8.3359
2036,2,17,2.1403
2036,2,18,1.9155
2036,2,19,4.4985
2036,2,20,2.008
2036,2,21,3.5979
2036,2,22,2.0773
2036,2,23,3.5359
2036,2,24,2.9729
2036,2,25,0.69015
2036,2,26,0.25805
2036,2,27,3.8515
2036,2,28,2.4847
2036,2,29,1.7248
2036,3,1,4.095
2036,3,2,2.4398
2036,3,3,4.8006
2036,3,4,2.3462
2036,3,5,5.4353
2036,3,6,7
2036,3,7,10.177
2036,3,8,9.6422
2036,3,9,6.1097
2036,3,10,5.1358
2036,3,11,2.8845
2036,3,12,1.3771
2036,3,13,4.316
2036,3,14,2.4362
2036,3,15,4.6214
2036,3,16,2.7922
2036,3,17,4.1518
2036,3,18,6.0074
2036,3,19,4.3195
2036,3,20,2.1392
2036,3,21,3.3188
2036,3,22,11.368
2036,3,23,8.5634
2036,3,24,8.7585
2036,3,25,7.6263
2036,3,26,11.915
2036,3,27,11.817
2036,3,28,10.92
2036,3,29,6.0739
2036,3,30,4.2723
2036,3,31,4.0037
2036,4,1,4.0988
2036,4,2,4.31
2036,4,3,6.7116
2036,4,4,6.3275
2036,4,5,5.1086
2036,4,6,3.486
2036,4,7,5.414
2036,4,8,7.0929
2036,4,9,5.945
2036,4,10,7.8599
2036,4,11,9.2638
2036,4,12,11.033
2036,4,13,10.614
2036,4,14,8.2116
2036,4,15,7.2314
2036,4,16,10.428
2036,4,17,11.271
2036,4,18,11.728
2036,4,19,11.236
2036,4,20,9.2132
2036,4,21,9.3227
2036,4,22,8.8604
2036,4,23,10.601
2036,4,24,8.7451
2036,4,25,6.8242
2036,4,26,7.701
2036,4,27,9.0335
2036,4,28,11.612
2036,4,29,9.9062
2036,4,30,9.7529
2036,5,1,8.3908
2036,5,2,11.738
2036,5,3,11.768
2036,5,4,10.677
2036,5,5,11.348
2036,5,6,10.288
2036,5,7,9.1564
2036,5,8,8.902
2036,5,9,11.569
2036,5,10,9.8952
2036,5,11,10.878
2036,5,12,8.7801
2036,5,13,14.379
2036,5,14,13.817
2036,5,15,14.26
2036,5,16,15.34
2036,5,17,11.948
2036,5,18,9.7389
2036,5,19,8.5901
2036,5,20,8.7331
2036,5,21,11.543
2036,5,22,13.685
2036,5,23,12.025
2036,5,24,11.932
2036,5,25,9.1143
2036,5,26,12.132
2036,5,27,11.395
2036,5,28,11.09
2036,5,29,9.9149
2036,5,30,11.14
2036,5,31,12.938
2036,6,1,13.614
2036,6,2,13.448
2036,6,3,14.85
2036,6,4,14.572
2036,6,5,14.892
2036,6,6,14.801
2036,6,7,13.047
2036,6,8,15.781
2036,6,9,15.595
2036,6,10,15.846
2036,6,11,19.662
2036,6,12,17.876
2036,6,13,19.542
2036,6,14,20.051
2036,6,15,17.305
2036,6,16,15.657
2036,6,17,16.948
2036,6,18,16.388
2036,6,19,19.516
2036,6,20,19.701
2036,6,21,18.397
2036,6,22,19.823
2036,6,23,19.038
2036,6,24,17.869
2036,6,25,16.687
2036,6,26,14.547
2036,6,27,12.974
2036,6,28,13.306
2036,6,29,15.006
2036,6,30,17.809
2036,7,1,15.86
2036,7,2,15.095
2036,7,3,15.932
2036,7,4,16.644
2036,7,5,16.368
2036,7,6,15.706
2036,7,7,18.222
2036,7,8,20.352
2036,7,9,17.924
2036,7,10,20.682
2036,7,11,17.889
2036,7,12,20.035
2036,7,13,18.801
2036,7,14,22.021
2036,7,15,22.739
2036,7,16,22.302
2036,7,17,20.733
2036,7,18,19.178
2036,7,19,18.454
2036,7,20,17.748
2036,7,21,16.05
2036,7,22,17.043
2036,7,23,16.497
2036,7,24,16.898
2036,7,25,16.506
2036,7,26,19.267
2036,7,27,18.049
2036,7,28,16.471
2036,7,29,18.496
2036,7,30,18.285
2036,7,31,17.112
2036,8,1,16.756
2036,8,2,18.762
2036,8,3,18.687
2036,8,4,17.877
2036,8,5,18.16
2036,8,6,20.156
2036,8,7,17.359
2036,8,8,17.625
2036,8,9,18.513
2036,8,10,20.664
2036,8,11,19.317
2036,8,12,21.013
2036,8,13,23.147
2036,8,14,22.426
2036,8,15,18.93
2036,8,16,16.693
2036,8,17,15.31
2036,8,18,17.382
2036,8,19,17.138
2036,8,20,15.582
2036,8,21,13.891
2036,8,22,15.262
2036,8,23,16.242
2036,8,24,17.508
2036,8,25,17.295
2036,8,26,14.147
2036,8,27,12.973
2036,8,28,12.501
2036,8,29,13.264
2036,8,30,14.761
2036,8,31,17.884
2036,9,1,18.322
2036,9,2,17.474
2036,9,3,17.299
2036,9,4,13.548
2036,9,5,11.215
2036,9,6,12.141
2036,9,7,13.212
2036,9,8,14.11
2036,9,9,11.82
2036,9,10,13.547
2036,9,11,12.587
2036,9,12,13.214
2036,9,13,13.155
2036,9,14,13.903
2036,9,15,14.771
2036,9,16,12.374
2036,9,17,14.963
2036,9,18,11.68
2036,9,19,9.456
2036,9,20,9.1713
2036,9,21,11.415
2036,9,22,10.287
2036,9,23,13.175
2036,9,24,11.319
2036,9,25,12.849
2036,9,26,11.618
2036,9,27,12.99
2036,9,28,14.486
2036,9,29,13.731
2036,9,30,10.81
2036,10,1,12.007
2036,10,2,7.083
2036,10,3,7.6313
2036,10,4,9.3569
2036,10,5,12.964
2036,10,6,12.718
2036,10,7,10.684
2036,10,8,8.507
2036,10,9,6.955
2036,10,10,6.68
2036,10,11,8.4121
2036,10,12,16.391
2036,10,13,11.581
2036,10,14,9.0329
2036,10,15,10.204
2036,10,16,11.169
2036,10,17,15.33
2036,10,18,12.342
2036,10,19,9.2387
2036,10,20,9.2827
2036,10,21,6.8743
2036,10,22,8.5403
2036,10,23,9.8439
2036,10,24,11.071
2036,10,25,10.705
2036,10,26,8.7151
2036,10,27,9.6412
2036,10,28,9.389
2036,10,29,11.378
2036,10,30,8.8209
2036,10,31,6.4301
2036,11,1,4.7559
2036,11,2,7.126
2036,11,3,5.3233
2036,11,4,4.5435
2036,11,5,1.3479
2036,11,6,5.3736
2036,11,7,4.6864
2036,11,8,4.1678
2036,11,9,2.1581
2036,11,10,1.921
2036,11,11,4.3913
2036,11,12,3.3597
2036,11,13,7.4702
2036,11,14,6.5156
2036,11,15,7.9785
2036,11,16,8.6467
2036,11,17,8.4509
2036,11,18,4.4217
2036,11,19,2.3456
2036,11,20,0.73438
2036,11,21,2.037
2036,11,22,1.7038
2036,11,23,7.2105
2036,11,24,12.55
2036,11,25,13.231
2036,11,26,10.226
2036,11,27,9.9208
2036,11,28,9.2461
2036,11,29,8.0419
2036,11,30,9.6392
2036,12,1,7.1429
2036,12,2,6.4105
2036,12,3,4.8419
2036,12,4,3.8168
2036,12,5,6.0379
2036,12,6,9.4052
2036,12,7,9.3075
2036,12,8,11.92
2036,12,9,12.106
2036,12,10,11.211
2036,12,11,11.161
2036,12,12,10.977
2036,12,13,10.589
2036,12,14,8.3509
2036,12,15,7.1995
2036,12,16,6.0459
2036,12,17,6.5949
2036,12,18,4.8325
2036,12,19,3.1953
2036,12,20,1.7981
2036,12,21,3.7226
2036,12,22,3.1623
2036,12,23,1.9107
2036,12,24,0.46365
2036,12,25,0.18872
2036,12,26,-0.46691
2036,12,27,-0.99959
2036,12,28,-0.62445
2036,12,29,0.18486
2036,12,30,-0.3327
2036,12,31,-1.6542
2037,1,1,-2.0021
2037,1,2,-4.038
2037,1,3,-1.159
2037,1,4,-2.9529
2037,1,5,-3.6109
2037,1,6,-3.4791
2037,1,7,-2.3158
2037,1,8,-2.6664
2037,1,9,9.5246
2037,1,10,10.362
2037,1,11,4.8163
2037,1,12,0.62474
2037,1,13,0.23975
2037,1,14,-0.98077
2037,1,15,0.57335
2037,1,16,-1.1459
2037,1,17,1.1007
2037,1,18,-0.021806
2037,1,19,0.52247
2037,1,20,0.47974
2037,1,21,0.73347
2037,1,22,3.4
2037,1,23,2.5289
2037,1,24,0.4795
2037,1,25,5.2566
2037,1,26,5.2005
2037,1,27,5.0255
2037,1,28,5.1951
2037,1,29,2.2001
2037,1,30,4.3277
2037,1,31,5.8693
2037,2,1,8.0347
2037,2,2,3.0615
2037,2,3,2.6291
2037,2,4,0.39999
2037,2,5,1.7633
2037,2,6,1.5369
2037,2,7,0.13557
2037,2,8,-0.30119
2037,2,9,-0.7786
2037,2,10,-1.1732
2037,2,11,-0.89666
2037,2,12,2.2358
2037,2,13,8.4684
2037,2,14,2.4783
2037,2,15,1.1707
2037,2,16,-0.66748
2037,2,17,-0.69878
2037,2,18,5.5409
2037,2,19,4.939
2037,2,20,8.2415
2037,2,21,6.6038
2037,2,22,5.2456
2037,2,23,2.3562
2037,2,24,1.2817
2037,2,25,0.92585
2037,2,26,3.7513
2037,2,27,1.4433
2037,2,28,1.4174
2037,3,1,0.15017
2037,3,2,3.8926
2037,3,3,1.7678
2037,3,4,0.40927
2037,3,5,7.3851
2037,3,6,5.9503
2037,3,7,3.8725
2037,3,8,2.3279
2037,3,9,2.5658
2037,3,10,2.1589
2037,3,11,1.3101
2037,3,12,4.318
2037,3,13,4.9622
2037,3,14,6.6703
2037,3,15,6.0808
2037,3,16,6.0285
2037,3,17,3.8521
2037,3,18,7.6586
2037,3,19,8.997
2037,3,20,6.1742
2037,3,21,4.3837
2037,3,22,6.5541
2037,3,23,6.3965
2037,3,24,3.3267
2037,3,25,4.5341
2037,3,26,4.0411
2037,3,27,3.0028
2037,3,28,1.3827
2037,3,29,3.6814
2037,3,30,1.9068
2037,3,31,1.7783
2037,4,1,0.77276
2037,4,2,4.0273
2037,4,3,11.15
2037,4,4,9.7089
2037,4,5,8.9921
2037,4,6,5.6703
2037,4,7,3.0824
2037,4,8,7.9821
2037,4,9,9.4304
2037,4,10,4.943
2037,4,11,4.4791
2037,4,12,6.3004
2037,4,13,6.7967
2037,4,14,6.5122
2037,4,15,6.7662
2037,4,16,5.1816
2037,4,17,2.5545
2037,4,18,3.3931
2037,4,19,3.7993
2037,4,20,6.8226
2037,4,21,5.1428
2037,4,22,8.3065
2037,4,23,8.8186
2037,4,24,9.6101
2037,4,25,10.275
2037,4,26,10.419
2037,4,27,10.326
2037,4,28,9.585
2037,4,29,8.3681
2037,4,30,7.6673
2037,5,1,8.5472
2037,5,2,8.6915
2037,5,3,8.4137
2037,5,4,9.2336
2037,5,5,9.8272
2037,5,6,11.517
2037,5,7,10.608
2037,5,8,11.068
2037,5,9,11.496
2037,5,10,10.925
2037,5,11,9.6736
2037,5,12,12.301
2037,5,13,12.299
2037,5,14,9.6734
2037,5,15,7.5504
2037,5,16,9.0555
2037,5,17,9.6152
2037,5,18,12.018
2037,5,19,11.021
2037,5,20,7.7326
2037,5,21,7.8531
2037,5,22,6.8137
2037,5,23,8.3952
2037,5,24,8.9648
2037,5,25,9.9895
2037,5,26,11.565
2037,5,27,11.51
2037,5,28,9.3917
2037,5,29,7.8184
2037,5,30,8.8864
2037,5,31,8.5854
2037,6,1,12.304
2037,6,2,10.473
2037,6,3,11.359
2037,6,4,11.215
2037,6,5,10.036
2037,6,6,9.9669
2037,6,7,13.84
2037,6,8,14.209
2037,6,9,15.7
2037,6,10,14.783
2037,6,11,13.772
2037,6,12,14.045
2037,6,13,12.767
2037,6,14,13.484
2037,6,15,13.263
2037,6,16,13.548
2037,6,17,12.33
2037,6,18,10.924
2037,6,19,10.212
2037,6,20,11.953
2037,6,21,10.673
2037,6,22,13.648
2037,6,23,16.012
2037,6,24,15.408
2037,6,25,15.533
2037,6,26,15.768
2037,6,27,13.242
2037,6,28,14.871
2037,6,29,14.768
2037,6,30,12.014
2037,7,1,13.239
2037,7,2,15.941
2037,7,3,15.456
2037,7,4,13.923
2037,7,5,13.443
2037,7,6,13.029
2037,7,7,15.178
2037,7,8,13.868
2037,7,9,13.569
2037,7,10,14.231
2037,7,11,17.314
2037,7,12,18.148
2037,7,13,17.277
2037,7,14,14.09
2037,7,15,15.173
2037,7,16,15.097
2037,7,17,16.888
2037,7,18,18.804
2037,7,19,17.607
2037,7,20,20.32
2037,7,21,20.06
2037,7,22,17.403
2037,7,23,19.325
2037,7,24,17.94
2037,7,25,15.873
2037,7,26,18.157
2037,7,27,20.98
2037,7,28,20.745
2037,7,29,20.249
2037,7,30,21.642
2037,7,31,21.561
2037,8,1,18.755
2037,8,2,16.127
2037,8,3,14.528
2037,8,4,13.553
2037,8,5,17.324
2037,8,6,17.768
2037,8,7,18.436
2037,8,8,20.661
2037,8,9,22.334
2037,8,10,21.229
2037,8,11,20.945
2037,8,12,18.95
2037,8,13,17.713
2037,8,14,19.113
2037,8,15,14.867
2037,8,16,12.185
2037,8,17,10.931
2037,8,18,16.993
2037,8,19,13.727
2037,8,20,12.784
2037,8,21,10.995
2037,8,22,12.51
2037,8,23,16.576
2037,8,24,17.872
2037,8,25,17.965
2037,8,26,19.725
2037,8,27,19.068
2037,8,28,19.042
2037,8,29,17.767
2037,8,30,17.08
2037,8,31,16.303
2037,9,1,16.673
2037,9,2,16.114
2037,9,3,15.864
2037,9,4,16.754
2037,9,5,13.268
2037,9,6,11.181
2037,9,7,14.905
2037,9,8,13.418
2037,9,9,13.397
2037,9,10,19.525
2037,9,11,17.449
2037,9,12,12.995
2037,9,13,11.306
2037,9,14,10.428
2037,9,15,10.741
2037,9,16,13.711
2037,9,17,15.936
2037,9,18,19.209
2037,9,19,17.208
2037,9,20,17.07
2037,9,21,14.088
2037,9,22,10.165
2037,9,23,8.379
2037,9,24,9.0052
2037,9,25,9.1332
2037,9,26,10.175
2037,9,27,8.0293
2037,9,28,10.797
2037,9,29,13.928
2037,9,30,16.195
2037,10,1,15.308
2037,10,2,11.697
2037,10,3,13.44
2037,10,4,14.824
2037,10,5,12.117
2037,10,6,10.198
2037,10,7,7.8604
2037,10,8,12.307
2037,10,9,16.783
2037,10,10,12.938
2037,10,11,11.673
2037,10,12,10.937
2037,10,13,15.027
2037,10,14,11.198
2037,10,15,9.1575
2037,10,16,10.863
2037,10,17,10.581
2037,10,18,8.5645
2037,10,19,7.7001
2037,10,20,8.0639
2037,10,21,10.117
2037,10,22,12.011
2037,10,23,16.695
2037,10,24,14.968
2037,10,25,14.56
2037,10,26,10.985
2037,10,27,6.4652
2037,10,28,5.029
2037,10,29,3.8172
2037,10,30,2.2395
2037,10,31,5.7345
2037,11,1,10.702
2037,11,2,7.0994
2037,11,3,7.6453
2037,11,4,6.1897
2037,11,5,4.6161
2037,11,6,5.3524
2037,11,7,6.9178
2037,11,8,6.2398
2037,11,9,12.135
2037,11,10,5.7749
2037,11,11,4.5689
2037,11,12,1.3284
2037,11,13,2.4548
2037,11,14,1.0315
2037,11,15,6.7463
2037,11,16,7.1315
2037,11,17,6.4641
2037,11,18,9.4433
2037,11,19,5.9203
2037,11,20,4.8218
2037,11,21,2.6919
2037,11,22,4.1598
2037,11,23,7.4868
2037,11,24,4.7305
2037,11,25,3.9528
2037,11,26,4.2688
2037,11,27,2.3264
2037,11,28,1.2692
2037,11,29,0.5011
2037,11,30,-0.049851
2037,12,1,1.2181
2037,12,2,5.7005
2037,12,3,11.406
2037,12,4,13.933
2037,12,5,11.183
2037,12,6,8.8954
2037,12,7,2.3615
2037,12,8,1.5091
2037,12,9,11.754
2037,12,10,6.1937
2037,12,11,6.1094
2037,12,12,8.4635
2037,12,13,4.6034
2037,12,14,2.0099
2037,12,15,0.72714
2037,12,16,1.6114
2037,12,17,0.39127
2037,12,18,-0.62335
2037,12,19,-0.9052
2037,12,20,1.0697
2037,12,21,0.6076
2037,12,22,-0.69594
2037,12,23,-1.225
2037,12,24,0.91679
2037,12,25,3.3187
2037,12,26,1.9669
2037,12,27,1.3856
2037,12,28,3.0687
2037,12,29,3.9962
2037,12,30,8.52
2037,12,31,6.7457
2038,1,1,4.3184
2038,1,2,7.2943
2038,1,3,11.658
2038,1,4,6.2512
2038,1,5,4.1722
2038,1,6,5.7624
2038,1,7,3.3934
2038,1,8,6.5581
2038,1,9,4.5917
2038,1,10,3.2783
2038,1,11,10.173
2038,1,12,10.231
2038,1,13,7.3869
2038,1,14,8.5507
2038,1,15,10.657
2038,1,16,6.9565
2038,1,17,1.5956
2038,1,18,3.0238
2038,1,19,2.7687
2038,1,20,9.6208
2038,1,21,7.7946
2038,1,22,5.8717
2038,1,23,3.6291
2038,1,24,1.7646
2038,1,25,0.64796
2038,1,26,6.035
2038,1,27,3.9402
2038,1,28,4.5668
2038,1,29,4.2331
2038,1,30,3.9285
2038,1,31,2.8448
2038,2,1,1.2287
2038,2,2,-0.3778
2038,2,3,-4.4081
2038,2,4,-5.6077
2038,2,5,-5.3387
2038,2,6,-4.1802
2038,2,7,-4.0365
2038,2,8,-3.9091
2038,2,9,-3.8619
2038,2,10,-4.7404
2038,2,11,-3.5686
2038,2,12,-4.1425
2038,2,13,-1.1966
2038,2,14,-1.8847
2038,2,15,-3.2983
2038,2,16,0.14398
2038,2,17,0.98444
2038,2,18,0.29043
2038,2,19,1.8123
2038,2,20,2.2517
2038,2,21,2.1942
2038,2,22,1.4446
2038,2,23,0.83309
2038,2,24,0.045669
2038,2,25,2.095
2038,2,26,2.5776
2038,2,27,6.1204
2038,2,28,2.9907
2038,3,1,3.5183
2038,3,2,1.0309
2038,3,3,3.7682
2038,3,4,5.9476
2038,3,5,7.8419
2038,3,6,5.4092
2038,3,7,2.6151
2038,3,8,8.3666
2038,3,9,10.181
2038,3,10,8.7009
2038,3,11,6.8817
2038,3,12,5.5609
2038,3,13,8.9565
2038,3,14,7.5242
2038,3,15,6.9271
2038,3,16,4.895
2038,3,17,9.9266
2038,3,18,8.9858
2038,3,19,7.1741
2038,3,20,7.0496
2038,3,21,5.5644
2038,3,22,5.1652
2038,3,23,3.1696
2038,3,24,7.8092
2038,3,25,6.5952
2038,3,26,3.5448
2038,3,27,2.7383
2038,3,28,5.0784
2038,3,29,8.1248
2038,3,30,8.4003
2038,3,31,11.708
2038,4,1,9.8651
2038,4,2,8.3085
2038,4,3,7.4705
2038,4,4,7.2242
2038,4,5,11.461
2038,4,6,9.8653
2038,4,7,6.8963
2038,4,8,6.6406
2038,4,9,3.8637
2038,4,10,2.3871
2038,4,11,5.4039
2038,4,12,6.7694
2038,4,13,6.5766
2038,4,14,7.8609
2038,4,15,8.0797
2038,4,16,7.279
2038,4,17,9.6167
2038,4,18,10.614
2038,4,19,8.2494
2038,4,20,7.0261
2038,4,21,7.0447
2038,4,22,4.9704
2038,4,23,8.4544
2038,4,24,7.2637
2038,4,25,8.3708
2038,4,26,13.824
2038,4,27,11.213
2038,4,28,9.8694
2038,4,29,8.2886
2038,4,30,6.7687
2038,5,1,5.5702
2038,5,2,7.4346
2038,5,3,8.5022
2038,5,4,9.622
2038,5,5,11.731
2038,5,6,9.9699
2038,5,7,10.054
2038,5,8,11.406
2038,5,9,10.892
2038,5,10,11.575
2038,5,11,14.662
2038,5,12,11.328
2038,5,13,10.067
2038,5,14,9.8048
2038,5,15,8.182
2038,5,16,7.3612
2038,5,17,7.6733
2038,5,18,8.351
2038,5,19,6.5488
2038,5,20,5.4019
2038,5,21,7.8127
2038,5,22,11.54
2038,5,23,10.377
2038,5,24,14.081
2038,5,25,13.104
2038,5,26,12.864
2038,5,27,15.191
2038,5,28,15.148
2038,5,29,13.103
2038,5,30,12.616
2038,5,31,11.495
2038,6,1,15.62
2038,6,2,14.609
2038,6,3,15.247
2038,6,4,15.293
2038,6,5,20.051
2038,6,6,17.904
2038,6,7,13.987
2038,6,8,11.661
2038,6,9,12.296
2038,6,10,13.867
2038,6,11,13.839
2038,6,12,15.224
2038,6,13,13.344
2038,6,14,10.776
2038,6,15,11.028
2038,6,16,12.563
2038,6,17,10.854
2038,6,18,11.147
2038,6,19,13.742
2038,6,20,15.027
2038,6,21,12.06
2038,6,22,12.18
2038,6,23,16.291
2038,6,24,18.647
2038,6,25,18.938
2038,6,26,16.851
2038,6,27,14.471
2038,6,28,15.387
2038,6,29,16.409
2038,6,30,17.78
2038,7,1,18.74
2038,7,2,17.497
2038,7,3,17.239
2038,7,4,16.671
2038,7,5,18.042
2038,7,6,18.837
2038,7,7,18.378
2038,7,8,20.243
2038,7,9,19.647
2038,7,10,19.161
2038,7,11,18.093
2038,7,12,19.553
2038,7,13,19.137
2038,7,14,17.662
2038,7,15,16.689
2038,7,16,15.745
2038,7,17,15.667
2038,7,18,18.602
2038,7,19,18.585
2038,7,20,19.348
2038,7,21,20.094
2038,7,22,19.686
2038,7,23,19.593
2038,7,24,22.223
2038,7,25,21.541
2038,7,26,20.871
2038,7,27,20.792
2038,7,28,18.654
2038,7,29,17.954
2038,7,30,18.808
2038,7,31,19.571
2038,8,1,19.624
2038,8,2,19.29
2038,8,3,20.017
2038,8,4,20.65
2038,8,5,21.468
2038,8,6,21.14
2038,8,7,20.738
2038,8,8,21.279
2038,8,9,20.786
2038,8,10,22.275
2038,8,11,22.066
2038,8,12,20.716
2038,8,13,22.24
2038,8,14,20.678
2038,8,15,23.235
2038,8,16,23.394
2038,8,17,21.014
2038,8,18,20.986
2038,8,19,21.2
2038,8,20,21.826
2038,8,21,17.874
2038,8,22,15.992
2038,8,23,15.196
2038,8,24,16.426
2038,8,25,15.024
2038,8,26,15.024
2038,8,27,15.151
2038,8,28,16.911
2038,8,29,16.042
2038,8,30,13.529
2038,8,31,12.225
2038,9,1,14.922
2038,9,2,14.913
2038,9,3,15.347
2038,9,4,16.031
2038,9,5,15.597
2038,9,6,15.656
2038,9,7,15.242
2038,9,8,14.504
2038,9,9,15.211
2038,9,10,16.96
2038,9,11,17.262
2038,9,12,19.337
2038,9,13,19.142
2038,9,14,16.719
2038,9,15,15.173
2038,9,16,13.211
2038,9,17,11.017
2038,9,18,10.211
2038,9,19,8.8567
2038,9,20,10.557
2038,9,21,12.827
2038,9,22,11.753
2038,9,23,12.939
2038,9,24,10.812
2038,9,25,11.596
2038,9,26,9.7974
2038,9,27,9.338
2038,9,28,10.57
2038,9,29,9.5097
2038,9,30,12.483
2038,10,1,12.659
2038,10,2,10.898
2038,10,3,13.945
2038,10,4,12.43
2038,10,5,11.83
2038,10,6,13.35
2038,10,7,14.63
2038,10,8,13.753
2038,10,9,10.651
2038,10,10,10.889
2038,10,11,8.2097
2038,10,12,7.7122
2038,10,13,13.323
2038,10,14,11.435
2038,10,15,8.3135
2038,10,16,7.5009
2038,10,17,18.248
2038,10,18,17.475
2038,10,19,12.182
2038,10,20,9.9362
2038,10,21,10.513
2038,10,22,6.9078
2038,10,23,6.7871
2038,10,24,7.0142
2038,10,25,5.7887
2038,10,26,12.991
2038,10,27,8.8136
2038,10,28,6.9687
2038,10,29,6.3443
2038,10,30,8.7206
2038,10,31,10.792
2038,11,1,10.956
2038,11,2,10.565
2038,11,3,10.28
2038,11,4,9.946
2038,11,5,9.0246
2038,11,6,8.258
2038,11,7,7.8766
2038,11,8,8.3085
2038,11,9,7.6623
2038,11,10,3.9331
2038,11,11,3.8599
2038,11,12,2.4112
2038,11,13,3.1813
2038,11,14,3.2852
2038,11,15,1.5734
2038,11,16,-0.38988
2038,11,17,-0.80259
2038,11,18,-0.35776
2038,11,19,2.6214
2038,11,20,1.4837
2038,11,21,-0.2622
2038,11,22,4.2795
2038,11,23,12.552
2038,11,24,7.7389
2038,11,25,6.1109
2038,11,26,4.6107
2038,11,27,7.801
2038,11,28,5.2905
2038,11,29,2.0833
2038,11,30,1.215
2038,12,1,1.9788
2038,12,2,0.2061
2038,12,3,0.74272
2038,12,4,0.56421
2038,12,5,6.5366
2038,12,6,3.3604
2038,12,7,7.3578
2038,12,8,2.5798
2038,12,9,1.1933
2038,12,10,2.6733
2038,12,11,2.8185
2038,12,12,2.9053
2038,12,13,3.6899
2038,12,14,2.6282
2038,12,15,4.8082
2038,12,16,6.9682
2038,12,17,4.7901
2038,12,18,5.3774
2038,12,19,4.4388
2038,12,20,0.84003
2038,12,21,-0.43741
2038,12,22,-0.30403
2038,12,23,7.1664
2038,12,24,12.465
2038,12,25,12.876
2038,12,26,12.553
2038,12,27,8.5879
2038,12,28,3.5259
2038,12,29,1.168
2038,12,30,5.8541
2038,12,31,4.4701
2039,1,1,3.4961
2039,1,2,5.5033
2039,1,3,4.225
2039,1,4,3.7994
2039,1,5,0.54897
2039,1,6,-0.81774
2039,1,7,1.2673
2039,1,8,2.6935
2039,1,9,2.9258
2039,1,10,4.9025
2039,1,11,10.4
2039,1,12,8.9743
2039,1,13,8.3088
2039,1,14,3.9498
2039,1,15,5.4246
2039,1,16,3.7143
2039,1,17,1.8917
2039,1,18,2.0034
2039,1,19,3.3623
2039,1,20,7.1397
2039,1,21,2.4609
2039,1,22,1.5893
2039,1,23,1.7674
2039,1,24,4.4684
2039,1,25,3.6465
2039,1,26,10.482
2039,1,27,10.931
2039,1,28,10.842
2039,1,29,9.4704
2039,1,30,11.03
2039,1,31,9.3551
2039,2,1,5.9735
2039,2,2,4.3181
2039,2,3,0.9524
2039,2,4,0.30748
2039,2,5,1.1955
2039,2,6,5.3503
2039,2,7,2.9749
2039,2,8,2.1942
2039,2,9,2.5909
2039,2,10,9.5845
2039,2,11,6.9842
2039,2,12,5.0074
2039,2,13,7.2384
2039,2,14,6.1007
2039,2,15,5.7124
2039,2,16,10.303
2039,2,17,8.008
2039,2,18,4.7744
2039,2,19,4.8991
2039,2,20,2.1335
2039,2,21,1.417
2039,2,22,0.6882
2039,2,23,0.12669
2039,2,24,1.6499
2039,2,25,3.6594
2039,2,26,1.9884
2039,2,27,4.0444
2039,2,28,2.5386
2039,3,1,2.4888
2039,3,2,2.1579
2039,3,3,1.3108
2039,3,4,1.4972
2039,3,5,2.3648
2039,3,6,8.7239
2039,3,7,5.1762
2039,3,8,8.7044
2039,3,9,6.7455
2039,3,10,2.2446
2039,3,11,5.8456
2039,3,12,2.1265
2039,3,13,7.1822
2039,3,14,7.699
2039,3,15,5.6633
2039,3,16,6.1801
2039,3,17,9.6984
2039,3,18,7.2232
2039,3,19,4
2039,3,20,2.3116
2039,3,21,1.1022
2039,3,22,3.9868
2039,3,23,2.1935
2039,3,24,3.9864
2039,3,25,4.4859
2039,3,26,6.6293
2039,3,27,6.38
2039,3,28,2.9539
2039,3,29,1.919
2039,3,30,3.3293
2039,3,31,3.6953
2039,4,1,4.7481
2039,4,2,3.5161
2039,4,3,4.1284
2039,4,4,2.2656
2039,4,5,3.5409
2039,4,6,5.761
2039,4,7,4.5128
2039,4,8,9.6242
2039,4,9,8.3822
2039,4,10,5.0938
2039,4,11,3.7752
2039,4,12,4.9724
2039,4,13,2.9919
2039,4,14,6.7815
2039,4,15,4.5787
2039,4,16,7.1527
2039,4,17,9.5433
2039,4,18,6.814
2039,4,19,5.1084
2039,4,20,5.5637
2039,4,21,4.5001
2039,4,22,8.0488
2039,4,23,11.326
2039,4,24,10.899
2039,4,25,8.3006
2039,4,26,12.783
2039,4,27,12.222
2039,4,28,12.891
2039,4,29,12.662
2039,4,30,9.6669
2039,5,1,8.053
2039,5,2,9.1793
2039,5,3,10.794
2039,5,4,13.518
2039,5,5,9.4489
2039,5,6,7.8085
2039,5,7,9.9193
2039,5,8,13.074
2039,5,9,13.613
2039,5,10,10.846
2039,5,11,9.6094
2039,5,12,8.2733
2039,5,13,10.654
2039,5,14,7.1739
2039,5,15,4.626
2039,5,16,5.1855
2039,5,17,9.9366
2039,5,18,7.6206
2039,5,19,9.744
2039,5,20,8.8986
2039,5,21,13.118
2039,5,22,11.813
2039,5,23,10.026
2039,5,24,11.841
2039,5,25,12.529
2039,5,26,10.925
2039,5,27,10.191
2039,5,28,12.382
2039,5,29,13.436
2039,5,30,12.306
2039,5,31,12.497
2039,6,1,13.675
2039,6,2,13.947
2039,6,3,12.043
2039,6,4,10.726
2039,6,5,10.189
2039,6,6,8.9876
2039,6,7,9.7453
2039,6,8,10.596
2039,6,9,11.185
2039,6,10,15.229
2039,6,11,14.005
2039,6,12,16.683
2039,6,13,13.474
2039,6,14,12.057
2039,6,15,10.691
2039,6,16,9.7148
2039,6,17,11.629
2039,6,18,12.319
2039,6,19,11.993
2039,6,20,14.241
2039,6,21,14.99
2039,6,22,15.13
2039,6,23,14.596
2039,6,24,15.877
2039,6,25,17.023
2039,6,26,17.477
2039,6,27,16.831
2039,6,28,15.51
2039,6,29,19.473
2039,6,30,20.281
2039,7,1,18.579
2039,7,2,17.032
2039,7,3,18.12
2039,7,4,17.175
2039,7,5,18.229
2039,7,6,17.931
2039,7,7,17.051
2039,7,8,19.077
2039,7,9,16.851
2039,7,10,19.145
2039,7,11,19.769
2039,7,12,20.872
2039,7,13,20.233
2039,7,14,17.424
2039,7,15,17.772
2039,7,16,16.071
2039,7,17,16.749
2039,7,18,16.903
2039,7,19,15.716
2039,7,20,18.607
2039,7,21,18.85
2039,7,22,18.61
2039,7,23,17.304
2039,7,24,18.582
2039,7,25,19.181
2039,7,26,18.586
2039,7,27,20.159
2039,7,28,19.466
2039,7,29,19.009
2039,7,30,18.992
2039,7,31,19.49
2039,8,1,18.173
2039,8,2,17.931
2039,8,3,18.634
2039,8,4,19.421
2039,8,5,20.574
2039,8,6,20.36
2039,8,7,17.839
2039,8,8,17.652
2039,8,9,14.539
2039,8,10,13.987
2039,8,11,18.771
2039,8,12,21.605
2039,8,13,20.639
2039,8,14,19.085
2039,8,15,19.924
2039,8,16,20.113
2039,8,17,20.336
2039,8,18,20.072
2039,8,19,19.282
2039,8,20,20.594
2039,8,21,20.729
2039,8,22,19.074
2039,8,23,20.548
2039,8,24,22.028
2039,8,25,19.828
2039,8,26,17.632
2039,8,27,19.851
2039,8,28,22.703
2039,8,29,20.855
2039,8,30,19.601
2039,8,31,18.646
2039,9,1,21.846
2039,9,2,15.966
2039,9,3,13.815
2039,9,4,13.805
2039,9,5,14.418
2039,9,6,17.507
2039,9,7,19.294
2039,9,8,18.19
2039,9,9,21.44
2039,9,10,15.796
2039,9,11,13.773
2039,9,12,13.68
2039,9,13,14.753
2039,9,14,17.623
2039,9,15,18.06
2039,9,16,17.248
2039,9,17,13.827
2039,9,18,14.105
2039,9,19,14.901
2039,9,20,12.435
2039,9,21,11.537
2039,9,22,14.68
2039,9,23,11.483
2039,9,24,11.294
2039,9,25,10.498
2039,9,26,10.118
2039,9,27,13.982
2039,9,28,12.363
2039,9,29,9.1487
2039,9,30,8.7406
2039,10,1,7.2377
2039,10,2,4.5674
2039,10,3,5.6017
2039,10,4,9.4991
2039,10,5,10.586
2039,10,6,8.0781
2039,10,7,7.9998
2039,10,8,9.8692
2039,10,9,9.9356
2039,10,10,12.047
2039,10,11,8.9648
2039,10,12,8.9787
2039,10,13,7.1405
2039,10,14,6.2762
2039,10,15,5.6411
2039,10,16,7.7165
2039,10,17,9.9316
2039,10,18,15.252
2039,10,19,9.1943
2039,10,20,5.518
2039,10,21,16.252
2039,10,22,12.756
2039,10,23,12.43
2039,10,24,11.747
2039,10,25,10.429
2039,10,26,9.2261
2039,10,27,5.9481
2039,10,28,4.9719
2039,10,29,7.7417
2039,10,30,5.8625
2039,10,31,5.4084
2039,11,1,5.0417
2039,11,2,4.2109
2039,11,3,3.9024
2039,11,4,6.4026
2039,11,5,4.6644
2039,11,6,5.5571
2039,11,7,7.1838
2039,11,8,14.469
2039,11,9,10.763
2039,11,10,10.468
2039,11,11,6.6028
2039,11,12,6.4981
2039,11,13,5.9844
2039,11,14,4.2869
2039,11,15,5.5259
2039,11,16,9.9171
2039,11,17,8.634
2039,11,18,8.0321
2039,11,19,3.6668
2039,11,20,3.4059
2039,11,21,2.9775
2039,11,22,1.922
2039,11,23,1.4265
2039,11,24,2.1709
2039,11,25,5.213
2039,11,26,6.8546
2039,11,27,7.4703
2039,11,28,8.0276
2039,11,29,7.5466
2039,11,30,11.092
2039,12,1,6.7145
2039,12,2,5.1875
2039,12,3,3.3034
2039,12,4,0.87799
2039,12,5,4.4811
2039,12,6,4.1173
2039,12,7,6.752
2039,12,8,5.6175
2039,12,9,7.557
2039,12,10,7.6614
2039,12,11,7.1456
2039,12,12,8.9632
2039,12,13,5.8519
2039,12,14,1.4449
2039,12,15,2.3633
2039,12,16,3.7681
2039,12,17,2.3799
2039,12,18,0.40777
2039,12,19,3.365
2039,12,20,0.88932
2039,12,21,0.50381
2039,12,22,0.026493
2039,12,23,-1.2102
2039,12,24,1.2902
2039,12,25,0.58352
2039,12,26,5.4909
2039,12,27,9.2027
2039,12,28,5.4634
2039,12,29,4.5757
2039,12,30,6.1941
2039,12,31,10.156
2040,1,1,5.1377
2040,1,2,5.0194
2040,1,3,4.0399
2040,1,4,4.5351
2040,1,5,3.9094
2040,1,6,3.0299
2040,1,7,0.95586
2040,1,8,1.8112
2040,1,9,5.5467
2040,1,10,5.9796
2040,1,11,6.287
2040,1,12,4.9594
2040,1,13,1.6536
2040,1,14,2.0859
2040,1,15,1.711
2040,1,16,-0.026719
2040,1,17,-0.57598
2040,1,18,-0.65769
2040,1,19,0.40068
2040,1,20,-0.17399
2040,1,21,-0.77632
2040,1,22,-0.7608
2040,1,23,0.42814
2040,1,24,1.1315
2040,1,25,1.1192
2040,1,26,5.6109
2040,1,27,3.3745
2040,1,28,1.4653
2040,1,29,1.6302
2040,1,30,0.7302
2040,1,31,0.60598
2040,2,1,2.2879
2040,2,2,3.9412
2040,2,3,2.8517
2040,2,4,4.0443
2040,2,5,4.5002
2040,2,6,3.6147
2040,2,7,3.7737
2040,2,8,4.1281
2040,2,9,2.0787
2040,2,10,1.7176
2040,2,11,0.58721
2040,2,12,6.3456
2040,2,13,7.0579
2040,2,14,3.8444
2040,2,15,4.298
2040,2,16,7.1361
2040,2,17,8.3583
2040,2,18,7.503
2040,2,19,3.5901
2040,2,20,1.507
2040,2,21,0.09589
2040,2,22,1.572
2040,2,23,0.44988
2040,2,24,2.6943
2040,2,25,4.5198
2040,2,26,4.4022
2040,2,27,1.2284
2040,2,28,0.34125
2040,2,29,5.5426
2040,3,1,4.8173
2040,3,2,4.5147
2040,3,3,2.3587
2040,3,4,0.99097
2040,3,5,1.4871
2040,3,6,0.97362
2040,3,7,8.701
2040,3,8,6.8868
2040,3,9,4.6694
2040,3,10,5.968
2040,3,11,6.1736
2040,3,12,9.1022
2040,3,13,3.2132
2040,3,14,1.9744
2040,3,15,2.864
2040,3,16,3.3536
2040,3,17,3.029
2040,3,18,0.94853
2040,3,19,1.8874
2040,3,20,3.4722
2040,3,21,7.1962
2040,3,22,5.5536
2040,3,23,7.2938
2040,3,24,6.9327
2040,3,25,5.7734
2040,3,26,2.3475
2040,3,27,1.2522
2040,3,28,2.7375
2040,3,29,5.7465
2040,3,30,7.9559
2040,3,31,8.0559
2040,4,1,5.8322
2040,4,2,6.0572
2040,4,3,4.1581
2040,4,4,4.1526
2040,4,5,7.2086
2040,4,6,6.5212
2040,4,7,7.2786
2040,4,8,5.5823
2040,4,9,3.4992
2040,4,10,4.8853
2040,4,11,6.8495
2040,4,12,4.631
2040,4,13,3.4778
2040,4,14,4.8419
2040,4,15,5.4158
2040,4,16,3.5594
2040,4,17,1.5341
2040,4,18,3.8901
2040,4,19,6.4075
2040,4,20,9.9281
2040,4,21,10.445
2040,4,22,9.5144
2040,4,23,8.2343
2040,4,24,11.027
2040,4,25,12.355
2040,4,26,11.556
2040,4,27,7.7179
2040,4,28,5.7656
2040,4,29,9.5528
2040,4,30,9.4331
2040,5,1,12.053
2040,5,2,8.0613
2040,5,3,6.5951
2040,5,4,6.6927
2040,5,5,7.9343
2040,5,6,7.9335
2040,5,7,11.271
2040,5,8,12.345
2040,5,9,11.877
2040,5,10,10.435
2040,5,11,9.3166
2040,5,12,10.936
2040,5,13,12.121
2040,5,14,12.439
2040,5,15,13.216
2040,5,16,11.416
2040,5,17,12.891
2040,5,18,12.426
2040,5,19,10.454
2040,5,20,10.271
2040,5,21,8.4832
2040,5,22,12.157
2040,5,23,12.682
2040,5,24,12.235
2040,5,25,9.9599
2040,5,26,7.7093
2040,5,27,9.0233
2040,5,28,9.6256
2040,5,29,8.1271
2040,5,30,9.4169
2040,5,31,8.687
2040,6,1,6.8391
2040,6,2,11.775
2040,6,3,13.074
2040,6,4,14.154
2040,6,5,12.032
2040,6,6,13.503
2040,6,7,10.5
2040,6,8,10.054
2040,6,9,8.1403
2040,6,10,9.4928
2040,6,11,8.3955
2040,6,12,9.2362
2040,6,13,10.844
2040,6,14,11.496
2040,6,15,10.288
2040,6,16,12.757
2040,6,17,14.296
2040,6,18,13.671
2040,6,19,12.464
2040,6,20,11.521
2040,6,21,11.03
2040,6,22,11.487
2040,6,23,12.862
2040,6,24,11.815
2040,6,25,14.305
2040,6,26,14.295
2040,6,27,15.135
2040,6,28,16.465
2040,6,29,16.719
2040,6,30,16.963
2040,7,1,13.834
2040,7,2,11.838
2040,7,3,13.443
2040,7,4,17.201
2040,7,5,15.161
2040,7,6,16.714
2040,7,7,14.399
2040,7,8,13.904
2040,7,9,16.835
2040,7,10,14.922
2040,7,11,13.042
2040,7,12,15.416
2040,7,13,15.21
2040,7,14,17.547
2040,7,15,22.738
2040,7,16,23.534
2040,7,17,21.943
2040,7,18,19.799
2040,7,19,18.794
2040,7,20,18.616
2040,7,21,19.708
2040,7,22,17.205
2040,7,23,14.707
2040,7,24,15.625
2040,7,25,14.063
2040,7,26,16.396
2040,7,27,17.501
2040,7,28,18.833
2040,7,29,20.258
2040,7,30,19.641
2040,7,31,17.936
2040,8,1,19.622
2040,8,2,18.23
2040,8,3,21.348
2040,8,4,22.308
2040,8,5,20.763
2040,8,6,18.634
2040,8,7,24.857
2040,8,8,24.322
2040,8,9,22.951
2040,8,10,22.22
2040,8,11,20.741
2040,8,12,21.555
2040,8,13,20.894
2040,8,14,20.895
2040,8,15,23.395
2040,8,16,21.804
2040,8,17,20.878
2040,8,18,22.98
2040,8,19,20.663
2040,8,20,16.912
2040,8,21,17.863
2040,8,22,18.687
2040,8,23,21.19
2040,8,24,14.745
2040,8,25,12.509
2040,8,26,11.5
2040,8,27,14.289
2040,8,28,17.909
2040,8,29,18.75
2040,8,30,17.678
2040,8,31,20.953
2040,9,1,17.535
2040,9,2,13.525
2040,9,3,11.273
2040,9,4,10.515
2040,9,5,15.45
2040,9,6,13.264
2040,9,7,14.978
2040,9,8,15.744
2040,9,9,16.817
2040,9,10,17.205
2040,9,11,16.777
2040,9,12,14.084
2040,9,13,16.365
2040,9,14,16.812
2040,9,15,17.879
2040,9,16,16.834
2040,9,17,14.893
2040,9,18,14.571
2040,9,19,14.142
2040,9,20,12.511
2040,9,21,12.492
2040,9,22,14.575
2040,9,23,16.836
2040,9,24,17.046
2040,9,25,17.284
2040,9,26,17.477
2040,9,27,17.574
2040,9,28,17.628
2040,9,29,15.502
2040,9,30,14.822
2040,10,1,14.085
2040,10,2,13.734
2040,10,3,15.12
2040,10,4,13.772
2040,10,5,13.253
2040,10,6,12.599
2040,10,7,12.167
2040,10,8,12.975
2040,10,9,15.769
2040,10,10,15.272
2040,10,11,16.221
2040,10,12,16.362
2040,10,13,14.878
2040,10,14,14.209
2040,10,15,17.192
2040,10,16,17.894
2040,10,17,14.931
2040,10,18,12.206
2040,10,19,19.358
2040,10,20,17.891
2040,10,21,12.814
2040,10,22,11.834
2040,10,23,11.193
2040,10,24,14.44
2040,10,25,17.958
2040,10,26,12.932
2040,10,27,11.432
2040,10,28,11.99
2040,10,29,11.055
2040,10,30,12.748
2040,10,31,12.591
2040,11,1,13.512
2040,11,2,10.746
2040,11,3,10.865
2040,11,4,7.479
2040,11,5,5.4619
2040,11,6,6.5379
2040,11,7,12.512
2040,11,8,8.8339
2040,11,9,8.1868
2040,11,10,3.8671
2040,11,11,8.082
2040,11,12,5.2009
2040,11,13,3.2227
2040,11,14,4.0722
2040,11,15,4.9778
2040,11,16,7.7161
2040,11,17,7.3378
2040,11,18,7.0283
2040,11,19,8.4601
2040,11,20,6.5862
2040,11,21,4.4494
2040,11,22,3.4701
2040,11,23,4.4148
2040,11,24,4.3468
2040,11,25,2.0949
2040,11,26,5.7557
2040,11,27,5.0237
2040,11,28,3.2575
2040,11,29,8.5458
2040,11,30,4.2603
2040,12,1,5.0199
2040,12,2,4.4535
2040,12,3,5.9314
2040,12,4,6.8583
2040,12,5,5.7874
2040,12,6,5.2813
2040,12,7,1.1771
2040,12,8,4.0791
2040,12,9,1.1314
2040,12,10,0.91073
2040,12,11,6.5035
2040,12,12,4.0765
2040,12,13,3.3771
2040,12,14,2.8392
2040,12,15,2.5694
2040,12,16,1.6674
2040,12,17,0.15693
2040,12,18,0.15546
2040,12,19,-0.42573
2040,12,20,-0.28651
2040,12,21,-0.025977
2040,12,22,-0.55169
2040,12,23,-0.49242
2040,12,24,-1.0145
2040,12,25,-0.94952
2040,12,26,-1.043
2040,12,27,-1.474
2040,12,28,-0.52996
2040,12,29,-0.040422
2040,12,30,-0.8196
2040,12,31,1.5091
2041,1,1,1.4612
2041,1,2,1.5067
2041,1,3,0.87744
2041,1,4,3.6818
2041,1,5,2.0531
2041,1,6,2.5221
2041,1,7,1.3077
2041,1,8,-0.18971
2041,1,9,-0.57235
2041,1,10,0.85597
2041,1,11,-0.41513
2041,1,12,-1.9477
2041,1,13,1.7697
2041,1,14,3.4585
2041,1,15,7.3254
2041,1,16,7.5263
2041,1,17,6.6311
2041,1,18,6.0963
2041,1,19,4.6597
2041,1,20,2.4911
2041,1,21,3.723
2041,1,22,2.6333
2041,1,23,0.53581
2041,1,24,0.078516
2041,1,25,0.8358
2041,1,26,-0.2632
2041,1,27,-1.6159
2041,1,28,0.022729
2041,1,29,1.128
2041,1,30,3.5467
2041,1,31,2.8408
2041,2,1,1.402
2041,2,2,0.79731
2041,2,3,1.4537
2041,2,4,-0.064653
2041,2,5,-0.53017
2041,2,6,1.0288
2041,2,7,-0.32818
2041,2,8,-0.63082
2041,2,9,3.0928
2041,2,10,5.5928
2041,2,11,2.2256
2041,2,12,7.2538
2041,2,13,3.2096
2041,2,14,3.9812
2041,2,15,7.6287
2041,2,16,4.3508
2041,2,17,4.1239
2041,2,18,3.9529
2041,2,19,3.1141
2041,2,20,2.0461
2041,2,21,1.7429
2041,2,22,1.5633
2041,2,23,1.7359
2041,2,24,2.2859
2041,2,25,1.2643
2041,2,26,0.2046
2041,2,27,4.194
2041,2,28,7.8613
2041,3,1,6.9248
2041,3,2,9.0442
2041,3,3,11.014
2041,3,4,11.095
2041,3,5,11.093
2041,3,6,11.062
2041,3,7,10.72
2041,3,8,10.715
2041,3,9,11.178
2041,3,10,9.986
2041,3,11,9.135
2041,3,12,8.1095
2041,3,13,9.6467
2041,3,14,7.8485
2041,3,15,8.2055
2041,3,16,8.352
2041,3,17,7.1453
2041,3,18,5.7678
2041,3,19,2.6774
2041,3,20,4.4995
2041,3,21,2.4325
2041,3,22,0.96155
2041,3,23,5.8331
2041,3,24,4.1345
2041,3,25,2.99
2041,3,26,3.0058
2041,3,27,8.1739
2041,3,28,8.1482
2041,3,29,8.2312
2041,3,30,6.9237
2041,3,31,6.7781
2041,4,1,6.0216
2041,4,2,3.5877
2041,4,3,6.7936
2041,4,4,6.5339
2041,4,5,7.5148
2041,4,6,8.4236
2041,4,7,7.8616
2041,4,8,5.1404
2041,4,9,4.7076
2041,4,10,7.9283
2041,4,11,9.8873
2041,4,12,7.0525
2041,4,13,5.8284
2041,4,14,12.346
2041,4,15,9.5551
2041,4,16,9.0795
2041,4,17,7.9685
2041,4,18,7.4863
2041,4,19,8.3367
2041,4,20,10.091
2041,4,21,7.821
2041,4,22,10.054
2041,4,23,8.5329
2041,4,24,8.3357
2041,4,25,10.291
2041,4,26,8.8281
2041,4,27,13.205
2041,4,28,8.9664
2041,4,29,7.4794
2041,4,30,9.5971
2041,5,1,7.3041
2041,5,2,12.073
2041,5,3,12.237
2041,5,4,10.636
2041,5,5,10.543
2041,5,6,10.567
2041,5,7,10.564
2041,5,8,11.703
2041,5,9,14.863
2041,5,10,14.566
2041,5,11,15.518
2041,5,12,14.361
2041,5,13,11.865
2041,5,14,10.449
2041,5,15,13.694
2041,5,16,11.815
2041,5,17,9.9629
2041,5,18,11.773
2041,5,19,10.588
2041,5,20,10.454
2041,5,21,13.501
2041,5,22,14.944
2041,5,23,14.353
2041,5,24,15.303
2041,5,25,12.958
2041,5,26,13.125
2041,5,27,14.962
2041,5,28,14.222
2041,5,29,16.095
2041,5,30,17.541
2041,5,31,15.871
2041,6,1,16.121
2041,6,2,15.152
2041,6,3,12.905
2041,6,4,10.872
2041,6,5,11.674
2041,6,6,10.497
2041,6,7,14.059
2041,6,8,15.863
2041,6,9,14.759
2041,6,10,15.151
2041,6,11,13.218
2041,6,12,14.547
2041,6,13,11.358
2041,6,14,10.796
2041,6,15,11.251
2041,6,16,11.53
2041,6,17,13.953
2041,6,18,15.248
2041,6,19,14.972
2041,6,20,18.28
2041,6,21,18.696
2041,6,22,17.014
2041,6,23,17.713
2041,6,24,15.753
2041,6,25,12.928
2041,6,26,12.431
2041,6,27,13.599
2041,6,28,15.21
2041,6,29,16.664
2041,6,30,16.874
2041,7,1,17.78
2041,7,2,18.71
2041,7,3,20.208
2041,7,4,21.808
2041,7,5,20.447
2041,7,6,20.081
2041,7,7,19.546
2041,7,8,20.9
2041,7,9,21.966
2041,7,10,22.896
2041,7,11,20.323
2041,7,12,19.062
2041,7,13,19.539
2041,7,14,17.511
2041,7,15,18.651
2041,7,16,20.333
2041,7,17,23.686
2041,7,18,19.537
2041,7,19,19.055
2041,7,20,18.877
2041,7,21,19.876
2041,7,22,17.602
2041,7,23,19.359
2041,7,24,18.756
2041,7,25,16.489
2041,7,26,15.573
2041,7,27,16.782
2041,7,28,17.615
2041,7,29,18.604
2041,7,30,19.35
2041,7,31,18.525
2041,8,1,16.679
2041,8,2,15.394
2041,8,3,17.205
2041,8,4,18.382
2041,8,5,18.784
2041,8,6,18.497
2041,8,7,19.555
2041,8,8,19.092
2041,8,9,18.531
2041,8,10,21.454
2041,8,11,19.808
2041,8,12,17.74
2041,8,13,14.424
2041,8,14,12.723
2041,8,15,15.362
2041,8,16,18.909
2041,8,17,17.957
2041,8,18,17.26
2041,8,19,17.17
2041,8,20,18.605
2041,8,21,18.753
2041,8,22,18.545
2041,8,23,17.076
2041,8,24,16.697
2041,8,25,19.764
2041,8,26,21.588
2041,8,27,20.233
2041,8,28,19.488
2041,8,29,16.974
2041,8,30,17.804
2041,8,31,17.747
2041,9,1,18.509
2041,9,2,20.154
2041,9,3,20.017
2041,9,4,20.205
2041,9,5,19.352
2041,9,6,20.732
2041,9,7,19.066
2041,9,8,17.954
2041,9,9,18.159
2041,9,10,15.793
2041,9,11,14.302
2041,9,12,15.592
2041,9,13,17.997
2041,9,14,18.44
2041,9,15,17.15
2041,9,16,17.656
2041,9,17,19.053
2041,9,18,19.939
2041,9,19,18.192
2041,9,20,19.166
2041,9,21,19.033
2041,9,22,17.532
2041,9,23,16.674
2041,9,24,16.701
2041,9,25,16.611
2041,9,26,15.89
2041,9,27,15.473
2041,9,28,16.079
2041,9,29,15.176
2041,9,30,12.461
2041,10,1,11.814
2041,10,2,10.125
2041,10,3,14.034
2041,10,4,10.852
2041,10,5,10.774
2041,10,6,14.317
2041,10,7,10.67
2041,10,8,7.9289
2041,10,9,8.6753
2041,10,10,9.3439
2041,10,11,9.28
2041,10,12,9.5231
2041,10,13,7.2439
2041,10,14,10.796
2041,10,15,8.6684
2041,10,16,10.529
2041,10,17,8.8577
2041,10,18,12.487
2041,10,19,10.763
2041,10,20,8.2402
2041,10,21,7.5376
2041,10,22,6.9859
2041,10,23,10.624
2041,10,24,12.229
2041,10,25,11.677
2041,10,26,10.832
2041,10,27,8.0627
2041,10,28,6.3893
2041,10,29,8.0508
2041,10,30,9.1621
2041,10,31,10.658
2041,11,1,11.193
2041,11,2,11.865
2041,11,3,10.886
2041,11,4,10.862
2041,11,5,8.5008
2041,11,6,7.54
2041,11,7,8.2675
2041,11,8,7.2022
2041,11,9,7.4735
2041,11,10,7.6259
2041,11,11,6.2478
2041,11,12,5.9562
2041,11,13,5.3485
2041,11,14,4.8867
2041,11,15,5.4768
2041,11,16,5.2113
2041,11,17,3.2306
2041,11,18,3.6301
2041,11,19,5.9267
2041,11,20,6.2395
2041,11,21,8.4184
2041,11,22,13.324
2041,11,23,5.2139
2041,11,24,3.3611
2041,11,25,1.7277
2041,11,26,7.6288
2041,11,27,6.5085
2041,11,28,10.128
2041,11,29,10.284
2041,11,30,7.6151
2041,12,1,4.5082
2041,12,2,2.266
2041,12,3,4.4768
2041,12,4,2.6308
2041,12,5,7.2618
2041,12,6,4.2101
2041,12,7,4.334
2041,12,8,3.3276
2041,12,9,8.2649
2041,12,10,5.1637
2041,12,11,6.4311
2041,12,12,12.653
2041,12,13,12.127
2041,12,14,11.74
2041,12,15,6.7033
2041,12,16,1.3492
2041,12,17,0.85397
2041,12,18,1.1195
2041,12,19,2.3775
2041,12,20,2.6707
2041,12,21,3.4264
2041,12,22,4.8643
2041,12,23,2.7861
2041,12,24,7.2122
2041,12,25,5.9262
2041,12,26,5.0165
2041,12,27,7.5523
2041,12,28,3.2785
2041,12,29,1.7562
2041,12,30,4.1594
2041,12,31,4.7638
2042,1,1,3.2856
2042,1,2,2.2911
2042,1,3,2.2001
2042,1,4,5.9309
2042,1,5,7.5173
2042,1,6,4.1271
2042,1,7,1.7892
2042,1,8,6.273
2042,1,9,1.7981
2042,1,10,0.25118
2042,1,11,2.9322
2042,1,12,9.662
2042,1,13,8.2498
2042,1,14,6.7805
2042,1,15,5.3319
2042,1,16,4.3213
2042,1,17,1.6835
2042,1,18,1.5643
2042,1,19,-0.031541
2042,1,20,0.217
2042,1,21,0.46809
2042,1,22,0.31299
2042,1,23,-2.2178
2042,1,24,-3.21
2042,1,25,-3.6461
2042,1,26,-2.571
2042,1,27,-2.0642
2042,1,28,0.43244
2042,1,29,5.2972
2042,1,30,5.5424
2042,1,31,6.4672
2042,2,1,8.8051
2042,2,2,6.5903
2042,2,3,4.7121
2042,2,4,4.6195
2042,2,5,5.7916
2042,2,6,5.4961
2042,2,7,3.6739
2042,2,8,4.1215
2042,2,9,4.167
2042,2,10,3.2972
2042,2,11,0.92451
2042,2,12,6.8914
2042,2,13,7.2274
2042,2,14,2.361
2042,2,15,5.4329
2042,2,16,3.3004
2042,2,17,11.355
2042,2,18,11.739
2042,2,19,11.718
2042,2,20,11.599
2042,2,21,10.716
2042,2,22,10.756
2042,2,23,7.557
2042,2,24,6.964
2042,2,25,11.996
2042,2,26,8.3203
2042,2,27,7.4162
2042,2,28,12.148
2042,3,1,6.7603
2042,3,2,4.545
2042,3,3,3.3925
2042,3,4,7.6245
2042,3,5,11.312
2042,3,6,6.3233
2042,3,7,4.2479
2042,3,8,4.8286
2042,3,9,2.8191
2042,3,10,2.1722
2042,3,11,2.8477
2042,3,12,4.203
2042,3,13,5.3629
2042,3,14,6.4352
2042,3,15,6.3322
2042,3,16,4.9273
2042,3,17,6.369
2042,3,18,6.2903
2042,3,19,5.5942
2042,3,20,3.3956
2042,3,21,2.5145
2042,3,22,6.7948
2042,3,23,5.4602
2042,3,24,6.907
2042,3,25,4.0907
2042,3,26,2.1689
2042,3,27,10.56
2042,3,28,7.342
2042,3,29,5.2762
2042,3,30,10.469
2042,3,31,9.9852
2042,4,1,7.2173
2042,4,2,5.8492
2042,4,3,10.533
2042,4,4,7.4442
2042,4,5,4.8556
2042,4,6,3.7682
2042,4,7,7.0135
2042,4,8,4.2791
2042,4,9,6.6565
2042,4,10,7.464
2042,4,11,4.5368
2042,4,12,3.759
2042,4,13,6.1298
2042,4,14,8.4678
2042,4,15,6.7818
2042,4,16,6.0806
2042,4,17,4.1528
2042,4,18,5.7587
2042,4,19,5.2159
2042,4,20,6.6885
2042,4,21,4.4511
2042,4,22,4.706
2042,4,23,7.8437
2042,4,24,6.3845
2042,4,25,10.106
2042,4,26,8.0644
2042,4,27,7.0666
2042,4,28,6.2683
2042,4,29,7.1372
2042,4,30,6.6007
2042,5,1,5.3497
2042,5,2,7.6264
2042,5,3,8.8853
2042,5,4,10.483
2042,5,5,11.855
2042,5,6,11.716
2042,5,7,10.583
2042,5,8,11.357
2042,5,9,11.384
2042,5,10,10.727
2042,5,11,9.8611
2042,5,12,11.897
2042,5,13,10.308
2042,5,14,13.129
2042,5,15,11.415
2042,5,16,9.8583
2042,5,17,7.9491
2042,5,18,10.357
2042,5,19,9.8496
2042,5,20,11.919
2042,5,21,12.26
2042,5,22,11.722
2042,5,23,13.34
2042,5,24,11.306
2042,5,25,10.421
2042,5,26,9.0564
2042,5,27,10.886
2042,5,28,8.5708
2042,5,29,10.472
2042,5,30,12.66
2042,5,31,14.154
2042,6,1,15.802
2042,6,2,14.22
2042,6,3,14.606
2042,6,4,14.024
2042,6,5,13.986
2042,6,6,15.907
2042,6,7,14.71
2042,6,8,13.059
2042,6,9,15.599
2042,6,10,14.096
2042,6,11,15.477
2042,6,12,15.27
2042,6,13,12.522
2042,6,14,16.2
2042,6,15,13.721
2042,6,16,11.138
2042,6,17,13.97
2042,6,18,16.351
2042,6,19,16.545
2042,6,20,19.002
2042,6,21,16.261
2042,6,22,12.721
2042,6,23,9.7151
2042,6,24,13.426
2042,6,25,16.014
2042,6,26,17.599
2042,6,27,14.74
2042,6,28,15.843
2042,6,29,13.735
2042,6,30,15.702
2042,7,1,13.551
2042,7,2,16.974
2042,7,3,19.33
2042,7,4,20.524
2042,7,5,22.209
2042,7,6,20.281
2042,7,7,18.501
2042,7,8,18.79
2042,7,9,18.733
2042,7,10,21.887
2042,7,11,20.888
2042,7,12,20.446
2042,7,13,19.273
2042,7,14,18.695
2042,7,15,17.334
2042,7,16,18.239
2042,7,17,19.544
2042,7,18,20.451
2042,7,19,24.253
2042,7,20,23.421
2042,7,21,23.473
2042,7,22,24.219
2042,7,23,23.18
2042,7,24,20.545
2042,7,25,21.436
2042,7,26,20.026
2042,7,27,22.409
2042,7,28,22.922
2042,7,29,21.434
2042,7,30,22.061
2042,7,31,23.419
2042,8,1,22.476
2042,8,2,24.049
2042,8,3,22.185
2042,8,4,20.845
2042,8,5,20.638
2042,8,6,20.445
2042,8,7,20.258
2042,8,8,19.689
2042,8,9,19.378
2042,8,10,22.199
2042,8,11,21.982
2042,8,12,21.318
2042,8,13,20.917
2042,8,14,20.489
2042,8,15,19.801
2042,8,16,19.429
2042,8,17,20.251
2042,8,18,24.224
2042,8,19,25.395
2042,8,20,19.426
2042,8,21,16.11
2042,8,22,16.341
2042,8,23,18.028
2042,8,24,21.076
2042,8,25,18.923
2042,8,26,18.537
2042,8,27,17.676
2042,8,28,17.47
2042,8,29,17.167
2042,8,30,17.689
2042,8,31,18.721
2042,9,1,21.584
2042,9,2,18.252
2042,9,3,16.184
2042,9,4,14.398
2042,9,5,12.713
2042,9,6,12.704
2042,9,7,12.731
2042,9,8,16.431
2042,9,9,17.306
2042,9,10,19.173
2042,9,11,18.473
2042,9,12,15.343
2042,9,13,12.749
2042,9,14,12.687
2042,9,15,11.996
2042,9,16,12.325
2042,9,17,15.415
2042,9,18,16.147
2042,9,19,16.85
2042,9,20,16.542
2042,9,21,15.724
2042,9,22,15.138
2042,9,23,12.096
2042,9,24,12.152
2042,9,25,11.621
2042,9,26,10.082
2042,9,27,11.963
2042,9,28,11.701
2042,9,29,15.057
2042,9,30,16.735
2042,10,1,14.84
2042,10,2,13.526
2042,10,3,15.871
2042,10,4,17.116
2042,10,5,16.638
2042,10,6,15.922
2042,10,7,13.674
2042,10,8,11.781
2042,10,9,11.278
2042,10,10,11.58
2042,10,11,9.6077
2042,10,12,13.188
2042,10,13,15.864
2042,10,14,15.1
2042,10,15,15.099
2042,10,16,13.444
2042,10,17,12.849
2042,10,18,16.171
2042,10,19,14.319
2042,10,20,13.05
2042,10,21,14.492
2042,10,22,14.402
2042,10,23,13.52
2042,10,24,10.672
2042,10,25,8.8902
2042,10,26,12.289
2042,10,27,7.0232
2042,10,28,5.6788
2042,10,29,6.466
2042,10,30,14.626
2042,10,31,12.398
2042,11,1,9.567
2042,11,2,13.171
2042,11,3,10.199
2042,11,4,7.5997
2042,11,5,9.6407
2042,11,6,8.6557
2042,11,7,5.9928
2042,11,8,5.1521
2042,11,9,6.7169
2042,11,10,8.2821
2042,11,11,7.5376
2042,11,12,6.9913
2042,11,13,6.3483
2042,11,14,4.8551
2042,11,15,6.078
2042,11,16,6.4035
2042,11,17,6.4041
2042,11,18,9.4509
2042,11,19,9.1547
2042,11,20,6.582
2042,11,21,3.3553
2042,11,22,8.5127
2042,11,23,5.5518
2042,11,24,5.6172
2042,11,25,4.9782
2042,11,26,4.274
2042,11,27,6.715
2042,11,28,8.0881
2042,11,29,5.9493
2042,11,30,4.5752
2042,12,1,14.02
2042,12,2,7.3023
2042,12,3,5.0503
2042,12,4,4.1658
2042,12,5,3.897
2042,12,6,10.91
2042,12,7,10.499
2042,12,8,8.6842
2042,12,9,7.1168
2042,12,10,4.6224
2042,12,11,3.9653
2042,12,12,7.0527
2042,12,13,3.755
2042,12,14,2.1519
2042,12,15,1.8062
2042,12,16,4.5773
2042,12,17,1.6309
2042,12,18,1.1219
2042,12,19,0.27499
2042,12,20,1.4249
2042,12,21,4.9093
2042,12,22,8.0352
2042,12,23,9.2126
2042,12,24,9.4015
2042,12,25,12.399
2042,12,26,7.0962
2042,12,27,5.601
2042,12,28,1.4832
2042,12,29,0.75621
2042,12,30,-0.22576
2042,12,31,3.6513
2043,1,1,4.3798
2043,1,2,5.5675
2043,1,3,7.9998
2043,1,4,1.9411
2043,1,5,0.83083
2043,1,6,0.9934
2043,1,7,1.4032
2043,1,8,0.60421
2043,1,9,-0.53558
2043,1,10,4.2965
2043,1,11,1.5744
2043,1,12,-1.0533
2043,1,13,-1.6176
2043,1,14,3.5938
2043,1,15,3.5225
2043,1,16,1.8503
2043,1,17,0.83541
2043,1,18,5.783
2043,1,19,6.7448
2043,1,20,6.7885
2043,1,21,3.5854
2043,1,22,0.94076
2043,1,23,7.2438
2043,1,24,9.3405
2043,1,25,7.1015
2043,1,26,4.0488
2043,1,27,1.2933
2043,1,28,-0.52009
2043,1,29,-1.7617
2043,1,30,-1.4108
2043,1,31,2.0628
2043,2,1,4.9404
2043,2,2,10.223
2043,2,3,7.9494
2043,2,4,5.494
2043,2,5,1.9169
2043,2,6,0.40969
2043,2,7,0.45756
2043,2,8,0.7651
2043,2,9,3.1684
2043,2,10,2.8133
2043,2,11,4.9121
2043,2,12,2.2295
2043,2,13,6.4471
2043,2,14,3.1853
2043,2,15,6.5007
2043,2,16,3.9118
2043,2,17,5.8745
2043,2,18,3.5543
2043,2,19,2.3253
2043,2,20,2.9109
2043,2,21,5.3895
2043,2,22,1.6931
2043,2,23,5.0837
2043,2,24,4.3848
2043,2,25,3.7816
2043,2,26,5.4088
2043,2,27,5.6953
2043,2,28,5.8929
2043,3,1,5.3438
2043,3,2,3.7875
2043,3,3,8.1612
2043,3,4,7.8173
2043,3,5,8.1581
2043,3,6,9.7109
2043,3,7,9.1345
2043,3,8,10.934
2043,3,9,11.312
2043,3,10,11.753
2043,3,11,11.119
2043,3,12,7.9926
2043,3,13,10.464
2043,3,14,8.0008
2043,3,15,7.6213
2043,3,16,12.219
2043,3,17,7.0847
2043,3,18,4.7571
2043,3,19,10.748
2043,3,20,6.0819
2043,3,21,3.2898
2043,3,22,8.5042
2043,3,23,6.715
2043,3,24,6.1955
2043,3,25,8.3947
2043,3,26,3.7196
2043,3,27,5.0327
2043,3,28,3.7713
2043,3,29,4.2487
2043,3,30,3.8782
2043,3,31,4.7854
2043,4,1,6.2891
2043,4,2,4.3081
2043,4,3,3.0222
2043,4,4,5.3057
2043,4,5,4.0131
2043,4,6,5.8035
2043,4,7,3.8512
2043,4,8,8.6612
2043,4,9,7.4872
2043,4,10,5.401
2043,4,11,7.1075
2043,4,12,4.9381
2043,4,13,3.6647
2043,4,14,10.467
2043,4,15,11.878
2043,4,16,13.082
2043,4,17,13.564
2043,4,18,10.175
2043,4,19,12.014
2043,4,20,9.8332
2043,4,21,8.558
2043,4,22,8.8299
2043,4,23,8.9052
2043,4,24,8.6723
2043,4,25,5.7081
2043,4,26,5.7356
2043,4,27,5.9778
2043,4,28,7.3128
2043,4,29,8.2963
2043,4,30,10.672
2043,5,1,8.7038
2043,5,2,8.7593
2043,5,3,8.7448
2043,5,4,12.953
2043,5,5,12.86
2043,5,6,12.119
2043,5,7,9.1015
2043,5,8,7.2845
2043,5,9,6.1387
2043,5,10,5.3126
2043,5,11,7.3508
2043,5,12,13.547
2043,5,13,11.249
2043,5,14,11.817
2043,5,15,9.733
2043,5,16,11.327
2043,5,17,12.977
2043,5,18,10.592
2043,5,19,10.416
2043,5,20,12.663
2043,5,21,9.9273
2043,5,22,7.951
2043,5,23,7.8876
2043,5,24,7.6832
2043,5,25,9.8941
2043,5,26,7.994
2043,5,27,9.8319
2043,5,28,10.145
2043,5,29,9.4014
2043,5,30,14.134
2043,5,31,14.436
2043,6,1,12.61
2043,6,2,12.233
2043,6,3,9.879
2043,6,4,8.776
2043,6,5,9.9086
2043,6,6,9.5627
2043,6,7,9.1853
2043,6,8,13.373
2043,6,9,13.795
2043,6,10,13.415
2043,6,11,11.812
2043,6,12,10.394
2043,6,13,10.806
2043,6,14,13.099
2043,6,15,11.665
2043,6,16,12.338
2043,6,17,12.938
2043,6,18,12.868
2043,6,19,15.382
2043,6,20,13.215
2043,6,21,12.357
2043,6,22,12.768
2043,6,23,15.289
2043,6,24,15.427
2043,6,25,14.032
2043,6,26,15.701
2043,6,27,14.793
2043,6,28,16.371
2043,6,29,17.473
2043,6,30,19.084
2043,7,1,21.101
2043,7,2,22.366
2043,7,3,20.416
2043,7,4,17.58
2043,7,5,15.958
2043,7,6,13.982
2043,7,7,16.315
2043,7,8,15.678
2043,7,9,19.194
2043,7,10,18.292
2043,7,11,17.574
2043,7,12,21.574
2043,7,13,21.287
2043,7,14,19.483
2043,7,15,17.155
2043,7,16,16.51
2043,7,17,16.707
2043,7,18,18.027
2043,7,19,17.903
2043,7,20,17.804
2043,7,21,19.027
2043,7,22,21.357
2043,7,23,21.723
2043,7,24,22.061
2043,7,25,22.562
2043,7,26,21.154
2043,7,27,21.031
2043,7,28,20.752
2043,7,29,19.816
2043,7,30,18.033
2043,7,31,16.404
2043,8,1,15.184
2043,8,2,16.009
2043,8,3,20.505
2043,8,4,21.04
2043,8,5,23.288
2043,8,6,22.853
2043,8,7,20.265
2043,8,8,19.016
2043,8,9,20.768
2043,8,10,20.237
2043,8,11,18.255
2043,8,12,20.203
2043,8,13,20.057
2043,8,14,18.595
2043,8,15,20.029
2043,8,16,18.615
2043,8,17,15.083
2043,8,18,17.082
2043,8,19,17.18
2043,8,20,15.203
2043,8,21,15.116
2043,8,22,17.891
2043,8,23,16.249
2043,8,24,18.194
2043,8,25,19.977
2043,8,26,18.32
2043,8,27,20.317
2043,8,28,20.346
2043,8,29,19.315
2043,8,30,18.494
2043,8,31,17.975
2043,9,1,18.354
2043,9,2,17.928
2043,9,3,18.792
2043,9,4,16.983
2043,9,5,14.818
2043,9,6,13.732
2043,9,7,15.916
2043,9,8,12.741
2043,9,9,12.423
2043,9,10,13.327
2043,9,11,15.103
2043,9,12,18.466
2043,9,13,17.597
2043,9,14,21.219
2043,9,15,21.402
2043,9,16,20.353
2043,9,17,17.541
2043,9,18,16.4
2043,9,19,18.982
2043,9,20,18.723
2043,9,21,18.552
2043,9,22,18.342
2043,9,23,19.373
2043,9,24,20.204
2043,9,25,15.761
2043,9,26,13.549
2043,9,27,11.022
2043,9,28,10.212
2043,9,29,12.364
2043,9,30,13.361
2043,10,1,12.155
2043,10,2,15.539
2043,10,3,17.116
2043,10,4,15.481
2043,10,5,13.433
2043,10,6,17.478
2043,10,7,20.135
2043,10,8,17.156
2043,10,9,14.467
2043,10,10,12.58
2043,10,11,11.486
2043,10,12,8.737
2043,10,13,17.76
2043,10,14,16.504
2043,10,15,19.57
2043,10,16,18.84
2043,10,17,19.18
2043,10,18,15.373
2043,10,19,11.748
2043,10,20,8.8977
2043,10,21,11.758
2043,10,22,9.0868
2043,10,23,10.433
2043,10,24,8.3313
2043,10,25,6.1472
2043,10,26,10.882
2043,10,27,8.6432
2043,10,28,8.1907
2043,10,29,12.799
2043,10,30,14.549
2043,10,31,15.135
2043,11,1,7.8368
2043,11,2,6.06
2043,11,3,5.9645
2043,11,4,7.1227
2043,11,5,12.24
2043,11,6,15.63
2043,11,7,10.922
2043,11,8,8.8473
2043,11,9,7.9678
2043,11,10,5.6955
2043,11,11,4.3002
2043,11,12,5.3153
2043,11,13,9.533
2043,11,14,9.5558
2043,11,15,12.817
2043,11,16,11.707
2043,11,17,9.3476
2043,11,18,10.601
2043,11,19,11.31
2043,11,20,10.153
2043,11,21,8.2508
2043,11,22,5.4744
2043,11,23,1.7292
2043,11,24,8.5843
2043,11,25,4.5068
2043,11,26,1.4637
2043,11,27,5.8594
2043,11,28,7.063
2043,11,29,5.6311
2043,11,30,4.6773
2043,12,1,8.5751
2043,12,2,6.1448
2043,12,3,4.623
2043,12,4,5.3703
2043,12,5,1.8019
2043,12,6,0.71168
2043,12,7,5.7475
2043,12,8,7.255
2043,12,9,10.17
2043,12,10,7.7564
2043,12,11,3.8838
2043,12,12,3.3019
2043,12,13,1.3149
2043,12,14,4.358
2043,12,15,5.9174
2043,12,16,5.9911
2043,12,17,6.3948
2043,12,18,9.3055
2043,12,19,6.9355
2043,12,20,5.5895
2043,12,21,7.4634
2043,12,22,6.1207
2043,12,23,12.008
2043,12,24,10.238
2043,12,25,6.9887
2043,12,26,2.2494
2043,12,27,1.2909
2043,12,28,-0.71037
2043,12,29,1.9229
2043,12,30,5.0519
2043,12,31,3.9527
2044,1,1,1.1491
2044,1,2,0.060246
2044,1,3,5.8293
2044,1,4,8.4491
2044,1,5,4.1138
2044,1,6,4.6016
2044,1,7,5.6167
2044,1,8,4.6223
2044,1,9,4.9947
2044,1,10,7.4814
2044,1,11,7.4385
2044,1,12,10.391
2044,1,13,4.1073
2044,1,14,3.8177
2044,1,15,9.0656
2044,1,16,11.925
2044,1,17,11.029
2044,1,18,11.714
2044,1,19,10.136
2044,1,20,10.237
2044,1,21,7.2748
2044,1,22,4.1241
2044,1,23,2.813
2044,1,24,1.4207
2044,1,25,0.99825
2044,1,26,0.17741
2044,1,27,2.2602
2044,1,28,1.891
2044,1,29,1.2882
2044,1,30,3.4716
2044,1,31,1.5139
2044,2,1,0.0051107
2044,2,2,0.77624
2044,2,3,4.7145
2044,2,4,1.8088
2044,2,5,3.024
2044,2,6,1.4716
2044,2,7,3.3146
2044,2,8,3.9827
2044,2,9,4.3065
2044,2,10,4.5926
2044,2,11,4.1025
2044,2,12,3.1297
2044,2,13,3.2469
2044,2,14,5.2723
2044,2,15,5.7816
2044,2,16,5.9317
2044,2,17,3.574
2044,2,18,5.9082
2044,2,19,3.9596
2044,2,20,0.84682
2044,2,21,1.2008
2044,2,22,0.2196
2044,2,23,3.4256
2044,2,24,3.915
2044,2,25,1.5887
2044,2,26,1.5631
2044,2,27,3.0539
2044,2,28,2.2304
2044,2,29,1.4804
2044,3,1,3.2306
2044,3,2,8.0522
2044,3,3,9.0683
2044,3,4,8.7434
2044,3,5,6.2495
2044,3,6,6.5746
2044,3,7,4.7997
2044,3,8,4.233
2044,3,9,4.4944
2044,3,10,2.5449
2044,3,11,1.6421
2044,3,12,2.8002
2044,3,13,5.1572
2044,3,14,6.3543
2044,3,15,4.2395
2044,3,16,7.1002
2044,3,17,4.8581
2044,3,18,1.6811
2044,3,19,0.91451
2044,3,20,11.884
2044,3,21,11.863
2044,3,22,8.1485
2044,3,23,6.3619
2044,3,24,4.2721
2044,3,25,10.602
2044,3,26,7.236
2044,3,27,5.0673
2044,3,28,2.9303
2044,3,29,9.8015
2044,3,30,10.346
2044,3,31,11.237
2044,4,1,11.526
2044,4,2,9.4416
2044,4,3,8.1676
2044,4,4,8.1468
2044,4,5,10.316
2044,4,6,8.1133
2044,4,7,8.1887
2044,4,8,7.3479
2044,4,9,10.003
2044,4,10,7.8412
2044,4,11,7.4913
2044,4,12,7.4013
2044,4,13,8.3689
2044,4,14,6.1289
2044,4,15,10.442
2044,4,16,9.0985
2044,4,17,8.9461
2044,4,18,8.4069
2044,4,19,9.2395
2044,4,20,10.93
2044,4,21,10.859
2044,4,22,10.89
2044,4,23,10.897
2044,4,24,8.4818
2044,4,25,5.8626
2044,4,26,11.212
2044,4,27,9.4999
2044,4,28,10.085
2044,4,29,9.724
2044,4,30,9.5878
2044,5,1,10.008
2044,5,2,9.3192
2044,5,3,13.067
2044,5,4,11.236
2044,5,5,11.639
2044,5,6,10.574
2044,5,7,8.6417
2044,5,8,13.005
2044,5,9,15.53
2044,5,10,14.67
2044,5,11,11.688
2044,5,12,13.591
2044,5,13,13.255
2044,5,14,10.448
2044,5,15,8.468
2044,5,16,10.933
2044,5,17,9.5073
2044,5,18,11.206
2044,5,19,10.9
2044,5,20,12.154
2044,5,21,11.735
2044,5,22,13.649
2044,5,23,11.334
2044,5,24,11.282
2044,5,25,13.807
2044,5,26,13.906
2044,5,27,11.778
2044,5,28,10.747
2044,5,29,13.717
2044,5,30,11.702
2044,5,31,14.985
2044,6,1,16.838
2044,6,2,15.984
2044,6,3,13.519
2044,6,4,13.526
2044,6,5,17.183
2044,6,6,15.783
2044,6,7,12.536
2044,6,8,12.792
2044,6,9,15.617
2044,6,10,14.62
2044,6,11,15.028
2044,6,12,16.58
2044,6,13,16.292
2044,6,14,14.4
2044,6,15,13.528
2044,6,16,14.11
2044,6,17,14.768
2044,6,18,17.453
2044,6,19,14.233
2044,6,20,16.065
2044,6,21,15.44
2044,6,22,18.986
2044,6,23,16.991
2044,6,24,16.673
2044,6,25,16.191
2044,6,26,16.827
2044,6,27,16.913
2044,6,28,20.589
2044,6,29,18.045
2044,6,30,19.914
2044,7,1,17.215
2044,7,2,18.235
2044,7,3,22.768
2044,7,4,23.46
2044,7,5,24.531
2044,7,6,24.715
2044,7,7,23.961
2044,7,8,20.538
2044,7,9,19.425
2044,7,10,20.055
2044,7,11,19.923
2044,7,12,18.745
2044,7,13,19.57
2044,7,14,21.024
2044,7,15,19.564
2044,7,16,19.533
2044,7,17,18.311
2044,7,18,17.693
2044,7,19,18.837
2044,7,20,23.201
2044,7,21,22.127
2044,7,22,20.844
2044,7,23,18.611
2044,7,24,16.182
2044,7,25,19.763
2044,7,26,17.953
2044,7,27,17.834
2044,7,28,19.208
2044,7,29,20.362
2044,7,30,19.112
2044,7,31,18.684
2044,8,1,21.06
2044,8,2,20.223
2044,8,3,17.072
2044,8,4,16.054
2044,8,5,15.662
2044,8,6,18.013
2044,8,7,19.076
2044,8,8,19.494
2044,8,9,19.973
2044,8,10,21.1
2044,8,11,20.582
2044,8,12,19.641
2044,8,13,19.951
2044,8,14,16.258
2044,8,15,18.325
2044,8,16,21.434
2044,8,17,22.865
2044,8,18,21.849
2044,8,19,21.89
2044,8,20,21.189
2044,8,21,19.886
2044,8,22,20.153
2044,8,23,22.748
2044,8,24,22.679
2044,8,25,21.119
2044,8,26,18.359
2044,8,27,19.916
2044,8,28,17.889
2044,8,29,15.897
2044,8,30,17.1
2044,8,31,19.193
2044,9,1,15.221
2044,9,2,12.744
2044,9,3,13.98
2044,9,4,16.958
2044,9,5,20.654
2044,9,6,19.977
2044,9,7,20.726
2044,9,8,19.273
2044,9,9,15.352
2044,9,10,17.821
2044,9,11,16.807
2044,9,12,14.66
2044,9,13,13.602
2044,9,14,13.043
2044,9,15,15.828
2044,9,16,13.465
2044,9,17,12.094
2044,9,18,12.017
2044,9,19,18.647
2044,9,20,16.549
2044,9,21,17.979
2044,9,22,16.151
2044,9,23,17.536
2044,9,24,14.902
2044,9,25,13.715
2044,9,26,12.608
2044,9,27,9.6683
2044,9,28,10.574
2044,9,29,11.686
2044,9,30,9.6037
2044,10,1,9.3814
2044,10,2,12.285
2044,10,3,11.028
2044,10,4,10.263
2044,10,5,9.3192
2044,10,6,6.8709
2044,10,7,6.7025
2044,10,8,6.1267
2044,10,9,8.458
2044,10,10,6.9015
2044,10,11,9.7193
2044,10,12,13.096
2044,10,13,13.061
2044,10,14,14.322
2044,10,15,12.675
2044,10,16,11.516
2044,10,17,5.3179
2044,10,18,3.3281
2044,10,19,8.5902
2044,10,20,9.0111
2044,10,21,11.788
2044,10,22,15.82
2044,10,23,12.368
2044,10,24,12.069
2044,10,25,12.66
2044,10,26,8.051
2044,10,27,4.9668
2044,10,28,12.241
2044,10,29,7.3916
2044,10,30,7.9262
2044,10,31,5.9801
2044,11,1,5.6838
2044,11,2,8.2026
2044,11,3,5.1307
2044,11,4,5.0641
2044,11,5,6.8851
2044,11,6,5.767
2044,11,7,7.5697
2044,11,8,8.6402
2044,11,9,6.8142
2044,11,10,6.0438
2044,11,11,5.767
2044,11,12,5.2094
2044,11,13,5.1117
2044,11,14,7.9961
2044,11,15,2.2538
2044,11,16,1.3612
2044,11,17,1.0676
2044,11,18,-0.61943
2044,11,19,-0.57778
2044,11,20,2.0402
2044,11,21,5.1012
2044,11,22,4.6168
2044,11,23,1.944
2044,11,24,1.1309
2044,11,25,12.414
2044,11,26,9.8958
2044,11,27,5.9763
2044,11,28,5.4643
2044,11,29,11.733
2044,11,30,7.9287
2044,12,1,3.5107
2044,12,2,1.7961
2044,12,3,1.1978
2044,12,4,7.6158
2044,12,5,11.679
2044,12,6,7.7669
2044,12,7,4.3607
2044,12,8,2.5247
2044,12,9,1.195
2044,12,10,1.2842
2044,12,11,0.55789
2044,12,12,-0.3149
2044,12,13,-1.5369
2044,12,14,-0.89788
2044,12,15,1.1813
2044,12,16,0.29425
2044,12,17,0.17231
2044,12,18,0.73479
2044,12,19,0.44096
2044,12,20,0.83047
2044,12,21,4.8748
2044,12,22,4.8843
2044,12,23,0.85412
2044,12,24,1.588
2044,12,25,3.2106
2044,12,26,1.9973
2044,12,27,12.869
2044,12,28,7.562
2044,12,29,13.426
2044,12,30,9.5895
2044,12,31,7.3039
2045,1,1,5.1909
2045,1,2,3.5432
2045,1,3,2.5398
2045,1,4,5.4759
2045,1,5,4.3665
2045,1,6,7.7784
2045,1,7,4.326
2045,1,8,4.0971
2045,1,9,4.2855
2045,1,10,9.2797
2045,1,11,8.0114
2045,1,12,4.4556
2045,1,13,4.5204
2045,1,14,4.7015
2045,1,15,7.7528
2045,1,16,4.6145
2045,1,17,2.9906
2045,1,18,6.09
2045,1,19,5.8447
2045,1,20,5.0131
2045,1,21,9.4107
2045,1,22,7.0697
2045,1,23,3.88
2045,1,24,3.7236
2045,1,25,8.7719
2045,1,26,6.0314
2045,1,27,5.0139
2045,1,28,3.9886
2045,1,29,8.2073
2045,1,30,6.7229
2045,1,31,2.8787
2045,2,1,2.1103
2045,2,2,2.9251
2045,2,3,3.9414
2045,2,4,4.5406
2045,2,5,2.7451
2045,2,6,0.81912
2045,2,7,7.7405
2045,2,8,9.6713
2045,2,9,10.223
2045,2,10,6.3992
2045,2,11,4.9818
2045,2,12,10.154
2045,2,13,3.2608
2045,2,14,0.069309
2045,2,15,3.7429
2045,2,16,2.1626
2045,2,17,2.5402
2045,2,18,2.7793
2045,2,19,3.1944
2045,2,20,1.3314
2045,2,21,1.0489
2045,2,22,3.1029
2045,2,23,4.4351
2045,2,24,7.7291
2045,2,25,3.6645
2045,2,26,2.3473
2045,2,27,6.4619
2045,2,28,6.2077
2045,3,1,2.8409
2045,3,2,4.1878
2045,3,3,3.9126
2045,3,4,3.0884
2045,3,5,3.3297
2045,3,6,3.6055
2045,3,7,3.3871
2045,3,8,0.83452
2045,3,9,6.7063
2045,3,10,3.248
2045,3,11,1.4624
2045,3,12,7.0959
2045,3,13,7.7225
2045,3,14,8.226
2045,3,15,7.0605
2045,3,16,7.3004
2045,3,17,11.425
2045,3,18,11.893
2045,3,19,8.6922
2045,3,20,7.1996
2045,3,21,6.321
2045,3,22,5.0412
2045,3,23,6.177
2045,3,24,8.3499
2045,3,25,8.5315
2045,3,26,5.3658
2045,3,27,4.6712
2045,3,28,4.1241
2045,3,29,5.3247
2045,3,30,5.9244
2045,3,31,6.0077
2045,4,1,7.8622
2045,4,2,10.328
2045,4,3,10.767
2045,4,4,11.404
2045,4,5,9.1981
2045,4,6,8.1728
2045,4,7,6.8128
2045,4,8,7.7464
2045,4,9,5.7565
2045,4,10,9.4
2045,4,11,11.843
2045,4,12,9.2301
2045,4,13,11.191
2045,4,14,9.5138
2045,4,15,8.9755
2045,4,16,10.451
2045,4,17,12.287
2045,4,18,12.675
2045,4,19,12.212
2045,4,20,10.381
2045,4,21,9.3393
2045,4,22,11.687
2045,4,23,12.863
2045,4,24,9.8013
2045,4,25,8.343
2045,4,26,7.4105
2045,4,27,9.1644
2045,4,28,8.7184
2045,4,29,6.9174
2045,4,30,8.3659
2045,5,1,5.84
2045,5,2,7.3179
2045,5,3,7.5652
2045,5,4,6.5491
2045,5,5,6.6939
2045,5,6,7.5491
2045,5,7,11.323
2045,5,8,12.5
2045,5,9,9.7329
2045,5,10,13.678
2045,5,11,12.102
2045,5,12,11.511
2045,5,13,9.5653
2045,5,14,8.4452
2045,5,15,11.35
2045,5,16,9.676
2045,5,17,7.7051
2045,5,18,10.042
2045,5,19,9.1196
2045,5,20,9.0906
2045,5,21,7.9906
2045,5,22,10.963
2045,5,23,12.231
2045,5,24,12.515
2045,5,25,10.559
2045,5,26,11.258
2045,5,27,10.853
2045,5,28,9.0103
2045,5,29,9.5902
2045,5,30,8.3971
2045,5,31,7.7138
2045,6,1,11.64
2045,6,2,12.475
2045,6,3,13.331
2045,6,4,13.547
2045,6,5,12.575
2045,6,6,13.845
2045,6,7,14.461
2045,6,8,15.648
2045,6,9,14.834
2045,6,10,11.796
2045,6,11,11.554
2045,6,12,11.044
2045,6,13,14.655
2045,6,14,14.506
2045,6,15,12.775
2045,6,16,15.49
2045,6,17,12.963
2045,6,18,14.805
2045,6,19,15.684
2045,6,20,15.323
2045,6,21,13.751
2045,6,22,14.673
2045,6,23,15.911
2045,6,24,16.836
2045,6,25,20.203
2045,6,26,18.189
2045,6,27,16.964
2045,6,28,19.954
2045,6,29,18.587
2045,6,30,21.413
2045,7,1,21.226
2045,7,2,16.664
2045,7,3,14.252
2045,7,4,13.71
2045,7,5,13.562
2045,7,6,16.246
2045,7,7,14.218
2045,7,8,12.742
2045,7,9,16.046
2045,7,10,17.174
2045,7,11,16.054
2045,7,12,17.797
2045,7,13,20.093
2045,7,14,20.329
2045,7,15,21.581
2045,7,16,20.853
2045,7,17,18.762
2045,7,18,19.841
2045,7,19,18.063
2045,7,20,20.659
2045,7,21,18.822
2045,7,22,17.065
2045,7,23,19.694
2045,7,24,21.042
2045,7,25,19.5
2045,7,26,19.474
2045,7,27,16.761
2045,7,28,14.694
2045,7,29,16.515
2045,7,30,14.495
2045,7,31,17.865
2045,8,1,17.058
2045,8,2,14.931
2045,8,3,15.321
2045,8,4,18.466
2045,8,5,17.496
2045,8,6,18.803
2045,8,7,18.804
2045,8,8,18.029
2045,8,9,17.249
2045,8,10,17.842
2045,8,11,19.65
2045,8,12,16.608
2045,8,13,15.851
2045,8,14,15.571
2045,8,15,17.572
2045,8,16,17.857
2045,8,17,19.543
2045,8,18,17.13
2045,8,19,13.851
2045,8,20,15.865
2045,8,21,16.592
2045,8,22,16.59
2045,8,23,15.299
2045,8,24,15
2045,8,25,18.492
2045,8,26,17.159
2045,8,27,18.35
2045,8,28,17.825
2045,8,29,17.679
2045,8,30,15.198
2045,8,31,12.861
2045,9,1,15.525
2045,9,2,14.584
2045,9,3,13.954
2045,9,4,13.657
2045,9,5,17.13
2045,9,6,14.55
2045,9,7,12.588
2045,9,8,13.273
2045,9,9,15.816
2045,9,10,15.935
2045,9,11,17.282
2045,9,12,19.297
2045,9,13,18.113
2045,9,14,16.25
2045,9,15,14.83
2045,9,16,13.889
2045,9,17,13.074
2045,9,18,16.01
2045,9,19,17.287
2045,9,20,13.86
2045,9,21,12.277
2045,9,22,11.706
2045,9,23,10.534
2045,9,24,12.97
2045,9,25,13.633
2045,9,26,11.297
2045,9,27,12.198
2045,9,28,12.026
2045,9,29,10.593
2045,9,30,14.96
2045,10,1,11.486
2045,10,2,10.142
2045,10,3,9.5656
2045,10,4,7.4896
2045,10,5,9.5649
2045,10,6,9.8248
2045,10,7,8.5801
2045,10,8,10.346
2045,10,9,7.1394
2045,10,10,9.6658
2045,10,11,7.3014
2045,10,12,6.3899
2045,10,13,7.8827
2045,10,14,13.059
2045,10,15,14.711
2045,10,16,17.206
2045,10,17,16.2
2045,10,18,16.547
2045,10,19,17.187
2045,10,20,14.993
2045,10,21,13.667
2045,10,22,12.186
2045,10,23,9.8227
2045,10,24,7.9144
2045,10,25,11.8
2045,10,26,7.6592
2045,10,27,4.0525
2045,10,28,8.6766
2045,10,29,7.9081
2045,10,30,6.9389
2045,10,31,10.513
2045,11,1,7.9522
2045,11,2,8.0943
2045,11,3,6.6586
2045,11,4,7.1536
2045,11,5,6.6926
2045,11,6,8.8824
2045,11,7,7.5266
2045,11,8,6.5917
2045,11,9,5.5973
2045,11,10,4.4153
2045,11,11,6.9853
2045,11,12,6.6546
2045,11,13,6.3532
2045,11,14,8.1012
2045,11,15,7.2269
2045,11,16,6.3729
2045,11,17,4.9213
2045,11,18,4.3183
2045,11,19,13.174
2045,11,20,13.798
2045,11,21,9.3095
2045,11,22,6.4834
2045,11,23,9.3567
2045,11,24,11.557
2045,11,25,7.4664
2045,11,26,6.836
2045,11,27,6.2893
2045,11,28,8.5184
2045,11,29,6.1027
2045,11,30,4.8627
2045,12,1,4.48
2045,12,2,2.3617
2045,12,3,0.42785
2045,12,4,1.214
2045,12,5,0.26258
2045,12,6,0.44937
2045,12,7,3.6914
2045,12,8,6.4213
2045,12,9,11.099
2045,12,10,10.587
2045,12,11,12.127
2045,12,12,6.3321
2045,12,13,7.7887
2045,12,14,6.5447
2045,12,15,6.6106
2045,12,16,12.749
2045,12,17,9.0517
2045,12,18,2.0967
2045,12,19,0.59491
2045,12,20,10.149
2045,12,21,9.7323
2045,12,22,8.3604
2045,12,23,3.9584
2045,12,24,5.9613
2045,12,25,7.2608
2045,12,26,7.4828
2045,12,27,3.3156
2045,12,28,3.268
2045,12,29,3.5245
2045,12,30,2.6084
2045,12,31,1.5092
2046,1,1,-0.50891
2046,1,2,-1.4305
2046,1,3,0.78037
2046,1,4,1.1263
2046,1,5,1.0452
2046,1,6,1.3389
2046,1,7,-0.43729
2046,1,8,0.071985
2046,1,9,1.657
2046,1,10,1.1912
2046,1,11,0.29358
2046,1,12,-0.10882
2046,1,13,-0.20176
2046,1,14,0.78608
2046,1,15,1.0058
2046,1,16,1.332
2046,1,17,0.77143
2046,1,18,0.56067
2046,1,19,2.26
2046,1,20,4.8871
2046,1,21,2.9106
2046,1,22,7.7935
2046,1,23,6.4698
2046,1,24,4.9349
2046,1,25,0.91439
2046,1,26,0.76864
2046,1,27,1.4437
2046,1,28,0.56409
2046,1,29,7.6854
2046,1,30,8.9745
2046,1,31,7.6702
2046,2,1,7.997
2046,2,2,5.8755
2046,2,3,1.8284
2046,2,4,5.5002
2046,2,5,5.2842
2046,2,6,4.3633
2046,2,7,5.5943
2046,2,8,6.7752
2046,2,9,6.4761
2046,2,10,4.9678
2046,2,11,2.7728
2046,2,12,0.87325
2046,2,13,0.75418
2046,2,14,6.87
2046,2,15,3.1425
2046,2,16,7.5022
2046,2,17,6.1327
2046,2,18,9.0657
2046,2,19,4.5434
2046,2,20,3.0709
2046,2,21,3.5934
2046,2,22,1.1792
2046,2,23,3.4938
2046,2,24,2.2462
2046,2,25,0.61036
2046,2,26,3.7765
2046,2,27,3.8511
2046,2,28,2.8175
2046,3,1,3.1151
2046,3,2,1.4364
2046,3,3,0.84613
2046,3,4,5.3106
2046,3,5,1.6497
2046,3,6,7.3487
2046,3,7,6.539
2046,3,8,5.2517
2046,3,9,4.4195
2046,3,10,7.1137
2046,3,11,6.7363
2046,3,12,3.9721
2046,3,13,4.1264
2046,3,14,2.3546
2046,3,15,2.4794
2046,3,16,3.8974
2046,3,17,2.7043
2046,3,18,6.3885
2046,3,19,5.2161
2046,3,20,3.198
2046,3,21,4.6331
2046,3,22,6.4007
2046,3,23,4.9234
2046,3,24,6.3693
2046,3,25,6.0426
2046,3,26,3.5049
2046,3,27,6.6986
2046,3,28,4.0823
2046,3,29,3.018
2046,3,30,7.8463
2046,3,31,3.3602
2046,4,1,2.5744
2046,4,2,2.181
2046,4,3,1.2546
2046,4,4,4.8723
2046,4,5,5.5756
2046,4,6,6.0674
2046,4,7,4.1218
2046,4,8,6.661
2046,4,9,5.3484
2046,4,10,6.2632
2046,4,11,5.2307
2046,4,12,4.4894
2046,4,13,4.4405
2046,4,14,4.2164
2046,4,15,10.769
2046,4,16,12.968
2046,4,17,9.3439
2046,4,18,7.0099
2046,4,19,7.1504
2046,4,20,10.656
2046,4,21,9.4698
2046,4,22,12.086
2046,4,23,10.479
2046,4,24,10
2046,4,25,11.134
2046,4,26,8.9707
2046,4,27,9.0478
2046,4,28,6.7691
2046,4,29,8.6071
2046,4,30,7.4262
2046,5,1,5.0731
2046,5,2,5.2967
2046,5,3,5.6202
2046,5,4,3.4261
2046,5,5,5.0424
2046,5,6,5.9253
2046,5,7,7.463
2046,5,8,10.32
2046,5,9,11.1
2046,5,10,9.8192
2046,5,11,10.961
2046,5,12,10.551
2046,5,13,10.111
2046,5,14,11.003
2046,5,15,9.0282
2046,5,16,8.3818
2046,5,17,9.5919
2046,5,18,8.9631
2046,5,19,10.357
2046,5,20,10.062
2046,5,21,12.525
2046,5,22,11.978
2046,5,23,11.555
2046,5,24,14.622
2046,5,25,14.655
2046,5,26,15.98
2046,5,27,14.779
2046,5,28,15.791
2046,5,29,18.449
2046,5,30,16.113
2046,5,31,12.167
2046,6,1,12.908
2046,6,2,13.27
2046,6,3,16.458
2046,6,4,15.283
2046,6,5,12.771
2046,6,6,17.003
2046,6,7,14.437
2046,6,8,10.909
2046,6,9,12.328
2046,6,10,10.637
2046,6,11,10.3
2046,6,12,10.852
2046,6,13,11.743
2046,6,14,11.265
2046,6,15,13.728
2046,6,16,14.493
2046,6,17,12.613
2046,6,18,13.893
2046,6,19,17.714
2046,6,20,17.99
2046,6,21,15.554
2046,6,22,15.111
2046,6,23,14.98
2046,6,24,11.562
2046,6,25,13.593
2046,6,26,13.387
2046,6,27,13.177
2046,6,28,14.818
2046,6,29,14.512
2046,6,30,13.093
2046,7,1,15.777
2046,7,2,16.9
2046,7,3,17.218
2046,7,4,16.622
2046,7,5,17.898
2046,7,6,19.412
2046,7,7,19.121
2046,7,8,18.092
2046,7,9,18.878
2046,7,10,19.077
2046,7,11,17.176
2046,7,12,18.627
2046,7,13,19.661
2046,7,14,23.01
2046,7,15,22.951
2046,7,16,22.823
2046,7,17,23.234
2046,7,18,21.35
2046,7,19,20.016
2046,7,20,19.756
2046,7,21,20.498
2046,7,22,20.822
2046,7,23,19.083
2046,7,24,16.555
2046,7,25,20.464
2046,7,26,19.745
2046,7,27,19.689
2046,7,28,18.229
2046,7,29,19.638
2046,7,30,17.736
2046,7,31,14.275
2046,8,1,17.753
2046,8,2,17.866
2046,8,3,16.263
2046,8,4,15.447
2046,8,5,16.434
2046,8,6,18.347
2046,8,7,19.416
2046,8,8,18.042
2046,8,9,20.057
2046,8,10,20.44
2046,8,11,19.691
2046,8,12,22.945
2046,8,13,21.551
2046,8,14,22.163
2046,8,15,20.136
2046,8,16,22.342
2046,8,17,20.445
2046,8,18,22.063
2046,8,19,22.039
2046,8,20,20.774
2046,8,21,18.972
2046,8,22,15.397
2046,8,23,14.368
2046,8,24,11.395
2046,8,25,13.508
2046,8,26,15.153
2046,8,27,16.739
2046,8,28,13.54
2046,8,29,11.754
2046,8,30,15.068
2046,8,31,15.779
2046,9,1,17.906
2046,9,2,18.444
2046,9,3,16.011
2046,9,4,13.538
2046,9,5,14.647
2046,9,6,14.034
2046,9,7,15.278
2046,9,8,12.788
2046,9,9,13.636
2046,9,10,16.005
2046,9,11,20.232
2046,9,12,19.512
2046,9,13,20.36
2046,9,14,21.464
2046,9,15,21.11
2046,9,16,21.311
2046,9,17,17.252
2046,9,18,13.855
2046,9,19,13.222
2046,9,20,18.022
2046,9,21,17.097
2046,9,22,17.583
2046,9,23,17.786
2046,9,24,16.994
2046,9,25,16.52
2046,9,26,11.069
2046,9,27,8.6895
2046,9,28,9.509
2046,9,29,13.655
2046,9,30,10.142
2046,10,1,7.6226
2046,10,2,13.165
2046,10,3,14.046
2046,10,4,11.742
2046,10,5,10.5
2046,10,6,11.183
2046,10,7,12.278
2046,10,8,12.692
2046,10,9,10.746
2046,10,10,11.269
2046,10,11,13.603
2046,10,12,13.219
2046,10,13,10.676
2046,10,14,8.5406
2046,10,15,10.263
2046,10,16,13.575
2046,10,17,8.3822
2046,10,18,6.4384
2046,10,19,7.7496
2046,10,20,6.8298
2046,10,21,8.1528
2046,10,22,7.0666
2046,10,23,4.3447
2046,10,24,7.9049
2046,10,25,10.915
2046,10,26,11.424
2046,10,27,9.0444
2046,10,28,6.2271
2046,10,29,3.481
2046,10,30,3.0773
2046,10,31,3.1162
2046,11,1,2.2234
2046,11,2,1.1128
2046,11,3,6.3026
2046,11,4,5.8665
2046,11,5,6.061
2046,11,6,4.0294
2046,11,7,3.8867
2046,11,8,5.7146
2046,11,9,5.2521
2046,11,10,7.7868
2046,11,11,8.1575
2046,11,12,4.9741
2046,11,13,7.1107
2046,11,14,11.633
2046,11,15,8.6462
2046,11,16,8.2013
2046,11,17,6.7009
2046,11,18,11.891
2046,11,19,11.985
2046,11,20,7.9079
2046,11,21,6.52
2046,11,22,6.0464
2046,11,23,10.772
2046,11,24,6.6867
2046,11,25,5.4519
2046,11,26,5.3003
2046,11,27,5.137
2046,11,28,8.7898
2046,11,29,6.5025
2046,11,30,4.5857
2046,12,1,4.9633
2046,12,2,8.035
2046,12,3,9.3599
2046,12,4,6.7865
2046,12,5,8.4866
2046,12,6,11.543
2046,12,7,9.7448
2046,12,8,5.9042
2046,12,9,3.5182
2046,12,10,1.4581
2046,12,11,0.63739
2046,12,12,0.35049
2046,12,13,2.8096
2046,12,14,1.749
2046,12,15,1.6382
2046,12,16,0.52306
2046,12,17,-0.15968
2046,12,18,0.67469
2046,12,19,2.0951
2046,12,20,0.24301
2046,12,21,0.97331
2046,12,22,-0.2987
2046,12,23,-0.591
2046,12,24,-1.1334
2046,12,25,-0.37695
2046,12,26,0.82609
2046,12,27,-0.17186
2046,12,28,-0.0028951
2046,12,29,-0.73062
2046,12,30,-1.256
2046,12,31,2.1021
2047,1,1,1.3834
2047,1,2,0.36231
2047,1,3,-0.3646
2047,1,4,2.3074
2047,1,5,5.8146
2047,1,6,3.4986
2047,1,7,0.99542
2047,1,8,-0.87655
2047,1,9,-0.86452
2047,1,10,2.6029
2047,1,11,3.4897
2047,1,12,6.3945
2047,1,13,2.2831
2047,1,14,0.1065
2047,1,15,5.5644
2047,1,16,2.5176
2047,1,17,5.5721
2047,1,18,11.558
2047,1,19,5.597
2047,1,20,5.234
2047,1,21,2.8136
2047,1,22,1.1723
2047,1,23,1.2681
2047,1,24,10.869
2047,1,25,7.0967
2047,1,26,3.497
2047,1,27,4.0732
2047,1,28,4.0911
2047,1,29,9.3666
2047,1,30,8.6056
2047,1,31,7.6027
2047,2,1,7.4887
2047,2,2,5.6393
2047,2,3,0.97319
2047,2,4,-0.63737
2047,2,5,-0.43219
2047,2,6,1.767
2047,2,7,-0.26365
2047,2,8,-0.80131
2047,2,9,-1.5481
2047,2,10,0.46357
2047,2,11,0.56346
2047,2,12,-0.45837
2047,2,13,0.30801
2047,2,14,1.1699
2047,2,15,3.4012
2047,2,16,3.347
2047,2,17,0.94741
2047,2,18,0.76389
2047,2,19,2.1878
2047,2,20,2.1369
2047,2,21,1.3351
2047,2,22,0.90493
2047,2,23,3.6403
2047,2,24,1.2069
2047,2,25,1.0211
2047,2,26,5.5133
2047,2,27,5.0233
2047,2,28,5.6126
2047,3,1,4.078
2047,3,2,5.4001
2047,3,3,3.7864
2047,3,4,4.3337
2047,3,5,4.0199
2047,3,6,2.9512
2047,3,7,4.3809
2047,3,8,6.3777
2047,3,9,4.1241
2047,3,10,3.7179
2047,3,11,8.0968
2047,3,12,5.9355
2047,3,13,4.1936
2047,3,14,3.0003
2047,3,15,4.1208
2047,3,16,3.8149
2047,3,17,4.4428
2047,3,18,5.0469
2047,3,19,4.518
2047,3,20,4.4915
2047,3,21,6.5718
2047,3,22,7.611
2047,3,23,6.5528
2047,3,24,2.6245
2047,3,25,1.3836
2047,3,26,7.3613
2047,3,27,7.572
2047,3,28,9.4791
2047,3,29,6.9956
2047,3,30,5.9389
2047,3,31,6.4859
2047,4,1,8.128
2047,4,2,6.3305
2047,4,3,6.2096
2047,4,4,4.6148
2047,4,5,4.2799
2047,4,6,10.293
2047,4,7,9.994
2047,4,8,7.61
2047,4,9,11.465
2047,4,10,9.983
2047,4,11,8.1095
2047,4,12,7.578
2047,4,13,10.692
2047,4,14,11.34
2047,4,15,9.3844
2047,4,16,9.3059
2047,4,17,9.4579
2047,4,18,10.393
2047,4,19,7.3327
2047,4,20,6.8907
2047,4,21,5.9508
2047,4,22,7.0977
2047,4,23,6.2799
2047,4,24,4.0035
2047,4,25,12.367
2047,4,26,9.8283
2047,4,27,7.6125
2047,4,28,7.7353
2047,4,29,9.291
2047,4,30,10.152
2047,5,1,10.311
2047,5,2,9.7487
2047,5,3,10.259
2047,5,4,10.5
2047,5,5,11.583
2047,5,6,12.577
2047,5,7,11.858
2047,5,8,12.512
2047,5,9,10.809
2047,5,10,10.889
2047,5,11,10.679
2047,5,12,8.9186
2047,5,13,13.481
2047,5,14,12.834
2047,5,15,13.381
2047,5,16,13.496
2047,5,17,13.769
2047,5,18,14.333
2047,5,19,11.701
2047,5,20,10.788
2047,5,21,9.534
2047,5,22,13.206
2047,5,23,13.413
2047,5,24,12.769
2047,5,25,14.367
2047,5,26,13.606
2047,5,27,12.4
2047,5,28,12.498
2047,5,29,9.4554
2047,5,30,12.769
2047,5,31,11.703
2047,6,1,11.71
2047,6,2,10.792
2047,6,3,8.7198
2047,6,4,7.9518
2047,6,5,11.795
2047,6,6,12.005
2047,6,7,13.204
2047,6,8,12.983
2047,6,9,13.705
2047,6,10,15.384
2047,6,11,15.554
2047,6,12,13.566
2047,6,13,14.996
2047,6,14,14.159
2047,6,15,14.56
2047,6,16,15.231
2047,6,17,13.389
2047,6,18,12.597
2047,6,19,13.937
2047,6,20,15.232
2047,6,21,14.016
2047,6,22,14.384
2047,6,23,13.836
2047,6,24,15.466
2047,6,25,16.626
2047,6,26,15.847
2047,6,27,19.496
2047,6,28,19.212
2047,6,29,17.134
2047,6,30,18.803
2047,7,1,15.545
2047,7,2,13.991
2047,7,3,13.55
2047,7,4,16.545
2047,7,5,17.993
2047,7,6,15.829
2047,7,7,14.074
2047,7,8,12.187
2047,7,9,15.299
2047,7,10,13.835
2047,7,11,16.822
2047,7,12,18.796
2047,7,13,15.855
2047,7,14,14.479
2047,7,15,14.336
2047,7,16,15.645
2047,7,17,19.141
2047,7,18,19.081
2047,7,19,19.255
2047,7,20,17.24
2047,7,21,15.512
2047,7,22,14.565
2047,7,23,12.834
2047,7,24,14.485
2047,7,25,17.424
2047,7,26,17.076
2047,7,27,17.638
2047,7,28,17.299
2047,7,29,16.898
2047,7,30,16.01
2047,7,31,15.61
2047,8,1,16.502
2047,8,2,17.273
2047,8,3,19.823
2047,8,4,17.437
2047,8,5,15.186
2047,8,6,16.869
2047,8,7,21.756
2047,8,8,22.16
2047,8,9,22.471
2047,8,10,21.052
2047,8,11,20.41
2047,8,12,21.115
2047,8,13,19.066
2047,8,14,23.566
2047,8,15,22.043
2047,8,16,20.356
2047,8,17,19.818
2047,8,18,22.057
2047,8,19,21.98
2047,8,20,20.185
2047,8,21,20.676
2047,8,22,18.425
2047,8,23,17.041
2047,8,24,16.962
2047,8,25,17.576
2047,8,26,17.25
2047,8,27,17.109
2047,8,28,16.201
2047,8,29,16.956
2047,8,30,18.006
2047,8,31,18.384
2047,9,1,17.697
2047,9,2,16.238
2047,9,3,17.297
2047,9,4,16.357
2047,9,5,15.764
2047,9,6,13.78
2047,9,7,11.101
2047,9,8,14
2047,9,9,16.644
2047,9,10,14.975
2047,9,11,13.835
2047,9,12,12.155
2047,9,13,11.549
2047,9,14,11.212
2047,9,15,12.178
2047,9,16,12.523
2047,9,17,15.656
2047,9,18,16.193
2047,9,19,15.82
2047,9,20,14.416
2047,9,21,15.533
2047,9,22,16.701
2047,9,23,17.245
2047,9,24,16.527
2047,9,25,15.177
2047,9,26,13.18
2047,9,27,12.718
2047,9,28,13.913
2047,9,29,13.186
2047,9,30,12.947
2047,10,1,15.308
2047,10,2,15.167
2047,10,3,15.136
2047,10,4,14.105
2047,10,5,10.927
2047,10,6,9.6681
2047,10,7,13.692
2047,10,8,16.319
2047,10,9,14.567
2047,10,10,15.153
2047,10,11,14.505
2047,10,12,11.256
2047,10,13,8.7363
2047,10,14,11.959
2047,10,15,17.335
2047,10,16,14.764
2047,10,17,13.663
2047,10,18,13.49
2047,10,19,13.047
2047,10,20,12.396
2047,10,21,10.613
2047,10,22,17.066
2047,10,23,14.952
2047,10,24,14.242
2047,10,25,14.723
2047,10,26,9.3226
2047,10,27,8.1914
2047,10,28,8.178
2047,10,29,10.592
2047,10,30,11.096
2047,10,31,8.5001
2047,11,1,8.108
2047,11,2,12.068
2047,11,3,11.725
2047,11,4,13.72
2047,11,5,10.587
2047,11,6,6.3222
2047,11,7,5.029
2047,11,8,7.5137
2047,11,9,5.78
2047,11,10,13.503
2047,11,11,16.683
2047,11,12,15.847
2047,11,13,14.855
2047,11,14,14.374
2047,11,15,11.56
2047,11,16,7.711
2047,11,17,5.5021
2047,11,18,5.0966
2047,11,19,5.1907
2047,11,20,4.3361
2047,11,21,6.5844
2047,11,22,6.9064
2047,11,23,4.8533
2047,11,24,5.8174
2047,11,25,8.0652
2047,11,26,5.5559
2047,11,27,6.5066
2047,11,28,4.7627
2047,11,29,4.983
2047,11,30,2.4807
2047,12,1,10.49
2047,12,2,7.6018
2047,12,3,6.0699
2047,12,4,5.1109
2047,12,5,2.6345
2047,12,6,1.2681
2047,12,7,1.4979
2047,12,8,9.2846
2047,12,9,7.9763
2047,12,10,9.1015
2047,12,11,7.5299
2047,12,12,6.1057
2047,12,13,2.7613
2047,12,14,4.2307
2047,12,15,1.4063
2047,12,16,0.72783
2047,12,17,1.9706
2047,12,18,1.2422
2047,12,19,7.3909
2047,12,20,7.0928
2047,12,21,4.6361
2047,12,22,1.4523
2047,12,23,-0.075537
2047,12,24,-0.35524
2047,12,25,-0.50056
2047,12,26,1.2352
2047,12,27,0.52017
2047,12,28,0.17052
2047,12,29,2.5665
2047,12,30,3.6437
2047,12,31,0.79183
2048,1,1,1.0115
2048,1,2,1.0646
2048,1,3,0.36143
2048,1,4,-0.28937
2048,1,5,6.4495
2048,1,6,4.4035
2048,1,7,3.9503
2048,1,8,10.944
2048,1,9,5.0963
2048,1,10,1.0103
2048,1,11,7.6554
2048,1,12,3.487
2048,1,13,1.9784
2048,1,14,0.64128
2048,1,15,0.14005
2048,1,16,-0.042955
2048,1,17,-0.62651
2048,1,18,0.3557
2048,1,19,1.4372
2048,1,20,1.0935
2048,1,21,2.6972
2048,1,22,5.1453
2048,1,23,3.6376
2048,1,24,3.2621
2048,1,25,2.2909
2048,1,26,1.8395
2048,1,27,2.7212
2048,1,28,1.6222
2048,1,29,0.62136
2048,1,30,-0.72557
2048,1,31,-0.027126
2048,2,1,-0.28731
2048,2,2,0.83919
2048,2,3,4.1991
2048,2,4,4.5484
2048,2,5,11.158
2048,2,6,7.6668
2048,2,7,4.3835
2048,2,8,1.635
2048,2,9,5.2491
2048,2,10,6.7891
2048,2,11,5.4057
2048,2,12,5.959
2048,2,13,2.6402
2048,2,14,1.9244
2048,2,15,1.6328
2048,2,16,3.8392
2048,2,17,8.3794
2048,2,18,7.3664
2048,2,19,5.0294
2048,2,20,3.5457
2048,2,21,5.8268
2048,2,22,3.4352
2048,2,23,1.7536
2048,2,24,1.5909
2048,2,25,8.0211
2048,2,26,5.0931
2048,2,27,5.0681
2048,2,28,5.4894
2048,2,29,3.8319
2048,3,1,4.0725
2048,3,2,1.3997
2048,3,3,2.3561
2048,3,4,5.1115
2048,3,5,8.6663
2048,3,6,4.8685
2048,3,7,2.3406
2048,3,8,6.5092
2048,3,9,5.7377
2048,3,10,4.8113
2048,3,11,8.212
2048,3,12,7.8678
2048,3,13,5.2386
2048,3,14,3.1945
2048,3,15,2.5061
2048,3,16,1.3176
2048,3,17,2.4371
2048,3,18,4.9981
2048,3,19,10.98
2048,3,20,6.3546
2048,3,21,5.9653
2048,3,22,3.3121
2048,3,23,0.62272
2048,3,24,6.4013
2048,3,25,4.9784
2048,3,26,3.7004
2048,3,27,4.6233
2048,3,28,3.7234
2048,3,29,5.3361
2048,3,30,4.2992
2048,3,31,6.1788
2048,4,1,7.0776
2048,4,2,9.7318
2048,4,3,8.3529
2048,4,4,6.0419
2048,4,5,7.6473
2048,4,6,7.1781
2048,4,7,5.8907
2048,4,8,7.3299
2048,4,9,10.663
2048,4,10,10.199
2048,4,11,9.5259
2048,4,12,9.3221
2048,4,13,5.553
2048,4,14,7.89
2048,4,15,5.3269
2048,4,16,5.357
2048,4,17,4.1037
2048,4,18,7.3969
2048,4,19,10.776
2048,4,20,11.371
2048,4,21,9.2383
2048,4,22,10.329
2048,4,23,7.737
2048,4,24,6.3344
2048,4,25,7.4321
2048,4,26,7.228
2048,4,27,6.9765
2048,4,28,7.6388
2048,4,29,9.3206
2048,4,30,7.0427
2048,5,1,10.668
2048,5,2,10.518
2048,5,3,8.9247
2048,5,4,5.0806
2048,5,5,5.2684
2048,5,6,6.2693
2048,5,7,6.1384
2048,5,8,8.9979
2048,5,9,6.7027
2048,5,10,10.491
2048,5,11,11.792
2048,5,12,10.168
2048,5,13,8.8863
2048,5,14,9.0718
2048,5,15,8.9066
2048,5,16,10.115
2048,5,17,9.0125
2048,5,18,7.6743
2048,5,19,13.877
2048,5,20,16.444
2048,5,21,14.715
2048,5,22,15.467
2048,5,23,14.569
2048,5,24,13.876
2048,5,25,11.076
2048,5,26,10.363
2048,5,27,9.0773
2048,5,28,10.815
2048,5,29,8.7273
2048,5,30,10.557
2048,5,31,13.849
2048,6,1,13.112
2048,6,2,13.271
2048,6,3,12.691
2048,6,4,11.04
2048,6,5,13.284
2048,6,6,12.106
2048,6,7,13.868
2048,6,8,14.681
2048,6,9,13.308
2048,6,10,12.185
2048,6,11,12.883
2048,6,12,15.935
2048,6,13,15.742
2048,6,14,14.009
2048,6,15,13.862
2048,6,16,14.457
2048,6,17,14.69
2048,6,18,12.729
2048,6,19,14.766
2048,6,20,14.868
2048,6,21,16.569
2048,6,22,17.24
2048,6,23,16.238
2048,6,24,15.609
2048,6,25,15.237
2048,6,26,18.499
2048,6,27,17.765
2048,6,28,17.453
2048,6,29,19.576
2048,6,30,21.464
2048,7,1,17.735
2048,7,2,14.715
2048,7,3,12.729
2048,7,4,13.435
2048,7,5,15.781
2048,7,6,14.22
2048,7,7,13.655
2048,7,8,16.208
2048,7,9,17.834
2048,7,10,20.058
2048,7,11,20.08
2048,7,12,17.952
2048,7,13,15.549
2048,7,14,15.655
2048,7,15,17.086
2048,7,16,17.856
2048,7,17,20.2
2048,7,18,19.82
2048,7,19,18.778
2048,7,20,20.148
2048,7,21,20.169
2048,7,22,21.739
2048,7,23,20.631
2048,7,24,17.952
2048,7,25,17.362
2048,7,26,14.45
2048,7,27,15.291
2048,7,28,18.155
2048,7,29,21.392
2048,7,30,20.131
2048,7,31,21.422
2048,8,1,20.003
2048,8,2,21.39
2048,8,3,20.276
2048,8,4,21.886
2048,8,5,18.921
2048,8,6,17.095
2048,8,7,17.552
2048,8,8,18.822
2048,8,9,16.427
2048,8,10,15.154
2048,8,11,15.283
2048,8,12,17.531
2048,8,13,18.414
2048,8,14,17.58
2048,8,15,16.251
2048,8,16,16.566
2048,8,17,16.537
2048,8,18,14.257
2048,8,19,13.543
2048,8,20,13.276
2048,8,21,14.876
2048,8,22,14.147
2048,8,23,15.284
2048,8,24,18.386
2048,8,25,18.25
2048,8,26,18.966
2048,8,27,18.051
2048,8,28,19.363
2048,8,29,19.92
2048,8,30,17.781
2048,8,31,15.649
2048,9,1,13.197
2048,9,2,13.809
2048,9,3,19.374
2048,9,4,18.72
2048,9,5,19.715
2048,9,6,18.784
2048,9,7,14.57
2048,9,8,16.371
2048,9,9,15.826
2048,9,10,13.991
2048,9,11,17.663
2048,9,12,17.334
2048,9,13,16.248
2048,9,14,19.62
2048,9,15,18.521
2048,9,16,17.581
2048,9,17,16.831
2048,9,18,16.101
2048,9,19,14.536
2048,9,20,14.793
2048,9,21,14.216
2048,9,22,14.05
2048,9,23,15.992
2048,9,24,17.431
2048,9,25,14.939
2048,9,26,14.399
2048,9,27,14.333
2048,9,28,16.118
2048,9,29,16.356
2048,9,30,14.84
2048,10,1,16.523
2048,10,2,15.944
2048,10,3,14.666
2048,10,4,16.22
2048,10,5,17.553
2048,10,6,18.463
2048,10,7,17.134
2048,10,8,15.013
2048,10,9,13.351
2048,10,10,10.301
2048,10,11,11.321
2048,10,12,8.9755
2048,10,13,8.771
2048,10,14,14
2048,10,15,9.5934
2048,10,16,6.8156
2048,10,17,10.345
2048,10,18,12.711
2048,10,19,8.3181
2048,10,20,5.461
2048,10,21,8.1534
2048,10,22,11.472
2048,10,23,13.156
2048,10,24,13.07
2048,10,25,11.639
2048,10,26,7.5011
2048,10,27,7.7241
2048,10,28,10.121
2048,10,29,14.143
2048,10,30,12.262
2048,10,31,14.162
2048,11,1,13.489
2048,11,2,10.596
2048,11,3,12.039
2048,11,4,8.6307
2048,11,5,6.8087
2048,11,6,7.9869
2048,11,7,9.2222
2048,11,8,10.315
2048,11,9,12.094
2048,11,10,9.9381
2048,11,11,5.9492
2048,11,12,4.1575
2048,11,13,3.311
2048,11,14,5.2493
2048,11,15,5.6842
2048,11,16,4.3103
2048,11,17,4.2687
2048,11,18,7.383
2048,11,19,3.8506
2048,11,20,2.2343
2048,11,21,3.4453
2048,11,22,5.4171
2048,11,23,3.7974
2048,11,24,3.2355
2048,11,25,2.5948
2048,11,26,4.3535
2048,11,27,11.216
2048,11,28,11.301
2048,11,29,12.663
2048,11,30,8.2041
2048,12,1,4.3279
2048,12,2,4.0861
2048,12,3,6.1193
2048,12,4,3.7623
2048,12,5,3.5775
2048,12,6,2.7478
2048,12,7,3.2662
2048,12,8,2.5144
2048,12,9,3.993
2048,12,10,2.528
2048,12,11,1.6282
2048,12,12,3.0832
2048,12,13,0.96818
2048,12,14,-0.39331
2048,12,15,1.4679
2048,12,16,1.4472
2048,12,17,2.5829
2048,12,18,5.6539
2048,12,19,2.499
2048,12,20,10.157
2048,12,21,10.905
2048,12,22,4.8295
2048,12,23,3.874
2048,12,24,6.2023
2048,12,25,5.204
2048,12,26,7.1703
2048,12,27,8.1869
2048,12,28,5.6448
2048,12,29,1.1368
2048,12,30,1.6689
2048,12,31,3.1627
2049,1,1,2.6964
2049,1,2,2.8133
2049,1,3,1.565
2049,1,4,0.96084
2049,1,5,2.7846
2049,1,6,0.9306
2049,1,7,0.32361
2049,1,8,3.4273
2049,1,9,3.2984
2049,1,10,5.1509
2049,1,11,5.4614
2049,1,12,3.5583
2049,1,13,3.0771
2049,1,14,3.811
2049,1,15,4.4907
2049,1,16,3.644
2049,1,17,4.1046
2049,1,18,3.8902
2049,1,19,6.5644
2049,1,20,3.0597
2049,1,21,1.8982
2049,1,22,4.5382
2049,1,23,5.1935
2049,1,24,4.9533
2049,1,25,4.2676
2049,1,26,1.8237
2049,1,27,3.0839
2049,1,28,5.2157
2049,1,29,7.1003
2049,1,30,4.3008
2049,1,31,3.7233
2049,2,1,3.605
2049,2,2,1.8287
2049,2,3,0.61648
2049,2,4,0.64907
2049,2,5,3.0489
2049,2,6,5.3676
2049,2,7,2.4856
2049,2,8,6.4257
2049,2,9,9.4107
2049,2,10,5.4126
2049,2,11,3.2888
2049,2,12,1.4782
2049,2,13,0.18185
2049,2,14,-0.20751
2049,2,15,0.21072
2049,2,16,0.76941
2049,2,17,1.7233
2049,2,18,0.90538
2049,2,19,4.8903
2049,2,20,4.784
2049,2,21,5.1107
2049,2,22,2.6592
2049,2,23,5.975
2049,2,24,3.7462
2049,2,25,3.2028
2049,2,26,4.8974
2049,2,27,7.3172
2049,2,28,9.3502
2049,3,1,6.7888
2049,3,2,7.5339
2049,3,3,8.624
2049,3,4,8.3845
2049,3,5,6.9686
2049,3,6,5.8445
2049,3,7,4.6661
2049,3,8,4.5818
2049,3,9,4.2926
2049,3,10,4.3602
2049,3,11,3.8511
2049,3,12,1.7191
2049,3,13,1.0384
2049,3,14,6.2503
2049,3,15,6.6324
2049,3,16,8.0822
2049,3,17,6.1622
2049,3,18,2.5886
2049,3,19,1.5743
2049,3,20,2.6011
2049,3,21,6.5833
2049,3,22,7.3213
2049,3,23,5.8007
2049,3,24,6.4538
2049,3,25,2.0224
2049,3,26,0.49828
2049,3,27,-0.34041
2049,3,28,0.36284
2049,3,29,2.8921
2049,3,30,2.773
2049,3,31,3.167
2049,4,1,9.7658
2049,4,2,8.7251
2049,4,3,6.7265
2049,4,4,4.7294
2049,4,5,5.9103
2049,4,6,5.6459
2049,4,7,7.8059
2049,4,8,6.5381
2049,4,9,6.5812
2049,4,10,7.1059
2049,4,11,6.2553
2049,4,12,5.8179
2049,4,13,5.0839
2049,4,14,7.5144
2049,4,15,5.7512
2049,4,16,10.282
2049,4,17,9.7744
2049,4,18,6.7971
2049,4,19,7.5983
2049,4,20,9.6349
2049,4,21,9.0494
2049,4,22,7.328
2049,4,23,6.7139
2049,4,24,8.6346
2049,4,25,9.1797
2049,4,26,7.5784
2049,4,27,9.657
2049,4,28,7.4139
2049,4,29,7.2748
2049,4,30,6.4667
2049,5,1,9.2139
2049,5,2,10.287
2049,5,3,13.971
2049,5,4,11.862
2049,5,5,9.9867
2049,5,6,12.225
2049,5,7,12.841
2049,5,8,11.997
2049,5,9,10.345
2049,5,10,13.272
2049,5,11,10.234
2049,5,12,8.7304
2049,5,13,9.2186
2049,5,14,10.357
2049,5,15,11.766
2049,5,16,12.776
2049,5,17,13.324
2049,5,18,12.432
2049,5,19,13.068
2049,5,20,12.577
2049,5,21,13.547
2049,5,22,12.634
2049,5,23,12.749
2049,5,24,9.9605
2049,5,25,9.6952
2049,5,26,10.927
2049,5,27,11.704
2049,5,28,12.562
2049,5,29,14.312
2049,5,30,11.992
2049,5,31,14.287
2049,6,1,14.497
2049,6,2,14.547
2049,6,3,15.2
2049,6,4,13.874
2049,6,5,13.5
2049,6,6,13.944
2049,6,7,16.336
2049,6,8,17.789
2049,6,9,16.62
2049,6,10,16.68
2049,6,11,15.58
2049,6,12,17.724
2049,6,13,15.819
2049,6,14,13.728
2049,6,15,14.221
2049,6,16,15.843
2049,6,17,16.598
2049,6,18,17.394
2049,6,19,19.292
2049,6,20,18.066
2049,6,21,18.363
2049,6,22,18.157
2049,6,23,20.392
2049,6,24,20.584
2049,6,25,20.275
2049,6,26,18.2
2049,6,27,18.907
2049,6,28,16.617
2049,6,29,18.857
2049,6,30,18.879
2049,7,1,16.711
2049,7,2,15.49
2049,7,3,17.208
2049,7,4,19.17
2049,7,5,20.176
2049,7,6,19.989
2049,7,7,17.468
2049,7,8,16.933
2049,7,9,19.003
2049,7,10,19.991
2049,7,11,21.162
2049,7,12,21.701
2049,7,13,19.558
2049,7,14,17.925
2049,7,15,18.155
2049,7,16,18.79
2049,7,17,17.806
2049,7,18,15.399
2049,7,19,15.565
2049,7,20,19.514
2049,7,21,19.082
2049,7,22,15.821
2049,7,23,16.159
2049,7,24,18.002
2049,7,25,18.645
2049,7,26,20.219
2049,7,27,19.097
2049,7,28,19.127
2049,7,29,18.299
2049,7,30,17.235
2049,7,31,19.109
2049,8,1,21.048
2049,8,2,21.022
2049,8,3,20.689
2049,8,4,19.444
2049,8,5,22.058
2049,8,6,22.328
2049,8,7,21.782
2049,8,8,20.948
2049,8,9,21.379
2049,8,10,18.563
2049,8,11,16.35
2049,8,12,18.606
2049,8,13,19.105
2049,8,14,18.79
2049,8,15,18.831
2049,8,16,19.015
2049,8,17,20.743
2049,8,18,19.168
2049,8,19,20.038
2049,8,20,22.309
2049,8,21,21.4
2049,8,22,19.444
2049,8,23,20.09
2049,8,24,20.628
2049,8,25,21.265
2049,8,26,21.371
2049,8,27,18.35
2049,8,28,16.186
2049,8,29,19.45
2049,8,30,20.971
2049,8,31,22.569
2049,9,1,20.717
2049,9,2,21.795
2049,9,3,19.166
2049,9,4,17.249
2049,9,5,13.626
2049,9,6,17.01
2049,9,7,20.767
2049,9,8,19.984
2049,9,9,17.826
2049,9,10,16.505
2049,9,11,17.366
2049,9,12,15.876
2049,9,13,17.242
2049,9,14,17.715
2049,9,15,20.911
2049,9,16,19.226
2049,9,17,18.892
2049,9,18,19.713
2049,9,19,14.259
2049,9,20,11.635
2049,9,21,12.663
2049,9,22,16.548
2049,9,23,17.1
2049,9,24,15.96
2049,9,25,15.87
2049,9,26,16.92
2049,9,27,17.712
2049,9,28,16.339
2049,9,29,15.053
2049,9,30,15.98
2049,10,1,18.871
2049,10,2,12.09
2049,10,3,10.955
2049,10,4,9.6518
2049,10,5,8.456
2049,10,6,11.467
2049,10,7,9.4442
2049,10,8,7.7442
2049,10,9,5.3695
2049,10,10,6.4969
2049,10,11,5.2416
2049,10,12,9.428
2049,10,13,14.562
2049,10,14,11.148
2049,10,15,8.7483
2049,10,16,8.9743
2049,10,17,6.7998
2049,10,18,11.077
2049,10,19,10.176
2049,10,20,10.23
2049,10,21,10.445
2049,10,22,13.308
2049,10,23,12.57
2049,10,24,12.847
2049,10,25,16.633
2049,10,26,15.135
2049,10,27,11.688
2049,10,28,10.707
2049,10,29,12.308
2049,10,30,10.212
2049,10,31,7.26
2049,11,1,6.3187
2049,11,2,11.572
2049,11,3,12.661
2049,11,4,8.7845
2049,11,5,7.9126
2049,11,6,11.071
2049,11,7,11.431
2049,11,8,12.511
2049,11,9,14.849
2049,11,10,14.782
2049,11,11,9.0631
2049,11,12,7.9173
2049,11,13,14.876
2049,11,14,14.2
2049,11,15,8.2747
2049,11,16,6.5552
2049,11,17,14.025
2049,11,18,11.969
2049,11,19,5.2721
2049,11,20,4.4031
2049,11,21,5.9251
2049,11,22,5.3131
2049,11,23,2.6495
2049,11,24,4.9721
2049,11,25,1.1608
2049,11,26,0.15658
2049,11,27,2.6845
2049,11,28,3.469
2049,11,29,8.1426
2049,11,30,7.9945
2049,12,1,10.778
2049,12,2,3.7031
2049,12,3,0.43315
2049,12,4,5.7329
2049,12,5,5.8823
2049,12,6,5.5211
2049,12,7,2.7759
2049,12,8,1.4171
2049,12,9,0.56105
2049,12,10,0.8995
2049,12,11,-0.63125
2049,12,12,-1.6254
2049,12,13,-0.4684
2049,12,14,-1.3978
2049,12,15,-1.686
2049,12,16,-2.0069
2049,12,17,-1.6915
2049,12,18,-0.737
2049,12,19,-2.0009
2049,12,20,-2.957
2049,12,21,-4.4218
2049,12,22,-3.7366
2049,12,23,-2.871
2049,12,24,-1.4161
2049,12,25,-2.2902
2049,12,26,0.48549
2049,12,27,7.6375
2049,12,28,4.7944
2049,12,29,8.6646
2049,12,30,1.6707
2049,12,31,1.4814
2050,1,1,4.6715
2050,1,2,0.84331
2050,1,3,0.13798
2050,1,4,2.8254
2050,1,5,1.5121
2050,1,6,1.3933
2050,1,7,0.16206
2050,1,8,2.3265
2050,1,9,1.6336
2050,1,10,-0.3777
2050,1,11,-1.8446
2050,1,12,-1.9797
2050,1,13,0.8062
2050,1,14,-0.014827
2050,1,15,7.4181
2050,1,16,2.449
2050,1,17,0.77516
2050,1,18,10.087
2050,1,19,11.39
2050,1,20,11.362
2050,1,21,11.359
2050,1,22,10.964
2050,1,23,8.8197
2050,1,24,9.523
2050,1,25,6.5747
2050,1,26,5.9071
2050,1,27,7.3169
2050,1,28,5.0216
2050,1,29,3.4194
2050,1,30,0.87198
2050,1,31,0.14469
2050,2,1,2.7449
2050,2,2,8.9138
2050,2,3,4.4962
2050,2,4,8.6713
2050,2,5,7.1868
2050,2,6,2.9263
2050,2,7,0.46954
2050,2,8,1.3626
2050,2,9,2.77
2050,2,10,6.377
2050,2,11,5.063
2050,2,12,5.9242
2050,2,13,4.2965
2050,2,14,5.5871
2050,2,15,3.0619
2050,2,16,0.75236
2050,2,17,1.7787
2050,2,18,4.8723
2050,2,19,3.7284
2050,2,20,0.90466
2050,2,21,2.3442
2050,2,22,1.9112
2050,2,23,6.0584
2050,2,24,3.3717
2050,2,25,2.7108
2050,2,26,9.4407
2050,2,27,4.8802
2050,2,28,3.0156
2050,3,1,5.2345
2050,3,2,4.535
2050,3,3,4.1523
2050,3,4,8.9702
2050,3,5,8.6141
2050,3,6,7.9644
2050,3,7,4.6752
2050,3,8,4.004
2050,3,9,5.7067
2050,3,10,3.0607
2050,3,11,0.88912
2050,3,12,4.6633
2050,3,13,4.4643
2050,3,14,7.3578
2050,3,15,5.5438
2050,3,16,2.6014
2050,3,17,7.8864
2050,3,18,5.2567
2050,3,19,1.613
2050,3,20,9.404
2050,3,21,7.5053
2050,3,22,5.6568
2050,3,23,2.7704
2050,3,24,5.7353
2050,3,25,3.7921
2050,3,26,2.1663
2050,3,27,4.661
2050,3,28,3.7686
2050,3,29,1.7068
2050,3,30,0.31486
2050,3,31,0.7896
2050,4,1,4.8581
2050,4,2,6.433
2050,4,3,7.4447
2050,4,4,6.8453
2050,4,5,7.5666
2050,4,6,10.125
2050,4,7,12.408
2050,4,8,12.228
2050,4,9,9.4975
2050,4,10,6.0235
2050,4,11,8.1965
2050,4,12,8.9714
2050,4,13,7.7734
2050,4,14,9.9323
2050,4,15,8.3679
2050,4,16,8.6717
2050,4,17,8.6978
2050,4,18,5.3297
2050,4,19,5.434
2050,4,20,3.8071
2050,4,21,6.5208
2050,4,22,10.542
2050,4,23,9.7807
2050,4,24,7.1352
2050,4,25,6.2937
2050,4,26,6.0025
2050,4,27,7.7438
2050,4,28,9.7241
2050,4,29,8.3523
2050,4,30,7.8417
2050,5,1,9.0235
2050,5,2,9.52
2050,5,3,9.6601
2050,5,4,6.545
2050,5,5,10.034
2050,5,6,9.77
2050,5,7,8.0217
2050,5,8,6.966
2050,5,9,9.0392
2050,5,10,10.228
2050,5,11,9.3227
2050,5,12,8.9112
2050,5,13,7.412
2050,5,14,10.466
2050,5,15,13.29
2050,5,16,11.374
2050,5,17,11.352
2050,5,18,11.252
2050,5,19,11.046
2050,5,20,9.8339
2050,5,21,14.693
2050,5,22,13.295
2050,5,23,10.548
2050,5,24,9.5824
2050,5,25,9.7405
2050,5,26,12.632
2050,5,27,14.009
2050,5,28,12.59
2050,5,29,14.982
2050,5,30,12.162
2050,5,31,13.458
2050,6,1,13.17
2050,6,2,14.689
2050,6,3,12.808
2050,6,4,10.83
2050,6,5,11.348
2050,6,6,13.409
2050,6,7,14.552
2050,6,8,11.763
2050,6,9,13.959
2050,6,10,16.917
2050,6,11,16.235
2050,6,12,16.438
2050,6,13,15.354
2050,6,14,16.869
2050,6,15,17.083
2050,6,16,16.173
2050,6,17,17.129
2050,6,18,17.223
2050,6,19,17.862
2050,6,20,17.613
2050,6,21,19.521
2050,6,22,18.079
2050,6,23,18.883
2050,6,24,21.177
2050,6,25,20.439
2050,6,26,21.635
2050,6,27,22.914
2050,6,28,22.554
2050,6,29,18.785
2050,6,30,16.085
2050,7,1,19.832
2050,7,2,19.777
2050,7,3,17.11
2050,7,4,15.319
2050,7,5,15.95
2050,7,6,18.413
2050,7,7,17.714
2050,7,8,16.7
2050,7,9,17.573
2050,7,10,16.066
2050,7,11,19.432
2050,7,12,18.334
2050,7,13,17.672
2050,7,14,19.897
2050,7,15,21.152
2050,7,16,20.909
2050,7,17,19.034
2050,7,18,19.685
2050,7,19,21.814
2050,7,20,19.936
2050,7,21,20.264
2050,7,22,20.799
2050,7,23,22.247
2050,7,24,20.149
2050,7,25,20.415
2050,7,26,23.678
2050,7,27,22.991
2050,7,28,23.803
2050,7,29,23.845
2050,7,30,23.737
2050,7,31,25.965
2050,8,1,22.794
2050,8,2,22.766
2050,8,3,22.335
2050,8,4,19.214
2050,8,5,19.846
2050,8,6,21.679
2050,8,7,23.179
2050,8,8,21.663
2050,8,9,21.395
2050,8,10,22.539
2050,8,11,21.454
2050,8,12,19.374
2050,8,13,19.691
2050,8,14,20.015
2050,8,15,17.823
2050,8,16,19.678
2050,8,17,21.472
2050,8,18,22.858
2050,8,19,23.152
2050,8,20,19.748
2050,8,21,17.502
2050,8,22,16.417
2050,8,23,16.679
2050,8,24,15.602
2050,8,25,18.607
2050,8,26,17.308
2050,8,27,18.753
2050,8,28,16.283
2050,8,29,16.915
2050,8,30,19.162
2050,8,31,19.691
2050,9,1,19.687
2050,9,2,20.144
2050,9,3,20.306
2050,9,4,19.631
2050,9,5,17.819
2050,9,6,19.592
2050,9,7,16.474
2050,9,8,18.068
2050,9,9,14.537
2050,9,10,14.011
2050,9,11,17
2050,9,12,13.073
2050,9,13,12.989
2050,9,14,16.374
2050,9,15,17.017
2050,9,16,17.863
2050,9,17,17.642
2050,9,18,16.064
2050,9,19,16.952
2050,9,20,18.465
2050,9,21,13.552
2050,9,22,11.812
2050,9,23,10.691
2050,9,24,10.135
2050,9,25,9.4336
2050,9,26,10.558
2050,9,27,9.619
2050,9,28,8.9173
2050,9,29,14.051
2050,9,30,17.76
2050,10,1,17.831
2050,10,2,13.321
2050,10,3,11.527
2050,10,4,12.263
2050,10,5,12.931
2050,10,6,14.357
2050,10,7,15.919
2050,10,8,9.6477
2050,10,9,6.9477
2050,10,10,11.842
2050,10,11,13.042
2050,10,12,10.454
2050,10,13,9.494
2050,10,14,7.9144
2050,10,15,10.591
2050,10,16,8.2897
2050,10,17,8.2999
2050,10,18,8.5732
2050,10,19,8.4639
2050,10,20,14.001
2050,10,21,12.983
2050,10,22,9.1236
2050,10,23,9.2563
2050,10,24,11.773
2050,10,25,7.9509
2050,10,26,7.3392
2050,10,27,11.721
2050,10,28,13.951
2050,10,29,16.084
2050,10,30,14.451
2050,10,31,13.018
2050,11,1,11.568
2050,11,2,14.741
2050,11,3,13.541
2050,11,4,14.412
2050,11,5,11.157
2050,11,6,10.808
2050,11,7,9.8626
2050,11,8,8.8363
2050,11,9,5.9944
2050,11,10,7.2976
2050,11,11,5.9967
2050,11,12,2.6161
2050,11,13,2.335
2050,11,14,7.6053
2050,11,15,7.1146
2050,11,16,5.8025
2050,11,17,13.97
2050,11,18,14.359
2050,11,19,12.214
2050,11,20,11.13
2050,11,21,14.221
2050,11,22,14.976
2050,11,23,10.461
2050,11,24,9.6645
2050,11,25,14.92
2050,11,26,15.087
2050,11,27,15.058
2050,11,28,7.7504
2050,11,29,6.824
2050,11,30,7.7246
2050,12,1,6.2277
2050,12,2,11.021
2050,12,3,6.8902
2050,12,4,6.037
2050,12,5,10.739
2050,12,6,9.7301
2050,12,7,7.8031
2050,12,8,5.8164
2050,12,9,4.7318
2050,12,10,7.2727
2050,12,11,4.3567
2050,12,12,2.3585
2050,12,13,0.96688
2050,12,14,3.2646
2050,12,15,4.8155
2050,12,16,2.8045
2050,12,17,5.1845
2050,12,18,2.8291
2050,12,19,2.2685
2050,12,20,1.7386
2050,12,21,0.79019
2050,12,22,2.4931
2050,12,23,6.2105
2050,12,24,3.6061
2050,12,25,2.6172
2050,12,26,1.9993
2050,12,27,-0.27571
2050,12,28,0.59841
2050,12,29,0.96597
2050,12,30,0.13507
2050,12,31,3.067
2051,1,1,3.101
2051,1,2,3.1967
2051,1,3,2.3678
2051,1,4,5.0545
2051,1,5,8.5103
2051,1,6,9.5292
2051,1,7,7.7308
2051,1,8,4.6744
2051,1,9,1.6906
2051,1,10,5.8353
2051,1,11,3.4549
2051,1,12,2.5133
2051,1,13,8.2142
2051,1,14,8.483
2051,1,15,8.325
2051,1,16,7.7376
2051,1,17,7.7225
2051,1,18,8.4059
2051,1,19,5.2556
2051,1,20,2.3247
2051,1,21,1.1156
2051,1,22,1.4274
2051,1,23,6.1699
2051,1,24,6.1371
2051,1,25,2.6246
2051,1,26,2.3251
2051,1,27,-0.029018
2051,1,28,0.092076
2051,1,29,1.8411
2051,1,30,4.025
2051,1,31,4.0293
2051,2,1,10.345
2051,2,2,7.737
2051,2,3,6.1377
2051,2,4,3.5792
2051,2,5,2.9813
2051,2,6,1.944
2051,2,7,8.015
2051,2,8,6.6039
2051,2,9,6.5805
2051,2,10,8.1873
2051,2,11,7.7521
2051,2,12,7.4652
2051,2,13,5.2065
2051,2,14,5.6096
2051,2,15,2.7687
2051,2,16,4.1288
2051,2,17,5.7861
2051,2,18,1.9094
2051,2,19,0.091313
2051,2,20,4.6567
2051,2,21,4.7294
2051,2,22,2.2961
2051,2,23,3.9974
2051,2,24,4.5041
2051,2,25,3.6437
2051,2,26,5.3348
2051,2,27,3.9852
2051,2,28,5.4422
2051,3,1,3.7476
2051,3,2,2.3797
2051,3,3,1.9579
2051,3,4,7.4867
2051,3,5,8.6331
2051,3,6,10.384
2051,3,7,7.0418
2051,3,8,4.3548
2051,3,9,4.6515
2051,3,10,3.0507
2051,3,11,6.701
2051,3,12,8.7814
2051,3,13,10.596
2051,3,14,8.6973
2051,3,15,8.0002
2051,3,16,4.2492
2051,3,17,2.5021
2051,3,18,3.7726
2051,3,19,6.5354
2051,3,20,5.7466
2051,3,21,4.8836
2051,3,22,2.827
2051,3,23,0.62639
2051,3,24,4.0953
2051,3,25,6.9854
2051,3,26,7.534
2051,3,27,9.6084
2051,3,28,8.2802
2051,3,29,7.3133
2051,3,30,4.9637
2051,3,31,4.1649
2051,4,1,3.5502
2051,4,2,3.2533
2051,4,3,3.2324
2051,4,4,5.5623
2051,4,5,6.2016
2051,4,6,3.8853
2051,4,7,3.906
2051,4,8,4.3058
2051,4,9,9.8264
2051,4,10,7.5969
2051,4,11,5.1241
2051,4,12,4.1505
2051,4,13,4.2797
2051,4,14,5.8764
2051,4,15,7.8564
2051,4,16,6.5144
2051,4,17,5.1497
2051,4,18,5.7666
2051,4,19,6.4145
2051,4,20,6.2611
2051,4,21,9.4078
2051,4,22,6.6665
2051,4,23,4.7485
2051,4,24,4.7386
2051,4,25,8.4118
2051,4,26,8.9237
2051,4,27,8.407
2051,4,28,13.087
2051,4,29,13.639
2051,4,30,14.062
2051,5,1,13.802
2051,5,2,13.716
2051,5,3,11.999
2051,5,4,11.31
2051,5,5,8.5822
2051,5,6,7.5222
2051,5,7,11.407
2051,5,8,12.901
2051,5,9,12.268
2051,5,10,9.3959
2051,5,11,7.2876
2051,5,12,9.6081
2051,5,13,9.9928
2051,5,14,13.414
2051,5,15,13.359
2051,5,16,12.07
2051,5,17,10.59
2051,5,18,10.351
2051,5,19,10.861
2051,5,20,8.4536
2051,5,21,8.5947
2051,5,22,8.034
2051,5,23,10.51
2051,5,24,12.718
2051,5,25,12.856
2051,5,26,14.557
2051,5,27,13.13
2051,5,28,10.871
2051,5,29,12.037
2051,5,30,13.779
2051,5,31,11.624
2051,6,1,9.766
2051,6,2,9.4446
2051,6,3,11.624
2051,6,4,9.3495
2051,6,5,11.248
2051,6,6,9.7851
2051,6,7,12.256
2051,6,8,14.514
2051,6,9,14.695
2051,6,10,14.378
2051,6,11,14.069
2051,6,12,14.258
2051,6,13,16.152
2051,6,14,14.348
2051,6,15,12.745
2051,6,16,12.955
2051,6,17,15.761
2051,6,18,16.153
2051,6,19,16.274
2051,6,20,16.191
2051,6,21,16.208
2051,6,22,14.503
2051,6,23,15.687
2051,6,24,15.101
2051,6,25,17.769
2051,6,26,17.01
2051,6,27,19.212
2051,6,28,19.496
2051,6,29,18.433
2051,6,30,13.96
2051,7,1,13.632
2051,7,2,11.902
2051,7,3,15.214
2051,7,4,16.257
2051,7,5,20.552
2051,7,6,18.392
2051,7,7,17.445
2051,7,8,20.799
2051,7,9,21.591
2051,7,10,20.904
2051,7,11,23.917
2051,7,12,24.1
2051,7,13,22.384
2051,7,14,20.327
2051,7,15,19.662
2051,7,16,22.391
2051,7,17,22.895
2051,7,18,21.588
2051,7,19,20.202
2051,7,20,22.358
2051,7,21,21.42
2051,7,22,17.556
2051,7,23,15.613
2051,7,24,16.483
2051,7,25,19.472
2051,7,26,21.327
2051,7,27,20.247
2051,7,28,22.319
2051,7,29,22.713
2051,7,30,22.558
2051,7,31,24.303
2051,8,1,21.689
2051,8,2,22.645
2051,8,3,21.192
2051,8,4,23.55
2051,8,5,21.676
2051,8,6,18.794
2051,8,7,20.295
2051,8,8,16.455
2051,8,9,15.079
2051,8,10,13.135
2051,8,11,14.839
2051,8,12,14.448
2051,8,13,14.234
2051,8,14,17.396
2051,8,15,16.516
2051,8,16,18.93
2051,8,17,20.91
2051,8,18,20.295
2051,8,19,20.311
2051,8,20,20.768
2051,8,21,21.874
2051,8,22,22.022
2051,8,23,16.392
2051,8,24,13.964
2051,8,25,13.462
2051,8,26,17.977
2051,8,27,17.044
2051,8,28,19.013
2051,8,29,20.805
2051,8,30,19.675
2051,8,31,20.83
2051,9,1,19.384
2051,9,2,15.804
2051,9,3,14.347
2051,9,4,13.357
2051,9,5,13.479
2051,9,6,13.915
2051,9,7,15.829
2051,9,8,13.163
2051,9,9,15.597
2051,9,10,15.406
2051,9,11,14.245
2051,9,12,13.494
2051,9,13,14.985
2051,9,14,14.55
2051,9,15,15.152
2051,9,16,14.819
2051,9,17,14.761
2051,9,18,12.605
2051,9,19,10.928
2051,9,20,9.0702
2051,9,21,7.0725
2051,9,22,10.156
2051,9,23,13.621
2051,9,24,11.711
2051,9,25,11.5
2051,9,26,13.901
2051,9,27,14.336
2051,9,28,14.403
2051,9,29,11.213
2051,9,30,10.14
2051,10,1,10.658
2051,10,2,17.57
2051,10,3,18.521
2051,10,4,14.311
2051,10,5,11.91
2051,10,6,12.335
2051,10,7,9.5255
2051,10,8,9.8817
2051,10,9,12.091
2051,10,10,11.965
2051,10,11,10.139
2051,10,12,10.953
2051,10,13,7.3226
2051,10,14,8.6704
2051,10,15,8.2644
2051,10,16,9.4116
2051,10,17,7.5238
2051,10,18,9.1794
2051,10,19,10.672
2051,10,20,8.7521
2051,10,21,8.4311
2051,10,22,9.628
2051,10,23,9.8497
2051,10,24,8.55
2051,10,25,7.886
2051,10,26,6.045
2051,10,27,4.1567
2051,10,28,9.709
2051,10,29,6.7225
2051,10,30,3.2193
2051,10,31,1.9539
2051,11,1,2.508
2051,11,2,2.9767
2051,11,3,9.0445
2051,11,4,11.323
2051,11,5,9.7978
2051,11,6,9.2474
2051,11,7,9.2392
2051,11,8,9.183
2051,11,9,6.6043
2051,11,10,7.3154
2051,11,11,6.9671
2051,11,12,3.0121
2051,11,13,2.5217
2051,11,14,2.8044
2051,11,15,10.118
2051,11,16,8.6979
2051,11,17,10.253
2051,11,18,9.2035
2051,11,19,6.7556
2051,11,20,2.8116
2051,11,21,2.2673
2051,11,22,8.4812
2051,11,23,6.1394
2051,11,24,4.2504
2051,11,25,4.0621
2051,11,26,10.838
2051,11,27,9.0491
2051,11,28,8.2583
2051,11,29,8.6121
2051,11,30,7.2585
2051,12,1,9.0009
2051,12,2,11.047
2051,12,3,6.4761
2051,12,4,3.1003
2051,12,5,1.7299
2051,12,6,4.7724
2051,12,7,2.4539
2051,12,8,2.6263
2051,12,9,6.1485
2051,12,10,8.6353
2051,12,11,5.7754
2051,12,12,4.1999
2051,12,13,1.2769
2051,12,14,8.1496
2051,12,15,6.285
2051,12,16,6.2772
2051,12,17,5.9008
2051,12,18,4.3343
2051,12,19,5.3679
2051,12,20,6.9839
2051,12,21,7.2693
2051,12,22,6.6448
2051,12,23,7.08
2051,12,24,11.419
2051,12,25,9.126
2051,12,26,4.631
2051,12,27,4.5092
2051,12,28,0.37421
2051,12,29,-2.0199
2051,12,30,-2.6838
2051,12,31,-3.0134
2052,1,1,-3.2082
2052,1,2,-3.2109
2052,1,3,-0.093929
2052,1,4,2.0348
2052,1,5,1.1334
2052,1,6,1.0347
2052,1,7,8.7274
2052,1,8,6.6276
2052,1,9,8.2715
2052,1,10,4.5056
2052,1,11,5.5869
2052,1,12,3.3916
2052,1,13,0.51319
2052,1,14,-0.44637
2052,1,15,-0.46506
2052,1,16,0.46104
2052,1,17,2.2958
2052,1,18,2.0316
2052,1,19,4.6636
2052,1,20,2.8302
2052,1,21,4.6787
2052,1,22,2.9187
2052,1,23,1.091
2052,1,24,0.60604
2052,1,25,1.1704
2052,1,26,0.69493
2052,1,27,-0.917
2052,1,28,0.84693
2052,1,29,0.65766
2052,1,30,0.24203
2052,1,31,0.26586
2052,2,1,0.35841
2052,2,2,2.3834
2052,2,3,-0.27487
2052,2,4,-2.7269
2052,2,5,-3.2452
2052,2,6,-0.52135
2052,2,7,-0.046189
2052,2,8,-0.45718
2052,2,9,-0.81425
2052,2,10,-0.47928
2052,2,11,-0.66594
2052,2,12,0.87067
2052,2,13,0.28626
2052,2,14,6.574
2052,2,15,3.9681
2052,2,16,7.0494
2052,2,17,8.8679
2052,2,18,6.9832
2052,2,19,7.66
2052,2,20,6.2884
2052,2,21,4.129
2052,2,22,2.5381
2052,2,23,4.2421
2052,2,24,5.0427
2052,2,25,4.7905
2052,2,26,7.3181
2052,2,27,2.8186
2052,2,28,2.3649
2052,2,29,4.1062
2052,3,1,2.7044
2052,3,2,7.8915
2052,3,3,4.7906
2052,3,4,3.6518
2052,3,5,1.821
2052,3,6,1.3755
2052,3,7,1.1659
2052,3,8,2.8771
2052,3,9,1.2993
2052,3,10,0.58721
2052,3,11,1.2834
2052,3,12,4.1193
2052,3,13,6.4948
2052,3,14,5.5948
2052,3,15,5.3929
2052,3,16,4.7776
2052,3,17,1.707
2052,3,18,4.9726
2052,3,19,8.8405
2052,3,20,7.2209
2052,3,21,4.3898
2052,3,22,6.4196
2052,3,23,3.6734
2052,3,24,1.9062
2052,3,25,3.7504
2052,3,26,4.2016
2052,3,27,4.8472
2052,3,28,2.5523
2052,3,29,3.3729
2052,3,30,5.805
2052,3,31,4.0263
2052,4,1,4.6659
2052,4,2,9.7305
2052,4,3,9.4814
2052,4,4,6.2593
2052,4,5,10.505
2052,4,6,7.6841
2052,4,7,7.207
2052,4,8,4.7881
2052,4,9,3.6838
2052,4,10,2.467
2052,4,11,5.5638
2052,4,12,7.1647
2052,4,13,9.1512
2052,4,14,7.9068
2052,4,15,8.5278
2052,4,16,8.7495
2052,4,17,8.1838
2052,4,18,6.9111
2052,4,19,5.6637
2052,4,20,3.9128
2052,4,21,6.9443
2052,4,22,4.4919
2052,4,23,7.4123
2052,4,24,5.4463
2052,4,25,5.9541
2052,4,26,9.141
2052,4,27,7.4301
2052,4,28,4.7151
2052,4,29,5.9276
2052,4,30,4.7466
2052,5,1,7.2511
2052,5,2,7.3076
2052,5,3,6.9273
2052,5,4,6.8168
2052,5,5,12.17
2052,5,6,10.114
2052,5,7,6.629
2052,5,8,6.0744
2052,5,9,8.7858
2052,5,10,8.5637
2052,5,11,12.41
2052,5,12,13.066
2052,5,13,13.323
2052,5,14,14.081
2052,5,15,13.041
2052,5,16,12.068
2052,5,17,12.459
2052,5,18,12.596
2052,5,19,13.459
2052,5,20,12.112
2052,5,21,10.677
2052,5,22,12.617
2052,5,23,12.626
2052,5,24,13.086
2052,5,25,15.126
2052,5,26,14.159
2052,5,27,11.914
2052,5,28,9.5853
2052,5,29,11.662
2052,5,30,15.32
2052,5,31,15.114
2052,6,1,14.756
2052,6,2,14.532
2052,6,3,11.446
2052,6,4,12.402
2052,6,5,13.73
2052,6,6,12.583
2052,6,7,15.739
2052,6,8,16.991
2052,6,9,15.956
2052,6,10,16.439
2052,6,11,18.159
2052,6,12,18.925
2052,6,13,17.59
2052,6,14,14.822
2052,6,15,12.69
2052,6,16,13.033
2052,6,17,15.788
2052,6,18,17.562
2052,6,19,17.795
2052,6,20,18.049
2052,6,21,17.681
2052,6,22,15.584
2052,6,23,12.448
2052,6,24,13.91
2052,6,25,18.078
2052,6,26,15.558
2052,6,27,13.56
2052,6,28,11.26
2052,6,29,15.691
2052,6,30,14.649
2052,7,1,12.902
2052,7,2,13.498
2052,7,3,13.975
2052,7,4,15.559
2052,7,5,15.935
2052,7,6,17.395
2052,7,7,18.259
2052,7,8,16.708
2052,7,9,18.737
2052,7,10,17.463
2052,7,11,18.571
2052,7,12,20.302
2052,7,13,18.243
2052,7,14,16.885
2052,7,15,17.71
2052,7,16,18.77
2052,7,17,19.605
2052,7,18,19.857
2052,7,19,19.086
2052,7,20,19.151
2052,7,21,19.555
2052,7,22,20.918
2052,7,23,19.931
2052,7,24,24.256
2052,7,25,24.84
2052,7,26,22.193
2052,7,27,18.853
2052,7,28,20.857
2052,7,29,18.083
2052,7,30,16.384
2052,7,31,20.566
2052,8,1,19.461
2052,8,2,19.216
2052,8,3,21.538
2052,8,4,22.38
2052,8,5,22.028
2052,8,6,20.212
2052,8,7,22.075
2052,8,8,22.059
2052,8,9,17.301
2052,8,10,16.353
2052,8,11,18.344
2052,8,12,20.599
2052,8,13,17.628
2052,8,14,14.475
2052,8,15,16.098
2052,8,16,18.987
2052,8,17,20.643
2052,8,18,21.624
2052,8,19,18.392
2052,8,20,15.869
2052,8,21,15.736
2052,8,22,13.252
2052,8,23,17.511
2052,8,24,14.784
2052,8,25,12.615
2052,8,26,13.418
2052,8,27,19.557
2052,8,28,16.551
2052,8,29,15.048
2052,8,30,14.561
2052,8,31,12.943
2052,9,1,18.484
2052,9,2,17.922
2052,9,3,17.33
2052,9,4,15.677
2052,9,5,12.964
2052,9,6,11.461
2052,9,7,12.422
2052,9,8,13.074
2052,9,9,11.006
2052,9,10,10.516
2052,9,11,11.99
2052,9,12,11.408
2052,9,13,8.7924
2052,9,14,10.711
2052,9,15,11.94
2052,9,16,13.199
2052,9,17,11.576
2052,9,18,11.004
2052,9,19,11.555
2052,9,20,10.076
2052,9,21,13.398
2052,9,22,12.723
2052,9,23,12.182
2052,9,24,12.161
2052,9,25,11.818
2052,9,26,9.8752
2052,9,27,14.163
2052,9,28,11.822
2052,9,29,11.299
2052,9,30,13.083
2052,10,1,13.803
2052,10,2,11.688
2052,10,3,13.088
2052,10,4,11.688
2052,10,5,14.954
2052,10,6,15.566
2052,10,7,15.834
2052,10,8,12.23
2052,10,9,10.128
2052,10,10,8.1961
2052,10,11,6.9059
2052,10,12,7.502
2052,10,13,6.1116
2052,10,14,10.524
2052,10,15,9.4309
2052,10,16,6.4192
2052,10,17,5.5803
2052,10,18,9.347
2052,10,19,7.6891
2052,10,20,9.01
2052,10,21,13.24
2052,10,22,11.828
2052,10,23,11.675
2052,10,24,13.289
2052,10,25,11.584
2052,10,26,10.892
2052,10,27,13.886
2052,10,28,13.135
2052,10,29,13.139
2052,10,30,13.951
2052,10,31,14.638
2052,11,1,14.721
2052,11,2,15.185
2052,11,3,14.856
2052,11,4,15.564
2052,11,5,12.185
2052,11,6,10.924
2052,11,7,6.987
2052,11,8,4.5516
2052,11,9,2.9589
2052,11,10,6.3676
2052,11,11,4.9457
2052,11,12,5.6601
2052,11,13,5.8885
2052,11,14,6.3693
2052,11,15,7.635
2052,11,16,10.387
2052,11,17,6.8148
2052,11,18,5.5821
2052,11,19,5.7266
2052,11,20,9.01
2052,11,21,6.3523
2052,11,22,5.8611
2052,11,23,5.8517
2052,11,24,3.3834
2052,11,25,2.3858
2052,11,26,5.4941
2052,11,27,4.5643
2052,11,28,8.8272
2052,11,29,10.693
2052,11,30,9.2124
2052,12,1,9.0556
2052,12,2,6.8969
2052,12,3,7.6633
2052,12,4,6.2651
2052,12,5,6.6054
2052,12,6,8.7336
2052,12,7,4.1472
2052,12,8,4.0135
2052,12,9,7.8168
2052,12,10,12.805
2052,12,11,12.707
2052,12,12,12.261
2052,12,13,10.97
2052,12,14,8.5638
2052,12,15,10.24
2052,12,16,6.4089
2052,12,17,4.7387
2052,12,18,2.006
2052,12,19,3.6715
2052,12,20,4.0527
2052,12,21,4.4298
2052,12,22,3.3362
2052,12,23,1.997
2052,12,24,0.34304
2052,12,25,2.2185
2052,12,26,2.6187
2052,12,27,2.424
2052,12,28,4.7523
2052,12,29,0.016646
2052,12,30,-0.46801
2052,12,31,-0.21415
2053,1,1,1.703
2053,1,2,4.8988
2053,1,3,1.1174
2053,1,4,5.3873
2053,1,5,3.0856
2053,1,6,6.2138
2053,1,7,8.409
2053,1,8,2.8761
2053,1,9,0.82552
2053,1,10,2.5456
2053,1,11,0.51931
2053,1,12,0.98084
2053,1,13,-0.24007
2053,1,14,2.3519
2053,1,15,2.2617
2053,1,16,4.9007
2053,1,17,3.4066
2053,1,18,2.0595
2053,1,19,0.63217
2053,1,20,1.8377
2053,1,21,5.994
2053,1,22,4.5775
2053,1,23,2.1477
2053,1,24,5.8945
2053,1,25,2.2089
2053,1,26,0.96064
2053,1,27,-0.25441
2053,1,28,-0.47074
2053,1,29,-0.85404
2053,1,30,7.3852
2053,1,31,0.72565
2053,2,1,0.060653
2053,2,2,1.0487
2053,2,3,0.63814
2053,2,4,0.43718
2053,2,5,0.43339
2053,2,6,-0.32837
2053,2,7,1.1052
2053,2,8,0.89002
2053,2,9,4.4051
2053,2,10,7.3626
2053,2,11,2.5345
2053,2,12,0.93824
2053,2,13,1.9969
2053,2,14,1.9304
2053,2,15,3.2214
2053,2,16,3.2825
2053,2,17,4.3618
2053,2,18,1.4039
2053,2,19,1.6803
2053,2,20,8.2882
2053,2,21,3.3299
2053,2,22,4.0054
2053,2,23,7.5933
2053,2,24,6.0634
2053,2,25,3.7002
2053,2,26,6.8083
2053,2,27,4.7977
2053,2,28,2.7206
2053,3,1,5.2282
2053,3,2,5.2923
2053,3,3,10.611
2053,3,4,7.2746
2053,3,5,3.4642
2053,3,6,11.42
2053,3,7,5.5618
2053,3,8,3.4507
2053,3,9,5.9918
2053,3,10,7.0776
2053,3,11,6.5351
2053,3,12,6.1899
2053,3,13,8.3207
2053,3,14,9.7259
2053,3,15,12.023
2053,3,16,8.7222
2053,3,17,10.729
2053,3,18,4.4541
2053,3,19,3.2941
2053,3,20,5.0637
2053,3,21,1.9007
2053,3,22,7.1203
2053,3,23,4.1801
2053,3,24,7.3464
2053,3,25,5.0856
2053,3,26,5.1144
2053,3,27,10.987
2053,3,28,5.8981
2053,3,29,3.7083
2053,3,30,4.9195
2053,3,31,9.0233
2053,4,1,6.1954
2053,4,2,5.0627
2053,4,3,3.1895
2053,4,4,4.2988
2053,4,5,4.9665
2053,4,6,3.0784
2053,4,7,5.0374
2053,4,8,4.9373
2053,4,9,11.054
2053,4,10,9.6075
2053,4,11,7.8204
2053,4,12,5.5407
2053,4,13,9.8399
2053,4,14,7.9909
2053,4,15,6.8585
2053,4,16,9.9209
2053,4,17,8.9881
2053,4,18,7.4163
2053,4,19,5.3598
2053,4,20,9.1956
2053,4,21,7.9231
2053,4,22,7.5681
2053,4,23,5.3614
2053,4,24,4.5431
2053,4,25,7.444
2053,4,26,7.7899
2053,4,27,9.1221
2053,4,28,7.3445
2053,4,29,8.2347
2053,4,30,10.1
2053,5,1,11.859
2053,5,2,10.581
2053,5,3,9.9381
2053,5,4,10.763
2053,5,5,9.3902
2053,5,6,9.691
2053,5,7,11.016
2053,5,8,11.917
2053,5,9,12.352
2053,5,10,11.305
2053,5,11,10.884
2053,5,12,8.9734
2053,5,13,8.753
2053,5,14,9.2673
2053,5,15,10.44
2053,5,16,10.131
2053,5,17,9.7195
2053,5,18,11.18
2053,5,19,12.292
2053,5,20,12.821
2053,5,21,9.9847
2053,5,22,12.352
2053,5,23,11.027
2053,5,24,11.485
2053,5,25,11.881
2053,5,26,13.29
2053,5,27,13.497
2053,5,28,13.85
2053,5,29,12.331
2053,5,30,10.75
2053,5,31,14.641
2053,6,1,19.086
2053,6,2,18.519
2053,6,3,17.567
2053,6,4,17.169
2053,6,5,18.437
2053,6,6,18.325
2053,6,7,16.76
2053,6,8,15.267
2053,6,9,16.432
2053,6,10,18.277
2053,6,11,17.949
2053,6,12,16.955
2053,6,13,18.764
2053,6,14,17.152
2053,6,15,15.786
2053,6,16,16.822
2053,6,17,19.61
2053,6,18,23.337
2053,6,19,24.456
2053,6,20,22.461
2053,6,21,21.208
2053,6,22,20.535
2053,6,23,24.608
2053,6,24,23.397
2053,6,25,21.52
2053,6,26,20.987
2053,6,27,17.414
2053,6,28,17.523
2053,6,29,20.115
2053,6,30,20.965
2053,7,1,21.709
2053,7,2,24.579
2053,7,3,23.517
2053,7,4,21.14
2053,7,5,21.101
2053,7,6,20.808
2053,7,7,20.855
2053,7,8,20.243
2053,7,9,21.196
2053,7,10,19.141
2053,7,11,18.687
2053,7,12,18.415
2053,7,13,20.184
2053,7,14,24.577
2053,7,15,24.619
2053,7,16,25.097
2053,7,17,22.22
2053,7,18,21.861
2053,7,19,24.113
2053,7,20,21.703
2053,7,21,22.477
2053,7,22,19.397
2053,7,23,21.553
2053,7,24,22.225
2053,7,25,23.46
2053,7,26,24.761
2053,7,27,24.599
2053,7,28,24.744
2053,7,29,22.799
2053,7,30,22.723
2053,7,31,24.223
2053,8,1,22.42
2053,8,2,21.575
2053,8,3,20.928
2053,8,4,21.552
2053,8,5,21.055
2053,8,6,22.53
2053,8,7,24.158
2053,8,8,23.288
2053,8,9,26.135
2053,8,10,25.012
2053,8,11,19.34
2053,8,12,16.524
2053,8,13,15.325
2053,8,14,14.384
2053,8,15,14.936
2053,8,16,17.62
2053,8,17,19.6
2053,8,18,18.323
2053,8,19,16.68
2053,8,20,18.175
2053,8,21,20.418
2053,8,22,20.79
2053,8,23,21.008
2053,8,24,19.462
2053,8,25,19.336
2053,8,26,21.475
2053,8,27,20.695
2053,8,28,18.863
2053,8,29,18.679
2053,8,30,16.954
2053,8,31,15.188
2053,9,1,16.461
2053,9,2,21.12
2053,9,3,21.592
2053,9,4,17.521
2053,9,5,15.418
2053,9,6,14.451
2053,9,7,14.889
2053,9,8,14.254
2053,9,9,14.651
2053,9,10,19.718
2053,9,11,16.494
2053,9,12,13.562
2053,9,13,15.479
2053,9,14,15.675
2053,9,15,14.284
2053,9,16,20.001
2053,9,17,14.289
2053,9,18,11.52
2053,9,19,11.268
2053,9,20,12.184
2053,9,21,12.605
2053,9,22,11.145
2053,9,23,10.331
2053,9,24,12.089
2053,9,25,11.744
2053,9,26,12.715
2053,9,27,13.89
2053,9,28,12.793
2053,9,29,11.111
2053,9,30,12.195
2053,10,1,12.962
2053,10,2,9.2309
2053,10,3,11.644
2053,10,4,12.749
2053,10,5,11.334
2053,10,6,9.9169
2053,10,7,11.144
2053,10,8,10.024
2053,10,9,12.026
2053,10,10,12.648
2053,10,11,13.039
2053,10,12,13.647
2053,10,13,14.022
2053,10,14,14.554
2053,10,15,15.979
2053,10,16,16.344
2053,10,17,17.802
2053,10,18,18.029
2053,10,19,17.888
2053,10,20,16.523
2053,10,21,15.788
2053,10,22,17.415
2053,10,23,15.867
2053,10,24,17.295
2053,10,25,12.452
2053,10,26,10.421
2053,10,27,12.74
2053,10,28,13.725
2053,10,29,13.173
2053,10,30,10.883
2053,10,31,8.8054
2053,11,1,7.8482
2053,11,2,16.655
2053,11,3,16.908
2053,11,4,12.845
2053,11,5,9.7865
2053,11,6,10.562
2053,11,7,8.8013
2053,11,8,9.3934
2053,11,9,6.1943
2053,11,10,4.6384
2053,11,11,3.1013
2053,11,12,0.33556
2053,11,13,4.5038
2053,11,14,7.0468
2053,11,15,5.4848
2053,11,16,4.7524
2053,11,17,9.8348
2053,11,18,6.0626
2053,11,19,6.4374
2053,11,20,7.6482
2053,11,21,5.1361
2053,11,22,4.5364
2053,11,23,7.8672
2053,11,24,6.4544
2053,11,25,8.367
2053,11,26,11.629
2053,11,27,10.889
2053,11,28,11.497
2053,11,29,7.8451
2053,11,30,3.4981
2053,12,1,2.4191
2053,12,2,6.085
2053,12,3,4.1511
2053,12,4,8.1466
2053,12,5,3.6802
2053,12,6,2.5498
2053,12,7,12.008
2053,12,8,6.0143
2053,12,9,4.6554
2053,12,10,4.1464
2053,12,11,2.408
2053,12,12,3.1294
2053,12,13,8.0809
2053,12,14,8.9808
2053,12,15,5.1569
2053,12,16,4.1346
2053,12,17,7.6053
2053,12,18,6.8749
2053,12,19,6.8613
2053,12,20,4.7943
2053,12,21,4.5976
2053,12,22,2.3626
2053,12,23,1.317
2053,12,24,-0.24948
2053,12,25,0.0894
2053,12,26,0.055129
2053,12,27,1.521
2053,12,28,2.0419
2053,12,29,2.0801
2053,12,30,10.77
2053,12,31,4.6765
2054,1,1,0.47072
2054,1,2,0.09942
2054,1,3,0.64551
2054,1,4,-0.45039
2054,1,5,-0.81464
2054,1,6,1.1075
2054,1,7,1.1746
2054,1,8,-0.21311
2054,1,9,-0.87076
2054,1,10,3.7091
2054,1,11,2.186
2054,1,12,2.541
2054,1,13,7.8375
2054,1,14,5.1196
2054,1,15,4.6069
2054,1,16,7.5814
2054,1,17,5.7208
2054,1,18,3.5569
2054,1,19,4.1488
2054,1,20,3.843
2054,1,21,1.2278
2054,1,22,2.8033
2054,1,23,1.523
2054,1,24,3.7148
2054,1,25,2.8167
2054,1,26,1.4451
2054,1,27,0.89736
2054,1,28,5.4028
2054,1,29,5.363
2054,1,30,2.0851
2054,1,31,3.567
2054,2,1,4.266
2054,2,2,0.32815
2054,2,3,2.1282
2054,2,4,4.4117
2054,2,5,6.7404
2054,2,6,4.8205
2054,2,7,2.808
2054,2,8,5.375
2054,2,9,3.7386
2054,2,10,1.7343
2054,2,11,1.1231
2054,2,12,4.4535
2054,2,13,3.5227
2054,2,14,1.0854
2054,2,15,2.0177
2054,2,16,8.1927
2054,2,17,3.3392
2054,2,18,4.9861
2054,2,19,3.5255
2054,2,20,2.5289
2054,2,21,0.030573
2054,2,22,4.0746
2054,2,23,2.6345
2054,2,24,3.4205
2054,2,25,1.7158
2054,2,26,1.9104
2054,2,27,1.7879
2054,2,28,1.8192
2054,3,1,7.6609
2054,3,2,5.3262
2054,3,3,8.1201
2054,3,4,5.9133
2054,3,5,3.0175
2054,3,6,1.3255
2054,3,7,0.91541
2054,3,8,0.51425
2054,3,9,1.6892
2054,3,10,7.0009
2054,3,11,6.1055
2054,3,12,6.032
2054,3,13,5.9097
2054,3,14,6.0907
2054,3,15,4.0927
2054,3,16,7.9554
2054,3,17,6.8384
2054,3,18,7.0554
2054,3,19,4.5869
2054,3,20,3.0654
2054,3,21,1.5061
2054,3,22,5.4387
2054,3,23,5.7813
2054,3,24,3.0178
2054,3,25,6.7271
2054,3,26,8.7619
2054,3,27,6.7904
2054,3,28,4.0838
2054,3,29,5.5921
2054,3,30,3.986
2054,3,31,8.7823
2054,4,1,9.8747
2054,4,2,8.0382
2054,4,3,5.3454
2054,4,4,6.9182
2054,4,5,7.1198
2054,4,6,5.6167
2054,4,7,5.2029
2054,4,8,7.7013
2054,4,9,5.0847
2054,4,10,7.8319
2054,4,11,6.1348
2054,4,12,5.8566
2054,4,13,4.5961
2054,4,14,5.0908
2054,4,15,4.6157
2054,4,16,7.4444
2054,4,17,6.1974
2054,4,18,10.058
2054,4,19,8.1019
2054,4,20,9.5205
2054,4,21,9.4877
2054,4,22,8.5756
2054,4,23,9.7852
2054,4,24,8.972
2054,4,25,7.8837
2054,4,26,6.0938
2054,4,27,5.9208
2054,4,28,9.8181
2054,4,29,8.7164
2054,4,30,8.7851
2054,5,1,8.8692
2054,5,2,10.353
2054,5,3,13.022
2054,5,4,12.51
2054,5,5,12.016
2054,5,6,12.311
2054,5,7,10.2
2054,5,8,9.0194
2054,5,9,7.9004
2054,5,10,6.6968
2054,5,11,7.0836
2054,5,12,5.7828
2054,5,13,8.7925
2054,5,14,5.7474
2054,5,15,8.1965
2054,5,16,9.7591
2054,5,17,11.162
2054,5,18,11.407
2054,5,19,11.505
2054,5,20,11.969
2054,5,21,10.729
2054,5,22,12.976
2054,5,23,12.621
2054,5,24,9.6168
2054,5,25,7.6909
2054,5,26,9.4709
2054,5,27,11.527
2054,5,28,11.039
2054,5,29,10.683
2054,5,30,10.454
2054,5,31,11.19
2054,6,1,11.003
2054,6,2,10.066
2054,6,3,12.339
2054,6,4,10.267
2054,6,5,14.846
2054,6,6,12.957
2054,6,7,10.84
2054,6,8,10.918
2054,6,9,10.499
2054,6,10,11.572
2054,6,11,14.722
2054,6,12,17.787
2054,6,13,15.4
2054,6,14,15.833
2054,6,15,15.956
2054,6,16,16.359
2054,6,17,16.083
2054,6,18,16.139
2054,6,19,19.483
2054,6,20,19.673
2054,6,21,16.993
2054,6,22,14.879
2054,6,23,14.467
2054,6,24,14.505
2054,6,25,15.796
2054,6,26,15.361
2054,6,27,16.964
2054,6,28,18.519
2054,6,29,18.788
2054,6,30,18.299
2054,7,1,19.963
2054,7,2,20.608
2054,7,3,20.689
2054,7,4,21.478
2054,7,5,20.739
2054,7,6,21.095
2054,7,7,21.667
2054,7,8,20.643
2054,7,9,19.986
2054,7,10,20.422
2054,7,11,21.155
2054,7,12,20.207
2054,7,13,20.483
2054,7,14,20.803
2054,7,15,19.685
2054,7,16,21.562
2054,7,17,20.689
2054,7,18,19.26
2054,7,19,21.659
2054,7,20,22.253
2054,7,21,22.357
2054,7,22,20.542
2054,7,23,21.432
2054,7,24,20.589
2054,7,25,22.483
2054,7,26,22.021
2054,7,27,21.679
2054,7,28,21.478
2054,7,29,23.241
2054,7,30,23.131
2054,7,31,22.781
2054,8,1,23.571
2054,8,2,22.493
2054,8,3,19.283
2054,8,4,16.791
2054,8,5,17.303
2054,8,6,19.229
2054,8,7,20.305
2054,8,8,20.072
2054,8,9,21.262
2054,8,10,20.871
2054,8,11,22.229
2054,8,12,24.504
2054,8,13,23.424
2054,8,14,20.966
2054,8,15,20.658
2054,8,16,21.758
2054,8,17,19.882
2054,8,18,19.71
2054,8,19,19.516
2054,8,20,18.93
2054,8,21,18.155
2054,8,22,18.911
2054,8,23,19.299
2054,8,24,20.632
2054,8,25,21.006
2054,8,26,18.194
2054,8,27,20.842
2054,8,28,22.342
2054,8,29,22.805
2054,8,30,21.582
2054,8,31,22.011
2054,9,1,20.422
2054,9,2,19.366
2054,9,3,19.883
2054,9,4,20.018
2054,9,5,17.982
2054,9,6,18.608
2054,9,7,17.762
2054,9,8,18.791
2054,9,9,20.134
2054,9,10,19.606
2054,9,11,22.51
2054,9,12,20.274
2054,9,13,19.552
2054,9,14,14.075
2054,9,15,11.557
2054,9,16,13.036
2054,9,17,15.416
2054,9,18,16.165
2054,9,19,16.248
2054,9,20,22.006
2054,9,21,17.49
2054,9,22,14.852
2054,9,23,12.461
2054,9,24,13.617
2054,9,25,12.809
2054,9,26,13.239
2054,9,27,12.335
2054,9,28,13.342
2054,9,29,11.75
2054,9,30,13.623
2054,10,1,16.602
2054,10,2,15.035
2054,10,3,13.895
2054,10,4,17.495
2054,10,5,15.588
2054,10,6,14.511
2054,10,7,13.212
2054,10,8,13.127
2054,10,9,14.573
2054,10,10,12.886
2054,10,11,10.952
2054,10,12,9.0379
2054,10,13,10.671
2054,10,14,8.25
2054,10,15,8.9841
2054,10,16,9.9756
2054,10,17,10.163
2054,10,18,10.456
2054,10,19,10.13
2054,10,20,12.856
2054,10,21,12.898
2054,10,22,11.889
2054,10,23,11.686
2054,10,24,15.742
2054,10,25,15.03
2054,10,26,13.619
2054,10,27,12.227
2054,10,28,14.212
2054,10,29,17.498
2054,10,30,13.744
2054,10,31,9.7458
2054,11,1,7.9823
2054,11,2,9.5433
2054,11,3,13.118
2054,11,4,5.9847
2054,11,5,3.4041
2054,11,6,1.7728
2054,11,7,5.0677
2054,11,8,5.1272
2054,11,9,7.0874
2054,11,10,8.9338
2054,11,11,14.713
2054,11,12,13.719
2054,11,13,12.78
2054,11,14,13.054
2054,11,15,17.418
2054,11,16,17.032
2054,11,17,16.26
2054,11,18,14.852
2054,11,19,16.108
2054,11,20,8.4048
2054,11,21,5.1903
2054,11,22,9.3685
2054,11,23,9.848
2054,11,24,8.9826
2054,11,25,5.6753
2054,11,26,8.3221
2054,11,27,5.5085
2054,11,28,4.5549
2054,11,29,6.1157
2054,11,30,9.056
2054,12,1,6.7841
2054,12,2,2.4192
2054,12,3,1.247
2054,12,4,2.393
2054,12,5,4.1798
2054,12,6,7.6205
2054,12,7,4.0197
2054,12,8,6.5507
2054,12,9,3.4212
2054,12,10,0.40859
2054,12,11,4.7052
2054,12,12,4.3781
2054,12,13,3.7501
2054,12,14,1.2312
2054,12,15,2.1263
2054,12,16,4.2567
2054,12,17,0.66248
2054,12,18,2.6789
2054,12,19,0.62614
2054,12,20,-0.011369
2054,12,21,-0.0009318
2054,12,22,10.334
2054,12,23,6.6772
2054,12,24,7.177
2054,12,25,7.7988
2054,12,26,7.1626
2054,12,27,4.2224
2054,12,28,5.734
2054,12,29,2.5504
2054,12,30,4.4628
2054,12,31,3.2846
2055,1,1,1.2547
2055,1,2,2.014
2055,1,3,9.0983
2055,1,4,8.6158
2055,1,5,11.174
2055,1,6,4.6439
2055,1,7,5.0367
2055,1,8,3.4285
2055,1,9,1.9663
2055,1,10,11.815
2055,1,11,8.4987
2055,1,12,7.0208
2055,1,13,6.7475
2055,1,14,12.746
2055,1,15,4.0565
2055,1,16,2.6022
2055,1,17,2.0829
2055,1,18,1.1123
2055,1,19,4.808
2055,1,20,1.8175
2055,1,21,7.4223
2055,1,22,5.7468
2055,1,23,5.2403
2055,1,24,0.15643
2055,1,25,-1.6077
2055,1,26,2.4052
2055,1,27,1.104
2055,1,28,6.026
2055,1,29,6.1356
2055,1,30,6.0098
2055,1,31,5.5199
2055,2,1,3.3327
2055,2,2,4.8517
2055,2,3,4.198
2055,2,4,3.21
2055,2,5,6.9938
2055,2,6,6.2936
2055,2,7,3.5657
2055,2,8,9.8709
2055,2,9,10.606
2055,2,10,5.1193
2055,2,11,6.3711
2055,2,12,9.9551
2055,2,13,8.5678
2055,2,14,6.3038
2055,2,15,4.7497
2055,2,16,6.8666
2055,2,17,7.286
2055,2,18,7.3982
2055,2,19,7.8183
2055,2,20,7.2203
2055,2,21,5.2329
2055,2,22,5.2635
2055,2,23,7.6308
2055,2,24,7.0126
2055,2,25,7.2484
2055,2,26,6.5873
2055,2,27,5.2536
2055,2,28,8.0524
2055,3,1,4.2746
2055,3,2,6.9168
2055,3,3,6.4332
2055,3,4,3.401
2055,3,5,1.7613
2055,3,6,0.55864
2055,3,7,1.9859
2055,3,8,7.9577
2055,3,9,8.5081
2055,3,10,10.752
2055,3,11,12.324
2055,3,12,7.5894
2055,3,13,6.7762
2055,3,14,5.1359
2055,3,15,4.1196
2055,3,16,7.2664
2055,3,17,5.2652
2055,3,18,7.2823
2055,3,19,7.2576
2055,3,20,11.687
2055,3,21,4.545
2055,3,22,2.9856
2055,3,23,2.648
2055,3,24,4.4243
2055,3,25,2.3201
2055,3,26,5.6895
2055,3,27,4.5958
2055,3,28,7.7025
2055,3,29,4.3756
2055,3,30,3.9321
2055,3,31,5.6768
2055,4,1,6.4969
2055,4,2,7.4423
2055,4,3,8.9901
2055,4,4,13.602
2055,4,5,10.656
2055,4,6,7.8776
2055,4,7,5.1662
2055,4,8,4.0005
2055,4,9,3.4837
2055,4,10,5.5336
2055,4,11,10.107
2055,4,12,7.4883
2055,4,13,6.4808
2055,4,14,7.6805
2055,4,15,7.5002
2055,4,16,7.7312
2055,4,17,9.0117
2055,4,18,13.299
2055,4,19,10.76
2055,4,20,8.7042
2055,4,21,9.392
2055,4,22,8.7063
2055,4,23,9.8285
2055,4,24,8.76
2055,4,25,7.9447
2055,4,26,6.8039
2055,4,27,11.255
2055,4,28,10.894
2055,4,29,10.482
2055,4,30,9.0469
2055,5,1,12.762
2055,5,2,12.251
2055,5,3,14.728
2055,5,4,14.878
2055,5,5,13.869
2055,5,6,13.375
2055,5,7,14.227
2055,5,8,13.37
2055,5,9,11.344
2055,5,10,8.676
2055,5,11,7.4706
2055,5,12,10.68
2055,5,13,11.289
2055,5,14,12.891
2055,5,15,13.844
2055,5,16,13.146
2055,5,17,11.465
2055,5,18,13.684
2055,5,19,11.187
2055,5,20,8.5429
2055,5,21,10.552
2055,5,22,11.689
2055,5,23,11.758
2055,5,24,13.661
2055,5,25,12.085
2055,5,26,13.085
2055,5,27,12.987
2055,5,28,14.41
2055,5,29,14.49
2055,5,30,14.529
2055,5,31,14.225
2055,6,1,12.246
2055,6,2,11.25
2055,6,3,11.331
2055,6,4,13.274
2055,6,5,14.084
2055,6,6,14.083
2055,6,7,15.305
2055,6,8,15.708
2055,6,9,15.563
2055,6,10,15.712
2055,6,11,14.294
2055,6,12,16.562
2055,6,13,14.373
2055,6,14,17.786
2055,6,15,17.706
2055,6,16,16.684
2055,6,17,16.918
2055,6,18,15.895
2055,6,19,18.226
2055,6,20,17.269
2055,6,21,16.734
2055,6,22,15.221
2055,6,23,19.516
2055,6,24,20.158
2055,6,25,18.92
2055,6,26,17.834
2055,6,27,20.972
2055,6,28,22.736
2055,6,29,21.567
2055,6,30,20.235
2055,7,1,18.225
2055,7,2,16.562
2055,7,3,17.499
2055,7,4,21.383
2055,7,5,20.786
2055,7,6,20.286
2055,7,7,20.406
2055,7,8,20.976
2055,7,9,21.008
2055,7,10,19.959
2055,7,11,19.895
2055,7,12,20.775
2055,7,13,20.658
2055,7,14,20.458
2055,7,15,18.021
2055,7,16,20.92
2055,7,17,19.426
2055,7,18,21.795
2055,7,19,21.838
2055,7,20,22.982
2055,7,21,22.515
2055,7,22,23.472
2055,7,23,24.059
2055,7,24,23.013
2055,7,25,22.128
2055,7,26,20.677
2055,7,27,23.977
2055,7,28,23.901
2055,7,29,23.497
2055,7,30,22.738
2055,7,31,21.865
2055,8,1,20.331
2055,8,2,18.055
2055,8,3,19.281
2055,8,4,21.013
2055,8,5,20.857
2055,8,6,21.356
2055,8,7,24.738
2055,8,8,24.18
2055,8,9,23.362
2055,8,10,23.84
2055,8,11,19.25
2055,8,12,17.003
2055,8,13,16.504
2055,8,14,17.012
2055,8,15,18.805
2055,8,16,20.218
2055,8,17,20.709
2055,8,18,21.583
2055,8,19,20.296
2055,8,20,20.854
2055,8,21,18.175
2055,8,22,17.052
2055,8,23,18.61
2055,8,24,17.947
2055,8,25,15.343
2055,8,26,14.885
2055,8,27,16.565
2055,8,28,17.263
2055,8,29,17.07
2055,8,30,14.757
2055,8,31,12.996
2055,9,1,14.827
2055,9,2,18.041
2055,9,3,17.864
2055,9,4,17.686
2055,9,5,17.913
2055,9,6,18.649
2055,9,7,17.335
2055,9,8,17.613
2055,9,9,17.348
2055,9,10,15.178
2055,9,11,12.491
2055,9,12,12.802
2055,9,13,16.503
2055,9,14,16.352
2055,9,15,18.63
2055,9,16,14.146
2055,9,17,13.021
2055,9,18,11.483
2055,9,19,15.954
2055,9,20,17.666
2055,9,21,17.53
2055,9,22,10.956
2055,9,23,8.8287
2055,9,24,12.57
2055,9,25,13.094
2055,9,26,11.631
2055,9,27,11.087
2055,9,28,8.5367
2055,9,29,10.52
2055,9,30,11.736
2055,10,1,9.3422
2055,10,2,7.3437
2055,10,3,8.9851
2055,10,4,10.781
2055,10,5,11.238
2055,10,6,11.888
2055,10,7,11.729
2055,10,8,14.687
2055,10,9,16.198
2055,10,10,11.832
2055,10,11,11.2
2055,10,12,8.6081
2055,10,13,7.2505
2055,10,14,4.4489
2055,10,15,6.9363
2055,10,16,7.872
2055,10,17,5.8884
2055,10,18,5.6156
2055,10,19,6.8137
2055,10,20,4.4862
2055,10,21,5.3339
2055,10,22,4.9186
2055,10,23,9.0804
2055,10,24,6.5371
2055,10,25,7.5982
2055,10,26,11.192
2055,10,27,14.577
2055,10,28,10.718
2055,10,29,9.8179
2055,10,30,6.936
2055,10,31,13.835
2055,11,1,11.476
2055,11,2,10.169
2055,11,3,7.9972
2055,11,4,8.9684
2055,11,5,8.4523
2055,11,6,10.808
2055,11,7,10.107
2055,11,8,11.099
2055,11,9,10.719
2055,11,10,9.1054
2055,11,11,8.4851
2055,11,12,6.8096
2055,11,13,6.9231
2055,11,14,8.7781
2055,11,15,7.649
2055,11,16,9.7485
2055,11,17,14.721
2055,11,18,10.768
2055,11,19,3.0685
2055,11,20,2.7681
2055,11,21,7.8519
2055,11,22,7.8823
2055,11,23,9.3169
2055,11,24,7.5208
2055,11,25,8.1994
2055,11,26,12.574
2055,11,27,10.357
2055,11,28,9.5121
2055,11,29,13.105
2055,11,30,9.1518
2055,12,1,11.232
2055,12,2,3.7789
2055,12,3,1.7491
2055,12,4,2.6059
2055,12,5,9.2023
2055,12,6,11.836
2055,12,7,10.132
2055,12,8,12.547
2055,12,9,11.102
2055,12,10,4.8434
2055,12,11,3.4531
2055,12,12,5.9356
2055,12,13,5.0166
2055,12,14,1.8896
2055,12,15,6.1701
2055,12,16,6.0466
2055,12,17,6.2593
2055,12,18,5.4748
2055,12,19,4.2329
2055,12,20,2.0161
2055,12,21,3.9704
2055,12,22,2.2636
2055,12,23,2.2614
2055,12,24,4.4308
2055,12,25,2.8348
2055,12,26,4.2456
2055,12,27,3.6344
2055,12,28,9.8058
2055,12,29,7.6865
2055,12,30,6.9423
2055,12,31,5.9912
2056,1,1,1.7659
2056,1,2,1.3452
2056,1,3,2.4093
2056,1,4,4.4541
2056,1,5,2.487
2056,1,6,0.052423
2056,1,7,-0.84143
2056,1,8,-0.15631
2056,1,9,4.3044
2056,1,10,8.2532
2056,1,11,5.2376
2056,1,12,4.8214
2056,1,13,5.5561
2056,1,14,9.205
2056,1,15,1.459
2056,1,16,-0.21541
2056,1,17,3.3484
2056,1,18,7.7136
2056,1,19,4.6168
2056,1,20,3.2277
2056,1,21,5.9907
2056,1,22,2.8097
2056,1,23,1.7931
2056,1,24,2.3224
2056,1,25,4.3203
2056,1,26,7.2071
2056,1,27,6.5595
2056,1,28,5.4967
2056,1,29,7.0642
2056,1,30,8.8001
2056,1,31,7.1086
2056,2,1,6.236
2056,2,2,1.2322
2056,2,3,0.61638
2056,2,4,1.2156
2056,2,5,-0.014166
2056,2,6,1.2397
2056,2,7,-0.011857
2056,2,8,1.0783
2056,2,9,1.669
2056,2,10,7.0509
2056,2,11,3.2207
2056,2,12,2.0535
2056,2,13,6.4189
2056,2,14,4.1201
2056,2,15,4.8351
2056,2,16,6.6049
2056,2,17,5.4096
2056,2,18,1.2961
2056,2,19,3.7967
2056,2,20,8.76
2056,2,21,5.275
2056,2,22,1.7371
2056,2,23,1.6864
2056,2,24,5.0985
2056,2,25,7.1179
2056,2,26,5.0165
2056,2,27,2.8342
2056,2,28,7.9933
2056,2,29,4.7865
2056,3,1,10.65
2056,3,2,11.569
2056,3,3,11.462
2056,3,4,11.893
2056,3,5,11.862
2056,3,6,6.4229
2056,3,7,4.4982
2056,3,8,12.143
2056,3,9,8.5539
2056,3,10,7.161
2056,3,11,7.3523
2056,3,12,5.2039
2056,3,13,4.7363
2056,3,14,4.3751
2056,3,15,3.4831
2056,3,16,3.4021
2056,3,17,4.8056
2056,3,18,7.7064
2056,3,19,7.7288
2056,3,20,6.0041
2056,3,21,6.913
2056,3,22,8.9523
2056,3,23,8.0316
2056,3,24,11.496
2056,3,25,6.546
2056,3,26,4.677
2056,3,27,2.2453
2056,3,28,7.1228
2056,3,29,6.4526
2056,3,30,7.0815
2056,3,31,3.812
2056,4,1,3.9941
2056,4,2,2.9264
2056,4,3,6.162
2056,4,4,6.2313
2056,4,5,7.7175
2056,4,6,5.7768
2056,4,7,3.8561
2056,4,8,5.6289
2056,4,9,7.9086
2056,4,10,6.7626
2056,4,11,8.0328
2056,4,12,6.4731
2056,4,13,4.5982
2056,4,14,4.6738
2056,4,15,6.145
2056,4,16,8.6237
2056,4,17,11.399
2056,4,18,8.8916
2056,4,19,7.1528
2056,4,20,6.4049
2056,4,21,7.2089
2056,4,22,5.9172
2056,4,23,7.0831
2056,4,24,8.1133
2056,4,25,11.454
2056,4,26,8.6228
2056,4,27,7.9044
2056,4,28,8.524
2056,4,29,11.358
2056,4,30,10.761
2056,5,1,10.639
2056,5,2,10.338
2056,5,3,8.6492
2056,5,4,11.809
2056,5,5,12.373
2056,5,6,11.653
2056,5,7,13.618
2056,5,8,11.95
2056,5,9,13.069
2056,5,10,14.586
2056,5,11,11.367
2056,5,12,12.826
2056,5,13,13.992
2056,5,14,15.664
2056,5,15,16.135
2056,5,16,15.9
2056,5,17,14.426
2056,5,18,12.286
2056,5,19,14.008
2056,5,20,14.356
2056,5,21,13.112
2056,5,22,11.029
2056,5,23,11.326
2056,5,24,13.207
2056,5,25,14.524
2056,5,26,13.925
2056,5,27,13.079
2056,5,28,14.894
2056,5,29,13.003
2056,5,30,12.351
2056,5,31,15.737
2056,6,1,18.163
2056,6,2,16.445
2056,6,3,17.75
2056,6,4,18.817
2056,6,5,18.317
2056,6,6,16.903
2056,6,7,15.695
2056,6,8,17.053
2056,6,9,17.695
2056,6,10,16.954
2056,6,11,16.527
2056,6,12,15.436
2056,6,13,19.004
2056,6,14,18.805
2056,6,15,20.743
2056,6,16,20.699
2056,6,17,21.265
2056,6,18,22.769
2056,6,19,21.874
2056,6,20,20.024
2056,6,21,18.982
2056,6,22,18.078
2056,6,23,18.619
2056,6,24,19.464
2056,6,25,20.482
2056,6,26,21.484
2056,6,27,20.713
2056,6,28,21.395
2056,6,29,21.611
2056,6,30,23.185
2056,7,1,23.843
2056,7,2,25.696
2056,7,3,22.825
2056,7,4,23.708
2056,7,5,23.9
2056,7,6,19.649
2056,7,7,16.567
2056,7,8,14.937
2056,7,9,16.005
2056,7,10,18.656
2056,7,11,18.542
2056,7,12,18.946
2056,7,13,16.58
2056,7,14,18.504
2056,7,15,19.996
2056,7,16,17.265
2056,7,17,14.69
2056,7,18,17.408
2056,7,19,19.671
2056,7,20,20.714
2056,7,21,20.873
2056,7,22,21.555
2056,7,23,20.426
2056,7,24,21.047
2056,7,25,20.705
2056,7,26,22.056
2056,7,27,22.949
2056,7,28,20.801
2056,7,29,18.018
2056,7,30,19.358
2056,7,31,18.251
2056,8,1,16.711
2056,8,2,18.213
2056,8,3,19.495
2056,8,4,18.06
2056,8,5,16.287
2056,8,6,15.792
2056,8,7,17.676
2056,8,8,17.747
2056,8,9,17.984
2056,8,10,18.541
2056,8,11,21.456
2056,8,12,20.946
2056,8,13,19.338
2056,8,14,19.127
2056,8,15,16.691
2056,8,16,18.229
2056,8,17,18.296
2056,8,18,18.711
2056,8,19,19.56
2056,8,20,21.036
2056,8,21,20.12
2056,8,22,16.901
2056,8,23,17.338
2056,8,24,20.087
2056,8,25,17.261
2056,8,26,16.895
2056,8,27,20.897
2056,8,28,18.831
2056,8,29,17.414
2056,8,30,18.214
2056,8,31,16.1
2056,9,1,16.163
2056,9,2,17.249
2056,9,3,16.022
2056,9,4,18.844
2056,9,5,18.309
2056,9,6,15.631
2056,9,7,15.538
2056,9,8,15.229
2056,9,9,15.992
2056,9,10,17.049
2056,9,11,15.777
2056,9,12,17.762
2056,9,13,15.432
2056,9,14,13.591
2056,9,15,18.136
2056,9,16,17.897
2056,9,17,15.293
2056,9,18,16.161
2056,9,19,19.32
2056,9,20,20.93
2056,9,21,21.312
2056,9,22,15.647
2056,9,23,14.841
2056,9,24,14.51
2056,9,25,15.802
2056,9,26,11.148
2056,9,27,7.7566
2056,9,28,7.9085
2056,9,29,12.061
2056,9,30,9.9268
2056,10,1,15.286
2056,10,2,11.885
2056,10,3,11.4
2056,10,4,11.62
2056,10,5,11.201
2056,10,6,11.972
2056,10,7,13.145
2056,10,8,11.593
2056,10,9,13.396
2056,10,10,14.201
2056,10,11,9.7336
2056,10,12,8.1689
2056,10,13,10.551
2056,10,14,11.414
2056,10,15,12.437
2056,10,16,13.583
2056,10,17,9.9459
2056,10,18,7.8031
2056,10,19,5.3185
2056,10,20,11.42
2056,10,21,10.64
2056,10,22,13.23
2056,10,23,11.05
2056,10,24,16.588
2056,10,25,11.516
2056,10,26,8.3878
2056,10,27,9.9094
2056,10,28,9.3949
2056,10,29,8.2818
2056,10,30,9.1045
2056,10,31,8.5068
2056,11,1,10.305
2056,11,2,11.402
2056,11,3,10.231
2056,11,4,8.4976
2056,11,5,6.2356
2056,11,6,5.4962
2056,11,7,3.2487
2056,11,8,2.1954
2056,11,9,8.5942
2056,11,10,8.1809
2056,11,11,11.458
2056,11,12,11.502
2056,11,13,6.8393
2056,11,14,5.9439
2056,11,15,6.8999
2056,11,16,8.9287
2056,11,17,6.2216
2056,11,18,8.5849
2056,11,19,9.937
2056,11,20,8.4635
2056,11,21,4.7112
2056,11,22,2.5348
2056,11,23,6.8251
2056,11,24,4.5885
2056,11,25,3.7089
2056,11,26,4.3936
2056,11,27,3.7377
2056,11,28,7.0918
2056,11,29,8.4392
2056,11,30,6.3843
2056,12,1,8.3618
2056,12,2,5.5961
2056,12,3,8.5548
2056,12,4,8.1594
2056,12,5,8.2756
2056,12,6,7.1664
2056,12,7,6.8559
2056,12,8,2.9154
2056,12,9,2.807
2056,12,10,1.4317
2056,12,11,3.2536
2056,12,12,3.9503
2056,12,13,4.4393
2056,12,14,3.6058
2056,12,15,2.823
2056,12,16,1.0344
2056,12,17,6.5137
2056,12,18,13.621
2056,12,19,12.379
2056,12,20,7.6629
2056,12,21,6.0585
2056,12,22,6.4548
2056,12,23,5.632
2056,12,24,3.7989
2056,12,25,1.3916
2056,12,26,-0.32257
2056,12,27,0.98013
2056,12,28,8.4303
2056,12,29,11.936
2056,12,30,11.176
2056,12,31,7.6335
2057,1,1,8.7515
2057,1,2,11.598
2057,1,3,12.225
2057,1,4,11.217
2057,1,5,4.0912
2057,1,6,3.2596
2057,1,7,3.4402
2057,1,8,3.1429
2057,1,9,9.2373
2057,1,10,8.317
2057,1,11,4.316
2057,1,12,4.2455
2057,1,13,5.054
2057,1,14,6.1321
2057,1,15,4.1666
2057,1,16,6.0415
2057,1,17,7.285
2057,1,18,6.145
2057,1,19,9.1226
2057,1,20,8.0315
2057,1,21,3.7694
2057,1,22,1.7608
2057,1,23,1.2645
2057,1,24,0.90195
2057,1,25,0.99321
2057,1,26,0.97127
2057,1,27,6.0686
2057,1,28,7.713
2057,1,29,8.8531
2057,1,30,9.2007
2057,1,31,9.3147
2057,2,1,9.246
2057,2,2,10.896
2057,2,3,10.653
2057,2,4,10.845
2057,2,5,6.9342
2057,2,6,6.4069
2057,2,7,5.0656
2057,2,8,4.0425
2057,2,9,4.296
2057,2,10,3.829
2057,2,11,2.8723
2057,2,12,3.5538
2057,2,13,1.5746
2057,2,14,1.3397
2057,2,15,3.6068
2057,2,16,0.81237
2057,2,17,4.1877
2057,2,18,2.2739
2057,2,19,4.2507
2057,2,20,1.994
2057,2,21,3.3349
2057,2,22,6.9783
2057,2,23,5.2071
2057,2,24,4.1654
2057,2,25,3.0384
2057,2,26,1.4838
2057,2,27,0.51427
2057,2,28,1.2558
2057,3,1,1.3997
2057,3,2,0.5753
2057,3,3,6.2573
2057,3,4,4.4458
2057,3,5,5.0144
2057,3,6,4.6017
2057,3,7,5.3943
2057,3,8,6.0372
2057,3,9,9.8674
2057,3,10,9.3072
2057,3,11,7.8794
2057,3,12,4.7244
2057,3,13,3.1774
2057,3,14,3.8664
2057,3,15,3.2039
2057,3,16,3.1285
2057,3,17,1.9027
2057,3,18,5.8044
2057,3,19,4.6578
2057,3,20,8.1052
2057,3,21,6.6698
2057,3,22,7.1813
2057,3,23,6.2192
2057,3,24,4.3006
2057,3,25,2.6064
2057,3,26,5.5123
2057,3,27,4.6212
2057,3,28,1.8728
2057,3,29,5.0536
2057,3,30,7.1853
2057,3,31,4.2822
2057,4,1,8.3702
2057,4,2,4.4581
2057,4,3,4.7761
2057,4,4,5.5041
2057,4,5,8.1685
2057,4,6,9.17
2057,4,7,7.3907
2057,4,8,5.123
2057,4,9,6.6864
2057,4,10,6.9165
2057,4,11,5.2073
2057,4,12,5.7702
2057,4,13,7.0642
2057,4,14,9.5769
2057,4,15,11.974
2057,4,16,11.087
2057,4,17,11.543
2057,4,18,8.9971
2057,4,19,8.842
2057,4,20,12.126
2057,4,21,10.598
2057,4,22,10.907
2057,4,23,8.9048
2057,4,24,6.0123
2057,4,25,3.8539
2057,4,26,2.966
2057,4,27,10.551
2057,4,28,12.026
2057,4,29,11.275
2057,4,30,11.637
2057,5,1,12.086
2057,5,2,11.734
2057,5,3,10.649
2057,5,4,11.444
2057,5,5,11.877
2057,5,6,10.965
2057,5,7,11.804
2057,5,8,8.9293
2057,5,9,11.527
2057,5,10,10.475
2057,5,11,13.142
2057,5,12,12.445
2057,5,13,14.296
2057,5,14,11.869
2057,5,15,10.022
2057,5,16,8.4358
2057,5,17,9.1114
2057,5,18,14.451
2057,5,19,13.024
2057,5,20,10.808
2057,5,21,9.7984
2057,5,22,13.105
2057,5,23,10.686
2057,5,24,10.372
2057,5,25,11.606
2057,5,26,11.181
2057,5,27,12.16
2057,5,28,14.059
2057,5,29,15.605
2057,5,30,14.873
2057,5,31,14.543
2057,6,1,16.033
2057,6,2,15.358
2057,6,3,14.43
2057,6,4,12.592
2057,6,5,14.826
2057,6,6,17.295
2057,6,7,17.476
2057,6,8,16.899
2057,6,9,15.354
2057,6,10,14.253
2057,6,11,14.449
2057,6,12,13.806
2057,6,13,14.016
2057,6,14,17.26
2057,6,15,17.217
2057,6,16,15.649
2057,6,17,15.012
2057,6,18,15.337
2057,6,19,16.607
2057,6,20,15.793
2057,6,21,15.893
2057,6,22,16.005
2057,6,23,19.688
2057,6,24,19.921
2057,6,25,19.411
2057,6,26,17.146
2057,6,27,14.83
2057,6,28,13.835
2057,6,29,16.052
2057,6,30,18.514
2057,7,1,19.086
2057,7,2,19.433
2057,7,3,16.981
2057,7,4,16.481
2057,7,5,15.411
2057,7,6,16.302
2057,7,7,18.319
2057,7,8,17.539
2057,7,9,18.733
2057,7,10,17.949
2057,7,11,15.176
2057,7,12,13.274
2057,7,13,13.643
2057,7,14,14.972
2057,7,15,15.608
2057,7,16,18.493
2057,7,17,19.161
2057,7,18,19.187
2057,7,19,17.744
2057,7,20,15.431
2057,7,21,14.847
2057,7,22,16.845
2057,7,23,14.163
2057,7,24,18.163
2057,7,25,16.46
2057,7,26,18.326
2057,7,27,19.163
2057,7,28,19.151
2057,7,29,22.267
2057,7,30,20.274
2057,7,31,22.706
2057,8,1,21.066
2057,8,2,20.59
2057,8,3,20.387
2057,8,4,18.423
2057,8,5,15.655
2057,8,6,17.303
2057,8,7,19.748
2057,8,8,20.125
2057,8,9,21.302
2057,8,10,19.571
2057,8,11,22.792
2057,8,12,22.031
2057,8,13,22.397
2057,8,14,21.902
2057,8,15,19.624
2057,8,16,20.328
2057,8,17,22.999
2057,8,18,19.359
2057,8,19,20.483
2057,8,20,23.04
2057,8,21,22.476
2057,8,22,19.658
2057,8,23,15.651
2057,8,24,14.471
2057,8,25,12.919
2057,8,26,14.879
2057,8,27,16.914
2057,8,28,16.991
2057,8,29,17.122
2057,8,30,16.996
2057,8,31,17.217
2057,9,1,19.069
2057,9,2,18.022
2057,9,3,17.102
2057,9,4,15.393
2057,9,5,18.466
2057,9,6,20.642
2057,9,7,18.995
2057,9,8,17.888
2057,9,9,18.155
2057,9,10,19.195
2057,9,11,18.081
2057,9,12,18.232
2057,9,13,13.289
2057,9,14,11.568
2057,9,15,11.359
2057,9,16,10.879
2057,9,17,13.96
2057,9,18,13.375
2057,9,19,12.964
2057,9,20,12.1
2057,9,21,13.598
2057,9,22,17.404
2057,9,23,16.274
2057,9,24,14.664
2057,9,25,14.951
2057,9,26,17.73
2057,9,27,15.632
2057,9,28,16.619
2057,9,29,16.972
2057,9,30,16.658
2057,10,1,13.899
2057,10,2,13.82
2057,10,3,12.864
2057,10,4,14.919
2057,10,5,14.364
2057,10,6,14.435
2057,10,7,14.482
2057,10,8,14.985
2057,10,9,16.639
2057,10,10,15.872
2057,10,11,14.437
2057,10,12,13.264
2057,10,13,11.112
2057,10,14,12.141
2057,10,15,12.762
2057,10,16,11.991
2057,10,17,13.393
2057,10,18,14.187
2057,10,19,14.522
2057,10,20,14.187
2057,10,21,11.052
2057,10,22,8.7714
2057,10,23,8.2641
2057,10,24,9.643
2057,10,25,9.5135
2057,10,26,8.9818
2057,10,27,11.873
2057,10,28,6.6136
2057,10,29,5.383
2057,10,30,10.56
2057,10,31,9.1528
2057,11,1,7.3276
2057,11,2,6.0028
2057,11,3,7.4426
2057,11,4,5.602
2057,11,5,5.1738
2057,11,6,4.0356
2057,11,7,3.2145
2057,11,8,3.8001
2057,11,9,2.651
2057,11,10,5.7737
2057,11,11,4.5991
2057,11,12,2.5714
2057,11,13,2.5766
2057,11,14,0.84225
2057,11,15,2.7041
2057,11,16,1.3965
2057,11,17,2.4331
2057,11,18,5.3985
2057,11,19,7.6398
2057,11,20,8.0874
2057,11,21,7.4736
2057,11,22,3.8613
2057,11,23,0.99907
2057,11,24,0.71618
2057,11,25,-0.32961
2057,11,26,0.43431
2057,11,27,1.0754
2057,11,28,0.90489
2057,11,29,2.6587
2057,11,30,1.4071
2057,12,1,1.788
2057,12,2,1.1976
2057,12,3,6.8459
2057,12,4,11.667
2057,12,5,13.545
2057,12,6,12.919
2057,12,7,12.245
2057,12,8,9.8142
2057,12,9,10.813
2057,12,10,9.7379
2057,12,11,5.3408
2057,12,12,3.2735
2057,12,13,1.5561
2057,12,14,4.5262
2057,12,15,6.6308
2057,12,16,4.2692
2057,12,17,1.9359
2057,12,18,2.25
2057,12,19,4.7864
2057,12,20,1.3189
2057,12,21,0.86095
2057,12,22,0.62579
2057,12,23,-0.082597
2057,12,24,-0.38807
2057,12,25,0.67119
2057,12,26,4.0864
2057,12,27,2.1696
2057,12,28,2.7914
2057,12,29,2.6173
2057,12,30,5.4184
2057,12,31,10.001
2058,1,1,6.0327
2058,1,2,4.441
2058,1,3,5.2017
2058,1,4,5.4081
2058,1,5,5.0739
2058,1,6,7.0106
2058,1,7,6.66
2058,1,8,4.9952
2058,1,9,5.14
2058,1,10,0.68751
2058,1,11,-0.99757
2058,1,12,-2.1404
2058,1,13,-0.54723
2058,1,14,-0.40568
2058,1,15,4.5116
2058,1,16,5.1142
2058,1,17,2.8647
2058,1,18,0.19233
2058,1,19,-1.1649
2058,1,20,2.7566
2058,1,21,1.4819
2058,1,22,5.4083
2058,1,23,8.8354
2058,1,24,9.9225
2058,1,25,5.32
2058,1,26,1.3615
2058,1,27,1.6119
2058,1,28,2.1985
2058,1,29,2.3925
2058,1,30,4.9299
2058,1,31,4.0807
2058,2,1,3.4197
2058,2,2,3.0651
2058,2,3,2.5379
2058,2,4,2.8781
2058,2,5,6.8046
2058,2,6,9.2914
2058,2,7,10.814
2058,2,8,8.0464
2058,2,9,3.7817
2058,2,10,1.5737
2058,2,11,1.1214
2058,2,12,-0.53619
2058,2,13,4.6025
2058,2,14,4.4021
2058,2,15,5.7696
2058,2,16,4.1029
2058,2,17,2.1281
2058,2,18,1.7303
2058,2,19,6.8758
2058,2,20,7.4363
2058,2,21,7.2868
2058,2,22,5.0904
2058,2,23,4.7932
2058,2,24,3.0535
2058,2,25,2.4567
2058,2,26,4.0731
2058,2,27,5.9467
2058,2,28,3.1922
2058,3,1,6.3652
2058,3,2,5.718
2058,3,3,2.7406
2058,3,4,2.2808
2058,3,5,1.789
2058,3,6,2.6984
2058,3,7,4.5037
2058,3,8,5.1427
2058,3,9,3.0309
2058,3,10,2.5633
2058,3,11,3.9404
2058,3,12,3.2398
2058,3,13,4.1839
2058,3,14,4.5193
2058,3,15,3.9065
2058,3,16,4.7021
2058,3,17,4.8314
2058,3,18,4.6875
2058,3,19,5.6548
2058,3,20,5.9785
2058,3,21,11.286
2058,3,22,7.1407
2058,3,23,5.7348
2058,3,24,7.9579
2058,3,25,5.2921
2058,3,26,3.7257
2058,3,27,6.2519
2058,3,28,6.008
2058,3,29,3.3668
2058,3,30,4.4611
2058,3,31,9.6479
2058,4,1,8.4825
2058,4,2,5.6148
2058,4,3,4.4736
2058,4,4,6.8154
2058,4,5,5.2873
2058,4,6,6.0292
2058,4,7,7.5322
2058,4,8,6.4062
2058,4,9,5.6058
2058,4,10,4.0947
2058,4,11,2.5734
2058,4,12,4.0158
2058,4,13,6.1817
2058,4,14,9.4159
2058,4,15,11.915
2058,4,16,11.871
2058,4,17,11.232
2058,4,18,11.273
2058,4,19,8.6084
2058,4,20,9.1441
2058,4,21,7.6933
2058,4,22,10.737
2058,4,23,11.167
2058,4,24,10.351
2058,4,25,9.179
2058,4,26,7.7036
2058,4,27,8.0749
2058,4,28,5.9597
2058,4,29,6.5271
2058,4,30,9.5225
2058,5,1,10.598
2058,5,2,10.291
2058,5,3,9.427
2058,5,4,7.4173
2058,5,5,10.889
2058,5,6,8.7422
2058,5,7,4.2273
2058,5,8,11.586
2058,5,9,11.013
2058,5,10,9.3559
2058,5,11,10.52
2058,5,12,8.7034
2058,5,13,8.8022
2058,5,14,11.509
2058,5,15,8.8523
2058,5,16,8.4882
2058,5,17,7.8373
2058,5,18,8.8815
2058,5,19,10.284
2058,5,20,12.592
2058,5,21,9.9584
2058,5,22,11.053
2058,5,23,10.489
2058,5,24,14.071
2058,5,25,15.149
2058,5,26,14.522
2058,5,27,14.262
2058,5,28,14.521
2058,5,29,12.359
2058,5,30,12.84
2058,5,31,10.884
2058,6,1,10.18
2058,6,2,11.205
2058,6,3,13.442
2058,6,4,13.736
2058,6,5,14.906
2058,6,6,15.505
2058,6,7,14.621
2058,6,8,13.418
2058,6,9,14.308
2058,6,10,13.829
2058,6,11,15.599
2058,6,12,15.474
2058,6,13,16.071
2058,6,14,14.356
2058,6,15,15.829
2058,6,16,16.194
2058,6,17,15.74
2058,6,18,16.332
2058,6,19,18
2058,6,20,17.579
2058,6,21,16.962
2058,6,22,17.67
2058,6,23,15.57
2058,6,24,17.547
2058,6,25,16.203
2058,6,26,14.614
2058,6,27,12.751
2058,6,28,14.638
2058,6,29,14.834
2058,6,30,14.865
2058,7,1,15.477
2058,7,2,15.513
2058,7,3,14.878
2058,7,4,14.414
2058,7,5,16.801
2058,7,6,18.237
2058,7,7,17.271
2058,7,8,15.049
2058,7,9,13.483
2058,7,10,14.859
2058,7,11,16.956
2058,7,12,14.869
2058,7,13,17.651
2058,7,14,16.324
2058,7,15,15.415
2058,7,16,17.573
2058,7,17,18.145
2058,7,18,18.014
2058,7,19,18.839
2058,7,20,16.693
2058,7,21,19.393
2058,7,22,19.006
2058,7,23,20.602
2058,7,24,19.79
2058,7,25,17.999
2058,7,26,17.23
2058,7,27,15.908
2058,7,28,17.841
2058,7,29,16.038
2058,7,30,17.4
2058,7,31,18.732
2058,8,1,18.805
2058,8,2,19.612
2058,8,3,21.432
2058,8,4,20.735
2058,8,5,16.953
2058,8,6,16.173
2058,8,7,17.333
2058,8,8,18.871
2058,8,9,18.402
2058,8,10,18.804
2058,8,11,20.006
2058,8,12,16.152
2058,8,13,17.998
2058,8,14,18.303
2058,8,15,16.067
2058,8,16,15.509
2058,8,17,17.258
2058,8,18,16.962
2058,8,19,16.438
2058,8,20,14.964
2058,8,21,14.516
2058,8,22,15.771
2058,8,23,16.602
2058,8,24,14.877
2058,8,25,15.054
2058,8,26,16.131
2058,8,27,16.658
2058,8,28,19.96
2058,8,29,19.678
2058,8,30,19.321
2058,8,31,22.646
2058,9,1,22.454
2058,9,2,20.268
2058,9,3,16.725
2058,9,4,17.642
2058,9,5,19.085
2058,9,6,20.477
2058,9,7,18.369
2058,9,8,17.257
2058,9,9,17.888
2058,9,10,18.132
2058,9,11,17.918
2058,9,12,17.291
2058,9,13,16.727
2058,9,14,16.818
2058,9,15,18.135
2058,9,16,17.346
2058,9,17,16.607
2058,9,18,19.642
2058,9,19,19.014
2058,9,20,17.94
2058,9,21,17.36
2058,9,22,14.829
2058,9,23,13.26
2058,9,24,14.198
2058,9,25,13.902
2058,9,26,11.53
2058,9,27,13.167
2058,9,28,13.672
2058,9,29,19.03
2058,9,30,20.078
2058,10,1,15.868
2058,10,2,12.107
2058,10,3,14.668
2058,10,4,11.108
2058,10,5,9.8665
2058,10,6,8.1989
2058,10,7,10.362
2058,10,8,9.5904
2058,10,9,12.867
2058,10,10,13.47
2058,10,11,14.838
2058,10,12,16.025
2058,10,13,15.405
2058,10,14,13.806
2058,10,15,13.688
2058,10,16,13.436
2058,10,17,12.186
2058,10,18,10.719
2058,10,19,14.434
2058,10,20,11.637
2058,10,21,11.477
2058,10,22,10.588
2058,10,23,12.927
2058,10,24,11.924
2058,10,25,12.243
2058,10,26,9.501
2058,10,27,9.2371
2058,10,28,8.6102
2058,10,29,10.776
2058,10,30,10.991
2058,10,31,15.255
2058,11,1,17.502
2058,11,2,11.658
2058,11,3,6.241
2058,11,4,5.8416
2058,11,5,7.9432
2058,11,6,6.3853
2058,11,7,7.404
2058,11,8,3.2733
2058,11,9,11.12
2058,11,10,13.61
2058,11,11,12.816
2058,11,12,8.9961
2058,11,13,10.108
2058,11,14,6.8346
2058,11,15,13.043
2058,11,16,12.259
2058,11,17,9.4666
2058,11,18,6.8433
2058,11,19,5.2861
2058,11,20,4.6022
2058,11,21,4.8369
2058,11,22,10.61
2058,11,23,10.146
2058,11,24,10.286
2058,11,25,10.48
2058,11,26,7.0047
2058,11,27,9.9706
2058,11,28,6.9529
2058,11,29,10.836
2058,11,30,13.069
2058,12,1,8.0064
2058,12,2,4.1592
2058,12,3,4.5863
2058,12,4,5.1445
2058,12,5,4.0401
2058,12,6,2.7912
2058,12,7,1.2561
2058,12,8,6.1554
2058,12,9,6.0621
2058,12,10,6.6225
2058,12,11,6.2592
2058,12,12,5.929
2058,12,13,2.5841
2058,12,14,2.9772
2058,12,15,4.0081
2058,12,16,3.8216
2058,12,17,4.4006
2058,12,18,3.4829
2058,12,19,1.7185
2058,12,20,1.675
2058,12,21,0.58278
2058,12,22,1.1454
2058,12,23,6.5285
2058,12,24,7.571
2058,12,25,8.5481
2058,12,26,5.5743
2058,12,27,2.5353
2058,12,28,5.8888
2058,12,29,8.6048
2058,12,30,4.1112
2058,12,31,3.91
2059,1,1,2.6583
2059,1,2,-0.4382
2059,1,3,-1.4446
2059,1,4,-1.0247
2059,1,5,-0.69553
2059,1,6,1.345
2059,1,7,3.9848
2059,1,8,1.1276
2059,1,9,1.0486
2059,1,10,1.2875
2059,1,11,1.3186
2059,1,12,2.6334
2059,1,13,2.2004
2059,1,14,1.6477
2059,1,15,1.247
2059,1,16,-0.087032
2059,1,17,0.89051
2059,1,18,-0.51726
2059,1,19,0.35453
2059,1,20,0.33702
2059,1,21,9.9116
2059,1,22,3.0987
2059,1,23,1.2714
2059,1,24,1.0555
2059,1,25,8.9406
2059,1,26,10.371
2059,1,27,6.4739
2059,1,28,4.4216
2059,1,29,9.8151
2059,1,30,10.168
2059,1,31,8.8924
2059,2,1,8.2284
2059,2,2,8.3126
2059,2,3,7.806
2059,2,4,7.8493
2059,2,5,9.0846
2059,2,6,6.2688
2059,2,7,3.7603
2059,2,8,4.6771
2059,2,9,3.022
2059,2,10,2.7297
2059,2,11,1.4284
2059,2,12,5.0173
2059,2,13,6.7242
2059,2,14,5.2025
2059,2,15,3.044
2059,2,16,5.9022
2059,2,17,6.6941
2059,2,18,9.3102
2059,2,19,10.498
2059,2,20,7.6803
2059,2,21,3.6502
2059,2,22,2.2672
2059,2,23,4.628
2059,2,24,2.303
2059,2,25,5.139
2059,2,26,11.381
2059,2,27,9.2622
2059,2,28,6.8207
2059,3,1,4.0108
2059,3,2,4.1353
2059,3,3,4.538
2059,3,4,3.946
2059,3,5,9.2038
2059,3,6,11.253
2059,3,7,6.4066
2059,3,8,6.307
2059,3,9,10.745
2059,3,10,8.2702
2059,3,11,5.3825
2059,3,12,8.6879
2059,3,13,5.9131
2059,3,14,4.989
2059,3,15,3.5046
2059,3,16,10.357
2059,3,17,5.8803
2059,3,18,3.4226
2059,3,19,4.4434
2059,3,20,2.5873
2059,3,21,3.0472
2059,3,22,4.9653
2059,3,23,7.7119
2059,3,24,8.1671
2059,3,25,5.2941
2059,3,26,7.9504
2059,3,27,7.0681
2059,3,28,4.3892
2059,3,29,3.9884
2059,3,30,4.988
2059,3,31,7.118
2059,4,1,8.0281
2059,4,2,8.8595
2059,4,3,7.1368
2059,4,4,8.308
2059,4,5,8.8045
2059,4,6,7.9591
2059,4,7,8.7528
2059,4,8,8.2274
2059,4,9,9.0698
2059,4,10,7.574
2059,4,11,12.214
2059,4,12,12.329
2059,4,13,13.085
2059,4,14,10.025
2059,4,15,8.4405
2059,4,16,9.6811
2059,4,17,9.7256
2059,4,18,13.437
2059,4,19,12.607
2059,4,20,10.944
2059,4,21,11.569
2059,4,22,13.087
2059,4,23,13.468
2059,4,24,12.899
2059,4,25,13.239
2059,4,26,12.791
2059,4,27,12.774
2059,4,28,13.044
2059,4,29,11.636
2059,4,30,11.274
2059,5,1,9.817
2059,5,2,11.28
2059,5,3,11.025
2059,5,4,9.1317
2059,5,5,10.018
2059,5,6,11.524
2059,5,7,11.845
2059,5,8,11.487
2059,5,9,10.427
2059,5,10,11.965
2059,5,11,11.671
2059,5,12,12.006
2059,5,13,11.763
2059,5,14,13.195
2059,5,15,16.216
2059,5,16,16.056
2059,5,17,14.495
2059,5,18,13.858
2059,5,19,15.115
2059,5,20,16.417
2059,5,21,16.061
2059,5,22,13.433
2059,5,23,13.038
2059,5,24,16.128
2059,5,25,15.505
2059,5,26,15.897
2059,5,27,16.839
2059,5,28,15.8
2059,5,29,16.611
2059,5,30,15.329
2059,5,31,16.422
2059,6,1,17.523
2059,6,2,16.219
2059,6,3,14.658
2059,6,4,16.966
2059,6,5,18.485
2059,6,6,16.899
2059,6,7,16.686
2059,6,8,18.37
2059,6,9,19.728
2059,6,10,20.71
2059,6,11,18.708
2059,6,12,17.896
2059,6,13,17.449
2059,6,14,19.805
2059,6,15,19.186
2059,6,16,16.805
2059,6,17,18.211
2059,6,18,18.702
2059,6,19,18.26
2059,6,20,18.742
2059,6,21,16.911
2059,6,22,15.031
2059,6,23,16.937
2059,6,24,18.58
2059,6,25,19.525
2059,6,26,18.793
2059,6,27,19.624
2059,6,28,19.992
2059,6,29,17.804
2059,6,30,17.606
2059,7,1,18.706
2059,7,2,19.145
2059,7,3,19.065
2059,7,4,18.757
2059,7,5,20.169
2059,7,6,20.816
2059,7,7,21.747
2059,7,8,20.458
2059,7,9,21.72
2059,7,10,19.881
2059,7,11,16.909
2059,7,12,20.892
2059,7,13,21.075
2059,7,14,21.858
2059,7,15,19.237
2059,7,16,21.226
2059,7,17,23.64
2059,7,18,20.599
2059,7,19,17.085
2059,7,20,17.336
2059,7,21,20.38
2059,7,22,20.552
2059,7,23,20.42
2059,7,24,20.524
2059,7,25,21.416
2059,7,26,24.029
2059,7,27,23.775
2059,7,28,25.009
2059,7,29,25.581
2059,7,30,24.451
2059,7,31,25.569
2059,8,1,26.353
2059,8,2,24.639
2059,8,3,22.168
2059,8,4,20.466
2059,8,5,26.392
2059,8,6,25.346
2059,8,7,24.29
2059,8,8,23.715
2059,8,9,23.225
2059,8,10,24.563
2059,8,11,24.309
2059,8,12,23.803
2059,8,13,23.079
2059,8,14,22.212
2059,8,15,22.915
2059,8,16,21.758
2059,8,17,19.691
2059,8,18,17.304
2059,8,19,17.059
2059,8,20,15.205
2059,8,21,17.514
2059,8,22,17.396
2059,8,23,19.623
2059,8,24,21.644
2059,8,25,18.632
2059,8,26,14.096
2059,8,27,12.773
2059,8,28,15.873
2059,8,29,15.31
2059,8,30,13.558
2059,8,31,17.115
2059,9,1,18.169
2059,9,2,17.558
2059,9,3,17.395
2059,9,4,15.808
2059,9,5,16.776
2059,9,6,17.029
2059,9,7,17.461
2059,9,8,19.251
2059,9,9,20.054
2059,9,10,19.816
2059,9,11,20.226
2059,9,12,20.458
2059,9,13,19.485
2059,9,14,20.629
2059,9,15,20.28
2059,9,16,19.868
2059,9,17,20.433
2059,9,18,20.077
2059,9,19,19.2
2059,9,20,17.389
2059,9,21,17.989
2059,9,22,18.819
2059,9,23,18.603
2059,9,24,19.144
2059,9,25,16.99
2059,9,26,14.766
2059,9,27,12.262
2059,9,28,12.414
2059,9,29,15.759
2059,9,30,14.24
2059,10,1,13.09
2059,10,2,9.9895
2059,10,3,7.9983
2059,10,4,10.25
2059,10,5,10.019
2059,10,6,8.1728
2059,10,7,11.054
2059,10,8,10.049
2059,10,9,11.318
2059,10,10,9.8561
2059,10,11,12.917
2059,10,12,13.93
2059,10,13,12.885
2059,10,14,13.202
2059,10,15,10.045
2059,10,16,8.1205
2059,10,17,7.3387
2059,10,18,5.697
2059,10,19,9.1796
2059,10,20,8.6292
2059,10,21,7.1028
2059,10,22,6.3932
2059,10,23,8.2281
2059,10,24,8.3478
2059,10,25,10.331
2059,10,26,10.764
2059,10,27,8.8431
2059,10,28,7.9653
2059,10,29,11.026
2059,10,30,10.543
2059,10,31,8.6034
2059,11,1,8.0754
2059,11,2,9.2175
2059,11,3,7.9655
2059,11,4,12.868
2059,11,5,12.653
2059,11,6,12.88
2059,11,7,11.799
2059,11,8,12.648
2059,11,9,12.136
2059,11,10,12.456
2059,11,11,11.69
2059,11,12,10.182
2059,11,13,12.382
2059,11,14,11.196
2059,11,15,6.9888
2059,11,16,6.3926
2059,11,17,8.4639
2059,11,18,5.0646
2059,11,19,5.6797
2059,11,20,6.1657
2059,11,21,8.3432
2059,11,22,6.4863
2059,11,23,10.426
2059,11,24,10.415
2059,11,25,11.714
2059,11,26,8.5739
2059,11,27,3.7031
2059,11,28,1.5507
2059,11,29,2.4851
2059,11,30,4.8469
2059,12,1,3.8217
2059,12,2,3.3523
2059,12,3,4.4274
2059,12,4,4.6583
2059,12,5,4.3242
2059,12,6,1.5078
2059,12,7,0.83761
2059,12,8,6.205
2059,12,9,5.4423
2059,12,10,2.4425
2059,12,11,5.5838
2059,12,12,2.5002
2059,12,13,6.5452
2059,12,14,5.1565
2059,12,15,4.6784
2059,12,16,12.676
2059,12,17,8.2033
2059,12,18,3.5352
2059,12,19,2.5432
2059,12,20,2.2149
2059,12,21,1.0089
2059,12,22,7.9055
2059,12,23,5.9874
2059,12,24,4.2318
2059,12,25,3.7878
2059,12,26,5.4038
2059,12,27,2.567
2059,12,28,0.72597
2059,12,29,0.54212
2059,12,30,0.66491
2059,12,31,-0.09104
2060,1,1,-1.1402
2060,1,2,2.0326
2060,1,3,0.84221
2060,1,4,0.9018
2060,1,5,-0.93888
2060,1,6,-1.8072
2060,1,7,-1.452
2060,1,8,-1.6527
2060,1,9,-0.45788
2060,1,10,0.39917
2060,1,11,5.1359
2060,1,12,2.2941
2060,1,13,1.4458
2060,1,14,0.88811
2060,1,15,0.13337
2060,1,16,-1.85
2060,1,17,1.8598
2060,1,18,9.2636
2060,1,19,6.9665
2060,1,20,5.2012
2060,1,21,3.2247
2060,1,22,5.2217
2060,1,23,9.9462
2060,1,24,10.044
2060,1,25,7.2589
2060,1,26,5.4824
2060,1,27,3.2597
2060,1,28,1.9156
2060,1,29,5.6043
2060,1,30,3.977
2060,1,31,0.68519
2060,2,1,3.5739
2060,2,2,4.8775
2060,2,3,9.1628
2060,2,4,11.122
2060,2,5,9.9506
2060,2,6,9.4053
2060,2,7,10.026
2060,2,8,10.526
2060,2,9,11.405
2060,2,10,10.904
2060,2,11,8.1321
2060,2,12,6.9193
2060,2,13,7.7207
2060,2,14,8.9514
2060,2,15,5.8922
2060,2,16,1.9275
2060,2,17,1.9238
2060,2,18,6.7505
2060,2,19,6.4468
2060,2,20,9.238
2060,2,21,6.7448
2060,2,22,3.7629
2060,2,23,7.0682
2060,2,24,8.8104
2060,2,25,7.3287
2060,2,26,9.733
2060,2,27,10.599
2060,2,28,5.7804
2060,2,29,3.4322
2060,3,1,4.4448
2060,3,2,3.4681
2060,3,3,9.245
2060,3,4,9.6087
2060,3,5,6.841
2060,3,6,4.8022
2060,3,7,2.9682
2060,3,8,8.9175
2060,3,9,10.161
2060,3,10,8.4867
2060,3,11,7.9153
2060,3,12,8.6117
2060,3,13,9.4549
2060,3,14,7.6934
2060,3,15,6.9049
2060,3,16,6.6312
2060,3,17,4.1278
2060,3,18,2.6175
2060,3,19,1.7241
2060,3,20,7.8708
2060,3,21,8.4735
2060,3,22,8.0522
2060,3,23,9.2467
2060,3,24,10.681
2060,3,25,11.322
2060,3,26,9.9412
2060,3,27,9.4807
2060,3,28,8.8501
2060,3,29,9.563
2060,3,30,7.0294
2060,3,31,9.4487
2060,4,1,7.8523
2060,4,2,6.8242
2060,4,3,8.9797
2060,4,4,8.5279
2060,4,5,7.1621
2060,4,6,11.438
2060,4,7,9.5424
2060,4,8,9.9821
2060,4,9,11.543
2060,4,10,9.4862
2060,4,11,8.2501
2060,4,12,8.8986
2060,4,13,7.8914
2060,4,14,7.1577
2060,4,15,8.1444
2060,4,16,7.419
2060,4,17,6.1941
2060,4,18,3.976
2060,4,19,3.8195
2060,4,20,5.5461
2060,4,21,4.5908
2060,4,22,4.7599
2060,4,23,7.3176
2060,4,24,4.6808
2060,4,25,7.8184
2060,4,26,9.2338
2060,4,27,9.1057
2060,4,28,7.5099
2060,4,29,8.6163
2060,4,30,9.9695
2060,5,1,8.8504
2060,5,2,7.2653
2060,5,3,11.202
2060,5,4,12.767
2060,5,5,11.789
2060,5,6,11.564
2060,5,7,11.624
2060,5,8,9.8553
2060,5,9,8.8103
2060,5,10,9.6917
2060,5,11,10.5
2060,5,12,8.7704
2060,5,13,9.5043
2060,5,14,9.0028
2060,5,15,9.2488
2060,5,16,9.3493
2060,5,17,8.3598
2060,5,18,10.035
2060,5,19,10.028
2060,5,20,10.615
2060,5,21,9.8275
2060,5,22,10.801
2060,5,23,10.442
2060,5,24,10.753
2060,5,25,14.747
2060,5,26,13.209
2060,5,27,14.537
2060,5,28,13.951
2060,5,29,13.951
2060,5,30,17.858
2060,5,31,16.835
2060,6,1,15.795
2060,6,2,14.47
2060,6,3,14.76
2060,6,4,15.717
2060,6,5,14.838
2060,6,6,12.666
2060,6,7,13.178
2060,6,8,10.881
2060,6,9,12.044
2060,6,10,12.056
2060,6,11,12.889
2060,6,12,12.537
2060,6,13,14.272
2060,6,14,17.831
2060,6,15,15.474
2060,6,16,16.438
2060,6,17,16.644
2060,6,18,19.025
2060,6,19,15.709
2060,6,20,18.632
2060,6,21,18.868
2060,6,22,17.507
2060,6,23,17.616
2060,6,24,15.941
2060,6,25,16.127
2060,6,26,16.321
2060,6,27,18.946
2060,6,28,19.837
2060,6,29,19.136
2060,6,30,20.273
2060,7,1,19.228
2060,7,2,19.317
2060,7,3,21.516
2060,7,4,21.388
2060,7,5,18.157
2060,7,6,15.817
2060,7,7,18.491
2060,7,8,19.046
2060,7,9,21.786
2060,7,10,18.508
2060,7,11,15.941
2060,7,12,18.202
2060,7,13,20.173
2060,7,14,20.687
2060,7,15,22.634
2060,7,16,22.973
2060,7,17,20.818
2060,7,18,21.111
2060,7,19,21.906
2060,7,20,18.941
2060,7,21,19.321
2060,7,22,19.751
2060,7,23,19.624
2060,7,24,18.035
2060,7,25,22.134
2060,7,26,20.71
2060,7,27,22.571
2060,7,28,20.777
2060,7,29,20.232
2060,7,30,18.498
2060,7,31,19.755
2060,8,1,21.823
2060,8,2,21.642
2060,8,3,24.709
2060,8,4,24.389
2060,8,5,23.085
2060,8,6,21.499
2060,8,7,20.416
2060,8,8,20.866
2060,8,9,20.271
2060,8,10,22.561
2060,8,11,21.117
2060,8,12,19.919
2060,8,13,17.604
2060,8,14,16.025
2060,8,15,17.211
2060,8,16,18.865
2060,8,17,20.268
2060,8,18,20.529
2060,8,19,19.126
2060,8,20,24.006
2060,8,21,20.891
2060,8,22,18.543
2060,8,23,20.135
2060,8,24,20.643
2060,8,25,21.509
2060,8,26,20.299
2060,8,27,20.113
2060,8,28,17.409
2060,8,29,18.663
2060,8,30,22.886
2060,8,31,23.946
2060,9,1,19.412
2060,9,2,16.344
2060,9,3,18.32
2060,9,4,17.648
2060,9,5,15.943
2060,9,6,16.242
2060,9,7,17.996
2060,9,8,17.746
2060,9,9,15.147
2060,9,10,12.509
2060,9,11,14.163
2060,9,12,15.097
2060,9,13,16.287
2060,9,14,16.537
2060,9,15,16.802
2060,9,16,16.46
2060,9,17,16.52
2060,9,18,16.643
2060,9,19,19.292
2060,9,20,19.02
2060,9,21,17.836
2060,9,22,16.182
2060,9,23,17.119
2060,9,24,15.8
2060,9,25,16.144
2060,9,26,15.84
2060,9,27,13.74
2060,9,28,15.39
2060,9,29,15.46
2060,9,30,17.283
2060,10,1,16.406
2060,10,2,16.922
2060,10,3,16.954
2060,10,4,19.408
2060,10,5,15.454
2060,10,6,14.241
2060,10,7,14.465
2060,10,8,14.456
2060,10,9,14.838
2060,10,10,12.833
2060,10,11,12.19
2060,10,12,10.396
2060,10,13,12.071
2060,10,14,14.685
2060,10,15,13.647
2060,10,16,14.155
2060,10,17,16.068
2060,10,18,12.034
2060,10,19,10.595
2060,10,20,11.073
2060,10,21,10.19
2060,10,22,9.4642
2060,10,23,11.309
2060,10,24,12.343
2060,10,25,11.255
2060,10,26,10.624
2060,10,27,17.7
2060,10,28,10.999
2060,10,29,4.223
2060,10,30,4.1789
2060,10,31,9.5914
2060,11,1,6.9869
2060,11,2,7.1048
2060,11,3,7.2104
2060,11,4,6.4924
2060,11,5,10.705
2060,11,6,9.9613
2060,11,7,7.4549
2060,11,8,7.4273
2060,11,9,10.265
2060,11,10,6.8541
2060,11,11,6.4053
2060,11,12,5.2452
2060,11,13,3.7471
2060,11,14,4.3881
2060,11,15,5.6654
2060,11,16,3.771
2060,11,17,7.8328
2060,11,18,7.9548
2060,11,19,5.7705
2060,11,20,5.6204
2060,11,21,6.0433
2060,11,22,4.4547
2060,11,23,5.0478
2060,11,24,10.274
2060,11,25,8.8388
2060,11,26,7.6964
2060,11,27,10.042
2060,11,28,10.328
2060,11,29,6.1808
2060,11,30,4.5016
2060,12,1,10.189
2060,12,2,10.367
2060,12,3,7.1042
2060,12,4,6.9852
2060,12,5,9.3442
2060,12,6,12.397
2060,12,7,10.791
2060,12,8,8.9257
2060,12,9,8.4083
2060,12,10,12.679
2060,12,11,13.099
2060,12,12,13.161
2060,12,13,12.803
2060,12,14,13.793
2060,12,15,12.619
2060,12,16,12.366
2060,12,17,10.715
2060,12,18,9.586
2060,12,19,7.7703
2060,12,20,6.5334
2060,12,21,3.7852
2060,12,22,2.3627
2060,12,23,2.4175
2060,12,24,4.9143
2060,12,25,4.2444
2060,12,26,13.319
2060,12,27,13.345
2060,12,28,13.338
2060,12,29,13.642
2060,12,30,7.9388
2060,12,31,11.043
2061,1,1,3.8725
2061,1,2,7.0692
2061,1,3,5.26
2061,1,4,4.4465
2061,1,5,4.2962
2061,1,6,7.6571
2061,1,7,5.7514
2061,1,8,3.4948
2061,1,9,5.524
2061,1,10,3.1401
2061,1,11,0.8015
2061,1,12,4.0329
2061,1,13,3.1839
2061,1,14,1.0797
2061,1,15,5.2458
2061,1,16,7.1372
2061,1,17,5.0603
2061,1,18,7.3899
2061,1,19,8.8266
2061,1,20,9.621
2061,1,21,6.9806
2061,1,22,3.7603
2061,1,23,4.3936
2061,1,24,2.4313
2061,1,25,0.36163
2061,1,26,-0.84823
2061,1,27,1.4252
2061,1,28,0.92201
2061,1,29,-1.019
2061,1,30,-0.91374
2061,1,31,-1.159
2061,2,1,5.0967
2061,2,2,4.608
2061,2,3,7.6042
2061,2,4,8.2687
2061,2,5,3.7945
2061,2,6,3.1998
2061,2,7,5.2862
2061,2,8,4.3088
2061,2,9,4.1881
2061,2,10,5.2201
2061,2,11,2.5024
2061,2,12,1.507
2061,2,13,1.0583
2061,2,14,3.7186
2061,2,15,7.2056
2061,2,16,6.6603
2061,2,17,10.697
2061,2,18,10.798
2061,2,19,8.5609
2061,2,20,3.8153
2061,2,21,3.2469
2061,2,22,7.981
2061,2,23,9.2831
2061,2,24,11.036
2061,2,25,7.7998
2061,2,26,5.4424
2061,2,27,4.4317
2061,2,28,6.0599
2061,3,1,2.5787
2061,3,2,1.034
2061,3,3,3.9808
2061,3,4,2.7593
2061,3,5,2.8465
2061,3,6,2.011
2061,3,7,2.1281
2061,3,8,3.8176
2061,3,9,4.9277
2061,3,10,2.8994
2061,3,11,1.9037
2061,3,12,2.3058
2061,3,13,6.1182
2061,3,14,6.7659
2061,3,15,6.4108
2061,3,16,5.3197
2061,3,17,3.5164
2061,3,18,2.9347
2061,3,19,4.9534
2061,3,20,8.4051
2061,3,21,7.1771
2061,3,22,6.3484
2061,3,23,8.6933
2061,3,24,9.1385
2061,3,25,9.0659
2061,3,26,12.016
2061,3,27,8.1893
2061,3,28,6.428
2061,3,29,7.3827
2061,3,30,8.0208
2061,3,31,9.8183
2061,4,1,8.6937
2061,4,2,9.5596
2061,4,3,10.846
2061,4,4,9.2524
2061,4,5,8.1042
2061,4,6,9.8847
2061,4,7,7.9936
2061,4,8,8.6158
2061,4,9,12.316
2061,4,10,10.967
2061,4,11,6.9818
2061,4,12,7.7651
2061,4,13,5.9009
2061,4,14,6.8464
2061,4,15,6.9353
2061,4,16,7.7161
2061,4,17,10.787
2061,4,18,8.812
2061,4,19,10.334
2061,4,20,13.228
2061,4,21,14.074
2061,4,22,13.936
2061,4,23,10.655
2061,4,24,10.39
2061,4,25,9.9519
2061,4,26,8.1086
2061,4,27,5.8932
2061,4,28,4.2467
2061,4,29,8.2919
2061,4,30,7.3941
2061,5,1,7.2158
2061,5,2,7.4553
2061,5,3,7.3222
2061,5,4,10.319
2061,5,5,11.567
2061,5,6,11.017
2061,5,7,8.3222
2061,5,8,8.7544
2061,5,9,12.206
2061,5,10,13.747
2061,5,11,13.347
2061,5,12,13.813
2061,5,13,12.631
2061,5,14,12.346
2061,5,15,12.395
2061,5,16,10.983
2061,5,17,13.331
2061,5,18,12.654
2061,5,19,13.859
2061,5,20,14.315
2061,5,21,14.54
2061,5,22,14.634
2061,5,23,10.857
2061,5,24,11.813
2061,5,25,13.059
2061,5,26,14.839
2061,5,27,11.968
2061,5,28,10.761
2061,5,29,10.903
2061,5,30,10.501
2061,5,31,13.812
2061,6,1,11.289
2061,6,2,13.599
2061,6,3,11.334
2061,6,4,14.704
2061,6,5,17.462
2061,6,6,18.304
2061,6,7,20.282
2061,6,8,19.269
2061,6,9,18.178
2061,6,10,14.99
2061,6,11,14.593
2061,6,12,14.586
2061,6,13,12.772
2061,6,14,13.372
2061,6,15,15.042
2061,6,16,16.582
2061,6,17,17.116
2061,6,18,17.879
2061,6,19,17.061
2061,6,20,19.012
2061,6,21,19.433
2061,6,22,21.825
2061,6,23,22.789
2061,6,24,22.984
2061,6,25,20.422
2061,6,26,19.327
2061,6,27,20.073
2061,6,28,17.496
2061,6,29,19.625
2061,6,30,21.733
2061,7,1,22.541
2061,7,2,21.423
2061,7,3,20.156
2061,7,4,20.013
2061,7,5,17.832
2061,7,6,18.477
2061,7,7,19.84
2061,7,8,19.775
2061,7,9,21.01
2061,7,10,19.033
2061,7,11,21.274
2061,7,12,19.905
2061,7,13,18.341
2061,7,14,20.607
2061,7,15,22.146
2061,7,16,18.957
2061,7,17,17.866
2061,7,18,17.931
2061,7,19,18.76
2061,7,20,21.375
2061,7,21,26.233
2061,7,22,24.871
2061,7,23,21.859
2061,7,24,21.265
2061,7,25,20.929
2061,7,26,21.471
2061,7,27,22.1
2061,7,28,22.735
2061,7,29,21.668
2061,7,30,22.428
2061,7,31,23.572
2061,8,1,26.643
2061,8,2,26.272
2061,8,3,21.917
2061,8,4,21.267
2061,8,5,20.774
2061,8,6,21.572
2061,8,7,22.436
2061,8,8,21.449
2061,8,9,20.664
2061,8,10,23.146
2061,8,11,20.839
2061,8,12,23.553
2061,8,13,22.132
2061,8,14,22.754
2061,8,15,21.965
2061,8,16,21.312
2061,8,17,22.946
2061,8,18,26.174
2061,8,19,23.611
2061,8,20,21.869
2061,8,21,21.852
2061,8,22,22.979
2061,8,23,20.328
2061,8,24,19.249
2061,8,25,17.815
2061,8,26,17.923
2061,8,27,16.777
2061,8,28,15.821
2061,8,29,16.091
2061,8,30,16.6
2061,8,31,14.236
2061,9,1,17.122
2061,9,2,17.507
2061,9,3,18.22
2061,9,4,18.379
2061,9,5,20.369
2061,9,6,20.087
2061,9,7,21.071
2061,9,8,17.739
2061,9,9,16.561
2061,9,10,18.823
2061,9,11,20.825
2061,9,12,16.172
2061,9,13,14.237
2061,9,14,16.309
2061,9,15,15.042
2061,9,16,14.278
2061,9,17,13.883
2061,9,18,15.257
2061,9,19,13.557
2061,9,20,14.599
2061,9,21,14.04
2061,9,22,11.603
2061,9,23,12.359
2061,9,24,14.508
2061,9,25,14.869
2061,9,26,15.801
2061,9,27,16.577
2061,9,28,16.824
2061,9,29,14.55
2061,9,30,14.345
2061,10,1,12.908
2061,10,2,11.131
2061,10,3,11.861
2061,10,4,10.934
2061,10,5,11.173
2061,10,6,12.828
2061,10,7,12.381
2061,10,8,13.764
2061,10,9,9.8214
2061,10,10,9.0709
2061,10,11,12.02
2061,10,12,13.652
2061,10,13,14.866
2061,10,14,14.001
2061,10,15,13.841
2061,10,16,18.266
2061,10,17,15.184
2061,10,18,13.965
2061,10,19,17.305
2061,10,20,17.197
2061,10,21,18.036
2061,10,22,13.783
2061,10,23,11.561
2061,10,24,13.247
2061,10,25,13.307
2061,10,26,17.148
2061,10,27,16.871
2061,10,28,15.015
2061,10,29,17.294
2061,10,30,14.61
2061,10,31,13.349
2061,11,1,10.604
2061,11,2,8.2265
2061,11,3,8.6038
2061,11,4,9.4701
2061,11,5,10.853
2061,11,6,7.1881
2061,11,7,5.5538
2061,11,8,1.8642
2061,11,9,0.36473
2061,11,10,7.7164
2061,11,11,9.4197
2061,11,12,9.0164
2061,11,13,4.5512
2061,11,14,3.9403
2061,11,15,6.572
2061,11,16,6.2495
2061,11,17,5.6632
2061,11,18,5.3866
2061,11,19,2.5114
2061,11,20,2.9211
2061,11,21,5.4927
2061,11,22,3.4306
2061,11,23,2.9575
2061,11,24,6.0581
2061,11,25,4.4971
2061,11,26,4.3317
2061,11,27,8.4631
2061,11,28,3.8126
2061,11,29,2.0867
2061,11,30,5.7423
2061,12,1,5.4332
2061,12,2,8.2359
2061,12,3,7.2029
2061,12,4,7.3124
2061,12,5,10.263
2061,12,6,7.2956
2061,12,7,8.5221
2061,12,8,8.5287
2061,12,9,7.5798
2061,12,10,7.3332
2061,12,11,6.9081
2061,12,12,4.5104
2061,12,13,5.8584
2061,12,14,7.9413
2061,12,15,5.5292
2061,12,16,1.4162
2061,12,17,7.4055
2061,12,18,4.0219
2061,12,19,3.6026
2061,12,20,4.337
2061,12,21,4.1871
2061,12,22,6.738
2061,12,23,5.4419
2061,12,24,4.9797
2061,12,25,13.582
2061,12,26,13.282
2061,12,27,9.4142
2061,12,28,8.2331
2061,12,29,5.9725
2061,12,30,5.0475
2061,12,31,10.388
2062,1,1,5.4431
2062,1,2,9.005
2062,1,3,5.2962
2062,1,4,5.603
2062,1,5,4.7004
2062,1,6,4.6726
2062,1,7,3.4392
2062,1,8,4.8327
2062,1,9,5.1712
2062,1,10,4.4589
2062,1,11,4.4734
2062,1,12,-0.41078
2062,1,13,-0.46905
2062,1,14,-0.47472
2062,1,15,-0.14982
2062,1,16,4.3529
2062,1,17,1.6373
2062,1,18,1.3121
2062,1,19,0.8577
2062,1,20,5.2337
2062,1,21,3.7424
2062,1,22,1.4176
2062,1,23,2.6727
2062,1,24,2.8292
2062,1,25,1.3546
2062,1,26,5.4735
2062,1,27,8.8156
2062,1,28,4.4905
2062,1,29,3.4487
2062,1,30,5.5902
2062,1,31,5.5649
2062,2,1,5.8207
2062,2,2,6.2003
2062,2,3,2.4326
2062,2,4,3.9187
2062,2,5,5.3371
2062,2,6,3.9897
2062,2,7,6.3511
2062,2,8,5.0489
2062,2,9,4.314
2062,2,10,5.1896
2062,2,11,4.1472
2062,2,12,4.0362
2062,2,13,5.737
2062,2,14,5.9861
2062,2,15,3.7149
2062,2,16,3.1008
2062,2,17,4.5462
2062,2,18,2.8222
2062,2,19,1.6561
2062,2,20,0.51642
2062,2,21,0.10777
2062,2,22,5.0912
2062,2,23,2.9766
2062,2,24,5.3098
2062,2,25,3.7166
2062,2,26,4.1855
2062,2,27,7.0356
2062,2,28,5.3417
2062,3,1,4.8624
2062,3,2,1.8305
2062,3,3,9.9566
2062,3,4,6.2034
2062,3,5,2.8909
2062,3,6,8.2389
2062,3,7,5.9513
2062,3,8,5.6179
2062,3,9,5.2758
2062,3,10,6.0968
2062,3,11,4.38
2062,3,12,2.8521
2062,3,13,2.7206
2062,3,14,10.034
2062,3,15,9.7736
2062,3,16,5.5464
2062,3,17,3.8884
2062,3,18,3.5777
2062,3,19,2.6352
2062,3,20,5.9094
2062,3,21,9.6047
2062,3,22,10.486
2062,3,23,9.9573
2062,3,24,7.7698
2062,3,25,8.9826
2062,3,26,7.3613
2062,3,27,7.4101
2062,3,28,6.4147
2062,3,29,6.5589
2062,3,30,5.2755
2062,3,31,10.716
2062,4,1,9.186
2062,4,2,6.2431
2062,4,3,5.5732
2062,4,4,3.7956
2062,4,5,3.5265
2062,4,6,7.4615
2062,4,7,5.9554
2062,4,8,3.9746
2062,4,9,3.4845
2062,4,10,3.4611
2062,4,11,7.1991
2062,4,12,3.4484
2062,4,13,7.9895
2062,4,14,5.8735
2062,4,15,12.405
2062,4,16,12.634
2062,4,17,8.8819
2062,4,18,7.0549
2062,4,19,6.9041
2062,4,20,12.144
2062,4,21,10.566
2062,4,22,9.0919
2062,4,23,8.9446
2062,4,24,7.9942
2062,4,25,8.1652
2062,4,26,11.038
2062,4,27,10.035
2062,4,28,8.2932
2062,4,29,11.097
2062,4,30,9.7181
2062,5,1,10.513
2062,5,2,8.8222
2062,5,3,10.072
2062,5,4,12.446
2062,5,5,11.485
2062,5,6,11.91
2062,5,7,9.5456
2062,5,8,9.4404
2062,5,9,10.751
2062,5,10,11.985
2062,5,11,13.557
2062,5,12,12.499
2062,5,13,10.272
2062,5,14,9.9254
2062,5,15,8.3852
2062,5,16,8.3203
2062,5,17,10.244
2062,5,18,9.699
2062,5,19,9.9918
2062,5,20,10.588
2062,5,21,9.5855
2062,5,22,9.791
2062,5,23,11.702
2062,5,24,13.136
2062,5,25,15.778
2062,5,26,14.992
2062,5,27,14.922
2062,5,28,13.276
2062,5,29,13.116
2062,5,30,11.808
2062,5,31,14.787
2062,6,1,15.813
2062,6,2,16.022
2062,6,3,14.652
2062,6,4,14.569
2062,6,5,13.541
2062,6,6,14.039
2062,6,7,16.085
2062,6,8,17.053
2062,6,9,17.629
2062,6,10,17.315
2062,6,11,17.493
2062,6,12,17.128
2062,6,13,18.571
2062,6,14,13.578
2062,6,15,11.403
2062,6,16,11.434
2062,6,17,13.917
2062,6,18,13.873
2062,6,19,15.758
2062,6,20,15.75
2062,6,21,14.94
2062,6,22,16.96
2062,6,23,17.195
2062,6,24,18.221
2062,6,25,18.586
2062,6,26,18.206
2062,6,27,18.057
2062,6,28,18.051
2062,6,29,19.225
2062,6,30,17.472
2062,7,1,14.593
2062,7,2,16.184
2062,7,3,17.322
2062,7,4,14.15
2062,7,5,14.06
2062,7,6,16.78
2062,7,7,16.065
2062,7,8,17.518
2062,7,9,18.105
2062,7,10,20.059
2062,7,11,18.876
2062,7,12,18.239
2062,7,13,16.843
2062,7,14,18.162
2062,7,15,19.109
2062,7,16,21.39
2062,7,17,20.052
2062,7,18,18.798
2062,7,19,17.783
2062,7,20,17.503
2062,7,21,17.753
2062,7,22,18.439
2062,7,23,21.938
2062,7,24,22.586
2062,7,25,20.965
2062,7,26,20.585
2062,7,27,20.88
2062,7,28,17.504
2062,7,29,20.129
2062,7,30,20.654
2062,7,31,17.981
2062,8,1,18.926
2062,8,2,17.337
2062,8,3,15.98
2062,8,4,16.986
2062,8,5,16.937
2062,8,6,18.151
2062,8,7,19.197
2062,8,8,20.078
2062,8,9,20.799
2062,8,10,20.914
2062,8,11,17.219
2062,8,12,14.868
2062,8,13,17.298
2062,8,14,18.572
2062,8,15,16.826
2062,8,16,18.243
2062,8,17,18.181
2062,8,18,15.629
2062,8,19,17.584
2062,8,20,18.329
2062,8,21,15.539
2062,8,22,15.068
2062,8,23,18.179
2062,8,24,18.352
2062,8,25,19.949
2062,8,26,21.081
2062,8,27,21.767
2062,8,28,21.512
2062,8,29,21.99
2062,8,30,20.001
2062,8,31,17.489
2062,9,1,17.49
2062,9,2,20.773
2062,9,3,18.986
2062,9,4,16.116
2062,9,5,13.957
2062,9,6,14.225
2062,9,7,18.478
2062,9,8,19.618
2062,9,9,19.048
2062,9,10,17.861
2062,9,11,18.52
2062,9,12,15.097
2062,9,13,13.743
2062,9,14,13.191
2062,9,15,14.568
2062,9,16,15.996
2062,9,17,13.847
2062,9,18,13.537
2062,9,19,11.504
2062,9,20,11.742
2062,9,21,11.887
2062,9,22,11.401
2062,9,23,12.539
2062,9,24,10.823
2062,9,25,13.931
2062,9,26,13.198
2062,9,27,13.908
2062,9,28,14.98
2062,9,29,14.071
2062,9,30,13.156
2062,10,1,13.752
2062,10,2,12.819
2062,10,3,12.573
2062,10,4,12.406
2062,10,5,13.565
2062,10,6,13.294
2062,10,7,13.38
2062,10,8,13.283
2062,10,9,17.37
2062,10,10,14.702
2062,10,11,13.407
2062,10,12,12.067
2062,10,13,12.41
2062,10,14,11.869
2062,10,15,9.7767
2062,10,16,16.927
2062,10,17,16.988
2062,10,18,17.06
2062,10,19,18.358
2062,10,20,12.996
2062,10,21,10.568
2062,10,22,12.348
2062,10,23,11.482
2062,10,24,12.37
2062,10,25,16.13
2062,10,26,13.569
2062,10,27,9.6867
2062,10,28,11.996
2062,10,29,12.132
2062,10,30,15.181
2062,10,31,15.065
2062,11,1,17.021
2062,11,2,15.366
2062,11,3,12.314
2062,11,4,10.869
2062,11,5,15.013
2062,11,6,14.592
2062,11,7,15.84
2062,11,8,13.461
2062,11,9,11.628
2062,11,10,8.8629
2062,11,11,6.5482
2062,11,12,3.4571
2062,11,13,5.921
2062,11,14,8.4377
2062,11,15,6.2353
2062,11,16,5.1349
2062,11,17,1.9786
2062,11,18,6.9369
2062,11,19,3.916
2062,11,20,10.232
2062,11,21,10.29
2062,11,22,9.0503
2062,11,23,8.593
2062,11,24,11.35
2062,11,25,13.931
2062,11,26,12.091
2062,11,27,6.9328
2062,11,28,4.987
2062,11,29,4.7985
2062,11,30,5.0574
2062,12,1,3.1588
2062,12,2,4.6382
2062,12,3,7.8739
2062,12,4,6.8627
2062,12,5,6.03
2062,12,6,5.3185
2062,12,7,7.3422
2062,12,8,4.825
2062,12,9,9.2841
2062,12,10,4.5798
2062,12,11,3.863
2062,12,12,5.1005
2062,12,13,5.1114
2062,12,14,8.7635
2062,12,15,8.8201
2062,12,16,8.552
2062,12,17,9.2968
2062,12,18,9.36
2062,12,19,9.1924
2062,12,20,5.8245
2062,12,21,3.0392
2062,12,22,1.4224
2062,12,23,0.356
2062,12,24,3.6292
2062,12,25,4.0607
2062,12,26,10.081
2062,12,27,12.935
2062,12,28,6.5508
2062,12,29,3.2899
2062,12,30,2.8372
2062,12,31,1.9016
2063,1,1,4.6935
2063,1,2,7.5054
2063,1,3,12.089
2063,1,4,7.7322
2063,1,5,3.1264
2063,1,6,1.1004
2063,1,7,0.19603
2063,1,8,0.11219
2063,1,9,-1.459
2063,1,10,-0.61387
2063,1,11,-3.8184
2063,1,12,1.4854
2063,1,13,5.9411
2063,1,14,4.4037
2063,1,15,3.854
2063,1,16,2.4274
2063,1,17,0.9909
2063,1,18,4.5432
2063,1,19,0.046391
2063,1,20,0.987
2063,1,21,5.2207
2063,1,22,2.6287
2063,1,23,10.479
2063,1,24,6.4576
2063,1,25,6.1816
2063,1,26,12.817
2063,1,27,12.839
2063,1,28,7.8001
2063,1,29,4.8
2063,1,30,2.0776
2063,1,31,11.674
2063,2,1,6.7595
2063,2,2,6.8574
2063,2,3,7.7303
2063,2,4,4.9179
2063,2,5,4.6539
2063,2,6,5.5158
2063,2,7,3.2431
2063,2,8,5.6473
2063,2,9,7.6674
2063,2,10,4.3707
2063,2,11,2.9974
2063,2,12,3.1529
2063,2,13,8.2836
2063,2,14,11.679
2063,2,15,5.297
2063,2,16,3.2337
2063,2,17,7.6937
2063,2,18,4.3993
2063,2,19,11.554
2063,2,20,5.138
2063,2,21,2.894
2063,2,22,4.1914
2063,2,23,4.4441
2063,2,24,2.7111
2063,2,25,1.992
2063,2,26,6.0439
2063,2,27,7.2073
2063,2,28,7.99
2063,3,1,10.223
2063,3,2,5.2222
2063,3,3,4.8246
2063,3,4,4.6746
2063,3,5,6.562
2063,3,6,4.3281
2063,3,7,3.7402
2063,3,8,7.3417
2063,3,9,6.1205
2063,3,10,4.2132
2063,3,11,8.2856
2063,3,12,5.8047
2063,3,13,5.324
2063,3,14,4.6181
2063,3,15,3.2875
2063,3,16,5.7605
2063,3,17,3.4308
2063,3,18,4.8552
2063,3,19,3.4131
2063,3,20,5.7122
2063,3,21,2.5551
2063,3,22,6.3658
2063,3,23,4.7174
2063,3,24,7.84
2063,3,25,5.2825
2063,3,26,3.484
2063,3,27,3.3156
2063,3,28,3.144
2063,3,29,3.2703
2063,3,30,2.0824
2063,3,31,3.719
2063,4,1,4.4484
2063,4,2,3.3805
2063,4,3,7.5204
2063,4,4,8.0124
2063,4,5,7.8628
2063,4,6,6.1913
2063,4,7,5.7862
2063,4,8,6.73
2063,4,9,6.4173
2063,4,10,6.3751
2063,4,11,9.2937
2063,4,12,8.8915
2063,4,13,7.615
2063,4,14,6.9657
2063,4,15,6.6737
2063,4,16,4.0839
2063,4,17,3.8906
2063,4,18,8.5572
2063,4,19,10.343
2063,4,20,10.788
2063,4,21,9.756
2063,4,22,8.6329
2063,4,23,6.4334
2063,4,24,3.8229
2063,4,25,8.1578
2063,4,26,10.337
2063,4,27,8.3467
2063,4,28,8.921
2063,4,29,7.8415
2063,4,30,11.667
2063,5,1,11.922
2063,5,2,13.035
2063,5,3,10.134
2063,5,4,8.0321
2063,5,5,11.183
2063,5,6,10.761
2063,5,7,7.7874
2063,5,8,7.2918
2063,5,9,11.555
2063,5,10,11.541
2063,5,11,11.555
2063,5,12,10.881
2063,5,13,14.872
2063,5,14,14.815
2063,5,15,11.873
2063,5,16,9.2114
2063,5,17,7.9521
2063,5,18,9.5712
2063,5,19,11.867
2063,5,20,10.287
2063,5,21,10.743
2063,5,22,10.521
2063,5,23,8.235
2063,5,24,8.2927
2063,5,25,8.6556
2063,5,26,10
2063,5,27,9.8708
2063,5,28,11.997
2063,5,29,15.12
2063,5,30,16.05
2063,5,31,16.338
2063,6,1,14.97
2063,6,2,11.63
2063,6,3,11.072
2063,6,4,11.106
2063,6,5,11.347
2063,6,6,10.556
2063,6,7,11.532
2063,6,8,14.267
2063,6,9,15.777
2063,6,10,15.136
2063,6,11,12.619
2063,6,12,13.7
2063,6,13,16.463
2063,6,14,14.59
2063,6,15,13.937
2063,6,16,13.302
2063,6,17,10.832
2063,6,18,12.701
2063,6,19,11.153
2063,6,20,13.427
2063,6,21,12.869
2063,6,22,12.662
2063,6,23,13.501
2063,6,24,14.916
2063,6,25,17.439
2063,6,26,19.056
2063,6,27,20.116
2063,6,28,22.244
2063,6,29,21.124
2063,6,30,20.915
2063,7,1,19.178
2063,7,2,18.734
2063,7,3,20.176
2063,7,4,16.713
2063,7,5,17.804
2063,7,6,19.663
2063,7,7,20.503
2063,7,8,19.924
2063,7,9,20.595
2063,7,10,22.842
2063,7,11,19.866
2063,7,12,17.943
2063,7,13,17.539
2063,7,14,19.342
2063,7,15,19.605
2063,7,16,21.017
2063,7,17,19.687
2063,7,18,17.624
2063,7,19,15.253
2063,7,20,17.566
2063,7,21,20.256
2063,7,22,21.295
2063,7,23,20.724
2063,7,24,19.137
2063,7,25,20.51
2063,7,26,21.089
2063,7,27,20.783
2063,7,28,20.931
2063,7,29,21.129
2063,7,30,24.618
2063,7,31,23.686
2063,8,1,22.218
2063,8,2,20.953
2063,8,3,21.491
2063,8,4,18.995
2063,8,5,19.373
2063,8,6,20.756
2063,8,7,21.717
2063,8,8,20.556
2063,8,9,21.567
2063,8,10,22.833
2063,8,11,22.609
2063,8,12,22.121
2063,8,13,22.002
2063,8,14,21.59
2063,8,15,22.692
2063,8,16,21.35
2063,8,17,21.783
2063,8,18,20.344
2063,8,19,16.269
2063,8,20,14.897
2063,8,21,18.203
2063,8,22,15.272
2063,8,23,17.004
2063,8,24,19.491
2063,8,25,20.998
2063,8,26,20.606
2063,8,27,21.83
2063,8,28,20.213
2063,8,29,19.734
2063,8,30,19.744
2063,8,31,17.633
2063,9,1,15.216
2063,9,2,15.82
2063,9,3,14.951
2063,9,4,13.824
2063,9,5,18.574
2063,9,6,18.044
2063,9,7,14.27
2063,9,8,12.3
2063,9,9,12.099
2063,9,10,16.067
2063,9,11,16.411
2063,9,12,19.729
2063,9,13,16.766
2063,9,14,15.184
2063,9,15,13.895
2063,9,16,14.514
2063,9,17,13.247
2063,9,18,12.734
2063,9,19,11.974
2063,9,20,17.61
2063,9,21,16.582
2063,9,22,15.006
2063,9,23,14.741
2063,9,24,13.759
2063,9,25,12.052
2063,9,26,12.414
2063,9,27,13.12
2063,9,28,14.364
2063,9,29,13.621
2063,9,30,17.69
2063,10,1,16.938
2063,10,2,17.765
2063,10,3,15.996
2063,10,4,11.619
2063,10,5,10.984
2063,10,6,11.962
2063,10,7,11.265
2063,10,8,9.8402
2063,10,9,9.9283
2063,10,10,11.517
2063,10,11,11.349
2063,10,12,17.185
2063,10,13,16.655
2063,10,14,13.316
2063,10,15,13.11
2063,10,16,13.415
2063,10,17,11.693
2063,10,18,10.196
2063,10,19,10.661
2063,10,20,10.092
2063,10,21,11.87
2063,10,22,12.144
2063,10,23,9.0191
2063,10,24,11.019
2063,10,25,15.97
2063,10,26,13.683
2063,10,27,10.326
2063,10,28,8.2566
2063,10,29,8.3773
2063,10,30,10.606
2063,10,31,8.9786
2063,11,1,9.7986
2063,11,2,8.1518
2063,11,3,7.4781
2063,11,4,6.4951
2063,11,5,5.4646
2063,11,6,4.6783
2063,11,7,6.4872
2063,11,8,7.7931
2063,11,9,5.2999
2063,11,10,3.8348
2063,11,11,6.3868
2063,11,12,1.599
2063,11,13,5.322
2063,11,14,9.2848
2063,11,15,6.4853
2063,11,16,3.3916
2063,11,17,6.8017
2063,11,18,12.626
2063,11,19,10.451
2063,11,20,6.9768
2063,11,21,4.2703
2063,11,22,4.2939
2063,11,23,7.2318
2063,11,24,6.5581
2063,11,25,6.7513
2063,11,26,14.472
2063,11,27,13.812
2063,11,28,13.702
2063,11,29,10.25
2063,11,30,7.9797
2063,12,1,5.3771
2063,12,2,6.1279
2063,12,3,8.6561
2063,12,4,8.6652
2063,12,5,7.756
2063,12,6,11.828
2063,12,7,5.5315
2063,12,8,5.4543
2063,12,9,9.7878
2063,12,10,6.235
2063,12,11,9.1313
2063,12,12,7.1392
2063,12,13,2.8345
2063,12,14,0.7721
2063,12,15,7.3808
2063,12,16,4.4002
2063,12,17,7.529
2063,12,18,4.9348
2063,12,19,3.8715
2063,12,20,3.7741
2063,12,21,6.1971
2063,12,22,5.0386
2063,12,23,4.7335
2063,12,24,5.2601
2063,12,25,2.2151
2063,12,26,5.2591
2063,12,27,6.7748
2063,12,28,6.7806
2063,12,29,6.6724
2063,12,30,1.7885
2063,12,31,0.96315
2064,1,1,0.69991
2064,1,2,0.65949
2064,1,3,8.1571
2064,1,4,7.2173
2064,1,5,4.3969
2064,1,6,3.9556
2064,1,7,6.4483
2064,1,8,5.0779
2064,1,9,8.1259
2064,1,10,5.7929
2064,1,11,4.0056
2064,1,12,1.3325
2064,1,13,4.1196
2064,1,14,8.0703
2064,1,15,9.7286
2064,1,16,6.1379
2064,1,17,5.4021
2064,1,18,1.8055
2064,1,19,6.8977
2064,1,20,4.7347
2064,1,21,4.9237
2064,1,22,7.7025
2064,1,23,7.6949
2064,1,24,5.4722
2064,1,25,3.9682
2064,1,26,2.6459
2064,1,27,4.8884
2064,1,28,4.1058
2064,1,29,1.1987
2064,1,30,0.33682
2064,1,31,-0.42511
2064,2,1,0.20313
2064,2,2,4.3848
2064,2,3,3.8529
2064,2,4,3.3498
2064,2,5,7.8817
2064,2,6,6.9561
2064,2,7,5.3953
2064,2,8,4.941
2064,2,9,4.384
2064,2,10,2.1404
2064,2,11,1.2474
2064,2,12,5.1587
2064,2,13,6.0424
2064,2,14,7.8699
2064,2,15,6.6868
2064,2,16,3.97
2064,2,17,4.4891
2064,2,18,4.5034
2064,2,19,1.5721
2064,2,20,1.0924
2064,2,21,0.34575
2064,2,22,2.4863
2064,2,23,10.062
2064,2,24,8.8244
2064,2,25,6.9079
2064,2,26,6.7362
2064,2,27,5.7172
2064,2,28,4.3736
2064,2,29,4.071
2064,3,1,9.8529
2064,3,2,6.9441
2064,3,3,7.1618
2064,3,4,7.1456
2064,3,5,4.3764
2064,3,6,3.8026
2064,3,7,4.3261
2064,3,8,5.6017
2064,3,9,5.9434
2064,3,10,9.6609
2064,3,11,8.1139
2064,3,12,5.9367
2064,3,13,7.4346
2064,3,14,6.9761
2064,3,15,4.1399
2064,3,16,7.6751
2064,3,17,6.7551
2064,3,18,4.9104
2064,3,19,7.9341
2064,3,20,6.1925
2064,3,21,7.3022
2064,3,22,11.216
2064,3,23,12.701
2064,3,24,8.1903
2064,3,25,6.9762
2064,3,26,10.322
2064,3,27,8.3533
2064,3,28,6.0962
2064,3,29,4.5027
2064,3,30,6.9401
2064,3,31,9.1217
2064,4,1,5.8318
2064,4,2,7.7924
2064,4,3,7.5228
2064,4,4,4.6568
2064,4,5,2.8875
2064,4,6,10.188
2064,4,7,6.4972
2064,4,8,5.5779
2064,4,9,7.7743
2064,4,10,5.8904
2064,4,11,3.9524
2064,4,12,5.3343
2064,4,13,8.5008
2064,4,14,8.7207
2064,4,15,9.7262
2064,4,16,13.094
2064,4,17,12.729
2064,4,18,11.265
2064,4,19,9.5764
2064,4,20,9.9188
2064,4,21,10.983
2064,4,22,9.791
2064,4,23,12.372
2064,4,24,12.443
2064,4,25,10.601
2064,4,26,8.3464
2064,4,27,8.313
2064,4,28,7.5886
2064,4,29,11.014
2064,4,30,9.6262
2064,5,1,9.6462
2064,5,2,12.519
2064,5,3,10.677
2064,5,4,8.5737
2064,5,5,9.0735
2064,5,6,6.8607
2064,5,7,8.8644
2064,5,8,8.0975
2064,5,9,7.0442
2064,5,10,7.7874
2064,5,11,9.6961
2064,5,12,9.7852
2064,5,13,13.295
2064,5,14,10.833
2064,5,15,9.9904
2064,5,16,9.0551
2064,5,17,10.818
2064,5,18,11.406
2064,5,19,11.655
2064,5,20,10.877
2064,5,21,11.274
2064,5,22,10.679
2064,5,23,13.689
2064,5,24,15.342
2064,5,25,13.662
2064,5,26,14.627
2064,5,27,13.597
2064,5,28,15.563
2064,5,29,16.745
2064,5,30,16.562
2064,5,31,15.159
2064,6,1,17.552
2064,6,2,17.497
2064,6,3,16.907
2064,6,4,14.717
2064,6,5,15.816
2064,6,6,19.493
2064,6,7,17.558
2064,6,8,17.986
2064,6,9,17.768
2064,6,10,16.176
2064,6,11,15.624
2064,6,12,13.153
2064,6,13,16.162
2064,6,14,15.503
2064,6,15,14.2
2064,6,16,16.719
2064,6,17,15.726
2064,6,18,15.931
2064,6,19,18.051
2064,6,20,19.954
2064,6,21,18.797
2064,6,22,16.303
2064,6,23,17.052
2064,6,24,16.59
2064,6,25,16.05
2064,6,26,17.307
2064,6,27,19.421
2064,6,28,17.437
2064,6,29,18.342
2064,6,30,17.111
2064,7,1,15.672
2064,7,2,16.513
2064,7,3,14.774
2064,7,4,17.439
2064,7,5,21.239
2064,7,6,23.206
2064,7,7,20.77
2064,7,8,19.079
2064,7,9,18.847
2064,7,10,20.487
2064,7,11,20.878
2064,7,12,20.435
2064,7,13,18.852
2064,7,14,18.382
2064,7,15,18.609
2064,7,16,20.313
2064,7,17,20.654
2064,7,18,22.197
2064,7,19,22.084
2064,7,20,21.433
2064,7,21,21.096
2064,7,22,21.504
2064,7,23,23.494
2064,7,24,24.256
2064,7,25,22.681
2064,7,26,21.698
2064,7,27,22.856
2064,7,28,23.644
2064,7,29,21.382
2064,7,30,22.342
2064,7,31,24.565
2064,8,1,23.228
2064,8,2,21.966
2064,8,3,21.805
2064,8,4,21.329
2064,8,5,23.226
2064,8,6,22.439
2064,8,7,23.895
2064,8,8,24.713
2064,8,9,24.598
2064,8,10,22.246
2064,8,11,19.977
2064,8,12,20.007
2064,8,13,20.855
2064,8,14,19.656
2064,8,15,20.034
2064,8,16,19.058
2064,8,17,18.918
2064,8,18,21.127
2064,8,19,22.381
2064,8,20,22.36
2064,8,21,20.684
2064,8,22,17.969
2064,8,23,16.434
2064,8,24,16.464
2064,8,25,17.094
2064,8,26,19.015
2064,8,27,15.598
2064,8,28,14.388
2064,8,29,17.371
2064,8,30,19.014
2064,8,31,20.043
2064,9,1,20.402
2064,9,2,20.101
2064,9,3,19.309
2064,9,4,19.08
2064,9,5,17.857
2064,9,6,17.97
2064,9,7,17.102
2064,9,8,15.406
2064,9,9,17.561
2064,9,10,19.604
2064,9,11,21.519
2064,9,12,21.056
2064,9,13,18.355
2064,9,14,14.972
2064,9,15,14.099
2064,9,16,12.859
2064,9,17,10.876
2064,9,18,13.359
2064,9,19,12.989
2064,9,20,13.15
2064,9,21,12.262
2064,9,22,12.231
2064,9,23,15.44
2064,9,24,18.176
2064,9,25,16.155
2064,9,26,15.856
2064,9,27,14.625
2064,9,28,17.835
2064,9,29,19.862
2064,9,30,18.839
2064,10,1,17.704
2064,10,2,17.337
2064,10,3,18.001
2064,10,4,19.484
2064,10,5,12.579
2064,10,6,12.334
2064,10,7,11.907
2064,10,8,12.904
2064,10,9,12.766
2064,10,10,11.999
2064,10,11,12.807
2064,10,12,14.037
2064,10,13,13.141
2064,10,14,10.374
2064,10,15,16.835
2064,10,16,18.745
2064,10,17,17.957
2064,10,18,15.778
2064,10,19,14.294
2064,10,20,10.124
2064,10,21,8.2372
2064,10,22,8.0702
2064,10,23,8.296
2064,10,24,4.8753
2064,10,25,4.0082
2064,10,26,6.8005
2064,10,27,6.3829
2064,10,28,15.5
2064,10,29,13.824
2064,10,30,9.8386
2064,10,31,7.3598
2064,11,1,5.888
2064,11,2,7.8976
2064,11,3,5.7738
2064,11,4,10.311
2064,11,5,8.95
2064,11,6,4.6521
2064,11,7,2.6073
2064,11,8,7.0606
2064,11,9,7.2769
2064,11,10,6.5649
2064,11,11,5.1861
2064,11,12,5.6038
2064,11,13,7.462
2064,11,14,7.284
2064,11,15,7.5683
2064,11,16,5.4001
2064,11,17,11.042
2064,11,18,7.4477
2064,11,19,5.6105
2064,11,20,5.8094
2064,11,21,5.5005
2064,11,22,9.3775
2064,11,23,9.131
2064,11,24,9.2403
2064,11,25,7.3983
2064,11,26,5.142
2064,11,27,5.7806
2064,11,28,13.836
2064,11,29,10.009
2064,11,30,8.9708
2064,12,1,8.2774
2064,12,2,2.223
2064,12,3,-0.65563
2064,12,4,-1.1327
2064,12,5,-0.66658
2064,12,6,4.128
2064,12,7,9.5044
2064,12,8,5.0048
2064,12,9,7.2992
2064,12,10,6.893
2064,12,11,5.2967
2064,12,12,1.7327
2064,12,13,4.1856
2064,12,14,11.577
2064,12,15,6.6786
2064,12,16,4.9008
2064,12,17,10.771
2064,12,18,12.716
2064,12,19,9.1223
2064,12,20,9.0669
2064,12,21,7.2012
2064,12,22,5.1707
2064,12,23,6.6626
2064,12,24,5.6863
2064,12,25,3.6881
2064,12,26,6.9806
2064,12,27,4.2924
2064,12,28,3.946
2064,12,29,3.233
2064,12,30,3.7347
2064,12,31,2.5724
2065,1,1,1.1523
2065,1,2,0.60026
2065,1,3,5.7919
2065,1,4,7.2364
2065,1,5,5.4368
2065,1,6,8.2285
2065,1,7,8.337
2065,1,8,5.7259
2065,1,9,3.0229
2065,1,10,8.3014
2065,1,11,7.8053
2065,1,12,5.4043
2065,1,13,4.1402
2065,1,14,4.0015
2065,1,15,3.5901
2065,1,16,2.6207
2065,1,17,2.9407
2065,1,18,0.96963
2065,1,19,-0.14678
2065,1,20,0.7887
2065,1,21,2.4634
2065,1,22,2.2896
2065,1,23,1.6281
2065,1,24,1.6028
2065,1,25,1.2426
2065,1,26,0.92159
2065,1,27,2.6226
2065,1,28,1.8464
2065,1,29,1.2763
2065,1,30,3.9938
2065,1,31,4.4975
2065,2,1,1.7305
2065,2,2,0.76527
2065,2,3,2.3711
2065,2,4,0.56739
2065,2,5,-0.56681
2065,2,6,6.1733
2065,2,7,7.7561
2065,2,8,2.4757
2065,2,9,1.678
2065,2,10,4.4948
2065,2,11,8.3283
2065,2,12,9.317
2065,2,13,7.5542
2065,2,14,8.7289
2065,2,15,6.3919
2065,2,16,4.9207
2065,2,17,6.1219
2065,2,18,6.0611
2065,2,19,6.5369
2065,2,20,3.2792
2065,2,21,1.2842
2065,2,22,0.58827
2065,2,23,4.1848
2065,2,24,4.2244
2065,2,25,8.8311
2065,2,26,8.1755
2065,2,27,6.9609
2065,2,28,2.1638
2065,3,1,0.13684
2065,3,2,7.6294
2065,3,3,1.7403
2065,3,4,0.29908
2065,3,5,-0.53351
2065,3,6,3.6476
2065,3,7,4.7727
2065,3,8,2.3505
2065,3,9,3.6232
2065,3,10,2.2236
2065,3,11,8.2797
2065,3,12,7.3832
2065,3,13,4.6332
2065,3,14,4.9726
2065,3,15,8.6299
2065,3,16,10.969
2065,3,17,11.225
2065,3,18,9.3635
2065,3,19,7.3612
2065,3,20,5.1737
2065,3,21,8.8093
2065,3,22,8.3686
2065,3,23,9.4152
2065,3,24,6.2702
2065,3,25,4.1453
2065,3,26,3.359
2065,3,27,3.4118
2065,3,28,3.9161
2065,3,29,3.6224
2065,3,30,3.2864
2065,3,31,5.7831
2065,4,1,6.1384
2065,4,2,5.1501
2065,4,3,5.3306
2065,4,4,11.98
2065,4,5,11.473
2065,4,6,10.366
2065,4,7,12.941
2065,4,8,11.203
2065,4,9,10.187
2065,4,10,9.5158
2065,4,11,7.7803
2065,4,12,7.3148
2065,4,13,6.317
2065,4,14,7.478
2065,4,15,8.5839
2065,4,16,8.0865
2065,4,17,10.958
2065,4,18,11.102
2065,4,19,7.4705
2065,4,20,8.0712
2065,4,21,7.6269
2065,4,22,4.0405
2065,4,23,9.4972
2065,4,24,10.723
2065,4,25,7.4503
2065,4,26,5.9976
2065,4,27,12.758
2065,4,28,11.82
2065,4,29,8.001
2065,4,30,6.7925
2065,5,1,13.38
2065,5,2,13.453
2065,5,3,10.345
2065,5,4,8.1853
2065,5,5,8.3538
2065,5,6,8.7412
2065,5,7,8.1319
2065,5,8,8.194
2065,5,9,10.614
2065,5,10,11.625
2065,5,11,9.3842
2065,5,12,8.5713
2065,5,13,5.5331
2065,5,14,6.8248
2065,5,15,8.7145
2065,5,16,6.5493
2065,5,17,7.1919
2065,5,18,8.7466
2065,5,19,13.6
2065,5,20,15.487
2065,5,21,15.231
2065,5,22,15.938
2065,5,23,14.642
2065,5,24,13.041
2065,5,25,10.57
2065,5,26,10.553
2065,5,27,11.462
2065,5,28,13.28
2065,5,29,14.965
2065,5,30,15.937
2065,5,31,14.506
2065,6,1,11.904
2065,6,2,15.237
2065,6,3,14.714
2065,6,4,18.531
2065,6,5,15.559
2065,6,6,18.29
2065,6,7,16.692
2065,6,8,15.038
2065,6,9,16.855
2065,6,10,16.571
2065,6,11,19.168
2065,6,12,18.09
2065,6,13,18.45
2065,6,14,17.229
2065,6,15,14.599
2065,6,16,16.72
2065,6,17,15.684
2065,6,18,13.734
2065,6,19,12.43
2065,6,20,14.976
2065,6,21,17.327
2065,6,22,19.671
2065,6,23,20.847
2065,6,24,18.913
2065,6,25,17.359
2065,6,26,15.003
2065,6,27,18.497
2065,6,28,22.912
2065,6,29,22.908
2065,6,30,20.656
2065,7,1,18.582
2065,7,2,20.463
2065,7,3,18.092
2065,7,4,16.136
2065,7,5,19.566
2065,7,6,21.619
2065,7,7,24.137
2065,7,8,22.149
2065,7,9,21.342
2065,7,10,23.373
2065,7,11,22.282
2065,7,12,22.543
2065,7,13,24.148
2065,7,14,23.447
2065,7,15,25.003
2065,7,16,25.58
2065,7,17,24.311
2065,7,18,22.005
2065,7,19,23.737
2065,7,20,25.277
2065,7,21,21.095
2065,7,22,16.863
2065,7,23,15.103
2065,7,24,15.952
2065,7,25,16.907
2065,7,26,18.748
2065,7,27,17.714
2065,7,28,16.258
2065,7,29,14.972
2065,7,30,16.614
2065,7,31,15.66
2065,8,1,17.325
2065,8,2,20.347
2065,8,3,17.728
2065,8,4,21
2065,8,5,21.08
2065,8,6,20.909
2065,8,7,20.048
2065,8,8,21.482
2065,8,9,20.525
2065,8,10,19.89
2065,8,11,21.93
2065,8,12,22.934
2065,8,13,21.706
2065,8,14,22.292
2065,8,15,25.748
2065,8,16,23.683
2065,8,17,24.906
2065,8,18,19.448
2065,8,19,17.775
2065,8,20,18.706
2065,8,21,16.319
2065,8,22,15.778
2065,8,23,14.587
2065,8,24,14.577
2065,8,25,19.456
2065,8,26,16.85
2065,8,27,18.938
2065,8,28,20.351
2065,8,29,20.188
2065,8,30,19.922
2065,8,31,22.237
2065,9,1,21.168
2065,9,2,20.755
2065,9,3,23.652
2065,9,4,20.93
2065,9,5,19.509
2065,9,6,19.311
2065,9,7,19.447
2065,9,8,21.463
2065,9,9,20.34
2065,9,10,18.962
2065,9,11,19.951
2065,9,12,20.736
2065,9,13,20.6
2065,9,14,22.006
2065,9,15,21.728
2065,9,16,18.703
2065,9,17,19.206
2065,9,18,18.986
2065,9,19,22.669
2065,9,20,19.206
2065,9,21,15.942
2065,9,22,16.254
2065,9,23,13.498
2065,9,24,12.558
2065,9,25,16.094
2065,9,26,14.372
2065,9,27,11.954
2065,9,28,10.099
2065,9,29,9.983
2065,9,30,14.958
2065,10,1,18.129
2065,10,2,16.441
2065,10,3,14.551
2065,10,4,15.274
2065,10,5,17.137
2065,10,6,16.118
2065,10,7,16.788
2065,10,8,15.516
2065,10,9,13.418
2065,10,10,11.563
2065,10,11,9.9367
2065,10,12,9.6196
2065,10,13,10.755
2065,10,14,16.035
2065,10,15,16.614
2065,10,16,13.883
2065,10,17,12.643
2065,10,18,13.155
2065,10,19,11.765
2065,10,20,12.889
2065,10,21,13.912
2065,10,22,16.01
2065,10,23,10.258
2065,10,24,7.7069
2065,10,25,8.3914
2065,10,26,9.585
2065,10,27,7.4706
2065,10,28,6.7007
2065,10,29,4.7394
2065,10,30,3.1037
2065,10,31,3.3778
2065,11,1,10.124
2065,11,2,11.113
2065,11,3,8.7261
2065,11,4,4.9291
2065,11,5,6.2035
2065,11,6,5.0235
2065,11,7,3.9483
2065,11,8,4.5765
2065,11,9,6.3001
2065,11,10,4.3822
2065,11,11,3.7607
2065,11,12,0.27291
2065,11,13,-0.88285
2065,11,14,7.1203
2065,11,15,6.9799
2065,11,16,5.522
2065,11,17,6.1876
2065,11,18,4.1361
2065,11,19,6.8436
2065,11,20,4.8801
2065,11,21,9.7331
2065,11,22,5.4487
2065,11,23,9.2088
2065,11,24,11.742
2065,11,25,7.9567
2065,11,26,10.756
2065,11,27,6.9305
2065,11,28,4.7765
2065,11,29,2.4628
2065,11,30,5.2749
2065,12,1,8.6037
2065,12,2,2.96
2065,12,3,0.57687
2065,12,4,0.88534
2065,12,5,0.10133
2065,12,6,-0.0013184
2065,12,7,-0.20351
2065,12,8,2.3963
2065,12,9,3.8745
2065,12,10,6.1971
2065,12,11,1.8965
2065,12,12,1.8745
2065,12,13,0.45547
2065,12,14,-0.14455
2065,12,15,-0.62786
2065,12,16,-0.70819
2065,12,17,-0.52607
2065,12,18,-1.1466
2065,12,19,6.5514
2065,12,20,8.4413
2065,12,21,1.1211
2065,12,22,-0.47884
2065,12,23,-1.0324
2065,12,24,0.3116
2065,12,25,3.0778
2065,12,26,1.9086
2065,12,27,2.1476
2065,12,28,1.9969
2065,12,29,4.5804
2065,12,30,2.752
2065,12,31,7.8031
2066,1,1,5.4189
2066,1,2,2.2703
2066,1,3,0.90562
2066,1,4,2.0707
2066,1,5,2.3161
2066,1,6,0.905
2066,1,7,0.82557
2066,1,8,0.52054
2066,1,9,-0.30465
2066,1,10,-1.2214
2066,1,11,-1.8865
2066,1,12,-2.1129
2066,1,13,-1.3294
2066,1,14,1.1519
2066,1,15,-0.10932
2066,1,16,-0.19559
2066,1,17,-0.87954
2066,1,18,-1.2416
2066,1,19,-1.821
2066,1,20,-1.4108
2066,1,21,-2.2578
2066,1,22,-1.8669
2066,1,23,5.0664
2066,1,24,1.7839
2066,1,25,2.4929
2066,1,26,11.436
2066,1,27,5.7342
2066,1,28,5.2018
2066,1,29,9.0337
2066,1,30,10.73
2066,1,31,7.893
2066,2,1,2.542
2066,2,2,2.56
2066,2,3,8.1419
2066,2,4,4.7587
2066,2,5,3.5162
2066,2,6,3.8721
2066,2,7,0.94338
2066,2,8,0.98464
2066,2,9,0.26713
2066,2,10,3.6638
2066,2,11,6.1085
2066,2,12,3.9998
2066,2,13,8.0232
2066,2,14,5.0366
2066,2,15,7.5588
2066,2,16,5.0947
2066,2,17,8.1405
2066,2,18,9.4918
2066,2,19,7.8582
2066,2,20,3.6153
2066,2,21,5.3938
2066,2,22,3.6281
2066,2,23,10.493
2066,2,24,8.8732
2066,2,25,4.9224
2066,2,26,3.688
2066,2,27,2.1293
2066,2,28,2.0796
2066,3,1,6.8522
2066,3,2,8.1401
2066,3,3,8.0458
2066,3,4,11.488
2066,3,5,5.8415
2066,3,6,3.4899
2066,3,7,2.8765
2066,3,8,5.368
2066,3,9,6.8564
2066,3,10,3.9044
2066,3,11,2.0909
2066,3,12,3.0852
2066,3,13,3.0515
2066,3,14,3.5152
2066,3,15,5.4243
2066,3,16,4.2064
2066,3,17,3.0178
2066,3,18,7.5937
2066,3,19,5.464
2066,3,20,9.0802
2066,3,21,5.3508
2066,3,22,5.4343
2066,3,23,4.1216
2066,3,24,6.3624
2066,3,25,10.804
2066,3,26,10.587
2066,3,27,8.3092
2066,3,28,9.5692
2066,3,29,8.2258
2066,3,30,6.3884
2066,3,31,9.289
2066,4,1,8.1556
2066,4,2,10.115
2066,4,3,6.432
2066,4,4,8.4094
2066,4,5,10.521
2066,4,6,9.6725
2066,4,7,7.59
2066,4,8,7.9369
2066,4,9,7.7407
2066,4,10,6.0767
2066,4,11,6.9817
2066,4,12,4.201
2066,4,13,3.5296
2066,4,14,5.5483
2066,4,15,8.0335
2066,4,16,8.1738
2066,4,17,8.6819
2066,4,18,10.595
2066,4,19,8.6445
2066,4,20,7.6086
2066,4,21,6.1743
2066,4,22,8.6805
2066,4,23,6.4924
2066,4,24,6.8851
2066,4,25,7.8266
2066,4,26,6.3121
2066,4,27,4.936
2066,4,28,9.5424
2066,4,29,9.4122
2066,4,30,7.5289
2066,5,1,12.563
2066,5,2,12.007
2066,5,3,11.077
2066,5,4,9.2309
2066,5,5,9.5922
2066,5,6,8.8797
2066,5,7,7.4142
2066,5,8,13.01
2066,5,9,13.155
2066,5,10,9.7707
2066,5,11,8.469
2066,5,12,9.7114
2066,5,13,10.756
2066,5,14,15.205
2066,5,15,16.482
2066,5,16,13.73
2066,5,17,12.331
2066,5,18,13.098
2066,5,19,14.244
2066,5,20,16.332
2066,5,21,15.391
2066,5,22,14.105
2066,5,23,11.972
2066,5,24,12.291
2066,5,25,11.763
2066,5,26,11.156
2066,5,27,11.31
2066,5,28,10.544
2066,5,29,12.391
2066,5,30,12.871
2066,5,31,10.968
2066,6,1,11.07
2066,6,2,11.31
2066,6,3,12.264
2066,6,4,9.9359
2066,6,5,13.479
2066,6,6,11.613
2066,6,7,12.953
2066,6,8,13.294
2066,6,9,13.155
2066,6,10,14.727
2066,6,11,16.884
2066,6,12,14.637
2066,6,13,13.935
2066,6,14,14.267
2066,6,15,16.246
2066,6,16,24.703
2066,6,17,21.293
2066,6,18,19.218
2066,6,19,20.778
2066,6,20,17.447
2066,6,21,20.211
2066,6,22,18.039
2066,6,23,18.332
2066,6,24,19.765
2066,6,25,19.238
2066,6,26,16.209
2066,6,27,18.228
2066,6,28,18.288
2066,6,29,15.391
2066,6,30,18.322
2066,7,1,17.636
2066,7,2,17.567
2066,7,3,19.608
2066,7,4,16.822
2066,7,5,16.627
2066,7,6,16.24
2066,7,7,17.795
2066,7,8,14.868
2066,7,9,18.592
2066,7,10,16.03
2066,7,11,15.948
2066,7,12,19.419
2066,7,13,18.087
2066,7,14,15.364
2066,7,15,17.201
2066,7,16,18.699
2066,7,17,18.215
2066,7,18,20.078
2066,7,19,21.255
2066,7,20,17.964
2066,7,21,17.079
2066,7,22,16.055
2066,7,23,20.133
2066,7,24,19.972
2066,7,25,17.408
2066,7,26,15.303
2066,7,27,15.325
2066,7,28,19.155
2066,7,29,17.813
2066,7,30,17.451
2066,7,31,19.345
2066,8,1,19.466
2066,8,2,17.968
2066,8,3,20.153
2066,8,4,21.379
2066,8,5,17.718
2066,8,6,16.044
2066,8,7,15.068
2066,8,8,18.22
2066,8,9,18.973
2066,8,10,20.3
2066,8,11,19.508
2066,8,12,15.865
2066,8,13,17.706
2066,8,14,18.706
2066,8,15,17.31
2066,8,16,17.697
2066,8,17,15.204
2066,8,18,17.369
2066,8,19,17.861
2066,8,20,19.143
2066,8,21,20.423
2066,8,22,19.841
2066,8,23,19.958
2066,8,24,21.934
2066,8,25,21.507
2066,8,26,19.753
2066,8,27,18.089
2066,8,28,18.322
2066,8,29,19.48
2066,8,30,17.778
2066,8,31,19.203
2066,9,1,18.359
2066,9,2,16.906
2066,9,3,17.994
2066,9,4,18.971
2066,9,5,16.167
2066,9,6,13.698
2066,9,7,11.566
2066,9,8,13.392
2066,9,9,17.687
2066,9,10,18.613
2066,9,11,19.497
2066,9,12,20.02
2066,9,13,21.027
2066,9,14,18.607
2066,9,15,18.735
2066,9,16,19.177
2066,9,17,16.615
2066,9,18,14.77
2066,9,19,14.548
2066,9,20,15.663
2066,9,21,16.205
2066,9,22,12.14
2066,9,23,12.389
2066,9,24,13.734
2066,9,25,16.584
2066,9,26,16.589
2066,9,27,12.535
2066,9,28,10.325
2066,9,29,11.423
2066,9,30,13.463
2066,10,1,10.607
2066,10,2,9.202
2066,10,3,11.834
2066,10,4,15.923
2066,10,5,11.755
2066,10,6,12.877
2066,10,7,10.848
2066,10,8,9.2638
2066,10,9,7.717
2066,10,10,9.6138
2066,10,11,15.154
2066,10,12,15.049
2066,10,13,15.396
2066,10,14,16.681
2066,10,15,17.321
2066,10,16,16.465
2066,10,17,12.365
2066,10,18,9.8036
2066,10,19,10.003
2066,10,20,9.3849
2066,10,21,10.141
2066,10,22,11.71
2066,10,23,16.24
2066,10,24,10.937
2066,10,25,8.5625
2066,10,26,6.2878
2066,10,27,11.646
2066,10,28,6.337
2066,10,29,3.6918
2066,10,30,14.849
2066,10,31,14.859
2066,11,1,12.887
2066,11,2,10.827
2066,11,3,9.2407
2066,11,4,9.6393
2066,11,5,9.0455
2066,11,6,9.4353
2066,11,7,8.529
2066,11,8,4.8602
2066,11,9,3.2765
2066,11,10,7.9246
2066,11,11,4.5233
2066,11,12,3.7946
2066,11,13,5.1239
2066,11,14,4.9016
2066,11,15,5.5985
2066,11,16,12.404
2066,11,17,14.563
2066,11,18,13.362
2066,11,19,7.1746
2066,11,20,2.8352
2066,11,21,1.2756
2066,11,22,4.2488
2066,11,23,8.3904
2066,11,24,6.3427
2066,11,25,8.7711
2066,11,26,9.4773
2066,11,27,9.4745
2066,11,28,7.0531
2066,11,29,3.8945
2066,11,30,4.203
2066,12,1,7.8547
2066,12,2,2.3749
2066,12,3,0.52618
2066,12,4,-0.44148
2066,12,5,0.0032796
2066,12,6,4.8873
2066,12,7,3.5215
2066,12,8,1.6445
2066,12,9,0.57687
2066,12,10,4.2085
2066,12,11,2.6156
2066,12,12,2.3781
2066,12,13,0.89854
2066,12,14,0.15406
2066,12,15,1.3816
2066,12,16,1.0007
2066,12,17,1.522
2066,12,18,1.7732
2066,12,19,2.3388
2066,12,20,2.9997
2066,12,21,0.12531
2066,12,22,-0.72487
2066,12,23,-1.0395
2066,12,24,0.9949
2066,12,25,0.85033
2066,12,26,1.3551
2066,12,27,3.1415
2066,12,28,5.0851
2066,12,29,7.2197
2066,12,30,6.1885
2066,12,31,8.979
2067,1,1,10.513
2067,1,2,10.826
2067,1,3,11.728
2067,1,4,10.289
2067,1,5,6.8498
2067,1,6,5.5589
2067,1,7,3.6147
2067,1,8,1.5218
2067,1,9,0.34107
2067,1,10,0.3243
2067,1,11,0.68293
2067,1,12,4.0463
2067,1,13,4.8532
2067,1,14,7.8985
2067,1,15,5.5146
2067,1,16,4.168
2067,1,17,4.4727
2067,1,18,8.1863
2067,1,19,4.4799
2067,1,20,2.6755
2067,1,21,1.1176
2067,1,22,0.23758
2067,1,23,-0.049048
2067,1,24,0.67505
2067,1,25,2.4003
2067,1,26,5.0231
2067,1,27,3.4147
2067,1,28,2.0224
2067,1,29,0.82021
2067,1,30,0.73399
2067,1,31,2.587
2067,2,1,3.7363
2067,2,2,6.7764
2067,2,3,4.9801
2067,2,4,4.5148
2067,2,5,2.1244
2067,2,6,0.59274
2067,2,7,2.5936
2067,2,8,4.7769
2067,2,9,1.4818
2067,2,10,0.55898
2067,2,11,2.958
2067,2,12,4.3012
2067,2,13,6.3244
2067,2,14,3.4893
2067,2,15,2.2261
2067,2,16,1.299
2067,2,17,2.244
2067,2,18,3.1708
2067,2,19,2.7337
2067,2,20,1.9734
2067,2,21,1.3897
2067,2,22,0.78522
2067,2,23,1.2872
2067,2,24,2.2989
2067,2,25,3.3044
2067,2,26,1.362
2067,2,27,5.367
2067,2,28,3.7791
2067,3,1,2.1479
2067,3,2,1.3051
2067,3,3,8.6791
2067,3,4,5.611
2067,3,5,3.4542
2067,3,6,5.1687
2067,3,7,3.8939
2067,3,8,4.31
2067,3,9,5.0903
2067,3,10,7.3399
2067,3,11,6.7033
2067,3,12,7.5487
2067,3,13,6.2978
2067,3,14,8.116
2067,3,15,6.6601
2067,3,16,5.5976
2067,3,17,8.1092
2067,3,18,5.9684
2067,3,19,5.6621
2067,3,20,7.3772
2067,3,21,4.9306
2067,3,22,8.8254
2067,3,23,7.0892
2067,3,24,5.7017
2067,3,25,4.8811
2067,3,26,6.3779
2067,3,27,4.3589
2067,3,28,6.1824
2067,3,29,11.587
2067,3,30,12.483
2067,3,31,12.167
2067,4,1,8.2669
2067,4,2,7.6462
2067,4,3,8.6333
2067,4,4,9.6559
2067,4,5,11.339
2067,4,6,6.1197
2067,4,7,4.6143
2067,4,8,9.5564
2067,4,9,8.0365
2067,4,10,9.9547
2067,4,11,9.6131
2067,4,12,8.9384
2067,4,13,7.9112
2067,4,14,7.9489
2067,4,15,8.3856
2067,4,16,8.7478
2067,4,17,9.7082
2067,4,18,9.7027
2067,4,19,11.796
2067,4,20,14.968
2067,4,21,15.124
2067,4,22,15.517
2067,4,23,17.06
2067,4,24,16.505
2067,4,25,14.348
2067,4,26,13.296
2067,4,27,13.174
2067,4,28,12.639
2067,4,29,12.813
2067,4,30,12.101
2067,5,1,13.515
2067,5,2,13.787
2067,5,3,14.141
2067,5,4,10.331
2067,5,5,9.0908
2067,5,6,6.5694
2067,5,7,10.203
2067,5,8,10.329
2067,5,9,8.3396
2067,5,10,7.5482
2067,5,11,6.5083
2067,5,12,7.5436
2067,5,13,11.02
2067,5,14,13.639
2067,5,15,12.191
2067,5,16,13.208
2067,5,17,13.063
2067,5,18,13.596
2067,5,19,11.984
2067,5,20,10.959
2067,5,21,12.515
2067,5,22,13.602
2067,5,23,14.015
2067,5,24,13.773
2067,5,25,12.842
2067,5,26,15.649
2067,5,27,14.738
2067,5,28,14.764
2067,5,29,12.222
2067,5,30,11.443
2067,5,31,11.994
2067,6,1,11.529
2067,6,2,12.728
2067,6,3,11.571
2067,6,4,12.738
2067,6,5,13.648
2067,6,6,15.341
2067,6,7,14.53
2067,6,8,14.438
2067,6,9,14.428
2067,6,10,17.896
2067,6,11,15.844
2067,6,12,14.093
2067,6,13,17.462
2067,6,14,18.228
2067,6,15,19.142
2067,6,16,17.214
2067,6,17,16.119
2067,6,18,19.392
2067,6,19,19.499
2067,6,20,19.248
2067,6,21,19.424
2067,6,22,18.684
2067,6,23,14.824
2067,6,24,12.319
2067,6,25,12.513
2067,6,26,15.337
2067,6,27,14.279
2067,6,28,12.57
2067,6,29,15.908
2067,6,30,17.335
2067,7,1,17.053
2067,7,2,18.348
2067,7,3,16.642
2067,7,4,17.749
2067,7,5,15.186
2067,7,6,14.734
2067,7,7,16.377
2067,7,8,17.885
2067,7,9,18.084
2067,7,10,15.723
2067,7,11,14.97
2067,7,12,17.193
2067,7,13,16.208
2067,7,14,15.209
2067,7,15,17.495
2067,7,16,17.003
2067,7,17,18.593
2067,7,18,20.617
2067,7,19,21.892
2067,7,20,20.234
2067,7,21,20.166
2067,7,22,19.196
2067,7,23,19.222
2067,7,24,19.534
2067,7,25,21.193
2067,7,26,19.88
2067,7,27,18.213
2067,7,28,18.271
2067,7,29,18.778
2067,7,30,21.28
2067,7,31,19.364
2067,8,1,20.771
2067,8,2,19.866
2067,8,3,20.566
2067,8,4,18.881
2067,8,5,22.264
2067,8,6,19.876
2067,8,7,21.041
2067,8,8,22.162
2067,8,9,19.38
2067,8,10,17.19
2067,8,11,19.22
2067,8,12,18.124
2067,8,13,18.629
2067,8,14,17.407
2067,8,15,17.4
2067,8,16,17.857
2067,8,17,17.793
2067,8,18,14.925
2067,8,19,15.785
2067,8,20,18.404
2067,8,21,18.452
2067,8,22,18.889
2067,8,23,18.581
2067,8,24,16.082
2067,8,25,17.491
2067,8,26,17.543
2067,8,27,16.556
2067,8,28,15.339
2067,8,29,13.982
2067,8,30,13.483
2067,8,31,14.069
2067,9,1,16.153
2067,9,2,14.998
2067,9,3,17.231
2067,9,4,17.227
2067,9,5,17.658
2067,9,6,16.76
2067,9,7,15.662
2067,9,8,15.607
2067,9,9,19.91
2067,9,10,17.757
2067,9,11,17.153
2067,9,12,14.35
2067,9,13,16.825
2067,9,14,17.578
2067,9,15,16.653
2067,9,16,15.516
2067,9,17,17.634
2067,9,18,18.872
2067,9,19,18.507
2067,9,20,19.937
2067,9,21,17.836
2067,9,22,17.336
2067,9,23,16.894
2067,9,24,20.103
2067,9,25,13.975
2067,9,26,11.456
2067,9,27,16.148
2067,9,28,18.311
2067,9,29,16.759
2067,9,30,14.312
2067,10,1,13.563
2067,10,2,13.275
2067,10,3,13.058
2067,10,4,13.545
2067,10,5,15.173
2067,10,6,16.784
2067,10,7,16.077
2067,10,8,11.445
2067,10,9,10.594
2067,10,10,11.1
2067,10,11,11.25
2067,10,12,11.218
2067,10,13,11.69
2067,10,14,11.131
2067,10,15,10.58
2067,10,16,10.215
2067,10,17,10.153
2067,10,18,9.3958
2067,10,19,11.537
2067,10,20,10.099
2067,10,21,10.822
2067,10,22,10.937
2067,10,23,9.8973
2067,10,24,8.1128
2067,10,25,7.051
2067,10,26,10.275
2067,10,27,8.8139
2067,10,28,10.511
2067,10,29,8.95
2067,10,30,10.308
2067,10,31,10.931
2067,11,1,8.9162
2067,11,2,10.188
2067,11,3,7.344
2067,11,4,11.299
2067,11,5,10.124
2067,11,6,12.956
2067,11,7,12.989
2067,11,8,10.795
2067,11,9,8.8684
2067,11,10,9.5303
2067,11,11,12.755
2067,11,12,12.766
2067,11,13,13.505
2067,11,14,12.61
2067,11,15,11.586
2067,11,16,9.7039
2067,11,17,7.9934
2067,11,18,5.1177
2067,11,19,5.852
2067,11,20,6.8744
2067,11,21,8.1498
2067,11,22,5.4098
2067,11,23,3.7236
2067,11,24,5.7299
2067,11,25,9.6118
2067,11,26,7.4926
2067,11,27,7.3375
2067,11,28,8.6983
2067,11,29,7.812
2067,11,30,4.7891
2067,12,1,2.9188
2067,12,2,5.5815
2067,12,3,4.2864
2067,12,4,5.7674
2067,12,5,11.2
2067,12,6,3.0205
2067,12,7,0.41002
2067,12,8,5.3641
2067,12,9,13.345
2067,12,10,10.428
2067,12,11,13.111
2067,12,12,9.7163
2067,12,13,7.6906
2067,12,14,13.639
2067,12,15,8.628
2067,12,16,5.5141
2067,12,17,5.2496
2067,12,18,4.3517
2067,12,19,8.554
2067,12,20,8.9343
2067,12,21,4.4005
2067,12,22,3.7745
2067,12,23,7.9769
2067,12,24,6.172
2067,12,25,6.1701
2067,12,26,13.17
2067,12,27,11.79
2067,12,28,7.6543
2067,12,29,8.7269
2067,12,30,8.862
2067,12,31,7.3728
2068,1,1,4.3509
2068,1,2,1.2805
2068,1,3,0.34941
2068,1,4,4.1937
2068,1,5,1.0051
2068,1,6,0.07701
2068,1,7,2.4839
2068,1,8,0.57193
2068,1,9,6.829
2068,1,10,6.4243
2068,1,11,7.2074
2068,1,12,4.2455
2068,1,13,4.5878
2068,1,14,5.1888
2068,1,15,8.3483
2068,1,16,3.7535
2068,1,17,5.0133
2068,1,18,3.714
2068,1,19,1.5238
2068,1,20,-0.097795
2068,1,21,3.3173
2068,1,22,2.6514
2068,1,23,1.0139
2068,1,24,0.74914
2068,1,25,2.2639
2068,1,26,3.6514
2068,1,27,4.896
2068,1,28,4.0332
2068,1,29,6.1621
2068,1,30,4.4818
2068,1,31,2.5374
2068,2,1,2.0433
2068,2,2,1.3748
2068,2,3,6.5
2068,2,4,8.795
2068,2,5,11.03
2068,2,6,5.3395
2068,2,7,4.0023
2068,2,8,2.1249
2068,2,9,3.5292
2068,2,10,4.0104
2068,2,11,3.2
2068,2,12,2.4611
2068,2,13,-0.29501
2068,2,14,-1.1023
2068,2,15,-0.053158
2068,2,16,-0.93886
2068,2,17,-1.746
2068,2,18,-2.1739
2068,2,19,2.8417
2068,2,20,3.5022
2068,2,21,3.0763
2068,2,22,1.1123
2068,2,23,-0.31459
2068,2,24,-0.83715
2068,2,25,7.6502
2068,2,26,7.74
2068,2,27,3.3585
2068,2,28,0.82003
2068,2,29,3.323
2068,3,1,2.6829
2068,3,2,1.96
2068,3,3,2.9574
2068,3,4,2.8246
2068,3,5,2.1685
2068,3,6,1.6148
2068,3,7,2.6955
2068,3,8,2.5161
2068,3,9,0.48155
2068,3,10,6.8184
2068,3,11,5.5124
2068,3,12,1.9129
2068,3,13,6.2199
2068,3,14,4.6977
2068,3,15,3.8323
2068,3,16,5.5221
2068,3,17,6.5597
2068,3,18,5.8548
2068,3,19,3.2226
2068,3,20,5.1674
2068,3,21,3.2461
2068,3,22,4.6137
2068,3,23,4.3485
2068,3,24,5.5035
2068,3,25,7.1098
2068,3,26,11.14
2068,3,27,6.9865
2068,3,28,6.3939
2068,3,29,5.6055
2068,3,30,8.2263
2068,3,31,6.3066
2068,4,1,4.9335
2068,4,2,9.6392
2068,4,3,9.6897
2068,4,4,12.721
2068,4,5,6.081
2068,4,6,3.723
2068,4,7,7.1946
2068,4,8,5.1577
2068,4,9,7.7923
2068,4,10,9.5134
2068,4,11,5.9153
2068,4,12,7.123
2068,4,13,7.8522
2068,4,14,7.0149
2068,4,15,7.3475
2068,4,16,6.4062
2068,4,17,6.6654
2068,4,18,8.6533
2068,4,19,9.1918
2068,4,20,11.529
2068,4,21,10.218
2068,4,22,13.003
2068,4,23,10.872
2068,4,24,12.237
2068,4,25,11.821
2068,4,26,12.273
2068,4,27,11.81
2068,4,28,12.042
2068,4,29,13.468
2068,4,30,11.339
2068,5,1,12.239
2068,5,2,11.132
2068,5,3,12.633
2068,5,4,14.379
2068,5,5,14.287
2068,5,6,10.347
2068,5,7,8.509
2068,5,8,11.133
2068,5,9,12.442
2068,5,10,12.04
2068,5,11,10.988
2068,5,12,9.8299
2068,5,13,9.4003
2068,5,14,9.1906
2068,5,15,7.4902
2068,5,16,8.5325
2068,5,17,12.607
2068,5,18,11.429
2068,5,19,10.68
2068,5,20,12.287
2068,5,21,15.262
2068,5,22,14.899
2068,5,23,14.664
2068,5,24,13.717
2068,5,25,16.188
2068,5,26,14.604
2068,5,27,13.966
2068,5,28,12.782
2068,5,29,12.677
2068,5,30,14.177
2068,5,31,14.958
2068,6,1,13.799
2068,6,2,14.29
2068,6,3,13.174
2068,6,4,15.434
2068,6,5,15.905
2068,6,6,15.266
2068,6,7,15.555
2068,6,8,15.206
2068,6,9,13.662
2068,6,10,15.544
2068,6,11,17.553
2068,6,12,14.761
2068,6,13,13.31
2068,6,14,11.734
2068,6,15,17.306
2068,6,16,17.989
2068,6,17,17.244
2068,6,18,16.728
2068,6,19,15.474
2068,6,20,16.534
2068,6,21,18.766
2068,6,22,19.359
2068,6,23,18.834
2068,6,24,18.812
2068,6,25,19.473
2068,6,26,17.612
2068,6,27,15.298
2068,6,28,17.869
2068,6,29,15.591
2068,6,30,17.318
2068,7,1,16.726
2068,7,2,15.506
2068,7,3,17.271
2068,7,4,15.038
2068,7,5,16.508
2068,7,6,15.801
2068,7,7,14.269
2068,7,8,14.574
2068,7,9,16.399
2068,7,10,14.561
2068,7,11,18.479
2068,7,12,15.211
2068,7,13,15.604
2068,7,14,15.025
2068,7,15,17.372
2068,7,16,19.353
2068,7,17,16.72
2068,7,18,16.478
2068,7,19,22.192
2068,7,20,21.246
2068,7,21,22.384
2068,7,22,23.661
2068,7,23,19.197
2068,7,24,17.409
2068,7,25,16.028
2068,7,26,19.391
2068,7,27,21.162
2068,7,28,23.968
2068,7,29,22.729
2068,7,30,20.969
2068,7,31,22.226
2068,8,1,21.16
2068,8,2,21.709
2068,8,3,22.061
2068,8,4,21.151
2068,8,5,21.323
2068,8,6,21.281
2068,8,7,19.988
2068,8,8,19.807
2068,8,9,20.356
2068,8,10,18.314
2068,8,11,19.283
2068,8,12,20.538
2068,8,13,21.672
2068,8,14,19.939
2068,8,15,17.162
2068,8,16,14.299
2068,8,17,13.922
2068,8,18,16.23
2068,8,19,18.327
2068,8,20,18.924
2068,8,21,20.455
2068,8,22,21.992
2068,8,23,19.66
2068,8,24,17.527
2068,8,25,16.846
2068,8,26,15.787
2068,8,27,15.093
2068,8,28,16.581
2068,8,29,17.032
2068,8,30,17.611
2068,8,31,17.969
2068,9,1,17.259
2068,9,2,14.819
2068,9,3,16.198
2068,9,4,17.214
2068,9,5,15.94
2068,9,6,16.587
2068,9,7,16.403
2068,9,8,18.243
2068,9,9,18.058
2068,9,10,16.022
2068,9,11,12.875
2068,9,12,16.173
2068,9,13,18.727
2068,9,14,19.761
2068,9,15,18.923
2068,9,16,19.217
2068,9,17,19.502
2068,9,18,20.466
2068,9,19,20.873
2068,9,20,20.68
2068,9,21,16.838
2068,9,22,16.464
2068,9,23,22.324
2068,9,24,17.973
2068,9,25,15.397
2068,9,26,18.233
2068,9,27,18.542
2068,9,28,20.924
2068,9,29,15.032
2068,9,30,12.511
2068,10,1,15.041
2068,10,2,14.264
2068,10,3,15.682
2068,10,4,16.829
2068,10,5,15.801
2068,10,6,16.56
2068,10,7,16.245
2068,10,8,14.185
2068,10,9,16.021
2068,10,10,17.966
2068,10,11,18.26
2068,10,12,16.683
2068,10,13,16.408
2068,10,14,17.077
2068,10,15,14.074
2068,10,16,10.42
2068,10,17,12.027
2068,10,18,8.8293
2068,10,19,9.9239
2068,10,20,11.219
2068,10,21,8.7217
2068,10,22,8.703
2068,10,23,11.877
2068,10,24,12.176
2068,10,25,12.053
2068,10,26,12.473
2068,10,27,14.404
2068,10,28,13.937
2068,10,29,13.432
2068,10,30,11.611
2068,10,31,11.671
2068,11,1,13.383
2068,11,2,12.52
2068,11,3,14.022
2068,11,4,10.038
2068,11,5,7.251
2068,11,6,8.0368
2068,11,7,9.6473
2068,11,8,8.0608
2068,11,9,9.6019
2068,11,10,12.826
2068,11,11,11.349
2068,11,12,16.222
2068,11,13,15.957
2068,11,14,12.233
2068,11,15,8.8822
2068,11,16,14.373
2068,11,17,12.531
2068,11,18,8.3621
2068,11,19,4.6015
2068,11,20,3.4223
2068,11,21,5.8144
2068,11,22,6.8417
2068,11,23,9.8347
2068,11,24,9.7741
2068,11,25,7.3436
2068,11,26,4.1825
2068,11,27,8.1779
2068,11,28,8.2316
2068,11,29,6.173
2068,11,30,1.8377
2068,12,1,8.6643
2068,12,2,8.7842
2068,12,3,5.1975
2068,12,4,4.5926
2068,12,5,2.3555
2068,12,6,4.4907
2068,12,7,2.0957
2068,12,8,3.7072
2068,12,9,6.4053
2068,12,10,3.7161
2068,12,11,6.5731
2068,12,12,5.4937
2068,12,13,7.0159
2068,12,14,7.2624
2068,12,15,9.3843
2068,12,16,6.1031
2068,12,17,4.044
2068,12,18,7.0888
2068,12,19,5.9293
2068,12,20,8.2213
2068,12,21,8.6683
2068,12,22,4.7865
2068,12,23,3.6078
2068,12,24,3.4945
2068,12,25,1.9189
2068,12,26,1.3269
2068,12,27,6.7875
2068,12,28,8.7581
2068,12,29,3.9556
2068,12,30,11.875
2068,12,31,12.705
2069,1,1,6.423
2069,1,2,6.6522
2069,1,3,2.7603
2069,1,4,6.8433
2069,1,5,2.0169
2069,1,6,1.5384
2069,1,7,3.5626
2069,1,8,2.2243
2069,1,9,4.1347
2069,1,10,2.8494
2069,1,11,4.3606
2069,1,12,9.0543
2069,1,13,7.2743
2069,1,14,3.7274
2069,1,15,6.1126
2069,1,16,12.959
2069,1,17,9.5827
2069,1,18,6.4334
2069,1,19,3.7815
2069,1,20,2.1516
2069,1,21,4.2313
2069,1,22,4.5718
2069,1,23,4.9359
2069,1,24,3.3454
2069,1,25,4.5866
2069,1,26,1.4807
2069,1,27,0.35845
2069,1,28,-0.48012
2069,1,29,-0.20818
2069,1,30,0.67576
2069,1,31,1.4234
2069,2,1,4.2225
2069,2,2,4.2331
2069,2,3,3.8676
2069,2,4,4.0728
2069,2,5,2.0725
2069,2,6,1.6198
2069,2,7,11.45
2069,2,8,3.5118
2069,2,9,0.80876
2069,2,10,3.2607
2069,2,11,2.9032
2069,2,12,2.092
2069,2,13,1.4093
2069,2,14,2.1433
2069,2,15,4.1162
2069,2,16,11.615
2069,2,17,9.2586
2069,2,18,7.2716
2069,2,19,3.9019
2069,2,20,1.6479
2069,2,21,4.9318
2069,2,22,5.1939
2069,2,23,12.322
2069,2,24,10.369
2069,2,25,9.8463
2069,2,26,10.159
2069,2,27,8.5692
2069,2,28,9.2915
2069,3,1,5.384
2069,3,2,5.0536
2069,3,3,1.5196
2069,3,4,1.4688
2069,3,5,6.7682
2069,3,6,7.173
2069,3,7,4.9979
2069,3,8,4.1681
2069,3,9,4.5955
2069,3,10,5.6241
2069,3,11,5.7843
2069,3,12,4.2069
2069,3,13,5.1101
2069,3,14,3.5009
2069,3,15,3.8144
2069,3,16,2.734
2069,3,17,1.943
2069,3,18,1.9273
2069,3,19,9.559
2069,3,20,5.4624
2069,3,21,4.1295
2069,3,22,5.9899
2069,3,23,4.6285
2069,3,24,7.79
2069,3,25,6.7073
2069,3,26,3.8388
2069,3,27,7.9366
2069,3,28,7.589
2069,3,29,10.409
2069,3,30,6.1995
2069,3,31,6.1399
2069,4,1,7.4767
2069,4,2,5.7494
2069,4,3,4.3912
2069,4,4,2.4023
2069,4,5,3.3275
2069,4,6,4.3014
2069,4,7,3.9418
2069,4,8,4.9252
2069,4,9,4.7988
2069,4,10,5.6925
2069,4,11,6.2067
2069,4,12,6.8201
2069,4,13,10.178
2069,4,14,11.043
2069,4,15,9.4883
2069,4,16,5.8048
2069,4,17,6.7751
2069,4,18,7.8087
2069,4,19,10.06
2069,4,20,9.668
2069,4,21,8.6819
2069,4,22,11.366
2069,4,23,9.4851
2069,4,24,12.163
2069,4,25,10.197
2069,4,26,9.1047
2069,4,27,9.0254
2069,4,28,8.0067
2069,4,29,9.0263
2069,4,30,9.3174
2069,5,1,7.4949
2069,5,2,13.347
2069,5,3,11.299
2069,5,4,13.534
2069,5,5,13.439
2069,5,6,14.421
2069,5,7,12.193
2069,5,8,11.043
2069,5,9,10.639
2069,5,10,9.7141
2069,5,11,9.1922
2069,5,12,13.697
2069,5,13,11.716
2069,5,14,9.3064
2069,5,15,10.947
2069,5,16,9.0976
2069,5,17,8.9909
2069,5,18,10.088
2069,5,19,7.9582
2069,5,20,9.3921
2069,5,21,8.3965
2069,5,22,9.4194
2069,5,23,9.7474
2069,5,24,12.392
2069,5,25,14.32
2069,5,26,15.02
2069,5,27,14.639
2069,5,28,15.19
2069,5,29,13.648
2069,5,30,12.396
2069,5,31,18.05
2069,6,1,16.246
2069,6,2,16.04
2069,6,3,14.704
2069,6,4,14.354
2069,6,5,14.583
2069,6,6,14.152
2069,6,7,12.459
2069,6,8,14.194
2069,6,9,13.929
2069,6,10,12.71
2069,6,11,14.364
2069,6,12,15.888
2069,6,13,17.008
2069,6,14,16.996
2069,6,15,16.631
2069,6,16,17.454
2069,6,17,17.916
2069,6,18,17.18
2069,6,19,18.884
2069,6,20,19.963
2069,6,21,20.294
2069,6,22,20.017
2069,6,23,19.542
2069,6,24,18.135
2069,6,25,20.359
2069,6,26,20.029
2069,6,27,20.624
2069,6,28,19.493
2069,6,29,19.121
2069,6,30,20.963
2069,7,1,18.429
2069,7,2,17.862
2069,7,3,15.935
2069,7,4,21.305
2069,7,5,20.815
2069,7,6,20.914
2069,7,7,19.32
2069,7,8,19.947
2069,7,9,21.746
2069,7,10,22.748
2069,7,11,25.485
2069,7,12,26.893
2069,7,13,25.083
2069,7,14,24.423
2069,7,15,23.266
2069,7,16,21.199
2069,7,17,18.651
2069,7,18,21.281
2069,7,19,19.872
2069,7,20,21.29
2069,7,21,22.869
2069,7,22,20.616
2069,7,23,20.559
2069,7,24,21.331
2069,7,25,23.358
2069,7,26,24.405
2069,7,27,21.818
2069,7,28,18.257
2069,7,29,20.767
2069,7,30,22.206
2069,7,31,21.27
2069,8,1,22.901
2069,8,2,24.56
2069,8,3,24.77
2069,8,4,23.894
2069,8,5,24.085
2069,8,6,24.971
2069,8,7,25.553
2069,8,8,27.813
2069,8,9,28.881
2069,8,10,28.158
2069,8,11,28.279
2069,8,12,26.356
2069,8,13,26.251
2069,8,14,20.762
2069,8,15,18.971
2069,8,16,17.782
2069,8,17,17.827
2069,8,18,17.571
2069,8,19,22.38
2069,8,20,21.249
2069,8,21,18.67
2069,8,22,16.26
2069,8,23,18.683
2069,8,24,17.668
2069,8,25,17.243
2069,8,26,16.233
2069,8,27,17.429
2069,8,28,17.989
2069,8,29,17.489
2069,8,30,17.244
2069,8,31,16.155
2069,9,1,16.147
2069,9,2,17.634
2069,9,3,18.147
2069,9,4,15.873
2069,9,5,16.006
2069,9,6,15.747
2069,9,7,18.166
2069,9,8,19.544
2069,9,9,19.946
2069,9,10,18.534
2069,9,11,19.787
2069,9,12,15.778
2069,9,13,14.99
2069,9,14,15.666
2069,9,15,16.939
2069,9,16,17.739
2069,9,17,18.87
2069,9,18,16.408
2069,9,19,14.998
2069,9,20,19.88
2069,9,21,19.104
2069,9,22,18.59
2069,9,23,19.845
2069,9,24,18.991
2069,9,25,17.584
2069,9,26,17.357
2069,9,27,15.001
2069,9,28,11.181
2069,9,29,9.0767
2069,9,30,13.573
2069,10,1,14.447
2069,10,2,17.867
2069,10,3,15.22
2069,10,4,13.725
2069,10,5,14.119
2069,10,6,11.339
2069,10,7,11.636
2069,10,8,8.8344
2069,10,9,10.455
2069,10,10,14.074
2069,10,11,13.629
2069,10,12,10.448
2069,10,13,10.173
2069,10,14,11.8
2069,10,15,9.8782
2069,10,16,7.8691
2069,10,17,9.0356
2069,10,18,9.5766
2069,10,19,10.159
2069,10,20,13.909
2069,10,21,15.646
2069,10,22,8.8083
2069,10,23,7.5415
2069,10,24,8.6757
2069,10,25,6.3985
2069,10,26,11.699
2069,10,27,12.358
2069,10,28,12.55
2069,10,29,9.8391
2069,10,30,9.2929
2069,10,31,7.5067
2069,11,1,14.344
2069,11,2,12.624
2069,11,3,10.314
2069,11,4,8.9904
2069,11,5,11.453
2069,11,6,10.206
2069,11,7,13.251
2069,11,8,10.012
2069,11,9,9.7556
2069,11,10,15.64
2069,11,11,15.168
2069,11,12,10.993
2069,11,13,5.8834
2069,11,14,4.0193
2069,11,15,8.1983
2069,11,16,9.5315
2069,11,17,7.9486
2069,11,18,7.1983
2069,11,19,14.201
2069,11,20,10.699
2069,11,21,9.18
2069,11,22,7.5534
2069,11,23,6.3902
2069,11,24,3.2412
2069,11,25,1.5112
2069,11,26,2.6294
2069,11,27,0.46773
2069,11,28,-1.3683
2069,11,29,-1.17
2069,11,30,-2.4198
2069,12,1,-1.3103
2069,12,2,-0.54728
2069,12,3,-0.46647
2069,12,4,-0.17655
2069,12,5,-1.3092
2069,12,6,-1.8848
2069,12,7,-2.1968
2069,12,8,5.9201
2069,12,9,4.3769
2069,12,10,7.4058
2069,12,11,6.1359
2069,12,12,5.552
2069,12,13,4.0301
2069,12,14,5.9363
2069,12,15,5.9035
2069,12,16,5.5687
2069,12,17,8.6632
2069,12,18,3.9367
2069,12,19,1.8801
2069,12,20,9.9815
2069,12,21,9.3263
2069,12,22,5.872
2069,12,23,3.4151
2069,12,24,3.3477
2069,12,25,5.3419
2069,12,26,3.8909
2069,12,27,5.2902
2069,12,28,5.2653
2069,12,29,8.1595
2069,12,30,5.0697
2069,12,31,11.133
2070,1,1,9.4494
2070,1,2,6.2591
2070,1,3,14.31
2070,1,4,11.118
2070,1,5,12.061
2070,1,6,6.8594
2070,1,7,6.9347
2070,1,8,3.2811
2070,1,9,2.5552
2070,1,10,5.5393
2070,1,11,2.2711
2070,1,12,4.4308
2070,1,13,2.9291
2070,1,14,2.7815
2070,1,15,1.6396
2070,1,16,3.9759
2070,1,17,8.1924
2070,1,18,5.1717
2070,1,19,9.9717
2070,1,20,7.2172
2070,1,21,3.1645
2070,1,22,3.728
2070,1,23,4.2406
2070,1,24,3.0351
2070,1,25,8.2518
2070,1,26,5.3103
2070,1,27,11.98
2070,1,28,6.5351
2070,1,29,1.815
2070,1,30,6.9747
2070,1,31,5.5285
2070,2,1,3.6815
2070,2,2,1.613
2070,2,3,5.3609
2070,2,4,5.2826
2070,2,5,4.4272
2070,2,6,9.8346
2070,2,7,7.8764
2070,2,8,6.9202
2070,2,9,4.5695
2070,2,10,3.6808
2070,2,11,5.0659
2070,2,12,4.3207
2070,2,13,3.0308
2070,2,14,1.2886
2070,2,15,1.3303
2070,2,16,0.79352
2070,2,17,0.91626
2070,2,18,0.43556
2070,2,19,0.12052
2070,2,20,2.5979
2070,2,21,4.1139
2070,2,22,5.1881
2070,2,23,2.386
2070,2,24,6.4132
2070,2,25,6.9237
2070,2,26,7.2789
2070,2,27,9.9088
2070,2,28,10.864
2070,3,1,10.644
2070,3,2,8.3215
2070,3,3,5.1587
2070,3,4,5.6207
2070,3,5,5.6757
2070,3,6,4.5199
2070,3,7,2.7182
2070,3,8,1.4576
2070,3,9,4.5805
2070,3,10,3.6567
2070,3,11,2.8468
2070,3,12,4.658
2070,3,13,2.9464
2070,3,14,4.8186
2070,3,15,10.038
2070,3,16,7.0432
2070,3,17,4.7156
2070,3,18,3.8143
2070,3,19,4.1769
2070,3,20,7.6324
2070,3,21,8.9116
2070,3,22,10.766
2070,3,23,7.1022
2070,3,24,5.7293
2070,3,25,9.3012
2070,3,26,7.8074
2070,3,27,7.9065
2070,3,28,7.0105
2070,3,29,8.4032
2070,3,30,7.0642
2070,3,31,8.5743
2070,4,1,8.6422
2070,4,2,8.5241
2070,4,3,8.2059
2070,4,4,9.3948
2070,4,5,10.054
2070,4,6,10.144
2070,4,7,7.9876
2070,4,8,6.2105
2070,4,9,7.1114
2070,4,10,7.5898
2070,4,11,8.9802
2070,4,12,6.8175
2070,4,13,7.411
2070,4,14,9.8007
2070,4,15,12.314
2070,4,16,12.303
2070,4,17,11.146
2070,4,18,12.641
2070,4,19,10.726
2070,4,20,8.5564
2070,4,21,8.9025
2070,4,22,8.3111
2070,4,23,6.5077
2070,4,24,5.2493
2070,4,25,11.252
2070,4,26,11.058
2070,4,27,7.8936
2070,4,28,8.9446
2070,4,29,10.128
2070,4,30,7.8768
2070,5,1,11.543
2070,5,2,13.067
2070,5,3,9.7038
2070,5,4,14
2070,5,5,12.387
2070,5,6,12.062
2070,5,7,11.312
2070,5,8,10.797
2070,5,9,8.3953
2070,5,10,11.101
2070,5,11,11.915
2070,5,12,16.378
2070,5,13,16.123
2070,5,14,17.483
2070,5,15,15.936
2070,5,16,14.609
2070,5,17,13.721
2070,5,18,13.4
2070,5,19,13.172
2070,5,20,13.497
2070,5,21,17.121
2070,5,22,17.933
2070,5,23,17.097
2070,5,24,14.476
2070,5,25,13.436
2070,5,26,12.167
2070,5,27,9.5823
2070,5,28,10.037
2070,5,29,13.592
2070,5,30,11.024
2070,5,31,14.793
2070,6,1,18.515
2070,6,2,15.315
2070,6,3,12.871
2070,6,4,11.077
2070,6,5,15.392
2070,6,6,16.243
2070,6,7,14.761
2070,6,8,18.269
2070,6,9,17.987
2070,6,10,15.806
2070,6,11,16.851
2070,6,12,19.768
2070,6,13,19.817
2070,6,14,19.642
2070,6,15,16.324
2070,6,16,14.856
2070,6,17,14.318
2070,6,18,17.694
2070,6,19,18.049
2070,6,20,19.397
2070,6,21,18.427
2070,6,22,16.569
2070,6,23,14.393
2070,6,24,16.254
2070,6,25,17.043
2070,6,26,16.294
2070,6,27,18.52
2070,6,28,15.93
2070,6,29,17.854
2070,6,30,17.913
2070,7,1,17.332
2070,7,2,15.562
2070,7,3,17.906
2070,7,4,16.997
2070,7,5,17.701
2070,7,6,17.622
2070,7,7,15.816
2070,7,8,17.761
2070,7,9,17.244
2070,7,10,17.473
2070,7,11,17.582
2070,7,12,20.051
2070,7,13,19.41
2070,7,14,20.606
2070,7,15,20.774
2070,7,16,18.16
2070,7,17,19.503
2070,7,18,21.205
2070,7,19,21.153
2070,7,20,21.472
2070,7,21,20.222
2070,7,22,20.706
2070,7,23,21.247
2070,7,24,21.613
2070,7,25,23.674
2070,7,26,22.823
2070,7,27,21.453
2070,7,28,23.744
2070,7,29,22.585
2070,7,30,19.317
2070,7,31,17.13
2070,8,1,18.365
2070,8,2,18.976
2070,8,3,17.459
2070,8,4,17.292
2070,8,5,16.753
2070,8,6,17.778
2070,8,7,16.763
2070,8,8,20.51
2070,8,9,22.772
2070,8,10,24.09
2070,8,11,22.618
2070,8,12,21.372
2070,8,13,22.26
2070,8,14,23.336
2070,8,15,23.324
2070,8,16,21.605
2070,8,17,20.744
2070,8,18,21.694
2070,8,19,22.273
2070,8,20,22.42
2070,8,21,20.697
2070,8,22,21.036
2070,8,23,21.128
2070,8,24,23.162
2070,8,25,22.803
2070,8,26,23.259
2070,8,27,20.165
2070,8,28,19.231
2070,8,29,18.493
2070,8,30,19.1
2070,8,31,20.353
2070,9,1,19.806
2070,9,2,20.716
2070,9,3,18.559
2070,9,4,18.719
2070,9,5,17.236
2070,9,6,15.937
2070,9,7,17.533
2070,9,8,16.447
2070,9,9,14.488
2070,9,10,12.163
2070,9,11,15.424
2070,9,12,14.433
2070,9,13,14.198
2070,9,14,16.059
2070,9,15,18.548
2070,9,16,18.597
2070,9,17,17.21
2070,9,18,13.939
2070,9,19,12.123
2070,9,20,13.39
2070,9,21,11.639
2070,9,22,10.377
2070,9,23,12.533
2070,9,24,14.281
2070,9,25,11.761
2070,9,26,12.642
2070,9,27,15.325
2070,9,28,15.719
2070,9,29,14.86
2070,9,30,12.92
2070,10,1,13.582
2070,10,2,12.453
2070,10,3,12.378
2070,10,4,11.366
2070,10,5,13.395
2070,10,6,12.607
2070,10,7,12.717
2070,10,8,10.522
2070,10,9,10.559
2070,10,10,9.2064
2070,10,11,11.053
2070,10,12,9.7806
2070,10,13,7.2259
2070,10,14,6.608
2070,10,15,7.4027
2070,10,16,8.4231
2070,10,17,11.128
2070,10,18,9.0484
2070,10,19,8.9366
2070,10,20,10.241
2070,10,21,14.186
2070,10,22,15.167
2070,10,23,15.035
2070,10,24,17.231
2070,10,25,13.187
2070,10,26,10.272
2070,10,27,9.9905
2070,10,28,10.028
2070,10,29,7.8847
2070,10,30,6.6428
2070,10,31,6.7795
2070,11,1,8.4164
2070,11,2,7.5164
2070,11,3,7.5456
2070,11,4,8.655
2070,11,5,11.802
2070,11,6,9.4112
2070,11,7,7.1611
2070,11,8,6.9381
2070,11,9,6.122
2070,11,10,4.7097
2070,11,11,4.3924
2070,11,12,5.5908
2070,11,13,2.5609
2070,11,14,1.1463
2070,11,15,1.4396
2070,11,16,9.333
2070,11,17,5.3291
2070,11,18,10.833
2070,11,19,14.271
2070,11,20,13.145
2070,11,21,12.598
2070,11,22,10.268
2070,11,23,10.058
2070,11,24,9.9556
2070,11,25,8.5809
2070,11,26,6.7145
2070,11,27,7.409
2070,11,28,5.683
2070,11,29,6.1535
2070,11,30,6.1682
2070,12,1,4.8391
2070,12,2,2.0755
2070,12,3,4.1512
2070,12,4,4.5611
2070,12,5,8.1962
2070,12,6,7.4141
2070,12,7,5.9872
2070,12,8,2.4767
2070,12,9,5.0247
2070,12,10,4.8424
2070,12,11,6.3857
2070,12,12,10.379
2070,12,13,8.8336
2070,12,14,11.672
2070,12,15,8.8065
2070,12,16,8.7564
2070,12,17,12.029
2070,12,18,5.5881
2070,12,19,3.5109
2070,12,20,4.279
2070,12,21,9.4776
2070,12,22,13.058
2070,12,23,13.508
2070,12,24,12.593
2070,12,25,11.541
2070,12,26,5.9935
2070,12,27,5.0899
2070,12,28,4.9645
2070,12,29,5.3769
2070,12,30,5.016
2070,12,31,2.8349
2071,1,1,0.92213
2071,1,2,3.6503
2071,1,3,2.3289
2071,1,4,0.5044
2071,1,5,2.5456
2071,1,6,2.112
2071,1,7,-0.76863
2071,1,8,-1.4399
2071,1,9,7.4997
2071,1,10,5.4562
2071,1,11,2.4264
2071,1,12,7.1195
2071,1,13,4.2149
2071,1,14,2.68
2071,1,15,4.5174
2071,1,16,2.4112
2071,1,17,1.2514
2071,1,18,0.28933
2071,1,19,-0.59477
2071,1,20,-1.3835
2071,1,21,0.83551
2071,1,22,0.22971
2071,1,23,0.95754
2071,1,24,7.7471
2071,1,25,7.2837
2071,1,26,10.67
2071,1,27,11.274
2071,1,28,7.9452
2071,1,29,5.4502
2071,1,30,1.63
2071,1,31,3.3608
2071,2,1,1.1877
2071,2,2,0.57212
2071,2,3,2.6434
2071,2,4,1.4409
2071,2,5,0.23926
2071,2,6,4.8277
2071,2,7,3.8297
2071,2,8,3.9338
2071,2,9,7.3395
2071,2,10,8.2701
2071,2,11,9.8095
2071,2,12,5.2524
2071,2,13,3.5589
2071,2,14,7.4141
2071,2,15,9.213
2071,2,16,7.5048
2071,2,17,3.835
2071,2,18,1.1123
2071,2,19,4.2651
2071,2,20,6.708
2071,2,21,5.3049
2071,2,22,6.5691
2071,2,23,5.3714
2071,2,24,2.8418
2071,2,25,1.5813
2071,2,26,0.16805
2071,2,27,-0.22559
2071,2,28,0.074833
2071,3,1,0.49978
2071,3,2,0.071456
2071,3,3,2.8846
2071,3,4,8.6082
2071,3,5,1.8293
2071,3,6,0.76927
2071,3,7,5.8643
2071,3,8,4.68
2071,3,9,1.4748
2071,3,10,0.43687
2071,3,11,5.4578
2071,3,12,8.5342
2071,3,13,2.9041
2071,3,14,1.5983
2071,3,15,2.7696
2071,3,16,8.0615
2071,3,17,5.5694
2071,3,18,4.1414
2071,3,19,6.5578
2071,3,20,7.7719
2071,3,21,6.3727
2071,3,22,4.8
2071,3,23,6.702
2071,3,24,6.5368
2071,3,25,10.005
2071,3,26,8.6512
2071,3,27,7.4076
2071,3,28,5.7387
2071,3,29,4.5543
2071,3,30,8.6775
2071,3,31,10.616
2071,4,1,7.3838
2071,4,2,7.2587
2071,4,3,9.0389
2071,4,4,9.1871
2071,4,5,7.2557
2071,4,6,3.6197
2071,4,7,6.7375
2071,4,8,7.7366
2071,4,9,5.0714
2071,4,10,5.8492
2071,4,11,4.3979
2071,4,12,9.5039
2071,4,13,9.1062
2071,4,14,11.251
2071,4,15,8.687
2071,4,16,6.5511
2071,4,17,7.0314
2071,4,18,8.9998
2071,4,19,10.503
2071,4,20,9.2943
2071,4,21,11.212
2071,4,22,10.483
2071,4,23,10.631
2071,4,24,7.9574
2071,4,25,5.9566
2071,4,26,6.8856
2071,4,27,7.3203
2071,4,28,8.6016
2071,4,29,8.5685
2071,4,30,8.296
2071,5,1,10.732
2071,5,2,9.7144
2071,5,3,11.314
2071,5,4,10.081
2071,5,5,9.4957
2071,5,6,12.163
2071,5,7,12.945
2071,5,8,12.487
2071,5,9,13.55
2071,5,10,12.749
2071,5,11,11.814
2071,5,12,11.392
2071,5,13,11.555
2071,5,14,11.534
2071,5,15,12.159
2071,5,16,12.013
2071,5,17,13.254
2071,5,18,12.495
2071,5,19,11.076
2071,5,20,12.951
2071,5,21,14.966
2071,5,22,15.389
2071,5,23,15.659
2071,5,24,13.533
2071,5,25,13.419
2071,5,26,12.343
2071,5,27,12.834
2071,5,28,15.412
2071,5,29,13.993
2071,5,30,15.718
2071,5,31,16.215
2071,6,1,15.682
2071,6,2,14.117
2071,6,3,13.976
2071,6,4,12.684
2071,6,5,12.832
2071,6,6,12.3
2071,6,7,10.026
2071,6,8,12.7
2071,6,9,12.815
2071,6,10,14.12
2071,6,11,13.415
2071,6,12,12.973
2071,6,13,12.354
2071,6,14,13.508
2071,6,15,16.52
2071,6,16,14.869
2071,6,17,13.024
2071,6,18,13.458
2071,6,19,11.534
2071,6,20,14.303
2071,6,21,15.883
2071,6,22,17.166
2071,6,23,17.988
2071,6,24,17.506
2071,6,25,16.695
2071,6,26,19.338
2071,6,27,16.66
2071,6,28,16.018
2071,6,29,14.526
2071,6,30,16.721
2071,7,1,20.286
2071,7,2,21.542
2071,7,3,21.277
2071,7,4,19.98
2071,7,5,18.157
2071,7,6,21.836
2071,7,7,20.452
2071,7,8,19.772
2071,7,9,20.632
2071,7,10,21.579
2071,7,11,21.926
2071,7,12,22.293
2071,7,13,22.003
2071,7,14,22.16
2071,7,15,20.178
2071,7,16,23.962
2071,7,17,22.749
2071,7,18,21.844
2071,7,19,20.658
2071,7,20,19.673
2071,7,21,20.152
2071,7,22,19.211
2071,7,23,18.537
2071,7,24,21.997
2071,7,25,19.724
2071,7,26,20.524
2071,7,27,21.553
2071,7,28,22.09
2071,7,29,23.623
2071,7,30,24.904
2071,7,31,24.925
2071,8,1,23.758
2071,8,2,21.988
2071,8,3,22.368
2071,8,4,22.407
2071,8,5,20.381
2071,8,6,22.429
2071,8,7,24.798
2071,8,8,22.678
2071,8,9,21.606
2071,8,10,21.888
2071,8,11,23.557
2071,8,12,27.571
2071,8,13,27.077
2071,8,14,26.493
2071,8,15,23.439
2071,8,16,21.198
2071,8,17,19.583
2071,8,18,20.449
2071,8,19,19.083
2071,8,20,18.493
2071,8,21,20.16
2071,8,22,22.382
2071,8,23,21.896
2071,8,24,23.816
2071,8,25,22.152
2071,8,26,23.117
2071,8,27,22.743
2071,8,28,22.394
2071,8,29,19.3
2071,8,30,16.387
2071,8,31,16.605
2071,9,1,20.93
2071,9,2,22.287
2071,9,3,22.524
2071,9,4,22.169
2071,9,5,19.804
2071,9,6,18.982
2071,9,7,19.993
2071,9,8,20.929
2071,9,9,20.945
2071,9,10,19.633
2071,9,11,19.719
2071,9,12,19.731
2071,9,13,12.324
2071,9,14,10.744
2071,9,15,15.248
2071,9,16,18.012
2071,9,17,17.023
2071,9,18,12.586
2071,9,19,9.5054
2071,9,20,11.766
2071,9,21,11.516
2071,9,22,10.844
2071,9,23,12.17
2071,9,24,11.712
2071,9,25,11.887
2071,9,26,15.039
2071,9,27,10.846
2071,9,28,15.182
2071,9,29,12.316
2071,9,30,10.69
2071,10,1,15.192
2071,10,2,15.126
2071,10,3,13.582
2071,10,4,11.697
2071,10,5,10.238
2071,10,6,11.108
2071,10,7,11.527
2071,10,8,10.734
2071,10,9,9.0034
2071,10,10,8.5131
2071,10,11,9.4805
2071,10,12,15.12
2071,10,13,14.68
2071,10,14,14.043
2071,10,15,14.963
2071,10,16,13.521
2071,10,17,11.292
2071,10,18,11.181
2071,10,19,11.905
2071,10,20,11.184
2071,10,21,9.4667
2071,10,22,10.974
2071,10,23,13.207
2071,10,24,9.8645
2071,10,25,8.507
2071,10,26,10.253
2071,10,27,10.204
2071,10,28,7.8387
2071,10,29,7.7184
2071,10,30,9.4704
2071,10,31,16.682
2071,11,1,9.8025
2071,11,2,6.7761
2071,11,3,12.185
2071,11,4,11.896
2071,11,5,10.235
2071,11,6,9.1718
2071,11,7,10.843
2071,11,8,9.466
2071,11,9,7.9632
2071,11,10,8.0111
2071,11,11,5.5355
2071,11,12,6.3982
2071,11,13,3.5126
2071,11,14,4.0047
2071,11,15,13.374
2071,11,16,15.038
2071,11,17,14.439
2071,11,18,13.732
2071,11,19,10.422
2071,11,20,9.7048
2071,11,21,7.8689
2071,11,22,9.0586
2071,11,23,6.3488
2071,11,24,4.1474
2071,11,25,2.3678
2071,11,26,5.8087
2071,11,27,3.1266
2071,11,28,9.3481
2071,11,29,11.979
2071,11,30,11.944
2071,12,1,12.101
2071,12,2,12.699
2071,12,3,11.961
2071,12,4,11.694
2071,12,5,12.272
2071,12,6,13.387
2071,12,7,7.6952
2071,12,8,5.7419
2071,12,9,5.8318
2071,12,10,6.752
2071,12,11,4.9685
2071,12,12,2.6313
2071,12,13,3.9874
2071,12,14,10.207
2071,12,15,7.0454
2071,12,16,5.2216
2071,12,17,2.1288
2071,12,18,1.7086
2071,12,19,4.2431
2071,12,20,5.324
2071,12,21,9.5518
2071,12,22,9.1722
2071,12,23,6.2205
2071,12,24,5.0211
2071,12,25,9.0674
2071,12,26,4.5372
2071,12,27,5.5598
2071,12,28,2.853
2071,12,29,2.3178
2071,12,30,4.323
2071,12,31,3.8077
2072,1,1,5.263
2072,1,2,4.9435
2072,1,3,3.2134
2072,1,4,2.5687
2072,1,5,6.7382
2072,1,6,8.4344
2072,1,7,6.2766
2072,1,8,6.3812
2072,1,9,3.6656
2072,1,10,3.5916
2072,1,11,4.1335
2072,1,12,7.0224
2072,1,13,4.1964
2072,1,14,4.5265
2072,1,15,5.0006
2072,1,16,3.6029
2072,1,17,1.7683
2072,1,18,-0.23673
2072,1,19,3.4433
2072,1,20,5.9644
2072,1,21,5.5735
2072,1,22,7.7213
2072,1,23,6.9115
2072,1,24,5.1498
2072,1,25,4.8549
2072,1,26,6.1001
2072,1,27,4.0586
2072,1,28,5.3816
2072,1,29,2.6074
2072,1,30,0.18832
2072,1,31,1.7434
2072,2,1,4.9727
2072,2,2,4.4557
2072,2,3,3.0169
2072,2,4,6.985
2072,2,5,5.7533
2072,2,6,3.6995
2072,2,7,2.0912
2072,2,8,8.5541
2072,2,9,5.7088
2072,2,10,4.3697
2072,2,11,7.2585
2072,2,12,6.0297
2072,2,13,3.597
2072,2,14,1.2807
2072,2,15,3.4572
2072,2,16,4.2013
2072,2,17,3.798
2072,2,18,1.6162
2072,2,19,3.1336
2072,2,20,2.3146
2072,2,21,1.1701
2072,2,22,3.4915
2072,2,23,3.9271
2072,2,24,3.902
2072,2,25,4.2482
2072,2,26,1.5276
2072,2,27,3.3183
2072,2,28,4.5308
2072,2,29,2.8702
2072,3,1,1.795
2072,3,2,4.8812
2072,3,3,6.7541
2072,3,4,4.984
2072,3,5,1.8312
2072,3,6,4.0489
2072,3,7,6.7616
2072,3,8,5.9156
2072,3,9,4.198
2072,3,10,4.2409
2072,3,11,8.0833
2072,3,12,7.5788
2072,3,13,5.9702
2072,3,14,6.663
2072,3,15,4.883
2072,3,16,4.3321
2072,3,17,5.2253
2072,3,18,5.1191
2072,3,19,5.9155
2072,3,20,4.2602
2072,3,21,3.7346
2072,3,22,4.7785
2072,3,23,5.4246
2072,3,24,7.0635
2072,3,25,7.0066
2072,3,26,5.9463
2072,3,27,8.8043
2072,3,28,6.7468
2072,3,29,6.0012
2072,3,30,5.9873
2072,3,31,5.1882
2072,4,1,6.1693
2072,4,2,6.9283
2072,4,3,7.5653
2072,4,4,6.6385
2072,4,5,7.0732
2072,4,6,6.131
2072,4,7,7.7049
2072,4,8,6.6816
2072,4,9,6.1543
2072,4,10,5.2736
2072,4,11,9.4981
2072,4,12,8.6566
2072,4,13,9.9783
2072,4,14,10.803
2072,4,15,12.833
2072,4,16,9.1123
2072,4,17,6.7082
2072,4,18,8.675
2072,4,19,7.0299
2072,4,20,8.1324
2072,4,21,9.9666
2072,4,22,7.6591
2072,4,23,6.3631
2072,4,24,9.229
2072,4,25,6.5476
2072,4,26,9.1473
2072,4,27,9.7434
2072,4,28,9.3277
2072,4,29,9.8238
2072,4,30,8.7513
2072,5,1,9.0688
2072,5,2,8.0578
2072,5,3,10.035
2072,5,4,9.6732
2072,5,5,9.3625
2072,5,6,7.4755
2072,5,7,12.353
2072,5,8,10.666
2072,5,9,10.485
2072,5,10,11.416
2072,5,11,10.289
2072,5,12,9.1327
2072,5,13,11.664
2072,5,14,12.667
2072,5,15,12.333
2072,5,16,10.338
2072,5,17,12.261
2072,5,18,14.497
2072,5,19,11.727
2072,5,20,10.213
2072,5,21,10.621
2072,5,22,9.7003
2072,5,23,9.015
2072,5,24,8.9495
2072,5,25,9.2324
2072,5,26,12.735
2072,5,27,10.407
2072,5,28,11.24
2072,5,29,11.08
2072,5,30,13.606
2072,5,31,11.726
2072,6,1,15.525
2072,6,2,16.531
2072,6,3,14.773
2072,6,4,12.407
2072,6,5,13.015
2072,6,6,12.305
2072,6,7,13.533
2072,6,8,14.597
2072,6,9,12.684
2072,6,10,14.207
2072,6,11,14.939
2072,6,12,12.203
2072,6,13,11.293
2072,6,14,13.869
2072,6,15,16.692
2072,6,16,14.992
2072,6,17,16.467
2072,6,18,16.432
2072,6,19,15.5
2072,6,20,15.166
2072,6,21,15.087
2072,6,22,16.924
2072,6,23,18.178
2072,6,24,17.466
2072,6,25,18.326
2072,6,26,17.501
2072,6,27,20.647
2072,6,28,17.945
2072,6,29,18.762
2072,6,30,18.188
2072,7,1,18.384
2072,7,2,18.224
2072,7,3,19.684
2072,7,4,20.196
2072,7,5,21.978
2072,7,6,20.727
2072,7,7,21.186
2072,7,8,20.197
2072,7,9,20.114
2072,7,10,19.894
2072,7,11,19.802
2072,7,12,21.974
2072,7,13,19.606
2072,7,14,19.781
2072,7,15,18.032
2072,7,16,18.037
2072,7,17,19.503
2072,7,18,19.416
2072,7,19,24.301
2072,7,20,26.158
2072,7,21,24.761
2072,7,22,23.059
2072,7,23,24.89
2072,7,24,23.574
2072,7,25,23.557
2072,7,26,23.093
2072,7,27,23.097
2072,7,28,24.314
2072,7,29,22.028
2072,7,30,20.576
2072,7,31,20.285
2072,8,1,18.174
2072,8,2,17.598
2072,8,3,20.506
2072,8,4,18.484
2072,8,5,21.414
2072,8,6,22.387
2072,8,7,21.644
2072,8,8,22.308
2072,8,9,21.343
2072,8,10,22.958
2072,8,11,23.983
2072,8,12,23.26
2072,8,13,23.419
2072,8,14,20.928
2072,8,15,20.47
2072,8,16,23.669
2072,8,17,24.037
2072,8,18,22.804
2072,8,19,23.01
2072,8,20,20.393
2072,8,21,19.98
2072,8,22,17.663
2072,8,23,19.257
2072,8,24,21.474
2072,8,25,21.218
2072,8,26,19.852
2072,8,27,19.441
2072,8,28,17.932
2072,8,29,16.994
2072,8,30,20.719
2072,8,31,22.288
2072,9,1,21.05
2072,9,2,19.677
2072,9,3,19.429
2072,9,4,19.912
2072,9,5,22.714
2072,9,6,17.591
2072,9,7,15.468
2072,9,8,17.154
2072,9,9,17.012
2072,9,10,20.082
2072,9,11,20.523
2072,9,12,19.982
2072,9,13,19.342
2072,9,14,20.294
2072,9,15,20.752
2072,9,16,18.003
2072,9,17,14.11
2072,9,18,13.128
2072,9,19,13.667
2072,9,20,13.975
2072,9,21,16.132
2072,9,22,17.108
2072,9,23,17.34
2072,9,24,16.316
2072,9,25,15.792
2072,9,26,15.687
2072,9,27,15.929
2072,9,28,14.836
2072,9,29,16.456
2072,9,30,19.717
2072,10,1,18.64
2072,10,2,16.442
2072,10,3,15.082
2072,10,4,16.575
2072,10,5,13.719
2072,10,6,12.229
2072,10,7,12.398
2072,10,8,11.851
2072,10,9,13.865
2072,10,10,12.896
2072,10,11,14.302
2072,10,12,11.829
2072,10,13,11.042
2072,10,14,9.6388
2072,10,15,9.7842
2072,10,16,10.061
2072,10,17,12.976
2072,10,18,11.581
2072,10,19,10.207
2072,10,20,7.9882
2072,10,21,9.9223
2072,10,22,13.298
2072,10,23,12.733
2072,10,24,13.509
2072,10,25,15.471
2072,10,26,13.887
2072,10,27,13.086
2072,10,28,18.127
2072,10,29,15.928
2072,10,30,11.305
2072,10,31,7.6095
2072,11,1,9.5157
2072,11,2,8.1915
2072,11,3,7.6852
2072,11,4,6.3712
2072,11,5,5.96
2072,11,6,7.6555
2072,11,7,5.8911
2072,11,8,3.6939
2072,11,9,2.7311
2072,11,10,8.4344
2072,11,11,12.741
2072,11,12,10.63
2072,11,13,8.4665
2072,11,14,7.0339
2072,11,15,5.9344
2072,11,16,11.992
2072,11,17,7.7668
2072,11,18,6.864
2072,11,19,8.6997
2072,11,20,5.7051
2072,11,21,8.7168
2072,11,22,12.193
2072,11,23,5.5009
2072,11,24,4.8019
2072,11,25,7.305
2072,11,26,9.7821
2072,11,27,7.0278
2072,11,28,8.9458
2072,11,29,7.1235
2072,11,30,8.5011
2072,12,1,15.371
2072,12,2,11.497
2072,12,3,8.0185
2072,12,4,7.7115
2072,12,5,3.6224
2072,12,6,2.2381
2072,12,7,5.5492
2072,12,8,5.0729
2072,12,9,4.6582
2072,12,10,6.4258
2072,12,11,4.1388
2072,12,12,4.2128
2072,12,13,6.6393
2072,12,14,4.7967
2072,12,15,6.1753
2072,12,16,7.6221
2072,12,17,3.1912
2072,12,18,4.6355
2072,12,19,5.5315
2072,12,20,5.2149
2072,12,21,6.1591
2072,12,22,10.413
2072,12,23,10.5
2072,12,24,7.377
2072,12,25,6.8715
2072,12,26,11.003
2072,12,27,12.584
2072,12,28,12.406
2072,12,29,9.7905
2072,12,30,12.18
2072,12,31,8.6262
2073,1,1,4.5793
2073,1,2,2.2009
2073,1,3,2.3884
2073,1,4,5.7558
2073,1,5,3.5705
2073,1,6,2.3686
2073,1,7,8.6534
2073,1,8,5.7961
2073,1,9,9.3192
2073,1,10,8.2702
2073,1,11,10.687
2073,1,12,7.0202
2073,1,13,4.5192
2073,1,14,3.2014
2073,1,15,2.5021
2073,1,16,6.3614
2073,1,17,9.3306
2073,1,18,7.8615
2073,1,19,3.6657
2073,1,20,2.2191
2073,1,21,7.0187
2073,1,22,4.7439
2073,1,23,6.2724
2073,1,24,8.5909
2073,1,25,7.7209
2073,1,26,5.2445
2073,1,27,4.6964
2073,1,28,0.025537
2073,1,29,-1.0314
2073,1,30,1.1652
2073,1,31,0.14263
2073,2,1,-0.85042
2073,2,2,1.0747
2073,2,3,3.7629
2073,2,4,2.7127
2073,2,5,1.7097
2073,2,6,1.2347
2073,2,7,0.078495
2073,2,8,3.0808
2073,2,9,2.7719
2073,2,10,5.4078
2073,2,11,8.1916
2073,2,12,8.1744
2073,2,13,4.4684
2073,2,14,1.0489
2073,2,15,6.353
2073,2,16,2.6496
2073,2,17,1.9281
2073,2,18,1.3407
2073,2,19,0.18634
2073,2,20,0.56014
2073,2,21,3.2801
2073,2,22,3.3427
2073,2,23,1.1341
2073,2,24,1.1578
2073,2,25,4.8761
2073,2,26,7.8589
2073,2,27,7.0904
2073,2,28,9.3741
2073,3,1,8.1124
2073,3,2,6.8785
2073,3,3,5.2016
2073,3,4,5.6704
2073,3,5,3.2345
2073,3,6,3.2012
2073,3,7,4.0549
2073,3,8,7.9449
2073,3,9,9.9075
2073,3,10,9.5005
2073,3,11,10.123
2073,3,12,11.414
2073,3,13,7.4771
2073,3,14,7.013
2073,3,15,5.5597
2073,3,16,4.5608
2073,3,17,3.2481
2073,3,18,2.3412
2073,3,19,8.716
2073,3,20,10.525
2073,3,21,8.798
2073,3,22,8.5273
2073,3,23,10.462
2073,3,24,9.4422
2073,3,25,9.423
2073,3,26,9.9789
2073,3,27,8.1984
2073,3,28,7.3879
2073,3,29,6.3668
2073,3,30,9.9646
2073,3,31,10.737
2073,4,1,10.069
2073,4,2,8.7517
2073,4,3,6.3354
2073,4,4,4.1776
2073,4,5,2.3658
2073,4,6,1.6538
2073,4,7,7.3146
2073,4,8,10.076
2073,4,9,9.7244
2073,4,10,10.818
2073,4,11,11.694
2073,4,12,8.7056
2073,4,13,6.6943
2073,4,14,8.9942
2073,4,15,8.6508
2073,4,16,9.3148
2073,4,17,8.0916
2073,4,18,9.4539
2073,4,19,8.835
2073,4,20,9.1258
2073,4,21,6.3004
2073,4,22,9.7233
2073,4,23,11.815
2073,4,24,10.641
2073,4,25,9.4022
2073,4,26,6.4575
2073,4,27,6.6993
2073,4,28,8.2132
2073,4,29,10.038
2073,4,30,9.1664
2073,5,1,9.1161
2073,5,2,5.8952
2073,5,3,7.791
2073,5,4,13.761
2073,5,5,11.313
2073,5,6,13.64
2073,5,7,13.123
2073,5,8,10.887
2073,5,9,12.773
2073,5,10,12.007
2073,5,11,11.382
2073,5,12,13.238
2073,5,13,11.688
2073,5,14,11.278
2073,5,15,11.193
2073,5,16,13.059
2073,5,17,14.045
2073,5,18,13.231
2073,5,19,13.727
2073,5,20,14.893
2073,5,21,15.057
2073,5,22,13.097
2073,5,23,11.649
2073,5,24,11.504
2073,5,25,13.577
2073,5,26,13.484
2073,5,27,13.751
2073,5,28,14.36
2073,5,29,14.729
2073,5,30,15.135
2073,5,31,14.793
2073,6,1,14.925
2073,6,2,16.281
2073,6,3,15.881
2073,6,4,14.247
2073,6,5,13.899
2073,6,6,14.955
2073,6,7,16.126
2073,6,8,13.428
2073,6,9,13.601
2073,6,10,14.861
2073,6,11,13.407
2073,6,12,15.113
2073,6,13,19.142
2073,6,14,17.11
2073,6,15,16.925
2073,6,16,21.706
2073,6,17,22.862
2073,6,18,20.423
2073,6,19,19.478
2073,6,20,18.899
2073,6,21,20.627
2073,6,22,20.919
2073,6,23,21.454
2073,6,24,20.397
2073,6,25,17.533
2073,6,26,20.002
2073,6,27,18.464
2073,6,28,15.335
2073,6,29,16.6
2073,6,30,19.048
2073,7,1,21.053
2073,7,2,22.702
2073,7,3,19.151
2073,7,4,15.818
2073,7,5,16.595
2073,7,6,18.361
2073,7,7,22.737
2073,7,8,21.287
2073,7,9,20.688
2073,7,10,22.588
2073,7,11,20.868
2073,7,12,19.835
2073,7,13,20.513
2073,7,14,22.298
2073,7,15,22.62
2073,7,16,22.464
2073,7,17,20.926
2073,7,18,20.863
2073,7,19,22.839
2073,7,20,21.823
2073,7,21,18.723
2073,7,22,17.625
2073,7,23,18.723
2073,7,24,19.034
2073,7,25,17.768
2073,7,26,19.181
2073,7,27,21.004
2073,7,28,21.562
2073,7,29,21.451
2073,7,30,19.981
2073,7,31,21.216
2073,8,1,22.156
2073,8,2,21.671
2073,8,3,21.697
2073,8,4,21.554
2073,8,5,21.618
2073,8,6,23.277
2073,8,7,22.596
2073,8,8,22.007
2073,8,9,21.351
2073,8,10,22.447
2073,8,11,22.735
2073,8,12,22.394
2073,8,13,21.918
2073,8,14,22.296
2073,8,15,22.424
2073,8,16,20.941
2073,8,17,20.405
2073,8,18,21.664
2073,8,19,21.479
2073,8,20,21.558
2073,8,21,22.232
2073,8,22,22.746
2073,8,23,22.108
2073,8,24,20.177
2073,8,25,20.266
2073,8,26,20.104
2073,8,27,17.513
2073,8,28,15.818
2073,8,29,16.514
2073,8,30,21.757
2073,8,31,20.491
2073,9,1,18.824
2073,9,2,16.753
2073,9,3,14.889
2073,9,4,16.664
2073,9,5,16.352
2073,9,6,16.862
2073,9,7,20.583
2073,9,8,18.997
2073,9,9,19.972
2073,9,10,14.083
2073,9,11,12.903
2073,9,12,14.275
2073,9,13,15.224
2073,9,14,15.902
2073,9,15,15.098
2073,9,16,12.696
2073,9,17,11.305
2073,9,18,10.632
2073,9,19,11.316
2073,9,20,12.209
2073,9,21,11.753
2073,9,22,14.873
2073,9,23,14.846
2073,9,24,13.245
2073,9,25,12.339
2073,9,26,10.811
2073,9,27,10.534
2073,9,28,13.683
2073,9,29,14.908
2073,9,30,14.309
2073,10,1,11.757
2073,10,2,12.481
2073,10,3,15.777
2073,10,4,16.856
2073,10,5,18.898
2073,10,6,16.911
2073,10,7,16.158
2073,10,8,16.847
2073,10,9,15.435
2073,10,10,15.454
2073,10,11,15.509
2073,10,12,15.524
2073,10,13,13.197
2073,10,14,11.499
2073,10,15,12.046
2073,10,16,14.81
2073,10,17,13.096
2073,10,18,12.778
2073,10,19,15.645
2073,10,20,16.541
2073,10,21,16.27
2073,10,22,14.334
2073,10,23,14.177
2073,10,24,13.064
2073,10,25,11.576
2073,10,26,12.801
2073,10,27,15.741
2073,10,28,18.619
2073,10,29,11.083
2073,10,30,8.5469
2073,10,31,7.7786
2073,11,1,7.2736
2073,11,2,8.27
2073,11,3,6.7402
2073,11,4,7.9494
2073,11,5,11.086
2073,11,6,7.7764
2073,11,7,6.3458
2073,11,8,4.1863
2073,11,9,2.3426
2073,11,10,6.7657
2073,11,11,4.4491
2073,11,12,7.8392
2073,11,13,4.6155
2073,11,14,4.6124
2073,11,15,10.042
2073,11,16,9.4356
2073,11,17,8.532
2073,11,18,6.6243
2073,11,19,8.6297
2073,11,20,8.939
2073,11,21,8.1942
2073,11,22,8.2084
2073,11,23,9.5936
2073,11,24,9.0746
2073,11,25,8.9951
2073,11,26,6.8386
2073,11,27,8.2054
2073,11,28,6.8541
2073,11,29,4.3467
2073,11,30,1.5101
2073,12,1,0.45211
2073,12,2,2.4669
2073,12,3,2.3689
2073,12,4,0.78622
2073,12,5,1.6136
2073,12,6,1.4216
2073,12,7,2.3959
2073,12,8,8.4215
2073,12,9,11.152
2073,12,10,8.7568
2073,12,11,6.6802
2073,12,12,6.6251
2073,12,13,5.1805
2073,12,14,7.2096
2073,12,15,4.2278
2073,12,16,0.98076
2073,12,17,1.3163
2073,12,18,7.2457
2073,12,19,4.5842
2073,12,20,2.8958
2073,12,21,9.4822
2073,12,22,7.6739
2073,12,23,7.7322
2073,12,24,9.3022
2073,12,25,10.037
2073,12,26,3.6424
2073,12,27,3.7429
2073,12,28,12.559
2073,12,29,12.649
2073,12,30,9.3552
2073,12,31,7.602
2074,1,1,2.9258
2074,1,2,7.0774
2074,1,3,6.5074
2074,1,4,6.2269
2074,1,5,8.0317
2074,1,6,4.7878
2074,1,7,4.2013
2074,1,8,5.4965
2074,1,9,5.9947
2074,1,10,6.6669
2074,1,11,3.7601
2074,1,12,4.4079
2074,1,13,1.1757
2074,1,14,6.0335
2074,1,15,3.3703
2074,1,16,2.1969
2074,1,17,8.1434
2074,1,18,9.3781
2074,1,19,6.6936
2074,1,20,5.3915
2074,1,21,4.338
2074,1,22,6.6286
2074,1,23,3.211
2074,1,24,2.8582
2074,1,25,4.0086
2074,1,26,0.63786
2074,1,27,1.985
2074,1,28,4.7457
2074,1,29,10.403
2074,1,30,5.7951
2074,1,31,4.6684
2074,2,1,5.9537
2074,2,2,3.763
2074,2,3,6.4041
2074,2,4,11.324
2074,2,5,7.7054
2074,2,6,8.232
2074,2,7,14.187
2074,2,8,7.8728
2074,2,9,7.6651
2074,2,10,8.1686
2074,2,11,3.5472
2074,2,12,2.6868
2074,2,13,7.0805
2074,2,14,1.5185
2074,2,15,0.53941
2074,2,16,4.2495
2074,2,17,7.2911
2074,2,18,7.3956
2074,2,19,6.2356
2074,2,20,5.6093
2074,2,21,4.9372
2074,2,22,4.7347
2074,2,23,4.2602
2074,2,24,3.7885
2074,2,25,4.4846
2074,2,26,6.3706
2074,2,27,8.0693
2074,2,28,9.1645
2074,3,1,5.4531
2074,3,2,4.1462
2074,3,3,6.5188
2074,3,4,6.4555
2074,3,5,11.041
2074,3,6,5.9999
2074,3,7,3.0533
2074,3,8,7.9705
2074,3,9,10.217
2074,3,10,7.7349
2074,3,11,7.418
2074,3,12,6.5905
2074,3,13,11.722
2074,3,14,10.197
2074,3,15,8.0474
2074,3,16,6.5266
2074,3,17,8.0289
2074,3,18,6.1391
2074,3,19,5.0637
2074,3,20,4.3768
2074,3,21,4.0945
2074,3,22,4.6349
2074,3,23,7.8744
2074,3,24,10.007
2074,3,25,7.6666
2074,3,26,3.813
2074,3,27,6.4221
2074,3,28,7.8567
2074,3,29,7.5411
2074,3,30,7.669
2074,3,31,5.3231
2074,4,1,7.3013
2074,4,2,7.1729
2074,4,3,8.3088
2074,4,4,5.4156
2074,4,5,8.6304
2074,4,6,5.6026
2074,4,7,4.4398
2074,4,8,3.3651
2074,4,9,5.028
2074,4,10,6.1237
2074,4,11,6.1269
2074,4,12,7.4766
2074,4,13,6.0745
2074,4,14,5.8726
2074,4,15,7.7727
2074,4,16,8.8209
2074,4,17,12.554
2074,4,18,11.417
2074,4,19,9.2659
2074,4,20,6.3225
2074,4,21,4.325
2074,4,22,7.856
2074,4,23,7.0835
2074,4,24,6.6799
2074,4,25,10.697
2074,4,26,11.204
2074,4,27,13.633
2074,4,28,12.694
2074,4,29,12.82
2074,4,30,11.315
2074,5,1,9.8491
2074,5,2,10.362
2074,5,3,10.911
2074,5,4,11.695
2074,5,5,11.047
2074,5,6,8.6341
2074,5,7,8.1559
2074,5,8,7.8445
2074,5,9,6.5281
2074,5,10,13.707
2074,5,11,12.821
2074,5,12,10.209
2074,5,13,10.827
2074,5,14,12.105
2074,5,15,11.041
2074,5,16,12.174
2074,5,17,12.792
2074,5,18,12.923
2074,5,19,10.699
2074,5,20,13.096
2074,5,21,10.795
2074,5,22,11.35
2074,5,23,11.908
2074,5,24,12.787
2074,5,25,14.707
2074,5,26,13.171
2074,5,27,13.149
2074,5,28,18.089
2074,5,29,17.497
2074,5,30,17.931
2074,5,31,17.04
2074,6,1,13.781
2074,6,2,11.875
2074,6,3,12.025
2074,6,4,11.445
2074,6,5,13.255
2074,6,6,15.599
2074,6,7,15.813
2074,6,8,15.004
2074,6,9,13.672
2074,6,10,11.414
2074,6,11,10.701
2074,6,12,8.9927
2074,6,13,15.048
2074,6,14,12.444
2074,6,15,12.654
2074,6,16,13.691
2074,6,17,17.46
2074,6,18,16.712
2074,6,19,17.638
2074,6,20,16.32
2074,6,21,16.227
2074,6,22,18.976
2074,6,23,15.556
2074,6,24,20.351
2074,6,25,22.425
2074,6,26,22.051
2074,6,27,22.885
2074,6,28,22.401
2074,6,29,20.696
2074,6,30,17.705
2074,7,1,17.544
2074,7,2,16.522
2074,7,3,20.091
2074,7,4,18.749
2074,7,5,20.015
2074,7,6,19.161
2074,7,7,20.713
2074,7,8,19.783
2074,7,9,19.514
2074,7,10,18.019
2074,7,11,16.393
2074,7,12,17.291
2074,7,13,18.181
2074,7,14,17.897
2074,7,15,17.229
2074,7,16,18.666
2074,7,17,15.75
2074,7,18,16.706
2074,7,19,15.22
2074,7,20,17.85
2074,7,21,18.581
2074,7,22,17.844
2074,7,23,16.274
2074,7,24,15.438
2074,7,25,16.336
2074,7,26,15.166
2074,7,27,14.802
2074,7,28,18.62
2074,7,29,19.669
2074,7,30,16.965
2074,7,31,14.918
2074,8,1,19.626
2074,8,2,19.479
2074,8,3,24.338
2074,8,4,24.582
2074,8,5,24.397
2074,8,6,21.671
2074,8,7,18.202
2074,8,8,18.471
2074,8,9,20.356
2074,8,10,21.015
2074,8,11,22
2074,8,12,20.122
2074,8,13,16.526
2074,8,14,18.566
2074,8,15,19.804
2074,8,16,20.079
2074,8,17,18.246
2074,8,18,16.001
2074,8,19,15.938
2074,8,20,13.993
2074,8,21,16.656
2074,8,22,18.86
2074,8,23,21.281
2074,8,24,21.242
2074,8,25,17.74
2074,8,26,17.941
2074,8,27,21.36
2074,8,28,18.478
2074,8,29,15.522
2074,8,30,15.763
2074,8,31,19.027
2074,9,1,18.835
2074,9,2,20.726
2074,9,3,18.168
2074,9,4,20.723
2074,9,5,20.864
2074,9,6,20.908
2074,9,7,21.716
2074,9,8,20.535
2074,9,9,21.872
2074,9,10,16.8
2074,9,11,13.836
2074,9,12,15.204
2074,9,13,20.643
2074,9,14,20.67
2074,9,15,15.602
2074,9,16,11.825
2074,9,17,14.126
2074,9,18,15.412
2074,9,19,17.985
2074,9,20,15.434
2074,9,21,13.517
2074,9,22,13.93
2074,9,23,12.484
2074,9,24,14.879
2074,9,25,13.565
2074,9,26,15.46
2074,9,27,17.575
2074,9,28,18.833
2074,9,29,20.626
2074,9,30,21.005
2074,10,1,19.918
2074,10,2,16.607
2074,10,3,14.134
2074,10,4,12.004
2074,10,5,11.496
2074,10,6,13.181
2074,10,7,12.737
2074,10,8,13.035
2074,10,9,11.312
2074,10,10,8.7799
2074,10,11,8.15
2074,10,12,6.636
2074,10,13,9.0524
2074,10,14,7.0391
2074,10,15,6.7415
2074,10,16,6.0006
2074,10,17,3.9984
2074,10,18,9.1107
2074,10,19,6.8572
2074,10,20,6.3968
2074,10,21,10.288
2074,10,22,10.957
2074,10,23,12.079
2074,10,24,16.047
2074,10,25,12.629
2074,10,26,11.39
2074,10,27,11.523
2074,10,28,8.3027
2074,10,29,10.084
2074,10,30,8.4806
2074,10,31,8.4861
2074,11,1,6.8574
2074,11,2,6.4323
2074,11,3,5.9174
2074,11,4,5.7852
2074,11,5,6.3745
2074,11,6,4.6666
2074,11,7,4.6869
2074,11,8,7.0773
2074,11,9,6.0241
2074,11,10,5.6817
2074,11,11,3.706
2074,11,12,4.3305
2074,11,13,5.4623
2074,11,14,8.4567
2074,11,15,6.1556
2074,11,16,3.4143
2074,11,17,3.0243
2074,11,18,7.2808
2074,11,19,12.38
2074,11,20,13.522
2074,11,21,13.555
2074,11,22,8.8603
2074,11,23,5.1419
2074,11,24,12.384
2074,11,25,6.2858
2074,11,26,2.5329
2074,11,27,6.7662
2074,11,28,5.4223
2074,11,29,7.767
2074,11,30,6.1991
2074,12,1,3.914
2074,12,2,3.66
2074,12,3,8.1997
2074,12,4,7.5917
2074,12,5,4.1144
2074,12,6,4.084
2074,12,7,7.7237
2074,12,8,6.2063
2074,12,9,9.3211
2074,12,10,6.8866
2074,12,11,5.0041
2074,12,12,6.1212
2074,12,13,2.1513
2074,12,14,5.517
2074,12,15,8.9873
2074,12,16,6.4448
2074,12,17,4.8703
2074,12,18,1.587
2074,12,19,0.29437
2074,12,20,-0.83618
2074,12,21,-0.61692
2074,12,22,1.7705
2074,12,23,4.2643
2074,12,24,0.60309
2074,12,25,2.855
2074,12,26,5.549
2074,12,27,10.688
2074,12,28,11.238
2074,12,29,7.6584
2074,12,30,6.8917
2074,12,31,7.6838
2075,1,1,6.5697
2075,1,2,2.3493
2075,1,3,1.8611
2075,1,4,11.86
2075,1,5,12.137
2075,1,6,12.905
2075,1,7,12.834
2075,1,8,9.9346
2075,1,9,3.3393
2075,1,10,3.2851
2075,1,11,1.2173
2075,1,12,0.54035
2075,1,13,3.6862
2075,1,14,4.2734
2075,1,15,3.1719
2075,1,16,4.7567
2075,1,17,5.0856
2075,1,18,5.3422
2075,1,19,7.1161
2075,1,20,4.6973
2075,1,21,9.1835
2075,1,22,10.603
2075,1,23,7.0719
2075,1,24,7.8039
2075,1,25,4.0448
2075,1,26,1.5256
2075,1,27,2.7073
2075,1,28,3.9571
2075,1,29,2.3658
2075,1,30,9.6594
2075,1,31,9.1458
2075,2,1,7.177
2075,2,2,3.9562
2075,2,3,2.2087
2075,2,4,2.5106
2075,2,5,4.5894
2075,2,6,3.3451
2075,2,7,7.7528
2075,2,8,6.1973
2075,2,9,5.3054
2075,2,10,5.9678
2075,2,11,6.0835
2075,2,12,2.8352
2075,2,13,5.6398
2075,2,14,0.98763
2075,2,15,5.5308
2075,2,16,5.1272
2075,2,17,1.7156
2075,2,18,2.5943
2075,2,19,4.2212
2075,2,20,5.324
2075,2,21,4.3306
2075,2,22,9.0096
2075,2,23,5.6359
2075,2,24,2.864
2075,2,25,3.4048
2075,2,26,4.5042
2075,2,27,3.0772
2075,2,28,3.9533
2075,3,1,2.8886
2075,3,2,3.4701
2075,3,3,3.0652
2075,3,4,1.4715
2075,3,5,1.0315
2075,3,6,0.54914
2075,3,7,4.3989
2075,3,8,3.7403
2075,3,9,6.9202
2075,3,10,7.069
2075,3,11,6.9328
2075,3,12,9.7403
2075,3,13,9.7018
2075,3,14,11.945
2075,3,15,7.5476
2075,3,16,6.1591
2075,3,17,9.0945
2075,3,18,8.9988
2075,3,19,8.1269
2075,3,20,7.4344
2075,3,21,9.0734
2075,3,22,7.9781
2075,3,23,7.5806
2075,3,24,6.7175
2075,3,25,7.78
2075,3,26,12.161
2075,3,27,10.933
2075,3,28,10.507
2075,3,29,9.6697
2075,3,30,7.8367
2075,3,31,5.8298
2075,4,1,9.7144
2075,4,2,8.3978
2075,4,3,9.5505
2075,4,4,9.1357
2075,4,5,8.0222
2075,4,6,7.826
2075,4,7,5.0929
2075,4,8,5.0902
2075,4,9,9.0494
2075,4,10,11.377
2075,4,11,11.069
2075,4,12,14.411
2075,4,13,14.237
2075,4,14,14.109
2075,4,15,11.038
2075,4,16,10.981
2075,4,17,15.18
2075,4,18,14.423
2075,4,19,13.837
2075,4,20,12.675
2075,4,21,11.717
2075,4,22,11.13
2075,4,23,12.327
2075,4,24,14.334
2075,4,25,13.858
2075,4,26,13.439
2075,4,27,12.593
2075,4,28,12.563
2075,4,29,10.252
2075,4,30,9.0993
2075,5,1,9.4744
2075,5,2,9.9724
2075,5,3,8.31
2075,5,4,8.6262
2075,5,5,10.795
2075,5,6,12.3
2075,5,7,12.434
2075,5,8,11.515
2075,5,9,9.785
2075,5,10,10.897
2075,5,11,8.8778
2075,5,12,11.343
2075,5,13,13.209
2075,5,14,12.493
2075,5,15,14.727
2075,5,16,14.775
2075,5,17,15.059
2075,5,18,15.251
2075,5,19,15.112
2075,5,20,19.346
2075,5,21,17.946
2075,5,22,15.763
2075,5,23,15.575
2075,5,24,16.472
2075,5,25,15.258
2075,5,26,14.125
2075,5,27,16.012
2075,5,28,14.816
2075,5,29,15.55
2075,5,30,16.492
2075,5,31,16.484
2075,6,1,16.401
2075,6,2,14.294
2075,6,3,16.245
2075,6,4,15.314
2075,6,5,15.243
2075,6,6,13.506
2075,6,7,11.894
2075,6,8,13.689
2075,6,9,16.169
2075,6,10,14.715
2075,6,11,16.079
2075,6,12,16.372
2075,6,13,13.868
2075,6,14,12.8
2075,6,15,12.884
2075,6,16,13.233
2075,6,17,12.727
2075,6,18,12.454
2075,6,19,12.698
2075,6,20,13.408
2075,6,21,15.829
2075,6,22,15.116
2075,6,23,17.824
2075,6,24,18.992
2075,6,25,17.68
2075,6,26,20.313
2075,6,27,20.732
2075,6,28,18.558
2075,6,29,19.444
2075,6,30,19.923
2075,7,1,18.99
2075,7,2,17.303
2075,7,3,17.676
2075,7,4,20.039
2075,7,5,22.018
2075,7,6,21.325
2075,7,7,21.288
2075,7,8,20.613
2075,7,9,20.546
2075,7,10,21.547
2075,7,11,21.022
2075,7,12,21.499
2075,7,13,21.563
2075,7,14,23.016
2075,7,15,20.504
2075,7,16,17.395
2075,7,17,16.865
2075,7,18,19.489
2075,7,19,19.877
2075,7,20,17.879
2075,7,21,18.268
2075,7,22,20.525
2075,7,23,21.991
2075,7,24,21.728
2075,7,25,24.81
2075,7,26,25.466
2075,7,27,24.314
2075,7,28,23.51
2075,7,29,24.037
2075,7,30,22.694
2075,7,31,22.11
2075,8,1,23.155
2075,8,2,22.457
2075,8,3,24.594
2075,8,4,22.613
2075,8,5,22.356
2075,8,6,22.364
2075,8,7,21.881
2075,8,8,22.318
2075,8,9,22.705
2075,8,10,22.291
2075,8,11,22.04
2075,8,12,22.376
2075,8,13,24.373
2075,8,14,20.911
2075,8,15,18.999
2075,8,16,19.632
2075,8,17,21.9
2075,8,18,21.432
2075,8,19,19.961
2075,8,20,19.99
2075,8,21,21.286
2075,8,22,20.468
2075,8,23,22.852
2075,8,24,21.506
2075,8,25,21.632
2075,8,26,21.417
2075,8,27,20.073
2075,8,28,18.169
2075,8,29,16.738
2075,8,30,17.128
2075,8,31,16.906
2075,9,1,15.13
2075,9,2,13.517
2075,9,3,13.391
2075,9,4,17.248
2075,9,5,17.596
2075,9,6,15.969
2075,9,7,16.33
2075,9,8,18.887
2075,9,9,21.102
2075,9,10,20.158
2075,9,11,18.814
2075,9,12,19.452
2075,9,13,19.778
2075,9,14,18.889
2075,9,15,19.741
2075,9,16,20.55
2075,9,17,18.196
2075,9,18,16.415
2075,9,19,18.293
2075,9,20,17.938
2075,9,21,16.723
2075,9,22,18.384
2075,9,23,17.805
2075,9,24,18.336
2075,9,25,17.601
2075,9,26,16.829
2075,9,27,16.843
2075,9,28,15.626
2075,9,29,15.531
2075,9,30,16.133
2075,10,1,16.293
2075,10,2,15.827
2075,10,3,15.414
2075,10,4,16.323
2075,10,5,17.288
2075,10,6,17.374
2075,10,7,14.45
2075,10,8,19.336
2075,10,9,16.806
2075,10,10,13.823
2075,10,11,16.157
2075,10,12,17.343
2075,10,13,18.146
2075,10,14,18.362
2075,10,15,16.121
2075,10,16,14.383
2075,10,17,11.484
2075,10,18,10.928
2075,10,19,15.078
2075,10,20,18.826
2075,10,21,18.746
2075,10,22,18.275
2075,10,23,20.333
2075,10,24,14.409
2075,10,25,11.092
2075,10,26,8.9124
2075,10,27,7.3857
2075,10,28,9.0484
2075,10,29,11.426
2075,10,30,9.7735
2075,10,31,11.225
2075,11,1,9.3809
2075,11,2,6.6216
2075,11,3,7.8413
2075,11,4,5.5124
2075,11,5,10.127
2075,11,6,10.544
2075,11,7,9.0909
2075,11,8,11.437
2075,11,9,9.6938
2075,11,10,6.472
2075,11,11,4.3342
2075,11,12,8.3513
2075,11,13,9.2541
2075,11,14,8.3751
2075,11,15,11.133
2075,11,16,9.2327
2075,11,17,9.1396
2075,11,18,11.042
2075,11,19,8.3341
2075,11,20,7.1041
2075,11,21,5.7454
2075,11,22,6.3555
2075,11,23,6.2664
2075,11,24,4.3511
2075,11,25,4.255
2075,11,26,8.7741
2075,11,27,6.6479
2075,11,28,5.4567
2075,11,29,9.4999
2075,11,30,5.9553
2075,12,1,4.4738
2075,12,2,4.8467
2075,12,3,3.9403
2075,12,4,6.2996
2075,12,5,9.163
2075,12,6,8.5542
2075,12,7,9.1028
2075,12,8,5.9134
2075,12,9,5.6083
2075,12,10,5.2146
2075,12,11,4.3098
2075,12,12,2.5508
2075,12,13,2.6171
2075,12,14,4.649
2075,12,15,4.1569
2075,12,16,5.2825
2075,12,17,2.597
2075,12,18,0.21895
2075,12,19,2.513
2075,12,20,4.1856
2075,12,21,3.4874
2075,12,22,4.7781
2075,12,23,3.0131
2075,12,24,4.8106
2075,12,25,9.2326
2075,12,26,8.7941
2075,12,27,10.553
2075,12,28,5.7489
2075,12,29,5.8685
2075,12,30,9.4731
2075,12,31,5.2125
2076,1,1,5.8235
2076,1,2,14.408
2076,1,3,4.6747
2076,1,4,4.6187
2076,1,5,5.1508
2076,1,6,4.0479
2076,1,7,4.6718
2076,1,8,4.2071
2076,1,9,8.0453
2076,1,10,4.3397
2076,1,11,5.0527
2076,1,12,3.0737
2076,1,13,5.2163
2076,1,14,1.2881
2076,1,15,-0.34604
2076,1,16,5.1891
2076,1,17,6.7234
2076,1,18,3.4259
2076,1,19,2.18
2076,1,20,1.8623
2076,1,21,1.6834
2076,1,22,5.2144
2076,1,23,5.744
2076,1,24,8.865
2076,1,25,10.941
2076,1,26,9.4526
2076,1,27,8.5892
2076,1,28,11.519
2076,1,29,8.9718
2076,1,30,5.1269
2076,1,31,1.7352
2076,2,1,0.4665
2076,2,2,-0.50303
2076,2,3,-0.22748
2076,2,4,2.8387
2076,2,5,8.9027
2076,2,6,6.8359
2076,2,7,2.855
2076,2,8,0.6484
2076,2,9,2.3431
2076,2,10,11.628
2076,2,11,11.472
2076,2,12,6.5716
2076,2,13,5.4655
2076,2,14,7.9376
2076,2,15,4.5772
2076,2,16,5.3507
2076,2,17,11.042
2076,2,18,8.2669
2076,2,19,8.7263
2076,2,20,7.1746
2076,2,21,6.1179
2076,2,22,6.8912
2076,2,23,3.4637
2076,2,24,2.5584
2076,2,25,9.8028
2076,2,26,6.1177
2076,2,27,3.315
2076,2,28,6.0023
2076,2,29,3.0121
2076,3,1,8.5986
2076,3,2,9.2396
2076,3,3,5.1491
2076,3,4,4.4846
2076,3,5,5.8043
2076,3,6,7.3288
2076,3,7,5.5219
2076,3,8,1.7436
2076,3,9,6.1554
2076,3,10,2.7966
2076,3,11,1.2585
2076,3,12,3.7847
2076,3,13,3.0745
2076,3,14,6.2002
2076,3,15,6.1534
2076,3,16,5.9777
2076,3,17,5.9989
2076,3,18,4.2271
2076,3,19,4.2692
2076,3,20,3.848
2076,3,21,4.1438
2076,3,22,4.3287
2076,3,23,5.8511
2076,3,24,3.5635
2076,3,25,4.1462
2076,3,26,1.3848
2076,3,27,7.8174
2076,3,28,7.1634
2076,3,29,6.0945
2076,3,30,3.9548
2076,3,31,4.9203
2076,4,1,8.0949
2076,4,2,7.9254
2076,4,3,10.614
2076,4,4,10.097
2076,4,5,6.7404
2076,4,6,6.3205
2076,4,7,10.249
2076,4,8,10.952
2076,4,9,12.921
2076,4,10,10.916
2076,4,11,12.803
2076,4,12,11.275
2076,4,13,7.6909
2076,4,14,6.7801
2076,4,15,13.125
2076,4,16,10.195
2076,4,17,10.201
2076,4,18,9.8878
2076,4,19,8.5175
2076,4,20,7.9214
2076,4,21,7.3371
2076,4,22,7.7679
2076,4,23,6.1097
2076,4,24,8.5624
2076,4,25,6.931
2076,4,26,7.9343
2076,4,27,11.532
2076,4,28,12.158
2076,4,29,13.453
2076,4,30,13.149
2076,5,1,13.882
2076,5,2,11.826
2076,5,3,11.103
2076,5,4,14.743
2076,5,5,15.444
2076,5,6,16.016
2076,5,7,15.791
2076,5,8,14.363
2076,5,9,12.898
2076,5,10,13.775
2076,5,11,12.562
2076,5,12,13
2076,5,13,12.467
2076,5,14,11.545
2076,5,15,13.707
2076,5,16,10.244
2076,5,17,9.1651
2076,5,18,12.032
2076,5,19,11.373
2076,5,20,12.99
2076,5,21,11.762
2076,5,22,13.147
2076,5,23,14.227
2076,5,24,15.298
2076,5,25,16.082
2076,5,26,14.851
2076,5,27,12.946
2076,5,28,15.029
2076,5,29,12.049
2076,5,30,14.074
2076,5,31,14.162
2076,6,1,15.673
2076,6,2,16.436
2076,6,3,15.015
2076,6,4,19.496
2076,6,5,16.886
2076,6,6,17.37
2076,6,7,16.251
2076,6,8,16.116
2076,6,9,17.869
2076,6,10,19.837
2076,6,11,18.291
2076,6,12,17.276
2076,6,13,20.578
2076,6,14,18.882
2076,6,15,20.431
2076,6,16,15.135
2076,6,17,15.218
2076,6,18,15.068
2076,6,19,15.551
2076,6,20,14.247
2076,6,21,15.583
2076,6,22,19.34
2076,6,23,19.191
2076,6,24,18.762
2076,6,25,20.949
2076,6,26,20.496
2076,6,27,20.249
2076,6,28,19.032
2076,6,29,22.042
2076,6,30,24.179
2076,7,1,22.12
2076,7,2,22.994
2076,7,3,23.199
2076,7,4,23.176
2076,7,5,23.588
2076,7,6,25.373
2076,7,7,23.297
2076,7,8,22.338
2076,7,9,22.521
2076,7,10,18.596
2076,7,11,16.478
2076,7,12,14.685
2076,7,13,15.703
2076,7,14,18.225
2076,7,15,18.444
2076,7,16,19.677
2076,7,17,21.343
2076,7,18,22.291
2076,7,19,24.823
2076,7,20,23.591
2076,7,21,22.98
2076,7,22,23.49
2076,7,23,22.553
2076,7,24,23.001
2076,7,25,23.727
2076,7,26,22.428
2076,7,27,22.465
2076,7,28,21.962
2076,7,29,22.123
2076,7,30,23.495
2076,7,31,24.682
2076,8,1,22.841
2076,8,2,21.806
2076,8,3,22.619
2076,8,4,22.557
2076,8,5,22.45
2076,8,6,22.295
2076,8,7,22.549
2076,8,8,21.484
2076,8,9,21.602
2076,8,10,21.202
2076,8,11,19.766
2076,8,12,19.149
2076,8,13,22.161
2076,8,14,22.873
2076,8,15,20.642
2076,8,16,18.914
2076,8,17,19.663
2076,8,18,19.192
2076,8,19,19.485
2076,8,20,18.358
2076,8,21,18.823
2076,8,22,20.738
2076,8,23,16.879
2076,8,24,14.673
2076,8,25,13.133
2076,8,26,14.662
2076,8,27,18.416
2076,8,28,19.466
2076,8,29,18.068
2076,8,30,16.68
2076,8,31,19.062
2076,9,1,23.831
2076,9,2,21.897
2076,9,3,21.309
2076,9,4,20.598
2076,9,5,21.381
2076,9,6,19.781
2076,9,7,18.542
2076,9,8,19.065
2076,9,9,19.085
2076,9,10,18.649
2076,9,11,17.97
2076,9,12,16.765
2076,9,13,18.192
2076,9,14,17.312
2076,9,15,14.028
2076,9,16,12.624
2076,9,17,13.568
2076,9,18,16.06
2076,9,19,15.032
2076,9,20,14.548
2076,9,21,17.755
2076,9,22,14.289
2076,9,23,12.484
2076,9,24,13.204
2076,9,25,14.259
2076,9,26,16.919
2076,9,27,18.439
2076,9,28,17.097
2076,9,29,17.594
2076,9,30,16.998
2076,10,1,15.448
2076,10,2,13.524
2076,10,3,13.114
2076,10,4,9.8238
2076,10,5,8.6056
2076,10,6,9.6614
2076,10,7,6.8668
2076,10,8,9.1371
2076,10,9,11.151
2076,10,10,8.1468
2076,10,11,5.5228
2076,10,12,8.1461
2076,10,13,7.5211
2076,10,14,11.088
2076,10,15,10.869
2076,10,16,9.748
2076,10,17,10.454
2076,10,18,14.518
2076,10,19,17.345
2076,10,20,12.949
2076,10,21,9.3265
2076,10,22,8.5705
2076,10,23,12.533
2076,10,24,11.83
2076,10,25,11.207
2076,10,26,9.5661
2076,10,27,9.6308
2076,10,28,11.015
2076,10,29,14.787
2076,10,30,11.735
2076,10,31,11.959
2076,11,1,11.331
2076,11,2,10.211
2076,11,3,8.9249
2076,11,4,8.5682
2076,11,5,12.273
2076,11,6,12.961
2076,11,7,11.49
2076,11,8,11.07
2076,11,9,9.9207
2076,11,10,14.578
2076,11,11,15.427
2076,11,12,9.8433
2076,11,13,9.1187
2076,11,14,11.957
2076,11,15,10.439
2076,11,16,7.0403
2076,11,17,4.9811
2076,11,18,6.2301
2076,11,19,9.6138
2076,11,20,9.9011
2076,11,21,13.356
2076,11,22,13.52
2076,11,23,13.743
2076,11,24,11.962
2076,11,25,10.491
2076,11,26,11.886
2076,11,27,11.453
2076,11,28,11.329
2076,11,29,9.526
2076,11,30,7.3438
2076,12,1,10.261
2076,12,2,10.099
2076,12,3,11.749
2076,12,4,11.496
2076,12,5,10.227
2076,12,6,4.7389
2076,12,7,2.8905
2076,12,8,1.8934
2076,12,9,0.97744
2076,12,10,-0.449
2076,12,11,0.84937
2076,12,12,5.9368
2076,12,13,4.2241
2076,12,14,4.5342
2076,12,15,6.8251
2076,12,16,2.9225
2076,12,17,6.536
2076,12,18,4.2942
2076,12,19,6.7911
2076,12,20,6.1604
2076,12,21,6.8955
2076,12,22,2.4922
2076,12,23,12.256
2076,12,24,7.2665
2076,12,25,4.038
2076,12,26,6.3166
2076,12,27,2.3805
2076,12,28,2.3601
2076,12,29,3.5642
2076,12,30,3.6437
2076,12,31,0.96515
2077,1,1,4.8639
2077,1,2,2.5232
2077,1,3,1.3647
2077,1,4,9.442
2077,1,5,13.54
2077,1,6,12.496
2077,1,7,10.712
2077,1,8,10.602
2077,1,9,6.651
2077,1,10,3.4332
2077,1,11,5.0816
2077,1,12,7.048
2077,1,13,9.0926
2077,1,14,7.5896
2077,1,15,8.188
2077,1,16,9.9399
2077,1,17,6.9411
2077,1,18,3.726
2077,1,19,2.8987
2077,1,20,2.8544
2077,1,21,0.90257
2077,1,22,0.58206
2077,1,23,0.22099
2077,1,24,2.5917
2077,1,25,5.4197
2077,1,26,4.379
2077,1,27,2.7039
2077,1,28,1.31
2077,1,29,0.36728
2077,1,30,6.5215
2077,1,31,4.1236
2077,2,1,5.3682
2077,2,2,7.6515
2077,2,3,7.645
2077,2,4,9.499
2077,2,5,7.1354
2077,2,6,6.066
2077,2,7,6.0589
2077,2,8,10.227
2077,2,9,9.7689
2077,2,10,5.8089
2077,2,11,9.2258
2077,2,12,7.2563
2077,2,13,6.5812
2077,2,14,5.2204
2077,2,15,4.4295
2077,2,16,5.1785
2077,2,17,4.622
2077,2,18,2.436
2077,2,19,1.4258
2077,2,20,0.51211
2077,2,21,5.3006
2077,2,22,4.9044
2077,2,23,5.0408
2077,2,24,4.1134
2077,2,25,6.3445
2077,2,26,2.9499
2077,2,27,9.4495
2077,2,28,8.0709
2077,3,1,5.8244
2077,3,2,6.6699
2077,3,3,8.3439
2077,3,4,6.5405
2077,3,5,4.5406
2077,3,6,4.4022
2077,3,7,5.2536
2077,3,8,9.7647
2077,3,9,8.2469
2077,3,10,4.9958
2077,3,11,3.1698
2077,3,12,5.5277
2077,3,13,8.6555
2077,3,14,7.7964
2077,3,15,6.5059
2077,3,16,4.5677
2077,3,17,7.6383
2077,3,18,4.3828
2077,3,19,4.7556
2077,3,20,9.7375
2077,3,21,7.387
2077,3,22,5.7935
2077,3,23,4.7518
2077,3,24,4.095
2077,3,25,5.7395
2077,3,26,9.6582
2077,3,27,8.4695
2077,3,28,8.2637
2077,3,29,7.86
2077,3,30,12.569
2077,3,31,12.938
2077,4,1,12.815
2077,4,2,9.9328
2077,4,3,14.016
2077,4,4,13.198
2077,4,5,12.458
2077,4,6,10.27
2077,4,7,10.297
2077,4,8,11.314
2077,4,9,11.773
2077,4,10,12.76
2077,4,11,10.548
2077,4,12,10.525
2077,4,13,10.907
2077,4,14,12.741
2077,4,15,11.688
2077,4,16,12.623
2077,4,17,9.8935
2077,4,18,9.7062
2077,4,19,10.363
2077,4,20,12.633
2077,4,21,10.32
2077,4,22,12.342
2077,4,23,10.645
2077,4,24,9.7489
2077,4,25,11.08
2077,4,26,12.817
2077,4,27,12.063
2077,4,28,14.909
2077,4,29,13.301
2077,4,30,10.046
2077,5,1,12.274
2077,5,2,14.852
2077,5,3,12.146
2077,5,4,11.418
2077,5,5,14.296
2077,5,6,13.053
2077,5,7,12.066
2077,5,8,12.678
2077,5,9,10.68
2077,5,10,8.9538
2077,5,11,10.335
2077,5,12,8.5104
2077,5,13,8.3603
2077,5,14,11.281
2077,5,15,10.082
2077,5,16,12.194
2077,5,17,13.241
2077,5,18,12.616
2077,5,19,14.002
2077,5,20,14.873
2077,5,21,15.279
2077,5,22,15.228
2077,5,23,14.339
2077,5,24,14.457
2077,5,25,12.803
2077,5,26,14.048
2077,5,27,14.197
2077,5,28,13.532
2077,5,29,16.091
2077,5,30,16.176
2077,5,31,14.228
2077,6,1,16.517
2077,6,2,15.8
2077,6,3,14.513
2077,6,4,12.191
2077,6,5,13.697
2077,6,6,15.608
2077,6,7,16.763
2077,6,8,16.671
2077,6,9,17.832
2077,6,10,16.63
2077,6,11,14.116
2077,6,12,14.038
2077,6,13,16.514
2077,6,14,15.656
2077,6,15,14.857
2077,6,16,18.024
2077,6,17,20.745
2077,6,18,19.918
2077,6,19,18.688
2077,6,20,19.247
2077,6,21,18.15
2077,6,22,19.081
2077,6,23,20.427
2077,6,24,18.313
2077,6,25,18.329
2077,6,26,18.718
2077,6,27,20.091
2077,6,28,20.303
2077,6,29,17.707
2077,6,30,18.589
2077,7,1,20.763
2077,7,2,17.563
2077,7,3,21.24
2077,7,4,20.121
2077,7,5,19.565
2077,7,6,22.413
2077,7,7,21.394
2077,7,8,21.276
2077,7,9,20.729
2077,7,10,21.142
2077,7,11,25.293
2077,7,12,21.857
2077,7,13,20.965
2077,7,14,21.292
2077,7,15,21.003
2077,7,16,22.238
2077,7,17,22.527
2077,7,18,20.288
2077,7,19,22.121
2077,7,20,19.465
2077,7,21,21.267
2077,7,22,20.143
2077,7,23,17.488
2077,7,24,16.993
2077,7,25,18.416
2077,7,26,20.859
2077,7,27,20.393
2077,7,28,22.404
2077,7,29,21.958
2077,7,30,22.642
2077,7,31,21.864
2077,8,1,23.696
2077,8,2,22.786
2077,8,3,19.953
2077,8,4,23.835
2077,8,5,21.94
2077,8,6,20.324
2077,8,7,22.454
2077,8,8,22.565
2077,8,9,23.735
2077,8,10,24.36
2077,8,11,24.549
2077,8,12,25.322
2077,8,13,24.001
2077,8,14,22.973
2077,8,15,21.426
2077,8,16,18.71
2077,8,17,18.215
2077,8,18,17.847
2077,8,19,17.373
2077,8,20,21.533
2077,8,21,18.589
2077,8,22,17.821
2077,8,23,19.806
2077,8,24,19.123
2077,8,25,19.074
2077,8,26,19.93
2077,8,27,18.135
2077,8,28,18.289
2077,8,29,17.691
2077,8,30,18.622
2077,8,31,21.606
2077,9,1,22.563
2077,9,2,21.734
2077,9,3,17.83
2077,9,4,14.327
2077,9,5,13.682
2077,9,6,12.367
2077,9,7,14.893
2077,9,8,15.572
2077,9,9,16.194
2077,9,10,15.955
2077,9,11,16.196
2077,9,12,17.024
2077,9,13,16.167
2077,9,14,14.325
2077,9,15,15.168
2077,9,16,14.86
2077,9,17,15.522
2077,9,18,15.97
2077,9,19,14.985
2077,9,20,13.318
2077,9,21,12.767
2077,9,22,11.921
2077,9,23,9.8642
2077,9,24,13.993
2077,9,25,11.569
2077,9,26,13.862
2077,9,27,15.665
2077,9,28,12.63
2077,9,29,13.001
2077,9,30,10.507
2077,10,1,12.251
2077,10,2,11.58
2077,10,3,15.113
2077,10,4,16.005
2077,10,5,15.094
2077,10,6,13.632
2077,10,7,20.027
2077,10,8,15.953
2077,10,9,9.8449
2077,10,10,6.9158
2077,10,11,8.231
2077,10,12,10.653
2077,10,13,17.356
2077,10,14,12.869
2077,10,15,10.141
2077,10,16,12.899
2077,10,17,14.435
2077,10,18,8.4612
2077,10,19,5.7596
2077,10,20,7.6929
2077,10,21,11.918
2077,10,22,10.108
2077,10,23,10.52
2077,10,24,9.7984
2077,10,25,9.8539
2077,10,26,9.595
2077,10,27,12.657
2077,10,28,8.8182
2077,10,29,6.8104
2077,10,30,5.775
2077,10,31,12.549
2077,11,1,10.373
2077,11,2,8.7302
2077,11,3,5.4924
2077,11,4,15.668
2077,11,5,11.847
2077,11,6,5.6724
2077,11,7,5.7041
2077,11,8,8.7429
2077,11,9,9.4462
2077,11,10,5.8649
2077,11,11,5.2408
2077,11,12,6.8226
2077,11,13,9.033
2077,11,14,4.5106
2077,11,15,5.5278
2077,11,16,7.2366
2077,11,17,6.1573
2077,11,18,4.0744
2077,11,19,2.8824
2077,11,20,8.6658
2077,11,21,7.0672
2077,11,22,3.6069
2077,11,23,5.375
2077,11,24,6.0211
2077,11,25,7.3327
2077,11,26,2.8993
2077,11,27,3.9478
2077,11,28,3.5915
2077,11,29,7.8719
2077,11,30,10.686
2077,12,1,7.6152
2077,12,2,12.124
2077,12,3,8.7475
2077,12,4,4.7603
2077,12,5,5.8311
2077,12,6,3.514
2077,12,7,1.0008
2077,12,8,4.6353
2077,12,9,6.7716
2077,12,10,4.8346
2077,12,11,3.0429
2077,12,12,3.0277
2077,12,13,4.3878
2077,12,14,2.9851
2077,12,15,2.6091
2077,12,16,7.306
2077,12,17,4.9005
2077,12,18,10.734
2077,12,19,12.48
2077,12,20,12.541
2077,12,21,7.1201
2077,12,22,7.2152
2077,12,23,7.4586
2077,12,24,6.3398
2077,12,25,5.0987
2077,12,26,8.7987
2077,12,27,8.4775
2077,12,28,7.8071
2077,12,29,11.589
2077,12,30,9.9715
2077,12,31,3.8785
2078,1,1,2.0324
2078,1,2,7.7864
2078,1,3,7.4056
2078,1,4,5.7923
2078,1,5,7.9255
2078,1,6,8.2401
2078,1,7,2.8469
2078,1,8,4.7468
2078,1,9,6.3443
2078,1,10,4.8098
2078,1,11,0.56719
2078,1,12,0.20854
2078,1,13,3.0643
2078,1,14,2.2031
2078,1,15,3.782
2078,1,16,5.6562
2078,1,17,9.4765
2078,1,18,5.201
2078,1,19,3.5999
2078,1,20,3.0167
2078,1,21,6.7982
2078,1,22,5.379
2078,1,23,5.0544
2078,1,24,3.1361
2078,1,25,4.5495
2078,1,26,6.4061
2078,1,27,7.7955
2078,1,28,6.6827
2078,1,29,6.0976
2078,1,30,9.2949
2078,1,31,6.0005
2078,2,1,7.9786
2078,2,2,4.6311
2078,2,3,3.7273
2078,2,4,1.3349
2078,2,5,2.795
2078,2,6,10.263
2078,2,7,10.923
2078,2,8,6.9345
2078,2,9,6.3483
2078,2,10,4.4233
2078,2,11,4.1401
2078,2,12,5.1829
2078,2,13,7.301
2078,2,14,9.4542
2078,2,15,8.9334
2078,2,16,7.1989
2078,2,17,7.6864
2078,2,18,5.4227
2078,2,19,5.7986
2078,2,20,4.3441
2078,2,21,2.2415
2078,2,22,2.5337
2078,2,23,0.67033
2078,2,24,0.45226
2078,2,25,0.86322
2078,2,26,1.621
2078,2,27,0.4298
2078,2,28,2.3622
2078,3,1,1.6477
2078,3,2,6.7472
2078,3,3,7.7485
2078,3,4,6.8209
2078,3,5,9.0095
2078,3,6,7.5469
2078,3,7,7.6061
2078,3,8,5.6004
2078,3,9,8.957
2078,3,10,5.947
2078,3,11,4.5073
2078,3,12,4.0988
2078,3,13,3.76
2078,3,14,5.2641
2078,3,15,4.4813
2078,3,16,7.0251
2078,3,17,5.2976
2078,3,18,4.8444
2078,3,19,7.7615
2078,3,20,4.9631
2078,3,21,4.8424
2078,3,22,8.0026
2078,3,23,7.8938
2078,3,24,9.493
2078,3,25,5.7753
2078,3,26,3.4377
2078,3,27,2.2927
2078,3,28,4.1454
2078,3,29,8.5454
2078,3,30,10.275
2078,3,31,9.8043
2078,4,1,10.134
2078,4,2,8.3575
2078,4,3,6.6616
2078,4,4,5.4125
2078,4,5,8.8053
2078,4,6,8.4179
2078,4,7,5.782
2078,4,8,3.3131
2078,4,9,6.2731
2078,4,10,6.3642
2078,4,11,5.9311
2078,4,12,7.6168
2078,4,13,8.5769
2078,4,14,8.1407
2078,4,15,6.8566
2078,4,16,8.4483
2078,4,17,10.799
2078,4,18,7.72
2078,4,19,8.2252
2078,4,20,9.3432
2078,4,21,10.255
2078,4,22,11.306
2078,4,23,11.509
2078,4,24,10.82
2078,4,25,11.543
2078,4,26,11.016
2078,4,27,10.547
2078,4,28,12.597
2078,4,29,12.936
2078,4,30,11.525
2078,5,1,9.0272
2078,5,2,7.4577
2078,5,3,7.9627
2078,5,4,11.004
2078,5,5,11.823
2078,5,6,12.851
2078,5,7,15.034
2078,5,8,13.631
2078,5,9,8.2073
2078,5,10,6.7123
2078,5,11,8.064
2078,5,12,12.249
2078,5,13,11.762
2078,5,14,11.778
2078,5,15,9.6767
2078,5,16,10.771
2078,5,17,11.652
2078,5,18,12.128
2078,5,19,11.833
2078,5,20,11.865
2078,5,21,11.075
2078,5,22,12.74
2078,5,23,15.1
2078,5,24,14.788
2078,5,25,13.071
2078,5,26,10.814
2078,5,27,8.1776
2078,5,28,13.452
2078,5,29,14.758
2078,5,30,15.674
2078,5,31,13.849
2078,6,1,14.717
2078,6,2,14.819
2078,6,3,13.034
2078,6,4,14.906
2078,6,5,17.489
2078,6,6,16.898
2078,6,7,16.54
2078,6,8,14.362
2078,6,9,17.074
2078,6,10,21.268
2078,6,11,16.871
2078,6,12,13.992
2078,6,13,13.559
2078,6,14,12.584
2078,6,15,11.641
2078,6,16,12.243
2078,6,17,13.54
2078,6,18,13.411
2078,6,19,15.415
2078,6,20,15.601
2078,6,21,17.566
2078,6,22,18.564
2078,6,23,17.697
2078,6,24,17.528
2078,6,25,18.595
2078,6,26,20.533
2078,6,27,16.308
2078,6,28,13.411
2078,6,29,15.101
2078,6,30,16.408
2078,7,1,16.494
2078,7,2,19.194
2078,7,3,19.531
2078,7,4,21.194
2078,7,5,20.521
2078,7,6,20.976
2078,7,7,19.176
2078,7,8,19.833
2078,7,9,18.942
2078,7,10,20.476
2078,7,11,19.527
2078,7,12,17.129
2078,7,13,15.102
2078,7,14,17.184
2078,7,15,18.946
2078,7,16,19.193
2078,7,17,19.286
2078,7,18,19.336
2078,7,19,21.063
2078,7,20,22.091
2078,7,21,20.994
2078,7,22,22.512
2078,7,23,22.352
2078,7,24,18.65
2078,7,25,20.952
2078,7,26,21.95
2078,7,27,22.208
2078,7,28,21.389
2078,7,29,22.372
2078,7,30,22.566
2078,7,31,19.29
2078,8,1,16.11
2078,8,2,15.047
2078,8,3,13.471
2078,8,4,14.805
2078,8,5,16.695
2078,8,6,17.243
2078,8,7,19.615
2078,8,8,18.246
2078,8,9,21.769
2078,8,10,22.357
2078,8,11,21.765
2078,8,12,21.446
2078,8,13,19.574
2078,8,14,20.163
2078,8,15,21.336
2078,8,16,24.574
2078,8,17,21.532
2078,8,18,20.121
2078,8,19,22.552
2078,8,20,20.4
2078,8,21,17.444
2078,8,22,20.704
2078,8,23,21.929
2078,8,24,23.842
2078,8,25,23.611
2078,8,26,21.309
2078,8,27,20.525
2078,8,28,18.121
2078,8,29,17.449
2078,8,30,16.512
2078,8,31,18.281
2078,9,1,19.894
2078,9,2,21.492
2078,9,3,18.204
2078,9,4,17.507
2078,9,5,15.256
2078,9,6,14.977
2078,9,7,12.279
2078,9,8,17.329
2078,9,9,15.892
2078,9,10,17.413
2078,9,11,19.301
2078,9,12,18.131
2078,9,13,16.396
2078,9,14,16.449
2078,9,15,16.766
2078,9,16,17.046
2078,9,17,18.663
2078,9,18,20.655
2078,9,19,18.403
2078,9,20,16.932
2078,9,21,17.784
2078,9,22,13.816
2078,9,23,14.687
2078,9,24,11.527
2078,9,25,10.08
2078,9,26,12.255
2078,9,27,14.517
2078,9,28,14.256
2078,9,29,12.792
2078,9,30,12.55
2078,10,1,10.799
2078,10,2,11.552
2078,10,3,13.391
2078,10,4,10.649
2078,10,5,12.347
2078,10,6,12.48
2078,10,7,10.149
2078,10,8,11.88
2078,10,9,10.63
2078,10,10,9.8805
2078,10,11,7.9211
2078,10,12,6.5685
2078,10,13,9.1056
2078,10,14,8.3937
2078,10,15,6.6559
2078,10,16,8.8815
2078,10,17,8.2357
2078,10,18,7.597
2078,10,19,5.1438
2078,10,20,5.8356
2078,10,21,8.1226
2078,10,22,6.4969
2078,10,23,5.0426
2078,10,24,9.6111
2078,10,25,8.7755
2078,10,26,11.89
2078,10,27,10.694
2078,10,28,13.59
2078,10,29,11.986
2078,10,30,8.2121
2078,10,31,6.8041
2078,11,1,9.9699
2078,11,2,8.9369
2078,11,3,9.2806
2078,11,4,6.1906
2078,11,5,6.5274
2078,11,6,9.4279
2078,11,7,12.176
2078,11,8,13.322
2078,11,9,12.321
2078,11,10,9.8902
2078,11,11,9.3255
2078,11,12,14.468
2078,11,13,14.155
2078,11,14,8.1173
2078,11,15,7.7929
2078,11,16,8.3602
2078,11,17,8.1669
2078,11,18,7.3631
2078,11,19,6.7999
2078,11,20,9.9107
2078,11,21,8.629
2078,11,22,7.1069
2078,11,23,10.212
2078,11,24,6.7661
2078,11,25,5.8692
2078,11,26,6.185
2078,11,27,8.9338
2078,11,28,8.8938
2078,11,29,6.5282
2078,11,30,3.0032
2078,12,1,10.91
2078,12,2,7.8262
2078,12,3,4.3267
2078,12,4,5.6383
2078,12,5,6.6283
2078,12,6,3.655
2078,12,7,3.0034
2078,12,8,2.4498
2078,12,9,2.0857
2078,12,10,2.1419
2078,12,11,1.474
2078,12,12,5.8694
2078,12,13,0.091669
2078,12,14,-0.11436
2078,12,15,-0.042802
2078,12,16,-0.45802
2078,12,17,-1.0988
2078,12,18,0.94481
2078,12,19,6.0329
2078,12,20,3.8976
2078,12,21,4.1369
2078,12,22,11.954
2078,12,23,10.133
2078,12,24,8.2042
2078,12,25,8.4029
2078,12,26,6.1558
2078,12,27,5.7656
2078,12,28,1.9542
2078,12,29,0.0078776
2078,12,30,-0.05153
2078,12,31,0.30641
2079,1,1,0.51066
2079,1,2,3.0861
2079,1,3,2.266
2079,1,4,1.9546
2079,1,5,6.158
2079,1,6,2.6653
2079,1,7,0.95945
2079,1,8,2.1866
2079,1,9,5.5367
2079,1,10,5.6464
2079,1,11,3.7771
2079,1,12,2.2447
2079,1,13,8.708
2079,1,14,11.21
2079,1,15,10.927
2079,1,16,8.7744
2079,1,17,4.5295
2079,1,18,2.5288
2079,1,19,4.0172
2079,1,20,3.2397
2079,1,21,5.4396
2079,1,22,5.7017
2079,1,23,5.9287
2079,1,24,6.8709
2079,1,25,1.343
2079,1,26,2.0733
2079,1,27,1.279
2079,1,28,5.2198
2079,1,29,1.6018
2079,1,30,0.21532
2079,1,31,0.82534
2079,2,1,7.6892
2079,2,2,4.9981
2079,2,3,0.92068
2079,2,4,0.58669
2079,2,5,6.5545
2079,2,6,5.7745
2079,2,7,5.1452
2079,2,8,4.6345
2079,2,9,2.3374
2079,2,10,2.1337
2079,2,11,8.3171
2079,2,12,7.0818
2079,2,13,5.3625
2079,2,14,5.8619
2079,2,15,2.6808
2079,2,16,3.0923
2079,2,17,1.1199
2079,2,18,2.0329
2079,2,19,1.7654
2079,2,20,1.5042
2079,2,21,0.20883
2079,2,22,-0.46989
2079,2,23,-0.28816
2079,2,24,3.4804
2079,2,25,8.511
2079,2,26,8.2129
2079,2,27,3.913
2079,2,28,0.56877
2079,3,1,2.0893
2079,3,2,2.7726
2079,3,3,1.6308
2079,3,4,4.7691
2079,3,5,7.8839
2079,3,6,5.0124
2079,3,7,4.4406
2079,3,8,3.2771
2079,3,9,6.7217
2079,3,10,3.7971
2079,3,11,2.5253
2079,3,12,3.045
2079,3,13,2.9828
2079,3,14,1.6488
2079,3,15,2.1886
2079,3,16,1.8214
2079,3,17,4.0308
2079,3,18,3.8624
2079,3,19,3.6545
2079,3,20,2.9223
2079,3,21,5.5116
2079,3,22,4.7191
2079,3,23,3.1155
2079,3,24,3.8004
2079,3,25,3.429
2079,3,26,5.3342
2079,3,27,5.3089
2079,3,28,3.7511
2079,3,29,6.2621
2079,3,30,6.8827
2079,3,31,5.2475
2079,4,1,5.674
2079,4,2,10.798
2079,4,3,11.525
2079,4,4,9.6889
2079,4,5,10.003
2079,4,6,9.3201
2079,4,7,7.9274
2079,4,8,7.9775
2079,4,9,9.7064
2079,4,10,9.4315
2079,4,11,6.1631
2079,4,12,6.2325
2079,4,13,5.3752
2079,4,14,7.2035
2079,4,15,6.7859
2079,4,16,10.022
2079,4,17,8.0344
2079,4,18,11.597
2079,4,19,9.2371
2079,4,20,11.967
2079,4,21,10.042
2079,4,22,9.7206
2079,4,23,10.501
2079,4,24,10.644
2079,4,25,11.089
2079,4,26,8.5614
2079,4,27,5.0728
2079,4,28,4.2214
2079,4,29,6.0645
2079,4,30,6.7747
2079,5,1,11.863
2079,5,2,12.746
2079,5,3,12.108
2079,5,4,14.761
2079,5,5,11.2
2079,5,6,10.129
2079,5,7,8.3463
2079,5,8,9.7648
2079,5,9,10.902
2079,5,10,14.263
2079,5,11,11.831
2079,5,12,10.864
2079,5,13,12.91
2079,5,14,10.784
2079,5,15,10.251
2079,5,16,11.013
2079,5,17,12.26
2079,5,18,12.5
2079,5,19,12.566
2079,5,20,13.358
2079,5,21,16.921
2079,5,22,17.128
2079,5,23,16.115
2079,5,24,14.83
2079,5,25,19.891
2079,5,26,21.145
2079,5,27,18.566
2079,5,28,18.439
2079,5,29,20.395
2079,5,30,20.804
2079,5,31,18.497
2079,6,1,20.288
2079,6,2,17.846
2079,6,3,18.387
2079,6,4,18.091
2079,6,5,16.256
2079,6,6,15.479
2079,6,7,13.068
2079,6,8,12.778
2079,6,9,14.241
2079,6,10,21.342
2079,6,11,19.246
2079,6,12,19.446
2079,6,13,17.955
2079,6,14,14.887
2079,6,15,15.053
2079,6,16,16.352
2079,6,17,20.75
2079,6,18,18.877
2079,6,19,18.104
2079,6,20,16.139
2079,6,21,14.825
2079,6,22,16.669
2079,6,23,18.672
2079,6,24,16.245
2079,6,25,18.41
2079,6,26,16.734
2079,6,27,16.337
2079,6,28,19.145
2079,6,29,20.882
2079,6,30,20.169
2079,7,1,16.251
2079,7,2,16.097
2079,7,3,13.83
2079,7,4,14.603
2079,7,5,18.417
2079,7,6,18.748
2079,7,7,19.262
2079,7,8,19.019
2079,7,9,20.833
2079,7,10,18.28
2079,7,11,19.517
2079,7,12,21.539
2079,7,13,22.538
2079,7,14,19.88
2079,7,15,23.566
2079,7,16,20.286
2079,7,17,19.067
2079,7,18,19.913
2079,7,19,22.897
2079,7,20,22.638
2079,7,21,21.591
2079,7,22,19.426
2079,7,23,21.764
2079,7,24,19.591
2079,7,25,16.255
2079,7,26,16.345
2079,7,27,18.09
2079,7,28,16.449
2079,7,29,19.587
2079,7,30,19.306
2079,7,31,16.812
2079,8,1,15.846
2079,8,2,19.171
2079,8,3,20.982
2079,8,4,21.908
2079,8,5,20.211
2079,8,6,19.224
2079,8,7,18.811
2079,8,8,19.16
2079,8,9,19.492
2079,8,10,17.73
2079,8,11,18.849
2079,8,12,18.9
2079,8,13,19.922
2079,8,14,21.404
2079,8,15,22.858
2079,8,16,22.353
2079,8,17,21.056
2079,8,18,23.398
2079,8,19,24.973
2079,8,20,23.584
2079,8,21,24.601
2079,8,22,22.582
2079,8,23,20.657
2079,8,24,20.641
2079,8,25,18.508
2079,8,26,19.389
2079,8,27,23.487
2079,8,28,22.941
2079,8,29,21.303
2079,8,30,20.963
2079,8,31,20.252
2079,9,1,22.852
2079,9,2,21.214
2079,9,3,21.246
2079,9,4,20.59
2079,9,5,20.159
2079,9,6,15.987
2079,9,7,16.461
2079,9,8,20.236
2079,9,9,19.168
2079,9,10,20.004
2079,9,11,20.124
2079,9,12,21.231
2079,9,13,20.542
2079,9,14,20.116
2079,9,15,23.429
2079,9,16,20.599
2079,9,17,18.567
2079,9,18,17.982
2079,9,19,17.814
2079,9,20,19.444
2079,9,21,18.331
2079,9,22,16.406
2079,9,23,20.315
2079,9,24,18.271
2079,9,25,17.836
2079,9,26,20.091
2079,9,27,17.254
2079,9,28,15.774
2079,9,29,16.108
2079,9,30,17.058
2079,10,1,17.421
2079,10,2,16.256
2079,10,3,18.893
2079,10,4,17.523
2079,10,5,19.838
2079,10,6,19.078
2079,10,7,21.365
2079,10,8,13.019
2079,10,9,11.174
2079,10,10,9.8258
2079,10,11,9.4829
2079,10,12,10.144
2079,10,13,10.556
2079,10,14,8.5242
2079,10,15,8.6924
2079,10,16,6.0266
2079,10,17,8.4383
2079,10,18,11.896
2079,10,19,12.645
2079,10,20,10.795
2079,10,21,12.611
2079,10,22,8.9365
2079,10,23,7.1052
2079,10,24,5.3992
2079,10,25,7.521
2079,10,26,6.6793
2079,10,27,17.574
2079,10,28,18.882
2079,10,29,16.934
2079,10,30,12.039
2079,10,31,10.108
2079,11,1,11.997
2079,11,2,15.906
2079,11,3,16.299
2079,11,4,14.909
2079,11,5,10.525
2079,11,6,9.919
2079,11,7,16.381
2079,11,8,12.038
2079,11,9,10.244
2079,11,10,13.631
2079,11,11,10.223
2079,11,12,6.7293
2079,11,13,3.5347
2079,11,14,1.6681
2079,11,15,4.3566
2079,11,16,11.788
2079,11,17,13.339
2079,11,18,10.605
2079,11,19,10.731
2079,11,20,14.579
2079,11,21,9.9167
2079,11,22,10.301
2079,11,23,13.973
2079,11,24,10.269
2079,11,25,7.2908
2079,11,26,4.88
2079,11,27,2.9799
2079,11,28,8.2939
2079,11,29,8.0161
2079,11,30,10.438
2079,12,1,12.395
2079,12,2,12.822
2079,12,3,8.685
2079,12,4,7.247
2079,12,5,7.3127
2079,12,6,5.2854
2079,12,7,3.7161
2079,12,8,4.1297
2079,12,9,5.5728
2079,12,10,7.8435
2079,12,11,8.0843
2079,12,12,7.4563
2079,12,13,6.1358
2079,12,14,4.8358
2079,12,15,6.2592
2079,12,16,9.5456
2079,12,17,6.2825
2079,12,18,4.3449
2079,12,19,3.7414
2079,12,20,6.4946
2079,12,21,7.0033
2079,12,22,8.2315
2079,12,23,5.9984
2079,12,24,3.2705
2079,12,25,4.3349
2079,12,26,4.7813
2079,12,27,3.9305
2079,12,28,3.5314
2079,12,29,4.4127
2079,12,30,4.5753
2079,12,31,2.4182
2080,1,1,0.13483
2080,1,2,1.8951
2080,1,3,0.6224
2080,1,4,-0.28571
2080,1,5,-0.88114
2080,1,6,0.64785
2080,1,7,5.24
2080,1,8,9.835
2080,1,9,11.697
2080,1,10,9.3442
2080,1,11,2.6327
2080,1,12,2.5581
2080,1,13,7.5793
2080,1,14,9.3054
2080,1,15,11.645
2080,1,16,7.1818
2080,1,17,7.683
2080,1,18,7.3779
2080,1,19,6.6174
2080,1,20,5.5655
2080,1,21,5.0374
2080,1,22,2.7558
2080,1,23,10.59
2080,1,24,9.3271
2080,1,25,7.2219
2080,1,26,4.3772
2080,1,27,4.6032
2080,1,28,2.3092
2080,1,29,-0.0034749
2080,1,30,0.64043
2080,1,31,-0.048468
2080,2,1,2.007
2080,2,2,1.5337
2080,2,3,-0.1629
2080,2,4,3.8454
2080,2,5,2.9645
2080,2,6,6.4914
2080,2,7,6.5951
2080,2,8,11.216
2080,2,9,9.573
2080,2,10,9.5762
2080,2,11,6.3843
2080,2,12,3.9813
2080,2,13,4.5706
2080,2,14,12.945
2080,2,15,13.274
2080,2,16,13.474
2080,2,17,12.665
2080,2,18,9.0322
2080,2,19,5.392
2080,2,20,3.5262
2080,2,21,3.3381
2080,2,22,4.5514
2080,2,23,5.6208
2080,2,24,2.4342
2080,2,25,1.6472
2080,2,26,1.5534
2080,2,27,2.3544
2080,2,28,5.5594
2080,2,29,6.8243
2080,3,1,7.1786
2080,3,2,4.8684
2080,3,3,3.8325
2080,3,4,6.0101
2080,3,5,5.9686
2080,3,6,6.0285
2080,3,7,3.8326
2080,3,8,9.7843
2080,3,9,7.5679
2080,3,10,7.3521
2080,3,11,6.7027
2080,3,12,6.0745
2080,3,13,3.2184
2080,3,14,6.2827
2080,3,15,5.923
2080,3,16,5.921
2080,3,17,6.2424
2080,3,18,9.9049
2080,3,19,10.009
2080,3,20,8.9666
2080,3,21,8.4199
2080,3,22,7.4992
2080,3,23,10.11
2080,3,24,8.0062
2080,3,25,6.2541
2080,3,26,10.035
2080,3,27,9.0186
2080,3,28,9.3132
2080,3,29,6.9038
2080,3,30,6.0091
2080,3,31,5.5263
2080,4,1,8.5576
2080,4,2,6.623
2080,4,3,4.1472
2080,4,4,3.5747
2080,4,5,7.5819
2080,4,6,6.5195
2080,4,7,5.209
2080,4,8,5.9517
2080,4,9,8.9555
2080,4,10,9.7144
2080,4,11,9.0425
2080,4,12,8.8265
2080,4,13,7.2621
2080,4,14,11.136
2080,4,15,8.4923
2080,4,16,6.334
2080,4,17,4.8999
2080,4,18,6.7232
2080,4,19,7.6482
2080,4,20,9.4064
2080,4,21,8.3687
2080,4,22,8.5684
2080,4,23,9.8779
2080,4,24,11.299
2080,4,25,9.8759
2080,4,26,10.843
2080,4,27,8.9806
2080,4,28,7.6599
2080,4,29,12.438
2080,4,30,11.835
2080,5,1,9.5279
2080,5,2,7.2604
2080,5,3,10.202
2080,5,4,14.76
2080,5,5,11.285
2080,5,6,8.5908
2080,5,7,8.4134
2080,5,8,8.9469
2080,5,9,12.945
2080,5,10,10.861
2080,5,11,9.7961
2080,5,12,9.3911
2080,5,13,9.5995
2080,5,14,10.723
2080,5,15,12.242
2080,5,16,10.117
2080,5,17,9.028
2080,5,18,9.0957
2080,5,19,10.538
2080,5,20,12.235
2080,5,21,13.442
2080,5,22,14.822
2080,5,23,14.732
2080,5,24,15.328
2080,5,25,13.985
2080,5,26,13.016
2080,5,27,12.358
2080,5,28,14.28
2080,5,29,16.726
2080,5,30,13.381
2080,5,31,12.007
2080,6,1,10.997
2080,6,2,10.163
2080,6,3,10.968
2080,6,4,13.09
2080,6,5,11.542
2080,6,6,13.332
2080,6,7,17.634
2080,6,8,15.708
2080,6,9,16.248
2080,6,10,15.663
2080,6,11,15.794
2080,6,12,14.755
2080,6,13,16.665
2080,6,14,17.327
2080,6,15,18.115
2080,6,16,17.138
2080,6,17,17.545
2080,6,18,18.835
2080,6,19,16.603
2080,6,20,16.827
2080,6,21,15.914
2080,6,22,13.939
2080,6,23,15.181
2080,6,24,20.422
2080,6,25,23.39
2080,6,26,23.834
2080,6,27,22.371
2080,6,28,22.921
2080,6,29,22.209
2080,6,30,20.721
2080,7,1,20.482
2080,7,2,17.863
2080,7,3,19.314
2080,7,4,19.895
2080,7,5,18.305
2080,7,6,22.252
2080,7,7,22.832
2080,7,8,22.325
2080,7,9,21.674
2080,7,10,22.952
2080,7,11,20.617
2080,7,12,24.062
2080,7,13,22.615
2080,7,14,23.128
2080,7,15,19.985
2080,7,16,20.754
2080,7,17,18.752
2080,7,18,18.128
2080,7,19,19.559
2080,7,20,20.221
2080,7,21,20.361
2080,7,22,18.746
2080,7,23,20.842
2080,7,24,21.308
2080,7,25,22.107
2080,7,26,22.506
2080,7,27,24.163
2080,7,28,24.09
2080,7,29,23.43
2080,7,30,21.715
2080,7,31,23.897
2080,8,1,24.082
2080,8,2,22.562
2080,8,3,22.328
2080,8,4,21.445
2080,8,5,20.017
2080,8,6,21.222
2080,8,7,21.653
2080,8,8,22.641
2080,8,9,24.083
2080,8,10,24.584
2080,8,11,28.163
2080,8,12,26.624
2080,8,13,22.551
2080,8,14,24.532
2080,8,15,22.999
2080,8,16,23.361
2080,8,17,23.084
2080,8,18,20.661
2080,8,19,22.299
2080,8,20,21.7
2080,8,21,21.842
2080,8,22,21.038
2080,8,23,18.457
2080,8,24,17.526
2080,8,25,19.617
2080,8,26,19.953
2080,8,27,18.216
2080,8,28,14.636
2080,8,29,20.882
2080,8,30,19.961
2080,8,31,17.36
2080,9,1,14.884
2080,9,2,14.81
2080,9,3,14.701
2080,9,4,16.048
2080,9,5,18.668
2080,9,6,18.722
2080,9,7,17.677
2080,9,8,19.211
2080,9,9,17.518
2080,9,10,14.357
2080,9,11,13.379
2080,9,12,15.903
2080,9,13,15.005
2080,9,14,12.707
2080,9,15,13.612
2080,9,16,21.153
2080,9,17,17.791
2080,9,18,14.335
2080,9,19,12.13
2080,9,20,10.537
2080,9,21,12.698
2080,9,22,11.415
2080,9,23,11.053
2080,9,24,11.019
2080,9,25,10.625
2080,9,26,11.709
2080,9,27,12.84
2080,9,28,13.312
2080,9,29,12.336
2080,9,30,15.986
2080,10,1,16.055
2080,10,2,14.545
2080,10,3,14.799
2080,10,4,14.413
2080,10,5,14.316
2080,10,6,14.98
2080,10,7,16.996
2080,10,8,16.67
2080,10,9,15.388
2080,10,10,14.895
2080,10,11,14.105
2080,10,12,11.814
2080,10,13,10.17
2080,10,14,6.542
2080,10,15,19.673
2080,10,16,15.476
2080,10,17,11.652
2080,10,18,10.028
2080,10,19,12.031
2080,10,20,15.086
2080,10,21,12.076
2080,10,22,9.2344
2080,10,23,8.4903
2080,10,24,15.642
2080,10,25,18.429
2080,10,26,19.37
2080,10,27,13.814
2080,10,28,10.012
2080,10,29,7.5559
2080,10,30,5.1209
2080,10,31,5.3191
2080,11,1,10.443
2080,11,2,9.6452
2080,11,3,8.7096
2080,11,4,11.868
2080,11,5,15.835
2080,11,6,10.471
2080,11,7,7.2439
2080,11,8,6.6657
2080,11,9,8.8331
2080,11,10,7.1658
2080,11,11,5.8396
2080,11,12,3.3234
2080,11,13,6.7442
2080,11,14,5.0507
2080,11,15,6.6323
2080,11,16,7.4416
2080,11,17,6.9986
2080,11,18,6.2136
2080,11,19,6.9234
2080,11,20,11.599
2080,11,21,9.884
2080,11,22,6.3375
2080,11,23,5.5853
2080,11,24,4.3992
2080,11,25,7.0167
2080,11,26,7.5451
2080,11,27,12.216
2080,11,28,12.915
2080,11,29,14.047
2080,11,30,14.721
2080,12,1,12.954
2080,12,2,12.94
2080,12,3,9.9844
2080,12,4,8.7595
2080,12,5,9.8546
2080,12,6,6.261
2080,12,7,5.4539
2080,12,8,7.4897
2080,12,9,9.6187
2080,12,10,9.7919
2080,12,11,8.491
2080,12,12,4.9028
2080,12,13,2.3693
2080,12,14,7.2736
2080,12,15,7.656
2080,12,16,4.2928
2080,12,17,1.4987
2080,12,18,2.5533
2080,12,19,2.2952
2080,12,20,4.8814
2080,12,21,9.6288
2080,12,22,7.2904
2080,12,23,9.5671
2080,12,24,8.3878
2080,12,25,6.8538
2080,12,26,5.5685
2080,12,27,3.0254
2080,12,28,-0.046281
2080,12,29,-0.92909
2080,12,30,1.6292
2080,12,31,1.5296
2081,1,1,0.17365
2081,1,2,0.021183
2081,1,3,-1.7129
2081,1,4,0.21262
2081,1,5,-0.69395
2081,1,6,2.4766
2081,1,7,4.5936
2081,1,8,12.176
2081,1,9,9.3373
2081,1,10,8.4685
2081,1,11,9.6054
2081,1,12,6.412
2081,1,13,2.795
2081,1,14,7.3286
2081,1,15,5.585
2081,1,16,5.0219
2081,1,17,4.3121
2081,1,18,2.3183
2081,1,19,1.643
2081,1,20,0.43852
2081,1,21,6.6843
2081,1,22,7.6533
2081,1,23,3.5631
2081,1,24,0.92062
2081,1,25,0.52236
2081,1,26,1.3275
2081,1,27,0.97956
2081,1,28,1.6906
2081,1,29,4.8649
2081,1,30,6.3116
2081,1,31,7.94
2081,2,1,5.8662
2081,2,2,3.2379
2081,2,3,3.5475
2081,2,4,1.7347
2081,2,5,0.17978
2081,2,6,-0.67102
2081,2,7,1.5965
2081,2,8,0.99827
2081,2,9,1.3391
2081,2,10,0.74333
2081,2,11,-0.2727
2081,2,12,-0.23383
2081,2,13,6.4738
2081,2,14,5.0517
2081,2,15,3.7195
2081,2,16,8.1103
2081,2,17,5.7943
2081,2,18,3.7375
2081,2,19,6.4769
2081,2,20,4.1383
2081,2,21,4.1015
2081,2,22,3.1687
2081,2,23,1.0249
2081,2,24,5.1484
2081,2,25,5.1938
2081,2,26,5.7518
2081,2,27,4.6707
2081,2,28,3.9501
2081,3,1,6.2417
2081,3,2,7.0324
2081,3,3,8.5255
2081,3,4,6.0228
2081,3,5,4.1912
2081,3,6,5.5071
2081,3,7,6.5613
2081,3,8,4.5812
2081,3,9,2.8758
2081,3,10,2.3795
2081,3,11,4.5368
2081,3,12,3.0396
2081,3,13,1.875
2081,3,14,5.9356
2081,3,15,3.5312
2081,3,16,7.1116
2081,3,17,6.9372
2081,3,18,6.7431
2081,3,19,4.8526
2081,3,20,8.9318
2081,3,21,6.7885
2081,3,22,7.9405
2081,3,23,7.5451
2081,3,24,5.4561
2081,3,25,5.1479
2081,3,26,5.2231
2081,3,27,5.9541
2081,3,28,6.9371
2081,3,29,6.3941
2081,3,30,9.6993
2081,3,31,12.17
2081,4,1,11.391
2081,4,2,10.951
2081,4,3,11.649
2081,4,4,10.524
2081,4,5,10.513
2081,4,6,15.301
2081,4,7,13.204
2081,4,8,12.7
2081,4,9,11.343
2081,4,10,12.79
2081,4,11,12.25
2081,4,12,9.0016
2081,4,13,7.7286
2081,4,14,7.5938
2081,4,15,5.5203
2081,4,16,8.5081
2081,4,17,8.4774
2081,4,18,12.182
2081,4,19,12.256
2081,4,20,11.13
2081,4,21,13.567
2081,4,22,14.902
2081,4,23,13.782
2081,4,24,11.149
2081,4,25,10.779
2081,4,26,11.446
2081,4,27,10.04
2081,4,28,8.148
2081,4,29,9.2394
2081,4,30,10.671
2081,5,1,9.639
2081,5,2,10.202
2081,5,3,7.6656
2081,5,4,6.128
2081,5,5,9.5608
2081,5,6,9.8012
2081,5,7,11.035
2081,5,8,13.816
2081,5,9,11.524
2081,5,10,9.3759
2081,5,11,9.1736
2081,5,12,10.437
2081,5,13,10.555
2081,5,14,13.169
2081,5,15,12.656
2081,5,16,8.9238
2081,5,17,7.0991
2081,5,18,8.295
2081,5,19,9.4931
2081,5,20,15.541
2081,5,21,12.893
2081,5,22,10.448
2081,5,23,12.668
2081,5,24,11.377
2081,5,25,10.605
2081,5,26,9.8171
2081,5,27,9.8789
2081,5,28,11.346
2081,5,29,11.153
2081,5,30,8.6199
2081,5,31,9.0178
2081,6,1,14.586
2081,6,2,15.257
2081,6,3,14.631
2081,6,4,16.485
2081,6,5,16.061
2081,6,6,14.764
2081,6,7,13.474
2081,6,8,13.556
2081,6,9,15.474
2081,6,10,14.927
2081,6,11,15.439
2081,6,12,16.821
2081,6,13,19.903
2081,6,14,18.952
2081,6,15,17.616
2081,6,16,18.815
2081,6,17,19.744
2081,6,18,18.072
2081,6,19,18.314
2081,6,20,16.284
2081,6,21,14.914
2081,6,22,12.461
2081,6,23,14.659
2081,6,24,17.842
2081,6,25,19.874
2081,6,26,19.183
2081,6,27,20.057
2081,6,28,22.668
2081,6,29,23.573
2081,6,30,21.308
2081,7,1,17.323
2081,7,2,15.603
2081,7,3,18.746
2081,7,4,16.532
2081,7,5,18.915
2081,7,6,19.738
2081,7,7,22.315
2081,7,8,18.839
2081,7,9,21.648
2081,7,10,21.456
2081,7,11,19.946
2081,7,12,19.232
2081,7,13,18.611
2081,7,14,18.191
2081,7,15,18.455
2081,7,16,20.726
2081,7,17,23.344
2081,7,18,22.524
2081,7,19,21.609
2081,7,20,21.904
2081,7,21,22.983
2081,7,22,25.731
2081,7,23,23.457
2081,7,24,23.779
2081,7,25,23.395
2081,7,26,25.458
2081,7,27,26.722
2081,7,28,26.111
2081,7,29,24.242
2081,7,30,22.784
2081,7,31,23.953
2081,8,1,20.128
2081,8,2,19.979
2081,8,3,21.945
2081,8,4,24.154
2081,8,5,23.485
2081,8,6,21.844
2081,8,7,21.72
2081,8,8,21.348
2081,8,9,19.147
2081,8,10,22.635
2081,8,11,21.137
2081,8,12,24.602
2081,8,13,25.474
2081,8,14,26.049
2081,8,15,24.462
2081,8,16,22.08
2081,8,17,22.593
2081,8,18,22.969
2081,8,19,21.995
2081,8,20,22.478
2081,8,21,23.028
2081,8,22,22.347
2081,8,23,20.656
2081,8,24,23.399
2081,8,25,20.707
2081,8,26,20.583
2081,8,27,19.298
2081,8,28,17.014
2081,8,29,16.121
2081,8,30,14.482
2081,8,31,12.759
2081,9,1,12.507
2081,9,2,15.135
2081,9,3,16.565
2081,9,4,14.434
2081,9,5,16.501
2081,9,6,17.649
2081,9,7,20.416
2081,9,8,18.361
2081,9,9,19.93
2081,9,10,21.19
2081,9,11,13.818
2081,9,12,11.155
2081,9,13,11.997
2081,9,14,17.73
2081,9,15,18.807
2081,9,16,21.477
2081,9,17,18.36
2081,9,18,16.822
2081,9,19,16.552
2081,9,20,17.724
2081,9,21,18.439
2081,9,22,17.026
2081,9,23,16.774
2081,9,24,20.084
2081,9,25,19.792
2081,9,26,14.012
2081,9,27,11.666
2081,9,28,11.347
2081,9,29,16.874
2081,9,30,13.17
2081,10,1,12.251
2081,10,2,13.328
2081,10,3,11.021
2081,10,4,9.5106
2081,10,5,9.3092
2081,10,6,13.378
2081,10,7,14.21
2081,10,8,11.894
2081,10,9,13.225
2081,10,10,15.203
2081,10,11,13.961
2081,10,12,13.711
2081,10,13,15.622
2081,10,14,10.564
2081,10,15,9.1847
2081,10,16,10.536
2081,10,17,7.1206
2081,10,18,8.2546
2081,10,19,6.5301
2081,10,20,7.9849
2081,10,21,8.4307
2081,10,22,8.9088
2081,10,23,8.3641
2081,10,24,6.7306
2081,10,25,7.1028
2081,10,26,5.3459
2081,10,27,7.9026
2081,10,28,10.335
2081,10,29,10.242
2081,10,30,8.8969
2081,10,31,7.3006
2081,11,1,5.4857
2081,11,2,6.3809
2081,11,3,10.529
2081,11,4,13.722
2081,11,5,8.5505
2081,11,6,7.9177
2081,11,7,10.437
2081,11,8,15.956
2081,11,9,16.057
2081,11,10,12.712
2081,11,11,9.0116
2081,11,12,12.797
2081,11,13,14.704
2081,11,14,8.1727
2081,11,15,7.894
2081,11,16,8.7785
2081,11,17,7.3072
2081,11,18,10.937
2081,11,19,11.617
2081,11,20,10.65
2081,11,21,10.108
2081,11,22,13.651
2081,11,23,14.507
2081,11,24,13.824
2081,11,25,13.106
2081,11,26,12.771
2081,11,27,11.407
2081,11,28,9.6677
2081,11,29,10.366
2081,11,30,12.267
2081,12,1,7.828
2081,12,2,9.1499
2081,12,3,7.1444
2081,12,4,6.1291
2081,12,5,3.7149
2081,12,6,4.5208
2081,12,7,7.6204
2081,12,8,7.5863
2081,12,9,7.9318
2081,12,10,8.7248
2081,12,11,5.6466
2081,12,12,7.2408
2081,12,13,9.985
2081,12,14,6.043
2081,12,15,5.4665
2081,12,16,10.343
2081,12,17,7.4316
2081,12,18,11.132
2081,12,19,8.4921
2081,12,20,8.5461
2081,12,21,12.044
2081,12,22,6.8523
2081,12,23,4.9503
2081,12,24,3.736
2081,12,25,8.4055
2081,12,26,7.7232
2081,12,27,10.53
2081,12,28,10.609
2081,12,29,10.745
2081,12,30,8.7556
2081,12,31,8.0138
2082,1,1,7.8671
2082,1,2,2.0435
2082,1,3,0.37277
2082,1,4,4.7321
2082,1,5,7.1679
2082,1,6,2.774
2082,1,7,2.1088
2082,1,8,4.2773
2082,1,9,3.3196
2082,1,10,5.3134
2082,1,11,4.9011
2082,1,12,5.2805
2082,1,13,3.5188
2082,1,14,8.1111
2082,1,15,7.5881
2082,1,16,8.552
2082,1,17,6.5074
2082,1,18,3.0225
2082,1,19,2.0112
2082,1,20,8.7732
2082,1,21,8.0402
2082,1,22,3.8725
2082,1,23,8.1742
2082,1,24,6.9643
2082,1,25,5.3888
2082,1,26,3.9403
2082,1,27,2.4523
2082,1,28,2.0941
2082,1,29,1.4202
2082,1,30,0.62158
2082,1,31,-0.20416
2082,2,1,0.46528
2082,2,2,4.184
2082,2,3,4.6138
2082,2,4,3.581
2082,2,5,7.2399
2082,2,6,5.7416
2082,2,7,3.6012
2082,2,8,8.0758
2082,2,9,5.0502
2082,2,10,3.5328
2082,2,11,4.4062
2082,2,12,7.3356
2082,2,13,5.304
2082,2,14,4.2203
2082,2,15,4.53
2082,2,16,2.8978
2082,2,17,2.1145
2082,2,18,3.9243
2082,2,19,3.2053
2082,2,20,2.3237
2082,2,21,1.1099
2082,2,22,3.3905
2082,2,23,3.1834
2082,2,24,4.2407
2082,2,25,9.5845
2082,2,26,6.5597
2082,2,27,4.1592
2082,2,28,2.8077
2082,3,1,3.6534
2082,3,2,4.7634
2082,3,3,6.3251
2082,3,4,6.3331
2082,3,5,5.4907
2082,3,6,7.7012
2082,3,7,3.6887
2082,3,8,3.6884
2082,3,9,5.1844
2082,3,10,3.5286
2082,3,11,6.3881
2082,3,12,5.3877
2082,3,13,2.7325
2082,3,14,11.682
2082,3,15,9.893
2082,3,16,7.4454
2082,3,17,5.8381
2082,3,18,6.2278
2082,3,19,6.6945
2082,3,20,3.9996
2082,3,21,6.0325
2082,3,22,6.6283
2082,3,23,5.1341
2082,3,24,2.8331
2082,3,25,7.6903
2082,3,26,9.24
2082,3,27,11.759
2082,3,28,11.121
2082,3,29,10.359
2082,3,30,11.69
2082,3,31,8.9404
2082,4,1,8.2625
2082,4,2,12.375
2082,4,3,10.592
2082,4,4,11.396
2082,4,5,8.9334
2082,4,6,8.889
2082,4,7,8.5947
2082,4,8,7.4939
2082,4,9,5.2435
2082,4,10,9.7526
2082,4,11,8.3256
2082,4,12,9.2075
2082,4,13,7.2586
2082,4,14,5.0145
2082,4,15,8.288
2082,4,16,7.1993
2082,4,17,7.7265
2082,4,18,10.552
2082,4,19,9.1743
2082,4,20,10.324
2082,4,21,7.2652
2082,4,22,9.0023
2082,4,23,8.6747
2082,4,24,7.0187
2082,4,25,9.6368
2082,4,26,12.161
2082,4,27,11.908
2082,4,28,9.8819
2082,4,29,8.7714
2082,4,30,10.886
2082,5,1,9.1794
2082,5,2,12.356
2082,5,3,10.99
2082,5,4,10.396
2082,5,5,11.822
2082,5,6,10.424
2082,5,7,11.961
2082,5,8,9.9937
2082,5,9,8.3473
2082,5,10,11.69
2082,5,11,12.651
2082,5,12,11.449
2082,5,13,9.5424
2082,5,14,10.131
2082,5,15,12.241
2082,5,16,11.987
2082,5,17,10.415
2082,5,18,10.517
2082,5,19,10.3
2082,5,20,10.771
2082,5,21,12.716
2082,5,22,10.979
2082,5,23,10.139
2082,5,24,11.717
2082,5,25,12.24
2082,5,26,11.46
2082,5,27,12.79
2082,5,28,13.35
2082,5,29,12.842
2082,5,30,14.577
2082,5,31,13.596
2082,6,1,12.266
2082,6,2,15.148
2082,6,3,15.245
2082,6,4,14.441
2082,6,5,16.434
2082,6,6,15.076
2082,6,7,17.002
2082,6,8,16.483
2082,6,9,15.726
2082,6,10,16.136
2082,6,11,15.46
2082,6,12,17.657
2082,6,13,17.326
2082,6,14,15.225
2082,6,15,15.13
2082,6,16,16.055
2082,6,17,16.631
2082,6,18,19.993
2082,6,19,18.962
2082,6,20,18.333
2082,6,21,15.889
2082,6,22,18.521
2082,6,23,18.654
2082,6,24,19.67
2082,6,25,19.647
2082,6,26,20.302
2082,6,27,23.503
2082,6,28,21.579
2082,6,29,23.184
2082,6,30,22.475
2082,7,1,20.747
2082,7,2,18.608
2082,7,3,18.307
2082,7,4,19.66
2082,7,5,19.884
2082,7,6,22.532
2082,7,7,22.011
2082,7,8,21.697
2082,7,9,21.04
2082,7,10,21.83
2082,7,11,22.998
2082,7,12,24.577
2082,7,13,23.488
2082,7,14,20.119
2082,7,15,21.467
2082,7,16,21.641
2082,7,17,22.964
2082,7,18,23.242
2082,7,19,29.278
2082,7,20,26.915
2082,7,21,26.897
2082,7,22,23.58
2082,7,23,23.223
2082,7,24,21.498
2082,7,25,24.838
2082,7,26,21.605
2082,7,27,23.383
2082,7,28,23.975
2082,7,29,21.506
2082,7,30,21.342
2082,7,31,21.684
2082,8,1,24.223
2082,8,2,24.037
2082,8,3,25.189
2082,8,4,23.399
2082,8,5,24.087
2082,8,6,23.119
2082,8,7,22.338
2082,8,8,22.708
2082,8,9,20.946
2082,8,10,22.23
2082,8,11,23.407
2082,8,12,21.708
2082,8,13,23.116
2082,8,14,22.672
2082,8,15,23.6
2082,8,16,23.029
2082,8,17,23.54
2082,8,18,23.929
2082,8,19,22.294
2082,8,20,27.242
2082,8,21,26.402
2082,8,22,25.833
2082,8,23,25.204
2082,8,24,24.102
2082,8,25,23.249
2082,8,26,21.388
2082,8,27,20.623
2082,8,28,19.089
2082,8,29,21.473
2082,8,30,21.103
2082,8,31,21.423
2082,9,1,22.901
2082,9,2,23.374
2082,9,3,22.238
2082,9,4,24.749
2082,9,5,20.318
2082,9,6,16.38
2082,9,7,17.955
2082,9,8,17.165
2082,9,9,20.742
2082,9,10,22.566
2082,9,11,19.896
2082,9,12,20.983
2082,9,13,21.398
2082,9,14,14.918
2082,9,15,12.175
2082,9,16,16.055
2082,9,17,19.675
2082,9,18,17.258
2082,9,19,16.87
2082,9,20,20.004
2082,9,21,18.436
2082,9,22,16.55
2082,9,23,14.126
2082,9,24,19.94
2082,9,25,14.606
2082,9,26,11.963
2082,9,27,10.998
2082,9,28,14.707
2082,9,29,14.245
2082,9,30,14.379
2082,10,1,10.092
2082,10,2,7.4489
2082,10,3,8.4419
2082,10,4,10.977
2082,10,5,11.565
2082,10,6,10.246
2082,10,7,14.959
2082,10,8,11.033
2082,10,9,13.829
2082,10,10,12.103
2082,10,11,12.781
2082,10,12,9.8773
2082,10,13,7.5782
2082,10,14,8.3841
2082,10,15,7.4955
2082,10,16,8.5402
2082,10,17,10.003
2082,10,18,10.502
2082,10,19,10.523
2082,10,20,13.553
2082,10,21,12.596
2082,10,22,11.107
2082,10,23,9.5252
2082,10,24,12.748
2082,10,25,9.8151
2082,10,26,11.065
2082,10,27,9.0252
2082,10,28,12.773
2082,10,29,10.935
2082,10,30,9.7729
2082,10,31,15.508
2082,11,1,18.64
2082,11,2,10.777
2082,11,3,7.8998
2082,11,4,6.8298
2082,11,5,3.367
2082,11,6,4.7545
2082,11,7,4.2903
2082,11,8,6.6824
2082,11,9,7.9154
2082,11,10,7.6039
2082,11,11,11.996
2082,11,12,14.404
2082,11,13,12.725
2082,11,14,6.5558
2082,11,15,7.0235
2082,11,16,5.1705
2082,11,17,8.4965
2082,11,18,10.171
2082,11,19,13.556
2082,11,20,10.169
2082,11,21,7.2337
2082,11,22,5.7918
2082,11,23,5.4943
2082,11,24,4.9914
2082,11,25,6.622
2082,11,26,2.5537
2082,11,27,8.6925
2082,11,28,9.5299
2082,11,29,10.917
2082,11,30,14.827
2082,12,1,14.984
2082,12,2,8.5225
2082,12,3,6.6827
2082,12,4,8.8501
2082,12,5,6.0661
2082,12,6,8.4523
2082,12,7,6.38
2082,12,8,4.115
2082,12,9,2.0461
2082,12,10,3.7245
2082,12,11,10.857
2082,12,12,10.396
2082,12,13,7.6789
2082,12,14,5.7844
2082,12,15,4.1443
2082,12,16,6.0103
2082,12,17,7.0204
2082,12,18,6.469
2082,12,19,5.4076
2082,12,20,3.7408
2082,12,21,1.0325
2082,12,22,2.6119
2082,12,23,2.5359
2082,12,24,4.2643
2082,12,25,8.9935
2082,12,26,4.5415
2082,12,27,1.6643
2082,12,28,-0.25899
2082,12,29,-0.12371
2082,12,30,0.69986
2082,12,31,-0.31967
2083,1,1,-0.8587
2083,1,2,4.9587
2083,1,3,1.1182
2083,1,4,-0.82029
2083,1,5,0.34198
2083,1,6,-1.53
2083,1,7,4.3875
2083,1,8,3.5701
2083,1,9,1.1342
2083,1,10,6.7725
2083,1,11,4.8379
2083,1,12,3.5008
2083,1,13,8.2541
2083,1,14,4.8083
2083,1,15,3.6131
2083,1,16,5.1404
2083,1,17,7.5799
2083,1,18,7.4341
2083,1,19,11.888
2083,1,20,12.916
2083,1,21,6.4893
2083,1,22,5.0675
2083,1,23,4.3165
2083,1,24,7.5415
2083,1,25,7.819
2083,1,26,7.3173
2083,1,27,5.0065
2083,1,28,3.8881
2083,1,29,10.447
2083,1,30,8.2633
2083,1,31,7.1404
2083,2,1,4.5797
2083,2,2,5.807
2083,2,3,5.7587
2083,2,4,12.24
2083,2,5,11.328
2083,2,6,8.128
2083,2,7,7.2381
2083,2,8,7.1464
2083,2,9,5.4874
2083,2,10,4.405
2083,2,11,2.904
2083,2,12,8.6995
2083,2,13,11.307
2083,2,14,12.209
2083,2,15,13.075
2083,2,16,8.1089
2083,2,17,6.3035
2083,2,18,7.2047
2083,2,19,6.6761
2083,2,20,3.8774
2083,2,21,5.8905
2083,2,22,9.6605
2083,2,23,10.063
2083,2,24,9.0947
2083,2,25,6.245
2083,2,26,10.13
2083,2,27,9.0969
2083,2,28,6.7259
2083,3,1,4.7254
2083,3,2,3.4542
2083,3,3,7.5006
2083,3,4,3.7767
2083,3,5,2.7711
2083,3,6,6.8537
2083,3,7,5.143
2083,3,8,4.7396
2083,3,9,4.9078
2083,3,10,2.9515
2083,3,11,3.8182
2083,3,12,6.1701
2083,3,13,4.4528
2083,3,14,2.0173
2083,3,15,6.6123
2083,3,16,4.0748
2083,3,17,3.3831
2083,3,18,5.5721
2083,3,19,2.6344
2083,3,20,1.6663
2083,3,21,2.3299
2083,3,22,1.7503
2083,3,23,2.979
2083,3,24,2.2312
2083,3,25,4.2695
2083,3,26,3.8227
2083,3,27,7.057
2083,3,28,6.0126
2083,3,29,7.5494
2083,3,30,7.8643
2083,3,31,7.2895
2083,4,1,7.1978
2083,4,2,7.2497
2083,4,3,4.9202
2083,4,4,6.377
2083,4,5,7.9802
2083,4,6,7.4015
2083,4,7,5.6861
2083,4,8,7.963
2083,4,9,9.2842
2083,4,10,6.6565
2083,4,11,4.6535
2083,4,12,3.7428
2083,4,13,7.0803
2083,4,14,6.3985
2083,4,15,5.9469
2083,4,16,7.0474
2083,4,17,6.3755
2083,4,18,7.9391
2083,4,19,11.667
2083,4,20,11.496
2083,4,21,9.8157
2083,4,22,8.4725
2083,4,23,7.7598
2083,4,24,12.059
2083,4,25,13.914
2083,4,26,13.101
2083,4,27,14.241
2083,4,28,14.06
2083,4,29,14.117
2083,4,30,11.648
2083,5,1,11.311
2083,5,2,9.6518
2083,5,3,8.9038
2083,5,4,11.493
2083,5,5,11.315
2083,5,6,14.141
2083,5,7,14.254
2083,5,8,12.974
2083,5,9,11.191
2083,5,10,8.8733
2083,5,11,13.484
2083,5,12,15.382
2083,5,13,15.17
2083,5,14,11.917
2083,5,15,9.5081
2083,5,16,11.752
2083,5,17,12.17
2083,5,18,13.999
2083,5,19,12.065
2083,5,20,10.598
2083,5,21,12.02
2083,5,22,14.719
2083,5,23,14.807
2083,5,24,15.661
2083,5,25,14.116
2083,5,26,12.542
2083,5,27,16.26
2083,5,28,14.17
2083,5,29,13.613
2083,5,30,12.836
2083,5,31,13.654
2083,6,1,11.697
2083,6,2,13.4
2083,6,3,16.034
2083,6,4,16.059
2083,6,5,13.592
2083,6,6,13.462
2083,6,7,17.996
2083,6,8,16.853
2083,6,9,14.87
2083,6,10,16.063
2083,6,11,14.464
2083,6,12,15.113
2083,6,13,14.532
2083,6,14,13.763
2083,6,15,14.647
2083,6,16,14.83
2083,6,17,16.013
2083,6,18,15.537
2083,6,19,14.174
2083,6,20,12.603
2083,6,21,12.581
2083,6,22,14.684
2083,6,23,13.808
2083,6,24,16.26
2083,6,25,17.846
2083,6,26,18.146
2083,6,27,16.447
2083,6,28,17.566
2083,6,29,19.736
2083,6,30,19.769
2083,7,1,19.239
2083,7,2,17.716
2083,7,3,16.94
2083,7,4,16.218
2083,7,5,15.677
2083,7,6,18.16
2083,7,7,21.397
2083,7,8,21.496
2083,7,9,21.49
2083,7,10,19.859
2083,7,11,18.467
2083,7,12,19.302
2083,7,13,19.355
2083,7,14,18.142
2083,7,15,16.803
2083,7,16,18.716
2083,7,17,22.38
2083,7,18,20.072
2083,7,19,20.941
2083,7,20,19.288
2083,7,21,22.472
2083,7,22,24.045
2083,7,23,24.51
2083,7,24,23.605
2083,7,25,22.074
2083,7,26,22.368
2083,7,27,21.664
2083,7,28,21.524
2083,7,29,22.122
2083,7,30,23.188
2083,7,31,28.228
2083,8,1,28.215
2083,8,2,25.954
2083,8,3,25.639
2083,8,4,24.878
2083,8,5,26.645
2083,8,6,26.579
2083,8,7,24.876
2083,8,8,24.633
2083,8,9,24.886
2083,8,10,22.38
2083,8,11,19.474
2083,8,12,18.385
2083,8,13,18.829
2083,8,14,19.7
2083,8,15,21.008
2083,8,16,21.516
2083,8,17,21.764
2083,8,18,19.981
2083,8,19,18.943
2083,8,20,16.233
2083,8,21,15.885
2083,8,22,19.022
2083,8,23,19.638
2083,8,24,19.601
2083,8,25,20.352
2083,8,26,20.945
2083,8,27,23.796
2083,8,28,22.078
2083,8,29,20.579
2083,8,30,20.032
2083,8,31,21.774
2083,9,1,21.694
2083,9,2,19.182
2083,9,3,16.809
2083,9,4,18.915
2083,9,5,16.649
2083,9,6,18.582
2083,9,7,19.36
2083,9,8,19.78
2083,9,9,18.717
2083,9,10,21.27
2083,9,11,22.936
2083,9,12,22
2083,9,13,18.727
2083,9,14,19.516
2083,9,15,18.68
2083,9,16,18.405
2083,9,17,19.355
2083,9,18,19.434
2083,9,19,17.369
2083,9,20,17.738
2083,9,21,17.442
2083,9,22,16.038
2083,9,23,15.502
2083,9,24,15.896
2083,9,25,21.416
2083,9,26,20.443
2083,9,27,17.618
2083,9,28,12.377
2083,9,29,11.039
2083,9,30,14.924
2083,10,1,16.273
2083,10,2,17.909
2083,10,3,15.113
2083,10,4,14.303
2083,10,5,20.202
2083,10,6,15.664
2083,10,7,11.352
2083,10,8,10.165
2083,10,9,12.901
2083,10,10,14.161
2083,10,11,16.179
2083,10,12,14.804
2083,10,13,12.853
2083,10,14,11.125
2083,10,15,12.24
2083,10,16,13.11
2083,10,17,15.056
2083,10,18,12.827
2083,10,19,11.329
2083,10,20,11.761
2083,10,21,15.554
2083,10,22,13.952
2083,10,23,17.613
2083,10,24,13.545
2083,10,25,11.503
2083,10,26,10.542
2083,10,27,12.524
2083,10,28,16.434
2083,10,29,15.17
2083,10,30,13.686
2083,10,31,16.062
2083,11,1,9.683
2083,11,2,9.0492
2083,11,3,7.9872
2083,11,4,8.8923
2083,11,5,8.4736
2083,11,6,14.479
2083,11,7,17.178
2083,11,8,16.703
2083,11,9,11.253
2083,11,10,8.7375
2083,11,11,9.1002
2083,11,12,7.2401
2083,11,13,7.1423
2083,11,14,9.15
2083,11,15,10.14
2083,11,16,9.464
2083,11,17,9.2009
2083,11,18,9.5063
2083,11,19,8.3113
2083,11,20,5.7193
2083,11,21,1.8648
2083,11,22,-0.070146
2083,11,23,2.224
2083,11,24,4.994
2083,11,25,7.0144
2083,11,26,5.8506
2083,11,27,5.2017
2083,11,28,5.7846
2083,11,29,6.9432
2083,11,30,3.7937
2083,12,1,2.5269
2083,12,2,4.0394
2083,12,3,2.6012
2083,12,4,1.7845
2083,12,5,1.1979
2083,12,6,3.789
2083,12,7,5.2902
2083,12,8,7.8571
2083,12,9,12.946
2083,12,10,7.2775
2083,12,11,6.7477
2083,12,12,10.945
2083,12,13,8.6058
2083,12,14,6.2298
2083,12,15,7.3406
2083,12,16,12.165
2083,12,17,13.952
2083,12,18,11.584
2083,12,19,11.51
2083,12,20,13.57
2083,12,21,9.795
2083,12,22,5.2016
2083,12,23,7.014
2083,12,24,1.9132
2083,12,25,1.3625
2083,12,26,0.86709
2083,12,27,2.6947
2083,12,28,2.9031
2083,12,29,4.7788
2083,12,30,3.7156
2083,12,31,2.2807
2084,1,1,3.4441
2084,1,2,1.0106
2084,1,3,0.20846
2084,1,4,1.1686
2084,1,5,0.17619
2084,1,6,11.433
2084,1,7,8.4158
2084,1,8,7.1165
2084,1,9,3.3603
2084,1,10,6.1983
2084,1,11,9.5202
2084,1,12,5.3568
2084,1,13,6.1777
2084,1,14,3.3681
2084,1,15,1.4118
2084,1,16,0.94176
2084,1,17,4.8893
2084,1,18,1.2883
2084,1,19,5.4056
2084,1,20,4.7396
2084,1,21,3.8539
2084,1,22,2.7532
2084,1,23,6.8169
2084,1,24,10.816
2084,1,25,10.48
2084,1,26,4.9975
2084,1,27,1.4094
2084,1,28,11.136
2084,1,29,4.879
2084,1,30,3.2613
2084,1,31,2.7948
2084,2,1,6.4228
2084,2,2,5.4229
2084,2,3,5.6108
2084,2,4,6.8805
2084,2,5,4.2732
2084,2,6,3.1474
2084,2,7,9.1542
2084,2,8,4.5044
2084,2,9,4.727
2084,2,10,2.5916
2084,2,11,0.76561
2084,2,12,11.351
2084,2,13,5.6341
2084,2,14,3.9829
2084,2,15,1.304
2084,2,16,2.9613
2084,2,17,1.9731
2084,2,18,1.6393
2084,2,19,2.4658
2084,2,20,1.4796
2084,2,21,1.4367
2084,2,22,1.9727
2084,2,23,4.3958
2084,2,24,5.1764
2084,2,25,3.9359
2084,2,26,3.1719
2084,2,27,1.0468
2084,2,28,1.8414
2084,2,29,-0.22381
2084,3,1,0.67933
2084,3,2,1.8642
2084,3,3,0.55764
2084,3,4,1.2836
2084,3,5,4.0324
2084,3,6,2.7127
2084,3,7,7.7316
2084,3,8,7.9596
2084,3,9,6.6656
2084,3,10,7.2892
2084,3,11,6.4714
2084,3,12,10.145
2084,3,13,10.597
2084,3,14,6.5114
2084,3,15,5.2799
2084,3,16,7.7917
2084,3,17,4.3343
2084,3,18,5.5734
2084,3,19,6.5207
2084,3,20,6.5357
2084,3,21,7.8318
2084,3,22,7.3863
2084,3,23,6.4333
2084,3,24,5.506
2084,3,25,9.4087
2084,3,26,8.3774
2084,3,27,7.3348
2084,3,28,4.8023
2084,3,29,7.7717
2084,3,30,6.2635
2084,3,31,4.1259
2084,4,1,6.1124
2084,4,2,4.0975
2084,4,3,5.3946
2084,4,4,7.2456
2084,4,5,5.358
2084,4,6,10.283
2084,4,7,10.05
2084,4,8,10.019
2084,4,9,9.9879
2084,4,10,8.1282
2084,4,11,5.6558
2084,4,12,8.1015
2084,4,13,5.8233
2084,4,14,7.5493
2084,4,15,9.5461
2084,4,16,8.7725
2084,4,17,8.714
2084,4,18,9.5687
2084,4,19,13.039
2084,4,20,12.986
2084,4,21,12.166
2084,4,22,11.754
2084,4,23,9.5598
2084,4,24,10.79
2084,4,25,13.851
2084,4,26,11.716
2084,4,27,10.234
2084,4,28,11.483
2084,4,29,10.965
2084,4,30,11.555
2084,5,1,12.572
2084,5,2,13.627
2084,5,3,15.135
2084,5,4,14.578
2084,5,5,14.038
2084,5,6,12.46
2084,5,7,11.936
2084,5,8,13.952
2084,5,9,15.837
2084,5,10,14.647
2084,5,11,13.956
2084,5,12,12.016
2084,5,13,12.485
2084,5,14,10.531
2084,5,15,12.056
2084,5,16,13.558
2084,5,17,14.587
2084,5,18,14.667
2084,5,19,15.128
2084,5,20,15.206
2084,5,21,14.144
2084,5,22,13.299
2084,5,23,13.469
2084,5,24,13.956
2084,5,25,14.343
2084,5,26,14.682
2084,5,27,12.854
2084,5,28,11.105
2084,5,29,12.016
2084,5,30,11.441
2084,5,31,14.42
2084,6,1,15.455
2084,6,2,14.987
2084,6,3,17.453
2084,6,4,15.98
2084,6,5,16.166
2084,6,6,16.064
2084,6,7,18.46
2084,6,8,16.828
2084,6,9,19.566
2084,6,10,19.258
2084,6,11,16.876
2084,6,12,14.467
2084,6,13,14.106
2084,6,14,13.977
2084,6,15,14.816
2084,6,16,16.472
2084,6,17,17.357
2084,6,18,19.495
2084,6,19,20.102
2084,6,20,19.317
2084,6,21,21.601
2084,6,22,20.394
2084,6,23,21.164
2084,6,24,21.857
2084,6,25,20.829
2084,6,26,19.602
2084,6,27,20.257
2084,6,28,20.906
2084,6,29,19.95
2084,6,30,21.545
2084,7,1,21.574
2084,7,2,21.983
2084,7,3,21.896
2084,7,4,20.363
2084,7,5,21.578
2084,7,6,22.808
2084,7,7,24.308
2084,7,8,23.722
2084,7,9,24.235
2084,7,10,27.554
2084,7,11,23.138
2084,7,12,23.959
2084,7,13,20.03
2084,7,14,17.673
2084,7,15,18.627
2084,7,16,16.635
2084,7,17,18.353
2084,7,18,18.671
2084,7,19,20.909
2084,7,20,23.079
2084,7,21,20.463
2084,7,22,20.547
2084,7,23,21.826
2084,7,24,20.988
2084,7,25,26.107
2084,7,26,26.543
2084,7,27,23.56
2084,7,28,23.269
2084,7,29,24.426
2084,7,30,24.877
2084,7,31,24.403
2084,8,1,21.408
2084,8,2,22.002
2084,8,3,24.318
2084,8,4,23.935
2084,8,5,24.441
2084,8,6,23.152
2084,8,7,20.456
2084,8,8,22.051
2084,8,9,23.682
2084,8,10,19.876
2084,8,11,19.583
2084,8,12,18.493
2084,8,13,20.039
2084,8,14,21.442
2084,8,15,23.186
2084,8,16,21.994
2084,8,17,22.507
2084,8,18,23.921
2084,8,19,25.17
2084,8,20,23.424
2084,8,21,23.001
2084,8,22,19.288
2084,8,23,20.122
2084,8,24,22.588
2084,8,25,18.473
2084,8,26,15.663
2084,8,27,19.534
2084,8,28,22.413
2084,8,29,21.356
2084,8,30,19.153
2084,8,31,16.371
2084,9,1,15.073
2084,9,2,17.637
2084,9,3,19.748
2084,9,4,20.597
2084,9,5,18.15
2084,9,6,19.806
2084,9,7,17.471
2084,9,8,14.918
2084,9,9,15.197
2084,9,10,16.415
2084,9,11,16.901
2084,9,12,15.432
2084,9,13,18.379
2084,9,14,18.541
2084,9,15,17.859
2084,9,16,19.708
2084,9,17,17.059
2084,9,18,18.351
2084,9,19,19.588
2084,9,20,18.554
2084,9,21,20.465
2084,9,22,18.787
2084,9,23,20.299
2084,9,24,24.133
2084,9,25,18.174
2084,9,26,15.536
2084,9,27,15.458
2084,9,28,16.257
2084,9,29,13.783
2084,9,30,13.028
2084,10,1,16.051
2084,10,2,16.095
2084,10,3,14.332
2084,10,4,12.586
2084,10,5,12.37
2084,10,6,16.959
2084,10,7,15.864
2084,10,8,17.007
2084,10,9,16.834
2084,10,10,17.695
2084,10,11,15.887
2084,10,12,14.381
2084,10,13,15.195
2084,10,14,13.043
2084,10,15,11.737
2084,10,16,10.992
2084,10,17,10.047
2084,10,18,9.8753
2084,10,19,8.8257
2084,10,20,7.0738
2084,10,21,5.4629
2084,10,22,3.535
2084,10,23,7.9643
2084,10,24,12.484
2084,10,25,9.3072
2084,10,26,6.1374
2084,10,27,7.7276
2084,10,28,7.1332
2084,10,29,5.6121
2084,10,30,10.308
2084,10,31,8.8163
2084,11,1,8.4141
2084,11,2,12.946
2084,11,3,9.7783
2084,11,4,9.1493
2084,11,5,9.0629
2084,11,6,6.9028
2084,11,7,6.002
2084,11,8,14.288
2084,11,9,11.682
2084,11,10,10.533
2084,11,11,9.0631
2084,11,12,8.9642
2084,11,13,7.5632
2084,11,14,6.5424
2084,11,15,7.1836
2084,11,16,8.0039
2084,11,17,10.587
2084,11,18,10.683
2084,11,19,10.688
2084,11,20,9.978
2084,11,21,10.671
2084,11,22,11.374
2084,11,23,11.189
2084,11,24,7.881
2084,11,25,4.1954
2084,11,26,8.0183
2084,11,27,8.6566
2084,11,28,7.895
2084,11,29,5.5224
2084,11,30,5.7794
2084,12,1,4.1031
2084,12,2,2.9763
2084,12,3,6.0677
2084,12,4,12.782
2084,12,5,15.365
2084,12,6,11.001
2084,12,7,11.276
2084,12,8,13.18
2084,12,9,10.946
2084,12,10,13.743
2084,12,11,8.2035
2084,12,12,7.3312
2084,12,13,7.5264
2084,12,14,4.5761
2084,12,15,4.6015
2084,12,16,4.7314
2084,12,17,9.2413
2084,12,18,5.9959
2084,12,19,4.7167
2084,12,20,4.9275
2084,12,21,3.8881
2084,12,22,4.3967
2084,12,23,4.1059
2084,12,24,4.9496
2084,12,25,4.9935
2084,12,26,4.6388
2084,12,27,3.9809
2084,12,28,2.6912
2084,12,29,2.4736
2084,12,30,4.794
2084,12,31,7.7592
2085,1,1,5.023
2085,1,2,6.5014
2085,1,3,5.5421
2085,1,4,4.4521
2085,1,5,2.4443
2085,1,6,1.6002
2085,1,7,5.6478
2085,1,8,10.045
2085,1,9,6.8263
2085,1,10,3.9494
2085,1,11,2.8136
2085,1,12,5.9765
2085,1,13,4.6912
2085,1,14,3.3714
2085,1,15,5.3493
2085,1,16,3.3948
2085,1,17,5.2168
2085,1,18,4.8411
2085,1,19,3.7649
2085,1,20,7.5277
2085,1,21,8.1091
2085,1,22,9.5782
2085,1,23,9.0138
2085,1,24,5.6273
2085,1,25,3.5556
2085,1,26,2.9105
2085,1,27,2.837
2085,1,28,5.1204
2085,1,29,7.9389
2085,1,30,8.5923
2085,1,31,8.324
2085,2,1,7.9117
2085,2,2,5.9816
2085,2,3,3.0654
2085,2,4,4.4736
2085,2,5,6.2173
2085,2,6,6.1878
2085,2,7,2.5751
2085,2,8,6.3682
2085,2,9,6.5748
2085,2,10,4.3718
2085,2,11,3.9061
2085,2,12,2.5635
2085,2,13,2.2052
2085,2,14,3.8424
2085,2,15,5.6112
2085,2,16,3.2911
2085,2,17,0.76738
2085,2,18,6.9497
2085,2,19,3.2712
2085,2,20,5.6508
2085,2,21,3.1637
2085,2,22,4.8094
2085,2,23,5.1176
2085,2,24,4.1796
2085,2,25,3.8477
2085,2,26,4.6354
2085,2,27,3.5698
2085,2,28,9.873
2085,3,1,5.318
2085,3,2,2.1495
2085,3,3,7.6595
2085,3,4,8.7962
2085,3,5,6.811
2085,3,6,11.577
2085,3,7,12.934
2085,3,8,9.0868
2085,3,9,7.1873
2085,3,10,4.0261
2085,3,11,10.373
2085,3,12,9.0948
2085,3,13,4.6499
2085,3,14,5.2168
2085,3,15,5.7924
2085,3,16,6.9153
2085,3,17,8.0108
2085,3,18,8.8639
2085,3,19,12.538
2085,3,20,8.1484
2085,3,21,6.4051
2085,3,22,6.5518
2085,3,23,11.407
2085,3,24,9.7705
2085,3,25,9.6202
2085,3,26,8.6105
2085,3,27,9.6785
2085,3,28,10.592
2085,3,29,9.8897
2085,3,30,7.3953
2085,3,31,7.9559
2085,4,1,7.2654
2085,4,2,12.349
2085,4,3,13.764
2085,4,4,12.701
2085,4,5,8.0267
2085,4,6,4.242
2085,4,7,6.4801
2085,4,8,8.4936
2085,4,9,8.6364
2085,4,10,6.4083
2085,4,11,5.2133
2085,4,12,10.787
2085,4,13,10.761
2085,4,14,12.72
2085,4,15,11.079
2085,4,16,9.2919
2085,4,17,10.201
2085,4,18,12.553
2085,4,19,11.644
2085,4,20,13.031
2085,4,21,9.1663
2085,4,22,10.94
2085,4,23,11.714
2085,4,24,10.871
2085,4,25,9.7428
2085,4,26,9.3343
2085,4,27,13.578
2085,4,28,10.969
2085,4,29,9.6048
2085,4,30,11.042
2085,5,1,14.04
2085,5,2,12.273
2085,5,3,9.2668
2085,5,4,7.7154
2085,5,5,10.473
2085,5,6,10.689
2085,5,7,12.474
2085,5,8,13.67
2085,5,9,12.413
2085,5,10,14.092
2085,5,11,13.777
2085,5,12,12.367
2085,5,13,13.819
2085,5,14,13.494
2085,5,15,15.91
2085,5,16,13.215
2085,5,17,11.783
2085,5,18,11.325
2085,5,19,11.389
2085,5,20,12.27
2085,5,21,13.286
2085,5,22,13.155
2085,5,23,13.251
2085,5,24,11.73
2085,5,25,13.954
2085,5,26,16.352
2085,5,27,19.434
2085,5,28,20.902
2085,5,29,19.77
2085,5,30,19.513
2085,5,31,19.666
2085,6,1,20.679
2085,6,2,20.127
2085,6,3,15.969
2085,6,4,14.569
2085,6,5,16.281
2085,6,6,17.433
2085,6,7,18.625
2085,6,8,19.392
2085,6,9,21.481
2085,6,10,26.855
2085,6,11,25.564
2085,6,12,18.482
2085,6,13,15.976
2085,6,14,16.009
2085,6,15,18.683
2085,6,16,18.379
2085,6,17,18.131
2085,6,18,16.8
2085,6,19,19.844
2085,6,20,18.466
2085,6,21,17.217
2085,6,22,18.94
2085,6,23,17.181
2085,6,24,17.592
2085,6,25,18.095
2085,6,26,18.511
2085,6,27,16.552
2085,6,28,16.749
2085,6,29,22.061
2085,6,30,21.761
2085,7,1,22.053
2085,7,2,20.111
2085,7,3,22.807
2085,7,4,18.723
2085,7,5,17.756
2085,7,6,15.261
2085,7,7,17.001
2085,7,8,18.453
2085,7,9,20.304
2085,7,10,18.678
2085,7,11,16.893
2085,7,12,16.881
2085,7,13,18.642
2085,7,14,20.18
2085,7,15,20.542
2085,7,16,20.355
2085,7,17,20.022
2085,7,18,21.157
2085,7,19,19.901
2085,7,20,22.355
2085,7,21,23.595
2085,7,22,21.514
2085,7,23,24.381
2085,7,24,24.705
2085,7,25,24.246
2085,7,26,22.697
2085,7,27,22.827
2085,7,28,22.173
2085,7,29,21.576
2085,7,30,22.369
2085,7,31,23.318
2085,8,1,22.621
2085,8,2,23.144
2085,8,3,24.055
2085,8,4,23.977
2085,8,5,22.772
2085,8,6,22.252
2085,8,7,23.872
2085,8,8,24.891
2085,8,9,25.634
2085,8,10,23.347
2085,8,11,22.673
2085,8,12,22.063
2085,8,13,22.046
2085,8,14,27.011
2085,8,15,26.46
2085,8,16,27.549
2085,8,17,24.968
2085,8,18,21.006
2085,8,19,20.495
2085,8,20,22.935
2085,8,21,23.236
2085,8,22,23.239
2085,8,23,24.203
2085,8,24,27.457
2085,8,25,26.793
2085,8,26,25.164
2085,8,27,24.624
2085,8,28,22.992
2085,8,29,25.22
2085,8,30,21.68
2085,8,31,21.068
2085,9,1,23.708
2085,9,2,21.345
2085,9,3,24.036
2085,9,4,24.766
2085,9,5,23.286
2085,9,6,24.074
2085,9,7,23.958
2085,9,8,22.755
2085,9,9,24.654
2085,9,10,24.547
2085,9,11,22.888
2085,9,12,21.685
2085,9,13,22.329
2085,9,14,22.272
2085,9,15,20.836
2085,9,16,22.613
2085,9,17,20.196
2085,9,18,17.651
2085,9,19,21.358
2085,9,20,21.099
2085,9,21,23.59
2085,9,22,21.319
2085,9,23,17.428
2085,9,24,14.516
2085,9,25,12.723
2085,9,26,12.322
2085,9,27,18.754
2085,9,28,20.211
2085,9,29,20.183
2085,9,30,16.55
2085,10,1,14.989
2085,10,2,14.947
2085,10,3,16.49
2085,10,4,16.673
2085,10,5,12.052
2085,10,6,10.959
2085,10,7,11.598
2085,10,8,10.496
2085,10,9,11.436
2085,10,10,9.6896
2085,10,11,9.2257
2085,10,12,9.9088
2085,10,13,12.036
2085,10,14,9.906
2085,10,15,11.428
2085,10,16,13.879
2085,10,17,15.406
2085,10,18,13.555
2085,10,19,13.018
2085,10,20,11.386
2085,10,21,15.884
2085,10,22,11.807
2085,10,23,14.802
2085,10,24,19.218
2085,10,25,17.824
2085,10,26,16.755
2085,10,27,15.323
2085,10,28,17.524
2085,10,29,16.476
2085,10,30,14.302
2085,10,31,13.594
2085,11,1,12.736
2085,11,2,11.599
2085,11,3,10.452
2085,11,4,7.6966
2085,11,5,7.604
2085,11,6,10.926
2085,11,7,12.686
2085,11,8,11.944
2085,11,9,9.4295
2085,11,10,9.4818
2085,11,11,8.8364
2085,11,12,7.536
2085,11,13,12.714
2085,11,14,14.715
2085,11,15,14.027
2085,11,16,10.252
2085,11,17,8.5508
2085,11,18,11.865
2085,11,19,15.978
2085,11,20,14.475
2085,11,21,8.0751
2085,11,22,7.8607
2085,11,23,9.7009
2085,11,24,9.3084
2085,11,25,14.26
2085,11,26,7.0857
2085,11,27,5.2046
2085,11,28,6.7959
2085,11,29,7.9652
2085,11,30,10.33
2085,12,1,14.901
2085,12,2,9.4633
2085,12,3,8.6488
2085,12,4,9.414
2085,12,5,6.5735
2085,12,6,7.5596
2085,12,7,7.5967
2085,12,8,7.1926
2085,12,9,12.034
2085,12,10,10.213
2085,12,11,8.8854
2085,12,12,9.426
2085,12,13,12.906
2085,12,14,10.909
2085,12,15,9.6578
2085,12,16,7.7017
2085,12,17,8.2181
2085,12,18,7.1087
2085,12,19,7.2801
2085,12,20,12.061
2085,12,21,14.026
2085,12,22,12.159
2085,12,23,12.806
2085,12,24,6.4134
2085,12,25,6.4344
2085,12,26,10.157
2085,12,27,10.399
2085,12,28,8.3025
2085,12,29,6.3359
2085,12,30,4.3073
2085,12,31,3.8895
2086,1,1,3.8527
2086,1,2,6.7142
2086,1,3,4.0222
2086,1,4,2.3482
2086,1,5,0.60031
2086,1,6,3.0563
2086,1,7,3.4412
2086,1,8,5.2975
2086,1,9,8.9256
2086,1,10,8.1786
2086,1,11,5.7308
2086,1,12,7.7362
2086,1,13,8.7353
2086,1,14,5.6627
2086,1,15,7.5913
2086,1,16,10.433
2086,1,17,9.7733
2086,1,18,3.9929
2086,1,19,3.3815
2086,1,20,10.902
2086,1,21,13.669
2086,1,22,13.87
2086,1,23,12.972
2086,1,24,11.594
2086,1,25,12.088
2086,1,26,14.148
2086,1,27,14.063
2086,1,28,9.4046
2086,1,29,9.9789
2086,1,30,6.6314
2086,1,31,4.8922
2086,2,1,4.1139
2086,2,2,3.8003
2086,2,3,3.2199
2086,2,4,2.8387
2086,2,5,5.6598
2086,2,6,2.9892
2086,2,7,3.7059
2086,2,8,3.6646
2086,2,9,5.6685
2086,2,10,5.9082
2086,2,11,6.8161
2086,2,12,3.6817
2086,2,13,11.201
2086,2,14,14.001
2086,2,15,9.0023
2086,2,16,7.6128
2086,2,17,8.089
2086,2,18,6.4967
2086,2,19,7.4962
2086,2,20,6.8787
2086,2,21,4.5209
2086,2,22,2.5848
2086,2,23,1.7131
2086,2,24,1.6353
2086,2,25,2.0953
2086,2,26,3.1563
2086,2,27,1.3781
2086,2,28,1.4051
2086,3,1,5.4425
2086,3,2,12.275
2086,3,3,7.2833
2086,3,4,4.9493
2086,3,5,3.9334
2086,3,6,4.7539
2086,3,7,4.1883
2086,3,8,7.105
2086,3,9,3.8535
2086,3,10,2.51
2086,3,11,2.2426
2086,3,12,3.0935
2086,3,13,2.3983
2086,3,14,6.3696
2086,3,15,7.6144
2086,3,16,10.234
2086,3,17,13.012
2086,3,18,9.9469
2086,3,19,5.6727
2086,3,20,4.1061
2086,3,21,5.7794
2086,3,22,8.9151
2086,3,23,6.4029
2086,3,24,9.0886
2086,3,25,11.217
2086,3,26,9.226
2086,3,27,8.5199
2086,3,28,7.9621
2086,3,29,12.12
2086,3,30,11.417
2086,3,31,9.3394
2086,4,1,7.1139
2086,4,2,7.5568
2086,4,3,7.3362
2086,4,4,11.169
2086,4,5,10.028
2086,4,6,10.526
2086,4,7,10.754
2086,4,8,12.722
2086,4,9,13.488
2086,4,10,11.315
2086,4,11,8.8978
2086,4,12,8.9271
2086,4,13,6.6373
2086,4,14,6.6516
2086,4,15,8.1709
2086,4,16,12.756
2086,4,17,9.4845
2086,4,18,7.7674
2086,4,19,8.5561
2086,4,20,8.8053
2086,4,21,9.8381
2086,4,22,14.335
2086,4,23,10.594
2086,4,24,8.6065
2086,4,25,10.194
2086,4,26,13.011
2086,4,27,13.822
2086,4,28,14.742
2086,4,29,14.028
2086,4,30,12.628
2086,5,1,11.923
2086,5,2,13.885
2086,5,3,10.211
2086,5,4,9.3778
2086,5,5,12.068
2086,5,6,12.057
2086,5,7,13.69
2086,5,8,14.008
2086,5,9,10.427
2086,5,10,8.2704
2086,5,11,9.1537
2086,5,12,9.1543
2086,5,13,11.611
2086,5,14,11.722
2086,5,15,12.196
2086,5,16,11.723
2086,5,17,10.879
2086,5,18,11.631
2086,5,19,11.606
2086,5,20,11.811
2086,5,21,9.2314
2086,5,22,12.254
2086,5,23,10.487
2086,5,24,9.5403
2086,5,25,12.917
2086,5,26,14.129
2086,5,27,11.633
2086,5,28,11.925
2086,5,29,13.214
2086,5,30,15.022
2086,5,31,14.357
2086,6,1,15.881
2086,6,2,15.31
2086,6,3,16.245
2086,6,4,17.318
2086,6,5,19.61
2086,6,6,18.047
2086,6,7,18.016
2086,6,8,16.183
2086,6,9,14.922
2086,6,10,16.754
2086,6,11,14.525
2086,6,12,16.442
2086,6,13,15.154
2086,6,14,16.264
2086,6,15,16.614
2086,6,16,18.572
2086,6,17,19.298
2086,6,18,17.98
2086,6,19,16.692
2086,6,20,15.232
2086,6,21,18.379
2086,6,22,17.908
2086,6,23,19.921
2086,6,24,20.781
2086,6,25,22.012
2086,6,26,19.58
2086,6,27,19.722
2086,6,28,23.905
2086,6,29,24.685
2086,6,30,24.233
2086,7,1,25.548
2086,7,2,25.354
2086,7,3,22.003
2086,7,4,21.736
2086,7,5,21.721
2086,7,6,22.588
2086,7,7,24.383
2086,7,8,22.586
2086,7,9,22.386
2086,7,10,23.066
2086,7,11,22.197
2086,7,12,22.404
2086,7,13,25.179
2086,7,14,26.462
2086,7,15,23.362
2086,7,16,21.336
2086,7,17,18.517
2086,7,18,19.357
2086,7,19,20.182
2086,7,20,17.939
2086,7,21,18.033
2086,7,22,18.482
2086,7,23,18.46
2086,7,24,18.8
2086,7,25,20.258
2086,7,26,22.06
2086,7,27,20.732
2086,7,28,22.452
2086,7,29,23.012
2086,7,30,25.292
2086,7,31,25.585
2086,8,1,24.251
2086,8,2,24.278
2086,8,3,25.825
2086,8,4,26.707
2086,8,5,25.759
2086,8,6,25.384
2086,8,7,21.522
2086,8,8,19.971
2086,8,9,21.047
2086,8,10,21.287
2086,8,11,21.461
2086,8,12,22.246
2086,8,13,23.759
2086,8,14,24.182
2086,8,15,25.422
2086,8,16,25.482
2086,8,17,26.867
2086,8,18,25.587
2086,8,19,24.569
2086,8,20,20.885
2086,8,21,18.353
2086,8,22,20.53
2086,8,23,21.209
2086,8,24,21.349
2086,8,25,22.498
2086,8,26,21.053
2086,8,27,17.656
2086,8,28,19.463
2086,8,29,18.018
2086,8,30,19.438
2086,8,31,19.575
2086,9,1,21.239
2086,9,2,25.792
2086,9,3,23.608
2086,9,4,21.968
2086,9,5,22.331
2086,9,6,21.982
2086,9,7,23.326
2086,9,8,20.267
2086,9,9,18.484
2086,9,10,15.926
2086,9,11,16.628
2086,9,12,20.16
2086,9,13,22.902
2086,9,14,22.131
2086,9,15,23.49
2086,9,16,24.35
2086,9,17,22.437
2086,9,18,22.776
2086,9,19,21.293
2086,9,20,18.639
2086,9,21,17.891
2086,9,22,19.625
2086,9,23,19.825
2086,9,24,20.631
2086,9,25,19.899
2086,9,26,15.432
2086,9,27,13.492
2086,9,28,10.697
2086,9,29,11.381
2086,9,30,14.248
2086,10,1,12.891
2086,10,2,13.393
2086,10,3,16.113
2086,10,4,17.27
2086,10,5,18.275
2086,10,6,16.651
2086,10,7,19.108
2086,10,8,19.58
2086,10,9,20.253
2086,10,10,20.753
2086,10,11,13.586
2086,10,12,10.546
2086,10,13,12.415
2086,10,14,13.179
2086,10,15,15.47
2086,10,16,15.438
2086,10,17,15.271
2086,10,18,13.125
2086,10,19,12.887
2086,10,20,11.894
2086,10,21,11.603
2086,10,22,12.723
2086,10,23,12.44
2086,10,24,12.144
2086,10,25,12.555
2086,10,26,12.816
2086,10,27,11.781
2086,10,28,11.602
2086,10,29,12.807
2086,10,30,13.541
2086,10,31,10.496
2086,11,1,9.9813
2086,11,2,8.5335
2086,11,3,9.0204
2086,11,4,14.46
2086,11,5,15.221
2086,11,6,12.437
2086,11,7,14.883
2086,11,8,19.539
2086,11,9,19.813
2086,11,10,19.23
2086,11,11,14.814
2086,11,12,11.124
2086,11,13,9.2188
2086,11,14,10.245
2086,11,15,7.8962
2086,11,16,7.2372
2086,11,17,7.4112
2086,11,18,8.2313
2086,11,19,9.2933
2086,11,20,11.265
2086,11,21,9.7145
2086,11,22,8.5407
2086,11,23,8.3184
2086,11,24,9.0787
2086,11,25,12.566
2086,11,26,14.624
2086,11,27,6.6712
2086,11,28,3.0341
2086,11,29,3.0363
2086,11,30,5.5852
2086,12,1,6.1758
2086,12,2,2.3849
2086,12,3,2.6982
2086,12,4,8.0489
2086,12,5,8.3094
2086,12,6,7.434
2086,12,7,5.6138
2086,12,8,3.1928
2086,12,9,2.0467
2086,12,10,7.9398
2086,12,11,6.818
2086,12,12,5.7324
2086,12,13,4.1299
2086,12,14,3.3197
2086,12,15,3.8814
2086,12,16,4.4176
2086,12,17,3.9153
2086,12,18,5.2176
2086,12,19,6.3946
2086,12,20,6.5177
2086,12,21,3.4429
2086,12,22,2.9591
2086,12,23,1.0781
2086,12,24,5.6101
2086,12,25,5.1592
2086,12,26,11.324
2086,12,27,10.475
2086,12,28,5.8729
2086,12,29,3.5807
2086,12,30,2.8183
2086,12,31,0.23449
2087,1,1,-0.30548
2087,1,2,0.16313
2087,1,3,-0.52227
2087,1,4,-0.90085
2087,1,5,-1.4666
2087,1,6,4.2619
2087,1,7,12.378
2087,1,8,10.02
2087,1,9,7.5819
2087,1,10,7.4572
2087,1,11,3.4509
2087,1,12,2.9032
2087,1,13,1.6853
2087,1,14,6.8994
2087,1,15,1.8688
2087,1,16,0.26604
2087,1,17,0.40258
2087,1,18,1.6157
2087,1,19,2.0377
2087,1,20,1.3387
2087,1,21,4.3034
2087,1,22,4.0375
2087,1,23,6.8509
2087,1,24,12.179
2087,1,25,13.325
2087,1,26,9.5568
2087,1,27,9.2625
2087,1,28,11.342
2087,1,29,6.7172
2087,1,30,6.237
2087,1,31,9.4318
2087,2,1,9.3595
2087,2,2,6.6325
2087,2,3,4.8212
2087,2,4,4.5328
2087,2,5,4.2771
2087,2,6,2.5174
2087,2,7,6.8263
2087,2,8,5.7252
2087,2,9,4.4629
2087,2,10,2.1417
2087,2,11,4.7189
2087,2,12,7.7905
2087,2,13,5.0665
2087,2,14,2.0976
2087,2,15,6.4211
2087,2,16,3.9671
2087,2,17,2.1087
2087,2,18,5.4754
2087,2,19,8.2859
2087,2,20,8.4244
2087,2,21,8.0162
2087,2,22,8.672
2087,2,23,7.1025
2087,2,24,9.0239
2087,2,25,5.8246
2087,2,26,4.724
2087,2,27,6.1517
2087,2,28,7.8183
2087,3,1,7.1841
2087,3,2,10.359
2087,3,3,8.1282
2087,3,4,5.207
2087,3,5,7.0139
2087,3,6,10.317
2087,3,7,6.9636
2087,3,8,8.8384
2087,3,9,8.0197
2087,3,10,5.0334
2087,3,11,3.0937
2087,3,12,9.1035
2087,3,13,8.9696
2087,3,14,8.9652
2087,3,15,7.8423
2087,3,16,8.0187
2087,3,17,8.6016
2087,3,18,8.3097
2087,3,19,6.722
2087,3,20,9.0117
2087,3,21,8.0127
2087,3,22,6.5097
2087,3,23,6.7131
2087,3,24,7.6656
2087,3,25,4.1262
2087,3,26,4.3207
2087,3,27,6.4981
2087,3,28,6.801
2087,3,29,10.125
2087,3,30,9.3928
2087,3,31,9.7891
2087,4,1,11.062
2087,4,2,12.175
2087,4,3,11.299
2087,4,4,7.4035
2087,4,5,6.5083
2087,4,6,8.3308
2087,4,7,10.179
2087,4,8,9.4374
2087,4,9,11.81
2087,4,10,11.095
2087,4,11,13.793
2087,4,12,10.731
2087,4,13,7.5411
2087,4,14,6.2532
2087,4,15,10.153
2087,4,16,8.1285
2087,4,17,5.9629
2087,4,18,7.0007
2087,4,19,6.1901
2087,4,20,8.1199
2087,4,21,8.816
2087,4,22,11.79
2087,4,23,9.2244
2087,4,24,6.3994
2087,4,25,10.22
2087,4,26,12.144
2087,4,27,12.065
2087,4,28,10.377
2087,4,29,12.398
2087,4,30,12.03
2087,5,1,9.735
2087,5,2,7.7671
2087,5,3,10.816
2087,5,4,11.19
2087,5,5,11.446
2087,5,6,14.368
2087,5,7,13.052
2087,5,8,10.152
2087,5,9,12.682
2087,5,10,10.149
2087,5,11,7.9045
2087,5,12,10.667
2087,5,13,10.835
2087,5,14,9.1892
2087,5,15,10.021
2087,5,16,12.134
2087,5,17,11.257
2087,5,18,14.473
2087,5,19,14.62
2087,5,20,14.931
2087,5,21,15.136
2087,5,22,15.1
2087,5,23,15.58
2087,5,24,16.404
2087,5,25,17.942
2087,5,26,17.748
2087,5,27,17.935
2087,5,28,17.147
2087,5,29,17.792
2087,5,30,14.509
2087,5,31,11.326
2087,6,1,9.0194
2087,6,2,14.806
2087,6,3,14.208
2087,6,4,14.509
2087,6,5,11.471
2087,6,6,9.3795
2087,6,7,11.436
2087,6,8,13.421
2087,6,9,13.95
2087,6,10,13.398
2087,6,11,16.118
2087,6,12,14.443
2087,6,13,17.451
2087,6,14,18.023
2087,6,15,19.082
2087,6,16,16.189
2087,6,17,14.31
2087,6,18,13.946
2087,6,19,14.36
2087,6,20,13.974
2087,6,21,16.197
2087,6,22,16.954
2087,6,23,19.058
2087,6,24,18.373
2087,6,25,19.73
2087,6,26,21.104
2087,6,27,21.174
2087,6,28,21.064
2087,6,29,20.828
2087,6,30,24.164
2087,7,1,25.465
2087,7,2,24.268
2087,7,3,23.209
2087,7,4,20.158
2087,7,5,18.677
2087,7,6,20.975
2087,7,7,22.908
2087,7,8,19.611
2087,7,9,21.907
2087,7,10,22.525
2087,7,11,18.961
2087,7,12,16.037
2087,7,13,19.089
2087,7,14,20.133
2087,7,15,22.948
2087,7,16,24.222
2087,7,17,21.824
2087,7,18,23.344
2087,7,19,23.61
2087,7,20,20.648
2087,7,21,17.726
2087,7,22,19.02
2087,7,23,21.534
2087,7,24,21.244
2087,7,25,20.81
2087,7,26,24.282
2087,7,27,26.438
2087,7,28,26.68
2087,7,29,23.18
2087,7,30,20.359
2087,7,31,18.183
2087,8,1,19.972
2087,8,2,20.214
2087,8,3,19.751
2087,8,4,21.297
2087,8,5,16.918
2087,8,6,15.219
2087,8,7,16.856
2087,8,8,18.959
2087,8,9,16.731
2087,8,10,15.881
2087,8,11,15.932
2087,8,12,17.687
2087,8,13,21.042
2087,8,14,23.527
2087,8,15,21.041
2087,8,16,21.571
2087,8,17,21.473
2087,8,18,21.166
2087,8,19,20.285
2087,8,20,19.327
2087,8,21,18.58
2087,8,22,18.577
2087,8,23,20.415
2087,8,24,21.024
2087,8,25,19.437
2087,8,26,21.63
2087,8,27,24.344
2087,8,28,22.511
2087,8,29,20.711
2087,8,30,22.821
2087,8,31,23.079
2087,9,1,23.668
2087,9,2,22.279
2087,9,3,20.192
2087,9,4,21.715
2087,9,5,21.578
2087,9,6,18.775
2087,9,7,19.479
2087,9,8,21.979
2087,9,9,18.627
2087,9,10,21.235
2087,9,11,20.528
2087,9,12,19.041
2087,9,13,22.544
2087,9,14,20.801
2087,9,15,20.534
2087,9,16,21.684
2087,9,17,20.565
2087,9,18,19.713
2087,9,19,19.456
2087,9,20,18.897
2087,9,21,20.049
2087,9,22,20.216
2087,9,23,19.421
2087,9,24,17.449
2087,9,25,17.586
2087,9,26,18.566
2087,9,27,15.09
2087,9,28,13.485
2087,9,29,14.914
2087,9,30,14.866
2087,10,1,14.799
2087,10,2,15.398
2087,10,3,16.295
2087,10,4,15.508
2087,10,5,14.304
2087,10,6,16.014
2087,10,7,15.515
2087,10,8,14.827
2087,10,9,10.091
2087,10,10,8.421
2087,10,11,8.6989
2087,10,12,10.427
2087,10,13,8.2819
2087,10,14,7.1082
2087,10,15,8.0624
2087,10,16,9.2996
2087,10,17,10.827
2087,10,18,13.397
2087,10,19,13.129
2087,10,20,13.082
2087,10,21,15.39
2087,10,22,13.995
2087,10,23,12.759
2087,10,24,13.486
2087,10,25,13.854
2087,10,26,13.453
2087,10,27,13.174
2087,10,28,13.373
2087,10,29,10.526
2087,10,30,10.247
2087,10,31,10.007
2087,11,1,11.164
2087,11,2,10.418
2087,11,3,5.7151
2087,11,4,3.7414
2087,11,5,2.2736
2087,11,6,1.0052
2087,11,7,0.91278
2087,11,8,1.3965
2087,11,9,3.3686
2087,11,10,8.1361
2087,11,11,11.717
2087,11,12,12.498
2087,11,13,11.94
2087,11,14,8.5319
2087,11,15,10.302
2087,11,16,7.8241
2087,11,17,2.0467
2087,11,18,0.18122
2087,11,19,3.1821
2087,11,20,5.5293
2087,11,21,6.8132
2087,11,22,5.2363
2087,11,23,7.9012
2087,11,24,8.8218
2087,11,25,6.3259
2087,11,26,6.9265
2087,11,27,7.447
2087,11,28,7.3101
2087,11,29,5.3077
2087,11,30,4.19
2087,12,1,5.6726
2087,12,2,7.7217
2087,12,3,6.1033
2087,12,4,6.961
2087,12,5,7.3486
2087,12,6,4.7255
2087,12,7,12.869
2087,12,8,13.594
2087,12,9,8.4593
2087,12,10,6.0558
2087,12,11,5.1252
2087,12,12,1.9017
2087,12,13,4.5765
2087,12,14,7.7418
2087,12,15,7.2972
2087,12,16,6.1438
2087,12,17,5.7481
2087,12,18,2.8044
2087,12,19,2.1913
2087,12,20,5.434
2087,12,21,11.089
2087,12,22,7.4494
2087,12,23,8.5301
2087,12,24,4.6826
2087,12,25,7.8893
2087,12,26,7.92
2087,12,27,6.0484
2087,12,28,4.7586
2087,12,29,7.1127
2087,12,30,5.0545
2087,12,31,9.3815
2088,1,1,4.3201
2088,1,2,1.8353
2088,1,3,0.0063924
2088,1,4,0.97579
2088,1,5,1.3685
2088,1,6,2.2414
2088,1,7,0.87174
2088,1,8,0.87732
2088,1,9,2.6351
2088,1,10,0.92351
2088,1,11,0.043105
2088,1,12,1.5892
2088,1,13,4.1223
2088,1,14,4.5158
2088,1,15,7.5071
2088,1,16,9.421
2088,1,17,10.531
2088,1,18,10.31
2088,1,19,11.044
2088,1,20,7.2771
2088,1,21,5.782
2088,1,22,5.5261
2088,1,23,4.1073
2088,1,24,3.5542
2088,1,25,6.475
2088,1,26,7.4708
2088,1,27,8.5253
2088,1,28,8.6139
2088,1,29,7.1927
2088,1,30,5.1202
2088,1,31,5.8763
2088,2,1,5.9418
2088,2,2,2.0888
2088,2,3,3.0285
2088,2,4,0.76514
2088,2,5,6.4427
2088,2,6,7.1764
2088,2,7,3.5955
2088,2,8,1.0433
2088,2,9,1.5419
2088,2,10,1.3416
2088,2,11,3.1145
2088,2,12,5.5089
2088,2,13,5.9689
2088,2,14,4.8147
2088,2,15,4.837
2088,2,16,2.6765
2088,2,17,5.9183
2088,2,18,11.408
2088,2,19,12.133
2088,2,20,11.639
2088,2,21,9.2159
2088,2,22,6.7046
2088,2,23,11.609
2088,2,24,8.2452
2088,2,25,6.6866
2088,2,26,5.9148
2088,2,27,4.7554
2088,2,28,6.8735
2088,2,29,9.0544
2088,3,1,7.5919
2088,3,2,7.0167
2088,3,3,5.813
2088,3,4,6.6102
2088,3,5,9.2239
2088,3,6,10.579
2088,3,7,11.421
2088,3,8,11.041
2088,3,9,10.391
2088,3,10,8.2757
2088,3,11,7.4559
2088,3,12,7.1
2088,3,13,8.0715
2088,3,14,9.0147
2088,3,15,9.8328
2088,3,16,8.9164
2088,3,17,7.2887
2088,3,18,6.1302
2088,3,19,5.5418
2088,3,20,5.1093
2088,3,21,3.8443
2088,3,22,10.802
2088,3,23,7.7722
2088,3,24,11.606
2088,3,25,11.893
2088,3,26,11.237
2088,3,27,10.413
2088,3,28,11.504
2088,3,29,11.462
2088,3,30,11.172
2088,3,31,10.302
2088,4,1,8.7247
2088,4,2,7.7473
2088,4,3,12.81
2088,4,4,13.716
2088,4,5,9.321
2088,4,6,7.6856
2088,4,7,7.5539
2088,4,8,3.3755
2088,4,9,3.9583
2088,4,10,6.1062
2088,4,11,5.3933
2088,4,12,10.783
2088,4,13,10.817
2088,4,14,10.314
2088,4,15,12.003
2088,4,16,10.749
2088,4,17,8.3178
2088,4,18,6.4987
2088,4,19,11.946
2088,4,20,11.193
2088,4,21,8.5297
2088,4,22,10.117
2088,4,23,11.973
2088,4,24,11.768
2088,4,25,9.9535
2088,4,26,9.2991
2088,4,27,7.4423
2088,4,28,6.0516
2088,4,29,11.044
2088,4,30,10.204
2088,5,1,9.8376
2088,5,2,8.5264
2088,5,3,6.5614
2088,5,4,10.882
2088,5,5,10.751
2088,5,6,9.9096
2088,5,7,11.885
2088,5,8,11.817
2088,5,9,11.222
2088,5,10,11.881
2088,5,11,12.36
2088,5,12,12.45
2088,5,13,12.926
2088,5,14,13.425
2088,5,15,13.998
2088,5,16,16.363
2088,5,17,16.438
2088,5,18,16.447
2088,5,19,15.688
2088,5,20,16.563
2088,5,21,15.327
2088,5,22,15.405
2088,5,23,15.913
2088,5,24,12.104
2088,5,25,10.123
2088,5,26,9.8339
2088,5,27,11.397
2088,5,28,16.958
2088,5,29,16.306
2088,5,30,15.818
2088,5,31,13.726
2088,6,1,13.166
2088,6,2,15.619
2088,6,3,13.038
2088,6,4,15.705
2088,6,5,14.801
2088,6,6,13.452
2088,6,7,16.683
2088,6,8,13.702
2088,6,9,12.932
2088,6,10,12.725
2088,6,11,15.071
2088,6,12,16.441
2088,6,13,15.731
2088,6,14,16.85
2088,6,15,14.172
2088,6,16,17.204
2088,6,17,17.395
2088,6,18,19.085
2088,6,19,15.956
2088,6,20,17.675
2088,6,21,18.161
2088,6,22,15.476
2088,6,23,21.82
2088,6,24,21.308
2088,6,25,20.577
2088,6,26,21.349
2088,6,27,20.955
2088,6,28,23.555
2088,6,29,22.112
2088,6,30,22.012
2088,7,1,22.615
2088,7,2,23.134
2088,7,3,22
2088,7,4,21.132
2088,7,5,22.79
2088,7,6,21.767
2088,7,7,23.423
2088,7,8,24.485
2088,7,9,21.647
2088,7,10,21.762
2088,7,11,24.323
2088,7,12,22.729
2088,7,13,22.584
2088,7,14,23.615
2088,7,15,23.883
2088,7,16,22.949
2088,7,17,24.588
2088,7,18,26.988
2088,7,19,24.849
2088,7,20,23.309
2088,7,21,23.135
2088,7,22,26.946
2088,7,23,25.932
2088,7,24,25.782
2088,7,25,26.272
2088,7,26,25.421
2088,7,27,25.122
2088,7,28,24.693
2088,7,29,25.14
2088,7,30,23.487
2088,7,31,21.54
2088,8,1,19.362
2088,8,2,19.55
2088,8,3,20.47
2088,8,4,23.279
2088,8,5,22.015
2088,8,6,20.838
2088,8,7,19.349
2088,8,8,20.463
2088,8,9,23.984
2088,8,10,20.435
2088,8,11,18.835
2088,8,12,16.767
2088,8,13,19.61
2088,8,14,22.044
2088,8,15,22.616
2088,8,16,23.895
2088,8,17,24.608
2088,8,18,24.205
2088,8,19,24.542
2088,8,20,22.859
2088,8,21,23.082
2088,8,22,24.322
2088,8,23,24.401
2088,8,24,23.342
2088,8,25,23.523
2088,8,26,21.791
2088,8,27,23.193
2088,8,28,24.162
2088,8,29,22.523
2088,8,30,20.681
2088,8,31,19.175
2088,9,1,18.89
2088,9,2,20.667
2088,9,3,21.225
2088,9,4,23.036
2088,9,5,23.552
2088,9,6,22.453
2088,9,7,22.045
2088,9,8,22.37
2088,9,9,20.281
2088,9,10,21.054
2088,9,11,19.571
2088,9,12,16.91
2088,9,13,18.221
2088,9,14,19.107
2088,9,15,18.83
2088,9,16,19.034
2088,9,17,20.211
2088,9,18,19.444
2088,9,19,19.068
2088,9,20,20.25
2088,9,21,20.744
2088,9,22,19.239
2088,9,23,16.437
2088,9,24,15.696
2088,9,25,16.818
2088,9,26,13.831
2088,9,27,11.713
2088,9,28,14.769
2088,9,29,14.682
2088,9,30,14.488
2088,10,1,12.774
2088,10,2,11.472
2088,10,3,10.767
2088,10,4,14.551
2088,10,5,12.435
2088,10,6,11.113
2088,10,7,10.898
2088,10,8,9.9449
2088,10,9,11.486
2088,10,10,11.249
2088,10,11,13.778
2088,10,12,12.17
2088,10,13,10.064
2088,10,14,9.8328
2088,10,15,8.5895
2088,10,16,8.8069
2088,10,17,12.025
2088,10,18,15.339
2088,10,19,13.649
2088,10,20,12.647
2088,10,21,15.789
2088,10,22,18.523
2088,10,23,10.808
2088,10,24,10.154
2088,10,25,10.778
2088,10,26,15.539
2088,10,27,18.333
2088,10,28,17.083
2088,10,29,15.997
2088,10,30,15.785
2088,10,31,15.491
2088,11,1,15.694
2088,11,2,15.654
2088,11,3,13.451
2088,11,4,12.131
2088,11,5,11.534
2088,11,6,9.521
2088,11,7,10.582
2088,11,8,10.443
2088,11,9,10.764
2088,11,10,13.207
2088,11,11,13.06
2088,11,12,15.535
2088,11,13,16.867
2088,11,14,18.395
2088,11,15,13.87
2088,11,16,11.305
2088,11,17,10.41
2088,11,18,7.3403
2088,11,19,6.2279
2088,11,20,4.6951
2088,11,21,6.1781
2088,11,22,4.2863
2088,11,23,4.4639
2088,11,24,3.7085
2088,11,25,4.8337
2088,11,26,4.595
2088,11,27,6.1263
2088,11,28,3.4139
2088,11,29,5.2607
2088,11,30,12.063
2088,12,1,10.798
2088,12,2,9.8197
2088,12,3,5.1225
2088,12,4,6.1544
2088,12,5,4.4983
2088,12,6,2.3223
2088,12,7,4.0282
2088,12,8,4.4497
2088,12,9,2.7142
2088,12,10,1.3096
2088,12,11,3.1305
2088,12,12,5.16
2088,12,13,7.2523
2088,12,14,5.2155
2088,12,15,3.6504
2088,12,16,4.2553
2088,12,17,8.1281
2088,12,18,7.2546
2088,12,19,11.562
2088,12,20,11.465
2088,12,21,8.0491
2088,12,22,8.7517
2088,12,23,9.5331
2088,12,24,7.6252
2088,12,25,6.7473
2088,12,26,5.9666
2088,12,27,6.572
2088,12,28,4.9884
2088,12,29,4.8483
2088,12,30,6.4678
2088,12,31,5.3215
2089,1,1,8.8738
2089,1,2,8.1588
2089,1,3,7.6216
2089,1,4,10.617
2089,1,5,7.2827
2089,1,6,4.7002
2089,1,7,3.4294
2089,1,8,5.6736
2089,1,9,8.5238
2089,1,10,7.7452
2089,1,11,9.5396
2089,1,12,2.8166
2089,1,13,0.59593
2089,1,14,-0.14253
2089,1,15,6.8374
2089,1,16,10.284
2089,1,17,9.9192
2089,1,18,11.232
2089,1,19,8.4735
2089,1,20,7.5191
2089,1,21,8.0489
2089,1,22,7.5317
2089,1,23,7.635
2089,1,24,8.67
2089,1,25,7.8933
2089,1,26,6.8466
2089,1,27,7.4021
2089,1,28,8.847
2089,1,29,8.6969
2089,1,30,7.9392
2089,1,31,4.5065
2089,2,1,4.6948
2089,2,2,3.2662
2089,2,3,2.9498
2089,2,4,6.8999
2089,2,5,7.1466
2089,2,6,8.4115
2089,2,7,5.383
2089,2,8,5.3366
2089,2,9,4.8166
2089,2,10,5.4645
2089,2,11,6.8531
2089,2,12,5.8502
2089,2,13,4.2129
2089,2,14,2.3455
2089,2,15,4.9603
2089,2,16,3.7271
2089,2,17,6.298
2089,2,18,6.5055
2089,2,19,8.0423
2089,2,20,4.5579
2089,2,21,3.259
2089,2,22,7.8715
2089,2,23,4.721
2089,2,24,3.5673
2089,2,25,9.401
2089,2,26,9.3926
2089,2,27,10.848
2089,2,28,7.602
2089,3,1,5.0163
2089,3,2,6.552
2089,3,3,5.2621
2089,3,4,5.3797
2089,3,5,3.229
2089,3,6,3.0079
2089,3,7,2.8714
2089,3,8,0.66807
2089,3,9,1.8224
2089,3,10,7.1393
2089,3,11,7.9771
2089,3,12,5.4156
2089,3,13,2.5901
2089,3,14,3.4202
2089,3,15,4.6322
2089,3,16,3.1619
2089,3,17,8.1236
2089,3,18,9.9938
2089,3,19,11.18
2089,3,20,5.8182
2089,3,21,3.7453
2089,3,22,3.0632
2089,3,23,5.5193
2089,3,24,8.4221
2089,3,25,6.2506
2089,3,26,9.2558
2089,3,27,7.026
2089,3,28,6.3144
2089,3,29,8.9436
2089,3,30,8.695
2089,3,31,8.8299
2089,4,1,9.0646
2089,4,2,8.2646
2089,4,3,11.808
2089,4,4,10.853
2089,4,5,11.568
2089,4,6,12.446
2089,4,7,10.177
2089,4,8,10.426
2089,4,9,11.255
2089,4,10,12.534
2089,4,11,9.3679
2089,4,12,6.9481
2089,4,13,9.3857
2089,4,14,12.468
2089,4,15,8.5248
2089,4,16,6.48
2089,4,17,7.4605
2089,4,18,9.0319
2089,4,19,8.1824
2089,4,20,7.5537
2089,4,21,7.2752
2089,4,22,6.8976
2089,4,23,7.7321
2089,4,24,10.569
2089,4,25,8.2995
2089,4,26,9.5325
2089,4,27,10.104
2089,4,28,10.699
2089,4,29,12.962
2089,4,30,12.677
2089,5,1,10.875
2089,5,2,11.036
2089,5,3,10.746
2089,5,4,13.929
2089,5,5,14.022
2089,5,6,13.134
2089,5,7,13.061
2089,5,8,12.138
2089,5,9,11.955
2089,5,10,14.236
2089,5,11,13.656
2089,5,12,12.53
2089,5,13,12.382
2089,5,14,10.621
2089,5,15,12.786
2089,5,16,13.517
2089,5,17,12.335
2089,5,18,11.583
2089,5,19,14.303
2089,5,20,13.62
2089,5,21,13.782
2089,5,22,13.534
2089,5,23,10.527
2089,5,24,11.244
2089,5,25,14.09
2089,5,26,12.198
2089,5,27,11.046
2089,5,28,12.486
2089,5,29,14.334
2089,5,30,15.595
2089,5,31,16.814
2089,6,1,16.126
2089,6,2,14.89
2089,6,3,14.386
2089,6,4,16.948
2089,6,5,16.706
2089,6,6,15.67
2089,6,7,16.873
2089,6,8,18.334
2089,6,9,16.499
2089,6,10,14.195
2089,6,11,15.412
2089,6,12,16.846
2089,6,13,17.988
2089,6,14,18.379
2089,6,15,15.993
2089,6,16,19.794
2089,6,17,22.986
2089,6,18,21.837
2089,6,19,20.476
2089,6,20,17.934
2089,6,21,17.616
2089,6,22,22.614
2089,6,23,19.366
2089,6,24,21.195
2089,6,25,19.817
2089,6,26,20.858
2089,6,27,19.014
2089,6,28,20.882
2089,6,29,19.047
2089,6,30,16.642
2089,7,1,18.53
2089,7,2,21.191
2089,7,3,20.49
2089,7,4,20.038
2089,7,5,21.096
2089,7,6,21.304
2089,7,7,21.554
2089,7,8,19.881
2089,7,9,20.452
2089,7,10,20.354
2089,7,11,19.537
2089,7,12,20.824
2089,7,13,19.593
2089,7,14,18.49
2089,7,15,21.62
2089,7,16,20.246
2089,7,17,20.794
2089,7,18,21.138
2089,7,19,18.455
2089,7,20,19.392
2089,7,21,22.922
2089,7,22,18.139
2089,7,23,15.509
2089,7,24,17.207
2089,7,25,19.597
2089,7,26,22.271
2089,7,27,23.203
2089,7,28,23.099
2089,7,29,24.785
2089,7,30,23.803
2089,7,31,24.719
2089,8,1,23.4
2089,8,2,21.87
2089,8,3,25.966
2089,8,4,21.882
2089,8,5,23.412
2089,8,6,21.57
2089,8,7,20.895
2089,8,8,24.556
2089,8,9,24.373
2089,8,10,25.44
2089,8,11,22.992
2089,8,12,20.341
2089,8,13,20.208
2089,8,14,20.984
2089,8,15,20.52
2089,8,16,23.547
2089,8,17,19.408
2089,8,18,21.594
2089,8,19,23.76
2089,8,20,23.652
2089,8,21,23.787
2089,8,22,23.767
2089,8,23,22.606
2089,8,24,21.249
2089,8,25,21.542
2089,8,26,22.246
2089,8,27,21.221
2089,8,28,23.308
2089,8,29,22.374
2089,8,30,21.643
2089,8,31,21.412
2089,9,1,18.916
2089,9,2,17.878
2089,9,3,17.426
2089,9,4,18.263
2089,9,5,19.285
2089,9,6,23.217
2089,9,7,23.378
2089,9,8,23.016
2089,9,9,20.427
2089,9,10,18.119
2089,9,11,17.421
2089,9,12,18.039
2089,9,13,14.523
2089,9,14,16.735
2089,9,15,17.039
2089,9,16,13.285
2089,9,17,16.797
2089,9,18,14.08
2089,9,19,13.311
2089,9,20,14.224
2089,9,21,13.119
2089,9,22,11.392
2089,9,23,16.74
2089,9,24,19.817
2089,9,25,18.028
2089,9,26,17.111
2089,9,27,18.229
2089,9,28,18.686
2089,9,29,19.705
2089,9,30,21.542
2089,10,1,20.759
2089,10,2,19.06
2089,10,3,17.207
2089,10,4,16.667
2089,10,5,18.382
2089,10,6,17.801
2089,10,7,17.936
2089,10,8,17.531
2089,10,9,17.072
2089,10,10,18.063
2089,10,11,17.826
2089,10,12,13.964
2089,10,13,10.417
2089,10,14,10.103
2089,10,15,8.7179
2089,10,16,7.7618
2089,10,17,12.907
2089,10,18,10.364
2089,10,19,13.429
2089,10,20,12.068
2089,10,21,16.594
2089,10,22,17.096
2089,10,23,9.294
2089,10,24,7.041
2089,10,25,8.245
2089,10,26,7.5625
2089,10,27,10.828
2089,10,28,18.603
2089,10,29,15.987
2089,10,30,12.827
2089,10,31,11.511
2089,11,1,10.792
2089,11,2,10.016
2089,11,3,11.461
2089,11,4,10.604
2089,11,5,13.205
2089,11,6,12.426
2089,11,7,17.22
2089,11,8,14.085
2089,11,9,12.383
2089,11,10,15.614
2089,11,11,16.557
2089,11,12,9.9193
2089,11,13,7.6933
2089,11,14,11.426
2089,11,15,11.255
2089,11,16,12.134
2089,11,17,6.5513
2089,11,18,4.8682
2089,11,19,10.777
2089,11,20,8.4069
2089,11,21,10.093
2089,11,22,7.0151
2089,11,23,4.1007
2089,11,24,6.8077
2089,11,25,11.376
2089,11,26,9.1519
2089,11,27,9.0737
2089,11,28,7.4329
2089,11,29,5.7311
2089,11,30,4.0093
2089,12,1,7.8756
2089,12,2,11.912
2089,12,3,9.021
2089,12,4,8.858
2089,12,5,9.7902
2089,12,6,6.1221
2089,12,7,4.6441
2089,12,8,4.931
2089,12,9,7.3526
2089,12,10,9.3475
2089,12,11,5.7408
2089,12,12,11.151
2089,12,13,7.311
2089,12,14,7.366
2089,12,15,11.34
2089,12,16,6.9018
2089,12,17,6.4694
2089,12,18,11.542
2089,12,19,11.015
2089,12,20,7.5494
2089,12,21,5.1724
2089,12,22,6.1896
2089,12,23,6.7804
2089,12,24,14.465
2089,12,25,7.7867
2089,12,26,5.3952
2089,12,27,9.2445
2089,12,28,13.802
2089,12,29,14.791
2089,12,30,10.216
2089,12,31,8.0885
2090,1,1,3.6559
2090,1,2,1.8055
2090,1,3,0.46513
2090,1,4,1.1998
2090,1,5,2.2994
2090,1,6,1.7348
2090,1,7,6.5803
2090,1,8,3.3302
2090,1,9,4.6777
2090,1,10,-0.88059
2090,1,11,-2.2514
2090,1,12,-1.6455
2090,1,13,0.71265
2090,1,14,2.1407
2090,1,15,2.2486
2090,1,16,4.1463
2090,1,17,0.29668
2090,1,18,0.13564
2090,1,19,-1.6021
2090,1,20,0.87309
2090,1,21,4.6304
2090,1,22,1.6245
2090,1,23,4.3141
2090,1,24,1.6835
2090,1,25,4.2101
2090,1,26,3.4106
2090,1,27,2.415
2090,1,28,6.495
2090,1,29,6.3981
2090,1,30,5.647
2090,1,31,1.1962
2090,2,1,0.35552
2090,2,2,0.2633
2090,2,3,-0.71285
2090,2,4,-0.47067
2090,2,5,0.83611
2090,2,6,-0.24623
2090,2,7,-0.95416
2090,2,8,-1.2164
2090,2,9,-0.94388
2090,2,10,2.6071
2090,2,11,1.4598
2090,2,12,1.4524
2090,2,13,2.6556
2090,2,14,6.4217
2090,2,15,3.8681
2090,2,16,4.6676
2090,2,17,4.4537
2090,2,18,7.3658
2090,2,19,9.0373
2090,2,20,4.0988
2090,2,21,2.5666
2090,2,22,1.5178
2090,2,23,2.3537
2090,2,24,8.3544
2090,2,25,5.5182
2090,2,26,9.3076
2090,2,27,6.7809
2090,2,28,4.5261
2090,3,1,3.0324
2090,3,2,2.3961
2090,3,3,0.93533
2090,3,4,0.35264
2090,3,5,3.9758
2090,3,6,5.599
2090,3,7,4.6769
2090,3,8,3.733
2090,3,9,2.4763
2090,3,10,2.3493
2090,3,11,3.945
2090,3,12,4.422
2090,3,13,2.1581
2090,3,14,1.025
2090,3,15,3.0451
2090,3,16,2.0404
2090,3,17,4.7571
2090,3,18,5.4523
2090,3,19,4.1644
2090,3,20,6.4063
2090,3,21,7.811
2090,3,22,9.7086
2090,3,23,11.414
2090,3,24,11.116
2090,3,25,9.2485
2090,3,26,9.214
2090,3,27,10.995
2090,3,28,9.525
2090,3,29,6.9456
2090,3,30,9.2327
2090,3,31,13.235
2090,4,1,13.765
2090,4,2,14.666
2090,4,3,11.952
2090,4,4,9.7529
2090,4,5,14.374
2090,4,6,14.807
2090,4,7,14.409
2090,4,8,14.229
2090,4,9,13.977
2090,4,10,11.982
2090,4,11,9.6115
2090,4,12,10.785
2090,4,13,9.8902
2090,4,14,9.1895
2090,4,15,9.9281
2090,4,16,8.1213
2090,4,17,9.4333
2090,4,18,6.9421
2090,4,19,3.6749
2090,4,20,7.1369
2090,4,21,6.174
2090,4,22,6.6884
2090,4,23,4.7063
2090,4,24,6.9754
2090,4,25,8.9119
2090,4,26,7.782
2090,4,27,7.0566
2090,4,28,6.4543
2090,4,29,6.9828
2090,4,30,6.5118
2090,5,1,6.5352
2090,5,2,5.8381
2090,5,3,7.3208
2090,5,4,8.9413
2090,5,5,8.819
2090,5,6,9.5377
2090,5,7,8.2209
2090,5,8,10.893
2090,5,9,12.558
2090,5,10,14.151
2090,5,11,15.02
2090,5,12,14.564
2090,5,13,11.991
2090,5,14,13.913
2090,5,15,14.17
2090,5,16,13.417
2090,5,17,12.625
2090,5,18,10.649
2090,5,19,12.333
2090,5,20,15.671
2090,5,21,16.737
2090,5,22,15.289
2090,5,23,16.087
2090,5,24,15.714
2090,5,25,14.943
2090,5,26,18.47
2090,5,27,19.192
2090,5,28,18.892
2090,5,29,15.866
2090,5,30,13.448
2090,5,31,14.123
2090,6,1,12.32
2090,6,2,13.669
2090,6,3,18.01
2090,6,4,17.515
2090,6,5,14.811
2090,6,6,14.052
2090,6,7,14.601
2090,6,8,16.493
2090,6,9,17.077
2090,6,10,17.645
2090,6,11,15.926
2090,6,12,16.594
2090,6,13,17.557
2090,6,14,17.49
2090,6,15,16.627
2090,6,16,14.804
2090,6,17,14.971
2090,6,18,18.911
2090,6,19,16.256
2090,6,20,17.848
2090,6,21,18.13
2090,6,22,20.763
2090,6,23,17.056
2090,6,24,21.285
2090,6,25,20.535
2090,6,26,21.962
2090,6,27,20.018
2090,6,28,20.242
2090,6,29,20.175
2090,6,30,22.468
2090,7,1,21.631
2090,7,2,21.083
2090,7,3,23.5
2090,7,4,23.116
2090,7,5,22.917
2090,7,6,24.086
2090,7,7,21.754
2090,7,8,23.69
2090,7,9,21.742
2090,7,10,20.741
2090,7,11,19.4
2090,7,12,17.557
2090,7,13,17.259
2090,7,14,20.797
2090,7,15,22.652
2090,7,16,24.124
2090,7,17,24.488
2090,7,18,25.038
2090,7,19,24.665
2090,7,20,24.524
2090,7,21,22.609
2090,7,22,22.938
2090,7,23,22.775
2090,7,24,22.557
2090,7,25,22.311
2090,7,26,22.855
2090,7,27,22.679
2090,7,28,24.012
2090,7,29,23.043
2090,7,30,23.608
2090,7,31,24.875
2090,8,1,24.775
2090,8,2,22.978
2090,8,3,22.509
2090,8,4,22.33
2090,8,5,22.467
2090,8,6,24.485
2090,8,7,24.803
2090,8,8,22.019
2090,8,9,20.27
2090,8,10,20.482
2090,8,11,23.569
2090,8,12,25.675
2090,8,13,25.871
2090,8,14,24.962
2090,8,15,24.875
2090,8,16,25.516
2090,8,17,27.358
2090,8,18,24.997
2090,8,19,24.831
2090,8,20,24.844
2090,8,21,23.624
2090,8,22,23.202
2090,8,23,21.485
2090,8,24,20.495
2090,8,25,19.905
2090,8,26,21.218
2090,8,27,21.411
2090,8,28,20.969
2090,8,29,18.947
2090,8,30,17.044
2090,8,31,19.089
2090,9,1,19.288
2090,9,2,21.09
2090,9,3,20.992
2090,9,4,23.699
2090,9,5,22.181
2090,9,6,17.08
2090,9,7,15.049
2090,9,8,17.815
2090,9,9,15.807
2090,9,10,14.822
2090,9,11,12.48
2090,9,12,15.092
2090,9,13,13.657
2090,9,14,15.655
2090,9,15,16.077
2090,9,16,18.694
2090,9,17,17.018
2090,9,18,16.898
2090,9,19,19.711
2090,9,20,17.709
2090,9,21,17.322
2090,9,22,17.352
2090,9,23,15.265
2090,9,24,14.015
2090,9,25,17.178
2090,9,26,18.267
2090,9,27,18.149
2090,9,28,18.396
2090,9,29,21.435
2090,9,30,18.429
2090,10,1,16.444
2090,10,2,15.158
2090,10,3,11.65
2090,10,4,12.271
2090,10,5,12.354
2090,10,6,13.296
2090,10,7,17.794
2090,10,8,15.831
2090,10,9,15.177
2090,10,10,12.677
2090,10,11,12.276
2090,10,12,20.301
2090,10,13,19.831
2090,10,14,18.826
2090,10,15,20.795
2090,10,16,21.995
2090,10,17,15.322
2090,10,18,11.392
2090,10,19,9.84
2090,10,20,15.894
2090,10,21,16.257
2090,10,22,17.532
2090,10,23,15.621
2090,10,24,11.182
2090,10,25,9.4575
2090,10,26,8.3182
2090,10,27,10.312
2090,10,28,9.1125
2090,10,29,6.4022
2090,10,30,8.1655
2090,10,31,9.5288
2090,11,1,9.6803
2090,11,2,8.9367
2090,11,3,11.464
2090,11,4,11.042
2090,11,5,13.922
2090,11,6,11.464
2090,11,7,7.4677
2090,11,8,4.9443
2090,11,9,6.3546
2090,11,10,6.648
2090,11,11,11.798
2090,11,12,8.9617
2090,11,13,7.2453
2090,11,14,6.8407
2090,11,15,8.2936
2090,11,16,7.1209
2090,11,17,6.8916
2090,11,18,6.0748
2090,11,19,5.645
2090,11,20,6.1318
2090,11,21,8.2393
2090,11,22,9.7359
2090,11,23,10.241
2090,11,24,9.1518
2090,11,25,9.3073
2090,11,26,9.5915
2090,11,27,12.089
2090,11,28,8.6295
2090,11,29,6.4727
2090,11,30,4.1691
2090,12,1,2.5897
2090,12,2,6.343
2090,12,3,13.648
2090,12,4,10.556
2090,12,5,9.1366
2090,12,6,4.9807
2090,12,7,3.476
2090,12,8,5.4501
2090,12,9,5.1721
2090,12,10,3.3348
2090,12,11,1.8171
2090,12,12,2.1952
2090,12,13,6.6131
2090,12,14,4.9772
2090,12,15,4.5338
2090,12,16,5.0531
2090,12,17,6.248
2090,12,18,5.3135
2090,12,19,3.4187
2090,12,20,1.3573
2090,12,21,5.7009
2090,12,22,6.3868
2090,12,23,3.9399
2090,12,24,3.5096
2090,12,25,6.2687
2090,12,26,3.1411
2090,12,27,1.2493
2090,12,28,5.7723
2090,12,29,5.4434
2090,12,30,6.2175
2090,12,31,7.6047
2091,1,1,7.2399
2091,1,2,4.3756
2091,1,3,2.9146
2091,1,4,13.476
2091,1,5,10.602
2091,1,6,7.3155
2091,1,7,4.1527
2091,1,8,3.7125
2091,1,9,2.432
2091,1,10,3.0108
2091,1,11,3.0924
2091,1,12,4.7685
2091,1,13,2.9004
2091,1,14,2.6642
2091,1,15,2.7905
2091,1,16,5.2718
2091,1,17,2.8439
2091,1,18,1.8607
2091,1,19,4.6642
2091,1,20,4.7519
2091,1,21,4.5911
2091,1,22,5.5919
2091,1,23,4.7906
2091,1,24,1.6705
2091,1,25,1.1619
2091,1,26,4.0085
2091,1,27,1.6539
2091,1,28,6.3774
2091,1,29,2.7378
2091,1,30,1.718
2091,1,31,3.6175
2091,2,1,2.2882
2091,2,2,4.0098
2091,2,3,7.0515
2091,2,4,5.8753
2091,2,5,13.147
2091,2,6,10.819
2091,2,7,10.897
2091,2,8,11.225
2091,2,9,12.459
2091,2,10,11.994
2091,2,11,8.017
2091,2,12,5.6302
2091,2,13,5.2145
2091,2,14,8.7388
2091,2,15,7.9564
2091,2,16,7.1626
2091,2,17,4.8014
2091,2,18,7.2842
2091,2,19,6.0529
2091,2,20,5.3665
2091,2,21,11.465
2091,2,22,7.1359
2091,2,23,7.0305
2091,2,24,9.3991
2091,2,25,10.996
2091,2,26,11.622
2091,2,27,7.5678
2091,2,28,5.0552
2091,3,1,6.4837
2091,3,2,9.498
2091,3,3,8.7249
2091,3,4,9.719
2091,3,5,10.203
2091,3,6,11.368
2091,3,7,12.357
2091,3,8,13.236
2091,3,9,13.735
2091,3,10,8.7629
2091,3,11,7.0311
2091,3,12,4.7608
2091,3,13,3.3886
2091,3,14,5.5956
2091,3,15,11.469
2091,3,16,9.7617
2091,3,17,5.7813
2091,3,18,3.1424
2091,3,19,8.3334
2091,3,20,10.319
2091,3,21,10.698
2091,3,22,6.8675
2091,3,23,9.8882
2091,3,24,6.7111
2091,3,25,9.483
2091,3,26,9.2745
2091,3,27,8.5376
2091,3,28,8.6306
2091,3,29,8.8481
2091,3,30,12.584
2091,3,31,12.297
2091,4,1,10.494
2091,4,2,13.738
2091,4,3,13.493
2091,4,4,10.446
2091,4,5,8.3053
2091,4,6,5.935
2091,4,7,9.8485
2091,4,8,7.6671
2091,4,9,7.9042
2091,4,10,9.6103
2091,4,11,13.684
2091,4,12,13.252
2091,4,13,11.429
2091,4,14,10.271
2091,4,15,7.4245
2091,4,16,8.1263
2091,4,17,7.4349
2091,4,18,9.0477
2091,4,19,12.103
2091,4,20,9.7196
2091,4,21,9.0236
2091,4,22,10.413
2091,4,23,6.5173
2091,4,24,11.262
2091,4,25,8.5512
2091,4,26,11.988
2091,4,27,8.3523
2091,4,28,7.9003
2091,4,29,6.0569
2091,4,30,5.2177
2091,5,1,8.0557
2091,5,2,13.46
2091,5,3,13.796
2091,5,4,10.728
2091,5,5,9.0005
2091,5,6,8.3068
2091,5,7,13.18
2091,5,8,14.545
2091,5,9,14.635
2091,5,10,13.731
2091,5,11,15.871
2091,5,12,14.197
2091,5,13,12.67
2091,5,14,9.4464
2091,5,15,17.276
2091,5,16,17.508
2091,5,17,16.946
2091,5,18,14.364
2091,5,19,13.847
2091,5,20,17.805
2091,5,21,20.145
2091,5,22,20.397
2091,5,23,19.711
2091,5,24,18.435
2091,5,25,20.154
2091,5,26,21.972
2091,5,27,20.022
2091,5,28,18.462
2091,5,29,17.042
2091,5,30,15.992
2091,5,31,16.97
2091,6,1,18.419
2091,6,2,18.799
2091,6,3,20.458
2091,6,4,21.74
2091,6,5,22.798
2091,6,6,22.742
2091,6,7,20.687
2091,6,8,20.359
2091,6,9,21.17
2091,6,10,19.227
2091,6,11,18.382
2091,6,12,17.439
2091,6,13,18.566
2091,6,14,18.197
2091,6,15,18.638
2091,6,16,20.036
2091,6,17,18.709
2091,6,18,17.142
2091,6,19,17.798
2091,6,20,18.273
2091,6,21,21.65
2091,6,22,22.386
2091,6,23,24.254
2091,6,24,22.082
2091,6,25,19.876
2091,6,26,18.507
2091,6,27,19.043
2091,6,28,19.162
2091,6,29,15.791
2091,6,30,21.191
2091,7,1,23.619
2091,7,2,21.088
2091,7,3,20.059
2091,7,4,21.585
2091,7,5,22.903
2091,7,6,21.844
2091,7,7,22.248
2091,7,8,22.83
2091,7,9,21.95
2091,7,10,22.035
2091,7,11,22.072
2091,7,12,19.585
2091,7,13,20.253
2091,7,14,22.358
2091,7,15,21.567
2091,7,16,19.504
2091,7,17,18.792
2091,7,18,16.802
2091,7,19,19.588
2091,7,20,19.819
2091,7,21,21.323
2091,7,22,19.216
2091,7,23,20.177
2091,7,24,22.166
2091,7,25,20.406
2091,7,26,21.439
2091,7,27,21.024
2091,7,28,23.371
2091,7,29,23.228
2091,7,30,25.929
2091,7,31,24.646
2091,8,1,26.127
2091,8,2,27.509
2091,8,3,25.676
2091,8,4,24.23
2091,8,5,25.251
2091,8,6,25.923
2091,8,7,25.947
2091,8,8,25.007
2091,8,9,23.577
2091,8,10,23.114
2091,8,11,22.407
2091,8,12,20.856
2091,8,13,23.361
2091,8,14,22.682
2091,8,15,24.146
2091,8,16,28.042
2091,8,17,25.146
2091,8,18,23.547
2091,8,19,23.416
2091,8,20,23.834
2091,8,21,21.656
2091,8,22,21.389
2091,8,23,21.412
2091,8,24,24.324
2091,8,25,25.051
2091,8,26,25.336
2091,8,27,24.59
2091,8,28,24.46
2091,8,29,21.102
2091,8,30,21.384
2091,8,31,20.878
2091,9,1,21.753
2091,9,2,23.698
2091,9,3,22.229
2091,9,4,23.57
2091,9,5,21.58
2091,9,6,24.287
2091,9,7,23.778
2091,9,8,19.761
2091,9,9,17.553
2091,9,10,14.962
2091,9,11,16.511
2091,9,12,15.043
2091,9,13,14.717
2091,9,14,15.296
2091,9,15,17.392
2091,9,16,19.779
2091,9,17,19.532
2091,9,18,19.549
2091,9,19,14.074
2091,9,20,15.695
2091,9,21,14.31
2091,9,22,14.26
2091,9,23,14.412
2091,9,24,16.091
2091,9,25,17.875
2091,9,26,17.825
2091,9,27,18.907
2091,9,28,18.591
2091,9,29,16.667
2091,9,30,17.789
2091,10,1,14.211
2091,10,2,15.703
2091,10,3,10.601
2091,10,4,9.0604
2091,10,5,7.2466
2091,10,6,9.114
2091,10,7,10.456
2091,10,8,14.902
2091,10,9,13.735
2091,10,10,10.961
2091,10,11,10.641
2091,10,12,10.198
2091,10,13,10.856
2091,10,14,12.776
2091,10,15,14.081
2091,10,16,12.868
2091,10,17,13.986
2091,10,18,15.349
2091,10,19,11.456
2091,10,20,10.451
2091,10,21,9.5931
2091,10,22,10.904
2091,10,23,9.2281
2091,10,24,8.5901
2091,10,25,7.877
2091,10,26,9.8908
2091,10,27,11.698
2091,10,28,12.419
2091,10,29,12.201
2091,10,30,11.672
2091,10,31,11.034
2091,11,1,10.612
2091,11,2,7.7234
2091,11,3,5.6309
2091,11,4,9.55
2091,11,5,8.3564
2091,11,6,6.4651
2091,11,7,6.7831
2091,11,8,6.5885
2091,11,9,12.046
2091,11,10,8.2379
2091,11,11,7.3351
2091,11,12,10.03
2091,11,13,13.754
2091,11,14,16.128
2091,11,15,14.05
2091,11,16,12.438
2091,11,17,12.738
2091,11,18,9.6805
2091,11,19,13.878
2091,11,20,8.5397
2091,11,21,7.0932
2091,11,22,8.9043
2091,11,23,13.151
2091,11,24,16.818
2091,11,25,16.473
2091,11,26,17.3
2091,11,27,13.171
2091,11,28,9.3914
2091,11,29,8.211
2091,11,30,6.616
2091,12,1,7.6455
2091,12,2,8.5023
2091,12,3,12.312
2091,12,4,10.284
2091,12,5,8.5315
2091,12,6,7.8084
2091,12,7,4.9719
2091,12,8,3.5903
2091,12,9,3.9896
2091,12,10,5.7953
2091,12,11,10.288
2091,12,12,11.063
2091,12,13,7.8954
2091,12,14,6.0665
2091,12,15,4.8564
2091,12,16,3.7018
2091,12,17,3.9009
2091,12,18,7.5464
2091,12,19,2.7307
2091,12,20,3.1836
2091,12,21,4.2121
2091,12,22,8.4101
2091,12,23,4.3913
2091,12,24,1.8875
2091,12,25,1.6384
2091,12,26,1.53
2091,12,27,6.3645
2091,12,28,5.9084
2091,12,29,3.8095
2091,12,30,3.343
2091,12,31,1.4774
2092,1,1,-0.88796
2092,1,2,-1.5714
2092,1,3,-1.7128
2092,1,4,-1.9286
2092,1,5,-1.2224
2092,1,6,4.3824
2092,1,7,2.8455
2092,1,8,2.0594
2092,1,9,-0.016018
2092,1,10,-1.5075
2092,1,11,-1.3278
2092,1,12,-0.35577
2092,1,13,-1.4551
2092,1,14,-1.579
2092,1,15,-0.82857
2092,1,16,-1.8565
2092,1,17,-1.4066
2092,1,18,-0.87095
2092,1,19,9.2876
2092,1,20,3.7897
2092,1,21,2.1908
2092,1,22,2.9018
2092,1,23,4.6077
2092,1,24,7.6316
2092,1,25,6.4855
2092,1,26,5.5598
2092,1,27,7.4303
2092,1,28,3.9887
2092,1,29,2.5921
2092,1,30,5.8127
2092,1,31,4.4776
2092,2,1,2.4895
2092,2,2,1.164
2092,2,3,5.7025
2092,2,4,6.5023
2092,2,5,5.1788
2092,2,6,3.9511
2092,2,7,2.289
2092,2,8,7.4192
2092,2,9,10.281
2092,2,10,5.52
2092,2,11,3.472
2092,2,12,6.9811
2092,2,13,5.0482
2092,2,14,5.7774
2092,2,15,11.079
2092,2,16,9.464
2092,2,17,6.8319
2092,2,18,4.3465
2092,2,19,8.6541
2092,2,20,5.8561
2092,2,21,6.6571
2092,2,22,4.3204
2092,2,23,3.4458
2092,2,24,5.6012
2092,2,25,6.8889
2092,2,26,4.5642
2092,2,27,3.6671
2092,2,28,5.2334
2092,2,29,3.4581
2092,3,1,3.1125
2092,3,2,1.9249
2092,3,3,4.3128
2092,3,4,5.4233
2092,3,5,4.0187
2092,3,6,4.4363
2092,3,7,8.5457
2092,3,8,5.1959
2092,3,9,6.3154
2092,3,10,6.9006
2092,3,11,6.9901
2092,3,12,11.352
2092,3,13,7.8325
2092,3,14,7.8526
2092,3,15,13.459
2092,3,16,10.539
2092,3,17,8.6481
2092,3,18,13.951
2092,3,19,9.3336
2092,3,20,8.9595
2092,3,21,8.2629
2092,3,22,8.1014
2092,3,23,9.1127
2092,3,24,9.5074
2092,3,25,10.535
2092,3,26,11.048
2092,3,27,9.6333
2092,3,28,10.727
2092,3,29,8.6572
2092,3,30,5.8555
2092,3,31,5.5615
2092,4,1,6.2236
2092,4,2,6.3188
2092,4,3,4.7229
2092,4,4,5.6723
2092,4,5,3.2276
2092,4,6,1.5712
2092,4,7,6.5806
2092,4,8,8.9683
2092,4,9,7.8961
2092,4,10,6.2968
2092,4,11,4.8174
2092,4,12,7.9323
2092,4,13,6.1817
2092,4,14,5.6104
2092,4,15,7.9833
2092,4,16,9.1955
2092,4,17,8.8097
2092,4,18,10.506
2092,4,19,9.9411
2092,4,20,9.4252
2092,4,21,6.2565
2092,4,22,6.3049
2092,4,23,11.996
2092,4,24,10.511
2092,4,25,9.418
2092,4,26,13.197
2092,4,27,10.038
2092,4,28,12.347
2092,4,29,12.646
2092,4,30,14.379
2092,5,1,15.212
2092,5,2,16.626
2092,5,3,14.707
2092,5,4,13.347
2092,5,5,14.624
2092,5,6,14.195
2092,5,7,12.994
2092,5,8,15.241
2092,5,9,15.681
2092,5,10,15.545
2092,5,11,15.99
2092,5,12,14.715
2092,5,13,14.894
2092,5,14,13.522
2092,5,15,12.95
2092,5,16,12.613
2092,5,17,10.303
2092,5,18,11.227
2092,5,19,15
2092,5,20,16.254
2092,5,21,16.01
2092,5,22,14.632
2092,5,23,16.005
2092,5,24,11.788
2092,5,25,10.178
2092,5,26,10.974
2092,5,27,14.271
2092,5,28,14.016
2092,5,29,13.96
2092,5,30,16.458
2092,5,31,16.608
2092,6,1,16.574
2092,6,2,17.847
2092,6,3,16.906
2092,6,4,15.264
2092,6,5,18.665
2092,6,6,18.812
2092,6,7,18.257
2092,6,8,16.255
2092,6,9,13.655
2092,6,10,13.438
2092,6,11,16.347
2092,6,12,14.623
2092,6,13,13.637
2092,6,14,15.475
2092,6,15,19.075
2092,6,16,19.641
2092,6,17,17.77
2092,6,18,17.23
2092,6,19,17.895
2092,6,20,21.559
2092,6,21,22.316
2092,6,22,23.123
2092,6,23,20.859
2092,6,24,21.033
2092,6,25,19.063
2092,6,26,20.177
2092,6,27,23.48
2092,6,28,22.074
2092,6,29,20.747
2092,6,30,18.795
2092,7,1,20.645
2092,7,2,19.823
2092,7,3,21.277
2092,7,4,21.176
2092,7,5,21.441
2092,7,6,21.643
2092,7,7,23.897
2092,7,8,27.194
2092,7,9,24.903
2092,7,10,22.271
2092,7,11,24.116
2092,7,12,21.709
2092,7,13,21.027
2092,7,14,19.53
2092,7,15,21.251
2092,7,16,23.08
2092,7,17,21.417
2092,7,18,19.885
2092,7,19,20.142
2092,7,20,20.647
2092,7,21,19.811
2092,7,22,23.77
2092,7,23,24.31
2092,7,24,26.03
2092,7,25,27.265
2092,7,26,28.666
2092,7,27,27.674
2092,7,28,26.496
2092,7,29,28.095
2092,7,30,25.857
2092,7,31,28.013
2092,8,1,27.566
2092,8,2,27.002
2092,8,3,26.001
2092,8,4,25.486
2092,8,5,26.729
2092,8,6,25.991
2092,8,7,22.253
2092,8,8,20.964
2092,8,9,20.792
2092,8,10,21.823
2092,8,11,23.18
2092,8,12,24.051
2092,8,13,25.835
2092,8,14,24.855
2092,8,15,23.847
2092,8,16,23.909
2092,8,17,25.637
2092,8,18,26.259
2092,8,19,26.615
2092,8,20,25.844
2092,8,21,23.966
2092,8,22,21.911
2092,8,23,21.299
2092,8,24,22.193
2092,8,25,19.809
2092,8,26,18.368
2092,8,27,18.815
2092,8,28,20.608
2092,8,29,21.16
2092,8,30,19.909
2092,8,31,22.493
2092,9,1,20.239
2092,9,2,23.717
2092,9,3,17.33
2092,9,4,14.572
2092,9,5,13.605
2092,9,6,14.658
2092,9,7,17.115
2092,9,8,18.444
2092,9,9,20.587
2092,9,10,19.325
2092,9,11,17.867
2092,9,12,17.632
2092,9,13,16.499
2092,9,14,15.184
2092,9,15,16.196
2092,9,16,17.604
2092,9,17,18.906
2092,9,18,18.51
2092,9,19,18.198
2092,9,20,17.148
2092,9,21,16.596
2092,9,22,17.566
2092,9,23,15.291
2092,9,24,12.902
2092,9,25,12.946
2092,9,26,18.475
2092,9,27,16.702
2092,9,28,19.145
2092,9,29,17.389
2092,9,30,17.995
2092,10,1,19.915
2092,10,2,18.847
2092,10,3,18.293
2092,10,4,19.347
2092,10,5,21.062
2092,10,6,20.259
2092,10,7,18.268
2092,10,8,17.432
2092,10,9,16.527
2092,10,10,16.432
2092,10,11,12.871
2092,10,12,10.674
2092,10,13,11.128
2092,10,14,11.621
2092,10,15,12.41
2092,10,16,14.499
2092,10,17,14.415
2092,10,18,10.579
2092,10,19,8.6057
2092,10,20,8.3831
2092,10,21,9.0103
2092,10,22,9.5566
2092,10,23,10.168
2092,10,24,11.198
2092,10,25,16.81
2092,10,26,14.764
2092,10,27,16.461
2092,10,28,10.352
2092,10,29,8.3023
2092,10,30,8.7681
2092,10,31,8.8166
2092,11,1,13.697
2092,11,2,18.613
2092,11,3,17.762
2092,11,4,15.653
2092,11,5,10.273
2092,11,6,9.5158
2092,11,7,7.0523
2092,11,8,4.5003
2092,11,9,10.586
2092,11,10,8.8328
2092,11,11,11.436
2092,11,12,12.836
2092,11,13,10.81
2092,11,14,11.87
2092,11,15,10.094
2092,11,16,8.846
2092,11,17,12.534
2092,11,18,15.45
2092,11,19,15.2
2092,11,20,14.114
2092,11,21,11.959
2092,11,22,11.378
2092,11,23,12.094
2092,11,24,13.52
2092,11,25,11.953
2092,11,26,9.7303
2092,11,27,10.34
2092,11,28,7.791
2092,11,29,5.17
2092,11,30,5.7497
2092,12,1,5.6853
2092,12,2,2.2059
2092,12,3,1.9099
2092,12,4,1.255
2092,12,5,3.3556
2092,12,6,8.1482
2092,12,7,10.133
2092,12,8,7.2081
2092,12,9,6.5356
2092,12,10,6.2109
2092,12,11,4.1851
2092,12,12,4.8605
2092,12,13,5.6158
2092,12,14,4.2095
2092,12,15,5.118
2092,12,16,3.0838
2092,12,17,5.115
2092,12,18,5.5708
2092,12,19,6.9238
2092,12,20,11.894
2092,12,21,9.68
2092,12,22,4.8022
2092,12,23,1.5514
2092,12,24,2.0484
2092,12,25,1.1924
2092,12,26,0.87953
2092,12,27,4.2101
2092,12,28,9.0467
2092,12,29,8.1014
2092,12,30,6.3257
2092,12,31,3.2911
2093,1,1,1.8084
2093,1,2,1.5414
2093,1,3,6.371
2093,1,4,3.5764
2093,1,5,2.829
2093,1,6,1.7565
2093,1,7,9.1835
2093,1,8,8.84
2093,1,9,7.0839
2093,1,10,9.0533
2093,1,11,7.4496
2093,1,12,5.1246
2093,1,13,3.7178
2093,1,14,6.2102
2093,1,15,9.6816
2093,1,16,8.2155
2093,1,17,5.5077
2093,1,18,7.6066
2093,1,19,5.6205
2093,1,20,3.2704
2093,1,21,6.9958
2093,1,22,5.79
2093,1,23,5.7589
2093,1,24,5.0108
2093,1,25,8.6499
2093,1,26,5.4885
2093,1,27,3.894
2093,1,28,4.6958
2093,1,29,4.0807
2093,1,30,8.7133
2093,1,31,7.7056
2093,2,1,3.877
2093,2,2,6.6162
2093,2,3,5.5362
2093,2,4,5.3454
2093,2,5,8.1994
2093,2,6,5.0523
2093,2,7,5.09
2093,2,8,6.9122
2093,2,9,8.9976
2093,2,10,6.7631
2093,2,11,7.8703
2093,2,12,5.7503
2093,2,13,6.0457
2093,2,14,4.0716
2093,2,15,5.937
2093,2,16,3.0226
2093,2,17,5.4659
2093,2,18,5.7172
2093,2,19,5.4843
2093,2,20,11.395
2093,2,21,12.595
2093,2,22,10.12
2093,2,23,6.6652
2093,2,24,5.9221
2093,2,25,6.151
2093,2,26,6.6544
2093,2,27,8.019
2093,2,28,6.8504
2093,3,1,4.9882
2093,3,2,7.7659
2093,3,3,4.9913
2093,3,4,9.6401
2093,3,5,7.5302
2093,3,6,5.0386
2093,3,7,3.4999
2093,3,8,5.1092
2093,3,9,6.8908
2093,3,10,5.0046
2093,3,11,7.2411
2093,3,12,10.06
2093,3,13,8.3218
2093,3,14,6.581
2093,3,15,8.2004
2093,3,16,5.7227
2093,3,17,5.9071
2093,3,18,11.707
2093,3,19,8.3762
2093,3,20,5.9244
2093,3,21,7.3501
2093,3,22,6.6747
2093,3,23,3.9293
2093,3,24,6.2698
2093,3,25,5.9562
2093,3,26,10.224
2093,3,27,12.948
2093,3,28,10.702
2093,3,29,9.2797
2093,3,30,11.832
2093,3,31,12.058
2093,4,1,13.652
2093,4,2,13.672
2093,4,3,13.771
2093,4,4,11.474
2093,4,5,9.1395
2093,4,6,10.99
2093,4,7,13.852
2093,4,8,15.44
2093,4,9,14.905
2093,4,10,13.898
2093,4,11,12.586
2093,4,12,11.393
2093,4,13,14.407
2093,4,14,11.651
2093,4,15,10.108
2093,4,16,11.612
2093,4,17,10.061
2093,4,18,8.3115
2093,4,19,13.828
2093,4,20,11.448
2093,4,21,9.661
2093,4,22,9.3284
2093,4,23,8.7967
2093,4,24,10.856
2093,4,25,12.018
2093,4,26,12.524
2093,4,27,11.575
2093,4,28,12.863
2093,4,29,11.916
2093,4,30,11.434
2093,5,1,12.589
2093,5,2,10.712
2093,5,3,7.9118
2093,5,4,9.5752
2093,5,5,10.505
2093,5,6,10.575
2093,5,7,12.505
2093,5,8,10.868
2093,5,9,8.9333
2093,5,10,12.582
2093,5,11,14.417
2093,5,12,14.068
2093,5,13,14.607
2093,5,14,14.693
2093,5,15,14.896
2093,5,16,16.284
2093,5,17,13.729
2093,5,18,11.051
2093,5,19,13.918
2093,5,20,14.366
2093,5,21,14.838
2093,5,22,12.722
2093,5,23,11.708
2093,5,24,14.28
2093,5,25,14.196
2093,5,26,14.258
2093,5,27,15.669
2093,5,28,16.798
2093,5,29,19.156
2093,5,30,17.197
2093,5,31,15.256
2093,6,1,14.96
2093,6,2,13.102
2093,6,3,13.345
2093,6,4,14.138
2093,6,5,18.233
2093,6,6,17.775
2093,6,7,18.104
2093,6,8,20.463
2093,6,9,18.638
2093,6,10,22.197
2093,6,11,23.644
2093,6,12,21.745
2093,6,13,24.432
2093,6,14,23.428
2093,6,15,22.082
2093,6,16,21.233
2093,6,17,20.381
2093,6,18,21.901
2093,6,19,28.264
2093,6,20,26.248
2093,6,21,23.01
2093,6,22,21.975
2093,6,23,21.568
2093,6,24,19.967
2093,6,25,19.515
2093,6,26,17.093
2093,6,27,18.996
2093,6,28,19.82
2093,6,29,21.16
2093,6,30,23.796
2093,7,1,22.99
2093,7,2,22.505
2093,7,3,23.068
2093,7,4,19.503
2093,7,5,17.936
2093,7,6,18.873
2093,7,7,20.127
2093,7,8,21.36
2093,7,9,22.381
2093,7,10,23.378
2093,7,11,23.808
2093,7,12,21.827
2093,7,13,21.499
2093,7,14,21.527
2093,7,15,21.92
2093,7,16,22.996
2093,7,17,23.906
2093,7,18,26.666
2093,7,19,25.269
2093,7,20,23.291
2093,7,21,24.023
2093,7,22,22.645
2093,7,23,23.195
2093,7,24,22.967
2093,7,25,23.62
2093,7,26,24.266
2093,7,27,21.21
2093,7,28,20.99
2093,7,29,22.235
2093,7,30,21.639
2093,7,31,24.613
2093,8,1,23.128
2093,8,2,20.656
2093,8,3,22.306
2093,8,4,22.842
2093,8,5,23.83
2093,8,6,21.703
2093,8,7,21.789
2093,8,8,22.543
2093,8,9,21.568
2093,8,10,18.782
2093,8,11,19.501
2093,8,12,18.301
2093,8,13,19.438
2093,8,14,24.609
2093,8,15,22.313
2093,8,16,25.776
2093,8,17,25.095
2093,8,18,23.215
2093,8,19,20.295
2093,8,20,17.501
2093,8,21,18.016
2093,8,22,18.575
2093,8,23,22.264
2093,8,24,23.99
2093,8,25,23.821
2093,8,26,19.289
2093,8,27,16.343
2093,8,28,18.857
2093,8,29,22.345
2093,8,30,23.957
2093,8,31,24.63
2093,9,1,19.377
2093,9,2,16.427
2093,9,3,16.366
2093,9,4,16.997
2093,9,5,19.154
2093,9,6,20.15
2093,9,7,21.293
2093,9,8,17.111
2093,9,9,15.129
2093,9,10,15.344
2093,9,11,18.514
2093,9,12,20.539
2093,9,13,16.878
2093,9,14,16.892
2093,9,15,17.829
2093,9,16,20.199
2093,9,17,16.122
2093,9,18,13.722
2093,9,19,14.804
2093,9,20,15.725
2093,9,21,11.759
2093,9,22,10.867
2093,9,23,12.076
2093,9,24,15.841
2093,9,25,19.028
2093,9,26,18.845
2093,9,27,16.401
2093,9,28,16.142
2093,9,29,16.142
2093,9,30,20.868
2093,10,1,18.029
2093,10,2,14.795
2093,10,3,14.666
2093,10,4,12.923
2093,10,5,10.445
2093,10,6,13.21
2093,10,7,14.266
2093,10,8,15.849
2093,10,9,20.454
2093,10,10,20.91
2093,10,11,16.483
2093,10,12,12.696
2093,10,13,11.973
2093,10,14,16.322
2093,10,15,14.956
2093,10,16,10.405
2093,10,17,9.2478
2093,10,18,14.775
2093,10,19,13.509
2093,10,20,16.022
2093,10,21,16.167
2093,10,22,9.9121
2093,10,23,8.4383
2093,10,24,9.805
2093,10,25,10.06
2093,10,26,10.182
2093,10,27,11.017
2093,10,28,11.72
2093,10,29,15.541
2093,10,30,11.302
2093,10,31,11.563
2093,11,1,14.909
2093,11,2,9.8232
2093,11,3,8.8236
2093,11,4,15.584
2093,11,5,18.485
2093,11,6,13.917
2093,11,7,9.717
2093,11,8,8.3843
2093,11,9,10.542
2093,11,10,17.773
2093,11,11,14.427
2093,11,12,11.324
2093,11,13,10.896
2093,11,14,10.975
2093,11,15,10.028
2093,11,16,8.9706
2093,11,17,8.786
2093,11,18,7.0995
2093,11,19,5.6799
2093,11,20,10.557
2093,11,21,16.187
2093,11,22,16.395
2093,11,23,16.469
2093,11,24,12.806
2093,11,25,11.903
2093,11,26,7.2836
2093,11,27,6.6289
2093,11,28,5.748
2093,11,29,6.9026
2093,11,30,7.9098
2093,12,1,9.711
2093,12,2,9.0839
2093,12,3,12.043
2093,12,4,10.051
2093,12,5,8.2714
2093,12,6,3.3471
2093,12,7,0.87244
2093,12,8,0.18132
2093,12,9,5.2338
2093,12,10,5.6293
2093,12,11,5.6459
2093,12,12,2.158
2093,12,13,5.3152
2093,12,14,7.6219
2093,12,15,4.6216
2093,12,16,4.645
2093,12,17,9.0382
2093,12,18,9.5252
2093,12,19,9.7129
2093,12,20,12.537
2093,12,21,12.278
2093,12,22,10.828
2093,12,23,8.7415
2093,12,24,14.292
2093,12,25,9.8842
2093,12,26,8.1297
2093,12,27,6.4741
2093,12,28,7.604
2093,12,29,13.493
2093,12,30,8.9517
2093,12,31,7.284
2094,1,1,8.8447
2094,1,2,5.484
2094,1,3,3.7214
2094,1,4,1.5689
2094,1,5,-0.98187
2094,1,6,-1.2016
2094,1,7,3.8017
2094,1,8,9.075
2094,1,9,8.9324
2094,1,10,4.6927
2094,1,11,3.4337
2094,1,12,2.0914
2094,1,13,5.5238
2094,1,14,8.9333
2094,1,15,5.8466
2094,1,16,3.9556
2094,1,17,3.0504
2094,1,18,3.2422
2094,1,19,8.9229
2094,1,20,11.874
2094,1,21,4.0541
2094,1,22,3.2348
2094,1,23,4.0298
2094,1,24,5.0175
2094,1,25,6.284
2094,1,26,6.5441
2094,1,27,4.3456
2094,1,28,4.9128
2094,1,29,7.5575
2094,1,30,4.4491
2094,1,31,3.8826
2094,2,1,5.5336
2094,2,2,7.2623
2094,2,3,4.3158
2094,2,4,1.9932
2094,2,5,1.3271
2094,2,6,1.7388
2094,2,7,0.62436
2094,2,8,-0.071204
2094,2,9,8.5337
2094,2,10,5.9271
2094,2,11,7.8651
2094,2,12,7.6603
2094,2,13,5.1421
2094,2,14,4.0032
2094,2,15,8.6606
2094,2,16,9.1755
2094,2,17,6.4649
2094,2,18,7.9444
2094,2,19,4.953
2094,2,20,3.5628
2094,2,21,2.2896
2094,2,22,3.2592
2094,2,23,5.2599
2094,2,24,10.278
2094,2,25,8.8852
2094,2,26,4.0462
2094,2,27,3.203
2094,2,28,3.1478
2094,3,1,7.1201
2094,3,2,4.6629
2094,3,3,6.5923
2094,3,4,5.0668
2094,3,5,5.4493
2094,3,6,5.2692
2094,3,7,6.4833
2094,3,8,5.8825
2094,3,9,4.9598
2094,3,10,3.3911
2094,3,11,5.742
2094,3,12,8.6094
2094,3,13,10.771
2094,3,14,9.8316
2094,3,15,7.6366
2094,3,16,5.0064
2094,3,17,5.2742
2094,3,18,7.7885
2094,3,19,6.4582
2094,3,20,3.3767
2094,3,21,6.6329
2094,3,22,6.8318
2094,3,23,9.0077
2094,3,24,8.7554
2094,3,25,13.613
2094,3,26,11.211
2094,3,27,9.7696
2094,3,28,7.1413
2094,3,29,11.389
2094,3,30,12.915
2094,3,31,10.277
2094,4,1,10.49
2094,4,2,9.6829
2094,4,3,9.5042
2094,4,4,11.409
2094,4,5,9.0742
2094,4,6,7.6918
2094,4,7,8.2098
2094,4,8,7.1182
2094,4,9,12.621
2094,4,10,10.388
2094,4,11,11.336
2094,4,12,11.899
2094,4,13,9.1882
2094,4,14,10.029
2094,4,15,8.827
2094,4,16,10.646
2094,4,17,10.188
2094,4,18,8.9835
2094,4,19,9.0831
2094,4,20,9.1954
2094,4,21,8.779
2094,4,22,8.4348
2094,4,23,9.4703
2094,4,24,12.339
2094,4,25,11.471
2094,4,26,9.3163
2094,4,27,8.1787
2094,4,28,10.145
2094,4,29,11.498
2094,4,30,12.478
2094,5,1,13.78
2094,5,2,10.916
2094,5,3,9.8825
2094,5,4,9.8585
2094,5,5,10.842
2094,5,6,10.09
2094,5,7,14.963
2094,5,8,12.295
2094,5,9,10.649
2094,5,10,12.167
2094,5,11,11.643
2094,5,12,12.095
2094,5,13,10.55
2094,5,14,13.683
2094,5,15,15.03
2094,5,16,17.862
2094,5,17,17.284
2094,5,18,15.113
2094,5,19,14.828
2094,5,20,17.797
2094,5,21,17.406
2094,5,22,19.731
2094,5,23,14.138
2094,5,24,12.509
2094,5,25,12.212
2094,5,26,11.931
2094,5,27,9.4209
2094,5,28,12.528
2094,5,29,13.01
2094,5,30,11.871
2094,5,31,13.692
2094,6,1,13.099
2094,6,2,13.993
2094,6,3,14.402
2094,6,4,16.45
2094,6,5,15.644
2094,6,6,13.266
2094,6,7,13.715
2094,6,8,14.861
2094,6,9,14.33
2094,6,10,16.326
2094,6,11,18.914
2094,6,12,18.904
2094,6,13,16.586
2094,6,14,16.949
2094,6,15,18.093
2094,6,16,20.861
2094,6,17,20.642
2094,6,18,17.996
2094,6,19,16.189
2094,6,20,16.821
2094,6,21,16.867
2094,6,22,18.301
2094,6,23,20.603
2094,6,24,18.809
2094,6,25,20.186
2094,6,26,20.377
2094,6,27,23.286
2094,6,28,23.722
2094,6,29,20.243
2094,6,30,18.057
2094,7,1,18.567
2094,7,2,22.815
2094,7,3,22.822
2094,7,4,21.723
2094,7,5,20.294
2094,7,6,19.815
2094,7,7,20.571
2094,7,8,21.251
2094,7,9,20.216
2094,7,10,20.275
2094,7,11,21.905
2094,7,12,22.199
2094,7,13,20.869
2094,7,14,20.344
2094,7,15,22.688
2094,7,16,23.617
2094,7,17,23.826
2094,7,18,23.664
2094,7,19,23.321
2094,7,20,23.067
2094,7,21,21.592
2094,7,22,24.614
2094,7,23,25.276
2094,7,24,27.233
2094,7,25,27.513
2094,7,26,27.718
2094,7,27,25.493
2094,7,28,22.172
2094,7,29,19.906
2094,7,30,18.266
2094,7,31,16.875
2094,8,1,18.095
2094,8,2,20.125
2094,8,3,21.324
2094,8,4,18.779
2094,8,5,18.489
2094,8,6,18.51
2094,8,7,16.415
2094,8,8,16.406
2094,8,9,17.182
2094,8,10,17.559
2094,8,11,18.387
2094,8,12,18.903
2094,8,13,21.073
2094,8,14,21.81
2094,8,15,22.372
2094,8,16,18.774
2094,8,17,16.625
2094,8,18,14.829
2094,8,19,19.58
2094,8,20,19.883
2094,8,21,18.272
2094,8,22,19.278
2094,8,23,20.049
2094,8,24,18.839
2094,8,25,18.377
2094,8,26,21.953
2094,8,27,23.094
2094,8,28,23.767
2094,8,29,22.848
2094,8,30,19.017
2094,8,31,17.029
2094,9,1,17.595
2094,9,2,18.365
2094,9,3,18.277
2094,9,4,16.73
2094,9,5,17.413
2094,9,6,18.737
2094,9,7,20.655
2094,9,8,21.351
2094,9,9,21.961
2094,9,10,17.828
2094,9,11,15.273
2094,9,12,14.495
2094,9,13,14.207
2094,9,14,16.565
2094,9,15,18.627
2094,9,16,19.255
2094,9,17,15.439
2094,9,18,19.504
2094,9,19,18.118
2094,9,20,15.173
2094,9,21,17.509
2094,9,22,19.527
2094,9,23,19.517
2094,9,24,20.133
2094,9,25,17.904
2094,9,26,16.641
2094,9,27,14.389
2094,9,28,13.164
2094,9,29,12.992
2094,9,30,14.592
2094,10,1,12.636
2094,10,2,11.782
2094,10,3,9.4263
2094,10,4,10.37
2094,10,5,12.044
2094,10,6,13.175
2094,10,7,13.458
2094,10,8,12.177
2094,10,9,14.031
2094,10,10,15.646
2094,10,11,16.607
2094,10,12,15.779
2094,10,13,15.106
2094,10,14,14.289
2094,10,15,13.415
2094,10,16,11.576
2094,10,17,11.191
2094,10,18,10.763
2094,10,19,10.449
2094,10,20,10.599
2094,10,21,12.707
2094,10,22,11.39
2094,10,23,10.791
2094,10,24,13.478
2094,10,25,12.49
2094,10,26,10.416
2094,10,27,8.5738
2094,10,28,12.468
2094,10,29,12.686
2094,10,30,14.398
2094,10,31,12.005
2094,11,1,12.767
2094,11,2,11.858
2094,11,3,14.673
2094,11,4,8.5213
2094,11,5,7.839
2094,11,6,6.3584
2094,11,7,5.1988
2094,11,8,4.7321
2094,11,9,2.9804
2094,11,10,6.2394
2094,11,11,6.0232
2094,11,12,8.0002
2094,11,13,5.9713
2094,11,14,5.5349
2094,11,15,8.3194
2094,11,16,7.4331
2094,11,17,5.8151
2094,11,18,6.2428
2094,11,19,5.6029
2094,11,20,4.3332
2094,11,21,4.5861
2094,11,22,5.2065
2094,11,23,6.6832
2094,11,24,14.661
2094,11,25,5.7816
2094,11,26,5.5316
2094,11,27,6.0443
2094,11,28,5.2737
2094,11,29,7.107
2094,11,30,7.2446
2094,12,1,6.41
2094,12,2,5.0642
2094,12,3,7.734
2094,12,4,5.8722
2094,12,5,5.8596
2094,12,6,6.5525
2094,12,7,13.634
2094,12,8,14.528
2094,12,9,13.931
2094,12,10,13.565
2094,12,11,9.4937
2094,12,12,7.928
2094,12,13,10.742
2094,12,14,9.1899
2094,12,15,9.2443
2094,12,16,7.7161
2094,12,17,3.578
2094,12,18,2.4885
2094,12,19,0.069564
2094,12,20,2.977
2094,12,21,5.3239
2094,12,22,2.9258
2094,12,23,0.84902
2094,12,24,5.3802
2094,12,25,2.5768
2094,12,26,7.1971
2094,12,27,11.109
2094,12,28,4.8533
2094,12,29,3.626
2094,12,30,4.6018
2094,12,31,7.8681
2095,1,1,6.5177
2095,1,2,3.2645
2095,1,3,1.9257
2095,1,4,1.1484
2095,1,5,1.1101
2095,1,6,0.76077
2095,1,7,-0.89647
2095,1,8,-0.86809
2095,1,9,2.143
2095,1,10,5.4388
2095,1,11,1.5747
2095,1,12,2.9158
2095,1,13,2.7471
2095,1,14,2.0924
2095,1,15,8.9497
2095,1,16,5.1604
2095,1,17,3.0656
2095,1,18,3.5602
2095,1,19,7.9079
2095,1,20,2.2897
2095,1,21,1.2606
2095,1,22,1.7347
2095,1,23,0.9573
2095,1,24,6.4409
2095,1,25,3.4037
2095,1,26,5.0033
2095,1,27,7.1751
2095,1,28,5.7174
2095,1,29,5.1549
2095,1,30,4.3983
2095,1,31,5.6998
2095,2,1,10.508
2095,2,2,7.5811
2095,2,3,5.1209
2095,2,4,1.9545
2095,2,5,2.3359
2095,2,6,4.7815
2095,2,7,5.7724
2095,2,8,9.2832
2095,2,9,5.3482
2095,2,10,4.9619
2095,2,11,4.4416
2095,2,12,6.8556
2095,2,13,6.4948
2095,2,14,4.9568
2095,2,15,6.4774
2095,2,16,2.9131
2095,2,17,5.817
2095,2,18,3.4978
2095,2,19,4.0593
2095,2,20,5.259
2095,2,21,4.7885
2095,2,22,4.9829
2095,2,23,3.8895
2095,2,24,2.0547
2095,2,25,4.2791
2095,2,26,2.2899
2095,2,27,0.76066
2095,2,28,3.5497
2095,3,1,8.8365
2095,3,2,8.9876
2095,3,3,8.0059
2095,3,4,7.1117
2095,3,5,4.7061
2095,3,6,2.9688
2095,3,7,7.5869
2095,3,8,5.2067
2095,3,9,4.1128
2095,3,10,7.0076
2095,3,11,4.6461
2095,3,12,6.9175
2095,3,13,5.1031
2095,3,14,9.8286
2095,3,15,7.332
2095,3,16,5.0498
2095,3,17,4.4329
2095,3,18,5.223
2095,3,19,9.4672
2095,3,20,6.944
2095,3,21,5.5378
2095,3,22,7.0422
2095,3,23,5.5392
2095,3,24,2.4694
2095,3,25,6.9733
2095,3,26,6.3203
2095,3,27,9.5193
2095,3,28,9.9359
2095,3,29,11.872
2095,3,30,11.293
2095,3,31,11.457
2095,4,1,13.314
2095,4,2,10.985
2095,4,3,8.7245
2095,4,4,7.7297
2095,4,5,6.2574
2095,4,6,8.4494
2095,4,7,5.7753
2095,4,8,11.162
2095,4,9,11.017
2095,4,10,9.6207
2095,4,11,7.3657
2095,4,12,5.5565
2095,4,13,5.8212
2095,4,14,10.673
2095,4,15,12.974
2095,4,16,11.66
2095,4,17,12.123
2095,4,18,9.4861
2095,4,19,7.3566
2095,4,20,10.461
2095,4,21,13.594
2095,4,22,11.417
2095,4,23,9.6039
2095,4,24,11.445
2095,4,25,10.497
2095,4,26,11.45
2095,4,27,14.028
2095,4,28,13.261
2095,4,29,11.931
2095,4,30,13.918
2095,5,1,11.957
2095,5,2,9.851
2095,5,3,7.8369
2095,5,4,11.056
2095,5,5,9.4916
2095,5,6,7.1605
2095,5,7,11.082
2095,5,8,11.693
2095,5,9,13.615
2095,5,10,13.065
2095,5,11,12.399
2095,5,12,13.817
2095,5,13,14.027
2095,5,14,16.027
2095,5,15,16.12
2095,5,16,14.041
2095,5,17,11.549
2095,5,18,12.497
2095,5,19,10.97
2095,5,20,16.597
2095,5,21,13.698
2095,5,22,11.692
2095,5,23,14.492
2095,5,24,16.583
2095,5,25,17.344
2095,5,26,16.46
2095,5,27,14.238
2095,5,28,15.077
2095,5,29,13.987
2095,5,30,15.268
2095,5,31,14.559
2095,6,1,15.191
2095,6,2,12.53
2095,6,3,13.394
2095,6,4,14.306
2095,6,5,14.761
2095,6,6,19.12
2095,6,7,22.366
2095,6,8,20.453
2095,6,9,20.324
2095,6,10,25.967
2095,6,11,27.592
2095,6,12,25.629
2095,6,13,24.373
2095,6,14,22.094
2095,6,15,19.566
2095,6,16,19.69
2095,6,17,17.424
2095,6,18,16.108
2095,6,19,18.8
2095,6,20,20.792
2095,6,21,20.853
2095,6,22,18.784
2095,6,23,19.698
2095,6,24,16.307
2095,6,25,14.906
2095,6,26,15.281
2095,6,27,17.197
2095,6,28,17.752
2095,6,29,18.639
2095,6,30,19.476
2095,7,1,24.207
2095,7,2,24.644
2095,7,3,21.544
2095,7,4,20.326
2095,7,5,17.881
2095,7,6,16.936
2095,7,7,17.961
2095,7,8,20.758
2095,7,9,22.748
2095,7,10,23.23
2095,7,11,23.275
2095,7,12,24.109
2095,7,13,22.347
2095,7,14,20.727
2095,7,15,22.069
2095,7,16,22.943
2095,7,17,21.948
2095,7,18,21.454
2095,7,19,26.527
2095,7,20,23.593
2095,7,21,22.838
2095,7,22,22.289
2095,7,23,20.402
2095,7,24,20.495
2095,7,25,22.01
2095,7,26,26.575
2095,7,27,27.686
2095,7,28,27.723
2095,7,29,26.368
2095,7,30,23.521
2095,7,31,21.402
2095,8,1,22.275
2095,8,2,22.753
2095,8,3,27.497
2095,8,4,25.274
2095,8,5,23.925
2095,8,6,23.611
2095,8,7,23.427
2095,8,8,22.016
2095,8,9,25.984
2095,8,10,26.854
2095,8,11,24.797
2095,8,12,26.01
2095,8,13,26.285
2095,8,14,25.242
2095,8,15,25.369
2095,8,16,25.375
2095,8,17,25.475
2095,8,18,27.703
2095,8,19,25.885
2095,8,20,25.719
2095,8,21,25.891
2095,8,22,24.444
2095,8,23,24
2095,8,24,25.822
2095,8,25,23.412
2095,8,26,27.581
2095,8,27,26.244
2095,8,28,26.109
2095,8,29,20.734
2095,8,30,18.288
2095,8,31,19.573
2095,9,1,19.454
2095,9,2,17.748
2095,9,3,15.318
2095,9,4,19.877
2095,9,5,18.707
2095,9,6,17.878
2095,9,7,19.655
2095,9,8,18.787
2095,9,9,17.147
2095,9,10,14.494
2095,9,11,12.038
2095,9,12,12.128
2095,9,13,15.153
2095,9,14,18.006
2095,9,15,17.149
2095,9,16,15.502
2095,9,17,14.778
2095,9,18,14.858
2095,9,19,16.139
2095,9,20,19.549
2095,9,21,19.858
2095,9,22,23.614
2095,9,23,22.802
2095,9,24,19.797
2095,9,25,17.808
2095,9,26,13.364
2095,9,27,11.511
2095,9,28,20.571
2095,9,29,19.468
2095,9,30,16.595
2095,10,1,16.942
2095,10,2,14.753
2095,10,3,12.348
2095,10,4,13.791
2095,10,5,17.975
2095,10,6,19.624
2095,10,7,15.416
2095,10,8,11.469
2095,10,9,12.166
2095,10,10,9.9993
2095,10,11,9.6244
2095,10,12,12.299
2095,10,13,11.568
2095,10,14,12.794
2095,10,15,10.471
2095,10,16,9.0671
2095,10,17,8.8668
2095,10,18,11.475
2095,10,19,11.905
2095,10,20,13.276
2095,10,21,18.838
2095,10,22,16.99
2095,10,23,14.579
2095,10,24,12.411
2095,10,25,16.889
2095,10,26,17.804
2095,10,27,15.753
2095,10,28,12.557
2095,10,29,10.135
2095,10,30,13.389
2095,10,31,11.349
2095,11,1,14.705
2095,11,2,8.3844
2095,11,3,4.5193
2095,11,4,2.4816
2095,11,5,5.577
2095,11,6,8.8644
2095,11,7,15.062
2095,11,8,9.3625
2095,11,9,9.1991
2095,11,10,8.3902
2095,11,11,8.4358
2095,11,12,8.2033
2095,11,13,9.8143
2095,11,14,10.622
2095,11,15,5.2244
2095,11,16,1.4509
2095,11,17,6.8303
2095,11,18,12.778
2095,11,19,14.811
2095,11,20,10.317
2095,11,21,8.3439
2095,11,22,11.164
2095,11,23,12.436
2095,11,24,10.45
2095,11,25,7.0668
2095,11,26,8.1216
2095,11,27,9.2976
2095,11,28,6.5091
2095,11,29,9.8865
2095,11,30,3.6184
2095,12,1,3.282
2095,12,2,7.2798
2095,12,3,4.2744
2095,12,4,4.9533
2095,12,5,9.2532
2095,12,6,3.1888
2095,12,7,1.9596
2095,12,8,0.91409
2095,12,9,2.5279
2095,12,10,8.9321
2095,12,11,13.647
2095,12,12,13.358
2095,12,13,11.664
2095,12,14,8.3193
2095,12,15,5.1227
2095,12,16,4.9689
2095,12,17,5.9521
2095,12,18,13.334
2095,12,19,12.628
2095,12,20,8.668
2095,12,21,5.6725
2095,12,22,4.786
2095,12,23,4.5995
2095,12,24,1.4794
2095,12,25,7.2558
2095,12,26,10.948
2095,12,27,7.8675
2095,12,28,9.7981
2095,12,29,12.267
2095,12,30,11.179
2095,12,31,11.136
2096,1,1,8.4418
2096,1,2,9.25
2096,1,3,11.722
2096,1,4,13.577
2096,1,5,4.4981
2096,1,6,3.3699
2096,1,7,3.4978
2096,1,8,5.0952
2096,1,9,4.401
2096,1,10,3.2407
2096,1,11,1.8436
2096,1,12,0.76741
2096,1,13,2.6721
2096,1,14,2.8461
2096,1,15,4.0909
2096,1,16,3.7455
2096,1,17,6.1129
2096,1,18,4.7254
2096,1,19,8.2053
2096,1,20,3.795
2096,1,21,1.7352
2096,1,22,9.0928
2096,1,23,6.775
2096,1,24,3.6956
2096,1,25,3.477
2096,1,26,1.9132
2096,1,27,0.74449
2096,1,28,3.8364
2096,1,29,1.8115
2096,1,30,5.3455
2096,1,31,1.1535
2096,2,1,-0.55136
2096,2,2,1.3024
2096,2,3,0.92345
2096,2,4,9.7335
2096,2,5,6.7385
2096,2,6,8.5203
2096,2,7,6.8701
2096,2,8,8.0966
2096,2,9,8.663
2096,2,10,6.3315
2096,2,11,4.1843
2096,2,12,2.9641
2096,2,13,4.6843
2096,2,14,7.8207
2096,2,15,5.3585
2096,2,16,7.7325
2096,2,17,5.8243
2096,2,18,3.2939
2096,2,19,4.5762
2096,2,20,6.6676
2096,2,21,4.9161
2096,2,22,12.104
2096,2,23,6.1298
2096,2,24,3.6888
2096,2,25,2.6359
2096,2,26,6.1269
2096,2,27,4.5763
2096,2,28,3.6
2096,2,29,2.8342
2096,3,1,3.1846
2096,3,2,2.8229
2096,3,3,2.5904
2096,3,4,1.9726
2096,3,5,4.7594
2096,3,6,4.7018
2096,3,7,4.3297
2096,3,8,9.3265
2096,3,9,6.635
2096,3,10,5.0364
2096,3,11,4.4814
2096,3,12,2.8357
2096,3,13,2.5977
2096,3,14,7.2802
2096,3,15,5.0459
2096,3,16,8.102
2096,3,17,5.3711
2096,3,18,3.6547
2096,3,19,2.4863
2096,3,20,4.4198
2096,3,21,6.3766
2096,3,22,5.6066
2096,3,23,11.364
2096,3,24,9.5303
2096,3,25,9.5033
2096,3,26,8.1468
2096,3,27,9.4365
2096,3,28,8.4498
2096,3,29,6.1389
2096,3,30,5.925
2096,3,31,4.1712
2096,4,1,4.9308
2096,4,2,7.3465
2096,4,3,7.5042
2096,4,4,5.3279
2096,4,5,5.1175
2096,4,6,6.3907
2096,4,7,8.5605
2096,4,8,7.5514
2096,4,9,11.259
2096,4,10,9.4018
2096,4,11,9.0745
2096,4,12,12.34
2096,4,13,9.8052
2096,4,14,7.5722
2096,4,15,11.123
2096,4,16,10.977
2096,4,17,10.087
2096,4,18,10.992
2096,4,19,7.5448
2096,4,20,7.6927
2096,4,21,6.8717
2096,4,22,8.75
2096,4,23,10.077
2096,4,24,8.6168
2096,4,25,7.3599
2096,4,26,7.0536
2096,4,27,7.8083
2096,4,28,9.4841
2096,4,29,8.0007
2096,4,30,9.8005
2096,5,1,8.6197
2096,5,2,10.226
2096,5,3,10.754
2096,5,4,9.9252
2096,5,5,8.4132
2096,5,6,7.0501
2096,5,7,10.788
2096,5,8,8.6197
2096,5,9,8.431
2096,5,10,8.0347
2096,5,11,9.4397
2096,5,12,14.157
2096,5,13,11.871
2096,5,14,13.518
2096,5,15,11.182
2096,5,16,11.781
2096,5,17,9.3802
2096,5,18,8.2404
2096,5,19,8.9093
2096,5,20,13.626
2096,5,21,15.464
2096,5,22,16.002
2096,5,23,17.283
2096,5,24,15.787
2096,5,25,16.725
2096,5,26,17.129
2096,5,27,18.759
2096,5,28,16.187
2096,5,29,13.118
2096,5,30,14.849
2096,5,31,12.007
2096,6,1,12.788
2096,6,2,15.194
2096,6,3,12.369
2096,6,4,12.681
2096,6,5,14.669
2096,6,6,15.899
2096,6,7,17.031
2096,6,8,16.41
2096,6,9,13.94
2096,6,10,11.566
2096,6,11,13.756
2096,6,12,12.008
2096,6,13,14.689
2096,6,14,17.06
2096,6,15,14.66
2096,6,16,16.044
2096,6,17,16.468
2096,6,18,17.607
2096,6,19,18.335
2096,6,20,21.031
2096,6,21,19.777
2096,6,22,19.909
2096,6,23,20.646
2096,6,24,20.796
2096,6,25,19.718
2096,6,26,20.148
2096,6,27,21.209
2096,6,28,23.613
2096,6,29,23.66
2096,6,30,22.311
2096,7,1,21.675
2096,7,2,21.928
2096,7,3,24.398
2096,7,4,24.166
2096,7,5,22.721
2096,7,6,25.124
2096,7,7,23.813
2096,7,8,25.631
2096,7,9,26.616
2096,7,10,23.984
2096,7,11,22.048
2096,7,12,21.159
2096,7,13,22.313
2096,7,14,27.017
2096,7,15,24.53
2096,7,16,22.437
2096,7,17,23.618
2096,7,18,24.972
2096,7,19,23.284
2096,7,20,23.552
2096,7,21,22.649
2096,7,22,22.671
2096,7,23,22.357
2096,7,24,24.595
2096,7,25,27.596
2096,7,26,28.108
2096,7,27,26.439
2096,7,28,24.032
2096,7,29,21.053
2096,7,30,24.196
2096,7,31,27.544
2096,8,1,24.098
2096,8,2,23.64
2096,8,3,23.728
2096,8,4,23.156
2096,8,5,25.35
2096,8,6,25.077
2096,8,7,23.717
2096,8,8,24.995
2096,8,9,23.732
2096,8,10,24.526
2096,8,11,29.158
2096,8,12,26.799
2096,8,13,24.347
2096,8,14,24.449
2096,8,15,24.832
2096,8,16,22.341
2096,8,17,22.012
2096,8,18,24.297
2096,8,19,20.02
2096,8,20,24.078
2096,8,21,22.709
2096,8,22,23.049
2096,8,23,22.978
2096,8,24,24.243
2096,8,25,24.277
2096,8,26,23.856
2096,8,27,23.129
2096,8,28,21.695
2096,8,29,19.867
2096,8,30,22.431
2096,8,31,22.258
2096,9,1,23.327
2096,9,2,21.186
2096,9,3,18.572
2096,9,4,14.92
2096,9,5,13.405
2096,9,6,15.562
2096,9,7,15.223
2096,9,8,16.355
2096,9,9,17.086
2096,9,10,15.142
2096,9,11,15.323
2096,9,12,14.966
2096,9,13,15.443
2096,9,14,16.109
2096,9,15,17.397
2096,9,16,18.709
2096,9,17,19.95
2096,9,18,18.498
2096,9,19,14.389
2096,9,20,12.452
2096,9,21,15.066
2096,9,22,13.157
2096,9,23,12.97
2096,9,24,11.481
2096,9,25,14.414
2096,9,26,12.402
2096,9,27,12.708
2096,9,28,13.954
2096,9,29,14.834
2096,9,30,16.424
2096,10,1,16.718
2096,10,2,17.556
2096,10,3,17.393
2096,10,4,18.258
2096,10,5,17.031
2096,10,6,16.558
2096,10,7,14.842
2096,10,8,15.302
2096,10,9,13.71
2096,10,10,14.618
2096,10,11,12.755
2096,10,12,12.973
2096,10,13,16.217
2096,10,14,18.938
2096,10,15,15.187
2096,10,16,14.392
2096,10,17,14.127
2096,10,18,12.961
2096,10,19,10.222
2096,10,20,10.625
2096,10,21,9.8931
2096,10,22,12.237
2096,10,23,10.902
2096,10,24,17.677
2096,10,25,17.153
2096,10,26,13.936
2096,10,27,13.174
2096,10,28,10.744
2096,10,29,7.9473
2096,10,30,5.3159
2096,10,31,6.2463
2096,11,1,7.1502
2096,11,2,7.9221
2096,11,3,8.0936
2096,11,4,12.131
2096,11,5,10.3
2096,11,6,8.7906
2096,11,7,8.5322
2096,11,8,8.601
2096,11,9,10.972
2096,11,10,11.258
2096,11,11,7.37
2096,11,12,4.8854
2096,11,13,6.6963
2096,11,14,5.1206
2096,11,15,13.645
2096,11,16,8.693
2096,11,17,5.6466
2096,11,18,4.9015
2096,11,19,10.99
2096,11,20,15.263
2096,11,21,12.165
2096,11,22,8.8183
2096,11,23,6.861
2096,11,24,6.796
2096,11,25,11.854
2096,11,26,10.174
2096,11,27,6.8832
2096,11,28,6.2206
2096,11,29,7.8115
2096,11,30,6.6836
2096,12,1,9.8456
2096,12,2,14.99
2096,12,3,13.841
2096,12,4,7.3611
2096,12,5,4.5719
2096,12,6,7.845
2096,12,7,7.6794
2096,12,8,10.199
2096,12,9,10.493
2096,12,10,7.9694
2096,12,11,8.4382
2096,12,12,5.8986
2096,12,13,9.4059
2096,12,14,11.772
2096,12,15,8.3073
2096,12,16,7.8281
2096,12,17,11.719
2096,12,18,10.303
2096,12,19,6.9898
2096,12,20,6.3625
2096,12,21,10.14
2096,12,22,7.3155
2096,12,23,11.484
2096,12,24,12.048
2096,12,25,6.4774
2096,12,26,5.1517
2096,12,27,13.347
2096,12,28,14.192
2096,12,29,9.5291
2096,12,30,5.9796
2096,12,31,9.8775
2097,1,1,9.5849
2097,1,2,6.9749
2097,1,3,6.1692
2097,1,4,8.0897
2097,1,5,11.215
2097,1,6,5.9741
2097,1,7,4.2225
2097,1,8,6.8678
2097,1,9,4.4849
2097,1,10,5.9361
2097,1,11,6.8285
2097,1,12,8.5677
2097,1,13,6.6846
2097,1,14,3.8481
2097,1,15,4.9097
2097,1,16,3.8367
2097,1,17,3.9412
2097,1,18,1.3908
2097,1,19,0.11471
2097,1,20,8.2194
2097,1,21,3.714
2097,1,22,2.1293
2097,1,23,1.6631
2097,1,24,3.4396
2097,1,25,1.0456
2097,1,26,0.33916
2097,1,27,0.31027
2097,1,28,0.13873
2097,1,29,3.4458
2097,1,30,1.8406
2097,1,31,1.8554
2097,2,1,6.4781
2097,2,2,3.6808
2097,2,3,4.1535
2097,2,4,1.3389
2097,2,5,1.2918
2097,2,6,1.159
2097,2,7,0.61385
2097,2,8,1.0352
2097,2,9,0.39166
2097,2,10,1.458
2097,2,11,7.5813
2097,2,12,6.9301
2097,2,13,4.3191
2097,2,14,4.0546
2097,2,15,1.6395
2097,2,16,5.77
2097,2,17,6.5487
2097,2,18,7.0172
2097,2,19,5.2438
2097,2,20,5.3256
2097,2,21,11.568
2097,2,22,7.3698
2097,2,23,5.1754
2097,2,24,2.459
2097,2,25,5.1228
2097,2,26,4.8999
2097,2,27,4.5253
2097,2,28,9.5576
2097,3,1,12.185
2097,3,2,12.875
2097,3,3,11.228
2097,3,4,7.6216
2097,3,5,6.1809
2097,3,6,9.0285
2097,3,7,9.6184
2097,3,8,12.12
2097,3,9,11.323
2097,3,10,12.329
2097,3,11,12.236
2097,3,12,13.105
2097,3,13,12.024
2097,3,14,8.9199
2097,3,15,8.8549
2097,3,16,9.6065
2097,3,17,9.405
2097,3,18,10.878
2097,3,19,13.383
2097,3,20,12.563
2097,3,21,11.248
2097,3,22,9.0941
2097,3,23,5.6892
2097,3,24,5.5287
2097,3,25,7.8161
2097,3,26,6.3367
2097,3,27,8.7308
2097,3,28,8.2254
2097,3,29,10.402
2097,3,30,11.212
2097,3,31,9.6894
2097,4,1,9.1698
2097,4,2,11.708
2097,4,3,10.492
2097,4,4,12.361
2097,4,5,13.355
2097,4,6,11.891
2097,4,7,10.764
2097,4,8,8.2167
2097,4,9,9.107
2097,4,10,12.537
2097,4,11,14.436
2097,4,12,12.97
2097,4,13,15.589
2097,4,14,13.797
2097,4,15,13.002
2097,4,16,11.604
2097,4,17,10.154
2097,4,18,10.156
2097,4,19,11.146
2097,4,20,10.728
2097,4,21,10.269
2097,4,22,9.0269
2097,4,23,8.0082
2097,4,24,6.8932
2097,4,25,6.4985
2097,4,26,7.009
2097,4,27,10.763
2097,4,28,8.9988
2097,4,29,14.128
2097,4,30,13.186
2097,5,1,11.021
2097,5,2,11.367
2097,5,3,9.7313
2097,5,4,10.627
2097,5,5,9.537
2097,5,6,9.5801
2097,5,7,9.7528
2097,5,8,13.185
2097,5,9,16.284
2097,5,10,19.41
2097,5,11,16.623
2097,5,12,16.197
2097,5,13,15.005
2097,5,14,16.733
2097,5,15,13.129
2097,5,16,11.956
2097,5,17,11.025
2097,5,18,12.867
2097,5,19,12.295
2097,5,20,13.796
2097,5,21,15.386
2097,5,22,15.739
2097,5,23,16.489
2097,5,24,17.775
2097,5,25,18.094
2097,5,26,15.901
2097,5,27,13.974
2097,5,28,15.136
2097,5,29,15.65
2097,5,30,15.556
2097,5,31,18.377
2097,6,1,15.129
2097,6,2,12.718
2097,6,3,13.716
2097,6,4,16.446
2097,6,5,20.017
2097,6,6,21.864
2097,6,7,21.383
2097,6,8,21.471
2097,6,9,22.196
2097,6,10,21.401
2097,6,11,19.21
2097,6,12,21.187
2097,6,13,20.338
2097,6,14,20.076
2097,6,15,19.645
2097,6,16,17.722
2097,6,17,17.817
2097,6,18,18.744
2097,6,19,20.012
2097,6,20,19.108
2097,6,21,20.487
2097,6,22,22.533
2097,6,23,23.412
2097,6,24,22.141
2097,6,25,19.03
2097,6,26,16.898
2097,6,27,19.417
2097,6,28,20.468
2097,6,29,22.311
2097,6,30,21.806
2097,7,1,23.018
2097,7,2,24.064
2097,7,3,18.483
2097,7,4,16.894
2097,7,5,17.041
2097,7,6,18.855
2097,7,7,18.689
2097,7,8,22.857
2097,7,9,24.498
2097,7,10,25.571
2097,7,11,27.46
2097,7,12,26.34
2097,7,13,23.483
2097,7,14,22.451
2097,7,15,26.647
2097,7,16,26.355
2097,7,17,26.096
2097,7,18,26.409
2097,7,19,22.893
2097,7,20,20.547
2097,7,21,22.56
2097,7,22,22.726
2097,7,23,21.528
2097,7,24,23.169
2097,7,25,24.525
2097,7,26,24.317
2097,7,27,23.632
2097,7,28,23.524
2097,7,29,23.995
2097,7,30,21.859
2097,7,31,24.52
2097,8,1,25.382
2097,8,2,23.643
2097,8,3,24.228
2097,8,4,21.962
2097,8,5,19.426
2097,8,6,20.499
2097,8,7,19.05
2097,8,8,18.969
2097,8,9,20.025
2097,8,10,22.674
2097,8,11,23.212
2097,8,12,23.721
2097,8,13,23.285
2097,8,14,24.218
2097,8,15,27.039
2097,8,16,24.635
2097,8,17,23.971
2097,8,18,27.499
2097,8,19,28.907
2097,8,20,25.644
2097,8,21,24.789
2097,8,22,22.703
2097,8,23,20.199
2097,8,24,18.278
2097,8,25,17.969
2097,8,26,17.795
2097,8,27,18.433
2097,8,28,18.852
2097,8,29,19.662
2097,8,30,20.184
2097,8,31,21.363
2097,9,1,21.711
2097,9,2,23.778
2097,9,3,23.527
2097,9,4,19.243
2097,9,5,17.021
2097,9,6,15.029
2097,9,7,17.065
2097,9,8,20.566
2097,9,9,18.38
2097,9,10,15.645
2097,9,11,15.781
2097,9,12,15.734
2097,9,13,14.483
2097,9,14,14.897
2097,9,15,13.278
2097,9,16,15.701
2097,9,17,17.466
2097,9,18,19.14
2097,9,19,18.303
2097,9,20,18.124
2097,9,21,16.656
2097,9,22,17.154
2097,9,23,17.458
2097,9,24,19.522
2097,9,25,16.852
2097,9,26,17.543
2097,9,27,19.845
2097,9,28,21.481
2097,9,29,16.791
2097,9,30,13.863
2097,10,1,15.848
2097,10,2,15.795
2097,10,3,17.235
2097,10,4,20.438
2097,10,5,21.948
2097,10,6,14.221
2097,10,7,12.424
2097,10,8,17.533
2097,10,9,15.525
2097,10,10,14.28
2097,10,11,16.013
2097,10,12,15.36
2097,10,13,14.312
2097,10,14,17.813
2097,10,15,12.012
2097,10,16,9.7018
2097,10,17,8.8178
2097,10,18,8.8987
2097,10,19,8.311
2097,10,20,13.749
2097,10,21,12.96
2097,10,22,14.815
2097,10,23,13.416
2097,10,24,16.069
2097,10,25,16.565
2097,10,26,14.326
2097,10,27,13.747
2097,10,28,14.244
2097,10,29,15.35
2097,10,30,17.264
2097,10,31,12.233
2097,11,1,11.076
2097,11,2,14.464
2097,11,3,14.664
2097,11,4,13.021
2097,11,5,15.67
2097,11,6,9.0784
2097,11,7,8.3377
2097,11,8,6.8626
2097,11,9,6.7422
2097,11,10,11.916
2097,11,11,9.9339
2097,11,12,9.5319
2097,11,13,7.9318
2097,11,14,9.6163
2097,11,15,11.999
2097,11,16,7.6373
2097,11,17,6.4589
2097,11,18,8.2561
2097,11,19,8.209
2097,11,20,5.7415
2097,11,21,4.9059
2097,11,22,3.8051
2097,11,23,4.3506
2097,11,24,6.368
2097,11,25,4.8613
2097,11,26,2.8544
2097,11,27,3.4811
2097,11,28,8.8295
2097,11,29,8.3805
2097,11,30,8.1736
2097,12,1,5.573
2097,12,2,10.679
2097,12,3,5.1824
2097,12,4,3.1338
2097,12,5,1.114
2097,12,6,6.5906
2097,12,7,1.9956
2097,12,8,1.3117
2097,12,9,7.2073
2097,12,10,5.8548
2097,12,11,3.8224
2097,12,12,8.2757
2097,12,13,3.1315
2097,12,14,0.76667
2097,12,15,5.7237
2097,12,16,4.0812
2097,12,17,8.3442
2097,12,18,7.7436
2097,12,19,5.3557
2097,12,20,8.4268
2097,12,21,6.4328
2097,12,22,3.3409
2097,12,23,6.7612
2097,12,24,9.4419
2097,12,25,6.6962
2097,12,26,6.3541
2097,12,27,2.706
2097,12,28,2.4311
2097,12,29,7.0806
2097,12,30,8.1567
2097,12,31,6.7376
2098,1,1,4.8979
2098,1,2,5.0912
2098,1,3,7.4738
2098,1,4,6.8494
2098,1,5,7.8174
2098,1,6,5.4146
2098,1,7,6.4571
2098,1,8,12.113
2098,1,9,11.369
2098,1,10,10.963
2098,1,11,11.257
2098,1,12,7.3923
2098,1,13,5.4503
2098,1,14,8.4321
2098,1,15,6.6705
2098,1,16,5.3312
2098,1,17,9.5851
2098,1,18,6.4216
2098,1,19,1.5493
2098,1,20,0.94129
2098,1,21,0.0095866
2098,1,22,-1.0499
2098,1,23,2.3701
2098,1,24,3.0344
2098,1,25,4.7258
2098,1,26,1.3676
2098,1,27,0.47785
2098,1,28,4.7277
2098,1,29,7.3445
2098,1,30,7.0791
2098,1,31,7.9129
2098,2,1,4.531
2098,2,2,2.4323
2098,2,3,1.9857
2098,2,4,2.2182
2098,2,5,10.063
2098,2,6,11.45
2098,2,7,9.9944
2098,2,8,9.2453
2098,2,9,11.605
2098,2,10,8.9958
2098,2,11,7.3561
2098,2,12,9.2626
2098,2,13,10.331
2098,2,14,9.1031
2098,2,15,4.3913
2098,2,16,3.403
2098,2,17,5.5067
2098,2,18,4.4401
2098,2,19,5.4882
2098,2,20,3.3188
2098,2,21,4.9775
2098,2,22,4.3961
2098,2,23,7.0923
2098,2,24,5.9799
2098,2,25,6.2061
2098,2,26,6.7812
2098,2,27,4.2601
2098,2,28,4.6381
2098,3,1,2.6177
2098,3,2,5.6488
2098,3,3,8.8401
2098,3,4,6.7535
2098,3,5,6.6602
2098,3,6,9.4962
2098,3,7,7.9269
2098,3,8,10.938
2098,3,9,8.7009
2098,3,10,8.6731
2098,3,11,7.7265
2098,3,12,7.2465
2098,3,13,6.3243
2098,3,14,5.2243
2098,3,15,4.5419
2098,3,16,3.0653
2098,3,17,7.3349
2098,3,18,11.153
2098,3,19,10.908
2098,3,20,10.866
2098,3,21,10.274
2098,3,22,9.5082
2098,3,23,9.279
2098,3,24,8.8413
2098,3,25,8.7698
2098,3,26,7.0472
2098,3,27,6.9034
2098,3,28,4.8814
2098,3,29,3.127
2098,3,30,7.2607
2098,3,31,4.7415
2098,4,1,3.9171
2098,4,2,6.9131
2098,4,3,5.2821
2098,4,4,4.9462
2098,4,5,5.1471
2098,4,6,6.283
2098,4,7,7.3629
2098,4,8,11.303
2098,4,9,11.408
2098,4,10,13.171
2098,4,11,11.997
2098,4,12,10.01
2098,4,13,9.4652
2098,4,14,9.4423
2098,4,15,7.7002
2098,4,16,5.5631
2098,4,17,9.4985
2098,4,18,11.525
2098,4,19,9.6157
2098,4,20,11.58
2098,4,21,10.46
2098,4,22,11.365
2098,4,23,10.748
2098,4,24,11.518
2098,4,25,13.587
2098,4,26,12.406
2098,4,27,10.864
2098,4,28,9.3506
2098,4,29,7.4325
2098,4,30,7.5308
2098,5,1,8.5871
2098,5,2,9.0623
2098,5,3,8.2079
2098,5,4,7.4189
2098,5,5,9.2954
2098,5,6,9.9173
2098,5,7,9.1619
2098,5,8,12.455
2098,5,9,11.197
2098,5,10,8.1026
2098,5,11,13.215
2098,5,12,11.298
2098,5,13,10.701
2098,5,14,11.532
2098,5,15,10.379
2098,5,16,14.794
2098,5,17,13.755
2098,5,18,13.632
2098,5,19,14.269
2098,5,20,14.841
2098,5,21,15.765
2098,5,22,12.764
2098,5,23,13.7
2098,5,24,16.097
2098,5,25,13.43
2098,5,26,10.592
2098,5,27,13.644
2098,5,28,16.655
2098,5,29,15.505
2098,5,30,16.525
2098,5,31,16.593
2098,6,1,17.494
2098,6,2,15.298
2098,6,3,14.906
2098,6,4,13.015
2098,6,5,13.826
2098,6,6,13.461
2098,6,7,15.937
2098,6,8,20.443
2098,6,9,17.327
2098,6,10,17.867
2098,6,11,18.554
2098,6,12,20.148
2098,6,13,18.049
2098,6,14,15.354
2098,6,15,16.451
2098,6,16,16.716
2098,6,17,15.328
2098,6,18,16.36
2098,6,19,17.541
2098,6,20,20.971
2098,6,21,20.226
2098,6,22,19.793
2098,6,23,19.613
2098,6,24,20.996
2098,6,25,19.69
2098,6,26,20.119
2098,6,27,23.561
2098,6,28,24.198
2098,6,29,22.588
2098,6,30,24.604
2098,7,1,21.452
2098,7,2,20.452
2098,7,3,17.921
2098,7,4,20.862
2098,7,5,21.171
2098,7,6,22.453
2098,7,7,21.528
2098,7,8,20.297
2098,7,9,23.271
2098,7,10,22.291
2098,7,11,26.8
2098,7,12,28.626
2098,7,13,28.834
2098,7,14,26.164
2098,7,15,25.386
2098,7,16,23.706
2098,7,17,26.956
2098,7,18,25.803
2098,7,19,24.499
2098,7,20,24.955
2098,7,21,24.905
2098,7,22,25.079
2098,7,23,26.747
2098,7,24,26.786
2098,7,25,23.83
2098,7,26,23.906
2098,7,27,21.501
2098,7,28,22.009
2098,7,29,23.463
2098,7,30,22.514
2098,7,31,22.239
2098,8,1,22.032
2098,8,2,21.822
2098,8,3,23.161
2098,8,4,24.503
2098,8,5,24.772
2098,8,6,23.874
2098,8,7,24.589
2098,8,8,25.745
2098,8,9,27.076
2098,8,10,24.831
2098,8,11,23.343
2098,8,12,24.032
2098,8,13,24.435
2098,8,14,22.945
2098,8,15,21.769
2098,8,16,24.693
2098,8,17,26.758
2098,8,18,25.992
2098,8,19,24.55
2098,8,20,24.331
2098,8,21,21.164
2098,8,22,22.829
2098,8,23,21.811
2098,8,24,22.683
2098,8,25,23.514
2098,8,26,22.278
2098,8,27,21.845
2098,8,28,20.335
2098,8,29,22.779
2098,8,30,22.77
2098,8,31,19.632
2098,9,1,21.139
2098,9,2,18.511
2098,9,3,17.844
2098,9,4,18.537
2098,9,5,19.983
2098,9,6,19.578
2098,9,7,19.715
2098,9,8,18.481
2098,9,9,18.244
2098,9,10,19.089
2098,9,11,21.574
2098,9,12,20.806
2098,9,13,22.238
2098,9,14,20.487
2098,9,15,22.588
2098,9,16,19.758
2098,9,17,16.433
2098,9,18,13.884
2098,9,19,15.448
2098,9,20,15.818
2098,9,21,15.065
2098,9,22,16.979
2098,9,23,16.433
2098,9,24,21.73
2098,9,25,21.468
2098,9,26,19.243
2098,9,27,19.254
2098,9,28,21.012
2098,9,29,21.917
2098,9,30,19.132
2098,10,1,17.169
2098,10,2,15.628
2098,10,3,16.143
2098,10,4,18.837
2098,10,5,17.963
2098,10,6,18.309
2098,10,7,18.031
2098,10,8,18.022
2098,10,9,19.048
2098,10,10,16.949
2098,10,11,13.633
2098,10,12,11.462
2098,10,13,13.05
2098,10,14,10.2
2098,10,15,9.2578
2098,10,16,8.3517
2098,10,17,8.9037
2098,10,18,9.762
2098,10,19,8.5602
2098,10,20,7.8357
2098,10,21,9.4126
2098,10,22,7.825
2098,10,23,10.923
2098,10,24,8.076
2098,10,25,5.9529
2098,10,26,11.139
2098,10,27,8.9142
2098,10,28,9.086
2098,10,29,7.7376
2098,10,30,6.6809
2098,10,31,11.396
2098,11,1,15.931
2098,11,2,17.602
2098,11,3,16.71
2098,11,4,10.414
2098,11,5,8.0649
2098,11,6,10.688
2098,11,7,8.0063
2098,11,8,11.975
2098,11,9,9.6641
2098,11,10,13.67
2098,11,11,11.688
2098,11,12,8.1454
2098,11,13,9.0846
2098,11,14,10.171
2098,11,15,8.3746
2098,11,16,15.034
2098,11,17,13.034
2098,11,18,6.9404
2098,11,19,4.8232
2098,11,20,10.532
2098,11,21,9.1171
2098,11,22,6.9004
2098,11,23,9.219
2098,11,24,8.8024
2098,11,25,8.0557
2098,11,26,8.1712
2098,11,27,4.7122
2098,11,28,6.6985
2098,11,29,14.373
2098,11,30,6.9821
2098,12,1,6.3016
2098,12,2,7.7083
2098,12,3,6.5358
2098,12,4,5.9444
2098,12,5,10.158
2098,12,6,9.6817
2098,12,7,9.5614
2098,12,8,13.978
2098,12,9,12.957
2098,12,10,14.404
2098,12,11,13.626
2098,12,12,9.4901
2098,12,13,4.4145
2098,12,14,1.5931
2098,12,15,2.5047
2098,12,16,6.0049
2098,12,17,5.8393
2098,12,18,3.7074
2098,12,19,3.681
2098,12,20,11.526
2098,12,21,13.363
2098,12,22,14.221
2098,12,23,10.503
2098,12,24,9.5496
2098,12,25,6.0151
2098,12,26,3.6621
2098,12,27,6.6386
2098,12,28,3.4746
2098,12,29,11.227
2098,12,30,4.0137
2098,12,31,4.3782
2099,1,1,7.7976
2099,1,2,3.626
2099,1,3,1.8179
2099,1,4,1.9925
2099,1,5,0.5009
2099,1,6,0.37743
2099,1,7,0.091618
2099,1,8,0.04931
2099,1,9,4.2723
2099,1,10,4.4675
2099,1,11,3.1027
2099,1,12,7.9375
2099,1,13,12.667
2099,1,14,9.9291
2099,1,15,3.6771
2099,1,16,3.6212
2099,1,17,10.664
2099,1,18,5.7956
2099,1,19,5.6898
2099,1,20,5.3524
2099,1,21,8.8861
2099,1,22,7.6911
2099,1,23,6.5867
2099,1,24,3.8771
2099,1,25,2.4788
2099,1,26,8.5274
2099,1,27,6.0009
2099,1,28,7.5727
2099,1,29,12.211
2099,1,30,9.2626
2099,1,31,8.8436
2099,2,1,5.5343
2099,2,2,1.8738
2099,2,3,0.34628
2099,2,4,1.1676
2099,2,5,7.9529
2099,2,6,9.9215
2099,2,7,7.6936
2099,2,8,5.1677
2099,2,9,5.539
2099,2,10,7.9984
2099,2,11,5.0131
2099,2,12,5.0353
2099,2,13,7.1333
2099,2,14,4.3964
2099,2,15,7.5423
2099,2,16,4.8758
2099,2,17,4.1691
2099,2,18,6.1677
2099,2,19,5.2572
2099,2,20,6.263
2099,2,21,7.4832
2099,2,22,5.2516
2099,2,23,5.0947
2099,2,24,10.908
2099,2,25,10.6
2099,2,26,6.6579
2099,2,27,6.7448
2099,2,28,6.7781
2099,3,1,4.8384
2099,3,2,8.3675
2099,3,3,8.9192
2099,3,4,12.419
2099,3,5,8.7333
2099,3,6,8.1846
2099,3,7,9.848
2099,3,8,10.258
2099,3,9,12.858
2099,3,10,10.612
2099,3,11,13.942
2099,3,12,11.388
2099,3,13,9.1976
2099,3,14,9.8053
2099,3,15,8.6708
2099,3,16,7.7469
2099,3,17,8.4157
2099,3,18,7.0134
2099,3,19,5.938
2099,3,20,7.6769
2099,3,21,7.518
2099,3,22,7.165
2099,3,23,8.2148
2099,3,24,10.51
2099,3,25,8.1895
2099,3,26,6.6715
2099,3,27,5.9425
2099,3,28,7.3305
2099,3,29,10.703
2099,3,30,7.8191
2099,3,31,8.118
2099,4,1,8.4496
2099,4,2,7.042
2099,4,3,8.1444
2099,4,4,6.119
2099,4,5,8.0263
2099,4,6,8.9106
2099,4,7,8.9305
2099,4,8,8.5688
2099,4,9,10.033
2099,4,10,8.9413
2099,4,11,7.8668
2099,4,12,8.2903
2099,4,13,10.04
2099,4,14,12.307
2099,4,15,10.37
2099,4,16,8.1147
2099,4,17,10.194
2099,4,18,7.6407
2099,4,19,8.1728
2099,4,20,7.8887
2099,4,21,8.5553
2099,4,22,12.505
2099,4,23,11.386
2099,4,24,9.8897
2099,4,25,12.032
2099,4,26,10.444
2099,4,27,9.2743
2099,4,28,9.73
2099,4,29,11.829
2099,4,30,12.179
2099,5,1,8.7851
2099,5,2,9.3177
2099,5,3,8.9505
2099,5,4,10.195
2099,5,5,10.808
2099,5,6,12.222
2099,5,7,11.517
2099,5,8,9.3365
2099,5,9,7.3972
2099,5,10,12.315
2099,5,11,10.825
2099,5,12,11.839
2099,5,13,11.384
2099,5,14,9.9336
2099,5,15,11.164
2099,5,16,10.983
2099,5,17,10.693
2099,5,18,12.704
2099,5,19,12.295
2099,5,20,11.3
2099,5,21,11.854
2099,5,22,10.451
2099,5,23,12.227
2099,5,24,13.723
2099,5,25,13.316
2099,5,26,11.177
2099,5,27,12.433
2099,5,28,12.693
2099,5,29,13.052
2099,5,30,15.515
2099,5,31,16.283
2099,6,1,14.53
2099,6,2,16.541
2099,6,3,13.849
2099,6,4,14.349
2099,6,5,12.648
2099,6,6,13.602
2099,6,7,14.108
2099,6,8,11.866
2099,6,9,12.198
2099,6,10,11.805
2099,6,11,13.703
2099,6,12,12.383
2099,6,13,14.725
2099,6,14,15.115
2099,6,15,13.143
2099,6,16,13.433
2099,6,17,13.982
2099,6,18,14.548
2099,6,19,20.079
2099,6,20,18.35
2099,6,21,16.482
2099,6,22,20.881
2099,6,23,23.186
2099,6,24,21.23
2099,6,25,21.433
2099,6,26,19.9
2099,6,27,20.27
2099,6,28,23.743
2099,6,29,21.874
2099,6,30,18.887
2099,7,1,15.888
2099,7,2,14.536
2099,7,3,18.897
2099,7,4,18.461
2099,7,5,21.082
2099,7,6,20.881
2099,7,7,21.848
2099,7,8,18.709
2099,7,9,20.302
2099,7,10,21.384
2099,7,11,20.158
2099,7,12,18.35
2099,7,13,19.523
2099,7,14,19.466
2099,7,15,19.155
2099,7,16,19.597
2099,7,17,22.648
2099,7,18,19.425
2099,7,19,19.862
2099,7,20,22.764
2099,7,21,25.382
2099,7,22,25.879
2099,7,23,26.59
2099,7,24,27.876
2099,7,25,27.491
2099,7,26,28.543
2099,7,27,25.421
2099,7,28,24.549
2099,7,29,26.521
2099,7,30,26.277
2099,7,31,27.69
2099,8,1,29.96
2099,8,2,30.128
2099,8,3,29.04
2099,8,4,26.988
2099,8,5,26.415
2099,8,6,25.146
2099,8,7,21.47
2099,8,8,20.393
2099,8,9,20.701
2099,8,10,21.68
2099,8,11,22.552
2099,8,12,22.821
2099,8,13,22.676
2099,8,14,22.226
2099,8,15,21.807
2099,8,16,22.782
2099,8,17,22.49
2099,8,18,19.94
2099,8,19,21.458
2099,8,20,21.329
2099,8,21,20.946
2099,8,22,23.534
2099,8,23,21.484
2099,8,24,20.621
2099,8,25,21.662
2099,8,26,22.177
2099,8,27,22.414
2099,8,28,22.707
2099,8,29,22.32
2099,8,30,22.202
2099,8,31,22.568
2099,9,1,21.23
2099,9,2,19.981
2099,9,3,18.698
2099,9,4,21.731
2099,9,5,20.412
2099,9,6,17.802
2099,9,7,16.597
2099,9,8,17.245
2099,9,9,19.443
2099,9,10,17.585
2099,9,11,19.834
2099,9,12,19.486
2099,9,13,19.411
2099,9,14,14.309
2099,9,15,12.239
2099,9,16,15.294
2099,9,17,13.597
2099,9,18,18.195
2099,9,19,18.125
2099,9,20,14.953
2099,9,21,15.695
2099,9,22,14.213
2099,9,23,13.156
2099,9,24,13.36
2099,9,25,16.852
2099,9,26,18.755
2099,9,27,19.717
2099,9,28,17.726
2099,9,29,14.246
2099,9,30,11.468
2099,10,1,9.1111
2099,10,2,8.9783
2099,10,3,8.8724
2099,10,4,14.74
2099,10,5,16.366
2099,10,6,12.489
2099,10,7,9.0569
2099,10,8,8.6906
2099,10,9,15.547
2099,10,10,13.188
2099,10,11,10.748
2099,10,12,10.612
2099,10,13,12.239
2099,10,14,13.755
2099,10,15,16.46
2099,10,16,13.485
2099,10,17,13.335
2099,10,18,10.761
2099,10,19,11.643
2099,10,20,11.709
2099,10,21,10.528
2099,10,22,8.7325
2099,10,23,12.411
2099,10,24,13.637
2099,10,25,11.322
2099,10,26,13.792
2099,10,27,14.838
2099,10,28,13.691
2099,10,29,10.074
2099,10,30,7.8574
2099,10,31,9.677
2099,11,1,17.654
2099,11,2,11.204
2099,11,3,7.2986
2099,11,4,6.4139
2099,11,5,4.7753
2099,11,6,6.2752
2099,11,7,5.7288
2099,11,8,5.7837
2099,11,9,9.5474
2099,11,10,8.5469
2099,11,11,8.3973
2099,11,12,6.2824
2099,11,13,4.7878
2099,11,14,8.576
2099,11,15,9.7829
2099,11,16,8.0363
2099,11,17,4.709
2099,11,18,4.3262
2099,11,19,4.9748
2099,11,20,9.5485
2099,11,21,6.5763
2099,11,22,11.362
2099,11,23,10.069
2099,11,24,9.2193
2099,11,25,7.4222
2099,11,26,6.1236
2099,11,27,9.4502
2099,11,28,12.207
2099,11,29,6.7701
2099,11,30,5.7316
2099,12,1,11.688
2099,12,2,7.407
2099,12,3,6.2583
2099,12,4,14.4
2099,12,5,9.9283
2099,12,6,4.4786
2099,12,7,2.0723
2099,12,8,6.8439
2099,12,9,7.3223
2099,12,10,5.2601
2099,12,11,7.886
2099,12,12,5.9128
2099,12,13,2.549
2099,12,14,2.2297
2099,12,15,4.9243
2099,12,16,5.8932
2099,12,17,2.8165
2099,12,18,5.3411
2099,12,19,6.2039
2099,12,20,14.444
2099,12,21,11.867
2099,12,22,8.3187
2099,12,23,3.8858
2099,12,24,5.925
2099,12,25,7.4177
2099,12,26,3.6854
2099,12,27,3.7351
2099,12,28,8.7729
2099,12,29,4.8835
2099,12,30,2.1693
2099,12,31,4.468
2100,1,1,4.4253
2100,1,2,2.2108
2100,1,3,6.5847
2100,1,4,3.5068
2100,1,5,5.9925
2100,1,6,5.9167
2100,1,7,3.4972
2100,1,8,2.1954
2100,1,9,5.815
2100,1,10,3.7832
2100,1,11,4.3296
2100,1,12,7.0023
2100,1,13,2.8904
2100,1,14,2.7373
2100,1,15,11.236
2100,1,16,4.8692
2100,1,17,3.127
2100,1,18,10.763
2100,1,19,9.6271
2100,1,20,6.3393
2100,1,21,4.0212
2100,1,22,6.3448
2100,1,23,5.6447
2100,1,24,5.9511
2100,1,25,1.2353
2100,1,26,0.99272
2100,1,27,5.4931
2100,1,28,4.3403
2100,1,29,2.4346
2100,1,30,0.79225
2100,1,31,1.3337
2100,2,1,-0.012091
2100,2,2,2.1626
2100,2,3,0.0063619
2100,2,4,4.3702
2100,2,5,3.0339
2100,2,6,1.4906
2100,2,7,0.93216
2100,2,8,6.0725
2100,2,9,5.2272
2100,2,10,5.5946
2100,2,11,3.1809
2100,2,12,3.2921
2100,2,13,7.391
2100,2,14,5.5359
2100,2,15,7.6127
2100,2,16,7.8469
2100,2,17,5.4756
2100,2,18,5.6506
2100,2,19,10.198
2100,2,20,10.139
2100,2,21,9.1878
2100,2,22,7.1058
2100,2,23,5.918
2100,2,24,3.4358
2100,2,25,6.6241
2100,2,26,2.9351
2100,2,27,5.5032
2100,2,28,9.3539
2100,3,1,8.4957
2100,3,2,7.9171
2100,3,3,6.1999
2100,3,4,7.656
2100,3,5,6.446
2100,3,6,10.822
2100,3,7,8.5524
2100,3,8,9.5623
2100,3,9,12.66
2100,3,10,7.9764
2100,3,11,4.6718
2100,3,12,5.1874
2100,3,13,6.6941
2100,3,14,5.7963
2100,3,15,3.9741
2100,3,16,1.943
2100,3,17,3.9718
2100,3,18,4.1026
2100,3,19,5.4868
2100,3,20,3.4707
2100,3,21,3.3186
2100,3,22,8.3244
2100,3,23,11.209
2100,3,24,10.248
2100,3,25,8.6061
2100,3,26,8.4938
2100,3,27,12.768
2100,3,28,9.4498
2100,3,29,12.473
2100,3,30,13.334
2100,3,31,11.83
2100,4,1,11.518
2100,4,2,9.9163
2100,4,3,6.4904
2100,4,4,8.7955
2100,4,5,8.9959
2100,4,6,8.1665
2100,4,7,8.2825
2100,4,8,8.5511
2100,4,9,8.3927
2100,4,10,7.562
2100,4,11,9.2911
2100,4,12,11.529
2100,4,13,9.1192
2100,4,14,9.5902
2100,4,15,7.0053
2100,4,16,5.8243
2100,4,17,5.2211
2100,4,18,7.3337
2100,4,19,8.779
2100,4,20,13.131
2100,4,21,10.063
2100,4,22,9.3066
2100,4,23,6.9155
2100,4,24,7.4881
2100,4,25,6.6967
2100,4,26,9.6466
2100,4,27,7.8994
2100,4,28,7.0216
2100,4,29,11.494
2100,4,30,12.099
2100,5,1,9.673
2100,5,2,8.801
2100,5,3,10.687
2100,5,4,13.115
2100,5,5,10.385
2100,5,6,8.9625
2100,5,7,10.408
2100,5,8,9.2631
2100,5,9,11.951
2100,5,10,12.543
2100,5,11,9.1084
2100,5,12,11.44
2100,5,13,12.03
2100,5,14,15.715
2100,5,15,11.27
2100,5,16,8.827
2100,5,17,11.026
2100,5,18,11.816
2100,5,19,9.3013
2100,5,20,13.471
2100,5,21,16.225
2100,5,22,17.595
2100,5,23,15.348
2100,5,24,13.142
2100,5,25,12.769
2100,5,26,14.585
2100,5,27,16.221
2100,5,28,14.556
2100,5,29,12.734
2100,5,30,13.811
2100,5,31,13.249
2100,6,1,14.63
2100,6,2,20.269
2100,6,3,19.168
2100,6,4,22.433
2100,6,5,20.277
2100,6,6,19.419
2100,6,7,19.932
2100,6,8,22.487
2100,6,9,19.861
2100,6,10,19.52
2100,6,11,18.249
2100,6,12,20.005
2100,6,13,20.534
2100,6,14,18.86
2100,6,15,18.422
2100,6,16,16.17
2100,6,17,14.155
2100,6,18,14.382
2100,6,19,16.42
2100,6,20,15.714
2100,6,21,16.834
2100,6,22,17.104
2100,6,23,14.82
2100,6,24,15.483
2100,6,25,14.696
2100,6,26,15.85
2100,6,27,16.116
2100,6,28,19.274
2100,6,29,21.246
2100,6,30,19.778
2100,7,1,18.917
2100,7,2,23.142
2100,7,3,22.455
2100,7,4,22.974
2100,7,5,22.745
2100,7,6,24.652
2100,7,7,24.494
2100,7,8,23.783
2100,7,9,22.712
2100,7,10,21.832
2100,7,11,20.209
2100,7,12,20.086
2100,7,13,20.81
2100,7,14,25.893
2100,7,15,26.548
2100,7,16,27.135
2100,7,17,25.665
2100,7,18,23.156
2100,7,19,22.355
2100,7,20,22.517
2100,7,21,22.443
2100,7,22,25.142
2100,7,23,25.368
2100,7,24,27.053
2100,7,25,22.518
2100,7,26,21.793
2100,7,27,23.906
2100,7,28,25.582
2100,7,29,26.989
2100,7,30,26.391
2100,7,31,24.068
2100,8,1,25.899
2100,8,2,23.97
2100,8,3,21.566
2100,8,4,20.951
2100,8,5,22.752
2100,8,6,22.145
2100,8,7,23.014
2100,8,8,24.559
2100,8,9,23.558
2100,8,10,22.871
2100,8,11,23.805
2100,8,12,22.927
2100,8,13,23.657
2100,8,14,23.872
2100,8,15,26.363
2100,8,16,25.591
2100,8,17,24.024
2100,8,18,26.775
2100,8,19,25.49
2100,8,20,24.627
2100,8,21,24.887
2100,8,22,28.308
2100,8,23,29.673
2100,8,24,28.049
2100,8,25,23.367
2100,8,26,19.975
2100,8,27,23.034
2100,8,28,23.278
2100,8,29,23.863
2100,8,30,22.033
2100,8,31,19.88
2100,9,1,18.673
2100,9,2,20.541
2100,9,3,21.24
2100,9,4,23.407
2100,9,5,25.752
2100,9,6,26.074
2100,9,7,23.669
2100,9,8,23.651
2100,9,9,24.889
2100,9,10,24.605
2100,9,11,20.946
2100,9,12,20.938
2100,9,13,19.338
2100,9,14,20.105
2100,9,15,20.77
2100,9,16,21.694
2100,9,17,20.993
2100,9,18,21.281
2100,9,19,15.83
2100,9,20,14.308
2100,9,21,15.717
2100,9,22,15.983
2100,9,23,17.281
2100,9,24,13.721
2100,9,25,13.585
2100,9,26,15.043
2100,9,27,16.542
2100,9,28,16.102
2100,9,29,15.952
2100,9,30,14.357
2100,10,1,16.74
2100,10,2,18.862
2100,10,3,15.034
2100,10,4,12.353
2100,10,5,13.019
2100,10,6,11.838
2100,10,7,11.616
2100,10,8,11.642
2100,10,9,13.694
2100,10,10,15.136
2100,10,11,16.183
2100,10,12,17.853
2100,10,13,16.969
2100,10,14,18.395
2100,10,15,13.238
2100,10,16,9.7409
2100,10,17,7.8625
2100,10,18,6.8413
2100,10,19,18.949
2100,10,20,15.546
2100,10,21,14.813
2100,10,22,11.861
2100,10,23,9.9934
2100,10,24,10.217
2100,10,25,11.207
2100,10,26,10.587
2100,10,27,16.029
2100,10,28,13.363
2100,10,29,13.704
2100,10,30,18.373
2100,10,31,14.572
2100,11,1,18.319
2100,11,2,13.906
2100,11,3,10.772
2100,11,4,7.9521
2100,11,5,6.1857
2100,11,6,6.9855
2100,11,7,6.0438
2100,11,8,6.5887
2100,11,9,6.3246
2100,11,10,5.9243
2100,11,11,9.3199
2100,11,12,7.7376
2100,11,13,6.641
2100,11,14,6.9819
2100,11,15,11.795
2100,11,16,10.769
2100,11,17,8.7628
2100,11,18,6.4513
2100,11,19,6.0834
2100,11,20,6.9086
2100,11,21,13.646
2100,11,22,16.058
2100,11,23,15.035
2100,11,24,14.366
2100,11,25,15.643
2100,11,26,15.525
2100,11,27,14.843
2100,11,28,8.3296
2100,11,29,7.5694
2100,11,30,5.2268
2100,12,1,3.4217
2100,12,2,3.7548
2100,12,3,8.2522
2100,12,4,9.704
2100,12,5,6.7365
2100,12,6,4.7175
2100,12,7,6.0078
2100,12,8,6.332
2100,12,9,6.0633
2100,12,10,11.497
2100,12,11,13.185
2100,12,12,10.986
2100,12,13,9.7607
2100,12,14,9.5742
2100,12,15,8.2237
2100,12,16,8.4839
2100,12,17,9.9171
2100,12,18,9.7547
2100,12,19,8.9259
2100,12,20,8.8601
2100,12,21,8.9119
2100,12,22,11.796
2100,12,23,13.932
2100,12,24,13.275
2100,12,25,8.7676
2100,12,26,6.5994
2100,12,27,9.8824
2100,12,28,8.8491
2100,12,29,8.5798
2100,12,30,6.538
2100,12,31,5.3972
