20060101,6.9592
20060102,10.291
20060103,12.592
20060104,14.729
20060105,16.188
20060106,12.721
20060107,12.403
20060108,9.1135
20060109,11.028
20060110,9.4004
20060111,7.8521
20060112,7.0284
20060113,4.4045
20060114,3.9903
20060115,5.0494
20060116,7.7135
20060117,7.2911
20060118,8.2686
20060119,9.2638
20060120,9.757
20060121,10.706
20060122,10.374
20060123,10.664
20060124,9.9129
20060125,9.9934
20060126,9.4303
20060127,9.5303
20060128,9.5577
20060129,8.3973
20060130,7.7585
20060131,4.7534
20060201,6.9275
20060202,6.0129
20060203,10.227
20060204,9.475
20060205,8.9512
20060206,7.9798
20060207,6.7812
20060208,7.0941
20060209,6.8929
20060210,9.0242
20060211,8.5765
20060212,10.206
20060213,9.9489
20060214,9.923
20060215,8.776
20060216,8.4148
20060217,8.4302
20060218,9.1743
20060219,13.502
20060220,14.209
20060221,13.97
20060222,13.61
20060223,14.85
20060224,12.512
20060225,13.245
20060226,12.098
20060227,15.437
20060228,13.466
20060301,15.325
20060302,12.828
20060303,16.099
20060304,12.836
20060305,8.5573
20060306,10.639
20060307,8.4713
20060308,3.2607
20060309,7.3825
20060310,3.9452
20060311,6.5972
20060312,7.4438
20060313,11.359
20060314,10.585
20060315,10.776
20060316,10.523
20060317,12.924
20060318,12.015
20060319,9.7701
20060320,12.289
20060321,13.149
20060322,15.603
20060323,13.046
20060324,12.252
20060325,12.196
20060326,11.82
20060327,14.693
20060328,13.438
20060329,16.449
20060330,15.34
20060331,14.284
20060401,15.8
20060402,15.995
20060403,16.172
20060404,16.657
20060405,15.424
20060406,17.391
20060407,17.288
20060408,17.139
20060409,16.361
20060410,18.614
20060411,16.505
20060412,16.071
20060413,17.536
20060414,18.462
20060415,18.91
20060416,14.653
20060417,15.34
20060418,19.043
20060419,19.317
20060420,18.9
20060421,18.451
20060422,21.031
20060423,21.924
20060424,22.987
20060425,21.452
20060426,20.569
20060427,19.361
20060428,18.702
20060429,18.74
20060430,21.758
20060501,22.633
20060502,20.379
20060503,20.464
20060504,25.044
20060505,21.73
20060506,22.931
20060507,20.269
20060508,19.247
20060509,18.143
20060510,24.069
20060511,16.313
20060512,20.088
20060513,24.856
20060514,25.072
20060515,25.662
20060516,27.483
20060517,24.047
20060518,23.903
20060519,19.694
20060520,15.406
20060521,16.654
20060522,18.491
20060523,20.655
20060524,18.251
20060525,18.325
20060526,18.028
20060527,21.158
20060528,21.417
20060529,21.048
20060530,15.919
20060531,17.23
20060601,22.654
20060602,23.195
20060603,25.221
20060604,26.598
20060605,24.325
20060606,27.117
20060607,21.82
20060608,22.485
20060609,21.096
20060610,24.35
20060611,27.101
20060612,27.33
20060613,30.065
20060614,29.913
20060615,31.36
20060616,26.429
20060617,26.301
20060618,27.569
20060619,28.649
20060620,27.334
20060621,24.63
20060622,18.062
20060623,24.069
20060624,24.911
20060625,24.658
20060626,25.704
20060627,27.338
20060628,24.24
20060629,28.349
20060630,29.518
20060701,29.308
20060702,32.123
20060703,34.158
20060704,35.478
20060705,28.723
20060706,24.898
20060707,26.409
20060708,27.963
20060709,23.553
20060710,25.755
20060711,31.474
20060712,31.386
20060713,32.149
20060714,31.795
20060715,31.327
20060716,24.956
20060717,25.802
20060718,28.209
20060719,28.202
20060720,27.586
20060721,31.511
20060722,33.082
20060723,34.476
20060724,30.178
20060725,26.61
20060726,27.093
20060727,28.251
20060728,29.946
20060729,30.461
20060730,29.016
20060731,30.392
20060801,32.463
20060802,33.575
20060803,31.373
20060804,28.016
20060805,28.306
20060806,29.914
20060807,33.065
20060808,33.851
20060809,32.022
20060810,25.955
20060811,24.571
20060812,25.104
20060813,26.633
20060814,28.916
20060815,30.851
20060816,23.653
20060817,25.52
20060818,28.028
20060819,29.619
20060820,30.254
20060821,29.732
20060822,29.272
20060823,25.332
20060824,26.045
20060825,28.5
20060826,28.656
20060827,26.678
20060828,28.335
20060829,28.708
20060830,28.114
20060831,28.577
20060901,30.552
20060902,26.08
20060903,25.642
20060904,24.274
20060905,19.381
20060906,19.351
20060907,21.547
20060908,20.145
20060909,20.503
20060910,23.932
20060911,26.395
20060912,24.491
20060913,25.105
20060914,22.537
20060915,18.923
20060916,20.88
20060917,21.484
20060918,23.691
20060919,24.152
20060920,20.602
20060921,22.405
20060922,20.501
20060923,18.469
20060924,21.756
20060925,22.737
20060926,25.259
20060927,24.81
20060928,24.345
20060929,22.468
20060930,21.099
20061001,15.21
20061002,17.47
20061003,19.832
20061004,18.562
20061005,19.396
20061006,17.408
20061007,17.559
20061008,17.43
20061009,15.743
20061010,15.196
20061011,16.798
20061012,17.213
20061013,14.873
20061014,10.779
20061015,13.864
20061016,11.207
20061017,17.13
20061018,15.604
20061019,15.36
20061020,15.696
20061021,14.394
20061022,14.535
20061023,15.523
20061024,15.864
20061025,14.809
20061026,15.489
20061027,15.891
20061028,17.45
20061029,16.167
20061030,15.058
20061031,12.7
20061101,10.642
20061102,13.431
20061103,13.229
20061104,14.947
20061105,13.47
20061106,14.522
20061107,14.538
20061108,12.544
20061109,12.269
20061110,8.7556
20061111,9.1137
20061112,7.8846
20061113,10.268
20061114,10.71
20061115,10.605
20061116,11.636
20061117,11.81
20061118,11.665
20061119,11.745
20061120,10.831
20061121,14.317
20061122,8.959
20061123,9.0392
20061124,7.4291
20061125,7.8554
20061126,10.887
20061127,8.6915
20061128,7.811
20061129,8.6094
20061130,9.5367
20061201,10.181
20061202,9.8942
20061203,6.5325
20061204,5.6001
20061205,6.6445
20061206,5.7166
20061207,6.8007
20061208,9.0988
20061209,8.6874
20061210,8.9915
20061211,11.94
20061212,9.1417
20061213,4.4891
20061214,5.3934
20061215,7.1194
20061216,1.2915
20061217,7.2728
20061218,4.1791
20061219,3.7436
20061220,2.3172
20061221,8.1027
20061222,9.833
20061223,10.039
20061224,10.692
20061225,12.823
20061226,9.463
20061227,9.7402
20061228,7.4516
20061229,11.914
20061230,9.6002
20061231,7.3087
20070101,9.3059
20070102,10.301
20070103,9.2586
20070104,9.5675
20070105,9.5731
20070106,8.0934
20070107,7.2697
20070108,4.5556
20070109,5.0164
20070110,5.0784
20070111,4.2335
20070112,3.7571
20070113,6.278
20070114,6.8892
20070115,5.9055
20070116,5.9753
20070117,9.3522
20070118,11.767
20070119,7.5064
20070120,7.2785
20070121,8.6933
20070122,7.2936
20070123,6.0839
20070124,7.2049
20070125,7.8692
20070126,6.1045
20070127,6.1958
20070128,6.031
20070129,3.9398
20070130,7.8336
20070131,6.2976
20070201,4.6981
20070202,5.7249
20070203,5.2481
20070204,5.7898
20070205,7.2622
20070206,5.2484
20070207,8.9407
20070208,6.6302
20070209,3.2158
20070210,5.3826
20070211,6.1896
20070212,3.5483
20070213,4.5544
20070214,8.369
20070215,7.2327
20070216,10.727
20070217,5.3521
20070218,8.8961
20070219,15.291
20070220,15.081
20070221,11.414
20070222,10.024
20070223,9.1479
20070224,6.6894
20070225,10.29
20070226,12.25
20070227,14.567
20070228,10.998
20070301,10.974
20070302,11.793
20070303,12.26
20070304,12.628
20070305,16.529
20070306,8.3808
20070307,8.8171
20070308,10.452
20070309,12.026
20070310,9.9731
20070311,10.717
20070312,10.934
20070313,10.888
20070314,10.275
20070315,11.66
20070316,16.752
20070317,12.218
20070318,13.271
20070319,16.467
20070320,17.997
20070321,14.811
20070322,14.144
20070323,13.118
20070324,10.165
20070325,11.341
20070326,14.694
20070327,12.586
20070328,11.423
20070329,11.251
20070330,16.9
20070331,14.746
20070401,13.032
20070402,16.877
20070403,18.422
20070404,14.039
20070405,14.261
20070406,14.65
20070407,13.309
20070408,18.049
20070409,17.542
20070410,13.709
20070411,14.172
20070412,18.963
20070413,14.955
20070414,14.647
20070415,15.381
20070416,15.699
20070417,16.399
20070418,14.895
20070419,15.446
20070420,16.648
20070421,18.53
20070422,14.507
20070423,13.369
20070424,15.239
20070425,16.851
20070426,18.913
20070427,15.484
20070428,15.877
20070429,15.211
20070430,11.591
20070501,14.974
20070502,17.648
20070503,15.861
20070504,14.848
20070505,14.698
20070506,15.547
20070507,17.235
20070508,15.797
20070509,17.434
20070510,17.594
20070511,19.439
20070512,16.98
20070513,17.311
20070514,20.63
20070515,21.769
20070516,20.756
20070517,20.237
20070518,22.557
20070519,23.432
20070520,21.473
20070521,19.588
20070522,18.259
20070523,16.053
20070524,18.335
20070525,15.924
20070526,17.589
20070527,19.783
20070528,17.044
20070529,16.151
20070530,16.901
20070531,17.865
20070601,17.315
20070602,19.547
20070603,20.167
20070604,19.509
20070605,19.507
20070606,22.371
20070607,22.636
20070608,20.782
20070609,20.089
20070610,21.267
20070611,17.874
20070612,19.264
20070613,19.443
20070614,20.479
20070615,20.414
20070616,23.228
20070617,24.678
20070618,26.208
20070619,25.966
20070620,25.652
20070621,20.197
20070622,26.413
20070623,28.175
20070624,29.486
20070625,30.214
20070626,27.468
20070627,24.516
20070628,24.135
20070629,21.948
20070630,22.93
20070701,22.357
20070702,24.217
20070703,24.428
20070704,25.525
20070705,26.148
20070706,26.971
20070707,27.678
20070708,28.674
20070709,30.549
20070710,28.526
20070711,27.289
20070712,27.447
20070713,29.463
20070714,28.788
20070715,31.137
20070716,27.626
20070717,26.787
20070718,27.012
20070719,26.033
20070720,22.455
20070721,25.455
20070722,27.305
20070723,27.142
20070724,26.25
20070725,28.894
20070726,30.79
20070727,31.24
20070728,30.337
20070729,30.819
20070730,32.896
20070731,30.916
20070801,27.41
20070802,26.046
20070803,26.181
20070804,24.984
20070805,23.396
20070806,25.016
20070807,23.974
20070808,26.641
20070809,27.205
20070810,29.017
20070811,27.689
20070812,26.283
20070813,27.899
20070814,29.068
20070815,23.325
20070816,23.278
20070817,21.604
20070818,21.421
20070819,24.329
20070820,23.918
20070821,21.748
20070822,21.234
20070823,22.454
20070824,24.287
20070825,26.958
20070826,27.405
20070827,29.701
20070828,34.296
20070829,32.911
20070830,27.257
20070831,29.63
20070901,29.642
20070902,27.748
20070903,28.347
20070904,24.062
20070905,23.707
20070906,22.584
20070907,23.803
20070908,22.357
20070909,22.763
20070910,24.079
20070911,26.43
20070912,28.302
20070913,24.626
20070914,22.347
20070915,24.039
20070916,27.222
20070917,28.754
20070918,28.661
20070919,27.87
20070920,27.922
20070921,27.631
20070922,27.704
20070923,24.658
20070924,24.846
20070925,24.45
20070926,25.184
20070927,25.142
20070928,23.276
20070929,21.172
20070930,21.014
20071001,16.708
20071002,20.461
20071003,20.807
20071004,22.474
20071005,22.741
20071006,20.263
20071007,19.994
20071008,19.198
20071009,11.809
20071010,15.987
20071011,15.049
20071012,14.778
20071013,17.113
20071014,12.6
20071015,16.398
20071016,14.957
20071017,15.394
20071018,11.243
20071019,12.404
20071020,12.486
20071021,14.365
20071022,13.506
20071023,14.315
20071024,13.519
20071025,13.437
20071026,13.637
20071027,12.346
20071028,13.783
20071029,11.791
20071030,11.79
20071031,14.73
20071101,16.121
20071102,15.212
20071103,12.712
20071104,12.494
20071105,13.158
20071106,12.937
20071107,11.335
20071108,12.837
20071109,13.873
20071110,14.076
20071111,14.266
20071112,11.674
20071113,12.216
20071114,13.846
20071115,12.451
20071116,11.088
20071117,9.7541
20071118,11.159
20071119,11.72
20071120,10.436
20071121,10.914
20071122,11.396
20071123,10.016
20071124,10.035
20071125,10.812
20071126,15.235
20071127,15.202
20071128,14.24
20071129,14.287
20071130,13.766
20071201,13.693
20071202,13.135
20071203,12.669
20071204,12.423
20071205,12.134
20071206,9.7767
20071207,10.589
20071208,9.841
20071209,10.016
20071210,10.137
20071211,9.2953
20071212,9.8293
20071213,6.5368
20071214,10.808
20071215,13.978
20071216,14.09
20071217,12.597
20071218,13.258
20071219,13.525
20071220,13.53
20071221,13.588
20071222,12.999
20071223,11.369
20071224,13.47
20071225,11.717
20071226,6.8519
20071227,8.7461
20071228,7.4809
20071229,7.8633
20071230,6.8195
20071231,6.4919
20080101,9.7305
20080102,8.9996
20080103,5.6587
20080104,3.9085
20080105,3.8872
20080106,2.8575
20080107,0.93182
20080108,2.0611
20080109,3.8136
20080110,6.3205
20080111,3.8154
20080112,4.381
20080113,4.7071
20080114,2.5157
20080115,2.2739
20080116,2.6419
20080117,3.1108
20080118,3.2797
20080119,6.0064
20080120,7.7086
20080121,4.5496
20080122,4.1953
20080123,8.81
20080124,9.9384
20080125,8.8423
20080126,9.3857
20080127,8.0864
20080128,9.709
20080129,6.5455
20080130,5.8054
20080131,10.579
20080201,7.7332
20080202,7.8011
20080203,8.4507
20080204,7.4686
20080205,8.1852
20080206,13.256
20080207,10.363
20080208,9.0428
20080209,7.1136
20080210,5.398
20080211,6.7558
20080212,5.6505
20080213,7.2412
20080214,8.7313
20080215,6.9779
20080216,9.0665
20080217,9.1927
20080218,12.06
20080219,11.464
20080220,12.227
20080221,12.951
20080222,12.051
20080223,9.2105
20080224,9.9216
20080225,14.673
20080226,15.007
20080227,13.822
20080228,11.009
20080229,10.487
20080301,10.533
20080302,10.648
20080303,12.181
20080304,9.4898
20080305,10.652
20080306,9.6023
20080307,10.984
20080308,8.0672
20080309,10.392
20080310,11.554
20080311,12.822
20080312,15.033
20080313,12.752
20080314,11.212
20080315,9.3914
20080316,10.273
20080317,12.004
20080318,13.936
20080319,15.198
20080320,18.16
20080321,18.241
20080322,14.972
20080323,14.338
20080324,14.507
20080325,12.695
20080326,12.754
20080327,6.2932
20080328,13.066
20080329,10.797
20080330,15.655
20080331,13.685
20080401,14.065
20080402,15.161
20080403,14.789
20080404,14.468
20080405,12.932
20080406,11.951
20080407,14.046
20080408,11.54
20080409,16.12
20080410,15.771
20080411,14.227
20080412,13.068
20080413,14.481
20080414,19.529
20080415,19.515
20080416,19.538
20080417,21.265
20080418,16.5
20080419,16.576
20080420,17.072
20080421,13.467
20080422,16.498
20080423,19.102
20080424,19.358
20080425,10.163
20080426,12.783
20080427,10.386
20080428,16.288
20080429,17.307
20080430,19.248
20080501,19.801
20080502,17.998
20080503,20.391
20080504,20.749
20080505,19.366
20080506,20.86
20080507,19.327
20080508,14.568
20080509,22.698
20080510,25.246
20080511,23.489
20080512,20.29
20080513,21.081
20080514,20.005
20080515,21.231
20080516,23.138
20080517,21.14
20080518,20.326
20080519,21.858
20080520,21.184
20080521,22.416
20080522,24.677
20080523,22.317
20080524,21.772
20080525,21.284
20080526,21.549
20080527,19.633
20080528,26.022
20080529,28.925
20080530,28.814
20080531,25.496
20080601,26.909
20080602,27.561
20080603,28.279
20080604,30.862
20080605,29.026
20080606,31.016
20080607,28.443
20080608,25.194
20080609,23.233
20080610,12.917
20080611,20.781
20080612,24.646
20080613,26.554
20080614,29.751
20080615,26.096
20080616,24.522
20080617,25.044
20080618,28.795
20080619,28.893
20080620,23.527
20080621,21.943
20080622,24.004
20080623,23.906
20080624,25.486
20080625,26.764
20080626,29.466
20080627,30.819
20080628,29.092
20080629,29.391
20080630,29.971
20080701,26.053
20080702,21.935
20080703,25.591
20080704,23.121
20080705,21.931
20080706,21.247
20080707,22.02
20080708,21.147
20080709,21.979
20080710,22.418
20080711,23.869
20080712,24.345
20080713,28.454
20080714,28.454
20080715,26.402
20080716,28.329
20080717,29.521
20080718,31.159
20080719,29.677
20080720,30.869
20080721,30.71
20080722,32.217
20080723,31.052
20080724,28.553
20080725,27.315
20080726,28.495
20080727,29.453
20080728,28.399
20080729,29.929
20080730,30.165
20080731,30.062
20080801,27.501
20080802,32.903
20080803,31.091
20080804,29.716
20080805,30.254
20080806,29.521
20080807,28.931
20080808,28.642
20080809,26.807
20080810,27.439
20080811,27.825
20080812,21.424
20080813,22.148
20080814,23.236
20080815,23.881
20080816,24.425
20080817,24.554
20080818,28.72
20080819,30.657
20080820,25.169
20080821,25.388
20080822,26.621
20080823,28.556
20080824,24.735
20080825,27.3
20080826,28.791
20080827,29.764
20080828,25.579
20080829,28.931
20080830,30.684
20080831,32.194
20080901,32.421
20080902,27.142
20080903,22.646
20080904,25.242
20080905,21.006
20080906,23.348
20080907,23.095
20080908,23.18
20080909,21.836
20080910,20.601
20080911,21.29
20080912,21.431
20080913,21.208
20080914,20.106
20080915,20.464
20080916,20.199
20080917,20.37
20080918,18.328
20080919,18.446
20080920,18.963
20080921,18.765
20080922,17.377
20080923,20.915
20080924,22.42
20080925,21.321
20080926,22.615
20080927,22.751
20080928,23.407
20080929,24.643
20080930,25.36
20081001,25.168
20081002,23.24
20081003,23.734
20081004,22.715
20081005,17.299
20081006,19.975
20081007,18.309
20081008,17.788
20081009,12.064
20081010,14.688
20081011,16.123
20081012,16.788
20081013,13.687
20081014,15.758
20081015,15.706
20081016,15.789
20081017,17.676
20081018,16.404
20081019,15.711
20081020,14.397
20081021,13.964
20081022,15.173
20081023,15.007
20081024,14.34
20081025,14.775
20081026,15.96
20081027,15.513
20081028,14.502
20081029,16.462
20081030,15.604
20081031,18.265
20081101,14.974
20081102,13.489
20081103,14.084
20081104,14.381
20081105,13.001
20081106,13.903
20081107,11.813
20081108,11.098
20081109,10.952
20081110,9.7967
20081111,9.9061
20081112,8.1611
20081113,7.8669
20081114,10.969
20081115,10.336
20081116,10.172
20081117,11.25
20081118,14.478
20081119,14.337
20081120,11.409
20081121,11.245
20081122,12.457
20081123,11.89
20081124,14.504
20081125,13.107
20081126,13.995
20081127,14.899
20081128,10.544
20081129,9.9396
20081130,10.395
20081201,9.4552
20081202,9.9009
20081203,13.507
20081204,13.871
20081205,12.458
20081206,9.3833
20081207,7.853
20081208,9.2813
20081209,10.04
20081210,10.049
20081211,7.0838
20081212,5.2492
20081213,5.7055
20081214,9.7964
20081215,8.2216
20081216,6.8279
20081217,3.6181
20081218,3.2288
20081219,3.0771
20081220,2.0275
20081221,2.9307
20081222,5.9112
20081223,3.5067
20081224,6.7705
20081225,8.2208
20081226,6.8989
20081227,6.9236
20081228,6.4497
20081229,8.5742
20081230,8.8224
20081231,9.3739
20090101,9.9321
20090102,9.6513
20090103,10.142
20090104,9.2326
20090105,8.4129
20090106,10.352
20090107,9.7578
20090108,11.697
20090109,10.545
20090110,13.087
20090111,13.004
20090112,8.0235
20090113,4.4324
20090114,3.2632
20090115,1.1718
20090116,0.91956
20090117,0.61572
20090118,5.3172
20090119,6.5861
20090120,6.7715
20090121,6.1202
20090122,5.0132
20090123,3.8509
20090124,3.0293
20090125,7.8555
20090126,7.1935
20090127,6.1535
20090128,5.5471
20090129,6.4613
20090130,11.816
20090131,11.426
20090201,12.794
20090202,9.1425
20090203,8.1
20090204,8.9303
20090205,9.5744
20090206,10.297
20090207,8.2082
20090208,8.491
20090209,9.3078
20090210,9.4185
20090211,10.121
20090212,8.7959
20090213,10.152
20090214,9.9439
20090215,10.432
20090216,10.421
20090217,11.43
20090218,11.553
20090219,13.335
20090220,13.348
20090221,14.002
20090222,12.515
20090223,12.033
20090224,12.304
20090225,12.25
20090226,18.05
20090227,16.203
20090228,16.699
20090301,12.862
20090302,14.243
20090303,18.043
20090304,17.236
20090305,15.744
20090306,14.261
20090307,14.007
20090308,15.509
20090309,14.048
20090310,13.158
20090311,13.834
20090312,15.141
20090313,15.027
20090314,14.317
20090315,13.401
20090316,11.841
20090317,11.469
20090318,12.89
20090319,12.636
20090320,15.26
20090321,16.774
20090322,13.941
20090323,13.823
20090324,18.509
20090325,18.835
20090326,18.114
20090327,20.036
20090328,22.299
20090329,20.094
20090330,19.512
20090331,19.693
20090401,12.332
20090402,12.779
20090403,12.411
20090404,15.223
20090405,11.837
20090406,14.717
20090407,18.04
20090408,19.565
20090409,18.039
20090410,18.898
20090411,18.882
20090412,18.138
20090413,18.768
20090414,15.069
20090415,19.033
20090416,14.811
20090417,18.287
20090418,18.565
20090419,16.29
20090420,18.891
20090421,16.396
20090422,17.594
20090423,18.704
20090424,20.921
20090425,20.932
20090426,19.143
20090427,20.259
20090428,21.75
20090429,23.002
20090430,22.721
20090501,18.784
20090502,17.603
20090503,17.895
20090504,17.585
20090505,18.499
20090506,20.558
20090507,19.781
20090508,22.429
20090509,16.807
20090510,16.296
20090511,18.765
20090512,18.483
20090513,19.584
20090514,22.425
20090515,27.088
20090516,27.18
20090517,25.717
20090518,23.49
20090519,22.797
20090520,27.535
20090521,28.924
20090522,28.375
20090523,24.59
20090524,23.242
20090525,20.121
20090526,24.243
20090527,29.407
20090528,31.945
20090529,28.709
20090530,30.335
20090531,31.296
20090601,28.814
20090602,28.866
20090603,31.214
20090604,24.587
20090605,25.55
20090606,24.353
20090607,20.635
20090608,26.335
20090609,23.329
20090610,18.372
20090611,22.147
20090612,27.988
20090613,27.081
20090614,23.026
20090615,23.896
20090616,25.413
20090617,25.591
20090618,26.199
20090619,25.852
20090620,27.281
20090621,27.414
20090622,28.033
20090623,26.913
20090624,23.738
20090625,28.612
20090626,31.238
20090627,29.923
20090628,29.507
20090629,19.244
20090630,16.577
20090701,16.035
20090702,23.526
20090703,23.497
20090704,24.704
20090705,26.203
20090706,28.459
20090707,30.726
20090708,26.622
20090709,24.866
20090710,28.925
20090711,28.137
20090712,28.253
20090713,29.259
20090714,29.87
20090715,27.723
20090716,29.223
20090717,30.636
20090718,31.362
20090719,23.955
20090720,24.895
20090721,29.076
20090722,26.018
20090723,27.254
20090724,25.475
20090725,24.408
20090726,25.822
20090727,22.521
20090728,22.515
20090729,27.164
20090730,28.787
20090731,28.614
20090801,24.133
20090802,24.908
20090803,25.339
20090804,23.175
20090805,23.611
20090806,28.468
20090807,26.342
20090808,25.484
20090809,26.412
20090810,26.452
20090811,27.532
20090812,26.914
20090813,28.728
20090814,30.249
20090815,29.172
20090816,30.429
20090817,31.522
20090818,30.101
20090819,29.367
20090820,31.565
20090821,26.311
20090822,29.613
20090823,30.175
20090824,30.651
20090825,30.958
20090826,30.804
20090827,30.834
20090828,30.275
20090829,29.086
20090830,26.002
20090831,25.651
20090901,26.012
20090902,23.604
20090903,21.285
20090904,25.633
20090905,27.209
20090906,28.663
20090907,30.156
20090908,31.168
20090909,29.121
20090910,29.469
20090911,27.701
20090912,24.978
20090913,24.877
20090914,21.534
20090915,24.033
20090916,25.818
20090917,25.428
20090918,23.087
20090919,25.763
20090920,25.55
20090921,26.587
20090922,23.552
20090923,22.702
20090924,21.468
20090925,20.953
20090926,23.328
20090927,14.924
20090928,19.383
20090929,19.086
20090930,19.153
20091001,19.142
20091002,19.776
20091003,19.971
20091004,19.905
20091005,19.987
20091006,20.363
20091007,20.673
20091008,19.989
20091009,18.829
20091010,19.2
20091011,18.06
20091012,18.735
20091013,17.853
20091014,19.223
20091015,20.025
20091016,18.515
20091017,18.464
20091018,18.853
20091019,18.807
20091020,17.284
20091021,16.824
20091022,17.041
20091023,16.564
20091024,15.113
20091025,15.686
20091026,16.59
20091027,17.681
20091028,15.859
20091029,17.701
20091030,16.763
20091031,16.339
20091101,16.012
20091102,14.468
20091103,13.622
20091104,12.564
20091105,10.305
20091106,7.9386
20091107,7.7043
20091108,5.5218
20091109,9.1249
20091110,13.647
20091111,6.3456
20091112,7.5975
20091113,8.9745
20091114,7.2348
20091115,6.7377
20091116,8.2138
20091117,10.435
20091118,8.5161
20091119,13.074
20091120,12.363
20091121,10.163
20091122,10.488
20091123,12.766
20091124,12.911
20091125,13.572
20091126,12.328
20091127,11.827
20091128,12.241
20091129,10.439
20091130,9.4123
20091201,10.069
20091202,9.2844
20091203,10.125
20091204,11.15
20091205,8.1877
20091206,9.3363
20091207,12.162
20091208,11.845
20091209,11.49
20091210,14.036
20091211,13.484
20091212,12.787
20091213,12.244
20091214,13.323
20091215,12.2
20091216,13.279
20091217,12.882
20091218,12.889
20091219,12.276
20091220,8.9212
20091221,11.764
20091222,10.854
20091223,8.9053
20091224,8.9092
20091225,11.355
20091226,8.7246
20091227,10.389
20091228,11.121
20091229,14.48
20091230,14.047
20091231,9.0489
20100101,8.203
20100102,6.6324
20100103,7.4937
20100104,6.7478
20100105,7.9631
20100106,8.6681
20100107,11.323
20100108,10.578
20100109,7.1403
20100110,10.817
20100111,10.845
20100112,9.406
20100113,7.4528
20100114,7.9557
20100115,6.4989
20100116,6.5876
20100117,7.3171
20100118,4.7067
20100119,5.8309
20100120,5.7617
20100121,5.9796
20100122,5.3812
20100123,5.0236
20100124,3.7651
20100125,1.1931
20100126,2.7246
20100127,0.6098
20100128,0.85886
20100129,0.053589
20100130,2.1288
20100131,4.2669
20100201,1.8835
20100202,4.7383
20100203,11.614
20100204,8.3237
20100205,6.0693
20100206,10.865
20100207,9.4157
20100208,10.353
20100209,8.4171
20100210,8.2661
20100211,8.5891
20100212,9.6381
20100213,7.4184
20100214,8.6413
20100215,9.4206
20100216,9.3174
20100217,9.2724
20100218,9.9254
20100219,9.3209
20100220,7.419
20100221,4.5723
20100222,9.6885
20100223,11.19
20100224,12.846
20100225,12.411
20100226,14.53
20100227,13.066
20100228,12.411
20100301,11.23
20100302,12.255
20100303,11.826
20100304,8.8018
20100305,11.425
20100306,17.465
20100307,13.674
20100308,17.132
20100309,19.288
20100310,20.897
20100311,14.551
20100312,15.089
20100313,17.694
20100314,13.94
20100315,14.585
20100316,12.887
20100317,13.888
20100318,14.354
20100319,11.808
20100320,13.096
20100321,13.419
20100322,13.973
20100323,7.8866
20100324,13.686
20100325,14.253
20100326,13.886
20100327,9.7526
20100328,15.525
20100329,12.105
20100330,15.823
20100331,12.396
20100401,13.371
20100402,13.924
20100403,15.474
20100404,14.087
20100405,16.432
20100406,14.321
20100407,14.857
20100408,14.368
20100409,13.397
20100410,14.092
20100411,13.223
20100412,14.229
20100413,13.877
20100414,13.42
20100415,17.368
20100416,20.333
20100417,17.552
20100418,18.652
20100419,17.118
20100420,19.135
20100421,21.203
20100422,14.392
20100423,16.539
20100424,19.05
20100425,19.93
20100426,20.151
20100427,17.868
20100428,16.194
20100429,16.821
20100430,15.915
20100501,10.14
20100502,12.695
20100503,17.484
20100504,15.125
20100505,16.279
20100506,18.249
20100507,16.861
20100508,15.751
20100509,15.394
20100510,16.021
20100511,17.627
20100512,20.942
20100513,21.446
20100514,21.911
20100515,20.223
20100516,21.396
20100517,16.946
20100518,12.869
20100519,19.81
20100520,18.131
20100521,17.004
20100522,18.377
20100523,20.237
20100524,19.847
20100525,16.785
20100526,17.413
20100527,17.924
20100528,13.671
20100529,15.607
20100530,19.259
20100531,19.726
20100601,22.781
20100602,24.578
20100603,23.641
20100604,19.536
20100605,19.155
20100606,20.391
20100607,20.118
20100608,20.304
20100609,22.368
20100610,21.797
20100611,21.111
20100612,25.058
20100613,26.035
20100614,26.381
20100615,24.858
20100616,21.911
20100617,22.784
20100618,25.205
20100619,26.983
20100620,21.22
20100621,25.337
20100622,25.504
20100623,25.434
20100624,23.419
20100625,21.851
20100626,24.392
20100627,20.986
20100628,25.654
20100629,27.903
20100630,30.098
20100701,32.988
20100702,29.48
20100703,26.531
20100704,26.801
20100705,33.1
20100706,35.54
20100707,36.766
20100708,36.007
20100709,37.573
20100710,35.255
20100711,31.752
20100712,29.78
20100713,27.848
20100714,31.153
20100715,32.903
20100716,37.421
20100717,38.72
20100718,38.359
20100719,36.954
20100720,34.396
20100721,34.483
20100722,32.309
20100723,32.134
20100724,25.785
20100725,28.235
20100726,30.509
20100727,31.554
20100728,31.16
20100729,27.096
20100730,25.87
20100731,27.738
20100801,31.226
20100802,29.974
20100803,28.613
20100804,29.782
20100805,31.998
20100806,29.702
20100807,33.928
20100808,36.188
20100809,36.014
20100810,34.222
20100811,37.183
20100812,38.165
20100813,37.863
20100814,36.892
20100815,34.793
20100816,30.65
20100817,26.674
20100818,29.13
20100819,30.003
20100820,23.818
20100821,27.376
20100822,25.505
20100823,27.172
20100824,27.666
20100825,26.86
20100826,26.021
20100827,25.383
20100828,28.07
20100829,29.481
20100830,29.281
20100831,26.264
20100901,27.763
20100902,31.717
20100903,29.761
20100904,34.682
20100905,35.458
20100906,27.245
20100907,27.112
20100908,25.734
20100909,24.331
20100910,25.7
20100911,27.934
20100912,25.56
20100913,27.007
20100914,27.55
20100915,26.626
20100916,26.965
20100917,25.849
20100918,25.103
20100919,24.929
20100920,24.353
20100921,25.615
20100922,24.945
20100923,23.194
20100924,21.448
20100925,22.797
20100926,23.237
20100927,24.788
20100928,26.328
20100929,25.289
20100930,25.134
20101001,18.909
20101002,18.783
20101003,19.712
20101004,22.55
20101005,21.785
20101006,19.205
20101007,18.094
20101008,18.047
20101009,18.868
20101010,18.007
20101011,14.826
20101012,13.082
20101013,15.514
20101014,19.198
20101015,18.823
20101016,16.844
20101017,14.387
20101018,14.267
20101019,15.696
20101020,16.43
20101021,15.819
20101022,15.594
20101023,15.397
20101024,14.929
20101025,12.911
20101026,15.325
20101027,18.976
20101028,19.366
20101029,19.661
20101030,16.086
20101031,14.469
20101101,14.062
20101102,12.268
20101103,9.9297
20101104,8.2328
20101105,7.4504
20101106,9.1952
20101107,10.511
20101108,6.8912
20101109,10.954
20101110,10.595
20101111,9.2925
20101112,9.3105
20101113,7.2141
20101114,7.2794
20101115,7.2846
20101116,10.274
20101117,10.899
20101118,9.5969
20101119,9.4855
20101120,12.071
20101121,12.225
20101122,12.848
20101123,13.812
20101124,16.823
20101125,16.872
20101126,15.373
20101127,12.762
20101128,14.283
20101129,13.656
20101130,12.877
20101201,11.753
20101202,10.99
20101203,9.9546
20101204,10.578
20101205,12.024
20101206,9.967
20101207,9.8511
20101208,9.822
20101209,9.7415
20101210,11.959
20101211,10.257
20101212,9.0085
20101213,9.0487
20101214,9.9084
20101215,6.7033
20101216,7.6302
20101217,6.3604
20101218,5.8186
20101219,5.5435
20101220,7.1023
20101221,6.2945
20101222,6.3981
20101223,7.5677
20101224,5.0022
20101225,6.7366
20101226,6.028
20101227,7.363
20101228,9.5356
20101229,10.203
20101230,7.2638
20101231,10.696
20110101,4.847
20110102,4.0896
20110103,7.3705
20110104,8.8168
20110105,8.8842
20110106,9.4604
20110107,9.8359
20110108,7.6458
20110109,6.7607
20110110,7.5281
20110111,8.007
20110112,7.5755
20110113,6.9366
20110114,7.8684
20110115,11.549
20110116,13.129
20110117,6.1693
20110118,1.2042
20110119,4.8283
20110120,2.7739
20110121,3.4835
20110122,4.7864
20110123,4.2681
20110124,3.966
20110125,2.8924
20110126,1.9234
20110127,1.694
20110128,3.4407
20110129,6.3836
20110130,3.3844
20110131,2.4797
20110201,1.2896
20110202,6.0084
20110203,7.3887
20110204,7.7315
20110205,9.0648
20110206,8.303
20110207,7.1713
20110208,6.2685
20110209,6.7646
20110210,6.4663
20110211,5.8235
20110212,3.2401
20110213,2.5941
20110214,4.6012
20110215,3.812
20110216,5.2398
20110217,4.5264
20110218,8.5252
20110219,7.1885
20110220,8.5705
20110221,9.2432
20110222,3.4119
20110223,8.1803
20110224,11.477
20110225,11.986
20110226,11.537
20110227,11.206
20110228,13.342
20110301,15.211
20110302,16.551
20110303,16.933
20110304,15.667
20110305,11.248
20110306,10.384
20110307,10.931
20110308,14.42
20110309,14.866
20110310,14.467
20110311,14.375
20110312,15.516
20110313,14.712
20110314,15.203
20110315,15.683
20110316,16.837
20110317,18.467
20110318,16.655
20110319,17.261
20110320,14.98
20110321,15.333
20110322,12.913
20110323,10.053
20110324,11.653
20110325,11.325
20110326,7.9629
20110327,10.419
20110328,10.993
20110329,9.0246
20110330,12.089
20110331,14.028
20110401,13.935
20110402,14.602
20110403,14.773
20110404,16.554
20110405,15.283
20110406,13.739
20110407,14.312
20110408,16.373
20110409,17.822
20110410,19.083
20110411,19.166
20110412,19.046
20110413,17.147
20110414,13.1
20110415,13.494
20110416,13.595
20110417,11.839
20110418,16.799
20110419,16.945
20110420,17.005
20110421,17.655
20110422,18.688
20110423,19.3
20110424,20.334
20110425,21.048
20110426,18.139
20110427,20.196
20110428,22.24
20110429,19.395
20110430,21.589
20110501,20.135
20110502,20.023
20110503,23.649
20110504,27.182
20110505,28.036
20110506,19.844
20110507,19.354
20110508,16.4
20110509,17.043
20110510,18.237
20110511,18.708
20110512,17.141
20110513,20.41
20110514,20.707
20110515,21.874
20110516,21.417
20110517,26.353
20110518,25.771
20110519,17.032
20110520,18.175
20110521,16.301
20110522,19.106
20110523,18.224
20110524,18.763
20110525,18.596
20110526,20.416
20110527,21.951
20110528,21.308
20110529,22.468
20110530,21.939
20110531,22.085
20110601,24.326
20110602,20.73
20110603,21.752
20110604,22.503
20110605,21.389
20110606,21.953
20110607,22.8
20110608,25.776
20110609,25.277
20110610,24.603
20110611,17.207
20110612,21.673
20110613,25.961
20110614,24.43
20110615,28.032
20110616,26.602
20110617,27.51
20110618,30.491
20110619,33.387
20110620,32.554
20110621,31.847
20110622,29.935
20110623,29.652
20110624,34.045
20110625,30.091
20110626,29.775
20110627,31.742
20110628,34.689
20110629,36.345
20110630,33.482
20110701,34.949
20110702,34.108
20110703,35.433
20110704,35.396
20110705,30.512
20110706,31.242
20110707,33.827
20110708,31.93
20110709,22.935
20110710,21.828
20110711,24.852
20110712,23.495
20110713,23.607
20110714,24.535
20110715,26.094
20110716,27.668
20110717,30.394
20110718,32.809
20110719,28.245
20110720,23.685
20110721,26.215
20110722,23.003
20110723,21.649
20110724,22.672
20110725,22.851
20110726,24.681
20110727,25.948
20110728,31.201
20110729,33.999
20110730,31.465
20110731,31.1
20110801,31.697
20110802,29.789
20110803,25.272
20110804,26.769
20110805,30.121
20110806,26.027
20110807,27.331
20110808,29.384
20110809,27.854
20110810,27.411
20110811,29.397
20110812,31.171
20110813,31.906
20110814,31.018
20110815,33.638
20110816,29.88
20110817,27.704
20110818,26.193
20110819,28.78
20110820,29.257
20110821,19.797
20110822,22.159
20110823,26.487
20110824,25.389
20110825,25.193
20110826,25.961
20110827,27.518
20110828,29.497
20110829,30.45
20110830,27.859
20110831,26.397
20110901,28.638
20110902,29.904
20110903,27.845
20110904,28.809
20110905,28.86
20110906,29.948
20110907,23.637
20110908,27.398
20110909,26.627
20110910,16.813
20110911,22.4
20110912,20.066
20110913,22.56
20110914,21.304
20110915,22.105
20110916,23.589
20110917,22.635
20110918,24.783
20110919,23.433
20110920,22.842
20110921,23.982
20110922,22.375
20110923,22.321
20110924,22.136
20110925,20.445
20110926,17.132
20110927,20.775
20110928,18.283
20110929,20.02
20110930,22.303
20111001,25.111
20111002,24.588
20111003,23.527
20111004,19.292
20111005,19.375
20111006,19.329
20111007,19.185
20111008,18.97
20111009,18.994
20111010,20.842
20111011,20.669
20111012,15.332
20111013,14.705
20111014,11.628
20111015,12.552
20111016,13.212
20111017,13.591
20111018,12.197
20111019,15.218
20111020,12.153
20111021,10.467
20111022,11.393
20111023,13.06
20111024,11.545
20111025,17.17
20111026,18.216
20111027,16.882
20111028,15.616
20111029,12.332
20111030,12.966
20111031,15.187
20111101,18.466
20111102,14.859
20111103,12.787
20111104,13.82
20111105,11.798
20111106,12.052
20111107,12.59
20111108,11.427
20111109,10.848
20111110,12.178
20111111,11.557
20111112,11.531
20111113,11.98
20111114,12.271
20111115,11.865
20111116,11.606
20111117,13.131
20111118,14.318
20111119,13.649
20111120,14.06
20111121,15.084
20111122,13.505
20111123,11.322
20111124,12.158
20111125,12.244
20111126,13.988
20111127,14.055
20111128,14.264
20111129,13.315
20111130,11.565
20111201,9.4826
20111202,7.8598
20111203,6.4612
20111204,5.751
20111205,6.213
20111206,6.9074
20111207,8.0112
20111208,10.799
20111209,13.527
20111210,11.497
20111211,10.255
20111212,11.191
20111213,12.716
20111214,13.252
20111215,13.239
20111216,11.615
20111217,9.0741
20111218,11.655
20111219,11.081
20111220,13.448
20111221,14.517
20111222,10.039
20111223,8.1527
20111224,4.7478
20111225,3.7803
20111226,4.9996
20111227,4.5072
20111228,3.5614
20111229,4.1463
20111230,5.1389
20111231,5.0173
20120101,7.6516
20120102,7.01
20120103,5.6442
20120104,8.8837
20120105,8.9812
20120106,10.64
20120107,10.871
20120108,10.032
20120109,12.785
20120110,13.614
20120111,14.315
20120112,12.266
20120113,10.392
20120114,9.4893
20120115,7.4073
20120116,6.0831
20120117,8.5344
20120118,7.9291
20120119,5.7071
20120120,8.5076
20120121,4.6048
20120122,4.1357
20120123,2.4893
20120124,6.7066
20120125,9.8713
20120126,9.0221
20120127,7.6768
20120128,10.027
20120129,13.19
20120130,13.374
20120131,15.19
20120201,14.272
20120202,12.774
20120203,13.049
20120204,11.513
20120205,11.091
20120206,10.739
20120207,11.587
20120208,9.9649
20120209,8.7259
20120210,12.237
20120211,13.317
20120212,13.004
20120213,14.12
20120214,15.732
20120215,13.726
20120216,13.546
20120217,12.524
20120218,13.482
20120219,11.71
20120220,10.38
20120221,9.6349
20120222,4.1817
20120223,11.63
20120224,6.0281
20120225,12.37
20120226,13.472
20120227,12.587
20120228,12.017
20120229,13.495
20120301,17.589
20120302,15.718
20120303,14.049
20120304,13.822
20120305,14.109
20120306,12.443
20120307,11.749
20120308,15.308
20120309,13.532
20120310,13.68
20120311,11.947
20120312,12.664
20120313,13.378
20120314,9.1119
20120315,10.749
20120316,11.377
20120317,14.35
20120318,16.563
20120319,17.881
20120320,17.695
20120321,16.429
20120322,13.977
20120323,14.258
20120324,14.69
20120325,14.378
20120326,16.678
20120327,12.392
20120328,14.635
20120329,15.537
20120330,19.058
20120331,19.71
20120401,19.476
20120402,24.179
20120403,17.476
20120404,13.91
20120405,15.28
20120406,15.71
20120407,16.113
20120408,16.633
20120409,16.334
20120410,15.902
20120411,18.106
20120412,16.138
20120413,13.444
20120414,15.416
20120415,15.752
20120416,15.045
20120417,10.768
20120418,14.94
20120419,14.498
20120420,13.689
20120421,14.836
20120422,16.189
20120423,15.249
20120424,16.309
20120425,17.726
20120426,16.303
20120427,17.213
20120428,18.698
20120429,16.399
20120430,16.842
20120501,20.497
20120502,22.814
20120503,22.343
20120504,22.253
20120505,22.34
20120506,23.505
20120507,17.341
20120508,13.71
20120509,17.237
20120510,17.604
20120511,20.079
20120512,19.651
20120513,20.351
20120514,20.653
20120515,21.413
20120516,23.201
20120517,24.195
20120518,19.281
20120519,16.659
20120520,19.624
20120521,19.635
20120522,20.109
20120523,15.569
20120524,16.789
20120525,17.523
20120526,21.039
20120527,24.254
20120528,21.684
20120529,21.718
20120530,21.543
20120531,23.11
20120601,17.626
20120602,22.98
20120603,21.219
20120604,20.683
20120605,23.523
20120606,23.683
20120607,25.803
20120608,27.904
20120609,24.939
20120610,20.837
20120611,25.952
20120612,24.989
20120613,19
20120614,23.239
20120615,21.294
20120616,25.239
20120617,29.101
20120618,29.885
20120619,28.014
20120620,26.871
20120621,24.45
20120622,30.483
20120623,29.73
20120624,28.096
20120625,30.615
20120626,32.788
20120627,31.215
20120628,25.277
20120629,28.228
20120630,30.364
20120701,30.29
20120702,30.737
20120703,30.804
20120704,21.507
20120705,23.739
20120706,23.904
20120707,26.242
20120708,29.417
20120709,29.943
20120710,28.885
20120711,26.622
20120712,26.937
20120713,30.09
20120714,29.357
20120715,30.905
20120716,32.462
20120717,34.485
20120718,31.556
20120719,32.253
20120720,32.337
20120721,33.073
20120722,30.984
20120723,29.371
20120724,25.534
20120725,31.853
20120726,32.382
20120727,31.965
20120728,31.041
20120729,27.917
20120730,31.583
20120731,34.316
20120801,34.015
20120802,31.028
20120803,27.867
20120804,28.102
20120805,27.246
20120806,28.916
20120807,31.098
20120808,31.715
20120809,29.917
20120810,30.741
20120811,29.483
20120812,32.707
20120813,34.473
20120814,35.432
20120815,33.782
20120816,33.204
20120817,32.753
20120818,31.712
20120819,32.248
20120820,30.244
20120821,30.625
20120822,33.511
20120823,35.007
20120824,32.833
20120825,27.64
20120826,29.911
20120827,30.788
20120828,24.24
20120829,25.255
20120830,29.174
20120831,29.008
20120901,27.908
20120902,27.787
20120903,27.311
20120904,27.905
20120905,29.061
20120906,30.143
20120907,31.351
20120908,32.453
20120909,29.3
20120910,22.312
20120911,22.299
20120912,22.055
20120913,21.936
20120914,22.776
20120915,23.594
20120916,23.784
20120917,25.885
20120918,25.188
20120919,23.147
20120920,25.345
20120921,22.558
20120922,23.135
20120923,22.485
20120924,23.787
20120925,24.178
20120926,21.911
20120927,20.809
20120928,22.007
20120929,24.654
20120930,25.314
20121001,21.587
20121002,18.174
20121003,18.538
20121004,20.054
20121005,17.5
20121006,17.889
20121007,20.574
20121008,21.779
20121009,22.532
20121010,25.517
20121011,25.828
20121012,19.763
20121013,19.256
20121014,18.157
20121015,20.278
20121016,21.707
20121017,18.093
20121018,17.28
20121019,17.155
20121020,17.856
20121021,18.586
20121022,18.02
20121023,14.028
20121024,15.572
20121025,16.246
20121026,18.03
20121027,18.401
20121028,18.056
20121029,18.072
20121030,17.187
20121031,15.851
20121101,13.561
20121102,12.057
20121103,13.161
20121104,14.882
20121105,15.074
20121106,15.633
20121107,14.963
20121108,14.461
20121109,12.093
20121110,15.117
20121111,13.411
20121112,10.129
20121113,12.645
20121114,10.754
20121115,6.5105
20121116,6.7492
20121117,6.9626
20121118,6.4135
20121119,5.9087
20121120,8.2559
20121121,7.5693
20121122,10.404
20121123,8.8994
20121124,9.7846
20121125,13.688
20121126,14.707
20121127,15.5
20121128,16.168
20121129,16.243
20121130,15.917
20121201,15.353
20121202,14.494
20121203,13.844
20121204,13.528
20121205,12.285
20121206,12.187
20121207,9.8891
20121208,14.984
20121209,14.662
20121210,13.408
20121211,12.426
20121212,10.808
20121213,10.789
20121214,10.748
20121215,13.537
20121216,13.948
20121217,13.756
20121218,12.515
20121219,11.184
20121220,11.057
20121221,10.395
20121222,8.8124
20121223,9.3676
20121224,13.072
20121225,12.334
20121226,14.049
20121227,15.846
20121228,16.83
20121229,8.8571
20121230,6.6783
20121231,7.5108
20130101,8.2528
20130102,8.0286
20130103,9.3089
20130104,9.912
20130105,8.4407
20130106,10.644
20130107,12.186
20130108,10.848
20130109,11.775
20130110,10.637
20130111,12.778
20130112,10.928
20130113,8.4549
20130114,11.24
20130115,10.813
20130116,9.6916
20130117,11.15
20130118,12.325
20130119,11.918
20130120,9.5062
20130121,9.3671
20130122,8.4077
20130123,5.195
20130124,10.2
20130125,10.876
20130126,12.95
20130127,9.8931
20130128,10.862
20130129,10.562
20130130,10.585
20130131,9.0177
20130201,9.283
20130202,9.7403
20130203,10.061
20130204,10.019
20130205,10.252
20130206,8.5819
20130207,9.9219
20130208,11.164
20130209,10.815
20130210,11.176
20130211,10.649
20130212,8.7979
20130213,9.6228
20130214,9.6212
20130215,10.213
20130216,9.7486
20130217,10.423
20130218,11.244
20130219,11.928
20130220,11.058
20130221,10.507
20130222,10.09
20130223,6.8485
20130224,8.5059
20130225,12.558
20130226,11.543
20130227,11.824
20130228,11.765
20130301,14.726
20130302,15.137
20130303,12.238
20130304,11.859
20130305,14.177
20130306,16.269
20130307,17.018
20130308,16.055
20130309,14.65
20130310,16.219
20130311,15.935
20130312,12.658
20130313,14.999
20130314,19.049
20130315,18.896
20130316,19.278
20130317,17.472
20130318,20.289
20130319,16.782
20130320,20.131
20130321,16.028
20130322,13.56
20130323,11.379
20130324,12.661
20130325,13.863
20130326,18.443
20130327,20.724
20130328,19.806
20130329,19.72
20130330,20.002
20130331,21.212
20130401,17.116
20130402,16.652
20130403,16.683
20130404,14.203
20130405,14.594
20130406,17.486
20130407,10.356
20130408,14.757
20130409,14.724
20130410,11.841
20130411,12.127
20130412,13.297
20130413,14.255
20130414,12.29
20130415,13.962
20130416,14.886
20130417,12.017
20130418,17.832
20130419,18.995
20130420,18.317
20130421,15.312
20130422,17.144
20130423,19.681
20130424,19.667
20130425,17.68
20130426,19.558
20130427,19.502
20130428,18.131
20130429,10.758
20130430,13.294
20130501,17.178
20130502,20.367
20130503,21
20130504,21.215
20130505,15.992
20130506,13.688
20130507,20.354
20130508,20.845
20130509,19.947
20130510,19.088
20130511,19.055
20130512,19.495
20130513,20.46
20130514,21.008
20130515,18.852
20130516,19.689
20130517,17.505
20130518,16.507
20130519,17.336
20130520,17.866
20130521,18.751
20130522,18.568
20130523,18.864
20130524,18.09
20130525,20.219
20130526,20.514
20130527,20.155
20130528,22.223
20130529,22.416
20130530,24.205
20130531,24.789
20130601,26.367
20130602,26.372
20130603,23.612
20130604,25.374
20130605,23.591
20130606,22.996
20130607,25.797
20130608,26.826
20130609,28.064
20130610,28.5
20130611,25.847
20130612,25.58
20130613,27.629
20130614,30.081
20130615,31.066
20130616,27.72
20130617,29.315
20130618,30.974
20130619,31.786
20130620,28.416
20130621,25.866
20130622,22.882
20130623,22.68
20130624,22.658
20130625,25.086
20130626,29.685
20130627,28.761
20130628,26.776
20130629,24.734
20130630,28.755
20130701,27.187
20130702,25.544
20130703,26.502
20130704,27.292
20130705,26.578
20130706,25.777
20130707,26.248
20130708,26.054
20130709,25.245
20130710,24.756
20130711,26.024
20130712,24.899
20130713,24.532
20130714,23.18
20130715,25.825
20130716,23.743
20130717,27.176
20130718,24.912
20130719,23.57
20130720,24.936
20130721,27.78
20130722,29.381
20130723,25.403
20130724,24.859
20130725,29.579
20130726,30.908
20130727,31.735
20130728,31.511
20130729,30.587
20130730,29.318
20130731,23.277
20130801,23.074
20130802,23.035
20130803,26.2
20130804,24.544
20130805,24.019
20130806,26.306
20130807,24.485
20130808,24.59
20130809,26.213
20130810,28.251
20130811,27.301
20130812,22.49
20130813,24.821
20130814,21.542
20130815,24.151
20130816,26.891
20130817,27.731
20130818,26.618
20130819,26.982
20130820,27.757
20130821,20.088
20130822,23.352
20130823,22.42
20130824,22.709
20130825,22.995
20130826,23.226
20130827,22.735
20130828,23.524
20130829,24.749
20130830,25.933
20130831,20.861
20130901,21.638
20130902,23.622
20130903,22.988
20130904,25.521
20130905,22.966
20130906,21.296
20130907,23.702
20130908,23.898
20130909,20.872
20130910,17.999
20130911,18.993
20130912,20.949
20130913,21.986
20130914,22.441
20130915,23.549
20130916,23.608
20130917,24.326
20130918,23.565
20130919,17.87
20130920,17.276
20130921,18.096
20130922,18.786
20130923,21.208
20130924,20.729
20130925,23.668
20130926,20.119
20130927,18.473
20130928,19.384
20130929,20.085
20130930,19.192
20131001,20.23
20131002,17.613
20131003,15.757
20131004,17.977
20131005,18.909
20131006,18.742
20131007,18.676
20131008,19.523
20131009,12.755
20131010,16.464
20131011,17.474
20131012,16.21
20131013,14.442
20131014,13.66
20131015,11.896
20131016,11.069
20131017,14.918
20131018,15.957
20131019,18.831
20131020,16.793
20131021,16.925
20131022,13.795
20131023,15.39
20131024,14.96
20131025,15.506
20131026,15.416
20131027,14.244
20131028,16.578
20131029,15.933
20131030,15.215
20131031,13.72
20131101,14.742
20131102,13.499
20131103,13.547
20131104,13.146
20131105,13.033
20131106,12.599
20131107,13.815
20131108,14.994
20131109,14.665
20131110,13.912
20131111,14.095
20131112,13.316
20131113,14.184
20131114,15.852
20131115,13.113
20131116,13.999
20131117,13.016
20131118,11.245
20131119,13.346
20131120,12.22
20131121,12.753
20131122,13.013
20131123,12.734
20131124,12.886
20131125,13.587
20131126,13.825
20131127,10.171
20131128,10.35
20131129,10.797
20131130,10.234
20131201,9.8413
20131202,8.0873
20131203,8.2741
20131204,7.565
20131205,7.0731
20131206,4.1975
20131207,5.198
20131208,6.303
20131209,7.249
20131210,7.5039
20131211,7.7056
20131212,7.8255
20131213,9.0413
20131214,8.5828
20131215,7.6569
20131216,8.6526
20131217,9.3761
20131218,6.1575
20131219,9.2526
20131220,7.3511
20131221,6.8094
20131222,3.0785
20131223,6.9437
20131224,4.2228
20131225,4.6896
20131226,4.6918
20131227,3.6813
20131228,4.0948
20131229,2.7886
20131230,8.2899
20131231,7.6458
20140101,9.2763
20140102,8.7788
20140103,9.9532
20140104,8.6581
20140105,8.5534
20140106,7.8575
20140107,7.8462
20140108,10.996
20140109,6.5779
20140110,10.62
20140111,12.061
20140112,12.219
20140113,10.439
20140114,10.913
20140115,7.8123
20140116,6.6214
20140117,7.8863
20140118,11.108
20140119,9.6141
20140120,10.063
20140121,10.506
20140122,10.777
20140123,10.035
20140124,8.7367
20140125,8.4924
20140126,9.0353
20140127,5.0789
20140128,7.0809
20140129,4.6049
20140130,3.495
20140131,6.2457
20140201,10.501
20140202,10.154
20140203,10.746
20140204,11.777
20140205,10.453
20140206,15.24
20140207,12.198
20140208,11.997
20140209,9.9549
20140210,10.699
20140211,9.2446
20140212,10.019
20140213,11.218
20140214,9.8689
20140215,9.1191
20140216,10.946
20140217,12.308
20140218,13.992
20140219,10.43
20140220,9.7616
20140221,8.9274
20140222,9.7048
20140223,7.4077
20140224,9.4195
20140225,9.9677
20140226,10.649
20140227,8.7236
20140228,8.2292
20140301,8.1015
20140302,9.1233
20140303,12.058
20140304,13.276
20140305,8.7191
20140306,12.794
20140307,6.4622
20140308,6.5993
20140309,6.5663
20140310,11.775
20140311,9.7868
20140312,6.9973
20140313,5.6328
20140314,7.9242
20140315,10.08
20140316,9.1389
20140317,8.591
20140318,12.039
20140319,11.782
20140320,14.091
20140321,14.451
20140322,16.281
20140323,13.635
20140324,14.284
20140325,14.685
20140326,16.16
20140327,17.836
20140328,18.054
20140329,18.546
20140330,17.747
20140331,16.249
20140401,12.496
20140402,12.061
20140403,15.37
20140404,13.113
20140405,15.814
20140406,13.464
20140407,13.007
20140408,12.033
20140409,12.149
20140410,14.224
20140411,10.288
20140412,11.866
20140413,13.119
20140414,17.326
20140415,18.769
20140416,15.969
20140417,14.776
20140418,14.848
20140419,16.885
20140420,15.805
20140421,15.986
20140422,16.523
20140423,18.329
20140424,17.7
20140425,14.214
20140426,16.722
20140427,20.32
20140428,23.208
20140429,25.462
20140430,23.701
20140501,25.856
20140502,24.952
20140503,25.322
20140504,24.794
20140505,22.815
20140506,21.809
20140507,22.507
20140508,23.015
20140509,24.122
20140510,25.617
20140511,22.41
20140512,16.731
20140513,15.967
20140514,17.278
20140515,17.238
20140516,19.621
20140517,16.805
20140518,20.366
20140519,20.341
20140520,22.532
20140521,23.621
20140522,25.264
20140523,24.209
20140524,23.612
20140525,24.414
20140526,22.879
20140527,20.489
20140528,20.177
20140529,19.695
20140530,23.823
20140531,25.635
20140601,21.565
20140602,20.934
20140603,22.262
20140604,21.795
20140605,23.544
20140606,19.428
20140607,21.896
20140608,23.996
20140609,26.055
20140610,27.452
20140611,27.658
20140612,29.072
20140613,19.477
20140614,22.266
20140615,25.823
20140616,27.088
20140617,26.489
20140618,25.226
20140619,26.693
20140620,26
20140621,26.264
20140622,26.453
20140623,24.207
20140624,23.054
20140625,20.556
20140626,23.622
20140627,25.537
20140628,28.603
20140629,28.977
20140630,22.362
20140701,25.002
20140702,26.914
20140703,20.475
20140704,22.569
20140705,24.937
20140706,28.164
20140707,23.185
20140708,25.836
20140709,28.935
20140710,27.549
20140711,27.415
20140712,26.186
20140713,25.991
20140714,29.065
20140715,27.353
20140716,26.945
20140717,28.097
20140718,29.583
20140719,29.733
20140720,32.109
20140721,34.548
20140722,34.438
20140723,34.514
20140724,35.335
20140725,33.037
20140726,28.171
20140727,27.444
20140728,26.983
20140729,28.546
20140730,30.236
20140731,29.882
20140801,30.85
20140802,33.099
20140803,32.396
20140804,31.403
20140805,32.723
20140806,33.951
20140807,32.41
20140808,31.91
20140809,31.962
20140810,30.474
20140811,33.395
20140812,32.37
20140813,28.283
20140814,29.697
20140815,28.635
20140816,31.288
20140817,31.621
20140818,30.463
20140819,27.437
20140820,27.013
20140821,27.494
20140822,33.827
20140823,34.067
20140824,29.989
20140825,32.887
20140826,35.633
20140827,35.464
20140828,36.611
20140829,37.624
20140830,34.544
20140831,31.18
20140901,28.128
20140902,25.797
20140903,30.299
20140904,33.58
20140905,33.63
20140906,33.675
20140907,32.432
20140908,31.758
20140909,31.207
20140910,29.16
20140911,29.249
20140912,30.567
20140913,33.556
20140914,30.602
20140915,23.214
20140916,24.138
20140917,25.724
20140918,24.843
20140919,25.7
20140920,25.495
20140921,28.345
20140922,24.29
20140923,22.969
20140924,25.555
20140925,27.24
20140926,28.578
20140927,27.818
20140928,20.043
20140929,23.441
20140930,23.459
20141001,22.331
20141002,20.025
20141003,20.674
20141004,19.21
20141005,19.322
20141006,19.632
20141007,23.769
20141008,23.252
20141009,22.375
20141010,20.013
20141011,19.767
20141012,19.327
20141013,18.752
20141014,18.508
20141015,19.23
20141016,18.672
20141017,17.305
20141018,20.727
20141019,20.183
20141020,17.95
20141021,19.401
20141022,18.737
20141023,18.287
20141024,16.868
20141025,16.785
20141026,16.154
20141027,15.437
20141028,13.086
20141029,12.615
20141030,11.61
20141031,12.971
20141101,13.596
20141102,13.036
20141103,11.362
20141104,9.7523
20141105,10.164
20141106,9.7262
20141107,10.601
20141108,11.434
20141109,10.68
20141110,16.025
20141111,14.768
20141112,12.071
20141113,5.1717
20141114,8.9345
20141115,6.5542
20141116,6.3673
20141117,6.582
20141118,4.7341
20141119,10.286
20141120,8.7664
20141121,7.203
20141122,7.4895
20141123,5.0864
20141124,7.9453
20141125,12.277
20141126,12.011
20141127,11.106
20141128,11.752
20141129,12.21
20141130,12.981
20141201,11.434
20141202,8.9591
20141203,11.357
20141204,12.397
20141205,11.619
20141206,12.422
20141207,11.347
20141208,8.5453
20141209,9.571
20141210,12.49
20141211,10.51
20141212,10.812
20141213,9.5253
20141214,10.24
20141215,8.9017
20141216,11.569
20141217,10.564
20141218,11.731
20141219,9.291
20141220,14.361
20141221,10.137
20141222,8.9822
20141223,7.5396
20141224,8.9045
20141225,9.3098
20141226,8.2207
20141227,12.5
20141228,11.402
20141229,11.051
20141230,4.6549
20141231,6.9849
20150101,9.8924
20150102,8.1268
20150103,5.9326
20150104,7.537
20150105,8.5217
20150106,7.7613
20150107,7.7049
20150108,9.6893
20150109,6.1141
20150110,5.1615
20150111,5.526
20150112,8.5804
20150113,6.5118
20150114,4.3865
20150115,10.659
20150116,9.9697
20150117,10.95
20150118,12.585
20150119,10.455
20150120,10.577
20150121,11.33
20150122,10.604
20150123,11.371
20150124,10.038
20150125,10.142
20150126,8.5126
20150127,9.2873
20150128,7.7488
20150129,8.3154
20150130,9.0499
20150131,9.3949
20150201,10.977
20150202,11.105
20150203,9.4858
20150204,9.167
20150205,11.659
20150206,10.452
20150207,10.07
20150208,9.0372
20150209,10.136
20150210,8.0515
20150211,9.5369
20150212,11.791
20150213,10.517
20150214,13.246
20150215,10.024
20150216,11.82
20150217,9.3428
20150218,8.4178
20150219,7.6069
20150220,8.8565
20150221,8.808
20150222,8.398
20150223,7.4081
20150224,6.7086
20150225,8.5405
20150226,7.8521
20150227,10.004
20150228,10.062
20150301,10.517
20150302,12.482
20150303,14.65
20150304,13.741
20150305,12.442
20150306,10.34
20150307,13.5
20150308,12.708
20150309,13.814
20150310,14.615
20150311,14.549
20150312,15.901
20150313,15.959
20150314,19.296
20150315,17.564
20150316,20.257
20150317,14.76
20150318,17.748
20150319,14.827
20150320,15.807
20150321,15.578
20150322,15.011
20150323,19.836
20150324,21.327
20150325,18.72
20150326,13.534
20150327,14.514
20150328,15.158
20150329,18.171
20150330,19.076
20150331,19.349
20150401,21.696
20150402,18.333
20150403,19.106
20150404,19.883
20150405,18.668
20150406,19.064
20150407,20.179
20150408,20.959
20150409,19.267
20150410,19.742
20150411,20.965
20150412,15.255
20150413,15.201
20150414,15.321
20150415,17.494
20150416,18.791
20150417,18.394
20150418,18.292
20150419,18.158
20150420,13.499
20150421,15.255
20150422,14.603
20150423,19.632
20150424,14.398
20150425,13.553
20150426,13.877
20150427,14.065
20150428,14.47
20150429,15.564
20150430,15.231
20150501,15.431
20150502,17.324
20150503,20.99
20150504,23.936
20150505,20.561
20150506,21.48
20150507,20.735
20150508,22.086
20150509,21.987
20150510,21.103
20150511,22.69
20150512,24.022
20150513,23.539
20150514,21.763
20150515,22.274
20150516,22.162
20150517,23.206
20150518,15.922
20150519,14.955
20150520,18.794
20150521,24.815
20150522,26.795
20150523,25.039
20150524,16.262
20150525,18.558
20150526,22.344
20150527,24.708
20150528,23.441
20150529,22.124
20150530,23.367
20150531,24.902
20150601,28.018
20150602,28.708
20150603,25.37
20150604,27.828
20150605,31.089
20150606,30.639
20150607,31.734
20150608,29.91
20150609,29.351
20150610,31.008
20150611,31.691
20150612,33.343
20150613,36.134
20150614,39.346
20150615,37.303
20150616,37.253
20150617,36.621
20150618,34.677
20150619,35.83
20150620,32.93
20150621,35.202
20150622,34.252
20150623,24.252
20150624,30.013
20150625,30.851
20150626,31.03
20150627,33.648
20150628,31.28
20150629,27.756
20150630,26.736
20150701,18.471
20150702,24.163
20150703,26.253
20150704,27.198
20150705,27.707
20150706,29.59
20150707,22.854
20150708,23.779
20150709,24.883
20150710,28.549
20150711,31.223
20150712,25.525
20150713,31.022
20150714,32.072
20150715,30.063
20150716,30.801
20150717,31.769
20150718,32.71
20150719,35.584
20150720,30.312
20150721,27.447
20150722,24.475
20150723,24.986
20150724,29.096
20150725,30.804
20150726,32.278
20150727,32.73
20150728,31.051
20150729,26.245
20150730,26.552
20150731,28.613
20150801,33.725
20150802,34.28
20150803,34.21
20150804,31.425
20150805,32.415
20150806,33.946
20150807,35.143
20150808,35.992
20150809,35.593
20150810,33.52
20150811,33.719
20150812,32.772
20150813,32.472
20150814,30.357
20150815,32.858
20150816,34.334
20150817,33.336
20150818,31.311
20150819,30.249
20150820,28.649
20150821,29.006
20150822,28.273
20150823,27.439
20150824,27.052
20150825,28.885
20150826,29.603
20150827,21.458
20150828,24.908
20150829,27.279
20150830,27.346
20150831,23.244
20150901,28.007
20150902,29.937
20150903,31.986
20150904,30.498
20150905,27.668
20150906,27.297
20150907,27.196
20150908,24.85
20150909,24.211
20150910,25.664
20150911,24.501
20150912,25.727
20150913,24.629
20150914,24.251
20150915,26.357
20150916,25.861
20150917,29.423
20150918,23.963
20150919,26.651
20150920,28.723
20150921,28.148
20150922,25.346
20150923,28.14
20150924,25.745
20150925,23.304
20150926,22.883
20150927,23.848
20150928,24.834
20150929,20.374
20150930,16.536
20151001,17.808
20151002,19.178
20151003,23.313
20151004,25.254
20151005,19.288
20151006,19.539
20151007,18.819
20151008,21.483
20151009,22.272
20151010,22.404
20151011,21.924
20151012,22.786
20151013,22.726
20151014,22.654
20151015,23.065
20151016,18.156
20151017,18.465
20151018,17.855
20151019,16.497
20151020,17.487
20151021,14.614
20151022,15.313
20151023,17.29
20151024,17.258
20151025,16.999
20151026,18.9
20151027,20.423
20151028,20.105
20151029,18.282
20151030,16.482
20151031,13.893
20151101,13.748
20151102,15
20151103,16.242
20151104,15.769
20151105,14.768
20151106,13.618
20151107,13.737
20151108,14.64
20151109,14.111
20151110,14.301
20151111,14.147
20151112,14.02
20151113,13.487
20151114,12.11
20151115,11.699
20151116,11.982
20151117,11.114
20151118,10.008
20151119,11.308
20151120,12.085
20151121,12.107
20151122,12.186
20151123,12.391
20151124,14.275
20151125,14.701
20151126,14.171
20151127,14.8
20151128,13.728
20151129,14.856
20151130,16.49
20151201,16.983
20151202,14.271
20151203,13.004
20151204,14.006
20151205,15.353
20151206,14.19
20151207,11.914
20151208,12.9
20151209,13.143
20151210,12.835
20151211,16.148
20151212,12.759
20151213,11.864
20151214,11.972
20151215,10.922
20151216,11.382
20151217,9.5962
20151218,9.2308
20151219,8.6131
20151220,11.191
20151221,9.459
20151222,9.7271
20151223,9.8373
20151224,9.8702
20151225,9.9349
20151226,10.435
20151227,9.4476
20151228,11.098
20151229,4.5968
20151230,5.1347
20151231,5.7739
20160101,8.428
20160102,8.267
20160103,8.5679
20160104,7.0039
20160105,7.4807
20160106,6.8581
20160107,7.9965
20160108,8.5612
20160109,8.6013
20160110,8.2262
20160111,7.7628
20160112,9.4544
20160113,7.7172
20160114,10.913
20160115,9.3056
20160116,8.293
20160117,9.6818
20160118,11.628
20160119,9.0373
20160120,7.7176
20160121,6.8352
20160122,9.1514
20160123,10.668
20160124,10.176
20160125,13.835
20160126,13.75
20160127,13.07
20160128,12.819
20160129,13.582
20160130,9.2367
20160131,10.272
20160201,6.4395
20160202,10.691
20160203,9.0357
20160204,8.5233
20160205,9.1844
20160206,8.2599
20160207,8.9984
20160208,8.8295
20160209,7.7032
20160210,9.0801
20160211,8.5989
20160212,9.0334
20160213,11.448
20160214,12.549
20160215,12.926
20160216,14.212
20160217,13.359
20160218,10.854
20160219,11.359
20160220,10.548
20160221,9.8698
20160222,12.314
20160223,11.373
20160224,10.833
20160225,12.014
20160226,11.336
20160227,13.982
20160228,10.297
20160229,17.544
20160301,15.396
20160302,14.886
20160303,10.623
20160304,9.0039
20160305,11.033
20160306,13.019
20160307,12.192
20160308,10.653
20160309,12.013
20160310,12.811
20160311,10.776
20160312,5.3624
20160313,7.6668
20160314,10.549
20160315,10.748
20160316,12.927
20160317,13.912
20160318,12.9
20160319,11.739
20160320,12.958
20160321,11.823
20160322,10.244
20160323,10.581
20160324,8.8268
20160325,9.498
20160326,11.397
20160327,11.819
20160328,11.963
20160329,10.902
20160330,13.338
20160331,12.11
20160401,9.7759
20160402,10.127
20160403,13.128
20160404,13.81
20160405,14.421
20160406,16.965
20160407,20.224
20160408,20.935
20160409,18.29
20160410,16.467
20160411,16.62
20160412,17.061
20160413,17.793
20160414,19.978
20160415,19.391
20160416,18.136
20160417,18.907
20160418,15.724
20160419,13.474
20160420,12.267
20160421,14.365
20160422,16.295
20160423,16.758
20160424,17.378
20160425,16.424
20160426,12.088
20160427,16.52
20160428,14.299
20160429,14.743
20160430,18.227
20160501,15.698
20160502,11.715
20160503,12.856
20160504,16.485
20160505,13.96
20160506,15.198
20160507,16.676
20160508,14.064
20160509,14.42
20160510,15.37
20160511,16.682
20160512,16.953
20160513,19.296
20160514,22.738
20160515,22.793
20160516,24.075
20160517,22.146
20160518,20.894
20160519,21.438
20160520,22.43
20160521,22.428
20160522,21.088
20160523,22.493
20160524,24.941
20160525,23.075
20160526,21.523
20160527,19.956
20160528,21.116
20160529,23.963
20160530,23.336
20160531,20.393
20160601,22.846
20160602,24.603
20160603,24.414
20160604,25.14
20160605,28.339
20160606,25.928
20160607,24.332
20160608,23.243
20160609,22.107
20160610,24.125
20160611,19.791
20160612,19.045
20160613,16.203
20160614,21.211
20160615,21.573
20160616,27.89
20160617,27.633
20160618,29.008
20160619,22.568
20160620,23.38
20160621,27.365
20160622,26.031
20160623,26.903
20160624,28.481
20160625,31.289
20160626,30.15
20160627,29.861
20160628,29.088
20160629,29.328
20160630,29.154
20160701,30.25
20160702,33.968
20160703,35.614
20160704,36.177
20160705,35.467
20160706,31.756
20160707,35.264
20160708,33.834
20160709,33.628
20160710,33.805
20160711,29.687
20160712,28.583
20160713,27.984
20160714,21.722
20160715,22.896
20160716,30.665
20160717,25.795
20160718,25.293
20160719,28.03
20160720,25.455
20160721,25.696
20160722,31.852
20160723,34.595
20160724,33.243
20160725,32.073
20160726,28.584
20160727,29.998
20160728,29.384
20160729,27.78
20160730,31.498
20160731,33.173
20160801,35.048
20160802,36.353
20160803,33.987
20160804,25.467
20160805,29.852
20160806,30.686
20160807,32.224
20160808,31.074
20160809,33.028
20160810,33.684
20160811,34.736
20160812,35.307
20160813,34.443
20160814,34.939
20160815,34.838
20160816,35.384
20160817,31.73
20160818,27.799
20160819,24.492
20160820,26.808
20160821,26.857
20160822,23.381
20160823,23.941
20160824,24.54
20160825,27.396
20160826,30.773
20160827,31.059
20160828,25.672
20160829,26.871
20160830,28.126
20160831,28.508
20160901,28.039
20160902,28.751
20160903,25.69
20160904,26.442
20160905,25.994
20160906,27.437
20160907,29.987
20160908,30.902
20160909,31.856
20160910,32.547
20160911,32.616
20160912,29.05
20160913,27.316
20160914,26.273
20160915,28.068
20160916,28.354
20160917,26.018
20160918,21.961
20160919,18.607
20160920,22.804
20160921,21.931
20160922,23.559
20160923,20.899
20160924,23.969
20160925,22.967
20160926,22.508
20160927,18.754
20160928,17.18
20160929,18.412
20160930,18.396
20161001,17.29
20161002,16.226
20161003,13.923
20161004,14.007
20161005,15.071
20161006,15.169
20161007,17.152
20161008,14.176
20161009,16.069
20161010,15.534
20161011,15.358
20161012,14.898
20161013,14.304
20161014,15.067
20161015,12.329
20161016,15.395
20161017,14.641
20161018,13.337
20161019,12.431
20161020,13.106
20161021,15.587
20161022,16.464
20161023,17.311
20161024,18.128
20161025,18.944
20161026,17.702
20161027,18.731
20161028,16.048
20161029,14.763
20161030,14.088
20161031,15.278
20161101,14.979
20161102,18.027
20161103,16.837
20161104,15.641
20161105,15.448
20161106,11.908
20161107,6.8085
20161108,7.8337
20161109,7.068
20161110,7.3977
20161111,5.0288
20161112,4.125
20161113,3.3881
20161114,2.7996
20161115,5.1784
20161116,6.9401
20161117,8.1507
20161118,5.7987
20161119,9.1734
20161120,12.807
20161121,13.081
20161122,9.5785
20161123,9.2185
20161124,10.858
20161125,11.61
20161126,12.818
20161127,11.705
20161128,14.633
20161129,14.31
20161130,15.375
20161201,14.042
20161202,13.779
20161203,12.29
20161204,11.861
20161205,10.847
20161206,8.8736
20161207,10.995
20161208,12.392
20161209,10.141
20161210,9.9974
20161211,10.067
20161212,9.9474
20161213,12.525
20161214,11.512
20161215,13.042
20161216,11.347
20161217,8.4722
20161218,9.1993
20161219,10.323
20161220,9.1786
20161221,10.201
20161222,10.331
20161223,11.874
20161224,10.922
20161225,15.029
20161226,10.715
20161227,8.9519
20161228,8.5998
20161229,7.8857
20161230,10.398
20161231,8.791
20170101,10.096
20170102,8.8529
20170103,7.9761
20170104,7.5606
20170105,5.5674
20170106,5.8907
20170107,3.6565
20170108,1.4979
20170109,-0.64344
20170110,0.31085
20170111,2.0558
20170112,6.8043
20170113,6.7689
20170114,4.5989
20170115,4.3205
20170116,4.2211
20170117,5.6526
20170118,6.7303
20170119,7.4215
20170120,8.2098
20170121,11.169
20170122,8.4082
20170123,7.9114
20170124,9.3374
20170125,10.093
20170126,13.507
20170127,13.337
20170128,13.165
20170129,10.473
20170130,9.4698
20170131,9.5583
20170201,9.1253
20170202,9.9489
20170203,10.447
20170204,8.1427
20170205,6.0743
20170206,3.2503
20170207,3.7494
20170208,3.3076
20170209,3.7141
20170210,5.3793
20170211,5.8287
20170212,10.867
20170213,12.174
20170214,11.856
20170215,11.954
20170216,11.498
20170217,11.848
20170218,11.418
20170219,9.9684
20170220,9.5723
20170221,8.8615
20170222,14.369
20170223,12.535
20170224,11.538
20170225,8.3465
20170226,9.5035
20170227,10.237
20170228,11.93
20170301,11.046
20170302,9.7723
20170303,10.136
20170304,10.087
20170305,9.7653
20170306,8.2241
20170307,5.2536
20170308,9.0166
20170309,7.1966
20170310,3.7797
20170311,9.2974
20170312,11.59
20170313,14.004
20170314,12.947
20170315,9.2087
20170316,11.149
20170317,12.331
20170318,12.528
20170319,8.3962
20170320,10.677
20170321,10.44
20170322,12.805
20170323,15.143
20170324,18.463
20170325,14.585
20170326,17.723
20170327,16.603
20170328,16.327
20170329,15.744
20170330,16.91
20170331,18.687
20170401,15.904
20170402,17.201
20170403,15.502
20170404,17.321
20170405,16.074
20170406,16.249
20170407,15.978
20170408,17.751
20170409,17.835
20170410,16.407
20170411,17.211
20170412,16.574
20170413,15.233
20170414,16.906
20170415,19.912
20170416,23.796
20170417,23.068
20170418,18.543
20170419,17.279
20170420,19.328
20170421,13.573
20170422,12.132
20170423,12.38
20170424,12.78
20170425,18.266
20170426,18.075
20170427,24.115
20170428,24.118
20170429,21.236
20170430,23.255
20170501,24.154
20170502,26.561
20170503,27.449
20170504,28.644
20170505,28.822
20170506,28.216
20170507,23.845
20170508,21.939
20170509,23.289
20170510,24.206
20170511,20.069
20170512,18.585
20170513,19.018
20170514,17.497
20170515,20.702
20170516,23.593
20170517,20.37
20170518,19.898
20170519,21.678
20170520,21.898
20170521,23.978
20170522,27.265
20170523,22.24
20170524,22.76
20170525,23.994
20170526,21.156
20170527,23.94
20170528,24.676
20170529,26.924
20170530,24.705
20170531,22.495
20170601,25.302
20170602,28.51
20170603,26.84
20170604,26.18
20170605,27.626
20170606,25.899
20170607,24.016
20170608,26.28
20170609,23.704
20170610,23.795
20170611,24.315
20170612,24.22
20170613,27.239
20170614,28.546
20170615,30.572
20170616,31.062
20170617,26.066
20170618,28.088
20170619,23.794
20170620,28.13
20170621,29.547
20170622,24.473
20170623,27.972
20170624,28.03
20170625,24.538
20170626,27.48
20170627,27.606
20170628,29.492
20170629,31.548
20170630,29.884
20170701,30.628
20170702,31.066
20170703,30.374
20170704,29.198
20170705,26.402
20170706,24.425
20170707,27.019
20170708,32.813
20170709,36.734
20170710,36.698
20170711,34.073
20170712,31.996
20170713,27.528
20170714,30.92
20170715,35.961
20170716,35.52
20170717,28.929
20170718,33.029
20170719,34.501
20170720,32.985
20170721,32.203
20170722,33.005
20170723,32.808
20170724,33.089
20170725,31.599
20170726,28.081
20170727,32.383
20170728,33.926
20170729,34.992
20170730,35.894
20170731,36.351
20170801,35.634
20170802,35.355
20170803,30.298
20170804,30.624
20170805,33.038
20170806,33.379
20170807,34.18
20170808,36.065
20170809,35.154
20170810,33.147
20170811,31.118
20170812,29.921
20170813,30.336
20170814,28.459
20170815,29.946
20170816,28.293
20170817,28.158
20170818,25.014
20170819,25.615
20170820,29.304
20170821,30.847
20170822,29.435
20170823,25.106
20170824,26.621
20170825,23.337
20170826,22.269
20170827,21.916
20170828,24.165
20170829,27.766
20170830,31.956
20170831,33.762
20170901,32.999
20170902,31.992
20170903,29.303
20170904,25.184
20170905,23.232
20170906,24.086
20170907,27.006
20170908,20.809
20170909,22.171
20170910,23.312
20170911,26.665
20170912,27.66
20170913,27.959
20170914,30.121
20170915,28.463
20170916,25.973
20170917,25.783
20170918,25.662
20170919,26.135
20170920,23.23
20170921,24.243
20170922,16.661
20170923,20.98
20170924,20.107
20170925,19.043
20170926,19.796
20170927,21.083
20170928,19.87
20170929,21.801
20170930,22.035
20171001,18.802
20171002,19.207
20171003,19.454
20171004,15.619
20171005,17.498
20171006,16.576
20171007,18.266
20171008,16.943
20171009,17.406
20171010,19.258
20171011,17.642
20171012,18.046
20171013,19.649
20171014,20.693
20171015,20.082
20171016,17.297
20171017,17.309
20171018,14.427
20171019,14.117
20171020,14.4
20171021,16.907
20171022,16.513
20171023,17.511
20171024,15.63
20171025,15.322
20171026,17.03
20171027,16.867
20171028,16.674
20171029,16.857
20171030,16.137
20171031,14.968
20171101,13.905
20171102,13.021
20171103,13.609
20171104,13.26
20171105,7.8438
20171106,10.289
20171107,10.442
20171108,11.954
20171109,12.083
20171110,10.91
20171111,9.4587
20171112,12.887
20171113,12.392
20171114,12.846
20171115,12.437
20171116,13.53
20171117,12.297
20171118,11.013
20171119,13.697
20171120,14.064
20171121,12.137
20171122,11.798
20171123,12.744
20171124,12.179
20171125,12.037
20171126,12.995
20171127,13.357
20171128,12.421
20171129,12.673
20171130,12.556
20171201,12.442
20171202,11.661
20171203,12.12
20171204,10.739
20171205,10.625
20171206,11.63
20171207,9.9274
20171208,6.962
20171209,7.0008
20171210,8.2032
20171211,9.5947
20171212,9.3328
20171213,8.1638
20171214,9.7131
20171215,6.0629
20171216,7.1114
20171217,8.5949
20171218,11.052
20171219,11.831
20171220,9.6825
20171221,9.5258
20171222,11.011
20171223,13.883
20171224,12.035
20171225,13.193
20171226,13.598
20171227,10.677
20171228,11.331
20171229,14.259
20171230,13.008
20171231,9.9224
20180101,9.8349
20180102,8.5265
20180103,8.6936
20180104,7.0305
20180105,6.495
20180106,6.7884
20180107,5.9343
20180108,5.3368
20180109,4.5846
20180110,4.8802
20180111,4.9935
20180112,5.0122
20180113,4.1959
20180114,5.6366
20180115,7.9931
20180116,8.8594
20180117,7.6612
20180118,12.011
20180119,7.6652
20180120,7.0244
20180121,3.0523
20180122,4.883
20180123,1.951
20180124,2.1812
20180125,3.4376
20180126,6.7653
20180127,9.9912
20180128,9.265
20180129,8.3534
20180130,7.6917
20180131,8.2266
20180201,9.6153
20180202,13.323
20180203,11.727
20180204,9.1737
20180205,15.614
20180206,14.133
20180207,13.104
20180208,10.966
20180209,9.3402
20180210,6.999
20180211,11.372
20180212,15.919
20180213,12.953
20180214,13.109
20180215,13.624
20180216,13.813
20180217,14.234
20180218,13.699
20180219,13.176
20180220,12.013
20180221,12.994
20180222,12.991
20180223,11.992
20180224,9.5698
20180225,9.0913
20180226,10.478
20180227,10.152
20180228,10.621
20180301,9.0291
20180302,9.9474
20180303,11.538
20180304,12.66
20180305,11.115
20180306,10.321
20180307,8.9329
20180308,5.939
20180309,9.4406
20180310,8.4714
20180311,8.5841
20180312,8.2816
20180313,9.3054
20180314,12.104
20180315,11.475
20180316,7.2764
20180317,8.724
20180318,12.674
20180319,8.7029
20180320,11.368
20180321,15.912
20180322,17.397
20180323,20.267
20180324,16.188
20180325,13.246
20180326,14.329
20180327,15.459
20180328,13.242
20180329,13.262
20180330,15.457
20180331,16.713
20180401,15.923
20180402,19.068
20180403,19.616
20180404,22.453
20180405,18.47
20180406,20.969
20180407,20.828
20180408,22.814
20180409,21.032
20180410,13.512
20180411,13.255
20180412,14.835
20180413,17.303
20180414,17.562
20180415,18.011
20180416,12.662
20180417,17.249
20180418,13.313
20180419,19.451
20180420,19.037
20180421,16.984
20180422,19.188
20180423,22.425
20180424,21.712
20180425,19.996
20180426,21.361
20180427,17.746
20180428,14.35
20180429,14.057
20180430,14.134
20180501,16.986
20180502,20.386
20180503,22.072
20180504,22.047
20180505,21.614
20180506,22.833
20180507,25.161
20180508,23.281
20180509,26.427
20180510,24.007
20180511,22.213
20180512,18.103
20180513,18.191
20180514,19.634
20180515,18.963
20180516,21.829
20180517,22.914
20180518,21.401
20180519,21.812
20180520,23.287
20180521,23.882
20180522,20.929
20180523,21.789
20180524,21.623
20180525,21.586
20180526,20.628
20180527,16.949
20180528,17.209
20180529,19.335
20180530,17.823
20180531,16.431
20180601,17.815
20180602,19.703
20180603,19.73
20180604,22.781
20180605,26.003
20180606,28.505
20180607,24.834
20180608,23.494
20180609,21.716
20180610,24.145
20180611,23.628
20180612,22.966
20180613,24.487
20180614,22.83
20180615,20.26
20180616,17.403
20180617,21.575
20180618,24.297
20180619,18.521
20180620,20.778
20180621,21.725
20180622,21.75
20180623,24.162
20180624,22.767
20180625,24.588
20180626,23.215
20180627,24.565
20180628,21.489
20180629,20.435
20180630,25.001
20180701,26.134
20180702,22.377
20180703,20.307
20180704,24.261
20180705,19.248
20180706,20.622
20180707,22.316
20180708,25.957
20180709,26.602
20180710,26.409
20180711,25.687
20180712,28.537
20180713,29.029
20180714,29.649
20180715,27.472
20180716,31.895
20180717,31.657
20180718,31.404
20180719,25.405
20180720,28.403
20180721,26.567
20180722,24.225
20180723,22.983
20180724,21.79
20180725,24.097
20180726,24.373
20180727,22.774
20180728,25.488
20180729,26.265
20180730,27.5
20180731,26.819
20180801,26.629
20180802,22.295
20180803,23.73
20180804,25.096
20180805,25.756
20180806,24.714
20180807,26.796
20180808,23.018
20180809,19.285
20180810,22.066
20180811,24.339
20180812,24.724
20180813,22.579
20180814,23.395
20180815,20.204
20180816,25.287
20180817,23.558
20180818,24.549
20180819,26.178
20180820,28.483
20180821,28.797
20180822,28.775
20180823,26.589
20180824,25.529
20180825,28.772
20180826,27.902
20180827,26.741
20180828,28.447
20180829,28.715
20180830,29.4
20180831,29.704
20180901,31.896
20180902,30.959
20180903,20.651
20180904,19.232
20180905,21.951
20180906,26.129
20180907,26.609
20180908,29.286
20180909,30.963
20180910,25.663
20180911,22.696
20180912,24.869
20180913,26.735
20180914,21.95
20180915,21.158
20180916,22.864
20180917,21.329
20180918,22.46
20180919,23.683
20180920,23.199
20180921,20.456
20180922,18.581
20180923,23.564
20180924,22.571
20180925,19.758
20180926,21.593
20180927,22.822
20180928,21.896
20180929,21.421
20180930,21.247
20181001,21.561
20181002,20.034
20181003,19.163
20181004,19.14
20181005,16.713
20181006,15.367
20181007,16.092
20181008,16.39
20181009,15.543
20181010,17.556
20181011,17.752
20181012,16.474
20181013,16.479
20181014,16.497
20181015,16.763
20181016,17.658
20181017,15.387
20181018,16.441
20181019,13.965
20181020,21.005
20181021,21.419
20181022,18.886
20181023,20.047
20181024,20.809
20181025,20.825
20181026,22.219
20181027,19.741
20181028,16.953
20181029,18.234
20181030,17.484
20181031,16.62
20181101,16.75
20181102,15.588
20181103,14.089
20181104,12.637
20181105,12.286
20181106,11.937
20181107,13.477
20181108,13.987
20181109,8.7745
20181110,13.005
20181111,9.3076
20181112,9.753
20181113,9.3164
20181114,8.1496
20181115,7.0724
20181116,8.3787
20181117,9.8513
20181118,4.2661
20181119,9.4803
20181120,9.4514
20181121,11.555
20181122,14.17
20181123,12.709
20181124,11.67
20181125,12.453
20181126,14.37
20181127,11.676
20181128,10.799
20181129,11.46
20181130,11.679
20181201,12.229
20181202,13.656
20181203,9.1289
20181204,8.0396
20181205,9.8327
20181206,13.5
20181207,11.919
20181208,12.302
20181209,10.18
20181210,7.1185
20181211,8.5695
20181212,8.447
20181213,11.581
20181214,9.9647
20181215,7.0052
20181216,5.1405
20181217,8.5923
20181218,10.337
20181219,8.8703
20181220,8.401
20181221,10.06
20181222,5.2182
20181223,9.9639
20181224,10.558
20181225,10.837
20181226,12.805
20181227,12.732
20181228,9.7151
20181229,11.353
20181230,11.743
20181231,12.834
20190101,13.774
20190102,12.163
20190103,9.3592
20190104,8.6163
20190105,9.8275
20190106,10.294
20190107,10.373
20190108,9.7022
20190109,11.402
20190110,11.128
20190111,8.8137
20190112,8.0878
20190113,7.8395
20190114,8.9052
20190115,6.5205
20190116,8.8982
20190117,9.4159
20190118,9.1086
20190119,11.318
20190120,9.1966
20190121,10.02
20190122,9.9897
20190123,12.793
20190124,13.462
20190125,10.495
20190126,9.0853
20190127,10.299
20190128,11.99
20190129,12.22
20190130,10.265
20190131,8.5538
20190201,8.1503
20190202,11.732
20190203,10.18
20190204,10.448
20190205,11.858
20190206,11.474
20190207,14.303
20190208,10.331
20190209,12.341
20190210,14.538
20190211,14.863
20190212,13.387
20190213,10.273
20190214,7.9493
20190215,8.7998
20190216,10.611
20190217,11.493
20190218,12.157
20190219,12.682
20190220,13.007
20190221,10.246
20190222,11.773
20190223,13.734
20190224,14.952
20190225,14.844
20190226,15.629
20190227,15.34
20190228,14.129
20190301,14.4
20190302,13.859
20190303,14.038
20190304,17.27
20190305,18.146
20190306,19.016
20190307,19.983
20190308,18.636
20190309,16.287
20190310,16.977
20190311,12.956
20190312,12.519
20190313,12.876
20190314,10.782
20190315,11.657
20190316,12.748
20190317,15.453
20190318,12.263
20190319,16.026
20190320,16.883
20190321,17.26
20190322,18.798
20190323,20.131
20190324,16.942
20190325,16.069
20190326,16.824
20190327,17.443
20190328,20.523
20190329,17.456
20190330,17.897
20190331,18.581
20190401,18.008
20190402,13.208
20190403,15.996
20190404,15.486
20190405,14.773
20190406,15.792
20190407,12.473
20190408,15.208
20190409,17.762
20190410,17.868
20190411,19.574
20190412,22.909
20190413,23.377
20190414,22.959
20190415,20.933
20190416,19.909
20190417,19.666
20190418,17.503
20190419,21.212
20190420,22.836
20190421,20.927
20190422,20.954
20190423,19.69
20190424,19.763
20190425,16.905
20190426,19.796
20190427,20.252
20190428,17.708
20190429,20.45
20190430,20.278
20190501,22.153
20190502,23.36
20190503,22.89
20190504,22.199
20190505,17.775
20190506,19.381
20190507,20.699
20190508,18.933
20190509,19.749
20190510,20.415
20190511,20.658
20190512,12.874
20190513,18.392
20190514,19.836
20190515,18.919
20190516,21.309
20190517,21.444
20190518,20.377
20190519,19.44
20190520,19.477
20190521,19.677
20190522,22.933
20190523,23.685
20190524,22.468
20190525,23.973
20190526,20.324
20190527,21.989
20190528,22.576
20190529,21.055
20190530,23.986
20190531,25.097
20190601,24.217
20190602,22.025
20190603,24.261
20190604,25.946
20190605,24.524
20190606,26.01
20190607,24.513
20190608,27.285
20190609,26.531
20190610,25.378
20190611,28.948
20190612,26.306
20190613,26.499
20190614,28.333
20190615,25.845
20190616,31.551
20190617,27.571
20190618,29.027
20190619,34.505
20190620,29.986
20190621,27.452
20190622,28.603
20190623,29.354
20190624,24.727
20190625,23.831
20190626,21.239
20190627,25.543
20190628,26.691
20190629,31.232
20190630,33.165
20190701,34.333
20190702,32.231
20190703,31.049
20190704,27.877
20190705,30.159
20190706,25.902
20190707,27.807
20190708,30.666
20190709,32.747
20190710,33.564
20190711,33.5
20190712,25.23
20190713,25.833
20190714,25.609
20190715,24.221
20190716,26.066
20190717,29.347
20190718,27.205
20190719,28.376
20190720,28.288
20190721,27.887
20190722,30.643
20190723,31.924
20190724,26.228
20190725,29.097
20190726,32.013
20190727,35.536
20190728,32.033
20190729,31.334
20190730,33.698
20190731,32.932
20190801,31.059
20190802,29.985
20190803,29.048
20190804,31.079
20190805,32.886
20190806,30.653
20190807,28.971
20190808,30.525
20190809,30.934
20190810,29.822
20190811,32.223
20190812,32.008
20190813,31.743
20190814,27.003
20190815,25.052
20190816,26.083
20190817,28.428
20190818,27.425
20190819,24.89
20190820,29.283
20190821,24.059
20190822,23.782
20190823,27.168
20190824,26.555
20190825,27.099
20190826,28.39
20190827,23.509
20190828,28.724
20190829,30.571
20190830,26.265
20190831,24.685
20190901,28.182
20190902,24.419
20190903,24.356
20190904,21.792
20190905,21.913
20190906,25.979
20190907,23.168
20190908,22.273
20190909,21.359
20190910,24.118
20190911,25.781
20190912,27.953
20190913,27.814
20190914,28.232
20190915,22.566
20190916,22.678
20190917,24.237
20190918,27.037
20190919,23.558
20190920,21.504
20190921,21.518
20190922,22.103
20190923,23.016
20190924,24.176
20190925,24.317
20190926,23.903
20190927,26.127
20190928,25.476
20190929,23.81
20190930,18.528
20191001,16.924
20191002,20.7
20191003,18.423
20191004,22.074
20191005,24.135
20191006,22.735
20191007,19.423
20191008,16.26
20191009,16.157
20191010,14.835
20191011,16.657
20191012,17.48
20191013,16.364
20191014,18.062
20191015,16.287
20191016,16.293
20191017,15.797
20191018,17.134
20191019,16.517
20191020,16.894
20191021,16.036
20191022,16.923
20191023,15.231
20191024,16.084
20191025,13.695
20191026,13.692
20191027,14.578
20191028,15.068
20191029,13.179
20191030,14.253
20191031,13.206
20191101,11.694
20191102,11.136
20191103,12.062
20191104,10.314
20191105,10.222
20191106,11.767
20191107,13.319
20191108,12.066
20191109,12.254
20191110,13.591
20191111,12.715
20191112,10.838
20191113,11.466
20191114,9.501
20191115,10.074
20191116,10.697
20191117,10.831
20191118,12.165
20191119,12.311
20191120,13.225
20191121,13.597
20191122,13.505
20191123,12.955
20191124,9.8382
20191125,9.5095
20191126,10.589
20191127,13.957
20191128,12.347
20191129,10.112
20191130,11.095
20191201,11.82
20191202,9.3853
20191203,9.3253
20191204,11.3
20191205,10.834
20191206,12.026
20191207,14.208
20191208,12.441
20191209,14.148
20191210,11.28
20191211,10.563
20191212,11.883
20191213,11.632
20191214,8.9138
20191215,9.3283
20191216,9.9632
20191217,9.9398
20191218,9.0412
20191219,6.9529
20191220,7.7218
20191221,10.469
20191222,9.1011
20191223,7.9084
20191224,11.056
20191225,10.986
20191226,10.596
20191227,8.8685
20191228,11.864
20191229,9.4842
20191230,10.784
20191231,10.486
20200101,9.9747
20200102,9.3227
20200103,9.7438
20200104,12.201
20200105,10.365
20200106,8.7441
20200107,9.8573
20200108,8.8996
20200109,10.728
20200110,11.103
20200111,9.869
20200112,8.8505
20200113,4.7586
20200114,7.9217
20200115,10.054
20200116,7.3137
20200117,6.4883
20200118,7.3158
20200119,8.3964
20200120,7.8778
20200121,7.9164
20200122,8.2174
20200123,7.5591
20200124,7.6191
20200125,6.8304
20200126,5.3655
20200127,6.9073
20200128,8.6342
20200129,10.317
20200130,9.9128
20200131,9.1513
20200201,8.7139
20200202,12.849
20200203,9.8765
20200204,10.821
20200205,13.057
20200206,11.649
20200207,13.536
20200208,11.368
20200209,14.621
20200210,9.538
20200211,8.1577
20200212,10.859
20200213,11.135
20200214,15.126
20200215,10.218
20200216,11.198
20200217,12.122
20200218,11.342
20200219,11.805
20200220,8.8958
20200221,5.1824
20200222,5.5634
20200223,2.3288
20200224,5.8655
20200225,9.5543
20200226,11.472
20200227,15.217
20200228,15.99
20200229,14.712
20200301,13.174
20200302,14.65
20200303,14.375
20200304,14.295
20200305,15.217
20200306,15.724
20200307,14.051
20200308,9.712
20200309,10.948
20200310,13.671
20200311,12.027
20200312,13.394
20200313,12.669
20200314,13.109
20200315,13.711
20200316,12.352
20200317,9.5687
20200318,11.863
20200319,12.143
20200320,12.467
20200321,14.086
20200322,11.34
20200323,9.1132
20200324,9.6907
20200325,9.9911
20200326,11.152
20200327,11.462
20200328,10.922
20200329,13.633
20200330,14.276
20200331,13.661
20200401,12.947
20200402,14.251
20200403,13.156
20200404,13.158
20200405,16.091
20200406,14.032
20200407,15.51
20200408,17.95
20200409,17.754
20200410,18.81
20200411,15.733
20200412,15.963
20200413,17.998
20200414,15.905
20200415,16.521
20200416,16.135
20200417,13.845
20200418,16.228
20200419,14.279
20200420,18.715
20200421,15.871
20200422,16.471
20200423,17.164
20200424,19.189
20200425,15.772
20200426,9.9864
20200427,13.83
20200428,19.362
20200429,15.699
20200430,15.877
20200501,16.231
20200502,17.371
20200503,20.318
20200504,22.752
20200505,23.048
20200506,23.178
20200507,23.733
20200508,23.197
20200509,19.614
20200510,18.075
20200511,16.27
20200512,13.952
20200513,17.861
20200514,17.382
20200515,19.997
20200516,22.71
20200517,24.748
20200518,25.285
20200519,22.936
20200520,24.328
20200521,26.091
20200522,26.77
20200523,23.893
20200524,23.74
20200525,23.502
20200526,25.16
20200527,25.987
20200528,28.566
20200529,23.277
20200530,20.928
20200531,23.413
20200601,21.658
20200602,19.803
20200603,21.823
20200604,24.625
20200605,28.718
20200606,28.449
20200607,26.696
20200608,25.006
20200609,25.08
20200610,26.926
20200611,25.391
20200612,26.568
20200613,28.141
20200614,29.414
20200615,28.056
20200616,24.191
20200617,22.822
20200618,24.754
20200619,25.459
20200620,28.735
20200621,29.133
20200622,28.185
20200623,29.729
20200624,28.846
20200625,30.749
20200626,35.12
20200627,34.548
20200628,27.02
20200629,30.069
20200630,29.327
20200701,27.353
20200702,22.421
20200703,24.274
20200704,24.293
20200705,26.283
20200706,28.541
20200707,30.328
20200708,24.262
20200709,24.438
20200710,26.926
20200711,29.268
20200712,32.717
20200713,34.834
20200714,33.915
20200715,28.776
20200716,28.804
20200717,32.307
20200718,34.74
20200719,26.9
20200720,27.718
20200721,27.705
20200722,28.611
20200723,30.861
20200724,29.878
20200725,28.993
20200726,30.118
20200727,32.39
20200728,33.93
20200729,35.082
20200730,37.064
20200731,34.82
20200801,30.53
20200802,28.548
20200803,28.279
20200804,27.861
20200805,28.049
20200806,30.673
20200807,25.569
20200808,24.707
20200809,29.727
20200810,34.287
20200811,34.513
20200812,28.096
20200813,29.819
20200814,32.54
20200815,33.015
20200816,33.962
20200817,32.785
20200818,30.928
20200819,30.48
20200820,30.085
20200821,31.023
20200822,31.321
20200823,31.846
20200824,32.432
20200825,32.272
20200826,31.738
20200827,31.375
20200828,25.873
20200829,23.899
20200830,26.786
20200831,32.169
20200901,27.012
20200902,22.566
20200903,21.361
20200904,22.324
20200905,22.41
20200906,23.966
20200907,22.445
20200908,25.711
20200909,27.719
20200910,27.592
20200911,25.783
20200912,24.189
20200913,24.07
20200914,21.465
20200915,22.495
20200916,22.867
20200917,24.465
20200918,25.004
20200919,24.364
20200920,20.407
20200921,19.456
20200922,22.248
20200923,22.279
20200924,23.97
20200925,22.608
20200926,20.811
20200927,21.005
20200928,22.337
20200929,23.615
20200930,23.703
20201001,25.098
20201002,22.27
20201003,21.639
20201004,21.656
20201005,16.459
20201006,16.224
20201007,19.459
20201008,19.389
20201009,18.234
20201010,13.085
20201011,12.853
20201012,12.354
20201013,12.601
20201014,13.281
20201015,11.074
20201016,12.744
20201017,10.477
20201018,12.595
20201019,15.788
20201020,14.436
20201021,15.608
20201022,13.928
20201023,15.472
20201024,13.875
20201025,10.816
20201026,16.031
20201027,15.29
20201028,10.291
20201029,14.81
20201030,14.589
20201031,14.255
20201101,16.806
20201102,16.161
20201103,17.25
20201104,17.432
20201105,15.28
20201106,11.72
20201107,14.358
20201108,12.011
20201109,11.268
20201110,11.413
20201111,10.845
20201112,8.1166
20201113,13.336
20201114,12.985
20201115,13.447
20201116,12.815
20201117,11.108
20201118,9.6677
20201119,9.5633
20201120,10.039
20201121,12.168
20201122,12.947
20201123,13.903
20201124,11.178
20201125,10.807
20201126,9.9146
20201127,8.1619
20201128,9.1673
20201129,7.4699
20201130,9.2399
20201201,11.719
20201202,8.0276
20201203,13.373
20201204,10.834
20201205,10.027
20201206,12.671
20201207,13.702
20201208,10.724
20201209,11.178
20201210,11.802
20201211,10.6
20201212,10.501
20201213,8.2345
20201214,10.388
20201215,9.8721
20201216,10.745
20201217,10.99
20201218,10.924
20201219,10.132
20201220,8.8132
20201221,9.1358
20201222,9.1403
20201223,8.6481
20201224,10.006
20201225,9.2589
20201226,8.2346
20201227,13.162
20201228,9.6301
20201229,8.9283
20201230,12.066
20201231,11.102
20210101,9.1468
20210102,7.0255
20210103,6.6578
20210104,7.9983
20210105,9.2664
20210106,12.024
20210107,10.158
20210108,6.9173
20210109,7.083
20210110,9.9528
20210111,9.7471
20210112,10.993
20210113,11.592
20210114,10.945
20210115,8.2321
20210116,5.0225
20210117,4.2804
20210118,7.7413
20210119,8.2222
20210120,8.2247
20210121,9.1537
20210122,8.583
20210123,9.5256
20210124,10.085
20210125,9.5889
20210126,9.1341
20210127,8.995
20210128,9.3299
20210129,12.021
20210130,11.761
20210131,11.528
20210201,15.656
20210202,10.758
20210203,12.374
20210204,7.5416
20210205,6.7935
20210206,8.3587
20210207,9.441
20210208,10.323
20210209,11.724
20210210,9.1769
20210211,11.012
20210212,10.336
20210213,10.641
20210214,10.263
20210215,10.976
20210216,13.532
20210217,14.778
20210218,9.2732
20210219,8.0145
20210220,3.8914
20210221,10.673
20210222,5.3156
20210223,11.001
20210224,9.4937
20210225,7.6026
20210226,11.266
20210227,10.88
20210228,13.898
20210301,13.658
20210302,13.899
20210303,8.6237
20210304,12.345
20210305,5.9148
20210306,8.8869
20210307,10.213
20210308,11.76
20210309,12.576
20210310,12.327
20210311,12.409
20210312,12.55
20210313,11.188
20210314,11.269
20210315,11.249
20210316,10.943
20210317,12.504
20210318,14.294
20210319,14.453
20210320,13.359
20210321,14.22
20210322,17.166
20210323,15.686
20210324,15.898
20210325,12.303
20210326,12.477
20210327,13.439
20210328,12.611
20210329,15.837
20210330,17.802
20210331,15.008
20210401,13.584
20210402,14.259
20210403,16.59
20210404,18.713
20210405,19.434
20210406,13.626
20210407,14.824
20210408,15.333
20210409,16.199
20210410,15.243
20210411,16.349
20210412,17.777
20210413,19.477
20210414,15.917
20210415,15.15
20210416,16.919
20210417,16.271
20210418,16.381
20210419,17.748
20210420,16.507
20210421,17.221
20210422,14.752
20210423,16.012
20210424,15.257
20210425,16.65
20210426,17.896
20210427,22.086
20210428,18.662
20210429,19.985
20210430,16.345
20210501,21.702
20210502,25.539
20210503,27.573
20210504,24.627
20210505,23.551
20210506,23.472
20210507,23.303
20210508,21.142
20210509,23.837
20210510,25.54
20210511,23.526
20210512,22.305
20210513,24.848
20210514,27.01
20210515,26.062
20210516,20.177
20210517,16.637
20210518,18.785
20210519,19.917
20210520,22.667
20210521,23.099
20210522,23.028
20210523,23.022
20210524,19.154
20210525,18.75
20210526,20.265
20210527,20.739
20210528,18.293
20210529,21.809
20210530,22.319
20210531,21.938
20210601,23.937
20210602,23.04
20210603,17.373
20210604,20.75
20210605,22.182
20210606,22.361
20210607,23.538
20210608,22.992
20210609,25.769
20210610,17.902
20210611,14.795
20210612,17.1
20210613,20.353
20210614,21.645
20210615,24.062
20210616,27.011
20210617,27.627
20210618,21.689
20210619,22.684
20210620,21.965
20210621,20.302
20210622,20.611
20210623,22.417
20210624,24.451
20210625,23.004
20210626,16.712
20210627,21.933
20210628,25.847
20210629,25.342
20210630,26.634
20210701,28.109
20210702,29.258
20210703,31.346
20210704,32.487
20210705,31.057
20210706,32.347
20210707,30.393
20210708,27.367
20210709,26.305
20210710,26.182
20210711,27.086
20210712,28.828
20210713,29.17
20210714,20.684
20210715,24.797
20210716,27.587
20210717,30.272
20210718,31.766
20210719,32.441
20210720,31.839
20210721,28.946
20210722,27.868
20210723,30.283
20210724,32.848
20210725,34.173
20210726,31.002
20210727,30.763
20210728,30.471
20210729,29.996
20210730,35.771
20210731,36.777
20210801,36.022
20210802,35.726
20210803,33.67
20210804,26.681
20210805,30.618
20210806,32.858
20210807,30.81
20210808,34.148
20210809,27.331
20210810,27.714
20210811,28.042
20210812,25.534
20210813,29.816
20210814,30.561
20210815,29.972
20210816,28.778
20210817,34.111
20210818,31.108
20210819,24.758
20210820,26.558
20210821,21.943
20210822,26.391
20210823,26.394
20210824,26.357
20210825,27.239
20210826,28.809
20210827,29.931
20210828,30.889
20210829,30.328
20210830,27.698
20210831,22.906
20210901,22.105
20210902,22.857
20210903,24.263
20210904,21.085
20210905,25.861
20210906,29.867
20210907,23.789
20210908,25.645
20210909,27.333
20210910,27.013
20210911,28.707
20210912,29.151
20210913,28.645
20210914,28.872
20210915,30.298
20210916,28.863
20210917,26.938
20210918,28.451
20210919,28.649
20210920,26.074
20210921,22.217
20210922,22.578
20210923,19.144
20210924,18.914
20210925,20.511
20210926,20.446
20210927,20.311
20210928,18.551
20210929,19.33
20210930,20.728
20211001,22.768
20211002,24.615
20211003,25.731
20211004,22.723
20211005,19.801
20211006,20.113
20211007,15.928
20211008,19.751
20211009,21.02
20211010,22.06
20211011,20.921
20211012,19.501
20211013,19.761
20211014,19.485
20211015,19.215
20211016,16.939
20211017,16.184
20211018,17.585
20211019,17.19
20211020,18.78
20211021,18.863
20211022,19.304
20211023,19.625
20211024,19.003
20211025,17.87
20211026,11.646
20211027,12.873
20211028,14.67
20211029,15.649
20211030,13.402
20211031,12.864
20211101,13.145
20211102,14.24
20211103,17.21
20211104,19.195
20211105,17.612
20211106,13.61
20211107,12.233
20211108,13.549
20211109,13.083
20211110,10.739
20211111,10.433
20211112,7.6922
20211113,13.859
20211114,9.5644
20211115,11.321
20211116,17.786
20211117,18.788
20211118,16.245
20211119,14.157
20211120,11.068
20211121,8.1417
20211122,8.8476
20211123,6.2517
20211124,7.7707
20211125,8.3539
20211126,8.6309
20211127,9.3857
20211128,10.713
20211129,10.584
20211130,10.556
20211201,9.4447
20211202,14.857
20211203,15.029
20211204,11.596
20211205,11.784
20211206,11.273
20211207,10.657
20211208,9.6865
20211209,8.6156
20211210,4.789
20211211,7.3209
20211212,9.2116
20211213,11.612
20211214,10.319
20211215,11.506
20211216,14.609
20211217,15.382
20211218,14.574
20211219,11.019
20211220,8.9765
20211221,10.039
20211222,10.029
20211223,7.281
20211224,8.1268
20211225,10.288
20211226,12.565
20211227,11.968
20211228,14.033
20211229,14.797
20211230,15.079
20211231,14.107
20220101,11.038
20220102,9.6558
20220103,11.665
20220104,12.594
20220105,10.392
20220106,9.1823
20220107,11.821
20220108,11.674
20220109,8.1348
20220110,10.165
20220111,10.62
20220112,11.092
20220113,10.47
20220114,8.2643
20220115,13.754
20220116,8.8222
20220117,7.069
20220118,6.4332
20220119,8.7225
20220120,10.856
20220121,11.76
20220122,12.117
20220123,9.9629
20220124,10.198
20220125,10.458
20220126,11.172
20220127,9.7386
20220128,7.3987
20220129,6.6478
20220130,4.8413
20220131,8.5233
20220201,11.336
20220202,11.711
20220203,11.996
20220204,12.599
20220205,12.532
20220206,11.298
20220207,11.442
20220208,10.193
20220209,13.788
20220210,12.371
20220211,9.0542
20220212,11.42
20220213,12.929
20220214,17.196
20220215,16.815
20220216,17.723
20220217,18.537
20220218,15.928
20220219,16.431
20220220,17.319
20220221,14.833
20220222,11.627
20220223,11.899
20220224,11.242
20220225,10.296
20220226,13.963
20220227,4.6259
20220228,4.5428
20220301,10.324
20220302,11.872
20220303,8.0565
20220304,6.4987
20220305,8.9496
20220306,11.641
20220307,12.676
20220308,13.068
20220309,14.131
20220310,11.774
20220311,14.494
20220312,13.96
20220313,14.08
20220314,14.089
20220315,12.32
20220316,8.5186
20220317,10.303
20220318,9.1007
20220319,11.449
20220320,11.78
20220321,15.032
20220322,15.295
20220323,15.134
20220324,8.661
20220325,14.215
20220326,13.896
20220327,9.9869
20220328,9.2407
20220329,8.3421
20220330,8.7889
20220331,15.714
20220401,18.941
20220402,19.515
20220403,20.201
20220404,18.709
20220405,15.44
20220406,11.918
20220407,15.559
20220408,16.62
20220409,16.474
20220410,14.989
20220411,18.012
20220412,20.2
20220413,15.991
20220414,18.043
20220415,17.03
20220416,19.611
20220417,20.692
20220418,16.825
20220419,17.74
20220420,20.789
20220421,21.135
20220422,19.204
20220423,20.593
20220424,20.295
20220425,20.043
20220426,18.877
20220427,17.662
20220428,16.755
20220429,19.617
20220430,16.804
20220501,13.313
20220502,12.502
20220503,15.367
20220504,14.89
20220505,15.457
20220506,15.496
20220507,21.156
20220508,22.043
20220509,19.167
20220510,22.775
20220511,19.493
20220512,19.2
20220513,21.772
20220514,24.287
20220515,26.979
20220516,25.426
20220517,23.142
20220518,20.707
20220519,14.863
20220520,12.505
20220521,17.773
20220522,19.475
20220523,20.526
20220524,21.147
20220525,22.889
20220526,17.17
20220527,18.411
20220528,16.35
20220529,19.153
20220530,19.909
20220531,21.129
20220601,23.589
20220602,24.778
20220603,24.232
20220604,24.933
20220605,26.563
20220606,29.192
20220607,27.641
20220608,26.438
20220609,24.887
20220610,26.155
20220611,27.313
20220612,27.334
20220613,27.418
20220614,27.266
20220615,30.166
20220616,31.612
20220617,30.988
20220618,28.766
20220619,29.856
20220620,32.165
20220621,30.695
20220622,29.032
20220623,25.978
20220624,21.907
20220625,25.259
20220626,25.477
20220627,25.786
20220628,28.672
20220629,31.57
20220630,32.223
20220701,30.562
20220702,29.001
20220703,30.714
20220704,26.757
20220705,25.07
20220706,23.547
20220707,25.764
20220708,29.952
20220709,33.578
20220710,34.937
20220711,37.244
20220712,37.941
20220713,32.824
20220714,32.453
20220715,34.314
20220716,36.865
20220717,38.623
20220718,29.263
20220719,33.759
20220720,37.043
20220721,37.149
20220722,31.731
20220723,33.388
20220724,34.032
20220725,34.609
20220726,34.736
20220727,35.264
20220728,34.578
20220729,30.295
20220730,31.71
20220731,33.762
20220801,35.79
20220802,31.655
20220803,27.298
20220804,27.964
20220805,28.234
20220806,30.52
20220807,28.031
20220808,26.16
20220809,33.049
20220810,31.451
20220811,30.155
20220812,27.645
20220813,28.268
20220814,27.196
20220815,27.222
20220816,25.464
20220817,25.454
20220818,26.712
20220819,29.385
20220820,30.05
20220821,30.607
20220822,27.692
20220823,28.582
20220824,29.859
20220825,27.867
20220826,27.645
20220827,28.481
20220828,28.275
20220829,29.347
20220830,30.692
20220831,32.054
20220901,30.712
20220902,30.136
20220903,24.922
20220904,28.762
20220905,30.458
20220906,28.712
20220907,20.554
20220908,21.978
20220909,18.438
20220910,18.17
20220911,22.372
20220912,24.327
20220913,23.478
20220914,23.486
20220915,23.187
20220916,24.594
20220917,26.961
20220918,25.887
20220919,23.722
20220920,21.725
20220921,22.338
20220922,22.829
20220923,23.221
20220924,20.35
20220925,19.504
20220926,19.499
20220927,19.307
20220928,19.051
20220929,18.044
20220930,20.589
20221001,22.914
20221002,24.298
20221003,24.105
20221004,22.491
20221005,20.092
20221006,19.141
20221007,17.615
20221008,15.162
20221009,19.713
20221010,21.385
20221011,21.137
20221012,19.805
20221013,19.102
20221014,18.753
20221015,18.516
20221016,18.186
20221017,18.303
20221018,17.108
20221019,19.353
20221020,17.774
20221021,17.994
20221022,15.718
20221023,14.847
20221024,14.786
20221025,13.894
20221026,14.78
20221027,15.887
20221028,14.654
20221029,16.604
20221030,18.305
20221031,20.026
20221101,17.764
20221102,15.012
20221103,13.937
20221104,12.273
20221105,10.913
20221106,14.095
20221107,13.05
20221108,12.841
20221109,13.143
20221110,11.124
20221111,14.903
20221112,17.204
20221113,15.279
20221114,15.992
20221115,13.89
20221116,12.313
20221117,10.835
20221118,8.3114
20221119,8.1506
20221120,7.177
20221121,6.7068
20221122,7.5342
20221123,8.1594
20221124,8.9632
20221125,8.7353
20221126,9.0217
20221127,9.7816
20221128,12.338
20221129,7.9385
20221130,3.6874
20221201,4.2813
20221202,5.3905
20221203,5.4961
20221204,7.2351
20221205,5.043
20221206,7.2516
20221207,6.3945
20221208,10.118
20221209,8.2416
20221210,7.6163
20221211,7.5227
20221212,9.0438
20221213,8.7544
20221214,7.3646
20221215,3.3632
20221216,2.6016
20221217,1.9386
20221218,3.5457
20221219,5.0836
20221220,1.2637
20221221,6.3821
20221222,2.6046
20221223,2.6119
20221224,3.8346
20221225,2.9774
20221226,4.3864
20221227,3.3968
20221228,4.6703
20221229,5.3941
20221230,4.9745
20221231,3.6432
20230101,3.3847
20230102,3.5672
20230103,3.3446
20230104,4.356
20230105,3.973
20230106,4.5416
20230107,5.0251
20230108,6.4584
20230109,6.1776
20230110,8.5606
20230111,7.7866
20230112,6.3372
20230113,8.9556
20230114,10.82
20230115,11.853
20230116,12.423
20230117,10.617
20230118,10.206
20230119,11.977
20230120,8.7899
20230121,7.5229
20230122,7.4035
20230123,7.8147
20230124,6.3332
20230125,9.7423
20230126,11.305
20230127,11.698
20230128,10.643
20230129,14.086
20230130,15.064
20230131,12.937
20230201,14.026
20230202,11.662
20230203,10.482
20230204,11.429
20230205,11.605
20230206,11.181
20230207,10.706
20230208,7.4592
20230209,7.2512
20230210,6.2634
20230211,6.3055
20230212,11.489
20230213,13.036
20230214,11.896
20230215,6.4939
20230216,9.1524
20230217,14.719
20230218,14.02
20230219,13.439
20230220,14.315
20230221,14.167
20230222,12.717
20230223,13.367
20230224,15.653
20230225,13.527
20230226,8.0495
20230227,3.3465
20230228,2.1562
20230301,4.5793
20230302,7.3121
20230303,8.7948
20230304,11.821
20230305,12.597
20230306,11.722
20230307,11.38
20230308,12.23
20230309,13.685
20230310,12.901
20230311,9.9507
20230312,9.1601
20230313,8.5386
20230314,11.033
20230315,12.786
20230316,12.174
20230317,11.865
20230318,14.608
20230319,12.514
20230320,15.484
20230321,16.124
20230322,18.189
20230323,19.679
20230324,16.381
20230325,13.647
20230326,12.308
20230327,12.919
20230328,14.611
20230329,15.004
20230330,14.694
20230331,15.776
20230401,14.492
20230402,15.79
20230403,18.157
20230404,16.085
20230405,15.777
20230406,17.162
20230407,17.785
20230408,19.065
20230409,18.225
20230410,16.618
20230411,16.767
20230412,18.024
20230413,20.132
20230414,17.852
20230415,18.776
20230416,17.014
20230417,16.483
20230418,17.747
20230419,19.158
20230420,20.269
20230421,18.417
20230422,20.095
20230423,21.597
20230424,19.534
20230425,17.732
20230426,16.999
20230427,18.258
20230428,14.581
20230429,19.276
20230430,20.345
20230501,19.96
20230502,20.132
20230503,17.398
20230504,21.763
20230505,20.398
20230506,19.409
20230507,20.963
20230508,24.867
20230509,26.954
20230510,22.801
20230511,19.279
20230512,22.324
20230513,19.98
20230514,21.19
20230515,14.009
20230516,20.175
20230517,19.781
20230518,22.841
20230519,25.394
20230520,26.333
20230521,24.896
20230522,25.4
20230523,23.977
20230524,25.575
20230525,19.16
20230526,21.893
20230527,21.96
20230528,24.943
20230529,23.724
20230530,20.471
20230531,21.331
20230601,23.025
20230602,26.677
20230603,28.469
20230604,26.453
20230605,28.309
20230606,31.303
20230607,27.031
20230608,24.862
20230609,24.798
20230610,23.649
20230611,25.801
20230612,27.885
20230613,27.166
20230614,24.195
20230615,22.185
20230616,24.691
20230617,25.295
20230618,23.011
20230619,25.453
20230620,26.233
20230621,29.862
20230622,28.226
20230623,25.537
20230624,22.716
20230625,24.289
20230626,28.126
20230627,27.768
20230628,21.023
20230629,24.89
20230630,26.81
20230701,27.992
20230702,31.467
20230703,32.234
20230704,29.746
20230705,26.489
20230706,25.976
20230707,27.164
20230708,29.965
20230709,32.452
20230710,32.855
20230711,31.639
20230712,26.931
20230713,24.739
20230714,24.348
20230715,24.93
20230716,23.23
20230717,25.079
20230718,26.683
20230719,29.51
20230720,30.903
20230721,27.484
20230722,29.012
20230723,30.101
20230724,29.401
20230725,26.525
20230726,30.809
20230727,34.02
20230728,34.798
20230729,35.052
20230730,28.119
20230731,28.657
20230801,31.286
20230802,21.476
20230803,29.428
20230804,25.464
20230805,26.03
20230806,26.857
20230807,31.098
20230808,29.041
20230809,25.03
20230810,32.21
20230811,32.181
20230812,31.073
20230813,27.305
20230814,27.927
20230815,32.082
20230816,30.565
20230817,31.397
20230818,28.134
20230819,25.503
20230820,25.789
20230821,22.14
20230822,24.543
20230823,24.615
20230824,26.174
20230825,26.591
20230826,26.365
20230827,21.671
20230828,24.684
20230829,27.214
20230830,19.054
20230831,20.499
20230901,24.822
20230902,25.73
20230903,23.168
20230904,21.005
20230905,22.997
20230906,25.557
20230907,24.377
20230908,24.959
20230909,20.393
20230910,19.72
20230911,19.858
20230912,21.456
20230913,20.736
20230914,20.379
20230915,19.425
20230916,21.547
20230917,20.948
20230918,22.663
20230919,23.838
20230920,24.501
20230921,26.954
20230922,27.491
20230923,27.554
20230924,27.222
20230925,26.003
20230926,20.066
20230927,18.255
20230928,20.163
20230929,19.278
20230930,20.952
20231001,19.979
20231002,21.133
20231003,19.724
20231004,20.767
20231005,18.411
20231006,20.11
20231007,19.469
20231008,18.834
20231009,19.541
20231010,19.794
20231011,19.217
20231012,19.194
20231013,19.946
20231014,19.847
20231015,18.974
20231016,19.994
20231017,19.15
20231018,18.11
20231019,17.702
20231020,15.82
20231021,16.763
20231022,13.244
20231023,17.785
20231024,17.9
20231025,15.925
20231026,16.029
20231027,15.146
20231028,13.247
20231029,15.192
20231030,16.035
20231031,15.859
20231101,18.947
20231102,17.257
20231103,13.895
20231104,14.933
20231105,13.032
20231106,14.079
20231107,14.03
20231108,10.884
20231109,12.89
20231110,14.292
20231111,13.647
20231112,14.82
20231113,16.361
20231114,16.703
20231115,16.512
20231116,14.16
20231117,14.999
20231118,14.238
20231119,13.258
20231120,14.697
20231121,14.457
20231122,12.573
20231123,15.003
20231124,13.975
20231125,12.179
20231126,11.326
20231127,16.368
20231128,14.765
20231129,12.501
20231130,14.116
20231201,11.981
20231202,12.909
20231203,13.16
20231204,12.655
20231205,12.752
20231206,11.855
20231207,10.265
20231208,9.2555
20231209,7.3211
20231210,7.6367
20231211,7.5993
20231212,9.2494
20231213,8.6079
20231214,9.623
20231215,9.5217
20231216,8.8516
20231217,7.0768
20231218,9.1405
20231219,11.215
20231220,7.9308
20231221,11.153
20231222,12.3
20231223,11.739
20231224,12.582
20231225,5.5384
20231226,7.7581
20231227,12.637
20231228,14.149
20231229,13.022
20231230,9.1041
20231231,11.619
20240101,12.396
20240102,9.3305
20240103,6.302
20240104,9.5551
20240105,11.875
20240106,13.131
20240107,7.8918
20240108,7.612
20240109,6.1537
20240110,9.2516
20240111,7.6822
20240112,9.2104
20240113,7.9379
20240114,11.107
20240115,7.7271
20240116,8.2816
20240117,8.0586
20240118,6.6835
20240119,7.6273
20240120,5.2322
20240121,5.2654
20240122,5.4204
20240123,4.7224
20240124,5.1433
20240125,5.8073
20240126,3.5358
20240127,5.2525
20240128,5.7926
20240129,9.1238
20240130,4.4159
20240131,4.1675
20240201,6.7183
20240202,10.382
20240203,6.6207
20240204,6.6052
20240205,10.632
20240206,12.769
20240207,15.613
20240208,14.527
20240209,13.887
20240210,12.519
20240211,13.996
20240212,9.7147
20240213,9.435
20240214,11.817
20240215,9.831
20240216,11.729
20240217,11.834
20240218,10.707
20240219,13.152
20240220,11.857
20240221,11.324
20240222,12.918
20240223,13.92
20240224,13.557
20240225,16.066
20240226,15.259
20240227,14.029
20240228,14.131
20240229,12.927
20240301,13.26
20240302,10.629
20240303,9.9452
20240304,10.547
20240305,9.8114
20240306,12.272
20240307,13.556
20240308,14.319
20240309,13.71
20240310,10.962
20240311,13.253
20240312,7.806
20240313,11.27
20240314,13.12
20240315,11.408
20240316,12.6
20240317,13.838
20240318,16.466
20240319,16.747
20240320,14.945
20240321,14.327
20240322,13.817
20240323,10.102
20240324,10.523
20240325,11.283
20240326,11.146
20240327,9.1678
20240328,10.09
20240329,12.588
20240330,16.327
20240331,13.785
20240401,14.099
20240402,15.798
20240403,18.406
20240404,19.718
20240405,21.627
20240406,21.339
20240407,19.83
20240408,18.701
20240409,18.516
20240410,14.714
20240411,17.48
20240412,19.617
20240413,16.57
20240414,17.369
20240415,14.197
20240416,15.954
20240417,16.829
20240418,19.399
20240419,17.326
20240420,15.744
20240421,14.868
20240422,15.365
20240423,18.177
20240424,15.013
20240425,18.956
20240426,21.022
20240427,19.84
20240428,20.988
20240429,18.047
20240430,18.001
20240501,17.125
20240502,17.709
20240503,20.272
20240504,20.85
20240505,21.882
20240506,20.06
20240507,24.089
20240508,26.472
20240509,19.705
20240510,20.421
20240511,18.042
20240512,17.092
20240513,17.257
20240514,18.008
20240515,18.403
20240516,18.28
20240517,19.829
20240518,19.747
20240519,18.194
20240520,22.176
20240521,24.196
20240522,19.029
20240523,17.845
20240524,20.349
20240525,21.546
20240526,25.027
20240527,23.297
20240528,21.607
20240529,20.717
20240530,16.663
20240531,14.834
20240601,17.582
20240602,19.131
20240603,20.469
20240604,21.438
20240605,22.035
20240606,24.024
20240607,25.189
20240608,23.172
20240609,24.87
20240610,22.61
20240611,23.168
20240612,22.688
20240613,18.207
20240614,21.796
20240615,25.394
20240616,27.762
20240617,26.57
20240618,24.78
20240619,20.857
20240620,24.069
20240621,23.315
20240622,20.889
20240623,19.803
20240624,22.617
20240625,23.017
20240626,25.409
20240627,26.545
20240628,24.338
20240629,25.171
20240630,25.716
20240701,26.214
20240702,27.219
20240703,24.993
20240704,23.484
20240705,26.585
20240706,29.322
20240707,28.204
20240708,31.308
20240709,30.315
20240710,32.743
20240711,34.419
20240712,31.611
20240713,30.623
20240714,33.879
20240715,28.679
20240716,33.176
20240717,33.385
20240718,34.721
20240719,33.432
20240720,32.586
20240721,33.453
20240722,24.813
20240723,27.135
20240724,22.023
20240725,24.238
20240726,26.736
20240727,25.483
20240728,26.546
20240729,28.868
20240730,30.949
20240731,31.471
20240801,30.544
20240802,32.796
20240803,32.596
20240804,27.801
20240805,26.683
20240806,30.495
20240807,33.201
20240808,32.549
20240809,31.237
20240810,26.706
20240811,28.621
20240812,28.484
20240813,31.891
20240814,28.844
20240815,27.765
20240816,28.443
20240817,27.972
20240818,28.205
20240819,29.711
20240820,29.394
20240821,23.685
20240822,29.967
20240823,31.368
20240824,33.972
20240825,30.375
20240826,32.323
20240827,33.643
20240828,35.859
20240829,31.693
20240830,33.156
20240831,31.679
20240901,33.228
20240902,31.975
20240903,21.753
20240904,26.881
20240905,27.369
20240906,25.642
20240907,22.366
20240908,23.83
20240909,23.265
20240910,24.735
20240911,27.862
20240912,28.798
20240913,28.031
20240914,28.821
20240915,29.167
20240916,28.106
20240917,26.967
20240918,23.011
20240919,25.716
20240920,23.895
20240921,22.221
20240922,20.422
20240923,23.267
20240924,21.849
20240925,23.386
20240926,24.104
20240927,25.07
20240928,23.66
20240929,17.481
20240930,15.984
20241001,19.178
20241002,15.847
20241003,17.724
20241004,18.47
20241005,20.586
20241006,20.43
20241007,21.133
20241008,23.442
20241009,21.797
20241010,21.891
20241011,24.549
20241012,23.862
20241013,24.453
20241014,21.035
20241015,22.243
20241016,24.931
20241017,23.318
20241018,22.171
20241019,19.86
20241020,19.801
20241021,18.052
20241022,17.05
20241023,16.488
20241024,15.319
20241025,17.637
20241026,17.698
20241027,15.375
20241028,16.242
20241029,17.622
20241030,15.155
20241031,14.452
20241101,12.871
20241102,15.849
20241103,14.691
20241104,14.336
20241105,14.752
20241106,15.766
20241107,13.482
20241108,15.067
20241109,9.4598
20241110,10.775
20241111,8.6067
20241112,7.8296
20241113,8.296
20241114,9.4542
20241115,10.25
20241116,8.2752
20241117,5.6827
20241118,6.3656
20241119,6.6273
20241120,6.5235
20241121,7.2322
20241122,12.247
20241123,13.457
20241124,12.572
20241125,13.15
20241126,12.931
20241127,12.121
20241128,11.702
20241129,11.897
20241130,9.6315
20241201,9.8857
20241202,7.7549
20241203,8.9048
20241204,7.5301
20241205,9.0528
20241206,8.6676
20241207,12.428
20241208,13.684
20241209,12.584
20241210,11.664
20241211,11.003
20241212,13.29
20241213,12.369
20241214,12.702
20241215,14.45
20241216,11.691
20241217,8.7115
20241218,7.697
20241219,14.555
20241220,14.545
20241221,13.248
20241222,11.688
20241223,11.277
20241224,9.2492
20241225,9.3177
20241226,8.5234
20241227,9.1123
20241228,8.0526
20241229,10.667
20241230,7.8173
20241231,6.8294
20250101,3.3313
20250102,7.6096
20250103,9.5134
20250104,9.3497
20250105,11.799
20250106,11.21
20250107,12.992
20250108,12.326
20250109,9.7959
20250110,8.757
20250111,9.8518
20250112,8.0699
20250113,5.7516
20250114,5.9055
20250115,6.7887
20250116,7.5882
20250117,6.5401
20250118,6.5938
20250119,6.3657
20250120,10.436
20250121,4.6149
20250122,3.99
20250123,4.7456
20250124,9.2454
20250125,6.1729
20250126,12.166
20250127,9.4082
20250128,12.22
20250129,13.258
20250130,11.499
20250131,9.0444
20250201,7.1125
20250202,7.4957
20250203,13.693
20250204,13.232
20250205,11.999
20250206,4.0313
20250207,5.3556
20250208,7.7729
20250209,7.2699
20250210,9.8014
20250211,10.317
20250212,11.688
20250213,10.132
20250214,9.3827
20250215,8.8674
20250216,11.019
20250217,11.921
20250218,13.999
20250219,12.839
20250220,14.192
20250221,15.611
20250222,15.444
20250223,13.225
20250224,12.193
20250225,9.0235
20250226,9.776
20250227,7.7847
20250228,6.7553
20250301,8.1711
20250302,11.82
20250303,11.885
20250304,13.806
20250305,11.167
20250306,9.6178
20250307,9.7156
20250308,10.089
20250309,10.237
20250310,10.912
20250311,10.868
20250312,11.698
20250313,11.079
20250314,12.689
20250315,14.375
20250316,16.032
20250317,17.878
20250318,14.027
20250319,15.751
20250320,15.023
20250321,13.35
20250322,14.199
20250323,13.906
20250324,12.93
20250325,11.3
20250326,12.756
20250327,13.676
20250328,15.381
20250329,15.935
20250330,15.537
20250331,15.387
20250401,13.955
20250402,16.189
20250403,17.102
20250404,18.614
20250405,20.11
20250406,20.157
20250407,19.094
20250408,12.897
20250409,13.2
20250410,15.067
20250411,15.884
20250412,17.572
20250413,18.823
20250414,16.451
20250415,15.947
20250416,15.607
20250417,11.912
20250418,10.611
20250419,15.914
20250420,11.692
20250421,15.062
20250422,16.535
20250423,16.128
20250424,15.372
20250425,16.833
20250426,20.735
20250427,18.29
20250428,20.074
20250429,17.57
20250430,16.927
20250501,15.006
20250502,19.814
20250503,17.136
20250504,18.478
20250505,18.016
20250506,14.059
20250507,18.962
20250508,21.961
20250509,22.976
20250510,22.928
20250511,25.391
20250512,27.68
20250513,29.107
20250514,25.726
20250515,24.834
20250516,18.407
20250517,18.68
20250518,21.969
20250519,21.827
20250520,22.222
20250521,22.229
20250522,24.776
20250523,20.476
20250524,21.167
20250525,24.696
20250526,25.023
20250527,26.653
20250528,24.142
20250529,25.155
20250530,23.07
20250531,24.56
20250601,25.324
20250602,26.634
20250603,24.095
20250604,21.156
20250605,18.682
20250606,20.636
20250607,22.54
20250608,26.542
20250609,28.257
20250610,26.575
20250611,26.46
20250612,27.272
20250613,28.314
20250614,22.561
20250615,23.723
20250616,25.674
20250617,29.744
20250618,29.847
20250619,30.836
20250620,28.943
20250621,31.567
20250622,31.569
20250623,28.584
20250624,30.117
20250625,29.759
20250626,27.478
20250627,27.958
20250628,29.498
20250629,32.856
20250630,29.294
20250701,29.1
20250702,32.637
20250703,31.4
20250704,30.017
20250705,26.984
20250706,28.109
20250707,27.904
20250708,32.996
20250709,36.202
20250710,26.749
20250711,33.48
20250712,35.631
20250713,32.498
20250714,28.703
20250715,27.437
20250716,27.479
20250717,29.582
20250718,34.255
20250719,36.005
20250720,35.04
20250721,32.751
20250722,28.792
20250723,26.243
20250724,25.797
20250725,28.995
20250726,32.422
20250727,28.878
20250728,31.883
20250729,33.525
20250730,32.14
20250731,31.957
20250801,28.091
20250802,30.055
20250803,31.319
20250804,31.716
20250805,29.281
20250806,31.464
20250807,35.834
20250808,36.56
20250809,36.694
20250810,37.323
20250811,35.834
20250812,31.511
20250813,33.069
20250814,34.145
20250815,34.912
20250816,35.649
20250817,36.188
20250818,34.722
20250819,32.365
20250820,30.812
20250821,29.837
20250822,27.787
20250823,27.968
20250824,31.957
20250825,34.069
20250826,34.843
20250827,34.238
20250828,33.43
20250829,32.223
20250830,32.661
20250831,31.565
20250901,30.274
20250902,25.603
20250903,25.053
20250904,25.114
20250905,23.259
20250906,24.74
20250907,25.498
20250908,26.658
20250909,22.029
20250910,23.609
20250911,27.359
20250912,27.078
20250913,26.326
20250914,24.271
20250915,23.713
20250916,23.287
20250917,25.618
20250918,26.447
20250919,22.295
20250920,21.328
20250921,22.211
20250922,24.58
20250923,22.132
20250924,21.845
20250925,18.34
20250926,17.7
20250927,17.362
20250928,17.082
20250929,22.278
20250930,24.409
20251001,20.666
20251002,18.824
20251003,20.385
20251004,21.888
20251005,15.969
20251006,14.962
20251007,14.133
20251008,15.267
20251009,17.182
20251010,14.981
20251011,17.877
20251012,15.278
20251013,17.91
20251014,17.284
20251015,16.287
20251016,16.157
20251017,14.424
20251018,19.422
20251019,22.482
20251020,24.155
20251021,21.222
20251022,17.648
20251023,18.021
20251024,18.063
20251025,17.946
20251026,20.677
20251027,19.529
20251028,18.272
20251029,14.738
20251030,13.615
20251031,13.821
20251101,12.511
20251102,14.555
20251103,15.047
20251104,14.343
20251105,12.715
20251106,12.637
20251107,9.4048
20251108,11.872
20251109,12.473
20251110,12.14
20251111,11.687
20251112,11.821
20251113,12.09
20251114,12.463
20251115,11.505
20251116,14.516
20251117,13.444
20251118,11.622
20251119,11.28
20251120,15.269
20251121,11.071
20251122,12.492
20251123,13.936
20251124,14.294
20251125,14.839
20251126,11.927
20251127,11.343
20251128,11.024
20251129,10.492
20251130,8.4761
20251201,11.124
20251202,8.5269
20251203,11.28
20251204,11.049
20251205,8.5512
20251206,11.596
20251207,11.234
20251208,9.2491
20251209,6.9837
20251210,9.3242
20251211,7.5091
20251212,7.9401
20251213,7.1147
20251214,6.5327
20251215,6.6518
20251216,7.3972
20251217,7.4912
20251218,6.5611
20251219,7.4184
20251220,6.5542
20251221,5.9421
20251222,8.8235
20251223,8.3766
20251224,8.567
20251225,8.7246
20251226,9.3431
20251227,8.7095
20251228,7.6713
20251229,9.254
20251230,8.4543
20251231,8.7689
20260101,6.8183
20260102,6.4142
20260103,6.4006
20260104,7.621
20260105,9.5759
20260106,8.1853
20260107,7.2275
20260108,4.2253
20260109,5.5894
20260110,3.408
20260111,4.332
20260112,6.9543
20260113,5.1948
20260114,2.7571
20260115,2.4254
20260116,2.6784
20260117,2.7439
20260118,4.8605
20260119,6.4117
20260120,7.1803
20260121,7.2624
20260122,12.591
20260123,12.841
20260124,10.405
20260125,11.04
20260126,10.94
20260127,6.6552
20260128,7.9584
20260129,7.231
20260130,13.285
20260131,11.505
20260201,10.435
20260202,13.442
20260203,14.107
20260204,12.576
20260205,13.718
20260206,11.303
20260207,11.501
20260208,5.6782
20260209,7.6591
20260210,8.578
20260211,9.9126
20260212,10.456
20260213,10.242
20260214,9.5879
20260215,7.4065
20260216,11.082
20260217,11.88
20260218,10.792
20260219,7.1952
20260220,6.8707
20260221,3.5911
20260222,5.5798
20260223,9.007
20260224,9.6302
20260225,9.9126
20260226,11.595
20260227,11.378
20260228,12.59
20260301,13.063
20260302,10.483
20260303,13.663
20260304,11.567
20260305,10.77
20260306,9.8595
20260307,9.7221
20260308,9.3432
20260309,10.01
20260310,9.7468
20260311,11.72
20260312,12.452
20260313,11.426
20260314,13.934
20260315,11.042
20260316,10.541
20260317,11.535
20260318,11.157
20260319,12.285
20260320,12.33
20260321,11.869
20260322,9.483
20260323,11.849
20260324,12.603
20260325,12
20260326,6.5217
20260327,4.0384
20260328,6.8558
20260329,9.9999
20260330,18.731
20260331,17.425
20260401,16.05
20260402,13.087
20260403,12.921
20260404,12.153
20260405,14.438
20260406,17.651
20260407,18.779
20260408,17.931
20260409,16.222
20260410,16.619
20260411,12.25
20260412,13.02
20260413,15.353
20260414,15.644
20260415,15.879
20260416,16.709
20260417,17.123
20260418,14.683
20260419,17.453
20260420,14.741
20260421,17.067
20260422,16.652
20260423,19.052
20260424,16.54
20260425,21.211
20260426,22.052
20260427,17.682
20260428,16.302
20260429,16.58
20260430,14.737
20260501,16.961
20260502,15.205
20260503,15.573
20260504,16.391
20260505,16.697
20260506,13.857
20260507,17.998
20260508,17.439
20260509,15.868
20260510,19.57
20260511,21.11
20260512,20.453
20260513,22.362
20260514,25.573
20260515,19.867
20260516,18.035
20260517,19.055
20260518,19.222
20260519,21.333
20260520,17.685
20260521,21.308
20260522,22.817
20260523,24.702
20260524,27.183
20260525,24.255
20260526,27.105
20260527,22.183
20260528,19.561
20260529,18.386
20260530,17.943
20260531,17.358
20260601,16.866
20260602,19.652
20260603,23.496
20260604,22.622
20260605,22.121
20260606,24.075
20260607,22.94
20260608,20.658
20260609,23.67
20260610,23.599
20260611,28.447
20260612,29.442
20260613,31
20260614,29.36
20260615,26.079
20260616,23.488
20260617,24.014
20260618,29.55
20260619,31.664
20260620,31.623
20260621,32.459
20260622,30.245
20260623,32.907
20260624,32.365
20260625,33.892
20260626,32.68
20260627,33.537
20260628,33.347
20260629,33.027
20260630,27.394
20260701,28.244
20260702,26.55
20260703,19.109
20260704,23.793
20260705,27.891
20260706,22.84
20260707,24.047
20260708,23.491
20260709,26.291
20260710,26.438
20260711,27.21
20260712,29.833
20260713,32.324
20260714,29.499
20260715,26.542
20260716,31.261
20260717,29.263
20260718,29.859
20260719,31.519
20260720,33.99
20260721,34.788
20260722,29.137
20260723,26.673
20260724,26.348
20260725,30.081
20260726,29.325
20260727,29.612
20260728,27.514
20260729,24.432
20260730,25.089
20260731,23.342
20260801,28.66
20260802,31.027
20260803,27.901
20260804,23.628
20260805,27.009
20260806,29.729
20260807,32.919
20260808,35.168
20260809,35.664
20260810,36.121
20260811,36.014
20260812,33.009
20260813,31.662
20260814,32.412
20260815,26.699
20260816,24.167
20260817,25.865
20260818,23.75
20260819,25.277
20260820,26.057
20260821,29.41
20260822,27.425
20260823,24.5
20260824,24.868
20260825,26.865
20260826,27.662
20260827,29.356
20260828,28.483
20260829,28.928
20260830,22.785
20260831,23.847
20260901,21.033
20260902,24.22
20260903,26.04
20260904,29.279
20260905,24.686
20260906,25.283
20260907,26.946
20260908,24.947
20260909,26.267
20260910,28.952
20260911,32.484
20260912,31.618
20260913,29.464
20260914,28.567
20260915,27.258
20260916,26.25
20260917,28.086
20260918,29.504
20260919,26.016
20260920,25.995
20260921,25.466
20260922,26.082
20260923,25.283
20260924,25.819
20260925,26.165
20260926,26.232
20260927,26.843
20260928,27.887
20260929,20.515
20260930,26.317
20261001,29.465
20261002,27.924
20261003,27.887
20261004,22.26
20261005,21.08
20261006,19.421
20261007,17.63
20261008,23.17
20261009,23.498
20261010,20.042
20261011,19.435
20261012,18.415
20261013,19.529
20261014,20.993
20261015,21.966
20261016,21.975
20261017,20.956
20261018,14.368
20261019,18.104
20261020,19.523
20261021,20.348
20261022,18.059
20261023,20.014
20261024,20.487
20261025,18.658
20261026,17.474
20261027,16.588
20261028,17.884
20261029,17.742
20261030,14.523
20261031,16.044
20261101,12.183
20261102,13.572
20261103,16.552
20261104,12.461
20261105,12.676
20261106,13.376
20261107,15.77
20261108,13.792
20261109,15.653
20261110,15.689
20261111,14.121
20261112,15.507
20261113,15.167
20261114,15.413
20261115,15.087
20261116,11.269
20261117,10.574
20261118,12.565
20261119,8.5148
20261120,4.4394
20261121,7.2097
20261122,12.665
20261123,12.03
20261124,8.6932
20261125,7.0317
20261126,12.805
20261127,9.6943
20261128,13.86
20261129,12.17
20261130,12.62
20261201,10.812
20261202,7.8805
20261203,6.7889
20261204,6.9322
20261205,8.4582
20261206,9.1134
20261207,6.9602
20261208,4.5795
20261209,4.1905
20261210,4.693
20261211,7.4664
20261212,9.0736
20261213,11.099
20261214,9.6827
20261215,11.399
20261216,11.943
20261217,11.365
20261218,9.4386
20261219,9.5878
20261220,9.6319
20261221,9.7391
20261222,9.6476
20261223,9.8951
20261224,9.821
20261225,10.298
20261226,11.565
20261227,12.022
20261228,12.734
20261229,8.1133
20261230,1.9413
20261231,1.3021
20270101,1.6304
20270102,4.3179
20270103,5.829
20270104,6.0699
20270105,4.9037
20270106,3.738
20270107,3.7732
20270108,4.1492
20270109,3.8826
20270110,4.3218
20270111,3.7066
20270112,2.9829
20270113,2.8554
20270114,3.665
20270115,5.4436
20270116,4.7964
20270117,6.2686
20270118,9.21
20270119,8.9355
20270120,8.9817
20270121,7.6183
20270122,7.2635
20270123,9.0588
20270124,10.278
20270125,11.47
20270126,11.324
20270127,10.417
20270128,9.8267
20270129,10.266
20270130,11.286
20270131,11.71
20270201,12.63
20270202,11.211
20270203,6.988
20270204,9.9969
20270205,10.182
20270206,11.841
20270207,10.994
20270208,11.422
20270209,5.9268
20270210,12.5
20270211,12.004
20270212,14.46
20270213,12.735
20270214,14.191
20270215,16.066
20270216,15.197
20270217,14.244
20270218,16.675
20270219,15.507
20270220,14.473
20270221,14.709
20270222,13.145
20270223,15.536
20270224,14.529
20270225,12.582
20270226,11.587
20270227,12.161
20270228,10.239
20270301,10.927
20270302,10.921
20270303,8.6369
20270304,9.9859
20270305,8.2737
20270306,8.7362
20270307,9.2687
20270308,10.208
20270309,11.807
20270310,11.03
20270311,12.705
20270312,12.159
20270313,14.507
20270314,11.106
20270315,13.655
20270316,11.536
20270317,13.062
20270318,12.338
20270319,10.612
20270320,14.144
20270321,13.807
20270322,13.059
20270323,15.457
20270324,14.5
20270325,17.339
20270326,15.824
20270327,13.899
20270328,12.538
20270329,15.712
20270330,16.042
20270331,17.732
20270401,15.768
20270402,10.689
20270403,15.313
20270404,16.82
20270405,13.235
20270406,9.9494
20270407,12.477
20270408,12.447
20270409,15.079
20270410,15.011
20270411,13.236
20270412,12.072
20270413,14.097
20270414,14.577
20270415,9.0381
20270416,12.296
20270417,15.317
20270418,14.605
20270419,15.335
20270420,19.149
20270421,19.599
20270422,19.737
20270423,20.787
20270424,17.709
20270425,18.498
20270426,20.146
20270427,19.839
20270428,21.087
20270429,19.267
20270430,17.018
20270501,19.265
20270502,20.606
20270503,19.135
20270504,21.06
20270505,14.048
20270506,17.008
20270507,18.876
20270508,19.089
20270509,22.845
20270510,22.782
20270511,22.938
20270512,23.521
20270513,23.828
20270514,25.087
20270515,22.05
20270516,16.901
20270517,21.533
20270518,22.445
20270519,21.458
20270520,17.06
20270521,16.214
20270522,24.649
20270523,26.781
20270524,22.82
20270525,17.878
20270526,16.699
20270527,16.535
20270528,21.173
20270529,22.448
20270530,23.69
20270531,25.645
20270601,26.733
20270602,24.693
20270603,24.312
20270604,24.782
20270605,25.716
20270606,24.522
20270607,21.848
20270608,22.424
20270609,26.115
20270610,26.484
20270611,24.868
20270612,16.962
20270613,18.114
20270614,20.481
20270615,22.236
20270616,20.75
20270617,21.917
20270618,24.201
20270619,17.711
20270620,20.207
20270621,20.266
20270622,22.311
20270623,23.493
20270624,27.641
20270625,26.717
20270626,23.464
20270627,20.624
20270628,22.908
20270629,21.523
20270630,26.28
20270701,24.935
20270702,25.994
20270703,23.967
20270704,26.703
20270705,30.387
20270706,30.306
20270707,29.574
20270708,31.655
20270709,33.808
20270710,33.578
20270711,33.435
20270712,37.285
20270713,30.943
20270714,27.46
20270715,26.799
20270716,28.769
20270717,29.359
20270718,30.675
20270719,30.194
20270720,27.702
20270721,26.555
20270722,27.703
20270723,29.075
20270724,29.783
20270725,31.748
20270726,25.167
20270727,27.661
20270728,29.532
20270729,29.881
20270730,27.202
20270731,29.318
20270801,27.579
20270802,27.232
20270803,26.888
20270804,25.956
20270805,26.753
20270806,28.347
20270807,29.628
20270808,25.524
20270809,30.324
20270810,30.998
20270811,29.097
20270812,30.067
20270813,27.617
20270814,30.401
20270815,29.812
20270816,26.885
20270817,29.636
20270818,29.422
20270819,33.866
20270820,34.702
20270821,25.172
20270822,25.968
20270823,24.981
20270824,24.786
20270825,27.083
20270826,27.349
20270827,23.183
20270828,22.04
20270829,23.82
20270830,28.038
20270831,29.185
20270901,25.88
20270902,28.994
20270903,31.622
20270904,31
20270905,28.078
20270906,24.91
20270907,26.213
20270908,27.429
20270909,26.839
20270910,24.645
20270911,22.892
20270912,21.48
20270913,22.864
20270914,24.428
20270915,24.041
20270916,25.288
20270917,25.992
20270918,25.214
20270919,24.058
20270920,22.188
20270921,21.161
20270922,22.904
20270923,22.127
20270924,17.282
20270925,19.17
20270926,17.437
20270927,19.955
20270928,15.051
20270929,17.781
20270930,16.358
20271001,20.293
20271002,18.259
20271003,16.87
20271004,18.995
20271005,21.042
20271006,20.055
20271007,17.649
20271008,17.675
20271009,19.175
20271010,19.417
20271011,20.251
20271012,20.159
20271013,16.406
20271014,18.559
20271015,17.045
20271016,18.194
20271017,17.985
20271018,17.513
20271019,16.865
20271020,17.065
20271021,15.466
20271022,16.25
20271023,15.574
20271024,15.092
20271025,12.626
20271026,12.165
20271027,14.346
20271028,12.447
20271029,13.284
20271030,13.211
20271031,13.308
20271101,13.412
20271102,12.561
20271103,12.727
20271104,12.653
20271105,12.06
20271106,11.194
20271107,12.25
20271108,13.375
20271109,13.327
20271110,12.518
20271111,12.057
20271112,12.64
20271113,8.9292
20271114,12.59
20271115,8.1131
20271116,9.9298
20271117,12.727
20271118,7.0224
20271119,9.0384
20271120,9.3626
20271121,9.9514
20271122,8.4399
20271123,11.813
20271124,11.627
20271125,11.035
20271126,14.379
20271127,12.336
20271128,9.8164
20271129,11.113
20271130,12.072
20271201,11.65
20271202,12.815
20271203,9.6199
20271204,11.038
20271205,11.208
20271206,9.7666
20271207,14.983
20271208,13.076
20271209,9.0777
20271210,8.0844
20271211,6.0145
20271212,9.0259
20271213,10.361
20271214,11.307
20271215,11.149
20271216,12.455
20271217,12.118
20271218,10.617
20271219,11.823
20271220,9.1421
20271221,9.8241
20271222,8.9996
20271223,13.765
20271224,14.072
20271225,12.18
20271226,13.134
20271227,11.113
20271228,10.817
20271229,8.5265
20271230,11.717
20271231,10.488
20280101,11.714
20280102,8.2727
20280103,6.7333
20280104,8.9403
20280105,12.464
20280106,12.013
20280107,12.299
20280108,12.563
20280109,10.864
20280110,10.464
20280111,10.543
20280112,9.8659
20280113,9.3389
20280114,9.7733
20280115,10.41
20280116,9.0714
20280117,9.1286
20280118,10.712
20280119,12.013
20280120,13.178
20280121,14.251
20280122,14.058
20280123,12.014
20280124,9.6858
20280125,9.6635
20280126,10.238
20280127,9.9576
20280128,11.746
20280129,11.659
20280130,11.328
20280131,8.6411
20280201,6.8972
20280202,5.4833
20280203,7.6754
20280204,9.7367
20280205,9.1879
20280206,9.407
20280207,10.645
20280208,10.605
20280209,9.7834
20280210,10.224
20280211,7.4093
20280212,10.01
20280213,10.966
20280214,11.979
20280215,10.416
20280216,11.683
20280217,12.776
20280218,11.248
20280219,12.201
20280220,11.467
20280221,11.21
20280222,11.975
20280223,11.959
20280224,11.997
20280225,11.36
20280226,12.722
20280227,11.971
20280228,10.359
20280229,10.815
20280301,11.792
20280302,11.55
20280303,12.86
20280304,12.567
20280305,12.321
20280306,12.661
20280307,13.619
20280308,14.502
20280309,12.368
20280310,12.919
20280311,14.314
20280312,13.206
20280313,11.704
20280314,14.971
20280315,15.945
20280316,16.896
20280317,16.202
20280318,15.767
20280319,10.332
20280320,12.199
20280321,16.755
20280322,19.466
20280323,17.005
20280324,17.425
20280325,16.155
20280326,19.123
20280327,19.1
20280328,19.321
20280329,16.146
20280330,13.344
20280331,8.5634
20280401,10.301
20280402,12.529
20280403,14.559
20280404,16.524
20280405,15.334
20280406,16.545
20280407,16.147
20280408,15.93
20280409,17.639
20280410,13.635
20280411,16.789
20280412,17.503
20280413,19.121
20280414,17.619
20280415,20.702
20280416,22.51
20280417,23.395
20280418,24.739
20280419,26.486
20280420,26.699
20280421,22.917
20280422,22.862
20280423,22.917
20280424,19.535
20280425,21.011
20280426,24.314
20280427,19.047
20280428,17.817
20280429,18.396
20280430,22.354
20280501,20.491
20280502,19.581
20280503,21.307
20280504,24.468
20280505,21.631
20280506,18.011
20280507,19.871
20280508,17.472
20280509,19.069
20280510,17.81
20280511,17.941
20280512,18.208
20280513,20.051
20280514,20.181
20280515,20.497
20280516,19.284
20280517,21.582
20280518,22.213
20280519,21.581
20280520,21.541
20280521,24.856
20280522,27.388
20280523,24.496
20280524,23.463
20280525,24.59
20280526,24.991
20280527,23.988
20280528,23.729
20280529,22.315
20280530,21.404
20280531,17.015
20280601,17.699
20280602,18.897
20280603,21.135
20280604,17.702
20280605,21.78
20280606,25.614
20280607,25.924
20280608,25.472
20280609,23.286
20280610,27.909
20280611,27.383
20280612,25.731
20280613,28.056
20280614,29.505
20280615,32.081
20280616,31.481
20280617,30.581
20280618,24.535
20280619,25.025
20280620,25.418
20280621,28.239
20280622,25.229
20280623,25.724
20280624,26.255
20280625,26.823
20280626,21.938
20280627,22.126
20280628,22.193
20280629,21.653
20280630,21.532
20280701,22.011
20280702,23.469
20280703,22.965
20280704,23.661
20280705,23.598
20280706,26.21
20280707,26.604
20280708,21.853
20280709,23.864
20280710,25.875
20280711,24.588
20280712,25.384
20280713,24.819
20280714,27.491
20280715,30.578
20280716,34.998
20280717,33.609
20280718,34.209
20280719,32.366
20280720,30.381
20280721,30.316
20280722,31.228
20280723,33.212
20280724,33.756
20280725,31.849
20280726,31.747
20280727,33.609
20280728,29.044
20280729,29.414
20280730,31.273
20280731,29.639
20280801,28.331
20280802,30.018
20280803,31.856
20280804,33.195
20280805,29.388
20280806,28.21
20280807,23.031
20280808,26.095
20280809,24.719
20280810,27.349
20280811,24.543
20280812,23.626
20280813,18.531
20280814,20.702
20280815,23.599
20280816,27.748
20280817,28.704
20280818,27.314
20280819,27.579
20280820,20.294
20280821,21.078
20280822,21.886
20280823,23.667
20280824,24.268
20280825,26.989
20280826,26.072
20280827,26.998
20280828,23.043
20280829,22.434
20280830,23.738
20280831,25.708
20280901,27.231
20280902,29.518
20280903,28.853
20280904,30.07
20280905,29.494
20280906,25.784
20280907,20.888
20280908,23.337
20280909,22.452
20280910,20.597
20280911,21.271
20280912,23.976
20280913,23.311
20280914,22.54
20280915,23.526
20280916,24.526
20280917,20.858
20280918,20.624
20280919,18.462
20280920,21.564
20280921,23.591
20280922,23.784
20280923,22.439
20280924,20.191
20280925,18.877
20280926,25.183
20280927,25.509
20280928,23.731
20280929,23.308
20280930,21.342
20281001,20.046
20281002,18.344
20281003,19.501
20281004,20.842
20281005,24.474
20281006,23.014
20281007,22.303
20281008,20.737
20281009,18.022
20281010,15.218
20281011,14.441
20281012,14.327
20281013,13.676
20281014,11.741
20281015,14.367
20281016,10.128
20281017,15.167
20281018,15.922
20281019,16.132
20281020,14.566
20281021,13.696
20281022,15.269
20281023,16.295
20281024,17.043
20281025,17.418
20281026,17.503
20281027,18.144
20281028,16.785
20281029,14.739
20281030,15.09
20281031,17.864
20281101,15.561
20281102,8.7933
20281103,12.59
20281104,12.411
20281105,12.046
20281106,10.56
20281107,5.8894
20281108,6.4007
20281109,7.2252
20281110,8.3162
20281111,10.606
20281112,8.8258
20281113,10.811
20281114,9.974
20281115,8.1959
20281116,8.7157
20281117,12.153
20281118,12.793
20281119,14.529
20281120,12.369
20281121,13.605
20281122,14.123
20281123,13.285
20281124,12.361
20281125,14.713
20281126,11.815
20281127,14.658
20281128,15.178
20281129,14.347
20281130,12.523
20281201,9.8431
20281202,7.7601
20281203,7.6768
20281204,6.345
20281205,4.749
20281206,5.4042
20281207,7.1452
20281208,13.784
20281209,12.014
20281210,12.341
20281211,9.8295
20281212,10.883
20281213,11.559
20281214,9.4701
20281215,8.6416
20281216,8.2209
20281217,9.472
20281218,10.98
20281219,11.309
20281220,9.4429
20281221,7.7968
20281222,9.0073
20281223,11.87
20281224,8.9483
20281225,4.6695
20281226,9.036
20281227,7.0036
20281228,5.7038
20281229,7.1522
20281230,5.5026
20281231,8.6906
20290101,6.7979
20290102,6.9345
20290103,8.0398
20290104,4.2886
20290105,9.4243
20290106,6.9925
20290107,5.7282
20290108,5.5366
20290109,8.8227
20290110,8.5464
20290111,9.0129
20290112,6.1769
20290113,7.4987
20290114,6.1021
20290115,6.0952
20290116,7.2527
20290117,12.562
20290118,12.662
20290119,12.202
20290120,12.581
20290121,12.171
20290122,11.802
20290123,11.855
20290124,11.874
20290125,10.649
20290126,10.941
20290127,10.952
20290128,11.788
20290129,10.264
20290130,11.37
20290131,11.804
20290201,12.703
20290202,13.657
20290203,11.55
20290204,9.6482
20290205,8.2931
20290206,8.9441
20290207,10.699
20290208,10.495
20290209,10.958
20290210,10.819
20290211,10.843
20290212,10.765
20290213,10.625
20290214,11.711
20290215,13.105
20290216,13.66
20290217,16.752
20290218,15.182
20290219,15.523
20290220,16.202
20290221,13.939
20290222,14.995
20290223,11.132
20290224,10.519
20290225,9.8
20290226,11.316
20290227,9.4954
20290228,5.8591
20290301,5.2178
20290302,11.392
20290303,10.687
20290304,12.013
20290305,12.893
20290306,14.539
20290307,15.742
20290308,13.488
20290309,15.111
20290310,12.693
20290311,11.539
20290312,12.053
20290313,12.03
20290314,13.899
20290315,15.632
20290316,17.453
20290317,19.724
20290318,20.638
20290319,18.471
20290320,14.469
20290321,13.701
20290322,14.753
20290323,16.429
20290324,18.091
20290325,15.468
20290326,14.378
20290327,15.143
20290328,17.245
20290329,17.869
20290330,16.782
20290331,13.847
20290401,15.713
20290402,18.063
20290403,17.609
20290404,18.716
20290405,15.276
20290406,12.416
20290407,16.618
20290408,17.69
20290409,17.961
20290410,20.87
20290411,22.202
20290412,25.235
20290413,24.859
20290414,17.884
20290415,18.893
20290416,23.331
20290417,15.278
20290418,15.662
20290419,17.781
20290420,19.436
20290421,23.119
20290422,20.481
20290423,22.676
20290424,20.731
20290425,20.281
20290426,20.342
20290427,14.099
20290428,19.331
20290429,19.487
20290430,19.839
20290501,16.098
20290502,18.661
20290503,18.108
20290504,16.691
20290505,16.266
20290506,17.909
20290507,20.08
20290508,21.426
20290509,20.558
20290510,15.148
20290511,15.303
20290512,15.244
20290513,19.308
20290514,19.919
20290515,20.392
20290516,18.736
20290517,19.664
20290518,17.255
20290519,15.818
20290520,15.188
20290521,17.348
20290522,18.335
20290523,18.201
20290524,16.939
20290525,21.442
20290526,23.62
20290527,19.405
20290528,20.989
20290529,21.608
20290530,21.573
20290531,23.915
20290601,17.128
20290602,16.834
20290603,17.969
20290604,18.51
20290605,20.127
20290606,20.986
20290607,21.59
20290608,22.523
20290609,20.717
20290610,19.009
20290611,20.824
20290612,22.972
20290613,18.506
20290614,22.718
20290615,22.235
20290616,23.754
20290617,25.133
20290618,24.057
20290619,23.192
20290620,23.471
20290621,25.473
20290622,27.788
20290623,29.05
20290624,30.701
20290625,30.691
20290626,29.384
20290627,28.801
20290628,29.049
20290629,28.191
20290630,28.685
20290701,24.94
20290702,28.683
20290703,31.921
20290704,29.368
20290705,24.024
20290706,27.547
20290707,32.051
20290708,30.784
20290709,31.171
20290710,28.01
20290711,25.89
20290712,30.572
20290713,25.628
20290714,27.303
20290715,29.76
20290716,33.75
20290717,37.506
20290718,34.53
20290719,32.034
20290720,33.139
20290721,34.367
20290722,32.616
20290723,27.404
20290724,28.727
20290725,32.86
20290726,34.525
20290727,34.462
20290728,33.047
20290729,28.823
20290730,29.232
20290731,31.209
20290801,33.341
20290802,31.488
20290803,27.904
20290804,28.057
20290805,31.695
20290806,33.527
20290807,27.882
20290808,32.263
20290809,33.974
20290810,32.033
20290811,27.323
20290812,30.265
20290813,31.64
20290814,27.746
20290815,27.077
20290816,30.723
20290817,31.691
20290818,33.283
20290819,34.808
20290820,32.674
20290821,32.188
20290822,29.216
20290823,25.923
20290824,30.887
20290825,32.194
20290826,30.505
20290827,28.479
20290828,23.495
20290829,25.808
20290830,26.707
20290831,30.78
20290901,31.073
20290902,28.867
20290903,28.854
20290904,27.61
20290905,28.427
20290906,26.964
20290907,23.891
20290908,19.685
20290909,20.834
20290910,24.197
20290911,26.057
20290912,24.96
20290913,24.249
20290914,24.391
20290915,17.163
20290916,19.631
20290917,20.45
20290918,23.458
20290919,24.321
20290920,22.784
20290921,21.931
20290922,26.421
20290923,26.277
20290924,19.45
20290925,19.097
20290926,17.221
20290927,20.227
20290928,17.646
20290929,19.984
20290930,22.667
20291001,22.518
20291002,23.413
20291003,20.933
20291004,23.433
20291005,24.272
20291006,21.92
20291007,22.307
20291008,22.223
20291009,21.163
20291010,19.678
20291011,16.721
20291012,20.38
20291013,20.547
20291014,21.516
20291015,20.541
20291016,21.011
20291017,21.773
20291018,21.48
20291019,21.004
20291020,19.898
20291021,18.002
20291022,18.942
20291023,16.795
20291024,15.752
20291025,13.4
20291026,16.578
20291027,10.796
20291028,13.164
20291029,14.422
20291030,16.135
20291031,15.831
20291101,15.987
20291102,12.789
20291103,11.906
20291104,11.124
20291105,11.22
20291106,10.899
20291107,11.031
20291108,14.29
20291109,13.716
20291110,16.43
20291111,14.095
20291112,17.011
20291113,15.339
20291114,12.707
20291115,11.289
20291116,14.129
20291117,12.848
20291118,13.362
20291119,13.161
20291120,11.654
20291121,12.032
20291122,12.195
20291123,6.9284
20291124,8.3265
20291125,8.7453
20291126,6.7131
20291127,8.6662
20291128,6.7724
20291129,9.5733
20291130,8.1718
20291201,7.9586
20291202,8.2741
20291203,8.893
20291204,8.4911
20291205,7.7643
20291206,7.9232
20291207,10.275
20291208,10.545
20291209,12.59
20291210,10.419
20291211,9.8831
20291212,5.2733
20291213,9.1872
20291214,11.99
20291215,8.9797
20291216,6.0886
20291217,6.4427
20291218,4.9239
20291219,4.0992
20291220,4.6769
20291221,2.6232
20291222,3.591
20291223,2.9493
20291224,6.7247
20291225,9.0555
20291226,7.0158
20291227,9.5077
20291228,12.389
20291229,9.7356
20291230,8.557
20291231,9.9979
20300101,10.197
20300102,8.4287
20300103,14.612
20300104,11.012
20300105,8.5031
20300106,9.4103
20300107,10.066
20300108,10.283
20300109,12.057
20300110,12.355
20300111,8.4233
20300112,11.302
20300113,13.307
20300114,11.384
20300115,10.022
20300116,7.5681
20300117,6.9569
20300118,7.2785
20300119,8.0086
20300120,7.6999
20300121,8.3679
20300122,9.0437
20300123,9.2045
20300124,9.8837
20300125,9.308
20300126,10.161
20300127,10.319
20300128,10.131
20300129,10.004
20300130,9.6902
20300131,10.967
20300201,13.668
20300202,11.701
20300203,11.674
20300204,8.535
20300205,11.373
20300206,7.9522
20300207,12.337
20300208,13.298
20300209,11.015
20300210,13.555
20300211,13.333
20300212,11.703
20300213,9.2029
20300214,11.414
20300215,12.077
20300216,9.1242
20300217,8.3579
20300218,10.287
20300219,8.746
20300220,10.598
20300221,8.2378
20300222,14.902
20300223,15.374
20300224,12.863
20300225,17.021
20300226,14.996
20300227,15.321
20300228,10.487
20300301,12.496
20300302,11.971
20300303,14.108
20300304,11.984
20300305,12.142
20300306,14.489
20300307,14.813
20300308,14.476
20300309,15.175
20300310,16.515
20300311,13.674
20300312,13.845
20300313,15.709
20300314,13.631
20300315,11.663
20300316,14.156
20300317,17.683
20300318,14.958
20300319,15.304
20300320,17.686
20300321,16.64
20300322,18.257
20300323,15.879
20300324,14.191
20300325,19.696
20300326,20.061
20300327,21.061
20300328,19.955
20300329,16.038
20300330,16.857
20300331,18.02
20300401,18.18
20300402,13.657
20300403,16.967
20300404,16.314
20300405,15.962
20300406,17.471
20300407,16.097
20300408,14.759
20300409,13.239
20300410,12.799
20300411,11.026
20300412,14.382
20300413,13.134
20300414,14.211
20300415,15.447
20300416,13.81
20300417,17.09
20300418,17.387
20300419,21.044
20300420,22.318
20300421,20.363
20300422,18.002
20300423,17.973
20300424,19.206
20300425,17.301
20300426,18.972
20300427,14.141
20300428,17.399
20300429,18.68
20300430,14.189
20300501,16.006
20300502,16.41
20300503,14.933
20300504,15.51
20300505,16.762
20300506,19.409
20300507,16.567
20300508,17.559
20300509,15.781
20300510,16.686
20300511,17.69
20300512,18.346
20300513,17.187
20300514,19.17
20300515,17.82
20300516,15.668
20300517,17.258
20300518,19.72
20300519,22.832
20300520,23.951
20300521,25.65
20300522,19.867
20300523,23.775
20300524,20.009
20300525,21.852
20300526,21.284
20300527,20.666
20300528,23.405
20300529,26.544
20300530,25.418
20300531,25.271
20300601,24.747
20300602,23.675
20300603,25.246
20300604,22.344
20300605,25.029
20300606,24.564
20300607,19.919
20300608,21.002
20300609,18.202
20300610,20.537
20300611,20.158
20300612,20.98
20300613,22.074
20300614,25.568
20300615,21.547
20300616,19.972
20300617,22.305
20300618,24.189
20300619,27.755
20300620,29.16
20300621,22.458
20300622,23.879
20300623,26.894
20300624,22.697
20300625,22.442
20300626,25.505
20300627,25.203
20300628,18.779
20300629,23.839
20300630,26.216
20300701,26.218
20300702,26.215
20300703,29.983
20300704,28.525
20300705,24.82
20300706,25.075
20300707,29.04
20300708,26.28
20300709,25.847
20300710,28.166
20300711,33.448
20300712,34.969
20300713,32.607
20300714,32.155
20300715,31.694
20300716,31.151
20300717,29.973
20300718,26.22
20300719,26.862
20300720,27.017
20300721,29.675
20300722,31.705
20300723,34.663
20300724,36.801
20300725,35.018
20300726,30.921
20300727,30.937
20300728,33.026
20300729,35.673
20300730,35.396
20300731,34.762
20300801,32.42
20300802,33.588
20300803,32.624
20300804,29.997
20300805,30.407
20300806,26.579
20300807,27.217
20300808,27.562
20300809,30.5
20300810,28.748
20300811,31.214
20300812,32.732
20300813,34.492
20300814,33.809
20300815,29.992
20300816,29.602
20300817,31.122
20300818,31.63
20300819,31.905
20300820,30.229
20300821,30.042
20300822,24.879
20300823,24.394
20300824,27.284
20300825,30.104
20300826,31.009
20300827,25.017
20300828,27.35
20300829,26.208
20300830,25.154
20300831,26.427
20300901,26.732
20300902,29.777
20300903,30.987
20300904,28.128
20300905,28.372
20300906,20.921
20300907,24.718
20300908,25.874
20300909,27.347
20300910,27.493
20300911,24.151
20300912,26.081
20300913,25.866
20300914,21.446
20300915,25.96
20300916,21.19
20300917,22.357
20300918,23.382
20300919,23.049
20300920,25.436
20300921,23.733
20300922,21.971
20300923,22.036
20300924,21.829
20300925,22.242
20300926,23.816
20300927,26.625
20300928,26.545
20300929,22.013
20300930,21.136
20301001,18.964
20301002,16.975
20301003,19.146
20301004,18.373
20301005,20.866
20301006,19.885
20301007,19.991
20301008,19.456
20301009,15.93
20301010,17.034
20301011,18.533
20301012,17.25
20301013,15.746
20301014,14.082
20301015,15.474
20301016,11.668
20301017,12.919
20301018,15.589
20301019,15.558
20301020,12.641
20301021,13.079
20301022,15.342
20301023,14.813
20301024,16.732
20301025,17.115
20301026,16.188
20301027,16.751
20301028,15.292
20301029,15.45
20301030,13.945
20301031,15.293
20301101,15.818
20301102,14.436
20301103,14.367
20301104,12.649
20301105,8.6985
20301106,11.352
20301107,13.299
20301108,10.514
20301109,9.6631
20301110,7.1113
20301111,5.697
20301112,11.71
20301113,11.418
20301114,11.703
20301115,12.08
20301116,11.56
20301117,12.455
20301118,11.699
20301119,11.535
20301120,10.995
20301121,10.783
20301122,11.18
20301123,10.15
20301124,9.1683
20301125,11.684
20301126,12.879
20301127,15.096
20301128,13.041
20301129,9.1955
20301130,12.015
20301201,10.515
20301202,9.6714
20301203,8.989
20301204,6.7339
20301205,6.5591
20301206,7.7141
20301207,9.4719
20301208,7.4597
20301209,8.0718
20301210,8.9431
20301211,8.4361
20301212,7.8412
20301213,8.0955
20301214,3.2559
20301215,6.1865
20301216,5.3183
20301217,4.4144
20301218,6.8897
20301219,9.7112
20301220,10.004
20301221,11.26
20301222,9.7966
20301223,11.912
20301224,10.095
20301225,14.298
20301226,11.742
20301227,14.502
20301228,13.473
20301229,13.384
20301230,9.3385
20301231,8.6569
20310101,7.6336
20310102,7.3543
20310103,7.0924
20310104,8.3627
20310105,11.135
20310106,11.05
20310107,8.3833
20310108,9.2839
20310109,8.9103
20310110,8.5227
20310111,8.5318
20310112,8.5561
20310113,6.4273
20310114,9.2016
20310115,8.9628
20310116,10.296
20310117,8.5155
20310118,10.948
20310119,14.323
20310120,14.999
20310121,14.456
20310122,11.456
20310123,10.167
20310124,10.788
20310125,13.755
20310126,13.658
20310127,7.888
20310128,8.1543
20310129,9.0753
20310130,12.711
20310131,7.948
20310201,7.0298
20310202,6.3833
20310203,11.12
20310204,9.6928
20310205,10.169
20310206,10.614
20310207,13.037
20310208,8.7867
20310209,15.173
20310210,13.933
20310211,17.089
20310212,17.406
20310213,15.502
20310214,15.686
20310215,16.043
20310216,13.91
20310217,15.462
20310218,13.28
20310219,10.614
20310220,12.133
20310221,12.806
20310222,15.037
20310223,14.465
20310224,16.093
20310225,16.449
20310226,13.378
20310227,14.761
20310228,9.3554
20310301,15.09
20310302,15.991
20310303,15.08
20310304,14.864
20310305,10.663
20310306,11.134
20310307,12.249
20310308,13.832
20310309,8.1119
20310310,8.5383
20310311,10.274
20310312,9.5415
20310313,10.875
20310314,10.38
20310315,9.2291
20310316,11.679
20310317,10.649
20310318,11.853
20310319,14.301
20310320,15.55
20310321,16.065
20310322,17.152
20310323,19.13
20310324,12.722
20310325,8.4636
20310326,10.482
20310327,13.54
20310328,14.67
20310329,16.322
20310330,18.862
20310331,19.41
20310401,19.07
20310402,17.256
20310403,18.127
20310404,18.797
20310405,20.841
20310406,17.28
20310407,18.871
20310408,22.541
20310409,25.734
20310410,27.565
20310411,25.881
20310412,18.383
20310413,20.528
20310414,19.039
20310415,20.482
20310416,17.804
20310417,19.748
20310418,19.283
20310419,20.232
20310420,15.421
20310421,11.228
20310422,14.944
20310423,14.02
20310424,15.672
20310425,21.487
20310426,23.999
20310427,18.232
20310428,14.33
20310429,16.289
20310430,18.488
20310501,19.689
20310502,19.879
20310503,18.617
20310504,11.065
20310505,15.884
20310506,16.427
20310507,16.055
20310508,18.597
20310509,19.138
20310510,18.283
20310511,19.216
20310512,19.11
20310513,15.356
20310514,16.085
20310515,17.817
20310516,19.151
20310517,19.14
20310518,18.253
20310519,16.892
20310520,17.348
20310521,14.456
20310522,15.412
20310523,13.809
20310524,14.806
20310525,15.645
20310526,18.472
20310527,18.456
20310528,17.997
20310529,19.709
20310530,19.189
20310531,20.399
20310601,21.476
20310602,21.794
20310603,16.829
20310604,19.129
20310605,18.407
20310606,18.204
20310607,19.431
20310608,20.027
20310609,20.86
20310610,23.477
20310611,22.549
20310612,22.431
20310613,20.086
20310614,18.653
20310615,22.691
20310616,27.949
20310617,28.563
20310618,29.349
20310619,30.619
20310620,29.966
20310621,30.044
20310622,28.525
20310623,26.717
20310624,23.123
20310625,23.152
20310626,16.75
20310627,21.447
20310628,25.331
20310629,27.735
20310630,27.529
20310701,25
20310702,28.514
20310703,27.068
20310704,24.95
20310705,27.177
20310706,30.203
20310707,32.227
20310708,32.986
20310709,27.66
20310710,29.442
20310711,32.929
20310712,33.314
20310713,33.616
20310714,33.858
20310715,32.28
20310716,33.055
20310717,30.24
20310718,26.891
20310719,27.329
20310720,27.218
20310721,26.568
20310722,27.822
20310723,29.217
20310724,30.963
20310725,21.714
20310726,27.202
20310727,30.624
20310728,31.691
20310729,33.108
20310730,28.424
20310731,27.772
20310801,27.028
20310802,30.152
20310803,31.626
20310804,32.398
20310805,27.515
20310806,30.451
20310807,31.956
20310808,31.155
20310809,30.657
20310810,29.521
20310811,31.256
20310812,28.766
20310813,27.648
20310814,26.326
20310815,26.221
20310816,26.703
20310817,28.277
20310818,30.847
20310819,29.758
20310820,27.987
20310821,29.012
20310822,24.165
20310823,23.472
20310824,26.05
20310825,26.637
20310826,25.541
20310827,20.955
20310828,24.385
20310829,25.407
20310830,24.424
20310831,17.894
20310901,20.097
20310902,21.231
20310903,22.255
20310904,24.153
20310905,23.61
20310906,22.287
20310907,21.689
20310908,25.282
20310909,26.906
20310910,23.472
20310911,22.731
20310912,21.874
20310913,21.099
20310914,21.785
20310915,21.469
20310916,21.29
20310917,21.598
20310918,19.488
20310919,18.155
20310920,18.523
20310921,18.047
20310922,18.547
20310923,19.915
20310924,20.941
20310925,20.291
20310926,23.642
20310927,20.803
20310928,21.906
20310929,23.887
20310930,19.19
20311001,17.543
20311002,18.653
20311003,19.703
20311004,19.087
20311005,16.029
20311006,19.731
20311007,21.246
20311008,21.803
20311009,19.338
20311010,15.019
20311011,18.295
20311012,18.875
20311013,20.522
20311014,20.551
20311015,16.698
20311016,18.125
20311017,18.667
20311018,18.124
20311019,17.349
20311020,16.883
20311021,15.955
20311022,19.481
20311023,19.619
20311024,19.047
20311025,14.082
20311026,15.639
20311027,16.065
20311028,15.47
20311029,14.222
20311030,13.113
20311031,12.09
20311101,17.841
20311102,16.798
20311103,13.083
20311104,11.527
20311105,14.954
20311106,13.804
20311107,9.1978
20311108,8.3853
20311109,6.1009
20311110,6.3038
20311111,4.1249
20311112,8.8914
20311113,9.0374
20311114,9.2144
20311115,6.6693
20311116,5.9867
20311117,5.2243
20311118,5.8191
20311119,12.346
20311120,12.547
20311121,13.115
20311122,15.213
20311123,12.061
20311124,12.695
20311125,11.289
20311126,9.5442
20311127,10.684
20311128,12.847
20311129,9.9611
20311130,12.889
20311201,9.0363
20311202,8.2118
20311203,7.4531
20311204,5.456
20311205,6.4619
20311206,5.4308
20311207,5.4163
20311208,4.1705
20311209,4.0432
20311210,4.8208
20311211,2.3696
20311212,4.7502
20311213,5.7551
20311214,9.4939
20311215,3.9818
20311216,3.6213
20311217,4.5186
20311218,8.6109
20311219,7.1275
20311220,7.8999
20311221,8.7351
20311222,8.3114
20311223,7.6417
20311224,8.1841
20311225,8.9242
20311226,5.8626
20311227,8.7608
20311228,7.234
20311229,8.7318
20311230,10.781
20311231,9.6996
20320101,7.6174
20320102,7.3373
20320103,7.8774
20320104,7.3548
20320105,7.6803
20320106,8.9346
20320107,7.546
20320108,5.9013
20320109,8.373
20320110,4.1665
20320111,3.9259
20320112,2.9024
20320113,3.8405
20320114,8.1362
20320115,8.8421
20320116,9.3709
20320117,10.596
20320118,9.9782
20320119,12.313
20320120,10.341
20320121,9.6438
20320122,8.3383
20320123,8.6127
20320124,10.21
20320125,9.9106
20320126,10.564
20320127,10.438
20320128,8.9051
20320129,8.8699
20320130,9.3572
20320131,9.1988
20320201,6.8492
20320202,9.0221
20320203,11.647
20320204,7.7767
20320205,10.32
20320206,11.125
20320207,9.0646
20320208,8.6915
20320209,7.7287
20320210,12.943
20320211,10.963
20320212,5.7682
20320213,7.5868
20320214,6.7631
20320215,9.322
20320216,8.5422
20320217,7.9369
20320218,10.996
20320219,11.109
20320220,12.339
20320221,12.725
20320222,10.24
20320223,10.552
20320224,7.0444
20320225,10.024
20320226,10.117
20320227,11.615
20320228,10.324
20320229,10.781
20320301,10.392
20320302,14.041
20320303,10.957
20320304,12.298
20320305,14.745
20320306,16.045
20320307,17.407
20320308,18.693
20320309,16.467
20320310,15.669
20320311,12.009
20320312,12.63
20320313,12.207
20320314,11.88
20320315,15.023
20320316,12.076
20320317,5.4471
20320318,11.533
20320319,12.066
20320320,10.488
20320321,10.977
20320322,14.898
20320323,15.768
20320324,16.523
20320325,17.156
20320326,15.319
20320327,14.605
20320328,14.532
20320329,14.511
20320330,15.216
20320331,13.746
20320401,16.063
20320402,15.272
20320403,15.639
20320404,15.266
20320405,16.55
20320406,16.23
20320407,16.267
20320408,15.541
20320409,16.447
20320410,14.679
20320411,15.208
20320412,13.883
20320413,14.635
20320414,14.101
20320415,14.123
20320416,13.179
20320417,17.469
20320418,13.34
20320419,13.307
20320420,14.243
20320421,16.712
20320422,15.651
20320423,13.662
20320424,10.556
20320425,17.158
20320426,18.095
20320427,17.919
20320428,14.396
20320429,17.741
20320430,17.728
20320501,18.407
20320502,18.661
20320503,13.917
20320504,17.457
20320505,16.655
20320506,18.852
20320507,19.572
20320508,16.575
20320509,19.532
20320510,21.509
20320511,23.807
20320512,20.874
20320513,21.42
20320514,22.248
20320515,22.218
20320516,23.306
20320517,24.063
20320518,22.974
20320519,22.003
20320520,20.471
20320521,22.928
20320522,22.629
20320523,24.237
20320524,25.033
20320525,22.879
20320526,20.871
20320527,24.221
20320528,21.146
20320529,19.954
20320530,23.999
20320531,16.93
20320601,17.61
20320602,18.38
20320603,23.888
20320604,26.089
20320605,29.243
20320606,30.368
20320607,32.175
20320608,30.855
20320609,30.419
20320610,32.573
20320611,31.319
20320612,23.462
20320613,25.524
20320614,24.25
20320615,24.839
20320616,25.304
20320617,20.685
20320618,22.689
20320619,24.873
20320620,28.97
20320621,30.504
20320622,31.757
20320623,31.245
20320624,27.712
20320625,25.972
20320626,26.201
20320627,26.62
20320628,28.71
20320629,31.121
20320630,33.077
20320701,34.742
20320702,33.12
20320703,29.341
20320704,27.044
20320705,29.473
20320706,30.522
20320707,29.645
20320708,34.24
20320709,34.863
20320710,34.764
20320711,30.541
20320712,26.067
20320713,26.547
20320714,28.926
20320715,32.879
20320716,27.932
20320717,29.388
20320718,30.182
20320719,26.849
20320720,28.159
20320721,29.34
20320722,30.612
20320723,30.794
20320724,31.836
20320725,30.446
20320726,31.057
20320727,32.757
20320728,33.602
20320729,30.216
20320730,30.797
20320731,31.074
20320801,28.826
20320802,29.594
20320803,29.851
20320804,28.351
20320805,31.01
20320806,32.797
20320807,31.179
20320808,32.234
20320809,26.36
20320810,25.741
20320811,27.953
20320812,25.841
20320813,26.055
20320814,25.206
20320815,28.496
20320816,28.144
20320817,28.905
20320818,29.221
20320819,28.694
20320820,25.651
20320821,23.7
20320822,26.096
20320823,28.108
20320824,29.503
20320825,24.511
20320826,24.017
20320827,23.923
20320828,25.805
20320829,23.491
20320830,27.639
20320831,23.405
20320901,22.249
20320902,25.306
20320903,19.466
20320904,24.654
20320905,25.014
20320906,23.656
20320907,25.792
20320908,26.953
20320909,28.073
20320910,24.63
20320911,27.539
20320912,28.536
20320913,27.973
20320914,28.427
20320915,29.604
20320916,31.783
20320917,32.124
20320918,30.643
20320919,30.301
20320920,30.344
20320921,31.348
20320922,30.126
20320923,26.348
20320924,25.305
20320925,28.065
20320926,30.314
20320927,27.307
20320928,25.774
20320929,25.133
20320930,27.17
20321001,24.503
20321002,23.903
20321003,23.961
20321004,22.947
20321005,21.503
20321006,19.923
20321007,21.396
20321008,19.607
20321009,21.77
20321010,19.373
20321011,18.582
20321012,16.696
20321013,17.261
20321014,15.618
20321015,9.557
20321016,10.452
20321017,14.061
20321018,13.753
20321019,13.806
20321020,15.281
20321021,17.516
20321022,15.301
20321023,15.591
20321024,17.035
20321025,16.451
20321026,18.139
20321027,18.261
20321028,20.232
20321029,16.804
20321030,18.03
20321031,21.026
20321101,21.711
20321102,23.068
20321103,23.02
20321104,21.379
20321105,19.403
20321106,20.888
20321107,16.434
20321108,16.196
20321109,18.481
20321110,16.854
20321111,17.706
20321112,16.698
20321113,14.686
20321114,12.479
20321115,11.981
20321116,13.854
20321117,13.425
20321118,15.335
20321119,13.292
20321120,12.285
20321121,12.404
20321122,16.013
20321123,17.883
20321124,13.985
20321125,16.209
20321126,14.38
20321127,14.685
20321128,16.609
20321129,13.597
20321130,12.17
20321201,11.5
20321202,11.962
20321203,7.0939
20321204,6.7819
20321205,7.6426
20321206,6.8354
20321207,7.7753
20321208,13.041
20321209,12.314
20321210,10.382
20321211,10.428
20321212,12.521
20321213,11.5
20321214,12.198
20321215,12.449
20321216,10.75
20321217,12.708
20321218,12.688
20321219,11.974
20321220,9.0262
20321221,13.072
20321222,13.879
20321223,11.138
20321224,10.508
20321225,13.788
20321226,13.166
20321227,14.714
20321228,11.913
20321229,12.82
20321230,12.185
20321231,11.467
20330101,10.075
20330102,9.7012
20330103,6.6043
20330104,10.956
20330105,7.926
20330106,7.7997
20330107,5.2301
20330108,8.013
20330109,7.556
20330110,6.7331
20330111,3.6878
20330112,3.0465
20330113,2.7761
20330114,3.8585
20330115,3.53
20330116,3.4342
20330117,4.1788
20330118,4.4293
20330119,7.1724
20330120,8.5033
20330121,11.254
20330122,12.32
20330123,11.224
20330124,11.382
20330125,9.7521
20330126,10.417
20330127,9.7333
20330128,9.6513
20330129,12.296
20330130,11.455
20330131,9.2327
20330201,8.6544
20330202,7.9909
20330203,10.884
20330204,10.251
20330205,12.488
20330206,10.254
20330207,12.181
20330208,10.704
20330209,12.063
20330210,11.238
20330211,10.727
20330212,12.19
20330213,12.058
20330214,11.307
20330215,11.222
20330216,11.678
20330217,10.734
20330218,11.019
20330219,9.4105
20330220,9.229
20330221,7.9691
20330222,10.088
20330223,14.893
20330224,14.856
20330225,14.118
20330226,10.362
20330227,10.195
20330228,11.522
20330301,13.879
20330302,11.427
20330303,12.494
20330304,14.7
20330305,13.031
20330306,14.092
20330307,15.073
20330308,14.899
20330309,14.564
20330310,14.613
20330311,15.505
20330312,15.665
20330313,16.581
20330314,13.233
20330315,12.911
20330316,13.381
20330317,15.734
20330318,17.308
20330319,14.937
20330320,14.91
20330321,17.253
20330322,19.664
20330323,19.578
20330324,18.6
20330325,14.209
20330326,15.581
20330327,17.31
20330328,17.978
20330329,18.604
20330330,20.137
20330331,16.259
20330401,22.251
20330402,13.187
20330403,14.578
20330404,15.347
20330405,15.663
20330406,15.228
20330407,14.973
20330408,15.581
20330409,16.685
20330410,16.095
20330411,17.002
20330412,16.842
20330413,20.58
20330414,22.824
20330415,21.641
20330416,21.546
20330417,23.365
20330418,23.817
20330419,22.682
20330420,22.163
20330421,22.796
20330422,22.073
20330423,21.814
20330424,25.299
20330425,22.979
20330426,23.167
20330427,19.797
20330428,12.275
20330429,18.123
20330430,19.394
20330501,18.936
20330502,19.928
20330503,21.22
20330504,24.082
20330505,21.657
20330506,21.761
20330507,21.684
20330508,22.023
20330509,20.226
20330510,16.629
20330511,19.309
20330512,19.269
20330513,16.517
20330514,19.083
20330515,21.592
20330516,18.125
20330517,21.834
20330518,25.923
20330519,27.627
20330520,22.722
20330521,24.359
20330522,16.283
20330523,17.924
20330524,19.725
20330525,25.085
20330526,23.805
20330527,29.141
20330528,31.116
20330529,28.972
20330530,28.305
20330531,27.17
20330601,28.393
20330602,28.166
20330603,25.679
20330604,24.773
20330605,25.873
20330606,27.034
20330607,27.441
20330608,25.674
20330609,30.508
20330610,26.91
20330611,23.063
20330612,20.61
20330613,23.917
20330614,26.399
20330615,26.637
20330616,28.092
20330617,25.521
20330618,25.376
20330619,23.602
20330620,20.046
20330621,24.017
20330622,25.135
20330623,27.099
20330624,26.108
20330625,30.208
20330626,32.164
20330627,31.981
20330628,34.42
20330629,32.937
20330630,31.398
20330701,27.942
20330702,27.502
20330703,29.973
20330704,33.088
20330705,27.319
20330706,30.897
20330707,34.467
20330708,35.44
20330709,36.397
20330710,36.948
20330711,32.516
20330712,28.422
20330713,31.516
20330714,29.328
20330715,27.799
20330716,31.093
20330717,32.303
20330718,27.202
20330719,24.908
20330720,25.034
20330721,26.243
20330722,25.678
20330723,24.696
20330724,27.041
20330725,28.721
20330726,31.865
20330727,31.177
20330728,30.976
20330729,32.053
20330730,32.782
20330731,32.563
20330801,34.113
20330802,35.469
20330803,33.003
20330804,35
20330805,36.091
20330806,35.163
20330807,37.456
20330808,38.053
20330809,38.436
20330810,37.82
20330811,37.274
20330812,38.508
20330813,37.08
20330814,39.698
20330815,39.327
20330816,37.868
20330817,34.416
20330818,33.39
20330819,32.964
20330820,33.276
20330821,32.663
20330822,24.785
20330823,27.407
20330824,22.829
20330825,27.614
20330826,30.533
20330827,31.881
20330828,28.767
20330829,29.484
20330830,30.91
20330831,32.543
20330901,31.526
20330902,31.505
20330903,27.024
20330904,20.321
20330905,23.274
20330906,24.455
20330907,24.852
20330908,18.586
20330909,19.202
20330910,21.477
20330911,22.953
20330912,18.88
20330913,20.112
20330914,22.956
20330915,22.048
20330916,18.245
20330917,20.418
20330918,22.113
20330919,23.327
20330920,23.725
20330921,19.38
20330922,24.436
20330923,23.351
20330924,20.859
20330925,19.885
20330926,21.201
20330927,22.734
20330928,20.991
20330929,21.961
20330930,19.843
20331001,23.743
20331002,21.051
20331003,19.637
20331004,13.417
20331005,16.026
20331006,16.784
20331007,18.374
20331008,16.057
20331009,18.391
20331010,18.767
20331011,20.249
20331012,17.268
20331013,16.082
20331014,17.499
20331015,19.061
20331016,16.714
20331017,15.495
20331018,11.63
20331019,12.962
20331020,15.44
20331021,13.773
20331022,13.743
20331023,15.874
20331024,15.887
20331025,15.21
20331026,14.765
20331027,15.12
20331028,13.776
20331029,14.307
20331030,13.236
20331031,11.084
20331101,11.972
20331102,13.897
20331103,12.967
20331104,13.237
20331105,16.603
20331106,16.393
20331107,14.709
20331108,14.223
20331109,12.618
20331110,13.338
20331111,13.223
20331112,14.005
20331113,12.257
20331114,8.5884
20331115,10.537
20331116,11.11
20331117,12.453
20331118,9.1256
20331119,9.7936
20331120,9.808
20331121,13.572
20331122,14.668
20331123,11.885
20331124,8.3984
20331125,7.717
20331126,7.2681
20331127,8.5952
20331128,8.3486
20331129,7.0822
20331130,7.5357
20331201,8.9129
20331202,7.9381
20331203,7.5781
20331204,6.5316
20331205,14.759
20331206,13.66
20331207,11.921
20331208,9.4046
20331209,5.6815
20331210,4.2824
20331211,2.2631
20331212,2.9447
20331213,4.5932
20331214,9.9591
20331215,9.2711
20331216,6.1097
20331217,2.7392
20331218,7.9378
20331219,10.263
20331220,7.3836
20331221,11.408
20331222,9.4135
20331223,9.6996
20331224,7.1734
20331225,9.0993
20331226,6.0922
20331227,4.3764
20331228,4.2775
20331229,5.1135
20331230,5.9987
20331231,5.9896
20340101,5.7346
20340102,6.8506
20340103,8.7039
20340104,8.8542
20340105,9.1176
20340106,10.972
20340107,9.1361
20340108,3.4723
20340109,7.2406
20340110,7.2058
20340111,6.0634
20340112,10.509
20340113,9.4895
20340114,11.178
20340115,10.251
20340116,10.439
20340117,7.8707
20340118,7.6805
20340119,9.0579
20340120,9.0405
20340121,9.0007
20340122,6.9417
20340123,6.6998
20340124,5.2442
20340125,7.9488
20340126,7.0733
20340127,7.7727
20340128,9.1195
20340129,10.493
20340130,9.2398
20340131,8.9006
20340201,7.6702
20340202,9.6514
20340203,8.9129
20340204,8.7538
20340205,7.7022
20340206,7.7777
20340207,9.2416
20340208,4.9539
20340209,10.124
20340210,8.2819
20340211,12.417
20340212,13.275
20340213,11.925
20340214,16.323
20340215,16.846
20340216,10.823
20340217,11.304
20340218,11.078
20340219,11.253
20340220,10.703
20340221,10.177
20340222,10.819
20340223,9.7634
20340224,8.6536
20340225,11.417
20340226,9.0459
20340227,7.3674
20340228,11.897
20340301,10.039
20340302,11.219
20340303,11.49
20340304,12.483
20340305,13.039
20340306,14.434
20340307,13.949
20340308,12.887
20340309,12.051
20340310,12.908
20340311,12.584
20340312,13.186
20340313,14.708
20340314,7.5618
20340315,12.17
20340316,11.12
20340317,12.568
20340318,12.895
20340319,13.992
20340320,14.735
20340321,15.289
20340322,12.625
20340323,15.822
20340324,15.555
20340325,14.437
20340326,14.375
20340327,12.263
20340328,11.092
20340329,12.635
20340330,16.627
20340331,18.896
20340401,16.367
20340402,13.216
20340403,16.584
20340404,17.471
20340405,17.829
20340406,17.941
20340407,15.681
20340408,15.494
20340409,16.784
20340410,17.615
20340411,20.319
20340412,21.23
20340413,21.284
20340414,19.155
20340415,18.722
20340416,18.618
20340417,18.25
20340418,17.887
20340419,16.148
20340420,17.242
20340421,17.375
20340422,15.753
20340423,16.94
20340424,17.504
20340425,13.202
20340426,14.986
20340427,17.088
20340428,18.281
20340429,18.454
20340430,18.44
20340501,16.401
20340502,15.053
20340503,16.452
20340504,17.388
20340505,19.008
20340506,21.312
20340507,22.805
20340508,24.526
20340509,22.684
20340510,20.596
20340511,20.626
20340512,19.839
20340513,15.64
20340514,18.128
20340515,18.52
20340516,16.482
20340517,17.044
20340518,21.331
20340519,15.604
20340520,22.076
20340521,19.477
20340522,21.791
20340523,23.213
20340524,22.02
20340525,21.296
20340526,21.255
20340527,23.934
20340528,23.751
20340529,23.172
20340530,24.592
20340531,23.139
20340601,21.581
20340602,27.26
20340603,25.958
20340604,26.815
20340605,27.276
20340606,30.379
20340607,28.442
20340608,23.317
20340609,24.196
20340610,25.807
20340611,27.826
20340612,25.802
20340613,25.242
20340614,22.453
20340615,22.279
20340616,19.435
20340617,23.507
20340618,24.982
20340619,22.623
20340620,19.863
20340621,22.562
20340622,25.382
20340623,27.411
20340624,27.583
20340625,29.103
20340626,27.621
20340627,21.201
20340628,21.964
20340629,24.001
20340630,17.522
20340701,18.695
20340702,20.749
20340703,23.925
20340704,24.739
20340705,25.879
20340706,24.158
20340707,29.069
20340708,31.805
20340709,24.673
20340710,24.822
20340711,27.81
20340712,30.342
20340713,30.495
20340714,32.173
20340715,30.537
20340716,25.621
20340717,25.56
20340718,23.941
20340719,27.309
20340720,29.689
20340721,29.314
20340722,29.292
20340723,22.459
20340724,25.054
20340725,29.237
20340726,31.482
20340727,33.54
20340728,32.842
20340729,31.655
20340730,32.79
20340731,32.677
20340801,33.939
20340802,20.658
20340803,26.964
20340804,30.622
20340805,32.731
20340806,33.592
20340807,29.066
20340808,34.42
20340809,27.683
20340810,30.234
20340811,31.531
20340812,32.659
20340813,30.469
20340814,29.702
20340815,26.6
20340816,26.05
20340817,27.188
20340818,23.216
20340819,24.078
20340820,27.762
20340821,24.518
20340822,26.326
20340823,27.824
20340824,27.477
20340825,24.69
20340826,28.069
20340827,29.103
20340828,29.117
20340829,29.89
20340830,28.57
20340831,27.86
20340901,27.57
20340902,27.721
20340903,21.42
20340904,29.503
20340905,29.809
20340906,30.654
20340907,30.886
20340908,30.755
20340909,30.452
20340910,29.601
20340911,30.532
20340912,30.547
20340913,31.191
20340914,31.013
20340915,26.032
20340916,22.126
20340917,22.573
20340918,21.258
20340919,23.135
20340920,24.062
20340921,23.208
20340922,24.232
20340923,21.43
20340924,18.394
20340925,21.534
20340926,25.104
20340927,23.586
20340928,21.769
20340929,21.409
20340930,22.926
20341001,25.455
20341002,28.533
20341003,28.868
20341004,27.389
20341005,19.889
20341006,22.354
20341007,24.001
20341008,23.094
20341009,25.002
20341010,17.572
20341011,19.285
20341012,18.056
20341013,18.572
20341014,17.949
20341015,16.014
20341016,14.312
20341017,14.986
20341018,17.359
20341019,16.027
20341020,18.212
20341021,18.523
20341022,17.143
20341023,17.101
20341024,14.251
20341025,11.789
20341026,12.748
20341027,15.87
20341028,16.865
20341029,18.302
20341030,17.198
20341031,15.889
20341101,16.495
20341102,15.125
20341103,15.766
20341104,13.784
20341105,12.967
20341106,15.613
20341107,15.389
20341108,12.411
20341109,13.606
20341110,13.224
20341111,12.074
20341112,13.19
20341113,13.178
20341114,16.644
20341115,15.793
20341116,11.669
20341117,13.837
20341118,12.984
20341119,13.391
20341120,13.725
20341121,14.261
20341122,9.5025
20341123,16.39
20341124,13.957
20341125,15.363
20341126,13.619
20341127,13.011
20341128,10.488
20341129,8.295
20341130,8.4426
20341201,12.712
20341202,9.4478
20341203,8.8912
20341204,6.1694
20341205,7.8924
20341206,7.2631
20341207,6.001
20341208,10.135
20341209,7.7229
20341210,7.0047
20341211,11.267
20341212,12.419
20341213,14.375
20341214,14.659
20341215,13.702
20341216,11.778
20341217,11.112
20341218,11.357
20341219,12.555
20341220,13.103
20341221,11.359
20341222,8.9606
20341223,8.0025
20341224,9.1568
20341225,10.56
20341226,10.028
20341227,8.298
20341228,9.0056
20341229,10.568
20341230,12.106
20341231,11.595
20350101,11.816
20350102,10.928
20350103,9.0689
20350104,8.533
20350105,10.573
20350106,10.548
20350107,7.6015
20350108,10.232
20350109,11.731
20350110,10.803
20350111,12.326
20350112,8.8889
20350113,9.7705
20350114,8.5636
20350115,7.3647
20350116,8.2928
20350117,5.0433
20350118,3.6139
20350119,8.8586
20350120,11.899
20350121,12.13
20350122,12.123
20350123,10.326
20350124,10.639
20350125,8.9665
20350126,10.929
20350127,11.508
20350128,12.537
20350129,12.171
20350130,3.2891
20350131,0.84651
20350201,-1.53
20350202,2.9983
20350203,4.8579
20350204,10.091
20350205,9.8369
20350206,10.787
20350207,10.344
20350208,9.8403
20350209,9.7698
20350210,6.4933
20350211,11.432
20350212,11.21
20350213,10.562
20350214,13.926
20350215,15.192
20350216,11.691
20350217,16.267
20350218,14.912
20350219,12.582
20350220,14.13
20350221,8.5326
20350222,9.968
20350223,13.61
20350224,15.714
20350225,15.666
20350226,17.203
20350227,11.83
20350228,11.742
20350301,11.473
20350302,12.3
20350303,14.054
20350304,13.605
20350305,11.358
20350306,13.947
20350307,15.059
20350308,15.077
20350309,12.138
20350310,13.777
20350311,13.567
20350312,12.377
20350313,11.587
20350314,10.183
20350315,4.2433
20350316,7.9006
20350317,12.682
20350318,14.078
20350319,12.642
20350320,12.447
20350321,11.555
20350322,10.748
20350323,12.647
20350324,12.999
20350325,14.73
20350326,19.234
20350327,15.382
20350328,13.867
20350329,9.79
20350330,11.658
20350331,12.795
20350401,14.111
20350402,13.166
20350403,13.311
20350404,13.22
20350405,11.448
20350406,14.838
20350407,16.393
20350408,15.287
20350409,15.133
20350410,13.877
20350411,10.399
20350412,12.185
20350413,17.149
20350414,17.852
20350415,17.267
20350416,17.022
20350417,15.481
20350418,17.351
20350419,17.169
20350420,19.569
20350421,19.494
20350422,18.543
20350423,19.253
20350424,16.43
20350425,17.725
20350426,16.315
20350427,15.061
20350428,16.974
20350429,19.229
20350430,20.38
20350501,19.757
20350502,16.518
20350503,18.454
20350504,18.046
20350505,19.89
20350506,15.657
20350507,15.303
20350508,19.442
20350509,19.081
20350510,18.816
20350511,20.026
20350512,23.755
20350513,27.634
20350514,22.868
20350515,24.617
20350516,25.892
20350517,23.951
20350518,24.755
20350519,25.462
20350520,22.545
20350521,23.57
20350522,22.929
20350523,24.047
20350524,23.89
20350525,24.619
20350526,25.212
20350527,23.717
20350528,19.729
20350529,22.979
20350530,25.701
20350531,28.267
20350601,25.393
20350602,25.025
20350603,20.029
20350604,21.363
20350605,22.764
20350606,21.266
20350607,20.749
20350608,21.693
20350609,24.105
20350610,22.294
20350611,21.84
20350612,23.501
20350613,23.628
20350614,21.004
20350615,19.701
20350616,21.475
20350617,22.018
20350618,23.975
20350619,25.775
20350620,29.31
20350621,26.79
20350622,25.333
20350623,25.072
20350624,25.087
20350625,24.458
20350626,24.3
20350627,24.388
20350628,22.07
20350629,24.95
20350630,24.404
20350701,22.925
20350702,25.117
20350703,25.704
20350704,25.588
20350705,26.705
20350706,27.576
20350707,27.972
20350708,29.451
20350709,29.632
20350710,30.803
20350711,31.762
20350712,28.025
20350713,26.211
20350714,27.759
20350715,19.248
20350716,24.213
20350717,26.28
20350718,30.973
20350719,31.703
20350720,31.94
20350721,32.105
20350722,31.309
20350723,29.333
20350724,23.441
20350725,22.44
20350726,25.46
20350727,28.191
20350728,30.723
20350729,26.207
20350730,26.096
20350731,28.958
20350801,28.241
20350802,27.599
20350803,30.526
20350804,32.042
20350805,31.431
20350806,31.192
20350807,29.022
20350808,25.739
20350809,26.07
20350810,24.921
20350811,27.776
20350812,24.462
20350813,24.528
20350814,26.027
20350815,28.411
20350816,30.569
20350817,25.567
20350818,27.417
20350819,26.777
20350820,26.859
20350821,27.981
20350822,24.24
20350823,20.213
20350824,26.013
20350825,21.954
20350826,29.459
20350827,31.095
20350828,30.176
20350829,29.525
20350830,31.365
20350831,30.4
20350901,28.564
20350902,28.522
20350903,23.046
20350904,21.568
20350905,26.7
20350906,27.532
20350907,27.006
20350908,27.226
20350909,27.289
20350910,27.591
20350911,26.987
20350912,27.131
20350913,24.713
20350914,26.774
20350915,27.429
20350916,25.323
20350917,17.873
20350918,18.116
20350919,18.861
20350920,22.105
20350921,23.836
20350922,24.777
20350923,18.274
20350924,20.985
20350925,21.212
20350926,18.889
20350927,20.017
20350928,19.291
20350929,20.834
20350930,21.514
20351001,22.53
20351002,22.746
20351003,22.566
20351004,17.392
20351005,17.62
20351006,15.492
20351007,16.835
20351008,18.274
20351009,18.251
20351010,17.919
20351011,17.401
20351012,17.7
20351013,18.836
20351014,17.059
20351015,15.536
20351016,16.929
20351017,20.144
20351018,15.393
20351019,12.914
20351020,11.908
20351021,12.249
20351022,13.246
20351023,14.912
20351024,16.371
20351025,15.432
20351026,16.578
20351027,15.352
20351028,12.724
20351029,10.85
20351030,14.079
20351031,14.991
20351101,15.818
20351102,20.737
20351103,15.227
20351104,11.879
20351105,10.51
20351106,14.772
20351107,14.836
20351108,13.91
20351109,15.14
20351110,16.069
20351111,13.833
20351112,13.433
20351113,13.952
20351114,14.213
20351115,14.209
20351116,13.644
20351117,13.958
20351118,14.885
20351119,14.497
20351120,11.8
20351121,13.059
20351122,12.153
20351123,14.891
20351124,12.291
20351125,11.46
20351126,11.575
20351127,10.972
20351128,4.2483
20351129,1.4397
20351130,3.3753
20351201,4.5529
20351202,8.4963
20351203,13.766
20351204,11.178
20351205,7.3941
20351206,8.5453
20351207,13.47
20351208,9.8129
20351209,12.567
20351210,10.581
20351211,11.944
20351212,9.376
20351213,8.5866
20351214,7.5509
20351215,12.074
20351216,13.211
20351217,10.183
20351218,9.8585
20351219,11.408
20351220,8.2363
20351221,14.028
20351222,13.687
20351223,13.533
20351224,12.507
20351225,16.159
20351226,15.664
20351227,10.846
20351228,8.4865
20351229,7.3481
20351230,6.82
20351231,6.1778
20360101,3.2901
20360102,3.5409
20360103,5.2534
20360104,6.5137
20360105,9.6143
20360106,8.0889
20360107,7.0503
20360108,6.7354
20360109,5.2448
20360110,3.3317
20360111,4.0143
20360112,6.2476
20360113,9.3706
20360114,8.067
20360115,10.336
20360116,12.858
20360117,9.7418
20360118,7.8124
20360119,7.4884
20360120,6.5145
20360121,10.104
20360122,8.9543
20360123,9.539
20360124,5.3258
20360125,5.2173
20360126,4.4779
20360127,5.9099
20360128,7.9654
20360129,10.402
20360130,10.796
20360131,11.125
20360201,10.83
20360202,10.416
20360203,10.663
20360204,11.812
20360205,11.495
20360206,11.622
20360207,9.8074
20360208,8.1072
20360209,11.943
20360210,12.594
20360211,14.261
20360212,13.805
20360213,16.061
20360214,16.02
20360215,15.057
20360216,13.745
20360217,12.451
20360218,10.903
20360219,11.546
20360220,13.518
20360221,11.521
20360222,6.3777
20360223,6.4118
20360224,1.4094
20360225,3.8692
20360226,7.1065
20360227,9.4295
20360228,9.2437
20360229,7.1248
20360301,8.6476
20360302,9.2963
20360303,10.917
20360304,10.492
20360305,11.323
20360306,6.6617
20360307,9.1693
20360308,11.216
20360309,8.8021
20360310,13.3
20360311,16.285
20360312,15.509
20360313,14.171
20360314,10.693
20360315,15.419
20360316,15.631
20360317,10.801
20360318,12.331
20360319,13.392
20360320,14.424
20360321,15.142
20360322,14.447
20360323,12.014
20360324,12.855
20360325,15.17
20360326,13.275
20360327,14.044
20360328,13.099
20360329,14.248
20360330,11.945
20360331,15.425
20360401,15.339
20360402,14.084
20360403,14.807
20360404,12.67
20360405,11.705
20360406,15.642
20360407,16.607
20360408,14.27
20360409,14.245
20360410,14.31
20360411,13.808
20360412,12.634
20360413,13.423
20360414,14.735
20360415,14.394
20360416,15.001
20360417,17.048
20360418,17.366
20360419,17.031
20360420,17.032
20360421,17.408
20360422,18.548
20360423,18.313
20360424,14.959
20360425,14.659
20360426,14.136
20360427,15.106
20360428,19.462
20360429,19.82
20360430,19.104
20360501,19.188
20360502,19.259
20360503,17.413
20360504,17.901
20360505,18.668
20360506,20.664
20360507,20.133
20360508,21.404
20360509,19.166
20360510,18.85
20360511,19.133
20360512,20.37
20360513,18.607
20360514,17.274
20360515,19.86
20360516,20.422
20360517,17.329
20360518,17.444
20360519,20.344
20360520,21.266
20360521,23.139
20360522,19.408
20360523,21.407
20360524,22.8
20360525,25.153
20360526,23.315
20360527,25.728
20360528,25.26
20360529,24.695
20360530,21.998
20360531,21.896
20360601,24.867
20360602,25.536
20360603,20.94
20360604,22.959
20360605,24.543
20360606,27.029
20360607,26.981
20360608,24.186
20360609,27.441
20360610,28.006
20360611,29.014
20360612,29.678
20360613,28.534
20360614,27.312
20360615,27.345
20360616,23.471
20360617,23.206
20360618,22.255
20360619,24.693
20360620,26.465
20360621,25.795
20360622,26.416
20360623,24.478
20360624,24.438
20360625,26.976
20360626,29.984
20360627,30.44
20360628,31.598
20360629,29.114
20360630,24.136
20360701,24.708
20360702,27.249
20360703,25.78
20360704,28.414
20360705,26.689
20360706,24.383
20360707,25.179
20360708,26.581
20360709,31.178
20360710,33.27
20360711,34.111
20360712,35.161
20360713,34.128
20360714,31.303
20360715,31.9
20360716,25.492
20360717,26.678
20360718,25.079
20360719,26.354
20360720,26.147
20360721,26.441
20360722,30.926
20360723,30.95
20360724,32.272
20360725,28.815
20360726,29.33
20360727,25.382
20360728,28.5
20360729,25.624
20360730,29.402
20360731,32.241
20360801,33.449
20360802,33.95
20360803,35.516
20360804,33.944
20360805,35.418
20360806,35.187
20360807,35.012
20360808,32.294
20360809,24.893
20360810,27.834
20360811,31.035
20360812,30.759
20360813,29.489
20360814,26.223
20360815,24.625
20360816,25.591
20360817,24.546
20360818,26.425
20360819,28.895
20360820,26.677
20360821,27.344
20360822,28.55
20360823,25.08
20360824,24.512
20360825,22.957
20360826,22.39
20360827,26.025
20360828,26.766
20360829,24.963
20360830,24.537
20360831,26.231
20360901,25.32
20360902,25.484
20360903,23.827
20360904,25.504
20360905,26.146
20360906,19.19
20360907,23.398
20360908,23.609
20360909,20.95
20360910,20.329
20360911,21.813
20360912,24.48
20360913,21.034
20360914,24.384
20360915,24.658
20360916,18.712
20360917,21.517
20360918,21.571
20360919,21.966
20360920,23.654
20360921,24.392
20360922,25.084
20360923,25.556
20360924,25.443
20360925,24.802
20360926,25.61
20360927,24.39
20360928,25.053
20360929,23.423
20360930,21.366
20361001,22.839
20361002,23.245
20361003,22.6
20361004,21.555
20361005,19.531
20361006,17.546
20361007,18.646
20361008,19.598
20361009,19.299
20361010,19.041
20361011,14.767
20361012,17.157
20361013,17.167
20361014,16.227
20361015,16.431
20361016,15.242
20361017,14.763
20361018,15.192
20361019,15.607
20361020,14.333
20361021,14.502
20361022,14.848
20361023,15.821
20361024,14.407
20361025,10.438
20361026,11.386
20361027,10.982
20361028,7.6536
20361029,12.431
20361030,12.968
20361031,15.734
20361101,16.788
20361102,12.886
20361103,14.155
20361104,12.148
20361105,7.6996
20361106,9.3681
20361107,10.037
20361108,6.1127
20361109,8.6469
20361110,14.008
20361111,13.747
20361112,13.039
20361113,15.581
20361114,15.862
20361115,12.999
20361116,9.3626
20361117,15.14
20361118,11.405
20361119,6.4254
20361120,9.2159
20361121,10.059
20361122,9.8205
20361123,9.266
20361124,6.7219
20361125,7.1262
20361126,6.7957
20361127,7.5707
20361128,9.5948
20361129,8.9465
20361130,9.2866
20361201,7.5021
20361202,10.741
20361203,9.9777
20361204,10.154
20361205,9.3497
20361206,9.1916
20361207,9.8368
20361208,8.4707
20361209,8.1584
20361210,5.9351
20361211,7.2144
20361212,11.051
20361213,12.059
20361214,12.958
20361215,10.438
20361216,11.264
20361217,10.665
20361218,9.6414
20361219,7.5598
20361220,7.446
20361221,6.5495
20361222,6.5884
20361223,10.445
20361224,6.7395
20361225,6.2644
20361226,9.0553
20361227,10.352
20361228,10.528
20361229,7.4804
20361230,7.7316
20361231,6.1324
20370101,11.148
20370102,14.305
20370103,7.3124
20370104,10.982
20370105,8.4582
20370106,9.1042
20370107,8.796
20370108,8.1776
20370109,9.9092
20370110,10.687
20370111,11.993
20370112,10.59
20370113,9.0953
20370114,9.3936
20370115,11.316
20370116,8.9768
20370117,6.8233
20370118,13.275
20370119,13.598
20370120,11.548
20370121,7.3178
20370122,8.9412
20370123,8.0111
20370124,11.222
20370125,11.989
20370126,12.738
20370127,14.868
20370128,12.387
20370129,14.299
20370130,9.5345
20370131,8.9846
20370201,8.2409
20370202,10.298
20370203,7.5684
20370204,12.631
20370205,12.212
20370206,12.306
20370207,13.992
20370208,14.797
20370209,11.906
20370210,11.039
20370211,12.602
20370212,9.8422
20370213,9.6714
20370214,9.0743
20370215,10.174
20370216,9.734
20370217,7.9095
20370218,11.365
20370219,12.201
20370220,12.111
20370221,13.655
20370222,11.8
20370223,10.004
20370224,10.134
20370225,10.634
20370226,10.036
20370227,11.101
20370228,10.895
20370301,11.631
20370302,13.11
20370303,14.496
20370304,15.232
20370305,16.323
20370306,16.86
20370307,16.484
20370308,16.595
20370309,12.385
20370310,11.91
20370311,12.583
20370312,13.257
20370313,12.425
20370314,13.81
20370315,7.3842
20370316,11.837
20370317,12.781
20370318,16.076
20370319,16.118
20370320,16.835
20370321,17.467
20370322,15.572
20370323,11.174
20370324,12.364
20370325,14.328
20370326,15.285
20370327,17.094
20370328,17.473
20370329,15.945
20370330,13.465
20370331,13.967
20370401,12.487
20370402,15.118
20370403,18.275
20370404,18.994
20370405,19.447
20370406,17.949
20370407,14.759
20370408,15.924
20370409,17.523
20370410,15.568
20370411,14.703
20370412,15.287
20370413,13.462
20370414,14.137
20370415,14.39
20370416,15.946
20370417,17.478
20370418,17.581
20370419,17.442
20370420,21.782
20370421,20.739
20370422,21.19
20370423,20.308
20370424,20.238
20370425,15.517
20370426,17.592
20370427,12.398
20370428,15.634
20370429,15.58
20370430,19.808
20370501,22.272
20370502,22.84
20370503,25.175
20370504,26.201
20370505,24.568
20370506,20.705
20370507,18.061
20370508,19.463
20370509,22.649
20370510,22.544
20370511,21.316
20370512,19.165
20370513,21.09
20370514,21.641
20370515,22.001
20370516,21.799
20370517,22.227
20370518,24.167
20370519,28.076
20370520,28.444
20370521,25.89
20370522,25.684
20370523,21.976
20370524,21.335
20370525,23.542
20370526,26.29
20370527,22.619
20370528,23.93
20370529,23.391
20370530,18.326
20370531,19.992
20370601,22.286
20370602,21.64
20370603,21.6
20370604,23.367
20370605,27.217
20370606,23.456
20370607,23.514
20370608,19.25
20370609,23.05
20370610,22.444
20370611,20.441
20370612,21.376
20370613,25.647
20370614,25.007
20370615,26.126
20370616,27.447
20370617,24.47
20370618,25.1
20370619,23.526
20370620,27.709
20370621,27.454
20370622,18.808
20370623,24.13
20370624,26.647
20370625,28.898
20370626,30.88
20370627,28.936
20370628,22.969
20370629,21.09
20370630,23.305
20370701,25.818
20370702,28.603
20370703,29.332
20370704,28.089
20370705,23.745
20370706,24.396
20370707,26.298
20370708,24.642
20370709,25.915
20370710,24.88
20370711,26.811
20370712,21.508
20370713,26.42
20370714,27.041
20370715,27.341
20370716,31.255
20370717,32.48
20370718,27.459
20370719,27.573
20370720,26.564
20370721,19.985
20370722,23.511
20370723,24.151
20370724,28.644
20370725,22.057
20370726,23.179
20370727,26.726
20370728,28.472
20370729,28.288
20370730,29.711
20370731,28.746
20370801,29.995
20370802,33.343
20370803,24.869
20370804,26.219
20370805,30.424
20370806,29.607
20370807,29.751
20370808,30.644
20370809,29.901
20370810,32.129
20370811,34.646
20370812,36.573
20370813,36.6
20370814,37.341
20370815,37.176
20370816,38.518
20370817,36.996
20370818,36.958
20370819,37.523
20370820,33.471
20370821,31.934
20370822,32.154
20370823,30.732
20370824,29.052
20370825,26.611
20370826,27.499
20370827,27.778
20370828,27.722
20370829,29.129
20370830,29.985
20370831,26.235
20370901,26.503
20370902,24.899
20370903,21.409
20370904,22.998
20370905,23.893
20370906,26.346
20370907,21.857
20370908,24.111
20370909,21.717
20370910,24.948
20370911,26.234
20370912,21.383
20370913,21.732
20370914,21.783
20370915,22.746
20370916,21.943
20370917,17.606
20370918,18.128
20370919,21.441
20370920,21.922
20370921,24.744
20370922,18.358
20370923,21.875
20370924,20.691
20370925,21.084
20370926,22.632
20370927,23.02
20370928,19.397
20370929,20.309
20370930,21.98
20371001,24.343
20371002,23.717
20371003,26.415
20371004,18.515
20371005,17.216
20371006,21.193
20371007,23.921
20371008,22.736
20371009,23.483
20371010,14.837
20371011,11.388
20371012,12.362
20371013,15.185
20371014,17.143
20371015,14.63
20371016,19.473
20371017,19.968
20371018,17.283
20371019,17.926
20371020,15.914
20371021,16.539
20371022,15.565
20371023,17.27
20371024,15.971
20371025,17.2
20371026,14.229
20371027,15.541
20371028,11.025
20371029,14.094
20371030,13.705
20371031,13.579
20371101,14.37
20371102,12.494
20371103,13.401
20371104,13.475
20371105,15.797
20371106,16.352
20371107,12.711
20371108,12.322
20371109,7.4493
20371110,6.9101
20371111,11.118
20371112,13.197
20371113,17.961
20371114,14.837
20371115,16.063
20371116,16.058
20371117,16.823
20371118,11.306
20371119,12.04
20371120,14.577
20371121,12.903
20371122,13.938
20371123,10.497
20371124,10.651
20371125,15.95
20371126,17.554
20371127,15.216
20371128,14.237
20371129,14.737
20371130,13.013
20371201,10.252
20371202,10.91
20371203,11.545
20371204,12.475
20371205,13.683
20371206,11.566
20371207,10.469
20371208,9.0069
20371209,8.2043
20371210,11.337
20371211,9.1339
20371212,8.5107
20371213,10.492
20371214,8.7505
20371215,5.5388
20371216,5.3074
20371217,-0.78358
20371218,2.1938
20371219,0.77632
20371220,1.0246
20371221,4.2009
20371222,5.4196
20371223,7.3882
20371224,6.7748
20371225,7.9747
20371226,9.3096
20371227,12.924
20371228,13.663
20371229,9.3831
20371230,8.4623
20371231,8.0232
20380101,9.0386
20380102,4.1342
20380103,3.393
20380104,5.6817
20380105,2.1002
20380106,3.219
20380107,3.9601
20380108,4.1745
20380109,2.8516
20380110,4.263
20380111,4.2036
20380112,4.9319
20380113,4.8266
20380114,5.3505
20380115,6.3631
20380116,6.006
20380117,6.4737
20380118,5.0856
20380119,4.7307
20380120,5.278
20380121,5.3813
20380122,6.553
20380123,8.0686
20380124,6.1588
20380125,9.3543
20380126,10.107
20380127,9.2241
20380128,9.0393
20380129,8.9034
20380130,9.0001
20380131,8.1788
20380201,7.721
20380202,7.1083
20380203,9.8615
20380204,8.8091
20380205,8.3666
20380206,8.7208
20380207,9.4109
20380208,14.175
20380209,14.447
20380210,14.155
20380211,11.088
20380212,10.622
20380213,10.487
20380214,11.101
20380215,12.843
20380216,14.106
20380217,12.245
20380218,12.76
20380219,13.144
20380220,11.682
20380221,8.8607
20380222,11.42
20380223,14.366
20380224,11.518
20380225,16.93
20380226,14.27
20380227,14.789
20380228,9.6445
20380301,11.443
20380302,9.7238
20380303,11.623
20380304,11.673
20380305,12.436
20380306,12.834
20380307,9.3332
20380308,9.2947
20380309,12.175
20380310,10.325
20380311,14.015
20380312,14.541
20380313,16.039
20380314,17.106
20380315,16.03
20380316,19.579
20380317,20.946
20380318,21.362
20380319,15.756
20380320,17.124
20380321,17.968
20380322,20.134
20380323,21.371
20380324,16.955
20380325,15.756
20380326,14.438
20380327,15.861
20380328,17.599
20380329,17.978
20380330,17.146
20380331,13.866
20380401,13.839
20380402,14.482
20380403,17.843
20380404,20.297
20380405,11.648
20380406,12.74
20380407,13.675
20380408,12.661
20380409,14.146
20380410,18.286
20380411,17.77
20380412,17.643
20380413,16.739
20380414,16.132
20380415,17.026
20380416,15.623
20380417,15.313
20380418,16.121
20380419,16.665
20380420,16.129
20380421,11.818
20380422,15.142
20380423,12.375
20380424,14.763
20380425,15.586
20380426,17.507
20380427,16.616
20380428,19.04
20380429,18.803
20380430,17.744
20380501,16.364
20380502,16.53
20380503,16.735
20380504,17.644
20380505,18.419
20380506,16.105
20380507,18.784
20380508,17.832
20380509,18.472
20380510,19.748
20380511,21.186
20380512,17.756
20380513,18.093
20380514,18.561
20380515,19.645
20380516,21.681
20380517,15.658
20380518,18.351
20380519,21.553
20380520,18.758
20380521,18.382
20380522,16.925
20380523,17.321
20380524,18.841
20380525,21.468
20380526,19.341
20380527,20.607
20380528,23.388
20380529,24.159
20380530,20.542
20380531,21.507
20380601,20.943
20380602,19.611
20380603,21.198
20380604,25.381
20380605,26.412
20380606,29.406
20380607,28.235
20380608,28.092
20380609,26.274
20380610,15.572
20380611,20.523
20380612,22.652
20380613,22.348
20380614,20.454
20380615,20.361
20380616,21.374
20380617,21.158
20380618,20.301
20380619,21.758
20380620,21.439
20380621,22.2
20380622,24.617
20380623,22.781
20380624,25.388
20380625,18.741
20380626,23.547
20380627,27.811
20380628,31.23
20380629,32.717
20380630,27.794
20380701,27.426
20380702,24.464
20380703,23.948
20380704,26.45
20380705,25.992
20380706,25.922
20380707,25.207
20380708,25.496
20380709,27.456
20380710,30.25
20380711,32.477
20380712,35.187
20380713,30.574
20380714,27.56
20380715,26.808
20380716,30.323
20380717,31.403
20380718,31.123
20380719,29.706
20380720,31.201
20380721,34.393
20380722,33.205
20380723,29.338
20380724,30.996
20380725,27.629
20380726,30.521
20380727,33.427
20380728,33.041
20380729,25.043
20380730,24.701
20380731,23.991
20380801,24.435
20380802,24.575
20380803,29.779
20380804,30.441
20380805,31.812
20380806,33.369
20380807,30.328
20380808,27.159
20380809,27.691
20380810,32.474
20380811,34.923
20380812,31.087
20380813,31.765
20380814,33.042
20380815,33.534
20380816,31.749
20380817,29.824
20380818,28.343
20380819,26.65
20380820,29.821
20380821,30.872
20380822,27.687
20380823,30.18
20380824,33.912
20380825,31.718
20380826,34.07
20380827,30.469
20380828,28.701
20380829,28.043
20380830,30.45
20380831,29.996
20380901,31.976
20380902,32.646
20380903,31.982
20380904,31.299
20380905,31.189
20380906,21.749
20380907,23.342
20380908,21.84
20380909,24.829
20380910,27.448
20380911,26.393
20380912,24.89
20380913,26.576
20380914,24.552
20380915,24.988
20380916,24.667
20380917,25.249
20380918,23.358
20380919,24.285
20380920,26.065
20380921,24.233
20380922,24.799
20380923,25.669
20380924,29.78
20380925,25.512
20380926,25.033
20380927,25.318
20380928,27.86
20380929,23.421
20380930,17.322
20381001,21.016
20381002,16.856
20381003,18.373
20381004,18.764
20381005,20.685
20381006,20.915
20381007,23.398
20381008,22.027
20381009,17.039
20381010,17.314
20381011,19.631
20381012,22.159
20381013,21.152
20381014,18.502
20381015,17.14
20381016,16.713
20381017,12.457
20381018,15.706
20381019,16.073
20381020,16.631
20381021,16.133
20381022,17.413
20381023,15.826
20381024,15.635
20381025,15.007
20381026,16.427
20381027,18.625
20381028,19.561
20381029,18.813
20381030,17.454
20381031,17.625
20381101,15.558
20381102,16.337
20381103,15.242
20381104,14.93
20381105,13.473
20381106,16.897
20381107,16.662
20381108,14.66
20381109,16.337
20381110,16.606
20381111,14.748
20381112,13.861
20381113,14.768
20381114,18.133
20381115,16.805
20381116,15.05
20381117,14.789
20381118,11.368
20381119,11.448
20381120,15.772
20381121,12.864
20381122,5.754
20381123,9.7424
20381124,13.331
20381125,14.582
20381126,17.325
20381127,13.008
20381128,10.449
20381129,10.661
20381130,14.403
20381201,11.072
20381202,12.451
20381203,12.525
20381204,6.9191
20381205,2.82
20381206,2.5411
20381207,4.4384
20381208,7.4074
20381209,12.41
20381210,13.026
20381211,12.99
20381212,6.1361
20381213,4.8545
20381214,4.5426
20381215,3.8226
20381216,5.2593
20381217,2.1695
20381218,7.4459
20381219,5.1087
20381220,10.8
20381221,12.203
20381222,12.058
20381223,10.121
20381224,8.9535
20381225,9.7577
20381226,8.8049
20381227,11.241
20381228,10.259
20381229,8.6479
20381230,7.8952
20381231,10.917
20390101,9.379
20390102,10.698
20390103,12.941
20390104,10.213
20390105,8.3581
20390106,5.6898
20390107,5.042
20390108,7.4203
20390109,11.817
20390110,9.8047
20390111,13.26
20390112,15.078
20390113,13.428
20390114,12.702
20390115,11.499
20390116,12.782
20390117,13.025
20390118,10.268
20390119,9.7474
20390120,6.8894
20390121,10.56
20390122,12.256
20390123,12.278
20390124,10.682
20390125,10.8
20390126,11.66
20390127,13.378
20390128,13.194
20390129,9.572
20390130,9.3942
20390131,12.363
20390201,10.192
20390202,8.8081
20390203,8.4776
20390204,8.8009
20390205,8.1494
20390206,8.3765
20390207,9.6309
20390208,9.3206
20390209,8.4569
20390210,6.9557
20390211,10.51
20390212,11.094
20390213,9.6434
20390214,10.533
20390215,12.781
20390216,12.086
20390217,9.0208
20390218,6.2286
20390219,10.823
20390220,11.089
20390221,9.0155
20390222,12.034
20390223,9.9847
20390224,8.304
20390225,9.8396
20390226,11.097
20390227,10.543
20390228,8.0113
20390301,9.5698
20390302,9.6679
20390303,7.7511
20390304,9.8074
20390305,9.0182
20390306,10.17
20390307,10.489
20390308,11.234
20390309,3.946
20390310,6.0772
20390311,6.6928
20390312,6.2417
20390313,7.9871
20390314,8.978
20390315,11.979
20390316,13.792
20390317,13.699
20390318,11.283
20390319,11.151
20390320,10.317
20390321,10.31
20390322,12.147
20390323,13.194
20390324,12.554
20390325,13.133
20390326,14.808
20390327,17.53
20390328,17.255
20390329,15.021
20390330,15.829
20390331,17.992
20390401,19.697
20390402,22.742
20390403,18.53
20390404,14.799
20390405,13.402
20390406,14.674
20390407,16.116
20390408,16.736
20390409,13.423
20390410,14.361
20390411,15.992
20390412,12.282
20390413,17.031
20390414,18.761
20390415,18.652
20390416,19.011
20390417,20.24
20390418,19.315
20390419,16.815
20390420,18.318
20390421,12.554
20390422,16.421
20390423,18.685
20390424,15.257
20390425,14.199
20390426,14.923
20390427,15.899
20390428,17.9
20390429,16.438
20390430,18.227
20390501,19.687
20390502,21.429
20390503,21.506
20390504,19.432
20390505,19.488
20390506,19.598
20390507,19.899
20390508,21.562
20390509,26.63
20390510,26.646
20390511,24.852
20390512,24.575
20390513,23.285
20390514,26.028
20390515,21.09
20390516,20.983
20390517,21.35
20390518,19.894
20390519,20.048
20390520,19.628
20390521,18.404
20390522,20.032
20390523,19.221
20390524,21.165
20390525,22.243
20390526,25.196
20390527,26.203
20390528,21.999
20390529,25.154
20390530,26.379
20390531,24.567
20390601,24.613
20390602,26.888
20390603,20.738
20390604,20.562
20390605,24.24
20390606,18.325
20390607,20.146
20390608,21.803
20390609,20.39
20390610,22.918
20390611,26.419
20390612,23.224
20390613,27.768
20390614,26.742
20390615,26.242
20390616,24.789
20390617,24.268
20390618,25.792
20390619,29.043
20390620,28.841
20390621,30.583
20390622,26.853
20390623,30.1
20390624,27.834
20390625,26.691
20390626,25.657
20390627,26.968
20390628,26.02
20390629,30.68
20390630,32.059
20390701,34.784
20390702,34.741
20390703,29.333
20390704,33.409
20390705,30.198
20390706,26.059
20390707,24.233
20390708,26.433
20390709,29.956
20390710,35.663
20390711,38.236
20390712,36.987
20390713,34.334
20390714,31.714
20390715,36.051
20390716,37.912
20390717,35.73
20390718,34.406
20390719,32.26
20390720,27.537
20390721,26.226
20390722,30.027
20390723,33.504
20390724,35.015
20390725,32.641
20390726,32.534
20390727,33.143
20390728,34.168
20390729,31.041
20390730,32.873
20390731,32.308
20390801,27.5
20390802,28.119
20390803,31.907
20390804,34.342
20390805,33.44
20390806,29.19
20390807,28.554
20390808,27.765
20390809,27.576
20390810,24.741
20390811,26.928
20390812,30.578
20390813,32.967
20390814,30.38
20390815,31.284
20390816,33.332
20390817,35.362
20390818,36.39
20390819,34.123
20390820,26.092
20390821,27.783
20390822,30.312
20390823,31.958
20390824,28.866
20390825,25.97
20390826,28.473
20390827,29.786
20390828,31.404
20390829,27.45
20390830,27.207
20390831,30.651
20390901,28.068
20390902,27.513
20390903,29.235
20390904,23.803
20390905,25.632
20390906,22.8
20390907,23.663
20390908,22.999
20390909,26.645
20390910,26.545
20390911,24.032
20390912,22.493
20390913,20.618
20390914,22.628
20390915,23.109
20390916,24.404
20390917,25.697
20390918,25.781
20390919,24.454
20390920,22.825
20390921,23.005
20390922,23.816
20390923,24.559
20390924,27.05
20390925,27.804
20390926,23.903
20390927,24.37
20390928,22.299
20390929,23.016
20390930,23.77
20391001,21.088
20391002,15.622
20391003,15.141
20391004,11.053
20391005,14.263
20391006,21.259
20391007,20.693
20391008,18.722
20391009,18.65
20391010,18.813
20391011,19.024
20391012,19.384
20391013,18.491
20391014,17.192
20391015,17.276
20391016,18.371
20391017,19.134
20391018,15.983
20391019,15.119
20391020,15.204
20391021,18.524
20391022,19.573
20391023,19.653
20391024,18.905
20391025,18.277
20391026,17.006
20391027,16.864
20391028,16.378
20391029,15.914
20391030,16.305
20391031,15.892
20391101,15.701
20391102,14.173
20391103,14.502
20391104,16.15
20391105,19.132
20391106,20.745
20391107,20.328
20391108,17.009
20391109,13.358
20391110,14.616
20391111,13.232
20391112,13.044
20391113,15.559
20391114,13.437
20391115,11.402
20391116,11.387
20391117,11.127
20391118,10.791
20391119,11.528
20391120,12.071
20391121,11.474
20391122,12.22
20391123,12.949
20391124,12.113
20391125,11.978
20391126,10.354
20391127,10.154
20391128,9.3886
20391129,9.3372
20391130,9.4994
20391201,7.8062
20391202,7.8008
20391203,9.0231
20391204,9.4691
20391205,9.124
20391206,8.7362
20391207,7.5646
20391208,8.533
20391209,9.3764
20391210,11.116
20391211,10.239
20391212,11.655
20391213,10.067
20391214,9.6029
20391215,9.455
20391216,10.63
20391217,7.8425
20391218,5.7848
20391219,7.1201
20391220,8.1241
20391221,7.742
20391222,6.7921
20391223,5.5711
20391224,7.3391
20391225,6.4786
20391226,6.0274
20391227,6.0383
20391228,6.7475
20391229,5.9642
20391230,8.1611
20391231,10.042
20400101,12.085
20400102,10.262
20400103,11.206
20400104,11.119
20400105,9.1681
20400106,8.25
20400107,9.3208
20400108,8.3878
20400109,11.38
20400110,12.224
20400111,11.654
20400112,11.368
20400113,10.922
20400114,9.4741
20400115,9.2514
20400116,8.0705
20400117,11.222
20400118,10.606
20400119,9.6742
20400120,10.842
20400121,11.514
20400122,11.621
20400123,13.145
20400124,15.951
20400125,15.803
20400126,11.805
20400127,10.127
20400128,11.242
20400129,9.493
20400130,10.234
20400131,11.182
20400201,10.355
20400202,13.631
20400203,13.114
20400204,12.229
20400205,10.984
20400206,9.9985
20400207,10.725
20400208,11.002
20400209,11.594
20400210,10.47
20400211,9.9282
20400212,9.5737
20400213,12.612
20400214,10.137
20400215,7.9692
20400216,6.9007
20400217,12.172
20400218,9.3731
20400219,9.7247
20400220,12.908
20400221,14.02
20400222,16.486
20400223,16.786
20400224,12.909
20400225,12.84
20400226,16.315
20400227,19.342
20400228,22.509
20400229,18.981
20400301,14.223
20400302,12.612
20400303,15.233
20400304,19.61
20400305,19.215
20400306,14.567
20400307,18.812
20400308,19.807
20400309,16.327
20400310,15.767
20400311,20.739
20400312,19.681
20400313,19.88
20400314,16.322
20400315,17.752
20400316,17.004
20400317,14.866
20400318,16.647
20400319,16.704
20400320,17.966
20400321,22.056
20400322,23.318
20400323,21.098
20400324,20.632
20400325,21.29
20400326,22.594
20400327,21.965
20400328,20.345
20400329,21.865
20400330,22.316
20400331,23.316
20400401,24.254
20400402,21.285
20400403,20.567
20400404,20.22
20400405,14.75
20400406,15.653
20400407,18.932
20400408,18.503
20400409,19.98
20400410,19.237
20400411,14.365
20400412,17.262
20400413,18.968
20400414,17.526
20400415,14.96
20400416,19.288
20400417,21.359
20400418,23.395
20400419,25.323
20400420,23.856
20400421,17.909
20400422,19.437
20400423,17.405
20400424,19.738
20400425,19.232
20400426,20.858
20400427,21.001
20400428,19.059
20400429,23.739
20400430,24.26
20400501,24.475
20400502,24.328
20400503,22.777
20400504,21.583
20400505,22.128
20400506,26.215
20400507,24.109
20400508,18.808
20400509,19.571
20400510,19.244
20400511,17.525
20400512,17.879
20400513,18.314
20400514,19.472
20400515,21.972
20400516,23.272
20400517,20.39
20400518,24.087
20400519,22.861
20400520,23.313
20400521,24.884
20400522,24.045
20400523,24.349
20400524,25.098
20400525,19.61
20400526,18.442
20400527,19.276
20400528,20.146
20400529,21.473
20400530,24.852
20400531,26.36
20400601,26.859
20400602,22.932
20400603,19.613
20400604,22.571
20400605,24.457
20400606,26.571
20400607,27.767
20400608,29.457
20400609,29.995
20400610,20.629
20400611,25.301
20400612,22.905
20400613,24.778
20400614,25.128
20400615,28.424
20400616,29.085
20400617,24.386
20400618,20.989
20400619,23.377
20400620,22.805
20400621,25.654
20400622,29.104
20400623,26.67
20400624,28.269
20400625,23.879
20400626,24.333
20400627,26.826
20400628,27.267
20400629,25.907
20400630,27.083
20400701,27.632
20400702,30.279
20400703,32.556
20400704,32.842
20400705,33.062
20400706,32.295
20400707,32.824
20400708,33.311
20400709,30.684
20400710,23.338
20400711,24.339
20400712,25.249
20400713,24.314
20400714,27.416
20400715,28.608
20400716,29.112
20400717,25.651
20400718,26.455
20400719,28.96
20400720,29.614
20400721,23.561
20400722,26.868
20400723,29.86
20400724,32.99
20400725,30.612
20400726,32.647
20400727,33.601
20400728,34.151
20400729,31.333
20400730,30.891
20400731,24.182
20400801,26.693
20400802,28.279
20400803,30.251
20400804,32.327
20400805,29.896
20400806,23.006
20400807,25.02
20400808,28.565
20400809,29.042
20400810,27.757
20400811,27.131
20400812,28.998
20400813,28.866
20400814,31.392
20400815,24.187
20400816,26.965
20400817,28.869
20400818,30.434
20400819,31.289
20400820,28.955
20400821,30.61
20400822,30.057
20400823,29.891
20400824,32.004
20400825,32.316
20400826,32.995
20400827,32.696
20400828,26.384
20400829,28.21
20400830,27.864
20400831,29.721
20400901,29.384
20400902,26.539
20400903,23.693
20400904,24.405
20400905,22.046
20400906,25.747
20400907,29.109
20400908,29.024
20400909,31.214
20400910,30.015
20400911,29.205
20400912,28.252
20400913,31.004
20400914,25.347
20400915,21.471
20400916,22.717
20400917,23.189
20400918,23.918
20400919,22.45
20400920,22.019
20400921,22.728
20400922,23.817
20400923,23.943
20400924,24.966
20400925,25.56
20400926,25.29
20400927,24.307
20400928,23.588
20400929,21
20400930,18.882
20401001,16.454
20401002,17.733
20401003,17.805
20401004,19.08
20401005,20.079
20401006,19.839
20401007,19.875
20401008,22.485
20401009,23.255
20401010,25.498
20401011,25.113
20401012,25.255
20401013,25.352
20401014,23.737
20401015,22.499
20401016,22.898
20401017,22.562
20401018,22.204
20401019,19.442
20401020,19.417
20401021,21.102
20401022,20.934
20401023,21.447
20401024,18.02
20401025,16.396
20401026,20.917
20401027,20.972
20401028,20.459
20401029,17.075
20401030,18.32
20401031,17.005
20401101,15.746
20401102,14.384
20401103,18.586
20401104,17.895
20401105,15.475
20401106,16.557
20401107,14.13
20401108,13.361
20401109,11.739
20401110,10.817
20401111,13.257
20401112,11.15
20401113,15.21
20401114,12.993
20401115,16.441
20401116,17.171
20401117,18.272
20401118,15.829
20401119,13.729
20401120,13.891
20401121,12.427
20401122,12.239
20401123,9.6074
20401124,9.8288
20401125,10.611
20401126,9.2702
20401127,8.4645
20401128,8.8948
20401129,10.338
20401130,12.53
20401201,14.315
20401202,14.298
20401203,13.898
20401204,14.118
20401205,13.752
20401206,14.08
20401207,12.418
20401208,11.291
20401209,10.194
20401210,12.319
20401211,11.2
20401212,9.1581
20401213,9.2605
20401214,6.4391
20401215,8.5582
20401216,7.5161
20401217,8.7007
20401218,10.764
20401219,8.0469
20401220,13.816
20401221,14.452
20401222,13.862
20401223,11.354
20401224,10.085
20401225,12.818
20401226,12.89
20401227,13.936
20401228,13.576
20401229,13.128
20401230,11.583
20401231,12.895
20410101,11.363
20410102,9.9369
20410103,11.081
20410104,15.617
20410105,12.761
20410106,10.815
20410107,9.5589
20410108,5.1845
20410109,5.7625
20410110,7.1691
20410111,8.797
20410112,8.1422
20410113,7.2323
20410114,10.468
20410115,12.025
20410116,9.2172
20410117,10.87
20410118,8.9605
20410119,4.5022
20410120,7.8301
20410121,10.667
20410122,9.5587
20410123,12.323
20410124,12.527
20410125,13.983
20410126,13.565
20410127,12.694
20410128,14.816
20410129,12.63
20410130,10.53
20410131,8.6416
20410201,11.015
20410202,9.9266
20410203,9.6375
20410204,9.8047
20410205,7.6805
20410206,7.59
20410207,9.0547
20410208,11.011
20410209,11.283
20410210,13.897
20410211,13.915
20410212,10.669
20410213,8.8861
20410214,8.0162
20410215,7.2625
20410216,6.1408
20410217,6.567
20410218,9.7615
20410219,6.9127
20410220,8.158
20410221,7.1221
20410222,6.8421
20410223,8.0564
20410224,9.2067
20410225,10.503
20410226,11.098
20410227,11.345
20410228,14.388
20410301,13.869
20410302,10.899
20410303,12.186
20410304,11.294
20410305,13.49
20410306,12.919
20410307,17.27
20410308,12.004
20410309,12.595
20410310,15.2
20410311,15.173
20410312,14.44
20410313,9.0379
20410314,13.566
20410315,13.413
20410316,11.681
20410317,12.587
20410318,15.327
20410319,9.6599
20410320,12.302
20410321,14.374
20410322,15.034
20410323,14.085
20410324,12.031
20410325,13.089
20410326,15.834
20410327,13.626
20410328,15.747
20410329,17.358
20410330,13.23
20410331,13.577
20410401,17.801
20410402,19.277
20410403,20.846
20410404,17.994
20410405,16.335
20410406,12.7
20410407,13.641
20410408,16.064
20410409,16.326
20410410,21.079
20410411,22.464
20410412,19.536
20410413,21.433
20410414,25.044
20410415,24.375
20410416,26.937
20410417,20.115
20410418,21.509
20410419,19.061
20410420,20.709
20410421,19.68
20410422,21.031
20410423,22.2
20410424,19.651
20410425,17.632
20410426,16.883
20410427,12.485
20410428,18.233
20410429,19.911
20410430,20.822
20410501,19.095
20410502,20.626
20410503,19.731
20410504,19.6
20410505,20.539
20410506,22.135
20410507,22.138
20410508,21.197
20410509,25.805
20410510,25.308
20410511,25.31
20410512,26.436
20410513,20.656
20410514,18.425
20410515,21.572
20410516,22.56
20410517,23.536
20410518,23.297
20410519,21.929
20410520,22.383
20410521,22.144
20410522,18.763
20410523,19.618
20410524,23.355
20410525,27.388
20410526,26.143
20410527,27.62
20410528,22.409
20410529,16.351
20410530,15.172
20410531,20.04
20410601,18.616
20410602,18.618
20410603,18.167
20410604,19.907
20410605,19.881
20410606,23.08
20410607,21.035
20410608,24.6
20410609,28.724
20410610,30.675
20410611,27.957
20410612,28.014
20410613,23.611
20410614,24.15
20410615,16.783
20410616,24.114
20410617,23.598
20410618,25.763
20410619,25.523
20410620,26.068
20410621,27.007
20410622,24.887
20410623,25.735
20410624,27.254
20410625,28.213
20410626,27.963
20410627,27.288
20410628,29.579
20410629,30.034
20410630,29.239
20410701,30.474
20410702,24.318
20410703,25.372
20410704,27.362
20410705,27.683
20410706,30.254
20410707,32.839
20410708,29.719
20410709,27.563
20410710,29.02
20410711,30.629
20410712,32.288
20410713,33.418
20410714,33.505
20410715,31.658
20410716,31.381
20410717,28.44
20410718,27.503
20410719,32.234
20410720,34.146
20410721,30.326
20410722,26.273
20410723,26.383
20410724,23.385
20410725,28.549
20410726,28.637
20410727,27.936
20410728,29.771
20410729,29.949
20410730,25.518
20410731,28.526
20410801,26.959
20410802,30.507
20410803,31.296
20410804,24.814
20410805,26.879
20410806,26.681
20410807,28.517
20410808,22.763
20410809,25.678
20410810,28.791
20410811,27.821
20410812,27.63
20410813,20.975
20410814,27.261
20410815,23.69
20410816,28.228
20410817,29.882
20410818,27.221
20410819,28.176
20410820,30.55
20410821,32.282
20410822,32.814
20410823,33.378
20410824,29.669
20410825,28.42
20410826,27.425
20410827,27.804
20410828,29.11
20410829,29.87
20410830,29.4
20410831,33.002
20410901,29.281
20410902,32.834
20410903,32.615
20410904,32.663
20410905,26.186
20410906,27.575
20410907,28.972
20410908,28.678
20410909,28.556
20410910,28.852
20410911,29.079
20410912,28.798
20410913,22.179
20410914,23.849
20410915,27.851
20410916,28.149
20410917,28.671
20410918,22.111
20410919,20.949
20410920,24.398
20410921,23.373
20410922,20.808
20410923,21.196
20410924,21.102
20410925,21.386
20410926,23.009
20410927,25.187
20410928,25.674
20410929,25.296
20410930,21.872
20411001,20.147
20411002,16.619
20411003,17.706
20411004,19.398
20411005,16.793
20411006,19.391
20411007,19.603
20411008,19.802
20411009,19.489
20411010,19.738
20411011,16.924
20411012,14.926
20411013,16.924
20411014,19.111
20411015,15.723
20411016,17.397
20411017,19.074
20411018,19.473
20411019,19.592
20411020,18.558
20411021,18.329
20411022,18.997
20411023,19.402
20411024,18.823
20411025,20.419
20411026,20.494
20411027,15.016
20411028,17.077
20411029,14.274
20411030,16.283
20411031,16.497
20411101,17.003
20411102,16.532
20411103,14.979
20411104,13.057
20411105,11.213
20411106,11.269
20411107,11.536
20411108,14.592
20411109,14.133
20411110,12.305
20411111,4.3383
20411112,8.8482
20411113,5.7564
20411114,6.2028
20411115,5.2828
20411116,13.614
20411117,13.521
20411118,12.18
20411119,12.206
20411120,12.095
20411121,13.63
20411122,12.85
20411123,10.036
20411124,11.817
20411125,11.209
20411126,10.631
20411127,10.586
20411128,10.68
20411129,9.8063
20411130,10.523
20411201,7.7358
20411202,7.5804
20411203,9.5765
20411204,12.34
20411205,13.029
20411206,10.141
20411207,10.932
20411208,8.5174
20411209,8.1581
20411210,7.2754
20411211,11.783
20411212,10.585
20411213,14.175
20411214,13.498
20411215,10.205
20411216,10.082
20411217,9.363
20411218,9.9757
20411219,8.673
20411220,7.3109
20411221,6.6173
20411222,4.6088
20411223,2.1662
20411224,1.532
20411225,2.6913
20411226,0.787
20411227,1.7528
20411228,0.43255
20411229,1.7821
20411230,3.7921
20411231,3.6816
20420101,11.375
20420102,5.4014
20420103,5.8935
20420104,7.4573
20420105,8.6437
20420106,7.2792
20420107,11.537
20420108,13.525
20420109,15.939
20420110,13.473
20420111,12.076
20420112,12.099
20420113,12.28
20420114,10.53
20420115,7.5458
20420116,5.7658
20420117,9.5226
20420118,10.887
20420119,13.598
20420120,11.439
20420121,8.2714
20420122,11.149
20420123,12.616
20420124,10.669
20420125,13.794
20420126,14.75
20420127,13.89
20420128,9.9959
20420129,7.7616
20420130,7.2978
20420131,5.593
20420201,5.6061
20420202,7.6411
20420203,10.628
20420204,11.979
20420205,10.791
20420206,11.792
20420207,12.887
20420208,12.335
20420209,14.667
20420210,11.117
20420211,10.353
20420212,12.588
20420213,14.557
20420214,10.281
20420215,10.26
20420216,15.32
20420217,16.704
20420218,13.878
20420219,11.643
20420220,11.081
20420221,11.342
20420222,10.908
20420223,12.892
20420224,12.316
20420225,13.39
20420226,12.056
20420227,8.6958
20420228,7.6632
20420301,6.1998
20420302,9.2115
20420303,12.315
20420304,11.796
20420305,13.457
20420306,15.548
20420307,16.224
20420308,16.018
20420309,11.637
20420310,12.089
20420311,15.398
20420312,16.303
20420313,18.343
20420314,15.649
20420315,16.085
20420316,16.021
20420317,18.069
20420318,12.987
20420319,13.079
20420320,14.582
20420321,12.88
20420322,12.124
20420323,13.331
20420324,14.667
20420325,16.303
20420326,14.09
20420327,17.729
20420328,18.819
20420329,19.783
20420330,19.442
20420331,19.192
20420401,17.079
20420402,17.812
20420403,19.661
20420404,18.561
20420405,19.989
20420406,18.993
20420407,17.906
20420408,15.59
20420409,19.367
20420410,21.662
20420411,16.476
20420412,12.703
20420413,20.538
20420414,16.576
20420415,16.472
20420416,20.617
20420417,21.548
20420418,21.572
20420419,18.758
20420420,22.795
20420421,23.924
20420422,20.28
20420423,17.773
20420424,20.595
20420425,18.569
20420426,18.967
20420427,19.009
20420428,21.898
20420429,21.413
20420430,19.309
20420501,19.939
20420502,19.003
20420503,21.232
20420504,17.77
20420505,20.349
20420506,23.152
20420507,28.108
20420508,25.104
20420509,22.116
20420510,24.317
20420511,21.386
20420512,25.15
20420513,24.929
20420514,25.177
20420515,22.534
20420516,24.506
20420517,26.7
20420518,27.825
20420519,27.969
20420520,29.273
20420521,29.166
20420522,30.292
20420523,29.401
20420524,31.366
20420525,20.081
20420526,20.46
20420527,22.519
20420528,24.848
20420529,26.485
20420530,22.674
20420531,21.92
20420601,22.301
20420602,27.589
20420603,22.604
20420604,22.994
20420605,23.823
20420606,26.475
20420607,29.209
20420608,32.106
20420609,32.052
20420610,28.64
20420611,28.314
20420612,31.328
20420613,30.477
20420614,31.751
20420615,32.132
20420616,32.832
20420617,28.552
20420618,28.626
20420619,29.652
20420620,34.029
20420621,34.654
20420622,29.812
20420623,31.572
20420624,30.577
20420625,29.45
20420626,29.153
20420627,27.209
20420628,30.89
20420629,32.544
20420630,33.6
20420701,34.971
20420702,35.498
20420703,35.491
20420704,27.515
20420705,25.131
20420706,25.759
20420707,28.06
20420708,28.055
20420709,30.509
20420710,33.559
20420711,36.249
20420712,33.903
20420713,29.414
20420714,30.935
20420715,26.577
20420716,24.5
20420717,22.977
20420718,24.776
20420719,27.838
20420720,31.329
20420721,27.037
20420722,27.35
20420723,28.372
20420724,28.268
20420725,30.235
20420726,28.108
20420727,27.556
20420728,26.425
20420729,28.708
20420730,29.722
20420731,27.932
20420801,23.316
20420802,24.435
20420803,26.168
20420804,25.86
20420805,26.211
20420806,25.919
20420807,27.522
20420808,28.125
20420809,27.627
20420810,28.735
20420811,26.736
20420812,21.622
20420813,21.888
20420814,24.457
20420815,24.456
20420816,25.149
20420817,27.541
20420818,23.792
20420819,23.537
20420820,25.983
20420821,25.79
20420822,18.924
20420823,21.262
20420824,25.739
20420825,27.523
20420826,28.057
20420827,30.264
20420828,31.124
20420829,26.085
20420830,26.427
20420831,26.163
20420901,26.833
20420902,27.208
20420903,26.675
20420904,27.118
20420905,26.197
20420906,27.819
20420907,26.866
20420908,20.593
20420909,23.556
20420910,25.501
20420911,27.552
20420912,27.863
20420913,22.584
20420914,22.837
20420915,23.884
20420916,23.628
20420917,24.981
20420918,25.999
20420919,24.58
20420920,24.011
20420921,19.106
20420922,19.939
20420923,20.63
20420924,21.361
20420925,19.568
20420926,16.713
20420927,17.828
20420928,19.041
20420929,19.559
20420930,20.755
20421001,21.326
20421002,20.28
20421003,22.739
20421004,23.015
20421005,17.622
20421006,15.278
20421007,17.148
20421008,18.607
20421009,16.772
20421010,10.714
20421011,15.29
20421012,15.623
20421013,16.114
20421014,16.25
20421015,17.164
20421016,17.203
20421017,19.34
20421018,18.109
20421019,13.448
20421020,14.453
20421021,14.917
20421022,14.479
20421023,16.195
20421024,18.427
20421025,18.092
20421026,16.805
20421027,17.416
20421028,16.642
20421029,18.482
20421030,18.577
20421031,17.519
20421101,17.268
20421102,14.554
20421103,17.116
20421104,14.46
20421105,14.989
20421106,17.224
20421107,17.784
20421108,15.367
20421109,16.086
20421110,15.088
20421111,15.149
20421112,16.425
20421113,15.565
20421114,15.074
20421115,12.805
20421116,11.563
20421117,12.306
20421118,9.3957
20421119,8.5074
20421120,8.7803
20421121,11.022
20421122,13.313
20421123,12.102
20421124,10.69
20421125,10.69
20421126,14.83
20421127,11.162
20421128,9.7068
20421129,8.5239
20421130,5.7746
20421201,4.7066
20421202,5.422
20421203,3.7834
20421204,3.4611
20421205,3.8792
20421206,5.7354
20421207,3.7306
20421208,6.0283
20421209,7.5931
20421210,6.3654
20421211,7.5083
20421212,11.663
20421213,10.69
20421214,7.957
20421215,7.7806
20421216,6.4032
20421217,6.8359
20421218,8.1168
20421219,7.2667
20421220,7.4274
20421221,7.049
20421222,8.5567
20421223,8.4004
20421224,8.4075
20421225,9.1588
20421226,9.5561
20421227,8.7069
20421228,6.1265
20421229,4.9509
20421230,4.5149
20421231,6.1985
20430101,4.6406
20430102,6.7869
20430103,5.3956
20430104,9.0522
20430105,7.3761
20430106,11.351
20430107,8.9526
20430108,10.36
20430109,9.4759
20430110,9.4201
20430111,9.3432
20430112,12.146
20430113,8.5957
20430114,8.0102
20430115,9.2955
20430116,6.0671
20430117,3.0832
20430118,2.8273
20430119,6.4791
20430120,9.5095
20430121,9.7356
20430122,7.7876
20430123,6.4419
20430124,3.9819
20430125,3.0674
20430126,8.7214
20430127,10.889
20430128,12.115
20430129,11.154
20430130,11.362
20430131,8.6685
20430201,8.4033
20430202,9.9642
20430203,7.0837
20430204,7.1037
20430205,9.2346
20430206,6.8456
20430207,7.3059
20430208,6.0367
20430209,10.942
20430210,11.666
20430211,10.442
20430212,11.454
20430213,11.049
20430214,11.873
20430215,9.025
20430216,9.6924
20430217,12.922
20430218,14.051
20430219,15.567
20430220,14.531
20430221,14.88
20430222,18.23
20430223,15.927
20430224,15.867
20430225,16.616
20430226,14.906
20430227,15.216
20430228,14.365
20430301,15.965
20430302,17.721
20430303,14.831
20430304,18.298
20430305,16.91
20430306,19.106
20430307,20.528
20430308,17.013
20430309,14.416
20430310,20.361
20430311,18.484
20430312,18.881
20430313,19.177
20430314,15.365
20430315,14.21
20430316,14.023
20430317,15.173
20430318,14.692
20430319,15.5
20430320,16.101
20430321,20.851
20430322,21.305
20430323,11.429
20430324,16.009
20430325,13.952
20430326,20.065
20430327,14.946
20430328,17.376
20430329,17.285
20430330,17.145
20430331,15.399
20430401,15.974
20430402,14.087
20430403,14.53
20430404,16.593
20430405,17.283
20430406,11.963
20430407,17.776
20430408,20.224
20430409,21.131
20430410,19.699
20430411,20.299
20430412,19.307
20430413,19.937
20430414,22.182
20430415,20.322
20430416,20.938
20430417,21.296
20430418,19.583
20430419,18.866
20430420,16.021
20430421,16.015
20430422,15.552
20430423,17.627
20430424,15.74
20430425,18.691
20430426,18.943
20430427,21.53
20430428,23.567
20430429,23.907
20430430,18.718
20430501,19.746
20430502,18.765
20430503,18.401
20430504,20.139
20430505,20.552
20430506,18.208
20430507,19.207
20430508,22.38
20430509,22.483
20430510,21.583
20430511,16.781
20430512,19.701
20430513,18.654
20430514,19.367
20430515,20.333
20430516,18.692
20430517,16.505
20430518,20.629
20430519,22.553
20430520,22.237
20430521,20.802
20430522,22.287
20430523,21.577
20430524,22.65
20430525,22.338
20430526,24.489
20430527,23.443
20430528,21.884
20430529,20.329
20430530,19.144
20430531,21.329
20430601,20.597
20430602,19.402
20430603,20.888
20430604,23.239
20430605,21.084
20430606,22.445
20430607,23.018
20430608,21.096
20430609,21.634
20430610,19.473
20430611,13.129
20430612,20.529
20430613,22.945
20430614,22.06
20430615,16.877
20430616,18.129
20430617,24.723
20430618,24.367
20430619,26.304
20430620,27.746
20430621,25.262
20430622,20.976
20430623,21.515
20430624,21.853
20430625,24.674
20430626,24.775
20430627,22.312
20430628,27.9
20430629,24.443
20430630,26.689
20430701,24.569
20430702,23.602
20430703,28.588
20430704,28.421
20430705,27.952
20430706,28.729
20430707,33.931
20430708,34.266
20430709,32.801
20430710,31.989
20430711,27.755
20430712,29.092
20430713,34.448
20430714,37.309
20430715,38.998
20430716,37.878
20430717,38.025
20430718,38.996
20430719,39.945
20430720,38.481
20430721,39.209
20430722,40.22
20430723,41.186
20430724,39.753
20430725,37.83
20430726,35.427
20430727,37.457
20430728,36.408
20430729,36.983
20430730,40.335
20430731,39.564
20430801,37.798
20430802,39.929
20430803,37.559
20430804,32.379
20430805,31.479
20430806,35.799
20430807,32.425
20430808,36.887
20430809,35.289
20430810,34.093
20430811,28.472
20430812,28.972
20430813,27.337
20430814,27.448
20430815,28.224
20430816,30.424
20430817,27.473
20430818,25.611
20430819,25.326
20430820,26.085
20430821,26.217
20430822,23.686
20430823,23.479
20430824,24.645
20430825,25.495
20430826,26.804
20430827,26.722
20430828,27.592
20430829,28.544
20430830,30.904
20430831,30.5
20430901,27.864
20430902,23.21
20430903,20.711
20430904,23.192
20430905,27.4
20430906,22.637
20430907,21.483
20430908,17.889
20430909,18.345
20430910,23.16
20430911,25.667
20430912,23.09
20430913,21.357
20430914,21.985
20430915,22.862
20430916,25.734
20430917,24.867
20430918,23.302
20430919,23.665
20430920,23.553
20430921,18.771
20430922,20.612
20430923,18.77
20430924,23.368
20430925,23.042
20430926,24.18
20430927,25.093
20430928,19.812
20430929,21.115
20430930,21.413
20431001,19.339
20431002,20.363
20431003,18.78
20431004,18.088
20431005,18.048
20431006,19.064
20431007,17.622
20431008,17.977
20431009,17.955
20431010,18.891
20431011,18.118
20431012,20.003
20431013,16.21
20431014,17.423
20431015,15.568
20431016,15.365
20431017,15.267
20431018,15.808
20431019,12.239
20431020,16.09
20431021,13.635
20431022,15.713
20431023,17.487
20431024,19.302
20431025,18.88
20431026,17.229
20431027,18.562
20431028,18.586
20431029,20.192
20431030,15.18
20431031,12.705
20431101,10.74
20431102,7.8162
20431103,6.7497
20431104,8.5795
20431105,10.106
20431106,14.9
20431107,19.629
20431108,17.949
20431109,18.383
20431110,15.599
20431111,13.126
20431112,12.599
20431113,9.97
20431114,9.8646
20431115,10.498
20431116,9.9355
20431117,8.437
20431118,7.1733
20431119,6.0499
20431120,6.4833
20431121,6.4831
20431122,7.2184
20431123,6.6302
20431124,10.752
20431125,12.066
20431126,10.244
20431127,9.8379
20431128,7.9686
20431129,6.4601
20431130,6.9147
20431201,8.0777
20431202,7.178
20431203,10.797
20431204,11.339
20431205,14.151
20431206,8.2423
20431207,12.863
20431208,12.346
20431209,14.913
20431210,14.91
20431211,14.223
20431212,13.601
20431213,11.534
20431214,12.455
20431215,13.74
20431216,13.76
20431217,12.121
20431218,10.295
20431219,12.328
20431220,9.514
20431221,10.628
20431222,8.9635
20431223,8.3147
20431224,5.4403
20431225,2.6229
20431226,2.319
20431227,1.9222
20431228,1.5781
20431229,4.2466
20431230,0.75915
20431231,4.9818
20440101,4.1197
20440102,3.3044
20440103,3.1111
20440104,2.5076
20440105,2.5465
20440106,5.091
20440107,8.7468
20440108,6.8
20440109,4.6058
20440110,8.6168
20440111,3.5504
20440112,8.459
20440113,7.7646
20440114,5.8395
20440115,4.857
20440116,5.5171
20440117,7.7831
20440118,11.395
20440119,7.1963
20440120,8.1748
20440121,6.2505
20440122,6.5045
20440123,4.1161
20440124,5.3818
20440125,7.0221
20440126,10.92
20440127,11.424
20440128,11.197
20440129,11.477
20440130,6.7031
20440131,11.395
20440201,12.778
20440202,12.526
20440203,11.379
20440204,12.09
20440205,11.478
20440206,11.075
20440207,11.333
20440208,13.073
20440209,10.741
20440210,11.492
20440211,12.723
20440212,14.232
20440213,12.47
20440214,11.734
20440215,9.1963
20440216,11.084
20440217,9.1575
20440218,8.9626
20440219,6.7161
20440220,7.1466
20440221,6.7127
20440222,8.8266
20440223,13.158
20440224,10.619
20440225,10.87
20440226,9.9485
20440227,9.9568
20440228,9.8774
20440229,9.1941
20440301,10.524
20440302,11.363
20440303,12.468
20440304,11.72
20440305,12.031
20440306,10.792
20440307,13.922
20440308,13.618
20440309,12.647
20440310,14.324
20440311,14.713
20440312,11.629
20440313,11.254
20440314,11.978
20440315,13.496
20440316,12.371
20440317,10.453
20440318,14.637
20440319,18.078
20440320,18.829
20440321,18.148
20440322,16.477
20440323,14.666
20440324,15.383
20440325,13.139
20440326,10.007
20440327,14.219
20440328,10.655
20440329,10.462
20440330,10.512
20440331,9.276
20440401,11.864
20440402,9.3914
20440403,12.034
20440404,15.131
20440405,14.828
20440406,17.35
20440407,17.54
20440408,19.667
20440409,18.329
20440410,16.697
20440411,15.234
20440412,16.842
20440413,17.934
20440414,17.213
20440415,20.085
20440416,20.163
20440417,19.967
20440418,21.483
20440419,17.761
20440420,12.467
20440421,13.819
20440422,13.21
20440423,12.343
20440424,17.915
20440425,18.99
20440426,21.331
20440427,22.159
20440428,21.732
20440429,16.342
20440430,17.989
20440501,20.289
20440502,22.92
20440503,23.454
20440504,21.71
20440505,21.523
20440506,22.792
20440507,22.224
20440508,21.861
20440509,24.266
20440510,25.142
20440511,22.092
20440512,21.66
20440513,16.805
20440514,19.055
20440515,21.385
20440516,17.175
20440517,15.228
20440518,18.612
20440519,18.843
20440520,18.433
20440521,17.373
20440522,20.25
20440523,19.377
20440524,17.85
20440525,19.412
20440526,17.692
20440527,20.73
20440528,17.109
20440529,17.463
20440530,19.048
20440531,18.383
20440601,19.327
20440602,18.768
20440603,19.829
20440604,21.828
20440605,21.617
20440606,23.517
20440607,24.087
20440608,29.978
20440609,21.205
20440610,20.387
20440611,20.611
20440612,23.146
20440613,18.826
20440614,20.342
20440615,20.909
20440616,17.172
20440617,20.314
20440618,21.837
20440619,24.763
20440620,27.272
20440621,29.32
20440622,28.54
20440623,28.075
20440624,28.297
20440625,28.338
20440626,29.089
20440627,27.977
20440628,20.416
20440629,22.734
20440630,21.325
20440701,25.131
20440702,28.547
20440703,24.639
20440704,23.41
20440705,22.443
20440706,28.956
20440707,31.241
20440708,30.288
20440709,27.08
20440710,28.394
20440711,30.98
20440712,28.938
20440713,30.181
20440714,32.74
20440715,30.799
20440716,31.555
20440717,32.842
20440718,28.763
20440719,28.943
20440720,30.378
20440721,28.842
20440722,27.529
20440723,29.738
20440724,28.174
20440725,31.239
20440726,32.145
20440727,32.856
20440728,32.172
20440729,28.223
20440730,28.546
20440731,28.461
20440801,25.583
20440802,24.244
20440803,26.473
20440804,26.111
20440805,26.939
20440806,27.459
20440807,29.706
20440808,29.588
20440809,28.709
20440810,25.033
20440811,22.677
20440812,23.298
20440813,27.015
20440814,28.322
20440815,29.545
20440816,30.852
20440817,27.091
20440818,25.468
20440819,25.224
20440820,25.651
20440821,27.727
20440822,29.64
20440823,28.617
20440824,26.361
20440825,27.159
20440826,28.17
20440827,28.34
20440828,27.968
20440829,27.305
20440830,28.615
20440831,30.416
20440901,26.868
20440902,29.249
20440903,31.576
20440904,30.154
20440905,22.292
20440906,26.091
20440907,26.34
20440908,27.189
20440909,28.019
20440910,22.903
20440911,21.696
20440912,21.787
20440913,22.061
20440914,22.628
20440915,21.372
20440916,22.625
20440917,23.823
20440918,25.009
20440919,26.851
20440920,28.84
20440921,29.056
20440922,19.425
20440923,20.403
20440924,23.249
20440925,24.98
20440926,25.159
20440927,26.299
20440928,26.583
20440929,26.003
20440930,25.825
20441001,18.263
20441002,21.33
20441003,18.777
20441004,20.848
20441005,21.694
20441006,20.394
20441007,20.66
20441008,20.351
20441009,19.789
20441010,16.771
20441011,19.143
20441012,16.709
20441013,16.527
20441014,18.805
20441015,17.361
20441016,18.172
20441017,19.234
20441018,17.671
20441019,16.776
20441020,13.199
20441021,18.257
20441022,18.464
20441023,18.77
20441024,17.693
20441025,20.032
20441026,19.967
20441027,20.68
20441028,18.44
20441029,16.543
20441030,19.676
20441031,20.551
20441101,20.409
20441102,15.304
20441103,13.418
20441104,14.786
20441105,15.312
20441106,15.119
20441107,15.878
20441108,14.828
20441109,12.62
20441110,14.568
20441111,14.02
20441112,12.279
20441113,12.532
20441114,15.677
20441115,15.686
20441116,18.297
20441117,16.082
20441118,15.369
20441119,15.682
20441120,17.361
20441121,17.14
20441122,15.485
20441123,16.1
20441124,14.256
20441125,12.811
20441126,17.383
20441127,18.43
20441128,17.747
20441129,17.563
20441130,10.865
20441201,9.1703
20441202,7.5104
20441203,12.388
20441204,9.6843
20441205,10.333
20441206,10.807
20441207,12.434
20441208,11.525
20441209,9.3249
20441210,9.0496
20441211,7.5191
20441212,7.5785
20441213,6.7782
20441214,7.9087
20441215,7.0326
20441216,9.0411
20441217,7.5018
20441218,7.3657
20441219,12.944
20441220,13.769
20441221,14.027
20441222,10.878
20441223,12.226
20441224,11.589
20441225,13.149
20441226,12.405
20441227,12.37
20441228,11.565
20441229,5.6107
20441230,5.3297
20441231,6.7586
20450101,9.5547
20450102,3.4738
20450103,3.3532
20450104,2.074
20450105,3.8486
20450106,8.7461
20450107,7.625
20450108,7.8199
20450109,6.6518
20450110,11.114
20450111,10.346
20450112,8.4657
20450113,11.538
20450114,9.749
20450115,10.572
20450116,12.069
20450117,10.31
20450118,10.929
20450119,11.413
20450120,13.356
20450121,9.0179
20450122,10.696
20450123,8.4678
20450124,11.389
20450125,10.504
20450126,9.9483
20450127,11.535
20450128,11.168
20450129,11.73
20450130,11.784
20450131,10.034
20450201,10.92
20450202,12.467
20450203,12.688
20450204,12.829
20450205,9.9534
20450206,9.4803
20450207,9.5327
20450208,10.531
20450209,8.6234
20450210,9.0753
20450211,6.585
20450212,8.1797
20450213,6.578
20450214,4.1021
20450215,6.111
20450216,5.3655
20450217,4.5189
20450218,7.0826
20450219,7.9396
20450220,6.2006
20450221,5.4169
20450222,9.075
20450223,5.9416
20450224,12.162
20450225,13.13
20450226,14.431
20450227,13.706
20450228,14.226
20450301,16.815
20450302,17.698
20450303,19.451
20450304,19.451
20450305,16.571
20450306,10.327
20450307,7.2621
20450308,9.1509
20450309,11.529
20450310,15.604
20450311,9.7217
20450312,9.6316
20450313,9.2319
20450314,10.799
20450315,8.3074
20450316,12.348
20450317,9.083
20450318,11.185
20450319,11.015
20450320,10.161
20450321,10.904
20450322,10.553
20450323,11.578
20450324,10.537
20450325,8.6238
20450326,11.98
20450327,11.4
20450328,11.735
20450329,14.253
20450330,15.838
20450331,15.162
20450401,18.217
20450402,19.048
20450403,22.105
20450404,21.316
20450405,13.69
20450406,13.743
20450407,14.043
20450408,9.5108
20450409,7.0788
20450410,11.275
20450411,12.5
20450412,13.641
20450413,13.656
20450414,14.552
20450415,18.542
20450416,22.313
20450417,24.491
20450418,21.926
20450419,24.08
20450420,25.39
20450421,23.501
20450422,24.445
20450423,24.945
20450424,19.344
20450425,19.947
20450426,20.619
20450427,22.863
20450428,21.201
20450429,19.386
20450430,23.775
20450501,26.098
20450502,21.936
20450503,21.72
20450504,20.399
20450505,19.382
20450506,21.704
20450507,23.323
20450508,21.971
20450509,18.271
20450510,18.759
20450511,20.021
20450512,22.411
20450513,20.909
20450514,27.464
20450515,27.66
20450516,25.435
20450517,28.862
20450518,27.981
20450519,27.153
20450520,28.595
20450521,30.562
20450522,27.007
20450523,27.679
20450524,19.787
20450525,20.842
20450526,23.104
20450527,18.658
20450528,19.158
20450529,18.994
20450530,19.578
20450531,21.189
20450601,20.869
20450602,24.079
20450603,22.836
20450604,21.878
20450605,22.775
20450606,24.877
20450607,23.536
20450608,23.51
20450609,27.278
20450610,31.296
20450611,30.054
20450612,26.451
20450613,27.228
20450614,20.789
20450615,21.473
20450616,20.324
20450617,21.972
20450618,20.308
20450619,21.565
20450620,22.699
20450621,25.137
20450622,30.514
20450623,29.875
20450624,29.354
20450625,29.964
20450626,27.348
20450627,21.497
20450628,24.743
20450629,21.972
20450630,17.222
20450701,19.434
20450702,18.019
20450703,26.282
20450704,26.909
20450705,27.806
20450706,29.997
20450707,27.928
20450708,31.468
20450709,29.611
20450710,22.371
20450711,23.735
20450712,22.781
20450713,27.072
20450714,24.981
20450715,25.116
20450716,25.096
20450717,27.681
20450718,30.866
20450719,32.603
20450720,27.566
20450721,22.645
20450722,21.33
20450723,25.426
20450724,23.603
20450725,27.078
20450726,21.924
20450727,21.93
20450728,23.877
20450729,27.123
20450730,24.988
20450731,25.589
20450801,24.945
20450802,27.162
20450803,25.822
20450804,27.756
20450805,28.719
20450806,25.297
20450807,25.233
20450808,27.275
20450809,26.303
20450810,23.647
20450811,26.617
20450812,22.573
20450813,26.064
20450814,25.599
20450815,25.126
20450816,23.404
20450817,22.09
20450818,22.985
20450819,23.425
20450820,24.141
20450821,27.767
20450822,29.177
20450823,27.821
20450824,28.699
20450825,29.451
20450826,25.408
20450827,25.316
20450828,26.972
20450829,26.899
20450830,23.97
20450831,22.29
20450901,21.538
20450902,24.626
20450903,27.264
20450904,24.138
20450905,21.953
20450906,22.867
20450907,23.932
20450908,24.544
20450909,24.604
20450910,25.453
20450911,24.913
20450912,22.197
20450913,21.857
20450914,23.677
20450915,25.702
20450916,26.813
20450917,25.179
20450918,25.66
20450919,26.796
20450920,26.999
20450921,22.162
20450922,21.862
20450923,22.389
20450924,19.788
20450925,20.993
20450926,21.635
20450927,19.857
20450928,21.403
20450929,25.09
20450930,20.516
20451001,21.284
20451002,21.614
20451003,18.762
20451004,19.991
20451005,22.524
20451006,22.561
20451007,21.169
20451008,21.587
20451009,17.99
20451010,17.605
20451011,19.17
20451012,19.029
20451013,16.624
20451014,18.587
20451015,19.973
20451016,18.794
20451017,17.291
20451018,16.708
20451019,18.345
20451020,16.16
20451021,14.999
20451022,16.041
20451023,17.261
20451024,16.704
20451025,18.334
20451026,17.608
20451027,14.559
20451028,13.9
20451029,13.438
20451030,14.661
20451031,14.616
20451101,15.747
20451102,13.082
20451103,13.156
20451104,12.735
20451105,11.465
20451106,10.777
20451107,10.081
20451108,8.7771
20451109,13.467
20451110,13.953
20451111,14.931
20451112,18.578
20451113,18.394
20451114,18.577
20451115,15.307
20451116,17.531
20451117,14.608
20451118,12.137
20451119,12.673
20451120,13.703
20451121,14.769
20451122,13.739
20451123,11.43
20451124,11.301
20451125,11.635
20451126,11.631
20451127,12.438
20451128,10.362
20451129,10.454
20451130,10.017
20451201,11.847
20451202,11.743
20451203,12.522
20451204,9.9567
20451205,9.4509
20451206,8.7033
20451207,8.3673
20451208,10.85
20451209,10.54
20451210,8.3816
20451211,7.109
20451212,9.216
20451213,10.778
20451214,10.064
20451215,7.6161
20451216,11.408
20451217,8.9897
20451218,8.4219
20451219,8.0162
20451220,10.077
20451221,9.4175
20451222,6.9193
20451223,8.3338
20451224,8.4031
20451225,4.5163
20451226,7.884
20451227,10.059
20451228,8.2629
20451229,6.5498
20451230,10.072
20451231,9.3643
20460101,9.2169
20460102,11.381
20460103,12.47
20460104,10.707
20460105,9.6866
20460106,10.66
20460107,11.626
20460108,8.8444
20460109,7.5979
20460110,7.3695
20460111,6.1863
20460112,8.5206
20460113,12.872
20460114,11.79
20460115,13.658
20460116,10.775
20460117,11.02
20460118,14.499
20460119,16.883
20460120,19.587
20460121,17.798
20460122,18.641
20460123,11.42
20460124,9.6854
20460125,11.368
20460126,14.123
20460127,14.291
20460128,11.954
20460129,10.736
20460130,10.705
20460131,10.067
20460201,9.0121
20460202,8.7096
20460203,5.9981
20460204,7.3823
20460205,7.538
20460206,7.5344
20460207,5.3032
20460208,8.9325
20460209,9.051
20460210,8.2588
20460211,7.5518
20460212,9.4405
20460213,11.166
20460214,9.7433
20460215,11.365
20460216,10.467
20460217,13.908
20460218,13.712
20460219,12.966
20460220,10.102
20460221,10.573
20460222,12.116
20460223,13.12
20460224,11.344
20460225,11.369
20460226,10.903
20460227,12.158
20460228,9.6919
20460301,10.985
20460302,9.7411
20460303,9.1616
20460304,9.4768
20460305,10.012
20460306,10.267
20460307,10.762
20460308,12.268
20460309,13.173
20460310,13.941
20460311,13.425
20460312,15.034
20460313,16.152
20460314,14.547
20460315,13.038
20460316,12.63
20460317,14.113
20460318,15.237
20460319,17.174
20460320,15.231
20460321,13.88
20460322,8.678
20460323,9.0486
20460324,11.405
20460325,13.634
20460326,13.407
20460327,13.117
20460328,12.489
20460329,14.909
20460330,17.903
20460331,18.193
20460401,17.062
20460402,18.514
20460403,18.427
20460404,19.152
20460405,19.369
20460406,18.506
20460407,13.705
20460408,13.319
20460409,13.777
20460410,14.204
20460411,15.178
20460412,15.379
20460413,16.557
20460414,17.962
20460415,19.291
20460416,19.832
20460417,21.686
20460418,22.918
20460419,21.839
20460420,20.409
20460421,20.156
20460422,17.759
20460423,17.65
20460424,17.147
20460425,15.671
20460426,17.936
20460427,18.115
20460428,14.554
20460429,16.025
20460430,19.952
20460501,23.483
20460502,24.053
20460503,20.623
20460504,21.047
20460505,15.23
20460506,16.463
20460507,18.778
20460508,24.22
20460509,22.423
20460510,20.844
20460511,17.762
20460512,18.892
20460513,19.631
20460514,16.483
20460515,19.78
20460516,21.376
20460517,20.878
20460518,13.481
20460519,19.809
20460520,18.824
20460521,21.33
20460522,23.873
20460523,25.904
20460524,24.457
20460525,24.381
20460526,22.97
20460527,23.849
20460528,25.839
20460529,21.636
20460530,18.892
20460531,19.612
20460601,20.631
20460602,24.043
20460603,26.147
20460604,26.511
20460605,25.004
20460606,25.116
20460607,23.013
20460608,26.88
20460609,25.464
20460610,25.612
20460611,24.121
20460612,26.405
20460613,29.501
20460614,30.063
20460615,29.126
20460616,28.008
20460617,28.378
20460618,27.727
20460619,27.171
20460620,21.539
20460621,24.446
20460622,27.535
20460623,21.266
20460624,24.893
20460625,23.937
20460626,23.231
20460627,27.949
20460628,28.663
20460629,25.288
20460630,26.275
20460701,25.488
20460702,27.068
20460703,27.517
20460704,31.028
20460705,30.166
20460706,35.4
20460707,36.879
20460708,37.831
20460709,35.611
20460710,32.802
20460711,25.83
20460712,25.486
20460713,24.5
20460714,21.781
20460715,24.653
20460716,24.076
20460717,24.126
20460718,26.772
20460719,29.164
20460720,20.167
20460721,25.601
20460722,30.481
20460723,28.405
20460724,32.258
20460725,34.797
20460726,33.454
20460727,31.434
20460728,28.788
20460729,30.426
20460730,31.376
20460731,27.136
20460801,24.609
20460802,25.661
20460803,29.477
20460804,25.831
20460805,28.843
20460806,30.098
20460807,31.622
20460808,33.319
20460809,35.373
20460810,30.134
20460811,27.727
20460812,32.454
20460813,31.097
20460814,28.064
20460815,29.883
20460816,31.944
20460817,27.563
20460818,26.546
20460819,27.344
20460820,30.807
20460821,31.247
20460822,30.919
20460823,25.452
20460824,28.059
20460825,27.609
20460826,28.329
20460827,26.666
20460828,26.28
20460829,24.188
20460830,27.077
20460831,25.946
20460901,26.228
20460902,29.094
20460903,25.42
20460904,24.528
20460905,20.074
20460906,25.144
20460907,24.99
20460908,25.098
20460909,27.312
20460910,28.103
20460911,24.364
20460912,23.41
20460913,25.529
20460914,26.082
20460915,19.745
20460916,22.603
20460917,22.859
20460918,21.582
20460919,21.736
20460920,22.382
20460921,22.092
20460922,21.696
20460923,19.856
20460924,23.082
20460925,18.25
20460926,19.919
20460927,21.052
20460928,19.491
20460929,20.197
20460930,18.739
20461001,20.105
20461002,19.721
20461003,22.27
20461004,21.125
20461005,17.43
20461006,17.329
20461007,19.994
20461008,15.677
20461009,17.903
20461010,17.619
20461011,17.997
20461012,18.108
20461013,17.522
20461014,17.966
20461015,16.591
20461016,16.346
20461017,16.431
20461018,18.404
20461019,18.14
20461020,20.504
20461021,16.988
20461022,18.441
20461023,20.335
20461024,23.31
20461025,24.82
20461026,23.353
20461027,21.547
20461028,16.589
20461029,14.394
20461030,14.102
20461031,11.972
20461101,6.8594
20461102,10.525
20461103,12.918
20461104,13.11
20461105,13.87
20461106,12.507
20461107,14.165
20461108,14.557
20461109,13.131
20461110,15.952
20461111,14.399
20461112,14.026
20461113,15.778
20461114,14.802
20461115,8.7578
20461116,9.0436
20461117,10.87
20461118,9.8738
20461119,8.8391
20461120,13.776
20461121,12.904
20461122,15.386
20461123,13.701
20461124,13.903
20461125,12.596
20461126,13.296
20461127,14.382
20461128,14.086
20461129,13.6
20461130,10.156
20461201,9.6896
20461202,6.5842
20461203,5.4383
20461204,3.909
20461205,5.0497
20461206,7.784
20461207,9.4522
20461208,9.8281
20461209,11.234
20461210,10.536
20461211,12.794
20461212,13.502
20461213,13.446
20461214,12.891
20461215,13.711
20461216,15.131
20461217,16.889
20461218,14.789
20461219,12.322
20461220,15.766
20461221,17.4
20461222,16.905
20461223,13.222
20461224,10.097
20461225,9.8053
20461226,9.9351
20461227,9.6858
20461228,8.8587
20461229,7.9757
20461230,9.3539
20461231,15.366
20470101,13.037
20470102,13.471
20470103,10.489
20470104,7.932
20470105,9.4525
20470106,7.652
20470107,7.4893
20470108,12.592
20470109,12.334
20470110,9.581
20470111,17.191
20470112,16.176
20470113,14.67
20470114,8.2865
20470115,7.2864
20470116,8.2145
20470117,9.4901
20470118,9.096
20470119,10.111
20470120,10.37
20470121,11.303
20470122,7.8187
20470123,8.5749
20470124,4.4836
20470125,3.7394
20470126,3.5538
20470127,12.811
20470128,13.393
20470129,11.664
20470130,11.726
20470131,10.852
20470201,12.548
20470202,15.336
20470203,13.175
20470204,11.968
20470205,12.175
20470206,8.9174
20470207,10.089
20470208,11.017
20470209,12.422
20470210,12.535
20470211,12.977
20470212,18.903
20470213,18.638
20470214,18.834
20470215,17.707
20470216,15.068
20470217,13.394
20470218,12.577
20470219,12.955
20470220,14.974
20470221,12.993
20470222,11.991
20470223,11.373
20470224,11.543
20470225,11.314
20470226,10.923
20470227,12.09
20470228,11.185
20470301,10.941
20470302,5.9926
20470303,11.934
20470304,10.266
20470305,12.56
20470306,10.142
20470307,11.511
20470308,12.426
20470309,16.54
20470310,12.507
20470311,14.946
20470312,14.175
20470313,7.972
20470314,13.479
20470315,11.709
20470316,13.249
20470317,14.236
20470318,17.377
20470319,15.752
20470320,17.507
20470321,17.549
20470322,14.97
20470323,13.16
20470324,13.367
20470325,9.2299
20470326,7.7937
20470327,10.235
20470328,12.415
20470329,15.28
20470330,14.214
20470331,16.128
20470401,15.834
20470402,15.778
20470403,15.847
20470404,16.724
20470405,16.346
20470406,10.342
20470407,12.381
20470408,13.197
20470409,14.497
20470410,10.92
20470411,13.78
20470412,15.633
20470413,17.572
20470414,18.272
20470415,18.488
20470416,18.087
20470417,17.942
20470418,17.886
20470419,17.815
20470420,18.863
20470421,19.741
20470422,18.35
20470423,16.347
20470424,14.851
20470425,14.231
20470426,19.329
20470427,19.464
20470428,18.406
20470429,18.038
20470430,17.949
20470501,13.536
20470502,14.822
20470503,16.593
20470504,18.344
20470505,17.352
20470506,18.394
20470507,16.451
20470508,17.184
20470509,15.988
20470510,16.528
20470511,17.857
20470512,16.585
20470513,16.176
20470514,17.623
20470515,16.34
20470516,15.882
20470517,16.948
20470518,17.656
20470519,19.718
20470520,25.595
20470521,27.426
20470522,24.886
20470523,25.128
20470524,23.428
20470525,23.143
20470526,18.339
20470527,18.558
20470528,20.483
20470529,22.631
20470530,27.378
20470531,26.445
20470601,26.557
20470602,25.042
20470603,22.058
20470604,21.964
20470605,23.737
20470606,26.986
20470607,29.497
20470608,29.395
20470609,26.498
20470610,26.42
20470611,25.681
20470612,27.889
20470613,22.231
20470614,23.581
20470615,21.814
20470616,22.238
20470617,21.927
20470618,21.443
20470619,22.763
20470620,16.936
20470621,20.375
20470622,20.704
20470623,22.378
20470624,24.722
20470625,26.848
20470626,22.955
20470627,24.093
20470628,21.033
20470629,21.678
20470630,26.086
20470701,24.105
20470702,24.663
20470703,25.333
20470704,28.951
20470705,29.405
20470706,29.629
20470707,27.069
20470708,28.526
20470709,31.159
20470710,29.026
20470711,29.646
20470712,25.218
20470713,26.263
20470714,27.601
20470715,31.403
20470716,31.39
20470717,31.417
20470718,30.879
20470719,30.912
20470720,26.574
20470721,29.716
20470722,32.212
20470723,27.237
20470724,28.032
20470725,31.269
20470726,33.288
20470727,29.941
20470728,29.011
20470729,30.624
20470730,25.061
20470731,25.568
20470801,26.647
20470802,30.063
20470803,29.721
20470804,30.777
20470805,30.064
20470806,32.313
20470807,31.78
20470808,35.013
20470809,34.822
20470810,33.28
20470811,30.046
20470812,27.913
20470813,27.309
20470814,31.013
20470815,32.437
20470816,33.712
20470817,32.699
20470818,31.502
20470819,32.277
20470820,31.281
20470821,30.308
20470822,31.571
20470823,29.931
20470824,29.431
20470825,30.485
20470826,31.63
20470827,32.712
20470828,32.535
20470829,32.118
20470830,31.831
20470831,30.711
20470901,30.391
20470902,29.478
20470903,23.846
20470904,19.668
20470905,22.854
20470906,23.358
20470907,24.854
20470908,24.31
20470909,27.404
20470910,24.634
20470911,20.342
20470912,22.082
20470913,20.135
20470914,20.044
20470915,22.362
20470916,24.589
20470917,21.053
20470918,23.147
20470919,20.848
20470920,20.321
20470921,21.809
20470922,24.493
20470923,18.914
20470924,21.55
20470925,23.132
20470926,21.155
20470927,22.56
20470928,21.929
20470929,21
20470930,21.636
20471001,20.114
20471002,18.66
20471003,18.749
20471004,18.907
20471005,14.242
20471006,16.148
20471007,16.29
20471008,16.247
20471009,17.847
20471010,18.556
20471011,16.226
20471012,16.926
20471013,15.658
20471014,14.637
20471015,14.65
20471016,15.092
20471017,16.237
20471018,18.681
20471019,18.383
20471020,17.279
20471021,15.722
20471022,18.438
20471023,17.569
20471024,17.094
20471025,16.987
20471026,18.323
20471027,19.284
20471028,19.575
20471029,19.184
20471030,18.572
20471031,17.648
20471101,17.277
20471102,14.691
20471103,13.658
20471104,15.621
20471105,17.483
20471106,14.88
20471107,15.484
20471108,14.618
20471109,13.347
20471110,11.07
20471111,14.6
20471112,12.247
20471113,11.49
20471114,10.775
20471115,10.811
20471116,12.227
20471117,10.95
20471118,13.248
20471119,14.277
20471120,10.095
20471121,11.804
20471122,14.991
20471123,16.813
20471124,15.396
20471125,14.61
20471126,13.917
20471127,12.83
20471128,15.141
20471129,9.6847
20471130,12.84
20471201,11.147
20471202,7.5124
20471203,12.217
20471204,9.8732
20471205,11.062
20471206,13.075
20471207,11.596
20471208,14.045
20471209,14.678
20471210,14.193
20471211,12.995
20471212,9.5772
20471213,10.241
20471214,10.793
20471215,13.083
20471216,12.771
20471217,14.119
20471218,12.109
20471219,12.605
20471220,11.223
20471221,8.4914
20471222,7.3048
20471223,10.955
20471224,12.824
20471225,12.569
20471226,12.132
20471227,11.678
20471228,10.018
20471229,15.502
20471230,15.617
20471231,13.687
20480101,12.533
20480102,10.827
20480103,10.526
20480104,12.659
20480105,12.562
20480106,12.076
20480107,10.167
20480108,13.76
20480109,15.031
20480110,14.369
20480111,14.412
20480112,14.328
20480113,14.471
20480114,13.641
20480115,10.6
20480116,10.266
20480117,10.458
20480118,12.434
20480119,13.451
20480120,15.336
20480121,13.934
20480122,10.747
20480123,8.0388
20480124,8.1595
20480125,7.752
20480126,5.3083
20480127,10.435
20480128,11.18
20480129,5.3737
20480130,2.1423
20480131,2.1913
20480201,3.8763
20480202,5.8083
20480203,3.4538
20480204,1.4411
20480205,2.8038
20480206,4.7143
20480207,6.535
20480208,4.8161
20480209,4.0745
20480210,8.8424
20480211,9.8622
20480212,14.993
20480213,15.54
20480214,14.35
20480215,9.151
20480216,13.138
20480217,15.991
20480218,6.0359
20480219,6.2131
20480220,6.2053
20480221,7.541
20480222,9.7579
20480223,9.9279
20480224,12.054
20480225,16.204
20480226,19.163
20480227,17.125
20480228,17.285
20480229,16.243
20480301,16.452
20480302,16.167
20480303,15.651
20480304,18.724
20480305,19.751
20480306,19.755
20480307,19.45
20480308,18.919
20480309,18.782
20480310,18.772
20480311,11.292
20480312,12.593
20480313,11.703
20480314,12.179
20480315,13.973
20480316,17.401
20480317,19.228
20480318,12.196
20480319,13.408
20480320,14.729
20480321,18.698
20480322,18.922
20480323,21.995
20480324,23.512
20480325,24.428
20480326,16.568
20480327,17.463
20480328,19.331
20480329,16.413
20480330,18.817
20480331,22.185
20480401,19.531
20480402,19.078
20480403,22.047
20480404,13.342
20480405,10.548
20480406,12.76
20480407,14.232
20480408,14.692
20480409,14.423
20480410,15.316
20480411,16.769
20480412,16.35
20480413,15.934
20480414,18.027
20480415,23.772
20480416,25.89
20480417,15.856
20480418,18.016
20480419,20.358
20480420,24.477
20480421,24.918
20480422,25.897
20480423,27.064
20480424,27.43
20480425,24.597
20480426,23.183
20480427,18.098
20480428,17.74
20480429,19.997
20480430,17.44
20480501,20.082
20480502,22.651
20480503,23.898
20480504,22.528
20480505,25.722
20480506,24.418
20480507,20.544
20480508,19.364
20480509,21.267
20480510,24.292
20480511,18.54
20480512,17.619
20480513,23.363
20480514,24.196
20480515,23.379
20480516,21.316
20480517,21.414
20480518,25.773
20480519,26.178
20480520,19.728
20480521,19.086
20480522,21.792
20480523,16.378
20480524,16.683
20480525,19.457
20480526,23.411
20480527,23.924
20480528,15.902
20480529,19.595
20480530,23.152
20480531,19.07
20480601,22.043
20480602,20.482
20480603,21.293
20480604,22.924
20480605,17.105
20480606,19.351
20480607,22.602
20480608,25.618
20480609,24.661
20480610,24.004
20480611,24.155
20480612,24.338
20480613,24.402
20480614,25.715
20480615,22.462
20480616,23.136
20480617,24.71
20480618,27.225
20480619,26.266
20480620,21.989
20480621,23.207
20480622,26.99
20480623,19.797
20480624,23.237
20480625,25.646
20480626,20.988
20480627,18.993
20480628,21.497
20480629,19.641
20480630,22.615
20480701,24.26
20480702,25.163
20480703,26.064
20480704,29.789
20480705,31.114
20480706,27.253
20480707,26.454
20480708,29.397
20480709,28.229
20480710,28.43
20480711,28.645
20480712,31.191
20480713,31.197
20480714,26.313
20480715,25.156
20480716,26.728
20480717,25.009
20480718,26.076
20480719,29.473
20480720,28.081
20480721,26.922
20480722,27.312
20480723,25.736
20480724,27.074
20480725,31.392
20480726,34.458
20480727,30.618
20480728,31.922
20480729,31.431
20480730,25.56
20480731,26.554
20480801,28.012
20480802,24.549
20480803,25.601
20480804,27.694
20480805,28.467
20480806,27.539
20480807,29.333
20480808,30.5
20480809,30.98
20480810,31.238
20480811,32.797
20480812,31.602
20480813,28.892
20480814,27.198
20480815,29.799
20480816,31.89
20480817,27.957
20480818,23.577
20480819,25.388
20480820,23.55
20480821,26.085
20480822,25.626
20480823,27.442
20480824,29.898
20480825,29.831
20480826,30.918
20480827,24.772
20480828,24.892
20480829,23.26
20480830,26.129
20480831,26.995
20480901,27.08
20480902,26.858
20480903,24.197
20480904,24.999
20480905,21.143
20480906,22.324
20480907,25.337
20480908,22.283
20480909,26.033
20480910,27.27
20480911,25.723
20480912,26.714
20480913,23.206
20480914,23.484
20480915,22.719
20480916,20.69
20480917,22.601
20480918,25.179
20480919,17.482
20480920,23.707
20480921,23.745
20480922,25.146
20480923,25.86
20480924,24.503
20480925,24.908
20480926,18.282
20480927,21.866
20480928,24.244
20480929,23.88
20480930,25.628
20481001,26.731
20481002,24.744
20481003,22.878
20481004,20.595
20481005,16.14
20481006,18.591
20481007,19.331
20481008,17.985
20481009,17.844
20481010,17.604
20481011,17.9
20481012,15.662
20481013,16.903
20481014,15.026
20481015,14.593
20481016,14.251
20481017,14.174
20481018,15.813
20481019,14.749
20481020,15.145
20481021,17.704
20481022,16.11
20481023,17.212
20481024,17.805
20481025,17.136
20481026,16.752
20481027,16.809
20481028,18.262
20481029,18.386
20481030,15.65
20481031,17.188
20481101,19.241
20481102,18.016
20481103,16.475
20481104,18.526
20481105,15.65
20481106,15.112
20481107,17.479
20481108,15.228
20481109,16.452
20481110,17.434
20481111,14.403
20481112,13.025
20481113,11.368
20481114,10.125
20481115,11.032
20481116,12.306
20481117,13.719
20481118,14.055
20481119,13.437
20481120,12.566
20481121,13.911
20481122,15.018
20481123,15.477
20481124,13.911
20481125,10.902
20481126,10.739
20481127,9.5163
20481128,11.911
20481129,13.13
20481130,11.831
20481201,12.378
20481202,11.537
20481203,8.7564
20481204,9.4244
20481205,8.6714
20481206,7.7973
20481207,7.3993
20481208,7.0383
20481209,7.5839
20481210,6.8625
20481211,6.6561
20481212,5.7425
20481213,6.5955
20481214,6.7159
20481215,8.2605
20481216,8.5299
20481217,10.475
20481218,7.9175
20481219,10.207
20481220,12.324
20481221,14.943
20481222,15.255
20481223,13.648
20481224,11.754
20481225,12.053
20481226,13.102
20481227,11.368
20481228,9.217
20481229,10.392
20481230,11.239
20481231,15.23
20490101,16.726
20490102,16.703
20490103,14.557
20490104,10.597
20490105,11.588
20490106,10.717
20490107,9.6016
20490108,7.4932
20490109,8.3921
20490110,7.0013
20490111,1.8546
20490112,7.4528
20490113,8.5748
20490114,8.4614
20490115,8.3954
20490116,8.6591
20490117,9.3935
20490118,8.555
20490119,10.807
20490120,11.901
20490121,12.056
20490122,11.852
20490123,9.9173
20490124,13.353
20490125,13.039
20490126,10.098
20490127,11.78
20490128,9.8371
20490129,11.629
20490130,10.814
20490131,9.3399
20490201,12.071
20490202,12.86
20490203,9.7668
20490204,10.285
20490205,13.028
20490206,12.303
20490207,11.824
20490208,9.1477
20490209,11.279
20490210,14.682
20490211,9.3917
20490212,11.091
20490213,12.749
20490214,15.583
20490215,14.169
20490216,16.28
20490217,17.349
20490218,16.621
20490219,14.423
20490220,11.065
20490221,10.952
20490222,14.39
20490223,11.971
20490224,11.451
20490225,11.763
20490226,8.8737
20490227,9.6268
20490228,10.555
20490301,11.576
20490302,12.541
20490303,9.2902
20490304,9.5059
20490305,10.563
20490306,11.222
20490307,11.2
20490308,12.207
20490309,11.782
20490310,14.184
20490311,13.296
20490312,13.82
20490313,12.615
20490314,9.351
20490315,8.6738
20490316,10.535
20490317,10.324
20490318,12.82
20490319,11.198
20490320,11.524
20490321,16.788
20490322,16.61
20490323,13.847
20490324,15.326
20490325,15.403
20490326,18.422
20490327,12.206
20490328,13.693
20490329,16.549
20490330,14.591
20490331,13.282
20490401,14.359
20490402,17.071
20490403,18.763
20490404,17.132
20490405,16.624
20490406,18.317
20490407,19.764
20490408,15.591
20490409,14.527
20490410,18.579
20490411,21.104
20490412,23.238
20490413,19.957
20490414,17.671
20490415,18.732
20490416,21.719
20490417,24.998
20490418,25.489
20490419,22.683
20490420,20.196
20490421,20.766
20490422,21.568
20490423,19.493
20490424,19.142
20490425,22.908
20490426,23.602
20490427,23.541
20490428,24.107
20490429,18.47
20490430,19.143
20490501,20.717
20490502,23.714
20490503,20.405
20490504,17.786
20490505,19.773
20490506,20.851
20490507,22.955
20490508,24.748
20490509,22.469
20490510,24.994
20490511,23.812
20490512,23.916
20490513,23.471
20490514,24.349
20490515,22.672
20490516,24.273
20490517,24.71
20490518,24.085
20490519,26.364
20490520,25.046
20490521,21.046
20490522,20.432
20490523,22.027
20490524,21.266
20490525,22.397
20490526,21.43
20490527,22.339
20490528,22.084
20490529,20.815
20490530,20.341
20490531,24.398
20490601,26.461
20490602,26.814
20490603,23
20490604,23.278
20490605,24.075
20490606,22.095
20490607,22.008
20490608,23.595
20490609,24.312
20490610,28.125
20490611,26.133
20490612,23.329
20490613,23.886
20490614,23.566
20490615,21.413
20490616,21.223
20490617,21.272
20490618,22.988
20490619,25.795
20490620,28.442
20490621,29.21
20490622,31.745
20490623,33.28
20490624,32.928
20490625,34.396
20490626,35.218
20490627,34.161
20490628,35.295
20490629,36.164
20490630,25.686
20490701,26.603
20490702,29.647
20490703,33.116
20490704,31.426
20490705,28.653
20490706,30.182
20490707,28.421
20490708,27.045
20490709,26.366
20490710,26.905
20490711,25.236
20490712,29.27
20490713,29.306
20490714,31.809
20490715,33.622
20490716,30.95
20490717,33.919
20490718,35.255
20490719,29.173
20490720,29.402
20490721,33.641
20490722,36.268
20490723,37.716
20490724,30.319
20490725,28.334
20490726,29.05
20490727,28.533
20490728,32.607
20490729,31.4
20490730,28.279
20490731,28.592
20490801,34.792
20490802,24.875
20490803,28.55
20490804,31.52
20490805,32.671
20490806,28.901
20490807,30.737
20490808,34.095
20490809,30.704
20490810,24.089
20490811,27.946
20490812,31.631
20490813,33.904
20490814,34.204
20490815,32.833
20490816,27.707
20490817,28.099
20490818,29.555
20490819,29.274
20490820,21.881
20490821,25.602
20490822,28.771
20490823,29.844
20490824,28.473
20490825,22.057
20490826,20.667
20490827,23.364
20490828,23.996
20490829,24.876
20490830,25.973
20490831,29.324
20490901,31.117
20490902,29.441
20490903,29.204
20490904,19.617
20490905,25.224
20490906,25.515
20490907,25.224
20490908,25.618
20490909,23.405
20490910,22.55
20490911,25.419
20490912,26.705
20490913,27.143
20490914,26.985
20490915,23.943
20490916,27.502
20490917,29.052
20490918,25.434
20490919,24.464
20490920,24.734
20490921,22.274
20490922,24.159
20490923,24.014
20490924,24.569
20490925,24.563
20490926,20.408
20490927,24.659
20490928,21.97
20490929,19.453
20490930,18.87
20491001,20.17
20491002,18.61
20491003,18.495
20491004,19.886
20491005,18.836
20491006,18.807
20491007,18.563
20491008,21.076
20491009,18.605
20491010,21.795
20491011,19
20491012,18.033
20491013,21.391
20491014,21.514
20491015,21.605
20491016,20.076
20491017,17.187
20491018,17.447
20491019,16.347
20491020,11.884
20491021,17.326
20491022,15.44
20491023,14.305
20491024,15.153
20491025,18.632
20491026,17.416
20491027,16.302
20491028,15.855
20491029,16.173
20491030,18.015
20491031,18.715
20491101,21.118
20491102,20.804
20491103,19.685
20491104,17.782
20491105,18.993
20491106,19.948
20491107,21.104
20491108,20.689
20491109,15.246
20491110,9.4481
20491111,10.674
20491112,11.837
20491113,13.349
20491114,11.578
20491115,9.2561
20491116,11.054
20491117,9.6581
20491118,8.6172
20491119,9.6654
20491120,11.301
20491121,11.409
20491122,11.41
20491123,13.744
20491124,12.416
20491125,10.812
20491126,13.495
20491127,12.449
20491128,12.314
20491129,13.007
20491130,13.479
20491201,11.215
20491202,11.097
20491203,10.668
20491204,8.8674
20491205,9.9586
20491206,9.1039
20491207,7.7583
20491208,9.4454
20491209,9.2761
20491210,9.739
20491211,11.01
20491212,11.621
20491213,13.791
20491214,11.014
20491215,8.596
20491216,11.831
20491217,8.9721
20491218,11.107
20491219,11.905
20491220,10.786
20491221,12.091
20491222,14.756
20491223,11.319
20491224,7.3088
20491225,7.1924
20491226,8.4096
20491227,6.6468
20491228,4.416
20491229,5.5898
20491230,7.8847
20491231,9.6992
20500101,9.4761
20500102,8.6322
20500103,5.6393
20500104,2.7143
20500105,2.3709
20500106,1.8349
20500107,2.723
20500108,6.8454
20500109,12.355
20500110,12.603
20500111,12.195
20500112,12.16
20500113,9.2957
20500114,5.644
20500115,4.5667
20500116,8.7273
20500117,8.5306
20500118,10.995
20500119,13.829
20500120,15.756
20500121,10.608
20500122,11.582
20500123,11.175
20500124,11.475
20500125,12.403
20500126,13.525
20500127,12.703
20500128,13.336
20500129,10.479
20500130,14.234
20500131,14.476
20500201,12.111
20500202,9.9231
20500203,9.6586
20500204,7.9737
20500205,11.073
20500206,9.6082
20500207,12.369
20500208,11.759
20500209,11.445
20500210,11.4
20500211,10.155
20500212,12.502
20500213,10.339
20500214,13.536
20500215,16.421
20500216,12.591
20500217,11.461
20500218,11.357
20500219,12.382
20500220,12.545
20500221,16.223
20500222,16.424
20500223,16.167
20500224,17.392
20500225,17.602
20500226,17.69
20500227,17.819
20500228,17.966
20500301,15.321
20500302,13.924
20500303,14.525
20500304,16.643
20500305,18.372
20500306,17.236
20500307,16.708
20500308,15.362
20500309,15.069
20500310,12.097
20500311,12.1
20500312,12.901
20500313,12.091
20500314,15.058
20500315,14.088
20500316,14.282
20500317,15.525
20500318,14.76
20500319,13.761
20500320,13.293
20500321,13.278
20500322,12.589
20500323,12.849
20500324,10.577
20500325,13.887
20500326,14.006
20500327,17.065
20500328,18.003
20500329,16.007
20500330,18.166
20500331,15.915
20500401,17.37
20500402,16.917
20500403,17.573
20500404,18.297
20500405,17.452
20500406,20.248
20500407,23.864
20500408,22.653
20500409,21.539
20500410,19.384
20500411,19.147
20500412,19.151
20500413,17.793
20500414,21.698
20500415,18.163
20500416,20.16
20500417,19.006
20500418,17.937
20500419,18.446
20500420,17.764
20500421,13.418
20500422,12.252
20500423,17.213
20500424,17.913
20500425,17.747
20500426,19.629
20500427,16.257
20500428,21.027
20500429,16.247
20500430,18.549
20500501,17.999
20500502,17.931
20500503,17.924
20500504,16.748
20500505,18.825
20500506,19.763
20500507,21.486
20500508,20.387
20500509,25.93
20500510,26.289
20500511,25.223
20500512,23.598
20500513,23.663
20500514,21.417
20500515,18.505
20500516,23.744
20500517,22.789
20500518,22.024
20500519,22.672
20500520,20.258
20500521,24.431
20500522,26.048
20500523,21.243
20500524,21.793
20500525,25.245
20500526,26.984
20500527,27.969
20500528,25.351
20500529,25.037
20500530,24.941
20500531,21.217
20500601,21.365
20500602,20.436
20500603,23.935
20500604,24.95
20500605,23.613
20500606,25.876
20500607,28.748
20500608,28.44
20500609,28.145
20500610,24.057
20500611,26.519
20500612,19.641
20500613,24.046
20500614,27.822
20500615,24.121
20500616,21.597
20500617,23.921
20500618,27.142
20500619,29.954
20500620,30.698
20500621,31.021
20500622,31.354
20500623,30.415
20500624,30.193
20500625,29.496
20500626,28.609
20500627,28.31
20500628,31.383
20500629,26.945
20500630,31.606
20500701,25.842
20500702,27.301
20500703,28.981
20500704,31.39
20500705,26.776
20500706,29.008
20500707,27.206
20500708,32.316
20500709,33.839
20500710,34.226
20500711,34.93
20500712,34.245
20500713,29.33
20500714,30.137
20500715,27.832
20500716,29.584
20500717,30.249
20500718,31.269
20500719,26.825
20500720,24.456
20500721,26.91
20500722,30.962
20500723,28.552
20500724,30.308
20500725,25.936
20500726,28.233
20500727,30.823
20500728,27.687
20500729,27.171
20500730,25.547
20500731,26.454
20500801,26.954
20500802,31.024
20500803,30.029
20500804,30.97
20500805,32.044
20500806,28.191
20500807,30.575
20500808,30.027
20500809,32.168
20500810,32.176
20500811,27.832
20500812,28.764
20500813,29.337
20500814,28.734
20500815,30.887
20500816,32.708
20500817,34.504
20500818,34.378
20500819,33.307
20500820,31.152
20500821,28.626
20500822,27.264
20500823,25.776
20500824,24.475
20500825,29.462
20500826,31.243
20500827,28.825
20500828,25.848
20500829,27.72
20500830,27.024
20500831,28.272
20500901,28.176
20500902,32.841
20500903,32.421
20500904,28.955
20500905,31.783
20500906,32.494
20500907,33.769
20500908,34.574
20500909,32.503
20500910,29.687
20500911,30.223
20500912,30.499
20500913,30.032
20500914,27.348
20500915,29.403
20500916,32.081
20500917,30.67
20500918,31.28
20500919,29.076
20500920,24.116
20500921,24.806
20500922,26.244
20500923,26.575
20500924,26.652
20500925,26.255
20500926,26.599
20500927,26.362
20500928,25.646
20500929,24.148
20500930,25.502
20501001,24.427
20501002,19.491
20501003,20.491
20501004,21.554
20501005,21.499
20501006,21.53
20501007,21.489
20501008,16.919
20501009,15.711
20501010,16.496
20501011,20.45
20501012,17.996
20501013,18.184
20501014,16.896
20501015,18.846
20501016,18.949
20501017,21.78
20501018,19.202
20501019,16.194
20501020,17.175
20501021,18.129
20501022,17.796
20501023,20.16
20501024,20.277
20501025,20.737
20501026,18.326
20501027,16.277
20501028,10.843
20501029,14.653
20501030,14.819
20501031,12.085
20501101,15.486
20501102,16.437
20501103,15.369
20501104,15.305
20501105,15.294
20501106,13.341
20501107,14.338
20501108,14.65
20501109,13.424
20501110,11.248
20501111,13.034
20501112,13.807
20501113,14.271
20501114,14.184
20501115,14.834
20501116,14.964
20501117,14.266
20501118,14.757
20501119,16.771
20501120,15.287
20501121,14.675
20501122,15.457
20501123,15.619
20501124,14.098
20501125,14.763
20501126,13.905
20501127,12.306
20501128,12.519
20501129,11.85
20501130,12.163
20501201,11.917
20501202,13.344
20501203,14.664
20501204,12.156
20501205,8.9199
20501206,7.1487
20501207,7.6829
20501208,8.7428
20501209,10.478
20501210,12.716
20501211,11.261
20501212,10.353
20501213,12.291
20501214,14.152
20501215,12.584
20501216,11.532
20501217,12.707
20501218,11.41
20501219,12.269
20501220,10.76
20501221,10.674
20501222,9.1065
20501223,9.4472
20501224,10.401
20501225,11.981
20501226,10.219
20501227,9.7199
20501228,11.321
20501229,11.516
20501230,11.876
20501231,10.95
20510101,12.549
20510102,13.202
20510103,14.293
20510104,13.965
20510105,11.053
20510106,11.835
20510107,6.096
20510108,3.3483
20510109,3.844
20510110,3.7912
20510111,5.688
20510112,9.6732
20510113,9.3894
20510114,7.7148
20510115,10.688
20510116,10.131
20510117,8.9784
20510118,4.8706
20510119,9.6579
20510120,10.817
20510121,12.982
20510122,10.278
20510123,11.369
20510124,9.3273
20510125,10.09
20510126,10.055
20510127,11.767
20510128,7.3217
20510129,7.8281
20510130,8.8416
20510131,9.9405
20510201,12.044
20510202,8.8512
20510203,9.7814
20510204,12.726
20510205,10.393
20510206,9.2703
20510207,10.188
20510208,11.797
20510209,9.8911
20510210,8.8463
20510211,10.011
20510212,11.342
20510213,10.089
20510214,10.758
20510215,11.012
20510216,11.049
20510217,7.7171
20510218,14.21
20510219,12.506
20510220,10.934
20510221,10.885
20510222,12.489
20510223,11.855
20510224,14.064
20510225,14.183
20510226,12.158
20510227,13.197
20510228,14.376
20510301,14.559
20510302,13.509
20510303,12.669
20510304,15.579
20510305,12.146
20510306,15.964
20510307,10.914
20510308,10.959
20510309,10.583
20510310,9.0378
20510311,10.364
20510312,11.564
20510313,10.699
20510314,12.516
20510315,12.102
20510316,11.957
20510317,12.999
20510318,12.259
20510319,13.424
20510320,14.597
20510321,13.7
20510322,14.823
20510323,14.161
20510324,18.242
20510325,17.096
20510326,14.221
20510327,17.605
20510328,14.215
20510329,14.432
20510330,10.718
20510331,11.647
20510401,13.158
20510402,13.941
20510403,16.717
20510404,14.192
20510405,16.969
20510406,18.537
20510407,20.36
20510408,22.02
20510409,22.401
20510410,18.034
20510411,20.385
20510412,16.645
20510413,16.422
20510414,16.683
20510415,16.106
20510416,17.853
20510417,18.352
20510418,19.112
20510419,19.034
20510420,17.752
20510421,17.414
20510422,15.083
20510423,11.745
20510424,14.304
20510425,16.466
20510426,15.102
20510427,17.727
20510428,15.263
20510429,16.415
20510430,14.64
20510501,16.979
20510502,18.762
20510503,20.324
20510504,18.613
20510505,19.101
20510506,18.862
20510507,17.742
20510508,17.371
20510509,18.592
20510510,21.324
20510511,23.142
20510512,23.73
20510513,23.194
20510514,24.106
20510515,23.529
20510516,23.952
20510517,24.087
20510518,22.195
20510519,26.076
20510520,26.332
20510521,22.358
20510522,19.878
20510523,23.837
20510524,22.941
20510525,18.736
20510526,21.752
20510527,17.749
20510528,20.257
20510529,22.098
20510530,24.937
20510531,26.228
20510601,24.359
20510602,21.46
20510603,20.659
20510604,19.619
20510605,21.66
20510606,24.147
20510607,25.834
20510608,27.925
20510609,28.665
20510610,29.035
20510611,28.968
20510612,25.656
20510613,24.208
20510614,22.751
20510615,21.988
20510616,23.3
20510617,19.896
20510618,17.312
20510619,21.438
20510620,24.161
20510621,26.822
20510622,29.502
20510623,31.756
20510624,27.097
20510625,23.516
20510626,25.316
20510627,28.812
20510628,32.413
20510629,27.511
20510630,30.391
20510701,30.915
20510702,34.591
20510703,34.218
20510704,31.772
20510705,32.898
20510706,31.624
20510707,26.164
20510708,27.413
20510709,27.733
20510710,28.224
20510711,26.103
20510712,25.783
20510713,27.21
20510714,33.127
20510715,31
20510716,28.665
20510717,29.892
20510718,33.084
20510719,31.977
20510720,31.957
20510721,33.434
20510722,33.788
20510723,29.951
20510724,28.858
20510725,30.626
20510726,32.948
20510727,35.177
20510728,35.056
20510729,32.884
20510730,31.904
20510731,33.702
20510801,27.313
20510802,32.248
20510803,32.651
20510804,33.38
20510805,31.396
20510806,35.187
20510807,35.881
20510808,36.183
20510809,37.298
20510810,33.9
20510811,32.253
20510812,32.006
20510813,33.266
20510814,32.775
20510815,34.087
20510816,27.179
20510817,23.375
20510818,19.913
20510819,27.256
20510820,28.567
20510821,27.595
20510822,31.63
20510823,32.296
20510824,31.239
20510825,31.142
20510826,31.505
20510827,29.809
20510828,24.629
20510829,28.265
20510830,24.477
20510831,29.449
20510901,18.683
20510902,23.177
20510903,23.892
20510904,21.751
20510905,16.923
20510906,20.776
20510907,20.504
20510908,23.508
20510909,24.839
20510910,25.094
20510911,25.414
20510912,24.36
20510913,22.791
20510914,25.791
20510915,24.463
20510916,21.775
20510917,23.377
20510918,22.912
20510919,22.459
20510920,19.414
20510921,18.993
20510922,20.23
20510923,23.28
20510924,20.405
20510925,22.276
20510926,23.829
20510927,24.33
20510928,25.641
20510929,26.428
20510930,24.754
20511001,24.264
20511002,23.306
20511003,20.048
20511004,18.875
20511005,19.127
20511006,18.899
20511007,14.332
20511008,17.035
20511009,17.791
20511010,17.075
20511011,16.632
20511012,18.109
20511013,14.669
20511014,23.014
20511015,22.263
20511016,21.739
20511017,18.928
20511018,17.851
20511019,18.747
20511020,19.424
20511021,18.157
20511022,19.563
20511023,19.572
20511024,19.192
20511025,18.341
20511026,17.67
20511027,15.085
20511028,14.06
20511029,16.048
20511030,18.07
20511031,16.52
20511101,17.575
20511102,16.741
20511103,17.099
20511104,16.817
20511105,15.321
20511106,14.6
20511107,16.37
20511108,17.978
20511109,20.851
20511110,15.961
20511111,15.053
20511112,12.043
20511113,14.052
20511114,15.847
20511115,12.945
20511116,11.115
20511117,13.059
20511118,11.602
20511119,9.7391
20511120,5.886
20511121,11.228
20511122,9.9589
20511123,12.22
20511124,12.69
20511125,12.467
20511126,12.514
20511127,12.176
20511128,10.69
20511129,14.482
20511130,15.02
20511201,15.238
20511202,13.682
20511203,13.103
20511204,12.504
20511205,12.497
20511206,12.438
20511207,12.584
20511208,9.9995
20511209,11.468
20511210,10.84
20511211,12.48
20511212,13.331
20511213,13.594
20511214,13.577
20511215,12.896
20511216,11.723
20511217,12.297
20511218,12.17
20511219,11.566
20511220,11.687
20511221,10.443
20511222,9.1624
20511223,9.957
20511224,8.052
20511225,6.9087
20511226,5.8566
20511227,4.3661
20511228,5.5058
20511229,4.306
20511230,4.0233
20511231,5.1464
20520101,8.1659
20520102,9.6371
20520103,11.159
20520104,12.45
20520105,13.132
20520106,12.101
20520107,10.459
20520108,12.928
20520109,11.978
20520110,9.8516
20520111,7.8993
20520112,12.27
20520113,12.31
20520114,12.974
20520115,10.99
20520116,10.552
20520117,13.218
20520118,11.62
20520119,10.806
20520120,12.049
20520121,11.23
20520122,12.145
20520123,12.253
20520124,12.004
20520125,9.5337
20520126,10.1
20520127,9.5812
20520128,10.652
20520129,12.475
20520130,12.633
20520131,12.32
20520201,12.928
20520202,11.783
20520203,10.881
20520204,12.124
20520205,11.209
20520206,10.179
20520207,11.425
20520208,11.133
20520209,11.882
20520210,15.899
20520211,16.988
20520212,16.641
20520213,15.409
20520214,16.234
20520215,13.727
20520216,11.92
20520217,11.822
20520218,11.747
20520219,10.885
20520220,7.6045
20520221,8.2903
20520222,13.219
20520223,12.931
20520224,12.206
20520225,11.06
20520226,10.532
20520227,15.335
20520228,13.254
20520229,13.995
20520301,20.108
20520302,14.786
20520303,15.408
20520304,15.166
20520305,15.671
20520306,15.255
20520307,9.9153
20520308,9.9827
20520309,11.508
20520310,11.094
20520311,11.779
20520312,12.699
20520313,14.179
20520314,16.258
20520315,14.819
20520316,16.396
20520317,15.837
20520318,15.693
20520319,15.596
20520320,13.261
20520321,12.43
20520322,17.198
20520323,17.471
20520324,12.867
20520325,14.285
20520326,18.549
20520327,17.353
20520328,13.292
20520329,13.317
20520330,15.767
20520331,17.365
20520401,17.756
20520402,17.253
20520403,11.843
20520404,17.653
20520405,22.403
20520406,24.133
20520407,23.754
20520408,23.807
20520409,23.649
20520410,14.888
20520411,16.462
20520412,17.252
20520413,17.412
20520414,14.635
20520415,14.9
20520416,14.668
20520417,14.67
20520418,15.727
20520419,14.354
20520420,14.639
20520421,16.837
20520422,15.917
20520423,12.03
20520424,16.676
20520425,17.374
20520426,18.905
20520427,17.635
20520428,16.614
20520429,13.656
20520430,15.126
20520501,16.207
20520502,17.139
20520503,18.913
20520504,19.069
20520505,17.765
20520506,20.899
20520507,24.14
20520508,23.01
20520509,20.785
20520510,19.201
20520511,20.636
20520512,20.529
20520513,25.098
20520514,23.549
20520515,24.292
20520516,27.627
20520517,28.093
20520518,25.223
20520519,27.783
20520520,23.314
20520521,21.605
20520522,22.372
20520523,15.805
20520524,19.611
20520525,22.099
20520526,23.266
20520527,24.847
20520528,26.025
20520529,22.759
20520530,20.71
20520531,23.601
20520601,26.186
20520602,19.077
20520603,24.712
20520604,28.034
20520605,27.338
20520606,24.915
20520607,30.609
20520608,25.805
20520609,24.042
20520610,26.781
20520611,26.969
20520612,25.28
20520613,24.122
20520614,26.457
20520615,29.36
20520616,31.001
20520617,27.984
20520618,27.584
20520619,24.013
20520620,22.602
20520621,25.345
20520622,28.501
20520623,26.768
20520624,25.569
20520625,24.634
20520626,20.679
20520627,26.426
20520628,27.166
20520629,26.444
20520630,24.786
20520701,26.274
20520702,27.098
20520703,25.788
20520704,27.244
20520705,29.614
20520706,30.587
20520707,30.037
20520708,30.224
20520709,30.049
20520710,26.339
20520711,23.9
20520712,23.441
20520713,25.576
20520714,25.044
20520715,27.621
20520716,23.32
20520717,28.176
20520718,30.479
20520719,31.47
20520720,29.848
20520721,30.149
20520722,26.998
20520723,26.553
20520724,27.321
20520725,28.804
20520726,22.406
20520727,28.901
20520728,30.273
20520729,30.372
20520730,32.094
20520731,32.244
20520801,29.623
20520802,26.925
20520803,31.018
20520804,28.809
20520805,22.705
20520806,26.125
20520807,29.591
20520808,30.829
20520809,30.208
20520810,31.936
20520811,32.637
20520812,31.111
20520813,31.146
20520814,28.422
20520815,30.704
20520816,30.376
20520817,29.63
20520818,27.833
20520819,25.883
20520820,27.533
20520821,28.13
20520822,26.792
20520823,28.349
20520824,32.002
20520825,33.989
20520826,32.256
20520827,31.27
20520828,32.384
20520829,27.624
20520830,20.918
20520831,23.23
20520901,27.28
20520902,23.476
20520903,19.869
20520904,24.092
20520905,28.399
20520906,25.884
20520907,26.111
20520908,24.756
20520909,25.804
20520910,28.866
20520911,28.965
20520912,28.369
20520913,30.426
20520914,28.16
20520915,28.542
20520916,29.552
20520917,29.072
20520918,30.173
20520919,29.285
20520920,21.449
20520921,21.313
20520922,20.928
20520923,23.913
20520924,24.336
20520925,19.315
20520926,24.246
20520927,26.146
20520928,27.561
20520929,27.736
20520930,25.025
20521001,26.35
20521002,21.739
20521003,21.986
20521004,21.029
20521005,18.359
20521006,21.679
20521007,17.695
20521008,18.622
20521009,19.211
20521010,19.851
20521011,20.15
20521012,16.314
20521013,16.075
20521014,17.648
20521015,19.54
20521016,21.389
20521017,19.487
20521018,17.161
20521019,19.241
20521020,18.874
20521021,20.751
20521022,22.154
20521023,21.258
20521024,20.18
20521025,19.599
20521026,19.846
20521027,20.068
20521028,20.289
20521029,19.548
20521030,16.16
20521031,18.051
20521101,16.259
20521102,16.041
20521103,15.634
20521104,15.098
20521105,12.342
20521106,11.554
20521107,13.107
20521108,14.993
20521109,14.841
20521110,14.323
20521111,12.12
20521112,12.74
20521113,12.16
20521114,13.079
20521115,12.801
20521116,12.861
20521117,12.608
20521118,12.788
20521119,13.135
20521120,12.759
20521121,11.895
20521122,14.756
20521123,13.082
20521124,13.955
20521125,17.514
20521126,13.406
20521127,14.671
20521128,13.919
20521129,12.849
20521130,10.992
20521201,10.487
20521202,7.2186
20521203,8.3316
20521204,9.3684
20521205,9.4223
20521206,11.549
20521207,11.05
20521208,11.118
20521209,9.3956
20521210,9.2841
20521211,8.4703
20521212,7.2644
20521213,7.0584
20521214,10.466
20521215,11.095
20521216,11.665
20521217,12.834
20521218,14.25
20521219,16.431
20521220,14.082
20521221,14.643
20521222,15.554
20521223,15.377
20521224,17.834
20521225,16.752
20521226,14.925
20521227,16.409
20521228,14.154
20521229,12.07
20521230,15.517
20521231,16.76
20530101,13.339
20530102,13.733
20530103,12.669
20530104,8.5454
20530105,6.6661
20530106,5.9672
20530107,4.2986
20530108,9.264
20530109,8.3788
20530110,8.1605
20530111,6.4737
20530112,6.4063
20530113,6.6653
20530114,5.5353
20530115,-0.056285
20530116,2.0188
20530117,4.1597
20530118,4.4191
20530119,4.9158
20530120,6.6209
20530121,6.2807
20530122,5.3608
20530123,8.1969
20530124,10.625
20530125,10.71
20530126,13.058
20530127,12.909
20530128,9.4698
20530129,10.232
20530130,14.504
20530131,15.74
20530201,14.593
20530202,13.127
20530203,11.655
20530204,9.8057
20530205,8.1744
20530206,3.9847
20530207,5.6436
20530208,7.2706
20530209,7.4147
20530210,10.189
20530211,15.639
20530212,19.55
20530213,11.726
20530214,12.09
20530215,13.909
20530216,13.551
20530217,13.696
20530218,14.602
20530219,13.976
20530220,11.188
20530221,13.498
20530222,12.636
20530223,11.151
20530224,7.078
20530225,12.832
20530226,14.243
20530227,10.779
20530228,16.034
20530301,15.373
20530302,13.836
20530303,13.951
20530304,15.517
20530305,18.535
20530306,13.97
20530307,12.241
20530308,14.549
20530309,19.163
20530310,17.642
20530311,13.541
20530312,13.47
20530313,14.444
20530314,14.38
20530315,14.052
20530316,17.084
20530317,21.163
20530318,14.955
20530319,12.825
20530320,10.679
20530321,11.43
20530322,11.903
20530323,13.415
20530324,17.49
20530325,17.564
20530326,17.061
20530327,14.419
20530328,15.123
20530329,17.61
20530330,17.409
20530331,19.048
20530401,18.524
20530402,16.47
20530403,16.389
20530404,13.374
20530405,12.673
20530406,13.738
20530407,13.969
20530408,13.92
20530409,18.714
20530410,21.122
20530411,19.228
20530412,15.763
20530413,16.349
20530414,19.048
20530415,17.809
20530416,14.237
20530417,10.215
20530418,12.282
20530419,14.065
20530420,16.255
20530421,16.725
20530422,17.002
20530423,14.034
20530424,15.636
20530425,9.2463
20530426,16.639
20530427,14.743
20530428,13.446
20530429,15.29
20530430,12.922
20530501,17.655
20530502,19.665
20530503,21.203
20530504,21.42
20530505,21.755
20530506,22.785
20530507,26.439
20530508,23.384
20530509,24.443
20530510,24.826
20530511,19.642
20530512,19.186
20530513,20.869
20530514,17.096
20530515,18.318
20530516,14.104
20530517,13.433
20530518,16.626
20530519,18.81
20530520,20.738
20530521,19.647
20530522,19.37
20530523,18.994
20530524,18.321
20530525,23.783
20530526,25.989
20530527,28.554
20530528,26.664
20530529,26.294
20530530,26.545
20530531,27.469
20530601,26.319
20530602,27.641
20530603,23.965
20530604,22.963
20530605,23.673
20530606,20.558
20530607,20.5
20530608,22.678
20530609,23.256
20530610,23.86
20530611,25.939
20530612,25.587
20530613,22.78
20530614,23.248
20530615,25.55
20530616,21.022
20530617,21.79
20530618,20.697
20530619,22.151
20530620,24.157
20530621,24.363
20530622,24.636
20530623,24.684
20530624,26.686
20530625,26.359
20530626,25.814
20530627,25.565
20530628,26.61
20530629,27.325
20530630,23.874
20530701,23.058
20530702,20.25
20530703,27.468
20530704,29.031
20530705,32.215
20530706,28.481
20530707,30.136
20530708,29.222
20530709,28.588
20530710,29.4
20530711,29.84
20530712,30.536
20530713,30.103
20530714,27.01
20530715,29.654
20530716,29.905
20530717,29.578
20530718,28.937
20530719,29.649
20530720,30.246
20530721,32.207
20530722,33.295
20530723,33.202
20530724,33.901
20530725,34.232
20530726,33.41
20530727,34.275
20530728,34.941
20530729,35.581
20530730,34.146
20530731,33.88
20530801,27.314
20530802,29.83
20530803,31.566
20530804,27.268
20530805,28.141
20530806,32.42
20530807,32.961
20530808,27.461
20530809,29.139
20530810,29.75
20530811,31.211
20530812,32.039
20530813,25.804
20530814,31.501
20530815,28.544
20530816,27.085
20530817,31.312
20530818,31.182
20530819,32.373
20530820,34.335
20530821,31.555
20530822,31.635
20530823,27.418
20530824,23.695
20530825,23.044
20530826,28.531
20530827,33.434
20530828,32.242
20530829,32.592
20530830,33.07
20530831,35.355
20530901,34.865
20530902,29.608
20530903,27.694
20530904,30.517
20530905,33.046
20530906,33.152
20530907,30.765
20530908,25.209
20530909,24.532
20530910,27.339
20530911,30.479
20530912,30.072
20530913,29.781
20530914,25.022
20530915,26.273
20530916,25.632
20530917,23.43
20530918,19.213
20530919,17.669
20530920,17.816
20530921,25.123
20530922,25.302
20530923,24.936
20530924,26.073
20530925,24.183
20530926,23.938
20530927,22.894
20530928,21.12
20530929,21.55
20530930,22.95
20531001,21.202
20531002,20.597
20531003,22.302
20531004,22.202
20531005,22.517
20531006,17.991
20531007,20.851
20531008,21.205
20531009,19.561
20531010,16.713
20531011,18.032
20531012,18.945
20531013,18.186
20531014,19.278
20531015,18.314
20531016,18.542
20531017,16.907
20531018,17.632
20531019,18.244
20531020,16.692
20531021,18.391
20531022,13.346
20531023,13.862
20531024,13.498
20531025,17.142
20531026,20.093
20531027,14.951
20531028,15.936
20531029,16.971
20531030,18.289
20531031,19.221
20531101,18.119
20531102,17.322
20531103,15.33
20531104,13.815
20531105,14.471
20531106,14.718
20531107,11.153
20531108,13.218
20531109,14.62
20531110,10.488
20531111,10.729
20531112,13.954
20531113,15.197
20531114,11.314
20531115,12.21
20531116,12.19
20531117,11.689
20531118,11.842
20531119,7.2065
20531120,9.4044
20531121,8.2054
20531122,8.5469
20531123,7.8204
20531124,10.147
20531125,9.3035
20531126,10.21
20531127,6.9768
20531128,10.8
20531129,9.8904
20531130,7.5736
20531201,8.9
20531202,7.9941
20531203,9.3186
20531204,4.5445
20531205,5.0822
20531206,10.528
20531207,12.934
20531208,11.789
20531209,11.139
20531210,13.706
20531211,7.8751
20531212,6.8133
20531213,9.4491
20531214,11.897
20531215,11.765
20531216,12.138
20531217,12.663
20531218,12.541
20531219,11.799
20531220,12.306
20531221,11.683
20531222,10.666
20531223,11.549
20531224,11.96
20531225,9.0632
20531226,12.623
20531227,12.236
20531228,11.703
20531229,12.952
20531230,11.482
20531231,11.146
20540101,10.412
20540102,10.263
20540103,10.426
20540104,8.4185
20540105,5.2162
20540106,6.0248
20540107,9.6716
20540108,6.8025
20540109,8.3754
20540110,13.47
20540111,11.646
20540112,9.8126
20540113,6.3221
20540114,9.3432
20540115,11.533
20540116,9.8519
20540117,9.5015
20540118,8.793
20540119,9.2171
20540120,7.7552
20540121,8.9102
20540122,8.2289
20540123,8.9855
20540124,7.1056
20540125,7.9767
20540126,9.9308
20540127,7.7885
20540128,7.0838
20540129,4.4135
20540130,7.8433
20540131,9.3391
20540201,9.1689
20540202,9.0704
20540203,10.774
20540204,9.3504
20540205,9.514
20540206,8.0561
20540207,8.1466
20540208,10.481
20540209,13.954
20540210,14.713
20540211,13.28
20540212,9.9364
20540213,9.9622
20540214,6.9777
20540215,7.8056
20540216,7.0048
20540217,8.821
20540218,10.459
20540219,11.112
20540220,12.925
20540221,13.996
20540222,15.073
20540223,16.131
20540224,18.215
20540225,18.468
20540226,18.967
20540227,15.875
20540228,12.206
20540301,13.414
20540302,17.969
20540303,15.268
20540304,15.577
20540305,14.89
20540306,14.192
20540307,12.701
20540308,13.323
20540309,13.286
20540310,12.783
20540311,12.779
20540312,11.864
20540313,13.036
20540314,12.484
20540315,11.806
20540316,11.217
20540317,11.604
20540318,12.142
20540319,13.575
20540320,14.617
20540321,16.188
20540322,13.654
20540323,14.835
20540324,16.876
20540325,21.384
20540326,21.568
20540327,19.433
20540328,18.21
20540329,13.998
20540330,11.639
20540331,14.597
20540401,15.61
20540402,15.128
20540403,13.691
20540404,13.988
20540405,17.547
20540406,17.73
20540407,18.39
20540408,16.957
20540409,16.546
20540410,14.535
20540411,15.672
20540412,17.407
20540413,17.773
20540414,17.555
20540415,19.449
20540416,16.985
20540417,19.787
20540418,18.972
20540419,19.036
20540420,18.816
20540421,18.829
20540422,17.854
20540423,20.641
20540424,20.854
20540425,21.066
20540426,19.486
20540427,17.618
20540428,17.122
20540429,18.376
20540430,20.229
20540501,20.738
20540502,21.298
20540503,21.455
20540504,20.505
20540505,20.645
20540506,19.894
20540507,15.107
20540508,19.886
20540509,21.653
20540510,22.825
20540511,24.132
20540512,23.584
20540513,25.148
20540514,26.42
20540515,22.348
20540516,23.22
20540517,23.405
20540518,22.176
20540519,19.048
20540520,21.194
20540521,24.264
20540522,22.961
20540523,21.958
20540524,22.661
20540525,16.685
20540526,20.379
20540527,19.619
20540528,23.349
20540529,24.095
20540530,23.753
20540531,24.043
20540601,24.925
20540602,27.868
20540603,21.586
20540604,27.292
20540605,29.347
20540606,28.401
20540607,28.182
20540608,30.127
20540609,32.226
20540610,32.053
20540611,31.403
20540612,25.333
20540613,26.863
20540614,28.219
20540615,25.989
20540616,22.866
20540617,24.93
20540618,23.6
20540619,27.482
20540620,32.764
20540621,29.927
20540622,31.309
20540623,33.346
20540624,32.67
20540625,31.105
20540626,30.145
20540627,28.044
20540628,25.986
20540629,30.96
20540630,34.939
20540701,31.49
20540702,28.559
20540703,30.099
20540704,30.146
20540705,26.711
20540706,28.336
20540707,28.081
20540708,28.233
20540709,31.651
20540710,30.532
20540711,28.705
20540712,31.083
20540713,33.998
20540714,33.626
20540715,31.95
20540716,32.627
20540717,27.79
20540718,24.811
20540719,27.531
20540720,29.105
20540721,27.837
20540722,30.562
20540723,28.434
20540724,21.574
20540725,25.962
20540726,29.483
20540727,29.597
20540728,33.745
20540729,32.096
20540730,27.435
20540731,33.226
20540801,32.574
20540802,34.799
20540803,28.159
20540804,22.909
20540805,26.341
20540806,24.503
20540807,28.406
20540808,30.894
20540809,34.016
20540810,34.58
20540811,30.946
20540812,28.356
20540813,26.904
20540814,31.975
20540815,33.495
20540816,34.631
20540817,34.214
20540818,27.526
20540819,34.043
20540820,35.963
20540821,38.311
20540822,39.133
20540823,32.61
20540824,33.817
20540825,33.1
20540826,34.281
20540827,32.889
20540828,33.345
20540829,34.948
20540830,34.929
20540831,30.659
20540901,34.034
20540902,35.146
20540903,34.985
20540904,31.941
20540905,27.268
20540906,26.481
20540907,25.619
20540908,25.166
20540909,26.363
20540910,25.654
20540911,22.982
20540912,25.955
20540913,28.555
20540914,29.349
20540915,29.705
20540916,29.923
20540917,29.532
20540918,27.523
20540919,25.954
20540920,25.404
20540921,26.429
20540922,20.785
20540923,20.459
20540924,21
20540925,21.177
20540926,23.156
20540927,22.372
20540928,20.946
20540929,20.894
20540930,20.852
20541001,23.14
20541002,23.556
20541003,21.625
20541004,22.124
20541005,22.398
20541006,21.621
20541007,21.515
20541008,21.753
20541009,25.754
20541010,23.191
20541011,25.693
20541012,25.67
20541013,23.65
20541014,18.193
20541015,16.417
20541016,19.608
20541017,18.221
20541018,19.863
20541019,22.053
20541020,22.827
20541021,22.722
20541022,20.923
20541023,20.786
20541024,19.862
20541025,18.061
20541026,17.802
20541027,18.047
20541028,17.726
20541029,16.724
20541030,18.531
20541031,17.317
20541101,17.701
20541102,20.214
20541103,20.7
20541104,17.593
20541105,16.808
20541106,13.985
20541107,17.134
20541108,12.278
20541109,13.676
20541110,14.168
20541111,16.827
20541112,19.279
20541113,14.83
20541114,14.579
20541115,15.246
20541116,14.381
20541117,15.857
20541118,17.105
20541119,22.758
20541120,20.061
20541121,15.912
20541122,17.117
20541123,15.833
20541124,12.85
20541125,9.8552
20541126,11.307
20541127,13.024
20541128,13.653
20541129,14.891
20541130,17.321
20541201,15.841
20541202,17.038
20541203,17.287
20541204,18.881
20541205,18.129
20541206,19.494
20541207,15.355
20541208,8.874
20541209,8.2459
20541210,9.3405
20541211,12.982
20541212,12.438
20541213,15.082
20541214,14.936
20541215,13.703
20541216,13.877
20541217,12.652
20541218,12.972
20541219,14.404
20541220,11.806
20541221,8.7663
20541222,13.444
20541223,14.609
20541224,14.909
20541225,13.719
20541226,9.5364
20541227,9.2756
20541228,8.9055
20541229,6.2119
20541230,6.7305
20541231,10.326
20550101,10.601
20550102,11.252
20550103,12.049
20550104,13.748
20550105,12.472
20550106,12.046
20550107,13.313
20550108,11.103
20550109,14.571
20550110,14.593
20550111,10.545
20550112,10.28
20550113,9.6704
20550114,7.6055
20550115,8.2653
20550116,11.196
20550117,7.2349
20550118,10.359
20550119,9.2591
20550120,14.956
20550121,10.164
20550122,10.272
20550123,12.422
20550124,10.254
20550125,8.511
20550126,10.68
20550127,10.357
20550128,9.0285
20550129,8.8429
20550130,10.701
20550131,12.224
20550201,12.029
20550202,15.156
20550203,15.541
20550204,14.573
20550205,15.201
20550206,16.367
20550207,13.989
20550208,16.061
20550209,15.38
20550210,14.551
20550211,13.222
20550212,13.071
20550213,13.726
20550214,12.481
20550215,12.499
20550216,10.652
20550217,12.393
20550218,14.215
20550219,10.05
20550220,11.096
20550221,11.855
20550222,12.25
20550223,9.377
20550224,10.808
20550225,10.477
20550226,12.158
20550227,12.445
20550228,13.416
20550301,14.566
20550302,12.518
20550303,12.559
20550304,11.97
20550305,8.4211
20550306,10.183
20550307,12.537
20550308,11.122
20550309,7.5947
20550310,12.46
20550311,12.135
20550312,9.3182
20550313,15.726
20550314,14.282
20550315,14.025
20550316,13.049
20550317,12.95
20550318,15.626
20550319,12.807
20550320,12.06
20550321,14.405
20550322,17.548
20550323,17.131
20550324,17.148
20550325,17.779
20550326,17.882
20550327,16.937
20550328,18.918
20550329,17.909
20550330,15.325
20550331,20.373
20550401,20.494
20550402,12.404
20550403,15.09
20550404,16.459
20550405,19.34
20550406,20.951
20550407,20.397
20550408,18.594
20550409,15.4
20550410,17.668
20550411,14.532
20550412,20.539
20550413,19.564
20550414,20.178
20550415,22.555
20550416,22.816
20550417,20.955
20550418,10.631
20550419,16.168
20550420,19.479
20550421,21.776
20550422,22.232
20550423,19.179
20550424,18.401
20550425,17.051
20550426,17.614
20550427,16.205
20550428,19.197
20550429,19.648
20550430,17.241
20550501,17.452
20550502,15.234
20550503,15.562
20550504,18.458
20550505,20.59
20550506,21.032
20550507,19.205
20550508,19.776
20550509,19.913
20550510,15.861
20550511,16.897
20550512,16.671
20550513,17.066
20550514,19.598
20550515,19.645
20550516,22.832
20550517,21.739
20550518,20.613
20550519,20.446
20550520,21.981
20550521,24.36
20550522,25.511
20550523,24.145
20550524,26.298
20550525,24.005
20550526,18.599
20550527,20.315
20550528,22.164
20550529,23.653
20550530,16.234
20550531,22.461
20550601,25.211
20550602,25.01
20550603,25.625
20550604,22.665
20550605,18.738
20550606,19.985
20550607,24.234
20550608,28.603
20550609,29.785
20550610,27.996
20550611,30.172
20550612,29.09
20550613,28.695
20550614,27.667
20550615,27.648
20550616,21.282
20550617,22.434
20550618,21.636
20550619,21.852
20550620,22.877
20550621,25.02
20550622,24.602
20550623,21.652
20550624,20.763
20550625,23.087
20550626,27.51
20550627,29.756
20550628,25.857
20550629,20.558
20550630,25.376
20550701,23.547
20550702,21.646
20550703,23.285
20550704,22.755
20550705,25.398
20550706,28.033
20550707,23.893
20550708,24.779
20550709,26.312
20550710,27.523
20550711,28.32
20550712,28.822
20550713,31.804
20550714,29.294
20550715,31.295
20550716,31.855
20550717,30.254
20550718,30.006
20550719,22.395
20550720,26.259
20550721,27.1
20550722,30.533
20550723,31.529
20550724,31.819
20550725,29.885
20550726,30.638
20550727,31.066
20550728,33.39
20550729,33.27
20550730,30.907
20550731,31.17
20550801,32.317
20550802,33.645
20550803,31.202
20550804,29.334
20550805,28.04
20550806,25.791
20550807,30.598
20550808,27.752
20550809,27.014
20550810,31.187
20550811,33.324
20550812,26.659
20550813,27.593
20550814,27.022
20550815,20.7
20550816,25.143
20550817,26.877
20550818,29.089
20550819,29.46
20550820,27.815
20550821,28.105
20550822,29.05
20550823,23.874
20550824,25.452
20550825,25.509
20550826,27.158
20550827,30.025
20550828,31.481
20550829,30.712
20550830,32.828
20550831,32.02
20550901,23.235
20550902,28.822
20550903,30.196
20550904,27.766
20550905,26.512
20550906,26.327
20550907,24.749
20550908,24.611
20550909,25.702
20550910,26.784
20550911,27.126
20550912,25.675
20550913,21.774
20550914,18.733
20550915,23.54
20550916,24.074
20550917,23.765
20550918,25.274
20550919,24.406
20550920,23.88
20550921,16.272
20550922,20.169
20550923,20.969
20550924,18.629
20550925,19.414
20550926,19.534
20550927,21.257
20550928,25.18
20550929,23.135
20550930,20.361
20551001,23.751
20551002,21.313
20551003,19.731
20551004,22.505
20551005,20.715
20551006,20.756
20551007,18.421
20551008,19.39
20551009,21.34
20551010,23.01
20551011,22.58
20551012,22.564
20551013,20.312
20551014,20.319
20551015,21.077
20551016,18.944
20551017,18.819
20551018,17.922
20551019,14.341
20551020,16.788
20551021,14.571
20551022,16.449
20551023,16.258
20551024,15.606
20551025,16.137
20551026,16.703
20551027,16.475
20551028,13.847
20551029,12.4
20551030,10.362
20551031,10.279
20551101,10.661
20551102,10.172
20551103,12.753
20551104,13.987
20551105,15.444
20551106,12.816
20551107,15.91
20551108,14.264
20551109,15.207
20551110,14.637
20551111,12.842
20551112,13.58
20551113,13.345
20551114,14.345
20551115,13.943
20551116,14.53
20551117,15.908
20551118,14.53
20551119,16.151
20551120,15.669
20551121,14.492
20551122,12.89
20551123,13.492
20551124,12.438
20551125,11.46
20551126,10.181
20551127,8.7516
20551128,12.146
20551129,12.991
20551130,13.094
20551201,12.499
20551202,11.436
20551203,10.071
20551204,11.542
20551205,11.121
20551206,13.33
20551207,12.404
20551208,11.17
20551209,10.07
20551210,11.864
20551211,10.32
20551212,9.1587
20551213,10.174
20551214,11.311
20551215,10.857
20551216,9.4602
20551217,8.5554
20551218,7.0342
20551219,7.1834
20551220,9.2811
20551221,7.1128
20551222,11
20551223,10.038
20551224,10.106
20551225,10.814
20551226,10.586
20551227,8.4009
20551228,7.3752
20551229,10.547
20551230,9.2686
20551231,7.6242
20560101,11.039
20560102,9.0172
20560103,13.778
20560104,11.641
20560105,10.482
20560106,11.496
20560107,8.9158
20560108,10.886
20560109,11.202
20560110,11.207
20560111,9.519
20560112,10.021
20560113,9.3038
20560114,10.592
20560115,9.533
20560116,9.4653
20560117,9.6634
20560118,10.05
20560119,9.2805
20560120,7.4188
20560121,6.8648
20560122,7.9669
20560123,8.5592
20560124,9.2758
20560125,11.034
20560126,13.309
20560127,11.338
20560128,10.841
20560129,13.025
20560130,14.7
20560131,13.646
20560201,9.4715
20560202,8.7287
20560203,13.395
20560204,11.516
20560205,8.9699
20560206,9.5719
20560207,11.544
20560208,10.541
20560209,10.014
20560210,10.698
20560211,10.102
20560212,6.3632
20560213,11.159
20560214,10.62
20560215,13.266
20560216,10.094
20560217,12.734
20560218,15.445
20560219,14.908
20560220,10.536
20560221,9.3428
20560222,7.8203
20560223,9.4002
20560224,11.231
20560225,12.281
20560226,14.112
20560227,13.421
20560228,9.6265
20560229,6.3877
20560301,11.685
20560302,14.371
20560303,13.979
20560304,12.642
20560305,13.907
20560306,11.837
20560307,12.584
20560308,13.202
20560309,12.72
20560310,13.493
20560311,13.682
20560312,13.615
20560313,12.287
20560314,11.093
20560315,15.818
20560316,13.274
20560317,14.226
20560318,15.509
20560319,13.352
20560320,15.349
20560321,17.117
20560322,16.624
20560323,11.402
20560324,18.65
20560325,20.795
20560326,21.352
20560327,21.341
20560328,21.37
20560329,21.929
20560330,16.876
20560331,15.638
20560401,17.434
20560402,19.158
20560403,17.704
20560404,15.22
20560405,13.841
20560406,14.788
20560407,15.316
20560408,17.713
20560409,15.55
20560410,13.66
20560411,15.492
20560412,16.299
20560413,17.283
20560414,20.644
20560415,21.314
20560416,19.349
20560417,19.567
20560418,20.931
20560419,21.498
20560420,16.559
20560421,17.676
20560422,13.215
20560423,16.409
20560424,17.741
20560425,19.104
20560426,19.388
20560427,19.006
20560428,19.171
20560429,18.789
20560430,18.409
20560501,17.988
20560502,17.018
20560503,16.441
20560504,19.703
20560505,18.995
20560506,17.85
20560507,17.567
20560508,16.458
20560509,19.944
20560510,21.439
20560511,20.115
20560512,16.759
20560513,16.853
20560514,18.49
20560515,20.78
20560516,18.108
20560517,19.409
20560518,22.649
20560519,13.378
20560520,21.906
20560521,24.04
20560522,25.716
20560523,19.957
20560524,22.13
20560525,23.154
20560526,25.097
20560527,25.352
20560528,19.171
20560529,21.131
20560530,23.481
20560531,19.879
20560601,22.22
20560602,27.202
20560603,29.049
20560604,30.461
20560605,31.223
20560606,33.044
20560607,25.606
20560608,24.018
20560609,26.543
20560610,27.567
20560611,29.093
20560612,26.495
20560613,24.805
20560614,24.236
20560615,23.866
20560616,25.688
20560617,26.419
20560618,28.668
20560619,28.719
20560620,29.135
20560621,30.182
20560622,25.466
20560623,21.698
20560624,23.288
20560625,27.05
20560626,23.145
20560627,24.114
20560628,27.096
20560629,27.345
20560630,25.633
20560701,27.713
20560702,29.252
20560703,26.692
20560704,25.314
20560705,24.724
20560706,25.632
20560707,26.452
20560708,27.7
20560709,26.663
20560710,30.618
20560711,27.204
20560712,27.906
20560713,27.8
20560714,29.647
20560715,28.613
20560716,27.804
20560717,27.789
20560718,29.865
20560719,31.292
20560720,32.368
20560721,29.032
20560722,28.1
20560723,27.693
20560724,28.787
20560725,29.625
20560726,31.437
20560727,32.803
20560728,33.406
20560729,34.54
20560730,35.61
20560731,30.887
20560801,31.634
20560802,30.968
20560803,33.033
20560804,32.55
20560805,30.73
20560806,33.201
20560807,31.159
20560808,28.659
20560809,31.497
20560810,31.89
20560811,27.834
20560812,29.007
20560813,34.984
20560814,35.111
20560815,33.454
20560816,32.696
20560817,25.343
20560818,27.749
20560819,30.946
20560820,32.23
20560821,31.032
20560822,30.607
20560823,32.457
20560824,31.986
20560825,32.081
20560826,27.828
20560827,29.747
20560828,27.991
20560829,29.052
20560830,29.432
20560831,29.977
20560901,26.835
20560902,27.873
20560903,29.009
20560904,25.516
20560905,25.566
20560906,19.585
20560907,20.55
20560908,21.823
20560909,22.971
20560910,20.021
20560911,22.52
20560912,22.589
20560913,22.472
20560914,23.363
20560915,20.486
20560916,15.58
20560917,19.374
20560918,17.771
20560919,16.382
20560920,19.205
20560921,20.956
20560922,19.667
20560923,19.793
20560924,24.063
20560925,23.598
20560926,23.514
20560927,24.247
20560928,24.096
20560929,21.162
20560930,23.014
20561001,20.18
20561002,17.4
20561003,17.369
20561004,18.958
20561005,14.748
20561006,18.992
20561007,15.018
20561008,15.09
20561009,20.194
20561010,20.281
20561011,18.06
20561012,18.089
20561013,17.718
20561014,17.963
20561015,17.611
20561016,17.292
20561017,16.129
20561018,17.081
20561019,20.232
20561020,19.899
20561021,18.453
20561022,18.793
20561023,19.456
20561024,18.059
20561025,18.23
20561026,18.325
20561027,18.528
20561028,19.14
20561029,21.072
20561030,21.833
20561031,16.787
20561101,21.129
20561102,21.609
20561103,18.078
20561104,18.298
20561105,15.571
20561106,16.589
20561107,15.678
20561108,15.551
20561109,17.134
20561110,16.307
20561111,18.404
20561112,17.776
20561113,15.851
20561114,15.461
20561115,14.818
20561116,13.246
20561117,12.061
20561118,13.862
20561119,14.513
20561120,11.985
20561121,14.487
20561122,16.347
20561123,14.941
20561124,13.695
20561125,13.827
20561126,14.671
20561127,14.279
20561128,15.439
20561129,12.678
20561130,12.222
20561201,12.069
20561202,11.549
20561203,10.329
20561204,9.8515
20561205,9.7698
20561206,10.56
20561207,10.431
20561208,11.466
20561209,12.574
20561210,12.241
20561211,12.811
20561212,11.872
20561213,11.068
20561214,10.26
20561215,8.4019
20561216,10.945
20561217,12.559
20561218,8.1863
20561219,9.3427
20561220,7.7043
20561221,10.527
20561222,8.6665
20561223,11.552
20561224,10.383
20561225,11.149
20561226,10.622
20561227,9.8702
20561228,7.4948
20561229,11.995
20561230,11.358
20561231,12.001
20570101,12.318
20570102,8.2079
20570103,7.3785
20570104,4.2861
20570105,10.116
20570106,11.255
20570107,6.5495
20570108,3.8453
20570109,3.0736
20570110,8.1781
20570111,5.6696
20570112,8.9672
20570113,9.0544
20570114,8.7331
20570115,6.9044
20570116,4.5974
20570117,4.0873
20570118,1.0551
20570119,3.436
20570120,4.729
20570121,4.945
20570122,4.5644
20570123,6.5367
20570124,6.7192
20570125,11.368
20570126,10.382
20570127,9.1483
20570128,10.027
20570129,9.3073
20570130,8.7182
20570131,7.8703
20570201,4.7661
20570202,9.3439
20570203,7.7029
20570204,7.3349
20570205,7.9054
20570206,5.8234
20570207,7.4308
20570208,10.294
20570209,10.397
20570210,8.5723
20570211,7.8371
20570212,12.343
20570213,11.982
20570214,12.866
20570215,15.455
20570216,15.764
20570217,14.659
20570218,14.734
20570219,13.324
20570220,14.165
20570221,17.258
20570222,14.437
20570223,13.093
20570224,11.896
20570225,14.744
20570226,16.775
20570227,12.626
20570228,11.653
20570301,13.756
20570302,13.553
20570303,13.071
20570304,14.568
20570305,13.087
20570306,13.403
20570307,14.213
20570308,13.446
20570309,9.3065
20570310,14.032
20570311,12.921
20570312,13.912
20570313,15.688
20570314,16.818
20570315,16.632
20570316,15.956
20570317,14.562
20570318,12.754
20570319,13.4
20570320,17.199
20570321,17.1
20570322,16.288
20570323,17.246
20570324,15.991
20570325,16.65
20570326,17.694
20570327,14.943
20570328,14.521
20570329,15.241
20570330,15.972
20570331,19.267
20570401,16.326
20570402,17.212
20570403,14.421
20570404,13.542
20570405,15.294
20570406,14.694
20570407,18.397
20570408,18.049
20570409,18.456
20570410,19.7
20570411,18.669
20570412,19.09
20570413,15.232
20570414,16.927
20570415,16.962
20570416,16.22
20570417,12.529
20570418,12.661
20570419,15.024
20570420,17.204
20570421,14.685
20570422,16.879
20570423,13.629
20570424,16.002
20570425,15.86
20570426,14.844
20570427,16.235
20570428,15.527
20570429,14.565
20570430,14.923
20570501,15.015
20570502,18.156
20570503,21.982
20570504,25.626
20570505,25.768
20570506,23.775
20570507,25.625
20570508,26.66
20570509,22.893
20570510,25.576
20570511,20.707
20570512,19.984
20570513,20.263
20570514,19.599
20570515,15.666
20570516,18.992
20570517,17.595
20570518,22.15
20570519,20.17
20570520,18.393
20570521,17.348
20570522,19.578
20570523,22.427
20570524,24.717
20570525,26.567
20570526,27.491
20570527,27.441
20570528,21.151
20570529,17.848
20570530,22.86
20570531,19.961
20570601,22.626
20570602,25.677
20570603,28.058
20570604,26.235
20570605,25.998
20570606,26.551
20570607,24.06
20570608,26.523
20570609,20.56
20570610,26.591
20570611,29.865
20570612,26.967
20570613,22.06
20570614,26.889
20570615,28.34
20570616,28.698
20570617,26.975
20570618,24.191
20570619,23.043
20570620,23.478
20570621,20.4
20570622,20.772
20570623,25.35
20570624,27.25
20570625,25.734
20570626,25.107
20570627,23.785
20570628,26.715
20570629,29.044
20570630,31.565
20570701,30.764
20570702,25.905
20570703,25.635
20570704,27.491
20570705,28.929
20570706,30.182
20570707,29.316
20570708,23.881
20570709,27.943
20570710,27.938
20570711,29.623
20570712,29.207
20570713,31.698
20570714,29.601
20570715,27.469
20570716,26.705
20570717,32.181
20570718,34.296
20570719,29.851
20570720,30.236
20570721,31.164
20570722,20.113
20570723,24.218
20570724,31.772
20570725,31.907
20570726,32.976
20570727,30.288
20570728,31.581
20570729,33.591
20570730,31.651
20570731,31.234
20570801,34.938
20570802,32.803
20570803,31.628
20570804,31.754
20570805,32.758
20570806,34.048
20570807,32.774
20570808,33.741
20570809,35.251
20570810,26.651
20570811,27.727
20570812,31.205
20570813,31.396
20570814,29.654
20570815,32.298
20570816,32.92
20570817,33.357
20570818,29.997
20570819,32.418
20570820,32.962
20570821,31.43
20570822,30.945
20570823,32.328
20570824,34.328
20570825,31.951
20570826,32.609
20570827,31.242
20570828,30.92
20570829,30.505
20570830,31.947
20570831,33.277
20570901,33.331
20570902,36.289
20570903,31.459
20570904,28.654
20570905,30.4
20570906,30.936
20570907,28.962
20570908,29.31
20570909,28.978
20570910,22.519
20570911,24.18
20570912,26.898
20570913,27.986
20570914,28.46
20570915,26.867
20570916,19.334
20570917,22.754
20570918,19.525
20570919,20.972
20570920,20.852
20570921,21.639
20570922,23.782
20570923,24.807
20570924,24.776
20570925,25.913
20570926,26.129
20570927,25.206
20570928,20.941
20570929,18.462
20570930,18.28
20571001,18.326
20571002,19.356
20571003,20.959
20571004,22.52
20571005,21.603
20571006,16.139
20571007,16.218
20571008,19.935
20571009,19.516
20571010,20.68
20571011,20.992
20571012,16.966
20571013,17.151
20571014,16.728
20571015,18.898
20571016,17.829
20571017,18.815
20571018,17.741
20571019,16.951
20571020,16.13
20571021,15.421
20571022,18.655
20571023,19.069
20571024,18.534
20571025,17.086
20571026,17.775
20571027,17.473
20571028,16.372
20571029,18.418
20571030,17.015
20571031,18.697
20571101,14.949
20571102,15.387
20571103,14.608
20571104,15.523
20571105,18.058
20571106,16.57
20571107,14.089
20571108,10.74
20571109,9.4295
20571110,17.072
20571111,17.532
20571112,17.356
20571113,17.665
20571114,17.468
20571115,16.188
20571116,17.19
20571117,16.097
20571118,14.397
20571119,15.692
20571120,16.795
20571121,14.728
20571122,12.145
20571123,11.134
20571124,13.392
20571125,12.268
20571126,11.005
20571127,10.956
20571128,14.084
20571129,11.745
20571130,12.351
20571201,10.383
20571202,11.672
20571203,16.296
20571204,13.994
20571205,11.15
20571206,13.491
20571207,9.7798
20571208,11.881
20571209,11.005
20571210,10.376
20571211,9.7188
20571212,9.6819
20571213,13.331
20571214,10.252
20571215,11.87
20571216,10.575
20571217,11.016
20571218,10.637
20571219,11.247
20571220,10.545
20571221,9.9466
20571222,12.04
20571223,12.261
20571224,13.779
20571225,11.793
20571226,14.272
20571227,12.102
20571228,12.047
20571229,10.735
20571230,11.897
20571231,14.3
20580101,14.173
20580102,11.326
20580103,9.9962
20580104,8.7454
20580105,10.862
20580106,12.812
20580107,11.892
20580108,8.4593
20580109,10.061
20580110,9.0696
20580111,8.2608
20580112,8.5087
20580113,10.877
20580114,10.858
20580115,12.23
20580116,10.527
20580117,13.559
20580118,14.939
20580119,13.213
20580120,14.779
20580121,12.387
20580122,13.845
20580123,10.163
20580124,11.137
20580125,11.163
20580126,8.7299
20580127,9.728
20580128,10.368
20580129,8.7693
20580130,3.0152
20580131,9.7844
20580201,12.889
20580202,11.961
20580203,11.276
20580204,13.653
20580205,15.139
20580206,15.701
20580207,15.072
20580208,15.292
20580209,15.793
20580210,16.848
20580211,12.049
20580212,10.212
20580213,8.8937
20580214,9.7591
20580215,11.243
20580216,13.712
20580217,11.483
20580218,9.7219
20580219,11.841
20580220,13.972
20580221,12.953
20580222,12.072
20580223,12.338
20580224,13.457
20580225,11.4
20580226,12.197
20580227,13.344
20580228,12.12
20580301,12.71
20580302,13.05
20580303,13.264
20580304,14.935
20580305,17.971
20580306,17.894
20580307,18.44
20580308,16.77
20580309,18.94
20580310,18.18
20580311,18.777
20580312,18.051
20580313,15.487
20580314,14.92
20580315,17.136
20580316,20.155
20580317,19.588
20580318,18.495
20580319,20.696
20580320,21.625
20580321,20.979
20580322,20.262
20580323,19.053
20580324,16.465
20580325,13.5
20580326,15.302
20580327,14.079
20580328,13.449
20580329,13.825
20580330,13.265
20580331,13.656
20580401,13.565
20580402,13.187
20580403,17.138
20580404,17.529
20580405,19.494
20580406,19.156
20580407,14.525
20580408,16.563
20580409,18.723
20580410,12.696
20580411,15.583
20580412,17.489
20580413,18.697
20580414,17.32
20580415,15.451
20580416,18.675
20580417,19.873
20580418,21.696
20580419,22.793
20580420,22.738
20580421,23.427
20580422,21.744
20580423,20.943
20580424,16.217
20580425,19.496
20580426,13.006
20580427,17.087
20580428,15.969
20580429,19.36
20580430,20.495
20580501,20.3
20580502,21.775
20580503,24.771
20580504,25.33
20580505,28.27
20580506,29.85
20580507,27.956
20580508,27.272
20580509,23.486
20580510,24.272
20580511,24.243
20580512,16.344
20580513,19.931
20580514,22.049
20580515,23.475
20580516,24.722
20580517,18.105
20580518,19.83
20580519,18.275
20580520,18.289
20580521,17.691
20580522,18.559
20580523,21.217
20580524,21.066
20580525,19.287
20580526,23.01
20580527,24.016
20580528,24.062
20580529,22.795
20580530,18.363
20580531,22.363
20580601,23.613
20580602,25.289
20580603,24.852
20580604,24.516
20580605,23.086
20580606,23.696
20580607,26.1
20580608,28.389
20580609,29.75
20580610,24.885
20580611,24.799
20580612,24.768
20580613,19.319
20580614,19.428
20580615,21.751
20580616,23.17
20580617,22.018
20580618,22.081
20580619,24.367
20580620,21.732
20580621,24.863
20580622,22.909
20580623,26.025
20580624,26.52
20580625,24.249
20580626,23.074
20580627,26.099
20580628,21.787
20580629,25.302
20580630,27.597
20580701,31.208
20580702,31.592
20580703,31.226
20580704,29.813
20580705,35.903
20580706,36.933
20580707,33.434
20580708,34.53
20580709,37.471
20580710,33.903
20580711,28.241
20580712,34.953
20580713,33.8
20580714,33.853
20580715,31.048
20580716,29.925
20580717,30.535
20580718,27.21
20580719,26.142
20580720,28.679
20580721,29.15
20580722,34.221
20580723,36.61
20580724,35.08
20580725,34.024
20580726,33.078
20580727,32.356
20580728,28.968
20580729,27.684
20580730,27.563
20580731,30.361
20580801,33.338
20580802,31.055
20580803,25.204
20580804,31.52
20580805,35.1
20580806,36.367
20580807,36.637
20580808,32.836
20580809,32.474
20580810,28.113
20580811,25.919
20580812,32.34
20580813,34.852
20580814,37.133
20580815,29.376
20580816,23.142
20580817,26.449
20580818,31.994
20580819,24.517
20580820,23.218
20580821,25.698
20580822,25.597
20580823,24.026
20580824,25.765
20580825,29.712
20580826,30.919
20580827,32.123
20580828,29.659
20580829,32.594
20580830,31.477
20580831,25.807
20580901,26.338
20580902,29.796
20580903,29.764
20580904,27.502
20580905,29.533
20580906,30.095
20580907,28.912
20580908,27.014
20580909,26.282
20580910,26.347
20580911,28.759
20580912,24.628
20580913,25.685
20580914,25.865
20580915,26.191
20580916,27.686
20580917,26.216
20580918,22.794
20580919,24.746
20580920,24.141
20580921,21.103
20580922,22.706
20580923,24.73
20580924,22.662
20580925,22.796
20580926,23.901
20580927,27.531
20580928,26.857
20580929,25.719
20580930,26.911
20581001,26.45
20581002,24.562
20581003,23.607
20581004,23.953
20581005,23.318
20581006,23.839
20581007,26.191
20581008,26.754
20581009,27.143
20581010,26.898
20581011,27.167
20581012,27.524
20581013,27.233
20581014,25.177
20581015,24.868
20581016,24.868
20581017,25.584
20581018,26.902
20581019,25.278
20581020,25.827
20581021,23.212
20581022,19.809
20581023,17.975
20581024,20.274
20581025,18.255
20581026,18.084
20581027,18.523
20581028,17.848
20581029,14.979
20581030,14.485
20581031,16.928
20581101,19.099
20581102,17.054
20581103,13.875
20581104,14.017
20581105,12.983
20581106,14.066
20581107,13.787
20581108,14.717
20581109,15.405
20581110,15.117
20581111,14.593
20581112,11.447
20581113,13.338
20581114,13.416
20581115,13.543
20581116,10.158
20581117,8.6504
20581118,4.2917
20581119,12.773
20581120,13.896
20581121,13.787
20581122,12.945
20581123,12.601
20581124,15.704
20581125,17.202
20581126,12.65
20581127,10.867
20581128,16.637
20581129,14.041
20581130,13.17
20581201,13.3
20581202,11.588
20581203,8.5311
20581204,8.8264
20581205,7.8691
20581206,11.119
20581207,4.6591
20581208,8.717
20581209,6.5913
20581210,3.6799
20581211,3.0659
20581212,7.7513
20581213,6.3565
20581214,6.4917
20581215,4.8075
20581216,11.177
20581217,10.354
20581218,9.1575
20581219,11.28
20581220,11.505
20581221,14.167
20581222,12.288
20581223,11.297
20581224,11.172
20581225,12.57
20581226,10.851
20581227,11.554
20581228,15.01
20581229,13.536
20581230,11.317
20581231,9.8147
20590101,10.47
20590102,10.876
20590103,10.087
20590104,11.836
20590105,12.15
20590106,10.333
20590107,8.9414
20590108,10.333
20590109,10.309
20590110,8.5976
20590111,8.9185
20590112,8.4499
20590113,7.3746
20590114,6.3758
20590115,13.614
20590116,13.604
20590117,9.8975
20590118,8.3127
20590119,8.7839
20590120,8.7541
20590121,9.1442
20590122,9.7627
20590123,9.2891
20590124,8.2845
20590125,5.42
20590126,7.1051
20590127,8.9378
20590128,9.6916
20590129,8.5973
20590130,11.494
20590131,12.175
20590201,11.035
20590202,13.036
20590203,14.415
20590204,13.383
20590205,9.9865
20590206,10.889
20590207,10.392
20590208,12.599
20590209,13.509
20590210,13.757
20590211,9.4356
20590212,9.1365
20590213,14.151
20590214,18.923
20590215,18.848
20590216,18.755
20590217,17.154
20590218,16.885
20590219,10.777
20590220,10.014
20590221,10.89
20590222,12.507
20590223,10.553
20590224,8.7932
20590225,5.1561
20590226,7.9752
20590227,10.746
20590228,7.5764
20590301,13.225
20590302,12.816
20590303,15.075
20590304,14.475
20590305,9.1171
20590306,10.383
20590307,12.075
20590308,10.677
20590309,11.853
20590310,12.161
20590311,10.923
20590312,3.6104
20590313,9.7327
20590314,11.145
20590315,8.8984
20590316,12.03
20590317,13.713
20590318,13.482
20590319,14.92
20590320,15.123
20590321,15.627
20590322,16.669
20590323,17.614
20590324,15.805
20590325,16.283
20590326,20.47
20590327,14.842
20590328,15.763
20590329,15.011
20590330,14.224
20590331,18.543
20590401,17.719
20590402,13.674
20590403,12.497
20590404,16.479
20590405,16.327
20590406,15.648
20590407,18.997
20590408,18.027
20590409,14.026
20590410,13.11
20590411,14.311
20590412,16.544
20590413,20.106
20590414,18.31
20590415,16.571
20590416,15.874
20590417,15.104
20590418,16.141
20590419,16.92
20590420,12.448
20590421,16.035
20590422,22.477
20590423,20.751
20590424,22.261
20590425,27.539
20590426,26.801
20590427,24.739
20590428,23.832
20590429,24.532
20590430,22.411
20590501,22.505
20590502,23.936
20590503,22.353
20590504,16.774
20590505,20.575
20590506,22.102
20590507,22.138
20590508,22.094
20590509,23.279
20590510,18.717
20590511,17.704
20590512,19.541
20590513,21.667
20590514,24.305
20590515,25.702
20590516,23.875
20590517,21.936
20590518,19.411
20590519,20.933
20590520,24.794
20590521,26.947
20590522,24.967
20590523,19.265
20590524,25.432
20590525,29.131
20590526,29.276
20590527,27.148
20590528,26.736
20590529,24.793
20590530,23.146
20590531,25.104
20590601,21.619
20590602,23.532
20590603,27.568
20590604,26.52
20590605,21.284
20590606,21.036
20590607,24.895
20590608,25.109
20590609,26.024
20590610,25.04
20590611,24.799
20590612,25.268
20590613,23.845
20590614,26.522
20590615,22.27
20590616,22.066
20590617,25.882
20590618,24.436
20590619,28.21
20590620,24.194
20590621,23.085
20590622,24.114
20590623,24.025
20590624,25.727
20590625,29.5
20590626,30.51
20590627,28.397
20590628,25.703
20590629,26.109
20590630,27.436
20590701,20.687
20590702,24.58
20590703,22.307
20590704,23.069
20590705,24.167
20590706,25.669
20590707,29.601
20590708,27.059
20590709,22.709
20590710,25.602
20590711,27.051
20590712,28.708
20590713,29.646
20590714,30.093
20590715,30.328
20590716,30.758
20590717,31.893
20590718,32.315
20590719,31.787
20590720,29.915
20590721,26.355
20590722,28.357
20590723,30.01
20590724,25.206
20590725,27.604
20590726,32.083
20590727,29.468
20590728,27.56
20590729,33.473
20590730,33.425
20590731,32.272
20590801,31.86
20590802,33.071
20590803,32.814
20590804,32.854
20590805,35.507
20590806,35.353
20590807,30.869
20590808,25.462
20590809,22.674
20590810,28.306
20590811,27.646
20590812,23.882
20590813,26.378
20590814,28.029
20590815,28.418
20590816,32.569
20590817,33.447
20590818,30.113
20590819,29.939
20590820,27.389
20590821,26.655
20590822,30.517
20590823,32.582
20590824,29.341
20590825,25.438
20590826,25.753
20590827,28.517
20590828,33.466
20590829,31.134
20590830,30.345
20590831,30.811
20590901,27.457
20590902,29.824
20590903,25.084
20590904,24.925
20590905,23.747
20590906,26.671
20590907,24.128
20590908,24.895
20590909,27.881
20590910,29.785
20590911,30.205
20590912,32.143
20590913,27.399
20590914,24.301
20590915,25.735
20590916,27.839
20590917,27.537
20590918,23.15
20590919,24.87
20590920,27.088
20590921,28.041
20590922,28.993
20590923,29.079
20590924,28.111
20590925,27.179
20590926,22.976
20590927,22.094
20590928,23.888
20590929,23.094
20590930,17.946
20591001,22.08
20591002,20.274
20591003,20.343
20591004,20.346
20591005,20.983
20591006,19.138
20591007,19.963
20591008,18.778
20591009,19.489
20591010,19.143
20591011,18.936
20591012,18.369
20591013,18.49
20591014,21.534
20591015,20.803
20591016,18.319
20591017,18.256
20591018,13.328
20591019,18.351
20591020,18.489
20591021,18.299
20591022,20.235
20591023,17.911
20591024,18.552
20591025,19.896
20591026,17.565
20591027,17.612
20591028,18.284
20591029,19.142
20591030,17.097
20591031,17.396
20591101,16.355
20591102,15.945
20591103,15.396
20591104,15.132
20591105,16.739
20591106,16.849
20591107,16.322
20591108,17.805
20591109,16.546
20591110,16.701
20591111,15.965
20591112,15.14
20591113,15.078
20591114,15.672
20591115,15.847
20591116,15.832
20591117,16.065
20591118,16.223
20591119,15.864
20591120,14.708
20591121,16.428
20591122,14.231
20591123,13.598
20591124,13.789
20591125,13.525
20591126,14.141
20591127,12.688
20591128,14.754
20591129,11.562
20591130,12.966
20591201,13.581
20591202,12.303
20591203,12.347
20591204,13.83
20591205,14.396
20591206,13.383
20591207,12.302
20591208,11.092
20591209,11.412
20591210,11.112
20591211,11.922
20591212,10.276
20591213,10.125
20591214,11.827
20591215,12.079
20591216,10.655
20591217,10.328
20591218,11.714
20591219,7.5308
20591220,9.5866
20591221,11.778
20591222,12.596
20591223,10.318
20591224,7.7894
20591225,11.147
20591226,9.5011
20591227,8.2457
20591228,7.6752
20591229,8.8758
20591230,8.7396
20591231,8.2305
20600101,8.2053
20600102,9.0125
20600103,7.7991
20600104,8.6901
20600105,10.196
20600106,10.92
20600107,11.41
20600108,10.733
20600109,8.6379
20600110,10.34
20600111,8.6962
20600112,7.8669
20600113,7.5318
20600114,8.8022
20600115,7.0669
20600116,7.5757
20600117,8.2364
20600118,7.7562
20600119,8.6952
20600120,9.0241
20600121,6.6327
20600122,7.0847
20600123,7.8847
20600124,5.5801
20600125,4.5817
20600126,8.5179
20600127,7.2651
20600128,6.5804
20600129,5.5187
20600130,8.1156
20600131,10.369
20600201,7.9968
20600202,8.9316
20600203,9.1011
20600204,9.2002
20600205,10.727
20600206,13.684
20600207,14.394
20600208,15.043
20600209,14.655
20600210,13.566
20600211,12.373
20600212,12.789
20600213,11.407
20600214,11.074
20600215,10.038
20600216,12.65
20600217,16.914
20600218,18.662
20600219,19.635
20600220,21.989
20600221,23.372
20600222,16.922
20600223,12.5
20600224,11.988
20600225,12.724
20600226,12.565
20600227,13.983
20600228,15.369
20600229,15.561
20600301,10.936
20600302,12.127
20600303,10.155
20600304,12.438
20600305,15.166
20600306,16.17
20600307,14.614
20600308,12.296
20600309,11.35
20600310,11.641
20600311,14.14
20600312,17.284
20600313,19.421
20600314,18.526
20600315,18.149
20600316,22.679
20600317,20.885
20600318,20.644
20600319,17.711
20600320,15.497
20600321,17.719
20600322,16.933
20600323,19.585
20600324,16.267
20600325,16.314
20600326,14.509
20600327,13.925
20600328,11.714
20600329,15.717
20600330,10.867
20600331,11.057
20600401,14.254
20600402,12.662
20600403,13.969
20600404,11.832
20600405,16.751
20600406,18.881
20600407,19.732
20600408,19.754
20600409,21.843
20600410,19.847
20600411,19.054
20600412,19.126
20600413,14.297
20600414,14.849
20600415,14.389
20600416,14.05
20600417,15.759
20600418,20.78
20600419,21.072
20600420,17.991
20600421,18.654
20600422,17.174
20600423,14.728
20600424,17.851
20600425,19.578
20600426,19.698
20600427,16.008
20600428,17.168
20600429,15.991
20600430,17.666
20600501,18.961
20600502,20.192
20600503,20.027
20600504,17.963
20600505,21.049
20600506,20.337
20600507,22.237
20600508,18.451
20600509,19.584
20600510,20.14
20600511,17.872
20600512,19.698
20600513,15.858
20600514,20.573
20600515,21.974
20600516,22.059
20600517,21.67
20600518,23.452
20600519,25.291
20600520,22.325
20600521,19.897
20600522,22.751
20600523,18.644
20600524,18.553
20600525,21.87
20600526,24.878
20600527,24.9
20600528,25.967
20600529,26.843
20600530,28.401
20600531,28.885
20600601,27.684
20600602,25.666
20600603,22.318
20600604,22.429
20600605,22.785
20600606,24.726
20600607,24.59
20600608,23.249
20600609,24.319
20600610,28.556
20600611,29.778
20600612,28.315
20600613,29.255
20600614,29.095
20600615,28.194
20600616,28.361
20600617,26.847
20600618,26.163
20600619,24.172
20600620,24.328
20600621,22.078
20600622,22.474
20600623,21.749
20600624,19.517
20600625,25.083
20600626,26.053
20600627,28.093
20600628,23.03
20600629,25.843
20600630,27.818
20600701,29.907
20600702,33.412
20600703,29.959
20600704,26.608
20600705,30.581
20600706,30.926
20600707,31.367
20600708,25.312
20600709,25.404
20600710,24.983
20600711,27.76
20600712,29.213
20600713,31.546
20600714,32.279
20600715,34.709
20600716,35.945
20600717,33.52
20600718,33.27
20600719,28.359
20600720,28.504
20600721,33.031
20600722,34.217
20600723,38.099
20600724,38.671
20600725,39.381
20600726,39.444
20600727,40.737
20600728,40.198
20600729,39.745
20600730,36.878
20600731,36.401
20600801,36.574
20600802,34.252
20600803,27.211
20600804,25.238
20600805,24.38
20600806,27.307
20600807,30.747
20600808,33.826
20600809,31.941
20600810,31.456
20600811,25.747
20600812,27.776
20600813,30.798
20600814,32.634
20600815,30.526
20600816,30.025
20600817,30.677
20600818,23.143
20600819,25.853
20600820,28.577
20600821,29.497
20600822,31.275
20600823,31.879
20600824,31.439
20600825,25.336
20600826,27.239
20600827,28.876
20600828,30.735
20600829,30.534
20600830,31.157
20600831,32.143
20600901,27.963
20600902,27.289
20600903,28.187
20600904,28.618
20600905,25.586
20600906,27.209
20600907,20.62
20600908,25.357
20600909,24.694
20600910,25.201
20600911,22.751
20600912,23.752
20600913,24.535
20600914,26.524
20600915,27.642
20600916,26.079
20600917,26.101
20600918,21.297
20600919,21.612
20600920,24.347
20600921,26.427
20600922,23.714
20600923,20.558
20600924,21.68
20600925,23.403
20600926,23.168
20600927,20.837
20600928,22.319
20600929,24.145
20600930,22.759
20601001,22.833
20601002,21.581
20601003,21.788
20601004,18.305
20601005,19.799
20601006,20.281
20601007,20.435
20601008,20.015
20601009,19.506
20601010,19.595
20601011,19.985
20601012,21.269
20601013,23.694
20601014,23.007
20601015,15.691
20601016,17.119
20601017,18.109
20601018,17.642
20601019,19.494
20601020,16.209
20601021,16.328
20601022,17.36
20601023,17.872
20601024,18.445
20601025,19.572
20601026,20.308
20601027,13.474
20601028,17.137
20601029,18.922
20601030,19.299
20601031,20.556
20601101,19.246
20601102,19.783
20601103,16.002
20601104,17.996
20601105,18.425
20601106,16.269
20601107,15.69
20601108,14.695
20601109,15.104
20601110,17.239
20601111,18.154
20601112,16.519
20601113,17.136
20601114,16.891
20601115,17.596
20601116,15.335
20601117,18.106
20601118,16.942
20601119,13.727
20601120,11.176
20601121,13.263
20601122,15.775
20601123,14.305
20601124,14.04
20601125,14.452
20601126,15.454
20601127,17.527
20601128,17.595
20601129,15.134
20601130,14.47
20601201,15.57
20601202,13.686
20601203,12.48
20601204,15.314
20601205,17.535
20601206,13.053
20601207,9.5988
20601208,18.17
20601209,18.408
20601210,16.508
20601211,16.289
20601212,14.878
20601213,9.803
20601214,9.3447
20601215,9.8903
20601216,14.666
20601217,10.65
20601218,8.8344
20601219,12.579
20601220,11.285
20601221,14.572
20601222,13.792
20601223,10.737
20601224,12.823
20601225,15.281
20601226,11.591
20601227,12.234
20601228,12.039
20601229,10.155
20601230,9.7416
20601231,9.1783
20610101,9.4344
20610102,12.391
20610103,9.8788
20610104,8.7375
20610105,12.594
20610106,10.829
20610107,8.7362
20610108,7.671
20610109,10.276
20610110,11.08
20610111,10.139
20610112,9.4646
20610113,6.7097
20610114,8.2441
20610115,8.6196
20610116,8.7827
20610117,9.158
20610118,7.0829
20610119,10.874
20610120,10.536
20610121,11.42
20610122,12.404
20610123,10.296
20610124,9.8808
20610125,10.685
20610126,9.3757
20610127,8.1622
20610128,6.8143
20610129,5.7044
20610130,5.8528
20610131,10.134
20610201,10.966
20610202,10.218
20610203,10.548
20610204,9.882
20610205,12.196
20610206,11.522
20610207,11.101
20610208,9.9559
20610209,8.5737
20610210,9.6097
20610211,10.166
20610212,10.921
20610213,11.841
20610214,11.564
20610215,13.148
20610216,13.632
20610217,7.9761
20610218,10.705
20610219,10.16
20610220,11.949
20610221,12.699
20610222,12.891
20610223,13.387
20610224,12.808
20610225,13.618
20610226,16.194
20610227,12.914
20610228,13.352
20610301,15.386
20610302,14.715
20610303,13.324
20610304,12.393
20610305,11.616
20610306,9.9916
20610307,11.783
20610308,17.432
20610309,17.374
20610310,19.315
20610311,18.122
20610312,20.158
20610313,19.547
20610314,19.333
20610315,18.549
20610316,13.233
20610317,15.708
20610318,16.869
20610319,11.617
20610320,12.092
20610321,14.042
20610322,12.935
20610323,11.608
20610324,14.363
20610325,15.644
20610326,15.364
20610327,12.978
20610328,12.577
20610329,15.234
20610330,18.404
20610331,19.111
20610401,21.717
20610402,20.173
20610403,16.257
20610404,16.761
20610405,19.428
20610406,16.921
20610407,21.575
20610408,18.976
20610409,18.698
20610410,13.508
20610411,16.326
20610412,17.418
20610413,18.996
20610414,17.586
20610415,20.553
20610416,23.087
20610417,20.826
20610418,18.328
20610419,17.199
20610420,14.895
20610421,16.025
20610422,18.317
20610423,17.162
20610424,19.298
20610425,19.576
20610426,19.508
20610427,19.578
20610428,18.526
20610429,18.283
20610430,19.443
20610501,13.622
20610502,17.941
20610503,19.702
20610504,19.582
20610505,19.137
20610506,22.245
20610507,20.049
20610508,20.919
20610509,18.308
20610510,17.626
20610511,23.639
20610512,25.677
20610513,26.836
20610514,22.719
20610515,24.433
20610516,25.943
20610517,27.397
20610518,28.276
20610519,25.211
20610520,25.047
20610521,25.593
20610522,22.776
20610523,19.376
20610524,20.404
20610525,21.626
20610526,20.968
20610527,25.291
20610528,24.913
20610529,24.85
20610530,23.601
20610531,25.361
20610601,28.127
20610602,28.087
20610603,29.092
20610604,29.539
20610605,24.831
20610606,27.542
20610607,26.18
20610608,26.738
20610609,29.064
20610610,30.282
20610611,31.632
20610612,32.718
20610613,28.974
20610614,29.007
20610615,25.564
20610616,25.732
20610617,32.068
20610618,27.764
20610619,31.177
20610620,31.985
20610621,23.309
20610622,26.209
20610623,31.314
20610624,31.007
20610625,26.217
20610626,25.534
20610627,27.273
20610628,28.833
20610629,30.073
20610630,32.716
20610701,34.125
20610702,31.217
20610703,25.809
20610704,25.089
20610705,24.043
20610706,25.795
20610707,24.054
20610708,23.969
20610709,27.003
20610710,27.403
20610711,26.91
20610712,26.757
20610713,27.209
20610714,29.524
20610715,31.304
20610716,33.022
20610717,31.178
20610718,25.256
20610719,27.696
20610720,29.175
20610721,29.784
20610722,25.793
20610723,29.801
20610724,29.038
20610725,21.146
20610726,26.076
20610727,34.023
20610728,33.968
20610729,35.793
20610730,32.241
20610731,29.983
20610801,31.213
20610802,30.885
20610803,30.485
20610804,31.789
20610805,33.973
20610806,34.349
20610807,34.483
20610808,33.8
20610809,25.946
20610810,26.275
20610811,27.219
20610812,23.018
20610813,24.812
20610814,29.209
20610815,31.476
20610816,27.95
20610817,29.007
20610818,28.658
20610819,31.39
20610820,32.666
20610821,31.933
20610822,24.911
20610823,27.681
20610824,28.607
20610825,22.58
20610826,24.767
20610827,26.491
20610828,26.054
20610829,24.679
20610830,25.828
20610831,27.728
20610901,19.668
20610902,24.622
20610903,27.565
20610904,24.417
20610905,22.138
20610906,23.154
20610907,24.679
20610908,26.108
20610909,28.113
20610910,23.799
20610911,24.511
20610912,28.708
20610913,28.676
20610914,20.807
20610915,19.039
20610916,22.068
20610917,24.582
20610918,23.567
20610919,25.025
20610920,25.204
20610921,20.391
20610922,19.89
20610923,21.813
20610924,23.275
20610925,22.976
20610926,20.59
20610927,18.504
20610928,21.904
20610929,22.947
20610930,25.261
20611001,23.541
20611002,18.158
20611003,18.411
20611004,18.576
20611005,17.996
20611006,18.191
20611007,18.82
20611008,17.41
20611009,17.039
20611010,14.617
20611011,15.462
20611012,17.292
20611013,17.256
20611014,20.066
20611015,19.158
20611016,19.538
20611017,19.328
20611018,19.512
20611019,20.46
20611020,20.141
20611021,20.207
20611022,21.279
20611023,21.679
20611024,19.266
20611025,18.56
20611026,18.286
20611027,17.73
20611028,19.218
20611029,19.087
20611030,18.525
20611031,18.092
20611101,16.708
20611102,13.889
20611103,14.232
20611104,14.051
20611105,13.227
20611106,14.225
20611107,15.84
20611108,15.614
20611109,16.376
20611110,19.962
20611111,19.383
20611112,20.107
20611113,18.62
20611114,14.896
20611115,16.397
20611116,12.177
20611117,12.334
20611118,15.122
20611119,16.802
20611120,15.217
20611121,16.146
20611122,13.68
20611123,13.041
20611124,12.283
20611125,15.958
20611126,13.898
20611127,15.752
20611128,15.772
20611129,15.056
20611130,15.005
20611201,15.224
20611202,12.493
20611203,11.991
20611204,13.057
20611205,12.788
20611206,8.8797
20611207,7.06
20611208,10.782
20611209,7.3897
20611210,7.1605
20611211,8.1161
20611212,8.2619
20611213,11.543
20611214,10.775
20611215,8.3349
20611216,7.7936
20611217,3.8264
20611218,4.8199
20611219,7.5541
20611220,12.009
20611221,8.6175
20611222,7.4592
20611223,13.466
20611224,8.218
20611225,10.754
20611226,9.0566
20611227,13.888
20611228,13.577
20611229,16.072
20611230,13.648
20611231,15.852
20620101,12.083
20620102,12.935
20620103,12.902
20620104,13.109
20620105,12.768
20620106,8.1351
20620107,5.7835
20620108,8.7278
20620109,10.903
20620110,11.845
20620111,11.841
20620112,13.034
20620113,9.4615
20620114,8.3172
20620115,5.443
20620116,9.4664
20620117,8.7359
20620118,8.4614
20620119,10.112
20620120,10.171
20620121,12.431
20620122,14.895
20620123,14.241
20620124,10.082
20620125,10.581
20620126,8.8024
20620127,8.1018
20620128,9.2507
20620129,8.8128
20620130,10.649
20620131,11.808
20620201,9.9836
20620202,9.3234
20620203,9.6556
20620204,9.3412
20620205,9.374
20620206,13.989
20620207,15.082
20620208,13.522
20620209,9.8491
20620210,10.778
20620211,12.247
20620212,13.551
20620213,12.15
20620214,12.593
20620215,12.305
20620216,12.525
20620217,10.279
20620218,11.59
20620219,11.761
20620220,11.696
20620221,10.984
20620222,15.854
20620223,15.998
20620224,12.528
20620225,15.382
20620226,11.794
20620227,9.6791
20620228,8.6919
20620301,8.4435
20620302,8.9739
20620303,8.5612
20620304,10.871
20620305,10.901
20620306,12.461
20620307,11.199
20620308,11.153
20620309,11.196
20620310,8.2761
20620311,13.004
20620312,10.901
20620313,12
20620314,15.12
20620315,18.603
20620316,20.386
20620317,12.75
20620318,14.874
20620319,17.068
20620320,15.554
20620321,16.028
20620322,18.915
20620323,17.844
20620324,17.262
20620325,19.664
20620326,15.577
20620327,11.727
20620328,13.752
20620329,15.476
20620330,15.284
20620331,18.288
20620401,16.46
20620402,10.352
20620403,13.579
20620404,16.116
20620405,19.033
20620406,15.755
20620407,18.675
20620408,14.789
20620409,14.034
20620410,14.286
20620411,15.313
20620412,17.008
20620413,14.777
20620414,10.691
20620415,14.243
20620416,16.854
20620417,20.54
20620418,22.127
20620419,23.628
20620420,22.7
20620421,20.389
20620422,21.116
20620423,21.176
20620424,20.996
20620425,14.335
20620426,17.692
20620427,18.704
20620428,24.368
20620429,17.534
20620430,17.569
20620501,18.068
20620502,17.238
20620503,21.02
20620504,21.362
20620505,20.121
20620506,26.004
20620507,27.171
20620508,25.859
20620509,26.166
20620510,22.9
20620511,22.899
20620512,21.054
20620513,17.778
20620514,15.286
20620515,17.243
20620516,19.48
20620517,19.173
20620518,22.131
20620519,24.306
20620520,28.873
20620521,28.246
20620522,25.186
20620523,24.689
20620524,26.552
20620525,29.11
20620526,25.009
20620527,23.434
20620528,20.155
20620529,15.425
20620530,19.856
20620531,22.435
20620601,24.215
20620602,24.784
20620603,25.973
20620604,25.044
20620605,22.502
20620606,22.93
20620607,23.98
20620608,26.099
20620609,28.414
20620610,29.957
20620611,29.339
20620612,26.128
20620613,22.429
20620614,25.736
20620615,25.882
20620616,28.372
20620617,27.127
20620618,24.518
20620619,25.538
20620620,25.29
20620621,28.127
20620622,24.285
20620623,22.005
20620624,23.199
20620625,26.668
20620626,29.887
20620627,31.069
20620628,33.058
20620629,31.815
20620630,29.335
20620701,31.43
20620702,31.632
20620703,31.521
20620704,29.047
20620705,25.674
20620706,25.505
20620707,29.089
20620708,27.885
20620709,30.804
20620710,28.127
20620711,29.027
20620712,23.944
20620713,28.195
20620714,27.051
20620715,32.441
20620716,32.556
20620717,31.332
20620718,27.184
20620719,28.411
20620720,30.693
20620721,26.086
20620722,30.377
20620723,28.092
20620724,26.282
20620725,31.986
20620726,35.404
20620727,34.799
20620728,29.269
20620729,25.053
20620730,25.082
20620731,26.924
20620801,29.13
20620802,30.446
20620803,32.81
20620804,33.369
20620805,27.569
20620806,26.857
20620807,33.08
20620808,31.835
20620809,27.343
20620810,29.062
20620811,32.67
20620812,31.966
20620813,34.732
20620814,34.952
20620815,30.28
20620816,33.406
20620817,34.522
20620818,36.416
20620819,34.904
20620820,34.009
20620821,29.71
20620822,23.629
20620823,25.553
20620824,25.192
20620825,25.206
20620826,26.634
20620827,27.84
20620828,31.293
20620829,31.344
20620830,29.998
20620831,23.753
20620901,28.524
20620902,29.216
20620903,26.226
20620904,22.282
20620905,20.67
20620906,23.027
20620907,26.607
20620908,25.231
20620909,24.083
20620910,28.231
20620911,28.912
20620912,30.701
20620913,31.397
20620914,32.307
20620915,31.63
20620916,32.777
20620917,29.287
20620918,29.081
20620919,28.27
20620920,29.418
20620921,29.655
20620922,29.808
20620923,29.399
20620924,28.301
20620925,27.142
20620926,26.767
20620927,24.704
20620928,21.707
20620929,23.695
20620930,22.292
20621001,23.005
20621002,21.409
20621003,20.827
20621004,20.654
20621005,22.448
20621006,21.366
20621007,21.304
20621008,21.893
20621009,22.113
20621010,21.906
20621011,23.151
20621012,22.692
20621013,21.021
20621014,20.428
20621015,19.218
20621016,16.389
20621017,15.395
20621018,16.201
20621019,17.985
20621020,18.75
20621021,21.331
20621022,21.161
20621023,22.824
20621024,24.22
20621025,23.913
20621026,23.29
20621027,20.44
20621028,18.819
20621029,19.552
20621030,19.718
20621031,21.378
20621101,21.188
20621102,17.662
20621103,18.398
20621104,14.951
20621105,13.467
20621106,8.2501
20621107,9.3896
20621108,14.844
20621109,16.439
20621110,14.155
20621111,16.611
20621112,15.422
20621113,14.079
20621114,13.357
20621115,11.345
20621116,14.329
20621117,13.807
20621118,8.8479
20621119,7.6746
20621120,7.4559
20621121,7.6979
20621122,10.743
20621123,11.788
20621124,8.2978
20621125,15.965
20621126,15.668
20621127,16.695
20621128,15.154
20621129,15.909
20621130,14.283
20621201,13.091
20621202,11.561
20621203,9.5046
20621204,14.104
20621205,10.83
20621206,15.324
20621207,10.462
20621208,6.6171
20621209,4.4928
20621210,3.971
20621211,5.66
20621212,2.817
20621213,5.9735
20621214,5.3469
20621215,3.393
20621216,5.4961
20621217,8.3021
20621218,10.973
20621219,8.4432
20621220,7.4768
20621221,6.9644
20621222,7.0688
20621223,7.7392
20621224,10.5
20621225,4.6012
20621226,6.7965
20621227,10.12
20621228,9.9703
20621229,12.177
20621230,12.431
20621231,12.27
20630101,10.731
20630102,12.17
20630103,11.16
20630104,9.8419
20630105,8.5358
20630106,10.504
20630107,12.597
20630108,11.954
20630109,10.761
20630110,10.903
20630111,11.953
20630112,10.28
20630113,11.219
20630114,11.762
20630115,11.838
20630116,10.742
20630117,9.2226
20630118,8.247
20630119,11.438
20630120,8.227
20630121,11.982
20630122,12.745
20630123,13.891
20630124,13.635
20630125,10.841
20630126,10.772
20630127,10.007
20630128,11.093
20630129,11.791
20630130,11.36
20630131,9.1173
20630201,11.118
20630202,6.8052
20630203,9.6678
20630204,9.6347
20630205,10.581
20630206,9.9084
20630207,12.971
20630208,14.757
20630209,15.126
20630210,13.352
20630211,10.705
20630212,11.609
20630213,10.932
20630214,9.7965
20630215,10.673
20630216,10.575
20630217,11.082
20630218,13.266
20630219,16.174
20630220,16.254
20630221,14.883
20630222,12.254
20630223,13.121
20630224,13.305
20630225,12.581
20630226,9.4956
20630227,13.408
20630228,14.801
20630301,14.789
20630302,16.649
20630303,16.09
20630304,17.767
20630305,17.227
20630306,13.666
20630307,15.066
20630308,17.237
20630309,18.584
20630310,17.709
20630311,16.587
20630312,18.516
20630313,21.285
20630314,18.533
20630315,18.032
20630316,15.841
20630317,17.947
20630318,17.673
20630319,19.873
20630320,19.242
20630321,16.885
20630322,20.325
20630323,21.253
20630324,20.279
20630325,20.33
20630326,21.991
20630327,20.285
20630328,14.186
20630329,11.396
20630330,12.557
20630331,14.074
20630401,11.226
20630402,11.221
20630403,13.943
20630404,13.563
20630405,14.096
20630406,13.756
20630407,15.507
20630408,18.279
20630409,18.504
20630410,21.717
20630411,23.455
20630412,26.694
20630413,24.163
20630414,16.931
20630415,16.707
20630416,18.869
20630417,20.008
20630418,20.234
20630419,18.165
20630420,16.803
20630421,13.821
20630422,16.315
20630423,18.762
20630424,22.525
20630425,22.882
20630426,24.257
20630427,25.737
20630428,27.514
20630429,23.382
20630430,21.425
20630501,20.59
20630502,18.414
20630503,21.67
20630504,24.437
20630505,25.574
20630506,25.04
20630507,18.176
20630508,19.746
20630509,21.475
20630510,25.687
20630511,25.984
20630512,20.871
20630513,21.072
20630514,16.951
20630515,21.043
20630516,23.04
20630517,24.925
20630518,24.949
20630519,24.373
20630520,16.226
20630521,19.663
20630522,19.37
20630523,22.208
20630524,22.354
20630525,19.939
20630526,19.941
20630527,22.233
20630528,23.132
20630529,23.865
20630530,24.492
20630531,25.599
20630601,27.754
20630602,28.429
20630603,23.668
20630604,21.565
20630605,24.898
20630606,24.375
20630607,22.652
20630608,23.187
20630609,21.7
20630610,22.815
20630611,23.355
20630612,22.594
20630613,23.104
20630614,22.73
20630615,23.041
20630616,22.401
20630617,22.525
20630618,22.044
20630619,21.486
20630620,21.378
20630621,24.926
20630622,24.912
20630623,25.363
20630624,25.844
20630625,26.284
20630626,23.883
20630627,26.823
20630628,28.074
20630629,30.843
20630630,31.116
20630701,29.703
20630702,29.494
20630703,33.384
20630704,35.498
20630705,31.334
20630706,27.914
20630707,27.917
20630708,32.008
20630709,34.772
20630710,32.361
20630711,28.107
20630712,27.721
20630713,28.032
20630714,27.73
20630715,28.341
20630716,31.496
20630717,28.308
20630718,26.78
20630719,24.852
20630720,28.501
20630721,29.532
20630722,32.084
20630723,36.085
20630724,34.782
20630725,33.29
20630726,36.245
20630727,37.182
20630728,33.281
20630729,35.09
20630730,38.175
20630731,38.96
20630801,41.071
20630802,42.099
20630803,40.477
20630804,41.757
20630805,42.381
20630806,37.622
20630807,35.887
20630808,39.12
20630809,40.14
20630810,41.528
20630811,40.471
20630812,36.023
20630813,34.59
20630814,35.156
20630815,35.494
20630816,35.606
20630817,35.815
20630818,34.763
20630819,33.86
20630820,33.513
20630821,34.65
20630822,35.238
20630823,35.379
20630824,35.035
20630825,32.078
20630826,34.032
20630827,34.782
20630828,34.955
20630829,34.916
20630830,36.376
20630831,36.619
20630901,36.176
20630902,35.965
20630903,27.096
20630904,24.547
20630905,28.041
20630906,31.055
20630907,24.541
20630908,26.56
20630909,27.782
20630910,28.331
20630911,28.502
20630912,30.276
20630913,28.02
20630914,23.353
20630915,26.185
20630916,17.299
20630917,22.163
20630918,25.44
20630919,27.653
20630920,26.257
20630921,28.027
20630922,23.233
20630923,27.951
20630924,29.741
20630925,28.109
20630926,31.692
20630927,31.938
20630928,28.91
20630929,28.769
20630930,30.964
20631001,27.937
20631002,25.34
20631003,23.825
20631004,19.426
20631005,18.378
20631006,21.025
20631007,19.165
20631008,22.006
20631009,24.903
20631010,25.369
20631011,24.244
20631012,23.304
20631013,22.533
20631014,23.041
20631015,21.68
20631016,21.704
20631017,19.401
20631018,17.915
20631019,17.699
20631020,18.849
20631021,17.315
20631022,17.815
20631023,18.42
20631024,16.216
20631025,15.497
20631026,14.971
20631027,14.882
20631028,14.931
20631029,14.975
20631030,13.975
20631031,18.227
20631101,20.87
20631102,20.079
20631103,14.725
20631104,11.971
20631105,11.379
20631106,11.397
20631107,8.6554
20631108,11.662
20631109,13.988
20631110,13.616
20631111,13.046
20631112,14.676
20631113,13.901
20631114,11.688
20631115,14.519
20631116,12.971
20631117,13.971
20631118,14.998
20631119,14.741
20631120,13.279
20631121,12.399
20631122,11.398
20631123,13.58
20631124,11.694
20631125,7.7691
20631126,7.436
20631127,8.0988
20631128,13.183
20631129,13.998
20631130,15.48
20631201,15.968
20631202,14.522
20631203,14.898
20631204,14.251
20631205,14.407
20631206,13.571
20631207,13.413
20631208,13.262
20631209,14.444
20631210,15.354
20631211,15.869
20631212,14.787
20631213,14.046
20631214,13.15
20631215,12.116
20631216,11.591
20631217,10.208
20631218,9.6235
20631219,9.2327
20631220,10.991
20631221,11.51
20631222,10.889
20631223,11.232
20631224,10.065
20631225,11.063
20631226,11.25
20631227,11.857
20631228,13.695
20631229,12.86
20631230,11.933
20631231,11.308
20640101,12.504
20640102,9.9211
20640103,14.6
20640104,13.679
20640105,10.497
20640106,9.7925
20640107,10.052
20640108,12.036
20640109,11.006
20640110,12.643
20640111,10.835
20640112,12.798
20640113,12.219
20640114,11.947
20640115,10.998
20640116,8.8185
20640117,8.5322
20640118,8.9668
20640119,10.818
20640120,7.9231
20640121,12.619
20640122,10.081
20640123,9.9559
20640124,8.8521
20640125,9.8038
20640126,8.5942
20640127,13.698
20640128,14.99
20640129,12.526
20640130,12.45
20640131,12.453
20640201,12.831
20640202,10.686
20640203,8.7351
20640204,7.9686
20640205,9.5009
20640206,9.2046
20640207,8.2247
20640208,6.9137
20640209,8.7712
20640210,7.2866
20640211,13.573
20640212,11.884
20640213,13.319
20640214,12.67
20640215,11.235
20640216,8.0933
20640217,6.6814
20640218,10.633
20640219,12.535
20640220,12.674
20640221,12.063
20640222,10.457
20640223,14.951
20640224,14.165
20640225,18.361
20640226,14.597
20640227,13.327
20640228,13.123
20640229,15.846
20640301,15.634
20640302,10.617
20640303,8.6596
20640304,14.546
20640305,14.23
20640306,16.754
20640307,19.427
20640308,14.989
20640309,14.706
20640310,19.684
20640311,15.912
20640312,16.795
20640313,13.603
20640314,14.68
20640315,12.818
20640316,13.573
20640317,15.153
20640318,15.109
20640319,10.423
20640320,11.608
20640321,11.362
20640322,13.433
20640323,13.948
20640324,14.692
20640325,15.553
20640326,17.086
20640327,13.183
20640328,16.32
20640329,12.884
20640330,15.066
20640331,15.896
20640401,15.607
20640402,14.28
20640403,17.779
20640404,21.013
20640405,16.882
20640406,16.231
20640407,16.853
20640408,10.716
20640409,13.598
20640410,17.557
20640411,18.585
20640412,16.776
20640413,15.519
20640414,18.036
20640415,19.515
20640416,19.609
20640417,18.848
20640418,20.171
20640419,18.201
20640420,15.581
20640421,15.807
20640422,18.447
20640423,19.662
20640424,18.79
20640425,16.849
20640426,16.038
20640427,14.646
20640428,16.932
20640429,18.547
20640430,19.886
20640501,18.218
20640502,18.77
20640503,23.349
20640504,26.438
20640505,22.68
20640506,23.128
20640507,16.088
20640508,16.824
20640509,19.593
20640510,21.762
20640511,17.916
20640512,18.09
20640513,22.285
20640514,18.789
20640515,18.597
20640516,18.302
20640517,16.483
20640518,18.67
20640519,19.025
20640520,19.571
20640521,22.388
20640522,23.118
20640523,19.244
20640524,25.275
20640525,23.91
20640526,25.411
20640527,21.67
20640528,23.952
20640529,24.756
20640530,20.698
20640531,24.904
20640601,27.738
20640602,29.376
20640603,30.815
20640604,20.7
20640605,20.509
20640606,25.861
20640607,24.54
20640608,24.666
20640609,27.481
20640610,27.698
20640611,29.756
20640612,26.154
20640613,21.762
20640614,24.814
20640615,23.43
20640616,22.917
20640617,21.265
20640618,27.094
20640619,30.095
20640620,29.23
20640621,26.088
20640622,25.763
20640623,26.632
20640624,25.107
20640625,24.013
20640626,23.801
20640627,25.367
20640628,25.691
20640629,28.153
20640630,28.194
20640701,27.723
20640702,26.277
20640703,26.796
20640704,27.772
20640705,30.372
20640706,30.112
20640707,29.269
20640708,30.64
20640709,31.267
20640710,31.666
20640711,30.291
20640712,28.115
20640713,26.782
20640714,26.694
20640715,30.268
20640716,27.113
20640717,27.668
20640718,30.938
20640719,34.009
20640720,31.188
20640721,23.242
20640722,23.567
20640723,27.864
20640724,25.205
20640725,25.558
20640726,28.472
20640727,28.819
20640728,29.878
20640729,32.222
20640730,24.873
20640731,25.586
20640801,22.72
20640802,26.111
20640803,26.546
20640804,28.306
20640805,29.874
20640806,29.689
20640807,28.521
20640808,31.628
20640809,33.673
20640810,29.733
20640811,29.674
20640812,29.338
20640813,31.081
20640814,31.035
20640815,31.536
20640816,26.923
20640817,25.927
20640818,26.432
20640819,26.817
20640820,28.483
20640821,27.236
20640822,26.058
20640823,25.626
20640824,27.316
20640825,29.216
20640826,28.302
20640827,29.611
20640828,31.08
20640829,33.195
20640830,34.238
20640831,34.165
20640901,32.704
20640902,29.233
20640903,30.667
20640904,32.331
20640905,32.233
20640906,31.186
20640907,31.316
20640908,28.948
20640909,23.202
20640910,21.153
20640911,20.989
20640912,22.316
20640913,21.756
20640914,20.08
20640915,24.062
20640916,24.096
20640917,23.442
20640918,23.777
20640919,25.745
20640920,22.346
20640921,20.757
20640922,21.918
20640923,23.506
20640924,24.742
20640925,23.465
20640926,23.146
20640927,19.33
20640928,19.542
20640929,20.501
20640930,21.475
20641001,21.516
20641002,20.939
20641003,18.712
20641004,23.1
20641005,23.554
20641006,21.37
20641007,22.775
20641008,22.683
20641009,22.892
20641010,22.691
20641011,21.493
20641012,19.555
20641013,16.071
20641014,16.625
20641015,17.191
20641016,14.039
20641017,16.043
20641018,16.216
20641019,16.345
20641020,19.041
20641021,19.739
20641022,16.33
20641023,17.694
20641024,14.818
20641025,16.647
20641026,18.651
20641027,18.412
20641028,17.967
20641029,18.837
20641030,20.097
20641031,22.089
20641101,17.65
20641102,13.848
20641103,15.365
20641104,18.584
20641105,19.081
20641106,14.887
20641107,14.819
20641108,16.541
20641109,11.674
20641110,12.731
20641111,10.483
20641112,10.258
20641113,12.342
20641114,14.793
20641115,15.031
20641116,15.439
20641117,15.124
20641118,13.996
20641119,12.651
20641120,11.673
20641121,11.06
20641122,12.796
20641123,14.389
20641124,12.027
20641125,9.7793
20641126,10.182
20641127,9.5671
20641128,10.043
20641129,9.6059
20641130,10.38
20641201,6.3585
20641202,9.9361
20641203,6.7243
20641204,10.222
20641205,7.5391
20641206,7.8953
20641207,10.711
20641208,10.91
20641209,10.799
20641210,11.279
20641211,13.074
20641212,14.613
20641213,12.702
20641214,12.303
20641215,11.681
20641216,8.8
20641217,6.3229
20641218,8.7507
20641219,5.8272
20641220,9.3038
20641221,12.718
20641222,10.08
20641223,7.6637
20641224,12.997
20641225,13.77
20641226,9.7921
20641227,10.787
20641228,7.9109
20641229,11.157
20641230,13.148
20641231,9.8136
20650101,13.122
20650102,7.1758
20650103,12.329
20650104,15.268
20650105,14.207
20650106,12.218
20650107,15.563
20650108,13.322
20650109,13.343
20650110,5.9511
20650111,7.7823
20650112,7.2369
20650113,7.3922
20650114,8.1877
20650115,9.8718
20650116,10.199
20650117,10.577
20650118,10.307
20650119,11.649
20650120,12.628
20650121,13.031
20650122,13.217
20650123,17.403
20650124,12.962
20650125,12.61
20650126,15.77
20650127,16.639
20650128,15.958
20650129,13.608
20650130,8.8645
20650131,12.409
20650201,10.461
20650202,10.135
20650203,11.002
20650204,11.343
20650205,13.023
20650206,13.289
20650207,13.455
20650208,14.938
20650209,14.07
20650210,12.147
20650211,12.551
20650212,10.38
20650213,11.74
20650214,12.295
20650215,11.59
20650216,10.9
20650217,10.591
20650218,13.389
20650219,12.142
20650220,14.105
20650221,14.569
20650222,14.251
20650223,15.55
20650224,14.817
20650225,13.906
20650226,13.513
20650227,13.059
20650228,11.282
20650301,13.197
20650302,14.575
20650303,15.137
20650304,14.05
20650305,15.003
20650306,16.568
20650307,15.999
20650308,15.84
20650309,16.056
20650310,15.863
20650311,17.477
20650312,18.822
20650313,18.94
20650314,17.15
20650315,19.677
20650316,14.087
20650317,14.421
20650318,15.801
20650319,20.867
20650320,23.399
20650321,18.045
20650322,18.01
20650323,16.318
20650324,15.445
20650325,18.677
20650326,20.264
20650327,16.396
20650328,18.239
20650329,23.017
20650330,26.293
20650331,24.697
20650401,22.672
20650402,25.584
20650403,19.841
20650404,19.931
20650405,21.735
20650406,23.176
20650407,17.624
20650408,14.23
20650409,14.89
20650410,16.404
20650411,8.8199
20650412,14.314
20650413,16.712
20650414,17.279
20650415,16.22
20650416,15.544
20650417,17.409
20650418,13.765
20650419,16.079
20650420,17.392
20650421,17.999
20650422,18.556
20650423,15.752
20650424,15.985
20650425,19.002
20650426,20.269
20650427,18.064
20650428,18.363
20650429,19.318
20650430,22.747
20650501,22.617
20650502,22.769
20650503,23.765
20650504,19.615
20650505,22.555
20650506,22.331
20650507,20.627
20650508,17.61
20650509,14.162
20650510,16.753
20650511,17.625
20650512,18.831
20650513,19.933
20650514,19.734
20650515,19.363
20650516,16.805
20650517,18.707
20650518,21.418
20650519,21.969
20650520,22.838
20650521,24.751
20650522,22.709
20650523,22.554
20650524,22.27
20650525,24.025
20650526,25.667
20650527,23.503
20650528,22.71
20650529,17.315
20650530,17.827
20650531,20.034
20650601,19.642
20650602,21.014
20650603,20.131
20650604,20.985
20650605,23.456
20650606,26.476
20650607,27.958
20650608,29.116
20650609,28.081
20650610,26.192
20650611,24.619
20650612,27.988
20650613,28.93
20650614,28.489
20650615,27.636
20650616,28.411
20650617,23.542
20650618,22.57
20650619,22.158
20650620,24.095
20650621,25.466
20650622,30.114
20650623,29.986
20650624,30.443
20650625,28.469
20650626,28.693
20650627,27.56
20650628,28.966
20650629,26.586
20650630,28.356
20650701,31.734
20650702,31.371
20650703,33.061
20650704,31.407
20650705,33.033
20650706,34.455
20650707,33.056
20650708,33.177
20650709,34.611
20650710,32.274
20650711,33.07
20650712,28.397
20650713,28.445
20650714,29.864
20650715,31.837
20650716,31.295
20650717,30.923
20650718,34.045
20650719,37.462
20650720,36.883
20650721,32.754
20650722,33.942
20650723,35.43
20650724,33.029
20650725,29.526
20650726,32.52
20650727,34.24
20650728,32.842
20650729,35.544
20650730,33.976
20650731,36.897
20650801,34.362
20650802,35.332
20650803,35.911
20650804,36.544
20650805,37.961
20650806,38.322
20650807,36.306
20650808,29.723
20650809,30.4
20650810,33.153
20650811,35.437
20650812,36.709
20650813,34.309
20650814,34.289
20650815,36.194
20650816,38.014
20650817,32.624
20650818,33.588
20650819,36.048
20650820,35.734
20650821,35.759
20650822,35.954
20650823,35.292
20650824,34.805
20650825,33.152
20650826,28.935
20650827,34.74
20650828,36.029
20650829,37.059
20650830,35.505
20650831,28.926
20650901,30.214
20650902,33.897
20650903,30.933
20650904,32.37
20650905,32.532
20650906,33.309
20650907,34.804
20650908,34.583
20650909,31.996
20650910,33.376
20650911,31.721
20650912,30.362
20650913,30.176
20650914,26.052
20650915,28.377
20650916,30.117
20650917,29.582
20650918,27.286
20650919,26.545
20650920,24.808
20650921,27.82
20650922,30.058
20650923,31.374
20650924,28.759
20650925,23.583
20650926,22.532
20650927,27.647
20650928,28.268
20650929,27.066
20650930,28.075
20651001,23.749
20651002,21.539
20651003,24.292
20651004,23.909
20651005,23.547
20651006,22.176
20651007,22.761
20651008,24.645
20651009,26.615
20651010,23.062
20651011,23.907
20651012,26.946
20651013,23.414
20651014,21.083
20651015,21.384
20651016,20.541
20651017,20.077
20651018,16.471
20651019,20.025
20651020,18.219
20651021,19.609
20651022,20.55
20651023,19.534
20651024,19.468
20651025,22.285
20651026,19.583
20651027,19.057
20651028,19.953
20651029,19.311
20651030,17.803
20651031,16.806
20651101,16.05
20651102,15.591
20651103,12.1
20651104,12.813
20651105,13.449
20651106,12.563
20651107,12.077
20651108,10.999
20651109,13.108
20651110,12.329
20651111,15.903
20651112,12.608
20651113,13.849
20651114,11.132
20651115,12.737
20651116,13.355
20651117,11.725
20651118,15.287
20651119,11.433
20651120,10.112
20651121,9.7104
20651122,8.1931
20651123,14.03
20651124,10.086
20651125,9.1057
20651126,9.7812
20651127,11.291
20651128,7.5114
20651129,8.6671
20651130,8.2819
20651201,11.017
20651202,8.1027
20651203,12.376
20651204,12.593
20651205,11.451
20651206,11.285
20651207,10.514
20651208,10.692
20651209,11.703
20651210,13.453
20651211,13.837
20651212,13.459
20651213,12.77
20651214,12.958
20651215,12.077
20651216,9.3389
20651217,7.0927
20651218,8.4675
20651219,9.5662
20651220,9.1271
20651221,9.6653
20651222,5.1997
20651223,5.967
20651224,4.4741
20651225,5.8065
20651226,9.7219
20651227,10.557
20651228,7.6447
20651229,4.7795
20651230,3.0033
20651231,2.7272
20660101,3.1166
20660102,2.6236
20660103,1.6111
20660104,0.48091
20660105,2.6071
20660106,3.3498
20660107,4.2569
20660108,4.6348
20660109,3.5283
20660110,8.1169
20660111,9.5376
20660112,9.0102
20660113,10.556
20660114,9.7962
20660115,8.7025
20660116,9.9427
20660117,7.8251
20660118,12.486
20660119,10.422
20660120,13.599
20660121,8.6674
20660122,9.9575
20660123,10.796
20660124,8.0191
20660125,10.73
20660126,10.832
20660127,11.761
20660128,11.555
20660129,10.555
20660130,8.0491
20660131,10.121
20660201,9.1421
20660202,7.8311
20660203,9.4172
20660204,9.847
20660205,10.61
20660206,11.684
20660207,13.642
20660208,11.531
20660209,12.579
20660210,13.639
20660211,10.531
20660212,11.342
20660213,9.6959
20660214,10.45
20660215,9.4037
20660216,9.0373
20660217,8.4269
20660218,7.5501
20660219,10.185
20660220,5.3348
20660221,6.9991
20660222,10.308
20660223,11.501
20660224,12.009
20660225,12.675
20660226,14.114
20660227,14.775
20660228,16.271
20660301,16.792
20660302,17.372
20660303,17.231
20660304,16.682
20660305,15.999
20660306,16.102
20660307,14.042
20660308,13.349
20660309,12.968
20660310,14.423
20660311,13.462
20660312,13.497
20660313,15.305
20660314,15.697
20660315,17.484
20660316,14.091
20660317,15.59
20660318,19.101
20660319,17.855
20660320,18.374
20660321,13.422
20660322,12.235
20660323,14.255
20660324,16.176
20660325,17.902
20660326,19.027
20660327,19.488
20660328,20.231
20660329,17.3
20660330,12.762
20660331,13.673
20660401,14.61
20660402,14.025
20660403,15.19
20660404,17.088
20660405,16.735
20660406,19.693
20660407,18.951
20660408,21.757
20660409,21.551
20660410,17.16
20660411,16.302
20660412,16.156
20660413,14.618
20660414,19.408
20660415,19.281
20660416,17.089
20660417,18.318
20660418,17.373
20660419,17.807
20660420,16.626
20660421,14.597
20660422,18.265
20660423,16.144
20660424,18.335
20660425,20.136
20660426,22.574
20660427,20.447
20660428,20.189
20660429,18.435
20660430,20.721
20660501,23.091
20660502,23.765
20660503,24.591
20660504,23.365
20660505,23.783
20660506,23.922
20660507,19.408
20660508,21.562
20660509,21.004
20660510,22.482
20660511,20.711
20660512,21.084
20660513,17.924
20660514,19.847
20660515,23.306
20660516,25.88
20660517,21.646
20660518,21.185
20660519,21.232
20660520,20.077
20660521,22.757
20660522,21.694
20660523,21.868
20660524,21.116
20660525,18.494
20660526,17.464
20660527,19.586
20660528,21.056
20660529,25.945
20660530,26.306
20660531,24.869
20660601,25.254
20660602,27.737
20660603,29.458
20660604,25.2
20660605,22.753
20660606,24.733
20660607,30.904
20660608,28.356
20660609,26.054
20660610,28.37
20660611,31.45
20660612,26.364
20660613,28.969
20660614,24.652
20660615,25.268
20660616,27.101
20660617,28.838
20660618,31.164
20660619,29.286
20660620,31.915
20660621,29.151
20660622,24.08
20660623,28.992
20660624,28.113
20660625,29.162
20660626,31.516
20660627,31.074
20660628,31.251
20660629,29.506
20660630,28.538
20660701,30.386
20660702,27.941
20660703,29.26
20660704,31.02
20660705,26.811
20660706,30.379
20660707,29.094
20660708,29.025
20660709,27.733
20660710,31.561
20660711,29.572
20660712,31.325
20660713,30.915
20660714,30.911
20660715,26.806
20660716,32.171
20660717,30.412
20660718,31.344
20660719,34.099
20660720,34.293
20660721,32.695
20660722,34.041
20660723,29.358
20660724,34.423
20660725,36.906
20660726,32.19
20660727,33.952
20660728,32.707
20660729,33.537
20660730,30.888
20660731,31.664
20660801,33.071
20660802,29.348
20660803,29.559
20660804,30.774
20660805,23.565
20660806,29.835
20660807,33.689
20660808,34.318
20660809,34.874
20660810,35.439
20660811,29.987
20660812,28.413
20660813,28.079
20660814,26.709
20660815,28.396
20660816,32.436
20660817,31.685
20660818,34.024
20660819,33.576
20660820,34.471
20660821,33.741
20660822,31.896
20660823,32.576
20660824,34.268
20660825,35.682
20660826,32.029
20660827,30.846
20660828,34.003
20660829,33.438
20660830,26.688
20660831,23.072
20660901,25.293
20660902,25.131
20660903,22.791
20660904,29.645
20660905,26.75
20660906,32.896
20660907,34.73
20660908,33.701
20660909,30.517
20660910,29.924
20660911,29.615
20660912,26.319
20660913,26.703
20660914,27.393
20660915,28.277
20660916,24.13
20660917,25.153
20660918,30.002
20660919,30.777
20660920,27.434
20660921,23.709
20660922,28.091
20660923,22.795
20660924,22.222
20660925,24.423
20660926,25.022
20660927,25.471
20660928,26.416
20660929,25.77
20660930,23.192
20661001,18.998
20661002,18.692
20661003,20.118
20661004,20.765
20661005,18.307
20661006,17.796
20661007,17.589
20661008,21.879
20661009,20.993
20661010,21.946
20661011,22.228
20661012,21.713
20661013,19.703
20661014,17.066
20661015,18.106
20661016,20.367
20661017,20.579
20661018,22.367
20661019,22.642
20661020,22.962
20661021,23.301
20661022,21.456
20661023,19.104
20661024,18.733
20661025,18.549
20661026,17.605
20661027,17.199
20661028,19.096
20661029,19.856
20661030,18.84
20661031,16.53
20661101,17.888
20661102,16.507
20661103,18.009
20661104,16.719
20661105,16.708
20661106,18.012
20661107,14.648
20661108,14.292
20661109,17.214
20661110,13.987
20661111,16.14
20661112,18.806
20661113,18.46
20661114,18.727
20661115,17.887
20661116,17.036
20661117,15.254
20661118,16.082
20661119,17.123
20661120,16.182
20661121,15.777
20661122,16.441
20661123,16.376
20661124,14.987
20661125,15.787
20661126,13.941
20661127,16.138
20661128,11.86
20661129,9.006
20661130,6.9618
20661201,9.1537
20661202,7.5224
20661203,8.1735
20661204,9.5094
20661205,8.0554
20661206,6.8869
20661207,5.9736
20661208,5.5952
20661209,9.782
20661210,9.0919
20661211,9.2528
20661212,7.4696
20661213,8.0799
20661214,6.6258
20661215,4.3629
20661216,5.7451
20661217,5.37
20661218,4.2426
20661219,4.1295
20661220,6.2311
20661221,6.9873
20661222,8.1916
20661223,7.963
20661224,7.2739
20661225,7.6164
20661226,8.7032
20661227,9.3187
20661228,9.7056
20661229,8.018
20661230,10.512
20661231,11.518
20670101,8.8773
20670102,9.4694
20670103,12.561
20670104,11.127
20670105,9.1227
20670106,10.307
20670107,10.783
20670108,11.554
20670109,11.688
20670110,11.106
20670111,8.8162
20670112,8.2244
20670113,9.5847
20670114,4.7737
20670115,3.9155
20670116,2.91
20670117,-2.4691
20670118,3.1941
20670119,4.2777
20670120,7.781
20670121,8.8011
20670122,11.733
20670123,12.769
20670124,13.106
20670125,12.426
20670126,12.968
20670127,13.35
20670128,12.104
20670129,11.098
20670130,12.77
20670131,12.663
20670201,12.061
20670202,13.054
20670203,13.536
20670204,14.64
20670205,14.74
20670206,13.57
20670207,13.202
20670208,13.178
20670209,13.94
20670210,13.336
20670211,12.474
20670212,11.133
20670213,11.426
20670214,11.88
20670215,13.225
20670216,13.859
20670217,15.513
20670218,14.493
20670219,14.237
20670220,12.891
20670221,15.172
20670222,16.781
20670223,14.488
20670224,12.387
20670225,15.53
20670226,15.832
20670227,18.456
20670228,18.856
20670301,20.614
20670302,19.748
20670303,11.878
20670304,9.5696
20670305,9.9319
20670306,12.587
20670307,15.848
20670308,18.027
20670309,17.996
20670310,13.944
20670311,15.253
20670312,16.049
20670313,15.209
20670314,14.724
20670315,14.837
20670316,16.373
20670317,15.909
20670318,11.045
20670319,13.625
20670320,12.891
20670321,12.902
20670322,11.359
20670323,11.402
20670324,14.794
20670325,17.221
20670326,18.573
20670327,18.145
20670328,16.575
20670329,16.498
20670330,16.871
20670331,15.361
20670401,17.284
20670402,14.964
20670403,16.468
20670404,17.754
20670405,17.46
20670406,18.684
20670407,19.054
20670408,16.076
20670409,14.088
20670410,17.444
20670411,15.895
20670412,16.203
20670413,16.886
20670414,18.558
20670415,15.099
20670416,14.902
20670417,14.174
20670418,16.086
20670419,14.626
20670420,15.423
20670421,19.777
20670422,20.69
20670423,16.542
20670424,17.657
20670425,21.106
20670426,20.09
20670427,20.551
20670428,23.617
20670429,26.074
20670430,24.496
20670501,23.909
20670502,25.485
20670503,22.117
20670504,21.836
20670505,23.889
20670506,24.398
20670507,25.738
20670508,22.625
20670509,21.169
20670510,20.986
20670511,20.125
20670512,17.644
20670513,20.432
20670514,23.743
20670515,22.204
20670516,21.55
20670517,23.584
20670518,24.871
20670519,17.863
20670520,22.035
20670521,26.113
20670522,28.608
20670523,28.118
20670524,26.772
20670525,26.03
20670526,27.111
20670527,27.098
20670528,24.319
20670529,26.575
20670530,27.058
20670531,26.597
20670601,25.304
20670602,23.271
20670603,23.186
20670604,22.599
20670605,21.016
20670606,20.858
20670607,23.108
20670608,25.129
20670609,26.938
20670610,27.994
20670611,25.731
20670612,24.242
20670613,25.815
20670614,28.833
20670615,28.327
20670616,28.215
20670617,23.308
20670618,24.584
20670619,22.412
20670620,26.008
20670621,25.965
20670622,24.547
20670623,26.394
20670624,27.446
20670625,30.486
20670626,32.437
20670627,30.288
20670628,31.972
20670629,29.749
20670630,32.403
20670701,34.386
20670702,34.925
20670703,35.25
20670704,33.59
20670705,32.139
20670706,33.201
20670707,33.131
20670708,34.412
20670709,34.722
20670710,34.958
20670711,32.93
20670712,32.003
20670713,34.008
20670714,35.425
20670715,36.457
20670716,29.504
20670717,30.342
20670718,28.067
20670719,30.144
20670720,31.039
20670721,34.131
20670722,34.787
20670723,35.065
20670724,37.082
20670725,33.95
20670726,30.319
20670727,31.939
20670728,28.093
20670729,30.224
20670730,35.138
20670731,35.7
20670801,35.724
20670802,34.864
20670803,32.38
20670804,29.283
20670805,28.333
20670806,29.15
20670807,32.303
20670808,30.571
20670809,31.689
20670810,31.279
20670811,26.498
20670812,28.487
20670813,32.198
20670814,33.617
20670815,32.626
20670816,26.337
20670817,25.825
20670818,31.245
20670819,32.436
20670820,34.366
20670821,34.085
20670822,31.871
20670823,35.577
20670824,34.744
20670825,37.443
20670826,33.866
20670827,33.526
20670828,33.319
20670829,27.888
20670830,29.72
20670831,31.694
20670901,30.485
20670902,28.596
20670903,27.663
20670904,26.784
20670905,24.315
20670906,23.234
20670907,24.896
20670908,27.222
20670909,28.542
20670910,27.814
20670911,27.865
20670912,27.589
20670913,28.857
20670914,22.166
20670915,22.487
20670916,26.488
20670917,28.189
20670918,29.272
20670919,27.376
20670920,26.354
20670921,28.409
20670922,29.586
20670923,28.912
20670924,30.187
20670925,29.175
20670926,29.281
20670927,28.399
20670928,28.16
20670929,25.723
20670930,19.227
20671001,19.716
20671002,18.619
20671003,19.14
20671004,19.676
20671005,18.324
20671006,19.344
20671007,21.365
20671008,21.233
20671009,21.326
20671010,18.851
20671011,18.688
20671012,16.686
20671013,17.431
20671014,15.716
20671015,15.541
20671016,16.058
20671017,16.671
20671018,16.497
20671019,16.536
20671020,15.762
20671021,17.921
20671022,17.921
20671023,14.901
20671024,14.813
20671025,15.286
20671026,17.522
20671027,16.688
20671028,14.902
20671029,15.986
20671030,16.358
20671031,17.139
20671101,16.595
20671102,17.776
20671103,13.827
20671104,15.586
20671105,15.619
20671106,15.571
20671107,16.309
20671108,15.198
20671109,14.278
20671110,15.724
20671111,15.097
20671112,16.479
20671113,13.254
20671114,12.719
20671115,12.192
20671116,13.854
20671117,13.303
20671118,15.011
20671119,17.659
20671120,14.841
20671121,12.914
20671122,13.343
20671123,14.386
20671124,14.318
20671125,14.83
20671126,13.038
20671127,5.7778
20671128,6.8021
20671129,5.633
20671130,6.1659
20671201,6.0459
20671202,6.5484
20671203,9.3654
20671204,9.435
20671205,11.912
20671206,12.182
20671207,11.045
20671208,13.064
20671209,13.832
20671210,12.746
20671211,13.801
20671212,13.155
20671213,9.467
20671214,9.483
20671215,10.279
20671216,11.313
20671217,11.303
20671218,11.665
20671219,11.143
20671220,10.08
20671221,12.233
20671222,12.973
20671223,10.185
20671224,10.136
20671225,10.497
20671226,7.6948
20671227,3.9467
20671228,3.9787
20671229,4.0202
20671230,5.3291
20671231,6.2358
20680101,4.3311
20680102,7.6882
20680103,6.349
20680104,8.6812
20680105,9.2648
20680106,9.6734
20680107,9.358
20680108,9.726
20680109,9.9675
20680110,8.8015
20680111,9.8585
20680112,10.96
20680113,9.8833
20680114,12.444
20680115,10.242
20680116,9.9469
20680117,11.532
20680118,12.089
20680119,12.567
20680120,10.588
20680121,13.474
20680122,13.594
20680123,11.889
20680124,11.545
20680125,11.734
20680126,9.3763
20680127,6.9931
20680128,7.5566
20680129,9.0593
20680130,7.8364
20680131,10.006
20680201,7.7796
20680202,10.469
20680203,10.522
20680204,12.015
20680205,14.822
20680206,12.704
20680207,12.848
20680208,13.067
20680209,8.7595
20680210,11.346
20680211,14.465
20680212,17.39
20680213,17.74
20680214,15.292
20680215,15.636
20680216,12.501
20680217,13.033
20680218,11.752
20680219,11.311
20680220,11.192
20680221,10.878
20680222,10.888
20680223,10.44
20680224,10.802
20680225,13.266
20680226,13.882
20680227,17.63
20680228,20.411
20680229,20.373
20680301,19.138
20680302,19.429
20680303,18.966
20680304,15.499
20680305,16.752
20680306,16.014
20680307,17.183
20680308,16.978
20680309,14.573
20680310,15.514
20680311,14.179
20680312,14.596
20680313,16.051
20680314,15.323
20680315,15.924
20680316,17.441
20680317,12.797
20680318,16.367
20680319,12.757
20680320,19.368
20680321,18.059
20680322,19.902
20680323,16.912
20680324,17.809
20680325,16.935
20680326,17.99
20680327,18.463
20680328,16.733
20680329,17.13
20680330,17.239
20680331,14.345
20680401,16.663
20680402,18.044
20680403,17.07
20680404,18.466
20680405,17.223
20680406,14.317
20680407,12.174
20680408,18.655
20680409,19.368
20680410,18.264
20680411,17.918
20680412,19.201
20680413,20.4
20680414,17.65
20680415,16.754
20680416,17.096
20680417,15.014
20680418,17.149
20680419,19.094
20680420,18.883
20680421,21.235
20680422,22.427
20680423,21.876
20680424,22.236
20680425,21.653
20680426,24.161
20680427,19.216
20680428,20.187
20680429,19.041
20680430,23.898
20680501,25.728
20680502,25.147
20680503,24.508
20680504,24.721
20680505,22.473
20680506,22.235
20680507,23.649
20680508,23.712
20680509,24.447
20680510,25.647
20680511,27.242
20680512,28.745
20680513,29.534
20680514,30.141
20680515,24.075
20680516,19.82
20680517,21.538
20680518,21.721
20680519,22.759
20680520,16.304
20680521,20.657
20680522,21.94
20680523,22.806
20680524,22.626
20680525,16.514
20680526,22.832
20680527,25.834
20680528,22.567
20680529,20.596
20680530,24.405
20680531,26.026
20680601,22.023
20680602,22.399
20680603,23.196
20680604,24.753
20680605,22.69
20680606,22.673
20680607,25.087
20680608,20.38
20680609,20.674
20680610,22.304
20680611,22.478
20680612,28.117
20680613,25.523
20680614,23.672
20680615,23.939
20680616,26.092
20680617,28.241
20680618,25.185
20680619,28.889
20680620,29.205
20680621,27.485
20680622,26.36
20680623,24.459
20680624,26.465
20680625,25.384
20680626,23.872
20680627,22.291
20680628,26.671
20680629,19.95
20680630,26.121
20680701,26.205
20680702,27.391
20680703,24.974
20680704,25.413
20680705,26.321
20680706,28.365
20680707,28.615
20680708,27.548
20680709,29.704
20680710,31.904
20680711,30.044
20680712,27.241
20680713,26.044
20680714,27.078
20680715,29.537
20680716,32.311
20680717,33.182
20680718,37.983
20680719,37.891
20680720,31.074
20680721,28.278
20680722,32.344
20680723,32.955
20680724,31.254
20680725,33.023
20680726,35.101
20680727,32.243
20680728,35.842
20680729,36.968
20680730,38.29
20680731,33.214
20680801,30.706
20680802,27.763
20680803,31.138
20680804,33.883
20680805,32.736
20680806,30.636
20680807,28.755
20680808,28.228
20680809,28.479
20680810,35.21
20680811,33.961
20680812,32.598
20680813,33.473
20680814,35.056
20680815,33.701
20680816,34.039
20680817,34.054
20680818,32.929
20680819,35.415
20680820,34.334
20680821,34.034
20680822,36.39
20680823,35.143
20680824,34.373
20680825,34.448
20680826,34.176
20680827,32.692
20680828,33.339
20680829,34.554
20680830,25.564
20680831,24.609
20680901,28.376
20680902,29.163
20680903,30.789
20680904,30.418
20680905,28.248
20680906,28.186
20680907,26.089
20680908,25.194
20680909,24.322
20680910,26.396
20680911,24.767
20680912,26.51
20680913,26.302
20680914,28.448
20680915,30.279
20680916,29.792
20680917,23.761
20680918,22.925
20680919,23.426
20680920,23.243
20680921,23.894
20680922,24.787
20680923,20.824
20680924,19.563
20680925,20.636
20680926,21.225
20680927,20.972
20680928,18.634
20680929,17.237
20680930,20.695
20681001,21.609
20681002,18.921
20681003,17.993
20681004,17.084
20681005,16.018
20681006,16.799
20681007,16.441
20681008,16.349
20681009,16.842
20681010,16.818
20681011,20.042
20681012,19.058
20681013,17.622
20681014,18.411
20681015,17.902
20681016,13.55
20681017,17.596
20681018,16.809
20681019,18.087
20681020,18.32
20681021,17.127
20681022,16.008
20681023,17.026
20681024,14.287
20681025,16.344
20681026,15.035
20681027,17.356
20681028,19.47
20681029,20.497
20681030,22.001
20681031,19.916
20681101,17.659
20681102,16.653
20681103,16.917
20681104,15.432
20681105,15.513
20681106,15.252
20681107,15.089
20681108,14.935
20681109,13.264
20681110,16.567
20681111,14.816
20681112,16.94
20681113,15.792
20681114,17.176
20681115,14.145
20681116,9.0826
20681117,11.776
20681118,9.851
20681119,8.0909
20681120,6.7827
20681121,9.4273
20681122,9.3831
20681123,10.147
20681124,8.0903
20681125,10.393
20681126,13.014
20681127,13.64
20681128,12.01
20681129,12.764
20681130,13.166
20681201,10.892
20681202,11.838
20681203,10.444
20681204,13.008
20681205,12.792
20681206,12.697
20681207,10.87
20681208,11.061
20681209,10.649
20681210,10.345
20681211,7.6965
20681212,10.587
20681213,10.327
20681214,9.1147
20681215,9.5677
20681216,9.0328
20681217,11.858
20681218,10.169
20681219,12.08
20681220,10.188
20681221,8.5389
20681222,10.302
20681223,11.278
20681224,10.393
20681225,12.384
20681226,7.545
20681227,5.7802
20681228,5.2351
20681229,6.4563
20681230,11.605
20681231,10.398
20690101,10.683
20690102,10.624
20690103,10.246
20690104,11.203
20690105,9.1756
20690106,8.7826
20690107,10.374
20690108,15.617
20690109,15.166
20690110,13.557
20690111,11.456
20690112,10.912
20690113,10.081
20690114,8.5317
20690115,9.0003
20690116,4.84
20690117,6.2311
20690118,6.8309
20690119,6.2574
20690120,4.6558
20690121,4.8526
20690122,7.9252
20690123,12.124
20690124,14.348
20690125,11.698
20690126,11.35
20690127,11.037
20690128,14.513
20690129,13.723
20690130,13.698
20690131,12.859
20690201,12.282
20690202,13.029
20690203,12.908
20690204,11.408
20690205,10.723
20690206,10.482
20690207,11.355
20690208,11.133
20690209,6.9958
20690210,7.943
20690211,8.1171
20690212,5.7557
20690213,6.8509
20690214,10.689
20690215,10.851
20690216,9.5779
20690217,10.095
20690218,9.3705
20690219,10.728
20690220,9.7812
20690221,13.705
20690222,13.478
20690223,11.095
20690224,11.347
20690225,11.991
20690226,16.02
20690227,16.047
20690228,12.045
20690301,11.012
20690302,12.975
20690303,16.36
20690304,15.318
20690305,13.848
20690306,16.981
20690307,22.048
20690308,18.53
20690309,16.741
20690310,17.743
20690311,10.51
20690312,13.12
20690313,14.451
20690314,15.177
20690315,14.976
20690316,15.741
20690317,15.91
20690318,18.047
20690319,18.809
20690320,19.775
20690321,22.108
20690322,18.338
20690323,14.855
20690324,18.255
20690325,19.001
20690326,21.881
20690327,22.454
20690328,18.808
20690329,13.498
20690330,16.743
20690331,20.839
20690401,21.965
20690402,22.111
20690403,16.385
20690404,16.137
20690405,14.379
20690406,16.662
20690407,13.051
20690408,15.379
20690409,16.091
20690410,19.086
20690411,21.727
20690412,19.462
20690413,22.05
20690414,22.421
20690415,20.427
20690416,18.49
20690417,18.363
20690418,20.153
20690419,18.397
20690420,17.806
20690421,20.267
20690422,15.333
20690423,21.099
20690424,21.838
20690425,22.031
20690426,21.392
20690427,22.24
20690428,19.622
20690429,20.529
20690430,22.768
20690501,24.742
20690502,24.435
20690503,21.866
20690504,22.135
20690505,23.251
20690506,21.959
20690507,21.334
20690508,19.793
20690509,18.541
20690510,18.01
20690511,21.942
20690512,22.066
20690513,21.036
20690514,22.73
20690515,23.502
20690516,25.948
20690517,23.394
20690518,24.571
20690519,26.047
20690520,24.859
20690521,25.843
20690522,26.379
20690523,25.591
20690524,17.304
20690525,16.367
20690526,19.011
20690527,19.785
20690528,19.282
20690529,21.115
20690530,23.976
20690531,20.393
20690601,17.551
20690602,18.868
20690603,21.391
20690604,22.976
20690605,22.733
20690606,23.936
20690607,26.199
20690608,28.021
20690609,29.733
20690610,28.69
20690611,28.445
20690612,28.255
20690613,26.631
20690614,27.474
20690615,27.521
20690616,19.554
20690617,23.76
20690618,25.845
20690619,18.686
20690620,23.008
20690621,18.061
20690622,24.158
20690623,25.652
20690624,23.851
20690625,27.455
20690626,29.075
20690627,27.301
20690628,26.323
20690629,26.473
20690630,28.39
20690701,28.112
20690702,27.494
20690703,26.049
20690704,29.487
20690705,33.521
20690706,36.377
20690707,33.118
20690708,34.131
20690709,34.576
20690710,35.577
20690711,35.945
20690712,36.616
20690713,31.837
20690714,34.298
20690715,36.021
20690716,39.674
20690717,37.904
20690718,38.673
20690719,40.019
20690720,38.362
20690721,38.559
20690722,27.669
20690723,29.062
20690724,32.045
20690725,31.863
20690726,31.009
20690727,33.635
20690728,33.998
20690729,33.677
20690730,32.15
20690731,33.38
20690801,32.311
20690802,37.251
20690803,38.266
20690804,37.532
20690805,36.637
20690806,35.632
20690807,34.959
20690808,34.272
20690809,32.05
20690810,34.521
20690811,27.782
20690812,27.371
20690813,35.135
20690814,36.155
20690815,34.852
20690816,34.831
20690817,32.49
20690818,33.952
20690819,35.076
20690820,35.578
20690821,35.11
20690822,32.781
20690823,33.896
20690824,34.5
20690825,27.826
20690826,29.209
20690827,31.031
20690828,33.053
20690829,35.668
20690830,36.534
20690831,35.851
20690901,37.083
20690902,29.1
20690903,28.162
20690904,30.121
20690905,28.09
20690906,25.317
20690907,25.861
20690908,30.488
20690909,27.171
20690910,26.516
20690911,24.662
20690912,26.844
20690913,27.807
20690914,29.311
20690915,23.602
20690916,19.738
20690917,24.169
20690918,23.388
20690919,21.172
20690920,22.782
20690921,22.757
20690922,22.906
20690923,23.612
20690924,20.685
20690925,21.182
20690926,23.376
20690927,24.849
20690928,25.614
20690929,23.771
20690930,23.461
20691001,24.708
20691002,21.647
20691003,19.101
20691004,17.207
20691005,21.212
20691006,21.801
20691007,19.481
20691008,19.005
20691009,20.029
20691010,18.255
20691011,20.585
20691012,21.886
20691013,21.877
20691014,17.568
20691015,18.046
20691016,19.556
20691017,20.374
20691018,19.657
20691019,18.511
20691020,19.463
20691021,19.697
20691022,18.832
20691023,17.3
20691024,18.155
20691025,18.553
20691026,18.244
20691027,18.816
20691028,18.233
20691029,17.834
20691030,18.248
20691031,18.688
20691101,20.175
20691102,18.438
20691103,16.995
20691104,17.676
20691105,16.744
20691106,15.19
20691107,16.892
20691108,15.702
20691109,15.283
20691110,15.944
20691111,16.097
20691112,16.366
20691113,15.513
20691114,15.663
20691115,15.518
20691116,14.404
20691117,13.73
20691118,14.545
20691119,13.619
20691120,8.9544
20691121,8.0517
20691122,7.6517
20691123,6.5215
20691124,7.4488
20691125,8.8156
20691126,10.327
20691127,12.467
20691128,14.442
20691129,10.923
20691130,10.533
20691201,9.8405
20691202,9.3613
20691203,10.518
20691204,11.293
20691205,14.668
20691206,15.64
20691207,16.788
20691208,16.131
20691209,12.625
20691210,16.198
20691211,17.532
20691212,16.273
20691213,15.322
20691214,15.086
20691215,11.609
20691216,13.476
20691217,14.567
20691218,13.872
20691219,11.4
20691220,11.07
20691221,10.365
20691222,10.513
20691223,12.911
20691224,12.4
20691225,14.195
20691226,15.225
20691227,13.757
20691228,12.595
20691229,8.8294
20691230,7.5312
20691231,10.428
20700101,10.055
20700102,9.8889
20700103,12.867
20700104,15.042
20700105,15.038
20700106,14.512
20700107,11.05
20700108,10.862
20700109,11.833
20700110,8.8874
20700111,11.449
20700112,11.881
20700113,14.433
20700114,12.169
20700115,12.202
20700116,11.649
20700117,12.888
20700118,13.297
20700119,11.654
20700120,13.14
20700121,11.552
20700122,8.5931
20700123,4.2841
20700124,4.9614
20700125,7.2997
20700126,7.8511
20700127,10.655
20700128,14.4
20700129,14.122
20700130,10.661
20700131,11.299
20700201,10.275
20700202,6.9816
20700203,10.772
20700204,9.4778
20700205,10.535
20700206,10.237
20700207,11.379
20700208,9.9599
20700209,10.105
20700210,8.1104
20700211,8.9125
20700212,10.57
20700213,12.125
20700214,12.36
20700215,13.394
20700216,12.676
20700217,8.258
20700218,13.25
20700219,11.133
20700220,17.494
20700221,17.828
20700222,14.748
20700223,10.96
20700224,14.77
20700225,14.155
20700226,14.551
20700227,19.644
20700228,18.697
20700301,17.99
20700302,18.903
20700303,18.965
20700304,18.836
20700305,18.925
20700306,16.915
20700307,15.853
20700308,13.095
20700309,14.376
20700310,16.915
20700311,18.163
20700312,18.612
20700313,17.407
20700314,15.93
20700315,17.262
20700316,17.974
20700317,18.559
20700318,14.496
20700319,18.093
20700320,15.435
20700321,18.83
20700322,18.302
20700323,16.98
20700324,15.436
20700325,17.639
20700326,16.026
20700327,18.384
20700328,18.117
20700329,17.072
20700330,19.679
20700331,18.117
20700401,14.211
20700402,14.31
20700403,16.635
20700404,19.894
20700405,23.668
20700406,25.88
20700407,25.595
20700408,25.389
20700409,24.61
20700410,20.019
20700411,20.202
20700412,22.074
20700413,21.239
20700414,15.335
20700415,15.221
20700416,15.908
20700417,16.24
20700418,19.636
20700419,20.932
20700420,20.316
20700421,20.582
20700422,20.908
20700423,21.661
20700424,21.37
20700425,23.123
20700426,23.609
20700427,23.538
20700428,21.601
20700429,22.832
20700430,24.029
20700501,19.411
20700502,21.989
20700503,24.654
20700504,23.675
20700505,23.166
20700506,27.376
20700507,25.952
20700508,25.54
20700509,23.801
20700510,19.891
20700511,20.19
20700512,23.343
20700513,25.168
20700514,22.919
20700515,26.519
20700516,26.241
20700517,20.38
20700518,22.084
20700519,22.69
20700520,17.597
20700521,17.832
20700522,21.069
20700523,19.15
20700524,19.806
20700525,22.479
20700526,19.822
20700527,25.686
20700528,27.802
20700529,26.318
20700530,26.839
20700531,24.29
20700601,27.257
20700602,29.543
20700603,29.012
20700604,29.057
20700605,30.067
20700606,32.969
20700607,35.221
20700608,34.221
20700609,32.597
20700610,33.772
20700611,34.449
20700612,34.917
20700613,33.018
20700614,24.78
20700615,24.787
20700616,24.902
20700617,26.862
20700618,32.786
20700619,31.524
20700620,23.705
20700621,26.238
20700622,28.463
20700623,30.508
20700624,27.796
20700625,28.199
20700626,23.735
20700627,23.52
20700628,26.645
20700629,18.764
20700630,25.144
20700701,28.799
20700702,29.545
20700703,24.392
20700704,28.12
20700705,30.116
20700706,31.333
20700707,26.269
20700708,28.878
20700709,28.517
20700710,22.109
20700711,22.839
20700712,30.345
20700713,30.554
20700714,33.107
20700715,28.917
20700716,26.459
20700717,26.477
20700718,29.414
20700719,34.662
20700720,35.872
20700721,23.165
20700722,27.825
20700723,29.937
20700724,30.217
20700725,33.898
20700726,35.512
20700727,34.908
20700728,34.817
20700729,35.02
20700730,27.294
20700731,27.77
20700801,26.474
20700802,24.848
20700803,29.377
20700804,21.388
20700805,28.58
20700806,31.913
20700807,33.947
20700808,32.69
20700809,33.752
20700810,35.539
20700811,32.62
20700812,33.263
20700813,34.388
20700814,35.838
20700815,36.149
20700816,33.036
20700817,28.223
20700818,30.868
20700819,33.89
20700820,33.591
20700821,27.364
20700822,32.459
20700823,27.044
20700824,29.485
20700825,31.977
20700826,30.204
20700827,31.395
20700828,31.582
20700829,32.293
20700830,32.048
20700831,31.805
20700901,32.526
20700902,31.622
20700903,32.264
20700904,23.88
20700905,21.642
20700906,25.832
20700907,28.062
20700908,25.579
20700909,27.27
20700910,26.141
20700911,27.851
20700912,29.399
20700913,28.337
20700914,28.859
20700915,30.02
20700916,29.817
20700917,23.584
20700918,27.339
20700919,24.494
20700920,25.522
20700921,26.655
20700922,20.402
20700923,19.841
20700924,22.045
20700925,24.024
20700926,22.807
20700927,21.966
20700928,21.625
20700929,22.024
20700930,22.318
20701001,22.192
20701002,22.656
20701003,22.914
20701004,17.782
20701005,19.868
20701006,19.568
20701007,20.447
20701008,22.202
20701009,22.407
20701010,22.023
20701011,22.225
20701012,21.905
20701013,19.59
20701014,19.35
20701015,18.943
20701016,19.673
20701017,20.992
20701018,19.839
20701019,21.958
20701020,20.719
20701021,20.389
20701022,19.884
20701023,20.599
20701024,18.198
20701025,19.669
20701026,19.515
20701027,17.682
20701028,20.81
20701029,20.073
20701030,13.775
20701031,15.705
20701101,18.256
20701102,17.032
20701103,17.114
20701104,18.013
20701105,16.639
20701106,12.28
20701107,11.969
20701108,9.7645
20701109,13.602
20701110,15.109
20701111,16.372
20701112,14.007
20701113,14.224
20701114,14.043
20701115,17.631
20701116,15.533
20701117,13.736
20701118,11.996
20701119,10.659
20701120,9.1753
20701121,15.036
20701122,16.181
20701123,14.999
20701124,16.137
20701125,12.972
20701126,14.175
20701127,14.179
20701128,13.264
20701129,13.829
20701130,11.189
20701201,14.884
20701202,14.359
20701203,13.702
20701204,14.528
20701205,11.062
20701206,11.892
20701207,18.095
20701208,12.723
20701209,14.127
20701210,14.78
20701211,12.707
20701212,13.679
20701213,16.343
20701214,15.006
20701215,12.652
20701216,11.834
20701217,11.153
20701218,14.618
20701219,15.198
20701220,8.6555
20701221,6.9809
20701222,6.3722
20701223,4.4026
20701224,4.6006
20701225,5.3186
20701226,7.3074
20701227,9.7527
20701228,10.508
20701229,9.9339
20701230,6.492
20701231,10.09
20710101,10.216
20710102,7.635
20710103,5.6849
20710104,11.89
20710105,8.9012
20710106,8.5453
20710107,11.378
20710108,9.706
20710109,10.473
20710110,12.012
20710111,10.451
20710112,15.435
20710113,14.136
20710114,11.727
20710115,11.853
20710116,11.774
20710117,8.1136
20710118,11.602
20710119,11.669
20710120,10.398
20710121,13.23
20710122,13.754
20710123,10.816
20710124,6.6217
20710125,12.971
20710126,15.398
20710127,12.313
20710128,13.111
20710129,16.18
20710130,15.969
20710131,15.979
20710201,14.085
20710202,10.715
20710203,12.331
20710204,12.481
20710205,12.367
20710206,9.9921
20710207,8.8125
20710208,7.1372
20710209,6.8334
20710210,8.4795
20710211,9.329
20710212,8.8292
20710213,8.3988
20710214,9.7259
20710215,9.7856
20710216,9.7743
20710217,9.3532
20710218,8.837
20710219,12.149
20710220,11.684
20710221,10.374
20710222,10.117
20710223,10.696
20710224,13.547
20710225,13.064
20710226,16.543
20710227,15.777
20710228,13.778
20710301,15.585
20710302,16.026
20710303,17.197
20710304,15.776
20710305,18.515
20710306,12.093
20710307,8.3363
20710308,11.136
20710309,13.859
20710310,15.895
20710311,16.482
20710312,17.319
20710313,17.093
20710314,14.665
20710315,11.973
20710316,14.085
20710317,18.019
20710318,18.322
20710319,18.111
20710320,19.867
20710321,19.794
20710322,16.409
20710323,16.596
20710324,14.517
20710325,17.33
20710326,16.486
20710327,13.379
20710328,14.15
20710329,14.088
20710330,16.092
20710331,13.37
20710401,14.623
20710402,16.966
20710403,18.729
20710404,22.8
20710405,22.145
20710406,16.512
20710407,17.239
20710408,18.756
20710409,20.908
20710410,22.545
20710411,21.101
20710412,14.038
20710413,17.685
20710414,18.27
20710415,13.653
20710416,14.155
20710417,14.052
20710418,18.315
20710419,17.644
20710420,17.244
20710421,19.199
20710422,21.704
20710423,21.584
20710424,21.436
20710425,22.698
20710426,19.054
20710427,20.331
20710428,21.993
20710429,21.936
20710430,22.611
20710501,22.994
20710502,22.028
20710503,18.365
20710504,22.326
20710505,23.994
20710506,22.261
20710507,23.077
20710508,20.068
20710509,19.629
20710510,19.009
20710511,19.254
20710512,22.151
20710513,25.763
20710514,26.161
20710515,25.703
20710516,23.99
20710517,22.16
20710518,22.939
20710519,22.229
20710520,20.779
20710521,21.92
20710522,20.716
20710523,23.44
20710524,25.167
20710525,25.717
20710526,24.909
20710527,27.377
20710528,27.73
20710529,27.943
20710530,25.646
20710531,24.343
20710601,27.718
20710602,29.689
20710603,29.441
20710604,30.214
20710605,30.662
20710606,30.528
20710607,29.774
20710608,26.586
20710609,27.934
20710610,22.078
20710611,20.423
20710612,24.257
20710613,24.853
20710614,25.15
20710615,18.952
20710616,24.513
20710617,26.022
20710618,26.45
20710619,27.341
20710620,29.082
20710621,30.757
20710622,25.309
20710623,30.399
20710624,27.916
20710625,30.049
20710626,30.147
20710627,32.915
20710628,34.155
20710629,33.249
20710630,32.079
20710701,35.402
20710702,33.762
20710703,28.421
20710704,30.148
20710705,30.836
20710706,25.591
20710707,21.863
20710708,25.768
20710709,31.083
20710710,32.626
20710711,31.401
20710712,32.696
20710713,33.935
20710714,31.977
20710715,33.303
20710716,32.654
20710717,28.783
20710718,31.823
20710719,31.896
20710720,33.614
20710721,34.946
20710722,33.721
20710723,32.149
20710724,33.91
20710725,36.068
20710726,35.516
20710727,35.052
20710728,35.885
20710729,37.881
20710730,36.257
20710731,35.005
20710801,32.22
20710802,23.598
20710803,29.957
20710804,21.744
20710805,25.599
20710806,28.494
20710807,27.198
20710808,27.351
20710809,28.611
20710810,27.759
20710811,30.339
20710812,28.728
20710813,32.046
20710814,34.922
20710815,31.415
20710816,30.989
20710817,32.395
20710818,32.238
20710819,29.793
20710820,23.003
20710821,27.621
20710822,32.888
20710823,33.931
20710824,31.066
20710825,26.583
20710826,27.491
20710827,25.356
20710828,28.865
20710829,29.461
20710830,30.374
20710831,30.904
20710901,32.028
20710902,32.676
20710903,31.319
20710904,32.054
20710905,32.614
20710906,33.155
20710907,30.92
20710908,30.584
20710909,22.227
20710910,22.791
20710911,25.389
20710912,23.681
20710913,21.269
20710914,23.897
20710915,27.424
20710916,28.275
20710917,27.551
20710918,27.274
20710919,21.444
20710920,21.779
20710921,23.875
20710922,24.655
20710923,25.227
20710924,21.11
20710925,21.498
20710926,25.47
20710927,26.231
20710928,25.527
20710929,23.845
20710930,23.441
20711001,21.212
20711002,15.627
20711003,15.15
20711004,14.279
20711005,15.52
20711006,17.66
20711007,19.609
20711008,13.662
20711009,16.692
20711010,18.248
20711011,20.523
20711012,17.666
20711013,16.508
20711014,17.539
20711015,16.597
20711016,11.105
20711017,13.983
20711018,15.019
20711019,15.389
20711020,16.692
20711021,11.964
20711022,13.149
20711023,13.084
20711024,14.303
20711025,16.056
20711026,17.353
20711027,16.468
20711028,15.459
20711029,16.667
20711030,17.799
20711031,18.072
20711101,21.88
20711102,21.548
20711103,21.026
20711104,20.364
20711105,20.679
20711106,18.181
20711107,14.919
20711108,14.48
20711109,14.013
20711110,13.156
20711111,13.918
20711112,10.314
20711113,10.631
20711114,10.557
20711115,11.488
20711116,12.05
20711117,11.373
20711118,11.139
20711119,10.883
20711120,10.005
20711121,11.224
20711122,11.64
20711123,12.14
20711124,8.3285
20711125,11.377
20711126,13.283
20711127,12.056
20711128,14.585
20711129,14.714
20711130,12.202
20711201,14.917
20711202,13.965
20711203,13.832
20711204,11.715
20711205,10.384
20711206,10.43
20711207,10.079
20711208,10.112
20711209,9.4189
20711210,14.098
20711211,10.872
20711212,11.398
20711213,9.6485
20711214,12.47
20711215,12.473
20711216,11.631
20711217,8.2249
20711218,8.1625
20711219,12.264
20711220,15.192
20711221,14.921
20711222,12.12
20711223,11.732
20711224,15.96
20711225,15.274
20711226,13.314
20711227,10.837
20711228,7.2033
20711229,7.3743
20711230,9.6815
20711231,12.106
20720101,10.456
20720102,10.342
20720103,8.8295
20720104,5.6258
20720105,9.8144
20720106,8.6085
20720107,9.1133
20720108,9.1057
20720109,8.8218
20720110,9.825
20720111,10.997
20720112,10.53
20720113,11.571
20720114,11.096
20720115,11.145
20720116,10.064
20720117,9.5062
20720118,7.7299
20720119,8.3931
20720120,5.819
20720121,4.852
20720122,2.2891
20720123,3.8352
20720124,6.8173
20720125,11.024
20720126,12.248
20720127,9.043
20720128,9.2121
20720129,8.6229
20720130,14.087
20720131,12.063
20720201,9.3141
20720202,9.7994
20720203,11.924
20720204,10.866
20720205,10.014
20720206,10.755
20720207,10.945
20720208,13.096
20720209,15.53
20720210,11.859
20720211,11.519
20720212,9.7305
20720213,10.876
20720214,13.892
20720215,14.732
20720216,17.872
20720217,14.238
20720218,10.1
20720219,10.121
20720220,9.0491
20720221,7.0161
20720222,5.2268
20720223,7.5421
20720224,11.354
20720225,9.5835
20720226,11.366
20720227,12.385
20720228,10.411
20720229,8.3292
20720301,12.538
20720302,11.5
20720303,9.4819
20720304,10.447
20720305,11.671
20720306,13.111
20720307,14.695
20720308,15.897
20720309,16.099
20720310,15.699
20720311,11.446
20720312,11.633
20720313,15.11
20720314,14.821
20720315,14.669
20720316,12.706
20720317,13.191
20720318,14.237
20720319,13.776
20720320,12.837
20720321,13.911
20720322,14.318
20720323,14.681
20720324,16.948
20720325,15.71
20720326,13.619
20720327,12.082
20720328,13.993
20720329,11.593
20720330,12.77
20720331,16.115
20720401,17.598
20720402,18.853
20720403,18.196
20720404,17.128
20720405,15.481
20720406,11.329
20720407,16.643
20720408,18.087
20720409,18.948
20720410,21.511
20720411,23.91
20720412,22.724
20720413,20.213
20720414,19.493
20720415,20.206
20720416,20.518
20720417,14.481
20720418,15.584
20720419,17.762
20720420,17.804
20720421,16.159
20720422,15.214
20720423,16.042
20720424,17.692
20720425,19.126
20720426,16.643
20720427,16.88
20720428,17.091
20720429,16.791
20720430,18.372
20720501,20.444
20720502,21.727
20720503,21.913
20720504,23.145
20720505,23.855
20720506,21.001
20720507,21.351
20720508,23.873
20720509,25.547
20720510,23.649
20720511,25.192
20720512,24.739
20720513,24.945
20720514,27.035
20720515,23.382
20720516,23.016
20720517,23.924
20720518,22.115
20720519,23.339
20720520,24.831
20720521,29.009
20720522,28.051
20720523,26.446
20720524,27.173
20720525,28.08
20720526,21.815
20720527,17.26
20720528,17.808
20720529,23.301
20720530,23.547
20720531,26.109
20720601,23.545
20720602,22.564
20720603,22.077
20720604,23.273
20720605,23.631
20720606,27.907
20720607,29.789
20720608,23.661
20720609,21.93
20720610,24.15
20720611,26.45
20720612,29.061
20720613,25.416
20720614,23.143
20720615,23.019
20720616,26.149
20720617,23.938
20720618,25.671
20720619,29.563
20720620,30.841
20720621,30.489
20720622,31.275
20720623,31.602
20720624,31.151
20720625,30.31
20720626,31.968
20720627,33.868
20720628,31.52
20720629,21.968
20720630,25.176
20720701,28.933
20720702,26.919
20720703,27.345
20720704,27.177
20720705,31.388
20720706,34.758
20720707,35.74
20720708,37.471
20720709,37.757
20720710,34.109
20720711,29.91
20720712,27.909
20720713,26.242
20720714,29.365
20720715,33.498
20720716,34.794
20720717,36.497
20720718,37.331
20720719,38.245
20720720,38.467
20720721,37.946
20720722,34.165
20720723,31.519
20720724,30.659
20720725,32.363
20720726,35.322
20720727,33.12
20720728,32.146
20720729,32.245
20720730,31.402
20720731,27.517
20720801,30.235
20720802,30.788
20720803,31.59
20720804,32.622
20720805,24.696
20720806,27.328
20720807,30.863
20720808,30.688
20720809,31.625
20720810,33.007
20720811,31.199
20720812,27.26
20720813,27.39
20720814,28.279
20720815,29.446
20720816,34.22
20720817,35.16
20720818,33.483
20720819,34.435
20720820,27.975
20720821,30.036
20720822,28.987
20720823,29.132
20720824,29.31
20720825,28.893
20720826,28.602
20720827,30.911
20720828,30.451
20720829,31.39
20720830,31.149
20720831,30.905
20720901,31.665
20720902,31.426
20720903,33.032
20720904,30.737
20720905,27.303
20720906,25.751
20720907,26.076
20720908,25.368
20720909,24.486
20720910,18.759
20720911,22.689
20720912,26.906
20720913,26.103
20720914,22.807
20720915,25.131
20720916,25.196
20720917,25.317
20720918,27.499
20720919,18.898
20720920,25.506
20720921,24.371
20720922,22.888
20720923,23.149
20720924,24.5
20720925,26.264
20720926,23.144
20720927,20.993
20720928,23.9
20720929,24.491
20720930,25.989
20721001,26.14
20721002,24.908
20721003,24.32
20721004,24.179
20721005,23.894
20721006,23.461
20721007,16.585
20721008,20.807
20721009,20.072
20721010,21.108
20721011,23.293
20721012,21.186
20721013,21.603
20721014,21.048
20721015,21.472
20721016,21.877
20721017,21.563
20721018,17.505
20721019,17.037
20721020,20.71
20721021,23.23
20721022,22.065
20721023,19.236
20721024,19.19
20721025,17.486
20721026,17.067
20721027,14.709
20721028,12.886
20721029,12.872
20721030,11.799
20721031,10.378
20721101,12.765
20721102,12.838
20721103,11.919
20721104,13.454
20721105,11.216
20721106,10.688
20721107,14.326
20721108,11.07
20721109,14.243
20721110,16.61
20721111,19.592
20721112,20.348
20721113,19.746
20721114,18.825
20721115,17.947
20721116,17.409
20721117,15.854
20721118,14.406
20721119,13.917
20721120,14.049
20721121,13.558
20721122,12.681
20721123,11.805
20721124,12.011
20721125,11.613
20721126,11.32
20721127,12.523
20721128,12.73
20721129,12.98
20721130,14.584
20721201,12.708
20721202,12.319
20721203,6.5867
20721204,5.7985
20721205,7.9196
20721206,6.8031
20721207,9.0309
20721208,11.295
20721209,8.321
20721210,9.4128
20721211,9.1214
20721212,14.276
20721213,11.634
20721214,13.219
20721215,9.8937
20721216,14.217
20721217,12.715
20721218,11.98
20721219,12.717
20721220,13.475
20721221,11.647
20721222,9.8201
20721223,9.3394
20721224,9.3511
20721225,11.804
20721226,9.5444
20721227,9.337
20721228,9.7614
20721229,8.8988
20721230,9.9262
20721231,11.848
20730101,13.492
20730102,11.484
20730103,12.003
20730104,11.957
20730105,12.186
20730106,11.133
20730107,9.2629
20730108,7.8098
20730109,9.8222
20730110,8.5524
20730111,6.6732
20730112,6.8218
20730113,11.829
20730114,10.044
20730115,9.7765
20730116,11.377
20730117,12.071
20730118,11.18
20730119,12.86
20730120,14.635
20730121,13.508
20730122,14.082
20730123,11.44
20730124,12.545
20730125,11.833
20730126,11.456
20730127,8.9347
20730128,11.613
20730129,10.275
20730130,11.561
20730131,8.7394
20730201,11.507
20730202,11.331
20730203,11.103
20730204,10.882
20730205,10.795
20730206,10.519
20730207,11.153
20730208,11.508
20730209,12.288
20730210,10.502
20730211,9.6236
20730212,10.375
20730213,10.137
20730214,9.5824
20730215,8.7619
20730216,10.026
20730217,10.958
20730218,13.828
20730219,14.003
20730220,13.645
20730221,7.7338
20730222,17.381
20730223,14.493
20730224,11.495
20730225,11.618
20730226,12.114
20730227,13.662
20730228,11.848
20730301,12.429
20730302,13.181
20730303,12.686
20730304,16.997
20730305,16.494
20730306,15.217
20730307,12.461
20730308,14.472
20730309,10.674
20730310,10.717
20730311,12.582
20730312,8.6891
20730313,11.87
20730314,11.843
20730315,14.046
20730316,15.267
20730317,7.0152
20730318,9.835
20730319,12.993
20730320,15.219
20730321,14.85
20730322,13.44
20730323,10.808
20730324,10.933
20730325,15.349
20730326,14.613
20730327,16.194
20730328,20.074
20730329,18.574
20730330,13.983
20730331,17.757
20730401,16.687
20730402,20.394
20730403,20.932
20730404,19.462
20730405,19.117
20730406,13.588
20730407,16.408
20730408,17
20730409,21.237
20730410,20.959
20730411,20.966
20730412,19.581
20730413,21.79
20730414,18.508
20730415,16.791
20730416,20.118
20730417,20.168
20730418,20.144
20730419,21.641
20730420,23.882
20730421,22.259
20730422,19.07
20730423,19.109
20730424,19.696
20730425,19.745
20730426,20.811
20730427,21.619
20730428,22.072
20730429,21.431
20730430,19.333
20730501,20.716
20730502,22.474
20730503,20.352
20730504,19.004
20730505,20.264
20730506,20.034
20730507,20.17
20730508,23.199
20730509,27.403
20730510,23.984
20730511,23.405
20730512,23.224
20730513,25.791
20730514,22.229
20730515,18.542
20730516,15.932
20730517,16.912
20730518,16.942
20730519,15.322
20730520,17.523
20730521,18.299
20730522,18.706
20730523,18.702
20730524,19.884
20730525,19.508
20730526,21.714
20730527,15.481
20730528,17.558
20730529,19.124
20730530,19.342
20730531,18.856
20730601,23.005
20730602,24.803
20730603,19.503
20730604,19.63
20730605,21.26
20730606,24.344
20730607,26.647
20730608,27.437
20730609,27.935
20730610,29.66
20730611,29.378
20730612,27.881
20730613,26.371
20730614,27.24
20730615,25.952
20730616,23.085
20730617,25.332
20730618,21.099
20730619,21.59
20730620,23.193
20730621,21.037
20730622,24.868
20730623,26.136
20730624,20.437
20730625,22.195
20730626,23.669
20730627,25.177
20730628,24.893
20730629,27.252
20730630,30.567
20730701,26.479
20730702,26.659
20730703,27.508
20730704,25.931
20730705,27.391
20730706,27.573
20730707,30.438
20730708,30.326
20730709,27.754
20730710,28.432
20730711,27.659
20730712,29.337
20730713,30.829
20730714,30.214
20730715,31.823
20730716,32.054
20730717,33.493
20730718,33.611
20730719,33.488
20730720,30.715
20730721,32.207
20730722,30.952
20730723,31.349
20730724,33.44
20730725,33.753
20730726,28.974
20730727,25.642
20730728,25.655
20730729,24.713
20730730,26.476
20730731,27.19
20730801,27.046
20730802,29.612
20730803,31.388
20730804,28.325
20730805,29.783
20730806,30.778
20730807,28.232
20730808,29.805
20730809,30.738
20730810,32.6
20730811,35.281
20730812,34.298
20730813,33.845
20730814,38.094
20730815,38.458
20730816,36.766
20730817,32.64
20730818,28.45
20730819,31.629
20730820,25.639
20730821,25.226
20730822,26.856
20730823,29.732
20730824,34.342
20730825,34.642
20730826,26.395
20730827,29.403
20730828,24.685
20730829,28.485
20730830,30.432
20730831,33.068
20730901,32.651
20730902,32.62
20730903,29.98
20730904,30.623
20730905,30.953
20730906,31.709
20730907,30.754
20730908,30.831
20730909,32.166
20730910,31.731
20730911,30.087
20730912,23.637
20730913,24.953
20730914,25.691
20730915,26.439
20730916,25.466
20730917,25.908
20730918,24.877
20730919,23.185
20730920,22.367
20730921,22.949
20730922,24.598
20730923,24.312
20730924,25.829
20730925,28.142
20730926,29.953
20730927,28.996
20730928,28.548
20730929,23.704
20730930,23.345
20731001,19.888
20731002,22.589
20731003,17.57
20731004,19.043
20731005,19.392
20731006,17.089
20731007,20.966
20731008,20.263
20731009,22.358
20731010,23.832
20731011,25.898
20731012,27.018
20731013,24.351
20731014,24.07
20731015,17.075
20731016,19.938
20731017,23.265
20731018,20.082
20731019,17.358
20731020,15.77
20731021,16.275
20731022,11.828
20731023,11.988
20731024,13.088
20731025,15.357
20731026,17.792
20731027,18.104
20731028,17.951
20731029,16.528
20731030,17.451
20731031,15.591
20731101,14.205
20731102,15.46
20731103,13.842
20731104,15.248
20731105,16.272
20731106,14.975
20731107,16.669
20731108,17.626
20731109,17.169
20731110,17.973
20731111,15.947
20731112,14.455
20731113,14.369
20731114,15.181
20731115,17.274
20731116,17.109
20731117,17.877
20731118,16.286
20731119,15.269
20731120,13.08
20731121,11.541
20731122,11.432
20731123,14.034
20731124,17.591
20731125,13.383
20731126,12.282
20731127,13.541
20731128,13.346
20731129,15.036
20731130,14.819
20731201,13.794
20731202,14.013
20731203,13.578
20731204,13.594
20731205,12.429
20731206,10.279
20731207,11.625
20731208,11.502
20731209,4.963
20731210,5.7702
20731211,6.0665
20731212,4.2924
20731213,6.3105
20731214,6.257
20731215,10.353
20731216,14.971
20731217,14.424
20731218,12.17
20731219,13.74
20731220,14.745
20731221,15.371
20731222,12.984
20731223,12.625
20731224,12.042
20731225,13.325
20731226,10.484
20731227,12.241
20731228,12.876
20731229,14.275
20731230,14.486
20731231,13.867
20740101,8.7975
20740102,8.8186
20740103,13.035
20740104,16.203
20740105,14.369
20740106,15.739
20740107,16.187
20740108,15.59
20740109,13.465
20740110,12.118
20740111,10.797
20740112,10.762
20740113,9.9418
20740114,10.939
20740115,12.242
20740116,12.695
20740117,12.176
20740118,10.604
20740119,12.34
20740120,9.642
20740121,9.5118
20740122,10.798
20740123,9.004
20740124,11.291
20740125,11.376
20740126,11.972
20740127,10.329
20740128,10.09
20740129,11.224
20740130,10.127
20740131,11.594
20740201,11.173
20740202,12.956
20740203,10.534
20740204,10.136
20740205,9.8369
20740206,9.3391
20740207,9.9509
20740208,10.336
20740209,10.239
20740210,13.724
20740211,13.351
20740212,14.531
20740213,12.572
20740214,13.69
20740215,11.659
20740216,12.629
20740217,13.964
20740218,11.909
20740219,12.744
20740220,14.297
20740221,13.765
20740222,11.325
20740223,13.837
20740224,15.112
20740225,15.495
20740226,14.087
20740227,13.21
20740228,10.672
20740301,7.5294
20740302,11.768
20740303,11.842
20740304,13.959
20740305,13.008
20740306,11.576
20740307,16.648
20740308,13.513
20740309,11.451
20740310,11.325
20740311,13.067
20740312,13.233
20740313,14.049
20740314,17.271
20740315,18.736
20740316,21.86
20740317,21.08
20740318,21.655
20740319,14.213
20740320,15.355
20740321,13.786
20740322,15.005
20740323,15.809
20740324,20.35
20740325,21.25
20740326,18.759
20740327,17.71
20740328,20.249
20740329,18.645
20740330,15.891
20740331,19.33
20740401,18.238
20740402,19.459
20740403,18.066
20740404,13.309
20740405,10.497
20740406,16.708
20740407,18.393
20740408,19.37
20740409,22.035
20740410,23.417
20740411,24.782
20740412,24.713
20740413,20.401
20740414,20.417
20740415,20.654
20740416,22.593
20740417,21.771
20740418,15.612
20740419,21.233
20740420,22.094
20740421,16.016
20740422,21.167
20740423,24.861
20740424,22.855
20740425,23.271
20740426,23.026
20740427,22.357
20740428,19.249
20740429,21.52
20740430,20.821
20740501,22.824
20740502,22.997
20740503,24.802
20740504,25.827
20740505,23.322
20740506,18.953
20740507,17.487
20740508,19.578
20740509,19.502
20740510,17.427
20740511,16.098
20740512,22.321
20740513,24.988
20740514,25.311
20740515,25.433
20740516,23.817
20740517,22.953
20740518,24.043
20740519,21.324
20740520,24.589
20740521,18.236
20740522,18.426
20740523,21.798
20740524,27.643
20740525,27.007
20740526,27.52
20740527,27.913
20740528,26.365
20740529,26.326
20740530,28.51
20740531,26.591
20740601,22.693
20740602,24.287
20740603,24.962
20740604,24.947
20740605,26.956
20740606,24.989
20740607,26.879
20740608,29.528
20740609,29.393
20740610,26.399
20740611,28.238
20740612,30.362
20740613,33.045
20740614,33.811
20740615,34.359
20740616,31.27
20740617,30.853
20740618,34.712
20740619,32.981
20740620,29.925
20740621,35.374
20740622,37.369
20740623,33.958
20740624,29.745
20740625,28.094
20740626,23.197
20740627,27.992
20740628,28.494
20740629,23.75
20740630,21.317
20740701,26.425
20740702,30.365
20740703,31.503
20740704,28.79
20740705,30.291
20740706,28.201
20740707,25.28
20740708,29.325
20740709,33.562
20740710,34.08
20740711,38.316
20740712,38.678
20740713,35.315
20740714,30.04
20740715,28
20740716,29.686
20740717,28.27
20740718,32.367
20740719,35.86
20740720,37.452
20740721,32.41
20740722,36.408
20740723,30.184
20740724,29.683
20740725,33.691
20740726,35.178
20740727,29.229
20740728,26.719
20740729,29.717
20740730,32.904
20740731,35.941
20740801,37.283
20740802,38.221
20740803,34.275
20740804,36.76
20740805,37.351
20740806,37.056
20740807,34.877
20740808,30.24
20740809,30.432
20740810,31.734
20740811,30.628
20740812,33.51
20740813,36.61
20740814,37.763
20740815,37.464
20740816,34.663
20740817,35.093
20740818,34.806
20740819,34.523
20740820,33.541
20740821,32.47
20740822,26.212
20740823,26.075
20740824,25.303
20740825,25.746
20740826,27.802
20740827,25.527
20740828,25.559
20740829,28.072
20740830,28.647
20740831,28.688
20740901,28.119
20740902,28.674
20740903,29.549
20740904,30.936
20740905,26.366
20740906,28.31
20740907,28.41
20740908,29.127
20740909,30.141
20740910,29.927
20740911,30.276
20740912,31.071
20740913,27.903
20740914,26.402
20740915,27.946
20740916,26.607
20740917,27.243
20740918,20.49
20740919,20.871
20740920,24.473
20740921,25.852
20740922,26.988
20740923,28.054
20740924,24.441
20740925,27.305
20740926,26.75
20740927,23.484
20740928,23.298
20740929,21.474
20740930,21.39
20741001,22.063
20741002,21.131
20741003,22.033
20741004,24.517
20741005,26.927
20741006,26.71
20741007,25.099
20741008,24.788
20741009,24.916
20741010,25.083
20741011,24.048
20741012,21.285
20741013,18.958
20741014,23.274
20741015,22.255
20741016,21.589
20741017,22.354
20741018,21.158
20741019,22.203
20741020,19.082
20741021,15.46
20741022,15.292
20741023,17.327
20741024,16.661
20741025,16.534
20741026,17.242
20741027,17.189
20741028,16.336
20741029,17.722
20741030,20.195
20741031,17.054
20741101,16.479
20741102,15.9
20741103,13.089
20741104,13.784
20741105,14.767
20741106,14.761
20741107,13.23
20741108,13.901
20741109,11.872
20741110,11.945
20741111,9.3986
20741112,14.142
20741113,16.602
20741114,18.159
20741115,17.902
20741116,16.866
20741117,13.606
20741118,11.5
20741119,11.558
20741120,12.003
20741121,11.999
20741122,10.71
20741123,10.07
20741124,13.901
20741125,13.19
20741126,11.283
20741127,12.104
20741128,10.756
20741129,11.141
20741130,11.289
20741201,15.049
20741202,14.515
20741203,13.941
20741204,13.767
20741205,12.383
20741206,14.211
20741207,11.895
20741208,13.769
20741209,9.5464
20741210,13.21
20741211,14.796
20741212,14.018
20741213,15.771
20741214,14.941
20741215,11.219
20741216,10.804
20741217,11.986
20741218,9.5562
20741219,10.543
20741220,12.724
20741221,12.678
20741222,12.85
20741223,13.199
20741224,12.425
20741225,12.299
20741226,12.194
20741227,12.573
20741228,9.7378
20741229,8.8041
20741230,9.8151
20741231,11.679
20750101,12.231
20750102,10.438
20750103,11.827
20750104,9.638
20750105,7.5097
20750106,7.6881
20750107,8.9953
20750108,9.337
20750109,10.564
20750110,9.3465
20750111,10.781
20750112,11.933
20750113,12.662
20750114,10.955
20750115,12.153
20750116,12.328
20750117,11.72
20750118,13.364
20750119,11.335
20750120,11.875
20750121,14.094
20750122,12.502
20750123,9.1354
20750124,11.96
20750125,12.815
20750126,11.064
20750127,11.051
20750128,15.026
20750129,12.404
20750130,12.494
20750131,13.268
20750201,12.626
20750202,10.742
20750203,11.534
20750204,14.391
20750205,12.216
20750206,12.459
20750207,13.336
20750208,13.291
20750209,15.468
20750210,15.227
20750211,15.206
20750212,14.177
20750213,15.029
20750214,16.408
20750215,15.397
20750216,15.58
20750217,16.006
20750218,15.382
20750219,17.15
20750220,18.716
20750221,17.267
20750222,15.541
20750223,15.433
20750224,13.962
20750225,16.297
20750226,15.72
20750227,15.812
20750228,16.746
20750301,15.385
20750302,13.322
20750303,13.678
20750304,12.58
20750305,15.304
20750306,16.295
20750307,15.331
20750308,14.668
20750309,13.805
20750310,14.9
20750311,15.128
20750312,12.327
20750313,14.139
20750314,13.443
20750315,12.371
20750316,13.336
20750317,13.682
20750318,15.352
20750319,13.55
20750320,15.785
20750321,10.664
20750322,12.819
20750323,12.558
20750324,13.368
20750325,10.918
20750326,12.69
20750327,13.933
20750328,11.427
20750329,14.131
20750330,15.573
20750331,18.158
20750401,17.325
20750402,17.231
20750403,18.575
20750404,20.14
20750405,19.878
20750406,17.748
20750407,18.014
20750408,13.658
20750409,14.711
20750410,16.346
20750411,15.549
20750412,18.238
20750413,20.278
20750414,14.129
20750415,13.828
20750416,17.148
20750417,17.909
20750418,17.777
20750419,13.696
20750420,18.046
20750421,21.031
20750422,15.163
20750423,18.853
20750424,18.122
20750425,20.718
20750426,21.599
20750427,21.447
20750428,21.448
20750429,19.192
20750430,21.241
20750501,22.423
20750502,24.503
20750503,22.653
20750504,21.184
20750505,23.106
20750506,24.748
20750507,24.016
20750508,27.285
20750509,27.796
20750510,23.771
20750511,28.128
20750512,24.1
20750513,21.749
20750514,24.095
20750515,27.426
20750516,27.267
20750517,26.028
20750518,25.084
20750519,24.031
20750520,22.071
20750521,20.293
20750522,21.886
20750523,21.978
20750524,18.67
20750525,21.717
20750526,23.355
20750527,25.609
20750528,22.503
20750529,24.72
20750530,24.702
20750531,26.63
20750601,27.947
20750602,28.751
20750603,25.998
20750604,25.105
20750605,23.634
20750606,28.57
20750607,26.732
20750608,25.755
20750609,26.635
20750610,24.119
20750611,18.169
20750612,25.082
20750613,22.096
20750614,21.863
20750615,25.995
20750616,28.525
20750617,31.717
20750618,33.854
20750619,30.663
20750620,31.236
20750621,28.258
20750622,26.941
20750623,26.309
20750624,30.652
20750625,33.633
20750626,23.848
20750627,27.777
20750628,23.77
20750629,23.175
20750630,20.98
20750701,23.231
20750702,27.021
20750703,29.671
20750704,31.319
20750705,28.351
20750706,30.919
20750707,34.613
20750708,33.504
20750709,35.214
20750710,37.387
20750711,40.871
20750712,41.702
20750713,42.32
20750714,29.737
20750715,33.992
20750716,41.998
20750717,42.195
20750718,42.181
20750719,42.195
20750720,41.454
20750721,41.244
20750722,39.476
20750723,40.227
20750724,36.981
20750725,34.66
20750726,32.892
20750727,37.746
20750728,38.161
20750729,35.694
20750730,36.03
20750731,35.25
20750801,35.386
20750802,39.107
20750803,42.476
20750804,42.796
20750805,43.742
20750806,44.23
20750807,41.981
20750808,40.393
20750809,36.941
20750810,36.026
20750811,36.718
20750812,34.757
20750813,28.961
20750814,31.568
20750815,36.03
20750816,36.694
20750817,34.719
20750818,34.476
20750819,34.815
20750820,34.833
20750821,35.344
20750822,34.875
20750823,28.166
20750824,31.636
20750825,34.616
20750826,36.972
20750827,37.595
20750828,27.196
20750829,28.911
20750830,32.984
20750831,32.288
20750901,31.23
20750902,26.387
20750903,24.253
20750904,26.98
20750905,23.797
20750906,26.633
20750907,30.544
20750908,32.441
20750909,27.211
20750910,26.934
20750911,23.79
20750912,22.254
20750913,23.821
20750914,26.825
20750915,28.513
20750916,27.72
20750917,28.707
20750918,29.46
20750919,28.923
20750920,29.019
20750921,28.202
20750922,29.088
20750923,30.769
20750924,30.279
20750925,28.856
20750926,29.448
20750927,28.236
20750928,28.17
20750929,28.809
20750930,28.566
20751001,23.567
20751002,24.103
20751003,20.545
20751004,19.32
20751005,20.695
20751006,23.542
20751007,24.187
20751008,24.393
20751009,20.781
20751010,18.898
20751011,19.076
20751012,18.769
20751013,18.71
20751014,21.547
20751015,22.063
20751016,20.997
20751017,19.608
20751018,21.026
20751019,19.167
20751020,18.776
20751021,19.429
20751022,20.743
20751023,20.13
20751024,19.483
20751025,19.036
20751026,19.628
20751027,18.274
20751028,19.435
20751029,20.362
20751030,21.758
20751031,18.593
20751101,20.27
20751102,19.964
20751103,20.111
20751104,18.756
20751105,18.799
20751106,19.235
20751107,17.704
20751108,18.185
20751109,17.812
20751110,16.115
20751111,15.283
20751112,14.987
20751113,13.449
20751114,13.434
20751115,16.66
20751116,16.061
20751117,16.014
20751118,14.254
20751119,12.677
20751120,12.882
20751121,13.854
20751122,10.409
20751123,12.717
20751124,18.628
20751125,20.931
20751126,20.222
20751127,20.464
20751128,20.425
20751129,19.883
20751130,19.399
20751201,16.074
20751202,16.246
20751203,13.712
20751204,7.9725
20751205,5.3012
20751206,6.02
20751207,5.1548
20751208,4.9356
20751209,4.0374
20751210,4.9662
20751211,7.6216
20751212,6.0328
20751213,7.9491
20751214,8.1272
20751215,10.282
20751216,12.277
20751217,11.571
20751218,14.142
20751219,12.182
20751220,14.143
20751221,13.816
20751222,13.754
20751223,11.548
20751224,12.905
20751225,13.982
20751226,14.354
20751227,13.542
20751228,11.86
20751229,11.667
20751230,10.917
20751231,11.733
20760101,12.552
20760102,11.193
20760103,7.6326
20760104,8.1331
20760105,7.7553
20760106,8.6268
20760107,8.527
20760108,9.5707
20760109,10.888
20760110,11.597
20760111,11.118
20760112,10.468
20760113,11.187
20760114,8.8481
20760115,8.5995
20760116,12.939
20760117,10.841
20760118,7.2505
20760119,10.408
20760120,9.1084
20760121,11.154
20760122,11.183
20760123,10.826
20760124,11.042
20760125,11.67
20760126,10.976
20760127,11.693
20760128,11.927
20760129,13.564
20760130,12.069
20760131,11.294
20760201,10.871
20760202,10.503
20760203,9.445
20760204,14.237
20760205,14.61
20760206,11.223
20760207,11.564
20760208,12.824
20760209,13.2
20760210,11.443
20760211,10.583
20760212,12.679
20760213,10.674
20760214,11.184
20760215,13.353
20760216,17.103
20760217,18.866
20760218,15.48
20760219,14.545
20760220,12.016
20760221,10.887
20760222,9.5675
20760223,9.6493
20760224,9.4352
20760225,11.911
20760226,12.991
20760227,13.092
20760228,12.416
20760229,13.966
20760301,11.807
20760302,12.365
20760303,12.847
20760304,16.695
20760305,11.876
20760306,10.304
20760307,12.147
20760308,13.607
20760309,14.331
20760310,14.073
20760311,17.24
20760312,17.072
20760313,21.061
20760314,18.606
20760315,21.519
20760316,22.21
20760317,21.13
20760318,23.609
20760319,27.246
20760320,27.51
20760321,24.704
20760322,22.872
20760323,25.016
20760324,24.231
20760325,23.699
20760326,25.829
20760327,25.179
20760328,23.125
20760329,23.783
20760330,25.034
20760331,27.259
20760401,28.458
20760402,16.287
20760403,17.899
20760404,14.453
20760405,15.421
20760406,14.793
20760407,14.792
20760408,15.228
20760409,14.946
20760410,13.104
20760411,14.038
20760412,16.282
20760413,18.575
20760414,19.732
20760415,17.39
20760416,19.004
20760417,23.602
20760418,26.251
20760419,21.899
20760420,21.73
20760421,23.751
20760422,24.526
20760423,23.56
20760424,21.705
20760425,23.02
20760426,24.179
20760427,23.456
20760428,17.772
20760429,17.454
20760430,19.742
20760501,20.661
20760502,25.179
20760503,21.957
20760504,28.319
20760505,23.785
20760506,23.774
20760507,13.588
20760508,13.872
20760509,18.668
20760510,19.702
20760511,20.818
20760512,18.631
20760513,21.809
20760514,22.405
20760515,23.937
20760516,26.752
20760517,24.931
20760518,24.279
20760519,26.589
20760520,25.69
20760521,25.262
20760522,21.294
20760523,23.01
20760524,20.259
20760525,20.042
20760526,23.136
20760527,21.508
20760528,23.969
20760529,20.897
20760530,22.573
20760531,25.244
20760601,22.972
20760602,21.857
20760603,23.67
20760604,24.456
20760605,26.964
20760606,28.94
20760607,26.668
20760608,27.545
20760609,26.088
20760610,29.21
20760611,29.645
20760612,27.109
20760613,29.249
20760614,25.27
20760615,25.346
20760616,27.075
20760617,24.472
20760618,27.663
20760619,30.536
20760620,26.95
20760621,27.931
20760622,29.546
20760623,28.094
20760624,24.212
20760625,25.454
20760626,26.3
20760627,26.934
20760628,25.878
20760629,26.117
20760630,22.144
20760701,28.889
20760702,32.048
20760703,35.094
20760704,37.841
20760705,31.088
20760706,32.265
20760707,31.981
20760708,28.364
20760709,32.028
20760710,32.526
20760711,33.315
20760712,34.357
20760713,35.163
20760714,32.826
20760715,31.648
20760716,31.724
20760717,26.611
20760718,26.794
20760719,30.889
20760720,33.18
20760721,33.004
20760722,32.505
20760723,36.276
20760724,32.963
20760725,29.382
20760726,29.562
20760727,31.488
20760728,28.798
20760729,27.252
20760730,33.704
20760731,35.033
20760801,37.283
20760802,35.012
20760803,35.927
20760804,36.604
20760805,36.843
20760806,32.723
20760807,33.141
20760808,30.634
20760809,31.569
20760810,30.588
20760811,32.888
20760812,32.733
20760813,28.442
20760814,34.319
20760815,35.619
20760816,36.35
20760817,36.329
20760818,35.666
20760819,36.274
20760820,33.652
20760821,31.013
20760822,34.012
20760823,33.459
20760824,35.116
20760825,33.13
20760826,30.69
20760827,27.858
20760828,27.709
20760829,31.51
20760830,31.481
20760831,28.857
20760901,27.165
20760902,30.953
20760903,29.276
20760904,28.482
20760905,26.543
20760906,25.777
20760907,24.473
20760908,25.06
20760909,26.715
20760910,30.163
20760911,30.27
20760912,29.946
20760913,30.392
20760914,30.072
20760915,30.319
20760916,28.815
20760917,28.943
20760918,30.654
20760919,31.371
20760920,30.975
20760921,31.397
20760922,29.93
20760923,25.975
20760924,25.213
20760925,25.269
20760926,22.649
20760927,22.62
20760928,24.642
20760929,24.484
20760930,23.259
20761001,22.693
20761002,19.79
20761003,20.958
20761004,21.72
20761005,21.495
20761006,19.498
20761007,18.805
20761008,20.409
20761009,20.777
20761010,20.596
20761011,18.975
20761012,21.274
20761013,20.581
20761014,21.371
20761015,21.469
20761016,21.662
20761017,21.341
20761018,22.078
20761019,20.146
20761020,20.303
20761021,17.432
20761022,17.083
20761023,19.001
20761024,18.61
20761025,19.627
20761026,18.369
20761027,17.737
20761028,17.189
20761029,15.106
20761030,14.912
20761031,15.978
20761101,19.202
20761102,18.265
20761103,18.534
20761104,18.524
20761105,17.854
20761106,17.205
20761107,16.453
20761108,14.421
20761109,15.578
20761110,16.081
20761111,15.25
20761112,14.728
20761113,15.133
20761114,13.251
20761115,12.789
20761116,14.056
20761117,10.419
20761118,10.821
20761119,12.593
20761120,11.816
20761121,11.978
20761122,12.064
20761123,10.069
20761124,10.535
20761125,13.441
20761126,12.106
20761127,12.863
20761128,10.21
20761129,16.272
20761130,12.974
20761201,12.249
20761202,13.267
20761203,9.8718
20761204,9.2758
20761205,7.3404
20761206,7.2596
20761207,6.3697
20761208,6.2168
20761209,4.9214
20761210,6.5805
20761211,7.7996
20761212,10.544
20761213,11.526
20761214,12.597
20761215,12.013
20761216,11.908
20761217,13.529
20761218,10.968
20761219,11.977
20761220,8.1968
20761221,12.113
20761222,13.337
20761223,14.376
20761224,12.631
20761225,10.907
20761226,9.6004
20761227,14.051
20761228,13.686
20761229,13.309
20761230,9.9784
20761231,12.598
20770101,16.097
20770102,14.007
20770103,8.0167
20770104,6.2782
20770105,6.4848
20770106,9.7281
20770107,8.1511
20770108,5.4747
20770109,7.852
20770110,9.6478
20770111,9.7465
20770112,8.6259
20770113,10.757
20770114,9.5303
20770115,11.242
20770116,10.395
20770117,10.201
20770118,9.8487
20770119,10.97
20770120,13.034
20770121,13.927
20770122,10.601
20770123,10.049
20770124,8.2165
20770125,12.745
20770126,12.811
20770127,12.788
20770128,13.065
20770129,11.919
20770130,12.997
20770131,13.419
20770201,13.856
20770202,12.766
20770203,17.188
20770204,17.412
20770205,14.127
20770206,12.584
20770207,9.236
20770208,10.992
20770209,10.092
20770210,9.5349
20770211,9.4692
20770212,9.3936
20770213,9.8229
20770214,9.4686
20770215,10.849
20770216,10.722
20770217,7.6561
20770218,10.216
20770219,9.2525
20770220,9.2979
20770221,11.677
20770222,11.765
20770223,10.051
20770224,10.349
20770225,11.198
20770226,9.9303
20770227,12.017
20770228,12.522
20770301,12.746
20770302,14.702
20770303,13.507
20770304,18.307
20770305,16.119
20770306,11.732
20770307,13.062
20770308,12.851
20770309,14.396
20770310,14.762
20770311,15.392
20770312,14.838
20770313,16.284
20770314,13.227
20770315,16.247
20770316,13.309
20770317,13.078
20770318,13.504
20770319,9.8709
20770320,12.033
20770321,11.037
20770322,12.445
20770323,12.862
20770324,12.69
20770325,13.375
20770326,12.615
20770327,16.328
20770328,18.23
20770329,15.8
20770330,18.245
20770331,21.387
20770401,15.732
20770402,14.912
20770403,12.18
20770404,14.369
20770405,14.96
20770406,13.63
20770407,17.771
20770408,18.392
20770409,18.002
20770410,19.427
20770411,16.735
20770412,18.43
20770413,18.251
20770414,12.854
20770415,14.475
20770416,17.107
20770417,13.954
20770418,14.719
20770419,19.395
20770420,18.729
20770421,20.889
20770422,21.055
20770423,20.694
20770424,20.463
20770425,18.136
20770426,20.906
20770427,19.906
20770428,18.07
20770429,17.818
20770430,21.348
20770501,22.923
20770502,24.377
20770503,16.671
20770504,22.221
20770505,25.322
20770506,23.847
20770507,23.991
20770508,23.986
20770509,19.948
20770510,21.274
20770511,18.301
20770512,16.972
20770513,18.178
20770514,23.001
20770515,23.592
20770516,24.33
20770517,24.542
20770518,24.481
20770519,23.986
20770520,25.246
20770521,23.219
20770522,20.546
20770523,20.066
20770524,22.997
20770525,21.527
20770526,23.32
20770527,23.416
20770528,23.127
20770529,23.467
20770530,25.662
20770531,25.3
20770601,18.884
20770602,22.411
20770603,24.113
20770604,24.242
20770605,25.095
20770606,26.289
20770607,27.245
20770608,24.549
20770609,27.262
20770610,26.356
20770611,28.377
20770612,28.278
20770613,26.826
20770614,23.822
20770615,22.492
20770616,25.252
20770617,25.13
20770618,26.365
20770619,24.599
20770620,26.483
20770621,26.665
20770622,28.449
20770623,30.213
20770624,34.448
20770625,35.597
20770626,35.859
20770627,34.585
20770628,33.27
20770629,34.563
20770630,34.852
20770701,37.211
20770702,38.462
20770703,35.492
20770704,30.468
20770705,35.623
20770706,33.416
20770707,27.14
20770708,33.77
20770709,28.717
20770710,28.203
20770711,30.984
20770712,29.575
20770713,31.35
20770714,33.97
20770715,38.103
20770716,39.062
20770717,41.424
20770718,39.025
20770719,33.634
20770720,30.624
20770721,30.132
20770722,29.385
20770723,29.241
20770724,30.336
20770725,32.4
20770726,26.844
20770727,29.191
20770728,28.529
20770729,30.226
20770730,34.33
20770731,31.876
20770801,33.974
20770802,35.503
20770803,35.469
20770804,36.751
20770805,37.573
20770806,37.387
20770807,34.197
20770808,33.775
20770809,36.76
20770810,33.1
20770811,33.057
20770812,34.648
20770813,32.813
20770814,29.273
20770815,29.556
20770816,32.286
20770817,32.544
20770818,27.889
20770819,23.259
20770820,28.546
20770821,29.386
20770822,30.418
20770823,33.243
20770824,26.19
20770825,26.984
20770826,25.291
20770827,26.809
20770828,27.826
20770829,26.795
20770830,26.443
20770831,27.879
20770901,27.749
20770902,28.253
20770903,26.783
20770904,20.324
20770905,24.624
20770906,23.696
20770907,26.779
20770908,24.242
20770909,25.649
20770910,25.638
20770911,24.919
20770912,23.892
20770913,25.103
20770914,21.299
20770915,26.364
20770916,27.319
20770917,20.37
20770918,23.352
20770919,22.973
20770920,22.412
20770921,20.795
20770922,22.12
20770923,23.09
20770924,22.977
20770925,24.543
20770926,24.061
20770927,23.641
20770928,22.198
20770929,21.183
20770930,22.389
20771001,24.366
20771002,22.125
20771003,21.44
20771004,18.893
20771005,18.568
20771006,21.748
20771007,21.314
20771008,21.346
20771009,20.653
20771010,19.013
20771011,18.84
20771012,20.159
20771013,19.979
20771014,20.862
20771015,19.732
20771016,20.316
20771017,16.856
20771018,17.031
20771019,18.709
20771020,17.643
20771021,18.923
20771022,18.779
20771023,19.049
20771024,18.663
20771025,21.282
20771026,21.837
20771027,19.18
20771028,19.73
20771029,21.268
20771030,20.892
20771031,20.466
20771101,19.292
20771102,17.778
20771103,17.193
20771104,16.3
20771105,16.297
20771106,12.552
20771107,14.633
20771108,15.287
20771109,15.222
20771110,16.724
20771111,17.491
20771112,17.067
20771113,17.675
20771114,16.331
20771115,16.341
20771116,15.053
20771117,15.723
20771118,16.226
20771119,17.529
20771120,14.846
20771121,12.085
20771122,8.8314
20771123,9.8533
20771124,9.9693
20771125,11.608
20771126,14.314
20771127,16.863
20771128,16.49
20771129,16.663
20771130,18.099
20771201,18.216
20771202,15.094
20771203,15.305
20771204,14.67
20771205,14.074
20771206,15.284
20771207,15.226
20771208,14.957
20771209,13.78
20771210,17.696
20771211,14.958
20771212,14.895
20771213,11.422
20771214,11.856
20771215,14.812
20771216,13.811
20771217,14.786
20771218,15.74
20771219,13.559
20771220,10.828
20771221,11.005
20771222,11.287
20771223,9.3195
20771224,10.066
20771225,12.048
20771226,12.614
20771227,14.551
20771228,4.1548
20771229,1.9897
20771230,3.8607
20771231,5.6541
20780101,6.776
20780102,9.2274
20780103,7.2303
20780104,6.4593
20780105,6.5208
20780106,6.6183
20780107,6.9361
20780108,5.9647
20780109,9.45
20780110,10.17
20780111,10.849
20780112,10.346
20780113,10.597
20780114,10.697
20780115,11.276
20780116,11.764
20780117,9.737
20780118,7.3926
20780119,15.955
20780120,16.915
20780121,11.18
20780122,9.7807
20780123,11.001
20780124,14.093
20780125,13.505
20780126,8.4965
20780127,9.6175
20780128,10.459
20780129,9.5516
20780130,13.642
20780131,11.667
20780201,13.707
20780202,13.464
20780203,10.52
20780204,11.151
20780205,10.666
20780206,12.39
20780207,12.591
20780208,13.375
20780209,12.654
20780210,12.728
20780211,13.389
20780212,9.7194
20780213,9.234
20780214,9.3575
20780215,13.925
20780216,12.439
20780217,9.5833
20780218,7.3908
20780219,8.2227
20780220,8.9584
20780221,8.0729
20780222,8.9731
20780223,9.914
20780224,11.155
20780225,9.9941
20780226,10.189
20780227,11.278
20780228,12.065
20780301,12.495
20780302,12.766
20780303,15.851
20780304,14.66
20780305,17.846
20780306,17.392
20780307,17.336
20780308,14.493
20780309,14.382
20780310,16.768
20780311,19.228
20780312,17.766
20780313,14.096
20780314,15.008
20780315,17.801
20780316,17.304
20780317,17.919
20780318,18.138
20780319,17.998
20780320,18.796
20780321,17.529
20780322,16.078
20780323,18.798
20780324,19.966
20780325,22.269
20780326,22.78
20780327,18.34
20780328,21.188
20780329,20.994
20780330,20.588
20780331,18.83
20780401,19.716
20780402,23.556
20780403,25.945
20780404,22.213
20780405,20.266
20780406,20.111
20780407,22.234
20780408,23.896
20780409,21.75
20780410,16.095
20780411,20.844
20780412,16.882
20780413,14.499
20780414,15.587
20780415,18.585
20780416,18.431
20780417,18.33
20780418,18.251
20780419,17.296
20780420,15.751
20780421,15.642
20780422,17.776
20780423,18.3
20780424,19.132
20780425,17.824
20780426,18.566
20780427,16.822
20780428,16.96
20780429,21.441
20780430,23.642
20780501,25.313
20780502,19.183
20780503,18.705
20780504,18.089
20780505,19.762
20780506,19.427
20780507,21.442
20780508,21.345
20780509,22.711
20780510,24.019
20780511,15.33
20780512,17.985
20780513,20.767
20780514,23.196
20780515,27.953
20780516,27.461
20780517,25.424
20780518,25.161
20780519,25.653
20780520,26.635
20780521,26.555
20780522,24.474
20780523,27.159
20780524,28.788
20780525,26.873
20780526,27.296
20780527,27.788
20780528,30
20780529,25.581
20780530,20.567
20780531,25.563
20780601,24.822
20780602,22.545
20780603,24.28
20780604,25.81
20780605,24.919
20780606,29.337
20780607,30.734
20780608,29.669
20780609,27.336
20780610,31.957
20780611,31.27
20780612,32.798
20780613,34.149
20780614,34.947
20780615,32.075
20780616,27.298
20780617,23.398
20780618,27.532
20780619,29.009
20780620,24.897
20780621,31.07
20780622,28.872
20780623,23.873
20780624,23.153
20780625,26.481
20780626,29.537
20780627,27.106
20780628,26.51
20780629,25.558
20780630,28.995
20780701,25.021
20780702,28.557
20780703,23.047
20780704,26.09
20780705,32.082
20780706,31.45
20780707,28.587
20780708,25.839
20780709,27.472
20780710,29.795
20780711,23.442
20780712,25.712
20780713,27.12
20780714,27.325
20780715,30.538
20780716,22.692
20780717,31.057
20780718,29.215
20780719,28.925
20780720,28.632
20780721,29.133
20780722,32.155
20780723,26.184
20780724,31.624
20780725,32.55
20780726,37.268
20780727,37.886
20780728,35.861
20780729,31.262
20780730,31.354
20780731,32.63
20780801,28.451
20780802,31.015
20780803,32.71
20780804,32.965
20780805,35.219
20780806,33.943
20780807,32.518
20780808,33.19
20780809,25.225
20780810,27.824
20780811,32.288
20780812,35.147
20780813,35.519
20780814,36.559
20780815,36.451
20780816,35.946
20780817,35.231
20780818,36.998
20780819,30.252
20780820,29.734
20780821,27.333
20780822,33.126
20780823,32.612
20780824,31.722
20780825,30.647
20780826,33.833
20780827,35.191
20780828,31.878
20780829,29.988
20780830,29.907
20780831,28.541
20780901,30.64
20780902,31.509
20780903,30.368
20780904,30.298
20780905,30.423
20780906,29.218
20780907,31.18
20780908,32.8
20780909,30.084
20780910,30.436
20780911,30.6
20780912,24.622
20780913,25.611
20780914,31.759
20780915,34.466
20780916,33.204
20780917,31.25
20780918,30.504
20780919,23.902
20780920,29.68
20780921,28.873
20780922,23.348
20780923,22.357
20780924,25.044
20780925,25.47
20780926,23.871
20780927,23.682
20780928,22.672
20780929,24.456
20780930,23.821
20781001,24.783
20781002,23.562
20781003,23.449
20781004,24.275
20781005,23.637
20781006,21.45
20781007,19.785
20781008,21.733
20781009,20.203
20781010,25.965
20781011,25.832
20781012,26.551
20781013,27.746
20781014,23.769
20781015,19.463
20781016,22.856
20781017,23.802
20781018,22.677
20781019,23.926
20781020,24.397
20781021,22.638
20781022,21.592
20781023,16.957
20781024,16.555
20781025,16.623
20781026,18.031
20781027,19.846
20781028,18.352
20781029,19.412
20781030,18.027
20781031,16.445
20781101,15.271
20781102,14.498
20781103,16.364
20781104,15.869
20781105,16.439
20781106,15.788
20781107,16.159
20781108,9.337
20781109,9.3651
20781110,7.5897
20781111,8.6211
20781112,10.85
20781113,12.462
20781114,12.821
20781115,12.808
20781116,13.071
20781117,14.347
20781118,12.85
20781119,13
20781120,13.132
20781121,11.682
20781122,12.269
20781123,12.311
20781124,11.898
20781125,14.102
20781126,15.78
20781127,14.554
20781128,12.787
20781129,12.758
20781130,11.45
20781201,15.084
20781202,13.312
20781203,12.17
20781204,13.89
20781205,15.978
20781206,15.55
20781207,16.907
20781208,15.293
20781209,14.941
20781210,14.805
20781211,13.246
20781212,12.971
20781213,14.194
20781214,15.27
20781215,13.613
20781216,15.483
20781217,14.703
20781218,12.933
20781219,7.8879
20781220,12.218
20781221,13.589
20781222,13.547
20781223,13.066
20781224,13.991
20781225,15.521
20781226,13.789
20781227,14.889
20781228,10.417
20781229,11.713
20781230,14.465
20781231,13.384
20790101,11.503
20790102,11.252
20790103,10.149
20790104,8.2938
20790105,13.768
20790106,12.586
20790107,10.193
20790108,6.6217
20790109,12.583
20790110,11.47
20790111,10.027
20790112,7.0058
20790113,9.8817
20790114,13.888
20790115,11.149
20790116,13.413
20790117,13.766
20790118,13.797
20790119,14.015
20790120,12.584
20790121,12.044
20790122,15.732
20790123,14.346
20790124,15.374
20790125,13.962
20790126,14.272
20790127,15.599
20790128,16.381
20790129,14.874
20790130,13.385
20790131,11.631
20790201,12.126
20790202,10.562
20790203,11.839
20790204,11.443
20790205,11.948
20790206,10.757
20790207,12.847
20790208,16.78
20790209,18.43
20790210,18.299
20790211,18.126
20790212,11.196
20790213,10.35
20790214,12.842
20790215,17.032
20790216,16.62
20790217,19.107
20790218,19.363
20790219,20.052
20790220,18.77
20790221,18.148
20790222,16.42
20790223,15.855
20790224,13.719
20790225,14.308
20790226,15.884
20790227,13.461
20790228,17.746
20790301,13.482
20790302,22.181
20790303,20.225
20790304,14.36
20790305,11.976
20790306,10.156
20790307,12.189
20790308,13.521
20790309,14.46
20790310,14.761
20790311,13.528
20790312,12.53
20790313,14.271
20790314,14.729
20790315,14.277
20790316,15.808
20790317,17.978
20790318,15.956
20790319,15.053
20790320,14.611
20790321,14.801
20790322,13.955
20790323,15.204
20790324,18.477
20790325,17.656
20790326,16.439
20790327,17.494
20790328,15.67
20790329,20.143
20790330,21.524
20790331,18.791
20790401,19.476
20790402,16.817
20790403,16.373
20790404,12.607
20790405,14.362
20790406,13.978
20790407,16.188
20790408,16.242
20790409,13.117
20790410,15.399
20790411,19.197
20790412,20.157
20790413,19.552
20790414,19.633
20790415,20.408
20790416,18.65
20790417,16.257
20790418,13.823
20790419,18.538
20790420,18.782
20790421,19.662
20790422,19.3
20790423,20.55
20790424,21.028
20790425,21.716
20790426,18.445
20790427,14.928
20790428,16.871
20790429,20.801
20790430,19.274
20790501,19.954
20790502,20.352
20790503,19.765
20790504,19.687
20790505,19.454
20790506,20.469
20790507,20.21
20790508,21.901
20790509,20.405
20790510,15.086
20790511,18.438
20790512,21.679
20790513,22.274
20790514,17.92
20790515,19.714
20790516,21.054
20790517,16.765
20790518,19.37
20790519,21.853
20790520,23.402
20790521,22.583
20790522,22.477
20790523,24.494
20790524,25.323
20790525,27.912
20790526,26.063
20790527,26.849
20790528,27.455
20790529,30.522
20790530,27.957
20790531,28.377
20790601,30.125
20790602,30.381
20790603,27.826
20790604,28.128
20790605,30.459
20790606,29.917
20790607,29.249
20790608,26.217
20790609,30.576
20790610,31.369
20790611,28.707
20790612,25.03
20790613,25.516
20790614,25.451
20790615,27.424
20790616,30.49
20790617,31.429
20790618,21.488
20790619,25.711
20790620,26.982
20790621,26.549
20790622,22.031
20790623,24.69
20790624,22.927
20790625,23.5
20790626,25.146
20790627,26.172
20790628,29.085
20790629,27.724
20790630,29.638
20790701,30.605
20790702,32.371
20790703,31.065
20790704,29.481
20790705,28.382
20790706,29.581
20790707,28.856
20790708,28.501
20790709,23.391
20790710,25.461
20790711,25.684
20790712,23.553
20790713,29.063
20790714,30.021
20790715,32.966
20790716,34.991
20790717,33.458
20790718,35.672
20790719,32.561
20790720,31.031
20790721,34.786
20790722,32.562
20790723,27.28
20790724,29.73
20790725,29.127
20790726,30.278
20790727,29.784
20790728,30.246
20790729,31.756
20790730,27.569
20790731,29.869
20790801,32.9
20790802,36.497
20790803,36.818
20790804,34.257
20790805,36.37
20790806,36.204
20790807,31.547
20790808,35.825
20790809,32.587
20790810,31.084
20790811,24.996
20790812,30.096
20790813,31.772
20790814,32.046
20790815,30.178
20790816,29.847
20790817,27.848
20790818,27.963
20790819,25.957
20790820,30.372
20790821,32.052
20790822,32.826
20790823,33.121
20790824,33.396
20790825,32.758
20790826,26.424
20790827,26.356
20790828,26.662
20790829,27.986
20790830,29.861
20790831,32.761
20790901,34.679
20790902,33.78
20790903,24.101
20790904,26.033
20790905,28.016
20790906,30.206
20790907,30.037
20790908,29.377
20790909,30.996
20790910,31.813
20790911,29.979
20790912,28.972
20790913,25.29
20790914,21.278
20790915,25.498
20790916,21.644
20790917,25.398
20790918,30.743
20790919,26.213
20790920,21.17
20790921,15.342
20790922,21.896
20790923,21.475
20790924,24.171
20790925,24.49
20790926,22.493
20790927,22.283
20790928,21.865
20790929,22.543
20790930,20.991
20791001,22.355
20791002,22.947
20791003,23.861
20791004,17.474
20791005,22.084
20791006,21.158
20791007,17.431
20791008,17.288
20791009,17.898
20791010,19.799
20791011,18.712
20791012,19.845
20791013,19.418
20791014,18.211
20791015,22.168
20791016,19.133
20791017,18.686
20791018,19.715
20791019,17.718
20791020,18.974
20791021,18.643
20791022,17.1
20791023,15.323
20791024,13.431
20791025,12.59
20791026,11.118
20791027,13.239
20791028,12.467
20791029,11.924
20791030,12.633
20791031,12.935
20791101,14.143
20791102,13.747
20791103,14.579
20791104,14.815
20791105,16.361
20791106,17.737
20791107,14.514
20791108,13.858
20791109,15.115
20791110,15.04
20791111,11.052
20791112,11.648
20791113,11.769
20791114,12.079
20791115,11.94
20791116,13.654
20791117,13.118
20791118,11.196
20791119,12.502
20791120,15.608
20791121,16.27
20791122,15.34
20791123,14.522
20791124,13.812
20791125,14.699
20791126,21.528
20791127,21.907
20791128,21.71
20791129,18.572
20791130,15.958
20791201,15.027
20791202,13.08
20791203,11.74
20791204,10.463
20791205,9.5008
20791206,8.6023
20791207,7.9701
20791208,10.996
20791209,12.01
20791210,12.152
20791211,10.101
20791212,10.257
20791213,12.474
20791214,14.317
20791215,15.814
20791216,11.715
20791217,10.85
20791218,12.964
20791219,9.5363
20791220,11.671
20791221,10.282
20791222,11.238
20791223,13.06
20791224,13.841
20791225,14
20791226,13.577
20791227,15.021
20791228,13.879
20791229,11.57
20791230,11.507
20791231,12.514
20800101,12.14
20800102,9.3557
20800103,10.738
20800104,10.802
20800105,10.471
20800106,9.9692
20800107,12.868
20800108,12.136
20800109,12.237
20800110,10.151
20800111,13.833
20800112,9.3566
20800113,11.189
20800114,9.3058
20800115,11.012
20800116,11.543
20800117,9.8161
20800118,11.176
20800119,10.101
20800120,10.669
20800121,9.0497
20800122,9.1934
20800123,8.7374
20800124,10.494
20800125,9.0527
20800126,12.819
20800127,13.236
20800128,14.101
20800129,15.081
20800130,12.497
20800131,12.151
20800201,12.919
20800202,10.736
20800203,10.618
20800204,11.203
20800205,10.644
20800206,10.333
20800207,10.416
20800208,7.5863
20800209,10.283
20800210,8.9312
20800211,9.1375
20800212,10.321
20800213,4.3904
20800214,8.7916
20800215,9.831
20800216,12.419
20800217,12.227
20800218,12.25
20800219,13.655
20800220,14.956
20800221,10.125
20800222,11.481
20800223,12.275
20800224,11.406
20800225,15.028
20800226,13.968
20800227,12.956
20800228,13.598
20800229,12.355
20800301,12.413
20800302,16.216
20800303,15.828
20800304,13.086
20800305,17.139
20800306,15.959
20800307,15.934
20800308,16.445
20800309,20.53
20800310,21.761
20800311,15.368
20800312,13.277
20800313,11.1
20800314,11.483
20800315,11.447
20800316,13.85
20800317,12.385
20800318,14.799
20800319,16.025
20800320,12.342
20800321,14.462
20800322,17.669
20800323,18.508
20800324,20.361
20800325,22.458
20800326,25.981
20800327,24.491
20800328,25.028
20800329,25.5
20800330,27.182
20800331,21.69
20800401,21.139
20800402,14.616
20800403,15.78
20800404,15.942
20800405,13.628
20800406,15.936
20800407,15.358
20800408,12.5
20800409,15.676
20800410,16.045
20800411,13.962
20800412,17.595
20800413,18.007
20800414,16.995
20800415,18.49
20800416,21.888
20800417,23.176
20800418,21.611
20800419,19.327
20800420,18.282
20800421,18.035
20800422,18.144
20800423,15.735
20800424,16.989
20800425,18.176
20800426,18.274
20800427,18.593
20800428,16.047
20800429,14.121
20800430,13.738
20800501,18.926
20800502,18.348
20800503,20.138
20800504,21.699
20800505,23.344
20800506,21.759
20800507,22.024
20800508,24.912
20800509,25.83
20800510,22.757
20800511,22.159
20800512,19.656
20800513,23.329
20800514,21.901
20800515,21.774
20800516,19.993
20800517,22.069
20800518,24.957
20800519,27.888
20800520,29.356
20800521,26.547
20800522,29.524
20800523,30.206
20800524,29.146
20800525,29.684
20800526,27.973
20800527,29.026
20800528,27.301
20800529,26.189
20800530,24.657
20800531,31.086
20800601,32.776
20800602,29.788
20800603,27.163
20800604,26.587
20800605,22.43
20800606,25.426
20800607,30.348
20800608,31.61
20800609,34.339
20800610,33.318
20800611,29.37
20800612,27.571
20800613,29.075
20800614,30.827
20800615,29.441
20800616,33.58
20800617,32.447
20800618,33.926
20800619,32.5
20800620,29.592
20800621,25.185
20800622,26.816
20800623,30.042
20800624,28.942
20800625,29.681
20800626,30.082
20800627,25.939
20800628,27.32
20800629,27.149
20800630,23.862
20800701,25.06
20800702,27.108
20800703,29.321
20800704,31.392
20800705,24.353
20800706,29.52
20800707,31.365
20800708,28.86
20800709,29.974
20800710,32.845
20800711,29.451
20800712,30.984
20800713,27.035
20800714,27.955
20800715,31.636
20800716,31.865
20800717,34.836
20800718,36.088
20800719,36.286
20800720,36.908
20800721,37.814
20800722,38.879
20800723,35.634
20800724,25.622
20800725,27.825
20800726,29.434
20800727,29.73
20800728,32.505
20800729,30.941
20800730,29.435
20800731,34.489
20800801,36.137
20800802,37.503
20800803,36.622
20800804,37.031
20800805,35.296
20800806,36.191
20800807,35.521
20800808,30.881
20800809,31.585
20800810,35.072
20800811,36.79
20800812,36.078
20800813,35.074
20800814,30.469
20800815,28.005
20800816,24.052
20800817,28.927
20800818,34.102
20800819,34.03
20800820,33.88
20800821,34.325
20800822,33.283
20800823,31.557
20800824,31.95
20800825,33.398
20800826,33.702
20800827,33.431
20800828,26.831
20800829,27.798
20800830,30.944
20800831,31.177
20800901,28.623
20800902,29.093
20800903,28.792
20800904,28.714
20800905,30.982
20800906,33.872
20800907,31.064
20800908,25.134
20800909,25.995
20800910,26.195
20800911,29.158
20800912,30.881
20800913,25.588
20800914,24.908
20800915,28.925
20800916,27.436
20800917,30.328
20800918,29.204
20800919,31.102
20800920,31.932
20800921,31.29
20800922,25.626
20800923,24.597
20800924,24.657
20800925,19.413
20800926,24.058
20800927,22.763
20800928,22.973
20800929,21.38
20800930,22.957
20801001,22.977
20801002,23.62
20801003,23.479
20801004,23.156
20801005,23.616
20801006,23.426
20801007,22.773
20801008,22.026
20801009,21.515
20801010,21.176
20801011,22.158
20801012,21.314
20801013,20.307
20801014,20.949
20801015,22.011
20801016,19.584
20801017,15.587
20801018,14.062
20801019,14.847
20801020,18.978
20801021,19.496
20801022,21.793
20801023,21.826
20801024,21.641
20801025,20.834
20801026,19.478
20801027,19.956
20801028,20.329
20801029,20.759
20801030,21.054
20801031,20.51
20801101,19.85
20801102,18.944
20801103,17.668
20801104,17.299
20801105,16.802
20801106,15.622
20801107,14.806
20801108,14.481
20801109,14.971
20801110,15.085
20801111,14.998
20801112,14.829
20801113,13.879
20801114,14.76
20801115,14.271
20801116,14.237
20801117,14.668
20801118,14.398
20801119,13.72
20801120,12.404
20801121,14.783
20801122,15.96
20801123,18.371
20801124,15.856
20801125,11.53
20801126,13.172
20801127,12.903
20801128,10.852
20801129,6.4953
20801130,8.1029
20801201,7.9323
20801202,8.0323
20801203,10.294
20801204,10.842
20801205,11.262
20801206,11.911
20801207,13.327
20801208,12.221
20801209,12.584
20801210,13.857
20801211,14.129
20801212,12.429
20801213,12.937
20801214,13.786
20801215,12.224
20801216,13.212
20801217,14.147
20801218,14.621
20801219,14.284
20801220,11.662
20801221,9.6402
20801222,10.617
20801223,10.046
20801224,11.436
20801225,9.2122
20801226,10.45
20801227,11.152
20801228,12.794
20801229,9.3368
20801230,6.3923
20801231,6.1776
20810101,10.835
20810102,10.168
20810103,7.1759
20810104,10.745
20810105,9.6362
20810106,10.395
20810107,10.87
20810108,13.827
20810109,14.69
20810110,14.825
20810111,14.232
20810112,14.222
20810113,11.286
20810114,10.903
20810115,12.108
20810116,11.654
20810117,11.809
20810118,9.5864
20810119,9.5515
20810120,12.096
20810121,16.071
20810122,12.134
20810123,13.076
20810124,14.716
20810125,16.146
20810126,16.467
20810127,15.792
20810128,14.358
20810129,14.983
20810130,15.55
20810131,18.082
20810201,14.288
20810202,12.129
20810203,15.195
20810204,13.62
20810205,8.929
20810206,8.8169
20810207,10.307
20810208,7.287
20810209,12.459
20810210,12.262
20810211,10.513
20810212,10.864
20810213,11.317
20810214,11.363
20810215,11.959
20810216,14.259
20810217,17.339
20810218,16.127
20810219,14.743
20810220,12.647
20810221,11.674
20810222,11.622
20810223,12.263
20810224,13.018
20810225,15.999
20810226,12.874
20810227,13.08
20810228,12.882
20810301,12.858
20810302,15.104
20810303,11.766
20810304,13.728
20810305,15.997
20810306,13.878
20810307,7.0723
20810308,11.892
20810309,11.393
20810310,13.588
20810311,15.956
20810312,15.511
20810313,15.14
20810314,17.301
20810315,18.284
20810316,19.066
20810317,15.94
20810318,14.738
20810319,15.259
20810320,11.354
20810321,12.239
20810322,13.119
20810323,15.001
20810324,16.349
20810325,16.235
20810326,15.779
20810327,13.976
20810328,13.111
20810329,16.675
20810330,16.306
20810331,17.784
20810401,18.832
20810402,20.733
20810403,20.028
20810404,18.007
20810405,18.781
20810406,18.581
20810407,18.948
20810408,21.115
20810409,18.488
20810410,17.931
20810411,16.969
20810412,13.417
20810413,16.518
20810414,15.78
20810415,18.119
20810416,16.62
20810417,20.884
20810418,17.096
20810419,18.524
20810420,18.833
20810421,16.961
20810422,20.64
20810423,22.689
20810424,24.56
20810425,23.217
20810426,24.728
20810427,21.178
20810428,22.106
20810429,17.142
20810430,19.746
20810501,21.005
20810502,20.773
20810503,15.06
20810504,23.132
20810505,20.12
20810506,20.149
20810507,22.407
20810508,19.696
20810509,21.847
20810510,20.989
20810511,24.113
20810512,21.733
20810513,19.323
20810514,18.677
20810515,17.405
20810516,19.12
20810517,20.446
20810518,18.593
20810519,19.379
20810520,19.561
20810521,20.784
20810522,23.25
20810523,19.163
20810524,22.485
20810525,24.271
20810526,20.745
20810527,18.244
20810528,19.198
20810529,19.331
20810530,22.018
20810531,23.618
20810601,22.937
20810602,23.388
20810603,24.702
20810604,29.01
20810605,30.136
20810606,27.27
20810607,24.05
20810608,27.282
20810609,28.108
20810610,28.659
20810611,27.649
20810612,25.267
20810613,28.476
20810614,31.158
20810615,28.585
20810616,27.024
20810617,30.119
20810618,31.176
20810619,28.627
20810620,20.95
20810621,25.945
20810622,29.155
20810623,31.837
20810624,30.079
20810625,32.995
20810626,33.216
20810627,33.466
20810628,29.978
20810629,32.28
20810630,33.105
20810701,35.53
20810702,36.964
20810703,35.725
20810704,38.453
20810705,36.734
20810706,33.87
20810707,34.08
20810708,27.752
20810709,27.146
20810710,28.171
20810711,30.953
20810712,33.028
20810713,34.549
20810714,37.032
20810715,34.229
20810716,36.194
20810717,35.757
20810718,35.041
20810719,30.943
20810720,30.446
20810721,31.734
20810722,37.319
20810723,31.916
20810724,30.285
20810725,32.417
20810726,31.768
20810727,33.828
20810728,34.798
20810729,35.872
20810730,33.386
20810731,29.602
20810801,30.56
20810802,32.437
20810803,35.921
20810804,34.476
20810805,32.341
20810806,31.615
20810807,34.303
20810808,34.907
20810809,32.343
20810810,31.143
20810811,30.404
20810812,32.151
20810813,33.048
20810814,34.978
20810815,36.054
20810816,32.813
20810817,30.267
20810818,34.729
20810819,31.812
20810820,30.428
20810821,33.19
20810822,28.208
20810823,30.517
20810824,31.561
20810825,29.197
20810826,29.963
20810827,33.411
20810828,33.321
20810829,33.701
20810830,33.325
20810831,36.259
20810901,30.814
20810902,27.886
20810903,27.21
20810904,26.516
20810905,28.297
20810906,31.026
20810907,33.033
20810908,33.062
20810909,32.7
20810910,32.023
20810911,27.52
20810912,22.487
20810913,27.963
20810914,25.63
20810915,27.597
20810916,27.922
20810917,28.65
20810918,26.947
20810919,26.262
20810920,26.508
20810921,27.9
20810922,29.872
20810923,27.749
20810924,27.904
20810925,28.098
20810926,27.512
20810927,24.165
20810928,27.078
20810929,26.608
20810930,26.685
20811001,26.12
20811002,23.561
20811003,17.996
20811004,17.682
20811005,19.735
20811006,15.977
20811007,18.179
20811008,20.391
20811009,19.469
20811010,20.688
20811011,21.319
20811012,19.866
20811013,17.603
20811014,20.364
20811015,20.046
20811016,19.464
20811017,20.318
20811018,19.755
20811019,21.127
20811020,22.821
20811021,19.71
20811022,21.201
20811023,19.739
20811024,19.062
20811025,15.059
20811026,19.011
20811027,20.353
20811028,19.703
20811029,19.348
20811030,17.358
20811031,19.328
20811101,20.548
20811102,17.476
20811103,18.247
20811104,20.388
20811105,18.239
20811106,21.749
20811107,23.062
20811108,22.091
20811109,19.226
20811110,17.585
20811111,15.425
20811112,14.878
20811113,14.124
20811114,15.771
20811115,14.747
20811116,15.107
20811117,15.669
20811118,13.705
20811119,13.407
20811120,11.953
20811121,9.7665
20811122,8.9916
20811123,12.648
20811124,12.327
20811125,13.185
20811126,12.324
20811127,11.519
20811128,10.68
20811129,8.0659
20811130,9.8178
20811201,10.574
20811202,11.12
20811203,10.897
20811204,9.5097
20811205,10.346
20811206,11.573
20811207,12.606
20811208,9.8626
20811209,13.991
20811210,13.782
20811211,11.98
20811212,12.215
20811213,11.191
20811214,7.5682
20811215,7.4386
20811216,5.5689
20811217,4.1033
20811218,4.7002
20811219,4.6284
20811220,4.6976
20811221,7.107
20811222,9.3897
20811223,10.161
20811224,8.4199
20811225,8.8765
20811226,12.51
20811227,10.975
20811228,9.2842
20811229,11.756
20811230,10.283
20811231,11.46
20820101,14.026
20820102,13.988
20820103,10.34
20820104,8.1095
20820105,15.445
20820106,10.411
20820107,8.668
20820108,11.309
20820109,11.385
20820110,9.1954
20820111,9.3203
20820112,7.4172
20820113,9.6522
20820114,8.705
20820115,8.9404
20820116,7.8261
20820117,9.578
20820118,5.5508
20820119,8.3526
20820120,11.486
20820121,11.657
20820122,13.176
20820123,10.874
20820124,8.6416
20820125,7.6659
20820126,5.717
20820127,10.258
20820128,11.824
20820129,15.374
20820130,15.323
20820131,14.175
20820201,19.29
20820202,20.765
20820203,20.301
20820204,20.398
20820205,17.223
20820206,15.716
20820207,14.802
20820208,16.469
20820209,15.79
20820210,15.575
20820211,13.996
20820212,16.378
20820213,19.119
20820214,18.828
20820215,17.24
20820216,17.229
20820217,16.636
20820218,15.071
20820219,16.07
20820220,15.332
20820221,15.116
20820222,15.731
20820223,14.953
20820224,16.527
20820225,15.336
20820226,13.81
20820227,12.575
20820228,11.08
20820301,15.195
20820302,14.065
20820303,11.464
20820304,10.065
20820305,9.6136
20820306,10.047
20820307,12.809
20820308,14.512
20820309,15.46
20820310,14.92
20820311,15.538
20820312,13.199
20820313,10.101
20820314,13.894
20820315,14.095
20820316,14.272
20820317,13.388
20820318,12.978
20820319,13.627
20820320,14.575
20820321,13.425
20820322,14.294
20820323,15.643
20820324,14.124
20820325,11.563
20820326,11.267
20820327,11.177
20820328,11.408
20820329,12.826
20820330,14.068
20820331,16.523
20820401,14.357
20820402,17.181
20820403,13.647
20820404,13.686
20820405,15.679
20820406,14.021
20820407,20.238
20820408,20.187
20820409,20.97
20820410,20.687
20820411,16.089
20820412,13.977
20820413,17.116
20820414,17.896
20820415,15.742
20820416,16.907
20820417,16.561
20820418,17.94
20820419,18.539
20820420,18.703
20820421,19.151
20820422,19.707
20820423,23.026
20820424,23.282
20820425,23.19
20820426,24.309
20820427,23.163
20820428,24.001
20820429,25.771
20820430,20.019
20820501,18.046
20820502,20.712
20820503,22.756
20820504,24.357
20820505,22.429
20820506,23.176
20820507,23.407
20820508,24.101
20820509,22.449
20820510,24.745
20820511,23.63
20820512,26.213
20820513,27.754
20820514,25.572
20820515,25.064
20820516,25.207
20820517,26.349
20820518,28.729
20820519,30.449
20820520,30.348
20820521,30.888
20820522,33.566
20820523,32.45
20820524,29.767
20820525,28.743
20820526,30.905
20820527,28.075
20820528,26.917
20820529,28.029
20820530,24.476
20820531,30.669
20820601,30.535
20820602,28.957
20820603,32.529
20820604,28.277
20820605,26.453
20820606,20.438
20820607,25.144
20820608,25.154
20820609,29.304
20820610,29.039
20820611,25.795
20820612,27.756
20820613,28.502
20820614,30.191
20820615,32.591
20820616,26.872
20820617,25.485
20820618,23.539
20820619,24.95
20820620,28.365
20820621,27.881
20820622,28.863
20820623,29.582
20820624,32.224
20820625,34.124
20820626,35.049
20820627,34.167
20820628,37.024
20820629,31.26
20820630,32.631
20820701,31.283
20820702,28.741
20820703,31.069
20820704,35.119
20820705,33.538
20820706,27.356
20820707,27.752
20820708,27.576
20820709,29.233
20820710,30.505
20820711,32.526
20820712,33.667
20820713,33.837
20820714,32.73
20820715,34.271
20820716,36.7
20820717,38.088
20820718,39.97
20820719,39.39
20820720,35.869
20820721,34.229
20820722,30.972
20820723,34.322
20820724,35.361
20820725,32.343
20820726,24.628
20820727,27.461
20820728,32.27
20820729,33.055
20820730,25.137
20820731,25.727
20820801,23.471
20820802,24.596
20820803,27.25
20820804,33.9
20820805,34.963
20820806,33.792
20820807,30.039
20820808,27.547
20820809,29.706
20820810,32.048
20820811,34.989
20820812,36.015
20820813,31.192
20820814,27.795
20820815,28.82
20820816,28.269
20820817,32.194
20820818,33.271
20820819,33.363
20820820,35.049
20820821,31.798
20820822,28.769
20820823,29.655
20820824,33.053
20820825,34.756
20820826,33.04
20820827,31.934
20820828,28.766
20820829,32.945
20820830,34.724
20820831,28.073
20820901,26.818
20820902,29.669
20820903,30.319
20820904,26.941
20820905,24.002
20820906,24.29
20820907,27.653
20820908,26.078
20820909,27.236
20820910,29.366
20820911,26.643
20820912,25.777
20820913,22.472
20820914,25.227
20820915,26.693
20820916,28.953
20820917,29.65
20820918,28.906
20820919,30.861
20820920,30.54
20820921,30.24
20820922,28.636
20820923,27.683
20820924,29.419
20820925,28.056
20820926,27.051
20820927,26.336
20820928,25.523
20820929,24.584
20820930,26.472
20821001,20.401
20821002,19.599
20821003,21.46
20821004,22.058
20821005,20.708
20821006,21.753
20821007,20.52
20821008,24.051
20821009,23.207
20821010,17.968
20821011,18.193
20821012,17.923
20821013,17.28
20821014,18.665
20821015,16.13
20821016,19.383
20821017,20.097
20821018,20.488
20821019,20.361
20821020,20.172
20821021,19.713
20821022,17.865
20821023,19.752
20821024,18.985
20821025,18.212
20821026,18.952
20821027,18.818
20821028,17.71
20821029,15.747
20821030,16.155
20821031,15.701
20821101,16.269
20821102,15.881
20821103,15.716
20821104,13.709
20821105,13.985
20821106,16.096
20821107,13.156
20821108,11.108
20821109,12.163
20821110,11.711
20821111,12.52
20821112,12.243
20821113,12.857
20821114,12.447
20821115,12.202
20821116,11.636
20821117,11.447
20821118,11.518
20821119,11.524
20821120,15.633
20821121,14.159
20821122,11.963
20821123,9.396
20821124,7.6841
20821125,7.5426
20821126,7.4882
20821127,7.2175
20821128,13.603
20821129,15.177
20821130,16.072
20821201,15.747
20821202,17.846
20821203,15.361
20821204,13.598
20821205,12.727
20821206,13.955
20821207,13.197
20821208,14.639
20821209,13.462
20821210,13.535
20821211,15.15
20821212,12.847
20821213,13.12
20821214,12.088
20821215,14.916
20821216,15.808
20821217,12.134
20821218,12.276
20821219,9.3607
20821220,12.021
20821221,12.679
20821222,12.645
20821223,14.766
20821224,12.552
20821225,13.294
20821226,9.2061
20821227,6.4828
20821228,6.1751
20821229,8.8958
20821230,6.1213
20821231,6.553
20830101,6.8395
20830102,4.384
20830103,1.2133
20830104,7.0909
20830105,13.218
20830106,12.554
20830107,10.659
20830108,12.742
20830109,12.693
20830110,10.889
20830111,9.507
20830112,12.975
20830113,13.988
20830114,14.641
20830115,14.774
20830116,14.236
20830117,17.066
20830118,16.248
20830119,12.518
20830120,10.667
20830121,11.96
20830122,14.658
20830123,10.763
20830124,11.447
20830125,12.888
20830126,12.41
20830127,13.471
20830128,14.01
20830129,13.145
20830130,12.04
20830131,12.586
20830201,11.728
20830202,10.771
20830203,12.327
20830204,12.038
20830205,11.257
20830206,12.305
20830207,13.862
20830208,14.166
20830209,15.891
20830210,13.093
20830211,13.089
20830212,12.421
20830213,14.555
20830214,14.137
20830215,14.109
20830216,14.346
20830217,12.589
20830218,12.056
20830219,12.744
20830220,12.792
20830221,11.256
20830222,11.016
20830223,9.8074
20830224,13.864
20830225,13.693
20830226,13.925
20830227,16.697
20830228,18.194
20830301,15.367
20830302,19.947
20830303,22.35
20830304,24.204
20830305,20.938
20830306,24.68
20830307,20.916
20830308,15.759
20830309,14.764
20830310,16.15
20830311,15.275
20830312,12.222
20830313,11.822
20830314,16.512
20830315,14.575
20830316,9.9509
20830317,11.803
20830318,12.487
20830319,15.556
20830320,16.142
20830321,14.112
20830322,16.527
20830323,15.653
20830324,11.552
20830325,14.732
20830326,15.771
20830327,17.63
20830328,17.807
20830329,19.648
20830330,19.311
20830331,18.422
20830401,21.982
20830402,24.658
20830403,24.263
20830404,22.015
20830405,21.809
20830406,22.38
20830407,19.967
20830408,23.163
20830409,25.055
20830410,25.053
20830411,20.143
20830412,23.652
20830413,24.05
20830414,21.374
20830415,18.196
20830416,16.017
20830417,21.476
20830418,23.146
20830419,28.985
20830420,30.617
20830421,26.41
20830422,29.186
20830423,32.819
20830424,25.263
20830425,23.778
20830426,22.991
20830427,23.691
20830428,23.93
20830429,20.518
20830430,21.973
20830501,14.898
20830502,21.839
20830503,21.362
20830504,20.162
20830505,20.514
20830506,22.268
20830507,24.355
20830508,25.594
20830509,27.624
20830510,27.919
20830511,27.195
20830512,23.413
20830513,24.616
20830514,26.928
20830515,23.359
20830516,28.076
20830517,25.802
20830518,28.056
20830519,31.574
20830520,31.435
20830521,28.152
20830522,25.691
20830523,26.581
20830524,24.796
20830525,25.341
20830526,22.549
20830527,25.78
20830528,27.393
20830529,25.132
20830530,29.66
20830531,30.928
20830601,30.017
20830602,27.457
20830603,31.657
20830604,33.768
20830605,35.401
20830606,37.004
20830607,35.201
20830608,30.673
20830609,32.095
20830610,36.196
20830611,28.574
20830612,29.639
20830613,32.014
20830614,32.545
20830615,33.596
20830616,28.833
20830617,25.029
20830618,25.822
20830619,28.48
20830620,30.607
20830621,28.906
20830622,28.791
20830623,27.699
20830624,24.52
20830625,22.781
20830626,25.233
20830627,28.03
20830628,31.719
20830629,30.039
20830630,30.631
20830701,31.764
20830702,32.085
20830703,32.092
20830704,33.996
20830705,35.916
20830706,37.322
20830707,36.757
20830708,37.054
20830709,33.83
20830710,30.027
20830711,25.893
20830712,23.474
20830713,27.266
20830714,28.878
20830715,32.99
20830716,35.247
20830717,37.511
20830718,39.308
20830719,34.864
20830720,36.999
20830721,32.649
20830722,35.912
20830723,31.812
20830724,30.607
20830725,29.67
20830726,30.399
20830727,34.945
20830728,34.775
20830729,31.677
20830730,32.05
20830731,32.35
20830801,30.309
20830802,30.732
20830803,30.551
20830804,29.212
20830805,33.883
20830806,36.351
20830807,34.148
20830808,31.751
20830809,27.975
20830810,29.17
20830811,36.322
20830812,28.033
20830813,30.374
20830814,34.385
20830815,35.096
20830816,34.492
20830817,29.839
20830818,27.065
20830819,33.035
20830820,31.729
20830821,31.86
20830822,32.903
20830823,25.863
20830824,28.438
20830825,27.964
20830826,29.879
20830827,30.888
20830828,27.644
20830829,24.248
20830830,23.704
20830831,25.127
20830901,25.71
20830902,26.169
20830903,27.436
20830904,30.8
20830905,27.764
20830906,28.012
20830907,32.709
20830908,34.689
20830909,30.563
20830910,23.831
20830911,25.842
20830912,26.19
20830913,21.196
20830914,23.585
20830915,26.199
20830916,28.792
20830917,28.725
20830918,28.786
20830919,29.326
20830920,30.173
20830921,29.065
20830922,24.194
20830923,23.312
20830924,21.287
20830925,20.045
20830926,22.826
20830927,23.658
20830928,23.137
20830929,20.848
20830930,23.016
20831001,22.832
20831002,23.405
20831003,23.415
20831004,23.348
20831005,24.136
20831006,22.542
20831007,19.896
20831008,21.705
20831009,21.734
20831010,24.41
20831011,23.201
20831012,20.739
20831013,19.935
20831014,20.641
20831015,20.181
20831016,20.161
20831017,20.478
20831018,19.699
20831019,20.461
20831020,19.773
20831021,18.912
20831022,18.026
20831023,15.685
20831024,12.016
20831025,17.032
20831026,17.639
20831027,18.125
20831028,18.287
20831029,16.909
20831030,17.967
20831031,17.09
20831101,16.115
20831102,17.868
20831103,16.587
20831104,16.533
20831105,17.413
20831106,18.39
20831107,19.018
20831108,17.741
20831109,16.45
20831110,16.641
20831111,17.061
20831112,15.611
20831113,15.195
20831114,14.812
20831115,15.246
20831116,16.459
20831117,16.439
20831118,14.778
20831119,14.576
20831120,13.249
20831121,15.015
20831122,12.738
20831123,14.829
20831124,14.412
20831125,15.217
20831126,13.158
20831127,12.173
20831128,13.741
20831129,11.664
20831130,12.098
20831201,11.681
20831202,9.5756
20831203,9.4457
20831204,8.4262
20831205,8.6203
20831206,8.7504
20831207,15.318
20831208,10.277
20831209,10.609
20831210,11.755
20831211,9.5233
20831212,11.21
20831213,9.7853
20831214,10.873
20831215,11.163
20831216,15.78
20831217,14.239
20831218,8.8287
20831219,8.8552
20831220,10.601
20831221,14.75
20831222,16.155
20831223,16.31
20831224,15.506
20831225,15.423
20831226,13.319
20831227,13.725
20831228,12.346
20831229,12.559
20831230,13.636
20831231,13.66
20840101,14.016
20840102,13.966
20840103,13.28
20840104,13.88
20840105,10.936
20840106,11.119
20840107,10.357
20840108,11.002
20840109,12.802
20840110,10.692
20840111,8.1611
20840112,5.8189
20840113,7.5942
20840114,9.7158
20840115,8.0684
20840116,7.1365
20840117,8.514
20840118,7.7141
20840119,7.8372
20840120,6.5827
20840121,9.5358
20840122,4.4149
20840123,8.9118
20840124,7.4217
20840125,6.3372
20840126,7.5684
20840127,15.148
20840128,15.469
20840129,11.904
20840130,10.528
20840131,11.507
20840201,12.555
20840202,14.021
20840203,13.097
20840204,13.469
20840205,12.779
20840206,9.9029
20840207,10.998
20840208,8.4152
20840209,11.387
20840210,12.843
20840211,16.089
20840212,17.544
20840213,15.826
20840214,13.482
20840215,12.6
20840216,9.9963
20840217,16.103
20840218,14.396
20840219,16.962
20840220,16.626
20840221,15.142
20840222,14.45
20840223,16.082
20840224,17.095
20840225,17.95
20840226,18.627
20840227,17.886
20840228,18.047
20840229,16.854
20840301,14.6
20840302,17.045
20840303,15.227
20840304,13.001
20840305,14.716
20840306,18.189
20840307,20.491
20840308,18.966
20840309,18.313
20840310,15.731
20840311,15.03
20840312,16.98
20840313,17.448
20840314,14.601
20840315,11.675
20840316,13.081
20840317,12.724
20840318,13.919
20840319,15.961
20840320,18.543
20840321,15.631
20840322,16.943
20840323,18.279
20840324,20.158
20840325,19.397
20840326,15.485
20840327,13.487
20840328,15.362
20840329,16.583
20840330,16.103
20840331,11.938
20840401,12.402
20840402,15.548
20840403,12.036
20840404,16.632
20840405,17.432
20840406,15.331
20840407,14.177
20840408,14.987
20840409,16.299
20840410,14.906
20840411,17.065
20840412,17.251
20840413,19.282
20840414,17.801
20840415,18.113
20840416,20.028
20840417,22.06
20840418,19.171
20840419,18.966
20840420,16.081
20840421,19.272
20840422,22.345
20840423,22.863
20840424,23.051
20840425,21.638
20840426,19.894
20840427,18.076
20840428,18.856
20840429,17.222
20840430,18.474
20840501,20.593
20840502,23.191
20840503,21.947
20840504,22.819
20840505,24.879
20840506,27.337
20840507,27.321
20840508,27.487
20840509,31.193
20840510,29.203
20840511,27.722
20840512,26.953
20840513,22.305
20840514,20.635
20840515,20.803
20840516,23.43
20840517,26.136
20840518,27.951
20840519,28.511
20840520,25.646
20840521,24.179
20840522,25.712
20840523,25.23
20840524,24.131
20840525,28.053
20840526,22.485
20840527,26.552
20840528,26.294
20840529,26.165
20840530,26.445
20840531,27.191
20840601,24.902
20840602,23.079
20840603,21.988
20840604,20.528
20840605,22.975
20840606,23.478
20840607,23.159
20840608,26.721
20840609,28.315
20840610,31.332
20840611,32.875
20840612,31.531
20840613,30.703
20840614,30.358
20840615,31.765
20840616,28.958
20840617,28.763
20840618,30.952
20840619,31.835
20840620,23.449
20840621,25.498
20840622,30.752
20840623,33.44
20840624,32.544
20840625,34.975
20840626,33.471
20840627,33.675
20840628,29.758
20840629,30.798
20840630,32.228
20840701,33.726
20840702,33.901
20840703,34.508
20840704,35.064
20840705,34.85
20840706,33.686
20840707,31.96
20840708,35.08
20840709,38.42
20840710,38.069
20840711,34.075
20840712,31.556
20840713,29.331
20840714,35.217
20840715,35.338
20840716,36.211
20840717,33.019
20840718,35.79
20840719,37.348
20840720,37.242
20840721,36.68
20840722,33.372
20840723,32.123
20840724,30.383
20840725,30.383
20840726,30.498
20840727,31.115
20840728,30.225
20840729,32.571
20840730,34.912
20840731,33.995
20840801,34.258
20840802,35.652
20840803,34.58
20840804,32.146
20840805,31.609
20840806,32.823
20840807,30.369
20840808,32.613
20840809,31.79
20840810,28.319
20840811,26.121
20840812,30.282
20840813,31.943
20840814,23.024
20840815,27.981
20840816,28.117
20840817,29.866
20840818,34.004
20840819,34.44
20840820,35.427
20840821,35.858
20840822,30.806
20840823,27.81
20840824,24.829
20840825,26.9
20840826,27.436
20840827,31.347
20840828,32.718
20840829,29.33
20840830,27.299
20840831,29.089
20840901,30.399
20840902,31.536
20840903,33.138
20840904,28.961
20840905,26.116
20840906,28.304
20840907,28.663
20840908,31.746
20840909,34.331
20840910,32.809
20840911,29.688
20840912,26.257
20840913,25.002
20840914,21.509
20840915,20.859
20840916,22.382
20840917,24.49
20840918,23.836
20840919,25.932
20840920,24.24
20840921,24.578
20840922,23.787
20840923,16.887
20840924,17.96
20840925,20.687
20840926,19.468
20840927,18.715
20840928,19.247
20840929,19.861
20840930,20.922
20841001,22.259
20841002,22.582
20841003,22.909
20841004,22.127
20841005,21.147
20841006,21.119
20841007,25.067
20841008,21.92
20841009,23.82
20841010,18.933
20841011,18.821
20841012,19.502
20841013,19.211
20841014,18.349
20841015,17.385
20841016,20.37
20841017,23.85
20841018,25.278
20841019,25.019
20841020,24.586
20841021,22.549
20841022,22.358
20841023,23.221
20841024,22.223
20841025,21.232
20841026,20.994
20841027,19.911
20841028,16.595
20841029,16.813
20841030,18.406
20841031,16.791
20841101,15.915
20841102,15.474
20841103,16.686
20841104,15.171
20841105,16.654
20841106,17.324
20841107,16.686
20841108,17.104
20841109,17.515
20841110,14.335
20841111,14.737
20841112,15.237
20841113,15.636
20841114,14.973
20841115,13.066
20841116,12.66
20841117,12.36
20841118,14.472
20841119,15.148
20841120,16.752
20841121,15.025
20841122,13.53
20841123,10.867
20841124,14.873
20841125,14.948
20841126,12.4
20841127,15.997
20841128,16.055
20841129,11.767
20841130,11.133
20841201,10.613
20841202,10.758
20841203,15.968
20841204,18.037
20841205,14.65
20841206,16.37
20841207,17.175
20841208,14.369
20841209,16.096
20841210,15.469
20841211,14.748
20841212,13.863
20841213,13.827
20841214,14.588
20841215,14.881
20841216,15.522
20841217,13.566
20841218,13.592
20841219,16.251
20841220,16.037
20841221,16.49
20841222,15.234
20841223,17.39
20841224,18.626
20841225,14.746
20841226,14.14
20841227,14.427
20841228,15.928
20841229,13.702
20841230,15.022
20841231,16.341
20850101,14.924
20850102,14.568
20850103,14.905
20850104,16.08
20850105,15.935
20850106,13.595
20850107,14.062
20850108,14.635
20850109,13.937
20850110,13.304
20850111,14.005
20850112,11.961
20850113,11.983
20850114,12.468
20850115,11.791
20850116,13.658
20850117,13.056
20850118,13.834
20850119,10.157
20850120,11.956
20850121,10.142
20850122,13.041
20850123,14.242
20850124,17.52
20850125,10.644
20850126,10.345
20850127,14.785
20850128,15.925
20850129,12.245
20850130,12.31
20850131,13.077
20850201,12.866
20850202,13.74
20850203,13.43
20850204,17.374
20850205,11.409
20850206,15.392
20850207,16.585
20850208,16.014
20850209,12.618
20850210,14.203
20850211,16.26
20850212,14.647
20850213,15.44
20850214,13.231
20850215,13.156
20850216,11.879
20850217,16.019
20850218,13.956
20850219,14.206
20850220,14.609
20850221,15.775
20850222,15.891
20850223,15.818
20850224,13.031
20850225,17.533
20850226,15.595
20850227,14.288
20850228,12.557
20850301,13.056
20850302,14.261
20850303,14.643
20850304,15.231
20850305,15.224
20850306,14.732
20850307,13.968
20850308,16.76
20850309,20.157
20850310,21.858
20850311,20.335
20850312,15.737
20850313,18.038
20850314,19.734
20850315,20.342
20850316,22.06
20850317,20.785
20850318,21.415
20850319,20.538
20850320,20.724
20850321,18.36
20850322,16.94
20850323,20.347
20850324,19.631
20850325,18.522
20850326,16.909
20850327,15.964
20850328,13.281
20850329,13.801
20850330,15.614
20850331,13.286
20850401,17.348
20850402,21.419
20850403,17.074
20850404,15.668
20850405,16.728
20850406,17.763
20850407,19.521
20850408,19.338
20850409,20.529
20850410,21.896
20850411,24.486
20850412,26.302
20850413,20.23
20850414,21.17
20850415,17.383
20850416,13.231
20850417,12.203
20850418,15.898
20850419,15.295
20850420,16.869
20850421,15.579
20850422,16.678
20850423,17.784
20850424,18.568
20850425,15.782
20850426,16.405
20850427,17.347
20850428,20.334
20850429,22.725
20850430,23.015
20850501,23.276
20850502,23.552
20850503,17.379
20850504,19.178
20850505,20.602
20850506,21.227
20850507,20.378
20850508,20.339
20850509,16.714
20850510,19.891
20850511,17.075
20850512,20.917
20850513,18.424
20850514,16.336
20850515,20.381
20850516,20.551
20850517,20.135
20850518,21.559
20850519,20.036
20850520,23.449
20850521,23.68
20850522,20.241
20850523,17.93
20850524,21.636
20850525,23.059
20850526,17.48
20850527,18.927
20850528,22.361
20850529,23.256
20850530,17.364
20850531,20.789
20850601,24.295
20850602,25.53
20850603,23.552
20850604,23.26
20850605,18.418
20850606,23.234
20850607,20.115
20850608,26.675
20850609,25.974
20850610,25.791
20850611,26.35
20850612,26.271
20850613,26.588
20850614,21.595
20850615,23.423
20850616,23.079
20850617,23.764
20850618,23.697
20850619,26.317
20850620,25.766
20850621,24.928
20850622,22.996
20850623,24.239
20850624,28.903
20850625,24.451
20850626,28.575
20850627,31.127
20850628,30.678
20850629,30.438
20850630,27.421
20850701,28.668
20850702,30.928
20850703,33.352
20850704,30.78
20850705,30.553
20850706,32.992
20850707,29.729
20850708,30.773
20850709,29.201
20850710,30.333
20850711,32.359
20850712,33.669
20850713,33.12
20850714,29.235
20850715,32.284
20850716,33.312
20850717,34.907
20850718,35.99
20850719,33.457
20850720,33.38
20850721,34.453
20850722,37.423
20850723,33
20850724,24.794
20850725,26.823
20850726,30.039
20850727,36.068
20850728,30.67
20850729,28.793
20850730,32.1
20850731,28.777
20850801,26.537
20850802,26.535
20850803,26.513
20850804,26.891
20850805,28.04
20850806,27.37
20850807,27.68
20850808,28.269
20850809,30.065
20850810,28.227
20850811,25.971
20850812,20.569
20850813,24.117
20850814,25.094
20850815,26.959
20850816,25.073
20850817,24.703
20850818,24.211
20850819,26.631
20850820,28.135
20850821,28.835
20850822,30.533
20850823,31.916
20850824,33.816
20850825,29.891
20850826,26.599
20850827,25.179
20850828,26.659
20850829,30.357
20850830,29.491
20850831,27.466
20850901,28.379
20850902,30.793
20850903,29.814
20850904,31.358
20850905,29.692
20850906,27.884
20850907,27.634
20850908,25.67
20850909,23.882
20850910,24.075
20850911,26.267
20850912,29.006
20850913,31.356
20850914,31.391
20850915,30.103
20850916,28.434
20850917,21.742
20850918,23.593
20850919,25.796
20850920,25.229
20850921,22.505
20850922,21.501
20850923,17.967
20850924,22.357
20850925,23.856
20850926,18.451
20850927,18.978
20850928,20.631
20850929,20.826
20850930,21.792
20851001,17.374
20851002,17.443
20851003,19.067
20851004,19.506
20851005,18.703
20851006,18.852
20851007,18.251
20851008,18.698
20851009,18.579
20851010,19.765
20851011,20.222
20851012,19.65
20851013,18.678
20851014,19.327
20851015,20.363
20851016,21.103
20851017,20.567
20851018,20.925
20851019,20.619
20851020,20.031
20851021,19.664
20851022,18.844
20851023,15.123
20851024,17.541
20851025,19.79
20851026,18.146
20851027,19.612
20851028,20.961
20851029,21.362
20851030,20
20851031,19.352
20851101,17.078
20851102,17.569
20851103,18.808
20851104,17.455
20851105,17.818
20851106,12.703
20851107,12.516
20851108,12.155
20851109,15.862
20851110,15.538
20851111,15.803
20851112,14.837
20851113,15.589
20851114,16.995
20851115,18.76
20851116,18.161
20851117,17.322
20851118,17.457
20851119,20.163
20851120,18.274
20851121,16.108
20851122,15.299
20851123,15.109
20851124,14.16
20851125,13.35
20851126,14.961
20851127,14.361
20851128,14.159
20851129,10.712
20851130,10.199
20851201,5.5707
20851202,10.019
20851203,8.3306
20851204,8.07
20851205,6.9003
20851206,7.8215
20851207,9.3139
20851208,11.021
20851209,12.144
20851210,11.715
20851211,10.496
20851212,9.9456
20851213,9.9408
20851214,11.389
20851215,12.026
20851216,12.539
20851217,12.168
20851218,11.534
20851219,12.622
20851220,10.497
20851221,12.888
20851222,11.853
20851223,10.562
20851224,10.644
20851225,10.255
20851226,11.125
20851227,11.534
20851228,8.8335
20851229,6.4465
20851230,3.7639
20851231,3.4102
20860101,5.3726
20860102,7.8499
20860103,9.0323
20860104,9.3645
20860105,9.4341
20860106,8.7049
20860107,13.813
20860108,14.698
20860109,14.757
20860110,14.688
20860111,12.442
20860112,10.874
20860113,11.282
20860114,11.527
20860115,9.5356
20860116,11.996
20860117,9.961
20860118,11.48
20860119,11.441
20860120,9.19
20860121,7.4999
20860122,6.0183
20860123,4.4747
20860124,7.2258
20860125,13.273
20860126,11.517
20860127,12.92
20860128,13.061
20860129,14.909
20860130,16.926
20860131,15.995
20860201,18.02
20860202,14.404
20860203,16.503
20860204,14.92
20860205,16.71
20860206,15.299
20860207,12.923
20860208,11.802
20860209,15.117
20860210,18.086
20860211,19.433
20860212,12.302
20860213,12.282
20860214,13.793
20860215,11.971
20860216,12.596
20860217,11.071
20860218,13.01
20860219,12.146
20860220,10.372
20860221,8.0906
20860222,13.457
20860223,10.381
20860224,16.263
20860225,15.604
20860226,13.68
20860227,12.712
20860228,13.016
20860301,15.856
20860302,12.725
20860303,17.929
20860304,16.603
20860305,13.617
20860306,13.185
20860307,14.669
20860308,18.687
20860309,19.617
20860310,21.883
20860311,20.464
20860312,20.376
20860313,19.202
20860314,13.101
20860315,14.583
20860316,15.641
20860317,14.468
20860318,14.237
20860319,14.615
20860320,14.973
20860321,15.109
20860322,16.769
20860323,11.927
20860324,12.854
20860325,12.924
20860326,15.35
20860327,15.335
20860328,17.649
20860329,15.595
20860330,17.083
20860331,20.311
20860401,17.689
20860402,20.449
20860403,22.402
20860404,20.591
20860405,22.133
20860406,21.867
20860407,21.741
20860408,23.022
20860409,20.897
20860410,15.043
20860411,10.623
20860412,12.759
20860413,13.907
20860414,15.006
20860415,16.247
20860416,17.65
20860417,16.106
20860418,16.897
20860419,12.708
20860420,15.355
20860421,13.698
20860422,12.934
20860423,18.405
20860424,20.031
20860425,20.737
20860426,14.803
20860427,20.727
20860428,20.09
20860429,20.144
20860430,18.434
20860501,19.074
20860502,21.304
20860503,22.62
20860504,21.012
20860505,21.219
20860506,20.691
20860507,21.998
20860508,23.658
20860509,20.703
20860510,18.03
20860511,20.434
20860512,23.314
20860513,19.636
20860514,19.933
20860515,21.196
20860516,19.937
20860517,20.019
20860518,18.963
20860519,20.871
20860520,21.574
20860521,22.812
20860522,19.168
20860523,15.1
20860524,19.981
20860525,20.376
20860526,20.478
20860527,22.041
20860528,25.213
20860529,27.077
20860530,24.42
20860531,25.641
20860601,26.078
20860602,25.799
20860603,27.365
20860604,27.314
20860605,28.398
20860606,29.555
20860607,25.578
20860608,25.328
20860609,21.717
20860610,22.774
20860611,26.891
20860612,21.101
20860613,23.9
20860614,26.085
20860615,24.313
20860616,26.058
20860617,26.827
20860618,28.001
20860619,29.205
20860620,29.774
20860621,30.36
20860622,28.446
20860623,28.146
20860624,29.369
20860625,29.207
20860626,29.009
20860627,23.906
20860628,23.754
20860629,25.797
20860630,27.23
20860701,24.723
20860702,26.898
20860703,28.576
20860704,31.608
20860705,33.794
20860706,30.048
20860707,25.562
20860708,25.114
20860709,27.778
20860710,31.685
20860711,33.825
20860712,32.591
20860713,32.82
20860714,33.873
20860715,28.338
20860716,25.567
20860717,26.725
20860718,22.867
20860719,29.507
20860720,27.472
20860721,28.44
20860722,26.712
20860723,26.206
20860724,28.118
20860725,28.262
20860726,30.12
20860727,31.607
20860728,31.355
20860729,32.137
20860730,32.898
20860731,33.457
20860801,31.443
20860802,31.755
20860803,28.218
20860804,26.562
20860805,27.241
20860806,28.839
20860807,30.14
20860808,26.465
20860809,30.18
20860810,31.173
20860811,31.958
20860812,27.511
20860813,29.121
20860814,29.061
20860815,28.667
20860816,29.544
20860817,25.604
20860818,23.354
20860819,27.71
20860820,29.702
20860821,30.741
20860822,30.782
20860823,26.11
20860824,25.947
20860825,26.773
20860826,26.613
20860827,27.839
20860828,28.207
20860829,27.199
20860830,27.527
20860831,27.035
20860901,27.703
20860902,30.371
20860903,31.128
20860904,26.949
20860905,28.612
20860906,28.427
20860907,28.395
20860908,23.557
20860909,20.976
20860910,23.6
20860911,25.258
20860912,24.911
20860913,26.28
20860914,26.831
20860915,26.433
20860916,25.496
20860917,25.932
20860918,26.65
20860919,27.882
20860920,23.878
20860921,23.381
20860922,25.458
20860923,26.451
20860924,27.482
20860925,28.583
20860926,29.35
20860927,28.854
20860928,27.485
20860929,26.26
20860930,27.612
20861001,28.518
20861002,23.979
20861003,23.168
20861004,24.398
20861005,24.335
20861006,23.341
20861007,20.289
20861008,22.741
20861009,24.825
20861010,25.149
20861011,24.558
20861012,24.057
20861013,20.908
20861014,19.873
20861015,18.661
20861016,19.305
20861017,19.737
20861018,20.637
20861019,20.441
20861020,20.031
20861021,16.74
20861022,17.155
20861023,17.283
20861024,19.315
20861025,19.822
20861026,19.169
20861027,17.659
20861028,19.051
20861029,19.781
20861030,18.768
20861031,16.9
20861101,16.491
20861102,18.393
20861103,19.296
20861104,19.876
20861105,19.59
20861106,18.196
20861107,16.827
20861108,16.254
20861109,16.6
20861110,17.87
20861111,17.517
20861112,16.99
20861113,17.371
20861114,17.035
20861115,17.434
20861116,14.701
20861117,15.231
20861118,18.175
20861119,16.485
20861120,16.15
20861121,15.63
20861122,15.526
20861123,15.088
20861124,14.762
20861125,16.463
20861126,14.607
20861127,11.715
20861128,11.017
20861129,11.179
20861130,14.922
20861201,13.123
20861202,13.768
20861203,12.831
20861204,12.745
20861205,13.1
20861206,11.678
20861207,9.3422
20861208,9.3489
20861209,8.5671
20861210,12.18
20861211,16.035
20861212,14.606
20861213,12.85
20861214,12.071
20861215,10.487
20861216,11.24
20861217,12.635
20861218,13.17
20861219,10.896
20861220,10.824
20861221,11.967
20861222,13.45
20861223,11.902
20861224,11.114
20861225,14.368
20861226,13.087
20861227,6.7283
20861228,4.7475
20861229,5.4127
20861230,6.2083
20861231,8.1945
20870101,7.7374
20870102,9.3119
20870103,8.9528
20870104,9.4508
20870105,13.315
20870106,12.942
20870107,11.581
20870108,12.33
20870109,13.612
20870110,12.176
20870111,10.535
20870112,9.2773
20870113,9.0191
20870114,8.686
20870115,7.1109
20870116,9.7281
20870117,10.823
20870118,11.575
20870119,12.071
20870120,12.586
20870121,13.228
20870122,12.546
20870123,11.089
20870124,10.266
20870125,10.065
20870126,12.375
20870127,12.788
20870128,12.731
20870129,12.789
20870130,13.369
20870131,12.891
20870201,12.575
20870202,12.495
20870203,13.019
20870204,13.03
20870205,14.043
20870206,13.197
20870207,12.242
20870208,15.316
20870209,15.002
20870210,18.903
20870211,18.133
20870212,13.429
20870213,10.553
20870214,14.486
20870215,14.323
20870216,16.2
20870217,13.959
20870218,12.99
20870219,14.399
20870220,14.27
20870221,13.989
20870222,13.82
20870223,10.767
20870224,14.202
20870225,13.667
20870226,14.072
20870227,18.094
20870228,14.195
20870301,15.149
20870302,13.039
20870303,11.744
20870304,9.3875
20870305,9.9026
20870306,7.5692
20870307,11.995
20870308,13.291
20870309,13.604
20870310,14.541
20870311,14.769
20870312,13.638
20870313,13.855
20870314,12.17
20870315,12.368
20870316,12.404
20870317,13.422
20870318,13.95
20870319,14.453
20870320,13.892
20870321,12.945
20870322,12.472
20870323,12.014
20870324,11.445
20870325,15.294
20870326,15.512
20870327,12.567
20870328,12.362
20870329,15.368
20870330,14.968
20870331,14.529
20870401,14.049
20870402,11.94
20870403,17.6
20870404,18.621
20870405,12.192
20870406,15.092
20870407,18.694
20870408,21.825
20870409,25.179
20870410,20.082
20870411,18.58
20870412,21.609
20870413,24.501
20870414,22.627
20870415,23.165
20870416,22.361
20870417,20.915
20870418,14.787
20870419,16.588
20870420,14.934
20870421,16.114
20870422,16.373
20870423,14.884
20870424,17.331
20870425,22.284
20870426,21.065
20870427,18.602
20870428,20.906
20870429,23.039
20870430,23.266
20870501,24.603
20870502,23.176
20870503,22.005
20870504,19.041
20870505,24.408
20870506,20.831
20870507,15.234
20870508,19.364
20870509,21.947
20870510,21.68
20870511,19.94
20870512,21.867
20870513,17.768
20870514,20.166
20870515,22.001
20870516,23.867
20870517,22.095
20870518,22.62
20870519,20.474
20870520,24.314
20870521,23.485
20870522,25.631
20870523,25.752
20870524,27.089
20870525,20.551
20870526,20.857
20870527,21.396
20870528,24.434
20870529,26.688
20870530,24.029
20870531,25.357
20870601,28.409
20870602,24.408
20870603,24.443
20870604,28.104
20870605,30.723
20870606,32.601
20870607,34.305
20870608,29.37
20870609,29.137
20870610,30.487
20870611,28.125
20870612,33.302
20870613,30.687
20870614,30.89
20870615,31.792
20870616,30.931
20870617,31.411
20870618,33.578
20870619,35.3
20870620,36.884
20870621,36.897
20870622,35.679
20870623,36.301
20870624,31.497
20870625,29.103
20870626,27.273
20870627,24.854
20870628,24.089
20870629,27.162
20870630,24.986
20870701,24.822
20870702,27.292
20870703,26.489
20870704,31.884
20870705,34.888
20870706,28.153
20870707,27.151
20870708,28.233
20870709,31.502
20870710,29.793
20870711,29.601
20870712,31.756
20870713,32.883
20870714,34.756
20870715,36.177
20870716,33.536
20870717,29.452
20870718,34.969
20870719,34.216
20870720,27.423
20870721,27.094
20870722,30.099
20870723,34.127
20870724,35.834
20870725,37.179
20870726,38.248
20870727,35.417
20870728,35.205
20870729,31.871
20870730,30.868
20870731,34.314
20870801,32.831
20870802,33.01
20870803,31.028
20870804,32.722
20870805,27.991
20870806,30.179
20870807,32.512
20870808,35.152
20870809,35.53
20870810,35.105
20870811,32.211
20870812,38.09
20870813,36.825
20870814,34.977
20870815,34.258
20870816,35.092
20870817,35.874
20870818,35.219
20870819,32.362
20870820,29.906
20870821,31.371
20870822,34.128
20870823,34.546
20870824,34.666
20870825,34.697
20870826,30.578
20870827,34.005
20870828,31.272
20870829,32.614
20870830,32.762
20870831,30.434
20870901,32.67
20870902,37.438
20870903,37.599
20870904,34.458
20870905,30.521
20870906,27.09
20870907,26.245
20870908,29.788
20870909,28.123
20870910,27.297
20870911,28.199
20870912,22.952
20870913,23.883
20870914,26.932
20870915,25.554
20870916,27.063
20870917,27.31
20870918,28.881
20870919,29.944
20870920,26.166
20870921,27.858
20870922,29.495
20870923,28.364
20870924,28.655
20870925,29.344
20870926,24.094
20870927,20.15
20870928,24.195
20870929,21.439
20870930,21.508
20871001,20.608
20871002,22.041
20871003,22.436
20871004,18.568
20871005,14.982
20871006,20.195
20871007,14.934
20871008,13.905
20871009,11.851
20871010,13.375
20871011,13.396
20871012,14.994
20871013,16.58
20871014,17.627
20871015,16.102
20871016,18.147
20871017,16.885
20871018,16.79
20871019,15.978
20871020,14.883
20871021,15.158
20871022,15.176
20871023,16.754
20871024,17.639
20871025,18.266
20871026,18.473
20871027,21.627
20871028,23.32
20871029,21.676
20871030,19.531
20871031,20.593
20871101,21.432
20871102,21.941
20871103,19.17
20871104,20.396
20871105,19.512
20871106,15.961
20871107,17.242
20871108,17.87
20871109,16.661
20871110,14.515
20871111,12.686
20871112,14.709
20871113,16.557
20871114,13.689
20871115,15.793
20871116,16.708
20871117,14.406
20871118,14.832
20871119,17.4
20871120,15.745
20871121,14.457
20871122,16.611
20871123,15.725
20871124,13.553
20871125,14.831
20871126,15.693
20871127,17.027
20871128,17.003
20871129,14.035
20871130,13.268
20871201,14.922
20871202,15.53
20871203,15.167
20871204,15.31
20871205,15.469
20871206,13.893
20871207,14.06
20871208,15.644
20871209,15.724
20871210,15.908
20871211,14.306
20871212,12.936
20871213,13.125
20871214,13.613
20871215,12.434
20871216,13.316
20871217,10.698
20871218,12.458
20871219,10.158
20871220,7.8878
20871221,8.3855
20871222,8.9188
20871223,9.3118
20871224,7.6845
20871225,8.2963
20871226,8.2514
20871227,11.563
20871228,11.173
20871229,9.9121
20871230,9.293
20871231,10.174
20880101,10.651
20880102,12.401
20880103,7.3989
20880104,7.3371
20880105,9.899
20880106,7.5335
20880107,9.5037
20880108,12.726
20880109,11.125
20880110,10.335
20880111,8.8225
20880112,10.202
20880113,7.2979
20880114,9.3277
20880115,6.5054
20880116,10.007
20880117,7.7237
20880118,8.7478
20880119,6.6782
20880120,6.2729
20880121,5.7784
20880122,8.4676
20880123,10.792
20880124,8.4717
20880125,11.885
20880126,9.8532
20880127,11.232
20880128,11.019
20880129,13.175
20880130,17.155
20880131,16.426
20880201,15.724
20880202,14.465
20880203,16.588
20880204,17.915
20880205,15.335
20880206,14.529
20880207,17.089
20880208,14.574
20880209,14.611
20880210,16.419
20880211,12.501
20880212,12.981
20880213,12.799
20880214,14.723
20880215,15.026
20880216,11.83
20880217,11.989
20880218,14.375
20880219,16.951
20880220,17.023
20880221,18.61
20880222,20.088
20880223,16.761
20880224,16.868
20880225,14.044
20880226,12.979
20880227,15.996
20880228,16.073
20880229,16.459
20880301,15.589
20880302,15.93
20880303,16.493
20880304,17.054
20880305,18.372
20880306,19.062
20880307,19.516
20880308,18.601
20880309,13.363
20880310,10.907
20880311,12.964
20880312,10.445
20880313,13.074
20880314,15.246
20880315,13.439
20880316,14.238
20880317,15.226
20880318,15.96
20880319,17.381
20880320,17.64
20880321,16.836
20880322,17.57
20880323,16.705
20880324,16.388
20880325,18.367
20880326,13.769
20880327,15.727
20880328,17.262
20880329,16.372
20880330,18.793
20880331,21.973
20880401,25.492
20880402,24.924
20880403,23.693
20880404,22.994
20880405,26.798
20880406,18.822
20880407,20.039
20880408,20.909
20880409,19.917
20880410,20.544
20880411,22.156
20880412,22.209
20880413,15.537
20880414,18.032
20880415,22.335
20880416,23.222
20880417,23.504
20880418,21.66
20880419,22.416
20880420,21.489
20880421,20.86
20880422,20.714
20880423,21.192
20880424,23.481
20880425,21.119
20880426,20.931
20880427,20.416
20880428,20.218
20880429,20.639
20880430,20.233
20880501,21.574
20880502,24.136
20880503,26.213
20880504,24.628
20880505,17.347
20880506,20.202
20880507,24.088
20880508,28.156
20880509,28.755
20880510,26.32
20880511,23.593
20880512,23.945
20880513,31.233
20880514,30.604
20880515,32.74
20880516,31.421
20880517,22.534
20880518,22.432
20880519,24.449
20880520,22.969
20880521,17.813
20880522,16.691
20880523,20.72
20880524,23.045
20880525,26.452
20880526,25.201
20880527,22.539
20880528,18.661
20880529,18.499
20880530,20.681
20880531,20.737
20880601,20.924
20880602,21.725
20880603,21.599
20880604,22.635
20880605,19.87
20880606,20.564
20880607,20.978
20880608,25.329
20880609,24.634
20880610,22.43
20880611,21.256
20880612,25.393
20880613,28.697
20880614,28.014
20880615,26.76
20880616,27.57
20880617,26.909
20880618,29.173
20880619,31.789
20880620,37.508
20880621,36.703
20880622,31.33
20880623,32.919
20880624,29.815
20880625,28.412
20880626,27.395
20880627,29.544
20880628,26.413
20880629,26.05
20880630,24.203
20880701,25.604
20880702,28.414
20880703,30.609
20880704,29.838
20880705,31.619
20880706,33.176
20880707,35.395
20880708,38.554
20880709,34.115
20880710,28.494
20880711,33.986
20880712,34.656
20880713,33.986
20880714,34.634
20880715,34.588
20880716,36.301
20880717,36.366
20880718,33.077
20880719,31.999
20880720,35.418
20880721,37.308
20880722,38.663
20880723,35.7
20880724,36.003
20880725,32.166
20880726,34.955
20880727,36.303
20880728,37.19
20880729,37.892
20880730,39.444
20880731,39.482
20880801,38.747
20880802,37.945
20880803,36.266
20880804,35.246
20880805,30.415
20880806,34.598
20880807,34.953
20880808,31.017
20880809,31.188
20880810,34.975
20880811,35.059
20880812,35.367
20880813,36.444
20880814,36.948
20880815,34.549
20880816,36.151
20880817,31.483
20880818,25.532
20880819,22.004
20880820,28.091
20880821,28.854
20880822,30.691
20880823,30.237
20880824,35.196
20880825,32.049
20880826,32.864
20880827,33.054
20880828,36.2
20880829,36.409
20880830,30.914
20880831,30.711
20880901,30.965
20880902,31.535
20880903,27.446
20880904,27.834
20880905,26.806
20880906,30.531
20880907,35.272
20880908,33.71
20880909,33.984
20880910,33.414
20880911,32.949
20880912,33.664
20880913,33.245
20880914,31.908
20880915,31.573
20880916,27.989
20880917,28.244
20880918,28.31
20880919,26.009
20880920,26.966
20880921,28.572
20880922,29.631
20880923,30.294
20880924,22.862
20880925,22.458
20880926,25.272
20880927,23.067
20880928,24.232
20880929,24.544
20880930,26.333
20881001,28.297
20881002,28.662
20881003,28.443
20881004,25.391
20881005,24.114
20881006,19.059
20881007,19.919
20881008,20.435
20881009,21.563
20881010,21.531
20881011,21.766
20881012,20.917
20881013,20.784
20881014,18.963
20881015,18.229
20881016,17.297
20881017,15.912
20881018,15.838
20881019,20.383
20881020,22.247
20881021,20.639
20881022,17.089
20881023,15.966
20881024,19.122
20881025,20.141
20881026,20.441
20881027,20.615
20881028,15.113
20881029,17.511
20881030,17.93
20881031,19.826
20881101,20.466
20881102,18.711
20881103,16.941
20881104,14.432
20881105,14.221
20881106,11.862
20881107,18.817
20881108,14.57
20881109,14.572
20881110,17.319
20881111,13.69
20881112,14.069
20881113,13.881
20881114,18.111
20881115,13.664
20881116,9.7366
20881117,14.463
20881118,11.48
20881119,9.6325
20881120,8.5722
20881121,12.17
20881122,12.103
20881123,13.371
20881124,16.396
20881125,14.65
20881126,15.388
20881127,17.373
20881128,16.249
20881129,16.438
20881130,19.162
20881201,14.766
20881202,13.12
20881203,11.502
20881204,11.565
20881205,9.738
20881206,11.426
20881207,8.4519
20881208,12.584
20881209,11.304
20881210,15.902
20881211,17.746
20881212,13.658
20881213,12.083
20881214,10.686
20881215,14.067
20881216,13.925
20881217,16.813
20881218,14.587
20881219,14.305
20881220,16.707
20881221,16.414
20881222,15.747
20881223,16.902
20881224,15.719
20881225,14.944
20881226,14.905
20881227,16.27
20881228,14.563
20881229,16.261
20881230,16.718
20881231,14.447
20890101,13.376
20890102,15.462
20890103,11.405
20890104,9.8398
20890105,10.851
20890106,7.9675
20890107,7.4164
20890108,10.2
20890109,11.875
20890110,11.046
20890111,11.459
20890112,10.337
20890113,14.628
20890114,14.573
20890115,14.349
20890116,11.217
20890117,9.9465
20890118,10.038
20890119,12.948
20890120,11.779
20890121,11.216
20890122,7.9025
20890123,7.8282
20890124,8.4875
20890125,10.16
20890126,10.419
20890127,13.879
20890128,14.431
20890129,14.175
20890130,13.764
20890131,12.037
20890201,10.92
20890202,11.858
20890203,11.487
20890204,10.322
20890205,11.734
20890206,11.364
20890207,15.227
20890208,14.792
20890209,15.343
20890210,9.9763
20890211,18.806
20890212,15.35
20890213,17.835
20890214,15.992
20890215,13.313
20890216,14.139
20890217,14.374
20890218,16.2
20890219,11.546
20890220,9.9683
20890221,9.6962
20890222,10.017
20890223,14.133
20890224,16.766
20890225,16.324
20890226,13.99
20890227,11.045
20890228,14.119
20890301,12.656
20890302,12.364
20890303,11.727
20890304,8.3211
20890305,10.171
20890306,6.011
20890307,8.4308
20890308,11.655
20890309,12.577
20890310,15.12
20890311,14.186
20890312,13.731
20890313,13.414
20890314,17.07
20890315,15.682
20890316,13.161
20890317,12.96
20890318,16.079
20890319,17.561
20890320,15.028
20890321,13.456
20890322,9.2346
20890323,9.4219
20890324,14.591
20890325,16.266
20890326,15.997
20890327,15.19
20890328,17.226
20890329,19.931
20890330,17.86
20890331,19.169
20890401,18.924
20890402,16.798
20890403,16.459
20890404,17.29
20890405,19.51
20890406,23.963
20890407,23.559
20890408,21.864
20890409,20.775
20890410,19.369
20890411,20.757
20890412,20.521
20890413,20.527
20890414,20.895
20890415,24.118
20890416,24.732
20890417,26.667
20890418,28.465
20890419,24.631
20890420,22.232
20890421,23.04
20890422,18.774
20890423,23.243
20890424,22.304
20890425,20.81
20890426,18.752
20890427,20.543
20890428,20.157
20890429,18.515
20890430,19.092
20890501,16.022
20890502,19.264
20890503,17.88
20890504,22.616
20890505,24.179
20890506,22.387
20890507,21.579
20890508,23.324
20890509,26.171
20890510,24.144
20890511,23.652
20890512,24.065
20890513,22.848
20890514,22.36
20890515,17.88
20890516,18.354
20890517,18.331
20890518,19.062
20890519,17.604
20890520,17.043
20890521,17.045
20890522,18.347
20890523,21.256
20890524,22.898
20890525,25.415
20890526,25.08
20890527,20.295
20890528,18.905
20890529,18.061
20890530,19.488
20890531,23.73
20890601,22.343
20890602,22.403
20890603,22.225
20890604,14.552
20890605,21.651
20890606,25.847
20890607,24.793
20890608,25.874
20890609,28.73
20890610,31.037
20890611,33.185
20890612,34.44
20890613,32.97
20890614,32.524
20890615,31.456
20890616,32.975
20890617,26.97
20890618,30.588
20890619,34.843
20890620,32.139
20890621,30.916
20890622,27.275
20890623,23.803
20890624,27.351
20890625,24.987
20890626,29.538
20890627,29.543
20890628,29.443
20890629,28.995
20890630,30.327
20890701,25.935
20890702,26.679
20890703,30.847
20890704,31.297
20890705,26.86
20890706,26.411
20890707,30.184
20890708,31.173
20890709,33.459
20890710,26.199
20890711,24.95
20890712,31.195
20890713,35.146
20890714,33.053
20890715,32.496
20890716,33.837
20890717,33.339
20890718,38.639
20890719,37.553
20890720,34.855
20890721,36.511
20890722,36.377
20890723,37.13
20890724,34.758
20890725,35.637
20890726,31.542
20890727,35.568
20890728,35.795
20890729,36.112
20890730,32.151
20890731,28.861
20890801,35.041
20890802,37.193
20890803,36.82
20890804,36.144
20890805,34.267
20890806,35.856
20890807,37.822
20890808,37.444
20890809,36.902
20890810,37.519
20890811,35.639
20890812,32.847
20890813,33.505
20890814,35.926
20890815,37.259
20890816,35.574
20890817,27.775
20890818,31.206
20890819,31.501
20890820,31.549
20890821,33.122
20890822,33.737
20890823,33.214
20890824,33.364
20890825,33.551
20890826,33.772
20890827,34.476
20890828,28.648
20890829,26.87
20890830,28.817
20890831,31.136
20890901,32.806
20890902,34.626
20890903,34.817
20890904,33.456
20890905,27.388
20890906,26.748
20890907,26.057
20890908,27.203
20890909,29.906
20890910,30.859
20890911,29.134
20890912,24.785
20890913,22.678
20890914,26.747
20890915,28.512
20890916,27.554
20890917,28.219
20890918,27.96
20890919,28.065
20890920,24.735
20890921,23.944
20890922,25.458
20890923,25.593
20890924,27.217
20890925,23.861
20890926,25.939
20890927,23.716
20890928,25.787
20890929,19.211
20890930,20.593
20891001,20.432
20891002,20.661
20891003,20.999
20891004,18.481
20891005,18.88
20891006,19.077
20891007,21.025
20891008,20.819
20891009,20.383
20891010,20.864
20891011,19.778
20891012,18.911
20891013,20.577
20891014,20.423
20891015,21.531
20891016,21.214
20891017,21.458
20891018,21.462
20891019,21.552
20891020,19.584
20891021,18.354
20891022,19.24
20891023,20.46
20891024,22.448
20891025,19.511
20891026,17.917
20891027,17.944
20891028,18.814
20891029,18.399
20891030,15.934
20891031,18.243
20891101,17.302
20891102,18.329
20891103,14.879
20891104,14.124
20891105,12.316
20891106,16.078
20891107,15.439
20891108,13.46
20891109,14.351
20891110,14.855
20891111,14.804
20891112,15.378
20891113,11.673
20891114,13.67
20891115,14.126
20891116,16.143
20891117,17.515
20891118,15.925
20891119,15.766
20891120,16.021
20891121,17.022
20891122,17.555
20891123,17.7
20891124,16.678
20891125,18.096
20891126,17.635
20891127,19.647
20891128,18.717
20891129,18.893
20891130,18.959
20891201,18.355
20891202,17.191
20891203,14.061
20891204,11.758
20891205,10.136
20891206,10.544
20891207,11.363
20891208,13.552
20891209,10.544
20891210,12.409
20891211,10.087
20891212,10.255
20891213,8.6136
20891214,13.19
20891215,12.715
20891216,15.044
20891217,16.393
20891218,10.407
20891219,9.1809
20891220,7.5895
20891221,10.959
20891222,10.764
20891223,10.249
20891224,12.231
20891225,12.23
20891226,12.235
20891227,13.412
20891228,13.643
20891229,12.087
20891230,10.579
20891231,11.337
20900101,12.019
20900102,10.543
20900103,12.52
20900104,12.761
20900105,13.301
20900106,12.762
20900107,10.835
20900108,10.611
20900109,13.603
20900110,12.733
20900111,10.315
20900112,10.195
20900113,9.7288
20900114,6.8454
20900115,7.369
20900116,10.189
20900117,10.508
20900118,14.473
20900119,13.312
20900120,10.845
20900121,11.581
20900122,10.533
20900123,10.233
20900124,11.345
20900125,10.899
20900126,9.6519
20900127,11.672
20900128,10.623
20900129,12.482
20900130,11.929
20900131,9.9606
20900201,10.457
20900202,11.798
20900203,9.9039
20900204,11.356
20900205,9.3938
20900206,9.4967
20900207,9.6952
20900208,9.4406
20900209,8.7451
20900210,10.783
20900211,10.396
20900212,11.491
20900213,12.481
20900214,12.711
20900215,15.046
20900216,16.256
20900217,16.343
20900218,16.801
20900219,16.912
20900220,16.967
20900221,16.561
20900222,15.159
20900223,15.479
20900224,15.141
20900225,11.121
20900226,11.846
20900227,10.962
20900228,11.566
20900301,10.124
20900302,9.8717
20900303,14.94
20900304,15.072
20900305,16.919
20900306,14.972
20900307,16.514
20900308,18.554
20900309,13.099
20900310,11.766
20900311,12.568
20900312,12.481
20900313,13.767
20900314,13.805
20900315,14.272
20900316,14.21
20900317,14.853
20900318,13.627
20900319,15.868
20900320,15.707
20900321,13.086
20900322,14.052
20900323,15.555
20900324,13.267
20900325,14.861
20900326,15.977
20900327,15.111
20900328,14.643
20900329,16.237
20900330,13.344
20900331,17.359
20900401,18.835
20900402,16.947
20900403,17.272
20900404,15.765
20900405,15.941
20900406,15.758
20900407,17.707
20900408,17.646
20900409,17.062
20900410,18.541
20900411,18.41
20900412,17.389
20900413,15.615
20900414,18.572
20900415,17.766
20900416,22.197
20900417,23.629
20900418,23.778
20900419,20.288
20900420,22.331
20900421,24.931
20900422,20.433
20900423,21.075
20900424,20.694
20900425,21.948
20900426,23.453
20900427,23.402
20900428,24.305
20900429,26.483
20900430,22.518
20900501,19.148
20900502,19.802
20900503,19.615
20900504,21.3
20900505,22.809
20900506,18.295
20900507,20.977
20900508,24.076
20900509,24.845
20900510,25.411
20900511,27.014
20900512,26.658
20900513,29.758
20900514,32.45
20900515,33.179
20900516,30.735
20900517,29.21
20900518,26.832
20900519,28.983
20900520,27.713
20900521,23.627
20900522,15.327
20900523,20.435
20900524,24.856
20900525,27.592
20900526,25.553
20900527,32.198
20900528,29.877
20900529,30.476
20900530,33.607
20900531,33.464
20900601,31.887
20900602,26.103
20900603,26.578
20900604,31.132
20900605,33.211
20900606,34.506
20900607,34.05
20900608,25.529
20900609,26.946
20900610,25.15
20900611,24.205
20900612,25.292
20900613,25.2
20900614,33.291
20900615,38.397
20900616,36.945
20900617,35.945
20900618,34.382
20900619,28.87
20900620,29.454
20900621,32.398
20900622,34.361
20900623,33.266
20900624,29.113
20900625,26.895
20900626,29.672
20900627,35.293
20900628,31.459
20900629,30.895
20900630,31.788
20900701,33.079
20900702,34.812
20900703,35.813
20900704,38.077
20900705,34.908
20900706,29.825
20900707,27.763
20900708,31.042
20900709,33.115
20900710,32.527
20900711,29.381
20900712,33.435
20900713,33.862
20900714,33.512
20900715,34.558
20900716,37.463
20900717,38.542
20900718,37.289
20900719,35.301
20900720,31.271
20900721,34.538
20900722,36.663
20900723,36.067
20900724,37.637
20900725,37.224
20900726,37.556
20900727,37.78
20900728,37.423
20900729,32.363
20900730,35.763
20900731,36.398
20900801,37.052
20900802,37.169
20900803,33.018
20900804,32.255
20900805,37.677
20900806,38.593
20900807,38.572
20900808,40.316
20900809,39.332
20900810,36.361
20900811,30.845
20900812,34.085
20900813,34.182
20900814,34.828
20900815,31.503
20900816,33.419
20900817,34.849
20900818,36.773
20900819,35.025
20900820,36.7
20900821,35.072
20900822,27.449
20900823,33.03
20900824,34.779
20900825,34.849
20900826,36.622
20900827,37.312
20900828,36.958
20900829,38.304
20900830,39.537
20900831,39.676
20900901,39.426
20900902,38.176
20900903,37.638
20900904,35.814
20900905,35.588
20900906,36.081
20900907,35.889
20900908,34.861
20900909,32.484
20900910,29.587
20900911,26.58
20900912,28.587
20900913,31.792
20900914,30.512
20900915,26.522
20900916,26.964
20900917,27.148
20900918,28.667
20900919,28.463
20900920,29.555
20900921,30.662
20900922,31.441
20900923,29.8
20900924,23.924
20900925,27.735
20900926,29.794
20900927,29.591
20900928,28.417
20900929,27.944
20900930,27.933
20901001,26.828
20901002,22.398
20901003,23.182
20901004,25.04
20901005,24.086
20901006,24.195
20901007,26.352
20901008,21.384
20901009,22.339
20901010,20.594
20901011,21.905
20901012,15.78
20901013,20.296
20901014,21.615
20901015,19.091
20901016,19.783
20901017,17.618
20901018,15.023
20901019,21.607
20901020,20.629
20901021,19.124
20901022,20.969
20901023,19.991
20901024,21.656
20901025,20.916
20901026,19.368
20901027,15.585
20901028,15.418
20901029,14.896
20901030,16.085
20901031,16.239
20901101,17.273
20901102,18.101
20901103,17.764
20901104,18.972
20901105,16.566
20901106,15.838
20901107,14.197
20901108,11.923
20901109,11.868
20901110,12.693
20901111,14.557
20901112,11.401
20901113,11.212
20901114,9.942
20901115,8.7831
20901116,10.954
20901117,16.44
20901118,17.134
20901119,20.105
20901120,18.524
20901121,17.584
20901122,17.67
20901123,14.85
20901124,11.438
20901125,19.493
20901126,19.356
20901127,14.475
20901128,11.583
20901129,12.609
20901130,13.957
20901201,13.985
20901202,14.376
20901203,12.495
20901204,14.036
20901205,12.254
20901206,13.985
20901207,12.275
20901208,14.918
20901209,15.858
20901210,9.69
20901211,6.9489
20901212,7.8588
20901213,6.4172
20901214,6.7889
20901215,5.8251
20901216,8.2503
20901217,10.409
20901218,10.417
20901219,11.738
20901220,9.0964
20901221,8.8862
20901222,10.373
20901223,9.2275
20901224,8.369
20901225,10.063
20901226,9.4446
20901227,11.445
20901228,12.97
20901229,15.836
20901230,14.825
20901231,15.128
20910101,15.438
20910102,14.679
20910103,14.31
20910104,13.546
20910105,14.16
20910106,14.455
20910107,12.134
20910108,12.391
20910109,13.033
20910110,14.377
20910111,14.182
20910112,14.114
20910113,16.073
20910114,13.964
20910115,6.588
20910116,6.5084
20910117,2.9693
20910118,3.4557
20910119,6.4868
20910120,9.5941
20910121,14.803
20910122,14.761
20910123,13.065
20910124,13.876
20910125,12.916
20910126,12.087
20910127,13.638
20910128,13.42
20910129,13.333
20910130,16.029
20910131,15.817
20910201,14.855
20910202,14.432
20910203,14.166
20910204,11.893
20910205,12.875
20910206,15.017
20910207,13.979
20910208,14.229
20910209,14.58
20910210,15.352
20910211,12.792
20910212,13.728
20910213,14.745
20910214,12.08
20910215,14.265
20910216,16.317
20910217,16.843
20910218,11.18
20910219,9.5491
20910220,12.559
20910221,16.214
20910222,16.341
20910223,18.064
20910224,17.872
20910225,13.603
20910226,15.018
20910227,12.564
20910228,15.385
20910301,14.879
20910302,13.104
20910303,11.065
20910304,13.83
20910305,16.123
20910306,16.816
20910307,17.999
20910308,18.709
20910309,15.443
20910310,12.682
20910311,10.307
20910312,10.259
20910313,11.246
20910314,17.078
20910315,17.679
20910316,16.744
20910317,17.255
20910318,15.657
20910319,13.448
20910320,16.701
20910321,18.726
20910322,18.592
20910323,17.377
20910324,12.939
20910325,15.395
20910326,16.133
20910327,14.719
20910328,17.195
20910329,17.207
20910330,14.37
20910331,12.831
20910401,16.671
20910402,15.791
20910403,17.023
20910404,18.33
20910405,20.929
20910406,21.931
20910407,19.77
20910408,20.188
20910409,21.612
20910410,20.777
20910411,21.78
20910412,20.287
20910413,20.944
20910414,24.125
20910415,22.613
20910416,19.687
20910417,17.318
20910418,20.525
20910419,22.376
20910420,23.621
20910421,25.162
20910422,24.27
20910423,23.472
20910424,24.369
20910425,25.476
20910426,26.856
20910427,23.11
20910428,19.705
20910429,20.177
20910430,22.048
20910501,23.318
20910502,25.653
20910503,27.021
20910504,25.798
20910505,26.076
20910506,27.622
20910507,28.067
20910508,28.248
20910509,27.744
20910510,27.147
20910511,27.462
20910512,24.98
20910513,23.794
20910514,21.455
20910515,26.274
20910516,27.984
20910517,27.042
20910518,26.697
20910519,26.04
20910520,26.109
20910521,27.075
20910522,29.105
20910523,28.546
20910524,28.333
20910525,28.397
20910526,29.008
20910527,32.254
20910528,33.079
20910529,27.381
20910530,27.772
20910531,25.028
20910601,27.189
20910602,28.933
20910603,23.391
20910604,28.68
20910605,29.678
20910606,26.513
20910607,26.301
20910608,27.692
20910609,28.47
20910610,27.833
20910611,26.778
20910612,25.4
20910613,28.637
20910614,33.644
20910615,27.665
20910616,26.503
20910617,23.894
20910618,25.774
20910619,22.479
20910620,24.641
20910621,26.249
20910622,25.974
20910623,26.725
20910624,27.918
20910625,26.742
20910626,26.919
20910627,27.405
20910628,30.489
20910629,26.813
20910630,29.988
20910701,26.249
20910702,27.607
20910703,30.156
20910704,29.71
20910705,27.774
20910706,28.671
20910707,31.118
20910708,26.491
20910709,30.96
20910710,34.861
20910711,38.313
20910712,33.416
20910713,30.338
20910714,27.512
20910715,30.682
20910716,33.374
20910717,34.399
20910718,33.28
20910719,35.347
20910720,37.386
20910721,39.348
20910722,40.365
20910723,39.332
20910724,38.55
20910725,39.954
20910726,42.792
20910727,42.194
20910728,42.314
20910729,37.635
20910730,34.934
20910731,33.099
20910801,34.323
20910802,34.67
20910803,35.201
20910804,35.208
20910805,37.466
20910806,36.572
20910807,36.481
20910808,36.258
20910809,25.646
20910810,23.737
20910811,28.912
20910812,31.366
20910813,35.153
20910814,31.961
20910815,27.852
20910816,35.565
20910817,34.519
20910818,32.307
20910819,36.71
20910820,35.966
20910821,36.462
20910822,35.853
20910823,33.523
20910824,32.585
20910825,35.466
20910826,35.18
20910827,34.832
20910828,35.937
20910829,35.861
20910830,33.909
20910831,31.55
20910901,34.435
20910902,29.776
20910903,29.401
20910904,31.052
20910905,29.33
20910906,32.434
20910907,34.425
20910908,31.252
20910909,25.042
20910910,25.936
20910911,27.094
20910912,24.891
20910913,20.284
20910914,21.634
20910915,27.19
20910916,28.761
20910917,27.671
20910918,27.696
20910919,22.28
20910920,21.621
20910921,25.006
20910922,26.639
20910923,29.096
20910924,25.245
20910925,26.884
20910926,25.563
20910927,28.569
20910928,27.386
20910929,28.892
20910930,24.749
20911001,27.049
20911002,24.456
20911003,25.322
20911004,25.166
20911005,27.157
20911006,27.862
20911007,24.445
20911008,26.701
20911009,28.483
20911010,28.71
20911011,20.567
20911012,21.183
20911013,21.43
20911014,20.718
20911015,17.948
20911016,23.519
20911017,21.534
20911018,19.674
20911019,20.357
20911020,22.684
20911021,22.854
20911022,23.839
20911023,24.31
20911024,23.31
20911025,22.709
20911026,20.648
20911027,21.379
20911028,20.618
20911029,21.187
20911030,21.875
20911031,22.225
20911101,22.821
20911102,21.118
20911103,20.223
20911104,15.004
20911105,16.523
20911106,18.237
20911107,20.111
20911108,19.935
20911109,19.211
20911110,16.733
20911111,14.845
20911112,17.781
20911113,19.888
20911114,19.944
20911115,19.214
20911116,20.768
20911117,17.024
20911118,14.119
20911119,12.432
20911120,9.3711
20911121,9.4295
20911122,9.861
20911123,10.458
20911124,8.471
20911125,8.6015
20911126,12.653
20911127,12.866
20911128,12.345
20911129,12.162
20911130,11.092
20911201,10.835
20911202,9.6444
20911203,7.0471
20911204,6.3663
20911205,7.4926
20911206,8.0242
20911207,7.6963
20911208,6.4354
20911209,5.1782
20911210,3.778
20911211,4.4544
20911212,4.3552
20911213,3.1357
20911214,0.59418
20911215,2.418
20911216,3.3904
20911217,4.4149
20911218,7.3294
20911219,10.381
20911220,8.5188
20911221,10.153
20911222,13.228
20911223,10.223
20911224,11.419
20911225,13.759
20911226,14.811
20911227,16.275
20911228,16.989
20911229,19.259
20911230,16.266
20911231,13.172
20920101,12.163
20920102,12.837
20920103,13.865
20920104,15.096
20920105,11.532
20920106,13.274
20920107,11.508
20920108,12.704
20920109,16.628
20920110,12.747
20920111,11.994
20920112,15.536
20920113,16.596
20920114,13.359
20920115,10.279
20920116,8.8576
20920117,8.6826
20920118,11.287
20920119,11.472
20920120,11.873
20920121,12.331
20920122,10.838
20920123,13.248
20920124,11.258
20920125,13.063
20920126,15.572
20920127,13.203
20920128,17.379
20920129,15.664
20920130,15.015
20920131,12.833
20920201,13.502
20920202,16.393
20920203,16.323
20920204,15.203
20920205,11.45
20920206,11.929
20920207,14.134
20920208,16.133
20920209,14.553
20920210,12.685
20920211,11.432
20920212,13.172
20920213,15.262
20920214,15.512
20920215,13.421
20920216,12.209
20920217,8.9012
20920218,9.2203
20920219,14.503
20920220,15.92
20920221,14.556
20920222,15.157
20920223,11.485
20920224,13.599
20920225,14.312
20920226,15.278
20920227,11.466
20920228,16.913
20920229,18.184
20920301,17.369
20920302,18.403
20920303,17.744
20920304,18.961
20920305,16.889
20920306,16.502
20920307,17.732
20920308,18.45
20920309,19.431
20920310,21.808
20920311,20.536
20920312,17.361
20920313,16.995
20920314,16.072
20920315,16.671
20920316,17.269
20920317,17.19
20920318,12.118
20920319,11.032
20920320,9.2406
20920321,14.695
20920322,14.56
20920323,13.145
20920324,14.42
20920325,17.17
20920326,21.842
20920327,19.674
20920328,18.965
20920329,20.693
20920330,18.151
20920331,16.522
20920401,17.521
20920402,21.408
20920403,18.307
20920404,16.493
20920405,15.485
20920406,16.065
20920407,16.069
20920408,15.582
20920409,15.794
20920410,17.19
20920411,17.5
20920412,17.412
20920413,16.259
20920414,17.976
20920415,19.725
20920416,22.088
20920417,22.249
20920418,21.067
20920419,20.013
20920420,15.571
20920421,20.293
20920422,22.715
20920423,23.592
20920424,19.6
20920425,16.165
20920426,20.4
20920427,18.957
20920428,17.267
20920429,21.763
20920430,24.865
20920501,21.028
20920502,21.587
20920503,19.75
20920504,21.366
20920505,19.533
20920506,21.149
20920507,19.375
20920508,19.762
20920509,20.969
20920510,24.433
20920511,27.952
20920512,24.958
20920513,25.37
20920514,19.82
20920515,22.714
20920516,23.157
20920517,18.76
20920518,20.795
20920519,19.462
20920520,19.793
20920521,20.161
20920522,20.558
20920523,24.848
20920524,26.405
20920525,27.027
20920526,28.672
20920527,24.393
20920528,28.705
20920529,28.761
20920530,20.749
20920531,25.283
20920601,22.904
20920602,24.092
20920603,26.478
20920604,29.403
20920605,26.211
20920606,31.109
20920607,27.161
20920608,32.383
20920609,33.116
20920610,31.686
20920611,27.643
20920612,27.323
20920613,26.29
20920614,31.053
20920615,29.818
20920616,27.996
20920617,31.38
20920618,34.013
20920619,28.884
20920620,28.882
20920621,29.041
20920622,26.677
20920623,24.816
20920624,24.661
20920625,29.155
20920626,31.036
20920627,27.758
20920628,27.204
20920629,27.893
20920630,26.682
20920701,29.02
20920702,28.325
20920703,28.558
20920704,30.839
20920705,31.498
20920706,28.637
20920707,32.283
20920708,34.984
20920709,35.71
20920710,31.942
20920711,32.003
20920712,31.55
20920713,29.825
20920714,35.507
20920715,33.638
20920716,34.201
20920717,34.612
20920718,33.989
20920719,33.314
20920720,33.147
20920721,32.873
20920722,29.977
20920723,31.081
20920724,32.697
20920725,32.788
20920726,34.471
20920727,36.761
20920728,38.03
20920729,37.699
20920730,38.073
20920731,39.412
20920801,38.997
20920802,32.107
20920803,32.766
20920804,35.668
20920805,34.616
20920806,30.554
20920807,31.43
20920808,36.256
20920809,35.845
20920810,35.79
20920811,30.799
20920812,32.431
20920813,35.969
20920814,40.713
20920815,36.314
20920816,33.396
20920817,24.502
20920818,20.294
20920819,25.391
20920820,27.135
20920821,33.907
20920822,37.454
20920823,36.014
20920824,39.582
20920825,40.27
20920826,40.301
20920827,40.325
20920828,40.102
20920829,40.369
20920830,36.942
20920831,38.351
20920901,40.057
20920902,31.286
20920903,34.457
20920904,31.547
20920905,28.809
20920906,25.656
20920907,28.08
20920908,31.368
20920909,33.744
20920910,33.097
20920911,31.916
20920912,32.352
20920913,32.132
20920914,28.692
20920915,27.037
20920916,25.066
20920917,24.104
20920918,25.322
20920919,26.792
20920920,28.753
20920921,30.062
20920922,24.948
20920923,25.351
20920924,24.154
20920925,23.467
20920926,20.476
20920927,20.953
20920928,23.074
20920929,24.16
20920930,24.005
20921001,24.977
20921002,22.563
20921003,20.75
20921004,18.847
20921005,18.978
20921006,20.065
20921007,19.484
20921008,19.838
20921009,19.233
20921010,20.513
20921011,20.032
20921012,20.497
20921013,21.22
20921014,19.512
20921015,21.821
20921016,21.524
20921017,19.381
20921018,20.61
20921019,21.373
20921020,20.928
20921021,20.141
20921022,18.913
20921023,19.101
20921024,19.432
20921025,20.392
20921026,20.138
20921027,21.559
20921028,20.715
20921029,21.645
20921030,19.953
20921031,16.718
20921101,17.096
20921102,15.154
20921103,14.094
20921104,10.7
20921105,11.231
20921106,8.9267
20921107,15.111
20921108,15.295
20921109,16.608
20921110,16.617
20921111,16.551
20921112,16.889
20921113,16.819
20921114,14.102
20921115,12.253
20921116,15.808
20921117,14.184
20921118,13.721
20921119,12.956
20921120,12.401
20921121,14.256
20921122,16.409
20921123,14.992
20921124,18.391
20921125,19.126
20921126,18.119
20921127,16.668
20921128,19.563
20921129,19.62
20921130,19.654
20921201,18.281
20921202,16.141
20921203,15.642
20921204,13.777
20921205,14.477
20921206,16.04
20921207,16.36
20921208,12.69
20921209,11.155
20921210,12.063
20921211,16.606
20921212,17.529
20921213,16.096
20921214,17.147
20921215,11.48
20921216,10.85
20921217,11.006
20921218,10.974
20921219,11.09
20921220,11.793
20921221,12.158
20921222,12.522
20921223,12.928
20921224,14.06
20921225,14.363
20921226,11.498
20921227,12.324
20921228,10.695
20921229,13.191
20921230,14.785
20921231,12.069
20930101,13.729
20930102,13.449
20930103,13.961
20930104,14.591
20930105,14.989
20930106,14.821
20930107,15.169
20930108,15.27
20930109,12.412
20930110,10.589
20930111,10.519
20930112,9.5248
20930113,9.3458
20930114,7.0582
20930115,8.2535
20930116,9.1935
20930117,11.104
20930118,10.706
20930119,12.082
20930120,12.035
20930121,12.881
20930122,9.1618
20930123,6.1752
20930124,8.6829
20930125,16.609
20930126,16.444
20930127,18.221
20930128,16.872
20930129,22.457
20930130,16.71
20930131,12.695
20930201,12.058
20930202,12.917
20930203,13.541
20930204,15.316
20930205,13.347
20930206,13.542
20930207,14.724
20930208,13.76
20930209,14.088
20930210,14.405
20930211,15.144
20930212,14.601
20930213,13.467
20930214,13.453
20930215,12.145
20930216,13.193
20930217,9.9882
20930218,12.688
20930219,16.694
20930220,14.539
20930221,16.044
20930222,14.584
20930223,14.617
20930224,15.74
20930225,14.927
20930226,13.3
20930227,12.911
20930228,14.492
20930301,16.35
20930302,12.945
20930303,14.253
20930304,14.957
20930305,15.712
20930306,14.853
20930307,13.423
20930308,17.824
20930309,17.966
20930310,17.761
20930311,16.917
20930312,16.568
20930313,16.776
20930314,16.593
20930315,17.532
20930316,15.221
20930317,20.233
20930318,18.333
20930319,16.882
20930320,17.078
20930321,19.028
20930322,20.427
20930323,19.318
20930324,18.265
20930325,15.615
20930326,17.701
20930327,19.538
20930328,18.995
20930329,21.279
20930330,23.382
20930331,20.467
20930401,21.952
20930402,23.575
20930403,25.823
20930404,23.008
20930405,22.433
20930406,15.779
20930407,16.572
20930408,16.696
20930409,16.101
20930410,14.243
20930411,17.379
20930412,19.219
20930413,20.267
20930414,19.429
20930415,20.673
20930416,23.056
20930417,22.902
20930418,19.011
20930419,18.734
20930420,17.996
20930421,18.932
20930422,19.356
20930423,21.017
20930424,20.816
20930425,19.533
20930426,22.918
20930427,21.29
20930428,20.089
20930429,21.087
20930430,21.756
20930501,19.477
20930502,23.407
20930503,27.28
20930504,25.357
20930505,25.987
20930506,27.076
20930507,24.87
20930508,26.928
20930509,27.228
20930510,25.546
20930511,25.209
20930512,27.834
20930513,26.923
20930514,28.917
20930515,28.502
20930516,29.11
20930517,25.725
20930518,27.089
20930519,33.149
20930520,33.69
20930521,33.795
20930522,27.059
20930523,21.867
20930524,21.613
20930525,23.466
20930526,23.854
20930527,24.75
20930528,25.78
20930529,23.603
20930530,26.732
20930531,25.884
20930601,24.34
20930602,24.843
20930603,27.768
20930604,27.965
20930605,30.383
20930606,28.188
20930607,29.614
20930608,28.362
20930609,27.732
20930610,27.339
20930611,27.017
20930612,26.058
20930613,27.117
20930614,26.209
20930615,30.884
20930616,31.005
20930617,28.922
20930618,28.674
20930619,31.56
20930620,32.298
20930621,30.632
20930622,22.63
20930623,28.304
20930624,26.929
20930625,27.373
20930626,31.913
20930627,36.318
20930628,28.479
20930629,28.491
20930630,28.997
20930701,29.725
20930702,34.791
20930703,36.494
20930704,35.038
20930705,25.887
20930706,26.571
20930707,27.566
20930708,30.056
20930709,29.884
20930710,34.492
20930711,37.892
20930712,37.331
20930713,39.329
20930714,38.947
20930715,32.122
20930716,32.55
20930717,30.611
20930718,35.39
20930719,36.447
20930720,34.974
20930721,31.374
20930722,34.577
20930723,36.947
20930724,37.953
20930725,38.358
20930726,37.062
20930727,31.5
20930728,32.744
20930729,35.147
20930730,37.299
20930731,39.437
20930801,35.468
20930802,36.881
20930803,37.625
20930804,38.756
20930805,39.759
20930806,37.053
20930807,38.518
20930808,35.19
20930809,36.268
20930810,34.891
20930811,33.324
20930812,34.216
20930813,35.964
20930814,38.428
20930815,39.261
20930816,40.495
20930817,39.998
20930818,36.607
20930819,31.391
20930820,29.953
20930821,32.803
20930822,26.614
20930823,31.762
20930824,32.688
20930825,31.843
20930826,28.699
20930827,29.101
20930828,27.841
20930829,28.98
20930830,34.897
20930831,38.444
20930901,37.848
20930902,36.659
20930903,30.325
20930904,32.78
20930905,34.701
20930906,33.865
20930907,31.636
20930908,29.783
20930909,32.898
20930910,30.978
20930911,27.697
20930912,24.437
20930913,27.3
20930914,27.277
20930915,28.214
20930916,29.049
20930917,27.679
20930918,25.312
20930919,26.559
20930920,27.959
20930921,24.251
20930922,24.929
20930923,21.931
20930924,24.88
20930925,26.683
20930926,30.066
20930927,21.554
20930928,23.328
20930929,24.01
20930930,25.074
20931001,25.319
20931002,23.005
20931003,20.482
20931004,21.596
20931005,19.09
20931006,19.624
20931007,21.3
20931008,24.059
20931009,25.212
20931010,25.801
20931011,23.578
20931012,20.148
20931013,20.114
20931014,19.697
20931015,19.97
20931016,18.274
20931017,19.093
20931018,21.022
20931019,21.549
20931020,22.808
20931021,21.415
20931022,21.545
20931023,20.914
20931024,20.259
20931025,20.536
20931026,20.445
20931027,20.882
20931028,21.262
20931029,20.821
20931030,20.184
20931031,18.648
20931101,18.199
20931102,17.745
20931103,18.335
20931104,17.046
20931105,18.304
20931106,17.088
20931107,17.108
20931108,16.012
20931109,14.938
20931110,13.034
20931111,12.271
20931112,12.358
20931113,12.519
20931114,16.287
20931115,14.667
20931116,11.317
20931117,13.17
20931118,13.312
20931119,12.204
20931120,11.387
20931121,12.493
20931122,11.838
20931123,12.175
20931124,11.366
20931125,13.568
20931126,17.089
20931127,14.496
20931128,16.051
20931129,14.926
20931130,13.862
20931201,14.531
20931202,13.92
20931203,8.941
20931204,7.9777
20931205,9.3062
20931206,5.3167
20931207,5.2642
20931208,6.9263
20931209,8.0216
20931210,11.165
20931211,7.4911
20931212,6.234
20931213,11.703
20931214,10.135
20931215,10.98
20931216,13.943
20931217,14.612
20931218,13.669
20931219,15.519
20931220,15.503
20931221,16.294
20931222,16.362
20931223,16.125
20931224,14.851
20931225,12.451
20931226,13.804
20931227,14.155
20931228,12.62
20931229,10.413
20931230,10.309
20931231,12.984
20940101,7.6826
20940102,15.633
20940103,13.506
20940104,12.724
20940105,9.6859
20940106,9.8254
20940107,12.013
20940108,11.686
20940109,11.03
20940110,10.908
20940111,10.187
20940112,10.807
20940113,11.457
20940114,10.923
20940115,12.621
20940116,12.717
20940117,12.31
20940118,12.809
20940119,13.894
20940120,14.303
20940121,13.929
20940122,11.379
20940123,7.4932
20940124,11.582
20940125,14.245
20940126,16.063
20940127,15.158
20940128,14.243
20940129,13.198
20940130,14.616
20940131,14.792
20940201,14.704
20940202,15.388
20940203,14.303
20940204,12.779
20940205,12.404
20940206,14.896
20940207,12.392
20940208,11.551
20940209,10.816
20940210,12.39
20940211,12.008
20940212,16.269
20940213,17.917
20940214,15.75
20940215,17.267
20940216,16.719
20940217,17.331
20940218,15.506
20940219,12.831
20940220,12.356
20940221,10.577
20940222,12.443
20940223,17.96
20940224,13.439
20940225,11.124
20940226,12.4
20940227,11.521
20940228,14.699
20940301,14.373
20940302,12.36
20940303,13.606
20940304,13.696
20940305,11.744
20940306,14.355
20940307,13.892
20940308,12.925
20940309,15.147
20940310,13.95
20940311,15.857
20940312,16.337
20940313,18.786
20940314,16.246
20940315,14.126
20940316,15.463
20940317,19.682
20940318,21.026
20940319,20.608
20940320,21.82
20940321,21.787
20940322,19.967
20940323,19.362
20940324,17.194
20940325,19.504
20940326,14.977
20940327,13.433
20940328,15.937
20940329,14.855
20940330,16.377
20940331,15.178
20940401,18.511
20940402,17.546
20940403,18.58
20940404,18.507
20940405,17.943
20940406,18.68
20940407,20.992
20940408,19.756
20940409,19.681
20940410,15.76
20940411,20.438
20940412,18.552
20940413,16.442
20940414,14.93
20940415,14.715
20940416,17.242
20940417,19.37
20940418,19.665
20940419,19.503
20940420,14.958
20940421,16.168
20940422,16.242
20940423,18.521
20940424,20.887
20940425,20.459
20940426,21.222
20940427,20.56
20940428,20.993
20940429,23.754
20940430,26.424
20940501,24.281
20940502,25.754
20940503,27.326
20940504,28.239
20940505,18.689
20940506,19.841
20940507,19.908
20940508,18.242
20940509,19.178
20940510,22.54
20940511,17.933
20940512,19.187
20940513,18.859
20940514,19.041
20940515,18.609
20940516,21.17
20940517,24.744
20940518,25.285
20940519,27.921
20940520,23.448
20940521,23
20940522,26.485
20940523,27.825
20940524,28.19
20940525,28.294
20940526,28.794
20940527,28.844
20940528,29.2
20940529,29.47
20940530,28.899
20940531,23.826
20940601,26.94
20940602,28.804
20940603,32.09
20940604,31.295
20940605,29.008
20940606,25.625
20940607,20.634
20940608,21.155
20940609,14.79
20940610,23.544
20940611,29.004
20940612,31.573
20940613,28.015
20940614,25.314
20940615,26.833
20940616,22.573
20940617,27.744
20940618,32.247
20940619,29.039
20940620,30.729
20940621,31.808
20940622,31.566
20940623,26.562
20940624,23.931
20940625,25.049
20940626,25.294
20940627,28.754
20940628,27.358
20940629,28.117
20940630,28.032
20940701,33.911
20940702,34.914
20940703,36.507
20940704,35.487
20940705,35.876
20940706,36.65
20940707,37.484
20940708,37.81
20940709,34.521
20940710,33.303
20940711,34.636
20940712,34.676
20940713,31.642
20940714,31.327
20940715,29.008
20940716,33.965
20940717,37.972
20940718,35.167
20940719,35.555
20940720,34.714
20940721,34.145
20940722,32.837
20940723,34.455
20940724,35.683
20940725,34.714
20940726,35.787
20940727,34.47
20940728,34.367
20940729,32.329
20940730,28.595
20940731,28.611
20940801,32.249
20940802,35.188
20940803,35.697
20940804,26.009
20940805,29.791
20940806,30.283
20940807,29.836
20940808,36.062
20940809,37.25
20940810,37.13
20940811,36.281
20940812,36.203
20940813,33.403
20940814,33.402
20940815,29.621
20940816,31.088
20940817,29.947
20940818,35.229
20940819,35.54
20940820,34.087
20940821,34.58
20940822,34.391
20940823,35.396
20940824,33.693
20940825,32.328
20940826,30.941
20940827,33.132
20940828,27.57
20940829,32.406
20940830,33.56
20940831,34.765
20940901,36.616
20940902,36.265
20940903,29.906
20940904,25.869
20940905,26.029
20940906,28.542
20940907,29.019
20940908,31.948
20940909,31.922
20940910,31.385
20940911,31.849
20940912,32.064
20940913,26.175
20940914,23.935
20940915,24.236
20940916,23.954
20940917,23.091
20940918,24.09
20940919,23.316
20940920,28.319
20940921,26.683
20940922,26.311
20940923,23.02
20940924,23.504
20940925,24.57
20940926,25.956
20940927,25.951
20940928,24.79
20940929,28.272
20940930,26.064
20941001,23.511
20941002,28.719
20941003,25.958
20941004,28.316
20941005,23.135
20941006,25.427
20941007,25.358
20941008,26.134
20941009,25.207
20941010,28.374
20941011,27.197
20941012,27.813
20941013,27.517
20941014,28.237
20941015,30.027
20941016,30.373
20941017,28.637
20941018,23.308
20941019,19.779
20941020,16.092
20941021,20.087
20941022,21.714
20941023,20.885
20941024,22.912
20941025,20.864
20941026,21.307
20941027,21.451
20941028,22.149
20941029,21.186
20941030,21.712
20941031,23.042
20941101,20.476
20941102,19.558
20941103,18.189
20941104,16.424
20941105,18.814
20941106,20.132
20941107,18.939
20941108,17.491
20941109,18.091
20941110,18.256
20941111,18.641
20941112,19.79
20941113,16.371
20941114,17.053
20941115,20.489
20941116,19.124
20941117,17.287
20941118,15.116
20941119,14.071
20941120,12.653
20941121,10.37
20941122,14.292
20941123,13.886
20941124,17.348
20941125,15.335
20941126,14.861
20941127,18.953
20941128,14.582
20941129,14.523
20941130,13.941
20941201,13.99
20941202,12.193
20941203,15.208
20941204,15.714
20941205,16.824
20941206,15.423
20941207,14.112
20941208,16.19
20941209,13.107
20941210,15.78
20941211,14.367
20941212,12.243
20941213,10.033
20941214,10.149
20941215,5.6569
20941216,8.0174
20941217,4.7984
20941218,4.0308
20941219,10.202
20941220,11.895
20941221,15.009
20941222,12.669
20941223,10.026
20941224,9.2648
20941225,8.3102
20941226,7.0019
20941227,5.9277
20941228,12.707
20941229,11.857
20941230,15.148
20941231,15.198
20950101,17.015
20950102,15.656
20950103,11.775
20950104,9.8756
20950105,10.399
20950106,10.44
20950107,12.478
20950108,10.395
20950109,11.523
20950110,13.505
20950111,12.41
20950112,14.622
20950113,14.001
20950114,11.118
20950115,12.226
20950116,10.527
20950117,8.9178
20950118,13.504
20950119,11.233
20950120,12.372
20950121,12.795
20950122,14.79
20950123,14.161
20950124,12.862
20950125,12.847
20950126,12.269
20950127,14.455
20950128,13.345
20950129,12.944
20950130,13.589
20950131,13.732
20950201,14.231
20950202,11.219
20950203,14.439
20950204,14.615
20950205,13.878
20950206,17.703
20950207,12.048
20950208,10.893
20950209,9.7409
20950210,8.3221
20950211,8.7017
20950212,11.715
20950213,15.371
20950214,13.595
20950215,11.516
20950216,14.142
20950217,14.793
20950218,15.246
20950219,14.169
20950220,17.033
20950221,11.737
20950222,11.766
20950223,13.09
20950224,14.918
20950225,16.857
20950226,17.2
20950227,15.289
20950228,16.671
20950301,12.206
20950302,13.05
20950303,13.586
20950304,15.011
20950305,16.089
20950306,18.421
20950307,14.407
20950308,12.856
20950309,6.5843
20950310,9.7673
20950311,7.1157
20950312,16.006
20950313,14.391
20950314,12.645
20950315,14.792
20950316,14.627
20950317,13.652
20950318,13.529
20950319,15.917
20950320,14.989
20950321,12.635
20950322,12.8
20950323,16.314
20950324,17.542
20950325,18.487
20950326,17.595
20950327,16.779
20950328,18.094
20950329,13.399
20950330,18.825
20950331,17.708
20950401,17.341
20950402,18.296
20950403,16.722
20950404,20.415
20950405,22.571
20950406,22.538
20950407,22.174
20950408,20.613
20950409,24.39
20950410,25.674
20950411,21.716
20950412,20.92
20950413,17.219
20950414,20.28
20950415,22.039
20950416,22.521
20950417,24.192
20950418,24.493
20950419,21.792
20950420,23.584
20950421,22.727
20950422,21.63
20950423,22.618
20950424,23.606
20950425,22.565
20950426,19.76
20950427,21.217
20950428,15.136
20950429,20.8
20950430,25.932
20950501,20.776
20950502,23.717
20950503,26.093
20950504,24.6
20950505,25.088
20950506,25.854
20950507,25.151
20950508,24.544
20950509,23.535
20950510,21.503
20950511,22.928
20950512,25.867
20950513,26.629
20950514,24.936
20950515,21.521
20950516,24.134
20950517,26.382
20950518,27.934
20950519,29.317
20950520,26.45
20950521,18.641
20950522,26.446
20950523,27.707
20950524,30.005
20950525,31.684
20950526,27.183
20950527,26.691
20950528,26.869
20950529,29.846
20950530,28.592
20950531,29.562
20950601,30.642
20950602,28.077
20950603,31.818
20950604,31.928
20950605,30.643
20950606,31.287
20950607,32.512
20950608,33.572
20950609,25.854
20950610,29.496
20950611,30.652
20950612,32.708
20950613,32.569
20950614,33.267
20950615,33.755
20950616,27.668
20950617,27.234
20950618,27.713
20950619,27.057
20950620,30.643
20950621,31.769
20950622,32.865
20950623,31.53
20950624,33.414
20950625,34.817
20950626,34.382
20950627,38.438
20950628,40.335
20950629,32.947
20950630,23.673
20950701,20.561
20950702,30.441
20950703,26.188
20950704,27.405
20950705,29.987
20950706,31.171
20950707,31.9
20950708,30.218
20950709,28.288
20950710,29.123
20950711,34.003
20950712,30.646
20950713,33.035
20950714,33.446
20950715,30.312
20950716,31.235
20950717,28.611
20950718,32.638
20950719,36.147
20950720,37.415
20950721,29.879
20950722,31.491
20950723,29.285
20950724,33.22
20950725,31.548
20950726,35.482
20950727,36.668
20950728,32.267
20950729,30.842
20950730,30.736
20950731,34.774
20950801,34.896
20950802,35.948
20950803,33.985
20950804,30.742
20950805,36.494
20950806,37.056
20950807,38.547
20950808,38.719
20950809,39.991
20950810,39.148
20950811,36.1
20950812,37.263
20950813,37.32
20950814,36.251
20950815,35.889
20950816,34.673
20950817,33.742
20950818,37.092
20950819,38.238
20950820,33.936
20950821,33.725
20950822,36.891
20950823,26.101
20950824,30.086
20950825,30.597
20950826,34.651
20950827,35.909
20950828,36.462
20950829,36.844
20950830,35.466
20950831,35.476
20950901,34.816
20950902,31.006
20950903,35.672
20950904,36.527
20950905,33.351
20950906,34.305
20950907,33.597
20950908,32.9
20950909,34.055
20950910,30.005
20950911,28.965
20950912,23.414
20950913,22.842
20950914,25.819
20950915,29.132
20950916,26.793
20950917,24.368
20950918,27.772
20950919,31.136
20950920,30.932
20950921,25.679
20950922,24.489
20950923,24.282
20950924,27.033
20950925,24.075
20950926,22.608
20950927,22.479
20950928,21.024
20950929,23.492
20950930,26.36
20951001,26.509
20951002,22.763
20951003,23.717
20951004,19.993
20951005,18.374
20951006,20.469
20951007,21.518
20951008,17.066
20951009,18.199
20951010,20.079
20951011,20.249
20951012,19.27
20951013,21.508
20951014,20.893
20951015,17.342
20951016,22.133
20951017,22.499
20951018,21.524
20951019,21.58
20951020,21.93
20951021,19.521
20951022,22.309
20951023,22.186
20951024,21.48
20951025,18.639
20951026,17.567
20951027,19.572
20951028,17.492
20951029,15.903
20951030,16.897
20951031,18.754
20951101,20.238
20951102,19.397
20951103,17.59
20951104,17.565
20951105,19.048
20951106,19.824
20951107,23.431
20951108,22.633
20951109,20.613
20951110,17.832
20951111,18.678
20951112,19.134
20951113,18.519
20951114,17.089
20951115,17.632
20951116,17.519
20951117,16.523
20951118,17.609
20951119,18.348
20951120,17.609
20951121,18.309
20951122,19.557
20951123,16.472
20951124,14.913
20951125,17.531
20951126,18.09
20951127,20.087
20951128,17.932
20951129,16.654
20951130,12.976
20951201,11.495
20951202,10.777
20951203,12.796
20951204,12.575
20951205,12.985
20951206,17.383
20951207,14.354
20951208,10.855
20951209,11.829
20951210,15.187
20951211,14.194
20951212,16.625
20951213,15.943
20951214,14.944
20951215,16.354
20951216,13.957
20951217,15.142
20951218,16.308
20951219,16.856
20951220,13.557
20951221,14.44
20951222,15.788
20951223,11.07
20951224,15.045
20951225,10.988
20951226,10.798
20951227,16.454
20951228,15.557
20951229,15.819
20951230,15.939
20951231,15.643
20960101,15.25
20960102,14.695
20960103,12.418
20960104,9.4306
20960105,9.2221
20960106,11.121
20960107,11.964
20960108,12.822
20960109,10.467
20960110,10.103
20960111,12.082
20960112,12.466
20960113,12.542
20960114,10.732
20960115,10.946
20960116,9.7208
20960117,11.416
20960118,12.969
20960119,10.72
20960120,10.343
20960121,7.1988
20960122,10.488
20960123,13.321
20960124,13.68
20960125,10.29
20960126,12.563
20960127,14.078
20960128,14.498
20960129,13.461
20960130,15.279
20960131,15.175
20960201,13.94
20960202,13.908
20960203,15.394
20960204,14.39
20960205,16.642
20960206,13.651
20960207,14.631
20960208,11.85
20960209,9.9149
20960210,9.4244
20960211,8.9897
20960212,11.527
20960213,13.344
20960214,16.957
20960215,16.804
20960216,18.016
20960217,17.259
20960218,13.493
20960219,17.053
20960220,15.296
20960221,17.974
20960222,18.631
20960223,13.894
20960224,14.979
20960225,15.412
20960226,16.679
20960227,17.942
20960228,19.833
20960229,20.018
20960301,20.94
20960302,22.111
20960303,23.909
20960304,23.575
20960305,17.7
20960306,18.336
20960307,17.647
20960308,12.139
20960309,13.437
20960310,15.179
20960311,15.501
20960312,13.221
20960313,11.279
20960314,10.463
20960315,12.337
20960316,12.643
20960317,16.663
20960318,18.336
20960319,17.508
20960320,15.691
20960321,14.075
20960322,15.672
20960323,14.041
20960324,12.542
20960325,15.275
20960326,17.544
20960327,19.449
20960328,17.68
20960329,15.74
20960330,17.589
20960331,21.64
20960401,25.54
20960402,18.73
20960403,17.602
20960404,14.782
20960405,14.188
20960406,19.832
20960407,21.436
20960408,21.348
20960409,20.423
20960410,22.275
20960411,22.569
20960412,24.088
20960413,22.149
20960414,23.818
20960415,22.454
20960416,21.685
20960417,21.189
20960418,22.807
20960419,23.296
20960420,24.739
20960421,25.885
20960422,29.008
20960423,27.093
20960424,21.854
20960425,21.233
20960426,22.892
20960427,22.704
20960428,22.223
20960429,20.75
20960430,16.794
20960501,20.169
20960502,18.328
20960503,18.709
20960504,21.228
20960505,23.882
20960506,23.814
20960507,23.799
20960508,29.624
20960509,30.154
20960510,29.405
20960511,29.023
20960512,26.882
20960513,20.334
20960514,21
20960515,25.375
20960516,19.385
20960517,23.785
20960518,23.574
20960519,25.871
20960520,25.458
20960521,24.719
20960522,23.344
20960523,25.915
20960524,28.272
20960525,29.226
20960526,30.699
20960527,30.815
20960528,27.722
20960529,21.436
20960530,21.683
20960531,20.735
20960601,27.3
20960602,26.801
20960603,29.688
20960604,31.498
20960605,24.651
20960606,29.712
20960607,31.175
20960608,32.178
20960609,32.213
20960610,27.741
20960611,25.906
20960612,27.922
20960613,25.034
20960614,22.399
20960615,21.954
20960616,21.958
20960617,26.102
20960618,25.035
20960619,26.39
20960620,22
20960621,26.93
20960622,26.975
20960623,26.144
20960624,27.087
20960625,26.725
20960626,27.735
20960627,28.375
20960628,28.87
20960629,28.878
20960630,30.216
20960701,31.499
20960702,29.386
20960703,25.187
20960704,24.936
20960705,26.554
20960706,25.184
20960707,26.509
20960708,27.688
20960709,30.713
20960710,32.827
20960711,29.032
20960712,28.765
20960713,31.249
20960714,33.629
20960715,35.296
20960716,31.419
20960717,30.561
20960718,28.322
20960719,27.423
20960720,28.365
20960721,28.722
20960722,29.852
20960723,31.951
20960724,32.074
20960725,28.127
20960726,26.568
20960727,24.42
20960728,23.112
20960729,29.117
20960730,29.423
20960731,24.499
20960801,23.321
20960802,28.397
20960803,27.32
20960804,28.103
20960805,28.361
20960806,27.546
20960807,29.972
20960808,30.495
20960809,32.135
20960810,31.122
20960811,25.499
20960812,26.782
20960813,29.332
20960814,31.745
20960815,32.553
20960816,32.571
20960817,34.515
20960818,35.223
20960819,35.443
20960820,29.5
20960821,30.24
20960822,33.199
20960823,32.967
20960824,27.023
20960825,28.14
20960826,22.375
20960827,24.625
20960828,28.066
20960829,29.008
20960830,26.664
20960831,26.474
20960901,26.224
20960902,27.047
20960903,28.259
20960904,28.367
20960905,29.723
20960906,27.313
20960907,29.36
20960908,30.493
20960909,29.736
20960910,22.022
20960911,21.98
20960912,20.332
20960913,20.577
20960914,17.853
20960915,22.389
20960916,24.931
20960917,24.112
20960918,25.949
20960919,24.225
20960920,26.437
20960921,26.129
20960922,28.397
20960923,27.236
20960924,27.413
20960925,25.735
20960926,25.934
20960927,21.58
20960928,21.863
20960929,22.026
20960930,26.297
20961001,25.837
20961002,24.066
20961003,19.642
20961004,18.574
20961005,17.916
20961006,18.153
20961007,17.984
20961008,19.768
20961009,19.979
20961010,19.845
20961011,23.208
20961012,23.122
20961013,22.207
20961014,19.849
20961015,16.027
20961016,15.735
20961017,12.894
20961018,15.487
20961019,17.026
20961020,14.624
20961021,16.448
20961022,15.625
20961023,17.75
20961024,17.457
20961025,13.316
20961026,13.886
20961027,16.452
20961028,19.359
20961029,16.457
20961030,13.96
20961031,15.075
20961101,16.231
20961102,17.477
20961103,14.485
20961104,11.531
20961105,11.294
20961106,13.459
20961107,14.228
20961108,11.645
20961109,12.39
20961110,14.542
20961111,16.97
20961112,17.455
20961113,16.938
20961114,18.149
20961115,16.787
20961116,12.929
20961117,11.693
20961118,13.704
20961119,9.6233
20961120,9.1331
20961121,7.6485
20961122,8.8262
20961123,11.627
20961124,12.697
20961125,13.954
20961126,14.006
20961127,15.801
20961128,13.478
20961129,11.699
20961130,11.609
20961201,12.716
20961202,13.26
20961203,15.387
20961204,11.811
20961205,12.923
20961206,7.052
20961207,10.194
20961208,10.052
20961209,11.165
20961210,10.07
20961211,13.795
20961212,14.299
20961213,11.631
20961214,12.572
20961215,12.72
20961216,12.826
20961217,12.493
20961218,13.075
20961219,12.713
20961220,13.289
20961221,13.356
20961222,8.7433
20961223,6.1614
20961224,7.4957
20961225,7.3758
20961226,6.655
20961227,7.1053
20961228,5.2144
20961229,6.2309
20961230,8.4604
20961231,10.087
20970101,11.034
20970102,12.604
20970103,11.487
20970104,10.868
20970105,11.341
20970106,13.092
20970107,13.256
20970108,15.746
20970109,12.731
20970110,9.0168
20970111,9.1893
20970112,9.7628
20970113,8.8278
20970114,8.4595
20970115,10.339
20970116,10.372
20970117,9.7503
20970118,9.4366
20970119,11.082
20970120,9.1673
20970121,13.699
20970122,12.654
20970123,12.131
20970124,11.873
20970125,14.152
20970126,15.955
20970127,16.322
20970128,10.627
20970129,10.953
20970130,9.9978
20970131,14.353
20970201,15.395
20970202,15.791
20970203,16.971
20970204,15.343
20970205,15.369
20970206,11.32
20970207,9.8933
20970208,12.372
20970209,11.833
20970210,13.106
20970211,15.169
20970212,15.609
20970213,15.089
20970214,16.168
20970215,16.368
20970216,17.008
20970217,16.524
20970218,14.748
20970219,16.129
20970220,17.429
20970221,18.679
20970222,14.042
20970223,18.849
20970224,14.51
20970225,13.263
20970226,11.975
20970227,16.948
20970228,16.04
20970301,14.177
20970302,13.352
20970303,16.999
20970304,16.935
20970305,15.305
20970306,17.408
20970307,13.266
20970308,12.877
20970309,14.32
20970310,16.316
20970311,16.958
20970312,17.4
20970313,17.991
20970314,13.409
20970315,12.818
20970316,10.973
20970317,15.86
20970318,15.779
20970319,11.432
20970320,12.602
20970321,10.891
20970322,13.183
20970323,15.156
20970324,15.639
20970325,15.45
20970326,15.624
20970327,14.612
20970328,16.108
20970329,16.257
20970330,15.904
20970331,16.504
20970401,16.909
20970402,14.472
20970403,19.957
20970404,19.605
20970405,15.61
20970406,16.165
20970407,16.283
20970408,15.206
20970409,16.25
20970410,19.688
20970411,20.652
20970412,17.717
20970413,17.317
20970414,17.336
20970415,19.263
20970416,21.548
20970417,21.259
20970418,22.604
20970419,23.713
20970420,19.687
20970421,22.095
20970422,23.973
20970423,17.643
20970424,14.748
20970425,15.814
20970426,16.333
20970427,18.08
20970428,23.575
20970429,26.367
20970430,23.02
20970501,25.951
20970502,24.498
20970503,24.685
20970504,24.462
20970505,21.701
20970506,20.609
20970507,23.425
20970508,24.163
20970509,23.326
20970510,19.363
20970511,17.447
20970512,21.243
20970513,18.014
20970514,19.897
20970515,20.119
20970516,23.078
20970517,21.899
20970518,22.247
20970519,23.221
20970520,18.583
20970521,18.856
20970522,22.102
20970523,24.143
20970524,26.725
20970525,27.21
20970526,22.744
20970527,21.562
20970528,21.305
20970529,21.957
20970530,24.481
20970531,25.501
20970601,26.483
20970602,27.939
20970603,29.854
20970604,32.743
20970605,32.208
20970606,30.52
20970607,28.235
20970608,26.619
20970609,28.351
20970610,29.221
20970611,29.22
20970612,28.021
20970613,23.279
20970614,25.497
20970615,22.948
20970616,26.183
20970617,24.824
20970618,25.442
20970619,27.591
20970620,29.221
20970621,29.862
20970622,31.782
20970623,31.829
20970624,26.814
20970625,27.272
20970626,32.923
20970627,35.098
20970628,37.185
20970629,37.78
20970630,37.237
20970701,35.823
20970702,36.224
20970703,34.628
20970704,34.478
20970705,33.479
20970706,29.55
20970707,26.659
20970708,30.848
20970709,31.462
20970710,34.283
20970711,33.855
20970712,27.481
20970713,33.717
20970714,34.668
20970715,35.037
20970716,35.442
20970717,36.234
20970718,37.144
20970719,36.824
20970720,36.862
20970721,38.698
20970722,39.104
20970723,32.725
20970724,36.675
20970725,42.021
20970726,44.963
20970727,42.687
20970728,44.202
20970729,42.581
20970730,41.178
20970731,39.715
20970801,41.293
20970802,42.134
20970803,36.317
20970804,37.863
20970805,40.744
20970806,37.55
20970807,35.978
20970808,37.623
20970809,38.104
20970810,37.954
20970811,38.567
20970812,38.851
20970813,38.498
20970814,37.414
20970815,35.254
20970816,27.629
20970817,28.949
20970818,34.55
20970819,35.59
20970820,36.424
20970821,35.085
20970822,34.518
20970823,29.818
20970824,26.603
20970825,26.928
20970826,28.439
20970827,30.22
20970828,32.119
20970829,33.635
20970830,34.624
20970831,35.236
20970901,27.379
20970902,28.62
20970903,29.894
20970904,28.661
20970905,31.606
20970906,30.57
20970907,31.013
20970908,31.096
20970909,24.998
20970910,27.613
20970911,29.381
20970912,29.884
20970913,31.95
20970914,32.547
20970915,33.003
20970916,31.128
20970917,30.565
20970918,30.008
20970919,28.398
20970920,29.287
20970921,30.967
20970922,26.247
20970923,26.614
20970924,27.308
20970925,26.093
20970926,25.826
20970927,27.047
20970928,26.459
20970929,23.817
20970930,26.154
20971001,22.077
20971002,24.093
20971003,22.749
20971004,23.769
20971005,24.059
20971006,24.819
20971007,27.804
20971008,27.913
20971009,28.606
20971010,30.215
20971011,23.216
20971012,23.195
20971013,20.175
20971014,24.359
20971015,26.081
20971016,26.759
20971017,27
20971018,27.453
20971019,27.279
20971020,27.694
20971021,22.273
20971022,23.149
20971023,22.644
20971024,22.572
20971025,19.432
20971026,19.485
20971027,19.406
20971028,20.789
20971029,21.201
20971030,20.963
20971031,21.393
20971101,20.115
20971102,20.271
20971103,19.67
20971104,19.382
20971105,16.248
20971106,17.861
20971107,19.503
20971108,19.499
20971109,19.732
20971110,20.902
20971111,22.604
20971112,22.978
20971113,20.074
20971114,20.733
20971115,17.549
20971116,18.025
20971117,19.077
20971118,18.638
20971119,18.205
20971120,18.625
20971121,18.705
20971122,18.738
20971123,17.646
20971124,16.187
20971125,17.188
20971126,16.765
20971127,17.094
20971128,13.25
20971129,13.626
20971130,16.211
20971201,14.861
20971202,13.344
20971203,11.624
20971204,12.776
20971205,7.4009
20971206,12.155
20971207,13.183
20971208,12.569
20971209,11.909
20971210,11.459
20971211,11.823
20971212,11.518
20971213,14.32
20971214,15.768
20971215,13.796
20971216,11.594
20971217,16.078
20971218,16.033
20971219,16.875
20971220,13.267
20971221,11.522
20971222,10.539
20971223,12.391
20971224,13.302
20971225,13.653
20971226,13.213
20971227,13.83
20971228,13.367
20971229,12.967
20971230,12.707
20971231,13.73
20980101,12.212
20980102,14.546
20980103,17.142
20980104,14.674
20980105,13.816
20980106,16.875
20980107,16.117
20980108,16.759
20980109,18.69
20980110,16.424
20980111,15.742
20980112,16.196
20980113,14.743
20980114,12.027
20980115,9.5658
20980116,6.7724
20980117,8.0711
20980118,10.294
20980119,8.8314
20980120,7.0776
20980121,9.5317
20980122,13.981
20980123,11.744
20980124,11.983
20980125,14.65
20980126,14.459
20980127,11.844
20980128,11.83
20980129,12.578
20980130,13.402
20980131,17.576
20980201,14.652
20980202,16.679
20980203,17.966
20980204,13.042
20980205,11.646
20980206,13.378
20980207,12.936
20980208,10.551
20980209,10.304
20980210,14.623
20980211,13.438
20980212,13.289
20980213,13.288
20980214,16.54
20980215,12.639
20980216,15.022
20980217,16.562
20980218,12.765
20980219,13.233
20980220,12.237
20980221,13.693
20980222,11.132
20980223,13.144
20980224,12.329
20980225,13.311
20980226,16.913
20980227,17.087
20980228,15.791
20980301,13.202
20980302,12.408
20980303,13.041
20980304,13.565
20980305,15.608
20980306,14.684
20980307,14.123
20980308,16.927
20980309,17.826
20980310,18.423
20980311,16.73
20980312,17.033
20980313,19.87
20980314,19.884
20980315,18.844
20980316,19.117
20980317,16.565
20980318,15.921
20980319,13.271
20980320,11.837
20980321,12.252
20980322,12.654
20980323,12.994
20980324,14.42
20980325,16.256
20980326,16.522
20980327,11.898
20980328,17.09
20980329,17.394
20980330,15.815
20980331,15.026
20980401,15.194
20980402,16.581
20980403,17.526
20980404,15.05
20980405,14.579
20980406,14.786
20980407,15.97
20980408,14.416
20980409,15.575
20980410,22.457
20980411,22.406
20980412,21.064
20980413,15.083
20980414,18.62
20980415,18.98
20980416,21.356
20980417,22.974
20980418,25.238
20980419,27.253
20980420,25.332
20980421,23.848
20980422,24.908
20980423,25.602
20980424,25.15
20980425,28.025
20980426,25.613
20980427,25.817
20980428,25.929
20980429,21.711
20980430,27.792
20980501,22.727
20980502,23.267
20980503,25.046
20980504,25.929
20980505,22.637
20980506,19.449
20980507,23.777
20980508,25.565
20980509,27.747
20980510,27.849
20980511,26.061
20980512,24.502
20980513,20.594
20980514,17.316
20980515,20.901
20980516,20.143
20980517,22.229
20980518,21.863
20980519,22.05
20980520,23.589
20980521,23.268
20980522,18.209
20980523,23.562
20980524,24.793
20980525,20.553
20980526,22.951
20980527,22.974
20980528,21.421
20980529,20.043
20980530,21.27
20980531,19.663
20980601,20.19
20980602,19.036
20980603,22.661
20980604,26.138
20980605,26.943
20980606,23.292
20980607,22.311
20980608,23.973
20980609,24.385
20980610,21.376
20980611,21.383
20980612,26.517
20980613,24.486
20980614,25.925
20980615,25.006
20980616,26.191
20980617,21.368
20980618,26.393
20980619,25.84
20980620,26.74
20980621,27.857
20980622,30.234
20980623,31.661
20980624,30.309
20980625,30.484
20980626,30.292
20980627,29.53
20980628,27.555
20980629,26.898
20980630,27.194
20980701,29.385
20980702,31.719
20980703,32.681
20980704,28.722
20980705,28.603
20980706,28.509
20980707,29.121
20980708,27.375
20980709,27.988
20980710,29.405
20980711,25.353
20980712,26.187
20980713,26.698
20980714,31.764
20980715,33.864
20980716,33.38
20980717,31.512
20980718,30.104
20980719,30.241
20980720,30.131
20980721,30.433
20980722,29.487
20980723,28.603
20980724,28.838
20980725,30.307
20980726,29.082
20980727,29.958
20980728,30.894
20980729,31.265
20980730,32.949
20980731,31.76
20980801,35.704
20980802,33.633
20980803,33.677
20980804,32.28
20980805,31.754
20980806,33.514
20980807,35.185
20980808,38.202
20980809,35.935
20980810,35.472
20980811,27.097
20980812,32.266
20980813,35.681
20980814,34.786
20980815,31.294
20980816,31.32
20980817,30.149
20980818,30.418
20980819,35.614
20980820,34.839
20980821,27.363
20980822,27.027
20980823,25.993
20980824,27.561
20980825,30.029
20980826,32.246
20980827,32.904
20980828,32.52
20980829,32.495
20980830,33.223
20980831,33.21
20980901,33.442
20980902,33.007
20980903,29.464
20980904,28.537
20980905,23.77
20980906,24.1
20980907,26.552
20980908,27.052
20980909,28.603
20980910,29.151
20980911,27.319
20980912,30.373
20980913,31.511
20980914,31.448
20980915,30.292
20980916,30.477
20980917,25.529
20980918,28.394
20980919,30.646
20980920,32.824
20980921,32.242
20980922,25.652
20980923,24.488
20980924,27.1
20980925,27.472
20980926,28.917
20980927,26.989
20980928,26.69
20980929,25.863
20980930,25.421
20981001,25.849
20981002,21.753
20981003,23.081
20981004,22.47
20981005,22.113
20981006,22.085
20981007,22.568
20981008,14.104
20981009,14.412
20981010,15.9
20981011,17.095
20981012,17.814
20981013,17.015
20981014,16.547
20981015,17.658
20981016,17.488
20981017,17.426
20981018,16.18
20981019,17.094
20981020,17.831
20981021,17.568
20981022,18.133
20981023,19.869
20981024,20.677
20981025,20.454
20981026,19.045
20981027,18.462
20981028,17.091
20981029,19.503
20981030,19.653
20981031,16.651
20981101,17.201
20981102,14.418
20981103,14.303
20981104,16.112
20981105,18.858
20981106,19.996
20981107,21.435
20981108,24.04
20981109,24.201
20981110,23.225
20981111,17.002
20981112,19.182
20981113,18.733
20981114,21.349
20981115,21.196
20981116,21.109
20981117,20.739
20981118,20.896
20981119,19.567
20981120,15.167
20981121,14.533
20981122,16.405
20981123,15.506
20981124,15.451
20981125,15.766
20981126,17.396
20981127,19.723
20981128,15.157
20981129,13.768
20981130,18.822
20981201,18.605
20981202,15.826
20981203,11.744
20981204,13.949
20981205,16.66
20981206,15.365
20981207,15.026
20981208,11.72
20981209,14.341
20981210,11.735
20981211,16.121
20981212,15.046
20981213,13.154
20981214,11.371
20981215,9.7557
20981216,10.373
20981217,9.2811
20981218,8.9773
20981219,9.6791
20981220,10.546
20981221,11.642
20981222,11.835
20981223,10.706
20981224,10.471
20981225,10.042
20981226,11.695
20981227,8.6737
20981228,10.618
20981229,14.873
20981230,13.515
20981231,11.735
20990101,13.961
20990102,13.998
20990103,15.536
20990104,14.308
20990105,15.486
20990106,12.221
20990107,10.322
20990108,10.182
20990109,12.399
20990110,12.639
20990111,13.325
20990112,13.713
20990113,14.138
20990114,14.044
20990115,12.336
20990116,11.617
20990117,13.852
20990118,13.255
20990119,14.01
20990120,14.938
20990121,13.811
20990122,14.795
20990123,14.726
20990124,13.57
20990125,11.085
20990126,14.392
20990127,14.113
20990128,12.522
20990129,13.717
20990130,12.287
20990131,14.034
20990201,14.66
20990202,17.661
20990203,16.88
20990204,16.107
20990205,17.359
20990206,15.317
20990207,11.639
20990208,11.525
20990209,13.471
20990210,18.923
20990211,19.403
20990212,18.475
20990213,18.536
20990214,18.02
20990215,13.011
20990216,10.377
20990217,9.658
20990218,9.223
20990219,11.603
20990220,16.642
20990221,16.18
20990222,18.891
20990223,19.918
20990224,20.119
20990225,19.786
20990226,20.224
20990227,17.38
20990228,20.014
20990301,18.472
20990302,16.407
20990303,17.096
20990304,18.765
20990305,20.826
20990306,21.258
20990307,22.893
20990308,20.759
20990309,21.48
20990310,20.128
20990311,17.732
20990312,18.898
20990313,17.817
20990314,17.109
20990315,16.478
20990316,20.495
20990317,17.242
20990318,19.087
20990319,21.764
20990320,22.764
20990321,21.55
20990322,23.269
20990323,19.883
20990324,19.124
20990325,20.03
20990326,15.973
20990327,16.411
20990328,13.214
20990329,15.157
20990330,16.699
20990331,15.032
20990401,15.289
20990402,17.045
20990403,18.417
20990404,18.397
20990405,17.858
20990406,18.085
20990407,21.531
20990408,24.1
20990409,18.764
20990410,13.434
20990411,14.616
20990412,17.355
20990413,20.998
20990414,17.826
20990415,17.75
20990416,15.25
20990417,19.065
20990418,19.484
20990419,21.99
20990420,21.108
20990421,21.781
20990422,20.643
20990423,18.923
20990424,19.601
20990425,19.052
20990426,20.022
20990427,22.941
20990428,23.413
20990429,21.776
20990430,22.221
20990501,21.867
20990502,23.958
20990503,16.529
20990504,20.098
20990505,23.668
20990506,27.807
20990507,25.299
20990508,27.021
20990509,29.283
20990510,32.763
20990511,28.016
20990512,28.1
20990513,28.883
20990514,30.202
20990515,30.728
20990516,26.808
20990517,27.101
20990518,26.181
20990519,26.47
20990520,26.244
20990521,25.922
20990522,16.537
20990523,21.887
20990524,23.443
20990525,23.677
20990526,25.936
20990527,26.464
20990528,27.627
20990529,28.121
20990530,26.205
20990531,28.091
20990601,25.52
20990602,26.453
20990603,28.841
20990604,26.923
20990605,28.029
20990606,31.133
20990607,29.383
20990608,27.698
20990609,30.233
20990610,32.988
20990611,33.99
20990612,36.409
20990613,36.432
20990614,35.54
20990615,34.402
20990616,34.486
20990617,33.495
20990618,32.94
20990619,25.544
20990620,23.237
20990621,27.776
20990622,33.764
20990623,32.916
20990624,31.958
20990625,34.36
20990626,32.524
20990627,28.437
20990628,31.458
20990629,31.535
20990630,30.709
20990701,30.048
20990702,34.137
20990703,37.492
20990704,37.638
20990705,34.001
20990706,36.547
20990707,38.884
20990708,38.583
20990709,33.726
20990710,30.595
20990711,28.658
20990712,27.945
20990713,26.83
20990714,29.835
20990715,32.936
20990716,33.742
20990717,36.777
20990718,38.435
20990719,39.848
20990720,41.141
20990721,41.005
20990722,40.578
20990723,40.057
20990724,41.331
20990725,39.682
20990726,39.833
20990727,38.885
20990728,35.105
20990729,37.472
20990730,39.69
20990731,37.904
20990801,38.448
20990802,39.457
20990803,40.316
20990804,39.619
20990805,40.141
20990806,38.457
20990807,36.883
20990808,38.502
20990809,39.208
20990810,40.501
20990811,41.91
20990812,42.98
20990813,44.288
20990814,44.48
20990815,45.138
20990816,45.357
20990817,42.631
20990818,31.525
20990819,35.978
20990820,37.323
20990821,38.645
20990822,39.129
20990823,39.215
20990824,38.651
20990825,35.574
20990826,31.174
20990827,33.109
20990828,30.131
20990829,30.652
20990830,32.61
20990831,34.335
20990901,35.563
20990902,35.903
20990903,35.924
20990904,34.355
20990905,32.147
20990906,31.598
20990907,31.179
20990908,32.017
20990909,31.695
20990910,33.441
20990911,35.242
20990912,33.301
20990913,31.437
20990914,31.761
20990915,33.291
20990916,33.24
20990917,27.13
20990918,25.152
20990919,26.981
20990920,32.636
20990921,32.923
20990922,33.08
20990923,30.076
20990924,31.81
20990925,33.3
20990926,27.03
20990927,23.701
20990928,25.875
20990929,28.852
20990930,26.211
20991001,25.772
20991002,26.825
20991003,26.708
20991004,25.875
20991005,22.374
20991006,17.946
20991007,21.909
20991008,20.087
20991009,19.119
20991010,19.995
20991011,21.426
20991012,22.668
20991013,20.455
20991014,19.348
20991015,21.285
20991016,23.818
20991017,22.245
20991018,21.874
20991019,21.595
20991020,18.997
20991021,23.725
20991022,23.709
20991023,22.761
20991024,23.761
20991025,23.679
20991026,24.709
20991027,25.236
20991028,23.637
20991029,21.015
20991030,20.527
20991031,21.731
20991101,19.972
20991102,18.854
20991103,17.161
20991104,13.18
20991105,12.804
20991106,11.541
20991107,13.265
20991108,13.776
20991109,14.628
20991110,16.678
20991111,16.555
20991112,16.633
20991113,17.428
20991114,14.589
20991115,18.24
20991116,18.011
20991117,14.827
20991118,13.603
20991119,14.065
20991120,13.647
20991121,13.92
20991122,15.925
20991123,17.876
20991124,15.953
20991125,15.222
20991126,15.639
20991127,15.899
20991128,14.921
20991129,18.032
20991130,17.35
20991201,18.485
20991202,15.161
20991203,14.785
20991204,12.259
20991205,12.845
20991206,14.856
20991207,15.549
20991208,14.656
20991209,14.435
20991210,13.523
20991211,15.579
20991212,16.833
20991213,16.788
20991214,14.056
20991215,14.173
20991216,14.53
20991217,15.935
20991218,16.679
20991219,16.026
20991220,16.446
20991221,15.778
20991222,14.24
20991223,15.794
20991224,15.188
20991225,14.294
20991226,15.243
20991227,14.156
20991228,13.482
20991229,13.323
20991230,15.152
20991231,12.943
21000101,11.488
21000102,13.948
21000103,13.534
21000104,14.21
21000105,13.551
21000106,13.261
21000107,13.275
21000108,12.253
21000109,10.635
21000110,13.468
21000111,14.025
21000112,14.288
21000113,13.761
21000114,12.334
21000115,8.5919
21000116,6.4308
21000117,10.192
21000118,12.126
21000119,10.288
21000120,11.918
21000121,11.406
21000122,9.6974
21000123,10.932
21000124,9.1479
21000125,11.293
21000126,11.612
21000127,11.407
21000128,11.844
21000129,11.054
21000130,13.356
21000131,13.254
21000201,15.039
21000202,12.846
21000203,9.6644
21000204,9.0445
21000205,8.7
21000206,8.3792
21000207,6.7651
21000208,7.0098
21000209,10.38
21000210,10.096
21000211,9.5401
21000212,9.1699
21000213,9.4586
21000214,10.315
21000215,9.8024
21000216,11.645
21000217,9.8795
21000218,10.17
21000219,10.235
21000220,11.65
21000221,13.058
21000222,14.684
21000223,14.541
21000224,14.969
21000225,17.307
21000226,17.629
21000227,19.508
21000228,16.759
21000301,14.623
21000302,14.393
21000303,13.019
21000304,12.696
21000305,10.911
21000306,10.714
21000307,11.053
21000308,10.522
21000309,11.226
21000310,8.9868
21000311,11.768
21000312,13.226
21000313,15.726
21000314,16.539
21000315,16.587
21000316,18.65
21000317,18.431
21000318,19.649
21000319,18.63
21000320,15.611
21000321,15.952
21000322,16.529
21000323,17.871
21000324,19.777
21000325,19.774
21000326,19.771
21000327,15.896
21000328,9.5542
21000329,12.921
21000330,14.448
21000331,13.854
21000401,15.317
21000402,14.547
21000403,10.619
21000404,16.618
21000405,16.426
21000406,17.175
21000407,18.213
21000408,21.042
21000409,23.171
21000410,22.585
21000411,21.574
21000412,21.49
21000413,22.933
21000414,21.3
21000415,20.848
21000416,21.933
21000417,21.889
21000418,20.704
21000419,22.369
21000420,26.077
21000421,27.015
21000422,28.503
21000423,24.629
21000424,26.741
21000425,24.672
21000426,20.358
21000427,20.083
21000428,20.726
21000429,22.578
21000430,29.372
21000501,24.206
21000502,21.661
21000503,20.779
21000504,16.888
21000505,18.821
21000506,18.92
21000507,18.789
21000508,19.211
21000509,16.706
21000510,19.427
21000511,19.792
21000512,21.309
21000513,21.872
21000514,22.798
21000515,23.243
21000516,25.153
21000517,24.772
21000518,26.933
21000519,28.967
21000520,27.59
21000521,27.361
21000522,24.094
21000523,25.151
21000524,21.794
21000525,19.746
21000526,18.338
21000527,23.81
21000528,25.307
21000529,26.545
21000530,30.063
21000531,31.525
21000601,32.702
21000602,32.749
21000603,30.171
21000604,24.896
21000605,28.753
21000606,32.867
21000607,22.97
21000608,22.902
21000609,25.204
21000610,26.914
21000611,28.935
21000612,29.839
21000613,30.384
21000614,24.145
21000615,27.048
21000616,29.548
21000617,26.93
21000618,29.458
21000619,26.255
21000620,24.89
21000621,24.713
21000622,29.424
21000623,27.572
21000624,28.833
21000625,31.711
21000626,34.89
21000627,30.883
21000628,32.351
21000629,23.334
21000630,26.216
21000701,26.392
21000702,26.894
21000703,29.758
21000704,32.076
21000705,33.586
21000706,34.231
21000707,25.475
21000708,27.486
21000709,27.424
21000710,20.441
21000711,28.634
21000712,24.361
21000713,27.749
21000714,31.368
21000715,33.58
21000716,30.725
21000717,30.301
21000718,29.356
21000719,33.275
21000720,34.721
21000721,36.525
21000722,38.463
21000723,37.842
21000724,36.298
21000725,35.578
21000726,32.024
21000727,34.26
21000728,35.587
21000729,35.937
21000730,37.133
21000731,38.933
21000801,39.746
21000802,41.161
21000803,40.394
21000804,41.109
21000805,41.425
21000806,38.608
21000807,39.053
21000808,39.892
21000809,36.347
21000810,36.798
21000811,35.324
21000812,35.114
21000813,29.225
21000814,22.631
21000815,27.216
21000816,30.626
21000817,31.503
21000818,29.464
21000819,27.017
21000820,26.171
21000821,27.979
21000822,29.328
21000823,27.567
21000824,32.758
21000825,34.301
21000826,26.313
21000827,28.299
21000828,30.036
21000829,32.37
21000830,34.727
21000831,34.652
21000901,34.59
21000902,31.086
21000903,32.467
21000904,34
21000905,34.105
21000906,36.279
21000907,36.243
21000908,37.803
21000909,33.093
21000910,31.319
21000911,31.611
21000912,32.667
21000913,31.788
21000914,33.499
21000915,35.115
21000916,27.953
21000917,32.573
21000918,32.611
21000919,32.277
21000920,33.033
21000921,30.978
21000922,26.954
21000923,29.162
21000924,26.482
21000925,23.744
21000926,20.654
21000927,26.685
21000928,27.349
21000929,30.769
21000930,29.104
21001001,30.665
21001002,29.06
21001003,28.902
21001004,29.536
21001005,28.372
21001006,27.568
21001007,25.392
21001008,24.145
21001009,25.819
21001010,28.386
21001011,27.673
21001012,27.039
21001013,24.978
21001014,27.303
21001015,26.349
21001016,24.077
21001017,22.813
21001018,20.611
21001019,20.937
21001020,21.5
21001021,22.58
21001022,22.525
21001023,22.522
21001024,23.809
21001025,22.974
21001026,22.199
21001027,21.242
21001028,21.638
21001029,21.893
21001030,20.933
21001031,17.243
21001101,18.465
21001102,18.721
21001103,18.794
21001104,19.906
21001105,21.193
21001106,20.506
21001107,22.423
21001108,23.725
21001109,22.849
21001110,21.281
21001111,21.249
21001112,20.129
21001113,18.396
21001114,16.311
21001115,15.101
21001116,16.564
21001117,16.043
21001118,16.28
21001119,17.314
21001120,16.312
21001121,16.46
21001122,18.516
21001123,19.628
21001124,18.25
21001125,17.172
21001126,15.023
21001127,13.482
21001128,12.966
21001129,16.135
21001130,17.641
21001201,17.072
21001202,16.617
21001203,16.886
21001204,17.64
21001205,16.178
21001206,15.735
21001207,14.849
21001208,15.196
21001209,15.589
21001210,14.368
21001211,14.74
21001212,15.058
21001213,13.289
21001214,13.268
21001215,11.301
21001216,15.67
21001217,15.992
21001218,16.877
21001219,16.089
21001220,14.427
21001221,12.46
21001222,9.9488
21001223,9.3956
21001224,10.122
21001225,9.6288
21001226,7.9507
21001227,7.932
21001228,9.6552
21001229,9.1986
21001230,9.8248
21001231,11.25
