19500101,4.0378
19500102,3.6944
19500103,0.082873
19500104,0.018934
19500105,0.028445
19500106,0
19500107,2.3594e-08
19500108,0.00023793
19500109,0.00011444
19500110,0.0022555
19500111,0
19500112,0
19500113,7.0321
19500114,2.8221
19500115,1.5935e-05
19500116,0.086348
19500117,4.362
19500118,0.75113
19500119,0.0028367
19500120,0
19500121,0
19500122,0.10733
19500123,0.0015748
19500124,0.0050912
19500125,0
19500126,0
19500127,0.079209
19500128,34.782
19500129,0.0010863
19500130,0
19500131,0
19500201,0.061808
19500202,1.5219
19500203,0.083679
19500204,0.00049834
19500205,0
19500206,0.097944
19500207,0.79145
19500208,0.21324
19500209,0
19500210,0.15372
19500211,0
19500212,0.31101
19500213,0.10687
19500214,0.00052192
19500215,0.039698
19500216,0.0044366
19500217,0.00037991
19500218,0.011184
19500219,3.0391
19500220,1.4217
19500221,1.7897
19500222,10.528
19500223,12.748
19500224,0.36802
19500225,0.014899
19500226,0.0018831
19500227,4.4105e-07
19500228,0
19500301,0.2176
19500302,0
19500303,0
19500304,0.00062173
19500305,0
19500306,0
19500307,0.00012285
19500308,0.85605
19500309,8.3132
19500310,0.45614
19500311,0.037473
19500312,0
19500313,0
19500314,0
19500315,1.2197
19500316,0.37544
19500317,1.3122
19500318,0.57389
19500319,0.1131
19500320,0.0045668
19500321,0
19500322,2.6027
19500323,0.0020594
19500324,5.4382e-05
19500325,0.20088
19500326,4.2235
19500327,8.5148
19500328,1.2855
19500329,0.0030933
19500330,32.936
19500331,2.1085
19500401,2.4703
19500402,2.36
19500403,1.8174
19500404,43.641
19500405,13.701
19500406,15.204
19500407,0.0055973
19500408,0
19500409,4.1131
19500410,0.52714
19500411,0.0026558
19500412,0
19500413,1.9777
19500414,16.935
19500415,0.87349
19500416,0.87633
19500417,27.655
19500418,3.6544
19500419,0.00089347
19500420,0.4054
19500421,0.57186
19500422,1.7511
19500423,0
19500424,0.00087648
19500425,0
19500426,0.0039985
19500427,0.85262
19500428,0.0012437
19500429,0
19500430,0.062888
19500501,0
19500502,1.3929
19500503,2.1812
19500504,11.351
19500505,0.0027977
19500506,0
19500507,0.14658
19500508,3.965
19500509,0.024629
19500510,0
19500511,0.10339
19500512,5.3025
19500513,0.0080607
19500514,0.15828
19500515,0.62179
19500516,0.3567
19500517,0.0011878
19500518,0.0027877
19500519,0
19500520,0.0044944
19500521,0
19500522,0.4354
19500523,2.8861
19500524,5.2334
19500525,8.0363
19500526,16.614
19500527,6.7899
19500528,0.010383
19500529,1.3739
19500530,0.37268
19500531,6.0026
19500601,9.7484
19500602,4.2818
19500603,1.7796
19500604,3.6389
19500605,6.3534
19500606,4.9882
19500607,7.4034
19500608,7.2083
19500609,2.3527
19500610,5.4153
19500611,3.2606
19500612,0.0047791
19500613,0
19500614,0
19500615,0.54783
19500616,1.6592
19500617,0
19500618,0.0011815
19500619,0
19500620,7.0637
19500621,15.542
19500622,0.17308
19500623,0.0031722
19500624,3.6075
19500625,2.6572
19500626,0.0015323
19500627,2.435
19500628,1.9879
19500629,2.0687
19500630,1.6446
19500701,11.249
19500702,8.1252
19500703,9.5469
19500704,2.8428
19500705,0
19500706,6.0808e-05
19500707,0.005289
19500708,0
19500709,0
19500710,1.6123
19500711,4.0646
19500712,0.34991
19500713,6.7693
19500714,0.0095413
19500715,0
19500716,2.9156e-07
19500717,12.513
19500718,4.7186
19500719,0
19500720,0.59465
19500721,0
19500722,2.4682
19500723,2.9409
19500724,0.76238
19500725,2.3885
19500726,2.4453
19500727,0.030476
19500728,2.9365
19500729,5.3018
19500730,3.377
19500731,0
19500801,0.0010415
19500802,0.00045308
19500803,0.00040193
19500804,0.0037931
19500805,5.1046
19500806,0.0010562
19500807,0.0012175
19500808,1.5339
19500809,0
19500810,0.0034282
19500811,0.047178
19500812,7.2148
19500813,0.0042513
19500814,0.015203
19500815,0.0047544
19500816,2.262
19500817,0.0037241
19500818,0.0017829
19500819,0.0033081
19500820,0.00048096
19500821,0.0037719
19500822,0
19500823,0.70056
19500824,0.56615
19500825,0
19500826,0
19500827,0.0039727
19500828,0.092836
19500829,4.6882
19500830,9.4276
19500831,35.85
19500901,2.0343
19500902,0.3344
19500903,15.298
19500904,4.4954
19500905,14.018
19500906,0
19500907,0.0022552
19500908,0.66201
19500909,3.9409
19500910,5.3123
19500911,4.0254
19500912,3.3022
19500913,3.5853
19500914,7.0138
19500915,1.8654
19500916,0.008365
19500917,0.037525
19500918,0
19500919,0.0026064
19500920,0.0025708
19500921,15.902
19500922,14.441
19500923,0
19500924,3.3387
19500925,22.574
19500926,28.818
19500927,1.9699
19500928,1.8262
19500929,1.6934
19500930,0.44417
19501001,1.1697
19501002,2.0601
19501003,1.1535
19501004,0.72603
19501005,0.00041193
19501006,0.09517
19501007,0.27469
19501008,0.00096025
19501009,0
19501010,1.7224e-06
19501011,7.7143e-07
19501012,8.9362e-06
19501013,3.5451e-05
19501014,0.025603
19501015,0.054128
19501016,1.4856
19501017,16.652
19501018,3.6761
19501019,18.11
19501020,10.287
19501021,1.7893
19501022,15.14
19501023,4.4067
19501024,13.275
19501025,6.4954
19501026,3.0608
19501027,1.4406
19501028,0.0080342
19501029,0.35052
19501030,0.001689
19501031,2.3162
19501101,1.5829
19501102,0.00064012
19501103,0
19501104,0.0001586
19501105,0.00011414
19501106,0
19501107,1.3338
19501108,0.30382
19501109,33.011
19501110,5.681
19501111,0
19501112,0.0018309
19501113,6.734
19501114,4.325
19501115,17.619
19501116,0.45611
19501117,0.73553
19501118,0.091442
19501119,0.028465
19501120,0
19501121,0.0038657
19501122,0.074823
19501123,0.013988
19501124,0.0052785
19501125,15.776
19501126,0.62513
19501127,3.7279
19501128,0.34696
19501129,0
19501130,0.0055826
19501201,0.059304
19501202,0.00033714
19501203,0.00022872
19501204,0
19501205,0.035087
19501206,9.5391
19501207,0.62538
19501208,0.011267
19501209,0.0011925
19501210,0.22123
19501211,5.3585
19501212,2.2569
19501213,0.56947
19501214,0.44042
19501215,0
19501216,0.69011
19501217,0.7368
19501218,0.11133
19501219,1.7192
19501220,0.56531
19501221,1.1319
19501222,0.48623
19501223,0.63003
19501224,0.31163
19501225,0.008081
19501226,0.0024627
19501227,0
19501228,0
19501229,0.00073134
19501230,0.032663
19501231,0.0030063
19510101,0
19510102,0
19510103,0.0013182
19510104,8.4776
19510105,0.47696
19510106,3.1109
19510107,1.5074
19510108,2.9246
19510109,0.39532
19510110,0.96019
19510111,0.001463
19510112,6.4755
19510113,15.635
19510114,3.3949
19510115,0.50269
19510116,0.056963
19510117,0.038616
19510118,1.2702
19510119,0.99525
19510120,1.9553
19510121,3.5611
19510122,2.8078
19510123,6.8613
19510124,0.31125
19510125,0.022561
19510126,0
19510127,0.0027072
19510128,0.0010098
19510129,0
19510130,0.02436
19510131,15.001
19510201,10.041
19510202,20.788
19510203,5.2047
19510204,4.6071
19510205,13.186
19510206,5.1254
19510207,0
19510208,0.31854
19510209,1.7677
19510210,3.8425
19510211,13.725
19510212,1.1501
19510213,0.043334
19510214,0.052022
19510215,1.2465
19510216,0.0021101
19510217,0.11278
19510218,0.025009
19510219,0
19510220,0.0038889
19510221,0.00019283
19510222,0.00059414
19510223,0.0093921
19510224,0.00083794
19510225,0.90129
19510226,9.2564
19510227,5.8122
19510228,0.28885
19510301,0.58776
19510302,1.9647
19510303,0.23995
19510304,0
19510305,0
19510306,0.38962
19510307,0.7887
19510308,0.0089306
19510309,0.0018853
19510310,0.015072
19510311,0.41725
19510312,0.13391
19510313,0.43914
19510314,2.0998
19510315,0.44747
19510316,17.639
19510317,16.582
19510318,20.605
19510319,0.054919
19510320,0.001699
19510321,0.91764
19510322,0.17134
19510323,0.0013181
19510324,4.636
19510325,0.012524
19510326,0
19510327,2.4979
19510328,0.0029223
19510329,21.79
19510330,0.0044102
19510331,0.00053981
19510401,0.13083
19510402,2.3685
19510403,2.3254
19510404,1.1981
19510405,0.96842
19510406,0.061307
19510407,0.39185
19510408,2.6493
19510409,28.754
19510410,8.7037
19510411,4.5235
19510412,2.1993
19510413,1.7931
19510414,0.036235
19510415,0.2129
19510416,0.011216
19510417,0.0031819
19510418,1.5152
19510419,0.030114
19510420,1.1196
19510421,0.00033229
19510422,0.0032301
19510423,1.6795
19510424,4.5073
19510425,3.251
19510426,0.87936
19510427,6.5776
19510428,1.8603
19510429,0.59103
19510430,0.0059346
19510501,0
19510502,0
19510503,0.0044989
19510504,0.00061723
19510505,0
19510506,0
19510507,0.26075
19510508,0.84852
19510509,0
19510510,0
19510511,0.0045156
19510512,0.44096
19510513,0.23971
19510514,7.1188
19510515,3.4123
19510516,5.9796
19510517,0.0013146
19510518,0.18139
19510519,0
19510520,0.00022587
19510521,0.0024445
19510522,0.69291
19510523,0.00046609
19510524,0.19235
19510525,0.25271
19510526,4.0406
19510527,4.3718
19510528,1.3103
19510529,0.015405
19510530,0
19510531,0.0016267
19510601,0.18032
19510602,1.112
19510603,0.0028958
19510604,1.0755
19510605,12.549
19510606,9.6674
19510607,0.10119
19510608,0.9772
19510609,2.1698
19510610,1.1824
19510611,8.9358
19510612,13.025
19510613,16.518
19510614,5.0695
19510615,0.98524
19510616,0.27946
19510617,3.0632
19510618,0.0078079
19510619,0.36446
19510620,8.1873
19510621,8.396
19510622,2.1912
19510623,1.8688
19510624,4.9579
19510625,2.4223
19510626,1.0874
19510627,7.7486
19510628,6.8535
19510629,4.9158
19510630,0.12793
19510701,0.21673
19510702,2.3027
19510703,1.877
19510704,0.00076953
19510705,1.0887
19510706,11.362
19510707,7.4445
19510708,7.1735
19510709,4.2823
19510710,0.0028599
19510711,0.21556
19510712,0.35708
19510713,1.6551
19510714,0.42089
19510715,0.77239
19510716,0.34424
19510717,0.07523
19510718,0.0011353
19510719,0.0093644
19510720,2.5873
19510721,2.821
19510722,1.014
19510723,0.00024802
19510724,0.00095897
19510725,1.3727
19510726,0.89523
19510727,0.11592
19510728,0.0003648
19510729,0.64377
19510730,0.22384
19510731,0.29854
19510801,1.198
19510802,3.5994
19510803,0.0025129
19510804,0.001137
19510805,0.1398
19510806,0.0063472
19510807,2.3747
19510808,0.72234
19510809,0.704
19510810,4.9616
19510811,0.00064925
19510812,0
19510813,0.0032239
19510814,0
19510815,0.0084501
19510816,0
19510817,0.0052165
19510818,1.8002
19510819,0.5257
19510820,0
19510821,0
19510822,0.0035729
19510823,0
19510824,3.1539
19510825,3.3573
19510826,0
19510827,0.0055212
19510828,0.002712
19510829,0.039678
19510830,0.00037409
19510831,0.098535
19510901,1.5741
19510902,0.0016539
19510903,14.104
19510904,12.418
19510905,4.5656
19510906,0
19510907,0
19510908,0.00092125
19510909,1.7674
19510910,2.1153
19510911,0.00025989
19510912,0.0011027
19510913,0.0020488
19510914,0.0030827
19510915,0.00035188
19510916,2.5979
19510917,0.50256
19510918,0.98264
19510919,3.0175
19510920,0.0031102
19510921,0
19510922,1.3847
19510923,0
19510924,0.003275
19510925,0.00064337
19510926,0.0010635
19510927,0
19510928,0.47231
19510929,0.28821
19510930,0.060046
19511001,0.024135
19511002,0.00036718
19511003,0.00035512
19511004,0
19511005,0.00049158
19511006,0.00035365
19511007,0
19511008,0.00062428
19511009,0.0002805
19511010,0.00081763
19511011,0.020806
19511012,4.01
19511013,2.6165
19511014,2.1063
19511015,9.1319e-05
19511016,2.8351
19511017,1.8526
19511018,0.99637
19511019,7.0244
19511020,0
19511021,0.0018342
19511022,0.00028095
19511023,0.98675
19511024,1.6554
19511025,1.2708
19511026,1.4105
19511027,1.8681e-05
19511028,6.2301
19511029,4.474
19511030,5.874
19511031,0.080094
19511101,0
19511102,1.1232
19511103,0.000393
19511104,0.0027554
19511105,0.00076673
19511106,0.044569
19511107,27.367
19511108,21.422
19511109,14.007
19511110,12.096
19511111,9.2323
19511112,0.56428
19511113,0
19511114,0.21068
19511115,0.80578
19511116,2.2508
19511117,49.993
19511118,18.965
19511119,17.135
19511120,0.0090331
19511121,0.024061
19511122,23.42
19511123,0.61179
19511124,0.58472
19511125,4.7235
19511126,0.016186
19511127,0.18305
19511128,1.4444
19511129,1.6454
19511130,2.3443
19511201,0.00064541
19511202,0.00031462
19511203,4.0824
19511204,0.050686
19511205,0
19511206,2.3467
19511207,0.38294
19511208,0.18886
19511209,4.151
19511210,5.3694
19511211,0.10863
19511212,0.00035077
19511213,0.0078552
19511214,0.00042093
19511215,0.00047077
19511216,2.6638
19511217,2.8587
19511218,6.6967
19511219,33.526
19511220,1.7338
19511221,6.5345
19511222,0.90551
19511223,0.030938
19511224,0.0010791
19511225,0.0027855
19511226,1.2058
19511227,0.01856
19511228,0.00078995
19511229,0.07374
19511230,0.12428
19511231,0.0003712
19520101,0
19520102,0
19520103,0.063416
19520104,53.092
19520105,8.369
19520106,0.0013749
19520107,0
19520108,0.00053293
19520109,0.0032487
19520110,0.024961
19520111,1.2152
19520112,0.0039227
19520113,1.5951
19520114,0.21579
19520115,0.0043554
19520116,0.0028417
19520117,0
19520118,2.5716e-08
19520119,0.02177
19520120,0.39536
19520121,2.7091
19520122,0.052446
19520123,0
19520124,0.014966
19520125,0.0019796
19520126,0.011417
19520127,0
19520128,1.1591
19520129,0.00056376
19520130,0.73515
19520131,0.042783
19520201,0
19520202,0
19520203,0.33918
19520204,0.30733
19520205,0.1192
19520206,0.19676
19520207,2.1564e-13
19520208,9.0703e-11
19520209,0.018144
19520210,0.1217
19520211,0.1775
19520212,0
19520213,0.071889
19520214,1.1468
19520215,0.407
19520216,0.90641
19520217,0.29881
19520218,0.0017554
19520219,0
19520220,1.261
19520221,0.010096
19520222,0
19520223,0.27334
19520224,0.017167
19520225,0.067122
19520226,0.0077172
19520227,2.2466e-06
19520228,0
19520229,4.0695e-09
19520301,0
19520302,0
19520303,0
19520304,0
19520305,0.30213
19520306,0.2075
19520307,0
19520308,0
19520309,0.0015402
19520310,0
19520311,0.0019735
19520312,0.0026183
19520313,0.047882
19520314,7.4692e-05
19520315,3.1503
19520316,0
19520317,0.0010303
19520318,0
19520319,0.2467
19520320,0.45778
19520321,1.0575
19520322,0.67696
19520323,0.96891
19520324,2.5684
19520325,2.2029
19520326,1.5528
19520327,0
19520328,0.13988
19520329,1.3216
19520330,3.2361
19520331,3.2114
19520401,0
19520402,0
19520403,1.5919
19520404,1.5495
19520405,1.2919
19520406,8.2748
19520407,3.2967
19520408,0.00063437
19520409,0
19520410,0.45684
19520411,0.40999
19520412,0.025723
19520413,0.0012928
19520414,0.016431
19520415,1.6963
19520416,0
19520417,5.7084e-06
19520418,3.0279e-05
19520419,0
19520420,0.0020211
19520421,1.8981
19520422,0.39278
19520423,0
19520424,14.684
19520425,7.1033
19520426,1.1572
19520427,0
19520428,0.001125
19520429,0.00040114
19520430,0.0031513
19520501,0.54521
19520502,1.6086
19520503,0
19520504,0.0070786
19520505,0
19520506,14.662
19520507,14.733
19520508,5.7246
19520509,0.091252
19520510,0
19520511,2.3219
19520512,7.1243
19520513,0.00031811
19520514,0
19520515,0
19520516,0
19520517,0.61828
19520518,2.8062
19520519,0.041144
19520520,7.8799
19520521,0.49449
19520522,1.6536
19520523,0.98463
19520524,0.0049507
19520525,1.096
19520526,0.93629
19520527,0.003477
19520528,0
19520529,0.00099699
19520530,0.50097
19520531,8.8893
19520601,0.86754
19520602,0.60868
19520603,0.18643
19520604,0.28025
19520605,0.00061361
19520606,3.2072
19520607,0.33389
19520608,0.0012391
19520609,0
19520610,0.0054057
19520611,3.6772
19520612,4.8117
19520613,18.066
19520614,10.254
19520615,1.6453
19520616,0
19520617,13.175
19520618,1.6569
19520619,0
19520620,4.4445
19520621,17.454
19520622,0
19520623,0.0059029
19520624,0.0028812
19520625,4.7898
19520626,2.3334
19520627,0.0052971
19520628,14.275
19520629,17.395
19520630,0.0050523
19520701,0.32174
19520702,0.1308
19520703,12.131
19520704,5.0872
19520705,4.8806
19520706,1.9054
19520707,0.066275
19520708,14.926
19520709,8.2528
19520710,14.68
19520711,6.8686
19520712,1.2848e-08
19520713,0.5844
19520714,1.9942
19520715,0.0012256
19520716,0.00068902
19520717,1.3574
19520718,0.075614
19520719,0.75677
19520720,0.00067381
19520721,0.0031803
19520722,0
19520723,3.0634
19520724,1.3644
19520725,0
19520726,2.2303
19520727,24.898
19520728,3.3788
19520729,0.0047384
19520730,1.022
19520731,5.4346
19520801,1.1319
19520802,2.9216
19520803,1.5039
19520804,1.5879
19520805,6.118
19520806,4.0822
19520807,0
19520808,0
19520809,0.00083959
19520810,0.34417
19520811,5.8128
19520812,8.2645
19520813,0.30431
19520814,0.93075
19520815,6.1138
19520816,0
19520817,3.0262
19520818,5.9528
19520819,3.385
19520820,0
19520821,0.0013836
19520822,5.0026
19520823,0.26093
19520824,0.09041
19520825,0.11187
19520826,0.21739
19520827,0.0036095
19520828,0
19520829,0.0052811
19520830,2.2597
19520831,0
19520901,0.00091704
19520902,7.7927
19520903,6.1927
19520904,0
19520905,0.97045
19520906,6.1604
19520907,2.2135
19520908,0
19520909,0.32743
19520910,0.0060267
19520911,0.032124
19520912,2.8542
19520913,0.0021256
19520914,0.013154
19520915,26.129
19520916,0.75458
19520917,0.9249
19520918,1.0181
19520919,1.0661
19520920,1.291
19520921,0.31058
19520922,19.429
19520923,14.994
19520924,1.1222
19520925,0
19520926,49.245
19520927,2.5993
19520928,1.4376
19520929,0.73039
19520930,0.014964
19521001,0.00034653
19521002,3.3501
19521003,0.61716
19521004,1.7195
19521005,1.6731
19521006,0.33985
19521007,0.27861
19521008,0.19059
19521009,9.878
19521010,23.009
19521011,1.0048
19521012,4.1349
19521013,3.759
19521014,0.40121
19521015,1.2962
19521016,32.023
19521017,0.044138
19521018,0.0032358
19521019,0.0032774
19521020,0.11351
19521021,0.010979
19521022,0.0011351
19521023,0.032631
19521024,0.014449
19521025,0
19521026,0.16098
19521027,7.288
19521028,9.815
19521029,0.71758
19521030,0
19521031,0.0034457
19521101,0
19521102,0
19521103,0
19521104,0
19521105,0
19521106,0
19521107,0
19521108,9.231
19521109,16.697
19521110,0.0013563
19521111,2.694
19521112,18.635
19521113,0.30783
19521114,0.036204
19521115,0.034972
19521116,2.2189
19521117,0.10944
19521118,0.0021968
19521119,0
19521120,0.0018364
19521121,0.018294
19521122,0.90776
19521123,3.65
19521124,0.0056938
19521125,1.1184e-05
19521126,1.2212
19521127,0
19521128,0.11275
19521129,0.51264
19521130,0.076571
19521201,0.00027019
19521202,0.00076968
19521203,0.00051692
19521204,0.0004387
19521205,0
19521206,0.035877
19521207,0.015835
19521208,0.072876
19521209,0.00010085
19521210,1.6259e-05
19521211,0.00024862
19521212,9.1535e-05
19521213,1.8363
19521214,0.83127
19521215,0
19521216,0.060966
19521217,3.7926
19521218,28.247
19521219,2.0991
19521220,0.018638
19521221,0
19521222,0
19521223,0.0076407
19521224,0.064098
19521225,18.208
19521226,15.403
19521227,14.998
19521228,7.6128
19521229,0.12501
19521230,0.00082761
19521231,0.0069935
19530101,0.00035959
19530102,8.2964e-05
19530103,2.3733
19530104,2.1455
19530105,0.18439
19530106,0.00044062
19530107,0
19530108,0.56699
19530109,0
19530110,0.12574
19530111,0.1167
19530112,1.4227
19530113,0.058545
19530114,0.10229
19530115,4.4294
19530116,0.001356
19530117,0
19530118,0.0035017
19530119,0.21311
19530120,0.0092591
19530121,0
19530122,0.00042379
19530123,0
19530124,0.0060654
19530125,1.6361
19530126,8.067
19530127,2.2143
19530128,0.12959
19530129,0.019682
19530130,0
19530131,0
19530201,0
19530202,0
19530203,0.0085089
19530204,0.0070975
19530205,0.08676
19530206,0.04595
19530207,0
19530208,0.00053726
19530209,0.093054
19530210,0.0053852
19530211,0
19530212,0.001088
19530213,1.652
19530214,2.344
19530215,0.0069214
19530216,6.7629
19530217,9.6644
19530218,0.38894
19530219,0.010718
19530220,0.00030952
19530221,0.018518
19530222,0.00043328
19530223,0.0001096
19530224,0.44311
19530225,1.869
19530226,10.134
19530227,7.1843
19530228,11.807
19530301,0.27444
19530302,3.9856
19530303,0.018215
19530304,0.36815
19530305,0
19530306,0.016648
19530307,4.0032
19530308,0.020642
19530309,6.38
19530310,0.033515
19530311,0
19530312,0.00037092
19530313,0
19530314,0.0040033
19530315,0.0012855
19530316,0.49864
19530317,1.1919
19530318,0.0068823
19530319,0.14539
19530320,0.029609
19530321,0.0030554
19530322,0
19530323,0.00050896
19530324,0.001997
19530325,0.00021998
19530326,0
19530327,1.0448
19530328,0
19530329,0.13458
19530330,0
19530331,22.23
19530401,21.525
19530402,1.649
19530403,2.4953
19530404,0
19530405,3.2403
19530406,2.1141
19530407,2.1506
19530408,0
19530409,0.0011234
19530410,0.75008
19530411,1.1083
19530412,0.075834
19530413,1.8518
19530414,0.00038597
19530415,0.00061113
19530416,0
19530417,0
19530418,0.79388
19530419,8.032
19530420,0.28459
19530421,0.15101
19530422,0
19530423,1.8043
19530424,0
19530425,0.018977
19530426,2.3743
19530427,0.99873
19530428,0.0028329
19530429,0.00089175
19530430,6.1638e-06
19530501,0
19530502,0
19530503,0.0076058
19530504,0.17526
19530505,0.0001502
19530506,0
19530507,0.00079752
19530508,2.0466
19530509,2.3938
19530510,10.645
19530511,8.7496
19530512,1.9492
19530513,0.96812
19530514,2.2168
19530515,2.6113
19530516,1.6518
19530517,2.2022
19530518,0.3859
19530519,2.3969
19530520,0.97899
19530521,0.00029485
19530522,0.00014057
19530523,0.22659
19530524,0.0016661
19530525,0.0012579
19530526,0.025065
19530527,0.25393
19530528,3.8441
19530529,3.2615
19530530,0.16131
19530531,3.1707
19530601,0.34642
19530602,4.4256
19530603,0.7585
19530604,0.002776
19530605,0
19530606,0.0041798
19530607,0.018861
19530608,5.9832
19530609,4.996
19530610,6.414
19530611,6.3479
19530612,4.4477
19530613,1.5175
19530614,0.0043774
19530615,0.0015514
19530616,1.1953
19530617,0.40406
19530618,0
19530619,0.60538
19530620,0.096948
19530621,4.8663
19530622,0.92233
19530623,0.39867
19530624,0.0075496
19530625,0.0044345
19530626,1.3933
19530627,5.3374
19530628,2.8941
19530629,12.246
19530630,0
19530701,1.5731
19530702,3.6537
19530703,10.025
19530704,6.4158
19530705,3.0496
19530706,0.059804
19530707,0.44105
19530708,1.094
19530709,0.0067566
19530710,3.3596
19530711,0
19530712,0.0044094
19530713,0
19530714,0.012063
19530715,0.68806
19530716,0.0091784
19530717,9.3222
19530718,0.0023725
19530719,1.0723
19530720,17.238
19530721,0.0017611
19530722,0.0046436
19530723,0.015433
19530724,0.33534
19530725,0.3443
19530726,0
19530727,0
19530728,0.023506
19530729,0
19530730,0.012725
19530731,0
19530801,0.0014246
19530802,0.00064324
19530803,0.07787
19530804,3.9268
19530805,3.177
19530806,0.24611
19530807,0.72562
19530808,3.4702
19530809,0.0019432
19530810,0.027619
19530811,3.3644
19530812,0.2543
19530813,0.0032242
19530814,4.0006e-05
19530815,0.13841
19530816,2.4712
19530817,0.033866
19530818,0
19530819,0.056039
19530820,0.89269
19530821,0.00091433
19530822,0.29084
19530823,1.0188
19530824,2.3085
19530825,2.6209
19530826,0.78956
19530827,0
19530828,0
19530829,0.0010047
19530830,0.0026021
19530831,0.10407
19530901,5.3696
19530902,3.9271
19530903,9.582
19530904,1.0653
19530905,0.2039
19530906,0.60837
19530907,1.5111
19530908,0.0013011
19530909,1.3951
19530910,0
19530911,0.0088607
19530912,0.71307
19530913,0
19530914,0
19530915,0.21148
19530916,0.048384
19530917,3.3528
19530918,0.00072033
19530919,2.978e-05
19530920,0.017855
19530921,2.8288
19530922,1.8486
19530923,0.0043691
19530924,0.8025
19530925,0.10849
19530926,0.00038884
19530927,1.4737
19530928,0.29802
19530929,3.1636
19530930,0.0029365
19531001,3.005
19531002,1.5804
19531003,6.5203
19531004,37.074
19531005,10.307
19531006,9.638
19531007,4.9271
19531008,12.987
19531009,3.1856
19531010,5.5517
19531011,6.2287
19531012,23.339
19531013,37.724
19531014,10.86
19531015,2.3009
19531016,5.1793
19531017,4.6484
19531018,2.8185
19531019,2.0559
19531020,2.2746
19531021,0.59491
19531022,0.87035
19531023,0.47411
19531024,0.008113
19531025,0.0026857
19531026,0
19531027,0.0058173
19531028,0.0033478
19531029,0.26838
19531030,0.0070597
19531031,0.0028747
19531101,0
19531102,0
19531103,0
19531104,1.2539
19531105,0
19531106,0.53388
19531107,0
19531108,2.8661
19531109,3.8387
19531110,0.00012495
19531111,0.15373
19531112,33.595
19531113,5.3374
19531114,0.03982
19531115,0.030044
19531116,0.001249
19531117,0.0032725
19531118,0.07327
19531119,10.994
19531120,13.132
19531121,0.75842
19531122,4.3855
19531123,42.74
19531124,0
19531125,0
19531126,0.0032728
19531127,0
19531128,0.059076
19531129,3.0815
19531130,0.76849
19531201,4.8474
19531202,5.3383
19531203,0.0075821
19531204,1.811
19531205,0.73993
19531206,0.64416
19531207,0.38189
19531208,0.10667
19531209,0
19531210,0.00021971
19531211,0.05748
19531212,0.083535
19531213,0.23513
19531214,0.83188
19531215,0.00079977
19531216,0
19531217,2.0762e-05
19531218,0
19531219,0.064992
19531220,0.00086171
19531221,0.67059
19531222,3.0714
19531223,3.593
19531224,0.00050552
19531225,0.12248
19531226,0
19531227,4.7258
19531228,0
19531229,0.013259
19531230,6.2619
19531231,0.10871
19540101,0.67792
19540102,3.6574
19540103,0.077648
19540104,0.37284
19540105,6.7184
19540106,2.7076
19540107,0.00025427
19540108,0
19540109,27.4
19540110,0.095642
19540111,4.0604
19540112,0.0031695
19540113,0
19540114,0
19540115,4.7256
19540116,23.4
19540117,2.1647
19540118,0.0016362
19540119,0
19540120,0.0045377
19540121,0.12273
19540122,0.0043506
19540123,15.27
19540124,0.94672
19540125,6.1147
19540126,12.481
19540127,1.5914
19540128,14.389
19540129,2.5924
19540130,0.27392
19540131,0.92825
19540201,1.2756
19540202,0
19540203,4.877e-05
19540204,0
19540205,0.002569
19540206,1.9077e-05
19540207,0.0016828
19540208,1.1561e-06
19540209,0
19540210,0.00050624
19540211,0.024178
19540212,6.1056e-11
19540213,1.0981e-05
19540214,0.0006643
19540215,0.023744
19540216,0
19540217,0
19540218,0.029952
19540219,0.0003114
19540220,0.55981
19540221,0
19540222,0.0015519
19540223,0.0017144
19540224,0.049118
19540225,0.00060024
19540226,0.0018738
19540227,0.00093461
19540228,0
19540301,0
19540302,0.13083
19540303,2.0066
19540304,0.00011876
19540305,3.5461e-05
19540306,0
19540307,0
19540308,0.0014859
19540309,0.00024353
19540310,0
19540311,0
19540312,0.0005782
19540313,0
19540314,0
19540315,0.0032705
19540316,2.4591e-07
19540317,2.0703
19540318,0.18024
19540319,22.317
19540320,16.088
19540321,0.079368
19540322,2.7744
19540323,4.0338
19540324,0.0044529
19540325,0.27135
19540326,7.5503
19540327,10.192
19540328,1.4332
19540329,0.0049302
19540330,0.015478
19540331,6.8979
19540401,5.8342
19540402,0.070939
19540403,0
19540404,1.4136
19540405,0.00045014
19540406,0
19540407,0
19540408,0
19540409,0.114
19540410,1.1874
19540411,0.029154
19540412,0
19540413,0.0028887
19540414,0
19540415,0.0021946
19540416,0.24951
19540417,0
19540418,1.3997
19540419,0.0031888
19540420,2.7606
19540421,2.0715
19540422,0.00079449
19540423,0.33466
19540424,0.0063707
19540425,1.6305
19540426,5.5058
19540427,1.223
19540428,0.050475
19540429,1.1781
19540430,9.0061
19540501,0
19540502,8.1416
19540503,1.9668
19540504,3.4734
19540505,0.060601
19540506,0.23818
19540507,0.9636
19540508,0.060632
19540509,0.012232
19540510,0
19540511,0.26774
19540512,1.3258
19540513,0.74908
19540514,0
19540515,5.179
19540516,0
19540517,0.28823
19540518,0.24856
19540519,41.698
19540520,13.386
19540521,5.7771
19540522,0.0024871
19540523,0
19540524,2.8693
19540525,2.7098
19540526,1.3388
19540527,2.0143
19540528,18.541
19540529,2.711
19540530,1.01
19540531,0.0028705
19540601,0.0035218
19540602,1.1285
19540603,3.7423
19540604,2.8751
19540605,3.3137
19540606,0.54675
19540607,0.011158
19540608,0
19540609,0.0014439
19540610,1.2551
19540611,9.6968
19540612,0.64319
19540613,3.4457
19540614,0
19540615,4.7392
19540616,4.2406
19540617,1.0118
19540618,0
19540619,0
19540620,0.70617
19540621,2.2773
19540622,0.0076607
19540623,0.006518
19540624,0.58462
19540625,2.984
19540626,0
19540627,0.13586
19540628,0.01352
19540629,0
19540630,0.54605
19540701,1.2037
19540702,0.49426
19540703,0.0022451
19540704,0.0053913
19540705,0
19540706,0.72483
19540707,11.394
19540708,2.004
19540709,0
19540710,0.22134
19540711,0
19540712,0
19540713,0.013464
19540714,0
19540715,0.0024519
19540716,0.43513
19540717,0
19540718,3.6933
19540719,7.3579
19540720,6.1022
19540721,10.331
19540722,0
19540723,0.0019106
19540724,0.016264
19540725,13.049
19540726,0
19540727,0.056728
19540728,0.021994
19540729,0.0054959
19540730,0.0017841
19540731,2.4863
19540801,0
19540802,0.0011334
19540803,0.23715
19540804,0.00043335
19540805,0
19540806,0.030817
19540807,1.2341
19540808,0.00025277
19540809,0.00026547
19540810,0.00095169
19540811,0.0043879
19540812,0.62341
19540813,0.0024645
19540814,0.65108
19540815,14.06
19540816,4.023
19540817,0
19540818,1.1762e-06
19540819,0
19540820,0.0038666
19540821,0
19540822,0
19540823,0.0034561
19540824,0.0025577
19540825,0.7714
19540826,0.019031
19540827,0.0033511
19540828,8.1086
19540829,9.2879
19540830,0.93252
19540831,1.8969
19540901,0.48941
19540902,0.0004222
19540903,0.39287
19540904,10.42
19540905,0.14068
19540906,0.72337
19540907,55.818
19540908,6.8534
19540909,2.1298
19540910,0.014266
19540911,0
19540912,0.13301
19540913,0.0013093
19540914,0.020207
19540915,0.54879
19540916,8.0284
19540917,1.3278
19540918,0.00043322
19540919,23.559
19540920,36.823
19540921,0.13786
19540922,0.25965
19540923,0.48784
19540924,0.012646
19540925,0
19540926,0.00019844
19540927,4.0841
19540928,5.3194
19540929,2.2864
19540930,1.3287
19541001,0.035369
19541002,5.6734
19541003,6.5538
19541004,6.4706
19541005,16.614
19541006,0
19541007,0.39955
19541008,0.11228
19541009,4.0571
19541010,14.355
19541011,0.1591
19541012,0.0082272
19541013,0
19541014,0.00041374
19541015,0.0047569
19541016,0
19541017,0.34231
19541018,0.008581
19541019,0
19541020,0.0018214
19541021,0
19541022,0
19541023,11.456
19541024,45.858
19541025,19.793
19541026,0.10125
19541027,0.041174
19541028,0
19541029,0.17374
19541030,0
19541031,8.0931e-06
19541101,0
19541102,1.556
19541103,0.40248
19541104,1.0988
19541105,0.97272
19541106,0.13469
19541107,4.3763
19541108,0.093238
19541109,0.00074626
19541110,0
19541111,0.0034667
19541112,6.0806
19541113,3.2781
19541114,0.0044978
19541115,0.00011761
19541116,0.00029241
19541117,19.608
19541118,20.272
19541119,0.013498
19541120,0.40913
19541121,0.015698
19541122,5.2442
19541123,25.626
19541124,0.21011
19541125,0.032027
19541126,1.4909
19541127,0
19541128,3.5153
19541129,12.964
19541130,1.2927
19541201,0.045852
19541202,0.46668
19541203,0.30601
19541204,0.27561
19541205,0.012214
19541206,0
19541207,0.0017301
19541208,0
19541209,0.37079
19541210,2.0703
19541211,0.085963
19541212,8.9182
19541213,10.133
19541214,0.0015569
19541215,0
19541216,0
19541217,0.0011303
19541218,0.0053188
19541219,2.1158
19541220,2.0691
19541221,0.077205
19541222,0.0023759
19541223,0.0013833
19541224,0.010441
19541225,0
19541226,0.58159
19541227,2.5169
19541228,0.076154
19541229,0.0010992
19541230,0.48748
19541231,1.8415
19550101,0.46606
19550102,0.000163
19550103,6.3587
19550104,0.6807
19550105,0.038363
19550106,9.8553
19550107,0.28793
19550108,0.00013894
19550109,0.049478
19550110,0
19550111,0.0012131
19550112,0
19550113,0.10969
19550114,8.4902
19550115,0
19550116,0.0048018
19550117,0.045641
19550118,0.50244
19550119,0
19550120,0.080408
19550121,0
19550122,0.0018519
19550123,0
19550124,0.0004789
19550125,0
19550126,0.0028628
19550127,0
19550128,0.63693
19550129,0.030027
19550130,0.043242
19550131,0
19550201,0
19550202,0.050241
19550203,0
19550204,0.037071
19550205,0.13098
19550206,0.0042795
19550207,0.00022651
19550208,0.024057
19550209,0
19550210,0.0013587
19550211,0
19550212,0.00018244
19550213,0.0013832
19550214,0
19550215,0.00017745
19550216,0.0011267
19550217,0
19550218,0.00086422
19550219,0.1684
19550220,0.44001
19550221,0.82808
19550222,8.5848
19550223,11.46
19550224,7.3447
19550225,8.4
19550226,0
19550227,3.412
19550228,2.2543
19550301,0.64836
19550302,0.00072766
19550303,0.56417
19550304,1.0343
19550305,0.1165
19550306,0.04443
19550307,9.5411e-05
19550308,0.86482
19550309,1.7961
19550310,2.0685
19550311,0.20037
19550312,1.5866
19550313,17.442
19550314,33.709
19550315,34.99
19550316,0.77673
19550317,0.79807
19550318,0.14708
19550319,4.834
19550320,10.538
19550321,8.6185
19550322,2.8209
19550323,2.8055
19550324,1.7693
19550325,0.14571
19550326,0.003547
19550327,0
19550328,0
19550329,0.43313
19550330,0.3778
19550331,0.54136
19550401,1.3972
19550402,0.015045
19550403,0.00011766
19550404,11.032
19550405,0.04265
19550406,0.051465
19550407,0
19550408,0.0002487
19550409,0.012086
19550410,8.5984
19550411,6.42
19550412,2.5376
19550413,42.476
19550414,5.5484
19550415,0
19550416,0.076372
19550417,3.0752
19550418,0.70094
19550419,2.7506
19550420,0
19550421,3.6331
19550422,2.6217
19550423,3.3195
19550424,0.74356
19550425,1.9725
19550426,0.55262
19550427,2.3264
19550428,0.30939
19550429,3.1356
19550430,2.7354
19550501,1.5901
19550502,6.9593
19550503,0.034388
19550504,1.434
19550505,5.9929
19550506,5.7722
19550507,1.6055
19550508,0.36514
19550509,0
19550510,0.0035923
19550511,0.63025
19550512,0
19550513,0.00046278
19550514,1.3898
19550515,3.0315
19550516,0.009915
19550517,0
19550518,0.12508
19550519,3.9877
19550520,6.717
19550521,26.294
19550522,20.041
19550523,20.654
19550524,48.076
19550525,4.2593
19550526,3.3018
19550527,6.9081
19550528,0.0020181
19550529,0.075764
19550530,1.7343
19550531,0
19550601,0
19550602,7.7428
19550603,2.1237
19550604,27.703
19550605,4.3708
19550606,24.619
19550607,0.00085097
19550608,0
19550609,0.0068457
19550610,0
19550611,0.0027104
19550612,0
19550613,0.516
19550614,3.3422
19550615,4.3602
19550616,0.023979
19550617,0
19550618,0.0016323
19550619,0.00011515
19550620,7.5947
19550621,14.635
19550622,2.216
19550623,1.2164
19550624,2.7729
19550625,9.484
19550626,2.6081
19550627,3.8617
19550628,17.43
19550629,10.809
19550630,10.014
19550701,1.851
19550702,1.1477
19550703,0
19550704,5.6535
19550705,0.03428
19550706,5.7735
19550707,5.3061
19550708,0.83124
19550709,0.0036648
19550710,0
19550711,0.0065401
19550712,0.00079566
19550713,0
19550714,0.0034787
19550715,0
19550716,0.017617
19550717,0.0077077
19550718,1.5168
19550719,1.3163
19550720,2.061
19550721,0
19550722,0
19550723,1.0868
19550724,0
19550725,0.80392
19550726,0.51052
19550727,0.029639
19550728,0
19550729,1.3626
19550730,0
19550731,0
19550801,0.00068763
19550802,0.10324
19550803,0.20041
19550804,0.00073917
19550805,0.0010287
19550806,1.2019
19550807,3.1582
19550808,4.4482
19550809,1.8136
19550810,0.00094874
19550811,0.073328
19550812,0.12865
19550813,2.3616
19550814,4.6547
19550815,4.0573
19550816,1.0736
19550817,0.00042949
19550818,0
19550819,0.0023751
19550820,0.00052098
19550821,5.5592e-05
19550822,0.042053
19550823,1.2451
19550824,1.8766
19550825,0.0014295
19550826,0
19550827,0.0037035
19550828,0.0032794
19550829,1.1493
19550830,3.8194
19550831,0
19550901,0.0023947
19550902,0.0024546
19550903,0.0033327
19550904,0.77066
19550905,2.6126
19550906,0.00026345
19550907,0.00028233
19550908,4.5473e-09
19550909,1.7587
19550910,0.32996
19550911,0
19550912,0.0039773
19550913,0
19550914,0.72357
19550915,19.295
19550916,6.1366
19550917,0.33732
19550918,0.044128
19550919,0.010157
19550920,1.267
19550921,0.194
19550922,1.522
19550923,0.49592
19550924,1.1232
19550925,3.6004
19550926,0.14131
19550927,0.24942
19550928,0.10158
19550929,0.0034455
19550930,0
19551001,0.91973
19551002,0.19763
19551003,1.5981
19551004,0.87837
19551005,0.0030769
19551006,0.09564
19551007,0.78625
19551008,0.92216
19551009,0
19551010,1.2424e-10
19551011,2.1596e-09
19551012,7.2815
19551013,22.253
19551014,0.35346
19551015,0.002008
19551016,0.031837
19551017,15.704
19551018,1.4904
19551019,12.624
19551020,0
19551021,0.0017779
19551022,0.0062204
19551023,5.5975
19551024,0.36406
19551025,0.34874
19551026,0.0013835
19551027,0.0020526
19551028,22.509
19551029,37.45
19551030,27.858
19551031,0.82178
19551101,0.0019075
19551102,0.25049
19551103,2.4552
19551104,0.17662
19551105,0.0018171
19551106,0.011223
19551107,0.0011939
19551108,0
19551109,0.0017231
19551110,0
19551111,0.18145
19551112,0.0018012
19551113,0.01306
19551114,0.087736
19551115,0
19551116,0.00083364
19551117,0.0040737
19551118,0.00073456
19551119,0
19551120,0
19551121,0.17374
19551122,0.26258
19551123,0.020879
19551124,0.0015997
19551125,0
19551126,0.0038738
19551127,0
19551128,0
19551129,8.4852
19551130,9.229
19551201,0.00029043
19551202,0
19551203,0
19551204,2.1193
19551205,36.927
19551206,23.501
19551207,46.476
19551208,0.82113
19551209,0.043309
19551210,2.8289
19551211,7.0021
19551212,2.0018
19551213,1.5733
19551214,0.6586
19551215,1.3938
19551216,1.4747
19551217,0.16905
19551218,0.00099625
19551219,2.733
19551220,0.28513
19551221,0.0023602
19551222,0
19551223,2.6089
19551224,0.34309
19551225,0.0797
19551226,5.5853
19551227,30.694
19551228,17.536
19551229,0.34607
19551230,0.10944
19551231,4.919
19560101,2.1058
19560102,0.0002525
19560103,4.7434
19560104,3.0975
19560105,0.027683
19560106,0.15444
19560107,0
19560108,0
19560109,0.0016038
19560110,0
19560111,2.6088
19560112,0.00051821
19560113,0.0011439
19560114,0.00050661
19560115,0
19560116,0
19560117,0.44732
19560118,0.78343
19560119,0.26327
19560120,0.25486
19560121,1.0132e-05
19560122,0
19560123,0.00060683
19560124,0.19768
19560125,0.0017918
19560126,0.082422
19560127,0.0093323
19560128,0.036909
19560129,0.30868
19560130,4.5028
19560131,2.1808
19560201,0.58611
19560202,0.41241
19560203,5.6179
19560204,1.1054
19560205,0.00060966
19560206,0.65794
19560207,24.786
19560208,7.4095
19560209,0.0014015
19560210,0.00036585
19560211,0.059236
19560212,0.37269
19560213,0.059067
19560214,0.36806
19560215,0.48402
19560216,2.383
19560217,0.18003
19560218,0.044364
19560219,0.05818
19560220,0
19560221,0.0015546
19560222,0.00077249
19560223,0.0010011
19560224,0.0045537
19560225,1.1609e-05
19560226,2.5348e-07
19560227,0
19560228,0
19560229,0.0001623
19560301,0.00081756
19560302,0.96789
19560303,0
19560304,1.9272
19560305,8.5029
19560306,26.4
19560307,0.377
19560308,8.9599e-05
19560309,0.3994
19560310,0
19560311,0.0015425
19560312,0.0031882
19560313,0.036345
19560314,0.00030517
19560315,7.8258e-06
19560316,0
19560317,0.0013781
19560318,0
19560319,0.003279
19560320,0.00018692
19560321,0.1145
19560322,0.020721
19560323,2.4437
19560324,0.45416
19560325,0.050708
19560326,0.0032053
19560327,0.015819
19560328,0.0027042
19560329,0.050727
19560330,0.44127
19560331,0.00092661
19560401,0
19560402,0
19560403,0.0012939
19560404,2.6797e-06
19560405,8.2417e-05
19560406,0
19560407,0.28695
19560408,1.8153
19560409,9.4556
19560410,0
19560411,0
19560412,0.014349
19560413,0
19560414,0.001206
19560415,0.40666
19560416,3.019
19560417,14.218
19560418,1.3435
19560419,0.54244
19560420,7.2515
19560421,0
19560422,0.00072997
19560423,0
19560424,0
19560425,0.0025007
19560426,0.1977
19560427,0
19560428,0
19560429,0.0025542
19560430,0.38922
19560501,0
19560502,0
19560503,0.19635
19560504,0.95842
19560505,1.8261
19560506,6.2605
19560507,4.6935
19560508,4.5812
19560509,4.4397
19560510,0.001282
19560511,0
19560512,0
19560513,0.0015053
19560514,0.087969
19560515,2.33
19560516,0.8014
19560517,1.256
19560518,0.0011587
19560519,5.7356
19560520,0.0025668
19560521,2.5481
19560522,0
19560523,0.0040296
19560524,5.0801
19560525,6.2995
19560526,2.6632
19560527,1.0772
19560528,12.822
19560529,0
19560530,0.0029027
19560531,0.069631
19560601,0
19560602,0
19560603,0
19560604,2.9325
19560605,0.00027696
19560606,0.0090736
19560607,1.2544
19560608,0.73839
19560609,0.0091353
19560610,0.53673
19560611,0.2096
19560612,1.9164
19560613,1.1186
19560614,0.12656
19560615,1.3454
19560616,0.095332
19560617,0.35798
19560618,0.030798
19560619,0.052175
19560620,0.0022246
19560621,0.0023336
19560622,1.1619
19560623,43.333
19560624,36.875
19560625,7.9498
19560626,6.8648
19560627,1.2437
19560628,5.0509
19560629,5.1908
19560630,8.1526
19560701,6.8199
19560702,4.378
19560703,14.416
19560704,1.489
19560705,0.60414
19560706,1.1696
19560707,0.35755
19560708,1.3128
19560709,3.3672
19560710,2.4986
19560711,2.81
19560712,11.256
19560713,0.00040807
19560714,0.67699
19560715,5.0747
19560716,10.093
19560717,3.9686
19560718,1.735
19560719,2.4782
19560720,0.75367
19560721,26.282
19560722,1.5413
19560723,0.63226
19560724,0
19560725,0.012564
19560726,0
19560727,0
19560728,0
19560729,0
19560730,0.024002
19560731,1.6389
19560801,0.00299
19560802,0.0022988
19560803,2.5584
19560804,0.066645
19560805,1.4882
19560806,0
19560807,0.34825
19560808,2.742
19560809,3.5188
19560810,2.3321
19560811,4.3656
19560812,7.192
19560813,5.0322
19560814,0
19560815,0.0030715
19560816,2.9509
19560817,0.18706
19560818,3.0324
19560819,1.8584
19560820,1.3391
19560821,0.027523
19560822,0.0017012
19560823,0.079071
19560824,2.7277
19560825,5.3931
19560826,2.3102
19560827,4.1274
19560828,1.7504
19560829,2.9877
19560830,2.1458
19560831,0.00011463
19560901,0.0008261
19560902,2.8236
19560903,2.7461
19560904,6.493
19560905,6.8327
19560906,0.0018294
19560907,12.981
19560908,0.011534
19560909,0.43761
19560910,0.0042279
19560911,0
19560912,0.0093115
19560913,1.7518
19560914,5.6266
19560915,8.2867
19560916,9.8416
19560917,2.6974
19560918,0.00065414
19560919,0
19560920,0.0092521
19560921,0
19560922,0
19560923,0.018027
19560924,0
19560925,0.0057259
19560926,0
19560927,2.0642e-05
19560928,0.11091
19560929,0
19560930,0.0025863
19561001,0.79941
19561002,9.954
19561003,9.397
19561004,22.7
19561005,11.174
19561006,6.6728
19561007,0.00094638
19561008,0
19561009,0.00025206
19561010,3.188
19561011,7.4011
19561012,21.471
19561013,8.4251
19561014,0.66895
19561015,0.02081
19561016,11.758
19561017,2.6497
19561018,7.6628
19561019,0.29849
19561020,0
19561021,0.00563
19561022,18.286
19561023,18.753
19561024,0.0013681
19561025,0
19561026,0.079854
19561027,2.4678
19561028,2.636
19561029,1.7543
19561030,5.3641
19561031,0.76849
19561101,1.1558
19561102,0.093932
19561103,0
19561104,0.11864
19561105,4.7585
19561106,0.78781
19561107,0.0097169
19561108,3.3678
19561109,0.006058
19561110,0.05263
19561111,0.45305
19561112,2.761
19561113,7.7928
19561114,0.4249
19561115,0.3548
19561116,1.6846
19561117,0.4352
19561118,0.12514
19561119,0.009042
19561120,0
19561121,0
19561122,0.0059928
19561123,0.00076053
19561124,0.0023089
19561125,0
19561126,0.019751
19561127,0.0010334
19561128,0.18518
19561129,0
19561130,0.0060958
19561201,0
19561202,0
19561203,0
19561204,0
19561205,0
19561206,0
19561207,0.0055433
19561208,0
19561209,0
19561210,0.0066286
19561211,0.00047539
19561212,0.10002
19561213,2.9769e-05
19561214,0.00023901
19561215,0.016045
19561216,0.00068115
19561217,0.012897
19561218,1.9871
19561219,0.040385
19561220,0
19561221,0.0042523
19561222,0
19561223,0.39878
19561224,0.00064461
19561225,0
19561226,0
19561227,0.099199
19561228,0.0026278
19561229,0
19561230,0.0064132
19561231,0.0031122
19570101,0.96943
19570102,0.30924
19570103,0
19570104,0.15973
19570105,0.00055037
19570106,0.029941
19570107,0.0682
19570108,0
19570109,0
19570110,20.804
19570111,8.9841
19570112,15.457
19570113,0.1393
19570114,0.0014332
19570115,0.011717
19570116,1.485
19570117,1.6509
19570118,5.3162
19570119,9.0782
19570120,14.672
19570121,0
19570122,0.0013912
19570123,0
19570124,0
19570125,0.00022729
19570126,0
19570127,0.0017944
19570128,0
19570129,0.0013082
19570130,6.1349
19570131,2.3306
19570201,0.00050098
19570202,1.1049
19570203,4.6763
19570204,0.094499
19570205,0.00068038
19570206,0.32987
19570207,0
19570208,0.0023426
19570209,0.26645
19570210,7.072
19570211,1.9858
19570212,3.786
19570213,8.482
19570214,0.74534
19570215,1.1316
19570216,0.22824
19570217,1.474
19570218,1.242
19570219,0.70948
19570220,1.8642
19570221,0
19570222,0.003242
19570223,0
19570224,0.16049
19570225,0.36437
19570226,0.0069966
19570227,0.0032619
19570228,0.35722
19570301,24.399
19570302,8.8141
19570303,0
19570304,1.7903
19570305,0.29781
19570306,0.033317
19570307,0.031099
19570308,9.3536e-05
19570309,0.00078858
19570310,0
19570311,5.4833e-05
19570312,0
19570313,0.52115
19570314,0.050829
19570315,0.033783
19570316,33.646
19570317,26.112
19570318,33.442
19570319,2.3462
19570320,0.0056931
19570321,0.10338
19570322,0.024521
19570323,0.0078504
19570324,0.44955
19570325,0.56282
19570326,0.50416
19570327,0.00025058
19570328,0.019166
19570329,7.9022
19570330,1.6766
19570331,1.0293
19570401,2.577
19570402,0.001735
19570403,0.93612
19570404,0.52209
19570405,0.0029464
19570406,1.0368
19570407,0.071459
19570408,0.32305
19570409,0.11203
19570410,0.034169
19570411,0.25618
19570412,0
19570413,0.0011139
19570414,0.44617
19570415,18.122
19570416,4.9976
19570417,35.921
19570418,1.5211
19570419,0.22139
19570420,4.1701
19570421,3.9219
19570422,0.44922
19570423,0.35186
19570424,15.889
19570425,0.1177
19570426,2.1555
19570427,0.28596
19570428,2.8676
19570429,2.4384
19570430,1.3706
19570501,0.059732
19570502,1.0127
19570503,0
19570504,0.34667
19570505,0.79229
19570506,0.00022176
19570507,0
19570508,0.0030649
19570509,8.3543
19570510,3.4394
19570511,1.2008
19570512,5.2863
19570513,5.3311
19570514,1.9157
19570515,0.027603
19570516,0.24781
19570517,9.3125
19570518,0.095022
19570519,0.16897
19570520,0.0011883
19570521,0.13078
19570522,0.70893
19570523,4.0002
19570524,0.020169
19570525,0.0050486
19570526,0.44258
19570527,4.9131
19570528,12.601
19570529,0.0028437
19570530,0
19570531,0.0040058
19570601,0.012685
19570602,0.6636
19570603,6.796
19570604,0.0010919
19570605,10.481
19570606,18.846
19570607,4.7558
19570608,0.1053
19570609,0.011297
19570610,0
19570611,0.00071454
19570612,0.27784
19570613,0.17804
19570614,0.0028855
19570615,0
19570616,0.040651
19570617,0.1572
19570618,2.7658
19570619,0.17504
19570620,0.40317
19570621,1.7883
19570622,2.3614
19570623,0.0052565
19570624,2.1143
19570625,7.2354
19570626,0.11677
19570627,1.434
19570628,0.0032749
19570629,0
19570630,12.435
19570701,0
19570702,0.0018008
19570703,0.45931
19570704,1.3616
19570705,11.916
19570706,7.9547
19570707,0.042326
19570708,0.61734
19570709,0.035628
19570710,0.00069571
19570711,6.6104
19570712,19.141
19570713,4.1691
19570714,0.4692
19570715,12.768
19570716,3.9729
19570717,3.7407
19570718,0.25089
19570719,0.0056051
19570720,0.0021801
19570721,2.9082
19570722,0
19570723,0.064015
19570724,0.00053631
19570725,1.2174
19570726,7.6477
19570727,0.0039726
19570728,0.0092016
19570729,0
19570730,6.3606
19570731,3.1361
19570801,0
19570802,0.0010508
19570803,0.54392
19570804,16.381
19570805,0.84758
19570806,0.14407
19570807,2.1893
19570808,3.283
19570809,0.00082806
19570810,0.87124
19570811,0
19570812,0.0016949
19570813,0.01063
19570814,1.5654
19570815,0.0037549
19570816,0
19570817,0.036343
19570818,6.4226
19570819,9.3663
19570820,7.0225
19570821,4.2919
19570822,4.1367
19570823,3.8758
19570824,0.33036
19570825,1.4457
19570826,0
19570827,0.40609
19570828,9.2273
19570829,5.5785
19570830,11.408
19570831,0.85535
19570901,0
19570902,0.0020271
19570903,12.04
19570904,22.893
19570905,0.93282
19570906,3.1956
19570907,0.010276
19570908,0
19570909,0.00014026
19570910,0.00065454
19570911,0
19570912,2.845
19570913,1.2388
19570914,14.547
19570915,13.966
19570916,0.673
19570917,1.2887
19570918,0
19570919,0
19570920,0.051488
19570921,0.0015778
19570922,0.0021223
19570923,0
19570924,0
19570925,0
19570926,0.0067828
19570927,1.0683
19570928,56.522
19570929,23.636
19570930,1.6038
19571001,0.0053542
19571002,0.41658
19571003,53.686
19571004,35.452
19571005,4.2847
19571006,7.9283
19571007,6.9019
19571008,2.8622
19571009,7.4906
19571010,18.951
19571011,2.3567
19571012,0.043615
19571013,0.89804
19571014,0.0071221
19571015,0.20841
19571016,0.052326
19571017,0.0016875
19571018,0.00017331
19571019,0.44803
19571020,0.0010375
19571021,0.017655
19571022,0
19571023,0.0034535
19571024,1.5171
19571025,0
19571026,0.00239
19571027,0.00068173
19571028,0
19571029,1.046e-06
19571030,1.7957e-05
19571031,0
19571101,0.015538
19571102,8.2564e-05
19571103,6.0486e-06
19571104,0
19571105,5.9615e-06
19571106,0.024523
19571107,0.031366
19571108,0.1941
19571109,1.1448
19571110,0.00092298
19571111,0
19571112,0
19571113,0.00028909
19571114,0.00070782
19571115,0.0010842
19571116,0.02076
19571117,0.17064
19571118,6.345
19571119,0.63895
19571120,1.5489
19571121,5.602
19571122,28.03
19571123,2.4002
19571124,0.00055178
19571125,10.408
19571126,0.32395
19571127,4.8206
19571128,1.81
19571129,1.1745
19571130,0.036185
19571201,1.1027
19571202,0.56527
19571203,0.026556
19571204,0.4483
19571205,2.4357
19571206,0.7834
19571207,9.502
19571208,2.12
19571209,0
19571210,1.6288
19571211,3.5944
19571212,0.83875
19571213,1.3024
19571214,0.30129
19571215,0.18961
19571216,0
19571217,0.0050874
19571218,0.011828
19571219,0.00059713
19571220,0.052852
19571221,0.00044434
19571222,0.020285
19571223,0.61763
19571224,0.019645
19571225,0
19571226,0.0049153
19571227,0
19571228,0
19571229,0.21467
19571230,0
19571231,1.6525
19580101,0.19044
19580102,0.03584
19580103,0
19580104,0.20353
19580105,0.025208
19580106,0.00021736
19580107,0.0825
19580108,0.050206
19580109,0.92755
19580110,13.249
19580111,14.41
19580112,2.1251
19580113,0.18776
19580114,9.1703
19580115,7.1066
19580116,2.6965
19580117,34.655
19580118,52.147
19580119,72.238
19580120,0
19580121,0.025167
19580122,0.22889
19580123,0.019931
19580124,0.034643
19580125,14.887
19580126,14.184
19580127,0.0045943
19580128,1.9215
19580129,3.4837
19580130,0.40283
19580131,0.0024676
19580201,1.6769
19580202,33.304
19580203,2.6437
19580204,1.677
19580205,16.155
19580206,1.6917
19580207,4.1604
19580208,39.528
19580209,3.3933
19580210,0.017885
19580211,7.8041
19580212,0.2885
19580213,6.6831
19580214,9.9005
19580215,2.9769
19580216,38.359
19580217,0.054408
19580218,0.18741
19580219,0.19143
19580220,0.00082053
19580221,28.549
19580222,0.24369
19580223,0.8866
19580224,0.15105
19580225,0.048604
19580226,0.0027464
19580227,0
19580228,11.179
19580301,1.1075
19580302,0.039521
19580303,0.085349
19580304,0.070984
19580305,0
19580306,1.8067
19580307,0.79484
19580308,0
19580309,0.0099285
19580310,9.5055
19580311,0.59057
19580312,0.0038629
19580313,1.0252
19580314,1.5187
19580315,0.09068
19580316,0
19580317,1.4015e-05
19580318,3.6832e-06
19580319,6.2366e-06
19580320,0.11084
19580321,12.282
19580322,4.2614
19580323,1.5737
19580324,4.6606
19580325,2.2049
19580326,0.0073813
19580327,4.6443e-05
19580328,0.0016969
19580329,0.0002781
19580330,4.6417e-08
19580331,0
19580401,0
19580402,0.015227
19580403,0.060979
19580404,2.352
19580405,0.014065
19580406,1.2803
19580407,3.4634
19580408,0.61457
19580409,2.0796
19580410,1.2256
19580411,6.884
19580412,0.79426
19580413,2.7173
19580414,3.4913
19580415,1.1515
19580416,2.3721
19580417,17.055
19580418,4.3995
19580419,1.0163
19580420,0.0056224
19580421,3.3922
19580422,6.4767
19580423,2.0507
19580424,0.13675
19580425,0.48692
19580426,0.87144
19580427,0.0080452
19580428,0.6233
19580429,0.23616
19580430,2.7712
19580501,20.117
19580502,3.5742
19580503,0.52454
19580504,2.8997
19580505,1.974
19580506,1.7685
19580507,0.0062034
19580508,1.567
19580509,0.32901
19580510,4.6723
19580511,0.033494
19580512,5.0434
19580513,0.0010438
19580514,0.001241
19580515,0.0020691
19580516,0
19580517,0.66925
19580518,0
19580519,0.00067614
19580520,0.0009654
19580521,0.00027124
19580522,0
19580523,0.0014915
19580524,0
19580525,0
19580526,0.62022
19580527,3.6614
19580528,2.8447
19580529,8.8025
19580530,2.0129
19580531,1.9374
19580601,0.0021056
19580602,0.00018366
19580603,0.00092087
19580604,6.8153
19580605,10.097
19580606,0.00036609
19580607,0.00063901
19580608,0
19580609,0.0062371
19580610,0.73515
19580611,2.534
19580612,3.7662
19580613,0.023238
19580614,2.5257
19580615,0.0011916
19580616,7.9512
19580617,8.3728
19580618,0.003883
19580619,0
19580620,0.0034761
19580621,0.0019472
19580622,0.076183
19580623,0.00061417
19580624,1.4216
19580625,3.2001
19580626,0.0048077
19580627,3.7742
19580628,0.67338
19580629,2.8166
19580630,0.0033584
19580701,1.0273
19580702,1.7817
19580703,1.2248
19580704,0.85547
19580705,0.0067761
19580706,0.65844
19580707,8.0623
19580708,3.7283
19580709,5.1987
19580710,6.2764
19580711,3.5128
19580712,7.0913
19580713,0.0086479
19580714,0.69387
19580715,22.615
19580716,17.857
19580717,0
19580718,0.44448
19580719,0.28568
19580720,0.00014278
19580721,2.1268
19580722,6.0148
19580723,0
19580724,0.0092787
19580725,0.00086171
19580726,1.3457
19580727,3.3656
19580728,0.0063065
19580729,0
19580730,3.3448
19580731,0.0031886
19580801,0.41779
19580802,1.5917
19580803,0.0025234
19580804,1.2121
19580805,6.819
19580806,1.7028
19580807,1.1041
19580808,0.0006334
19580809,0.0035416
19580810,0.0022874
19580811,0.12118
19580812,0.27436
19580813,4.4683
19580814,2.3633
19580815,0.0022823
19580816,9.0034
19580817,3.0366
19580818,0.002874
19580819,7.7026
19580820,0
19580821,0.011248
19580822,0
19580823,0.0044134
19580824,4.8511
19580825,0
19580826,0
19580827,0.013875
19580828,0
19580829,0.005129
19580830,2.2027
19580831,0
19580901,0
19580902,0
19580903,0
19580904,0.00085266
19580905,9.813
19580906,41.056
19580907,30.208
19580908,0.045165
19580909,5.1646
19580910,10.767
19580911,0.01164
19580912,9.0157
19580913,27.361
19580914,0.58372
19580915,1.5631
19580916,1.0418
19580917,0.0055981
19580918,0
19580919,0.079837
19580920,0.17174
19580921,19.581
19580922,5.3784
19580923,0
19580924,7.8382
19580925,0.0010605
19580926,0.94836
19580927,1.3212
19580928,4.0286
19580929,0.10965
19580930,0.020259
19581001,0
19581002,0
19581003,0.0021461
19581004,4.3696e-05
19581005,0
19581006,0.00031828
19581007,0.018733
19581008,1.3747
19581009,4.127
19581010,11.099
19581011,0.24369
19581012,0.15193
19581013,0
19581014,0.052231
19581015,0
19581016,0
19581017,1.8139
19581018,1.7598
19581019,0.62594
19581020,0.43459
19581021,1.1117e-06
19581022,1.7619e-11
19581023,0.13962
19581024,0.025618
19581025,0
19581026,0.0034108
19581027,9.3714e-08
19581028,2.6371e-08
19581029,4.7968e-08
19581030,0.033283
19581031,0.0098453
19581101,0.55331
19581102,0.029112
19581103,0.00092669
19581104,0
19581105,0.00039285
19581106,0.005245
19581107,2.3934
19581108,4.7416
19581109,0.084871
19581110,0.0072995
19581111,0.65677
19581112,0
19581113,0.00077753
19581114,0.0031565
19581115,0
19581116,0
19581117,0.00033623
19581118,0.0018135
19581119,0
19581120,0
19581121,0
19581122,0
19581123,0
19581124,0.65556
19581125,0
19581126,0
19581127,4.205
19581128,8.1366
19581129,17.472
19581130,3.8947
19581201,1.5947
19581202,0.5385
19581203,16.224
19581204,2.5785
19581205,1.8914
19581206,1.6509
19581207,0.0553
19581208,0.017508
19581209,1.0233
19581210,0.0031907
19581211,0.00090306
19581212,6.0137e-11
19581213,0
19581214,0.0012488
19581215,0.21021
19581216,0.036174
19581217,0.055511
19581218,0.0058359
19581219,0.00047726
19581220,7.1929e-06
19581221,0
19581222,0.068846
19581223,0
19581224,0.021576
19581225,0.0006648
19581226,0
19581227,1.3744
19581228,0.5705
19581229,0
19581230,3.2872
19581231,1.1195
19590101,0
19590102,0
19590103,0.046763
19590104,0.52472
19590105,1.0252
19590106,0.15111
19590107,0.030036
19590108,7.8375
19590109,0.006872
19590110,0.0062415
19590111,0
19590112,0
19590113,0.0013145
19590114,0.00083418
19590115,2.6157
19590116,0
19590117,0
19590118,0.0020719
19590119,0.0023331
19590120,0.34749
19590121,0.23557
19590122,4.0227
19590123,1.2048
19590124,0.19409
19590125,0.20182
19590126,0.065271
19590127,0.024508
19590128,0.014839
19590129,0
19590130,0.0011582
19590131,0
19590201,0.00097647
19590202,0.69168
19590203,0.0078007
19590204,0
19590205,0.00059322
19590206,0
19590207,5.2477e-05
19590208,9.0691e-05
19590209,0.034125
19590210,0
19590211,0.0019315
19590212,0.00026033
19590213,0
19590214,0
19590215,0.025906
19590216,3.9109e-05
19590217,0
19590218,0.00033096
19590219,0.085986
19590220,0
19590221,0.0011317
19590222,0.51581
19590223,0.00048127
19590224,0.0030947
19590225,0
19590226,1.4731e-09
19590227,3.1983e-08
19590228,0
19590301,0
19590302,0
19590303,0
19590304,0
19590305,0
19590306,0
19590307,0
19590308,0
19590309,0
19590310,0
19590311,0
19590312,0.022257
19590313,2.6629
19590314,0.15614
19590315,8.6323
19590316,1.2422
19590317,0.32017
19590318,2.3214
19590319,0.22705
19590320,0.0031011
19590321,0
19590322,29.307
19590323,7.5854
19590324,0.11015
19590325,0.00056027
19590326,0.12616
19590327,2.0795
19590328,0.97512
19590329,0.00266
19590330,0
19590331,0
19590401,0
19590402,0.062613
19590403,0.003406
19590404,0
19590405,0.00082939
19590406,0.004327
19590407,0
19590408,0
19590409,0.6708
19590410,0
19590411,0.0044539
19590412,0
19590413,1.3814
19590414,0.67727
19590415,0
19590416,0.017692
19590417,9.6214
19590418,90.398
19590419,14.322
19590420,4.7187
19590421,15.785
19590422,8.0602
19590423,2.295
19590424,0.9855
19590425,0.22535
19590426,3.0705
19590427,40.258
19590428,5.5135
19590429,3.599
19590430,1.9376
19590501,21.869
19590502,5.9371
19590503,1.6314
19590504,2.074
19590505,4.1156
19590506,6.4949
19590507,10.152
19590508,1.7385
19590509,0
19590510,0.042754
19590511,11.12
19590512,3.638
19590513,2.787
19590514,0.052713
19590515,0.24858
19590516,3.9818
19590517,1.9857
19590518,3.6241
19590519,4.0181
19590520,11.073
19590521,7.3922
19590522,5.4186
19590523,3.2708
19590524,2.977
19590525,0.45547
19590526,0
19590527,0.0491
19590528,0.55733
19590529,0.0019472
19590530,0
19590531,0.38229
19590601,0.018947
19590602,0
19590603,1.4622
19590604,0
19590605,0.0011437
19590606,0
19590607,0.0013088
19590608,0.0053436
19590609,0.00036739
19590610,0.00030939
19590611,0.0042161
19590612,0
19590613,5.0246
19590614,0.0015348
19590615,0.030523
19590616,4.0175
19590617,0
19590618,3.2536
19590619,0.0027234
19590620,0.0010622
19590621,4.9777e-05
19590622,0.0034744
19590623,3.819
19590624,0.28127
19590625,7.5819
19590626,2.4451
19590627,0.0010798
19590628,0.0012553
19590629,0.58523
19590630,0
19590701,0.0021044
19590702,1.684
19590703,2.839
19590704,1.1913
19590705,3.9305
19590706,1.7396
19590707,5.4828
19590708,31.625
19590709,13.725
19590710,18.185
19590711,0.24884
19590712,2.7845
19590713,0.00028731
19590714,0.80071
19590715,0
19590716,0.0028809
19590717,0.41968
19590718,2.3188
19590719,2.901
19590720,1.2955
19590721,0.00020649
19590722,1.0847
19590723,0
19590724,0
19590725,5.7353
19590726,4.8677
19590727,0.35596
19590728,10.397
19590729,2.1248
19590730,46.207
19590731,0.7436
19590801,0
19590802,0.00046681
19590803,0
19590804,4.966e-05
19590805,2.1369e-05
19590806,0.00043823
19590807,3.9171e-08
19590808,0.00025363
19590809,0.0010006
19590810,1.3587
19590811,0.1788
19590812,0.00058924
19590813,0
19590814,1.9721
19590815,0.23445
19590816,2.2475
19590817,2.6331
19590818,0.40886
19590819,12.688
19590820,0.62627
19590821,0.0059855
19590822,0.77028
19590823,0.14947
19590824,0.010406
19590825,2.3922
19590826,3.0608
19590827,1.6705
19590828,1.3735
19590829,1.4726
19590830,0.76427
19590831,1.7727
19590901,9.2019
19590902,8.1778
19590903,2.96
19590904,4.2007
19590905,2.9298
19590906,15.506
19590907,7.2174
19590908,6.9635
19590909,0
19590910,0.003257
19590911,1.6473
19590912,9.2374
19590913,1.1134
19590914,1.6261
19590915,0.45175
19590916,1.7959
19590917,1.4892
19590918,4.4518
19590919,7.202
19590920,21.469
19590921,21.377
19590922,1.0017
19590923,3.0521
19590924,0.44662
19590925,0.0036806
19590926,0.011018
19590927,20.201
19590928,11.226
19590929,0.013353
19590930,0.33059
19591001,0
19591002,0
19591003,0.093333
19591004,0.24927
19591005,0.00081418
19591006,0.00025339
19591007,0
19591008,0.20754
19591009,1.6757
19591010,2.593
19591011,1.8846
19591012,0.021581
19591013,0.1537
19591014,3.2381
19591015,3.4725
19591016,0.0090138
19591017,0
19591018,0.031523
19591019,0.00039476
19591020,0.0088997
19591021,0.06675
19591022,1.7915e-06
19591023,0.0019524
19591024,0.31299
19591025,0
19591026,0.035915
19591027,0.57561
19591028,0.00043664
19591029,0
19591030,0.000667
19591031,0
19591101,0.10342
19591102,0
19591103,0.00022664
19591104,0.21009
19591105,0.59517
19591106,0.23565
19591107,0.031513
19591108,0.070239
19591109,0.94938
19591110,1.5307
19591111,2.5546
19591112,0.0015584
19591113,0.29649
19591114,0.013983
19591115,9.6973
19591116,0.41293
19591117,0.019794
19591118,1.4555
19591119,0.0027894
19591120,22.956
19591121,33.047
19591122,0.85156
19591123,1.4237
19591124,0.96142
19591125,3.5371
19591126,7.014
19591127,0.11517
19591128,0.070172
19591129,0.20563
19591130,0.93169
19591201,17.528
19591202,19.9
19591203,0.023483
19591204,0.45662
19591205,0.95408
19591206,0.010592
19591207,0
19591208,10.16
19591209,7.7407
19591210,0
19591211,0.0074675
19591212,0.0015864
19591213,0.011479
19591214,2.303
19591215,1.0381
19591216,0.14026
19591217,0
19591218,0.016924
19591219,0
19591220,0.010689
19591221,0
19591222,0.037999
19591223,0
19591224,0.21038
19591225,0.0014019
19591226,0
19591227,0
19591228,0.00026707
19591229,0
19591230,0.0018419
19591231,0
19600101,0
19600102,0
19600103,0
19600104,0
19600105,0.014754
19600106,0
19600107,0.00024675
19600108,0.035865
19600109,0.29923
19600110,0
19600111,9.8724e-05
19600112,0.001382
19600113,0.0031906
19600114,0.0010844
19600115,1.8707e-05
19600116,0
19600117,0
19600118,0.0017079
19600119,4.3389e-05
19600120,8.2118e-06
19600121,0.00035749
19600122,0.65523
19600123,0.60155
19600124,0.65883
19600125,0.24446
19600126,2.4955
19600127,0.0029678
19600128,0.017815
19600129,0.021199
19600130,0.24126
19600131,0.0015684
19600201,0.068997
19600202,0.00012821
19600203,0.015425
19600204,0.027056
19600205,0.00050355
19600206,0.0029532
19600207,0.023914
19600208,0
19600209,0.0042943
19600210,0.55509
19600211,0
19600212,0
19600213,0.00057978
19600214,0.00032707
19600215,0.0055743
19600216,1.9099e-06
19600217,0.0006906
19600218,0.0014691
19600219,0
19600220,0.19631
19600221,0.00056205
19600222,0
19600223,0.00081561
19600224,0
19600225,0
19600226,0.00046985
19600227,0.0013585
19600228,0
19600229,0.045722
19600301,4.6397
19600302,0.74716
19600303,11.024
19600304,2.4231
19600305,13.569
19600306,1.0619
19600307,5.3424
19600308,1.6696
19600309,0.00025816
19600310,0.34158
19600311,1.3376
19600312,0
19600313,0.00048653
19600314,0.010563
19600315,0.0011656
19600316,0.15351
19600317,0
19600318,0.37195
19600319,0.00015055
19600320,0.47315
19600321,1.2453
19600322,4.1289
19600323,1.4411
19600324,0.073915
19600325,14.406
19600326,0
19600327,8.2343
19600328,1.1972
19600329,2.5511
19600330,0.10456
19600331,0.50355
19600401,1.353
19600402,0.010897
19600403,7.8339
19600404,1.0586
19600405,5.7367
19600406,3.5811
19600407,7.7583
19600408,1.017
19600409,0
19600410,0.07006
19600411,0.75906
19600412,8.0985
19600413,3.1984
19600414,1.479
19600415,2.1478
19600416,0.0049979
19600417,0
19600418,0.4316
19600419,1.6313
19600420,0.0026333
19600421,2.4403
19600422,2.0083
19600423,1.5928
19600424,2.7551
19600425,4.8342
19600426,0
19600427,8.0813
19600428,27.486
19600429,28.868
19600430,15.621
19600501,6.5406
19600502,6.7373
19600503,9.9077
19600504,5.5951
19600505,4.3153
19600506,3.9652
19600507,3.8582
19600508,0
19600509,0.0040116
19600510,1.309
19600511,2.6537
19600512,0.048856
19600513,5.7708
19600514,4.9386
19600515,8.6348
19600516,7.5524
19600517,0.0044931
19600518,0.034297
19600519,0.0090415
19600520,2.0392
19600521,0.00716
19600522,0.17427
19600523,0.73125
19600524,4.1638
19600525,3.5148
19600526,6.2717
19600527,47.633
19600528,0
19600529,2.2198
19600530,2.6854
19600531,2.3296
19600601,0
19600602,1.126
19600603,4.3915
19600604,7.0393
19600605,20.772
19600606,13.661
19600607,0.26365
19600608,10.825
19600609,1.8688
19600610,0.00096498
19600611,8.0136e-05
19600612,1.2863
19600613,9.0921
19600614,3.6286
19600615,2.3438
19600616,0.011281
19600617,3.6459
19600618,0.60283
19600619,0.0059829
19600620,0.0037613
19600621,0.047905
19600622,1.3772
19600623,11.931
19600624,2.622
19600625,3.3794
19600626,4.2423
19600627,7.0285
19600628,6.9487
19600629,4.5024
19600630,0.070496
19600701,0
19600702,4.8861
19600703,7.374
19600704,4.4548
19600705,0.7875
19600706,5.4592
19600707,1.1973
19600708,0.75886
19600709,0.59038
19600710,13.874
19600711,8.7681
19600712,0
19600713,12.168
19600714,1.8103
19600715,0.45811
19600716,0
19600717,0.012917
19600718,0.015827
19600719,0
19600720,0.66686
19600721,0
19600722,0
19600723,0
19600724,0.017028
19600725,7.4574
19600726,0.88772
19600727,3.8794
19600728,4.873
19600729,7.1922
19600730,8.1519
19600731,3.755
19600801,11.361
19600802,0.50155
19600803,11.604
19600804,0.29614
19600805,3.9302
19600806,6.6862
19600807,7.1204
19600808,1.3647
19600809,0.00096554
19600810,0
19600811,3.9893
19600812,0.077174
19600813,0.20284
19600814,0.61511
19600815,0.0037704
19600816,0.03763
19600817,0
19600818,0
19600819,0.068841
19600820,21.234
19600821,0.0006598
19600822,0.00027337
19600823,0
19600824,4.6508
19600825,0.0015979
19600826,0
19600827,0.00096858
19600828,1.0796
19600829,0.003726
19600830,0.0043609
19600831,0.019863
19600901,2.0779
19600902,0.0069904
19600903,3.3859
19600904,7.4701
19600905,5.6186
19600906,21.173
19600907,2.1224
19600908,0.00039326
19600909,1.014
19600910,1.2865
19600911,0.0013372
19600912,0
19600913,0.89011
19600914,16.234
19600915,28
19600916,7.6968
19600917,2.2539
19600918,6.1534
19600919,0.0039514
19600920,0
19600921,0.0027582
19600922,0
19600923,0.0028535
19600924,0.00066487
19600925,82.743
19600926,24.987
19600927,3.293
19600928,1.8218
19600929,3.4719
19600930,0.48057
19601001,3.5363
19601002,3.274
19601003,0.90122
19601004,0.0006562
19601005,0.0041257
19601006,0
19601007,0.0024306
19601008,0.021763
19601009,6.3579
19601010,3.7937
19601011,0.0024019
19601012,0.00338
19601013,0.027944
19601014,0.27036
19601015,1.5383
19601016,4.9905
19601017,4.3059
19601018,40.587
19601019,62.622
19601020,1.0345
19601021,1.0607
19601022,0.015194
19601023,5.5716
19601024,0.43127
19601025,4.2804
19601026,11.265
19601027,1.1495
19601028,19.982
19601029,2.5957
19601030,0
19601031,0.14572
19601101,3.0279
19601102,2.9376
19601103,5.293
19601104,2.8742
19601105,1.6174
19601106,0.0011549
19601107,0.25901
19601108,0.19707
19601109,1.0605
19601110,0.034731
19601111,2.9503
19601112,7.4501
19601113,7.5801
19601114,2.9116
19601115,0.0045317
19601116,0.18985
19601117,0.57263
19601118,0.0019503
19601119,0
19601120,1.8538
19601121,0
19601122,0
19601123,0.0027872
19601124,0.029261
19601125,0.41529
19601126,0.011506
19601127,0.028211
19601128,0.10998
19601129,0.086964
19601130,0
19601201,1.5873
19601202,2.7714
19601203,0.011311
19601204,0.0036873
19601205,0.00030899
19601206,0.0039031
19601207,0.00072128
19601208,0.007608
19601209,0.096843
19601210,0
19601211,0.0031218
19601212,0.033233
19601213,0.59014
19601214,0
19601215,0
19601216,0
19601217,3.6163e-05
19601218,0.019037
19601219,0.095684
19601220,2.3987
19601221,1.7885
19601222,18.017
19601223,0.27833
19601224,3.5487
19601225,13.643
19601226,23.18
19601227,7.7783
19601228,0.12714
19601229,0.27964
19601230,0.0066513
19601231,0.97383
19610101,1.1095
19610102,0.0015178
19610103,0.18799
19610104,0.10214
19610105,0.06307
19610106,1.3652
19610107,13.734
19610108,0.00045147
19610109,0.25223
19610110,1.2735
19610111,0.31778
19610112,0
19610113,2.776
19610114,0.0012903
19610115,0.74421
19610116,0
19610117,0.0013865
19610118,0
19610119,0.00052117
19610120,2.7165
19610121,14.36
19610122,13.79
19610123,29.656
19610124,15.202
19610125,2.6751
19610126,0.0025177
19610127,0
19610128,0
19610129,0.44708
19610130,3.317
19610131,1.2828
19610201,0.67215
19610202,0.081252
19610203,0.1817
19610204,0.91484
19610205,0.00042582
19610206,0.0016144
19610207,0.66112
19610208,0.73456
19610209,2.4968
19610210,0.04753
19610211,1.4561e-06
19610212,0.0034458
19610213,12.23
19610214,30.116
19610215,8.4044
19610216,0.37314
19610217,3.9106
19610218,0.9568
19610219,0
19610220,0
19610221,0.00063838
19610222,0.00087175
19610223,0.27936
19610224,0
19610225,0
19610226,0.05404
19610227,0
19610228,0
19610301,0
19610302,0.025971
19610303,7.7087e-05
19610304,0.0055795
19610305,0.41357
19610306,0.18028
19610307,1.8451
19610308,1.9489
19610309,0.031809
19610310,0
19610311,0.011563
19610312,43.509
19610313,0.090082
19610314,29.066
19610315,25.356
19610316,0.29737
19610317,44.406
19610318,4.9573
19610319,13.577
19610320,7.6213
19610321,8.281e-05
19610322,5.0527
19610323,0.10493
19610324,1.8328
19610325,3.7678
19610326,0
19610327,0.90232
19610328,6.8808
19610329,0.0032259
19610330,0.013587
19610331,0
19610401,8.4171
19610402,25.941
19610403,9.8925
19610404,0.82484
19610405,4.854
19610406,3.2033
19610407,0.66872
19610408,3.3063
19610409,0.11576
19610410,1.7155
19610411,0.33116
19610412,11.688
19610413,4.5151
19610414,2.3766
19610415,1.4911
19610416,0.61414
19610417,1.4139
19610418,2.9451
19610419,0.86339
19610420,4.454
19610421,6.4047
19610422,0.3994
19610423,0.0027492
19610424,0.020299
19610425,0.00049673
19610426,0
19610427,0.013269
19610428,0
19610429,0
19610430,0.16069
19610501,0.46833
19610502,0
19610503,0.10396
19610504,0
19610505,0
19610506,0.00026014
19610507,0.21484
19610508,1.3188
19610509,4.6776
19610510,8.4512
19610511,2.6332
19610512,6.4957
19610513,3.603
19610514,0
19610515,0.00084039
19610516,1.4591
19610517,0.74537
19610518,0.33299
19610519,0.016233
19610520,0.0036519
19610521,0
19610522,2.6782
19610523,0.0004732
19610524,1.291
19610525,0.065843
19610526,5.3155
19610527,1.5394
19610528,2.8344
19610529,4.2728
19610530,14.08
19610531,9.9612
19610601,0.57762
19610602,3.9211
19610603,2.9947
19610604,8.8283
19610605,16.881
19610606,4.6823
19610607,0.10332
19610608,0.0033827
19610609,15.006
19610610,14.834
19610611,7.5045
19610612,1.2037
19610613,1.8023
19610614,7.5
19610615,0
19610616,0
19610617,0.20754
19610618,0
19610619,0.0086163
19610620,4.588e-05
19610621,2.374
19610622,9.8247
19610623,14.041
19610624,4.1637
19610625,0
19610626,0.0050244
19610627,1.547
19610628,10.459
19610629,3.4898
19610630,3.9808
19610701,4.8757
19610702,2.5586
19610703,0.20006
19610704,0.15431
19610705,8.0342
19610706,17.896
19610707,8.1098
19610708,10.855
19610709,1.2037
19610710,1.1829
19610711,3.2926
19610712,3.2982
19610713,3.0997
19610714,0.86308
19610715,1.5993
19610716,0
19610717,0.0036921
19610718,0.53601
19610719,0
19610720,4.2997
19610721,0.064427
19610722,0
19610723,1.6231
19610724,4.459
19610725,2.3728
19610726,7.4363
19610727,7.4315
19610728,5.8776
19610729,11.303
19610730,0
19610731,0
19610801,0.0004018
19610802,0.00013795
19610803,0.00032063
19610804,0.00066366
19610805,3.4457
19610806,0
19610807,0.003651
19610808,0.001075
19610809,4.7666e-05
19610810,4.0087
19610811,0.0036101
19610812,0.0018902
19610813,0.86658
19610814,0.07181
19610815,0.21719
19610816,0.00011514
19610817,0.001807
19610818,4.5982
19610819,0.00018189
19610820,1.1794
19610821,5.5958
19610822,0.014287
19610823,9.0804
19610824,4.2207
19610825,1.876
19610826,0
19610827,7.524
19610828,0.0028492
19610829,0
19610830,1.7865
19610831,25.748
19610901,0.13112
19610902,0.78034
19610903,4.5888e-05
19610904,0.011697
19610905,0
19610906,0.0025978
19610907,0
19610908,0.86389
19610909,0.10067
19610910,0.00034834
19610911,0.30256
19610912,0
19610913,0.00085195
19610914,2.5775
19610915,2.8807
19610916,0.42593
19610917,0.00044602
19610918,0
19610919,0.0016834
19610920,0.37078
19610921,0.1559
19610922,0
19610923,0.0064676
19610924,0.038395
19610925,0.0011714
19610926,0.0034608
19610927,4.7453
19610928,5.684
19610929,9.9127
19610930,3.3472
19611001,0.45461
19611002,5.0889e-05
19611003,0
19611004,0.00042881
19611005,0
19611006,0
19611007,0.00057562
19611008,0.0017449
19611009,0.00086816
19611010,1.7824
19611011,0.1505
19611012,0
19611013,0
19611014,0.00085821
19611015,1.2754
19611016,0.19862
19611017,2.2107
19611018,0.052092
19611019,0.05749
19611020,0
19611021,0.0078114
19611022,0
19611023,0.0034057
19611024,0
19611025,0.00061094
19611026,0.0015763
19611027,0.005559
19611028,5.9462
19611029,23.387
19611030,0.059915
19611031,0.010464
19611101,0.0034129
19611102,3.5501e-05
19611103,0.0002062
19611104,2.9375e-05
19611105,0.0053671
19611106,0
19611107,0.00013794
19611108,0.00023407
19611109,3.2613
19611110,36.407
19611111,18.148
19611112,4.7702
19611113,27.132
19611114,26.356
19611115,3.0579
19611116,0.53931
19611117,0
19611118,0.0056394
19611119,0.00057658
19611120,0.082733
19611121,0
19611122,0.0021418
19611123,0
19611124,0.0066619
19611125,0
19611126,0
19611127,0
19611128,0
19611129,0.0075995
19611130,0
19611201,0
19611202,0
19611203,0
19611204,0
19611205,0
19611206,0
19611207,0
19611208,0
19611209,0
19611210,0.077621
19611211,0.015286
19611212,0.0039604
19611213,0
19611214,0.026021
19611215,2.0935
19611216,0.046266
19611217,2.8039
19611218,0.027233
19611219,0.0096927
19611220,0
19611221,0.00308
19611222,0
19611223,0
19611224,2.9844e-05
19611225,0.063987
19611226,0
19611227,0.0033185
19611228,0
19611229,0.54394
19611230,2.4985
19611231,0.051246
19620101,0
19620102,0
19620103,0
19620104,0.97119
19620105,0.0081745
19620106,14.15
19620107,15.009
19620108,16.197
19620109,10.885
19620110,0.21993
19620111,0.0035343
19620112,0
19620113,0
19620114,0.0019037
19620115,0.00014755
19620116,0.00041929
19620117,0
19620118,0.89329
19620119,0.065572
19620120,0
19620121,0
19620122,0.0030105
19620123,0.00106
19620124,0.00048182
19620125,0
19620126,0.029079
19620127,10.271
19620128,39.829
19620129,23.437
19620130,0
19620131,0.0057191
19620201,0
19620202,0
19620203,0
19620204,0
19620205,0
19620206,0.38192
19620207,1.1635
19620208,1.7076
19620209,4.7257
19620210,0.28398
19620211,6.0388e-05
19620212,0.078311
19620213,0.60003
19620214,0
19620215,0
19620216,0.00089603
19620217,0
19620218,0
19620219,0.26378
19620220,0.14076
19620221,0
19620222,0.00052587
19620223,0.0025424
19620224,0
19620225,1.3196
19620226,0.16617
19620227,0.17419
19620228,0
19620301,0.66375
19620302,16.126
19620303,0.080734
19620304,2.1667
19620305,0.012306
19620306,0.014852
19620307,0.00024566
19620308,0.7826
19620309,11.697
19620310,0.0011725
19620311,0.16699
19620312,0.024524
19620313,0
19620314,34.585
19620315,37.758
19620316,3.3429
19620317,6.0592
19620318,0.24269
19620319,0.014873
19620320,1.551
19620321,4.3925
19620322,2.5533
19620323,0.7042
19620324,0.0033914
19620325,1.449
19620326,10.315
19620327,1.749
19620328,1.3308
19620329,0.005777
19620330,0
19620331,0.027972
19620401,3.0687
19620402,2.3073e-05
19620403,0.5097
19620404,7.3222
19620405,18.329
19620406,12.084
19620407,0.2344
19620408,0
19620409,0.40776
19620410,0.63957
19620411,1.7895
19620412,1.8671
19620413,0.2149
19620414,2.8621
19620415,0.0026363
19620416,0
19620417,31.305
19620418,3.2732
19620419,10.878
19620420,0.0035528
19620421,0
19620422,0
19620423,0.021774
19620424,0.93583
19620425,1.8144
19620426,2.7814
19620427,0
19620428,0
19620429,0.0086611
19620430,10.451
19620501,1.0998
19620502,0.68269
19620503,0.00010217
19620504,0
19620505,0.00011769
19620506,0.0029236
19620507,0.1272
19620508,0
19620509,0.0070355
19620510,0.0074853
19620511,0.087054
19620512,1.3109
19620513,3.9383
19620514,2.711
19620515,4.6289
19620516,0.97485
19620517,0.0089791
19620518,0.15789
19620519,3.7427
19620520,0.33954
19620521,7.0391
19620522,0.0085281
19620523,0
19620524,0
19620525,0.0004745
19620526,0.60148
19620527,4.9477e-12
19620528,0
19620529,0.0004454
19620530,7.071
19620531,2.3683
19620601,0.63321
19620602,0.0011812
19620603,10.194
19620604,7.8798
19620605,0.62456
19620606,0.0040019
19620607,0
19620608,0.0033424
19620609,0
19620610,0.0096465
19620611,4.9768
19620612,11.276
19620613,2.3719
19620614,8.3184
19620615,7.9215
19620616,0.25481
19620617,0.56206
19620618,0
19620619,0.19527
19620620,0
19620621,0.44397
19620622,1.0247
19620623,0.054407
19620624,1.6189
19620625,0.01027
19620626,0.43376
19620627,0
19620628,1.8523
19620629,0
19620630,4.1714
19620701,0.00011096
19620702,0.81306
19620703,0.0024407
19620704,7.3934
19620705,2.4607
19620706,0.004421
19620707,0.002401
19620708,2.5723
19620709,4.0568
19620710,0.25944
19620711,0.0071142
19620712,0.13969
19620713,1.6339
19620714,0.033562
19620715,0.45259
19620716,6.5162
19620717,0.00099683
19620718,0.0015308
19620719,0.00032341
19620720,0.0011987
19620721,0.0026036
19620722,0.0023964
19620723,9.7777
19620724,7.7227
19620725,0.0045755
19620726,8.8151
19620727,15.576
19620728,2.9427
19620729,0.28949
19620730,3.2677
19620731,0.0059504
19620801,0.001541
19620802,0.0023132
19620803,7.7527
19620804,3.1928
19620805,0.0031245
19620806,3.6267
19620807,5.229
19620808,0.07808
19620809,4.8206
19620810,0.2726
19620811,0.00021797
19620812,3.689e-05
19620813,2.6403
19620814,0
19620815,0.10284
19620816,0.004314
19620817,0.0008697
19620818,0.0015195
19620819,0.00068447
19620820,3.5756
19620821,0.006738
19620822,0
19620823,0.011427
19620824,6.922
19620825,10.202
19620826,2.4931
19620827,1.5568
19620828,2.5908
19620829,0.013953
19620830,0.0033842
19620831,5.9281
19620901,0
19620902,0.010908
19620903,4.479
19620904,0.0010429
19620905,0.00050361
19620906,0.0052559
19620907,0
19620908,0.0013608
19620909,0
19620910,0.0021406
19620911,0.4712
19620912,0.0024036
19620913,4.8416
19620914,10.964
19620915,4.6525
19620916,0.00067603
19620917,9.8183
19620918,13.824
19620919,4.2477
19620920,5.1737
19620921,0
19620922,0.0039753
19620923,0.13353
19620924,0.65956
19620925,3.1383
19620926,0.52183
19620927,0.011907
19620928,2.6842
19620929,5.0822
19620930,0.0062514
19621001,0.0048825
19621002,0.00042329
19621003,0.36583
19621004,7.3967
19621005,2.8095
19621006,0.16216
19621007,0
19621008,0.79048
19621009,0.054159
19621010,0.47251
19621011,11.512
19621012,1.2983
19621013,5.0167
19621014,7.292
19621015,0.0077638
19621016,0
19621017,0.022547
19621018,0.0057183
19621019,0.0033582
19621020,0
19621021,5.4378
19621022,1.2559
19621023,0.04962
19621024,0
19621025,0.020567
19621026,0.18481
19621027,0
19621028,0
19621029,0.0037089
19621030,0.33978
19621031,1.2531
19621101,0.52969
19621102,0.00053386
19621103,0
19621104,0
19621105,0.071067
19621106,0.00038683
19621107,0
19621108,1.8463
19621109,13.348
19621110,0.056884
19621111,0.92013
19621112,0.0059261
19621113,0.011825
19621114,0.069103
19621115,0.04128
19621116,0.00040115
19621117,0.00046126
19621118,1.306
19621119,0.26067
19621120,0
19621121,0.00016131
19621122,0.00015433
19621123,0.020766
19621124,0.026526
19621125,0.26672
19621126,0.0012238
19621127,0
19621128,3.3368
19621129,10.551
19621130,6.1884
19621201,6.9735
19621202,28.635
19621203,9.6752
19621204,0
19621205,0.0010305
19621206,0
19621207,0.00022384
19621208,0.00015376
19621209,0
19621210,0
19621211,0.00099109
19621212,0.00035646
19621213,0
19621214,0
19621215,0.0023214
19621216,0
19621217,0
19621218,0
19621219,0
19621220,5.3235e-05
19621221,0.0178
19621222,0.017713
19621223,8.3114e-05
19621224,0.00018204
19621225,0.64858
19621226,1.4637
19621227,0
19621228,0
19621229,0.017361
19621230,0.95277
19621231,0
19630101,0
19630102,0
19630103,0
19630104,0
19630105,0
19630106,0
19630107,0
19630108,0
19630109,0
19630110,0
19630111,0
19630112,0
19630113,0
19630114,0
19630115,0
19630116,0.25891
19630117,24.639
19630118,21.152
19630119,0.41209
19630120,0.23785
19630121,0.024157
19630122,0.43569
19630123,0.059199
19630124,0
19630125,0.0018149
19630126,0
19630127,0.0024659
19630128,5.6603
19630129,0.010652
19630130,0.5125
19630131,0.67433
19630201,6.6884
19630202,0.083966
19630203,0.33038
19630204,0.0091513
19630205,0.43549
19630206,0.49577
19630207,2.5514
19630208,14.379
19630209,3.2641
19630210,0.0036035
19630211,0.69229
19630212,10.55
19630213,1.4635
19630214,0.58312
19630215,6.5688
19630216,2.6537
19630217,0.0003636
19630218,0
19630219,0.067813
19630220,0.029026
19630221,0.20399
19630222,0.00027281
19630223,0
19630224,0.00089401
19630225,0
19630226,0.00097394
19630227,0.0020823
19630228,0.013654
19630301,0.7683
19630302,0.99897
19630303,14.404
19630304,0.19234
19630305,16.841
19630306,0.77015
19630307,0.002501
19630308,12.551
19630309,0.10832
19630310,1.2077
19630311,6.5555e-05
19630312,2.3289
19630313,0.0018446
19630314,0.2043
19630315,0.025336
19630316,0.15606
19630317,0.0013042
19630318,0.88821
19630319,0.063219
19630320,0.0039143
19630321,0
19630322,2.961
19630323,4.6529
19630324,11.596
19630325,0.015009
19630326,11.452
19630327,0.0018047
19630328,0
19630329,0.0015992
19630330,0
19630331,0.013785
19630401,0.19497
19630402,0.025471
19630403,0.011684
19630404,1.5857
19630405,0.99781
19630406,0.007454
19630407,0.013315
19630408,4.9388
19630409,4.783
19630410,0.02849
19630411,0
19630412,0.09394
19630413,1.2658
19630414,0.2705
19630415,0.097228
19630416,0.0011193
19630417,4.002
19630418,4.1341
19630419,2.0256
19630420,2.5177
19630421,0.6218
19630422,4.0102
19630423,0.70812
19630424,0.025254
19630425,1.6133
19630426,0.16209
19630427,6.3798
19630428,4.9619e-07
19630429,1.7943e-05
19630430,0.12382
19630501,1.8671
19630502,1.8783
19630503,2.7406
19630504,14.264
19630505,7.1374
19630506,7.6411
19630507,0
19630508,0.0032
19630509,0
19630510,4.4724
19630511,4.6664
19630512,0.052311
19630513,0.0010074
19630514,2.0803
19630515,0.0036753
19630516,0.46959
19630517,0
19630518,2.9136
19630519,17.696
19630520,4.3383
19630521,0.5009
19630522,0
19630523,0
19630524,0
19630525,0.0022485
19630526,3.3123
19630527,9.3555
19630528,10.118
19630529,0.14415
19630530,4.2838
19630531,1.2599
19630601,0.37458
19630602,0.0087566
19630603,0.00211
19630604,0
19630605,0
19630606,0
19630607,0.0024856
19630608,0.35192
19630609,0.68802
19630610,0.0017981
19630611,0.23005
19630612,0
19630613,0
19630614,0.0020297
19630615,0.24293
19630616,4.4792
19630617,4.5489
19630618,6.6971
19630619,4.4774
19630620,3.7016
19630621,2.772
19630622,7.9023
19630623,6.2622
19630624,0.011467
19630625,0.0013469
19630626,2.2488
19630627,0.15809
19630628,0.0037429
19630629,2.0179
19630630,0.13599
19630701,4.3417
19630702,3.367
19630703,4.3845
19630704,0.59943
19630705,5.2837
19630706,13.095
19630707,8.5612
19630708,10.427
19630709,15.302
19630710,9.5801
19630711,7.6536
19630712,6.0015
19630713,2.2512
19630714,3.2391
19630715,14.451
19630716,2.7591
19630717,0.52384
19630718,2.7975
19630719,2.37
19630720,7.1938
19630721,6.5115
19630722,5.5011
19630723,1.6965
19630724,2.314
19630725,0.36287
19630726,0.074051
19630727,4.4324
19630728,0
19630729,3.1574
19630730,12.612
19630731,0.15819
19630801,6.3854
19630802,0
19630803,0.0015751
19630804,3.7931
19630805,0
19630806,0.00098355
19630807,0.00036992
19630808,0.0010069
19630809,0.00073398
19630810,2.8917
19630811,0.002323
19630812,0
19630813,2.5966
19630814,0.82529
19630815,0.0022411
19630816,0
19630817,0.0065787
19630818,6.0955
19630819,0.074754
19630820,0.0011753
19630821,7.7099e-07
19630822,0.0022221
19630823,0
19630824,0.0010008
19630825,2.7966
19630826,0.25039
19630827,0.16007
19630828,2.2942
19630829,4.2342
19630830,1.1008
19630831,0.0052165
19630901,0.75372
19630902,2.0125
19630903,0.015704
19630904,0.0010136
19630905,0
19630906,0.00016832
19630907,0
19630908,0.59367
19630909,4.4215
19630910,0.80389
19630911,0
19630912,0.0075158
19630913,5.7641
19630914,9.2341
19630915,43.432
19630916,0.016568
19630917,0.25534
19630918,0.0023787
19630919,0.0023035
19630920,0.20775
19630921,0
19630922,0
19630923,0
19630924,0.0030789
19630925,0.00021636
19630926,0.84235
19630927,0
19630928,2.0231
19630929,2.415
19630930,0
19631001,0.16341
19631002,0.00059272
19631003,0
19631004,0.91162
19631005,0.41588
19631006,11.735
19631007,30.739
19631008,6.4864
19631009,3.2597
19631010,36.028
19631011,6.4223
19631012,15.009
19631013,3.5059
19631014,0.22696
19631015,0.36149
19631016,0.17628
19631017,0.11351
19631018,0
19631019,0.0032871
19631020,1.4609
19631021,2.3753
19631022,1.4459
19631023,8.4306
19631024,11.647
19631025,14.486
19631026,5.1862
19631027,0.0061425
19631028,0
19631029,26.535
19631030,18.568
19631031,0
19631101,0.029793
19631102,1.9447
19631103,4.2396
19631104,4.4082
19631105,4.3792
19631106,1.3448e-05
19631107,0.12006
19631108,0.0043194
19631109,0.10022
19631110,0
19631111,2.5338e-05
19631112,0.15313
19631113,0.080351
19631114,0
19631115,0.0019147
19631116,2.8767
19631117,0.97268
19631118,0.0019715
19631119,0.0027077
19631120,0.011709
19631121,0.0699
19631122,7.3518
19631123,0.0038022
19631124,0
19631125,0.00023362
19631126,3.6959e-08
19631127,0.77173
19631128,8.923
19631129,0.10945
19631130,0.025257
19631201,2.9214
19631202,1.1355
19631203,0.77193
19631204,29.596
19631205,39.178
19631206,32.531
19631207,0.0031676
19631208,7.246
19631209,1.0555
19631210,1.4263e-11
19631211,0
19631212,0.062293
19631213,0
19631214,0.29695
19631215,0.012332
19631216,7.9848
19631217,0.70834
19631218,0.15247
19631219,0.00086677
19631220,4.4427
19631221,9.0474e-05
19631222,0.0019997
19631223,0.022453
19631224,0
19631225,0.92709
19631226,0.18194
19631227,0.4319
19631228,28.656
19631229,3.0066
19631230,0.00097778
19631231,0
19640101,0.29346
19640102,0
19640103,0.3833
19640104,3.3087
19640105,0.32008
19640106,0.026154
19640107,0.035862
19640108,0.01172
19640109,0
19640110,4.1162e-05
19640111,0.00046538
19640112,7.7263e-05
19640113,0.061482
19640114,0.00056207
19640115,0.15645
19640116,0.00029293
19640117,0.0015593
19640118,0
19640119,0
19640120,0.0066856
19640121,0
19640122,0.0015628
19640123,0
19640124,0.0016432
19640125,0.0016753
19640126,0.37728
19640127,1.3397
19640128,0.30492
19640129,0.022722
19640130,0.74164
19640131,0
19640201,0
19640202,0
19640203,0.067937
19640204,0.59034
19640205,0.00042351
19640206,0
19640207,0.00045765
19640208,6.2748e-05
19640209,0.3691
19640210,0
19640211,0
19640212,0.00084025
19640213,0.0015201
19640214,0
19640215,0.069979
19640216,0.00024043
19640217,1.6251
19640218,3.9075
19640219,7.7065
19640220,2.1247
19640221,0.133
19640222,0.86757
19640223,0.065037
19640224,0.064662
19640225,0.01179
19640226,0.0034151
19640227,0
19640228,0.00086648
19640229,0
19640301,0
19640302,2.5114
19640303,14.011
19640304,0
19640305,4.5087
19640306,0.3858
19640307,0
19640308,0.018718
19640309,0
19640310,2.822
19640311,0.018605
19640312,0.000412
19640313,0.00065661
19640314,1.1126
19640315,20.856
19640316,5.901
19640317,0.090823
19640318,9.4057
19640319,1.5578
19640320,0.61979
19640321,36.66
19640322,13.323
19640323,0.5499
19640324,0.04409
19640325,0
19640326,0.0056145
19640327,0.02278
19640328,0.72776
19640329,0.0070844
19640330,0.023628
19640331,0.054868
19640401,0.92719
19640402,4.6844
19640403,16.78
19640404,1.1367
19640405,0.00021312
19640406,0.10484
19640407,0.00089258
19640408,0.00040805
19640409,1.3235
19640410,6.8164
19640411,5.8469
19640412,16.683
19640413,0.0028549
19640414,0.36745
19640415,2.1048
19640416,4.1693
19640417,4.6778
19640418,0.003048
19640419,7.3718
19640420,4.4787
19640421,3.184
19640422,0
19640423,3.1917
19640424,6.7637
19640425,0.0062595
19640426,0
19640427,0.28761
19640428,2.51
19640429,1.7098
19640430,0.86778
19640501,0.097897
19640502,3.3926
19640503,0.5587
19640504,2.9027
19640505,1.691
19640506,0.88832
19640507,0
19640508,0.00083367
19640509,0.0017555
19640510,0
19640511,0.0019777
19640512,0.0012858
19640513,0.014106
19640514,0.43217
19640515,3.6881
19640516,34.993
19640517,22.844
19640518,0.0099561
19640519,0.0020179
19640520,0
19640521,0
19640522,0
19640523,0
19640524,0.0042966
19640525,0.001454
19640526,0
19640527,0.0042652
19640528,0.002279
19640529,0.0014405
19640530,0.10568
19640531,0.0080029
19640601,0.0006696
19640602,8.5715e-05
19640603,6.0632
19640604,0.21688
19640605,2.1589
19640606,13.337
19640607,0.77065
19640608,1.0874
19640609,2.0441
19640610,6.7687
19640611,3.0539
19640612,1.0287
19640613,4.9065
19640614,14.335
19640615,8.9497
19640616,3.5215
19640617,0
19640618,6.7785
19640619,5.5521
19640620,6.6507
19640621,0
19640622,0
19640623,0.013445
19640624,0.0014008
19640625,0.0044425
19640626,0.026148
19640627,0.013653
19640628,0.010468
19640629,0.0031571
19640630,0.22607
19640701,0.0012107
19640702,0.00074195
19640703,0.073378
19640704,0.25081
19640705,7.5491
19640706,0.26233
19640707,3.226
19640708,3.8766
19640709,0.94997
19640710,0.0010133
19640711,0.010748
19640712,3.1349
19640713,5.5732
19640714,59.779
19640715,10.84
19640716,9.2323
19640717,8.618
19640718,4.9369
19640719,3.7868
19640720,1.0268
19640721,0.014607
19640722,0.84304
19640723,3.1124
19640724,0.64504
19640725,0.77367
19640726,4.5517
19640727,4.8157
19640728,0.51309
19640729,0
19640730,0.011616
19640731,0
19640801,0.17744
19640802,0
19640803,0.46974
19640804,0.76831
19640805,1.0969
19640806,0.0041381
19640807,0.0069767
19640808,0
19640809,0.5144
19640810,0.12398
19640811,7.0735
19640812,0.78581
19640813,0.0004011
19640814,0.1703
19640815,4.901
19640816,5.7103e-05
19640817,2.6229e-06
19640818,4.5696
19640819,5.4939
19640820,0
19640821,0
19640822,0.0047511
19640823,0
19640824,0.010274
19640825,0.00072182
19640826,0.5021
19640827,5.0088
19640828,0
19640829,0.0049324
19640830,0
19640831,0
19640901,0
19640902,0.0012785
19640903,0.00099979
19640904,0.023135
19640905,71.031
19640906,0.014783
19640907,0
19640908,0.0064261
19640909,0
19640910,0.0013501
19640911,0
19640912,0.0018176
19640913,0.14429
19640914,0
19640915,6.0582
19640916,4.2054
19640917,8.6705
19640918,5.7779
19640919,7.3797
19640920,3.0257
19640921,0.038009
19640922,0.0013835
19640923,0.80368
19640924,0.70376
19640925,4.0218
19640926,4.5568
19640927,0.0029246
19640928,0.4253
19640929,1.0125
19640930,5.8319
19641001,0.0027519
19641002,0.043281
19641003,0
19641004,0.0035606
19641005,0.011338
19641006,2.4478
19641007,35.314
19641008,89.296
19641009,31.636
19641010,10.643
19641011,54.436
19641012,1.6815
19641013,0.5101
19641014,3.6877
19641015,1.598
19641016,9.9025
19641017,5.0818
19641018,3.0984
19641019,1.2762
19641020,2.9757
19641021,0.19631
19641022,2.1133
19641023,11.462
19641024,16.516
19641025,0.0033374
19641026,0.12128
19641027,0.016503
19641028,0.0064731
19641029,0.31986
19641030,0.00026098
19641031,0.13753
19641101,1.8619
19641102,3.1106
19641103,1.4956
19641104,2.0024
19641105,4.308
19641106,0.43655
19641107,9.2816
19641108,0
19641109,0
19641110,2.939
19641111,1.2499
19641112,0.16372
19641113,0.072662
19641114,0
19641115,0.00011524
19641116,0.00037592
19641117,0
19641118,0.11072
19641119,0.011113
19641120,0.078279
19641121,0
19641122,0
19641123,2.5727
19641124,6.3464
19641125,0.10209
19641126,0.008661
19641127,0
19641128,0.0023338
19641129,0
19641130,9.299e-05
19641201,0
19641202,26.152
19641203,0.69167
19641204,13.354
19641205,28.022
19641206,0
19641207,0.0001404
19641208,0.0011725
19641209,0.00155
19641210,1.7943e-05
19641211,0.00037663
19641212,0.31383
19641213,1.4708
19641214,11.64
19641215,24.927
19641216,40.634
19641217,24.874
19641218,56.048
19641219,2.4813
19641220,0.99624
19641221,0.20721
19641222,2.4291
19641223,0.04363
19641224,5.3867
19641225,0.16375
19641226,0
19641227,0.001743
19641228,0.077362
19641229,0.10502
19641230,0.00063356
19641231,0.00011087
19650101,0
19650102,4.3843
19650103,7.337
19650104,12.207
19650105,0.064665
19650106,27.689
19650107,0.071083
19650108,0.00053206
19650109,0
19650110,0.00077188
19650111,0.00116
19650112,0
19650113,0.00061488
19650114,0.0023811
19650115,0
19650116,0
19650117,0
19650118,0
19650119,0.004367
19650120,0
19650121,0.00032103
19650122,0.001925
19650123,0
19650124,0.0062638
19650125,0
19650126,0
19650127,0
19650128,0.0088837
19650129,0
19650130,0.021712
19650131,0.0015273
19650201,0
19650202,0
19650203,0
19650204,0
19650205,0
19650206,0.0036521
19650207,0.0011873
19650208,0.00083156
19650209,0
19650210,2.1739e-05
19650211,0.041343
19650212,0.26672
19650213,1.2971
19650214,9.8643
19650215,13.591
19650216,22.82
19650217,5.8959
19650218,0.000573
19650219,0.00067029
19650220,0.00071151
19650221,0
19650222,1.7602
19650223,0.00042883
19650224,0.0033515
19650225,0
19650226,0
19650227,0
19650228,0.0022901
19650301,0
19650302,0
19650303,0
19650304,0
19650305,0
19650306,0
19650307,0.64383
19650308,0.8153
19650309,0
19650310,0.0024461
19650311,1.339
19650312,0.00064203
19650313,0.00013994
19650314,0
19650315,0.00021901
19650316,3.3641
19650317,15.748
19650318,5.5676
19650319,8.7482
19650320,16.642
19650321,31.212
19650322,1.6396
19650323,5.238
19650324,0.79234
19650325,1.1253
19650326,17.635
19650327,0.57135
19650328,2.3132
19650329,1.1021
19650330,0.003302
19650331,0.44062
19650401,0.77105
19650402,0.00056554
19650403,0
19650404,5.3453e-05
19650405,0.00039251
19650406,0.2565
19650407,0.0018818
19650408,4.1412
19650409,0.0036548
19650410,0.11535
19650411,0.64898
19650412,0.23233
19650413,4.6574e-05
19650414,0.07941
19650415,0.2534
19650416,4.4293
19650417,0.042465
19650418,0.4361
19650419,29.328
19650420,31.24
19650421,1.0855
19650422,0.0032834
19650423,0.04275
19650424,4.8855
19650425,5.2163
19650426,5.0523
19650427,4.9076
19650428,7.3752
19650429,5.2966
19650430,3.7698
19650501,2.2207
19650502,1.1933
19650503,0
19650504,0.003661
19650505,0.14509
19650506,0.14457
19650507,0.35847
19650508,2.5044
19650509,0.079941
19650510,0.0016725
19650511,1.2435
19650512,1.1786
19650513,3.6852
19650514,0.010381
19650515,0
19650516,0
19650517,0.11804
19650518,9.0903
19650519,1.7822
19650520,2.6948
19650521,0.6337
19650522,0.56678
19650523,2.4999
19650524,1.1097
19650525,0.64337
19650526,3.2259
19650527,1.6637
19650528,1.0771
19650529,0.41437
19650530,0
19650531,0.0094203
19650601,0.47377
19650602,2.9911
19650603,0.3106
19650604,5.5761
19650605,8.975
19650606,7.3303
19650607,7.9658
19650608,10.282
19650609,1.2416
19650610,13.649
19650611,10.802
19650612,3.4215
19650613,1.0195
19650614,0.0022398
19650615,0.11719
19650616,21.872
19650617,9.8889
19650618,9.5401
19650619,4.5428
19650620,1.0768
19650621,0.17422
19650622,1.5566
19650623,2.683
19650624,1.9476
19650625,3.9872
19650626,2.8916
19650627,0.021173
19650628,1.5535
19650629,0.0055233
19650630,0.95765
19650701,0
19650702,0.0021464
19650703,2.412
19650704,0.0023776
19650705,1.0826
19650706,6.9103
19650707,9.5168
19650708,0.41132
19650709,0.0040775
19650710,0.60241
19650711,4.8397
19650712,6.327
19650713,0.0011789
19650714,0
19650715,0.0014711
19650716,0.0024243
19650717,1.7511
19650718,4.3785
19650719,3.3905
19650720,6.5884
19650721,2.1164
19650722,0.00042774
19650723,0.0026329
19650724,0
19650725,0.00273
19650726,0.68982
19650727,2.6998
19650728,0
19650729,2.0617
19650730,0.051417
19650731,0.0053521
19650801,0.23612
19650802,0.0030512
19650803,2.0195
19650804,39.52
19650805,0.090729
19650806,2.7307
19650807,4.4348
19650808,0.0054952
19650809,0.45809
19650810,0.088959
19650811,1.0825
19650812,2.0872
19650813,0.013403
19650814,0.82895
19650815,0.0053931
19650816,3.5626
19650817,2.9817
19650818,6.0116
19650819,0.00081996
19650820,0.00076025
19650821,1.0022
19650822,0.0010401
19650823,0
19650824,0.010556
19650825,0.0050125
19650826,0
19650827,20.783
19650828,2.6817
19650829,3.7995
19650830,0.02206
19650831,0.30781
19650901,1.8313
19650902,0
19650903,7.3015
19650904,5.4154
19650905,5.5863
19650906,17.21
19650907,0.0013714
19650908,0
19650909,0.78947
19650910,6.0777
19650911,0
19650912,9.2193
19650913,12.947
19650914,4.5431
19650915,0
19650916,6.3481
19650917,5.0965
19650918,0.26461
19650919,0
19650920,12.874
19650921,0.68497
19650922,0.0043912
19650923,4.5615
19650924,10.821
19650925,22.974
19650926,27.037
19650927,51.309
19650928,8.5595
19650929,28.614
19650930,8.4542
19651001,2.7038
19651002,1.6964
19651003,0.029347
19651004,1.4167
19651005,2.753
19651006,0.20091
19651007,0.00068054
19651008,0
19651009,0
19651010,0.0012637
19651011,0.0018949
19651012,0.0023247
19651013,0.22362
19651014,0.0010678
19651015,0
19651016,0
19651017,0.0026554
19651018,0
19651019,3.4629
19651020,11.198
19651021,2.1814
19651022,0.57372
19651023,0.011938
19651024,0
19651025,0.0012876
19651026,0.00046984
19651027,0.0036449
19651028,0
19651029,0
19651030,0.026695
19651031,1.1089
19651101,2.2732
19651102,1.8875
19651103,21.439
19651104,87.807
19651105,15.09
19651106,1.1013
19651107,0.40508
19651108,0.0016653
19651109,0.002848
19651110,0.00057372
19651111,0
19651112,0.097555
19651113,2.3574
19651114,0.49434
19651115,0.00078655
19651116,0.04035
19651117,5.5798
19651118,0
19651119,0
19651120,0.0015911
19651121,0
19651122,0.0022216
19651123,0
19651124,0.0024224
19651125,0.0019537
19651126,0
19651127,38.607
19651128,31.585
19651129,2.1811
19651130,0
19651201,0.024207
19651202,0.00016375
19651203,0.28626
19651204,39.802
19651205,11.657
19651206,0.019419
19651207,0
19651208,0.075215
19651209,0.46217
19651210,0.020362
19651211,1.4298
19651212,0.013371
19651213,0.00078653
19651214,0.0012763
19651215,0.018847
19651216,0.017086
19651217,0.0028711
19651218,0.075079
19651219,0.0008905
19651220,0.0050672
19651221,0.033329
19651222,0
19651223,0.23432
19651224,0
19651225,0.00052252
19651226,0.010056
19651227,0.015374
19651228,0
19651229,0.018582
19651230,0.04667
19651231,0.0048179
19660101,0.0067231
19660102,1.9239
19660103,0.25823
19660104,0.038046
19660105,0.00026801
19660106,0.029153
19660107,0.00011848
19660108,5.748e-11
19660109,2.0905e-11
19660110,0
19660111,0
19660112,2.3926e-07
19660113,1.815e-07
19660114,5.223e-05
19660115,0.00044013
19660116,0
19660117,9.3935e-08
19660118,0
19660119,0.0014124
19660120,0
19660121,0.0014927
19660122,0.0015598
19660123,0.00095427
19660124,2.5483
19660125,3.8636
19660126,7.9621
19660127,76.888
19660128,4.5338
19660129,2.1668
19660130,0.00021835
19660131,0.0049647
19660201,0.054144
19660202,8.2477e-05
19660203,0
19660204,0.0005182
19660205,0.00025774
19660206,0.39813
19660207,0.014435
19660208,0.047129
19660209,0.12182
19660210,0.40078
19660211,0.12037
19660212,0.03234
19660213,0.80585
19660214,1.595
19660215,0
19660216,0.025081
19660217,0.00011772
19660218,0.40222
19660219,2.7323
19660220,0.0034381
19660221,0.26353
19660222,2.1332
19660223,0.0028909
19660224,0.067007
19660225,3.9939
19660226,0.063497
19660227,1.482
19660228,0.00090708
19660301,2.1278
19660302,1.2941
19660303,4.6721e-05
19660304,0
19660305,0.011256
19660306,9.1484e-05
19660307,0
19660308,0.0017513
19660309,0.022365
19660310,0.0041828
19660311,36.491
19660312,0.24232
19660313,0
19660314,0.0022484
19660315,0.07977
19660316,0.089908
19660317,0.042686
19660318,0.60917
19660319,0.071889
19660320,1.1093
19660321,3.1031
19660322,0.00419
19660323,0.0045139
19660324,0.49744
19660325,4.3384
19660326,0.77062
19660327,0.051361
19660328,30.837
19660329,0
19660330,0.52191
19660331,0.78611
19660401,0.67778
19660402,5.2714
19660403,1.0672
19660404,2.6775
19660405,0.72674
19660406,0.21481
19660407,1.8437
19660408,0.12326
19660409,1.2258
19660410,3.8985
19660411,3.538
19660412,1.0714
19660413,5.3664
19660414,1.3843
19660415,0.0056966
19660416,0.10022
19660417,1.8616
19660418,0
19660419,0.9568
19660420,5.0964
19660421,0.97021
19660422,0.59502
19660423,3.5779
19660424,0.6316
19660425,0.20538
19660426,7.1278e-05
19660427,1.153
19660428,0.052094
19660429,1.4841
19660430,0
19660501,0
19660502,0
19660503,3.8961
19660504,14.892
19660505,3.2091
19660506,0.011703
19660507,0.49936
19660508,2.7897
19660509,4.6195
19660510,7.0704
19660511,1.678
19660512,1.7771
19660513,8.7606
19660514,11.212
19660515,7.258
19660516,43.967
19660517,30.547
19660518,9.0522
19660519,0.29934
19660520,5.2414
19660521,4.4641
19660522,2.7668
19660523,1.3052
19660524,6.3706
19660525,7.2513
19660526,0
19660527,0
19660528,1.5372
19660529,11.061
19660530,10.263
19660531,5.5236
19660601,10.63
19660602,7.5607
19660603,3.2289
19660604,1.9004
19660605,3.5248
19660606,9.9771
19660607,15.688
19660608,3.8742
19660609,7.4904
19660610,4.586
19660611,0.52648
19660612,0.0067329
19660613,0.0094996
19660614,0
19660615,0
19660616,1.4833
19660617,0.01007
19660618,4.2651
19660619,0
19660620,2.1409
19660621,3.3591
19660622,0.11755
19660623,0.011685
19660624,2.6732
19660625,12.652
19660626,4.4368
19660627,0.15659
19660628,6.8004
19660629,0.053215
19660630,0.87392
19660701,0.00018524
19660702,5.3158
19660703,8.5977
19660704,4.6151
19660705,0.50927
19660706,0.00022429
19660707,4.6966
19660708,0.033643
19660709,0.13792
19660710,1.5569
19660711,0.22427
19660712,0.80618
19660713,0
19660714,2.208
19660715,5.926
19660716,9.5667
19660717,0.050405
19660718,0.0003858
19660719,0.0056718
19660720,0.058648
19660721,0.0043882
19660722,0
19660723,0.0028376
19660724,0.11232
19660725,0.089854
19660726,0.72734
19660727,1.8083
19660728,4.7117
19660729,4.7935
19660730,36.795
19660731,1.1574
19660801,0.0048898
19660802,0.00033216
19660803,0
19660804,0.10093
19660805,0.037097
19660806,0.0013591
19660807,1.246
19660808,6.4097
19660809,0
19660810,0.65447
19660811,6.5604
19660812,0
19660813,0
19660814,2.3505
19660815,1.4229
19660816,1.0189
19660817,0.0011316
19660818,0.0019594
19660819,0.052009
19660820,3.7802
19660821,0.96167
19660822,1.805e-05
19660823,0.00082219
19660824,4.391
19660825,21.668
19660826,26.269
19660827,0.0079212
19660828,0.80393
19660829,0.046339
19660830,0.0033383
19660831,1.1131
19660901,3.6424
19660902,10.523
19660903,18.512
19660904,1.5234
19660905,0.55358
19660906,0
19660907,0
19660908,0.042189
19660909,0
19660910,0.019554
19660911,0.0029458
19660912,2.5224e-05
19660913,0
19660914,0.021654
19660915,7.648
19660916,0.14837
19660917,2.0625
19660918,0
19660919,0.0011226
19660920,0.14142
19660921,2.4483
19660922,9.8995
19660923,7.9809
19660924,1.6009
19660925,3.8809e-06
19660926,0
19660927,26.197
19660928,97.644
19660929,19.665
19660930,7.7469
19661001,0.0094475
19661002,3.1777
19661003,0.71144
19661004,0.60322
19661005,0.24764
19661006,0
19661007,0.0011053
19661008,0
19661009,14.095
19661010,9.2262
19661011,28.378
19661012,2.7521
19661013,0.25425
19661014,4.7022
19661015,42.013
19661016,0.056031
19661017,3.6669
19661018,0.59239
19661019,12.05
19661020,1.6406
19661021,0.0016888
19661022,2.0855
19661023,0.0043625
19661024,0.0010026
19661025,0.74825
19661026,5.9202
19661027,13.326
19661028,7.1266
19661029,0.78422
19661030,0.03375
19661031,0.11947
19661101,1.02
19661102,0.00030255
19661103,0.37679
19661104,0.12562
19661105,0.14081
19661106,0.20803
19661107,0.97598
19661108,0.14352
19661109,18.67
19661110,22.793
19661111,0.083684
19661112,0.010132
19661113,0.026803
19661114,0.0016264
19661115,2.6183e-05
19661116,0
19661117,0
19661118,0.60509
19661119,0.10163
19661120,0.45414
19661121,0.22056
19661122,0.002588
19661123,0
19661124,0.23938
19661125,0.022482
19661126,4.029e-07
19661127,0
19661128,0.001971
19661129,0.00042592
19661130,0
19661201,0.0062823
19661202,0.039466
19661203,0.00078061
19661204,0.00035269
19661205,0.00054801
19661206,0.03432
19661207,1.1836
19661208,2.2342
19661209,0.87637
19661210,0.064886
19661211,2.7706
19661212,0
19661213,0.0014568
19661214,0.16627
19661215,0.0064077
19661216,0.016573
19661217,0.053738
19661218,0.12387
19661219,0.1762
19661220,0
19661221,0
19661222,0
19661223,0
19661224,0.0031139
19661225,0
19661226,0.0038932
19661227,0
19661228,0.00021264
19661229,0.075927
19661230,0.61395
19661231,0.0014756
19670101,0
19670102,0.065766
19670103,0.03699
19670104,0.0010998
19670105,4.3595
19670106,16.221
19670107,32.287
19670108,19.526
19670109,2.585
19670110,20.153
19670111,16.547
19670112,19.238
19670113,2.3726
19670114,6.7405
19670115,3.695
19670116,0
19670117,0.0050727
19670118,0.0096379
19670119,0.00071485
19670120,0.0045941
19670121,0
19670122,2.0972e-08
19670123,0.00024661
19670124,7.8832e-11
19670125,0.0022511
19670126,0.5227
19670127,0.00028655
19670128,0
19670129,0.062552
19670130,0.35006
19670131,0
19670201,0.033373
19670202,0.43559
19670203,0.75678
19670204,0
19670205,0.44789
19670206,0.13806
19670207,0.001247
19670208,0.012096
19670209,0.0010499
19670210,0.066216
19670211,0.00046259
19670212,0.034868
19670213,0.0036139
19670214,3.0028
19670215,1.5454
19670216,0
19670217,0.087403
19670218,0.47406
19670219,0.69594
19670220,0.052588
19670221,0.16974
19670222,2.1434
19670223,0.18157
19670224,0.0025804
19670225,0.19364
19670226,0
19670227,0.052398
19670228,1.5005e-05
19670301,0.066684
19670302,0.17298
19670303,0.98625
19670304,11.883
19670305,3.6857
19670306,0
19670307,9.2915e-06
19670308,0.38965
19670309,0.067857
19670310,1.2553
19670311,0.28941
19670312,0.137
19670313,0.30609
19670314,2.4157
19670315,0.56293
19670316,0.17349
19670317,0.011095
19670318,9.0528
19670319,0
19670320,0.00031115
19670321,0.35893
19670322,2.2671
19670323,0.74486
19670324,0
19670325,0.055034
19670326,1.3969
19670327,3.7671
19670328,0
19670329,12.354
19670330,2.9164
19670331,0.029547
19670401,0.52287
19670402,0
19670403,1.2467
19670404,5.8483
19670405,19.94
19670406,2.526
19670407,0
19670408,0
19670409,0.0012106
19670410,0
19670411,4.5134e-07
19670412,0.00074289
19670413,1.5767e-06
19670414,6.2768e-06
19670415,0.0002471
19670416,3.0761
19670417,0.90936
19670418,39.555
19670419,14.978
19670420,1.2021
19670421,5.9502
19670422,2.8862
19670423,4.3801
19670424,0.17688
19670425,2.1708
19670426,0
19670427,0.20316
19670428,0.43878
19670429,0.0019366
19670430,9.3054
19670501,19.185
19670502,7.9726
19670503,1.6638
19670504,0.32381
19670505,0.34406
19670506,0.0035302
19670507,0
19670508,0
19670509,0
19670510,0.80989
19670511,0.18942
19670512,0
19670513,0.0014721
19670514,1.3009
19670515,0.005076
19670516,1.6546
19670517,2.0272
19670518,1.3327
19670519,8.7355
19670520,0.45465
19670521,5.0255e-06
19670522,0.0014747
19670523,1.8732
19670524,3.3264
19670525,2.9537
19670526,0
19670527,0.0031537
19670528,0.0018615
19670529,0.4198
19670530,0
19670531,0.0034356
19670601,17.85
19670602,0.34159
19670603,11.995
19670604,39.375
19670605,1.2059
19670606,1.3859
19670607,7.5938
19670608,2.6605
19670609,1.1367
19670610,16.273
19670611,0.18279
19670612,0
19670613,1.7302
19670614,3.4581
19670615,3.5103
19670616,4.5205
19670617,0.68701
19670618,1.0553
19670619,0
19670620,3.0936
19670621,0.74698
19670622,1.6044
19670623,0.15345
19670624,1.6975
19670625,4.6941
19670626,0.44783
19670627,18.344
19670628,6.0723
19670629,10.13
19670630,19.4
19670701,3.1441
19670702,3.7483
19670703,0.54969
19670704,2.3559
19670705,5.2285
19670706,1.7142
19670707,3.3844
19670708,0.75474
19670709,8.2832
19670710,12.944
19670711,5.005
19670712,0
19670713,0
19670714,0.15348
19670715,0
19670716,0.0036282
19670717,0.013025
19670718,0
19670719,0.022253
19670720,0
19670721,0.58308
19670722,6.2407
19670723,5.9027
19670724,4.7517
19670725,7.2452
19670726,5.7574
19670727,5.0708
19670728,1.3996
19670729,0
19670730,1.4441
19670731,0.0042466
19670801,2.127
19670802,0.01175
19670803,0
19670804,0.0007696
19670805,0.0031868
19670806,0.0029929
19670807,0
19670808,0.021481
19670809,0.064984
19670810,2.713
19670811,1.5339
19670812,0.00030469
19670813,0
19670814,0.30004
19670815,0.029181
19670816,0.00014468
19670817,0.0033642
19670818,0
19670819,3.0159
19670820,0.8521
19670821,0
19670822,0.0028261
19670823,3.4989
19670824,13.887
19670825,4.2387
19670826,17.5
19670827,5.4463
19670828,0.0025944
19670829,14.471
19670830,0.016369
19670831,0.057477
19670901,0.032937
19670902,0
19670903,2.0163
19670904,3.599
19670905,2.9823
19670906,6.052
19670907,4.3376
19670908,13.889
19670909,4.8854
19670910,7.5927
19670911,2.2519
19670912,2.1348
19670913,0.085484
19670914,0.0010972
19670915,0
19670916,9.0428
19670917,1.819
19670918,0
19670919,0
19670920,0
19670921,0.57074
19670922,7.5567
19670923,0.11712
19670924,0
19670925,0
19670926,0.00073734
19670927,0
19670928,0.0038828
19670929,1.3107
19670930,3.0435
19671001,7.6631
19671002,3.6964
19671003,0.069351
19671004,2.3744
19671005,0.37124
19671006,0.0010014
19671007,5.0207e-05
19671008,0
19671009,10.466
19671010,21.951
19671011,18.427
19671012,0
19671013,8.0503
19671014,42.093
19671015,4.931
19671016,3.7396
19671017,6.863
19671018,0.058149
19671019,24.243
19671020,8.3826
19671021,1.0461
19671022,0.0095729
19671023,6.4459
19671024,0
19671025,6.5446e-06
19671026,7.8398
19671027,30.811
19671028,0.0032548
19671029,0.14997
19671030,0.46758
19671031,0
19671101,0
19671102,0.30196
19671103,0
19671104,0.00095619
19671105,0
19671106,4.9336
19671107,25.455
19671108,20.215
19671109,0.00024837
19671110,0
19671111,0
19671112,9.8447e-05
19671113,8.755e-05
19671114,0.00037191
19671115,0.0015525
19671116,1.5289
19671117,14.818
19671118,10.158
19671119,1.151
19671120,11.145
19671121,0
19671122,0.056636
19671123,0.042635
19671124,0.018286
19671125,1.2194
19671126,0.6724
19671127,2.3187
19671128,0.12839
19671129,1.0604
19671130,0
19671201,0
19671202,0.0010024
19671203,0
19671204,0
19671205,0.004578
19671206,0.0048123
19671207,0
19671208,0.00021405
19671209,0.13292
19671210,1.1
19671211,0.58136
19671212,0
19671213,2.0106
19671214,8.4892
19671215,20.979
19671216,3.49
19671217,5.1408
19671218,4.1644
19671219,3.5667
19671220,4.6334
19671221,0.64686
19671222,0
19671223,0.0024935
19671224,0
19671225,0
19671226,0.00019633
19671227,0.016838
19671228,0.34576
19671229,0.65959
19671230,0.0062439
19671231,0
19680101,0
19680102,0
19680103,0
19680104,0
19680105,0
19680106,0
19680107,0
19680108,0.0015392
19680109,0.00035208
19680110,0.00025413
19680111,9.4195e-05
19680112,0
19680113,0.0078031
19680114,0.64216
19680115,5.3356
19680116,10.754
19680117,0.0091311
19680118,0.0011534
19680119,0
19680120,0.090379
19680121,0.15377
19680122,0.42109
19680123,0.93938
19680124,2.0835
19680125,5.1357
19680126,2.3626
19680127,1.1886
19680128,1.1384
19680129,0.0062461
19680130,0
19680131,0.00030126
19680201,0
19680202,0
19680203,0.001324
19680204,0.1594
19680205,0
19680206,0.084582
19680207,0
19680208,0.061396
19680209,1.1962
19680210,0.0072127
19680211,0.19051
19680212,0.00037257
19680213,0.0021713
19680214,0
19680215,1.122
19680216,0.49437
19680217,0.56011
19680218,0.25581
19680219,0.11932
19680220,0.47392
19680221,0.37769
19680222,0.004371
19680223,0.00099326
19680224,0.0016402
19680225,0
19680226,0.042558
19680227,0
19680228,0
19680229,0
19680301,0.15064
19680302,0.52296
19680303,0.00090623
19680304,0.10021
19680305,7.7954
19680306,0.453
19680307,0.018295
19680308,0.083983
19680309,13.154
19680310,1.7783
19680311,0.0011068
19680312,3.0915
19680313,0.17689
19680314,0.0020445
19680315,0
19680316,2.7806
19680317,7.6296
19680318,63.322
19680319,0.039984
19680320,0.011479
19680321,1.5936
19680322,0.027109
19680323,0.5282
19680324,0.31331
19680325,1.709
19680326,0.025128
19680327,0.31572
19680328,0.52738
19680329,0.80523
19680330,1.5554
19680331,0
19680401,1.3419
19680402,0.00018737
19680403,4.6655
19680404,0.53726
19680405,0.56964
19680406,0.0015476
19680407,4.2976
19680408,10.129
19680409,2.5143
19680410,1.6921
19680411,0
19680412,0.0022334
19680413,2.5587
19680414,5.0755
19680415,0.0018331
19680416,0.00031366
19680417,0.028343
19680418,0.044704
19680419,0
19680420,4.5489
19680421,1.7406
19680422,0.11116
19680423,1.0165
19680424,1.0525
19680425,9.1157
19680426,5.9224
19680427,16.573
19680428,1.6984
19680429,0.0037702
19680430,8.2878
19680501,0
19680502,0.88908
19680503,0.1022
19680504,1.9029
19680505,0.21536
19680506,0.0019077
19680507,1.9082
19680508,0.93126
19680509,0.28135
19680510,0.00066432
19680511,0.88547
19680512,0.96283
19680513,0.98474
19680514,5.1632
19680515,0.33648
19680516,0.1593
19680517,1.8941
19680518,0.011847
19680519,0.27877
19680520,0.23182
19680521,1.3208
19680522,1.2333
19680523,0.026354
19680524,1.9214
19680525,0.025744
19680526,0.6101
19680527,0.046026
19680528,0.0098561
19680529,0
19680530,4.3825
19680531,7.3378e-05
19680601,0.55469
19680602,0.34975
19680603,3.466
19680604,11.499
19680605,15.657
19680606,7.5116
19680607,57.215
19680608,37.277
19680609,5.0812
19680610,6.863
19680611,9.8723
19680612,7.1618
19680613,5.8605
19680614,4.3446
19680615,1.2688
19680616,0
19680617,0.61105
19680618,0
19680619,1.3595
19680620,18.182
19680621,2.7086
19680622,8.9678
19680623,7.8468
19680624,0.055392
19680625,0
19680626,3.4713
19680627,1.7421
19680628,0.45607
19680629,0.42309
19680630,1.1679
19680701,0.84324
19680702,2.2738
19680703,0.95277
19680704,4.6919
19680705,2.908
19680706,0.20292
19680707,0.37674
19680708,2.9528
19680709,0.71973
19680710,0.00060645
19680711,0.00074541
19680712,5.4307
19680713,0.040936
19680714,12.384
19680715,7.1801
19680716,0
19680717,1.7239
19680718,2.9251
19680719,1.194
19680720,0.10025
19680721,1.365
19680722,2.9273
19680723,3.4276
19680724,10.356
19680725,9.4762
19680726,8.9506
19680727,0.042764
19680728,0.54607
19680729,1.0157
19680730,0.63978
19680731,1.7965
19680801,5.6951
19680802,1.6046
19680803,1.3607
19680804,0.0010114
19680805,0
19680806,0
19680807,0.00059602
19680808,6.5517
19680809,2.617
19680810,9.703
19680811,10.823
19680812,22.024
19680813,5.5415
19680814,0
19680815,0
19680816,0.0024548
19680817,0.00054058
19680818,0
19680819,0
19680820,0.0096365
19680821,8.2936
19680822,2.1131
19680823,6.1494
19680824,5.6997
19680825,0.044484
19680826,7.5203
19680827,9.1437
19680828,9.2927
19680829,12.447
19680830,12.236
19680831,2.1064
19680901,2.8558
19680902,1.781
19680903,0.3897
19680904,0.6763
19680905,0.00014386
19680906,0
19680907,0.00081943
19680908,0.00085765
19680909,0.0011217
19680910,1.4475
19680911,0.28537
19680912,0.002198
19680913,1.0853
19680914,0.030146
19680915,0.00085578
19680916,0.0013155
19680917,0
19680918,0.00048048
19680919,3.8807
19680920,6.0722
19680921,38.867
19680922,0.13791
19680923,0.6749
19680924,1.671
19680925,6.8978
19680926,0.023883
19680927,0.0042332
19680928,1.2663
19680929,0.00074114
19680930,0.00090815
19681001,0
19681002,0.00060916
19681003,0.53141
19681004,0.48228
19681005,0.0022423
19681006,0
19681007,0.053408
19681008,2.8463
19681009,10.558
19681010,1.3214
19681011,0.32569
19681012,0
19681013,0.00016812
19681014,0
19681015,0.0010998
19681016,9.2496e-05
19681017,0.0022459
19681018,1.0625e-08
19681019,0
19681020,0.0002974
19681021,0.014005
19681022,0.25775
19681023,0.087437
19681024,0.014067
19681025,0
19681026,0
19681027,0.0035293
19681028,0.0092671
19681029,0.014301
19681030,0.42398
19681031,3.6783
19681101,0.99981
19681102,0.44876
19681103,1.5508
19681104,0.19901
19681105,0.012869
19681106,0
19681107,0.05584
19681108,0.0019601
19681109,11.878
19681110,0.91677
19681111,1.6888
19681112,1.5497
19681113,0
19681114,3.1856
19681115,0
19681116,6.1012
19681117,4.5728
19681118,8.4933
19681119,0.00089458
19681120,0.0018593
19681121,0.32192
19681122,11.885
19681123,0.80844
19681124,0
19681125,0.005397
19681126,0.93635
19681127,0.03219
19681128,8.4312
19681129,15.014
19681130,8.3141
19681201,22.128
19681202,10.909
19681203,9.5183
19681204,0.062335
19681205,0.19657
19681206,0.9714
19681207,0.050062
19681208,0.089078
19681209,0.00063721
19681210,2.187
19681211,0.0058132
19681212,0.90259
19681213,0.011128
19681214,0.13615
19681215,0.22049
19681216,0.011786
19681217,0.19846
19681218,0.027086
19681219,0.03312
19681220,0.23276
19681221,1.6753
19681222,0.039429
19681223,0.010108
19681224,25.381
19681225,1.1211
19681226,0.0088223
19681227,0.0014047
19681228,0.0020368
19681229,0.0089168
19681230,0
19681231,0.027649
19690101,0
19690102,0
19690103,0
19690104,0
19690105,0.061796
19690106,0.0012182
19690107,0
19690108,0.0010155
19690109,0.22163
19690110,3.2355
19690111,3.6207
19690112,36.753
19690113,4.0887
19690114,0.0013011
19690115,0.17718
19690116,0.98574
19690117,0.00055475
19690118,0.00435
19690119,0.17131
19690120,0.024709
19690121,0
19690122,0.39262
19690123,0.0013861
19690124,0
19690125,0.0019196
19690126,0.057768
19690127,0.05506
19690128,0.00076583
19690129,0
19690130,0.0045626
19690131,0
19690201,8.6995
19690202,22.267
19690203,30.043
19690204,3.8699
19690205,0.9662
19690206,0.0013287
19690207,1.7136
19690208,0.0010659
19690209,0.046735
19690210,0
19690211,0.0030616
19690212,0
19690213,0.0015427
19690214,0
19690215,0
19690216,1.6987
19690217,6.3918
19690218,9.6368
19690219,0.82373
19690220,14.514
19690221,3.7311
19690222,3.7636
19690223,0.24106
19690224,0.001653
19690225,0.21695
19690226,0.015666
19690227,0.0534
19690228,0.000115
19690301,3.8688
19690302,0.063272
19690303,8.5904
19690304,9.8318
19690305,12.52
19690306,6.4517
19690307,2.0565
19690308,5.3355
19690309,1.1168
19690310,0.37754
19690311,4.3219e-06
19690312,0.46791
19690313,1.4145
19690314,6.2383
19690315,15.661
19690316,9.9089
19690317,0.76974
19690318,0.72647
19690319,18.209
19690320,11.073
19690321,0.24947
19690322,2.0768
19690323,4.2189
19690324,0.14208
19690325,0.39661
19690326,1.1501
19690327,0.80171
19690328,0.066068
19690329,0.055519
19690330,12.314
19690331,0.96489
19690401,1.4482
19690402,2.8066
19690403,0.035851
19690404,0.0006706
19690405,0
19690406,0.0013926
19690407,0.62791
19690408,4.9353
19690409,3.5988
19690410,3.3508
19690411,0.014072
19690412,0
19690413,0.0062567
19690414,0.53604
19690415,3.1559
19690416,0
19690417,0.01568
19690418,8.9443
19690419,0.18072
19690420,0
19690421,0
19690422,0.0036146
19690423,0.0022163
19690424,0
19690425,0
19690426,0.0043043
19690427,0
19690428,0.0022098
19690429,0.0013822
19690430,0
19690501,0.14478
19690502,0
19690503,0.59574
19690504,7.2285
19690505,0.83639
19690506,14.375
19690507,17.939
19690508,43.453
19690509,12.615
19690510,4.1202
19690511,0
19690512,0.95744
19690513,0.00099209
19690514,4.4907
19690515,2.6214
19690516,0.86751
19690517,0.0017009
19690518,1.5227
19690519,0.04634
19690520,0.26831
19690521,2.67
19690522,21.856
19690523,55.798
19690524,48.301
19690525,22.336
19690526,2.1558
19690527,1.3526
19690528,0.0029385
19690529,0.62672
19690530,0.027026
19690531,0
19690601,0.34523
19690602,0.059932
19690603,0.012393
19690604,1.9407
19690605,0.99606
19690606,1.1875
19690607,7.7844
19690608,6.3411
19690609,2.1632
19690610,0.055211
19690611,5.7639
19690612,6.6891
19690613,0
19690614,0.0029021
19690615,0
19690616,6.7336
19690617,0
19690618,0.26377
19690619,1.3562
19690620,0.63323
19690621,3.2718
19690622,11.44
19690623,1.3213
19690624,4.7372
19690625,3.7246
19690626,3.3048
19690627,3.74
19690628,2.9123
19690629,1.663
19690630,4.7803
19690701,5.7665
19690702,11.991
19690703,2.7847
19690704,0.78669
19690705,1.0288
19690706,0.014024
19690707,0.47552
19690708,1.658
19690709,0
19690710,1.0062
19690711,0.66402
19690712,4.2341
19690713,2.5419
19690714,2.023
19690715,0
19690716,2.9738
19690717,5.4931
19690718,5.2254
19690719,1.7247
19690720,0
19690721,2.6645
19690722,37.463
19690723,7.6446
19690724,0.043452
19690725,0.60517
19690726,0
19690727,0.00034667
19690728,3.7562
19690729,0.017722
19690730,1.1758
19690731,0.004651
19690801,0.79737
19690802,0
19690803,0.87155
19690804,2.8081
19690805,0.35509
19690806,0.012019
19690807,0.28826
19690808,0.0031045
19690809,0
19690810,0.00010364
19690811,1.6278
19690812,3.7084
19690813,2.5299
19690814,0.85334
19690815,0.69606
19690816,9.4259
19690817,12.276
19690818,17.161
19690819,1.06
19690820,0
19690821,0.0080957
19690822,0
19690823,3.5115
19690824,2.7507
19690825,0
19690826,0.0093872
19690827,0.0036329
19690828,0.13395
19690829,0.84056
19690830,0.0013866
19690831,0.00030111
19690901,0.27326
19690902,5.972
19690903,0.12228
19690904,0
19690905,0.006382
19690906,0.0010726
19690907,0.00033358
19690908,0.0015993
19690909,0.0010544
19690910,0.013915
19690911,0
19690912,0.0015868
19690913,0
19690914,0.00014076
19690915,0.00054366
19690916,0
19690917,1.3757
19690918,2.2152
19690919,3.7692
19690920,3.4486
19690921,5.7064
19690922,5.7553
19690923,2.7251
19690924,0.51911
19690925,0.0020906
19690926,0
19690927,0.019268
19690928,2.3211
19690929,0.11139
19690930,0.55821
19691001,0
19691002,0.71534
19691003,0.030083
19691004,1.2514
19691005,1.0155
19691006,1.5111
19691007,0.00044332
19691008,0.00031861
19691009,2.9204e-05
19691010,0.00011299
19691011,0
19691012,0.0014839
19691013,0
19691014,0.0018738
19691015,4.4941
19691016,1.2639
19691017,0.00021446
19691018,0.0029379
19691019,0.00026285
19691020,10.357
19691021,44.861
19691022,5.1064
19691023,0.0068281
19691024,13.889
19691025,43.376
19691026,0.00025417
19691027,0.0023549
19691028,4.0691
19691029,1.5895
19691030,8.9992
19691031,17.351
19691101,0.036621
19691102,0.91128
19691103,0
19691104,0.00043332
19691105,0.00045851
19691106,0
19691107,0.025229
19691108,0
19691109,1.981e-09
19691110,0
19691111,0.0027476
19691112,0.0048022
19691113,0.31734
19691114,6.5168
19691115,5.9507
19691116,0.00232
19691117,10.467
19691118,11.776
19691119,1.6346
19691120,1.1506
19691121,0.53187
19691122,0.36374
19691123,0.1701
19691124,0.0013207
19691125,0.0055787
19691126,0.21657
19691127,16.849
19691128,0.10633
19691129,0.20305
19691130,0.060494
19691201,0.059786
19691202,0.35929
19691203,0.081971
19691204,0.00063953
19691205,0.39759
19691206,0.18176
19691207,0
19691208,0.00049395
19691209,1.6071
19691210,1.2617
19691211,0.00090066
19691212,0
19691213,0
19691214,0.008774
19691215,0.0010825
19691216,0.00048836
19691217,0.0007075
19691218,0
19691219,0.0042038
19691220,0.019953
19691221,0.54067
19691222,0.53589
19691223,0
19691224,0.0070866
19691225,4.7759e-05
19691226,0.069206
19691227,0.09199
19691228,0.013214
19691229,0.0018859
19691230,0.0052347
19691231,0.070451
19700101,0.12414
19700102,0.014064
19700103,0.00010395
19700104,0
19700105,0.00028408
19700106,0
19700107,0
19700108,0.00064662
19700109,0
19700110,0.0073345
19700111,0.32565
19700112,0
19700113,0
19700114,0
19700115,0.024699
19700116,0.0016964
19700117,2.435
19700118,2.3122
19700119,1.6828
19700120,21.218
19700121,37.272
19700122,14.602
19700123,4.7287
19700124,27.238
19700125,0.0012364
19700126,0.0015602
19700127,0
19700128,0.552
19700129,0.086932
19700130,0.35305
19700131,0.061997
19700201,0.058613
19700202,0.20344
19700203,0.73071
19700204,2.9713
19700205,3.4936
19700206,5.4188
19700207,0.0016458
19700208,0.063293
19700209,0
19700210,0.00026247
19700211,0.00015113
19700212,0
19700213,0
19700214,0.0028914
19700215,0.20108
19700216,1.0373
19700217,0.0093976
19700218,0.12338
19700219,0
19700220,0.063582
19700221,0
19700222,0.022727
19700223,0.18302
19700224,0.017753
19700225,0.001137
19700226,0.00036023
19700227,0
19700228,0.00029972
19700301,0
19700302,0
19700303,0
19700304,0
19700305,0
19700306,0.0075015
19700307,1.1471
19700308,0.16592
19700309,4.3972
19700310,4.6807
19700311,0
19700312,0.10947
19700313,0.0071496
19700314,3.256
19700315,12.777
19700316,7.7517
19700317,0.10697
19700318,0.0088478
19700319,0.22868
19700320,4.5457
19700321,14.021
19700322,1.5067
19700323,0.47692
19700324,1.0087
19700325,2.348
19700326,4.1228
19700327,4.0711
19700328,17.559
19700329,6.4525
19700330,0.83812
19700331,0.0068652
19700401,0.39678
19700402,0.12643
19700403,0.20766
19700404,1.1552
19700405,0.0021016
19700406,0.25215
19700407,0.32322
19700408,4.9159
19700409,15.654
19700410,2.7526
19700411,0.54908
19700412,1.5134
19700413,8.377
19700414,0.0035539
19700415,0.66771
19700416,0.38054
19700417,1.0377
19700418,0
19700419,0.00024234
19700420,0.017373
19700421,1.7578
19700422,1.4586
19700423,4.4493
19700424,0.016643
19700425,0.73309
19700426,0.25211
19700427,2.309
19700428,6.8967
19700429,12.994
19700430,11.454
19700501,3.7166
19700502,0.66678
19700503,7.0438
19700504,0.011807
19700505,9.4322
19700506,5.309
19700507,16.535
19700508,49.021
19700509,7.009
19700510,0.27732
19700511,0.68406
19700512,4.2685
19700513,0.019535
19700514,0.00443
19700515,0.089842
19700516,0.15897
19700517,1.1174
19700518,3.1956
19700519,5.8617
19700520,2.2847
19700521,0.96823
19700522,0
19700523,1.1579
19700524,0
19700525,2.2029
19700526,4.5895e-05
19700527,3.0754
19700528,1.3584
19700529,0.1429
19700530,0.63466
19700531,5.2091
19700601,0.11806
19700602,0.00054405
19700603,0
19700604,0.086748
19700605,2.2814
19700606,1.0616
19700607,7.5082
19700608,3.5965
19700609,1.4782
19700610,0.0017733
19700611,0.00076232
19700612,0.048563
19700613,2.7195
19700614,0.47175
19700615,1.9294
19700616,0.050542
19700617,0.011598
19700618,1.7875
19700619,3.3104
19700620,0.00015736
19700621,0.00050249
19700622,0.95892
19700623,0.0013653
19700624,0.0078145
19700625,0.01062
19700626,0
19700627,2.7487
19700628,0.000575
19700629,0.0024719
19700630,0
19700701,0.45094
19700702,0.98516
19700703,0.011788
19700704,0
19700705,0.0045393
19700706,0
19700707,0.0030057
19700708,0.0049201
19700709,1.141
19700710,0.01194
19700711,1.4964
19700712,5.3976
19700713,0.11363
19700714,0
19700715,0.0089255
19700716,0.0016115
19700717,0.00014922
19700718,1.372
19700719,0.0068117
19700720,4.7971
19700721,2.4638
19700722,1.8245
19700723,2.1205
19700724,4.1361
19700725,0.0024369
19700726,8.9513
19700727,25.304
19700728,3.5165
19700729,0.00083235
19700730,0.00026639
19700731,0.006367
19700801,0.00216
19700802,1.2152
19700803,1.6062
19700804,0
19700805,0.010279
19700806,2.9123
19700807,3.7788
19700808,0.40892
19700809,2.16
19700810,5.0256
19700811,1.9609
19700812,0.0011385
19700813,0.023491
19700814,0.86441
19700815,1.9382
19700816,9.9171
19700817,0
19700818,0.0012409
19700819,0.001314
19700820,0.069668
19700821,11.707
19700822,0.14052
19700823,0.0016648
19700824,7.6261
19700825,15.888
19700826,0.75411
19700827,0.014832
19700828,0
19700829,0
19700830,0
19700831,0
19700901,0
19700902,0
19700903,0.0010385
19700904,0.11073
19700905,0.00077247
19700906,1.3002
19700907,3.8728
19700908,2.9081
19700909,0.02373
19700910,0.00018014
19700911,3.4322
19700912,0.30404
19700913,0.0047344
19700914,0.0033777
19700915,0.22411
19700916,0
19700917,0.41464
19700918,0.039039
19700919,0.0027314
19700920,0
19700921,6.5975
19700922,3.5389
19700923,0.00042861
19700924,0
19700925,0.18032
19700926,0.0011277
19700927,0.13763
19700928,0.55575
19700929,2.5041
19700930,2.1125
19701001,18.175
19701002,0.022937
19701003,1.0625
19701004,16.924
19701005,0
19701006,0
19701007,0.0016911
19701008,0.00036813
19701009,0.041712
19701010,0.088346
19701011,0.77336
19701012,1.0594
19701013,9.4291
19701014,0.65393
19701015,0.22684
19701016,6.3752
19701017,8.6455
19701018,1.2995
19701019,89.965
19701020,64.426
19701021,53.135
19701022,3.7193
19701023,39.122
19701024,20.47
19701025,5.8696
19701026,0.78751
19701027,1.0622
19701028,9.0139
19701029,0.0079045
19701030,0.23216
19701031,0.00074333
19701101,0.3201
19701102,4.221
19701103,0.022461
19701104,0.0024761
19701105,0.24153
19701106,0.025421
19701107,9.3355e-05
19701108,0
19701109,0.0012847
19701110,0
19701111,0.39372
19701112,0.0092088
19701113,0.02477
19701114,6.2045
19701115,0.30681
19701116,5.793
19701117,0.15358
19701118,0.031272
19701119,0
19701120,0.0016199
19701121,0
19701122,0.002957
19701123,0.035946
19701124,0.18374
19701125,0.32622
19701126,0.0024849
19701127,0
19701128,0.00018786
19701129,0.011064
19701130,0.00031911
19701201,0
19701202,0
19701203,0
19701204,0
19701205,0.16302
19701206,0.0036154
19701207,0
19701208,0.0001052
19701209,0
19701210,3.3363e-07
19701211,0.27036
19701212,2.098
19701213,2.8955
19701214,0.31529
19701215,0.47239
19701216,1.5824
19701217,1.2912
19701218,1.9315
19701219,1.4457
19701220,0.011501
19701221,1.2191
19701222,0.039784
19701223,3.5176
19701224,0.0012309
19701225,0.4473
19701226,0.00026621
19701227,0.34236
19701228,0
19701229,0.050799
19701230,0.0057335
19701231,0.0017532
19710101,0.010056
19710102,1.3684
19710103,4.8101
19710104,0.0006734
19710105,0
19710106,5.348e-05
19710107,0.08116
19710108,2.2478e-08
19710109,7.1575e-05
19710110,0.1617
19710111,7.9019
19710112,0.24991
19710113,0.0014313
19710114,0
19710115,0
19710116,0
19710117,0.00025321
19710118,0.00078136
19710119,0
19710120,0.0022173
19710121,0.00086034
19710122,0
19710123,0
19710124,0.8997
19710125,0.0026878
19710126,0
19710127,0
19710128,0.001102
19710129,0.19591
19710130,0.86597
19710131,0.25682
19710201,0.021428
19710202,0.70563
19710203,0.0001143
19710204,0
19710205,0.064514
19710206,0
19710207,0.0005884
19710208,0.034214
19710209,5.5054
19710210,0.20556
19710211,0.0043415
19710212,0.029532
19710213,0.59321
19710214,0
19710215,0
19710216,0.0011262
19710217,0.094305
19710218,0.23626
19710219,0.080462
19710220,1.3698
19710221,0.89607
19710222,0.29963
19710223,0.060643
19710224,4.1956e-06
19710225,0.13032
19710226,0
19710227,2.4782
19710228,0.0004554
19710301,0.00077608
19710302,0.043898
19710303,0
19710304,0.00012633
19710305,4.4513e-06
19710306,3.1695
19710307,0.12842
19710308,3.9651
19710309,0.025792
19710310,0
19710311,3.6418e-05
19710312,0.55805
19710313,0.88793
19710314,0.049625
19710315,0.081327
19710316,0.55386
19710317,0.10825
19710318,0.0011979
19710319,9.3771
19710320,1.2535
19710321,1.8207
19710322,0
19710323,0.0021028
19710324,23.606
19710325,0.17883
19710326,10.132
19710327,5.7536
19710328,0.027525
19710329,0.99249
19710330,0.3885
19710331,0.00095751
19710401,2.7903
19710402,0.00015713
19710403,0.0015447
19710404,4.0477
19710405,0
19710406,0.083653
19710407,1.5278
19710408,5.1716
19710409,1.5686
19710410,1.5151
19710411,10.515
19710412,2.6785
19710413,0.049687
19710414,0.7394
19710415,12.365
19710416,1.3276
19710417,1.7032
19710418,3.9422
19710419,4.0277
19710420,2.1659
19710421,0.32745
19710422,0
19710423,0.24245
19710424,12.352
19710425,5.681
19710426,24.637
19710427,0.0044502
19710428,0.46407
19710429,1.9243
19710430,0.032834
19710501,0
19710502,0.020077
19710503,4.0076
19710504,4.4403
19710505,7.9221
19710506,0.0011073
19710507,0
19710508,1.847
19710509,0.0001131
19710510,0.005158
19710511,8.4455
19710512,0.41186
19710513,0.41935
19710514,0.87302
19710515,0
19710516,1.0412
19710517,3.0709
19710518,0.0014261
19710519,0.0013839
19710520,0
19710521,3.6799
19710522,4.2841
19710523,0.087114
19710524,9.3134
19710525,27.295
19710526,34.952
19710527,14.903
19710528,4.2592
19710529,11.169
19710530,3.7623
19710531,4.6046
19710601,3.3363
19710602,4.6417
19710603,3.3684
19710604,9.4714
19710605,10.745
19710606,1.4692
19710607,4.7095
19710608,13.053
19710609,13.634
19710610,5.349
19710611,5.7243
19710612,4.4837
19710613,6.105
19710614,6.5861
19710615,4.5417
19710616,1.9066
19710617,10.072
19710618,7.5691
19710619,5.8125
19710620,8.9394
19710621,6.3482
19710622,3.2807
19710623,4.7545
19710624,3.1943
19710625,1.9531
19710626,1.1206
19710627,4.2087
19710628,10.537
19710629,9.3721
19710630,3.0492
19710701,6.182
19710702,12.781
19710703,10.749
19710704,0.76382
19710705,0.33855
19710706,0
19710707,0.19107
19710708,3.0998
19710709,5.2687
19710710,3.1116
19710711,1.7338
19710712,11.513
19710713,0
19710714,0.0037288
19710715,0.46342
19710716,2.2436
19710717,0
19710718,2.8646
19710719,0.067934
19710720,0.31436
19710721,4.6038
19710722,0.0012479
19710723,0.12081
19710724,0.10831
19710725,0.0054669
19710726,0
19710727,0
19710728,0.0019279
19710729,3.813
19710730,0.088994
19710731,0
19710801,0.00025781
19710802,0.00077371
19710803,0.00055818
19710804,0.0057618
19710805,0.53035
19710806,0
19710807,0.025202
19710808,1.6947
19710809,5.8816
19710810,15.797
19710811,0.027753
19710812,0.28015
19710813,0
19710814,0.0014278
19710815,0.0022933
19710816,2.775
19710817,1.6053
19710818,3.5635
19710819,7.1412
19710820,0
19710821,0
19710822,0.025715
19710823,1.0482
19710824,0.017794
19710825,0
19710826,0
19710827,6.7259
19710828,5.0954
19710829,0.17509
19710830,0.25414
19710831,2.6154
19710901,2.2115
19710902,7.289
19710903,8.4555
19710904,0.020738
19710905,0.00027694
19710906,0.30834
19710907,0.0014784
19710908,0.58819
19710909,8.9496
19710910,6.7769
19710911,0
19710912,0.0087298
19710913,3.8642e-06
19710914,0.34663
19710915,2.0179
19710916,8.6352
19710917,1.2575
19710918,0.96372
19710919,3.2599
19710920,0.10582
19710921,25.48
19710922,8.989
19710923,2.6117
19710924,0.54787
19710925,0.81007
19710926,0.0034147
19710927,0.00048927
19710928,0.0010873
19710929,1.2694
19710930,8.6937
19711001,18.181
19711002,5.753
19711003,0.071509
19711004,1.2411
19711005,0.79949
19711006,0.65771
19711007,0.7885
19711008,1.8625
19711009,1.365
19711010,5.2443
19711011,1.4515
19711012,0
19711013,0.019038
19711014,3.4373
19711015,0.49581
19711016,1.4526
19711017,2.7118
19711018,0.40154
19711019,0.0020047
19711020,0.0008303
19711021,0
19711022,2.1808
19711023,0.57674
19711024,0.219
19711025,0
19711026,0.0069707
19711027,0.4776
19711028,15.261
19711029,4.7565
19711030,0.46038
19711031,4.8971
19711101,0.13085
19711102,2.9834
19711103,1.4841
19711104,0.068341
19711105,0.0081504
19711106,0.00016663
19711107,2.1478e-05
19711108,1.1394
19711109,0.077482
19711110,19.208
19711111,0.10595
19711112,0.10836
19711113,0.012108
19711114,0.19064
19711115,1.0114
19711116,0.0039982
19711117,0.34249
19711118,0.0011387
19711119,0
19711120,8.2119
19711121,0.07158
19711122,0
19711123,1.3167
19711124,0.0057555
19711125,0.0033378
19711126,0.0031545
19711127,0.19638
19711128,0.012016
19711129,0.87239
19711130,8.3263
19711201,21.156
19711202,0.12037
19711203,9.773
19711204,26.79
19711205,19.583
19711206,43.32
19711207,1.626
19711208,0.19754
19711209,0
19711210,0.0029123
19711211,0
19711212,0
19711213,0.0015775
19711214,0.056475
19711215,0
19711216,0.0025683
19711217,0
19711218,0.011365
19711219,1.3372
19711220,9.9886
19711221,0.22525
19711222,0.0015037
19711223,0.33619
19711224,0.10543
19711225,0
19711226,0.18519
19711227,0.42966
19711228,0
19711229,0.00011051
19711230,0
19711231,0.01404
19720101,4.7689
19720102,0.47388
19720103,0.00029876
19720104,0.00022188
19720105,0.00022309
19720106,0.0042435
19720107,0.001018
19720108,0.070954
19720109,0.036044
19720110,0
19720111,0.01163
19720112,2.5691e-05
19720113,0
19720114,0
19720115,1.4933
19720116,2.9913
19720117,0.093089
19720118,1.0905
19720119,1.4707
19720120,0.20763
19720121,0.00047211
19720122,1.1188
19720123,0.15729
19720124,0
19720125,2.0743e-05
19720126,0.002181
19720127,0
19720128,0.01582
19720129,2.9754
19720130,0.33421
19720131,40.824
19720201,14.744
19720202,0.083427
19720203,1.5839
19720204,0.0079542
19720205,0.044956
19720206,0.00011054
19720207,0
19720208,0
19720209,0
19720210,0.00061435
19720211,0
19720212,6.3682e-05
19720213,0.006717
19720214,0.0011281
19720215,0.00086333
19720216,0.40895
19720217,1.3054
19720218,0.23381
19720219,7.1888
19720220,3.6316
19720221,1.152
19720222,1.474
19720223,5.831
19720224,0.42035
19720225,0.00081275
19720226,0.0012052
19720227,0.54942
19720228,0.0012217
19720229,0.0015418
19720301,0.52094
19720302,0.096543
19720303,0
19720304,0
19720305,0.00044626
19720306,0.41496
19720307,0.5319
19720308,0.57347
19720309,2.8816e-07
19720310,0.027357
19720311,0.25798
19720312,2.8581
19720313,0.069364
19720314,0.55123
19720315,0
19720316,0
19720317,0.0029683
19720318,0.0059891
19720319,0
19720320,8.6449e-05
19720321,0.087148
19720322,0.0012376
19720323,0
19720324,0.00026605
19720325,2.7269e-07
19720326,12.008
19720327,4.1575
19720328,0
19720329,12.264
19720330,20.901
19720331,9.3081
19720401,0.011102
19720402,1.5383
19720403,0.37634
19720404,0.00091396
19720405,0
19720406,0.0032638
19720407,0.27163
19720408,1.112
19720409,0.15202
19720410,6.0114
19720411,0.020768
19720412,0
19720413,0.13489
19720414,2.7242
19720415,3.2264
19720416,10.348
19720417,7.0403
19720418,0.62797
19720419,0
19720420,2.339
19720421,0.011635
19720422,0
19720423,0.16408
19720424,0.75421
19720425,0.041499
19720426,2.626
19720427,3.2501
19720428,3.1869
19720429,24.475
19720430,9.3675
19720501,0
19720502,0.21183
19720503,4.4985
19720504,0.34658
19720505,0.16898
19720506,0
19720507,0.0037361
19720508,0
19720509,0.013181
19720510,0.15981
19720511,0.57689
19720512,4.543
19720513,5.7189
19720514,2.0734
19720515,8.3136
19720516,2.5816
19720517,25.273
19720518,2.2297
19720519,5.1023
19720520,0.60207
19720521,0
19720522,0.0051136
19720523,0
19720524,3.598
19720525,2.368
19720526,0.032049
19720527,3.9895
19720528,0.026861
19720529,0
19720530,0.010175
19720531,0
19720601,0.10132
19720602,3.2397
19720603,0
19720604,0.00263
19720605,0
19720606,0.0066149
19720607,0
19720608,0
19720609,0.0044086
19720610,1.69
19720611,12.371
19720612,8.2076
19720613,5.8391
19720614,0.0073159
19720615,7.8225
19720616,7.746
19720617,1.0765
19720618,2.4264
19720619,9.6991
19720620,0.0037891
19720621,0.0041559
19720622,0.31276
19720623,1.7321
19720624,0
19720625,0.00054595
19720626,0
19720627,2.3918
19720628,0.80677
19720629,0.50593
19720630,1.3148
19720701,0.0014368
19720702,0.18685
19720703,1.0539
19720704,4.6807
19720705,0
19720706,4.8645
19720707,0.07715
19720708,0.0093378
19720709,13.044
19720710,0
19720711,1.5025
19720712,0.44539
19720713,0.32641
19720714,0.4632
19720715,3.1116
19720716,0
19720717,0.88749
19720718,2.0072
19720719,0
19720720,0.0057384
19720721,0.016569
19720722,0.069343
19720723,1.54
19720724,0.075253
19720725,0.0047975
19720726,0.0047366
19720727,1.9718
19720728,2.6414
19720729,3.5404
19720730,0.15488
19720731,2.2423
19720801,0.8261
19720802,0.95177
19720803,3.6652
19720804,6.1201
19720805,1.5212
19720806,28.431
19720807,0.85188
19720808,0.0049718
19720809,0
19720810,0.22792
19720811,4.3526
19720812,3.4067
19720813,0.0016939
19720814,0
19720815,0.0063244
19720816,10.107
19720817,0.44059
19720818,4.9632
19720819,2.4025
19720820,0.016552
19720821,4.7344
19720822,7.3866
19720823,51.304
19720824,2.6721
19720825,3.9168
19720826,0
19720827,0.00060584
19720828,0.00080187
19720829,0
19720830,15.38
19720831,3.3436
19720901,0
19720902,0
19720903,0.0017233
19720904,0
19720905,0.43023
19720906,0.60097
19720907,1.7058
19720908,0
19720909,5.8564
19720910,9.1893
19720911,21.412
19720912,37.809
19720913,17.843
19720914,1.0107
19720915,0.055998
19720916,0.81991
19720917,1.107
19720918,12.73
19720919,4.6439
19720920,9.2655
19720921,7.7125
19720922,8.6128
19720923,15.87
19720924,46.251
19720925,1.3121
19720926,3.3858
19720927,8.3651
19720928,28.365
19720929,34.647
19720930,2.3094
19721001,0
19721002,0.019387
19721003,4.3216
19721004,0.95858
19721005,4.5858
19721006,0.32099
19721007,0.17456
19721008,6.6543
19721009,9.0483
19721010,0.032805
19721011,4.6069
19721012,5.1981
19721013,4.7308
19721014,0.98395
19721015,4.9457
19721016,5.6941
19721017,3.8613
19721018,9.2651
19721019,1.7506
19721020,5.5925
19721021,0
19721022,0.021357
19721023,0
19721024,0.36911
19721025,0
19721026,0
19721027,0
19721028,0
19721029,0.13594
19721030,0.0056456
19721031,0.0023789
19721101,0.21377
19721102,3.1544
19721103,1.6457
19721104,0.36048
19721105,0.54674
19721106,0.10654
19721107,0.0015004
19721108,0.00070173
19721109,7.8201
19721110,3.23
19721111,2.3692
19721112,0.0052714
19721113,0.00037995
19721114,0.0076274
19721115,0.090743
19721116,0.2062
19721117,0.95658
19721118,66.152
19721119,26.078
19721120,1.0322
19721121,1.1782
19721122,0.0022865
19721123,0.00095052
19721124,0
19721125,0.00082574
19721126,0
19721127,0.0013393
19721128,0
19721129,0
19721130,0.0015631
19721201,0
19721202,0
19721203,0
19721204,0
19721205,0.35658
19721206,0
19721207,0
19721208,0
19721209,0.42421
19721210,0.00014289
19721211,0.00022737
19721212,0.0002791
19721213,4.5037e-06
19721214,0.00026709
19721215,0
19721216,0.00083293
19721217,0.00067002
19721218,0.0001293
19721219,1.6074e-07
19721220,0.010823
19721221,3.5087
19721222,4.7752
19721223,3.0091
19721224,11.279
19721225,30.244
19721226,0.22451
19721227,0
19721228,0.15594
19721229,0.41407
19721230,1.4609
19721231,1.302
19730101,11.134
19730102,5.5027
19730103,29.426
19730104,22.532
19730105,3.9539
19730106,0.0287
19730107,0.0088921
19730108,0
19730109,0.0070691
19730110,0.00077595
19730111,0.21171
19730112,0.00051537
19730113,0
19730114,0.32567
19730115,0.34333
19730116,0
19730117,0.002664
19730118,0
19730119,0.0047398
19730120,0.023463
19730121,0
19730122,1.4889
19730123,0.20457
19730124,1.3967
19730125,2.6786
19730126,0.003533
19730127,0.40525
19730128,0.77216
19730129,1.7254
19730130,0.002938
19730131,0.0050285
19730201,0.036616
19730202,0
19730203,0.26005
19730204,1.2041
19730205,0.0068683
19730206,0.0013796
19730207,0.018742
19730208,0
19730209,0.097666
19730210,12.64
19730211,37.049
19730212,1.932
19730213,4.341
19730214,3.4921
19730215,3.8155
19730216,11.61
19730217,12.707
19730218,1.2032
19730219,1.2234
19730220,0.10385
19730221,0.011555
19730222,0
19730223,0
19730224,0.00030245
19730225,0.0017916
19730226,2.9194e-06
19730227,1.7539
19730228,0
19730301,0.030806
19730302,0
19730303,3.9165e-05
19730304,0.0001431
19730305,0.00030941
19730306,0
19730307,0.011373
19730308,0.10466
19730309,0
19730310,0.0015592
19730311,0.026607
19730312,0.088481
19730313,4.935e-06
19730314,4.8522e-05
19730315,0.0017531
19730316,0.00065956
19730317,0
19730318,0
19730319,1.6411
19730320,7.9006
19730321,0.066612
19730322,0.049268
19730323,1.8619e-06
19730324,0.65254
19730325,1.6849
19730326,0
19730327,0.0087233
19730328,1.4712
19730329,1.7009
19730330,0.029856
19730331,0.00060428
19730401,0
19730402,1.2081
19730403,30.582
19730404,14.81
19730405,5.4921
19730406,0.9621
19730407,0.037567
19730408,0.0099494
19730409,5.297
19730410,0.54523
19730411,0
19730412,0.0082897
19730413,0.0008981
19730414,3.8855
19730415,4.1952
19730416,9.4389
19730417,0.00052965
19730418,0.00010557
19730419,0
19730420,1.6736
19730421,0.36095
19730422,3.3362
19730423,3.8828e-05
19730424,0.00094015
19730425,8.6308e-06
19730426,0
19730427,0.0012389
19730428,0
19730429,0
19730430,3.044e-07
19730501,6.0938
19730502,3.219
19730503,0
19730504,0.49978
19730505,0.00071319
19730506,7.0241e-08
19730507,0.00050253
19730508,0
19730509,12.713
19730510,0.0015271
19730511,0.00098529
19730512,1.2331
19730513,16.284
19730514,1.7718
19730515,0.0018751
19730516,0
19730517,0.30079
19730518,2.248
19730519,4.851
19730520,2.0101
19730521,0.00053273
19730522,0
19730523,0.41318
19730524,2.744
19730525,3.7406
19730526,0.018324
19730527,0
19730528,0.0028112
19730529,0.00083139
19730530,0
19730531,0
19730601,0.98438
19730602,0
19730603,0
19730604,1.5143
19730605,4.7449
19730606,0.52496
19730607,6.8571
19730608,13.24
19730609,4.4976
19730610,4.7022
19730611,0.92786
19730612,1.9826
19730613,0.50987
19730614,3.3969
19730615,0.89765
19730616,0.0055462
19730617,1.7771
19730618,0.0036317
19730619,0
19730620,0.011958
19730621,0.77687
19730622,0.09536
19730623,0
19730624,0.0042445
19730625,0
19730626,0.00057627
19730627,1.874
19730628,1.3985
19730629,0.53067
19730630,0.0277
19730701,0.19367
19730702,0.0017644
19730703,0.0080737
19730704,8.2729
19730705,13.26
19730706,0.25702
19730707,0.40921
19730708,0.026321
19730709,0.014318
19730710,9.3524
19730711,5.3453
19730712,1.13
19730713,0.36386
19730714,2.8569
19730715,0.87905
19730716,0.0018541
19730717,0.0057165
19730718,0.20294
19730719,3.142
19730720,0.0040647
19730721,2.0054
19730722,1.8638
19730723,3.9906
19730724,4.2672
19730725,0
19730726,3.3019
19730727,0.014764
19730728,0.01575
19730729,0.0041846
19730730,0.81307
19730731,7.6062
19730801,4.1504
19730802,0.0021025
19730803,0
19730804,0.0090953
19730805,1.5215
19730806,0.55838
19730807,1.2036
19730808,7.1585
19730809,1.9637
19730810,0.00082845
19730811,0
19730812,0.00098548
19730813,0.0081176
19730814,21.076
19730815,0.10697
19730816,0.50593
19730817,0.0023518
19730818,0
19730819,0.024314
19730820,0
19730821,1.72
19730822,0
19730823,0.047634
19730824,0.0042238
19730825,0.412
19730826,21.762
19730827,4.1316
19730828,0.024265
19730829,0
19730830,0
19730831,0
19730901,0
19730902,0
19730903,0.70393
19730904,0
19730905,0.0013049
19730906,0
19730907,0.0027365
19730908,0.0010185
19730909,0.00025573
19730910,0.0011815
19730911,1.2738
19730912,0.0062422
19730913,9.8906
19730914,0
19730915,0.0013681
19730916,0.0019949
19730917,0
19730918,3.7023
19730919,31.215
19730920,39.889
19730921,0.004645
19730922,0
19730923,0.00035832
19730924,0
19730925,0.93967
19730926,0
19730927,0
19730928,0
19730929,5.7098
19730930,0
19731001,0
19731002,0
19731003,1.4851
19731004,5.1475
19731005,22.773
19731006,0.86684
19731007,6.2238
19731008,0.8694
19731009,7.5139
19731010,13.275
19731011,54.254
19731012,4.1204
19731013,17.135
19731014,8.1253
19731015,11.818
19731016,5.4231
19731017,0.23153
19731018,4.9622
19731019,0.39197
19731020,6.9013
19731021,0.074072
19731022,1.0115
19731023,7.142
19731024,4.1125
19731025,2.3705
19731026,4.2859
19731027,0.027389
19731028,27.306
19731029,1.5589
19731030,0
19731031,1.3738
19731101,3.2842
19731102,0
19731103,0.092285
19731104,0.19925
19731105,0.13408
19731106,29.904
19731107,32.761
19731108,0.0084126
19731109,1.0902
19731110,1.3021
19731111,0.4383
19731112,0.023619
19731113,1.9355
19731114,1.0216
19731115,0.00059647
19731116,0.052003
19731117,0.0076627
19731118,2.7229
19731119,0
19731120,4.7471
19731121,12.097
19731122,5.8642
19731123,32.707
19731124,3.0337
19731125,0.11671
19731126,0.0024108
19731127,0
19731128,0.00091313
19731129,0.65972
19731130,0.0611
19731201,12.929
19731202,24.053
19731203,0.064155
19731204,0.12285
19731205,0.0020816
19731206,27.129
19731207,21.095
19731208,0.010117
19731209,0.0063027
19731210,0.40155
19731211,0.016253
19731212,0.05549
19731213,0.00029121
19731214,0.33262
19731215,0
19731216,0.030525
19731217,0.20347
19731218,0
19731219,0.31562
19731220,3.0124
19731221,6.6133
19731222,49.686
19731223,7.7436
19731224,0.0020562
19731225,0.55323
19731226,0.50521
19731227,0.35458
19731228,0.062682
19731229,0.26058
19731230,0.0052225
19731231,0.81919
19740101,0.51812
19740102,0
19740103,0.98709
19740104,0.0029645
19740105,0
19740106,0.12215
19740107,0.014478
19740108,0.49794
19740109,4.4741
19740110,0.8443
19740111,1.5897
19740112,0.0024521
19740113,0.038021
19740114,0
19740115,0
19740116,0.004654
19740117,0.0096527
19740118,7.4602
19740119,1.5465
19740120,0.0881
19740121,0
19740122,0.00074933
19740123,0.49969
19740124,0.82625
19740125,0.026789
19740126,0
19740127,1.7526
19740128,34.157
19740129,0.021838
19740130,3.8167
19740131,0.73412
19740201,1.1117
19740202,1.718
19740203,0.067975
19740204,1.126
19740205,2.2454
19740206,0.0011695
19740207,0.016214
19740208,0.064209
19740209,7.594e-05
19740210,0
19740211,0.0001422
19740212,0.00018815
19740213,0.00082976
19740214,0.069607
19740215,0
19740216,0
19740217,0.00078843
19740218,0
19740219,0.00099791
19740220,0
19740221,0.090633
19740222,0
19740223,2.209
19740224,11.574
19740225,0.87872
19740226,0.059519
19740227,0.25822
19740228,0.439
19740301,0.0046459
19740302,0.73319
19740303,5.0708
19740304,1.3783
19740305,0.18244
19740306,0.14475
19740307,0
19740308,0.0062349
19740309,0.4605
19740310,0.43951
19740311,2.4728
19740312,0.014198
19740313,0.24778
19740314,1.7336
19740315,0.0023048
19740316,0
19740317,0.001348
19740318,0.0030796
19740319,1.7107
19740320,3.8224
19740321,0
19740322,0.00032214
19740323,0.0015102
19740324,0.0046513
19740325,0.024234
19740326,0
19740327,0.0028948
19740328,0.00042061
19740329,0.0014771
19740330,0.082004
19740331,0.65139
19740401,0.356
19740402,0.19783
19740403,1.2267
19740404,0
19740405,0.0003952
19740406,0.02449
19740407,0
19740408,0.00091667
19740409,0
19740410,0.2458
19740411,0.41746
19740412,3.055
19740413,0.17308
19740414,0.79465
19740415,3.0305
19740416,0.003591
19740417,1.0261
19740418,2.2118
19740419,0
19740420,0
19740421,0.082799
19740422,0.64229
19740423,0
19740424,0.0017565
19740425,0.30388
19740426,0.74167
19740427,0.7161
19740428,2.5764
19740429,2.4708
19740430,0.0019025
19740501,1.107
19740502,6.9861
19740503,0.019911
19740504,0.0012303
19740505,0.52307
19740506,0
19740507,0.26406
19740508,2.1556
19740509,0.0030066
19740510,2.2147
19740511,0.0023503
19740512,0.088363
19740513,0.27494
19740514,1.0419
19740515,1.5411
19740516,0
19740517,2.0237
19740518,0.0049579
19740519,15.755
19740520,2.267
19740521,4.7906
19740522,2.0596
19740523,0.032268
19740524,0.40484
19740525,0.00039913
19740526,0.0014911
19740527,0
19740528,0.94703
19740529,4.7324
19740530,0.13565
19740531,1.7866
19740601,11.486
19740602,0.37989
19740603,0.0021039
19740604,3.1546
19740605,1.6118
19740606,2.5912
19740607,0.20095
19740608,3.1411
19740609,5.2424
19740610,24.703
19740611,6.6435
19740612,0.058309
19740613,1.2561
19740614,2.1699
19740615,0.028749
19740616,28.358
19740617,0.6742
19740618,0.0049138
19740619,0.0030747
19740620,1.0937
19740621,3.989
19740622,10.221
19740623,0.21792
19740624,0.0078902
19740625,1.3497
19740626,1.1299
19740627,2.0643
19740628,0
19740629,1.6667
19740630,3.3524
19740701,0
19740702,0.53163
19740703,2.2911
19740704,3.0272
19740705,4.0866
19740706,0.17112
19740707,0.8722
19740708,2.6827
19740709,0.00050126
19740710,0.0055544
19740711,7.4455
19740712,20.421
19740713,0.023892
19740714,0
19740715,7.0144
19740716,4.6249
19740717,3.0695
19740718,0.39238
19740719,0.74206
19740720,1.3154
19740721,0.65187
19740722,1.042
19740723,4.9218
19740724,5.843
19740725,6.3938
19740726,2.0293
19740727,0.12137
19740728,2.2714
19740729,3.8899
19740730,3.8802
19740731,1.6326
19740801,4.597
19740802,6.325
19740803,2.8253
19740804,0.012087
19740805,3.7086
19740806,0.0017534
19740807,0.0019282
19740808,0.0019762
19740809,27.226
19740810,0.00086595
19740811,0
19740812,0.0031463
19740813,0
19740814,0.0093453
19740815,0.00102
19740816,0.80531
19740817,0.075681
19740818,0.005145
19740819,1.0611
19740820,0.0014628
19740821,0
19740822,3.5151
19740823,0.49344
19740824,3.2411
19740825,0
19740826,0.0040599
19740827,0
19740828,1.7037
19740829,4.0524
19740830,4.3503
19740831,2.919
19740901,0.14962
19740902,0
19740903,0
19740904,0.002052
19740905,0
19740906,0.00352
19740907,0
19740908,0.52972
19740909,9.2609
19740910,0
19740911,0.0099849
19740912,0.0024282
19740913,0.68786
19740914,0.0010322
19740915,2.2152
19740916,0.81907
19740917,3.5393
19740918,0
19740919,0.2834
19740920,0.061791
19740921,0
19740922,0.083265
19740923,0.040614
19740924,0
19740925,0.012172
19740926,0.14775
19740927,7.438
19740928,0.97757
19740929,0.0072711
19740930,0.038469
19741001,0
19741002,0
19741003,0.15031
19741004,0.00078071
19741005,0.0010071
19741006,0.0012712
19741007,2.821
19741008,0.06702
19741009,4.3145
19741010,1.3203
19741011,4.9081
19741012,2.7813
19741013,0.35723
19741014,12.043
19741015,23.959
19741016,18.947
19741017,20.526
19741018,1.5256
19741019,0.16815
19741020,0.97514
19741021,0
19741022,6.4183
19741023,0
19741024,0.003205
19741025,0
19741026,0
19741027,3.3947
19741028,2.2361
19741029,0.97847
19741030,0.0030837
19741031,0.0008078
19741101,0.19165
19741102,0.83693
19741103,0.0030486
19741104,0.38424
19741105,0.13506
19741106,0.098306
19741107,0.37497
19741108,5.6198
19741109,0
19741110,0.023283
19741111,0.0015598
19741112,0
19741113,0.51816
19741114,7.5428
19741115,44.418
19741116,8.6118
19741117,3.7886
19741118,32.854
19741119,51.145
19741120,7.9916
19741121,0.0018239
19741122,0.00032491
19741123,0.0011132
19741124,0.0016376
19741125,0.26972
19741126,2.065
19741127,10.11
19741128,2.872
19741129,2.0817
19741130,0.26512
19741201,0.17878
19741202,1.5161
19741203,0.015882
19741204,0.0016452
19741205,0.010966
19741206,0.28919
19741207,0.015356
19741208,8.219e-06
19741209,1.758
19741210,0.012641
19741211,0.00072398
19741212,0.23765
19741213,1.6336
19741214,0.59841
19741215,0.071893
19741216,0
19741217,0.084131
19741218,0.16719
19741219,0.09471
19741220,0
19741221,0.061671
19741222,0.0010129
19741223,0.00082033
19741224,0
19741225,0.00086265
19741226,0
19741227,0
19741228,0.0046326
19741229,0
19741230,0.10641
19741231,0.0042307
19750101,0.10228
19750102,0.3149
19750103,1.7344
19750104,0.000493
19750105,0.0037195
19750106,0.61167
19750107,1.1648
19750108,0
19750109,0
19750110,0.0024208
19750111,0
19750112,0.00071693
19750113,0.00051764
19750114,0.034324
19750115,0
19750116,0.0038761
19750117,0.0010285
19750118,0
19750119,0
19750120,0.0025481
19750121,0.0020382
19750122,0
19750123,0
19750124,0.00071384
19750125,7.0737e-05
19750126,0
19750127,0.0030231
19750128,0
19750129,0.0056783
19750130,3.0351
19750131,2.9516
19750201,0.83073
19750202,2.7961
19750203,9.5667
19750204,14.34
19750205,17.765
19750206,0.043285
19750207,0.28135
19750208,6.1689
19750209,0.0006908
19750210,0
19750211,0.039038
19750212,0
19750213,2.3995
19750214,0.01855
19750215,0.19545
19750216,2.9757
19750217,0
19750218,0.00016192
19750219,0.00062232
19750220,0.00078118
19750221,0
19750222,0.12577
19750223,3.6625
19750224,9.7015
19750225,7.539
19750226,16.805
19750227,24.908
19750228,3.4223
19750301,56.655
19750302,9.1319
19750303,22.666
19750304,9.2572
19750305,0.65341
19750306,27.753
19750307,12.29
19750308,0.0051048
19750309,0
19750310,0.31663
19750311,0
19750312,4.2754
19750313,8.8469
19750314,0.45513
19750315,0.094063
19750316,0.69989
19750317,0.48293
19750318,16.763
19750319,0.0048751
19750320,1.0625
19750321,2.6196
19750322,1.5681
19750323,0.27963
19750324,0.0001328
19750325,0.52873
19750326,0.0126
19750327,1.87
19750328,0
19750329,0.003678
19750330,0.0024393
19750331,0
19750401,0
19750402,0.037762
19750403,0.28374
19750404,0.90693
19750405,0.053309
19750406,0.00039847
19750407,0.00041269
19750408,0.047152
19750409,0.001668
19750410,4.053
19750411,0.017566
19750412,0.087232
19750413,1.8613
19750414,0.16144
19750415,0
19750416,0
19750417,0.29307
19750418,0
19750419,0.53924
19750420,7.5562
19750421,0
19750422,0.00057656
19750423,0.060377
19750424,0.0056394
19750425,0.00018073
19750426,0.00026515
19750427,0.51634
19750428,0.00081139
19750429,0.0034092
19750430,0
19750501,11.748
19750502,18.846
19750503,1.2863
19750504,2.786
19750505,2.1007
19750506,0.028937
19750507,7.5246
19750508,0.3806
19750509,0.077599
19750510,1.9215
19750511,0
19750512,0.0080501
19750513,1.8937
19750514,0.0076199
19750515,0.027368
19750516,0.0017371
19750517,0.0032475
19750518,0.006679
19750519,0
19750520,0
19750521,3.2807
19750522,7.9774
19750523,4.6174
19750524,4.4636
19750525,5.7248
19750526,2.4158
19750527,5.4444
19750528,0.0025019
19750529,0.00065401
19750530,0.0011752
19750531,0.008832
19750601,0
19750602,0.41753
19750603,4.866
19750604,0.0016687
19750605,0
19750606,0.24628
19750607,5.5202
19750608,5.8102
19750609,0.46888
19750610,4.9781
19750611,11.282
19750612,7.2979
19750613,7.465
19750614,9.807
19750615,4.9878
19750616,2.5364
19750617,5.9564
19750618,2.089
19750619,10.376
19750620,8.8757
19750621,2.4438
19750622,0.63972
19750623,0.050235
19750624,5.506
19750625,5.8078
19750626,0.011642
19750627,1.0446
19750628,13.885
19750629,0.0017973
19750630,1.3247
19750701,1.9998
19750702,0.058462
19750703,2.0103
19750704,1.1634
19750705,0.28607
19750706,5.3702
19750707,22.293
19750708,10.72
19750709,1.3625
19750710,8.7065
19750711,1.7249
19750712,1.4231
19750713,0.0063737
19750714,0.0007094
19750715,0.0010846
19750716,0.97575
19750717,0
19750718,0
19750719,2.5565
19750720,0.77399
19750721,5.6646
19750722,5.6926
19750723,3.0141
19750724,0.010998
19750725,0.0021656
19750726,0.4411
19750727,0.011289
19750728,0.50062
19750729,0
19750730,0.05813
19750731,0.18971
19750801,4.0483
19750802,15.409
19750803,5.9124
19750804,6.2529
19750805,5.4942
19750806,4.7782
19750807,2.1406
19750808,1.1348
19750809,0.30371
19750810,0.10714
19750811,1.2511
19750812,0.17752
19750813,0.00047672
19750814,0.0015116
19750815,0.00059322
19750816,10.863
19750817,7.3029
19750818,0.0017914
19750819,0.0010697
19750820,0
19750821,10.587
19750822,5.3915
19750823,0.55309
19750824,2.6524
19750825,0.90913
19750826,0.57811
19750827,0.035326
19750828,0.0005891
19750829,0.0019697
19750830,0
19750831,0.0025147
19750901,0
19750902,2.5615
19750903,12.384
19750904,5.8486
19750905,1.8654
19750906,3.8542
19750907,0.49175
19750908,0.00015497
19750909,0.015273
19750910,0.0010642
19750911,0
19750912,0.05158
19750913,0.71085
19750914,1.4702
19750915,0.059885
19750916,0
19750917,0.00039105
19750918,0.00076516
19750919,0
19750920,0.44498
19750921,0.8879
19750922,17.768
19750923,0.0020367
19750924,0.69522
19750925,0.93061
19750926,1.5377
19750927,0.00033025
19750928,0.076533
19750929,6.1671
19750930,23.141
19751001,24.793
19751002,3.5246
19751003,7.8877
19751004,4.5513
19751005,6.5015
19751006,0
19751007,0.11142
19751008,0.0068634
19751009,0.010479
19751010,0.648
19751011,0.0024352
19751012,0
19751013,0.0015737
19751014,0
19751015,0.0029629
19751016,0.10008
19751017,0.0006064
19751018,0.47342
19751019,1.7057
19751020,6.9549
19751021,9.4745
19751022,6.8954
19751023,4.7619
19751024,42.089
19751025,0.013738
19751026,5.7225
19751027,6.7038
19751028,0.0035204
19751029,0
19751030,0
19751031,0.0023744
19751101,0.033316
19751102,0.00015084
19751103,0.0071289
19751104,0
19751105,0.0016962
19751106,0.52707
19751107,0.27184
19751108,0
19751109,0
19751110,0.39722
19751111,0.35263
19751112,0.70945
19751113,0
19751114,0.025852
19751115,6.1732
19751116,6.0707e-05
19751117,0.0061662
19751118,0
19751119,0
19751120,0
19751121,0.006373
19751122,6.9293
19751123,2.8986
19751124,6.1392
19751125,2.2113
19751126,0.058776
19751127,3.1974
19751128,9.9587e-05
19751129,0.0011915
19751130,2.6607
19751201,0
19751202,0.067632
19751203,0.0015095
19751204,2.4593
19751205,0
19751206,0
19751207,0.26871
19751208,0
19751209,0.0031647
19751210,0.017337
19751211,0.0012973
19751212,0
19751213,0
19751214,0.046253
19751215,0.014354
19751216,0.0097892
19751217,1.4198
19751218,6.118
19751219,0.00021796
19751220,0
19751221,0.002206
19751222,0
19751223,0.00033455
19751224,0.034493
19751225,0.85002
19751226,1.7825
19751227,0.003619
19751228,0.099884
19751229,0
19751230,0.0044796
19751231,0
19760101,0
19760102,0
19760103,0
19760104,0
19760105,0
19760106,0
19760107,0
19760108,0
19760109,0
19760110,0.51317
19760111,8.0816
19760112,4.5121
19760113,1.2973
19760114,4.9717
19760115,16.442
19760116,0.25294
19760117,0.00015493
19760118,1.7988
19760119,14.803
19760120,34.707
19760121,16.719
19760122,0
19760123,0.0013682
19760124,0
19760125,0
19760126,0.12707
19760127,0.81775
19760128,0.61353
19760129,0
19760130,0
19760131,0.0056774
19760201,0
19760202,1.2707
19760203,0.00074526
19760204,0
19760205,0.00057302
19760206,0
19760207,0
19760208,0
19760209,0
19760210,0.0016008
19760211,0.00044054
19760212,0
19760213,16.707
19760214,8.3462
19760215,4.5656
19760216,6.6201
19760217,0.044092
19760218,0.041122
19760219,0
19760220,0.63739
19760221,0.0010211
19760222,0.66528
19760223,0
19760224,0
19760225,0.0053933
19760226,0.0015843
19760227,0.0017118
19760228,0
19760229,0
19760301,0.46102
19760302,2.2754
19760303,0.24702
19760304,18.812
19760305,35.334
19760306,16.205
19760307,17.377
19760308,1.9998
19760309,25.081
19760310,15.722
19760311,18.033
19760312,29.289
19760313,4.8059
19760314,30.211
19760315,11.26
19760316,5.7925
19760317,0.010292
19760318,1.1755
19760319,6.3455
19760320,13.412
19760321,4.9671
19760322,2.2808
19760323,2.2034
19760324,1.0497
19760325,0.77903
19760326,0
19760327,0.021168
19760328,2.7842
19760329,6.4446
19760330,7.6909
19760331,0.43368
19760401,1.116
19760402,0.4405
19760403,2.4765
19760404,0.050895
19760405,0.96968
19760406,0.035431
19760407,0.91376
19760408,0.74786
19760409,0.095657
19760410,1.8699
19760411,12.09
19760412,0
19760413,0.00019797
19760414,10.503
19760415,1.8066
19760416,0.58166
19760417,0.00063337
19760418,2.0968
19760419,3.7276
19760420,6.6442
19760421,1.4085
19760422,3.5911
19760423,0.83803
19760424,2.3258
19760425,2.4843
19760426,3.904
19760427,5.8922
19760428,0.055023
19760429,0.21801
19760430,0.015176
19760501,0.0078576
19760502,10.269
19760503,0.41984
19760504,0.06508
19760505,0.00017192
19760506,0.0010162
19760507,0.63329
19760508,10.304
19760509,0.6386
19760510,0.053193
19760511,2.0383
19760512,83.409
19760513,26.227
19760514,1.5641
19760515,4.2052
19760516,0.25837
19760517,0
19760518,0
19760519,4.065
19760520,0.29716
19760521,0
19760522,1.6996
19760523,5.216
19760524,3.5193
19760525,5.7943
19760526,9.3325
19760527,8.544
19760528,23.906
19760529,12.351
19760530,25.453
19760531,9.9689
19760601,5.7831
19760602,1.4377
19760603,3.7566
19760604,2.5367
19760605,0.59809
19760606,0.17857
19760607,5.0544
19760608,0.64535
19760609,6.1105
19760610,0.72973
19760611,0.034969
19760612,4.9412
19760613,8.1621
19760614,5.6975
19760615,2.1341
19760616,0.27728
19760617,0.63521
19760618,0.37324
19760619,0.42878
19760620,6.7651
19760621,3.8085
19760622,8.6458
19760623,2.5692
19760624,0.75241
19760625,0.95554
19760626,1.8222
19760627,0.75104
19760628,0.00076561
19760629,0.23173
19760630,0.83693
19760701,2.1481
19760702,0.48984
19760703,2.975
19760704,5.7564
19760705,0.14532
19760706,0.41416
19760707,0.012574
19760708,8.3065
19760709,21.731
19760710,0.12172
19760711,6.958
19760712,14.037
19760713,1.8287
19760714,8.7968e-05
19760715,0.0030809
19760716,0.002754
19760717,0
19760718,0
19760719,0.0021351
19760720,1.5501
19760721,0.34188
19760722,0
19760723,0.0034855
19760724,1.0488
19760725,3.9307
19760726,0.39823
19760727,2.7559
19760728,12.289
19760729,7.0657
19760730,0
19760731,0.83767
19760801,0
19760802,0.00078799
19760803,0
19760804,0.00061768
19760805,0.0002362
19760806,0.28378
19760807,0.3246
19760808,0
19760809,4.7525
19760810,0.040975
19760811,0.0010361
19760812,0.00042788
19760813,0.00014208
19760814,0.9006
19760815,0.0012407
19760816,0
19760817,11.64
19760818,1.2609
19760819,2.5619
19760820,0.0011412
19760821,0.01379
19760822,0.002017
19760823,0
19760824,0
19760825,0.010676
19760826,0.41689
19760827,0.0071396
19760828,0.0024909
19760829,0
19760830,0.06027
19760831,0.94906
19760901,5.3938
19760902,0.32906
19760903,0.0099901
19760904,0.0014246
19760905,0.0021239
19760906,1.1304
19760907,1.2982
19760908,0
19760909,0.0015339
19760910,0
19760911,0.0018211
19760912,0.30023
19760913,0.91695
19760914,0.1591
19760915,1.137
19760916,0
19760917,0.0064028
19760918,0
19760919,0.015
19760920,1.5269
19760921,8.2353
19760922,20.976
19760923,1.2085
19760924,1.707
19760925,0.0011502
19760926,0.0039927
19760927,2.5171e-05
19760928,0.00091859
19760929,0.00030131
19760930,0.00095357
19761001,0
19761002,0.0061352
19761003,5.9606
19761004,6.7753
19761005,0.077928
19761006,0.7176
19761007,0.15
19761008,3.3582
19761009,1.476
19761010,0.48561
19761011,1.2212
19761012,0.53397
19761013,0.1444
19761014,0
19761015,0.40273
19761016,0.93418
19761017,15.161
19761018,57.109
19761019,117.68
19761020,41.016
19761021,11.708
19761022,0.02771
19761023,0.00012613
19761024,0
19761025,0.0018237
19761026,0
19761027,0
19761028,0.011785
19761029,0.21016
19761030,0.010055
19761031,0.066026
19761101,0.052473
19761102,7.5254e-05
19761103,0.00013122
19761104,0
19761105,0.0038659
19761106,0.0012356
19761107,0
19761108,0.0057192
19761109,0
19761110,0.00067732
19761111,0.0021161
19761112,0
19761113,0.0086761
19761114,0.00049209
19761115,0.78072
19761116,1.1469
19761117,0.62931
19761118,0.011418
19761119,0.0085583
19761120,0.65817
19761121,0.089556
19761122,0.066906
19761123,1.7717
19761124,0.18033
19761125,0.066421
19761126,0
19761127,0.0030135
19761128,2.8243e-05
19761129,0
19761130,0.50472
19761201,0.00053638
19761202,0.11754
19761203,0
19761204,0.031066
19761205,0
19761206,0.012835
19761207,9.3363
19761208,16.299
19761209,0.0091007
19761210,0
19761211,0.0026741
19761212,1.8614
19761213,0.044188
19761214,0.0046566
19761215,0.06927
19761216,0.029808
19761217,0.00037386
19761218,0.025131
19761219,3.8442
19761220,0.82063
19761221,8.2723e-07
19761222,7.2675e-07
19761223,1.3242
19761224,0.65643
19761225,1.1432
19761226,2.7795
19761227,0.17592
19761228,1.1723e-07
19761229,0.0031032
19761230,0
19761231,0.0011417
19770101,0
19770102,0
19770103,0
19770104,0
19770105,0
19770106,0
19770107,0.037423
19770108,0
19770109,0.089315
19770110,0.8317
19770111,1.6533
19770112,0.66029
19770113,0
19770114,0.00023256
19770115,0
19770116,0.00061454
19770117,0.00052071
19770118,2.6721e-05
19770119,0.0032559
19770120,0
19770121,0
19770122,0.072874
19770123,0
19770124,0.085535
19770125,0.090281
19770126,0.29027
19770127,0.24073
19770128,0.0012684
19770129,10.399
19770130,3.8283
19770131,0.36906
19770201,0
19770202,0.0048035
19770203,2.1961e-05
19770204,0
19770205,0.0002276
19770206,0
19770207,0
19770208,0
19770209,0.0005553
19770210,1.1242
19770211,3.4171
19770212,1.6259
19770213,0.0026151
19770214,0.71718
19770215,1.296
19770216,3.7633
19770217,0.18973
19770218,0.16866
19770219,0
19770220,0.0013879
19770221,0
19770222,0
19770223,0.19337
19770224,0.046697
19770225,0.13132
19770226,0.11243
19770227,0
19770228,1.3451
19770301,0.0012476
19770302,0.19807
19770303,0.16661
19770304,0
19770305,0.52864
19770306,2.0349
19770307,0.00029456
19770308,0.0042861
19770309,0.77542
19770310,26.63
19770311,10.962
19770312,0.78291
19770313,0.037429
19770314,2.114
19770315,0.0036715
19770316,2.9644
19770317,0.00083471
19770318,0
19770319,0
19770320,13.837
19770321,0.81631
19770322,0.0039747
19770323,2.3005e-05
19770324,0
19770325,0
19770326,0.1004
19770327,0.74194
19770328,1.1644
19770329,0.0026769
19770330,0
19770331,0.00049355
19770401,0.034551
19770402,0
19770403,0.0034164
19770404,0.0080667
19770405,0
19770406,0.011535
19770407,0
19770408,4.055
19770409,1.4087
19770410,0.00093459
19770411,0
19770412,2.5358
19770413,0
19770414,0.00057203
19770415,0.002108
19770416,0
19770417,0
19770418,0.00043699
19770419,0.0019611
19770420,0
19770421,0.0038699
19770422,0.075168
19770423,2.755
19770424,0.017024
19770425,0.00096075
19770426,2.4594
19770427,0
19770428,0.012798
19770429,1.4307
19770430,0.00022669
19770501,0
19770502,0
19770503,0
19770504,0.25087
19770505,10.738
19770506,0
19770507,7.5352
19770508,8.7933
19770509,0.04264
19770510,0.14841
19770511,0.62083
19770512,1.4066
19770513,1.6616
19770514,0.0041039
19770515,0.23187
19770516,10.825
19770517,3.114
19770518,6.8357
19770519,6.853
19770520,5.5806
19770521,2.8478
19770522,3.2856
19770523,5.6809
19770524,3.5289
19770525,0.74892
19770526,0.95283
19770527,1.484
19770528,0.18919
19770529,18.639
19770530,6.4014
19770531,3.1371
19770601,1.7709
19770602,0.17478
19770603,11.224
19770604,11.69
19770605,3.5805
19770606,1.2565
19770607,2.2893
19770608,0
19770609,0.060179
19770610,3.68
19770611,2.3886
19770612,9.1014
19770613,3.9511
19770614,12.711
19770615,8.6904
19770616,7.8024
19770617,3.8324
19770618,1.6758
19770619,1.6915
19770620,1.1359
19770621,0.55897
19770622,4.3839e-06
19770623,5.6366
19770624,1.1434
19770625,0
19770626,0.0056902
19770627,0
19770628,3.0511
19770629,7.2564
19770630,11.588
19770701,10.39
19770702,0.29603
19770703,0.55034
19770704,0.072885
19770705,1.0506
19770706,0.73452
19770707,0.36609
19770708,0.92988
19770709,0.0026518
19770710,0
19770711,0.0021497
19770712,0.0022927
19770713,0
19770714,0.74297
19770715,0.17267
19770716,0
19770717,0
19770718,0
19770719,0.51778
19770720,1.2005
19770721,0.81946
19770722,0.88426
19770723,7.8317
19770724,3.4079
19770725,0.011335
19770726,2.2783
19770727,4.2132e-05
19770728,0.0035394
19770729,0
19770730,0.006876
19770731,5.3415
19770801,5.5067
19770802,0.00056641
19770803,4.9898
19770804,17.28
19770805,4.4088
19770806,3.5581
19770807,3.2109
19770808,0.14991
19770809,0
19770810,0.00091173
19770811,0.0026078
19770812,1.2928
19770813,7.0345
19770814,0.47825
19770815,0
19770816,0.00019511
19770817,0.0023455
19770818,0.0043345
19770819,1.5061
19770820,1.2632
19770821,0.0011636
19770822,0.2949
19770823,3.0179
19770824,1.314
19770825,0.043998
19770826,0.0040054
19770827,0
19770828,7.8316
19770829,4.9307
19770830,9.8669
19770831,9.3386
19770901,2.7472
19770902,1.1822
19770903,0
19770904,0.00086871
19770905,0
19770906,0.56122
19770907,4.4468
19770908,0.036152
19770909,0.40371
19770910,0.0016409
19770911,0.0010502
19770912,0.0021198
19770913,0
19770914,0
19770915,0.002342
19770916,0.0099879
19770917,2.3792
19770918,0.38028
19770919,3.3239
19770920,1.3737
19770921,1.774
19770922,0
19770923,0.018278
19770924,0
19770925,0.0058905
19770926,2.5975
19770927,1.9619
19770928,1.6238
19770929,3.5564
19770930,9.8165
19771001,16.25
19771002,0
19771003,9.2826
19771004,0.10084
19771005,0.00099681
19771006,0
19771007,0.0021887
19771008,0.00063375
19771009,0.0012746
19771010,0.21281
19771011,2.0294
19771012,16.255
19771013,31.001
19771014,36.147
19771015,11.035
19771016,0.11422
19771017,0
19771018,0
19771019,0.11775
19771020,0.16244
19771021,0
19771022,0
19771023,0.0044873
19771024,0.0028426
19771025,0.062958
19771026,0.10217
19771027,0.65118
19771028,0.0058115
19771029,0.93478
19771030,0
19771031,0.00034007
19771101,12.837
19771102,21.974
19771103,0.28237
19771104,0.0016989
19771105,24.304
19771106,0.025035
19771107,0.010687
19771108,0
19771109,0.0011989
19771110,4.4438e-08
19771111,2.7351e-09
19771112,0.0010485
19771113,0
19771114,0.00182
19771115,0
19771116,0
19771117,0
19771118,0.66084
19771119,11.798
19771120,0.0058442
19771121,0.14892
19771122,0.0036774
19771123,0
19771124,1.0954
19771125,0.030067
19771126,0.001281
19771127,0
19771128,0.005393
19771129,0
19771130,0.004417
19771201,12.033
19771202,49.159
19771203,28.765
19771204,35.566
19771205,0.003911
19771206,1.2157
19771207,39.496
19771208,0.0016084
19771209,0.00082831
19771210,0
19771211,0
19771212,0.0030972
19771213,0
19771214,3.5755
19771215,0.18266
19771216,3.735
19771217,5.4273
19771218,0.027145
19771219,0
19771220,0.099479
19771221,0
19771222,0
19771223,3.0807
19771224,0.14062
19771225,0.21035
19771226,0.0032077
19771227,0
19771228,0.00015111
19771229,0
19771230,0.001658
19771231,0.00042832
19780101,0
19780102,0.00051434
19780103,0.003086
19780104,0
19780105,7.9942e-05
19780106,0.015041
19780107,2.4114
19780108,0
19780109,0.00028206
19780110,7.8849
19780111,0.0017664
19780112,0
19780113,0
19780114,0.0022114
19780115,0
19780116,0.69058
19780117,7.3866
19780118,4.4784
19780119,13.788
19780120,3.7955
19780121,14.636
19780122,0.00334
19780123,0.56826
19780124,0.21549
19780125,0.77495
19780126,0.014123
19780127,0
19780128,0.078359
19780129,0.51774
19780130,21.005
19780131,0.43206
19780201,0.016287
19780202,1.7691
19780203,0.00025781
19780204,0.0023306
19780205,0.66741
19780206,0.018629
19780207,0
19780208,0.00015917
19780209,0.4022
19780210,1.0096
19780211,0.2766
19780212,0.17922
19780213,7.5132
19780214,5.3652
19780215,1.3353
19780216,2.9739
19780217,0.83826
19780218,15.389
19780219,0.71534
19780220,0.0014558
19780221,0.00059784
19780222,0.031603
19780223,0.0044036
19780224,0
19780225,0.0015067
19780226,0.0081449
19780227,0.3404
19780228,0.00022256
19780301,0.49783
19780302,35.898
19780303,26.716
19780304,1.1929
19780305,0.13538
19780306,1.4053
19780307,0.27407
19780308,45.96
19780309,45.52
19780310,6.0175
19780311,0.14614
19780312,1.0718
19780313,33.772
19780314,1.7612
19780315,1.0352e-06
19780316,0.00051151
19780317,0
19780318,0
19780319,0.0010106
19780320,0.00025054
19780321,3.7492
19780322,1.0021
19780323,57.522
19780324,67.255
19780325,3.0503
19780326,0.24497
19780327,0.55085
19780328,7.7526
19780329,26.064
19780330,7.4176
19780331,2.5567
19780401,2.7961
19780402,0.80545
19780403,3.7413
19780404,1.0122
19780405,0.011236
19780406,20.332
19780407,0.18507
19780408,0.084728
19780409,0.14176
19780410,0.38564
19780411,0.095699
19780412,2.5807
19780413,9.63
19780414,0.26636
19780415,0.048827
19780416,0.23479
19780417,1.8043
19780418,0.095554
19780419,0.0021207
19780420,2.8052
19780421,0.7123
19780422,0.0041848
19780423,1.7845
19780424,0.0036444
19780425,0.44081
19780426,0.01136
19780427,0.001153
19780428,0.3193
19780429,0.0029775
19780430,0.0047257
19780501,0.047067
19780502,0.0088638
19780503,0.013719
19780504,0
19780505,3.3026
19780506,0.20415
19780507,13.108
19780508,0.0017993
19780509,0.0026585
19780510,0.00015959
19780511,0.0068183
19780512,0
19780513,0.010157
19780514,6.4035
19780515,5.722
19780516,15.899
19780517,1.8375
19780518,4.7465e-05
19780519,0.55898
19780520,20.227
19780521,16.186
19780522,2.4292
19780523,3.2158
19780524,0.7936
19780525,1.9501
19780526,0.25439
19780527,0
19780528,4.0385
19780529,0.028942
19780530,2.739
19780531,0
19780601,15.966
19780602,0.87577
19780603,0.61153
19780604,20.58
19780605,0.0029118
19780606,17.216
19780607,10.858
19780608,7.7575
19780609,0.0065022
19780610,0
19780611,0.33839
19780612,0
19780613,0.0053483
19780614,0.026937
19780615,0
19780616,0.15621
19780617,0.16048
19780618,0.064738
19780619,0.028611
19780620,0
19780621,0.23843
19780622,0
19780623,0.019768
19780624,0.090704
19780625,0.043316
19780626,0.76559
19780627,0.00073372
19780628,0.0043782
19780629,0
19780630,0
19780701,3.2237
19780702,1.3249
19780703,0.00010512
19780704,0.00084389
19780705,14.243
19780706,3.1063
19780707,0.00053225
19780708,7.0597
19780709,7.1906
19780710,5.6478
19780711,3.5512
19780712,5.1343
19780713,0
19780714,0.15226
19780715,10.342
19780716,4.069
19780717,0.39104
19780718,0.04837
19780719,0.0034991
19780720,0.003154
19780721,0
19780722,0.089925
19780723,3.4336
19780724,9.9352
19780725,9.4981
19780726,5.5233
19780727,1.3952
19780728,3.3424
19780729,6.8809
19780730,5.9002
19780731,6.2392
19780801,0.013036
19780802,0.19003
19780803,0
19780804,0.0010124
19780805,0
19780806,0
19780807,0.0015657
19780808,0.00070169
19780809,0.0037717
19780810,0.00060036
19780811,0.49997
19780812,0.0070011
19780813,0
19780814,1.3649
19780815,5.7541
19780816,1.583
19780817,9.2608
19780818,6.1961
19780819,0.97184
19780820,1.0835
19780821,0.67399
19780822,0.00020564
19780823,0.50357
19780824,0.020045
19780825,3.9235
19780826,0
19780827,0
19780828,8.0114
19780829,12.231
19780830,5.9351
19780831,4.4258
19780901,3.3067
19780902,1.2794
19780903,0
19780904,0.20935
19780905,0.00012186
19780906,0
19780907,0.0005502
19780908,0
19780909,0.0021035
19780910,0.0014949
19780911,0.00021733
19780912,0.001092
19780913,0.0015033
19780914,0
19780915,0.0018302
19780916,5.1211
19780917,1.2819
19780918,0.10124
19780919,0.013307
19780920,0.0090991
19780921,0
19780922,2.5585
19780923,1.3776
19780924,0.074634
19780925,0
19780926,0.0016013
19780927,0.00035595
19780928,0.00026074
19780929,0.52412
19780930,0.0023112
19781001,0.00029691
19781002,0
19781003,0
19781004,0
19781005,0
19781006,0
19781007,0
19781008,0
19781009,0
19781010,0.22339
19781011,11.776
19781012,29.555
19781013,1.9269
19781014,5.8544
19781015,0.023403
19781016,7.1824
19781017,0.0029463
19781018,3.1311
19781019,0.99921
19781020,1.1492
19781021,0.062426
19781022,0.00014132
19781023,0.22794
19781024,0.58502
19781025,3.2412
19781026,0
19781027,2.3876
19781028,0.31784
19781029,0.39064
19781030,0
19781031,0.056384
19781101,0
19781102,0
19781103,0
19781104,0
19781105,0
19781106,0
19781107,0.52049
19781108,0.00094721
19781109,0.011504
19781110,0.56412
19781111,0
19781112,0.48643
19781113,0.0007542
19781114,0.00032838
19781115,0
19781116,2.6437e-09
19781117,1.0175e-09
19781118,0.10432
19781119,1.1873
19781120,0.22184
19781121,0.0054586
19781122,0
19781123,0.0034584
19781124,0.0008122
19781125,0.10813
19781126,3.8469
19781127,29.1
19781128,10.18
19781129,0.0034051
19781130,0.18708
19781201,10.453
19781202,26.95
19781203,2.2341
19781204,0
19781205,0.00073416
19781206,0.26209
19781207,0.25702
19781208,0.0014041
19781209,0.47723
19781210,0
19781211,0.00019616
19781212,0.00031662
19781213,0.001588
19781214,0
19781215,0.33459
19781216,0.0031114
19781217,0
19781218,4.9947e-06
19781219,0.30659
19781220,0.0012572
19781221,0
19781222,0.0028393
19781223,0
19781224,0.011899
19781225,11.148
19781226,1.8663
19781227,0.36483
19781228,3.0558
19781229,0.052636
19781230,0.0013532
19781231,0
19790101,0.010209
19790102,0.13439
19790103,0.00031402
19790104,0.060862
19790105,0.4922
19790106,0.00021976
19790107,0.10051
19790108,2.8162
19790109,0.0032419
19790110,0.0011446
19790111,12.958
19790112,0.017275
19790113,0.015984
19790114,0
19790115,0
19790116,0.16877
19790117,9.211
19790118,0.06864
19790119,0.10232
19790120,0
19790121,0.67109
19790122,1.0127
19790123,0.042803
19790124,3.204
19790125,0.086585
19790126,0
19790127,0.018483
19790128,0.0028112
19790129,0
19790130,0.00017269
19790131,0
19790201,0.11135
19790202,0.012038
19790203,0.58973
19790204,0.89323
19790205,2.4266
19790206,2.6798
19790207,22.601
19790208,4.1949
19790209,0.159
19790210,0.011612
19790211,0.00018525
19790212,0.011336
19790213,0
19790214,0.0003189
19790215,0.0026612
19790216,0
19790217,0.001661
19790218,0
19790219,5.5436
19790220,7.9109
19790221,4.8532
19790222,0.01109
19790223,18.436
19790224,2.8677
19790225,0.003136
19790226,0.00048788
19790227,0.14591
19790228,0.0036278
19790301,0.64789
19790302,0.018741
19790303,0.00064391
19790304,0.01818
19790305,0.41519
19790306,0.1986
19790307,0.00023887
19790308,0.012527
19790309,23.326
19790310,20.518
19790311,4.9515
19790312,0.44436
19790313,2.679
19790314,1.574
19790315,1.3169
19790316,5.9883
19790317,1.5272
19790318,0.61706
19790319,0.00013416
19790320,0.30148
19790321,0.0017165
19790322,1.0052
19790323,0.28279
19790324,0.028232
19790325,0.87132
19790326,0.42346
19790327,0.0036399
19790328,0.24042
19790329,0.00058274
19790330,5.8448
19790331,8.7123
19790401,1.3506
19790402,27.823
19790403,0.13364
19790404,0.36889
19790405,6.9157
19790406,0.69881
19790407,0
19790408,0
19790409,0.68882
19790410,8.8166
19790411,14.018
19790412,14.418
19790413,2.1291
19790414,0.00073293
19790415,3.2117
19790416,10.301
19790417,4.2886
19790418,7.0589
19790419,0.83104
19790420,0.43908
19790421,3.674
19790422,2.4779
19790423,0.13425
19790424,0
19790425,1.2954e-05
19790426,1.524
19790427,0.0029687
19790428,0.00093707
19790429,0.00017948
19790430,0
19790501,0.39531
19790502,0.00018105
19790503,5.2108
19790504,1.2704
19790505,0
19790506,0.0014962
19790507,13.06
19790508,0.003149
19790509,0.0098781
19790510,3.2345
19790511,0.0015629
19790512,0
19790513,0.0024004
19790514,0
19790515,1.679
19790516,0.066658
19790517,0.002021
19790518,1.6429
19790519,6.7736
19790520,1.3766
19790521,4.2161
19790522,2.9961
19790523,0.17093
19790524,0.0013672
19790525,0.033187
19790526,0.094044
19790527,1.0161
19790528,0.14143
19790529,3.4852
19790530,0.0015267
19790531,0.0042443
19790601,0.14987
19790602,0.73725
19790603,14.814
19790604,18.069
19790605,0.010733
19790606,0.00072531
19790607,0.032774
19790608,3.9072
19790609,0.0018171
19790610,0.023132
19790611,0.86634
19790612,5.1325
19790613,37.7
19790614,8.5611
19790615,6.2269
19790616,1.0801
19790617,4.5161
19790618,4.8724
19790619,6.5774
19790620,4.594
19790621,0.56931
19790622,0.0010231
19790623,0.0032551
19790624,0.0011307
19790625,24.788
19790626,2.6073
19790627,4.3442
19790628,3.3574
19790629,1.8408
19790630,0.10676
19790701,5.4231
19790702,4.5093
19790703,4.7763
19790704,2.6242
19790705,3.3608
19790706,2.1735
19790707,6.2642
19790708,4.9844
19790709,12.112
19790710,4.5059
19790711,6.7573
19790712,0.01446
19790713,0.60416
19790714,0.25425
19790715,0
19790716,0.0014576
19790717,0
19790718,0.35421
19790719,0.42364
19790720,0.0075521
19790721,2.2959
19790722,0.0043744
19790723,2.7691
19790724,0.035327
19790725,2.2698
19790726,3.7108
19790727,2.7852
19790728,0.87205
19790729,0
19790730,0
19790731,0.41991
19790801,0.023994
19790802,2.3042
19790803,3.1759
19790804,6.2687
19790805,4.666
19790806,0.68656
19790807,0.46554
19790808,5.4165
19790809,0.042852
19790810,1.8742
19790811,0
19790812,0.0078372
19790813,2.2134
19790814,0
19790815,2.7575
19790816,9.0958
19790817,0.65478
19790818,0.71583
19790819,3.1418
19790820,4.0384
19790821,6.9329
19790822,0.0033043
19790823,1.2334
19790824,4.5338
19790825,13.368
19790826,6.6935
19790827,0.18083
19790828,0
19790829,0
19790830,0
19790831,13.588
19790901,3.0965
19790902,0.031342
19790903,0.13217
19790904,21.563
19790905,10.058
19790906,5.0955
19790907,0.24653
19790908,0.058133
19790909,10.972
19790910,0
19790911,0
19790912,0.0056155
19790913,0.0037261
19790914,0.60016
19790915,17.425
19790916,9.2933
19790917,2.429
19790918,2.2239
19790919,0.40762
19790920,0
19790921,0
19790922,0
19790923,0
19790924,0
19790925,0.0060304
19790926,0
19790927,0
19790928,0.0024712
19790929,0
19790930,12.784
19791001,13.701
19791002,2.7681
19791003,0.71633
19791004,1.1409
19791005,3.0791
19791006,2.4269
19791007,0.29853
19791008,0
19791009,0.0013324
19791010,0
19791011,0
19791012,2.9399
19791013,11.459
19791014,7.0865
19791015,1.6071
19791016,0.40873
19791017,0
19791018,0
19791019,0.029614
19791020,8.755
19791021,0.67231
19791022,0.15971
19791023,3.2744
19791024,20.819
19791025,0.14171
19791026,0.0017911
19791027,2.2163
19791028,0
19791029,0.52162
19791030,5.4149
19791031,4.2889
19791101,0
19791102,1.1073
19791103,3.7573
19791104,1.2497
19791105,0.52423
19791106,4.2133
19791107,12.544
19791108,0.13973
19791109,0.18681
19791110,0.18438
19791111,0
19791112,0.00031957
19791113,0.0084011
19791114,0.092608
19791115,0.23178
19791116,1.329
19791117,0
19791118,0.00093101
19791119,0
19791120,0.097041
19791121,1.677
19791122,0.27942
19791123,0
19791124,1.008
19791125,0.34709
19791126,6.2254
19791127,1.4165
19791128,1.0623
19791129,0.003605
19791130,0.10609
19791201,0
19791202,1.5789
19791203,0.67595
19791204,0.00084683
19791205,7.0891e-06
19791206,0
19791207,0.045229
19791208,0
19791209,0.0005616
19791210,0
19791211,0.0001939
19791212,0.080665
19791213,0
19791214,0.16671
19791215,1.3851
19791216,0.05059
19791217,2.669
19791218,0.78929
19791219,0
19791220,0
19791221,0
19791222,0.0028867
19791223,0.43195
19791224,0.035195
19791225,1.9073e-05
19791226,0
19791227,0.22256
19791228,0.0032269
19791229,0.00072149
19791230,2.6541
19791231,0.0018686
19800101,0.19848
19800102,0.27843
19800103,0.0061025
19800104,4.9801
19800105,0.0016617
19800106,0
19800107,1.5677
19800108,0.0097796
19800109,0
19800110,0.4603
19800111,0.22611
19800112,0.19898
19800113,2.1622
19800114,0.75831
19800115,0.039906
19800116,0.1443
19800117,3.4027e-07
19800118,5.6956e-05
19800119,8.7789e-05
19800120,0
19800121,0.075437
19800122,1.7813
19800123,0.7356
19800124,4.1223
19800125,2.6409
19800126,0.041891
19800127,0
19800128,0
19800129,5.0213
19800130,25.915
19800131,0.57452
19800201,0.066779
19800202,0.75257
19800203,0.041623
19800204,0
19800205,0.00088578
19800206,2.3951e-05
19800207,1.149
19800208,4.037
19800209,1.2448
19800210,0.36678
19800211,0.024389
19800212,0.98458
19800213,0.024391
19800214,0.02167
19800215,0
19800216,0
19800217,0.0033237
19800218,1.541
19800219,2.4461
19800220,0.49442
19800221,0.00038972
19800222,0.10057
19800223,0.21459
19800224,6.4083
19800225,0.35706
19800226,0.66436
19800227,0.0035745
19800228,2.7971
19800229,0.016797
19800301,0.67548
19800302,0.76085
19800303,0.013613
19800304,1.5017
19800305,0.2921
19800306,5.0986
19800307,0.23348
19800308,5.3892
19800309,0.64223
19800310,0.090289
19800311,0.21976
19800312,0.00038637
19800313,2.9253
19800314,0.17219
19800315,0.14702
19800316,0
19800317,0.19952
19800318,0.022585
19800319,0.03804
19800320,2.6524
19800321,3.4275
19800322,1.1847
19800323,0.059251
19800324,4.9255
19800325,0.00010742
19800326,0.0059358
19800327,4.7078
19800328,0
19800329,0.00036822
19800330,0.0044048
19800331,0.0027193
19800401,0
19800402,0.013622
19800403,0.32547
19800404,6.5669
19800405,5.9925
19800406,1.2471
19800407,0.18366
19800408,2.5539
19800409,0.062375
19800410,3.9856
19800411,20.304
19800412,17.13
19800413,0.0019868
19800414,0.0048527
19800415,0.26115
19800416,5.7043
19800417,0.34089
19800418,0
19800419,0.0015168
19800420,3.5984
19800421,0
19800422,0.16948
19800423,2.3451
19800424,0.0022815
19800425,0
19800426,0.00065604
19800427,0
19800428,0.0053467
19800429,3.4425
19800430,0.39682
19800501,0.0091111
19800502,16.522
19800503,0.097064
19800504,0.14249
19800505,0.57767
19800506,1.8316
19800507,4.0507
19800508,0.58786
19800509,0.00061548
19800510,0
19800511,0.0026641
19800512,3.3665
19800513,14.445
19800514,0
19800515,0
19800516,2.3877
19800517,0.00011775
19800518,0
19800519,5.9321
19800520,6.4603
19800521,0.33716
19800522,1.7518
19800523,2.2219
19800524,0.028418
19800525,0.0023473
19800526,1.0743
19800527,11.532
19800528,13.673
19800529,6.906
19800530,12.803
19800531,1.9558
19800601,2.1456
19800602,1.7801
19800603,6.5698
19800604,8.9817
19800605,2.6281
19800606,2.6383e-05
19800607,1.5878
19800608,8.0478
19800609,3.9324
19800610,3.1163
19800611,3.6403
19800612,3.3745
19800613,4.3849
19800614,3.6514
19800615,7.4305
19800616,5.6915
19800617,15.936
19800618,4.5237
19800619,0.33499
19800620,0.0050391
19800621,2.6445
19800622,0.60443
19800623,0.0019556
19800624,0.0044384
19800625,0.00172
19800626,1.3281
19800627,12.949
19800628,0
19800629,1.4306
19800630,10.171
19800701,11.685
19800702,0.7785
19800703,0.0032119
19800704,0.2062
19800705,1.3373
19800706,0.33283
19800707,2.2003
19800708,6.3082
19800709,0.85947
19800710,0.00012842
19800711,0.0063768
19800712,8.0975
19800713,6.4869
19800714,3.3269
19800715,5.8956
19800716,0.15083
19800717,8.1582
19800718,5.9071
19800719,2.883
19800720,6.0727
19800721,11.342
19800722,10.508
19800723,4.9019
19800724,1.8736
19800725,8.9109
19800726,1.2524
19800727,0.43192
19800728,2.5591
19800729,0
19800730,0
19800731,0.0018381
19800801,0.60975
19800802,9.2876
19800803,4.7589
19800804,6.7337
19800805,3.7298
19800806,2.1163
19800807,3.0383
19800808,1.9389
19800809,4.3867
19800810,4.4162
19800811,3.2683
19800812,1.8783
19800813,2.2523
19800814,47.859
19800815,14.325
19800816,0.0029693
19800817,0.0098746
19800818,0.52934
19800819,1.7309
19800820,0
19800821,0.0060469
19800822,0.37917
19800823,0
19800824,0.00069006
19800825,0.82025
19800826,0.0094067
19800827,0.0064198
19800828,5.8916
19800829,3.9867
19800830,1.1113
19800831,2.0735
19800901,0.0022516
19800902,0.11761
19800903,0.39243
19800904,1.071
19800905,2.1542
19800906,0.38364
19800907,0
19800908,0.5266
19800909,0.42687
19800910,0.38338
19800911,0
19800912,0
19800913,0.0013126
19800914,0
19800915,0.00037615
19800916,0
19800917,0.00037079
19800918,0.0018783
19800919,0.92601
19800920,0.00082659
19800921,0
19800922,0
19800923,0
19800924,1.7477
19800925,0.031561
19800926,0.58843
19800927,3.6156
19800928,9.611
19800929,11.439
19800930,1.0581
19801001,2.3906
19801002,1.8229
19801003,9.8844e-05
19801004,31.007
19801005,27.545
19801006,0.03633
19801007,12.217
19801008,31.287
19801009,3.7726
19801010,3.2115
19801011,0.4643
19801012,0.38524
19801013,0
19801014,0.27619
19801015,0
19801016,0.051095
19801017,0.00013687
19801018,1.0419e-09
19801019,0.0026198
19801020,0
19801021,4.3383
19801022,0.88168
19801023,0.82814
19801024,0.32849
19801025,0.0043806
19801026,0.1265
19801027,0.0018016
19801028,0.00031668
19801029,0.00074046
19801030,0.0053784
19801031,0
19801101,0
19801102,0
19801103,0.022776
19801104,1.7636
19801105,0.081183
19801106,0.0065879
19801107,0.0026707
19801108,0
19801109,0.72022
19801110,0.13652
19801111,0.1651
19801112,0.14829
19801113,0.43878
19801114,0.0035957
19801115,4.146
19801116,0
19801117,0
19801118,0.00081091
19801119,0
19801120,0.0014858
19801121,0.00061192
19801122,9.0272
19801123,0.22993
19801124,4.4032
19801125,0.38891
19801126,0.0041547
19801127,5.5305
19801128,0.0096016
19801129,0.022955
19801130,0
19801201,0
19801202,0.0032135
19801203,6.4547e-06
19801204,0.0024731
19801205,0.27919
19801206,0.031369
19801207,0
19801208,0.15138
19801209,5.4356
19801210,1.2976
19801211,0.38669
19801212,0.040366
19801213,0.00106
19801214,0.01206
19801215,0.056226
19801216,3.5831
19801217,0.38669
19801218,0.44277
19801219,1.2572
19801220,2.2997
19801221,0.0027033
19801222,0.0021623
19801223,0
19801224,0.00089028
19801225,1.0164e-06
19801226,0.031851
19801227,0.15149
19801228,0.011835
19801229,0.066508
19801230,0.0044675
19801231,0
19810101,0
19810102,0.09845
19810103,0.28345
19810104,0.041474
19810105,0.010157
19810106,1.8465
19810107,1.0913
19810108,0.40936
19810109,1.9729
19810110,1.0935
19810111,1.0434
19810112,0.0015651
19810113,0
19810114,0
19810115,0.016527
19810116,0
19810117,0
19810118,0.016304
19810119,0.015678
19810120,0.0045627
19810121,4.3217
19810122,0
19810123,0.0041791
19810124,0
19810125,0
19810126,0.0017564
19810127,0
19810128,0.000926
19810129,0.0026416
19810130,0
19810131,0
19810201,0
19810202,0
19810203,0
19810204,0.016727
19810205,15.482
19810206,12.273
19810207,0
19810208,0.00098061
19810209,0.084856
19810210,0.91442
19810211,0
19810212,0.00018919
19810213,0.0035517
19810214,0
19810215,0.0011953
19810216,0.00083223
19810217,0.16637
19810218,3.8241
19810219,7.342
19810220,31.129
19810221,10.14
19810222,1.1182
19810223,0.17021
19810224,0.25495
19810225,28.568
19810226,21.356
19810227,19.836
19810228,0.00087929
19810301,0
19810302,0
19810303,0
19810304,1.8797
19810305,3.4669
19810306,0.00079896
19810307,0.94806
19810308,27.148
19810309,5.3327
19810310,0.80175
19810311,2.1004
19810312,0.9291
19810313,0.11737
19810314,0.00023137
19810315,0.00098042
19810316,0.36406
19810317,2.5187
19810318,20.599
19810319,63.355
19810320,8.3548
19810321,11.206
19810322,0.51347
19810323,0.026867
19810324,5.2537
19810325,0.026422
19810326,0.000732
19810327,0
19810328,0
19810329,0.062151
19810330,1.0623
19810331,1.63
19810401,2.1393
19810402,0.77527
19810403,0
19810404,0.59404
19810405,0.21501
19810406,10.262
19810407,2.3121
19810408,0
19810409,3.4648
19810410,21.762
19810411,7.8899
19810412,11.549
19810413,27.062
19810414,4.9767
19810415,4.9141
19810416,3.2221
19810417,63.218
19810418,7.1933
19810419,0.38895
19810420,0.1114
19810421,0.037314
19810422,0.11573
19810423,0.42637
19810424,2.2314
19810425,0.70388
19810426,1.881
19810427,0.35701
19810428,0.066086
19810429,0.00029859
19810430,0.084104
19810501,0
19810502,0
19810503,8.9752
19810504,78.995
19810505,7.4266
19810506,0.053179
19810507,0.0059569
19810508,1.6982
19810509,2.286
19810510,0
19810511,0.0089497
19810512,0.82746
19810513,0.94626
19810514,0.22988
19810515,5.3213
19810516,5.0772
19810517,2.6261
19810518,4.1001
19810519,4.4697
19810520,0
19810521,0
19810522,0.33235
19810523,3.4763
19810524,3.7557
19810525,4.2826
19810526,0
19810527,0.1614
19810528,0
19810529,4.8851
19810530,0.002566
19810531,0
19810601,0
19810602,0
19810603,0
19810604,0
19810605,0
19810606,0.35998
19810607,4.3601
19810608,2.6022
19810609,3.3776
19810610,7.2508
19810611,13.717
19810612,3.0044
19810613,2.9042
19810614,2.2535
19810615,3.4706
19810616,3.0518
19810617,13.673
19810618,5.8685
19810619,0.2806
19810620,3.4938
19810621,0
19810622,1.6126
19810623,1.902
19810624,0.81969
19810625,3.9814
19810626,0.22736
19810627,4.2442
19810628,1.3172
19810629,0.081334
19810630,4.436
19810701,0
19810702,0.0012516
19810703,0
19810704,17.079
19810705,7.9716
19810706,9.9017
19810707,0.043545
19810708,0.4482
19810709,0.86409
19810710,0.0039405
19810711,4.0807
19810712,0.0032195
19810713,10.478
19810714,11.859
19810715,3.5851
19810716,0
19810717,0.0016236
19810718,0.019549
19810719,2.8698
19810720,4.2499
19810721,0.0048632
19810722,0
19810723,7.3623
19810724,0.49391
19810725,0
19810726,6.6568
19810727,0.11698
19810728,16.216
19810729,0.1615
19810730,0.015021
19810731,0
19810801,1.7877
19810802,0.00019531
19810803,0
19810804,0.66728
19810805,0
19810806,0.45813
19810807,0.003214
19810808,0
19810809,0.68045
19810810,1.6348
19810811,4.9751
19810812,2.2603
19810813,5.1837
19810814,3.306
19810815,5.4371
19810816,21.844
19810817,17.811
19810818,0.0020319
19810819,0.023247
19810820,4.2184
19810821,0.00079019
19810822,3.7024
19810823,0.0035639
19810824,3.1028
19810825,0.0083994
19810826,0
19810827,0.11111
19810828,0.0039841
19810829,0
19810830,0.46498
19810831,0.02656
19810901,0
19810902,3.9155
19810903,0
19810904,0.00011321
19810905,0.0001155
19810906,0.29632
19810907,0
19810908,0.00072452
19810909,0
19810910,0
19810911,0.00084538
19810912,0.00158
19810913,0.031049
19810914,0
19810915,0
19810916,0.00010459
19810917,0.36781
19810918,0
19810919,1.3953
19810920,3.8067
19810921,2.0759
19810922,0.0080189
19810923,1.0909
19810924,0.87328
19810925,2.8435
19810926,9.1834
19810927,12.871
19810928,2.0856
19810929,0
19810930,1.9919
19811001,10.589
19811002,0.17195
19811003,0.078301
19811004,14.455
19811005,5.2388
19811006,4.446
19811007,0.048667
19811008,5.2781
19811009,8.6931
19811010,0.38135
19811011,0.0011347
19811012,1.6639
19811013,6.4648
19811014,1.0359
19811015,2.5489
19811016,1.5337
19811017,0
19811018,0.3411
19811019,19.106
19811020,4.6959
19811021,0.07983
19811022,0.0056462
19811023,0
19811024,0.018287
19811025,0.0042002
19811026,0.27656
19811027,0.0044954
19811028,0.68476
19811029,2.8276
19811030,1.5142
19811031,4.2185e-07
19811101,1.6539
19811102,5.0091
19811103,0
19811104,0.094183
19811105,0.013298
19811106,0.0032047
19811107,0.0025049
19811108,15.053
19811109,16.692
19811110,0.0040708
19811111,0.0081807
19811112,0.059093
19811113,0.11039
19811114,0.022685
19811115,0.69877
19811116,1.2337
19811117,0.052956
19811118,0.43647
19811119,0
19811120,0.063259
19811121,1.3657
19811122,0.25672
19811123,0
19811124,0
19811125,0.00091651
19811126,0.004328
19811127,0
19811128,0.0016823
19811129,0
19811130,0.00037904
19811201,0.10532
19811202,4.7715e-05
19811203,0.1584
19811204,0.00076264
19811205,0
19811206,0
19811207,0.001325
19811208,0
19811209,0.0090281
19811210,0.0091733
19811211,0
19811212,0.0012824
19811213,0.00064008
19811214,0.00045167
19811215,0
19811216,0.12946
19811217,0.94143
19811218,0.21272
19811219,3.8214
19811220,0.047463
19811221,0.00078818
19811222,0.00078826
19811223,2.6392
19811224,13.557
19811225,0.032661
19811226,0.0004454
19811227,0.25387
19811228,0.033756
19811229,1.1185
19811230,0.00078842
19811231,0
19820101,0
19820102,0
19820103,0
19820104,0
19820105,0
19820106,0
19820107,0
19820108,0
19820109,0
19820110,0
19820111,0
19820112,0
19820113,0
19820114,0
19820115,0
19820116,0
19820117,0
19820118,0
19820119,0
19820120,0
19820121,0
19820122,0
19820123,0
19820124,0
19820125,0.034409
19820126,0.15396
19820127,0.0055673
19820128,0
19820129,0
19820130,0.0017298
19820131,2.8532
19820201,1.5943
19820202,0.0061542
19820203,0.00039504
19820204,0.0019442
19820205,0
19820206,18.597
19820207,9.0791
19820208,2.5783
19820209,1.1133e-05
19820210,0.11474
19820211,0.48924
19820212,0.31405
19820213,2.1168
19820214,2.3318
19820215,0.0088599
19820216,2.7207
19820217,5.3522
19820218,1.3155
19820219,0.25443
19820220,0.10215
19820221,0.711
19820222,0.00048794
19820223,0
19820224,0.0014585
19820225,0
19820226,0
19820227,0.00027956
19820228,0.00053145
19820301,0.096982
19820302,0.00039763
19820303,0.023049
19820304,2.5501
19820305,0.32603
19820306,0.16217
19820307,0.015005
19820308,0.09209
19820309,0.57451
19820310,0.001043
19820311,0.14027
19820312,0
19820313,0.015075
19820314,0
19820315,0.00021371
19820316,0
19820317,0.00042511
19820318,0.0019369
19820319,0
19820320,1.9798
19820321,1.7965
19820322,2.6143
19820323,6.5025
19820324,0
19820325,0.0014691
19820326,0.010007
19820327,0.0060946
19820328,0.00071766
19820329,0
19820330,0
19820331,8.4439e-06
19820401,0
19820402,1.2708
19820403,0.021387
19820404,5.059
19820405,4.9795
19820406,7.5891
19820407,1.6346
19820408,2.9457
19820409,1.5113
19820410,1.3188
19820411,0
19820412,0.080096
19820413,1.1814e-09
19820414,10.274
19820415,4.4633
19820416,0
19820417,0.0068777
19820418,0.33502
19820419,0.1597
19820420,0
19820421,7.7769
19820422,7.3099
19820423,0
19820424,0.0015399
19820425,0.00057282
19820426,0.8206
19820427,2.1908
19820428,0
19820429,0.00025146
19820430,0.025016
19820501,1.4507
19820502,0.00012675
19820503,0
19820504,0.74975
19820505,0.31935
19820506,0.0018761
19820507,2.5521
19820508,7.5651
19820509,4.1186
19820510,6.8007
19820511,0.40529
19820512,0.60076
19820513,0.0082219
19820514,5.8349e-08
19820515,0
19820516,0
19820517,0.0088166
19820518,0.015246
19820519,0.0055256
19820520,0.26632
19820521,0
19820522,0
19820523,0.012451
19820524,0.00013417
19820525,0.4715
19820526,0.017158
19820527,0
19820528,0.87569
19820529,5.6507
19820530,3.4826
19820531,0.48959
19820601,2.1944
19820602,0.071951
19820603,0.06404
19820604,4.4543
19820605,5.0952
19820606,1.5791
19820607,0.0017948
19820608,0.0046751
19820609,0
19820610,0.51591
19820611,0.0017239
19820612,0
19820613,0.00072364
19820614,3.3706
19820615,0.38014
19820616,1.5337
19820617,0.66496
19820618,0
19820619,0
19820620,0.0037705
19820621,0.0020691
19820622,0
19820623,0.0058665
19820624,3.2222
19820625,16.063
19820626,13.568
19820627,0.41909
19820628,0.20463
19820629,0.021057
19820630,0.36711
19820701,2.5775
19820702,2.971
19820703,3.1377
19820704,0.0014066
19820705,0.69712
19820706,0.0021804
19820707,4.972
19820708,7.2202
19820709,12.046
19820710,7.5035
19820711,0.47131
19820712,10.215
19820713,2.819
19820714,10.727
19820715,1.4222
19820716,8.8874
19820717,7.7486
19820718,18.371
19820719,6.31
19820720,0
19820721,0
19820722,0.0012436
19820723,0.0036789
19820724,0.27403
19820725,0.11939
19820726,26.486
19820727,73.678
19820728,1.0443
19820729,0.00059213
19820730,0.26519
19820731,1.1468
19820801,0.00033548
19820802,0.053097
19820803,12.663
19820804,1.7421
19820805,1.9402
19820806,2.9613
19820807,0.00094842
19820808,1.8508
19820809,0.010716
19820810,0
19820811,0.010018
19820812,6.4901
19820813,0.57303
19820814,0.13899
19820815,2.8795
19820816,3.4918
19820817,1.6264
19820818,0.00086157
19820819,0
19820820,0
19820821,1.2031
19820822,0
19820823,0
19820824,0
19820825,3.3839
19820826,0.19114
19820827,0
19820828,0
19820829,8.9909e-10
19820830,7.0244e-07
19820831,0.015939
19820901,4.0303
19820902,4.4206
19820903,0
19820904,0.019183
19820905,2.5655
19820906,3.995
19820907,12.762
19820908,5.8272
19820909,0
19820910,0.0018958
19820911,0.00021882
19820912,0
19820913,0
19820914,0.027527
19820915,0.006512
19820916,0.0023762
19820917,0.00011863
19820918,0
19820919,0
19820920,0.0050538
19820921,0
19820922,10.583
19820923,3.2639
19820924,1.3635
19820925,0.018015
19820926,47.849
19820927,1.7255
19820928,28.182
19820929,6.9769
19820930,0
19821001,0
19821002,0.42761
19821003,1.5751
19821004,3.338
19821005,9.3242
19821006,11.892
19821007,53.746
19821008,7.9983
19821009,6.0166
19821010,6.7612
19821011,0
19821012,0.00049242
19821013,0.0010709
19821014,0
19821015,0.011082
19821016,0.0024036
19821017,0
19821018,0.0010005
19821019,0.047012
19821020,0.94367
19821021,0.52841
19821022,0.019634
19821023,0.54546
19821024,2.2656
19821025,1.0864
19821026,0.93038
19821027,0.021694
19821028,0.20312
19821029,0.41006
19821030,0.75684
19821031,0.050733
19821101,23.685
19821102,6.5079
19821103,2.8684
19821104,18.082
19821105,0.34069
19821106,7.5412
19821107,11.866
19821108,0.26448
19821109,4.6853e-05
19821110,0.002092
19821111,0.16536
19821112,0.001575
19821113,1.1212
19821114,1.4332
19821115,0.00034495
19821116,14.391
19821117,19.913
19821118,5.7079
19821119,2.0179
19821120,5.2631
19821121,0
19821122,0.012151
19821123,0.013346
19821124,1.7375
19821125,0
19821126,0.35251
19821127,3.1762
19821128,0.021382
19821129,0.040769
19821130,1.6132
19821201,29.046
19821202,13.2
19821203,0.28101
19821204,0.000415
19821205,0.00015622
19821206,0.00098701
19821207,2.6418
19821208,4.3743
19821209,20.279
19821210,12.859
19821211,2.3255
19821212,8.36
19821213,7.5008
19821214,6.2398
19821215,17.822
19821216,1.7094
19821217,7.2155
19821218,20.456
19821219,24.737
19821220,0.2601
19821221,0.0062034
19821222,12.829
19821223,17.069
19821224,0.17161
19821225,0.79765
19821226,1.509
19821227,1.1048
19821228,0.30542
19821229,0
19821230,0.32965
19821231,0.29574
19830101,20.541
19830102,22.712
19830103,0
19830104,1.3425
19830105,2.9851
19830106,0.0068216
19830107,0.0012944
19830108,0.00087941
19830109,0.0082409
19830110,0
19830111,0.0032541
19830112,0
19830113,0.0017038
19830114,20.079
19830115,8.0455
19830116,0.15465
19830117,0
19830118,0
19830119,0.58647
19830120,0
19830121,2.841
19830122,0.0011112
19830123,0.00033633
19830124,0.0031067
19830125,7.7116e-05
19830126,0.0022642
19830127,0.52509
19830128,0.00073309
19830129,0
19830130,0.049269
19830131,0.0154
19830201,0
19830202,5.6721
19830203,0.45407
19830204,0
19830205,0.29536
19830206,0.33727
19830207,0.0038654
19830208,0.012352
19830209,0.12371
19830210,0.93443
19830211,7.0127
19830212,20.411
19830213,51.146
19830214,8.6695
19830215,11.327
19830216,4.1673
19830217,0.022756
19830218,0.61651
19830219,45.791
19830220,0.15944
19830221,0.20805
19830222,0.036747
19830223,0
19830224,0
19830225,0
19830226,0.16905
19830227,0.14733
19830228,0
19830301,0.00011947
19830302,0.11836
19830303,0.86748
19830304,9.4999
19830305,1.8447
19830306,6.4535
19830307,0.75634
19830308,0
19830309,0.00034536
19830310,0.00093387
19830311,0.95165
19830312,0
19830313,0.11904
19830314,13.269
19830315,0.056802
19830316,0.03019
19830317,10.057
19830318,3.4533
19830319,2.2875
19830320,19.659
19830321,3.3497
19830322,5.0933e-05
19830323,0
19830324,0
19830325,0.31239
19830326,0.24534
19830327,0.10568
19830328,2.9402
19830329,3.127
19830330,7.8292
19830331,23.994
19830401,3.3836
19830402,8.1309
19830403,0.21111
19830404,0
19830405,0.0012666
19830406,0.34034
19830407,0.24688
19830408,0.28889
19830409,2.3043
19830410,2.294
19830411,0.87574
19830412,0.90594
19830413,2.4716
19830414,1.7925
19830415,3.0756
19830416,7.1646
19830417,2.3336
19830418,5.7664
19830419,2.8234
19830420,5.8537
19830421,0.16786
19830422,0
19830423,0.0018483
19830424,0.00068589
19830425,0.3728
19830426,0.00017984
19830427,0
19830428,0.0076041
19830429,4.3749
19830430,0
19830501,0
19830502,0
19830503,2.4171
19830504,5.1016
19830505,3.635
19830506,0.88577
19830507,3.9914
19830508,11.235
19830509,0.0085252
19830510,0
19830511,0.47024
19830512,0
19830513,0.50009
19830514,6.6999
19830515,5.282
19830516,1.9105
19830517,0.015081
19830518,0.0011351
19830519,0.0027215
19830520,0.34661
19830521,0.00023836
19830522,0.0011713
19830523,0.00015693
19830524,0
19830525,0.0019709
19830526,0.0034125
19830527,0.74266
19830528,0.005097
19830529,10.323
19830530,0.1053
19830531,16.221
19830601,13.418
19830602,0.24292
19830603,21.243
19830604,64.664
19830605,0.15328
19830606,0.032073
19830607,0.20461
19830608,2.5645
19830609,8.805
19830610,5.7793
19830611,1.678
19830612,9.6294
19830613,4.8711
19830614,1.0003
19830615,0
19830616,0.086511
19830617,0
19830618,0.018499
19830619,3.104
19830620,0.006378
19830621,0.27606
19830622,0.01689
19830623,0
19830624,0.75005
19830625,0.18558
19830626,0.062193
19830627,0
19830628,0.0048969
19830629,0.04611
19830630,11.238
19830701,0.0033184
19830702,0
19830703,2.6944
19830704,0.0276
19830705,2.9458
19830706,11.085
19830707,4.8992
19830708,0
19830709,0
19830710,0.0014063
19830711,5.2931e-07
19830712,0.16088
19830713,0.0019867
19830714,8.1294
19830715,4.8636
19830716,0
19830717,0.0010234
19830718,0
19830719,0.75141
19830720,2.2675
19830721,4.1023
19830722,2.3729
19830723,0.0020302
19830724,0.0021701
19830725,0.0011478
19830726,2.3242
19830727,0.18836
19830728,0.0020978
19830729,7.1744
19830730,2.6132
19830731,0.00084695
19830801,0.0019563
19830802,0.00070166
19830803,0
19830804,0
19830805,0.22414
19830806,0.6406
19830807,2.4065
19830808,0.0019621
19830809,0.0028633
19830810,0.00079736
19830811,0.0017776
19830812,0.0021648
19830813,0
19830814,0.00044946
19830815,0.0039896
19830816,0
19830817,0.00052119
19830818,0
19830819,0.0011708
19830820,0
19830821,0.43494
19830822,0.6587
19830823,0.81507
19830824,2.7225
19830825,0.0013837
19830826,0.0014224
19830827,0.0059191
19830828,0.079487
19830829,0.59474
19830830,0.0086471
19830831,0.0048028
19830901,0.00092808
19830902,0.00017111
19830903,0.076288
19830904,12.794
19830905,0.16699
19830906,0.0012558
19830907,0.25584
19830908,0.54661
19830909,0.0017317
19830910,0.002823
19830911,0
19830912,0.30578
19830913,0
19830914,0.53635
19830915,6.8737
19830916,0.0033579
19830917,0.615
19830918,4.5904
19830919,1.8229
19830920,0
19830921,0.0038133
19830922,0
19830923,0.020384
19830924,0.0023567
19830925,0.00031569
19830926,2.7789
19830927,0
19830928,0.0082215
19830929,1.2861
19830930,0.021358
19831001,0.0017787
19831002,0.00046508
19831003,3.15e-05
19831004,0.35213
19831005,0.54147
19831006,3.6133
19831007,6.3385
19831008,0.22322
19831009,1.044
19831010,9.1843
19831011,9.8788
19831012,0.60238
19831013,4.4837
19831014,0.002817
19831015,0
19831016,0.0020966
19831017,3.3263
19831018,14.897
19831019,9.3215
19831020,6.2214
19831021,4.9126
19831022,0
19831023,0.0061126
19831024,0
19831025,0.50261
19831026,2.1354
19831027,2.0204
19831028,1.4917
19831029,4.8263
19831030,3.5502
19831031,0
19831101,1.8251
19831102,0.0058337
19831103,0.019033
19831104,1.7068
19831105,4.684
19831106,4.6869
19831107,0.56447
19831108,14.087
19831109,7.1279
19831110,0.16965
19831111,0.0011937
19831112,0.0010558
19831113,0
19831114,0.0014543
19831115,0.00018284
19831116,0
19831117,0.00018757
19831118,0.00039378
19831119,0.0013595
19831120,0
19831121,0.0084858
19831122,0
19831123,0.026084
19831124,2.9675
19831125,0.60468
19831126,0.0071347
19831127,0.65094
19831128,1.7559
19831129,0.42682
19831130,6.1107
19831201,0
19831202,0
19831203,0
19831204,0.017371
19831205,1.7408
19831206,0.31532
19831207,30.152
19831208,36.861
19831209,15.119
19831210,28.51
19831211,29.363
19831212,2.1523
19831213,0
19831214,0.45057
19831215,0.0038984
19831216,0
19831217,2.6447
19831218,2.8387
19831219,0
19831220,0
19831221,0.0039253
19831222,0
19831223,0.0038195
19831224,0
19831225,0.1051
19831226,0.016791
19831227,0
19831228,0.0016659
19831229,1.7506
19831230,0.071246
19831231,1.1919
19840101,0
19840102,0
19840103,0
19840104,0.088761
19840105,8.0841e-05
19840106,0
19840107,0
19840108,0.00025149
19840109,0.0060684
19840110,0.82026
19840111,0.00297
19840112,0
19840113,0
19840114,0
19840115,0.0013336
19840116,0
19840117,0
19840118,0.068767
19840119,0.014123
19840120,0.03264
19840121,0.85548
19840122,1.473
19840123,12.705
19840124,0.78695
19840125,0
19840126,0.00058166
19840127,0
19840128,0.012434
19840129,0.0015986
19840130,0.00024036
19840131,0.0079563
19840201,0.0041109
19840202,0
19840203,2.6681e-05
19840204,0
19840205,0.30843
19840206,0
19840207,0.77683
19840208,0.017646
19840209,0
19840210,0.00015554
19840211,0
19840212,0.0031508
19840213,0
19840214,0.0047487
19840215,0
19840216,0.0023692
19840217,0.23923
19840218,0
19840219,0.004063
19840220,0.00042685
19840221,0.016422
19840222,0.0049244
19840223,0
19840224,0.013527
19840225,0.0043153
19840226,10.736
19840227,0.090124
19840228,3.3976
19840229,0
19840301,0.22104
19840302,0.00032874
19840303,0
19840304,3.9607
19840305,0.13257
19840306,0.036994
19840307,0.042445
19840308,0.58932
19840309,4.9444
19840310,0.00016547
19840311,0.088234
19840312,0.015075
19840313,0.26468
19840314,0.032431
19840315,0.55183
19840316,0
19840317,0.0014559
19840318,0.001588
19840319,0.0014151
19840320,0.0014868
19840321,0.17879
19840322,0
19840323,0.0079076
19840324,0.18271
19840325,1.5592e-07
19840326,0.00059035
19840327,0.026425
19840328,0.34919
19840329,0.0010729
19840330,0.0021651
19840331,2.1869
19840401,0.0054037
19840402,0.47222
19840403,0.50838
19840404,0.00072993
19840405,2.4574e-05
19840406,4.516e-09
19840407,2.8366
19840408,0.81226
19840409,0.58279
19840410,0.0011174
19840411,0.28555
19840412,2.4717
19840413,4.0192
19840414,5.6423
19840415,3.868
19840416,4.8716
19840417,0.0013182
19840418,0
19840419,0.0019562
19840420,0.24843
19840421,5.4113
19840422,0.91065
19840423,0.14456
19840424,3.356
19840425,0
19840426,0.27704
19840427,1.265
19840428,1.8699
19840429,2.8732
19840430,2.7275
19840501,0
19840502,0
19840503,0.00039074
19840504,0.092212
19840505,1.391
19840506,1.0928
19840507,0.17693
19840508,0.00030016
19840509,0
19840510,0.076896
19840511,5.9267
19840512,14.527
19840513,5.6
19840514,0.55159
19840515,0
19840516,0
19840517,2.0917
19840518,0.19237
19840519,0.0075256
19840520,0.00031452
19840521,4.2061
19840522,0
19840523,0.0017287
19840524,0
19840525,17.84
19840526,25.43
19840527,1.5966
19840528,0.79001
19840529,0.12845
19840530,0.037124
19840531,5.4209
19840601,0
19840602,0.76088
19840603,4.2629
19840604,0.077128
19840605,2.588
19840606,0.17769
19840607,0.11616
19840608,0.013911
19840609,2.7491
19840610,0.98539
19840611,1.0741
19840612,0.16288
19840613,0.00053098
19840614,3.3728
19840615,1.4585
19840616,0
19840617,0.66716
19840618,11.071
19840619,2.2313
19840620,0
19840621,0.00399
19840622,5.8596
19840623,0.056895
19840624,9.834
19840625,7.277
19840626,2.82
19840627,3.7725
19840628,3.927
19840629,0.4323
19840630,0.00074125
19840701,0.00083308
19840702,0.0010101
19840703,0
19840704,0.004818
19840705,10.773
19840706,0.0029411
19840707,17.344
19840708,6.1201
19840709,0.0037616
19840710,0
19840711,0.0083395
19840712,0
19840713,1.1807
19840714,2.3437
19840715,0.0042483
19840716,1.3665
19840717,0.73096
19840718,0.01755
19840719,20.87
19840720,11.5
19840721,4.1188
19840722,0.11005
19840723,0.47811
19840724,0
19840725,0
19840726,0.0035032
19840727,0.0071012
19840728,0.0013101
19840729,0.0058378
19840730,0
19840731,0.010958
19840801,4.1148
19840802,0.027497
19840803,0
19840804,0.010226
19840805,1.7074
19840806,18.816
19840807,6.3334
19840808,0.00041161
19840809,0
19840810,3.4274
19840811,3.6086
19840812,1.1652
19840813,0.096111
19840814,0
19840815,0.013571
19840816,6.8138
19840817,9.7601
19840818,68.023
19840819,0.013528
19840820,0.019536
19840821,1.2243
19840822,1.1154
19840823,10.805
19840824,0.19237
19840825,8.5071
19840826,4.3834
19840827,1.7767
19840828,1.9633
19840829,0
19840830,3.8082
19840831,0.016757
19840901,3.266
19840902,0.0024466
19840903,0.28397
19840904,0
19840905,8.7505e-05
19840906,0.00024119
19840907,0.0001425
19840908,0.00019796
19840909,0
19840910,49.021
19840911,2.0433
19840912,5.5588
19840913,0.0034963
19840914,0.034279
19840915,0
19840916,0.0004668
19840917,0.00047044
19840918,0.0015913
19840919,0.0019862
19840920,1.2425
19840921,0.97964
19840922,1.6553
19840923,3.2715
19840924,2.5075
19840925,3.5152
19840926,4.1873
19840927,7.0516
19840928,0.22549
19840929,0
19840930,0
19841001,0.53259
19841002,0
19841003,0.00044134
19841004,0.00024697
19841005,0
19841006,0
19841007,2.7224
19841008,1.901
19841009,0.88437
19841010,0.59973
19841011,0.81106
19841012,0.40739
19841013,3.4685
19841014,32.507
19841015,81.441
19841016,8.2357
19841017,136.26
19841018,5.0262
19841019,0.064118
19841020,0.70861
19841021,0.0049594
19841022,1.1415
19841023,2.6966
19841024,14.705
19841025,0.36713
19841026,0.043629
19841027,0.061397
19841028,1.8787
19841029,0.5619
19841030,6.2591
19841031,9.3217
19841101,0
19841102,0
19841103,11.623
19841104,30.713
19841105,0.33241
19841106,5.239
19841107,5.9924
19841108,1.8651
19841109,2.6384
19841110,0.22049
19841111,6.1306
19841112,29.982
19841113,0.012231
19841114,0.34378
19841115,5.5279
19841116,0.92933
19841117,0.050389
19841118,0
19841119,0.021556
19841120,4.241e-11
19841121,0
19841122,1.589
19841123,8.7958
19841124,0.37865
19841125,0.29132
19841126,0
19841127,5.6284e-06
19841128,0.015046
19841129,0.73843
19841130,1.7829
19841201,0.52309
19841202,0.074318
19841203,0.1158
19841204,0.01599
19841205,0
19841206,0
19841207,0.0015701
19841208,0
19841209,0
19841210,8.7499e-05
19841211,0.0031389
19841212,0.0025682
19841213,6.7722
19841214,9.7197
19841215,0.42546
19841216,4.0549e-05
19841217,0.0016214
19841218,3.8502e-05
19841219,0.00073038
19841220,0
19841221,0.0021566
19841222,0
19841223,0.0017782
19841224,0.0043
19841225,0
19841226,0.39001
19841227,0
19841228,4.2483
19841229,0.57593
19841230,0.45824
19841231,0.41821
19850101,0.00043816
19850102,0.38492
19850103,1.4742
19850104,0.61227
19850105,0.0029958
19850106,1.1114
19850107,0.22525
19850108,0.89641
19850109,5.1638
19850110,0
19850111,0.0018722
19850112,0
19850113,0
19850114,0.0019872
19850115,0
19850116,0.0018752
19850117,3.6106
19850118,0.80885
19850119,0.0020802
19850120,0.00053343
19850121,4.0955
19850122,23.044
19850123,5.0333
19850124,24.373
19850125,0.0015868
19850126,0.49931
19850127,5.1061
19850128,41.188
19850129,0.10763
19850130,0.0087614
19850131,9.0324
19850201,8.6466
19850202,5.2801
19850203,0.052899
19850204,0
19850205,0.0026237
19850206,0.012211
19850207,0.00079054
19850208,0
19850209,0.0019983
19850210,0
19850211,0.50828
19850212,0
19850213,0
19850214,0.0011898
19850215,0.0020143
19850216,0
19850217,0
19850218,0.0022854
19850219,0.030118
19850220,0.54676
19850221,13.909
19850222,49.981
19850223,1.6376
19850224,0.68003
19850225,0.67218
19850226,14.11
19850227,1.8756
19850228,0.32375
19850301,0.30575
19850302,0.082761
19850303,15.767
19850304,0
19850305,0.00031423
19850306,8.1919e-05
19850307,0
19850308,0.00022881
19850309,0
19850310,0.00050745
19850311,0
19850312,0.92731
19850313,2.93
19850314,0.0083074
19850315,0
19850316,0.00032185
19850317,0.51553
19850318,0.053618
19850319,0.00084942
19850320,0.00087199
19850321,0.28292
19850322,0.00043521
19850323,0.00087946
19850324,0.037311
19850325,0
19850326,1.3861
19850327,1.2993
19850328,0.059465
19850329,0
19850330,0.00068915
19850331,0.000504
19850401,0.13389
19850402,0.036033
19850403,0.00014316
19850404,0.052016
19850405,0
19850406,0
19850407,0
19850408,0.00064636
19850409,0.099737
19850410,0
19850411,5.4291
19850412,10.625
19850413,1.9423
19850414,0.25389
19850415,1.5661
19850416,0.4465
19850417,0.0051597
19850418,0.0074549
19850419,0.63747
19850420,0.22886
19850421,2.0689
19850422,0.0018457
19850423,0.39121
19850424,0.0014306
19850425,0.0011583
19850426,0
19850427,0.0011316
19850428,0.00040062
19850429,0.37557
19850430,2.0971
19850501,0
19850502,0.59588
19850503,4.1643
19850504,0.59377
19850505,1.6852
19850506,8.9102e-06
19850507,0.00049247
19850508,0
19850509,0
19850510,0.00085888
19850511,7.5925e-05
19850512,0.00044785
19850513,0.36369
19850514,3.2324
19850515,0.53607
19850516,1.1031
19850517,2.0354
19850518,0.53459
19850519,0.0024926
19850520,3.3236
19850521,0.088923
19850522,0.00044576
19850523,0.0046182
19850524,0.0088199
19850525,0.0023874
19850526,1.5379
19850527,7.965
19850528,1.4508
19850529,4.4128
19850530,15.175
19850531,17.783
19850601,13.613
19850602,6.7877
19850603,2.5849
19850604,2.0639
19850605,4.1761
19850606,4.458
19850607,1.1213
19850608,0.00077721
19850609,0.0029929
19850610,0.0022727
19850611,0.013432
19850612,1.1283
19850613,13.048
19850614,0.0079135
19850615,14.238
19850616,85.667
19850617,41.588
19850618,3.5466
19850619,10.33
19850620,13.243
19850621,7.646
19850622,2.2657
19850623,0.0018334
19850624,6.1006
19850625,5.4024
19850626,0.11436
19850627,0.52626
19850628,13.812
19850629,0
19850630,2.8205
19850701,0
19850702,0
19850703,0
19850704,0
19850705,0.0029087
19850706,0.2778
19850707,0.00088786
19850708,0.89433
19850709,0
19850710,0.0040916
19850711,0
19850712,5.4742
19850713,3.8215
19850714,3.3538
19850715,2.5871
19850716,2.4473
19850717,1.4251
19850718,0.00052107
19850719,0.00020606
19850720,0.0029175
19850721,2.7943
19850722,0.00035991
19850723,28.574
19850724,8.267
19850725,24.47
19850726,3.2816
19850727,0.032311
19850728,0
19850729,0
19850730,2.4254
19850731,10.825
19850801,3.686
19850802,2.6022
19850803,1.9365
19850804,5.9019
19850805,5.6105
19850806,3.2997
19850807,1.0307
19850808,0
19850809,4.6152
19850810,0.35752
19850811,3.0881
19850812,3.4583
19850813,0.46119
19850814,1.3257
19850815,0.59531
19850816,0
19850817,6.3082e-05
19850818,0.2809
19850819,0
19850820,2.4091
19850821,0.15391
19850822,3.0655
19850823,0
19850824,7.69
19850825,0.33864
19850826,1.6122
19850827,2.6408
19850828,9.011
19850829,0.94671
19850830,0.13121
19850831,0
19850901,0.056332
19850902,3.6918
19850903,2.8429
19850904,7.6026
19850905,7.3791
19850906,3.2273
19850907,1.8559
19850908,2.856
19850909,0.33568
19850910,0.50911
19850911,4.4059
19850912,7.3767
19850913,14.843
19850914,5.0618
19850915,13.462
19850916,0.1658
19850917,0.092302
19850918,4.0204
19850919,0.64325
19850920,3.9915
19850921,13.399
19850922,3.2547
19850923,0
19850924,0.39147
19850925,4.0599
19850926,6.0305
19850927,6.8579
19850928,0.3991
19850929,0.18172
19850930,0
19851001,0
19851002,0.13402
19851003,0.00018885
19851004,0
19851005,0.57358
19851006,4.5171
19851007,2.716
19851008,0
19851009,0.0021161
19851010,0
19851011,0.0025474
19851012,3.6055
19851013,1.549
19851014,16.144
19851015,18.177
19851016,16.741
19851017,0.010632
19851018,30.088
19851019,8.528
19851020,0.96481
19851021,2.788
19851022,0.010168
19851023,0
19851024,0.0033485
19851025,0
19851026,0.30255
19851027,0.25111
19851028,3.3016
19851029,0
19851030,12.7
19851031,0.17391
19851101,0.47743
19851102,0.021146
19851103,0.0014646
19851104,0.00046282
19851105,0
19851106,1.7712
19851107,0.0061951
19851108,0.0088279
19851109,0
19851110,0.00070487
19851111,0.039106
19851112,0.001549
19851113,0
19851114,0.0019186
19851115,0.00023478
19851116,0
19851117,0.0049468
19851118,0.033657
19851119,0.011111
19851120,0.33398
19851121,0
19851122,0.058908
19851123,0.0085926
19851124,0.14374
19851125,0.43265
19851126,0.0027666
19851127,0.0055855
19851128,0
19851129,0.0061608
19851130,0.026301
19851201,0.0030561
19851202,12.284
19851203,0
19851204,1.3703
19851205,4.3076
19851206,0.030914
19851207,0.0018411
19851208,0
19851209,0.00040037
19851210,0.00036543
19851211,0
19851212,3.0231
19851213,0.89128
19851214,2.0841e-05
19851215,0
19851216,0.0022305
19851217,0.0046411
19851218,4.0788
19851219,0.26583
19851220,0.055243
19851221,0.0039182
19851222,0.49381
19851223,0.064212
19851224,0.00024568
19851225,0.053344
19851226,0.003288
19851227,0
19851228,0.0029608
19851229,0
19851230,0.0038791
19851231,0.19389
19860101,1.0371
19860102,3.2219
19860103,0.00037436
19860104,1.8793
19860105,7.2463
19860106,0.83286
19860107,1.8342e-05
19860108,0.16513
19860109,0.18982
19860110,0.37124
19860111,0
19860112,0
19860113,0.0020124
19860114,0.12988
19860115,0.026856
19860116,0
19860117,0.15944
19860118,0.53745
19860119,0.0034141
19860120,1.7106
19860121,1.5562
19860122,0.48055
19860123,2.3064
19860124,4.3192
19860125,0.93654
19860126,4.0263
19860127,4.5839
19860128,0.0010059
19860129,0.0013077
19860130,3.0928
19860131,0.0017723
19860201,4.4982
19860202,4.0079
19860203,0.021783
19860204,0.00092929
19860205,0
19860206,21.031
19860207,13.284
19860208,0.76548
19860209,0.00089257
19860210,21.426
19860211,0.47362
19860212,0
19860213,0.00038234
19860214,0.0014896
19860215,0.16698
19860216,2.9535
19860217,0
19860218,0.028721
19860219,1.4975
19860220,0.6339
19860221,3.1732
19860222,0.023229
19860223,0.0047932
19860224,0.2841
19860225,0.13468
19860226,0.0014936
19860227,5.249
19860228,7.6966
19860301,0.30861
19860302,0.055586
19860303,2.7776
19860304,0.59633
19860305,0.44308
19860306,0.13092
19860307,3.8942
19860308,0.0025397
19860309,0.35041
19860310,7.1508
19860311,1.0752
19860312,1.4006
19860313,0.64351
19860314,0.0027352
19860315,0.043812
19860316,0.0030226
19860317,2.4815
19860318,0.52177
19860319,0
19860320,15.507
19860321,26.056
19860322,1.3798
19860323,0.037203
19860324,0.00012646
19860325,26.06
19860326,12.026
19860327,0.012056
19860328,0.013371
19860329,0
19860330,0
19860331,0.70205
19860401,0.81708
19860402,5.7776
19860403,0.024163
19860404,0.00054144
19860405,0
19860406,0.0010318
19860407,0.11658
19860408,1.7496
19860409,0.62656
19860410,0
19860411,0.044968
19860412,8.338e-05
19860413,0.0025255
19860414,0.013505
19860415,0.018232
19860416,0.33125
19860417,3.0163
19860418,0
19860419,0.09134
19860420,1.0991
19860421,0.0088053
19860422,0.15082
19860423,0.0002785
19860424,2.1188e-07
19860425,0.00031501
19860426,0.0031159
19860427,0
19860428,0.00051056
19860429,2.0655
19860430,0
19860501,5.1484
19860502,3.6459
19860503,0
19860504,0.14843
19860505,0.20393
19860506,8.3905
19860507,2.3538
19860508,6.5201
19860509,6.466
19860510,2.1094
19860511,11.071
19860512,18.19
19860513,40.2
19860514,4.5063
19860515,2.4597
19860516,0.40096
19860517,3.1463
19860518,0
19860519,4.9615
19860520,0.060195
19860521,0.0038048
19860522,0
19860523,0
19860524,0.0033702
19860525,0.056423
19860526,2.6921
19860527,18.983
19860528,15.394
19860529,6.007
19860530,5.0431
19860531,0.012035
19860601,0
19860602,0
19860603,2.4613
19860604,3.6236
19860605,2.0454
19860606,0.22096
19860607,2.3451
19860608,1.8534
19860609,0.99573
19860610,0.23278
19860611,1.9081
19860612,0
19860613,1.0764
19860614,1.6647
19860615,0
19860616,0.00015488
19860617,1.4498
19860618,0.93759
19860619,1.6548
19860620,0.51174
19860621,0
19860622,0.0027822
19860623,0.52125
19860624,0.33752
19860625,0.002439
19860626,0
19860627,0.0054322
19860628,0.90147
19860629,3.6189
19860630,0.94477
19860701,0
19860702,0.0064278
19860703,0.011198
19860704,2.7245
19860705,0
19860706,0.0030456
19860707,0
19860708,1.2955
19860709,0.0023311
19860710,0
19860711,0
19860712,0.10348
19860713,0.2304
19860714,0.060163
19860715,0.18744
19860716,0.0013158
19860717,0
19860718,0.0030812
19860719,0
19860720,0.99154
19860721,0.0050717
19860722,0.0031106
19860723,0
19860724,0.57494
19860725,9.0705
19860726,11.47
19860727,0.062705
19860728,0.5124
19860729,11.366
19860730,0.22699
19860731,0.0052366
19860801,0.81336
19860802,0.0012969
19860803,0.00057618
19860804,0.12551
19860805,0.00026262
19860806,0.0013869
19860807,0.20756
19860808,0.0022098
19860809,0.65231
19860810,3.6361
19860811,0.0013951
19860812,4.7377
19860813,0.24381
19860814,6.0564
19860815,0
19860816,0.0021025
19860817,0.025399
19860818,0.012028
19860819,7.8724
19860820,11.099
19860821,1.51
19860822,0.95555
19860823,8.6912
19860824,2.6384
19860825,0
19860826,0.0092204
19860827,0
19860828,0.005208
19860829,0.0019631
19860830,0.0034815
19860831,0.020268
19860901,1.2868
19860902,0.00028235
19860903,0.002088
19860904,0.011081
19860905,0.00028472
19860906,0.00064463
19860907,0
19860908,0.016659
19860909,5.8306
19860910,0
19860911,0
19860912,0
19860913,0.0049311
19860914,1.2328
19860915,1.18
19860916,0.002946
19860917,0
19860918,0.13639
19860919,1.3319
19860920,0.43734
19860921,0.0058943
19860922,2.0927
19860923,0.18442
19860924,0
19860925,0.020021
19860926,0.028901
19860927,0.081744
19860928,0
19860929,0
19860930,3.6449
19861001,0.00016358
19861002,0.099947
19861003,0.38627
19861004,0.00036923
19861005,0.0011643
19861006,0.92152
19861007,36.485
19861008,32.656
19861009,9.961
19861010,20.156
19861011,2.4902
19861012,1.3148
19861013,1.9712
19861014,0.66441
19861015,0.21771
19861016,0
19861017,0.0095954
19861018,0.010232
19861019,0.21395
19861020,0.28045
19861021,0.23054
19861022,0.054664
19861023,0.1775
19861024,0.006091
19861025,0
19861026,0.0014134
19861027,0.015478
19861028,0
19861029,0.0083395
19861030,0.11467
19861031,0.010526
19861101,0.010722
19861102,2.9609
19861103,0.12557
19861104,0.00012991
19861105,0.013411
19861106,0.078696
19861107,0.01342
19861108,0.018407
19861109,0.29179
19861110,0.0030123
19861111,0
19861112,0
19861113,0.00079666
19861114,0.00015743
19861115,0.36854
19861116,0.0012287
19861117,0.0022389
19861118,0
19861119,0.00074727
19861120,0
19861121,0
19861122,0.0018648
19861123,0.002344
19861124,0
19861125,0.0028996
19861126,0
19861127,0.23218
19861128,0.024227
19861129,3.8278
19861130,0.29093
19861201,0.0071101
19861202,0.059546
19861203,0.19272
19861204,5.1172
19861205,0.31345
19861206,0.00030376
19861207,0.00064963
19861208,0.00035408
19861209,0
19861210,0
19861211,0.022927
19861212,0.059419
19861213,1.2749
19861214,0
19861215,0.00097524
19861216,0
19861217,0.0026881
19861218,0
19861219,0
19861220,0
19861221,0.0021964
19861222,0.00071318
19861223,0
19861224,0.00025377
19861225,0
19861226,0.077007
19861227,0.00057482
19861228,0.55848
19861229,0.8476
19861230,2.1875
19861231,0.04024
19870101,0.021108
19870102,9.802
19870103,7.8882
19870104,0.43592
19870105,9.6837
19870106,1.5216
19870107,0.027272
19870108,0.78102
19870109,1.1973
19870110,3.8475
19870111,0.48038
19870112,0.83947
19870113,2.2663
19870114,0.0012786
19870115,0.047573
19870116,3.0162
19870117,0.00088408
19870118,0
19870119,0.018873
19870120,2.2703
19870121,2.7686
19870122,4.8968
19870123,0.092735
19870124,0
19870125,0.0066223
19870126,0.16364
19870127,3.9013
19870128,0
19870129,0.081643
19870130,0.043411
19870131,0.12991
19870201,0
19870202,0
19870203,0
19870204,12.573
19870205,51.344
19870206,1.0087
19870207,0.00069497
19870208,0
19870209,0
19870210,0.00010707
19870211,0.00029442
19870212,0.0003468
19870213,0
19870214,0.018639
19870215,0.14007
19870216,0.00082891
19870217,0.59481
19870218,74.249
19870219,17.716
19870220,0.97727
19870221,0.0023847
19870222,3.9062
19870223,17.079
19870224,24.801
19870225,22.814
19870226,4.2542
19870227,2.2845
19870228,0.73535
19870301,0.19948
19870302,0.96553
19870303,1.9311
19870304,10.997
19870305,3.3064
19870306,0.038918
19870307,8.2269
19870308,0.38954
19870309,0.0040335
19870310,0
19870311,0.0029561
19870312,2.6439
19870313,1.5681
19870314,3.9903
19870315,0.40641
19870316,0.0023655
19870317,0.00061431
19870318,1.4623
19870319,27.979
19870320,6.392
19870321,2.2927
19870322,0.0090077
19870323,0.33678
19870324,6.33
19870325,0.16533
19870326,2.4733
19870327,0.60907
19870328,0.30402
19870329,0.0084148
19870330,0
19870331,1.7852e-05
19870401,0
19870402,1.4515
19870403,5.1773
19870404,8.54
19870405,3.0241
19870406,0.17913
19870407,0.030654
19870408,25.773
19870409,7.7335
19870410,0
19870411,0.00067652
19870412,0
19870413,4.1874
19870414,0
19870415,1.6533
19870416,13.697
19870417,0.75199
19870418,1.9462
19870419,0.60361
19870420,3.0918
19870421,5.3979
19870422,2.6392
19870423,0.16006
19870424,2.2321
19870425,1.7623
19870426,0
19870427,0.032817
19870428,0.19491
19870429,5.4825
19870430,0.32493
19870501,0
19870502,0
19870503,0
19870504,2.9347
19870505,0.68924
19870506,0.11202
19870507,3.5997
19870508,0.0096854
19870509,2.0728
19870510,0.0015661
19870511,0
19870512,0.00044319
19870513,0.009728
19870514,0
19870515,0.6733
19870516,0.46695
19870517,0
19870518,0.024181
19870519,0
19870520,0.00060327
19870521,7.3502
19870522,6.5353
19870523,5.0095
19870524,2.5502
19870525,1.0475
19870526,1.8754
19870527,7.499
19870528,0.36926
19870529,3.7491
19870530,3.8004
19870531,4.1759
19870601,3.9471
19870602,1.0983
19870603,0.24954
19870604,0.73237
19870605,0
19870606,0
19870607,0.015789
19870608,0
19870609,1.3081
19870610,1.8013
19870611,0.02014
19870612,0.0037924
19870613,0.2037
19870614,6.2467
19870615,8.4294
19870616,1.9943
19870617,2.2365
19870618,0.35671
19870619,0.28219
19870620,4.6992
19870621,10.5
19870622,9.5317
19870623,3.9752
19870624,10.222
19870625,10.508
19870626,12.404
19870627,6.6341
19870628,6.2862
19870629,7.5622
19870630,29.087
19870701,5.5047
19870702,4.7322
19870703,7.1714
19870704,2.8226
19870705,2.2622
19870706,1.5346
19870707,3.5674
19870708,0.00026971
19870709,0
19870710,0.0023633
19870711,0
19870712,7.6665
19870713,0
19870714,0.28395
19870715,6.9866
19870716,11.344
19870717,4.7704
19870718,7.1161
19870719,2.6906
19870720,4.4502
19870721,0.036541
19870722,1.0433
19870723,3.4409
19870724,2.9136
19870725,0.011332
19870726,0.64238
19870727,0.00029662
19870728,2.4845
19870729,4.585
19870730,0
19870731,0.0044592
19870801,1.9653
19870802,0.00074243
19870803,0
19870804,0.0021752
19870805,0.0018147
19870806,0.0010587
19870807,0
19870808,0.00076865
19870809,4.671
19870810,6.2487
19870811,0
19870812,0.0014453
19870813,1.6286
19870814,9.7777
19870815,0.009178
19870816,0
19870817,0.0034788
19870818,0
19870819,0.0071547
19870820,0
19870821,0.0019217
19870822,0.0011339
19870823,0.0018006
19870824,1.2108
19870825,0.17409
19870826,1.3813
19870827,0.49239
19870828,0.00013814
19870829,0
19870830,0.003859
19870831,0.010246
19870901,0.95975
19870902,0.82433
19870903,1.6102
19870904,1.4364
19870905,0.011451
19870906,1.0782
19870907,0.52874
19870908,0.0020016
19870909,1.2402
19870910,8.2894
19870911,0.68634
19870912,7.7621
19870913,7.3668
19870914,10.358
19870915,7.3629
19870916,0.15764
19870917,0.054258
19870918,0.047238
19870919,8.3881
19870920,3.7855
19870921,27.731
19870922,4.7935
19870923,9.5359
19870924,75.987
19870925,35.297
19870926,1.8054
19870927,0.77991
19870928,0.0028195
19870929,0
19870930,0
19871001,0
19871002,1.6018
19871003,4.3621
19871004,0.75953
19871005,6.2619
19871006,15.799
19871007,3.1743
19871008,7.9903
19871009,0.054912
19871010,1.7418
19871011,0.23484
19871012,9.8945
19871013,80.371
19871014,47.653
19871015,0.091718
19871016,1.3058
19871017,0.017673
19871018,0.00047893
19871019,0
19871020,0.0021971
19871021,0.0029069
19871022,0
19871023,0.0048437
19871024,1.7519
19871025,0
19871026,0.003424
19871027,0
19871028,0.0030254
19871029,0.039473
19871030,0.12087
19871031,3.1017
19871101,0.036956
19871102,0.21453
19871103,1.4999
19871104,0.11255
19871105,0.15601
19871106,0.57006
19871107,6.9946
19871108,2.9325
19871109,0
19871110,0.11237
19871111,0.096705
19871112,0.081555
19871113,0.60592
19871114,12.751
19871115,0.12173
19871116,0.24196
19871117,0.00013762
19871118,1.3828e-05
19871119,0.0020358
19871120,0.012734
19871121,0
19871122,0.3669
19871123,0.00052143
19871124,0
19871125,0.0018789
19871126,0.21387
19871127,0.86386
19871128,0.018438
19871129,0
19871130,2.4761
19871201,0.97551
19871202,0.033811
19871203,0
19871204,0.027383
19871205,0.090428
19871206,1.419e-08
19871207,0.070047
19871208,0.75905
19871209,0.083097
19871210,0.010743
19871211,0.14413
19871212,0.45354
19871213,5.4711
19871214,1.3487
19871215,0.0008522
19871216,2.3797
19871217,11.075
19871218,10.682
19871219,0.00044569
19871220,0
19871221,0.001067
19871222,0.00013699
19871223,1.5644
19871224,0.53457
19871225,0.26679
19871226,0.00019563
19871227,0.019022
19871228,0.070697
19871229,0.017728
19871230,3.04
19871231,0.29337
19880101,1.2641
19880102,12.069
19880103,0.012642
19880104,0.7943
19880105,3.0846
19880106,2.5864
19880107,0.0023297
19880108,0.0005907
19880109,13.029
19880110,1.5351
19880111,1.1131e-05
19880112,0.48729
19880113,0.00095971
19880114,1.1149
19880115,12.636
19880116,1.6024
19880117,16.994
19880118,19.068
19880119,34.686
19880120,35.948
19880121,25.501
19880122,4.2481
19880123,1.5311
19880124,25.374
19880125,0.0037992
19880126,0.004233
19880127,0.0012621
19880128,0.057077
19880129,2.4681
19880130,7.4754
19880131,0.0020287
19880201,1.5793
19880202,6.3999
19880203,0.14627
19880204,21.679
19880205,12.271
19880206,0.7243
19880207,0.27891
19880208,2.0533
19880209,0.051528
19880210,0.00101
19880211,0.11698
19880212,0.21062
19880213,0.028707
19880214,0.41829
19880215,1.0489
19880216,1.1167
19880217,2.4102
19880218,0.28998
19880219,0.00077855
19880220,25.477
19880221,0.10956
19880222,0.10497
19880223,0
19880224,0.00035431
19880225,5.5375e-05
19880226,0.073268
19880227,0.14096
19880228,0.064575
19880229,0.021051
19880301,0.37143
19880302,1.0286
19880303,0.20976
19880304,0.68258
19880305,0.60052
19880306,0
19880307,0
19880308,0
19880309,0
19880310,0.0016974
19880311,0
19880312,0.00011343
19880313,0
19880314,0.0024019
19880315,6.0292
19880316,0.39752
19880317,10.999
19880318,1.5268
19880319,1.0531
19880320,0.45426
19880321,0.0002955
19880322,0.24363
19880323,0.053515
19880324,3.935
19880325,3.3532
19880326,6.8751
19880327,0.20955
19880328,0.016162
19880329,0.0086845
19880330,0.0009493
19880331,8.813
19880401,8.3114
19880402,0.00099746
19880403,0.5354
19880404,0
19880405,0.62319
19880406,13.111
19880407,0.32292
19880408,2.0196
19880409,0.67343
19880410,0.85449
19880411,0.27797
19880412,0.0036897
19880413,2.8139
19880414,0.0037156
19880415,0.010626
19880416,0.0013462
19880417,3.3085
19880418,1.6883
19880419,1.5525
19880420,1.8684
19880421,1.4594
19880422,8.9356
19880423,1.4806
19880424,1.8223
19880425,0.032801
19880426,0.011729
19880427,0.05226
19880428,0.023592
19880429,0.45508
19880430,5.8983
19880501,0
19880502,0.45634
19880503,1.2832
19880504,3.0636
19880505,9.8594
19880506,0.059063
19880507,0.14334
19880508,0.41982
19880509,6.3209
19880510,3.0248
19880511,0
19880512,1.1498
19880513,0.047675
19880514,0
19880515,0.73069
19880516,2.4047
19880517,0
19880518,0.0012199
19880519,0.00055483
19880520,1.8526
19880521,4.6548
19880522,2.4581
19880523,0.050948
19880524,1.5867
19880525,24.993
19880526,4.9902
19880527,1.976
19880528,0.68148
19880529,0.000516
19880530,0.11087
19880531,0
19880601,0
19880602,0.5323
19880603,0.31187
19880604,1.2561
19880605,0.00099746
19880606,6.5222
19880607,4.1265
19880608,1.7161
19880609,15.293
19880610,6.7463
19880611,7.9817
19880612,24.209
19880613,24.966
19880614,18.823
19880615,4.9223
19880616,3.8109
19880617,6.4662
19880618,0.015143
19880619,1.7271
19880620,4.9743
19880621,2.7334
19880622,3.1356
19880623,0.09778
19880624,0.11387
19880625,3.7764
19880626,2.892
19880627,3.6594
19880628,1.2022
19880629,1.9567
19880630,2.744
19880701,3.5161
19880702,0.073021
19880703,0.86722
19880704,0.000533
19880705,13.026
19880706,1.2547
19880707,0.30278
19880708,0.0010409
19880709,1.2385
19880710,2.0088
19880711,2.1848
19880712,2.4878
19880713,0.00025345
19880714,0.0037056
19880715,0.42198
19880716,15.905
19880717,3.9343
19880718,0.0035728
19880719,0
19880720,0.96858
19880721,2.1545
19880722,8.0327
19880723,1.1458
19880724,1.0497
19880725,4.3535
19880726,3.966
19880727,2.8287
19880728,0
19880729,0.0086492
19880730,2.8595
19880731,0.0054718
19880801,0
19880802,1.6516
19880803,3.1964
19880804,2.7253
19880805,0.079401
19880806,0.053215
19880807,0.0012771
19880808,3.8265e-05
19880809,0
19880810,0.0015635
19880811,0
19880812,2.865
19880813,1.7471
19880814,1.1416
19880815,7.4044
19880816,0.0070708
19880817,0.12787
19880818,1.5667
19880819,1.054
19880820,1.4417
19880821,2.3745
19880822,1.8352
19880823,0.52108
19880824,1.0087
19880825,11.038
19880826,11.14
19880827,4.8562
19880828,0.0049572
19880829,0
19880830,0.0023185
19880831,0
19880901,0.1253
19880902,0.45303
19880903,1.0448
19880904,0.0015682
19880905,17.77
19880906,0.44905
19880907,1.6563
19880908,1.3676
19880909,0
19880910,0.0054711
19880911,1.1983
19880912,0.0004889
19880913,0.22294
19880914,0.18327
19880915,0.14864
19880916,6.5788
19880917,0.99616
19880918,0.00078063
19880919,0.0031131
19880920,0.43814
19880921,2.9338
19880922,0
19880923,0
19880924,0.0019358
19880925,0
19880926,0.010046
19880927,0
19880928,0.34903
19880929,12.414
19880930,0.7548
19881001,0
19881002,0
19881003,0
19881004,0.0054042
19881005,0.032425
19881006,0.0018014
19881007,0
19881008,5.5337e-07
19881009,0
19881010,4.4208e-07
19881011,0.29904
19881012,0
19881013,0
19881014,0
19881015,0.0090638
19881016,11.7
19881017,59.693
19881018,3.3051
19881019,0
19881020,0.36207
19881021,0.057081
19881022,0.88396
19881023,0.11326
19881024,0.020405
19881025,0.0017027
19881026,0.52945
19881027,0.00025781
19881028,0
19881029,0.0084179
19881030,0.012873
19881031,0
19881101,0
19881102,0
19881103,0.92028
19881104,1.7982
19881105,0.21882
19881106,0
19881107,0
19881108,0.00073824
19881109,0
19881110,0
19881111,0.0012106
19881112,0
19881113,0.00263
19881114,2.2694e-05
19881115,4.1149
19881116,1.7709
19881117,0.07227
19881118,0.61778
19881119,0.0073798
19881120,0.0025718
19881121,0.043481
19881122,0.11133
19881123,0.0057565
19881124,0.0058341
19881125,0
19881126,0
19881127,1.446
19881128,0.00041389
19881129,0.021942
19881130,0.013696
19881201,0.51307
19881202,0.39631
19881203,0.0020466
19881204,0.84935
19881205,1.1614
19881206,1.6601e-08
19881207,0.021826
19881208,0.0012154
19881209,1.8008e-08
19881210,2.6111e-07
19881211,0.01948
19881212,0.0072525
19881213,0
19881214,0.08157
19881215,9.5271
19881216,8.6137
19881217,0.047303
19881218,6.7714e-09
19881219,0
19881220,2.4383e-05
19881221,0.0014398
19881222,0
19881223,0.0013389
19881224,0
19881225,0.000607
19881226,3.971
19881227,5.9256
19881228,18.118
19881229,11.328
19881230,4.9293
19881231,0
19890101,0
19890102,0
19890103,0
19890104,0
19890105,0
19890106,0
19890107,0
19890108,0
19890109,0
19890110,0
19890111,0
19890112,0
19890113,0
19890114,0
19890115,0
19890116,0
19890117,0
19890118,0
19890119,0
19890120,0
19890121,1.7261
19890122,0.00038021
19890123,0.92025
19890124,2.0549
19890125,2.0062
19890126,1.8758
19890127,0.031205
19890128,0.79743
19890129,0.0085793
19890130,0.0029322
19890131,3.7693
19890201,1.8782
19890202,1.836
19890203,0.00026518
19890204,0
19890205,0.00067499
19890206,0.93878
19890207,0.00071468
19890208,0
19890209,0
19890210,0.00039816
19890211,0
19890212,0.0020856
19890213,1.2711
19890214,0.0058013
19890215,0.00081004
19890216,0.0001461
19890217,0
19890218,0.087355
19890219,0
19890220,0.0010309
19890221,0.0087744
19890222,1.7539
19890223,5.7296
19890224,16.31
19890225,13.654
19890226,7.9828
19890227,0.00081847
19890228,0.0059072
19890301,0
19890302,4.1774
19890303,3.3647
19890304,0.28081
19890305,0.036807
19890306,13.343
19890307,8.7737
19890308,1.6558
19890309,1.6354
19890310,0.28847
19890311,0.38165
19890312,0.0065614
19890313,0
19890314,0.16683
19890315,1.7164
19890316,0
19890317,0.00042735
19890318,0
19890319,0.22385
19890320,0.0026748
19890321,1.0689
19890322,0.85789
19890323,0.14464
19890324,0.57953
19890325,2.9496
19890326,1.6116
19890327,1.1225
19890328,1.1877
19890329,1.8086
19890330,0.80144
19890331,0.0094009
19890401,0.63425
19890402,3.9912
19890403,15.966
19890404,3.2935
19890405,1.48
19890406,0.00094647
19890407,3.3066
19890408,2.5026
19890409,0.015259
19890410,0.079025
19890411,0.038344
19890412,0.37081
19890413,3.2564
19890414,2.3411
19890415,0.0078099
19890416,1.1896
19890417,3.4976
19890418,1.4512
19890419,0.2056
19890420,1.4376
19890421,1.1124
19890422,0.77446
19890423,0.11207
19890424,1.1707
19890425,0.90501
19890426,11.334
19890427,0
19890428,0
19890429,0.0002412
19890430,0.0075603
19890501,0.01125
19890502,0.54532
19890503,0.52607
19890504,5.9039
19890505,7.325
19890506,0.046891
19890507,2.9291
19890508,0.39445
19890509,0.0020563
19890510,0
19890511,1.2682
19890512,6.5256
19890513,5.5887
19890514,3.6321
19890515,0.014114
19890516,0.084809
19890517,0.50238
19890518,0.52592
19890519,0.019037
19890520,0
19890521,0.0016652
19890522,0.007445
19890523,0.79033
19890524,1.5077
19890525,0
19890526,4.4745
19890527,4.7854
19890528,4.105
19890529,1.6478
19890530,0.00099849
19890531,0.63543
19890601,23.154
19890602,12.191
19890603,6.8236
19890604,14.716
19890605,10.731
19890606,2.459
19890607,3.4212
19890608,2.5256
19890609,2.0631
19890610,5.8876
19890611,12.293
19890612,15.437
19890613,43.818
19890614,0.75753
19890615,3.671
19890616,3.069
19890617,0.0013568
19890618,0
19890619,0.0067396
19890620,0.44719
19890621,0
19890622,0.00279
19890623,3.4135
19890624,0.0069798
19890625,0
19890626,5.193
19890627,3.7847
19890628,3.1661
19890629,4.6326
19890630,0.34124
19890701,4.9267
19890702,3.9468
19890703,0.12934
19890704,2.8725
19890705,10.243
19890706,5.687
19890707,0.15134
19890708,1.1706
19890709,0
19890710,0.0026745
19890711,0.00046383
19890712,0
19890713,1.2831
19890714,1.8175
19890715,0.0029424
19890716,0.00068734
19890717,0.0011295
19890718,0.0026246
19890719,0.87185
19890720,0.0035768
19890721,0
19890722,0.00039552
19890723,0
19890724,0
19890725,0.15187
19890726,4.4934
19890727,9.9551
19890728,7.5286
19890729,1.5465
19890730,0.32422
19890731,1.1049
19890801,0.69226
19890802,1.9668
19890803,4.6354
19890804,3.313
19890805,3.62
19890806,0.003965
19890807,6.1368
19890808,1.9899
19890809,0.38089
19890810,0
19890811,0.0040791
19890812,0
19890813,0.035018
19890814,4.2357
19890815,1.08
19890816,0
19890817,1.8207
19890818,5.6605
19890819,0.00033426
19890820,1.1079
19890821,0
19890822,0
19890823,0.0012945
19890824,0.0051857
19890825,0.0012281
19890826,0.0025999
19890827,1.5069
19890828,6.8743
19890829,0
19890830,5.8036
19890831,18.122
19890901,8.4795
19890902,3.8452
19890903,0
19890904,9.5579e-05
19890905,0.0039771
19890906,0.20545
19890907,0.00036645
19890908,0.00012222
19890909,0.002581
19890910,0
19890911,0
19890912,0.0016828
19890913,9.0352
19890914,11.668
19890915,11.631
19890916,2.0223
19890917,0.0029148
19890918,1.6509
19890919,0.1428
19890920,0.010328
19890921,5.4507
19890922,12.001
19890923,7.9033
19890924,0
19890925,0.00419
19890926,0.0040141
19890927,0.0020371
19890928,0
19890929,0.0083398
19890930,1.2898
19891001,1.2925
19891002,0.002892
19891003,3.8559
19891004,11.527
19891005,5.3529
19891006,9.9344
19891007,0.0012398
19891008,1.2422
19891009,0.00049598
19891010,0.0046193
19891011,0.0031198
19891012,0
19891013,0.0055851
19891014,3.164e-06
19891015,0.0084352
19891016,0.025596
19891017,0.20911
19891018,0.0096243
19891019,0
19891020,0.0018586
19891021,0
19891022,0.0070973
19891023,0
19891024,0.011312
19891025,0
19891026,0.017109
19891027,0
19891028,0
19891029,0.013156
19891030,0.016965
19891031,0
19891101,0
19891102,0
19891103,0
19891104,0
19891105,0
19891106,0
19891107,0
19891108,0
19891109,0
19891110,0
19891111,0
19891112,0
19891113,0
19891114,0
19891115,0
19891116,0.010907
19891117,3.3364e-05
19891118,0
19891119,0.00019831
19891120,0.00092541
19891121,0
19891122,0
19891123,0.29657
19891124,0.29776
19891125,0.014655
19891126,0.001729
19891127,0
19891128,0.0039564
19891129,0.00044104
19891130,0.0011226
19891201,0
19891202,0
19891203,0
19891204,0
19891205,0
19891206,1.1171
19891207,18.313
19891208,0.23286
19891209,2.2617
19891210,15.815
19891211,1.2904
19891212,4.4916e-05
19891213,0
19891214,0.031282
19891215,0.0092864
19891216,0.0026946
19891217,9.4895e-05
19891218,0
19891219,0
19891220,0.0022093
19891221,0
19891222,0.00083129
19891223,0.050662
19891224,0.11498
19891225,0.088371
19891226,0.0031902
19891227,0
19891228,0.031189
19891229,0.46963
19891230,0.17088
19891231,0.00021726
19900101,0
19900102,0
19900103,0.43526
19900104,0.19499
19900105,0
19900106,0.00051097
19900107,0
19900108,0
19900109,0.00034603
19900110,0.013377
19900111,0.051181
19900112,26.709
19900113,6.7499
19900114,5.9311
19900115,26.004
19900116,1.7079
19900117,0.57151
19900118,54.575
19900119,5.0801
19900120,0.018847
19900121,0.019159
19900122,5.4465
19900123,0
19900124,0.0022393
19900125,7.5023
19900126,0.10115
19900127,28.954
19900128,63.265
19900129,4.7034
19900130,0.1933
19900131,1.4595
19900201,0
19900202,1.6003
19900203,2.1199
19900204,19.487
19900205,0.0029995
19900206,0.0056541
19900207,0.3522
19900208,0.40973
19900209,6.647
19900210,1.6165
19900211,0.22862
19900212,0.037981
19900213,0.0029251
19900214,9.8831e-05
19900215,0
19900216,0.0022211
19900217,0.0015185
19900218,0.19598
19900219,0.031988
19900220,0.0063806
19900221,0
19900222,0.5492
19900223,0
19900224,0.035046
19900225,0
19900226,6.4744
19900227,15.866
19900228,14.431
19900301,54.302
19900302,16.651
19900303,19.89
19900304,15.051
19900305,0
19900306,0
19900307,2.3511
19900308,1.0959
19900309,0.00098316
19900310,0
19900311,0.0195
19900312,0.0012926
19900313,0
19900314,0.024
19900315,0
19900316,0
19900317,0.014278
19900318,0.0051263
19900319,3.0906
19900320,0.7176
19900321,0.21116
19900322,0.048601
19900323,0
19900324,2.0573
19900325,0
19900326,0.0038321
19900327,21.454
19900328,0.10443
19900329,0.073269
19900330,1.4147
19900331,12.414
19900401,2.4396
19900402,1.1108
19900403,0.017083
19900404,0
19900405,0.42462
19900406,0.00018605
19900407,1.914
19900408,1.3327
19900409,0.055426
19900410,2.2146
19900411,4.7775
19900412,1.8605
19900413,11.458
19900414,1.2055
19900415,6.6473
19900416,1.4869
19900417,0.52666
19900418,0.76347
19900419,0
19900420,0.0024882
19900421,5.7646e-06
19900422,0.17816
19900423,9.3207
19900424,0
19900425,0.00023083
19900426,12.026
19900427,18.961
19900428,1.3335
19900429,0
19900430,0.13985
19900501,0.77023
19900502,2.3328
19900503,0.28405
19900504,7.6366
19900505,0.027079
19900506,0.0025323
19900507,0.036251
19900508,0
19900509,14.474
19900510,1.095
19900511,3.5661
19900512,1.1992
19900513,0.1128
19900514,3.291
19900515,0.074449
19900516,1.3119
19900517,1.8169
19900518,0
19900519,0.6579
19900520,0
19900521,0.0036817
19900522,0.00045262
19900523,0.63968
19900524,0.82237
19900525,1.3873
19900526,0.63689
19900527,9.8148
19900528,2.9966
19900529,0.20291
19900530,0.43761
19900531,0.91135
19900601,0.49377
19900602,0
19900603,0.00083994
19900604,0
19900605,32.846
19900606,51.008
19900607,0.0040175
19900608,0.78416
19900609,2.0436
19900610,3.3103
19900611,0.92036
19900612,7.1243
19900613,7.407
19900614,1.0128
19900615,1.1367
19900616,6.1187
19900617,0.60436
19900618,2.6133
19900619,0.97374
19900620,1.5053
19900621,0.14686
19900622,4.8432
19900623,2.5261
19900624,1.3762
19900625,4.3326
19900626,77.123
19900627,25.383
19900628,1.2928
19900629,1.9972
19900630,0
19900701,0.00059716
19900702,0.06195
19900703,0.36621
19900704,7.0663
19900705,8.869
19900706,0.89102
19900707,1.1642
19900708,0.0020094
19900709,0
19900710,0.00046892
19900711,0.0020959
19900712,0
19900713,2.6297
19900714,3.3074
19900715,1.6851
19900716,0.0069978
19900717,0.025857
19900718,0.0032092
19900719,0.68204
19900720,7.616
19900721,1.5334
19900722,7.9324
19900723,1.9756
19900724,0.31866
19900725,0
19900726,0.0011636
19900727,0.10419
19900728,0.0012709
19900729,2.9516
19900730,0.144
19900731,0.026807
19900801,0.20225
19900802,0.00015718
19900803,0.023992
19900804,5.5302
19900805,3.0158
19900806,1.7156
19900807,0.0018628
19900808,0.001042
19900809,0.0024486
19900810,2.3398
19900811,0.45127
19900812,2.4958
19900813,11.027
19900814,0.0012404
19900815,0.034058
19900816,4.3988
19900817,0
19900818,0.68902
19900819,0.038943
19900820,5.9625
19900821,7.9081
19900822,0
19900823,0.0046764
19900824,13.247
19900825,1.4831
19900826,0.0068566
19900827,0
19900828,0.00032914
19900829,0.092874
19900830,4.6711
19900831,0.011359
19900901,3.4039
19900902,3.979
19900903,0.073461
19900904,2.9998
19900905,0.00020335
19900906,0.22469
19900907,0.0031982
19900908,0
19900909,0.001001
19900910,0
19900911,10.149
19900912,19.195
19900913,0.21568
19900914,0.012612
19900915,13.078
19900916,0.91079
19900917,0.0081104
19900918,0.00024007
19900919,7.1678
19900920,16.349
19900921,0.103
19900922,2.032
19900923,0
19900924,5.3262
19900925,0.0023842
19900926,3.2654
19900927,1.9697
19900928,0.31075
19900929,3.2262
19900930,0.18079
19901001,0.32121
19901002,0
19901003,6.5748e-06
19901004,0
19901005,0
19901006,0.00079055
19901007,0.0012133
19901008,0.2343
19901009,4.3747
19901010,4.517
19901011,1.0941
19901012,0.12377
19901013,0.016515
19901014,0
19901015,0.0015208
19901016,0.31844
19901017,15.987
19901018,1.2573
19901019,1.2208
19901020,0.63349
19901021,0.19685
19901022,0.80089
19901023,0.15942
19901024,0.0049957
19901025,0.00081783
19901026,0
19901027,1.1943
19901028,0
19901029,0.14501
19901030,0.17764
19901031,11.027
19901101,7.1637
19901102,55.551
19901103,2.1523
19901104,9.7576e-09
19901105,20.497
19901106,25.446
19901107,2.4819
19901108,0.034181
19901109,0
19901110,1.1021
19901111,0.34915
19901112,0.58694
19901113,0.079103
19901114,7.9215
19901115,0.045502
19901116,0.0016527
19901117,1.0711
19901118,0.0027396
19901119,0.0019838
19901120,0.55171
19901121,0.056376
19901122,0.23183
19901123,0.00021988
19901124,0
19901125,1.248
19901126,28.641
19901127,42.514
19901128,0.0044084
19901129,0
19901130,4.5364
19901201,32.932
19901202,78.206
19901203,48.997
19901204,3.9121
19901205,3.1542e-08
19901206,0
19901207,0
19901208,0.11891
19901209,0.35627
19901210,2.2864
19901211,0.00031178
19901212,0.5499
19901213,0
19901214,0.0033809
19901215,0
19901216,0
19901217,0.025856
19901218,0.15547
19901219,0
19901220,0.71172
19901221,1.0407
19901222,0.83634
19901223,0.025783
19901224,0.0083137
19901225,0
19901226,0.0057727
19901227,0.0057111
19901228,2.1791
19901229,11.843
19901230,13.177
19901231,0.0088662
19910101,0
19910102,0
19910103,18.076
19910104,22.652
19910105,0.13625
19910106,0.23813
19910107,0
19910108,0.001201
19910109,0
19910110,1.8812e-05
19910111,0.22086
19910112,0.0022934
19910113,0.0010538
19910114,0.0051519
19910115,9.4858
19910116,0.00077452
19910117,0.41108
19910118,0.91759
19910119,0
19910120,0
19910121,0.062412
19910122,0.062351
19910123,0.68068
19910124,0.041248
19910125,0.00093662
19910126,0.18059
19910127,0.0079338
19910128,0.077724
19910129,0.36544
19910130,0
19910131,1.1424
19910201,2.341
19910202,6.6729e-06
19910203,0.00017879
19910204,0.00031551
19910205,0
19910206,0
19910207,0.07334
19910208,0
19910209,1.0322
19910210,0.011387
19910211,0.63743
19910212,0.022301
19910213,1.5699
19910214,12.125
19910215,21.695
19910216,0.1119
19910217,0.18167
19910218,6.7459
19910219,3.2185
19910220,0.21616
19910221,0.0049416
19910222,1.955
19910223,1.6839
19910224,0.089156
19910225,16.317
19910226,0.80117
19910227,0.18638
19910228,0.36717
19910301,1.2982
19910302,10.609
19910303,0.012531
19910304,0.013018
19910305,0.00056923
19910306,0.12601
19910307,0.00018656
19910308,0.0056125
19910309,2.3351
19910310,0
19910311,0
19910312,0.021631
19910313,0.10048
19910314,0.00028769
19910315,0
19910316,2.4177
19910317,0.028221
19910318,0.93484
19910319,0.012915
19910320,1.3243
19910321,0.085331
19910322,0
19910323,0
19910324,47.772
19910325,28.362
19910326,15.085
19910327,0.0034894
19910328,2.4464
19910329,0.26422
19910330,0.76238
19910331,5.8304
19910401,0.19563
19910402,0.030425
19910403,0.31257
19910404,13.651
19910405,0.00168
19910406,3.2581
19910407,0.19739
19910408,0.8339
19910409,1.0534
19910410,2.9743
19910411,0.13787
19910412,11.203
19910413,7.7637
19910414,0.24393
19910415,1.1347
19910416,0.92273
19910417,3.8278
19910418,1.5513
19910419,0
19910420,0.0098867
19910421,0.55758
19910422,0.87879
19910423,1.0131
19910424,2.6392
19910425,0.7974
19910426,4.1524
19910427,3.8619
19910428,1.6959
19910429,0.0024498
19910430,2.1388
19910501,1.1084
19910502,0.00020328
19910503,25.057
19910504,0.1452
19910505,2.0228
19910506,0.0017637
19910507,1.2686
19910508,1.2142
19910509,0
19910510,0.0044812
19910511,0.18155
19910512,0
19910513,0.60037
19910514,1.1126
19910515,2.4174
19910516,6.6583
19910517,66.107
19910518,7.1784
19910519,1.1731
19910520,4.6751
19910521,7.7135
19910522,1.1109
19910523,4.6121
19910524,2.4652
19910525,7.7822
19910526,0.64464
19910527,8.5017
19910528,0
19910529,0.094914
19910530,0.52502
19910531,2.1825
19910601,0
19910602,0.0020423
19910603,0
19910604,5.2326e-05
19910605,0
19910606,0.00023723
19910607,1.2722
19910608,1.3965
19910609,18.085
19910610,2.0777
19910611,1.1151
19910612,1.9616
19910613,0.0053872
19910614,2.1178
19910615,4.7988
19910616,12.266
19910617,10.667
19910618,2.7342
19910619,5.1866
19910620,7.8828
19910621,14.265
19910622,15.085
19910623,2.7361
19910624,13.263
19910625,7.2121
19910626,0.24145
19910627,0
19910628,1.8855
19910629,0.0066768
19910630,5.1854
19910701,0.47339
19910702,0.13013
19910703,0.45108
19910704,1.8053
19910705,10.418
19910706,2.6832
19910707,6.3537
19910708,4.8491
19910709,3.0536
19910710,1.7463
19910711,7.5606
19910712,14.295
19910713,11.171
19910714,0.050675
19910715,6.3823
19910716,0.42363
19910717,0
19910718,0.64543
19910719,0.24673
19910720,0.26196
19910721,2.7904
19910722,0.23093
19910723,0.0042603
19910724,0.26772
19910725,0
19910726,0.0041405
19910727,0
19910728,0.47797
19910729,0.089587
19910730,7.2074
19910731,2.6057
19910801,2.2773
19910802,0
19910803,0.61551
19910804,0.00029766
19910805,9.5375
19910806,3.9745
19910807,0
19910808,0
19910809,5.5766
19910810,0.59985
19910811,0.72741
19910812,0
19910813,0.00082355
19910814,0.00035011
19910815,1.7728
19910816,7.9459
19910817,5.5563
19910818,0.31603
19910819,3.8305
19910820,9.8308
19910821,0.37593
19910822,0
19910823,0
19910824,19.023
19910825,0.048554
19910826,4.6541
19910827,0.0020304
19910828,0
19910829,2.2173
19910830,0.0044382
19910831,0.11017
19910901,1.2907
19910902,0.00096787
19910903,0.00048901
19910904,0.012653
19910905,0.00089978
19910906,0.0011415
19910907,0.00054572
19910908,0.0049917
19910909,0.0012394
19910910,0.77859
19910911,1.8075
19910912,1.5948
19910913,0.59077
19910914,0.0010106
19910915,0
19910916,0.0043185
19910917,0
19910918,0.0023746
19910919,0.44901
19910920,19.319
19910921,16.416
19910922,4.3949
19910923,4.9515
19910924,0.41654
19910925,0.14758
19910926,4.6344
19910927,0.0071812
19910928,0.00012251
19910929,7.2016
19910930,27.95
19911001,1.3672
19911002,0.13501
19911003,0.6177
19911004,0.010169
19911005,3.0545
19911006,1.0561
19911007,5.1601
19911008,1.314
19911009,8.2936
19911010,7.1888
19911011,7.1133
19911012,0.81278
19911013,6.641
19911014,36.711
19911015,7.518
19911016,42.106
19911017,23.576
19911018,23.776
19911019,13.527
19911020,5.6545
19911021,5.3459
19911022,0.40404
19911023,3.0561
19911024,2.615
19911025,0.43084
19911026,0.004665
19911027,0.019547
19911028,0.19045
19911029,0
19911030,0.097859
19911031,0.14529
19911101,0.27798
19911102,1.5747
19911103,2.328
19911104,3.7956
19911105,1.3305
19911106,0.0019181
19911107,0
19911108,0.13046
19911109,0.37578
19911110,0.0011632
19911111,0
19911112,0.00053379
19911113,0.0031398
19911114,0.027142
19911115,1.2142
19911116,23.77
19911117,47.573
19911118,5.9176
19911119,5.378
19911120,0.1031
19911121,17.431
19911122,0.17165
19911123,0.0024542
19911124,0.0013878
19911125,0.10414
19911126,0
19911127,0
19911128,0
19911129,0.0041254
19911130,0.014346
19911201,0.010781
19911202,7.99
19911203,5.9744
19911204,0.010095
19911205,0.041432
19911206,0.35467
19911207,0.0015962
19911208,2.4598
19911209,0.13165
19911210,0.003495
19911211,0
19911212,0
19911213,0.0020153
19911214,0
19911215,0.13677
19911216,3.8498
19911217,9.2329
19911218,0.013877
19911219,0.77274
19911220,0.073184
19911221,0.078333
19911222,0
19911223,0.00089899
19911224,1.2767
19911225,0.0061936
19911226,0.0017076
19911227,0.0047858
19911228,0.037378
19911229,0.0064268
19911230,0.0080139
19911231,0.0018214
19920101,0.0053693
19920102,0.0063065
19920103,0.00070904
19920104,0
19920105,0.00012742
19920106,0.040341
19920107,0.29591
19920108,0.10894
19920109,0.3109
19920110,7.212
19920111,0.068221
19920112,1.8346
19920113,0.0097587
19920114,1.2894e-07
19920115,0
19920116,0.59818
19920117,0.38285
19920118,0.21796
19920119,0.0033481
19920120,0
19920121,0
19920122,1.0657e-06
19920123,0.00041549
19920124,0
19920125,0
19920126,0.0006736
19920127,0
19920128,0.055246
19920129,0.091435
19920130,0.00017916
19920131,0.20706
19920201,0
19920202,0.052671
19920203,8.113e-05
19920204,0
19920205,0.64464
19920206,0.56658
19920207,0
19920208,1.8038
19920209,10.61
19920210,0.87733
19920211,0.60028
19920212,0.026815
19920213,0.00019532
19920214,0.00059641
19920215,0.00034767
19920216,0.23307
19920217,9.4642
19920218,0.0016972
19920219,0.038906
19920220,0
19920221,0
19920222,0.00041148
19920223,0.0011628
19920224,0.70469
19920225,6.7474
19920226,19.724
19920227,41.315
19920228,33.122
19920229,19.45
19920301,15.178
19920302,9.862
19920303,4.331
19920304,0.24033
19920305,0.046562
19920306,0.011807
19920307,2.994
19920308,5.6282
19920309,7.0017
19920310,7.9337
19920311,13.962
19920312,3.5774
19920313,6.7725
19920314,0.28069
19920315,5.8136
19920316,0.23786
19920317,0.23806
19920318,0.14849
19920319,2.8331
19920320,2.4853
19920321,0.022347
19920322,0.011244
19920323,0.14679
19920324,0.37032
19920325,1.0436
19920326,0.41961
19920327,19.119
19920328,15.016
19920329,1.1817
19920330,2.192
19920331,9.0501
19920401,0.26152
19920402,0.46295
19920403,1.3875
19920404,0.0092868
19920405,7.052
19920406,5.2603
19920407,32.652
19920408,2.2163
19920409,0.56967
19920410,43.111
19920411,0.98193
19920412,0.015505
19920413,1.4662
19920414,0.0007564
19920415,0
19920416,0.23049
19920417,4.252
19920418,0.35408
19920419,0.0012718
19920420,0
19920421,1.6758e-05
19920422,0
19920423,0
19920424,0.00088024
19920425,4.6354
19920426,3.5854
19920427,1.3493
19920428,0.19328
19920429,0
19920430,0.18908
19920501,1.547
19920502,2.2405
19920503,0.0003458
19920504,0.0051484
19920505,0
19920506,0.0018102
19920507,9.1404
19920508,0.023203
19920509,0.048078
19920510,1.2545
19920511,0.62856
19920512,0
19920513,26.662
19920514,4.4883
19920515,2.8174
19920516,0
19920517,5.4372
19920518,7.0415
19920519,5.4815
19920520,4.4862
19920521,8.5216
19920522,9.8651
19920523,15.299
19920524,0.010653
19920525,0.13844
19920526,0
19920527,1.6813
19920528,0
19920529,0.012168
19920530,0.74146
19920531,6.5895
19920601,0.38531
19920602,0.80184
19920603,0
19920604,0.0013048
19920605,0.01758
19920606,7.2903
19920607,0.98058
19920608,1.4055
19920609,2.4445
19920610,0.78664
19920611,11.388
19920612,9.738
19920613,3.464
19920614,4.632
19920615,0.072645
19920616,2.4318
19920617,0.12185
19920618,0.0018557
19920619,0.20793
19920620,0
19920621,0.00053426
19920622,2.5755
19920623,3.4035
19920624,2.5431
19920625,0.040749
19920626,4.626
19920627,2.0648
19920628,0
19920629,0.0029756
19920630,0
19920701,6.4134
19920702,24.823
19920703,19.364
19920704,21.229
19920705,39.503
19920706,8.0826
19920707,4.2169
19920708,5.5539
19920709,8.163
19920710,7.6753
19920711,6.1661
19920712,5.5237
19920713,9.7889
19920714,5.1319
19920715,1.3863
19920716,0.17674
19920717,1.0622
19920718,0.43546
19920719,1.9513
19920720,0.89344
19920721,0.27653
19920722,4.0371
19920723,11.73
19920724,0.23167
19920725,1.4403
19920726,0.0091937
19920727,0.36339
19920728,0.52027
19920729,0.29205
19920730,0.033769
19920731,3.1775
19920801,0.0066462
19920802,0
19920803,0.00037861
19920804,0.4701
19920805,1.405
19920806,2.4425
19920807,8.2289
19920808,6.097
19920809,0.38266
19920810,0.0010942
19920811,1.5077
19920812,0.0014956
19920813,0.0069044
19920814,5.2594
19920815,2.9708
19920816,0.0049513
19920817,3.6834
19920818,10.086
19920819,4.118
19920820,0
19920821,0.00049328
19920822,0.0019877
19920823,5.3671
19920824,0
19920825,0.012478
19920826,0
19920827,1.0197
19920828,11.804
19920829,26.942
19920830,2.8034
19920831,5.1521
19920901,6.521
19920902,21.815
19920903,8.5403
19920904,6.5734
19920905,2.7318
19920906,3.222
19920907,0.22361
19920908,0.09398
19920909,1.3397
19920910,0.33856
19920911,0.0079705
19920912,12.135
19920913,9.219
19920914,19.002
19920915,13.686
19920916,3.2899
19920917,0.00094917
19920918,0
19920919,0.0035403
19920920,0.019196
19920921,1.9304
19920922,20.943
19920923,21.631
19920924,0.0017479
19920925,13.185
19920926,24.417
19920927,0.62968
19920928,0
19920929,24.695
19920930,3.8202
19921001,0.017405
19921002,0
19921003,0.0031183
19921004,0.66676
19921005,0.064259
19921006,0.00047292
19921007,0.61527
19921008,0.00044088
19921009,1.1658
19921010,23.482
19921011,0.38076
19921012,4.9093
19921013,19.867
19921014,8.9209
19921015,45.604
19921016,31.818
19921017,13.318
19921018,9.9854e-05
19921019,0.001025
19921020,12.617
19921021,0.0098434
19921022,0.012408
19921023,0.17384
19921024,7.5309
19921025,3.8481
19921026,2.6437
19921027,1.4531
19921028,0.00070678
19921029,0.00047061
19921030,0.00069836
19921031,0.54597
19921101,0.47723
19921102,5.962
19921103,0.012465
19921104,0.030915
19921105,0.0092551
19921106,1.6164
19921107,0.79423
19921108,0.19111
19921109,0.031112
19921110,0.64337
19921111,0.00021823
19921112,0
19921113,0.0025492
19921114,3.2172
19921115,5.2933
19921116,10.198
19921117,0
19921118,0.0092257
19921119,0.012384
19921120,0
19921121,0.40788
19921122,0.16059
19921123,0.66581
19921124,8.2445
19921125,4.1172
19921126,22.822
19921127,2.8368
19921128,1.6045
19921129,27.886
19921130,72.155
19921201,0.021836
19921202,0.0098276
19921203,77.333
19921204,10.277
19921205,1.153
19921206,0.062017
19921207,1.9931e-05
19921208,0.0014323
19921209,0.0001258
19921210,0.2733
19921211,0.16458
19921212,7.0794
19921213,0
19921214,0.71998
19921215,6.0196e-05
19921216,15.05
19921217,0.013844
19921218,2.0948
19921219,0
19921220,0.12012
19921221,5.1264
19921222,0.82157
19921223,0.82977
19921224,1.5275
19921225,0.016594
19921226,3.0337
19921227,1.8518
19921228,0.20663
19921229,0.0047815
19921230,11.928
19921231,0.071128
19930101,6.0672
19930102,0.060527
19930103,0.0001457
19930104,0.00053801
19930105,0
19930106,0.0090299
19930107,5.1011
19930108,0.054798
19930109,0.00057104
19930110,0.14294
19930111,0
19930112,0.011125
19930113,0.43984
19930114,0.4172
19930115,0.00015229
19930116,0.00066259
19930117,3.8357
19930118,0
19930119,0.54581
19930120,0.049897
19930121,0.00077215
19930122,0.0012837
19930123,0
19930124,0.00039733
19930125,0
19930126,0.00061058
19930127,1.0686
19930128,0
19930129,0.00047106
19930130,0
19930131,0.0033843
19930201,0
19930202,0.46532
19930203,0.57586
19930204,0.61731
19930205,0.077292
19930206,0.099255
19930207,2.9801
19930208,6.0454
19930209,0.80098
19930210,3.889
19930211,0.025804
19930212,0.00041362
19930213,0.55781
19930214,58.724
19930215,9.6463
19930216,0.79265
19930217,17.644
19930218,22.903
19930219,0.0026103
19930220,0.49956
19930221,0
19930222,0.28255
19930223,0.15481
19930224,0
19930225,0.017586
19930226,0.0041027
19930227,0.82587
19930228,1.3762
19930301,1.0495
19930302,0.93477
19930303,0.0013451
19930304,0
19930305,0.0030351
19930306,0.44195
19930307,0.059381
19930308,1.3834
19930309,39.237
19930310,3.4002
19930311,1.2253
19930312,59.006
19930313,0.25275
19930314,0
19930315,3.5295
19930316,0.14367
19930317,1.9711
19930318,0
19930319,0.16425
19930320,0.0090868
19930321,0.32707
19930322,0.029941
19930323,1.2442
19930324,2.216
19930325,4.165
19930326,0.98616
19930327,0.21247
19930328,1.0986
19930329,5.039
19930330,2.8127
19930331,0.0011965
19930401,1.078
19930402,0
19930403,5.2375
19930404,2.1059
19930405,0.85406
19930406,4.3282
19930407,0.25698
19930408,1.1577
19930409,0.51521
19930410,0.44136
19930411,29.969
19930412,40.127
19930413,5.5417
19930414,0.00099801
19930415,0
19930416,0.0012267
19930417,0.27395
19930418,1.9237
19930419,0.11498
19930420,3.0917
19930421,1.9392
19930422,2.8331
19930423,4.1558
19930424,8.6744
19930425,3.3395
19930426,0.26862
19930427,4.8811
19930428,0.7616
19930429,0.30134
19930430,0.0081183
19930501,2.4984
19930502,0
19930503,0.13984
19930504,1.2389
19930505,1.7662
19930506,0.0066799
19930507,0.10544
19930508,0.96302
19930509,0.58086
19930510,2.8228
19930511,3.319
19930512,0.7158
19930513,0
19930514,1.8579
19930515,0.019136
19930516,2.5785
19930517,7.2339
19930518,0.651
19930519,0.0017417
19930520,0.014695
19930521,0.79268
19930522,0
19930523,6.0723
19930524,1.6171
19930525,0.99435
19930526,0.63386
19930527,0
19930528,0.075998
19930529,9.2306
19930530,2.1209
19930531,1.6084
19930601,0.045379
19930602,0
19930603,5.8525
19930604,29.175
19930605,0.98915
19930606,2.9977
19930607,3.2661
19930608,2.6392
19930609,0
19930610,6.6249
19930611,0.066343
19930612,2.0816
19930613,0.36985
19930614,0.00038844
19930615,0.009162
19930616,0
19930617,0.0055016
19930618,0
19930619,0.0035874
19930620,0.012187
19930621,1.847
19930622,0.47634
19930623,2.9714
19930624,1.5372
19930625,0.0086783
19930626,0.001528
19930627,2.4644
19930628,6.3374
19930629,2.4851
19930630,0.11499
19930701,10.581
19930702,13.273
19930703,0.59006
19930704,1.5448
19930705,0
19930706,0.0016382
19930707,0.93252
19930708,2.583
19930709,2.9009
19930710,7.1522
19930711,4.4551
19930712,0.00021446
19930713,0.0026391
19930714,0
19930715,0.17918
19930716,0.0022632
19930717,0.005199
19930718,0.26833
19930719,0
19930720,1.5729
19930721,8.3654
19930722,1.0915
19930723,0.0043116
19930724,4.3732
19930725,0.016838
19930726,0.0603
19930727,0
19930728,0
19930729,0.14199
19930730,1.6164
19930731,7.8691
19930801,0.87321
19930802,0.99507
19930803,0.82294
19930804,0.00050229
19930805,0
19930806,1.8443
19930807,0.033696
19930808,0.78124
19930809,0.0022197
19930810,7.2234
19930811,0.0050114
19930812,0.003831
19930813,0.0029745
19930814,0.0023049
19930815,7.5953
19930816,0
19930817,0.37787
19930818,0.012641
19930819,0.0014408
19930820,0.51889
19930821,0.00028315
19930822,0.0014546
19930823,0.0028061
19930824,0.0038431
19930825,7.6109
19930826,6.6604
19930827,4.1249
19930828,6.6176
19930829,2.6939
19930830,0
19930831,0.29998
19930901,0
19930902,0
19930903,0
19930904,0
19930905,0.18948
19930906,26.467
19930907,8.0028
19930908,0.38432
19930909,0.00039613
19930910,7.89
19930911,2.0032
19930912,0.00055205
19930913,0.048923
19930914,0.017469
19930915,26.486
19930916,7.0593
19930917,0.0082575
19930918,0.073526
19930919,10.623
19930920,1.4991
19930921,3.1913
19930922,6.3049
19930923,9.0715
19930924,1.43
19930925,0.66109
19930926,1.1089
19930927,3.5976
19930928,18.934
19930929,1.6971
19930930,0.050504
19931001,0
19931002,0
19931003,0.024214
19931004,0.10654
19931005,4.5088
19931006,0.0005337
19931007,0
19931008,0
19931009,10.907
19931010,4.4822
19931011,2.2854
19931012,3.5279
19931013,0.0024471
19931014,2.6937
19931015,0.050385
19931016,0.40645
19931017,3.6801
19931018,8.6259
19931019,4.523
19931020,0.46199
19931021,0.12728
19931022,0
19931023,0.45493
19931024,0.002144
19931025,0.010392
19931026,1.073
19931027,0.0050261
19931028,0
19931029,2.7288
19931030,0.13927
19931031,0.9994
19931101,6.5224
19931102,0.19906
19931103,0
19931104,1.7388
19931105,0.022346
19931106,0.00012951
19931107,0
19931108,0
19931109,0.57521
19931110,0.60446
19931111,7.2052
19931112,0.032384
19931113,0.70972
19931114,0.020517
19931115,33.415
19931116,0.0011755
19931117,8.0679e-05
19931118,0.082217
19931119,0.080034
19931120,0.016007
19931121,0.28501
19931122,0.5611
19931123,1.3338
19931124,2.8137
19931125,46.952
19931126,4.0484
19931127,3.0679
19931128,0.060732
19931129,0.16179
19931130,2.3241
19931201,0.26199
19931202,1.7082
19931203,0.10598
19931204,0
19931205,2.8308
19931206,7.2019
19931207,8.762
19931208,0.00013022
19931209,1.7791
19931210,0.41989
19931211,0
19931212,0.00027471
19931213,3.4733
19931214,0.89263
19931215,0.0049382
19931216,0
19931217,0.41055
19931218,2.1593
19931219,2.1239
19931220,0
19931221,0.016696
19931222,0.10402
19931223,0.00050041
19931224,8.776e-08
19931225,1.8667e-07
19931226,0.00018893
19931227,0.00019092
19931228,0
19931229,0.001007
19931230,0
19931231,0.0010104
19940101,0
19940102,0
19940103,0
19940104,0.009804
19940105,0
19940106,0.0011103
19940107,0.0015475
19940108,3.1963e-05
19940109,15.236
19940110,0.00087677
19940111,0.00045045
19940112,0.0088815
19940113,0.00077732
19940114,0
19940115,0.0029618
19940116,0
19940117,0.00059319
19940118,0.0013061
19940119,0.0014253
19940120,0.00031702
19940121,0.557
19940122,0.065061
19940123,0
19940124,0.00053212
19940125,0.0018269
19940126,0.0024161
19940127,0.73215
19940128,0.31648
19940129,0.051608
19940130,0.071242
19940131,2.9573
19940201,0.083347
19940202,0
19940203,0.00061586
19940204,0.00084496
19940205,0
19940206,0.12614
19940207,0.16661
19940208,0.0003491
19940209,0.00024042
19940210,0
19940211,0
19940212,0.00046754
19940213,0
19940214,0.18205
19940215,7.893
19940216,26.912
19940217,34.855
19940218,4.3376
19940219,0
19940220,0.5955
19940221,0.29587
19940222,0.0060161
19940223,2.8273
19940224,1.3818
19940225,1.7926
19940226,0
19940227,0.0049926
19940228,6.4794
19940301,0.63132
19940302,0.0093535
19940303,0.066964
19940304,0.46937
19940305,2.8058
19940306,0.39281
19940307,1.0592
19940308,0.46054
19940309,15.22
19940310,28.863
19940311,0.33168
19940312,19.032
19940313,38.801
19940314,22.96
19940315,0.00036564
19940316,0
19940317,0.046873
19940318,0.1771
19940319,4.0127
19940320,3.4312
19940321,2.7409
19940322,8.3135
19940323,0.34716
19940324,0.00084619
19940325,0.2248
19940326,16.361
19940327,2.8528
19940328,0.062007
19940329,0.002912
19940330,7.7635
19940331,3.0831
19940401,7.7699
19940402,2.2341
19940403,3.8645
19940404,0.096934
19940405,3.5987
19940406,0.15752
19940407,1.3831
19940408,0
19940409,0.14353
19940410,12.159
19940411,28.951
19940412,4.9449
19940413,3.7416
19940414,0.48367
19940415,1.3513
19940416,18.39
19940417,5.5178
19940418,9.5852
19940419,3.4463
19940420,0.58314
19940421,3.4096
19940422,1.0516
19940423,0.53501
19940424,0.26365
19940425,1.6072
19940426,0.0019725
19940427,0.0091082
19940428,0.56227
19940429,0
19940430,1.8657
19940501,0.45137
19940502,0
19940503,0.0064279
19940504,3.7692
19940505,0.00041803
19940506,0.90789
19940507,2.6456
19940508,0.63836
19940509,23.314
19940510,0.92373
19940511,2.5398
19940512,0
19940513,3.4241
19940514,3.6918
19940515,9.7831
19940516,12.115
19940517,0.16986
19940518,0.0046586
19940519,2.6736
19940520,0.010247
19940521,7.1508
19940522,28.279
19940523,13.8
19940524,1.5167
19940525,0.20683
19940526,0.057492
19940527,3.0543
19940528,1.8779
19940529,0.025679
19940530,1.1326
19940531,0.87858
19940601,0.59732
19940602,0.0025297
19940603,0.93162
19940604,0.93432
19940605,0.0071031
19940606,1.3313
19940607,0.011446
19940608,0.71924
19940609,1.6971
19940610,1.1701
19940611,1.8716
19940612,0.69336
19940613,0.029959
19940614,0.60755
19940615,7.073
19940616,6.7733
19940617,4.8381
19940618,2.2029
19940619,10.017
19940620,2.6141
19940621,0.00098705
19940622,0.015611
19940623,0
19940624,0.0022253
19940625,3.0633
19940626,0.22935
19940627,0.8687
19940628,3.5147
19940629,0
19940630,0.25236
19940701,0.00088876
19940702,0.00029215
19940703,2.5124
19940704,0.0010536
19940705,0.00054077
19940706,1.2822
19940707,11.69
19940708,0.027572
19940709,6.675
19940710,1.9096
19940711,0.00010445
19940712,0
19940713,0
19940714,1.1427
19940715,2.2478
19940716,2.2168
19940717,1.9274
19940718,3.2693
19940719,3.9835
19940720,25.308
19940721,18.794
19940722,2.0554
19940723,0.4493
19940724,5.2514
19940725,0.0030945
19940726,0.035292
19940727,2.1659
19940728,0.0087606
19940729,0
19940730,0
19940731,0.013231
19940801,0.0084167
19940802,1.1483
19940803,5.1993
19940804,11.066
19940805,9.2161
19940806,10.492
19940807,35.506
19940808,9.0187
19940809,33.264
19940810,0.58281
19940811,0.0043493
19940812,0
19940813,0.37241
19940814,0
19940815,0.012319
19940816,1.9084
19940817,8.4328
19940818,11.265
19940819,0.2037
19940820,0
19940821,5.6035
19940822,0.0044432
19940823,0
19940824,2.0467
19940825,0.19842
19940826,1.2154
19940827,0
19940828,0.29916
19940829,3.3569
19940830,3.7763
19940831,9.7454e-05
19940901,1.0595
19940902,2.018
19940903,0
19940904,0
19940905,0.00041323
19940906,0
19940907,0.00029747
19940908,0.010924
19940909,0
19940910,1.2078
19940911,2.0679
19940912,0.0010223
19940913,0
19940914,12.05
19940915,12.352
19940916,0.061338
19940917,0.60447
19940918,0.50997
19940919,0
19940920,0.0014071
19940921,0.0016977
19940922,0
19940923,0.77754
19940924,0.0020351
19940925,0
19940926,0.28872
19940927,5.2045
19940928,9.3945
19940929,2.2572
19940930,0.0039057
19941001,0
19941002,0.1026
19941003,0.084622
19941004,3.1115
19941005,29.262
19941006,13.929
19941007,1.0356
19941008,3.4686
19941009,0.32425
19941010,0.96444
19941011,0.77776
19941012,0.076978
19941013,0.89514
19941014,9.8658
19941015,11.056
19941016,6.4534
19941017,7.5353
19941018,0.052043
19941019,0.016774
19941020,2.8982
19941021,1.6745
19941022,19.263
19941023,57.032
19941024,0.00061654
19941025,3.031
19941026,5.1477
19941027,0.00077556
19941028,0.0038272
19941029,0
19941030,0.75838
19941031,7.8188
19941101,15.947
19941102,10.593
19941103,0.20367
19941104,0.0349
19941105,0.15578
19941106,1.5675
19941107,4.4968
19941108,0.053964
19941109,0.20213
19941110,1.13
19941111,0.01618
19941112,0
19941113,0.0014388
19941114,0
19941115,0.22181
19941116,0.50135
19941117,0
19941118,1.1298
19941119,0.041134
19941120,0.10573
19941121,0
19941122,0
19941123,0.0066828
19941124,0
19941125,0
19941126,0.072944
19941127,0
19941128,4.5906e-05
19941129,0.0043022
19941130,0
19941201,0
19941202,0
19941203,0
19941204,0
19941205,2.9559
19941206,4.4412
19941207,0.0030308
19941208,3.5358
19941209,2.0166
19941210,8.7615
19941211,11.047
19941212,20.326
19941213,0.0017955
19941214,1.5668
19941215,0.00057477
19941216,0.32435
19941217,0.00057371
19941218,0.14521
19941219,0.026566
19941220,0
19941221,0.0010161
19941222,0.0019035
19941223,0
19941224,0.00083814
19941225,0
19941226,0.0063073
19941227,0.2163
19941228,0.0069557
19941229,0.0027809
19941230,0.01884
19941231,0.49365
19950101,0.065334
19950102,0
19950103,0.053854
19950104,17.148
19950105,4.9104
19950106,0.28763
19950107,3.1605
19950108,0.001076
19950109,0.21991
19950110,1.1091
19950111,3.3646
19950112,0
19950113,0.00025558
19950114,0.01162
19950115,0.28465
19950116,2.7164
19950117,1.6978
19950118,7.2659e-05
19950119,0.00013972
19950120,0
19950121,0.3841
19950122,0
19950123,0.077381
19950124,0.13858
19950125,2.2064
19950126,0.00016207
19950127,0.0037357
19950128,0
19950129,0.0049787
19950130,0
19950131,0.41277
19950201,0
19950202,0
19950203,0.045632
19950204,1.4627
19950205,36.296
19950206,27.022
19950207,18.725
19950208,0.44691
19950209,0.00018723
19950210,0.0084003
19950211,0.41546
19950212,10.466
19950213,2.2308
19950214,11.838
19950215,2.5052
19950216,13.297
19950217,20.597
19950218,7.8884
19950219,2.2161
19950220,0
19950221,0.0012284
19950222,0
19950223,0
19950224,0.0078876
19950225,0
19950226,0.19815
19950227,6.5804
19950228,10.188
19950301,16.966
19950302,35.575
19950303,3.8238
19950304,21.193
19950305,2.6647
19950306,12.457
19950307,0.3674
19950308,0.088655
19950309,0.010732
19950310,0.042028
19950311,0.96782
19950312,0.10576
19950313,7.2025
19950314,0
19950315,4.4874
19950316,34.187
19950317,0.18619
19950318,0.015562
19950319,0.25782
19950320,7.1219
19950321,6.2448
19950322,0.13456
19950323,2.2092
19950324,5.5035
19950325,0.0028228
19950326,0.0008259
19950327,0.00013437
19950328,0
19950329,6.7662e-05
19950330,1.858
19950331,2.1077
19950401,8.9189
19950402,0.44703
19950403,3.4536
19950404,1.5021
19950405,0.011311
19950406,0
19950407,0
19950408,0.022503
19950409,0.00038157
19950410,0.00028847
19950411,0.0012761
19950412,0
19950413,7.7313e-05
19950414,0
19950415,0.0014171
19950416,0
19950417,0.0015044
19950418,0.00013175
19950419,0.0012884
19950420,3.1864
19950421,2.0389
19950422,9.4772
19950423,0.0028869
19950424,0.00061568
19950425,0.17313
19950426,0
19950427,1.0037
19950428,0.36595
19950429,2.0919
19950430,0.064344
19950501,0
19950502,0.80965
19950503,0.0006239
19950504,0.1474
19950505,0.00049441
19950506,2.1408
19950507,0.00053658
19950508,0.15265
19950509,2.6748
19950510,0
19950511,0
19950512,0.00027169
19950513,3.035
19950514,3.4231
19950515,0
19950516,0.12658
19950517,3.206
19950518,16.198
19950519,34.047
19950520,2.2481
19950521,2.6426
19950522,2.167
19950523,2.1143
19950524,5.9341
19950525,1.4303
19950526,1.535
19950527,0.80704
19950528,4.739
19950529,0.0015638
19950530,0
19950531,5.0741
19950601,0
19950602,1.1532
19950603,2.0493
19950604,14.333
19950605,25.725
19950606,10.139
19950607,0.06879
19950608,1.6744
19950609,1.1565
19950610,5.4144
19950611,2.6608
19950612,6.1396
19950613,3.787
19950614,0.9022
19950615,0
19950616,0.0040241
19950617,0
19950618,7.3832
19950619,7.7632
19950620,2.94
19950621,2.8348
19950622,0.0045041
19950623,0
19950624,0.0019285
19950625,1.1897
19950626,0.72142
19950627,5.4468
19950628,1.3554
19950629,9.6211
19950630,8.1165
19950701,3.6512
19950702,0.68364
19950703,5.5045
19950704,0.28474
19950705,3.8209
19950706,3.1153
19950707,0.011169
19950708,0.0084417
19950709,0.057414
19950710,0.56803
19950711,0.87376
19950712,0.023767
19950713,4.7975e-05
19950714,1.4204
19950715,2.7943
19950716,0.11086
19950717,0.66539
19950718,0.00013396
19950719,0.0054952
19950720,0.014402
19950721,0
19950722,0
19950723,0
19950724,0.0040398
19950725,0
19950726,0.0041095
19950727,0.012078
19950728,14.843
19950729,2.8478
19950730,0.0020319
19950731,0.70239
19950801,0.46392
19950802,0.0036821
19950803,1.05
19950804,0.72382
19950805,0.49962
19950806,0.93537
19950807,0.00068675
19950808,0.0021201
19950809,0
19950810,0.00030117
19950811,0.0013486
19950812,2.7989
19950813,6.2133
19950814,0.10935
19950815,0
19950816,2.4268
19950817,7.685
19950818,10.58
19950819,3.5122
19950820,0
19950821,0.00097685
19950822,0.0062601
19950823,0.95982
19950824,0
19950825,0.0063295
19950826,0
19950827,0.0064293
19950828,0.012364
19950829,0.0065258
19950830,0.20523
19950831,0.00028715
19950901,0.00063134
19950902,0.038077
19950903,0.0035035
19950904,0.00013176
19950905,1.2585
19950906,0.00044994
19950907,0.90948
19950908,10.407
19950909,55.656
19950910,0.77208
19950911,0.56886
19950912,3.6897
19950913,4.5648
19950914,4.532
19950915,1.1925
19950916,2.6915
19950917,1.663
19950918,0.26563
19950919,1.6129
19950920,0
19950921,0
19950922,0.0006498
19950923,0.0019636
19950924,0
19950925,0.0025526
19950926,0.0048621
19950927,0.24887
19950928,0
19950929,1.5621e-07
19950930,0.0028321
19951001,0
19951002,0.00060025
19951003,0.15779
19951004,0.14715
19951005,0
19951006,1.0491e-05
19951007,0.34142
19951008,0.2915
19951009,0.00030999
19951010,1.0838
19951011,0
19951012,0.00038149
19951013,0.117
19951014,13.353
19951015,6.5614
19951016,1.0316
19951017,0.0050165
19951018,1.9633
19951019,0.00076863
19951020,0.0021059
19951021,0.16213
19951022,0.002555
19951023,3.896e-10
19951024,8.2836e-05
19951025,3.9653e-06
19951026,6.2774e-06
19951027,0
19951028,0.0024911
19951029,0.21067
19951030,0.022467
19951031,0.12724
19951101,0.084857
19951102,0
19951103,0.00023771
19951104,0.36103
19951105,0
19951106,0.03322
19951107,0.00018975
19951108,0.021414
19951109,0.79296
19951110,2.181
19951111,1.5951
19951112,0.20942
19951113,0.00059579
19951114,0
19951115,0
19951116,0.0036404
19951117,0.0024481
19951118,0.0078871
19951119,0.76019
19951120,0.00022406
19951121,0.0042456
19951122,0
19951123,0.41846
19951124,1.0342
19951125,0
19951126,22.446
19951127,31.2
19951128,0.0026604
19951129,0
19951130,0.005681
19951201,0.0016655
19951202,0.2679
19951203,0.0057453
19951204,0.50398
19951205,20.236
19951206,0.0017514
19951207,0.14147
19951208,0.43441
19951209,0.20582
19951210,0.10623
19951211,0.00063818
19951212,0.00050765
19951213,0.0020382
19951214,0.0049629
19951215,0
19951216,0.00067251
19951217,0.40379
19951218,0.55345
19951219,0.17999
19951220,1.3356
19951221,0.067935
19951222,0.0026069
19951223,0.070198
19951224,0
19951225,0.0063441
19951226,0
19951227,0.00024297
19951228,0.0021846
19951229,0.039496
19951230,9.9345e-08
19951231,5.816e-06
19960101,0
19960102,0
19960103,0.017668
19960104,6.0672e-05
19960105,0.00035848
19960106,0
19960107,0.014814
19960108,0
19960109,0.014414
19960110,0.00028032
19960111,0
19960112,0.00035157
19960113,0
19960114,0.00019061
19960115,1.6576e-05
19960116,0
19960117,0.00054664
19960118,0.0012869
19960119,0.00096962
19960120,0
19960121,0
19960122,0.21839
19960123,0
19960124,0.10745
19960125,0.80499
19960126,0.054401
19960127,6.6936e-11
19960128,0.030356
19960129,0.26269
19960130,7.0563
19960131,0.8519
19960201,0.26909
19960202,0.87097
19960203,1.1182
19960204,0
19960205,0
19960206,0.012777
19960207,7.1143e-06
19960208,0.00069856
19960209,0.00038507
19960210,0
19960211,0.00089234
19960212,0
19960213,0.079175
19960214,0.51857
19960215,6.43
19960216,0.010125
19960217,0.00018682
19960218,17.441
19960219,9.9658
19960220,1.1338
19960221,0.00021023
19960222,0.033822
19960223,18.403
19960224,17.645
19960225,0.0050597
19960226,0
19960227,0.018396
19960228,0.14369
19960229,0.0032738
19960301,0.0016018
19960302,0
19960303,0.12431
19960304,0.00096554
19960305,0
19960306,0.046356
19960307,0
19960308,4.8073
19960309,0
19960310,0.039026
19960311,0
19960312,0.023773
19960313,0.008995
19960314,0
19960315,0
19960316,0.0021062
19960317,3.5969
19960318,1.0727
19960319,0
19960320,0
19960321,0.0025806
19960322,0.0010229
19960323,0.26381
19960324,0.043091
19960325,10.074
19960326,5.3741
19960327,5.5789
19960328,11.263
19960329,26.262
19960330,0.0055943
19960331,0
19960401,0.1459
19960402,25.864
19960403,2.5305
19960404,3.8493
19960405,8.0999
19960406,1.3145
19960407,1.4133
19960408,0.0074621
19960409,3.0111
19960410,3.389
19960411,0.25498
19960412,0.57771
19960413,0.17506
19960414,0.017728
19960415,0.0089015
19960416,8.0113e-05
19960417,0.025805
19960418,0
19960419,5.2729
19960420,2.7938
19960421,0.10451
19960422,0
19960423,0
19960424,0.0028256
19960425,0.62424
19960426,2.4199
19960427,1.8779
19960428,0.19022
19960429,0.066848
19960430,3.2716
19960501,2.888
19960502,2.7489
19960503,0.34612
19960504,8.8945e-05
19960505,0.0010029
19960506,0.96986
19960507,17.599
19960508,33.294
19960509,0.0076694
19960510,3.0712
19960511,0.01604
19960512,2.7837
19960513,7.0146
19960514,5.9547
19960515,3.2342
19960516,6.429
19960517,0.29066
19960518,4.1186
19960519,0.39587
19960520,0.00062232
19960521,0.0001305
19960522,0.00021674
19960523,3.1359e-05
19960524,3.5906
19960525,1.8438
19960526,2.7976
19960527,0
19960528,0.0008401
19960529,3.9527
19960530,0.87691
19960531,0
19960601,0.25565
19960602,0.22753
19960603,28.005
19960604,12.667
19960605,8.5777
19960606,4.6106
19960607,0.20883
19960608,0
19960609,6.0646
19960610,6.6641
19960611,6.4988
19960612,0
19960613,0.0033584
19960614,0.0006718
19960615,0
19960616,3.6044
19960617,0.00050462
19960618,0.0027885
19960619,4.2038
19960620,2.0407
19960621,3.7303
19960622,6.9935
19960623,1.8043
19960624,5.49
19960625,13.203
19960626,12.26
19960627,16.308
19960628,7.8474
19960629,8.7574
19960630,3.326
19960701,9.1674
19960702,0.48722
19960703,0.1432
19960704,0
19960705,3.3564
19960706,1.3182
19960707,4.2643
19960708,3.0734
19960709,14.772
19960710,3.3024
19960711,0.64222
19960712,6.7863
19960713,0.55821
19960714,1.8749
19960715,5.4118
19960716,0.0051768
19960717,0
19960718,0.35263
19960719,0.12258
19960720,0
19960721,0.0043771
19960722,5.0195
19960723,2.5957
19960724,0.47332
19960725,1.5886
19960726,2.9574
19960727,3.3625
19960728,0.012923
19960729,0.034888
19960730,0.0014058
19960731,0.0034443
19960801,0
19960802,1.1241
19960803,0.1798
19960804,5.67
19960805,0.0011663
19960806,4.2186e-05
19960807,0
19960808,0.00011474
19960809,0.001274
19960810,3.616
19960811,10.689
19960812,3.864
19960813,5.3769
19960814,4.9088
19960815,11.297
19960816,0.066291
19960817,0
19960818,0.0045912
19960819,0
19960820,0
19960821,0.024066
19960822,0
19960823,0.002344
19960824,0.3737
19960825,5.6419
19960826,0.95385
19960827,0.010614
19960828,0.87282
19960829,0.53777
19960830,0.0086754
19960831,0
19960901,3.9951
19960902,2.0046
19960903,19.542
19960904,31.27
19960905,0.20166
19960906,0.081812
19960907,0.61265
19960908,0.0078709
19960909,0.0028344
19960910,0.00044845
19960911,0.00095372
19960912,0.00045866
19960913,0.00030792
19960914,0
19960915,0
19960916,0.0030766
19960917,0
19960918,0
19960919,0.005357
19960920,0.23247
19960921,0
19960922,0.00042654
19960923,0.00036266
19960924,9.5441
19960925,14.232
19960926,0.079732
19960927,0.033466
19960928,0.0043028
19960929,3.1505
19960930,7.3854
19961001,4.8457
19961002,3.0017
19961003,1.67
19961004,0.00020106
19961005,0.00037368
19961006,0
19961007,0.0012741
19961008,0.0010824
19961009,0
19961010,0
19961011,0.0058073
19961012,0.0027447
19961013,0
19961014,0
19961015,0
19961016,0.00056216
19961017,5.0222
19961018,1.3253
19961019,0
19961020,0
19961021,0
19961022,0
19961023,5.709
19961024,3.7285
19961025,0.59417
19961026,1.3756
19961027,0.67432
19961028,3.5066
19961029,1.4426
19961030,1.4042
19961031,0.24971
19961101,0.0060994
19961102,2.9175
19961103,0.093328
19961104,1.9646
19961105,17.784
19961106,45.342
19961107,6.1417
19961108,0.33942
19961109,1.5757
19961110,0.67102
19961111,0.018681
19961112,0.74423
19961113,1.6801e-06
19961114,0
19961115,0
19961116,0.0042578
19961117,0.0026561
19961118,0
19961119,0.0037207
19961120,0.0020132
19961121,0
19961122,0
19961123,0
19961124,0
19961125,0.0005852
19961126,0
19961127,0.00077388
19961128,0.0037591
19961129,0
19961130,0
19961201,4.642
19961202,0.073391
19961203,0.001121
19961204,0.00062301
19961205,0
19961206,0.6171
19961207,0.2281
19961208,0.0001955
19961209,0.48108
19961210,0.064004
19961211,1.2012
19961212,0.00029739
19961213,0.0019473
19961214,0
19961215,0
19961216,2.3658
19961217,0.68503
19961218,14.23
19961219,2.9252
19961220,0.0025866
19961221,0
19961222,0.0021742
19961223,0.16372
19961224,0.011623
19961225,0.00093467
19961226,9.1159e-05
19961227,9.5378e-05
19961228,8.916e-05
19961229,0.53673
19961230,3.7997
19961231,0.00028315
19970101,0
19970102,2.8212
19970103,0.00069222
19970104,2.0902
19970105,1.0677
19970106,0.026044
19970107,0.048507
19970108,0.00072317
19970109,0.15511
19970110,0.000596
19970111,0.00020983
19970112,2.9745e-05
19970113,0.0011211
19970114,0
19970115,0
19970116,0
19970117,0.0011153
19970118,0.049554
19970119,0
19970120,0.056795
19970121,5.5564
19970122,0.0077871
19970123,19.676
19970124,1.5053
19970125,0
19970126,0.0020627
19970127,0
19970128,16.478
19970129,0.66704
19970130,0
19970131,0.065533
19970201,0.04171
19970202,2.6163
19970203,0.035473
19970204,0.023281
19970205,0.17436
19970206,0.13872
19970207,0
19970208,0
19970209,0.00017261
19970210,0.001149
19970211,0
19970212,0.0011844
19970213,0.27191
19970214,0.64859
19970215,0.0030194
19970216,0
19970217,0
19970218,3.2842
19970219,0
19970220,0.0025218
19970221,0.00070121
19970222,0.24112
19970223,0
19970224,0.00040218
19970225,0.0022751
19970226,0.097918
19970227,0
19970228,0.00060782
19970301,0
19970302,0
19970303,0.00043065
19970304,1.2744
19970305,0.12583
19970306,0.001166
19970307,0.050689
19970308,0.0032346
19970309,1.1206
19970310,0.40783
19970311,0.30518
19970312,0.55659
19970313,1.3026
19970314,0.79217
19970315,1.8168
19970316,0.0015749
19970317,0.056385
19970318,0.0034164
19970319,0.0094314
19970320,0.007292
19970321,0.0037254
19970322,0
19970323,0.0015568
19970324,2.9417
19970325,3.081
19970326,0
19970327,0.0051113
19970328,1.1089
19970329,0.0041147
19970330,3.5743
19970331,1.4967
19970401,0
19970402,4.9589
19970403,0.31451
19970404,0.016738
19970405,0
19970406,0.00095894
19970407,0.064207
19970408,2.128
19970409,1.1408
19970410,5.5515
19970411,2.4031
19970412,1.627
19970413,0.042616
19970414,0.36895
19970415,1.2073
19970416,0.0046891
19970417,2.1379
19970418,0.71327
19970419,0.027514
19970420,0.086459
19970421,5.2436
19970422,4.4619
19970423,0.0023912
19970424,0.12714
19970425,3.4483
19970426,1.8673
19970427,19.254
19970428,4.3755
19970429,0
19970430,0.19592
19970501,0
19970502,0.067138
19970503,1.0912
19970504,0.00096327
19970505,0.0011691
19970506,0.0007596
19970507,4.1632e-05
19970508,0.18715
19970509,1.0903
19970510,1.7896
19970511,2.4354
19970512,8.3281
19970513,11.208
19970514,28.184
19970515,0.66838
19970516,0.052484
19970517,0
19970518,6.5547
19970519,3.2935
19970520,20.916
19970521,0.6353
19970522,0.63282
19970523,0.435
19970524,10.171
19970525,0.98408
19970526,0
19970527,1.8056
19970528,1.7103
19970529,5.1107
19970530,6.1603
19970531,0
19970601,2.3892
19970602,4.9149
19970603,0.47128
19970604,1.7929
19970605,0.26063
19970606,0.7222
19970607,1.0105
19970608,0.067383
19970609,8.5022
19970610,2.6907
19970611,4.7635
19970612,0.44708
19970613,6.1816
19970614,0.0010825
19970615,1.7517
19970616,15.846
19970617,1.9911
19970618,0.18863
19970619,0.0019429
19970620,0.0032966
19970621,0.0043219
19970622,0.010122
19970623,3.3287
19970624,1.4516
19970625,0.027142
19970626,0
19970627,0
19970628,1.9408
19970629,5.5672
19970630,0.0077184
19970701,12.431
19970702,10.18
19970703,4.8216
19970704,0.0016278
19970705,0.34768
19970706,4.7573
19970707,0.0025061
19970708,0.10978
19970709,0.046437
19970710,2.1901
19970711,5.063
19970712,0.00025954
19970713,0.0030163
19970714,0.0025786
19970715,0.0029344
19970716,0
19970717,0.025161
19970718,2.2998
19970719,1.7668
19970720,5.9412
19970721,0
19970722,0.053407
19970723,0.0069257
19970724,1.4072
19970725,0.011751
19970726,2.2004
19970727,0.013922
19970728,0.0065966
19970729,0
19970730,0.94457
19970731,8.0681
19970801,5.525
19970802,7.2936
19970803,1.3604
19970804,4.1334
19970805,3.821
19970806,2.4742
19970807,21.081
19970808,7.6821
19970809,5.8727
19970810,0.69975
19970811,0
19970812,0.74104
19970813,0
19970814,0.011496
19970815,0.008646
19970816,1.9406
19970817,0
19970818,0
19970819,0.015786
19970820,5.7979
19970821,1.2837
19970822,0
19970823,1.4679
19970824,1.8505
19970825,0.80766
19970826,0
19970827,0.069317
19970828,3.6774
19970829,1.2278
19970830,0
19970831,0.014842
19970901,3.428
19970902,9.987
19970903,0
19970904,0.0018545
19970905,0.00054039
19970906,0.099051
19970907,0.83917
19970908,0.0013406
19970909,0
19970910,0.0009837
19970911,0.0017671
19970912,0
19970913,0.00067156
19970914,0.04669
19970915,6.6109
19970916,8.4075
19970917,6.8489
19970918,0
19970919,6.3331
19970920,8.1812
19970921,9.3853
19970922,28.608
19970923,0.00050328
19970924,4.8127
19970925,13.585
19970926,9.4435
19970927,10.749
19970928,0.069521
19970929,0.00041811
19970930,0.029111
19971001,1.8822
19971002,5.9623
19971003,1.4773
19971004,2.6954
19971005,0
19971006,0.59684
19971007,0.05762
19971008,0.0036912
19971009,0
19971010,0.001565
19971011,0.054267
19971012,14.243
19971013,2.4259
19971014,14.179
19971015,3.8101
19971016,0.069684
19971017,1.0951
19971018,1.3207
19971019,2.6602
19971020,0
19971021,0.063537
19971022,0.00063524
19971023,5.9929
19971024,0.013683
19971025,3.0608
19971026,2.4565
19971027,0.75118
19971028,0.0044394
19971029,0.02455
19971030,0.44526
19971031,0.071162
19971101,0.23488
19971102,9.2422e-05
19971103,4.9561
19971104,13.214
19971105,7.2247
19971106,8.5693
19971107,0.024043
19971108,0.0098818
19971109,0.08614
19971110,0.51468
19971111,0.73292
19971112,30.311
19971113,0.1533
19971114,0.0016796
19971115,0.0021369
19971116,0.31163
19971117,17.768
19971118,0.5722
19971119,2.0605
19971120,0.26593
19971121,1.1386
19971122,0
19971123,0.015131
19971124,0.0024288
19971125,0
19971126,9.2175
19971127,6.4869
19971128,0
19971129,0.036832
19971130,13.949
19971201,8.6862
19971202,4.2423
19971203,16.145
19971204,0.30152
19971205,1.9448
19971206,0.01032
19971207,0.0063434
19971208,4.8823
19971209,12.475
19971210,1.0486
19971211,0.019211
19971212,8.6682
19971213,36.077
19971214,3.5869
19971215,0
19971216,0.00029586
19971217,2.839
19971218,0.0044617
19971219,0
19971220,0.012841
19971221,0
19971222,0.0080986
19971223,9.7969e-05
19971224,0.0018802
19971225,0
19971226,0.14987
19971227,0.026332
19971228,0.01911
19971229,0.93384
19971230,0
19971231,0.013766
19980101,0.0018983
19980102,0.0047461
19980103,0.00021773
19980104,0
19980105,0.09447
19980106,0.084116
19980107,0.0039738
19980108,1.0041
19980109,0
19980110,0.010189
19980111,0.67551
19980112,0
19980113,0.00045098
19980114,0
19980115,0.0009294
19980116,0.18041
19980117,0.023382
19980118,0.00041447
19980119,0
19980120,1.1508
19980121,0.85741
19980122,0.6035
19980123,1.5457
19980124,1.0003
19980125,2.2623
19980126,10.289
19980127,1.866
19980128,0.86099
19980129,0.03783
19980130,0.40641
19980131,0
19980201,0.0047434
19980202,9.5955
19980203,5.0695
19980204,3.6831
19980205,0
19980206,2.9215
19980207,5.3283
19980208,0.039901
19980209,0.4624
19980210,0.21925
19980211,0.091486
19980212,9.6201e-05
19980213,0
19980214,0.00084601
19980215,0
19980216,0.0016006
19980217,0.0024917
19980218,0
19980219,0.6248
19980220,0.0086675
19980221,0.049733
19980222,0.001097
19980223,0.28808
19980224,0.027256
19980225,0.83349
19980226,1.1834
19980227,1.0876
19980228,10.445
19980301,3.3162
19980302,15.046
19980303,5.4514
19980304,0.075621
19980305,1.2349e-06
19980306,0
19980307,0.14563
19980308,0.68733
19980309,0.38421
19980310,0.0001678
19980311,0
19980312,0.00045588
19980313,0
19980314,0.00012064
19980315,0.00055978
19980316,0
19980317,0.0032009
19980318,0
19980319,0.34329
19980320,0.52321
19980321,7.2193
19980322,10.387
19980323,0.0080289
19980324,1.695
19980325,0.0012529
19980326,0
19980327,1.3869
19980328,0.000902
19980329,0.00027493
19980330,0.39849
19980331,0
19980401,0.28272
19980402,0.00034675
19980403,0.00026126
19980404,0.0028411
19980405,0.87418
19980406,0.070183
19980407,0.00015974
19980408,0.0008433
19980409,0.0088478
19980410,2.8028
19980411,0.0016913
19980412,0.069849
19980413,0.51969
19980414,1.0306
19980415,0.017563
19980416,2.3875
19980417,6.5695
19980418,2.0552
19980419,4.1787
19980420,1.9596
19980421,0
19980422,18.622
19980423,5.1252
19980424,0.16399
19980425,0.21393
19980426,0.6186
19980427,0.65596
19980428,0
19980429,3.1514
19980430,0
19980501,0
19980502,0
19980503,1.2079
19980504,0.86096
19980505,0.45075
19980506,0.00092709
19980507,0.60209
19980508,0.0015172
19980509,0
19980510,0
19980511,0.13859
19980512,0.0011531
19980513,3.499
19980514,1.1357
19980515,0.457
19980516,0.0019731
19980517,0.0018511
19980518,0
19980519,1.7107
19980520,2.4143
19980521,0.0036769
19980522,8.436e-06
19980523,10.049
19980524,4.9761
19980525,0.68187
19980526,0
19980527,0.31581
19980528,0.039273
19980529,0.00074111
19980530,0
19980531,2.5964
19980601,0.090881
19980602,1.9507
19980603,3.1213
19980604,38.327
19980605,5.3594
19980606,1.574
19980607,0.0058733
19980608,0
19980609,0.18442
19980610,0.076111
19980611,0
19980612,0.0034241
19980613,0.42482
19980614,0
19980615,0.00013536
19980616,0.19168
19980617,1.2635
19980618,3.0786
19980619,3.3351
19980620,0.0133
19980621,3.7657
19980622,0.4582
19980623,0.00062735
19980624,1.8286
19980625,4.1343
19980626,0
19980627,0.0095259
19980628,0
19980629,2.481
19980630,0.31634
19980701,0.98517
19980702,0.0027067
19980703,0.00039533
19980704,0.47779
19980705,5.753
19980706,0.0021376
19980707,0.0014624
19980708,0.84756
19980709,6.5437
19980710,1.0247
19980711,0.0040911
19980712,5.1076
19980713,0.0019345
19980714,0.0018734
19980715,0
19980716,0.007804
19980717,14.883
19980718,0.002779
19980719,0
19980720,0.0091457
19980721,10.002
19980722,2.69
19980723,1.1642
19980724,3.3616
19980725,3.2786
19980726,0.072894
19980727,0.13333
19980728,0.0007927
19980729,0.59204
19980730,0.006689
19980731,0.32715
19980801,17.937
19980802,2.7754
19980803,2.667
19980804,0.019879
19980805,3.2238
19980806,4.26
19980807,0.050339
19980808,0
19980809,0
19980810,0.011979
19980811,5.0245
19980812,6.8196
19980813,4.8319
19980814,11.696
19980815,1.3148
19980816,2.0749
19980817,3.196
19980818,1.4804
19980819,0.0011162
19980820,4.2946
19980821,0.90127
19980822,0.010638
19980823,4.19
19980824,4.8723
19980825,1.2526
19980826,3.0087
19980827,0.0075144
19980828,0.001277
19980829,0.074765
19980830,0.0067788
19980831,1.5983
19980901,2.5286
19980902,6.1839
19980903,1.2963
19980904,0.61523
19980905,0.2202
19980906,0.030546
19980907,0.14673
19980908,1.327
19980909,0.58871
19980910,0.00022096
19980911,0.00080505
19980912,0.38881
19980913,2.0413
19980914,0.00033154
19980915,0.00016613
19980916,0.00035667
19980917,0.49978
19980918,0.24996
19980919,0.99188
19980920,0.011273
19980921,0.0022159
19980922,0
19980923,0
19980924,0
19980925,0.14531
19980926,3.8471
19980927,0.3377
19980928,11.036
19980929,6.0391
19980930,0.0031249
19981001,1.4743
19981002,20.301
19981003,0
19981004,0.054934
19981005,1.0512
19981006,0.0021001
19981007,0.088406
19981008,0
19981009,0
19981010,0
19981011,0.012797
19981012,25.277
19981013,0.00069883
19981014,6.4213
19981015,18.167
19981016,0.11777
19981017,0.0010105
19981018,0.014837
19981019,3.5247
19981020,0.28663
19981021,0
19981022,0.0039126
19981023,0
19981024,0
19981025,0.0013652
19981026,0.089455
19981027,1.5381
19981028,0.25364
19981029,0.94789
19981030,0.24175
19981031,0.00042393
19981101,4.7253
19981102,5.0631
19981103,0.038611
19981104,2.524
19981105,0.11881
19981106,1.1812
19981107,0.0060292
19981108,0
19981109,0.0011518
19981110,0
19981111,0
19981112,0.20766
19981113,0.005293
19981114,0.001239
19981115,0.0017464
19981116,0
19981117,0.00058626
19981118,0
19981119,0
19981120,0.079366
19981121,4.0703
19981122,0.01608
19981123,0.89596
19981124,1.8131
19981125,30.514
19981126,45.124
19981127,11.485
19981128,0.38083
19981129,0.007255
19981130,0
19981201,0
19981202,0
19981203,0
19981204,0
19981205,0
19981206,0.036646
19981207,0.36371
19981208,0
19981209,0.00051644
19981210,0
19981211,0.0023515
19981212,0.042125
19981213,0.5917
19981214,10.956
19981215,0.0048012
19981216,3.7875
19981217,3.9039
19981218,1.1644e-08
19981219,0.035567
19981220,0.042321
19981221,1.1759
19981222,11.528
19981223,3.4309
19981224,1.7297
19981225,1.8047
19981226,3.011
19981227,0.96909
19981228,0.16489
19981229,0.28121
19981230,0
19981231,0.054238
19990101,0.36378
19990102,0.97955
19990103,0.83597
19990104,0.88218
19990105,10.313
19990106,0.29825
19990107,0.0032038
19990108,0.00094874
19990109,0.011651
19990110,0.48738
19990111,0
19990112,0.92269
19990113,0.18096
19990114,0.15372
19990115,0.5828
19990116,0.24226
19990117,0.073163
19990118,0.00081657
19990119,0
19990120,0.73096
19990121,4.8599
19990122,0.0020858
19990123,0
19990124,0.0028593
19990125,0
19990126,0
19990127,6.8153e-07
19990128,1.7629e-06
19990129,4.1187e-07
19990130,0
19990131,0
19990201,0
19990202,0
19990203,0
19990204,0
19990205,0.41159
19990206,0.45653
19990207,3.4685
19990208,16.972
19990209,2.0288
19990210,8.4714
19990211,0.00038316
19990212,1.4932
19990213,0.0027709
19990214,0.0044401
19990215,0.0009849
19990216,0.10339
19990217,0.43913
19990218,0.0025109
19990219,0.098707
19990220,0.013249
19990221,0.0056627
19990222,0.12749
19990223,0
19990224,0.075803
19990225,0.24665
19990226,0.00089176
19990227,0.47232
19990228,0.38951
19990301,2.5003
19990302,4.5043
19990303,6.0661
19990304,0
19990305,13.905
19990306,13.693
19990307,0.023786
19990308,0
19990309,0
19990310,0.0016753
19990311,0.0010009
19990312,0.00034409
19990313,0.03893
19990314,0.0039502
19990315,0.044144
19990316,0
19990317,0.16578
19990318,0.0029222
19990319,0
19990320,0.06397
19990321,7.83
19990322,6.7304
19990323,0.081502
19990324,0.71269
19990325,1.7934
19990326,0.73759
19990327,0.020975
19990328,0.015934
19990329,0
19990330,0.46027
19990331,0
19990401,12.77
19990402,2.6013
19990403,0.34735
19990404,3.6692
19990405,0.00012724
19990406,0.47755
19990407,1.2795e-06
19990408,1.1492
19990409,0.19793
19990410,0.04571
19990411,2.0458
19990412,1.5469
19990413,1.3465
19990414,0.90499
19990415,5.86
19990416,2.0725
19990417,2.4553
19990418,3.0423
19990419,0.017165
19990420,0.50653
19990421,4.3802
19990422,3.2123
19990423,0
19990424,0.0010238
19990425,0.23004
19990426,0.041015
19990427,18.675
19990428,0.22563
19990429,0.90834
19990430,0.0093198
19990501,0.14555
19990502,6.5824
19990503,3.7165
19990504,3.8657
19990505,5.9467
19990506,0.085074
19990507,2.1223
19990508,6.0063
19990509,0.29521
19990510,0.059407
19990511,0.06002
19990512,1.9353
19990513,0.70813
19990514,0
19990515,1.1656
19990516,0.0037103
19990517,0
19990518,4.0813
19990519,0.000473
19990520,0
19990521,1.69
19990522,0
19990523,0.57372
19990524,0.0044806
19990525,0.11358
19990526,2.863
19990527,3.0115
19990528,4.3908
19990529,0.072634
19990530,0.19743
19990531,0.47142
19990601,3.9877
19990602,3.2704
19990603,7.5841
19990604,15.421
19990605,8.0444
19990606,4.2732
19990607,7.1361
19990608,8.5513
19990609,15.21
19990610,1.9085
19990611,13.76
19990612,8.3733
19990613,8.3224
19990614,0.42791
19990615,0.48488
19990616,4.8358
19990617,5.6413
19990618,2.5284
19990619,3.6403
19990620,0.20744
19990621,0
19990622,1.0351
19990623,0.0012188
19990624,6.9791
19990625,0
19990626,0
19990627,0.0054729
19990628,18.48
19990629,0.0083846
19990630,0
19990701,1.0433
19990702,0.53009
19990703,0.81321
19990704,4.9261
19990705,0.12212
19990706,1.3898
19990707,0
19990708,5.6331
19990709,6.4097
19990710,1.5899
19990711,0
19990712,0
19990713,0.00065519
19990714,0.0044169
19990715,2.0078
19990716,2.7675
19990717,0
19990718,0.0014723
19990719,0.0032859
19990720,3.6397
19990721,0.0047853
19990722,13.548
19990723,6.2865
19990724,0.0035711
19990725,0.0012198
19990726,0.0036339
19990727,0.01743
19990728,3.7882
19990729,0.4562
19990730,0.00031635
19990731,0.0043553
19990801,0.0027242
19990802,0.0021235
19990803,0.03482
19990804,1.4803
19990805,2.2234
19990806,1.6831
19990807,9.4333
19990808,33.518
19990809,2.2022
19990810,0
19990811,0.84138
19990812,2.8466
19990813,3.2937
19990814,2.5367
19990815,2.7024
19990816,0.97088
19990817,3.1285
19990818,2.5689
19990819,4.4357
19990820,0.80264
19990821,2.8676
19990822,0.32349
19990823,2.4123
19990824,3.3065
19990825,0.65836
19990826,0
19990827,0.00013785
19990828,0.0013484
19990829,0
19990830,3.0079
19990831,27.337
19990901,0.0036407
19990902,1.8477
19990903,0
19990904,0.052116
19990905,0.098064
19990906,0.0052578
19990907,0.47676
19990908,1.1307
19990909,6.044
19990910,0.99852
19990911,1.5092
19990912,0.00040921
19990913,1.1783
19990914,0
19990915,0.52506
19990916,0.0014257
19990917,1.4948
19990918,1.8513
19990919,5.8101
19990920,21.483
19990921,14.1
19990922,8.6495
19990923,22.354
19990924,14
19990925,0.75045
19990926,0
19990927,0.85706
19990928,3.0904
19990929,0.098013
19990930,0.082236
19991001,7.8425
19991002,4.4483
19991003,2.7296
19991004,0.0014994
19991005,0
19991006,0.46482
19991007,0.61027
19991008,11.538
19991009,0
19991010,0.017332
19991011,1.7694
19991012,0.99968
19991013,1.6507
19991014,0.98395
19991015,3.0302
19991016,3.6524
19991017,1.3718
19991018,1.242
19991019,0.39537
19991020,0.036243
19991021,0
19991022,1.2737
19991023,27.089
19991024,52.284
19991025,11.074
19991026,6.7225
19991027,10.973
19991028,10.273
19991029,7.5505
19991030,7.7259
19991031,0.81337
19991101,0.26596
19991102,3.3211
19991103,0.24225
19991104,0.047846
19991105,0.43161
19991106,13.911
19991107,10.138
19991108,2.4167
19991109,8.2326e-05
19991110,1.6637
19991111,1.5434
19991112,0.058091
19991113,0.0046362
19991114,0.30778
19991115,1.8585
19991116,0.58844
19991117,0
19991118,0.0042573
19991119,7.0939e-07
19991120,9.5049e-06
19991121,0.21901
19991122,0.00084275
19991123,0.0020974
19991124,0
19991125,0
19991126,0.027713
19991127,5.1321
19991128,7.0409
19991129,10.691
19991130,1.9048
19991201,0.010621
19991202,0
19991203,0.00030981
19991204,0
19991205,0.00016911
19991206,0
19991207,0.00028323
19991208,0.00042454
19991209,0.00045268
19991210,0
19991211,0.0016586
19991212,2.983
19991213,11.013
19991214,1.2892
19991215,0.011011
19991216,0.015117
19991217,0
19991218,0.0028225
19991219,0.0006622
19991220,0
19991221,0.00086096
19991222,0
19991223,0
19991224,0.0007527
19991225,0.0026353
19991226,0.031843
19991227,0.10465
19991228,11.914
19991229,59.656
19991230,26.728
19991231,3.8419
20000101,3.8947
20000102,5.2374e-05
20000103,0
20000104,0.00010408
20000105,0
20000106,0
20000107,0.00029072
20000108,0.0021043
20000109,0.0004663
20000110,0
20000111,1.1005e-05
20000112,0
20000113,0.031112
20000114,8.4265e-05
20000115,0.23071
20000116,0.0054818
20000117,0.0028707
20000118,0.00023163
20000119,0.89905
20000120,0.53712
20000121,0.0023136
20000122,0.086064
20000123,0.096303
20000124,0.19576
20000125,2.5715
20000126,1.7786
20000127,9.5424
20000128,7.0559
20000129,2.6862
20000130,0
20000131,0.0018916
20000201,0
20000202,0.9354
20000203,0.00019645
20000204,0.15413
20000205,0.00084497
20000206,0
20000207,0.00012327
20000208,0.00025315
20000209,0
20000210,0.10844
20000211,0.00061902
20000212,0
20000213,0.86192
20000214,0.00043076
20000215,0
20000216,6.3368
20000217,40.912
20000218,35.367
20000219,9.1773
20000220,0.016002
20000221,0.012212
20000222,1.3217
20000223,0.82681
20000224,16.395
20000225,0.17289
20000226,0.091694
20000227,0.0051955
20000228,0
20000229,0.010445
20000301,3.5305
20000302,0.00052955
20000303,0
20000304,30.44
20000305,2.8392
20000306,0.70653
20000307,0.47693
20000308,0.022433
20000309,0.00022806
20000310,0.090507
20000311,0.03862
20000312,0.86732
20000313,7.8713
20000314,1.3867
20000315,0.86742
20000316,0.94255
20000317,0.0033721
20000318,13.911
20000319,2.1303
20000320,0.084705
20000321,0.055559
20000322,0.19749
20000323,12.115
20000324,0.23528
20000325,0.023389
20000326,0
20000327,0.066458
20000328,4.0816
20000329,10.617
20000330,5.0808
20000331,0.55915
20000401,0
20000402,0
20000403,0.7331
20000404,20.206
20000405,19.053
20000406,2.0462
20000407,0.070202
20000408,1.3929
20000409,2.3182
20000410,15.019
20000411,12.847
20000412,3.9032
20000413,14.596
20000414,5.5788
20000415,11.598
20000416,0.49778
20000417,3.6245
20000418,5.0677
20000419,1.1169
20000420,24.983
20000421,0.14183
20000422,3.2773
20000423,0.12074
20000424,1.3933
20000425,6.249
20000426,12.51
20000427,7.1131
20000428,3.0625
20000429,0.76345
20000430,0.0019926
20000501,0
20000502,0.044325
20000503,0.60233
20000504,0
20000505,4.5583
20000506,4.4838
20000507,0.00018106
20000508,0.14815
20000509,1.1485
20000510,0.00086844
20000511,0.00050379
20000512,0
20000513,0.0027971
20000514,0
20000515,0.019186
20000516,0.012301
20000517,0.004173
20000518,0.47718
20000519,7.9558
20000520,4.1376
20000521,0.92059
20000522,5.5546
20000523,3.5119
20000524,8.4652
20000525,5.0225
20000526,0.038469
20000527,2.2762
20000528,0.0030774
20000529,0.0027057
20000530,5.7648
20000531,6.8657
20000601,0
20000602,0
20000603,5.314
20000604,0.40797
20000605,0.0033851
20000606,3.8116
20000607,5.7981
20000608,2.1866
20000609,21.073
20000610,4.3411
20000611,8.8791
20000612,7.5283
20000613,13.896
20000614,10.601
20000615,5.0033
20000616,0.57893
20000617,0.0023483
20000618,4.2466
20000619,6.6022
20000620,1.0268
20000621,1.5848
20000622,6.1395
20000623,2.7896
20000624,3.5646
20000625,5.3535
20000626,1.9315
20000627,6.3989
20000628,6.5625
20000629,2.0292
20000630,3.244
20000701,3.7266
20000702,4.6313
20000703,6.5645
20000704,2.5982
20000705,0.64065
20000706,10.592
20000707,7.5348
20000708,0.40164
20000709,1.7817
20000710,1.0451
20000711,0.16262
20000712,4.4263
20000713,1.7392
20000714,6.3339
20000715,2.3313
20000716,0
20000717,0.41304
20000718,0
20000719,0.0047344
20000720,0.007606
20000721,0.28745
20000722,5.2852
20000723,14.199
20000724,34.538
20000725,11.903
20000726,8.6492
20000727,1.8956
20000728,2.1178
20000729,1.4748
20000730,2.3333
20000731,3.967
20000801,0.19448
20000802,0.65584
20000803,1.0344
20000804,3.2392
20000805,3.1373
20000806,2.7488
20000807,4.0755
20000808,6.3714
20000809,7.516
20000810,1.1164
20000811,4.1917
20000812,9.7627
20000813,9.9194
20000814,1.2589
20000815,2.9537
20000816,0.63749
20000817,0.38075
20000818,1.6012
20000819,0.00063616
20000820,0.0031651
20000821,0.99604
20000822,0.0019069
20000823,0.0015945
20000824,0.10292
20000825,0
20000826,3.0921
20000827,5.0448
20000828,0
20000829,0.11319
20000830,0.0035529
20000831,0.00077113
20000901,0.82771
20000902,3.0459
20000903,1.3776
20000904,0
20000905,1.1916
20000906,0.98782
20000907,0.037578
20000908,6.8262
20000909,10.003
20000910,0.0012792
20000911,0
20000912,0
20000913,0.013343
20000914,43.773
20000915,10.794
20000916,0.95151
20000917,0.064724
20000918,2.6659
20000919,1.8449
20000920,0.0033677
20000921,17.014
20000922,2.9362
20000923,0.037448
20000924,0.0062899
20000925,0
20000926,0.28167
20000927,0.025715
20000928,21.301
20000929,16.488
20000930,2.127
20001001,2.4137
20001002,7.2866
20001003,4.0151
20001004,3.8519
20001005,0.23481
20001006,0
20001007,0.0014229
20001008,0
20001009,0.0016701
20001010,0
20001011,0
20001012,0.52879
20001013,0.58744
20001014,1.4804
20001015,1.3796
20001016,16.197
20001017,2.9638
20001018,0.28089
20001019,1.2592
20001020,0.16534
20001021,2.9204
20001022,6.3899
20001023,0.037773
20001024,5.3563
20001025,0
20001026,3.0532
20001027,47.799
20001028,1.5172
20001029,0.072551
20001030,0.19725
20001031,1.9907
20001101,0.070736
20001102,0.00059549
20001103,0
20001104,0.001726
20001105,0.71996
20001106,0
20001107,3.5462
20001108,0.074675
20001109,2.9858
20001110,0.069391
20001111,0.0013798
20001112,0.0088672
20001113,0.0066331
20001114,0.018994
20001115,0
20001116,0.21355
20001117,0.36174
20001118,1.2244
20001119,0.00097308
20001120,1.9469
20001121,0.17085
20001122,0.0076866
20001123,8.2185
20001124,0.17672
20001125,0.055735
20001126,3.3258
20001127,1.0106
20001128,0.92679
20001129,1.0796
20001130,0.087367
20001201,1.5377
20001202,0.4298
20001203,0.00014199
20001204,0.00016265
20001205,0.00043352
20001206,0
20001207,0.00028416
20001208,0.00028786
20001209,0.24439
20001210,0.14801
20001211,0.58604
20001212,0.042485
20001213,0.38901
20001214,0.93075
20001215,6.7478
20001216,2.5238
20001217,0.6002
20001218,0.62118
20001219,0.0057881
20001220,0.0051398
20001221,9.8038
20001222,0.031424
20001223,0.1998
20001224,1.0268
20001225,0.0075508
20001226,13.188
20001227,1.6173
20001228,0.088439
20001229,0.0079242
20001230,0.012596
20001231,0
20010101,0
20010102,0
20010103,0
20010104,0.0024607
20010105,0
20010106,0.00021495
20010107,0.052057
20010108,4.0962
20010109,0.078151
20010110,0.0017389
20010111,0.24889
20010112,0.34069
20010113,1.5997
20010114,0.23787
20010115,0.0020269
20010116,7.1782
20010117,2.9584
20010118,5.8805e-10
20010119,0.00067519
20010120,0
20010121,0.0011741
20010122,0
20010123,0.17658
20010124,0.098572
20010125,0
20010126,0.0026982
20010127,0
20010128,0.14717
20010129,0.10299
20010130,0.095255
20010131,0
20010201,0.029168
20010202,0
20010203,7.4148e-06
20010204,0.00021651
20010205,1.2621
20010206,3.2532
20010207,4.1679
20010208,24.635
20010209,50.39
20010210,28.333
20010211,0.99591
20010212,0.31386
20010213,11.325
20010214,30.617
20010215,23.363
20010216,17.782
20010217,0.018394
20010218,0.0010337
20010219,4.8845
20010220,0.57145
20010221,0.14754
20010222,0.26774
20010223,1.8634
20010224,0.29459
20010225,8.7481e-05
20010226,3.2524
20010227,0.00011183
20010228,0
20010301,2.7055
20010302,32.937
20010303,1.7957
20010304,0
20010305,0.22681
20010306,0.064031
20010307,1.1187
20010308,0.098439
20010309,0.016763
20010310,0.003858
20010311,0.005015
20010312,0
20010313,0.0012359
20010314,0.002131
20010315,0.013491
20010316,0
20010317,0.00058207
20010318,0.0034228
20010319,6.7628
20010320,1.1887
20010321,0.18678
20010322,0.00054205
20010323,0
20010324,0.27954
20010325,0.0023305
20010326,0.0048879
20010327,2.6871
20010328,0.92078
20010329,1.0224
20010330,1.3249
20010331,0.00054218
20010401,0
20010402,0.042156
20010403,0
20010404,0
20010405,0.00017189
20010406,6.7784e-05
20010407,0.00050316
20010408,0.76538
20010409,0.0093007
20010410,0.00014563
20010411,0
20010412,0.068948
20010413,0.80408
20010414,1.0144
20010415,0
20010416,0.062698
20010417,0
20010418,0.0061924
20010419,7.2306
20010420,0.0032339
20010421,0.91946
20010422,0.0040801
20010423,0.00026846
20010424,0
20010425,0.0012263
20010426,0.0023606
20010427,1.3036
20010428,0.90686
20010429,0.13582
20010430,2.0126
20010501,0.65191
20010502,0.56588
20010503,3.9486
20010504,0.98355
20010505,2.5176
20010506,0.15254
20010507,1.5699
20010508,1.0802
20010509,0
20010510,7.6358
20010511,0
20010512,0.71907
20010513,0
20010514,0
20010515,0.0028115
20010516,0.86668
20010517,0.0013792
20010518,0
20010519,0.0015018
20010520,0.082938
20010521,0.17245
20010522,0.32041
20010523,1.1279
20010524,0.6944
20010525,0.0031434
20010526,0
20010527,0
20010528,0.0031049
20010529,0.0058928
20010530,0.14796
20010531,0.78143
20010601,3.8354
20010602,3.8609
20010603,0.8235
20010604,0.017508
20010605,0
20010606,6.9096
20010607,0.37458
20010608,0.0095399
20010609,0.56967
20010610,4.0703
20010611,3.3551e-05
20010612,0
20010613,0.018267
20010614,0
20010615,7.0743
20010616,0
20010617,0.013771
20010618,0
20010619,0.014927
20010620,0.0030255
20010621,0.0004563
20010622,0
20010623,0.011697
20010624,10.185
20010625,5.8908
20010626,0.023824
20010627,0.0087152
20010628,0.05375
20010629,12.155
20010630,0.65472
20010701,0.0085049
20010702,10.092
20010703,0.00039697
20010704,0.017772
20010705,0.0029715
20010706,0
20010707,0.0027687
20010708,0.010304
20010709,0.00034868
20010710,0
20010711,0.0044118
20010712,0.010052
20010713,1.6736
20010714,3.8779
20010715,16.96
20010716,5.4893
20010717,5.7173
20010718,3.645
20010719,2.7319
20010720,0.029415
20010721,1.1721
20010722,0.0090421
20010723,0.00024845
20010724,3.5987
20010725,1.5559
20010726,0.0095492
20010727,0
20010728,0.010812
20010729,1.001
20010730,0.61486
20010731,2.8196
20010801,0.99149
20010802,3.2238
20010803,2.3981
20010804,0
20010805,0.04186
20010806,0.0015343
20010807,0.0035747
20010808,4.5909
20010809,0
20010810,0.0012809
20010811,0.00041852
20010812,2.8016
20010813,0.0021395
20010814,0.46075
20010815,14.118
20010816,10.039
20010817,6.9537
20010818,14.068
20010819,7.1297
20010820,0.44859
20010821,0.33735
20010822,0.63748
20010823,1.3029
20010824,12.333
20010825,3.1105
20010826,1.1672
20010827,8.8488
20010828,0.5955
20010829,5.9595
20010830,0
20010831,0.019421
20010901,0.10432
20010902,2.5311
20010903,0.0013674
20010904,0
20010905,0.0023218
20010906,1.1703
20010907,0.49636
20010908,0
20010909,0.0047215
20010910,5.7885
20010911,0
20010912,0
20010913,0.0030666
20010914,4.608
20010915,1.0434
20010916,0.093759
20010917,38.622
20010918,0.46274
20010919,0
20010920,1.2934
20010921,0.010458
20010922,0.030693
20010923,0.79485
20010924,0.49698
20010925,0.00067137
20010926,0.14257
20010927,0.001939
20010928,0
20010929,0.58757
20010930,5.6081
20011001,10.14
20011002,9.2465
20011003,1.424
20011004,0.019863
20011005,2.3175
20011006,2.0602
20011007,1.7236
20011008,0.0066659
20011009,0.95115
20011010,30.802
20011011,6.2613
20011012,0.51297
20011013,0.0011777
20011014,0
20011015,0.95799
20011016,4.852
20011017,6.4748
20011018,0.0081706
20011019,0.0055822
20011020,0.088379
20011021,21.326
20011022,0.87437
20011023,0
20011024,14.185
20011025,0
20011026,1.161
20011027,1.6009
20011028,3.6982
20011029,0.25841
20011030,0.13553
20011031,0.046044
20011101,0.074768
20011102,0
20011103,0.00111
20011104,0.08125
20011105,0.42346
20011106,0.90061
20011107,0.40987
20011108,0.03652
20011109,1.5864
20011110,0.92454
20011111,2.3909
20011112,10.789
20011113,1.3178
20011114,0.0013274
20011115,0
20011116,0.0011988
20011117,0.24898
20011118,0.94977
20011119,0
20011120,6.2378
20011121,27.246
20011122,21.071
20011123,11.406
20011124,10.547
20011125,3.7728
20011126,0.0041216
20011127,0.05455
20011128,0.56126
20011129,0.0088207
20011130,0
20011201,0.00042128
20011202,8.1491e-05
20011203,0
20011204,7.5102e-05
20011205,0.25285
20011206,0.10621
20011207,24.875
20011208,66.851
20011209,30.369
20011210,0.18632
20011211,0
20011212,2.8398
20011213,1.6131
20011214,0.0014979
20011215,0
20011216,0
20011217,0
20011218,0.0044262
20011219,0
20011220,0.77342
20011221,31.754
20011222,0.75957
20011223,0.011406
20011224,2.289
20011225,0
20011226,0.2747
20011227,33.599
20011228,0
20011229,0
20011230,0.68012
20011231,0.083033
20020101,0.11265
20020102,0.13155
20020103,0
20020104,0.099208
20020105,0
20020106,6.3186
20020107,2.0752
20020108,0.26043
20020109,0.11729
20020110,0.00025684
20020111,0.10213
20020112,0.0012284
20020113,0
20020114,0.0009403
20020115,0.10291
20020116,0.2998
20020117,0.12416
20020118,0
20020119,0.0067581
20020120,0.0047521
20020121,0
20020122,0.031606
20020123,0.0033992
20020124,0
20020125,0.067321
20020126,1.0701
20020127,0.00076916
20020128,0.66224
20020129,0.40628
20020130,0.024558
20020131,1.0976
20020201,0.4244
20020202,0
20020203,0
20020204,0.075719
20020205,1.0163
20020206,0
20020207,0.0020042
20020208,0
20020209,0.031343
20020210,0.01051
20020211,0
20020212,0.011474
20020213,0.0016808
20020214,0.0005736
20020215,0.00074528
20020216,0.0008646
20020217,0
20020218,0.0030318
20020219,0.040396
20020220,0.00026249
20020221,0.11326
20020222,0.0092573
20020223,0.0015336
20020224,0.78463
20020225,0
20020226,0.00075152
20020227,0
20020228,0.001705
20020301,0.0032116
20020302,4.6627
20020303,8.66
20020304,0.00026529
20020305,30.754
20020306,6.4195
20020307,0.0023371
20020308,0
20020309,0.52366
20020310,0.39899
20020311,0.15981
20020312,1.6023
20020313,0.042738
20020314,0.0026996
20020315,0
20020316,0.40794
20020317,0
20020318,0
20020319,2.3242
20020320,36.219
20020321,29.839
20020322,0.013168
20020323,14.132
20020324,9.775
20020325,0.0044621
20020326,0.0028241
20020327,0
20020328,0.015796
20020329,0
20020330,0
20020331,0.0029475
20020401,0
20020402,0
20020403,0
20020404,10.562
20020405,2.2601
20020406,1.2265
20020407,0.00307
20020408,0.00063198
20020409,0.42057
20020410,10.819
20020411,0.0023447
20020412,1.8688
20020413,2.4617
20020414,5.7189
20020415,1.3275
20020416,0.01192
20020417,9.9905
20020418,0.0098857
20020419,1.1613
20020420,0.0090504
20020421,0
20020422,3.6277
20020423,2.6721
20020424,0.54772
20020425,1.5117
20020426,2.6021
20020427,3.019
20020428,3.3727
20020429,4.9197
20020430,9.152
20020501,0.71587
20020502,0.00078605
20020503,0.27821
20020504,17.12
20020505,33.704
20020506,3.2207
20020507,2.6027
20020508,2.5791
20020509,0.22823
20020510,14.201
20020511,5.0337
20020512,1.3095
20020513,3.3165
20020514,5.192
20020515,0
20020516,0
20020517,4.1248
20020518,6.4602
20020519,3.772
20020520,0.48321
20020521,2.5035
20020522,5.696
20020523,2.1644
20020524,0.0012731
20020525,0
20020526,0.0016295
20020527,0
20020528,1.5753
20020529,0.36916
20020530,0.00012511
20020531,16.251
20020601,14.118
20020602,2.9855
20020603,2.072
20020604,3.1787
20020605,0.57435
20020606,1.5683
20020607,3.2854
20020608,3.5752
20020609,9.0763
20020610,3.806
20020611,3.9094
20020612,10.482
20020613,6.3982
20020614,2.2155
20020615,7.1905
20020616,0.58506
20020617,0.49742
20020618,5.5837
20020619,0.90767
20020620,0.074435
20020621,0
20020622,8.2529
20020623,0.98812
20020624,3.6647
20020625,0.13216
20020626,0.77025
20020627,0.24471
20020628,2.1667
20020629,0.010223
20020630,0
20020701,0.0523
20020702,0.17549
20020703,0.0039049
20020704,2.0797
20020705,5.2793
20020706,1.2428
20020707,1.836
20020708,8.8568
20020709,19.592
20020710,2.4344
20020711,0
20020712,0
20020713,0.0013521
20020714,2.5697
20020715,0
20020716,1.0189
20020717,0
20020718,0.0042869
20020719,0.0016551
20020720,0.00045307
20020721,0.25963
20020722,0.79165
20020723,1.1065
20020724,6.7125
20020725,0.03131
20020726,3.3845
20020727,1.7357
20020728,0.0053283
20020729,0.065858
20020730,0.88407
20020731,1.1152
20020801,0.00097816
20020802,0.0025652
20020803,0.21856
20020804,2.3146
20020805,0.00021068
20020806,0.001971
20020807,0.00066744
20020808,0.0013832
20020809,0.0027244
20020810,0.0002539
20020811,0
20020812,0.0053973
20020813,3.2315
20020814,0.0022017
20020815,2.1955
20020816,0
20020817,0.34063
20020818,0.11068
20020819,9.6722
20020820,0.016047
20020821,0.55894
20020822,1.8469
20020823,0.70916
20020824,0.0045402
20020825,0.00088498
20020826,4.7874
20020827,7.3245
20020828,0.92338
20020829,4.4778
20020830,1.35
20020831,0.51129
20020901,8.2247
20020902,7.5954
20020903,5.4919
20020904,8.3063
20020905,1.7106
20020906,1.3781
20020907,4.8856
20020908,1.3489
20020909,3.1287
20020910,0.53182
20020911,0.00044474
20020912,0.0017857
20020913,0.0030096
20020914,13.353
20020915,11.312
20020916,4.94
20020917,6.125
20020918,5.5053
20020919,0.0013137
20020920,0.0038737
20020921,0
20020922,0.0012074
20020923,0
20020924,0.0016148
20020925,0
20020926,0.3712
20020927,1.5403
20020928,17.982
20020929,0.45712
20020930,0
20021001,0.0010398
20021002,0.0006916
20021003,0
20021004,0.00023549
20021005,6.6805e-09
20021006,0.0003031
20021007,0.00053144
20021008,0.56938
20021009,0.16844
20021010,0.0017467
20021011,0
20021012,6.4322
20021013,0.0050568
20021014,0.0014067
20021015,40.392
20021016,0.21001
20021017,0.39226
20021018,0.0030827
20021019,0.36336
20021020,0.75081
20021021,2.0474
20021022,0.044824
20021023,1.7307e-10
20021024,0
20021025,3.3617e-05
20021026,0.00024989
20021027,0.00032461
20021028,0.60464
20021029,4.5795e-05
20021030,5.7312e-08
20021031,1.3373e-05
20021101,0
20021102,0
20021103,0.072198
20021104,0.014661
20021105,0.0014789
20021106,0.11101
20021107,0.010593
20021108,0.35348
20021109,0.56541
20021110,1.949
20021111,0.19052
20021112,0.0017418
20021113,0.11411
20021114,2.1982
20021115,8.8258
20021116,0.27847
20021117,0.00050746
20021118,0.0011379
20021119,0.0015238
20021120,0
20021121,0.040798
20021122,0.0035401
20021123,0
20021124,0.0039343
20021125,0.00049744
20021126,0.0023604
20021127,0.0013587
20021128,2.8363e-05
20021129,0.010004
20021130,0
20021201,0
20021202,0
20021203,0.038753
20021204,12.582
20021205,8.3523e-05
20021206,0.62855
20021207,0.016022
20021208,0.36854
20021209,0
20021210,0.0035708
20021211,2.7708
20021212,13.023
20021213,0.02398
20021214,0.00020492
20021215,1.0036
20021216,2.2878
20021217,0.37819
20021218,0.00028482
20021219,4.6405
20021220,8.5238
20021221,0.18937
20021222,6.6145
20021223,16.375
20021224,0.044211
20021225,21.047
20021226,2.1361
20021227,0.03611
20021228,0.22075
20021229,0.32051
20021230,0.016779
20021231,0.40173
20030101,0.31452
20030102,0.00055029
20030103,0
20030104,0.00024214
20030105,0
20030106,0.00087201
20030107,0
20030108,0
20030109,0
20030110,0.00035838
20030111,0.00089516
20030112,0
20030113,0.00090417
20030114,0.13971
20030115,0.4413
20030116,1.0449
20030117,0.20477
20030118,0.00048952
20030119,0.00019288
20030120,0.00027597
20030121,0.043306
20030122,0.31985
20030123,0.013944
20030124,0.00021391
20030125,0.0013405
20030126,0.00029159
20030127,1.3956
20030128,0.0010138
20030129,4.2013
20030130,0.021969
20030131,0.0067716
20030201,0
20030202,0
20030203,0.010966
20030204,0.00041566
20030205,7.9881e-05
20030206,8.0768e-05
20030207,0
20030208,0.00037884
20030209,0.46364
20030210,0.0005325
20030211,0.004229
20030212,0.37156
20030213,0.00068019
20030214,7.4065e-05
20030215,0.00021516
20030216,0
20030217,0.00083454
20030218,0.086619
20030219,0.00037615
20030220,0.0085451
20030221,0.080923
20030222,1.4628
20030223,0.29973
20030224,0.20892
20030225,0.17653
20030226,0
20030227,0
20030228,0.16154
20030301,1.271
20030302,2.5925
20030303,0.36662
20030304,0.024712
20030305,3.9487
20030306,0.28439
20030307,0.014195
20030308,0
20030309,0
20030310,0.37727
20030311,0.047788
20030312,3.4656
20030313,0.00017191
20030314,0.30803
20030315,0
20030316,0.6635
20030317,0.57462
20030318,0.58688
20030319,3.614
20030320,1.4974
20030321,1.8416
20030322,0.0020128
20030323,0.0011739
20030324,2.4594
20030325,0.016153
20030326,0
20030327,0.0012384
20030328,0
20030329,0.0022382
20030330,0
20030331,0.58622
20030401,0.002548
20030402,12.159
20030403,7.5744
20030404,10.552
20030405,0.033678
20030406,0.0029572
20030407,0
20030408,0.16441
20030409,0.048238
20030410,0.010811
20030411,0.0036588
20030412,0
20030413,0.0031154
20030414,2.218
20030415,2.4508
20030416,4.2486
20030417,0.12849
20030418,0.00073892
20030419,1.7768
20030420,0.0049735
20030421,23.74
20030422,43.773
20030423,0.077686
20030424,0.006231
20030425,0.079916
20030426,0
20030427,11.012
20030428,12.98
20030429,23.86
20030430,32.65
20030501,32.651
20030502,2.1647
20030503,9.7243
20030504,8.2734
20030505,19.134
20030506,0.28296
20030507,4.7571
20030508,2.959
20030509,5.0672
20030510,6.7169
20030511,4.9669
20030512,4.6552
20030513,1.7121
20030514,5.1543
20030515,4.942
20030516,1.2059
20030517,1.6089
20030518,0.035786
20030519,0.73964
20030520,5.9549
20030521,1.4656
20030522,0.96583
20030523,1.7532
20030524,0.19347
20030525,0.0083582
20030526,0.0011277
20030527,5.6239
20030528,2.9675
20030529,7.2333
20030530,2.0215
20030531,1.8019
20030601,4.2976
20030602,6.1119
20030603,0
20030604,3.0349
20030605,4.7657
20030606,3.9416
20030607,7.2793
20030608,4.555
20030609,8.1245
20030610,11.031
20030611,0.0023852
20030612,0
20030613,0.0091828
20030614,2.3504
20030615,0.7988
20030616,0.44255
20030617,3.6476
20030618,7.0692
20030619,0
20030620,30.271
20030621,5.1365
20030622,3.6543
20030623,7.6917
20030624,11.643
20030625,12.604
20030626,0.55581
20030627,0.008233
20030628,0.055127
20030629,4.2367
20030630,1.4159
20030701,2.6206
20030702,0.0055011
20030703,0
20030704,0.00099451
20030705,0.1808
20030706,9.9074
20030707,11.567
20030708,6.9636
20030709,5.9867
20030710,6.2727
20030711,7.3466
20030712,7.1256
20030713,8.8306
20030714,9.7397
20030715,6.2151
20030716,2.0465e-05
20030717,0.23527
20030718,0.9841
20030719,9.3522
20030720,9.5379
20030721,5.3831
20030722,17.327
20030723,2.652
20030724,0.31207
20030725,1.6013
20030726,0.63602
20030727,0.036763
20030728,0.00049539
20030729,0
20030730,0.04979
20030731,6.0366
20030801,0.19814
20030802,0
20030803,0.0024876
20030804,1.1406
20030805,1.1856
20030806,0.001191
20030807,0
20030808,3.1836
20030809,14.721
20030810,0
20030811,0.00098464
20030812,0
20030813,0.0029567
20030814,0.078817
20030815,0.03224
20030816,2.9157
20030817,0.0039636
20030818,0
20030819,0
20030820,0.004377
20030821,0.036643
20030822,1.8001
20030823,11.394
20030824,9.1518
20030825,5.6619
20030826,0.2011
20030827,0.004126
20030828,0
20030829,0.0028931
20030830,0
20030831,0.2205
20030901,0.0002683
20030902,0.00092636
20030903,6.5029
20030904,10.776
20030905,4.9048
20030906,0.99578
20030907,0.34947
20030908,0.36563
20030909,0
20030910,0.67195
20030911,0.00026315
20030912,0.039403
20030913,13.251
20030914,11.635
20030915,0.46684
20030916,0.78262
20030917,0.0031141
20030918,0
20030919,0.0011728
20030920,5.7438
20030921,10.716
20030922,49.634
20030923,8.2049
20030924,2.264
20030925,0.035638
20030926,3.6264
20030927,1.9657
20030928,0.0013743
20030929,1.6006
20030930,1.9488
20031001,0.93946
20031002,2.438
20031003,0.046701
20031004,0.10131
20031005,18.546
20031006,18.208
20031007,0.44313
20031008,29.767
20031009,0.87606
20031010,1.7685
20031011,17.611
20031012,5.89
20031013,0.23282
20031014,0
20031015,1.8304
20031016,37.959
20031017,49.654
20031018,13.621
20031019,1.368
20031020,6.6606e-05
20031021,0.007526
20031022,0
20031023,0
20031024,0
20031025,0
20031026,0.048764
20031027,0
20031028,0.0039865
20031029,0.0012635
20031030,0
20031031,0.049124
20031101,0
20031102,0
20031103,0
20031104,0
20031105,0.4834
20031106,0.7304
20031107,0.0014022
20031108,0
20031109,0.00017612
20031110,9.3826e-08
20031111,0.0025519
20031112,0.91929
20031113,0.10783
20031114,0.0014076
20031115,14.294
20031116,3.7021
20031117,4.0351
20031118,3.0295
20031119,0.0048052
20031120,0
20031121,0
20031122,0.94098
20031123,4.127
20031124,5.6988
20031125,0
20031126,1.749
20031127,2.9062
20031128,4.3802
20031129,0.272
20031130,0.013614
20031201,0
20031202,3.9755
20031203,0.2355
20031204,0.0055105
20031205,0.063495
20031206,0.80561
20031207,0.6528
20031208,0.00059175
20031209,0.0012011
20031210,0.882
20031211,0.0010318
20031212,0
20031213,0
20031214,0.26992
20031215,0.18892
20031216,2.2486
20031217,0.0036443
20031218,0.0020206
20031219,0
20031220,0.45894
20031221,0.28812
20031222,1.1603
20031223,0
20031224,0
20031225,4.0941
20031226,2.5536
20031227,0.026961
20031228,0.0026142
20031229,0
20031230,0.0022412
20031231,0.037311
20040101,0.0068272
20040102,2.7212
20040103,0
20040104,0.00025178
20040105,0.84171
20040106,0.33089
20040107,1.9096
20040108,0.28773
20040109,1.2917
20040110,0.034572
20040111,0.0028416
20040112,0.83824
20040113,0.03364
20040114,0.0015689
20040115,0
20040116,0.0032243
20040117,2.0699e-08
20040118,5.5905e-06
20040119,0.0030227
20040120,0.61407
20040121,4.2826
20040122,0.012021
20040123,0.058966
20040124,0
20040125,0.003498
20040126,0.00081194
20040127,0.13585
20040128,0.028138
20040129,6.1351
20040130,0.039781
20040131,0
20040201,0
20040202,0
20040203,0
20040204,0.0033098
20040205,0
20040206,0.16306
20040207,0.60303
20040208,0.010161
20040209,2.6024
20040210,0.035891
20040211,0.85844
20040212,1.6241e-05
20040213,0.16424
20040214,0.00076319
20040215,0.00035275
20040216,0
20040217,0.00015247
20040218,0.00082346
20040219,0
20040220,0
20040221,0.0011389
20040222,0
20040223,1.2883
20040224,1.8732
20040225,0.93665
20040226,0.88078
20040227,0.50521
20040228,0.12688
20040229,4.4948e-05
20040301,16.88
20040302,8.0206
20040303,3.3946
20040304,2.4586
20040305,0
20040306,0.92438
20040307,2.9585
20040308,0.052194
20040309,8.9682
20040310,0.0012561
20040311,0.95958
20040312,0.13015
20040313,15.834
20040314,9.5429
20040315,1.7346
20040316,0.28377
20040317,0.26398
20040318,0.08033
20040319,1.0604
20040320,0.015494
20040321,0
20040322,0
20040323,0
20040324,0.00066343
20040325,0.43815
20040326,3.1241
20040327,0.82308
20040328,11.989
20040329,7.5673
20040330,1.4181
20040331,2.127
20040401,11.539
20040402,0.54194
20040403,0.00024401
20040404,27.926
20040405,1.6961
20040406,1.7891
20040407,5.5621
20040408,1.9089
20040409,4.4086
20040410,6.5563
20040411,2.7829
20040412,0.58904
20040413,0.019615
20040414,0
20040415,3.737
20040416,3.0769
20040417,0.023725
20040418,0.069538
20040419,0.0022357
20040420,0.0022487
20040421,1.7053
20040422,4.3554
20040423,2.0288
20040424,19.729
20040425,4.4566
20040426,2.2797
20040427,0.91483
20040428,4.8859
20040429,4.8608
20040430,0
20040501,4.0873
20040502,1.7263
20040503,0.15013
20040504,5.6081
20040505,0
20040506,0.74835
20040507,3.6755
20040508,0.83632
20040509,0.26404
20040510,0.70552
20040511,0.1011
20040512,1.1546
20040513,1.5214
20040514,0.0014106
20040515,0.012422
20040516,0.00019011
20040517,0
20040518,0
20040519,0.41397
20040520,0.73239
20040521,2.9675
20040522,3.0521
20040523,3.1008
20040524,4.5505
20040525,2.4259
20040526,0
20040527,1.4939
20040528,0
20040529,0.061797
20040530,0.16571
20040531,1.7434
20040601,9.572
20040602,0
20040603,0.98967
20040604,0.0035584
20040605,0
20040606,0
20040607,1.3329
20040608,0.0022958
20040609,0.24586
20040610,0.55663
20040611,0.0076317
20040612,0.094988
20040613,0.031363
20040614,0.30122
20040615,2.2355
20040616,0.00094044
20040617,0.004325
20040618,0
20040619,0.0022949
20040620,0.3019
20040621,1.4193
20040622,5.5519
20040623,2.9292
20040624,4.2888
20040625,1.7231
20040626,1.739
20040627,0.59376
20040628,3.0905
20040629,5.4739
20040630,3.1941
20040701,7.9311
20040702,5.3888
20040703,1.321
20040704,0.43715
20040705,2.4893
20040706,3.0902
20040707,4.3892
20040708,1.4402
20040709,0.0064314
20040710,0.0029366
20040711,0.01218
20040712,3.6672
20040713,0.0011867
20040714,0.31534
20040715,10.491
20040716,10.248
20040717,6.9571
20040718,3.5717
20040719,1.261
20040720,6.5834
20040721,8.9711
20040722,1.3304
20040723,11.522
20040724,4.2902
20040725,0.75192
20040726,0.17887
20040727,2.7874
20040728,0.010143
20040729,0.042662
20040730,0.65213
20040731,2.5901
20040801,0
20040802,0.0017729
20040803,0.0022164
20040804,0.39359
20040805,0.0056494
20040806,0
20040807,0.0021573
20040808,4.2543
20040809,4.322
20040810,0.0021402
20040811,0.0020585
20040812,0.0049597
20040813,4.3763
20040814,4.3184
20040815,6.0884
20040816,0.0037321
20040817,11.412
20040818,0.0082517
20040819,0.44688
20040820,13.604
20040821,0.033059
20040822,8.1584
20040823,0.026516
20040824,0.009565
20040825,8.5446
20040826,12.201
20040827,2.9033
20040828,0.0052565
20040829,1.969
20040830,10.934
20040831,0.0044435
20040901,0.00059483
20040902,0.021392
20040903,4.5195
20040904,6.5076
20040905,3.5324
20040906,2.0357
20040907,0.0004722
20040908,0
20040909,0.00043477
20040910,0
20040911,0.00029414
20040912,0.0031537
20040913,0
20040914,0
20040915,0.0057495
20040916,0
20040917,0.0034314
20040918,0.49969
20040919,2.3298
20040920,0.00014809
20040921,0.0021338
20040922,0
20040923,0.024836
20040924,0.0020827
20040925,2.6988
20040926,5.0329
20040927,6.7891
20040928,8.7827
20040929,0.095437
20040930,0.021055
20041001,0
20041002,0.25361
20041003,0.014687
20041004,0.072793
20041005,0.0049491
20041006,2.6424
20041007,2.1578
20041008,0
20041009,0.0030864
20041010,0
20041011,6.9243e-06
20041012,0.00066476
20041013,0
20041014,0.0020962
20041015,0.0020935
20041016,0
20041017,0
20041018,0.00084078
20041019,0.00016576
20041020,0
20041021,0
20041022,0.0040375
20041023,0
20041024,0.060498
20041025,0.00065015
20041026,0.89439
20041027,2.0817
20041028,1.0498
20041029,1.2498
20041030,2.6394
20041031,1.1953
20041101,0.42386
20041102,0.032609
20041103,0
20041104,17.051
20041105,25.503
20041106,0.49029
20041107,0.00024388
20041108,0.0011737
20041109,0
20041110,0
20041111,0
20041112,0.00072817
20041113,0
20041114,0.0067504
20041115,1.2041
20041116,0.11531
20041117,0
20041118,0
20041119,0.0022432
20041120,0
20041121,0.0095049
20041122,0.0012037
20041123,0
20041124,0.00096592
20041125,0
20041126,0.0051794
20041127,0.091087
20041128,0.08095
20041129,2.525
20041130,2.4571
20041201,1.728
20041202,0.77368
20041203,2.788
20041204,2.1542e-05
20041205,0.97288
20041206,0.11414
20041207,0
20041208,1.4486
20041209,1.79
20041210,0.49708
20041211,0.73971
20041212,0.31328
20041213,0
20041214,0.00058433
20041215,0.49017
20041216,0
20041217,0.00012154
20041218,0.00022802
20041219,0.14011
20041220,4.7117
20041221,4.5821
20041222,0.19858
20041223,0
20041224,0.072482
20041225,2.6783
20041226,0
20041227,0.1378
20041228,0.0041914
20041229,1.7095
20041230,0.0026698
20041231,0.0070104
20050101,5.6413
20050102,1.5753
20050103,0.020825
20050104,0.84799
20050105,0.0076156
20050106,4.9065
20050107,0.050449
20050108,0
20050109,0.00034964
20050110,7.2225e-06
20050111,2.208e-05
20050112,0.00081554
20050113,0.29184
20050114,0.00038479
20050115,0.038883
20050116,0.046363
20050117,0.14453
20050118,0
20050119,1.6744
20050120,71.621
20050121,29.459
20050122,1.89
20050123,0.0020108
20050124,9.0665
20050125,0.4776
20050126,4.7644
20050127,0.3014
20050128,0.001363
20050129,0
20050130,0.0087952
20050131,0.0007521
20050201,0
20050202,0
20050203,0
20050204,0
20050205,0
20050206,0
20050207,0
20050208,0
20050209,0.043929
20050210,1.4411
20050211,7.0917
20050212,11.13
20050213,2.7378
20050214,5.9645
20050215,13.525
20050216,0.049842
20050217,0.43974
20050218,2.3668
20050219,1.4892
20050220,2.1847
20050221,2.2896
20050222,0.39051
20050223,0.21394
20050224,29.556
20050225,20.736
20050226,12.674
20050227,7.9453
20050228,3.5076
20050301,3.4561
20050302,0.085022
20050303,0.31071
20050304,0.041324
20050305,0.0005904
20050306,0.042291
20050307,2.1482
20050308,0
20050309,0.18374
20050310,0.070804
20050311,0
20050312,0
20050313,0.0026473
20050314,0
20050315,0.00028384
20050316,5.192
20050317,0.01353
20050318,4.0291
20050319,0.0004848
20050320,0
20050321,1.0133
20050322,0.0025799
20050323,0.02453
20050324,0.001796
20050325,0
20050326,0.0026268
20050327,0
20050328,0.32911
20050329,0.012827
20050330,0.00033192
20050331,2.3138
20050401,0.067224
20050402,0.23632
20050403,1.1766
20050404,0
20050405,2.3774
20050406,0.00034142
20050407,0.0008787
20050408,0
20050409,0
20050410,0.00083166
20050411,0.937
20050412,0
20050413,0.0068792
20050414,0
20050415,0.10852
20050416,0.00025077
20050417,1.9542
20050418,0.37159
20050419,0.11405
20050420,0.00060385
20050421,0
20050422,0.87999
20050423,0.076477
20050424,6.8189
20050425,12.76
20050426,0
20050427,0.0033136
20050428,0
20050429,0.0049621
20050430,0.71861
20050501,0.00045115
20050502,22.117
20050503,1.5031
20050504,4.2492
20050505,1.5575
20050506,1.9909
20050507,0.0098465
20050508,2.1859
20050509,3.9509
20050510,3.7649
20050511,1.2976
20050512,1.6324
20050513,2.0787
20050514,1.1106
20050515,35.507
20050516,23.85
20050517,16.54
20050518,0.044939
20050519,2.4865
20050520,2.564
20050521,2.6926
20050522,3.7044
20050523,7.88
20050524,3.452
20050525,3.6106
20050526,0.58207
20050527,17.845
20050528,0
20050529,0
20050530,0.00092277
20050531,2.9525e-05
20050601,0
20050602,3.0931
20050603,4.5825
20050604,0.0002752
20050605,0.10196
20050606,0
20050607,0
20050608,6.9447
20050609,8.7509
20050610,6.4109
20050611,8.6833
20050612,10.287
20050613,19.202
20050614,2.0132
20050615,0.0059054
20050616,0.96603
20050617,0.052044
20050618,0.11821
20050619,1.8688
20050620,0.0026587
20050621,2.4475
20050622,0.0044163
20050623,0
20050624,0
20050625,0.0020804
20050626,0
20050627,2.3738
20050628,0.11011
20050629,9.3968
20050630,1.585
20050701,2.4816
20050702,1.8604
20050703,0.13839
20050704,1.154
20050705,4.0496
20050706,12.945
20050707,4.4816
20050708,1.633
20050709,7.3481
20050710,6.4847
20050711,0.83827
20050712,0.0026734
20050713,0.001979
20050714,0.0014508
20050715,0.0080913
20050716,0.88831
20050717,0.68236
20050718,0.003302
20050719,2.6769
20050720,0.022585
20050721,3.4976
20050722,0.38255
20050723,0.001354
20050724,7.0601
20050725,0.15272
20050726,0.6173
20050727,0.91593
20050728,0
20050729,0.0096691
20050730,0
20050731,0.049258
20050801,2.8304
20050802,0.00081645
20050803,0.055741
20050804,38.783
20050805,17.42
20050806,40.81
20050807,13.722
20050808,3.7593
20050809,2.6672
20050810,2.6813
20050811,0.64004
20050812,2.198
20050813,0.0080935
20050814,0.28291
20050815,2.572
20050816,4.4131
20050817,1.7856
20050818,0.016503
20050819,0
20050820,0.86122
20050821,0.033444
20050822,1.2047
20050823,2.5849
20050824,0.25847
20050825,12.639
20050826,3.9547
20050827,0.91808
20050828,0.0032482
20050829,0.060015
20050830,0.0030683
20050831,7.0101
20050901,4.0009
20050902,0.34322
20050903,0.00094074
20050904,0.00026007
20050905,2.2725
20050906,3.4398
20050907,1.5926
20050908,0
20050909,0.0020701
20050910,0
20050911,0.082161
20050912,0.12482
20050913,0.0013196
20050914,0
20050915,0.73037
20050916,10.431
20050917,17.903
20050918,7.9592
20050919,6.987
20050920,3.8029
20050921,0.0012507
20050922,0.0029409
20050923,0.96888
20050924,0.61278
20050925,0.44542
20050926,0.0021415
20050927,0
20050928,0.0010963
20050929,0.0014984
20050930,0
20051001,0
20051002,0
20051003,0.0013593
20051004,0.00016396
20051005,0.0003311
20051006,0.0040052
20051007,2.3743
20051008,40.024
20051009,9.7805
20051010,4.4129
20051011,0.0090855
20051012,0
20051013,0
20051014,0.013845
20051015,0
20051016,0.003298
20051017,0.74976
20051018,0.53602
20051019,0
20051020,0.043129
20051021,2.5525
20051022,0.36409
20051023,10.802
20051024,8.1903
20051025,12.135
20051026,0.87843
20051027,1.1901
20051028,0.55918
20051029,11.616
20051030,3.9108
20051031,1.556
20051101,23.351
20051102,4.7011
20051103,0.00064629
20051104,0.035852
20051105,0
20051106,0.0020527
20051107,0
20051108,0.0014207
20051109,0
20051110,0
20051111,0.0010356
20051112,0.0007147
20051113,0
20051114,0.0045488
20051115,0
20051116,0
20051117,0.006908
20051118,0.00066605
20051119,0
20051120,0
20051121,0
20051122,4.7716
20051123,22.75
20051124,1.1299
20051125,0.0014109
20051126,1.0389
20051127,31.912
20051128,13.422
20051129,39.174
20051130,0
20051201,0.00026977
20051202,3.9762e-05
20051203,0
20051204,1.2174
20051205,0.00024278
20051206,0.55936
20051207,0.2055
20051208,0.005606
20051209,0.0020815
20051210,2.7624
20051211,0.0012664
20051212,0
20051213,2.3406
20051214,0.092315
20051215,0
20051216,0
20051217,0.19858
20051218,20.569
20051219,7.0224e-07
20051220,0
20051221,0.015024
20051222,1.748
20051223,0.31474
20051224,0.067753
20051225,0
20051226,0.0058897
20051227,0.83194
20051228,0.0026004
20051229,0.002354
20051230,1.144
20051231,0.61093
