19500101,5.679
19500102,2.4508
19500103,2.3928
19500104,1.8109
19500105,-0.73886
19500106,-1.1882
19500107,-0.096981
19500108,-1.1008
19500109,-0.33813
19500110,-0.18623
19500111,-2.5644
19500112,-4.3267
19500113,1.8572
19500114,3.8961
19500115,3.089
19500116,2.7815
19500117,3.2569
19500118,-0.99084
19500119,-2.2884
19500120,-3.3567
19500121,-3.651
19500122,-0.063279
19500123,-2.6688
19500124,-0.98076
19500125,-1.3805
19500126,-2.9807
19500127,-2.8479
19500128,5.1443
19500129,0.022984
19500130,-1.0533
19500131,-0.39186
19500201,0.70226
19500202,1.1088
19500203,4.3827
19500204,0.73108
19500205,-3.373
19500206,-5.9318
19500207,-4.2195
19500208,-1.6487
19500209,0.20765
19500210,2.5366
19500211,-0.60822
19500212,-3.552
19500213,-2.9057
19500214,-3.9288
19500215,0.0056193
19500216,0.4303
19500217,-0.080094
19500218,0.051904
19500219,3.0993
19500220,4.1262
19500221,3.2092
19500222,4.8939
19500223,5.2826
19500224,3.4866
19500225,2.0382
19500226,1.2839
19500227,1.0415
19500228,-1.6669
19500301,2.3393
19500302,1.8971
19500303,0.55229
19500304,-0.12457
19500305,0.46365
19500306,-0.36391
19500307,0.58191
19500308,1.4587
19500309,5.603
19500310,3.6327
19500311,0.64922
19500312,-0.94263
19500313,-2.2163
19500314,-1.5105
19500315,1.0354
19500316,9.046
19500317,6.6146
19500318,6.4781
19500319,5.2481
19500320,4.2501
19500321,4.0719
19500322,3.8698
19500323,3.4584
19500324,3.2617
19500325,2.6043
19500326,4.7227
19500327,9.5026
19500328,5.9563
19500329,4.7639
19500330,3.6745
19500331,2.3708
19500401,2.9239
19500402,4.0215
19500403,1.4619
19500404,3.0456
19500405,2.4141
19500406,6.9281
19500407,3.2326
19500408,2.6173
19500409,3.9068
19500410,1.6451
19500411,0.70747
19500412,1.8844
19500413,5.7182
19500414,3.7542
19500415,1.6863
19500416,2.4082
19500417,2.9116
19500418,1.136
19500419,3.7895
19500420,4.7554
19500421,9.1364
19500422,8.8152
19500423,11.615
19500424,8.9749
19500425,9.1369
19500426,6.2976
19500427,5.006
19500428,4.3009
19500429,2.4964
19500430,5.0095
19500501,7.8593
19500502,8.3676
19500503,9.7302
19500504,10.434
19500505,8.4659
19500506,6.977
19500507,9.8049
19500508,12.219
19500509,8.143
19500510,5.4598
19500511,5.5942
19500512,8.4687
19500513,7.2556
19500514,11.68
19500515,13.627
19500516,11.794
19500517,10.766
19500518,12.309
19500519,12.709
19500520,11.183
19500521,11.883
19500522,12.329
19500523,12.214
19500524,11.418
19500525,13.292
19500526,11.252
19500527,11.358
19500528,9.6824
19500529,10.924
19500530,10.854
19500531,11.626
19500601,11.058
19500602,9.4779
19500603,10.634
19500604,13.337
19500605,13.923
19500606,15.242
19500607,14.246
19500608,14.473
19500609,15.003
19500610,14.857
19500611,13.542
19500612,13.758
19500613,10.822
19500614,10.955
19500615,12.077
19500616,15.611
19500617,15.286
19500618,14.14
19500619,12.758
19500620,14.994
19500621,13.051
19500622,12.415
19500623,12.927
19500624,15.746
19500625,14.28
19500626,14.151
19500627,12.451
19500628,10.385
19500629,11.299
19500630,13.839
19500701,13.43
19500702,13.541
19500703,14.071
19500704,15.134
19500705,14.476
19500706,12.693
19500707,15.991
19500708,16.375
19500709,18.063
19500710,21.436
19500711,20.468
19500712,19.111
19500713,19.361
19500714,17.449
19500715,19.618
19500716,18.033
19500717,16.589
19500718,15.522
19500719,12.64
19500720,15.46
19500721,15.282
19500722,16.931
19500723,17.277
19500724,17.998
19500725,19.704
19500726,20.638
19500727,18.972
19500728,20.726
19500729,18.555
19500730,17.389
19500731,17.368
19500801,14.542
19500802,15.054
19500803,13.282
19500804,14.946
19500805,15.117
19500806,13.351
19500807,15.256
19500808,17.85
19500809,18.218
19500810,18.546
19500811,19.659
19500812,18.349
19500813,15.133
19500814,16.109
19500815,16.174
19500816,19.21
19500817,18.126
19500818,16.61
19500819,17.227
19500820,17.737
19500821,16.758
19500822,17.411
19500823,17.538
19500824,21.344
19500825,20.418
19500826,19.771
19500827,18.928
19500828,17.574
19500829,17.647
19500830,18.326
19500831,17.669
19500901,14.681
19500902,11.61
19500903,11.948
19500904,16.052
19500905,14.613
19500906,11.259
19500907,11.773
19500908,13.07
19500909,14.951
19500910,14.305
19500911,14.21
19500912,13.186
19500913,13.696
19500914,14.757
19500915,13.996
19500916,13.372
19500917,14.022
19500918,13.934
19500919,13.307
19500920,11.611
19500921,13.49
19500922,13.185
19500923,11.876
19500924,12.668
19500925,17.68
19500926,17.894
19500927,12.932
19500928,10.943
19500929,11.927
19500930,11.744
19501001,9.0308
19501002,5.9095
19501003,5.3698
19501004,4.4201
19501005,5.3047
19501006,6.8054
19501007,6.7107
19501008,4.2921
19501009,3.359
19501010,4.3319
19501011,5.1443
19501012,5.3122
19501013,5.8748
19501014,9.018
19501015,9.8192
19501016,7.4637
19501017,14.174
19501018,12.805
19501019,12.43
19501020,12.063
19501021,10.071
19501022,12.707
19501023,5.416
19501024,3.3756
19501025,3.346
19501026,5.7082
19501027,6.1168
19501028,4.7335
19501029,5.0095
19501030,4.1537
19501031,3.3508
19501101,5.2085
19501102,1.2765
19501103,-0.1167
19501104,0.48085
19501105,1.3217
19501106,-0.30352
19501107,-1.2054
19501108,0.48992
19501109,3.0423
19501110,6.6559
19501111,2.5973
19501112,-0.056514
19501113,0.84982
19501114,7.219
19501115,6.959
19501116,3.9845
19501117,2.532
19501118,0.29456
19501119,-2.5277
19501120,-5.104
19501121,-4.3794
19501122,-2.5087
19501123,-0.73653
19501124,-1.0194
19501125,-2.435
19501126,1.8259
19501127,1.9
19501128,3.9983
19501129,0.5402
19501130,-0.8196
19501201,-0.79966
19501202,-0.062425
19501203,-0.37438
19501204,-1.0555
19501205,-1.8634
19501206,0.75376
19501207,1.7869
19501208,-0.017584
19501209,2.2447
19501210,2.4965
19501211,7.1909
19501212,2.8765
19501213,0.23099
19501214,1.7861
19501215,0.056909
19501216,0.97156
19501217,0.2563
19501218,-1.6816
19501219,4.2769
19501220,6.0467
19501221,4.9679
19501222,7.2861
19501223,6.1723
19501224,4.4797
19501225,3.4281
19501226,1.3841
19501227,1.7041
19501228,1.5149
19501229,0.18574
19501230,0.73315
19501231,1.5909
19510101,2.6254
19510102,1.0394
19510103,1.0147
19510104,1.1817
19510105,0.44854
19510106,7.3488
19510107,4.7854
19510108,0.62289
19510109,-1.5061
19510110,-0.8045
19510111,-3.4269
19510112,-3.2977
19510113,2.399
19510114,-0.079932
19510115,-0.43905
19510116,6.7128
19510117,5.1868
19510118,3.0738
19510119,2.5586
19510120,4.1844
19510121,6.7892
19510122,6.7856
19510123,6.454
19510124,4.4808
19510125,1.1002
19510126,-0.57615
19510127,-1.4122
19510128,-2.551
19510129,-2.8765
19510130,-2.3031
19510131,-0.32092
19510201,7.3958
19510202,7.8926
19510203,4.1123
19510204,3.8561
19510205,5.6147
19510206,5.5434
19510207,2.0652
19510208,-0.31337
19510209,2.2181
19510210,3.8885
19510211,3.8205
19510212,4.7478
19510213,3.2245
19510214,0.92148
19510215,0.17397
19510216,1.0534
19510217,1.7547
19510218,1.8156
19510219,0.040023
19510220,2.9044
19510221,2.1038
19510222,3.7453
19510223,4.0525
19510224,4.5442
19510225,3.4017
19510226,7.8638
19510227,2.7011
19510228,0.92813
19510301,0.34763
19510302,0.89051
19510303,1.0392
19510304,-0.25907
19510305,-2.5577
19510306,-2.2857
19510307,-1.2764
19510308,-3.6613
19510309,-3.9374
19510310,-3.3474
19510311,-0.92368
19510312,-0.30375
19510313,0.70087
19510314,-0.12514
19510315,-1.0452
19510316,4.5942
19510317,6.1376
19510318,4.5984
19510319,2.3131
19510320,0.69188
19510321,1.8972
19510322,-0.17652
19510323,1.175
19510324,1.9174
19510325,0.39802
19510326,1.4262
19510327,3.5346
19510328,0.66069
19510329,3.7555
19510330,3.1643
19510331,0.88097
19510401,3.5097
19510402,6.1756
19510403,2.412
19510404,5.5973
19510405,2.5737
19510406,0.79399
19510407,0.75324
19510408,0.63748
19510409,9.4046
19510410,5.5687
19510411,5.6467
19510412,3.4643
19510413,3.3304
19510414,1.6147
19510415,0.15298
19510416,0.98903
19510417,1.7971
19510418,5.7654
19510419,5.691
19510420,5.4713
19510421,4.1036
19510422,6.6449
19510423,7.8272
19510424,7.8304
19510425,9.2115
19510426,6.7626
19510427,6.5016
19510428,2.723
19510429,2.4212
19510430,4.6087
19510501,5.3811
19510502,7.7154
19510503,8.5745
19510504,9.3044
19510505,11.259
19510506,12.186
19510507,12.104
19510508,12.038
19510509,12.693
19510510,12.812
19510511,11.541
19510512,11.65
19510513,13.955
19510514,10.237
19510515,7.3004
19510516,6.8392
19510517,5.2833
19510518,7.4606
19510519,9.3785
19510520,10.953
19510521,9.8355
19510522,8.7906
19510523,10.688
19510524,11.612
19510525,11.136
19510526,11.457
19510527,10.082
19510528,11.734
19510529,11.157
19510530,8.6604
19510531,8.1603
19510601,8.6592
19510602,9.1152
19510603,8.1951
19510604,9.788
19510605,12.299
19510606,9.9373
19510607,8.334
19510608,9.4797
19510609,8.6182
19510610,10.029
19510611,11.703
19510612,14.842
19510613,14.573
19510614,13.418
19510615,12.486
19510616,12.438
19510617,11.914
19510618,10.868
19510619,11.155
19510620,12.586
19510621,12.235
19510622,10.699
19510623,13.597
19510624,15.272
19510625,14.078
19510626,12.927
19510627,11.485
19510628,10.841
19510629,13.774
19510630,14.199
19510701,14.792
19510702,15.974
19510703,15.905
19510704,17.546
19510705,17.399
19510706,18.296
19510707,17.268
19510708,16.66
19510709,16.615
19510710,15.223
19510711,17.719
19510712,18.517
19510713,20.047
19510714,18.273
19510715,20.818
19510716,19.725
19510717,18.763
19510718,19.435
19510719,20.751
19510720,24.505
19510721,23.317
19510722,21.581
19510723,19.595
19510724,20.339
19510725,19.543
19510726,22.439
19510727,21.871
19510728,20.295
19510729,20.239
19510730,19.641
19510731,22.009
19510801,24.113
19510802,24.566
19510803,22.434
19510804,20.039
19510805,20.611
19510806,20.631
19510807,19.939
19510808,20.073
19510809,18.834
19510810,18.395
19510811,15.998
19510812,16.3
19510813,18.826
19510814,18.01
19510815,17.859
19510816,20.832
19510817,18.196
19510818,18.74
19510819,18.045
19510820,18.215
19510821,15.733
19510822,15.869
19510823,14.242
19510824,17.692
19510825,17.935
19510826,16.842
19510827,16.461
19510828,17.43
19510829,17.394
19510830,16.54
19510831,15.328
19510901,16.695
19510902,16.577
19510903,17.694
19510904,17.265
19510905,15.425
19510906,14.376
19510907,13.741
19510908,13.121
19510909,14.701
19510910,14.481
19510911,13.185
19510912,13.708
19510913,14.261
19510914,14.178
19510915,17.651
19510916,18.245
19510917,17.13
19510918,16.597
19510919,17.547
19510920,16.869
19510921,14.699
19510922,13.261
19510923,11.12
19510924,10.45
19510925,12.366
19510926,12.818
19510927,12.128
19510928,12.72
19510929,14.017
19510930,12.734
19511001,11.654
19511002,10.306
19511003,9.4746
19511004,8.3489
19511005,8.2294
19511006,8.7811
19511007,8.9803
19511008,9.7247
19511009,9.3805
19511010,9.9104
19511011,8.5458
19511012,9.7838
19511013,9.2578
19511014,8.0198
19511015,7.5493
19511016,9.0335
19511017,7.4231
19511018,7.328
19511019,12.691
19511020,4.7484
19511021,2.5653
19511022,6.9978
19511023,7.9906
19511024,13.479
19511025,12.26
19511026,10.263
19511027,7.9402
19511028,8.4323
19511029,12.917
19511030,13.602
19511031,7.8581
19511101,7.3793
19511102,10.027
19511103,7.0703
19511104,4.6551
19511105,0.95387
19511106,2.4001
19511107,3.3559
19511108,5.8342
19511109,6.4091
19511110,6.4543
19511111,7.2507
19511112,2.3682
19511113,-0.45487
19511114,-0.32715
19511115,6.7384
19511116,8.3666
19511117,9.5249
19511118,7.321
19511119,6.1861
19511120,4.2602
19511121,2.4476
19511122,1.9062
19511123,7.7645
19511124,8.9304
19511125,6.6925
19511126,3.6464
19511127,3.576
19511128,3.462
19511129,8.5436
19511130,8.1037
19511201,4.9207
19511202,3.2374
19511203,5.553
19511204,2.9745
19511205,1.0476
19511206,3.2099
19511207,3.0718
19511208,2.69
19511209,3.2103
19511210,5.361
19511211,6.2559
19511212,3.5386
19511213,0.3072
19511214,-2.2522
19511215,-0.87889
19511216,0.13704
19511217,6.5778
19511218,6.1887
19511219,3.4301
19511220,0.97671
19511221,0.35788
19511222,-1.3609
19511223,4.1986
19511224,2.1748
19511225,0.148
19511226,0.28387
19511227,7.7827
19511228,5.679
19511229,1.2737
19511230,0.78891
19511231,-1.0563
19520101,-2.7395
19520102,-4.7335
19520103,-6.1183
19520104,0.04458
19520105,3.5665
19520106,-0.54902
19520107,-1.6161
19520108,-2.1289
19520109,-1.0971
19520110,-2.3002
19520111,-3.3506
19520112,0.1897
19520113,-2.9148
19520114,-1.29
19520115,0.83942
19520116,1.2496
19520117,-0.17376
19520118,-1.2371
19520119,-1.9089
19520120,1.2381
19520121,6.4045
19520122,3.6724
19520123,-0.54362
19520124,-1.7305
19520125,-0.55055
19520126,-1.3162
19520127,-0.48877
19520128,-0.89622
19520129,-0.75041
19520130,-2.5282
19520131,1.1902
19520201,0.93239
19520202,1.2689
19520203,1.5111
19520204,1.3156
19520205,-0.6891
19520206,-1.0159
19520207,-2.8313
19520208,-3.4983
19520209,-0.48291
19520210,-1.021
19520211,0.66921
19520212,-0.83271
19520213,-1.3376
19520214,0.53631
19520215,0.4843
19520216,-2.4957
19520217,-4.4999
19520218,2.6891
19520219,2.5752
19520220,2.808
19520221,3.5268
19520222,3.3026
19520223,0.87649
19520224,0.61851
19520225,2.3927
19520226,0.24463
19520227,-2.1301
19520228,0.0065552
19520229,0.95276
19520301,0.8802
19520302,0.25249
19520303,0.45033
19520304,0.34755
19520305,-0.36682
19520306,-0.26924
19520307,-2.184
19520308,-2.5205
19520309,-2.267
19520310,-1.2843
19520311,-1.4653
19520312,-1.9203
19520313,-1.922
19520314,-0.95931
19520315,1.34
19520316,0.14961
19520317,3.0204
19520318,2.1553
19520319,1.8715
19520320,1.0771
19520321,-0.32868
19520322,0.42694
19520323,0.79197
19520324,-0.31471
19520325,-0.57238
19520326,-1.1519
19520327,-0.41075
19520328,-0.28503
19520329,2.7131
19520330,-0.034013
19520331,5.1565
19520401,3.2834
19520402,3.638
19520403,2.9161
19520404,5.6057
19520405,3.3854
19520406,9.2598
19520407,6.328
19520408,3.3353
19520409,0.24342
19520410,4.2281
19520411,1.5587
19520412,5.0655
19520413,5.4763
19520414,3.0761
19520415,2.0083
19520416,0.21494
19520417,1.7447
19520418,3.0427
19520419,4.0115
19520420,4.8733
19520421,2.8958
19520422,2.9358
19520423,0.88655
19520424,4.5465
19520425,8.0536
19520426,5.0545
19520427,4.623
19520428,3.8374
19520429,6.7005
19520430,7.2557
19520501,5.9632
19520502,9.7507
19520503,7.447
19520504,8.0113
19520505,10.847
19520506,8.9968
19520507,8.5953
19520508,6.4216
19520509,6.0642
19520510,6.8747
19520511,8.8875
19520512,9.6588
19520513,8.7391
19520514,8.8569
19520515,9.1439
19520516,12.647
19520517,12.036
19520518,11.097
19520519,12.15
19520520,9.1271
19520521,7.8769
19520522,6.5636
19520523,9.1787
19520524,8.735
19520525,10.873
19520526,12.708
19520527,9.5304
19520528,11.115
19520529,8.8846
19520530,14.351
19520531,8.097
19520601,6.9951
19520602,7.5673
19520603,9.3772
19520604,10.503
19520605,10.305
19520606,7.9402
19520607,5.9997
19520608,7.1234
19520609,9.5308
19520610,9.6336
19520611,12.198
19520612,12.966
19520613,14.123
19520614,11.236
19520615,8.0449
19520616,9.0502
19520617,12.503
19520618,12.062
19520619,9.9424
19520620,11.858
19520621,12.343
19520622,8.6635
19520623,9.0383
19520624,12.28
19520625,13.975
19520626,11.639
19520627,9.872
19520628,11.838
19520629,10.986
19520630,9.5501
19520701,9.731
19520702,11.437
19520703,15.783
19520704,14.619
19520705,14.404
19520706,12.97
19520707,11.247
19520708,15.461
19520709,16.994
19520710,18.948
19520711,19.361
19520712,17.784
19520713,17.498
19520714,19.222
19520715,16.197
19520716,18.104
19520717,19.962
19520718,18.459
19520719,19.174
19520720,20.205
19520721,16.941
19520722,14.382
19520723,15.661
19520724,13.826
19520725,11.036
19520726,13.934
19520727,16.724
19520728,13.945
19520729,11.933
19520730,12.596
19520731,16.237
19520801,14.915
19520802,13.349
19520803,12.416
19520804,14.384
19520805,15.551
19520806,14.296
19520807,13.717
19520808,13.151
19520809,14.586
19520810,17.892
19520811,18.574
19520812,20.859
19520813,19.028
19520814,18.385
19520815,19.65
19520816,19.042
19520817,18.855
19520818,16.248
19520819,15.534
19520820,14.984
19520821,16.195
19520822,17.356
19520823,15.664
19520824,16.076
19520825,17.503
19520826,17.2
19520827,16.606
19520828,16.957
19520829,18.579
19520830,16.414
19520831,14.46
19520901,13.131
19520902,14.31
19520903,17.444
19520904,15.039
19520905,16.144
19520906,19.738
19520907,17.789
19520908,14.637
19520909,16.182
19520910,16.435
19520911,16.196
19520912,17.13
19520913,14.091
19520914,13.3
19520915,15.99
19520916,13.433
19520917,13.576
19520918,11.591
19520919,9.8121
19520920,9.5116
19520921,11.469
19520922,9.8736
19520923,14.975
19520924,11.917
19520925,10.519
19520926,9.958
19520927,13.538
19520928,11.563
19520929,10.695
19520930,8.767
19521001,9.2306
19521002,10.424
19521003,10.269
19521004,11.443
19521005,11.027
19521006,9.562
19521007,8.276
19521008,7.0338
19521009,11.76
19521010,13.09
19521011,9.4226
19521012,8.6493
19521013,7.5737
19521014,5.493
19521015,4.9667
19521016,9.2276
19521017,6.7956
19521018,6.364
19521019,7.4372
19521020,7.9129
19521021,7.1082
19521022,7.0332
19521023,6.1012
19521024,3.873
19521025,5.2043
19521026,5.451
19521027,8.2906
19521028,15.344
19521029,10.218
19521030,6.9642
19521031,4.8454
19521101,4.1265
19521102,4.6784
19521103,3.7013
19521104,2.2919
19521105,1.907
19521106,0.53978
19521107,-0.41997
19521108,-0.25181
19521109,1.4348
19521110,-2.1912
19521111,-3.7302
19521112,5.431
19521113,3.9124
19521114,2.0473
19521115,5.6747
19521116,4.9109
19521117,5.2343
19521118,2.833
19521119,4.6767
19521120,2.9729
19521121,1.5609
19521122,4.0007
19521123,3.9793
19521124,1.2464
19521125,5.5493
19521126,5.3896
19521127,1.2076
19521128,-0.29096
19521129,2.267
19521130,3.7388
19521201,4.3211
19521202,3.5442
19521203,1.0321
19521204,0.94729
19521205,-0.27593
19521206,0.11476
19521207,4.7811
19521208,0.63151
19521209,-2.555
19521210,-0.3038
19521211,-1.2969
19521212,-0.76782
19521213,-0.94341
19521214,1.953
19521215,-0.34474
19521216,-1.7244
19521217,0.083785
19521218,6.071
19521219,2.6987
19521220,-1.1391
19521221,-3.5603
19521222,-4.0374
19521223,-5.3935
19521224,-3.7999
19521225,1.5944
19521226,1.0757
19521227,0.5919
19521228,3.7273
19521229,-1.0661
19521230,-2.6239
19521231,-3.5642
19530101,-4.5831
19530102,-5.8473
19530103,-7.2536
19530104,-0.092464
19530105,0.78
19530106,-2.8059
19530107,-4.1308
19530108,-3.296
19530109,-1.7131
19530110,-3.352
19530111,-2.2829
19530112,-2.3328
19530113,0.17983
19530114,-0.60598
19530115,0.28215
19530116,-1.2332
19530117,-2.423
19530118,-3.1748
19530119,-2.9827
19530120,-0.42737
19530121,-2.8161
19530122,-4.5257
19530123,-4.7113
19530124,-3.7364
19530125,-3.754
19530126,2.1196
19530127,-0.93208
19530128,-3.6252
19530129,-3.6854
19530130,-2.4065
19530131,-3.4041
19530201,-2.207
19530202,-0.44518
19530203,0.13713
19530204,-0.7883
19530205,3.765
19530206,2.2949
19530207,0.10777
19530208,0.17045
19530209,5.0337
19530210,3.6746
19530211,2.494
19530212,0.46339
19530213,1.6515
19530214,6.4757
19530215,3.8099
19530216,2.9732
19530217,7.5523
19530218,2.8981
19530219,-1.1854
19530220,-1.7084
19530221,-3.4033
19530222,-1.4615
19530223,-2.4024
19530224,-1.3696
19530225,4.2496
19530226,2.1822
19530227,2.6429
19530228,-0.13353
19530301,-1.487
19530302,3.5887
19530303,1.386
19530304,-0.10126
19530305,0.77793
19530306,4.7364
19530307,3.2661
19530308,0.59574
19530309,0.53513
19530310,-0.37658
19530311,-2.5048
19530312,-2.6799
19530313,-2.2647
19530314,2.2149
19530315,1.3238
19530316,2.4146
19530317,4.608
19530318,1.8836
19530319,5.2828
19530320,4.6925
19530321,5.6455
19530322,6.034
19530323,3.0442
19530324,2.8858
19530325,1.4304
19530326,2.8285
19530327,6.5594
19530328,2.8297
19530329,2.9572
19530330,3.4798
19530331,5.7814
19530401,5.3045
19530402,5.2266
19530403,7.1326
19530404,5.2921
19530405,5.1882
19530406,4.365
19530407,3.3176
19530408,2.5456
19530409,2.4368
19530410,2.2445
19530411,2.9516
19530412,2.7371
19530413,5.7703
19530414,4.0672
19530415,4.5336
19530416,4.5386
19530417,2.6203
19530418,4.3471
19530419,6.7307
19530420,5.2365
19530421,2.3691
19530422,4.992
19530423,3.1141
19530424,3.338
19530425,8.3512
19530426,8.1806
19530427,7.7244
19530428,4.8222
19530429,5.161
19530430,5.8192
19530501,9.744
19530502,8.8887
19530503,8.8756
19530504,11.799
19530505,10.967
19530506,10.164
19530507,10.546
19530508,9.897
19530509,8.7056
19530510,10.002
19530511,9.3984
19530512,7.7374
19530513,6.7017
19530514,8.0075
19530515,10.53
19530516,9.8156
19530517,10.165
19530518,11.503
19530519,12.601
19530520,13.117
19530521,14.01
19530522,15.388
19530523,13.894
19530524,10.969
19530525,9.8881
19530526,7.5167
19530527,6.2264
19530528,7.2687
19530529,6.8044
19530530,6.2907
19530531,9.4587
19530601,10.113
19530602,11.459
19530603,12.381
19530604,12.128
19530605,12.26
19530606,10.904
19530607,11.938
19530608,13.229
19530609,12.896
19530610,12.988
19530611,11.398
19530612,11.861
19530613,10.999
19530614,8.9377
19530615,11.342
19530616,14.963
19530617,14.769
19530618,14.342
19530619,14.675
19530620,16.734
19530621,18.082
19530622,17.796
19530623,16.351
19530624,14.311
19530625,12.47
19530626,15.134
19530627,16.268
19530628,14.957
19530629,15.148
19530630,12.72
19530701,14.241
19530702,17.449
19530703,16.754
19530704,15.798
19530705,14.053
19530706,14.415
19530707,14.545
19530708,15.317
19530709,14.471
19530710,17.554
19530711,14.663
19530712,16.5
19530713,13.663
19530714,15.422
19530715,17.607
19530716,15.742
19530717,16.962
19530718,13.834
19530719,16.286
19530720,18
19530721,14.076
19530722,11.871
19530723,16.085
19530724,17.634
19530725,17.587
19530726,14.903
19530727,15.421
19530728,17.044
19530729,18.961
19530730,17.759
19530731,16.915
19530801,17.89
19530802,19.401
19530803,19.689
19530804,19.909
19530805,20.026
19530806,20.491
19530807,20.932
19530808,19.717
19530809,19.226
19530810,19.501
19530811,19.927
19530812,18.829
19530813,22.353
19530814,22.5
19530815,19.628
19530816,21.885
19530817,19.664
19530818,20.492
19530819,18.978
19530820,19.95
19530821,20.342
19530822,20.065
19530823,21.758
19530824,22.209
19530825,20.811
19530826,20.165
19530827,18.383
19530828,18.62
19530829,18.695
19530830,18.347
19530831,17.918
19530901,17.063
19530902,17.873
19530903,16.549
19530904,13.971
19530905,13.799
19530906,15.415
19530907,13.594
19530908,11.387
19530909,12.17
19530910,11.479
19530911,13.84
19530912,15.11
19530913,16.513
19530914,14.543
19530915,12.007
19530916,16.877
19530917,17.373
19530918,14.925
19530919,14.283
19530920,14.657
19530921,15.411
19530922,14.995
19530923,15.509
19530924,17.462
19530925,17.162
19530926,13.856
19530927,14.219
19530928,13.251
19530929,11.393
19530930,8.4093
19531001,11.801
19531002,9.4369
19531003,13.281
19531004,11.349
19531005,15.106
19531006,13.235
19531007,12.635
19531008,13.757
19531009,14.218
19531010,12.926
19531011,14.419
19531012,14.527
19531013,14.78
19531014,13.794
19531015,12.358
19531016,12.68
19531017,12.506
19531018,12.954
19531019,14.585
19531020,13.141
19531021,11.496
19531022,13.085
19531023,12.165
19531024,6.3321
19531025,5.0019
19531026,4.4763
19531027,5.8362
19531028,5.9234
19531029,7.5616
19531030,7.9092
19531031,6.5757
19531101,5.8007
19531102,5.2003
19531103,7.2458
19531104,4.5205
19531105,4.0629
19531106,4.0849
19531107,6.6816
19531108,5.3515
19531109,4.3407
19531110,3.058
19531111,3.8803
19531112,9.6114
19531113,9.4468
19531114,5.3446
19531115,3.7367
19531116,3.1237
19531117,1.8439
19531118,1.4082
19531119,4.4996
19531120,10.303
19531121,3.7204
19531122,1.4475
19531123,5.8279
19531124,1.6165
19531125,-0.47774
19531126,-0.54598
19531127,-0.29639
19531128,0.38901
19531129,7.177
19531130,3.7528
19531201,2.2628
19531202,1.1647
19531203,-0.4501
19531204,0.11529
19531205,2.2744
19531206,-0.53686
19531207,-0.17521
19531208,-1.487
19531209,-2.7434
19531210,-4.2705
19531211,-5.0412
19531212,-2.6135
19531213,-1.9977
19531214,0.52799
19531215,2.1716
19531216,1.1352
19531217,-0.30994
19531218,-0.80623
19531219,0.83183
19531220,3.5238
19531221,1.8862
19531222,5.3591
19531223,3.3023
19531224,1.3886
19531225,2.2748
19531226,-0.69111
19531227,-1.4134
19531228,-3.5791
19531229,-5.2001
19531230,-1.9279
19531231,-0.76419
19540101,2.5587
19540102,7.2099
19540103,5.8306
19540104,3.3536
19540105,5.5912
19540106,3.8112
19540107,0.033563
19540108,-1.4929
19540109,-1.2786
19540110,1.313
19540111,0.51111
19540112,-1.8102
19540113,-4.5394
19540114,-6.0432
19540115,-6.6655
19540116,-0.30824
19540117,-1.7311
19540118,-1.9597
19540119,-1.4458
19540120,0.020329
19540121,-0.042476
19540122,-0.30324
19540123,0.50334
19540124,3.2256
19540125,0.4117
19540126,3.8768
19540127,-0.089382
19540128,5.6377
19540129,3.0928
19540130,2.6012
19540131,6.2158
19540201,3.6861
19540202,0.70459
19540203,0.52593
19540204,1.3856
19540205,1.2762
19540206,1.3955
19540207,2.2818
19540208,2.2981
19540209,3.796
19540210,5.3032
19540211,0.67358
19540212,-0.23297
19540213,1.4055
19540214,0.51058
19540215,2.6076
19540216,1.5052
19540217,1.4068
19540218,2.3878
19540219,1.5814
19540220,3.5324
19540221,2.8679
19540222,1.5022
19540223,0.52633
19540224,1.0476
19540225,0.63507
19540226,2.1505
19540227,1.686
19540228,1.0924
19540301,2.3165
19540302,1.2676
19540303,2.1468
19540304,0.26042
19540305,-1.3627
19540306,0.97813
19540307,5.5495
19540308,3.4304
19540309,2.5951
19540310,3.7699
19540311,1.7854
19540312,-0.4947
19540313,0.78353
19540314,1.9935
19540315,2.0409
19540316,2.4543
19540317,2.9392
19540318,3.1756
19540319,5.6094
19540320,5.4989
19540321,2.1033
19540322,1.2348
19540323,5.5265
19540324,4.3059
19540325,2.9167
19540326,0.16867
19540327,5.1241
19540328,4.3351
19540329,3.0698
19540330,2.6956
19540331,3.5511
19540401,3.8812
19540402,1.1931
19540403,2.3143
19540404,1.8575
19540405,4.0182
19540406,3.6194
19540407,4.0751
19540408,2.3811
19540409,4.5885
19540410,6.3114
19540411,5.9085
19540412,5.6809
19540413,7.6139
19540414,6.8061
19540415,6.1622
19540416,5.8527
19540417,6.9158
19540418,5.8624
19540419,3.5558
19540420,4.9741
19540421,5.0356
19540422,4.6866
19540423,4.4
19540424,7.1242
19540425,7.4146
19540426,5.8382
19540427,6.2299
19540428,8.9527
19540429,9.4744
19540430,6.0435
19540501,3.1808
19540502,4.3787
19540503,7.061
19540504,5.5272
19540505,3.4575
19540506,8.3245
19540507,8.714
19540508,9.4303
19540509,10.304
19540510,11.636
19540511,10.54
19540512,11.168
19540513,9.3412
19540514,9.3253
19540515,8.2647
19540516,5.9182
19540517,8.6808
19540518,11.019
19540519,7.7782
19540520,7.2354
19540521,7.3811
19540522,10.42
19540523,12.792
19540524,10.96
19540525,11.644
19540526,11.17
19540527,11.114
19540528,10.54
19540529,6.9297
19540530,5.9001
19540531,7.4076
19540601,8.263
19540602,11.04
19540603,13.775
19540604,13.025
19540605,12.379
19540606,13.671
19540607,12.238
19540608,10.009
19540609,12.056
19540610,13.383
19540611,12.107
19540612,9.7318
19540613,9.6943
19540614,10.244
19540615,9.7167
19540616,11.606
19540617,10.242
19540618,8.5472
19540619,11.161
19540620,11.421
19540621,11.751
19540622,9.6967
19540623,11.411
19540624,13.251
19540625,13.584
19540626,13.796
19540627,15.278
19540628,12.73
19540629,13.46
19540630,13.692
19540701,14.067
19540702,12.487
19540703,13.179
19540704,11.695
19540705,13.343
19540706,14.081
19540707,16.748
19540708,15.229
19540709,14.457
19540710,17.093
19540711,16.598
19540712,16.204
19540713,15.194
19540714,13.934
19540715,14.208
19540716,16.181
19540717,17.346
19540718,17.595
19540719,18.126
19540720,17.579
19540721,16.345
19540722,12.714
19540723,12.167
19540724,15.393
19540725,13.046
19540726,11.068
19540727,12.266
19540728,13.902
19540729,15.718
19540730,16.003
19540731,15.813
19540801,16.487
19540802,17.582
19540803,18.282
19540804,15.355
19540805,15.194
19540806,16.183
19540807,17.868
19540808,15.213
19540809,13.672
19540810,15.57
19540811,15.086
19540812,17.306
19540813,18.027
19540814,17.079
19540815,18.467
19540816,16.557
19540817,12.579
19540818,12.043
19540819,13.752
19540820,16.157
19540821,18.432
19540822,16.925
19540823,16.678
19540824,15.811
19540825,16.642
19540826,16.265
19540827,17.168
19540828,16.347
19540829,16.441
19540830,16.014
19540831,17.933
19540901,17.119
19540902,16.59
19540903,17.315
19540904,17.81
19540905,16.031
19540906,15.128
19540907,15.163
19540908,16.174
19540909,16.666
19540910,16.105
19540911,15.04
19540912,11.842
19540913,9.8899
19540914,9.8665
19540915,14.225
19540916,15.611
19540917,11.63
19540918,9.6516
19540919,11.043
19540920,7.5918
19540921,9.9897
19540922,9.8265
19540923,9.0299
19540924,7.4263
19540925,6.9208
19540926,7.476
19540927,8.6471
19540928,11.634
19540929,10.641
19540930,9.6136
19541001,7.5236
19541002,11.451
19541003,11.389
19541004,10.018
19541005,9.5477
19541006,6.3441
19541007,3.925
19541008,9.0035
19541009,6.6084
19541010,8.3384
19541011,5.3583
19541012,3.8432
19541013,2.8805
19541014,4.1791
19541015,3.5314
19541016,4.0654
19541017,3.8344
19541018,3.5277
19541019,3.6694
19541020,2.9926
19541021,2.1614
19541022,2.6209
19541023,2.6878
19541024,9.674
19541025,9.2931
19541026,5.6512
19541027,5.5919
19541028,3.3736
19541029,2.5971
19541030,2.9469
19541031,3.059
19541101,3.4964
19541102,5.4336
19541103,3.6786
19541104,1.2256
19541105,5.8493
19541106,3.5047
19541107,1.2641
19541108,5.0129
19541109,1.8112
19541110,-0.25443
19541111,3.3578
19541112,5.8104
19541113,3.7032
19541114,0.60287
19541115,1.3541
19541116,-0.73083
19541117,-1.4695
19541118,4.6035
19541119,-0.085699
19541120,-2.106
19541121,0.62999
19541122,-1.1101
19541123,5.8649
19541124,1.6953
19541125,-1.1431
19541126,-0.99288
19541127,-2.7586
19541128,-1.988
19541129,0.75968
19541130,3.4641
19541201,2.5176
19541202,1.6418
19541203,-0.90457
19541204,-1.5098
19541205,-2.7298
19541206,1.7532
19541207,3.0299
19541208,0.98105
19541209,-0.18314
19541210,4.7698
19541211,5.2698
19541212,2.4646
19541213,1.6568
19541214,-0.69669
19541215,-1.5262
19541216,-2.8404
19541217,-3.6156
19541218,-4.1716
19541219,-3.9889
19541220,-1.1258
19541221,-0.32336
19541222,-3.3412
19541223,-3.0046
19541224,-2.4985
19541225,-1.3142
19541226,-0.82621
19541227,0.40476
19541228,0.21001
19541229,0.18528
19541230,-0.36188
19541231,-0.71304
19550101,0.22044
19550102,-2.0136
19550103,2.0052
19550104,3.1772
19550105,1.3332
19550106,0.42763
19550107,0.15897
19550108,-2.7979
19550109,-3.0673
19550110,-3.1258
19550111,-4.4778
19550112,-3.5681
19550113,-1.414
19550114,-2.2916
19550115,-2.8601
19550116,-4.4015
19550117,-0.81217
19550118,-1.8812
19550119,-3.5377
19550120,-3.5649
19550121,-4.2971
19550122,-6.5911
19550123,-6.6967
19550124,-6.8765
19550125,-7.0304
19550126,-4.1408
19550127,-1.6878
19550128,-1.0562
19550129,-1.8049
19550130,-3.6477
19550131,-4.3413
19550201,-6.0222
19550202,-4.8197
19550203,-2.2867
19550204,-1.1486
19550205,1.2737
19550206,0.26315
19550207,2.0886
19550208,1.153
19550209,0.19711
19550210,-0.34834
19550211,-1.2987
19550212,-0.69377
19550213,-1.7635
19550214,-2.4025
19550215,-2.594
19550216,-2.5691
19550217,-2.4561
19550218,-2.2922
19550219,-3.1544
19550220,-1.8484
19550221,-0.045528
19550222,1.5176
19550223,7.6052
19550224,4.1467
19550225,0.47895
19550226,-1.3126
19550227,-0.034878
19550228,0.092055
19550301,0.81851
19550302,-2.0319
19550303,-1.1579
19550304,-0.76169
19550305,1.5865
19550306,-0.0060181
19550307,-0.95003
19550308,-1.2942
19550309,-0.5384
19550310,-1.4238
19550311,1.6098
19550312,1.8321
19550313,3.5441
19550314,9.6706
19550315,9.3717
19550316,8.8633
19550317,8.2467
19550318,5.1412
19550319,4.2528
19550320,5.2077
19550321,4.4738
19550322,6.9589
19550323,4.9281
19550324,3.9255
19550325,5.9787
19550326,4.9027
19550327,5.0234
19550328,4.1787
19550329,6.5052
19550330,5.8653
19550331,7.8656
19550401,5.8532
19550402,0.98898
19550403,-1.0335
19550404,4.4576
19550405,1.1242
19550406,5.6692
19550407,5.249
19550408,3.5723
19550409,5.4736
19550410,6.9493
19550411,5.3475
19550412,3.02
19550413,9.1551
19550414,4.6426
19550415,2.4482
19550416,3.9021
19550417,9.0697
19550418,7.2892
19550419,8.7087
19550420,7.1605
19550421,6.2879
19550422,4.8902
19550423,7.0227
19550424,5.8082
19550425,6.9441
19550426,5.8797
19550427,6.847
19550428,8.233
19550429,6.8843
19550430,5.7463
19550501,6.7731
19550502,8.6759
19550503,6.46
19550504,6.1487
19550505,9.3896
19550506,8.4667
19550507,6.3502
19550508,8.7589
19550509,8.3434
19550510,10.224
19550511,14.557
19550512,12.807
19550513,14.518
19550514,12.498
19550515,12.944
19550516,12.016
19550517,9.194
19550518,8.6067
19550519,7.1374
19550520,5.6485
19550521,12.693
19550522,13.646
19550523,11.818
19550524,9.8551
19550525,8.2967
19550526,9.9373
19550527,11.53
19550528,11.941
19550529,10.568
19550530,12.778
19550531,11.089
19550601,9.874
19550602,10.737
19550603,11.338
19550604,15.744
19550605,12.453
19550606,13.933
19550607,10.136
19550608,9.9585
19550609,13.056
19550610,12.294
19550611,13.169
19550612,13.649
19550613,13.415
19550614,15.027
19550615,13.979
19550616,13.517
19550617,13.373
19550618,14.535
19550619,15.291
19550620,14.997
19550621,17.066
19550622,15.663
19550623,15.187
19550624,16.088
19550625,16.198
19550626,14.425
19550627,12.921
19550628,12.586
19550629,12.902
19550630,11.665
19550701,12.338
19550702,13.276
19550703,14.676
19550704,14.657
19550705,13.096
19550706,13.896
19550707,13.716
19550708,11.919
19550709,11.346
19550710,12.809
19550711,15.372
19550712,15.827
19550713,16.425
19550714,15.796
19550715,16.061
19550716,15.898
19550717,16.5
19550718,19.615
19550719,17.212
19550720,14.737
19550721,12.223
19550722,13.517
19550723,15.192
19550724,15.097
19550725,16.655
19550726,15.522
19550727,16.062
19550728,18.29
19550729,16.384
19550730,15.358
19550731,13.728
19550801,14.052
19550802,16.125
19550803,15.215
19550804,15.859
19550805,18.044
19550806,19.207
19550807,17.869
19550808,19.108
19550809,19.086
19550810,17.071
19550811,15.765
19550812,16.046
19550813,18.512
19550814,17.143
19550815,17.337
19550816,16.956
19550817,18.054
19550818,17.831
19550819,18.535
19550820,19.491
19550821,19.083
19550822,17.522
19550823,17.933
19550824,19.475
19550825,19.392
19550826,19.882
19550827,18.116
19550828,16.851
19550829,17.379
19550830,17.792
19550831,18.926
19550901,17.772
19550902,19.748
19550903,18.929
19550904,16.838
19550905,17.282
19550906,13.315
19550907,12.702
19550908,13.575
19550909,13.245
19550910,16.746
19550911,17.493
19550912,17.052
19550913,14.985
19550914,15.702
19550915,14.604
19550916,11.471
19550917,9.4573
19550918,10.747
19550919,10.305
19550920,14.514
19550921,14.116
19550922,9.8835
19550923,8.3004
19550924,8.7967
19550925,9.5253
19550926,6.9386
19550927,8.8828
19550928,6.6202
19550929,8.7915
19550930,8.6084
19551001,8.7726
19551002,7.2666
19551003,6.7881
19551004,6.6695
19551005,5.5784
19551006,7.3017
19551007,6.111
19551008,5.2783
19551009,4.4901
19551010,5.3425
19551011,4.6074
19551012,5.7977
19551013,11.462
19551014,6.6342
19551015,6.1723
19551016,8.3434
19551017,12.768
19551018,9.4529
19551019,6.5254
19551020,4.4884
19551021,2.9131
19551022,3.0734
19551023,5.3929
19551024,6.5554
19551025,6.9854
19551026,6.0938
19551027,5.2043
19551028,7.49
19551029,9.3598
19551030,9.8577
19551031,6.5118
19551101,5.0689
19551102,6.4689
19551103,4.5515
19551104,1.4271
19551105,0.6374
19551106,0.63608
19551107,-0.31918
19551108,1.4823
19551109,-0.43479
19551110,-3.4766
19551111,-3.5264
19551112,-4.1225
19551113,-3.1256
19551114,-4.6564
19551115,-5.164
19551116,-2.9432
19551117,-1.3364
19551118,-1.4556
19551119,0.73491
19551120,1.9709
19551121,0.74313
19551122,-0.66123
19551123,-1.505
19551124,-3.7621
19551125,-5.3723
19551126,-5.2579
19551127,-6.5197
19551128,-6.3198
19551129,-5.0091
19551130,-2.8604
19551201,-4.2337
19551202,-3.2648
19551203,-3.0449
19551204,-3.0774
19551205,4.4298
19551206,5.934
19551207,7.8935
19551208,1.9844
19551209,0.2986
19551210,5.0747
19551211,7.7375
19551212,8.0933
19551213,9.1827
19551214,8.4249
19551215,8.8451
19551216,9.1825
19551217,5.5024
19551218,4.6802
19551219,4.1411
19551220,1.6914
19551221,-0.40207
19551222,-2.2637
19551223,-1.6078
19551224,1.2187
19551225,-0.42702
19551226,4.4057
19551227,2.6834
19551228,2.7486
19551229,3.7137
19551230,4.3413
19551231,5.9387
19560101,3.9116
19560102,0.50861
19560103,1.5056
19560104,5.5061
19560105,1.1733
19560106,0.078312
19560107,-1.3471
19560108,-2.6312
19560109,-3.4645
19560110,-5.4634
19560111,-5.1205
19560112,-2.5943
19560113,-3.8787
19560114,-4.4431
19560115,-5.4044
19560116,-5.0737
19560117,-3.9463
19560118,-1.1125
19560119,-1.5229
19560120,-3.0956
19560121,-2.1574
19560122,-3.976
19560123,-5.8025
19560124,-4.4742
19560125,-3.6228
19560126,-3.3258
19560127,-2.5791
19560128,-1.2072
19560129,2.5033
19560130,4.2411
19560131,6.4253
19560201,6.4914
19560202,7.0218
19560203,7.2456
19560204,0.3781
19560205,-0.30204
19560206,-2.4195
19560207,-1.1842
19560208,-1.6068
19560209,-3.3624
19560210,-5.2887
19560211,-4.2643
19560212,-1.0999
19560213,0.91528
19560214,5.0916
19560215,6.171
19560216,5.6259
19560217,0.48277
19560218,-0.5191
19560219,-0.54969
19560220,-1.3307
19560221,-1.3497
19560222,-3.0339
19560223,-0.62024
19560224,-1.8742
19560225,-2.3489
19560226,-1.3764
19560227,-0.60566
19560228,-0.48936
19560229,-0.41394
19560301,0.84852
19560302,1.3175
19560303,-0.1134
19560304,0.19244
19560305,6.0049
19560306,0.93471
19560307,0.27568
19560308,-0.48323
19560309,-0.3863
19560310,-0.44028
19560311,0.92255
19560312,1.5972
19560313,3.4878
19560314,3.7674
19560315,3.6023
19560316,2.0053
19560317,5.3168
19560318,4.2688
19560319,3.8482
19560320,3.0793
19560321,3.1501
19560322,2.2722
19560323,3.6656
19560324,2.7031
19560325,2.5708
19560326,2.4911
19560327,3.2157
19560328,5.8893
19560329,6.1215
19560330,3.9607
19560331,5.6467
19560401,4.1036
19560402,4.0354
19560403,1.3127
19560404,4.4911
19560405,3.1232
19560406,4.212
19560407,5.7882
19560408,7.7357
19560409,5.6876
19560410,2.3614
19560411,3.2158
19560412,4.0647
19560413,6.4656
19560414,7.8357
19560415,6.4335
19560416,5.5034
19560417,2.8294
19560418,2.3227
19560419,2.2408
19560420,3.9231
19560421,2.0853
19560422,4.7815
19560423,7.4204
19560424,7.0941
19560425,5.957
19560426,7.6844
19560427,6.0365
19560428,5.6643
19560429,6.0017
19560430,5.8188
19560501,7.4698
19560502,6.1157
19560503,6.3443
19560504,7.8285
19560505,8.4801
19560506,10.121
19560507,9.9442
19560508,9.5401
19560509,9.5388
19560510,10.225
19560511,8.2366
19560512,6.3851
19560513,6.7355
19560514,8.8418
19560515,8.5683
19560516,8.2768
19560517,10.141
19560518,8.5717
19560519,10.988
19560520,9.2606
19560521,10.91
19560522,10.261
19560523,10.237
19560524,10.46
19560525,13.55
19560526,12.302
19560527,10.81
19560528,8.1139
19560529,7.2318
19560530,8.4793
19560531,9.7513
19560601,10.207
19560602,9.5274
19560603,10.839
19560604,13.193
19560605,12.142
19560606,11.256
19560607,12.93
19560608,10.787
19560609,9.6367
19560610,10.004
19560611,13.166
19560612,13.309
19560613,10.257
19560614,10.938
19560615,12.393
19560616,12.087
19560617,11.457
19560618,12.491
19560619,10.906
19560620,11.243
19560621,12.456
19560622,13.411
19560623,13.442
19560624,13.212
19560625,9.7676
19560626,11.677
19560627,10.531
19560628,12.83
19560629,14.806
19560630,13.31
19560701,14.077
19560702,13.951
19560703,13.745
19560704,12.025
19560705,10.743
19560706,12.089
19560707,13.383
19560708,14.612
19560709,14.359
19560710,14.231
19560711,15.69
19560712,15.489
19560713,14.575
19560714,14.919
19560715,17.014
19560716,18.442
19560717,18.114
19560718,16.294
19560719,16.404
19560720,14.275
19560721,13.803
19560722,11.079
19560723,9.2793
19560724,11.204
19560725,12.373
19560726,15.102
19560727,16.975
19560728,15.822
19560729,16.614
19560730,15.693
19560731,16.901
19560801,15.65
19560802,14.844
19560803,17.961
19560804,18.596
19560805,15.772
19560806,14.102
19560807,16.354
19560808,16.633
19560809,15.826
19560810,15.947
19560811,17.268
19560812,17.128
19560813,16.177
19560814,14.247
19560815,14.951
19560816,17.309
19560817,17.287
19560818,17.347
19560819,17.229
19560820,17.91
19560821,17.085
19560822,17.329
19560823,16.975
19560824,18.391
19560825,18.509
19560826,18.821
19560827,17.81
19560828,17.751
19560829,17.925
19560830,17.443
19560831,16.661
19560901,15.3
19560902,15.661
19560903,14.55
19560904,16.361
19560905,10.586
19560906,8.516
19560907,10.634
19560908,8.8493
19560909,8.0324
19560910,7.2077
19560911,8.6229
19560912,9.987
19560913,12.135
19560914,15.923
19560915,13.627
19560916,14.438
19560917,11.479
19560918,7.8343
19560919,6.4757
19560920,9.2143
19560921,7.4338
19560922,7.5102
19560923,7.9063
19560924,8.4342
19560925,9.1992
19560926,10.876
19560927,11.167
19560928,12.356
19560929,9.528
19560930,9.8213
19561001,8.8965
19561002,9.0823
19561003,12.394
19561004,12.983
19561005,11.81
19561006,8.232
19561007,6.9602
19561008,6.2364
19561009,4.7138
19561010,7.5966
19561011,10.882
19561012,8.5423
19561013,7.5809
19561014,7.8191
19561015,6.1767
19561016,6.1241
19561017,6.1751
19561018,4.968
19561019,3.8627
19561020,2.1119
19561021,0.11674
19561022,5.5632
19561023,3.8004
19561024,3.3004
19561025,3.3637
19561026,1.9399
19561027,4.8629
19561028,10.518
19561029,10.858
19561030,8.8955
19561031,5.2903
19561101,2.5722
19561102,0.49754
19561103,0.50816
19561104,0.75691
19561105,2.3629
19561106,4.8824
19561107,4.9383
19561108,2.6834
19561109,2.5615
19561110,2.9458
19561111,3.878
19561112,2.0121
19561113,6.3688
19561114,4.172
19561115,3.6859
19561116,2.7151
19561117,1.3689
19561118,4.9999
19561119,2.9064
19561120,2.6257
19561121,2.318
19561122,-0.50972
19561123,-1.9591
19561124,-1.6229
19561125,-3.0183
19561126,-1.3402
19561127,-2.1845
19561128,-2.8105
19561129,-0.79163
19561130,-1.5289
19561201,-0.16868
19561202,0.057713
19561203,2.2428
19561204,1.1952
19561205,1.2946
19561206,-1.2166
19561207,-1.6519
19561208,-1.3009
19561209,-1.2377
19561210,-1.1146
19561211,1.1763
19561212,1.8534
19561213,-0.15093
19561214,-0.91661
19561215,-3.2902
19561216,-1.0577
19561217,-2.9399
19561218,-2.17
19561219,-1.7614
19561220,-4.4179
19561221,-4.7409
19561222,-5.1552
19561223,-4.2145
19561224,-2.5913
19561225,-4.0337
19561226,-3.995
19561227,-4.4761
19561228,-0.85364
19561229,-2.8017
19561230,-4.0998
19561231,-2.3032
19570101,0.20299
19570102,6.7247
19570103,3.3491
19570104,1.3003
19570105,2.122
19570106,1.938
19570107,-0.057918
19570108,-2.016
19570109,-3.6395
19570110,-1.2519
19570111,4.7372
19570112,4.313
19570113,1.142
19570114,-0.68806
19570115,2.025
19570116,-1.1409
19570117,2.0617
19570118,-0.4221
19570119,3.6681
19570120,3.0522
19570121,-0.97565
19570122,-2.6066
19570123,-3.0586
19570124,-3.5782
19570125,-4.1425
19570126,-3.6248
19570127,-2.9472
19570128,-3.8156
19570129,-3.369
19570130,-4.4837
19570131,-6.6963
19570201,-7.8628
19570202,-3.5395
19570203,0.022007
19570204,-0.71467
19570205,-1.8465
19570206,-0.47426
19570207,0.34747
19570208,2.8168
19570209,1.2498
19570210,5.0588
19570211,0.94011
19570212,3.5148
19570213,4.5025
19570214,2.8302
19570215,-0.19374
19570216,-0.47539
19570217,2.6718
19570218,1.1491
19570219,1.7262
19570220,3.093
19570221,-0.043555
19570222,-1.5171
19570223,-0.54411
19570224,1.9588
19570225,-0.045457
19570226,1.0277
19570227,1.7349
19570228,6.7622
19570301,6.9961
19570302,6.3659
19570303,2.2181
19570304,4.1434
19570305,1.1542
19570306,-0.89784
19570307,-1.0271
19570308,-1.9593
19570309,-0.8766
19570310,-0.60466
19570311,-0.64375
19570312,-0.012183
19570313,2.1069
19570314,3.2132
19570315,2.7027
19570316,4.3279
19570317,9.3737
19570318,2.5869
19570319,0.86855
19570320,2.5594
19570321,2.371
19570322,3.2712
19570323,4.525
19570324,2.8405
19570325,-0.25207
19570326,-0.77054
19570327,-1.4772
19570328,-0.16182
19570329,6.4111
19570330,2.9478
19570331,0.63488
19570401,0.35094
19570402,0.043125
19570403,0.25905
19570404,-0.31735
19570405,-0.79778
19570406,0.45746
19570407,-0.13897
19570408,3.6522
19570409,4.9074
19570410,7.2064
19570411,5.0976
19570412,1.563
19570413,0.17143
19570414,3.0439
19570415,8.8772
19570416,6.0442
19570417,4.9239
19570418,2.0889
19570419,1.9194
19570420,2.1305
19570421,6.544
19570422,3.5217
19570423,1.4087
19570424,6.6005
19570425,3.9176
19570426,3.0972
19570427,4.9121
19570428,4.4956
19570429,2.0022
19570430,4.5842
19570501,4.5252
19570502,4.3572
19570503,2.0311
19570504,6.9827
19570505,4.2433
19570506,7.4183
19570507,8.3951
19570508,6.1776
19570509,9.0602
19570510,8.7588
19570511,9.7502
19570512,12.846
19570513,13.44
19570514,11.937
19570515,8.796
19570516,10.393
19570517,9.3134
19570518,7.0377
19570519,7.4047
19570520,6.5382
19570521,7.7179
19570522,11.589
19570523,10.968
19570524,8.3401
19570525,5.6734
19570526,8.162
19570527,13.484
19570528,9.9519
19570529,8.7509
19570530,7.8995
19570531,9.4757
19570601,8.3214
19570602,9.887
19570603,9.4052
19570604,7.1216
19570605,10.994
19570606,10.604
19570607,8.1885
19570608,6.7091
19570609,9.5836
19570610,11.614
19570611,12.725
19570612,13.713
19570613,16.757
19570614,17.518
19570615,15.357
19570616,16.107
19570617,16.08
19570618,17.117
19570619,15.597
19570620,17.217
19570621,18.385
19570622,17.824
19570623,16.691
19570624,16.656
19570625,15.124
19570626,14.429
19570627,13.375
19570628,10.589
19570629,10.67
19570630,11.83
19570701,9.2779
19570702,11.008
19570703,13.416
19570704,13.439
19570705,15.505
19570706,14.024
19570707,12.93
19570708,15.256
19570709,16.781
19570710,17.826
19570711,17.244
19570712,16.065
19570713,14.935
19570714,13.068
19570715,10.861
19570716,9.0438
19570717,14.003
19570718,13.29
19570719,14.665
19570720,17.229
19570721,17.085
19570722,16.206
19570723,15.995
19570724,14.76
19570725,16.881
19570726,13.855
19570727,12.131
19570728,15.487
19570729,15.308
19570730,18.033
19570731,17.731
19570801,15.72
19570802,15.798
19570803,16.932
19570804,14.484
19570805,12.73
19570806,11.898
19570807,14.363
19570808,11.927
19570809,11.148
19570810,12.794
19570811,11.733
19570812,11.879
19570813,14.145
19570814,16.563
19570815,14.178
19570816,13.96
19570817,14.826
19570818,18.063
19570819,17.006
19570820,18.487
19570821,17.617
19570822,19.137
19570823,18.054
19570824,18.066
19570825,18.378
19570826,17.835
19570827,18.381
19570828,18.798
19570829,18.024
19570830,17.591
19570831,14.524
19570901,11.994
19570902,13.841
19570903,15.799
19570904,11.469
19570905,9.3904
19570906,15.354
19570907,10.743
19570908,9.2068
19570909,10.421
19570910,13.909
19570911,13.695
19570912,14.844
19570913,14.886
19570914,14.794
19570915,11.553
19570916,10.98
19570917,10.273
19570918,9.2718
19570919,10.363
19570920,12.567
19570921,11.11
19570922,11.94
19570923,12.516
19570924,13.907
19570925,11.545
19570926,10.944
19570927,12.906
19570928,12.231
19570929,12.141
19570930,12.824
19571001,10.909
19571002,12.13
19571003,15.14
19571004,14.692
19571005,14.304
19571006,13.987
19571007,13.828
19571008,14.027
19571009,12.345
19571010,14.173
19571011,8.5377
19571012,6.2952
19571013,7.9789
19571014,8.3381
19571015,6.9245
19571016,10.482
19571017,8.4542
19571018,7.4092
19571019,8.0238
19571020,7.8021
19571021,8.3853
19571022,8.7443
19571023,7.6194
19571024,7.6493
19571025,4.68
19571026,2.6157
19571027,1.7802
19571028,0.73387
19571029,0.67489
19571030,2.1225
19571031,3.4318
19571101,4.1366
19571102,2.6402
19571103,2.3173
19571104,3.1538
19571105,2.9267
19571106,4.1347
19571107,5.3396
19571108,6.2855
19571109,4.8635
19571110,3.1729
19571111,2.6527
19571112,0.91193
19571113,0.61716
19571114,0.48706
19571115,0.82993
19571116,0.5134
19571117,1.9825
19571118,4.8941
19571119,6.096
19571120,5.2227
19571121,7.5119
19571122,6.7059
19571123,2.3541
19571124,0.087885
19571125,-0.48541
19571126,1.1534
19571127,1.2199
19571128,4.0192
19571129,0.71092
19571130,0.64129
19571201,0.36473
19571202,5.9457
19571203,-0.41996
19571204,-1.9253
19571205,4.6586
19571206,3.6928
19571207,6.1763
19571208,4.8625
19571209,0.83804
19571210,4.4472
19571211,10.004
19571212,9.2749
19571213,9.1788
19571214,9.754
19571215,1.9162
19571216,-0.32907
19571217,-1.2248
19571218,-2.8751
19571219,-4.7265
19571220,-3.274
19571221,-5.0242
19571222,-4.961
19571223,-3.5846
19571224,-3.5526
19571225,-6.9369
19571226,-7.4235
19571227,-8.9723
19571228,-6.6508
19571229,-4.25
19571230,-2.1308
19571231,-1.8839
19580101,-1.5525
19580102,-1.2146
19580103,-1.794
19580104,-0.21537
19580105,0.30678
19580106,-1.3853
19580107,-2.6632
19580108,-1.0308
19580109,0.1144
19580110,2.9698
19580111,7.4418
19580112,4.9734
19580113,3.3508
19580114,5.6677
19580115,5.423
19580116,0.16135
19580117,-0.069983
19580118,-0.14553
19580119,1.3736
19580120,-1.6795
19580121,-3.0338
19580122,-1.6843
19580123,-3.1778
19580124,-1.3428
19580125,-2.1914
19580126,1.0451
19580127,-0.84803
19580128,-1.7809
19580129,2.7802
19580130,-0.74944
19580131,-2.7248
19580201,-2.8857
19580202,5.0877
19580203,1.1835
19580204,0.11608
19580205,1.8478
19580206,-0.84899
19580207,0.47096
19580208,3.3214
19580209,2.8443
19580210,-0.21411
19580211,4.6758
19580212,3.7872
19580213,3.8197
19580214,0.5132
19580215,-0.45092
19580216,5.2011
19580217,-2.3939
19580218,-4.1634
19580219,-5.604
19580220,-4.263
19580221,-2.8936
19580222,-0.13631
19580223,-2.4892
19580224,-2.1127
19580225,-4.4272
19580226,-3.7806
19580227,-4.4856
19580228,-3.9964
19580301,-1.7086
19580302,0.081333
19580303,-0.56451
19580304,-2.0631
19580305,-3.2289
19580306,-2.0379
19580307,4.6119
19580308,1.3964
19580309,-0.71697
19580310,0.73377
19580311,0.020085
19580312,0.97419
19580313,0.65831
19580314,2.4242
19580315,1.6562
19580316,2.9612
19580317,1.9759
19580318,2.7136
19580319,2.931
19580320,3.7998
19580321,6.6998
19580322,3.8136
19580323,1.9719
19580324,3.9659
19580325,3.2284
19580326,2.257
19580327,3.035
19580328,0.56332
19580329,0.15552
19580330,1.8227
19580331,3.1524
19580401,4.4654
19580402,4.5814
19580403,3.4639
19580404,2.8842
19580405,1.4932
19580406,2.8941
19580407,-1.0062
19580408,-0.50693
19580409,1.4367
19580410,3.1182
19580411,3.1571
19580412,7.5703
19580413,8.8767
19580414,9.6692
19580415,3.2943
19580416,2.6141
19580417,3.7885
19580418,0.76509
19580419,-0.20665
19580420,1.2696
19580421,9.0458
19580422,4.5241
19580423,2.6554
19580424,2.2288
19580425,4.0889
19580426,8.0191
19580427,7.016
19580428,5.3699
19580429,3.7359
19580430,6.6928
19580501,4.547
19580502,2.1739
19580503,5.3303
19580504,6.2908
19580505,7.2261
19580506,4.3306
19580507,3.7785
19580508,9.3284
19580509,7.7919
19580510,10.662
19580511,9.7828
19580512,11.33
19580513,8.4998
19580514,10.317
19580515,12.363
19580516,13.078
19580517,13.308
19580518,14.169
19580519,13.575
19580520,12.126
19580521,12.523
19580522,11.622
19580523,10.834
19580524,8.1137
19580525,8.2621
19580526,10.835
19580527,11.565
19580528,8.8215
19580529,7.278
19580530,6.2726
19580531,4.9066
19580601,7.2205
19580602,6.1103
19580603,7.7497
19580604,10.718
19580605,9.0321
19580606,6.4871
19580607,10.131
19580608,12.214
19580609,13.319
19580610,14.692
19580611,15.43
19580612,14.195
19580613,12.233
19580614,14.533
19580615,14.498
19580616,15.473
19580617,14.727
19580618,11.925
19580619,12.656
19580620,13.038
19580621,14.941
19580622,17.054
19580623,17.751
19580624,20.11
19580625,18.04
19580626,17.509
19580627,15.699
19580628,12.845
19580629,11.86
19580630,11.003
19580701,11.852
19580702,14.289
19580703,13.932
19580704,15.256
19580705,15.722
19580706,15.74
19580707,16.495
19580708,13.881
19580709,13.16
19580710,13.986
19580711,14.727
19580712,14.814
19580713,14.217
19580714,15.731
19580715,18.94
19580716,11.656
19580717,9.6232
19580718,11.34
19580719,14.933
19580720,12.088
19580721,13.348
19580722,14.456
19580723,11.362
19580724,13.967
19580725,16.529
19580726,15.905
19580727,15.797
19580728,13.016
19580729,12.116
19580730,16.651
19580731,12.542
19580801,16.794
19580802,18.803
19580803,16.972
19580804,18.042
19580805,19.05
19580806,19.299
19580807,18.398
19580808,15.657
19580809,14.14
19580810,16.203
19580811,17.243
19580812,17.435
19580813,16.561
19580814,13.79
19580815,11.523
19580816,14.504
19580817,11.824
19580818,11.513
19580819,13.861
19580820,11.383
19580821,11.721
19580822,14.457
19580823,13.603
19580824,17.26
19580825,15.03
19580826,14.374
19580827,15.06
19580828,14.382
19580829,14.646
19580830,16.577
19580831,16.849
19580901,16.897
19580902,14.537
19580903,12.726
19580904,10.774
19580905,10.297
19580906,14.704
19580907,14.838
19580908,13.83
19580909,13.147
19580910,14.372
19580911,13.24
19580912,12.833
19580913,13.799
19580914,12.347
19580915,11.033
19580916,10.061
19580917,10.835
19580918,10.182
19580919,10.834
19580920,9.7329
19580921,13.771
19580922,9.9017
19580923,8.2125
19580924,10.262
19580925,8.0996
19580926,10.898
19580927,9.1608
19580928,8.5418
19580929,5.601
19580930,6.3811
19581001,4.8228
19581002,4.9675
19581003,11.671
19581004,8.3557
19581005,6.2992
19581006,6.5956
19581007,6.1662
19581008,8.6856
19581009,11.282
19581010,8.7114
19581011,6.2244
19581012,8.3349
19581013,6.8212
19581014,8.5112
19581015,8.8286
19581016,9.6501
19581017,8.4021
19581018,12.196
19581019,10.186
19581020,9.8321
19581021,5.3236
19581022,3.1276
19581023,3.1111
19581024,2.2971
19581025,0.98209
19581026,3.4759
19581027,3.5237
19581028,2.8322
19581029,3.1233
19581030,3.6526
19581031,2.6827
19581101,6.769
19581102,6.4531
19581103,5.3181
19581104,4.7968
19581105,4.3176
19581106,4.2527
19581107,6.7723
19581108,8.5425
19581109,2.3398
19581110,1.3014
19581111,3.263
19581112,3.5229
19581113,4.1904
19581114,3.5855
19581115,5.5113
19581116,4.0431
19581117,0.69004
19581118,2.7381
19581119,6.5518
19581120,4.2707
19581121,2.9251
19581122,2.5902
19581123,1.0236
19581124,2.7546
19581125,3.0128
19581126,1.037
19581127,2.3223
19581128,0.9599
19581129,0.079411
19581130,4.3254
19581201,1.9148
19581202,3.1509
19581203,6.2977
19581204,0.74758
19581205,-0.53152
19581206,1.247
19581207,-0.5329
19581208,-1.8
19581209,-0.2315
19581210,2.9246
19581211,1.7153
19581212,0.18311
19581213,-1.0341
19581214,-1.1965
19581215,-2.1556
19581216,0.50162
19581217,-0.21423
19581218,0.69568
19581219,0.56123
19581220,-1.0296
19581221,-1.4507
19581222,-0.71864
19581223,-1.5931
19581224,-1.4175
19581225,-2.406
19581226,-3.3402
19581227,-3.817
19581228,-2.4508
19581229,-4.0649
19581230,-3.3196
19581231,2.3935
19590101,-2.6561
19590102,-3.9373
19590103,-2.8688
19590104,5.1944
19590105,4.3772
19590106,0.66907
19590107,-1.1928
19590108,2.9416
19590109,0.4402
19590110,-0.98737
19590111,-3.1083
19590112,-1.7821
19590113,-2.6074
19590114,-2.7955
19590115,-2.897
19590116,-1.6991
19590117,-2.9178
19590118,-3.5035
19590119,-2.3588
19590120,-2.0121
19590121,1.2295
19590122,-1.9848
19590123,2.9095
19590124,1.6783
19590125,-2.282
19590126,-3.6335
19590127,-4.9894
19590128,-3.4355
19590129,-0.28477
19590130,0.26368
19590131,0.37374
19590201,-1.3027
19590202,-1.2431
19590203,3.5653
19590204,0.88055
19590205,1.3735
19590206,-0.00085042
19590207,-0.45817
19590208,-2.9074
19590209,-3.5529
19590210,-2.3646
19590211,-3.1185
19590212,-2.5887
19590213,-1.9011
19590214,-1.9634
19590215,-0.35639
19590216,0.30737
19590217,-1.2967
19590218,0.56018
19590219,0.39093
19590220,4.9952
19590221,2.4995
19590222,2.2479
19590223,1.0984
19590224,-1.2897
19590225,-0.51793
19590226,-0.21915
19590227,1.5342
19590228,0.20316
19590301,-1.4095
19590302,-2.5776
19590303,-1.9988
19590304,-1.4108
19590305,-1.4122
19590306,-1.4837
19590307,-1.6716
19590308,-1.391
19590309,-1.2031
19590310,0.052667
19590311,0.72203
19590312,-0.72921
19590313,2.6279
19590314,0.47492
19590315,0.7398
19590316,3.4262
19590317,1.2953
19590318,0.027877
19590319,1.038
19590320,-0.24686
19590321,-0.4402
19590322,1.0497
19590323,2.829
19590324,1.2295
19590325,-0.17006
19590326,0.22898
19590327,1.4126
19590328,-1.2518
19590329,0.9533
19590330,0.8236
19590331,-0.33236
19590401,0.53462
19590402,4.7367
19590403,6.6312
19590404,5.4219
19590405,5.9526
19590406,4.2882
19590407,4.5556
19590408,4.7921
19590409,6.4456
19590410,8.0599
19590411,6.3235
19590412,5.0884
19590413,3.5446
19590414,4.0805
19590415,4.5364
19590416,4.6276
19590417,7.3612
19590418,9.7227
19590419,5.9456
19590420,4.2621
19590421,9.7221
19590422,8.4976
19590423,7.0352
19590424,6.6872
19590425,6.1232
19590426,10.052
19590427,9.2046
19590428,8.6745
19590429,7.7396
19590430,6.3725
19590501,8.0738
19590502,5.6694
19590503,5.9133
19590504,7.6773
19590505,7.8745
19590506,8.1819
19590507,8.1515
19590508,7.91
19590509,5.3822
19590510,8.1976
19590511,6.6554
19590512,5.5928
19590513,8.1726
19590514,10.463
19590515,10.667
19590516,10.075
19590517,11.244
19590518,11.769
19590519,12.937
19590520,13.151
19590521,12.432
19590522,10.811
19590523,9.6423
19590524,9.6488
19590525,9.3407
19590526,10.569
19590527,10.869
19590528,13.074
19590529,14.092
19590530,13.24
19590531,15.852
19590601,13.375
19590602,11.919
19590603,11.483
19590604,15.134
19590605,13.266
19590606,11.917
19590607,13.529
19590608,12.122
19590609,12.238
19590610,12.958
19590611,13.727
19590612,12.834
19590613,12.77
19590614,10.321
19590615,13.534
19590616,15.816
19590617,14.777
19590618,15.885
19590619,15.965
19590620,15.336
19590621,14.481
19590622,14.333
19590623,13.833
19590624,15.575
19590625,15.744
19590626,10.399
19590627,9.5467
19590628,11.842
19590629,14.508
19590630,13.509
19590701,14.413
19590702,16.19
19590703,15.809
19590704,16.277
19590705,16.637
19590706,14.823
19590707,15.564
19590708,14.162
19590709,16.045
19590710,15.951
19590711,15.738
19590712,15.821
19590713,14.925
19590714,15.815
19590715,15.307
19590716,14.843
19590717,15.993
19590718,18.48
19590719,16.858
19590720,16.652
19590721,18.016
19590722,17.285
19590723,19.658
19590724,19.567
19590725,19.058
19590726,17.382
19590727,15.185
19590728,16.901
19590729,16.096
19590730,14.812
19590731,13.115
19590801,11.522
19590802,12.821
19590803,16.543
19590804,17.044
19590805,17.491
19590806,17.219
19590807,16.618
19590808,17.719
19590809,18.448
19590810,19.642
19590811,21.182
19590812,19.255
19590813,19.509
19590814,20.847
19590815,21.677
19590816,21.706
19590817,18.63
19590818,16.96
19590819,16.825
19590820,14.797
19590821,14.807
19590822,14.692
19590823,16.245
19590824,17.136
19590825,15.75
19590826,14.852
19590827,15.028
19590828,13.07
19590829,12.258
19590830,13.647
19590831,14.543
19590901,14.27
19590902,14.446
19590903,12.61
19590904,13.799
19590905,13.164
19590906,13.14
19590907,18.625
19590908,17.405
19590909,14.784
19590910,13.263
19590911,15.108
19590912,15.347
19590913,13.177
19590914,12.904
19590915,11.732
19590916,15.715
19590917,14.184
19590918,13.632
19590919,12.734
19590920,16.315
19590921,12.047
19590922,12.019
19590923,9.8791
19590924,8.5876
19590925,8.1416
19590926,9.6972
19590927,12.309
19590928,11.129
19590929,10.41
19590930,9.8995
19591001,7.9895
19591002,10.335
19591003,8.3875
19591004,9.4275
19591005,10.088
19591006,8.446
19591007,8.9991
19591008,9.5654
19591009,11.475
19591010,10.892
19591011,12.754
19591012,8.8186
19591013,9.7685
19591014,11.319
19591015,8.3979
19591016,5.425
19591017,5.3856
19591018,6.5243
19591019,4.7204
19591020,5.6866
19591021,6.0403
19591022,7.2151
19591023,5.508
19591024,4.2043
19591025,2.791
19591026,4.4432
19591027,4.5587
19591028,2.6984
19591029,1.7105
19591030,2.5036
19591031,5.1778
19591101,5.4064
19591102,6.6241
19591103,5.248
19591104,4.6105
19591105,6.8407
19591106,4.2332
19591107,3.1358
19591108,1.6305
19591109,7.525
19591110,8.4501
19591111,4.712
19591112,2.7121
19591113,3.0748
19591114,4.8951
19591115,4.1036
19591116,1.4708
19591117,0.90655
19591118,2.6217
19591119,0.42679
19591120,0.45864
19591121,2.3444
19591122,1.1127
19591123,3.9286
19591124,2.0535
19591125,4.2459
19591126,3.5043
19591127,1.9049
19591128,-0.20343
19591129,3.2429
19591130,0.89931
19591201,4.6111
19591202,5.5128
19591203,1.3484
19591204,-0.025295
19591205,2.4608
19591206,-0.25403
19591207,-2.1079
19591208,-1.0795
19591209,1.7697
19591210,2.2357
19591211,0.82463
19591212,3.736
19591213,2.0094
19591214,2.5995
19591215,3.6308
19591216,3.5028
19591217,1.8189
19591218,0.45619
19591219,1.9624
19591220,1.558
19591221,-3.6317
19591222,-4.3735
19591223,-3.1498
19591224,-2.3655
19591225,-0.44976
19591226,-0.92499
19591227,4.2317
19591228,1.7416
19591229,0.016636
19591230,0.16922
19591231,-2.3508
19600101,-2.5878
19600102,-2.343
19600103,-4.9464
19600104,-5.4551
19600105,-3.3788
19600106,-5.0462
19600107,-5.545
19600108,-5.4249
19600109,-2.8996
19600110,-2.9038
19600111,-4.7183
19600112,-2.7384
19600113,-3.7083
19600114,-5.3026
19600115,-5.9822
19600116,-5.351
19600117,-5.3206
19600118,-4.8574
19600119,-4.5615
19600120,-4.5892
19600121,-4.4116
19600122,-2.5814
19600123,-2.4568
19600124,-4.3481
19600125,0.17448
19600126,-2.6367
19600127,-5.8218
19600128,-6.2929
19600129,-0.10897
19600130,-0.071702
19600131,-0.62778
19600201,1.6059
19600202,-0.61107
19600203,0.061344
19600204,0.59162
19600205,4.128
19600206,1.5599
19600207,-0.81626
19600208,-3.05
19600209,-1.6776
19600210,3.8721
19600211,-0.065059
19600212,-2.0217
19600213,-0.51863
19600214,0.22641
19600215,1.7469
19600216,0.76396
19600217,2.1947
19600218,1.9414
19600219,1.1083
19600220,-0.48003
19600221,-1.1987
19600222,1.594
19600223,1.9639
19600224,0.59707
19600225,-0.23425
19600226,-1.8426
19600227,-1.7813
19600228,-3.7205
19600229,-3.7531
19600301,3.1931
19600302,-1.993
19600303,-2.8156
19600304,1.8299
19600305,0.37609
19600306,-1.396
19600307,-2.7484
19600308,-2.2848
19600309,-4.0655
19600310,-1.486
19600311,-1.431
19600312,-1.8278
19600313,-2.7926
19600314,-1.5417
19600315,0.85335
19600316,3.8699
19600317,-0.43671
19600318,-1.2904
19600319,-1.4349
19600320,4.8864
19600321,3.7058
19600322,1.276
19600323,-0.25627
19600324,-1.0408
19600325,3.5061
19600326,0.092381
19600327,5.4796
19600328,4.1874
19600329,1.7572
19600330,3.0289
19600331,3.7311
19600401,3.314
19600402,0.89391
19600403,1.4935
19600404,3.3991
19600405,0.81267
19600406,1.3686
19600407,4.3321
19600408,2.7711
19600409,0.76385
19600410,2.2413
19600411,0.011458
19600412,5.2857
19600413,0.63886
19600414,-1.3477
19600415,-0.3278
19600416,0.34973
19600417,1.4734
19600418,2.6787
19600419,2.1976
19600420,0.37503
19600421,5.6146
19600422,7.855
19600423,5.8484
19600424,2.6237
19600425,4.2281
19600426,2.0668
19600427,6.1661
19600428,11.754
19600429,7.37
19600430,5.6499
19600501,9.1975
19600502,7.3297
19600503,9.3512
19600504,9.5406
19600505,9.3204
19600506,8.8954
19600507,9.1116
19600508,7.0119
19600509,6.6983
19600510,7.3904
19600511,9.4027
19600512,9.3404
19600513,9.3523
19600514,11.136
19600515,11.957
19600516,8.316
19600517,8.5276
19600518,8.8864
19600519,11.421
19600520,9.8627
19600521,7.0036
19600522,5.3181
19600523,6.8263
19600524,7.4122
19600525,7.3474
19600526,6.2598
19600527,9.5441
19600528,8.9391
19600529,6.4439
19600530,6.5942
19600531,8.0679
19600601,9.9111
19600602,13.069
19600603,14.459
19600604,13.355
19600605,13.325
19600606,9.831
19600607,9.2273
19600608,9.776
19600609,12.244
19600610,11.003
19600611,12.423
19600612,14.663
19600613,14.474
19600614,12.994
19600615,11.309
19600616,8.8453
19600617,11.59
19600618,13.311
19600619,11.915
19600620,13.24
19600621,13.717
19600622,15.409
19600623,10.666
19600624,8.7134
19600625,12.065
19600626,11.356
19600627,15.115
19600628,13.79
19600629,14.876
19600630,15.125
19600701,13.328
19600702,17.271
19600703,16.879
19600704,16.373
19600705,16.328
19600706,17.496
19600707,17.914
19600708,18.717
19600709,19.212
19600710,18.749
19600711,17.977
19600712,16.458
19600713,17.959
19600714,16.143
19600715,14.98
19600716,13.659
19600717,15.979
19600718,18.417
19600719,17.664
19600720,19.233
19600721,18.117
19600722,18.108
19600723,18.112
19600724,20.71
19600725,20.495
19600726,18.601
19600727,17.539
19600728,18.465
19600729,18.501
19600730,18.992
19600731,16.906
19600801,18.123
19600802,14.842
19600803,13.463
19600804,16.244
19600805,17.073
19600806,17.529
19600807,15.465
19600808,14.916
19600809,15.579
19600810,16.022
19600811,17.669
19600812,15.489
19600813,13.545
19600814,16.113
19600815,13.235
19600816,13.067
19600817,12.484
19600818,15.183
19600819,15.962
19600820,13.416
19600821,11.373
19600822,13.243
19600823,14.783
19600824,14.911
19600825,14.142
19600826,14.219
19600827,15.88
19600828,14.511
19600829,12.044
19600830,12.267
19600831,12.794
19600901,18.061
19600902,16.501
19600903,17.371
19600904,15.893
19600905,14.632
19600906,14.831
19600907,15.046
19600908,14.648
19600909,14.563
19600910,15.346
19600911,14.899
19600912,13.964
19600913,15.155
19600914,15.347
19600915,12.141
19600916,10.602
19600917,9.6893
19600918,11.024
19600919,10.816
19600920,10.239
19600921,10.607
19600922,10.779
19600923,11.503
19600924,10.884
19600925,13.823
19600926,13.724
19600927,11.62
19600928,12.257
19600929,10.979
19600930,12.66
19601001,14.455
19601002,14.117
19601003,11.92
19601004,9.8632
19601005,8.8524
19601006,8.597
19601007,7.6845
19601008,7.8247
19601009,11.322
19601010,9.3535
19601011,9.2216
19601012,8.5856
19601013,7.7122
19601014,7.6476
19601015,12.127
19601016,10.707
19601017,10.909
19601018,10.974
19601019,9.254
19601020,8.3038
19601021,7.5367
19601022,5.8216
19601023,7.9378
19601024,9.4258
19601025,9.4699
19601026,8.3824
19601027,7.3887
19601028,6.2299
19601029,7.0487
19601030,5.7189
19601031,5.4241
19601101,9.4638
19601102,12.276
19601103,12.245
19601104,7.8732
19601105,4.6359
19601106,5.4869
19601107,4.2018
19601108,4.2772
19601109,7.0258
19601110,3.6678
19601111,6.3329
19601112,5.6707
19601113,3.1639
19601114,11.024
19601115,9.0525
19601116,8.3819
19601117,9.9014
19601118,9.8157
19601119,5.4769
19601120,4.326
19601121,2.8561
19601122,0.59665
19601123,1.3857
19601124,2.7123
19601125,7.8398
19601126,7.7484
19601127,5.4477
19601128,7.0862
19601129,6.3495
19601130,4.092
19601201,3.8214
19601202,6.6792
19601203,3.1098
19601204,2.5367
19601205,2.3715
19601206,1.1385
19601207,6.6544
19601208,8.0036
19601209,2.5421
19601210,-0.0097412
19601211,-0.10706
19601212,0.52742
19601213,1.3948
19601214,0.95985
19601215,-1.8843
19601216,-1.2658
19601217,-0.71922
19601218,-0.52841
19601219,2.005
19601220,8.0839
19601221,8.2365
19601222,6.3064
19601223,2.7587
19601224,7.7283
19601225,7.1527
19601226,6.6569
19601227,7.0677
19601228,4.1679
19601229,4.1419
19601230,2.5741
19601231,2.0039
19610101,6.3847
19610102,4.8891
19610103,5.1941
19610104,5.1773
19610105,7.0281
19610106,8.5945
19610107,3.1001
19610108,-0.31519
19610109,-2.3467
19610110,2.0521
19610111,0.23789
19610112,-0.17264
19610113,-0.061814
19610114,-0.093197
19610115,-1.1088
19610116,-2.6938
19610117,-5.3637
19610118,-7.4583
19610119,-8.1393
19610120,-6.1897
19610121,-1.775
19610122,1.9285
19610123,-2.1176
19610124,-4.2302
19610125,2.3028
19610126,-1.2401
19610127,-3.7891
19610128,-3.6049
19610129,-1.3034
19610130,8.7377
19610131,8.2098
19610201,5.4622
19610202,2.8965
19610203,2.8524
19610204,1.7344
19610205,-1.3776
19610206,1.1625
19610207,-0.21256
19610208,6.043
19610209,5.8246
19610210,0.36987
19610211,-1.6295
19610212,-2.9765
19610213,-0.85112
19610214,4.3286
19610215,4.5659
19610216,4.8312
19610217,1.1115
19610218,1.2964
19610219,-0.15148
19610220,-1.8293
19610221,-1.3311
19610222,-1.3333
19610223,1.814
19610224,-0.71824
19610225,-2.352
19610226,0.74675
19610227,-0.66741
19610228,-0.45047
19610301,0.7151
19610302,3.0959
19610303,-0.030442
19610304,-0.24633
19610305,1.2354
19610306,0.86876
19610307,1.009
19610308,1.2168
19610309,-0.71794
19610310,-2.7043
19610311,-3.5919
19610312,1.2471
19610313,0.32137
19610314,-0.11853
19610315,1.284
19610316,-0.87768
19610317,6.563
19610318,5.0076
19610319,4.4645
19610320,6.9138
19610321,3.7979
19610322,3.0215
19610323,3.2892
19610324,5.3789
19610325,4.8553
19610326,1.1794
19610327,-0.40992
19610328,4.5515
19610329,0.87692
19610330,-0.60991
19610331,-2.357
19610401,0.4138
19610402,4.9281
19610403,4.23
19610404,2.1261
19610405,5.6448
19610406,3.0927
19610407,3.3019
19610408,2.8535
19610409,2.2339
19610410,1.5279
19610411,-0.77462
19610412,2.2795
19610413,1.6139
19610414,-0.80388
19610415,0.46946
19610416,0.73426
19610417,0.60173
19610418,0.37525
19610419,0.16101
19610420,3.5423
19610421,3.5605
19610422,3.82
19610423,1.9343
19610424,4.5347
19610425,9.4619
19610426,8.2214
19610427,10.677
19610428,9.0927
19610429,8.6113
19610430,8.4266
19610501,9.0703
19610502,10.195
19610503,10.671
19610504,10.721
19610505,10.865
19610506,11.093
19610507,10.208
19610508,11.805
19610509,10.899
19610510,10.552
19610511,11.386
19610512,11.137
19610513,11.082
19610514,9.2297
19610515,7.3548
19610516,7.9696
19610517,9.2384
19610518,12.003
19610519,10.363
19610520,11.297
19610521,12.212
19610522,10.297
19610523,8.4309
19610524,6.3578
19610525,5.6691
19610526,5.7233
19610527,5.6482
19610528,7.4403
19610529,9.6079
19610530,10.284
19610531,11.033
19610601,8.8466
19610602,12.17
19610603,12.162
19610604,12.354
19610605,14.196
19610606,12.728
19610607,11.627
19610608,11.037
19610609,12.674
19610610,15.248
19610611,13.409
19610612,12.833
19610613,13.535
19610614,13.697
19610615,10.952
19610616,12.417
19610617,15.316
19610618,17.439
19610619,14.313
19610620,16.638
19610621,15.666
19610622,16.213
19610623,15.83
19610624,13.681
19610625,12.339
19610626,14.201
19610627,16.907
19610628,14.946
19610629,13.127
19610630,14.928
19610701,13.302
19610702,12.748
19610703,12.615
19610704,13.988
19610705,14.546
19610706,15.585
19610707,15.424
19610708,13.596
19610709,11.687
19610710,11.462
19610711,12.437
19610712,14.318
19610713,14.989
19610714,13.409
19610715,15.045
19610716,14.976
19610717,16.9
19610718,17.671
19610719,19.659
19610720,19.981
19610721,19.28
19610722,17.719
19610723,17.832
19610724,21.579
19610725,20.223
19610726,18.217
19610727,17.678
19610728,16.689
19610729,17.114
19610730,15.637
19610731,14.884
19610801,16.076
19610802,17.68
19610803,17.347
19610804,16.728
19610805,19.151
19610806,17.597
19610807,18.655
19610808,17.249
19610809,17.414
19610810,18.117
19610811,17.609
19610812,18.1
19610813,18.609
19610814,18.862
19610815,18.967
19610816,17.668
19610817,16.748
19610818,21.194
19610819,18.635
19610820,17.62
19610821,17.017
19610822,15.513
19610823,17.812
19610824,15.179
19610825,17.24
19610826,16.377
19610827,17.924
19610828,14.898
19610829,13.657
19610830,15.355
19610831,16.431
19610901,13.057
19610902,10.908
19610903,10.888
19610904,9.6457
19610905,10.407
19610906,10.217
19610907,13.001
19610908,15.144
19610909,13.896
19610910,11.917
19610911,12.779
19610912,15.016
19610913,14.644
19610914,17.05
19610915,17.101
19610916,16.366
19610917,14.64
19610918,14.877
19610919,14.315
19610920,13.744
19610921,11.115
19610922,8.1759
19610923,9.5436
19610924,9.5359
19610925,7.9127
19610926,9.7503
19610927,9.7489
19610928,14.539
19610929,14.97
19610930,14.532
19611001,12.841
19611002,9.5119
19611003,9.4026
19611004,8.5964
19611005,6.9666
19611006,7.5118
19611007,6.827
19611008,6.5524
19611009,9.1155
19611010,5.6177
19611011,3.6413
19611012,3.555
19611013,5.6045
19611014,4.4281
19611015,5.5854
19611016,3.8778
19611017,4.4251
19611018,3.0907
19611019,3.2546
19611020,3.3888
19611021,4.3352
19611022,5.3563
19611023,5.3377
19611024,5.2657
19611025,6.3728
19611026,6.1903
19611027,6.5215
19611028,7.1782
19611029,11.057
19611030,8.0642
19611031,5.8107
19611101,3.7239
19611102,1.9768
19611103,1.4955
19611104,2.5202
19611105,3.2917
19611106,1.0294
19611107,-0.21705
19611108,-2.4036
19611109,-3.2964
19611110,5.4278
19611111,8.1122
19611112,6.999
19611113,6.924
19611114,9.9015
19611115,7.1539
19611116,5.464
19611117,3.7992
19611118,1.7888
19611119,2.2719
19611120,1.9235
19611121,1.737
19611122,-0.18939
19611123,0.8354
19611124,0.80252
19611125,0.046899
19611126,-1.6349
19611127,-3.1342
19611128,-3.0588
19611129,-3.0179
19611130,-1.7525
19611201,-2.5218
19611202,-2.4368
19611203,-1.9556
19611204,4.6531
19611205,0.46583
19611206,-1.0247
19611207,-1.7289
19611208,-1.7109
19611209,-2.1053
19611210,-0.39417
19611211,1.5211
19611212,-0.42122
19611213,-0.75184
19611214,-2.0007
19611215,0.33063
19611216,4.6375
19611217,4.1504
19611218,1.3875
19611219,1.309
19611220,0.042759
19611221,0.79228
19611222,-0.0059469
19611223,0.36169
19611224,-0.91893
19611225,-1.833
19611226,-1.3663
19611227,-2.4388
19611228,-2.398
19611229,-2.3967
19611230,0.7768
19611231,-0.94988
19620101,-3.2919
19620102,-3.8271
19620103,-2.0563
19620104,-3.7985
19620105,-2.0397
19620106,-3.8856
19620107,0.72385
19620108,1.3183
19620109,0.22808
19620110,-1.5894
19620111,-2.2937
19620112,-4.45
19620113,-4.6231
19620114,-2.7382
19620115,-3.3358
19620116,-0.97561
19620117,-0.61552
19620118,-0.30132
19620119,-0.97076
19620120,-3.0875
19620121,-4.3506
19620122,-4.7859
19620123,-3.3315
19620124,-3.5319
19620125,-4.6886
19620126,-4.5002
19620127,-2.5429
19620128,3.4411
19620129,2.2205
19620130,-0.92997
19620131,-2.765
19620201,-2.8617
19620202,-2.6314
19620203,-2.9476
19620204,-3.2823
19620205,-2.8714
19620206,-1.8101
19620207,2.7692
19620208,-0.2357
19620209,-0.41638
19620210,-1.6055
19620211,-3.8743
19620212,-3.7683
19620213,-2.8401
19620214,-4.1334
19620215,-5.7762
19620216,-5.6169
19620217,-4.2277
19620218,-4.0354
19620219,-1.1114
19620220,-1.0382
19620221,-4.1079
19620222,-5.0729
19620223,-3.6714
19620224,-1.6591
19620225,-0.16526
19620226,2.5079
19620227,2.0933
19620228,-2.4244
19620301,-1.3771
19620302,0.51571
19620303,-0.1118
19620304,-0.61629
19620305,-1.6694
19620306,-1.9873
19620307,-0.66158
19620308,-0.6674
19620309,-0.33067
19620310,-2.8248
19620311,-2.6073
19620312,-1.4577
19620313,-0.70772
19620314,-1.2354
19620315,2.7629
19620316,0.41124
19620317,0.7911
19620318,-0.059007
19620319,0.38779
19620320,2.4873
19620321,2.1556
19620322,-0.1987
19620323,-0.3865
19620324,0.4466
19620325,-1.7009
19620326,6.1596
19620327,3.4958
19620328,4.2331
19620329,2.4173
19620330,1.1361
19620331,0.49822
19620401,2.3531
19620402,1.5684
19620403,0.57161
19620404,5.1904
19620405,3.6483
19620406,5.546
19620407,2.6744
19620408,1.2685
19620409,1.8522
19620410,5.7461
19620411,7.4131
19620412,4.9337
19620413,3.0042
19620414,5.3809
19620415,2.6632
19620416,3.8622
19620417,5.0398
19620418,4.7695
19620419,6.5537
19620420,2.0315
19620421,0.062067
19620422,0.25709
19620423,2.9764
19620424,3.4975
19620425,4.9438
19620426,3.3388
19620427,2.6107
19620428,2.4745
19620429,4.0449
19620430,5.3494
19620501,6.7074
19620502,6.8008
19620503,6.7639
19620504,7.0918
19620505,7.2836
19620506,7.4805
19620507,9.4449
19620508,10.964
19620509,11.099
19620510,9.5689
19620511,8.0079
19620512,8.3485
19620513,8.1075
19620514,10.746
19620515,6.7597
19620516,4.9623
19620517,5.996
19620518,9.1033
19620519,10.898
19620520,9.0606
19620521,8.4102
19620522,6.3643
19620523,10.652
19620524,10.635
19620525,12.534
19620526,14.639
19620527,14.994
19620528,15.122
19620529,14.028
19620530,13.411
19620531,10.095
19620601,9.521
19620602,8.7657
19620603,12.004
19620604,13.155
19620605,10.725
19620606,10.574
19620607,12.715
19620608,13.678
19620609,12.222
19620610,12.047
19620611,11.307
19620612,10.755
19620613,7.6672
19620614,9.3559
19620615,12.079
19620616,9.8075
19620617,12.768
19620618,12.406
19620619,13.41
19620620,11.671
19620621,12.014
19620622,15.696
19620623,13.407
19620624,15.575
19620625,14.997
19620626,13.855
19620627,14.817
19620628,14.975
19620629,11.93
19620630,12.844
19620701,11.332
19620702,11.467
19620703,11.782
19620704,15.199
19620705,15.346
19620706,16.629
19620707,18.448
19620708,22.395
19620709,22.632
19620710,20.698
19620711,21.956
19620712,20.291
19620713,20.63
19620714,20.352
19620715,21.124
19620716,18.929
19620717,17.515
19620718,19.081
19620719,17.943
19620720,18.985
19620721,16.813
19620722,19.046
19620723,19.199
19620724,18.029
19620725,16.724
19620726,18.114
19620727,15.617
19620728,13.857
19620729,15.171
19620730,15.176
19620731,12.242
19620801,13.783
19620802,16.137
19620803,18.284
19620804,19.239
19620805,16.65
19620806,17.863
19620807,15.43
19620808,15.232
19620809,14.547
19620810,12.606
19620811,13.067
19620812,14.854
19620813,15.734
19620814,12.337
19620815,13.98
19620816,18.521
19620817,15.127
19620818,17.406
19620819,18.541
19620820,18.738
19620821,15.924
19620822,13.72
19620823,13.76
19620824,15.553
19620825,16.938
19620826,16.587
19620827,13.961
19620828,14.144
19620829,14.849
19620830,12.195
19620831,13.216
19620901,10.134
19620902,13.254
19620903,12.504
19620904,9.5614
19620905,8.3693
19620906,12.348
19620907,10.394
19620908,9.7374
19620909,10.636
19620910,11.227
19620911,10.54
19620912,8.13
19620913,9.4913
19620914,15.522
19620915,12.581
19620916,9.193
19620917,9.7798
19620918,16.635
19620919,10.904
19620920,8.7881
19620921,8.9843
19620922,6.8682
19620923,6.7852
19620924,11.796
19620925,13.309
19620926,12.031
19620927,10.442
19620928,12.243
19620929,12.664
19620930,12.059
19621001,11.889
19621002,11.872
19621003,12.113
19621004,10.687
19621005,10.185
19621006,11.686
19621007,9.6394
19621008,12.732
19621009,11.884
19621010,12.753
19621011,13.841
19621012,9.1151
19621013,7.8137
19621014,9.8894
19621015,7.4414
19621016,9.7109
19621017,9.9733
19621018,8.0511
19621019,5.8454
19621020,4.6495
19621021,8.0403
19621022,11.38
19621023,10.352
19621024,9.5779
19621025,8.902
19621026,9.4721
19621027,6.3922
19621028,6.9555
19621029,7.1096
19621030,6.6647
19621031,11.366
19621101,4.7067
19621102,2.296
19621103,1.8731
19621104,2.4374
19621105,2.6879
19621106,4.5292
19621107,4.4442
19621108,3.6176
19621109,3.7742
19621110,2.6951
19621111,3.8586
19621112,5.1399
19621113,7.9896
19621114,2.0747
19621115,0.68309
19621116,-1.0009
19621117,-2.2611
19621118,0.33299
19621119,7.3661
19621120,4.1268
19621121,-0.043728
19621122,-1.9571
19621123,-2.4579
19621124,4.2819
19621125,6.7484
19621126,3.0486
19621127,1.1234
19621128,1.3666
19621129,8.7116
19621130,8.9501
19621201,9.2331
19621202,8.797
19621203,3.1249
19621204,-0.39455
19621205,-2.4046
19621206,-3.1138
19621207,-2.3181
19621208,-3.3398
19621209,-3.1327
19621210,-2.4545
19621211,-2.9388
19621212,-3.0879
19621213,-2.8243
19621214,-2.58
19621215,-1.8219
19621216,-0.8039
19621217,-1.5805
19621218,-2.31
19621219,-2.2839
19621220,-1.8067
19621221,-1.4447
19621222,0.30087
19621223,-2.556
19621224,-3.9498
19621225,-3.2748
19621226,-2.2511
19621227,1.3953
19621228,0.5915
19621229,-0.96958
19621230,2.5551
19621231,-0.37314
19630101,-1.5841
19630102,-0.35872
19630103,-1.0948
19630104,-2.6067
19630105,-3.556
19630106,1.8528
19630107,2.5179
19630108,-0.77359
19630109,-2.428
19630110,-2.8634
19630111,-1.0035
19630112,0.61285
19630113,0.58758
19630114,2.4972
19630115,2.024
19630116,0.58996
19630117,4.737
19630118,4.7573
19630119,1.3888
19630120,-0.21902
19630121,0.48239
19630122,2.2452
19630123,0.56445
19630124,-1.022
19630125,-1.9911
19630126,-1.4367
19630127,-0.61983
19630128,1.5914
19630129,-0.060563
19630130,-1.8047
19630131,-1.0775
19630201,2.1469
19630202,0.51704
19630203,-1.7627
19630204,-2.9554
19630205,-1.4648
19630206,-2.2329
19630207,5.7235
19630208,6.2486
19630209,1.9848
19630210,0.29083
19630211,-0.8196
19630212,6.2873
19630213,5.2896
19630214,3.0138
19630215,7.2834
19630216,4.3069
19630217,2.4356
19630218,0.30082
19630219,4.2696
19630220,-0.33269
19630221,-3.33
19630222,-1.0216
19630223,-1.5483
19630224,1.4368
19630225,1.7301
19630226,-1.4842
19630227,-2.9401
19630228,-0.36166
19630301,-0.016547
19630302,4.5392
19630303,0.87164
19630304,-0.78633
19630305,2.0016
19630306,-1.334
19630307,-1.6203
19630308,1.0821
19630309,0.46267
19630310,2.9406
19630311,5.3212
19630312,3.4756
19630313,2.3184
19630314,0.58096
19630315,2.3821
19630316,1.0254
19630317,2.6843
19630318,0.93124
19630319,0.66884
19630320,1.9309
19630321,1.9575
19630322,2.7037
19630323,1.4971
19630324,1.5258
19630325,0.18859
19630326,4.5661
19630327,2.4054
19630328,2.2858
19630329,1.5491
19630330,2.406
19630331,4.0064
19630401,6.2345
19630402,8.3366
19630403,8.3456
19630404,7.6629
19630405,4.8696
19630406,2.3717
19630407,5.4042
19630408,5.319
19630409,6.302
19630410,2.3735
19630411,0.98581
19630412,-0.37362
19630413,2.6702
19630414,2.313
19630415,1.929
19630416,7.5675
19630417,6.9414
19630418,6.4942
19630419,9.5522
19630420,4.8575
19630421,2.7764
19630422,4.9808
19630423,2.5458
19630424,5.4569
19630425,3.0453
19630426,9.6638
19630427,6.178
19630428,2.0586
19630429,2.9381
19630430,5.192
19630501,7.8548
19630502,7.2914
19630503,6.2519
19630504,8.0642
19630505,10.31
19630506,9.7132
19630507,7.2582
19630508,7.6139
19630509,7.5294
19630510,7.9322
19630511,9.3371
19630512,7.7557
19630513,8.4218
19630514,9.1033
19630515,7.3779
19630516,11.242
19630517,7.7873
19630518,9.4371
19630519,11.664
19630520,11.589
19630521,9.1136
19630522,7.386
19630523,10.609
19630524,11.746
19630525,10.93
19630526,11.788
19630527,9.9911
19630528,8.9437
19630529,6.154
19630530,7.4595
19630531,7.9417
19630601,12.228
19630602,8.9988
19630603,8.6297
19630604,10.225
19630605,12.726
19630606,10.797
19630607,10.937
19630608,13.302
19630609,12.779
19630610,12.502
19630611,12.325
19630612,11.104
19630613,11.385
19630614,11.781
19630615,13.056
19630616,14.691
19630617,13.438
19630618,13.056
19630619,16.553
19630620,15.17
19630621,15.308
19630622,16.399
19630623,15.554
19630624,14.709
19630625,14.813
19630626,15.688
19630627,17.053
19630628,14.725
19630629,15.564
19630630,14.149
19630701,15.376
19630702,15.708
19630703,16.006
19630704,16.474
19630705,17.179
19630706,17.514
19630707,17.475
19630708,17.5
19630709,15.942
19630710,15.691
19630711,15.91
19630712,14.282
19630713,14.444
19630714,13.282
19630715,13.087
19630716,13.858
19630717,13.317
19630718,13.712
19630719,14.382
19630720,14.919
19630721,14.079
19630722,18.497
19630723,16.895
19630724,16.416
19630725,13.968
19630726,13.418
19630727,13.936
19630728,12.066
19630729,13.603
19630730,15.833
19630731,10.991
19630801,11.008
19630802,9.5361
19630803,13.512
19630804,16.198
19630805,14.149
19630806,13.238
19630807,13.03
19630808,13.579
19630809,15.353
19630810,17.559
19630811,16.818
19630812,16.465
19630813,17.849
19630814,18.487
19630815,17.327
19630816,14.393
19630817,13.09
19630818,14.404
19630819,12.595
19630820,10.819
19630821,13.462
19630822,15.864
19630823,16.813
19630824,18.12
19630825,18.843
19630826,18.144
19630827,18.983
19630828,19.989
19630829,17.825
19630830,17.028
19630831,17.002
19630901,19.504
19630902,19.742
19630903,17.41
19630904,16.536
19630905,16.872
19630906,16.844
19630907,15.448
19630908,15.697
19630909,16.28
19630910,16.074
19630911,15.724
19630912,16.159
19630913,16.581
19630914,16.15
19630915,13.089
19630916,11.218
19630917,11.699
19630918,14.029
19630919,14.256
19630920,13.373
19630921,13.082
19630922,13.412
19630923,14.271
19630924,13.242
19630925,12.637
19630926,13.339
19630927,14.045
19630928,15.108
19630929,11.709
19630930,9.0043
19631001,6.9002
19631002,6.2103
19631003,5.6851
19631004,8.8305
19631005,12.853
19631006,11.169
19631007,13.269
19631008,11.735
19631009,10.915
19631010,12.948
19631011,12.616
19631012,13.114
19631013,12.096
19631014,10.883
19631015,11.393
19631016,10.234
19631017,11.827
19631018,10.429
19631019,8.8989
19631020,8.1907
19631021,11.466
19631022,10.838
19631023,11.766
19631024,12.628
19631025,12.21
19631026,9.5425
19631027,7.3263
19631028,6.1588
19631029,0.34598
19631030,-1.3999
19631031,-2.2023
19631101,-1.6711
19631102,5.0344
19631103,10.837
19631104,12.593
19631105,8.4625
19631106,6.2686
19631107,4.9729
19631108,3.6416
19631109,1.4757
19631110,-0.47237
19631111,-1.1668
19631112,-1.6808
19631113,-3.7072
19631114,-5.0234
19631115,-5.0597
19631116,-3.7718
19631117,-0.22671
19631118,0.64502
19631119,-1.0462
19631120,-0.12954
19631121,1.7845
19631122,2.2442
19631123,-2.1329
19631124,-3.5327
19631125,-4.0143
19631126,-1.6476
19631127,-0.11468
19631128,6.3134
19631129,7.5438
19631130,7.0842
19631201,6.7018
19631202,8.7319
19631203,8.6937
19631204,10.4
19631205,10.303
19631206,9.4435
19631207,4.273
19631208,3.386
19631209,4.4457
19631210,1.55
19631211,-0.10455
19631212,0.40292
19631213,3.3778
19631214,1.8339
19631215,2.6629
19631216,4.0801
19631217,4.0077
19631218,-2.3693
19631219,-5.6597
19631220,-7.2654
19631221,-4.077
19631222,-1.9851
19631223,-3.1675
19631224,-1.3766
19631225,3.7733
19631226,5.3667
19631227,2.1961
19631228,-0.8996
19631229,3.7843
19631230,-0.4998
19631231,-1.1634
19640101,-0.74531
19640102,-1.9551
19640103,-1.3168
19640104,4.1149
19640105,3.9984
19640106,1.4906
19640107,0.84881
19640108,0.65712
19640109,3.229
19640110,1.1507
19640111,-0.30967
19640112,-0.25494
19640113,1.185
19640114,2.4549
19640115,3.5886
19640116,1.2181
19640117,0.24524
19640118,-0.4076
19640119,-2.2011
19640120,-1.909
19640121,-0.35632
19640122,-1.1344
19640123,-1.7671
19640124,-1.6148
19640125,0.057703
19640126,0.029118
19640127,5.1445
19640128,7.9641
19640129,6.6668
19640130,0.76897
19640131,-0.70921
19640201,-1.3634
19640202,-1.0378
19640203,-1.4816
19640204,2.9099
19640205,0.43616
19640206,-0.84522
19640207,-2.1964
19640208,-2.658
19640209,-1.4145
19640210,-1.9957
19640211,-5.0014
19640212,-5.585
19640213,-5.4208
19640214,-3.6732
19640215,-2.5203
19640216,-2.5552
19640217,-2.4352
19640218,3.0913
19640219,6.5396
19640220,2.1694
19640221,2.0346
19640222,3.045
19640223,1.6917
19640224,0.21418
19640225,3.5868
19640226,1.8718
19640227,0.25904
19640228,-0.93458
19640229,0.14249
19640301,-0.52119
19640302,1.8156
19640303,0.48861
19640304,-1.9817
19640305,0.17196
19640306,-1.4069
19640307,-2.429
19640308,-1.6472
19640309,-2.3651
19640310,-2.7435
19640311,-0.97747
19640312,-0.2505
19640313,0.12622
19640314,2.6121
19640315,2.5527
19640316,2.3523
19640317,1.1598
19640318,-0.61707
19640319,-0.96616
19640320,-0.78981
19640321,-0.49086
19640322,1.0663
19640323,-0.83245
19640324,-0.80674
19640325,0.43633
19640326,0.59386
19640327,3.1014
19640328,2.8119
19640329,4.2773
19640330,1.8026
19640331,1.6234
19640401,5.8446
19640402,8.4625
19640403,3.9163
19640404,1.2587
19640405,3.888
19640406,4.4996
19640407,7.6311
19640408,6.3158
19640409,8.1795
19640410,9.2981
19640411,6.8212
19640412,6.4127
19640413,4.2463
19640414,5.6665
19640415,6.5141
19640416,6.6924
19640417,5.6617
19640418,3.6422
19640419,5.8981
19640420,8.7116
19640421,6.1443
19640422,4.9614
19640423,4.0999
19640424,7.0604
19640425,5.3066
19640426,3.4482
19640427,4.3247
19640428,3.715
19640429,3.6436
19640430,4.388
19640501,2.2609
19640502,4.5577
19640503,2.6617
19640504,2.3898
19640505,3.2071
19640506,5.6299
19640507,6.0706
19640508,6.0538
19640509,8.1118
19640510,7.6161
19640511,7.7634
19640512,10.246
19640513,9.9831
19640514,8.5771
19640515,12.255
19640516,13.628
19640517,9.4069
19640518,6.7819
19640519,7.33
19640520,10.349
19640521,11.813
19640522,11.448
19640523,11.464
19640524,10.801
19640525,10.288
19640526,10.63
19640527,11.035
19640528,11.306
19640529,13.745
19640530,14.558
19640531,13.59
19640601,11.962
19640602,14.854
19640603,12.809
19640604,11.545
19640605,11.57
19640606,12.788
19640607,12.44
19640608,11.498
19640609,12.405
19640610,14.761
19640611,13.554
19640612,12.331
19640613,12.42
19640614,10.944
19640615,12.82
19640616,11.652
19640617,12.826
19640618,12.945
19640619,13.801
19640620,12.017
19640621,10.174
19640622,12.756
19640623,14.894
19640624,13.322
19640625,13.721
19640626,16.212
19640627,17.759
19640628,14.585
19640629,12.629
19640630,11.847
19640701,10.746
19640702,14.011
19640703,13.7
19640704,14.714
19640705,17.455
19640706,15.801
19640707,19.006
19640708,18.561
19640709,18.758
19640710,18.494
19640711,17.776
19640712,19.149
19640713,17.147
19640714,16.566
19640715,17.453
19640716,18.219
19640717,17.506
19640718,16.734
19640719,15.353
19640720,13.374
19640721,14.673
19640722,16.293
19640723,16.632
19640724,15.876
19640725,16.307
19640726,17.19
19640727,15.582
19640728,14.376
19640729,15.168
19640730,15.071
19640731,16.789
19640801,17.071
19640802,15.376
19640803,15.791
19640804,16.964
19640805,15.594
19640806,14.757
19640807,14.375
19640808,13.976
19640809,15.839
19640810,16.616
19640811,17.481
19640812,17.084
19640813,13.993
19640814,16.111
19640815,16.279
19640816,14.807
19640817,14.467
19640818,16.884
19640819,14.952
19640820,12.817
19640821,10.443
19640822,10.617
19640823,11.427
19640824,13.864
19640825,14.061
19640826,15.977
19640827,11.335
19640828,11.094
19640829,10.29
19640830,12.837
19640831,14.399
19640901,14.041
19640902,15.434
19640903,16.085
19640904,15.374
19640905,12.923
19640906,12.298
19640907,10.723
19640908,11.368
19640909,11.46
19640910,13.685
19640911,13.677
19640912,14.682
19640913,15.669
19640914,15.052
19640915,15.985
19640916,11.198
19640917,10.103
19640918,14.278
19640919,13.031
19640920,10.407
19640921,9.1995
19640922,9.9426
19640923,13.38
19640924,12.74
19640925,14.379
19640926,15.397
19640927,14.254
19640928,13.43
19640929,15.753
19640930,13.476
19641001,11.82
19641002,10.062
19641003,9.614
19641004,9.3445
19641005,10.341
19641006,10.593
19641007,11.04
19641008,12.504
19641009,14.119
19641010,14.63
19641011,12.748
19641012,10.049
19641013,10.271
19641014,9.7595
19641015,7.9446
19641016,11.715
19641017,9.4052
19641018,6.2439
19641019,4.7782
19641020,4.307
19641021,6.5933
19641022,5.858
19641023,10.926
19641024,7.1291
19641025,4.8683
19641026,7.6553
19641027,9.914
19641028,10.073
19641029,7.9809
19641030,3.3239
19641031,1.705
19641101,7.477
19641102,7.445
19641103,10.544
19641104,8.3352
19641105,3.1193
19641106,0.77516
19641107,7.4107
19641108,0.16205
19641109,-1.0532
19641110,-0.53611
19641111,2.8376
19641112,1.1768
19641113,5.8897
19641114,6.6765
19641115,3.9749
19641116,2.3312
19641117,4.7246
19641118,3.3145
19641119,2.5917
19641120,0.39822
19641121,-2.3283
19641122,-4.0362
19641123,-3.3983
19641124,1.2489
19641125,-1.2472
19641126,-1.8201
19641127,-3.1259
19641128,-3.1646
19641129,-2.7191
19641130,-3.9523
19641201,-4.0931
19641202,-0.47691
19641203,-0.81199
19641204,-0.6969
19641205,0.24765
19641206,-2.6701
19641207,-4.3106
19641208,-4.7389
19641209,-5.045
19641210,-5.3058
19641211,-5.9542
19641212,-5.1325
19641213,0.60809
19641214,3.0063
19641215,3.0843
19641216,6.2035
19641217,5.0289
19641218,6.8246
19641219,1.047
19641220,-0.65793
19641221,0.70708
19641222,0.96292
19641223,0.74325
19641224,1.4327
19641225,3.3272
19641226,0.61213
19641227,-0.79761
19641228,-0.8307
19641229,-0.641
19641230,-1.6172
19641231,-0.47221
19650101,-2.7924
19650102,-3.0386
19650103,-0.41598
19650104,1.1141
19650105,-3.0735
19650106,-2.0445
19650107,-1.5444
19650108,-3.2456
19650109,-4.036
19650110,-3.7044
19650111,-3.014
19650112,-4.2461
19650113,-3.7691
19650114,-3.9888
19650115,-3.4133
19650116,-3.207
19650117,-3.1957
19650118,-3.3528
19650119,-3.3109
19650120,-2.6106
19650121,-3.5868
19650122,-4.0277
19650123,-4.1394
19650124,-5.9217
19650125,-3.5497
19650126,-2.8243
19650127,-4.5846
19650128,-5.5002
19650129,-5.6531
19650130,-4.0725
19650131,-3.97
19650201,-2.1232
19650202,-2.7418
19650203,-4.5856
19650204,-4.9219
19650205,-3.8629
19650206,-3.3532
19650207,-2.4386
19650208,-2.5337
19650209,-2.7437
19650210,-3.2524
19650211,-1.9086
19650212,2.3672
19650213,1.4186
19650214,6.4148
19650215,7.5934
19650216,7.8159
19650217,4.0095
19650218,1.0515
19650219,0.60683
19650220,0.35437
19650221,0.4079
19650222,-0.081264
19650223,-1.2244
19650224,-1.797
19650225,-0.81719
19650226,-0.71973
19650227,-2.9217
19650228,-4.1723
19650301,-2.2824
19650302,-1.6525
19650303,-2.9929
19650304,-1.678
19650305,-1.0227
19650306,-0.5996
19650307,0.4102
19650308,-0.94662
19650309,-0.33385
19650310,-2.0062
19650311,2.0683
19650312,5.2392
19650313,1.7313
19650314,2.244
19650315,3.2432
19650316,2.8638
19650317,1.2357
19650318,4.4851
19650319,3.277
19650320,2.8016
19650321,6.9944
19650322,3.1251
19650323,8.2965
19650324,4.9633
19650325,3.3284
19650326,8.1846
19650327,4.3832
19650328,2.0428
19650329,1.1157
19650330,1.0537
19650331,1.8178
19650401,1.1037
19650402,1.362
19650403,2.8348
19650404,5.552
19650405,5.7788
19650406,3.8768
19650407,3.3291
19650408,1.7874
19650409,0.69612
19650410,4.1935
19650411,10.349
19650412,9.484
19650413,7.6112
19650414,8.2219
19650415,8.4191
19650416,7.3105
19650417,2.7589
19650418,1.341
19650419,2.351
19650420,2.1304
19650421,4.5356
19650422,4.3328
19650423,3.5731
19650424,5.1775
19650425,4.9636
19650426,5.5087
19650427,5.6188
19650428,6.2033
19650429,6.2237
19650430,8.6592
19650501,6.7998
19650502,4.2378
19650503,4.142
19650504,5.6186
19650505,5.8742
19650506,7.9048
19650507,9.3154
19650508,11.678
19650509,9.0366
19650510,6.1367
19650511,9.0821
19650512,9.7383
19650513,6.658
19650514,3.7024
19650515,5.5243
19650516,5.4254
19650517,6.587
19650518,10.887
19650519,9.7908
19650520,8.3642
19650521,7.9671
19650522,6.6107
19650523,5.9606
19650524,9.3715
19650525,10.586
19650526,9.5886
19650527,7.9268
19650528,7.3973
19650529,10.613
19650530,10.052
19650531,9.7395
19650601,9.8202
19650602,13.601
19650603,13.119
19650604,17.182
19650605,16.219
19650606,14.753
19650607,14.288
19650608,14.874
19650609,12.565
19650610,12.839
19650611,11.667
19650612,10.41
19650613,8.9511
19650614,8.1645
19650615,10.567
19650616,14.525
19650617,9.5221
19650618,7.908
19650619,13.343
19650620,12.611
19650621,12.358
19650622,10.996
19650623,11.214
19650624,11.682
19650625,13.579
19650626,10.595
19650627,8.8276
19650628,11.416
19650629,11.111
19650630,13.232
19650701,12.727
19650702,15.651
19650703,18.493
19650704,17.323
19650705,15.592
19650706,17.432
19650707,17.746
19650708,16.014
19650709,15.481
19650710,18.573
19650711,19.566
19650712,17.722
19650713,16.092
19650714,17.114
19650715,17.531
19650716,16.177
19650717,16.545
19650718,18.094
19650719,17.213
19650720,16.551
19650721,14.648
19650722,13.305
19650723,16.356
19650724,14.33
19650725,15.368
19650726,15.305
19650727,15.473
19650728,13.726
19650729,13.335
19650730,12.583
19650731,15.551
19650801,14.719
19650802,14.704
19650803,15.902
19650804,19.444
19650805,16.861
19650806,16.836
19650807,15.68
19650808,13.891
19650809,15.102
19650810,13.745
19650811,13.152
19650812,15.09
19650813,14.658
19650814,15.414
19650815,16.318
19650816,16.738
19650817,15.287
19650818,16.187
19650819,13.76
19650820,13.637
19650821,15.354
19650822,14.124
19650823,12.312
19650824,12.461
19650825,15.26
19650826,16.015
19650827,15.195
19650828,14.881
19650829,12.012
19650830,9.2884
19650831,11.97
19650901,12.096
19650902,10.694
19650903,13.404
19650904,13.628
19650905,14.477
19650906,11.328
19650907,9.4774
19650908,9.111
19650909,10.94
19650910,11.191
19650911,9.2104
19650912,12.628
19650913,13.269
19650914,13.596
19650915,10.92
19650916,11.543
19650917,15.366
19650918,13.817
19650919,13.72
19650920,15.205
19650921,10.532
19650922,8.531
19650923,11.871
19650924,14.343
19650925,17.815
19650926,17.343
19650927,17.066
19650928,15.288
19650929,14.534
19650930,14.534
19651001,12.836
19651002,11.205
19651003,11.826
19651004,12.589
19651005,12.104
19651006,12.539
19651007,11.776
19651008,10.796
19651009,9.1258
19651010,9.3
19651011,8.7499
19651012,6.6207
19651013,4.8779
19651014,4.3994
19651015,3.3571
19651016,2.1915
19651017,0.62949
19651018,0.98493
19651019,1.9596
19651020,5.7719
19651021,5.0217
19651022,6.3437
19651023,4.2494
19651024,6.0049
19651025,5.9891
19651026,5.3789
19651027,4.467
19651028,5.2302
19651029,4.802
19651030,4.9302
19651031,7.0364
19651101,12.216
19651102,12.094
19651103,11.936
19651104,5.9577
19651105,6.0539
19651106,7.1714
19651107,4.955
19651108,3.0592
19651109,2.6365
19651110,1.6447
19651111,0.1505
19651112,0.6599
19651113,5.1891
19651114,8.0267
19651115,3.5323
19651116,1.3811
19651117,1.7109
19651118,-0.022396
19651119,-1.0831
19651120,-1.7333
19651121,-2.3288
19651122,-0.88548
19651123,-0.27153
19651124,-0.90866
19651125,-2.0627
19651126,-3.2978
19651127,-1.0806
19651128,6.2542
19651129,1.8338
19651130,0.4682
19651201,-0.81002
19651202,-0.59765
19651203,-1.6783
19651204,4.3023
19651205,0.86594
19651206,0.047968
19651207,-0.055975
19651208,2.3058
19651209,3.0492
19651210,-0.203
19651211,3.375
19651212,2.6844
19651213,1.803
19651214,1.2538
19651215,-0.4108
19651216,2.6762
19651217,3.1597
19651218,0.64105
19651219,-1.1021
19651220,-0.8818
19651221,1.2217
19651222,0.4724
19651223,0.009495
19651224,-3.348
19651225,-4.9493
19651226,-6.4674
19651227,-4.4105
19651228,-4.9982
19651229,-3.8301
19651230,-1.0287
19651231,-2.3851
19660101,-0.3322
19660102,0.21936
19660103,-2.9
19660104,-4.9565
19660105,-2.3728
19660106,-1.929
19660107,-1.3779
19660108,-1.242
19660109,-0.10538
19660110,-1.4393
19660111,-3.3135
19660112,-4.8675
19660113,-4.1809
19660114,-4.5034
19660115,-4.7437
19660116,-4.0746
19660117,-4.1088
19660118,-4.5515
19660119,-4.9227
19660120,-3.2239
19660121,-2.9532
19660122,-3.5745
19660123,-3.8633
19660124,1.0006
19660125,4.357
19660126,5.0472
19660127,7.6653
19660128,4.183
19660129,1.5156
19660130,-0.35413
19660131,-0.20244
19660201,0.53952
19660202,1.8973
19660203,3.352
19660204,2.4627
19660205,2.8434
19660206,1.0742
19660207,4.5026
19660208,1.8255
19660209,4.6923
19660210,2.7944
19660211,3.1909
19660212,1.1523
19660213,1.0211
19660214,0.58064
19660215,-0.1776
19660216,-1.7593
19660217,1.5369
19660218,1.7629
19660219,4.4715
19660220,0.92411
19660221,0.72742
19660222,3.8386
19660223,0.37144
19660224,-1.6631
19660225,-3.3593
19660226,-1.1755
19660227,-1.8174
19660228,0.37069
19660301,-0.37196
19660302,0.27492
19660303,2.2079
19660304,1.1407
19660305,0.51074
19660306,-1.6164
19660307,-3.4784
19660308,-3.4482
19660309,-3.4308
19660310,-3.5547
19660311,-1.1293
19660312,-1.1741
19660313,-2.1453
19660314,-3.0234
19660315,-2.6993
19660316,-3.0824
19660317,-4.4478
19660318,-6.8547
19660319,-5.9506
19660320,-3.8091
19660321,0.38373
19660322,0.60693
19660323,2.2371
19660324,5.1484
19660325,6.0125
19660326,2.6569
19660327,1.8249
19660328,2.7368
19660329,1.0661
19660330,0.87912
19660331,1.6467
19660401,1.035
19660402,2.0435
19660403,6.5789
19660404,5.9865
19660405,3.8514
19660406,1.4498
19660407,0.33557
19660408,-0.21005
19660409,1.3136
19660410,2.0733
19660411,3.932
19660412,2.6197
19660413,4.3493
19660414,2.5704
19660415,2.5852
19660416,3.6702
19660417,3.5851
19660418,4.5827
19660419,6.7013
19660420,4.7919
19660421,2.6459
19660422,2.313
19660423,4.7186
19660424,1.7123
19660425,2.0706
19660426,2.9262
19660427,3.66
19660428,5.2485
19660429,6.6167
19660430,4.8885
19660501,3.9402
19660502,6.572
19660503,7.9624
19660504,9.5542
19660505,7.0951
19660506,5.3462
19660507,10.623
19660508,8.7374
19660509,5.949
19660510,6.2269
19660511,6.9569
19660512,7.5308
19660513,8.9144
19660514,8.4302
19660515,11.338
19660516,13.933
19660517,13.872
19660518,11.723
19660519,10.143
19660520,12.564
19660521,12.676
19660522,11.712
19660523,11.346
19660524,13.325
19660525,10.11
19660526,7.2284
19660527,9.1245
19660528,10.628
19660529,12.479
19660530,14.499
19660531,11.005
19660601,10.96
19660602,9.882
19660603,11.059
19660604,10.686
19660605,10.873
19660606,11.009
19660607,13.702
19660608,12.472
19660609,13.017
19660610,13.234
19660611,13.413
19660612,14.026
19660613,10.58
19660614,11.487
19660615,12.322
19660616,12.107
19660617,13.221
19660618,13.958
19660619,14.627
19660620,14.527
19660621,14.843
19660622,13.548
19660623,13.383
19660624,13.64
19660625,16.37
19660626,13.627
19660627,12.279
19660628,11.827
19660629,9.71
19660630,10.244
19660701,11.048
19660702,11.491
19660703,14.084
19660704,16.668
19660705,14.823
19660706,12.052
19660707,13.741
19660708,13.406
19660709,11.619
19660710,13.643
19660711,14.087
19660712,15.061
19660713,16.503
19660714,17.12
19660715,17.323
19660716,17.289
19660717,17.1
19660718,15.158
19660719,13.083
19660720,13.835
19660721,14.317
19660722,16.06
19660723,16.394
19660724,18.935
19660725,21.177
19660726,21.782
19660727,22.275
19660728,19.545
19660729,16.88
19660730,15.633
19660731,12.172
19660801,11.235
19660802,12.65
19660803,14.631
19660804,17.526
19660805,18.835
19660806,18.565
19660807,18.859
19660808,19.332
19660809,17.32
19660810,16.753
19660811,18.435
19660812,15.613
19660813,17.182
19660814,17.992
19660815,17.663
19660816,17.881
19660817,18.182
19660818,15.092
19660819,16.497
19660820,16.421
19660821,13.746
19660822,13.565
19660823,13.093
19660824,14.384
19660825,16.201
19660826,16.461
19660827,13.951
19660828,15.277
19660829,16.37
19660830,17.005
19660831,17.521
19660901,18.179
19660902,17.239
19660903,16.025
19660904,12.475
19660905,9.7881
19660906,10.833
19660907,11.46
19660908,11.673
19660909,12.896
19660910,10.882
19660911,8.948
19660912,9.1518
19660913,8.5475
19660914,10.869
19660915,9.669
19660916,7.5196
19660917,6.1042
19660918,7.1229
19660919,8.6166
19660920,8.9211
19660921,9.6006
19660922,11.327
19660923,12.467
19660924,10.841
19660925,9.9957
19660926,11.595
19660927,11.032
19660928,13.83
19660929,13.766
19660930,12.702
19661001,10.196
19661002,10.979
19661003,10.504
19661004,8.402
19661005,9.8174
19661006,6.5945
19661007,4.7065
19661008,4.5276
19661009,6.9048
19661010,9.3936
19661011,7.6674
19661012,9.2289
19661013,7.9839
19661014,8.2222
19661015,11.993
19661016,8.2504
19661017,8.0242
19661018,9.6481
19661019,11.187
19661020,6.3842
19661021,4.2236
19661022,2.8061
19661023,6.8791
19661024,8.941
19661025,9.9188
19661026,10.694
19661027,15.407
19661028,10.565
19661029,8.7797
19661030,7.3937
19661031,6.5725
19661101,7.2445
19661102,4.5142
19661103,3.4747
19661104,7.1878
19661105,4.1575
19661106,3.3572
19661107,5.4964
19661108,2.3158
19661109,5.212
19661110,6.6133
19661111,4.441
19661112,8.3909
19661113,8.5545
19661114,7.2311
19661115,6.657
19661116,5.5241
19661117,4.662
19661118,5.2775
19661119,4.8958
19661120,4.7536
19661121,3.2158
19661122,-1.7557
19661123,-3.2942
19661124,-1.004
19661125,-0.397
19661126,-0.40887
19661127,-2.0118
19661128,-4.2356
19661129,-5.0514
19661130,-4.906
19661201,-0.97546
19661202,0.45517
19661203,0.41615
19661204,3.8756
19661205,2.3867
19661206,1.0417
19661207,6.2483
19661208,3.1631
19661209,1.8565
19661210,3.7968
19661211,4.8772
19661212,-0.99202
19661213,-2.4056
19661214,-0.562
19661215,1.4762
19661216,-0.4306
19661217,1.9555
19661218,0.52233
19661219,2.3601
19661220,0.38679
19661221,-0.54917
19661222,-2.171
19661223,-3.9638
19661224,-3.9087
19661225,-3.7763
19661226,-3.0761
19661227,-2.3332
19661228,-2.6554
19661229,-2.2182
19661230,-1.6991
19661231,-2.6402
19670101,-4.0675
19670102,-3.175
19670103,-3.9638
19670104,-4.4667
19670105,-3.179
19670106,6.3084
19670107,5.9666
19670108,1.3257
19670109,-0.90266
19670110,7.2271
19670111,7.1842
19670112,1.7841
19670113,-0.63161
19670114,6.1337
19670115,6.0536
19670116,2.29
19670117,2.4521
19670118,-0.6458
19670119,-1.9177
19670120,0.38157
19670121,-1.5283
19670122,-3.11
19670123,-3.6243
19670124,-2.9038
19670125,-0.25468
19670126,-2.7014
19670127,-4.9192
19670128,-6.6981
19670129,-5.704
19670130,-5.6646
19670131,-6.1609
19670201,-4.7665
19670202,-4.6251
19670203,-2.1375
19670204,-5.4955
19670205,-6.2489
19670206,-6.072
19670207,-5.7113
19670208,-6.1864
19670209,-3.8943
19670210,-4.3971
19670211,-5.7072
19670212,-6.3895
19670213,-3.4382
19670214,1.424
19670215,0.015599
19670216,-0.053849
19670217,0.82155
19670218,0.83463
19670219,1.5011
19670220,-1.1302
19670221,-2.292
19670222,-1.4014
19670223,0.36846
19670224,-1.1046
19670225,-0.1054
19670226,0.51592
19670227,-0.41546
19670228,-1.0357
19670301,0.067051
19670302,-1.7351
19670303,-3.5232
19670304,0.72285
19670305,-0.8172
19670306,-3.0415
19670307,-3.3327
19670308,-0.40542
19670309,-1.9461
19670310,-1.113
19670311,1.6406
19670312,-0.75806
19670313,-0.52578
19670314,1.1082
19670315,-0.66074
19670316,-1.092
19670317,2.0075
19670318,0.4887
19670319,-1.3076
19670320,-1.6368
19670321,-2.0529
19670322,0.092371
19670323,-0.75033
19670324,-0.14412
19670325,-2.6711
19670326,-0.41176
19670327,-2.0724
19670328,-2.842
19670329,0.15154
19670330,-1.32
19670331,3.8821
19670401,2.5843
19670402,7.5894
19670403,8.5094
19670404,9.4799
19670405,7.1787
19670406,6.8308
19670407,4.3195
19670408,3.1554
19670409,3.4213
19670410,6.169
19670411,5.5486
19670412,3.201
19670413,5.0151
19670414,6.758
19670415,6.5702
19670416,6.2551
19670417,7.2186
19670418,7.6852
19670419,7.3109
19670420,4.6934
19670421,5.3848
19670422,8.7966
19670423,9.5496
19670424,7.84
19670425,6.9642
19670426,6.3552
19670427,7.3642
19670428,8.7155
19670429,8.5771
19670430,8.8694
19670501,11.442
19670502,9.9226
19670503,7.7267
19670504,8.322
19670505,5.4479
19670506,5.4787
19670507,7.9553
19670508,7.9642
19670509,8.5717
19670510,11.91
19670511,11.35
19670512,13.346
19670513,11.888
19670514,11.805
19670515,11.432
19670516,9.9922
19670517,11.252
19670518,12.393
19670519,9.3249
19670520,6.5431
19670521,8.1403
19670522,7.2438
19670523,10.149
19670524,7.6687
19670525,8.4776
19670526,6.1614
19670527,9.5546
19670528,11.138
19670529,11.684
19670530,12.388
19670531,11.364
19670601,11.432
19670602,8.9411
19670603,6.7915
19670604,11.655
19670605,9.2377
19670606,10.333
19670607,10.781
19670608,8.6946
19670609,11.705
19670610,11.637
19670611,10.199
19670612,11.358
19670613,13.789
19670614,15.151
19670615,14.107
19670616,13.246
19670617,12.841
19670618,13.639
19670619,12.308
19670620,13.664
19670621,14.929
19670622,16.121
19670623,16.587
19670624,15.446
19670625,15.626
19670626,15.063
19670627,14.991
19670628,14.339
19670629,13.992
19670630,12.315
19670701,12.264
19670702,11.804
19670703,13.061
19670704,14.636
19670705,15.736
19670706,14.578
19670707,14.329
19670708,13.961
19670709,15.885
19670710,15.571
19670711,16.764
19670712,14.567
19670713,14.235
19670714,17.74
19670715,19.632
19670716,18.359
19670717,18.197
19670718,18.293
19670719,19.567
19670720,19.046
19670721,18.941
19670722,21.172
19670723,20.871
19670724,19.568
19670725,20.518
19670726,19.406
19670727,18.305
19670728,17.015
19670729,16.061
19670730,18.234
19670731,15.13
19670801,18.316
19670802,15.258
19670803,13.237
19670804,14.132
19670805,14.027
19670806,15.228
19670807,17.677
19670808,17.352
19670809,18.118
19670810,17.476
19670811,18.017
19670812,17.707
19670813,16.057
19670814,15.781
19670815,16.658
19670816,14.956
19670817,14.086
19670818,15.049
19670819,15.472
19670820,16.001
19670821,15.302
19670822,15.992
19670823,16.966
19670824,16.888
19670825,17.522
19670826,17.239
19670827,13.146
19670828,10.882
19670829,15.352
19670830,12.412
19670831,13.572
19670901,14.773
19670902,15.656
19670903,15.311
19670904,15.832
19670905,15.385
19670906,16.135
19670907,16.811
19670908,16.352
19670909,17.341
19670910,16.759
19670911,16.367
19670912,15.454
19670913,15.36
19670914,14.549
19670915,14.656
19670916,16.704
19670917,15.53
19670918,12.85
19670919,12.945
19670920,13.913
19670921,12.159
19670922,14.483
19670923,13.983
19670924,11.704
19670925,12.024
19670926,11.283
19670927,9.4366
19670928,9.517
19670929,11.216
19670930,16
19671001,14.369
19671002,13.356
19671003,11.581
19671004,11.537
19671005,12.048
19671006,6.9338
19671007,5.4431
19671008,5.8131
19671009,7.7729
19671010,12.891
19671011,10.495
19671012,8.3349
19671013,7.4841
19671014,12.154
19671015,12.054
19671016,12.512
19671017,8.2951
19671018,5.8449
19671019,9.0982
19671020,14.273
19671021,9.1771
19671022,7.1573
19671023,6.9847
19671024,5.8289
19671025,4.9912
19671026,8.6369
19671027,9.6178
19671028,5.7153
19671029,4.5963
19671030,3.8976
19671031,3.1582
19671101,1.1639
19671102,2.5366
19671103,1.0465
19671104,0.10699
19671105,-0.49895
19671106,-0.44895
19671107,6.4808
19671108,6.5161
19671109,2.7599
19671110,1.1452
19671111,1.0974
19671112,0.85076
19671113,2.1191
19671114,0.70736
19671115,0.41407
19671116,2.1263
19671117,10.241
19671118,10.858
19671119,7.92
19671120,7.8338
19671121,3.2816
19671122,1.6224
19671123,2.6575
19671124,-0.13441
19671125,2.6747
19671126,1.1618
19671127,5.0796
19671128,5.2089
19671129,5.2477
19671130,0.36475
19671201,-1.2398
19671202,-1.2537
19671203,-0.739
19671204,-0.1219
19671205,1.328
19671206,0.29346
19671207,-1.0397
19671208,-1.6588
19671209,-1.9133
19671210,4.7256
19671211,3.9209
19671212,0.58107
19671213,0.82717
19671214,7.4361
19671215,7.5203
19671216,8.143
19671217,7.5726
19671218,7.8313
19671219,7.8124
19671220,9.1393
19671221,8.6215
19671222,4.4455
19671223,1.2618
19671224,0.919
19671225,1.1147
19671226,0.63059
19671227,1.4871
19671228,4.3991
19671229,4.7536
19671230,4.9966
19671231,2.2416
19680101,0.8972
19680102,1.145
19680103,0.75655
19680104,1.5908
19680105,1.023
19680106,-0.22425
19680107,-0.99202
19680108,0.75559
19680109,1.8313
19680110,1.7956
19680111,-0.41715
19680112,-0.77975
19680113,1.0149
19680114,-0.82165
19680115,5.6517
19680116,0.17438
19680117,-1.283
19680118,0.16407
19680119,1.7499
19680120,0.72614
19680121,5.076
19680122,6.2617
19680123,6.0889
19680124,6.2103
19680125,6.2949
19680126,4.89
19680127,1.801
19680128,-1.1964
19680129,-2.5541
19680130,-3.9779
19680131,-3.9263
19680201,-4.2359
19680202,-4.8458
19680203,-3.5206
19680204,-0.44696
19680205,-1.9054
19680206,-3.3727
19680207,2.0347
19680208,6.4265
19680209,0.41307
19680210,-1.543
19680211,2.0764
19680212,1.514
19680213,1.0934
19680214,0.78864
19680215,2.5958
19680216,3.5082
19680217,-0.76989
19680218,-1.3229
19680219,-1.7194
19680220,-2.2595
19680221,-0.45051
19680222,-1.304
19680223,-2.0727
19680224,-2.3489
19680225,-0.78301
19680226,-0.24915
19680227,-0.44642
19680228,-0.81102
19680229,-0.14859
19680301,0.76342
19680302,0.85106
19680303,-1.6101
19680304,-2.8419
19680305,-3.0653
19680306,-4.5162
19680307,-4.5015
19680308,-2.0621
19680309,3.5498
19680310,1.3737
19680311,-1.2118
19680312,-2.6928
19680313,-1.6627
19680314,-4.0315
19680315,-4.2569
19680316,-5.7466
19680317,-0.022833
19680318,0.80156
19680319,-2.9313
19680320,-4.1594
19680321,-4.9237
19680322,-1.9666
19680323,-2.8718
19680324,-2.6046
19680325,-0.072343
19680326,-1.6794
19680327,-4.0183
19680328,0.006311
19680329,-2.6736
19680330,-2.7267
19680331,-1.3439
19680401,-2.7369
19680402,-3.6202
19680403,-0.049933
19680404,2.9576
19680405,0.29758
19680406,0.5351
19680407,4.4438
19680408,2.8313
19680409,0.36856
19680410,0.10607
19680411,-0.16654
19680412,1.7276
19680413,4.6053
19680414,5.8903
19680415,5.1606
19680416,3.3742
19680417,4.2595
19680418,7.6686
19680419,6.1431
19680420,8.1189
19680421,7.3311
19680422,5.9474
19680423,7.0614
19680424,7.0936
19680425,7.7236
19680426,6.3445
19680427,9.5659
19680428,7.6572
19680429,7.7566
19680430,6.3874
19680501,3.2926
19680502,3.14
19680503,5.241
19680504,4.6534
19680505,8.5827
19680506,7.2218
19680507,9.5651
19680508,11.352
19680509,13.027
19680510,11.4
19680511,13.318
19680512,13.158
19680513,15.228
19680514,8.074
19680515,7.3152
19680516,6.9453
19680517,9.3515
19680518,6.6668
19680519,4.6515
19680520,5.4025
19680521,4.2242
19680522,2.9871
19680523,5.8062
19680524,5.1325
19680525,4.7002
19680526,6.1474
19680527,11.552
19680528,10.499
19680529,10.027
19680530,10.947
19680531,8.8789
19680601,8.0022
19680602,8.1693
19680603,8.7833
19680604,10.502
19680605,12.816
19680606,12.785
19680607,17.225
19680608,14.221
19680609,11.955
19680610,12.066
19680611,12.707
19680612,12.199
19680613,11.864
19680614,13.316
19680615,12.614
19680616,11.78
19680617,9.9818
19680618,10.773
19680619,12.785
19680620,14.403
19680621,11.221
19680622,9.9255
19680623,12.292
19680624,11.872
19680625,10.395
19680626,13.509
19680627,13.904
19680628,13.853
19680629,15.553
19680630,16.682
19680701,14.788
19680702,16.214
19680703,16.07
19680704,16.328
19680705,17.473
19680706,16.398
19680707,17.371
19680708,16.484
19680709,13.595
19680710,12.329
19680711,11.437
19680712,14.244
19680713,15.281
19680714,16.853
19680715,10.362
19680716,8.7301
19680717,12.323
19680718,15.875
19680719,19.562
19680720,19.915
19680721,21.302
19680722,22.137
19680723,21.292
19680724,20.679
19680725,19.531
19680726,18.014
19680727,16.45
19680728,16.268
19680729,17.849
19680730,17.044
19680731,17.279
19680801,18.532
19680802,16.432
19680803,15.821
19680804,17.386
19680805,17.306
19680806,17.406
19680807,17.045
19680808,17.068
19680809,16.806
19680810,16.536
19680811,19.328
19680812,20.589
19680813,14.096
19680814,11.761
19680815,15.588
19680816,18.911
19680817,18.351
19680818,17.458
19680819,18.231
19680820,20.388
19680821,20.006
19680822,19.058
19680823,17.727
19680824,17.181
19680825,16.875
19680826,17.061
19680827,18.299
19680828,18.258
19680829,20.568
19680830,19.568
19680831,16.441
19680901,15.933
19680902,13.728
19680903,11.423
19680904,10.381
19680905,10.173
19680906,10.284
19680907,11.599
19680908,12.616
19680909,12.957
19680910,15.17
19680911,16.339
19680912,13.935
19680913,15.268
19680914,13.984
19680915,11.684
19680916,11.213
19680917,11.209
19680918,10.843
19680919,12.163
19680920,13.404
19680921,14.666
19680922,13.082
19680923,11.001
19680924,15.525
19680925,15.813
19680926,10.736
19680927,8.3594
19680928,10.4
19680929,8.2946
19680930,7.9343
19681001,8.0571
19681002,9.0704
19681003,10.728
19681004,12.01
19681005,12.109
19681006,12.652
19681007,12.35
19681008,13.38
19681009,12.045
19681010,8.8012
19681011,7.0271
19681012,6.5978
19681013,5.8403
19681014,5.5847
19681015,5.9562
19681016,3.7319
19681017,1.4702
19681018,0.61763
19681019,0.7624
19681020,1.0086
19681021,1.5715
19681022,4.884
19681023,5.002
19681024,4.8563
19681025,3.9638
19681026,4.524
19681027,4.3755
19681028,3.3361
19681029,6.5046
19681030,8.7521
19681031,9.9153
19681101,8.0378
19681102,4.2729
19681103,2.6837
19681104,2.1381
19681105,0.77488
19681106,5.1707
19681107,6.0834
19681108,7.3786
19681109,9.0966
19681110,9.8303
19681111,8.7105
19681112,8.3633
19681113,2.7311
19681114,2.1193
19681115,2.3101
19681116,0.83671
19681117,5.6851
19681118,6.9198
19681119,3.7163
19681120,-2.2201
19681121,-3.2598
19681122,0.39105
19681123,1.9234
19681124,1.0899
19681125,-0.37259
19681126,0.85976
19681127,-0.25481
19681128,-1.7794
19681129,5.7595
19681130,10.05
19681201,4.9213
19681202,5.6057
19681203,3.6048
19681204,3.5222
19681205,2.5283
19681206,2.3599
19681207,4.7643
19681208,6.41
19681209,5.4466
19681210,4.269
19681211,2.5617
19681212,4.1336
19681213,2.5318
19681214,1.3995
19681215,3.0833
19681216,2.6452
19681217,1.1806
19681218,0.36723
19681219,0.31958
19681220,2.5936
19681221,6.0879
19681222,2.7532
19681223,-0.72535
19681224,-0.72461
19681225,0.08406
19681226,-1.1452
19681227,-1.7505
19681228,-3.7347
19681229,-5.5522
19681230,-4.6442
19681231,-3.8608
19690101,-5.1743
19690102,-4.499
19690103,-5.8744
19690104,-4.2086
19690105,-2.6005
19690106,-3.7826
19690107,-5.5294
19690108,-5.5854
19690109,-4.1974
19690110,-2.1259
19690111,1.4092
19690112,-0.10242
19690113,-0.45461
19690114,-1.9175
19690115,-2.0866
19690116,2.0176
19690117,2.743
19690118,-0.13939
19690119,-1.8452
19690120,-2.305
19690121,-5.0504
19690122,-0.57708
19690123,-2.1896
19690124,-2.4723
19690125,-4.1929
19690126,-3.457
19690127,-1.3517
19690128,-2.4977
19690129,-3.8851
19690130,-4.2764
19690131,-3.6765
19690201,-0.79734
19690202,4.9991
19690203,3.8548
19690204,3.6353
19690205,1.2541
19690206,3.3468
19690207,1.6111
19690208,-3.728
19690209,-4.237
19690210,-4.1284
19690211,-5.6898
19690212,-6.8438
19690213,-6.4145
19690214,-4.6071
19690215,-4.5868
19690216,-3.5047
19690217,-0.88369
19690218,5.6171
19690219,4.9621
19690220,2.2108
19690221,2.2618
19690222,5.5628
19690223,0.12977
19690224,-0.71023
19690225,3.5359
19690226,1.8512
19690227,-0.71806
19690228,-2.4634
19690301,-1.3363
19690302,1.946
19690303,2.3213
19690304,8.7415
19690305,5.5014
19690306,1.9589
19690307,1.8624
19690308,2.6652
19690309,2.7309
19690310,2.0158
19690311,-0.30467
19690312,-0.84524
19690313,1.154
19690314,3.7398
19690315,3.9392
19690316,7.264
19690317,8.1675
19690318,5.333
19690319,2.3887
19690320,1.8852
19690321,2.4114
19690322,2.4389
19690323,4.571
19690324,1.7486
19690325,-0.63086
19690326,-0.91891
19690327,1.7125
19690328,0.55516
19690329,0.17477
19690330,5.5083
19690331,3.043
19690401,1.5403
19690402,1.2354
19690403,1.2728
19690404,1.605
19690405,1.1311
19690406,1.8644
19690407,4.8706
19690408,4.114
19690409,5.7224
19690410,3.7012
19690411,3.6411
19690412,3.6832
19690413,1.7824
19690414,7.7559
19690415,4.8604
19690416,2.076
19690417,5.0267
19690418,4.1978
19690419,5.0438
19690420,3.2056
19690421,5.123
19690422,5.9917
19690423,7.5986
19690424,6.4727
19690425,7.81
19690426,8.4298
19690427,7.5899
19690428,8.3942
19690429,8.7335
19690430,7.7324
19690501,11.3
19690502,10.164
19690503,9.0813
19690504,9.6329
19690505,9.5328
19690506,10.077
19690507,9.9939
19690508,12.613
19690509,10.153
19690510,8.9184
19690511,8.4689
19690512,8.9466
19690513,9.9367
19690514,10.679
19690515,8.2414
19690516,7.4041
19690517,4.8386
19690518,7.2157
19690519,6.1999
19690520,6.2336
19690521,5.661
19690522,9.5988
19690523,9.5669
19690524,11.186
19690525,11.6
19690526,11.462
19690527,10.1
19690528,8.8598
19690529,9.0201
19690530,11.206
19690531,9.522
19690601,11.261
19690602,11.467
19690603,12.101
19690604,13.368
19690605,12.12
19690606,13.196
19690607,13.513
19690608,14.154
19690609,10.454
19690610,8.3527
19690611,11.09
19690612,11.181
19690613,10.011
19690614,11.332
19690615,12.68
19690616,15.246
19690617,13.87
19690618,13.169
19690619,13.108
19690620,12.427
19690621,13.671
19690622,15.114
19690623,14.989
19690624,15.265
19690625,15.052
19690626,16.153
19690627,14.807
19690628,15.997
19690629,17.997
19690630,19.565
19690701,19.406
19690702,17.467
19690703,18.579
19690704,16.76
19690705,15.519
19690706,16.983
19690707,18.084
19690708,17.298
19690709,16.143
19690710,16.257
19690711,15.091
19690712,16.539
19690713,16.199
19690714,16.904
19690715,15.197
19690716,16.217
19690717,16.603
19690718,16.759
19690719,16.259
19690720,16.511
19690721,16.256
19690722,17.369
19690723,15.643
19690724,13.256
19690725,13.978
19690726,12.146
19690727,14.831
19690728,15.128
19690729,12.955
19690730,12.535
19690731,13.772
19690801,14.81
19690802,15.102
19690803,13.727
19690804,14.223
19690805,11.759
19690806,12.49
19690807,15.499
19690808,14.437
19690809,14.767
19690810,16.748
19690811,19.075
19690812,18.681
19690813,19.028
19690814,18.25
19690815,18.162
19690816,18.346
19690817,18.207
19690818,16.619
19690819,16.195
19690820,14.777
19690821,15.996
19690822,16.215
19690823,16.401
19690824,17.714
19690825,15.192
19690826,15.452
19690827,15.516
19690828,17.901
19690829,17.834
19690830,16.701
19690831,16.519
19690901,15.135
19690902,16.949
19690903,14.591
19690904,11.101
19690905,13.008
19690906,15.288
19690907,14.277
19690908,14.427
19690909,15.646
19690910,11.975
19690911,13.176
19690912,14.308
19690913,13.144
19690914,12.116
19690915,12.077
19690916,14.528
19690917,14.265
19690918,14.63
19690919,14.158
19690920,12.605
19690921,14.15
19690922,15.583
19690923,12.46
19690924,11.311
19690925,10.653
19690926,10.811
19690927,11.911
19690928,11.294
19690929,8.0408
19690930,8.8407
19691001,7.9526
19691002,7.3156
19691003,6.8042
19691004,9.0611
19691005,7.0058
19691006,5.0628
19691007,5.7384
19691008,7.0147
19691009,8.4941
19691010,9.566
19691011,10.437
19691012,10.251
19691013,9.9709
19691014,9.5823
19691015,9.0634
19691016,6.3487
19691017,4.4205
19691018,4.7697
19691019,6.0741
19691020,7.269
19691021,12.049
19691022,10.59
19691023,6.8297
19691024,8.2831
19691025,8.551
19691026,5.6932
19691027,4.1204
19691028,4.5991
19691029,7.7868
19691030,7.4148
19691031,7.7487
19691101,6.5142
19691102,6.5502
19691103,7.4418
19691104,6.2601
19691105,3.7025
19691106,2.6345
19691107,5.9896
19691108,4.704
19691109,3.6831
19691110,4.9169
19691111,2.7193
19691112,2.2933
19691113,1.4055
19691114,4.6758
19691115,4.6263
19691116,1.0313
19691117,0.9639
19691118,4.9021
19691119,4.6627
19691120,2.8126
19691121,5.773
19691122,7.5659
19691123,1.6031
19691124,-0.44017
19691125,-1.7526
19691126,-3.0681
19691127,1.9027
19691128,2.2988
19691129,1.2621
19691130,4.2551
19691201,2.8039
19691202,8.7347
19691203,4.8252
19691204,2.7201
19691205,2.5036
19691206,0.9049
19691207,-0.46122
19691208,-0.668
19691209,-0.64574
19691210,2.6412
19691211,-0.081681
19691212,-2.0409
19691213,-3.3527
19691214,-2.7848
19691215,-1.5318
19691216,-1.7897
19691217,-1.8683
19691218,-0.48296
19691219,0.36087
19691220,-0.29928
19691221,0.96107
19691222,2.7699
19691223,1.8026
19691224,3.3357
19691225,1.8056
19691226,-0.73575
19691227,-0.89372
19691228,3.6894
19691229,3.0382
19691230,1.4144
19691231,1.2344
19700101,4.166
19700102,0.57475
19700103,-2.2602
19700104,-3.3925
19700105,-0.63918
19700106,-0.022498
19700107,-0.4667
19700108,-0.88047
19700109,0.40879
19700110,-0.55434
19700111,-0.45125
19700112,-2.0626
19700113,-3.9933
19700114,-1.6351
19700115,-0.42094
19700116,-1.5707
19700117,-0.99717
19700118,-0.17017
19700119,-1.0587
19700120,6.9673
19700121,7.0314
19700122,5.7694
19700123,4.3371
19700124,5.903
19700125,1.4397
19700126,-0.29673
19700127,-1.3359
19700128,0.73617
19700129,0.66493
19700130,0.21491
19700131,-2.0798
19700201,-4.1298
19700202,-5.5218
19700203,-1.7219
19700204,-1.5023
19700205,1.7529
19700206,3.1315
19700207,-1.3723
19700208,-1.838
19700209,-2.0698
19700210,-2.6977
19700211,-2.311
19700212,-3.4547
19700213,-3.3082
19700214,-2.2053
19700215,-0.7205
19700216,3.1401
19700217,3.1115
19700218,0.98898
19700219,2.1664
19700220,2.4317
19700221,0.62982
19700222,1.3242
19700223,-1.509
19700224,1.9384
19700225,2.923
19700226,1.04
19700227,0.76422
19700228,1.9859
19700301,3.126
19700302,1.7592
19700303,2.4484
19700304,1.6938
19700305,0.5366
19700306,0.69385
19700307,-0.35572
19700308,-2.1834
19700309,-2.6764
19700310,1.3659
19700311,-0.38195
19700312,-1.3942
19700313,-0.74198
19700314,-0.26043
19700315,5.5555
19700316,1.4567
19700317,0.22207
19700318,2.4128
19700319,4.2917
19700320,7.7217
19700321,7.7539
19700322,3.151
19700323,3.4831
19700324,2.4228
19700325,4.6106
19700326,2.8434
19700327,4.9092
19700328,5.0979
19700329,3.8628
19700330,4.7578
19700331,4.3097
19700401,6.4603
19700402,6.7762
19700403,6.2972
19700404,7.1868
19700405,5.7691
19700406,5.5081
19700407,7.3159
19700408,9.1657
19700409,9.4682
19700410,6.5863
19700411,6.5362
19700412,6.0171
19700413,3.3805
19700414,4.7335
19700415,5.2326
19700416,5.0489
19700417,2.3476
19700418,7.803
19700419,8.1178
19700420,9.7197
19700421,8.7999
19700422,10.785
19700423,8.4851
19700424,5.0033
19700425,9.5016
19700426,6.2365
19700427,4.775
19700428,3.5595
19700429,9.3839
19700430,7.0515
19700501,6.2017
19700502,3.8672
19700503,7.2431
19700504,4.7581
19700505,6.7056
19700506,5.5855
19700507,11.19
19700508,11.135
19700509,11.58
19700510,9.8617
19700511,6.9872
19700512,7.0277
19700513,6.2605
19700514,8.1575
19700515,9.1101
19700516,8.6759
19700517,9.9306
19700518,8.1072
19700519,6.8202
19700520,8.6233
19700521,10.122
19700522,11.82
19700523,10.698
19700524,8.1728
19700525,9.8982
19700526,12.24
19700527,10.928
19700528,10.779
19700529,10.586
19700530,10.851
19700531,11.855
19700601,10.063
19700602,8.6982
19700603,10.707
19700604,12.776
19700605,13.876
19700606,13.172
19700607,14.706
19700608,14.208
19700609,15.254
19700610,15.61
19700611,16.521
19700612,14.706
19700613,16.208
19700614,15.278
19700615,15.854
19700616,16.139
19700617,17.823
19700618,16.494
19700619,16.279
19700620,14.445
19700621,16.651
19700622,17.348
19700623,19.653
19700624,17.663
19700625,17.936
19700626,16.735
19700627,15.659
19700628,12.28
19700629,11.88
19700630,10.733
19700701,11.861
19700702,14.998
19700703,13.387
19700704,13.505
19700705,13.238
19700706,13.307
19700707,14.485
19700708,14.757
19700709,17.755
19700710,17.157
19700711,17.931
19700712,16.596
19700713,14.996
19700714,12.871
19700715,15.43
19700716,17.678
19700717,17.02
19700718,16.337
19700719,18.666
19700720,19.171
19700721,18.109
19700722,19.093
19700723,18.193
19700724,17.784
19700725,15.057
19700726,16.605
19700727,15.175
19700728,12.862
19700729,9.9475
19700730,12.642
19700731,14.922
19700801,16.119
19700802,18.072
19700803,17.067
19700804,14.299
19700805,14.436
19700806,15.704
19700807,15.392
19700808,14.802
19700809,14.849
19700810,16.888
19700811,14.938
19700812,14.266
19700813,15.545
19700814,16.671
19700815,17.188
19700816,15.247
19700817,14.268
19700818,14.534
19700819,13.852
19700820,12.632
19700821,15.027
19700822,11.948
19700823,11.75
19700824,14.384
19700825,19.105
19700826,16.616
19700827,15.681
19700828,14.263
19700829,15.013
19700830,14.483
19700831,13.638
19700901,13.459
19700902,13.355
19700903,15.403
19700904,15.664
19700905,15.453
19700906,19.306
19700907,17.025
19700908,14.841
19700909,12.56
19700910,13.048
19700911,14.436
19700912,17.54
19700913,16.691
19700914,15.612
19700915,14.135
19700916,12.348
19700917,15.232
19700918,10.495
19700919,8.7555
19700920,10.386
19700921,8.6394
19700922,10.945
19700923,8.2839
19700924,11.492
19700925,14.838
19700926,13.431
19700927,12.76
19700928,13.018
19700929,11.65
19700930,12.903
19701001,9.6465
19701002,6.7827
19701003,10.211
19701004,11.671
19701005,9.2703
19701006,7.305
19701007,9.1045
19701008,9.1514
19701009,9.9166
19701010,10.96
19701011,11.834
19701012,10.706
19701013,13.342
19701014,10.766
19701015,9.767
19701016,10.255
19701017,14.499
19701018,13.222
19701019,12.903
19701020,13.235
19701021,10.717
19701022,10.146
19701023,12.385
19701024,14.474
19701025,11.256
19701026,9.8274
19701027,9.7325
19701028,12.808
19701029,8.3197
19701030,10.064
19701031,6.8796
19701101,4.9667
19701102,4.4699
19701103,1.7795
19701104,-0.4436
19701105,-0.4759
19701106,4.1666
19701107,2.1468
19701108,-0.65392
19701109,-2.4129
19701110,-2.5912
19701111,-2.1017
19701112,1.0575
19701113,0.52071
19701114,1.8465
19701115,2.0231
19701116,2.2241
19701117,2.5715
19701118,1.5326
19701119,1.108
19701120,0.20828
19701121,-1.4851
19701122,-1.1301
19701123,-0.31088
19701124,6.0958
19701125,6.6519
19701126,2.461
19701127,-0.19466
19701128,-0.45265
19701129,-1.507
19701130,0.53114
19701201,-1.3084
19701202,-3.9317
19701203,-4.2919
19701204,-4.1092
19701205,-1.0387
19701206,-2.6741
19701207,-2.9512
19701208,-4.5706
19701209,-5.1717
19701210,-2.4344
19701211,-1.453
19701212,2.9481
19701213,4.7027
19701214,4.293
19701215,4.925
19701216,5.1651
19701217,4.3137
19701218,0.9211
19701219,-0.35721
19701220,-1.1251
19701221,-0.32623
19701222,0.57051
19701223,-0.094499
19701224,-2.4088
19701225,-3.1047
19701226,0.45877
19701227,-1.0561
19701228,0.15095
19701229,-0.83999
19701230,-2.971
19701231,-4.6971
19710101,-5.6566
19710102,-2.4661
19710103,-0.052293
19710104,-2.3283
19710105,-3.0772
19710106,-3.0586
19710107,-1.3594
19710108,-3.4653
19710109,-3.7283
19710110,-2.5748
19710111,2.701
19710112,-1.0142
19710113,-2.8687
19710114,-4.0639
19710115,-4.1924
19710116,-4.3715
19710117,-2.6828
19710118,-1.176
19710119,-1.6131
19710120,-1.6964
19710121,-3.1318
19710122,-2.6934
19710123,-2.4222
19710124,-1.3167
19710125,-1.6388
19710126,-1.5405
19710127,0.78365
19710128,1.707
19710129,1.045
19710130,-1.2932
19710131,-2.3499
19710201,-4.3449
19710202,-5.5548
19710203,-3.8859
19710204,-4.8344
19710205,-5.6527
19710206,-4.9377
19710207,-4.3916
19710208,-4.326
19710209,-2.6761
19710210,-2.8178
19710211,-3.3423
19710212,-2.9778
19710213,-0.65057
19710214,-1.6779
19710215,-2.1198
19710216,-2.8719
19710217,-1.5928
19710218,2.3214
19710219,-0.22735
19710220,3.4316
19710221,7.694
19710222,4.3492
19710223,2.8065
19710224,-0.044358
19710225,-1.3848
19710226,-1.754
19710227,-0.96207
19710228,5.9688
19710301,1.8432
19710302,4.0828
19710303,1.6237
19710304,0.1629
19710305,-1.1327
19710306,2.2233
19710307,0.8498
19710308,1.5287
19710309,-0.99423
19710310,-2.7151
19710311,-3.6002
19710312,-2.8303
19710313,-0.042161
19710314,-2.1628
19710315,1.6047
19710316,4.7614
19710317,4.4101
19710318,2.939
19710319,2.3286
19710320,2.8253
19710321,6.5799
19710322,1.7681
19710323,-0.53494
19710324,0.50835
19710325,-0.58772
19710326,-1.6395
19710327,1.691
19710328,-0.76369
19710329,-0.47111
19710330,1.7029
19710331,-0.93981
19710401,3.5846
19710402,1.6862
19710403,4.1203
19710404,6.7154
19710405,3.921
19710406,5.0529
19710407,6.7099
19710408,7.4698
19710409,5.2638
19710410,5.8041
19710411,6.0357
19710412,5.9332
19710413,3.7652
19710414,4.2932
19710415,6.3303
19710416,3.2178
19710417,4.567
19710418,5.1059
19710419,6.0939
19710420,4.4504
19710421,4.9074
19710422,4.5189
19710423,5.6447
19710424,6.301
19710425,7.0347
19710426,1.8418
19710427,0.20605
19710428,4.3843
19710429,3.4977
19710430,2.8105
19710501,3.7075
19710502,6.0071
19710503,8.9404
19710504,10.314
19710505,8.3824
19710506,5.7381
19710507,7.9227
19710508,8.8829
19710509,9.0261
19710510,10.371
19710511,11.173
19710512,9.8652
19710513,7.7889
19710514,7.7546
19710515,8.1689
19710516,8.1874
19710517,8.7685
19710518,8.1144
19710519,8.0214
19710520,8.784
19710521,10.21
19710522,11.051
19710523,9.3495
19710524,11.165
19710525,10.091
19710526,11.12
19710527,10.389
19710528,10.285
19710529,10.01
19710530,8.1581
19710531,7.4402
19710601,8.6989
19710602,8.8764
19710603,9.1244
19710604,9.7326
19710605,11.14
19710606,10.245
19710607,12.279
19710608,13.881
19710609,14.487
19710610,11.741
19710611,13.232
19710612,13.371
19710613,14.726
19710614,16.304
19710615,15.489
19710616,16.48
19710617,16.166
19710618,15.784
19710619,16.906
19710620,15.931
19710621,15.521
19710622,15.665
19710623,15.44
19710624,15.385
19710625,15.738
19710626,15.049
19710627,16.92
19710628,18.461
19710629,17.115
19710630,15.789
19710701,17.27
19710702,18.028
19710703,17.356
19710704,17.499
19710705,16.589
19710706,16.586
19710707,19.234
19710708,20.383
19710709,20.442
19710710,18.676
19710711,19.288
19710712,15.105
19710713,12.42
19710714,11.926
19710715,14.575
19710716,16.38
19710717,15.376
19710718,16.249
19710719,16.813
19710720,17.792
19710721,18.687
19710722,15.812
19710723,13.518
19710724,16.029
19710725,15.707
19710726,15.134
19710727,15.268
19710728,16.394
19710729,14.223
19710730,13.518
19710731,11.602
19710801,13.287
19710802,14.802
19710803,17.396
19710804,15.96
19710805,17.333
19710806,16.694
19710807,13.703
19710808,17.058
19710809,15.829
19710810,18.401
19710811,14.032
19710812,13.33
19710813,14.346
19710814,16.521
19710815,17.662
19710816,18.521
19710817,17.521
19710818,17.145
19710819,14.32
19710820,11.447
19710821,10.222
19710822,12.677
19710823,12.871
19710824,13.578
19710825,16.621
19710826,17.443
19710827,17.105
19710828,16.369
19710829,15.025
19710830,16.723
19710831,17.264
19710901,16.458
19710902,16.961
19710903,18.23
19710904,14.371
19710905,12.606
19710906,13.026
19710907,13.283
19710908,15.815
19710909,19.289
19710910,11.717
19710911,10.71
19710912,12.195
19710913,12.815
19710914,13.722
19710915,14.693
19710916,13.771
19710917,10.062
19710918,10.124
19710919,8.7486
19710920,10.285
19710921,7.7809
19710922,12.017
19710923,9.4675
19710924,8.3413
19710925,10.404
19710926,10.003
19710927,10.43
19710928,8.1641
19710929,10.257
19710930,13.209
19711001,12.961
19711002,11.179
19711003,10.153
19711004,9.9088
19711005,11.827
19711006,11.397
19711007,12.435
19711008,11.175
19711009,13.042
19711010,11.525
19711011,10.747
19711012,8.799
19711013,6.1002
19711014,7.7128
19711015,7.7429
19711016,7.2941
19711017,11.877
19711018,5.4816
19711019,2.8929
19711020,1.7377
19711021,1.7766
19711022,6.2955
19711023,7.8084
19711024,7.7399
19711025,8.8626
19711026,6.8455
19711027,7.4078
19711028,10.35
19711029,9.5737
19711030,6.4482
19711031,8.2314
19711101,7.3592
19711102,11.962
19711103,11.831
19711104,9.6734
19711105,3.5783
19711106,1.208
19711107,-0.25663
19711108,-0.11497
19711109,3.7989
19711110,5.8175
19711111,1.1266
19711112,-1.1742
19711113,1.9233
19711114,0.11488
19711115,1.3207
19711116,-0.50406
19711117,-0.62174
19711118,-0.6649
19711119,-1.1382
19711120,-2.019
19711121,-0.62347
19711122,-1.3461
19711123,0.63691
19711124,0.45536
19711125,2.6726
19711126,0.0017741
19711127,0.25115
19711128,3.3631
19711129,3.729
19711130,7.3989
19711201,10.543
19711202,4.9647
19711203,3.8664
19711204,10.687
19711205,10.342
19711206,7.955
19711207,3.8587
19711208,2.0257
19711209,5.6211
19711210,3.5394
19711211,1.8983
19711212,1.0452
19711213,0.77944
19711214,2.2797
19711215,1.6509
19711216,0.27908
19711217,-0.56247
19711218,1.3558
19711219,-0.45391
19711220,6.2135
19711221,1.952
19711222,0.1744
19711223,-0.21885
19711224,-1.0948
19711225,0.67066
19711226,1.5401
19711227,-1.1552
19711228,-1.3719
19711229,-4.7941
19711230,-5.2242
19711231,-4.2478
19720101,-3.0628
19720102,-0.63601
19720103,-2.7436
19720104,-4.5531
19720105,-3.5448
19720106,-4.7589
19720107,-3.2087
19720108,-2.1183
19720109,0.96052
19720110,-0.12632
19720111,-1.5747
19720112,-1.3857
19720113,-1.9655
19720114,-0.78381
19720115,-1.3793
19720116,-2.0498
19720117,-3.4137
19720118,-0.57077
19720119,2.957
19720120,-2.0059
19720121,-3.8193
19720122,-2.2097
19720123,-0.64064
19720124,0.48901
19720125,-1.1196
19720126,1.0184
19720127,1.974
19720128,1.6347
19720129,6.0354
19720130,-0.50566
19720131,-1.099
19720201,3.8882
19720202,-0.39311
19720203,-0.85237
19720204,-1.5517
19720205,-0.28183
19720206,1.8962
19720207,0.39898
19720208,-0.41497
19720209,0.6714
19720210,0.22584
19720211,1.2525
19720212,-0.10554
19720213,0.89394
19720214,0.47037
19720215,0.82226
19720216,0.75193
19720217,5.1163
19720218,3.1398
19720219,6.4376
19720220,7.0854
19720221,5.3058
19720222,2.2623
19720223,0.16429
19720224,3.7766
19720225,2.8095
19720226,-0.36157
19720227,-1.7018
19720228,-0.61044
19720229,-1.2199
19720301,0.53643
19720302,2.0857
19720303,1.1912
19720304,0.41208
19720305,1.5098
19720306,3.4555
19720307,4.6452
19720308,3.8412
19720309,3.4024
19720310,5.6594
19720311,4.1453
19720312,2.4277
19720313,3.3683
19720314,2.6186
19720315,2.0304
19720316,3.4797
19720317,3.0453
19720318,2.1535
19720319,4.8973
19720320,4.6994
19720321,5.8345
19720322,6.4997
19720323,5.6238
19720324,2.8149
19720325,2.4466
19720326,5.4309
19720327,4.4598
19720328,1.2699
19720329,4.2348
19720330,4.4596
19720331,4.3715
19720401,3.2285
19720402,2.9739
19720403,4.5478
19720404,1.6894
19720405,5.3608
19720406,6.3734
19720407,6.2644
19720408,6.0336
19720409,2.7948
19720410,6.8353
19720411,4.4604
19720412,4.2264
19720413,4.8747
19720414,6.1127
19720415,3.6646
19720416,4.0956
19720417,8.0504
19720418,4.6314
19720419,5.6188
19720420,5.6918
19720421,3.1076
19720422,5.5452
19720423,6.7514
19720424,6.4844
19720425,6.8908
19720426,5.1786
19720427,7.8034
19720428,8.0335
19720429,8.06
19720430,8.056
19720501,5.2573
19720502,6.5887
19720503,7.0551
19720504,4.98
19720505,4.521
19720506,5.0289
19720507,7.4902
19720508,8.7026
19720509,10.768
19720510,9.6458
19720511,9.7281
19720512,12.561
19720513,11.023
19720514,7.0808
19720515,5.0533
19720516,5.2662
19720517,9.7417
19720518,8.2534
19720519,9.6356
19720520,8.0881
19720521,7.8878
19720522,8.7896
19720523,10.406
19720524,12.322
19720525,12.529
19720526,12.861
19720527,12.98
19720528,12.258
19720529,9.5006
19720530,8.5884
19720531,11.024
19720601,13.803
19720602,16.014
19720603,13.545
19720604,14.329
19720605,14.824
19720606,14.993
19720607,16.405
19720608,15.319
19720609,13.366
19720610,14.471
19720611,16.749
19720612,14.787
19720613,13.698
19720614,12.945
19720615,13.28
19720616,10.908
19720617,12.75
19720618,11.23
19720619,9.5328
19720620,11.01
19720621,11.961
19720622,13.227
19720623,15.168
19720624,13.055
19720625,12.069
19720626,15.645
19720627,17.533
19720628,17.689
19720629,18.878
19720630,19.626
19720701,16.824
19720702,16.666
19720703,19.357
19720704,17.658
19720705,14.781
19720706,14.047
19720707,12.085
19720708,15.564
19720709,13.095
19720710,11.446
19720711,12.054
19720712,14.678
19720713,12.063
19720714,14.081
19720715,12.99
19720716,13.543
19720717,12.946
19720718,15.678
19720719,16.977
19720720,15.635
19720721,17.788
19720722,17.52
19720723,17.584
19720724,15.86
19720725,18.117
19720726,17.954
19720727,18.289
19720728,16.453
19720729,18.345
19720730,17.664
19720731,19.157
19720801,17.989
19720802,18.79
19720803,19.566
19720804,17.583
19720805,18.05
19720806,13.043
19720807,11.262
19720808,10.918
19720809,14.139
19720810,16.223
19720811,18.071
19720812,18.324
19720813,15.631
19720814,18.26
19720815,16.332
19720816,17.97
19720817,17.327
19720818,17.62
19720819,17.976
19720820,17.104
19720821,20.191
19720822,19.632
19720823,19.113
19720824,16.323
19720825,16.78
19720826,14.921
19720827,15.505
19720828,15.352
19720829,16.171
19720830,17.067
19720831,13.503
19720901,10.699
19720902,12.872
19720903,11.021
19720904,12.156
19720905,13.22
19720906,12.053
19720907,13.152
19720908,12.124
19720909,13.423
19720910,13.858
19720911,13.775
19720912,13.747
19720913,13.187
19720914,13.709
19720915,13.327
19720916,14.24
19720917,13.974
19720918,15.667
19720919,16.065
19720920,16.606
19720921,17.971
19720922,18.177
19720923,18.241
19720924,11.222
19720925,9.0188
19720926,12.615
19720927,14.981
19720928,16.161
19720929,12.625
19720930,10.045
19721001,8.905
19721002,8.1059
19721003,9.8882
19721004,7.9964
19721005,7.0301
19721006,5.4946
19721007,4.6727
19721008,8.0329
19721009,12.017
19721010,11.188
19721011,12.296
19721012,14.361
19721013,11.11
19721014,9.7213
19721015,10.831
19721016,10.793
19721017,15.979
19721018,13.105
19721019,8.8887
19721020,8.1896
19721021,6.0104
19721022,4.3487
19721023,4.6708
19721024,3.8787
19721025,2.0567
19721026,1.8647
19721027,1.9715
19721028,0.34295
19721029,3.9888
19721030,5.1331
19721031,0.68609
19721101,-1.5038
19721102,4.6807
19721103,7.269
19721104,3.4076
19721105,2.3922
19721106,0.53161
19721107,-0.61995
19721108,-1.6078
19721109,-2.6973
19721110,7.5802
19721111,4.4725
19721112,1.8069
19721113,-0.15349
19721114,-0.31161
19721115,3.8385
19721116,4.9401
19721117,5.2045
19721118,7.3068
19721119,7.3893
19721120,5.3211
19721121,2.6791
19721122,1.8142
19721123,2.9748
19721124,1.9874
19721125,0.0074809
19721126,-0.050319
19721127,-0.84209
19721128,-4.5883
19721129,-5.3536
19721130,-4.7826
19721201,-4.8201
19721202,-5.096
19721203,-4.6187
19721204,-4.9279
19721205,-3.3733
19721206,2.8529
19721207,0.50751
19721208,-0.50399
19721209,0.44744
19721210,-1.7315
19721211,-3.1495
19721212,-3.7882
19721213,-3.3039
19721214,-3.4061
19721215,-3.6457
19721216,-4.7675
19721217,-4.0658
19721218,-3.9821
19721219,-4.6752
19721220,-4.8834
19721221,1.3217
19721222,5.2771
19721223,8.6178
19721224,9.3852
19721225,8.5614
19721226,4.4835
19721227,2.4987
19721228,6.8998
19721229,7.8568
19721230,8.1284
19721231,5.136
19730101,6.8076
19730102,7.089
19730103,7.7002
19730104,5.6947
19730105,4.4145
19730106,4.7762
19730107,3.7981
19730108,2.398
19730109,0.99726
19730110,3.1131
19730111,5.113
19730112,0.71753
19730113,-0.63737
19730114,0.45813
19730115,3.5574
19730116,0.66948
19730117,-0.61251
19730118,-1.4582
19730119,-1.3784
19730120,1.894
19730121,0.36314
19730122,2.7242
19730123,-0.19295
19730124,-0.69407
19730125,-1.7673
19730126,-0.16162
19730127,3.3506
19730128,0.76305
19730129,-0.9345
19730130,-0.058671
19730131,0.12135
19730201,0.81803
19730202,-0.46744
19730203,3.3352
19730204,4.9307
19730205,4.0719
19730206,3.1694
19730207,5.5127
19730208,3.3949
19730209,3.7061
19730210,4.6528
19730211,7.9088
19730212,5.9667
19730213,5.1814
19730214,4.0324
19730215,3.9861
19730216,8.5713
19730217,4.6917
19730218,4.6228
19730219,8.9812
19730220,6.5848
19730221,6.1002
19730222,3.7413
19730223,1.4329
19730224,-0.79676
19730225,-1.0604
19730226,-0.10962
19730227,2.1034
19730228,3.8917
19730301,2.6279
19730302,3.2672
19730303,0.78123
19730304,0.83646
19730305,-0.74256
19730306,-0.24067
19730307,2.0402
19730308,4.7518
19730309,1.3259
19730310,0.6323
19730311,1.8006
19730312,4.7143
19730313,2.6192
19730314,4.467
19730315,3.3719
19730316,4.031
19730317,5.7057
19730318,4.4155
19730319,4.5308
19730320,7.6445
19730321,2.6661
19730322,3.8752
19730323,7.1027
19730324,6.6765
19730325,7.5373
19730326,7.0681
19730327,8.0708
19730328,7.7234
19730329,5.1529
19730330,5.4679
19730331,3.424
19730401,3.5087
19730402,3.6481
19730403,8.8405
19730404,6.2352
19730405,4.5998
19730406,2.7418
19730407,5.1861
19730408,4.9643
19730409,8.329
19730410,0.92623
19730411,-1.281
19730412,-0.26657
19730413,2.7695
19730414,4.8549
19730415,10.572
19730416,4.9122
19730417,3.0041
19730418,6.0163
19730419,8.3353
19730420,9.3228
19730421,8.0123
19730422,7.7281
19730423,6.5354
19730424,6.8588
19730425,8.1183
19730426,8.7503
19730427,9.9473
19730428,7.6001
19730429,5.9603
19730430,6.8837
19730501,10.267
19730502,8.6014
19730503,5.7376
19730504,5.618
19730505,6.6268
19730506,6.5437
19730507,6.6079
19730508,10.576
19730509,10.15
19730510,7.6124
19730511,7.3021
19730512,9.3031
19730513,8.665
19730514,7.0786
19730515,8.2557
19730516,10.069
19730517,11.317
19730518,13.387
19730519,13.638
19730520,14.109
19730521,12.911
19730522,11.037
19730523,8.8666
19730524,6.5696
19730525,6.0786
19730526,7.616
19730527,9.5405
19730528,9.7908
19730529,10.215
19730530,11.647
19730531,13.003
19730601,12.862
19730602,12.434
19730603,11.853
19730604,12.697
19730605,14.932
19730606,12.524
19730607,10.649
19730608,14.027
19730609,12.441
19730610,12.635
19730611,13.477
19730612,11.431
19730613,11.233
19730614,11.38
19730615,12.514
19730616,13.043
19730617,15.154
19730618,13.058
19730619,14.068
19730620,12.873
19730621,13.189
19730622,10.694
19730623,9.8465
19730624,10.767
19730625,12.457
19730626,13.187
19730627,15.182
19730628,16.01
19730629,16.082
19730630,12.81
19730701,12.908
19730702,10.918
19730703,12.129
19730704,15.592
19730705,13.171
19730706,11.83
19730707,11.431
19730708,13.402
19730709,12.578
19730710,15.076
19730711,15.597
19730712,15.464
19730713,16.241
19730714,17.076
19730715,17.928
19730716,16.722
19730717,16.776
19730718,17.963
19730719,13.962
19730720,12.682
19730721,16.942
19730722,18.154
19730723,18.397
19730724,17.071
19730725,15.504
19730726,15.964
19730727,13.036
19730728,13.134
19730729,16.942
19730730,17.881
19730731,18.52
19730801,13.718
19730802,11.392
19730803,15.359
19730804,16.719
19730805,18.514
19730806,18.077
19730807,19.613
19730808,19.298
19730809,15.827
19730810,13.845
19730811,12.867
19730812,12.774
19730813,14.452
19730814,15.531
19730815,12.662
19730816,12.975
19730817,13.338
19730818,11.939
19730819,13.929
19730820,15.697
19730821,14.305
19730822,16.562
19730823,15.952
19730824,13.69
19730825,14.3
19730826,18.142
19730827,15.098
19730828,12.62
19730829,12.316
19730830,11.823
19730831,12.725
19730901,13.775
19730902,13.951
19730903,15.496
19730904,14.789
19730905,10.984
19730906,12.247
19730907,11.26
19730908,11.596
19730909,13.688
19730910,12.597
19730911,13.522
19730912,12.491
19730913,11.363
19730914,9.3666
19730915,9.7531
19730916,11.44
19730917,11.236
19730918,11.185
19730919,13.913
19730920,8.9361
19730921,6.4687
19730922,8.1872
19730923,7.663
19730924,9.7766
19730925,6.6113
19730926,4.9733
19730927,5.6799
19730928,6.7627
19730929,8.2004
19730930,7.9772
19731001,6.6305
19731002,6.193
19731003,7.4318
19731004,11.254
19731005,10.058
19731006,7.4395
19731007,11.88
19731008,9.2392
19731009,7.5632
19731010,12.877
19731011,11.629
19731012,9.0272
19731013,8.7072
19731014,8.2381
19731015,10.961
19731016,7.5196
19731017,7.0832
19731018,6.1142
19731019,4.3691
19731020,9.2574
19731021,6.4587
19731022,6.4385
19731023,8.5273
19731024,8.4446
19731025,7.0707
19731026,5.6823
19731027,3.664
19731028,7.8215
19731029,5.1822
19731030,3.881
19731031,5.2196
19731101,8.472
19731102,10.059
19731103,6.6396
19731104,4.0082
19731105,0.99205
19731106,-0.91927
19731107,1.6035
19731108,0.43387
19731109,0.70553
19731110,2.4476
19731111,3.4693
19731112,1.4895
19731113,1.3774
19731114,5.2459
19731115,4.1049
19731116,2.7269
19731117,0.89802
19731118,2.8835
19731119,1.9584
19731120,0.78709
19731121,5.5365
19731122,5.973
19731123,10.213
19731124,9.1965
19731125,4.9647
19731126,1.3966
19731127,0.11863
19731128,-1.2547
19731129,-2.5255
19731130,0.20442
19731201,1.053
19731202,2.3293
19731203,0.60122
19731204,1.7006
19731205,0.043309
19731206,-0.27954
19731207,2.2883
19731208,1.1607
19731209,-0.39593
19731210,2.6664
19731211,1.7832
19731212,3.1604
19731213,4.2307
19731214,4.269
19731215,4.0737
19731216,3.9689
19731217,5.5205
19731218,3.8814
19731219,6.9385
19731220,7.4909
19731221,8.2153
19731222,7.8774
19731223,4.0566
19731224,3.9491
19731225,4.0849
19731226,7.1118
19731227,2.1535
19731228,0.046442
19731229,-0.27171
19731230,-1.9232
19731231,1.8092
19740101,3.2425
19740102,0.24807
19740103,-1.4283
19740104,-2.3904
19740105,-3.3507
19740106,-2.5821
19740107,1.7748
19740108,-0.18576
19740109,3.8825
19740110,0.62726
19740111,-2.0907
19740112,2.4188
19740113,-0.45549
19740114,-0.79228
19740115,0.07405
19740116,2.0642
19740117,-0.97328
19740118,1.1617
19740119,8.2013
19740120,1.5117
19740121,-0.75367
19740122,-0.78338
19740123,-0.18887
19740124,7.3704
19740125,2.0613
19740126,-0.8423
19740127,-2.847
19740128,1.882
19740129,-0.25249
19740130,-2.1783
19740131,-0.066819
19740201,2.2025
19740202,6.0387
19740203,4.0599
19740204,5.1948
19740205,5.0428
19740206,1.338
19740207,0.78692
19740208,4.1893
19740209,-1.1706
19740210,-1.6323
19740211,-1.1045
19740212,-0.42618
19740213,-2.5916
19740214,-0.41607
19740215,-1.0161
19740216,-0.24614
19740217,-0.63416
19740218,2.3567
19740219,0.53722
19740220,-1.3639
19740221,3.4151
19740222,1.7535
19740223,-0.54529
19740224,4.1496
19740225,1.9758
19740226,1.0115
19740227,3.7791
19740228,5.9197
19740301,0.98862
19740302,4.2167
19740303,8.2496
19740304,5.1753
19740305,3.4588
19740306,3.1689
19740307,0.94513
19740308,-0.45385
19740309,1.6756
19740310,1.1296
19740311,0.52875
19740312,-1.4818
19740313,-0.84524
19740314,2.4976
19740315,1.9547
19740316,3.4303
19740317,3.2905
19740318,4.5041
19740319,2.7603
19740320,3.5998
19740321,0.35916
19740322,3.6012
19740323,4.3671
19740324,7.3379
19740325,5.3113
19740326,6.6957
19740327,4.4243
19740328,2.8998
19740329,2.2227
19740330,3.8958
19740331,6.19
19740401,5.7216
19740402,7.6621
19740403,7.8599
19740404,7.6552
19740405,9.9895
19740406,7.6396
19740407,8.6778
19740408,4.9234
19740409,4.1701
19740410,7.6162
19740411,6.9236
19740412,9.5278
19740413,7.8074
19740414,8.3014
19740415,10.32
19740416,9.2147
19740417,9.5346
19740418,9.2555
19740419,8.2642
19740420,7.524
19740421,7.1827
19740422,8.7551
19740423,6.6986
19740424,7.2804
19740425,9.0032
19740426,8.5108
19740427,7.1945
19740428,4.6473
19740429,3.7507
19740430,4.9605
19740501,7.3763
19740502,8.189
19740503,7.1143
19740504,11.464
19740505,9.2638
19740506,9.0632
19740507,7.7087
19740508,11.009
19740509,8.2864
19740510,9.59
19740511,8.6562
19740512,10.089
19740513,12.088
19740514,11.331
19740515,8.8049
19740516,8.433
19740517,8.1403
19740518,8.275
19740519,7.0088
19740520,7.7838
19740521,7.8829
19740522,7.6768
19740523,10.169
19740524,11.604
19740525,12.885
19740526,11.661
19740527,10.568
19740528,11.201
19740529,12.115
19740530,11.051
19740531,12.243
19740601,11.717
19740602,11.68
19740603,11.493
19740604,15.583
19740605,16.791
19740606,16.532
19740607,16.158
19740608,16.754
19740609,16.178
19740610,14.998
19740611,13.177
19740612,10.371
19740613,9.7326
19740614,11.691
19740615,10.173
19740616,13.041
19740617,10.47
19740618,9.2207
19740619,11.78
19740620,14.829
19740621,16.333
19740622,15.482
19740623,15.56
19740624,15.401
19740625,18.799
19740626,19.465
19740627,18.605
19740628,17.213
19740629,17.5
19740630,18.677
19740701,17.341
19740702,16.042
19740703,18.121
19740704,17.895
19740705,17.133
19740706,17.054
19740707,14.164
19740708,15.208
19740709,14.392
19740710,15.481
19740711,16.828
19740712,13.923
19740713,12.359
19740714,14.847
19740715,17.072
19740716,14.742
19740717,14.632
19740718,13.608
19740719,13.277
19740720,12.556
19740721,15.41
19740722,14.683
19740723,15.579
19740724,17.5
19740725,16.442
19740726,15.767
19740727,16.41
19740728,18.096
19740729,18.367
19740730,18.244
19740731,17.217
19740801,18.38
19740802,17.473
19740803,17.019
19740804,16.8
19740805,17.695
19740806,17.037
19740807,17.265
19740808,18.1
19740809,17.136
19740810,13.852
19740811,12.644
19740812,15.559
19740813,15.082
19740814,16.178
19740815,16.566
19740816,15.619
19740817,17.534
19740818,16.621
19740819,16.048
19740820,16.371
19740821,17.825
19740822,16.961
19740823,15.525
19740824,14.906
19740825,15.258
19740826,15.17
19740827,15.977
19740828,16.657
19740829,16.97
19740830,15.768
19740831,14.72
19740901,13.377
19740902,12.88
19740903,11.789
19740904,10.265
19740905,11.294
19740906,11.579
19740907,11.018
19740908,12.701
19740909,12.05
19740910,11.174
19740911,12.584
19740912,13.748
19740913,12.885
19740914,13.581
19740915,14.817
19740916,13.507
19740917,12.778
19740918,11.901
19740919,11.373
19740920,13.65
19740921,11.988
19740922,13.073
19740923,13.806
19740924,11.783
19740925,11.556
19740926,12.65
19740927,13.186
19740928,10.948
19740929,10.28
19740930,8.6471
19741001,11.259
19741002,12.37
19741003,10.941
19741004,7.5385
19741005,5.066
19741006,5.0027
19741007,6.2876
19741008,9.4759
19741009,9.1644
19741010,10.57
19741011,8.2314
19741012,7.3969
19741013,5.9608
19741014,5.9956
19741015,9.1249
19741016,7.4174
19741017,11.32
19741018,4.0455
19741019,1.1051
19741020,-0.12329
19741021,-0.066473
19741022,-1.0548
19741023,-0.39862
19741024,-0.50193
19741025,1.3192
19741026,0.75227
19741027,7.5122
19741028,6.5848
19741029,6.3604
19741030,4.5959
19741031,3.7744
19741101,6.8431
19741102,4.0647
19741103,1.7148
19741104,9.9698
19741105,9.5281
19741106,8.3222
19741107,8.4551
19741108,7.7448
19741109,4.4946
19741110,5.0504
19741111,3.308
19741112,1.0161
19741113,2.008
19741114,10.983
19741115,5.7656
19741116,3.4258
19741117,10.508
19741118,11.674
19741119,10.606
19741120,6.451
19741121,1.4893
19741122,-0.15719
19741123,-0.45595
19741124,-0.31993
19741125,1.5106
19741126,5.6112
19741127,7.8561
19741128,6.5925
19741129,7.5325
19741130,4.3385
19741201,4.4426
19741202,3.824
19741203,3.2793
19741204,0.77832
19741205,0.7141
19741206,2.2719
19741207,1.5062
19741208,-0.27428
19741209,-0.88776
19741210,-1.0516
19741211,-1.8769
19741212,-2.1921
19741213,5.6538
19741214,5.9442
19741215,5.1598
19741216,2.911
19741217,0.14694
19741218,0.59723
19741219,0.85521
19741220,-1.793
19741221,-2.3822
19741222,-0.15474
19741223,-0.63741
19741224,0.82165
19741225,-0.20102
19741226,-1.7169
19741227,-1.4455
19741228,-1.5798
19741229,-2.2984
19741230,-1.872
19741231,0.4829
19750101,4.4143
19750102,6.1317
19750103,-1.3862
19750104,-3.6766
19750105,-4.2688
19750106,-0.91588
19750107,-0.0029154
19750108,5.1511
19750109,0.648
19750110,-3.3419
19750111,-4.9044
19750112,-4.1066
19750113,-3.6288
19750114,-1.5824
19750115,-1.5902
19750116,-1.6528
19750117,-2.4372
19750118,-3.0807
19750119,-2.4368
19750120,-4.2865
19750121,-4.8904
19750122,-5.1576
19750123,-2.8148
19750124,-3.6447
19750125,-3.682
19750126,-3.7104
19750127,-3.1805
19750128,-2.453
19750129,-2.8781
19750130,-0.9785
19750131,2.4521
19750201,1.2659
19750202,1.1957
19750203,6.2359
19750204,6.7948
19750205,0.89697
19750206,-0.51026
19750207,2.3986
19750208,1.6855
19750209,0.59134
19750210,1.3031
19750211,5.169
19750212,2.6124
19750213,2.5514
19750214,1.3781
19750215,0.99704
19750216,3.3795
19750217,1.5554
19750218,0.17347
19750219,-1.1114
19750220,-2.556
19750221,-1.6526
19750222,0.50364
19750223,2.4893
19750224,4.5012
19750225,5.0581
19750226,7.4671
19750227,7.902
19750228,6.4352
19750301,5.9638
19750302,2.332
19750303,7.3403
19750304,6.5337
19750305,3.6982
19750306,7.3414
19750307,5.422
19750308,3.5076
19750309,1.7512
19750310,1.632
19750311,-0.078467
19750312,2.0671
19750313,4.0712
19750314,1.9519
19750315,2.444
19750316,2.9536
19750317,1.8146
19750318,5.3448
19750319,1.9585
19750320,2.889
19750321,5.2704
19750322,1.582
19750323,0.75062
19750324,2.1456
19750325,-0.26494
19750326,-0.42914
19750327,2.1076
19750328,-0.050675
19750329,3.1934
19750330,4.7452
19750331,4.2329
19750401,4.7009
19750402,6.3628
19750403,7.9624
19750404,6.0803
19750405,5.3971
19750406,3.1689
19750407,2.8453
19750408,3.9985
19750409,4.449
19750410,4.6345
19750411,4.3351
19750412,2.8331
19750413,6.3295
19750414,4.3718
19750415,3.5193
19750416,2.8745
19750417,5.395
19750418,2.5342
19750419,4.8733
19750420,2.4881
19750421,0.78903
19750422,3.2856
19750423,7.0985
19750424,10.504
19750425,10.668
19750426,9.0218
19750427,10.996
19750428,7.2059
19750429,6.0636
19750430,5.2033
19750501,4.0078
19750502,9.4566
19750503,9.6084
19750504,9.7219
19750505,7.81
19750506,5.3344
19750507,9.9795
19750508,7.8832
19750509,5.6394
19750510,5.7026
19750511,8.5368
19750512,9.3264
19750513,9.673
19750514,6.7271
19750515,8.0323
19750516,10.497
19750517,10.498
19750518,12.114
19750519,11.823
19750520,14.377
19750521,15.545
19750522,14.752
19750523,13.227
19750524,13.477
19750525,13.133
19750526,12.827
19750527,12.308
19750528,13.01
19750529,13.257
19750530,13.926
19750531,15.866
19750601,16.459
19750602,16.204
19750603,15.916
19750604,14.181
19750605,13.391
19750606,14.727
19750607,14.238
19750608,13.995
19750609,16.321
19750610,16.889
19750611,16.336
19750612,16.854
19750613,17.173
19750614,17.837
19750615,18.043
19750616,16.727
19750617,16.636
19750618,16.044
19750619,16.051
19750620,15.271
19750621,14.708
19750622,13.044
19750623,11.792
19750624,15.681
19750625,15.435
19750626,13.43
19750627,13.397
19750628,12.661
19750629,10.852
19750630,11.945
19750701,15.246
19750702,15.709
19750703,17.545
19750704,17.3
19750705,15.778
19750706,16.521
19750707,14.966
19750708,13.868
19750709,13.035
19750710,16.303
19750711,18.022
19750712,16.359
19750713,17.322
19750714,16.026
19750715,17.483
19750716,18.702
19750717,17.163
19750718,18.382
19750719,18.305
19750720,18.539
19750721,17.943
19750722,17.134
19750723,17.941
19750724,17.072
19750725,18.537
19750726,19.682
19750727,19.062
19750728,15.985
19750729,13.63
19750730,14.226
19750731,18.853
19750801,17.658
19750802,17.813
19750803,18.484
19750804,18.531
19750805,16.847
19750806,16.041
19750807,14.758
19750808,14.937
19750809,15.533
19750810,16.078
19750811,16.061
19750812,14.906
19750813,14.398
19750814,14.449
19750815,15.374
19750816,15.854
19750817,14.601
19750818,12.145
19750819,11.756
19750820,11.793
19750821,15.022
19750822,14.991
19750823,14.692
19750824,13.612
19750825,12.99
19750826,13.475
19750827,14.148
19750828,15.237
19750829,13.99
19750830,15.539
19750831,16.29
19750901,15.437
19750902,15.863
19750903,17.263
19750904,15.701
19750905,14.068
19750906,13.633
19750907,13.293
19750908,13.443
19750909,14.081
19750910,14.161
19750911,14.491
19750912,13.984
19750913,15.398
19750914,15.306
19750915,13.972
19750916,11.205
19750917,10.227
19750918,8.8018
19750919,11.508
19750920,11.192
19750921,12.012
19750922,11.393
19750923,8.9856
19750924,9.8275
19750925,12.088
19750926,12.418
19750927,12.573
19750928,12.953
19750929,13.683
19750930,17.676
19751001,13.234
19751002,10.866
19751003,10.688
19751004,11.208
19751005,12.827
19751006,11.457
19751007,11.399
19751008,10.795
19751009,10.277
19751010,12.238
19751011,12.9
19751012,10.112
19751013,8.2856
19751014,7.3007
19751015,4.9694
19751016,2.0378
19751017,1.4727
19751018,4.0857
19751019,11.682
19751020,12.705
19751021,14.37
19751022,13.938
19751023,13.053
19751024,9.442
19751025,7.4757
19751026,6.014
19751027,7.1427
19751028,5.2079
19751029,3.2759
19751030,2.266
19751031,2.0499
19751101,3.9977
19751102,2.3826
19751103,-0.96417
19751104,-1.0898
19751105,-1.5204
19751106,-0.71061
19751107,-1.5469
19751108,-2.2188
19751109,-2.1443
19751110,2.2435
19751111,-0.75111
19751112,-2.3968
19751113,0.29598
19751114,-1.1066
19751115,-0.27834
19751116,-1.0122
19751117,-1.1145
19751118,0.24297
19751119,-0.31042
19751120,-0.7313
19751121,-1.0836
19751122,4.2134
19751123,3.1942
19751124,2.7486
19751125,0.35499
19751126,-1.4558
19751127,0.075566
19751128,-0.05686
19751129,-1.854
19751130,-1.2395
19751201,-2.2944
19751202,-2.566
19751203,-0.12204
19751204,0.022445
19751205,3.369
19751206,0.34323
19751207,0.56011
19751208,1.1624
19751209,0.77986
19751210,-1.0319
19751211,-0.10658
19751212,0.10572
19751213,-1.2074
19751214,-2.2931
19751215,0.50227
19751216,-2.0154
19751217,-0.08928
19751218,-2.1791
19751219,-5.1398
19751220,-5.1405
19751221,-5.1872
19751222,-4.0835
19751223,-3.5469
19751224,-3.2027
19751225,-0.39302
19751226,2.7146
19751227,2.0162
19751228,0.87998
19751229,0.81577
19751230,-0.738
19751231,-0.50882
19760101,-1.9879
19760102,-1.3611
19760103,-1.1725
19760104,-2.3134
19760105,-3.1102
19760106,-4.294
19760107,-3.35
19760108,-1.7669
19760109,-2.1668
19760110,-1.8929
19760111,1.6996
19760112,5.4101
19760113,2.7021
19760114,3.6543
19760115,4.9982
19760116,1.1684
19760117,-0.62488
19760118,-0.87507
19760119,3.778
19760120,4.3103
19760121,-0.35925
19760122,-2.0291
19760123,-2.4382
19760124,-3.3112
19760125,-4.6552
19760126,-4.8371
19760127,-0.86908
19760128,0.86996
19760129,-3.6233
19760130,-4.9064
19760131,-4.026
19760201,-3.9312
19760202,-2.5059
19760203,0.49421
19760204,-0.27289
19760205,-2.6147
19760206,-4.8331
19760207,-4.6125
19760208,-4.5057
19760209,-6.9355
19760210,-6.6814
19760211,-6.2631
19760212,-5.6142
19760213,-4.5927
19760214,-3.1809
19760215,-3.2459
19760216,-1.6585
19760217,-2.3025
19760218,1.8774
19760219,-0.87397
19760220,-1.8958
19760221,-2.226
19760222,-3.6752
19760223,-3.0271
19760224,-0.84219
19760225,0.046564
19760226,-1.3964
19760227,-1.5689
19760228,-2.8842
19760229,-3.494
19760301,-5.2364
19760302,-2.2402
19760303,-1.4689
19760304,1.0255
19760305,2.468
19760306,3.527
19760307,2.9121
19760308,2.7678
19760309,7.7226
19760310,9.4568
19760311,10.12
19760312,10.131
19760313,7.5606
19760314,8.3871
19760315,8.6455
19760316,6.0255
19760317,3.4018
19760318,3.4579
19760319,6.8071
19760320,9.8684
19760321,8.5717
19760322,4.6646
19760323,2.8804
19760324,10.42
19760325,7.9967
19760326,4.1948
19760327,3.7174
19760328,5.2146
19760329,5.8565
19760330,5.3937
19760331,3.1022
19760401,5.3069
19760402,6.3784
19760403,4.866
19760404,2.9681
19760405,1.6985
19760406,1.1165
19760407,-0.98497
19760408,-0.51042
19760409,-0.864
19760410,6.6507
19760411,5.4247
19760412,3.0502
19760413,1.3059
19760414,4.4001
19760415,2.7637
19760416,1.1876
19760417,1.3955
19760418,0.7347
19760419,0.69642
19760420,2.7242
19760421,2.7318
19760422,5.0699
19760423,3.7928
19760424,5.1798
19760425,4.4214
19760426,2.7325
19760427,4.043
19760428,4.0151
19760429,5.594
19760430,7.2147
19760501,6.8825
19760502,7.3709
19760503,7.3802
19760504,6.6047
19760505,7.1064
19760506,8.1149
19760507,9.3548
19760508,6.8154
19760509,3.9938
19760510,1.8741
19760511,7.1935
19760512,9.2798
19760513,9.3832
19760514,10.918
19760515,10.514
19760516,9.0711
19760517,6.7112
19760518,7.3625
19760519,8.1672
19760520,6.0646
19760521,5.5077
19760522,8.2969
19760523,10.311
19760524,11.221
19760525,10.169
19760526,10.906
19760527,10.259
19760528,10.207
19760529,10.308
19760530,11.149
19760531,9.5428
19760601,10.363
19760602,8.4811
19760603,10.421
19760604,10.272
19760605,9.7802
19760606,10.076
19760607,8.7859
19760608,6.8001
19760609,9.7616
19760610,10.157
19760611,8.7625
19760612,10.33
19760613,11.642
19760614,12.377
19760615,12.128
19760616,14.173
19760617,13.146
19760618,14.381
19760619,16.328
19760620,15.392
19760621,13.691
19760622,14.208
19760623,13.526
19760624,12.699
19760625,12.117
19760626,13.053
19760627,14.348
19760628,14.03
19760629,15.073
19760630,14.675
19760701,15.912
19760702,14.042
19760703,14.94
19760704,15.264
19760705,14.138
19760706,16.403
19760707,15.022
19760708,16.315
19760709,16.323
19760710,15.077
19760711,16.563
19760712,14.573
19760713,14.669
19760714,13.492
19760715,12.389
19760716,13.819
19760717,14.987
19760718,14.24
19760719,14.684
19760720,18.024
19760721,17.708
19760722,17.722
19760723,16.909
19760724,17.196
19760725,18.742
19760726,16.856
19760727,17.179
19760728,17.648
19760729,16.343
19760730,13.777
19760731,14.184
19760801,13.561
19760802,11.595
19760803,17.17
19760804,16.489
19760805,16.577
19760806,17.583
19760807,17.844
19760808,19.043
19760809,18.582
19760810,17.431
19760811,14.695
19760812,17.323
19760813,17.416
19760814,17.794
19760815,20.056
19760816,19.768
19760817,17.454
19760818,16.6
19760819,16.335
19760820,15.922
19760821,14.52
19760822,14.158
19760823,15.312
19760824,16.359
19760825,13.684
19760826,14.804
19760827,15.782
19760828,14.122
19760829,15.851
19760830,16.336
19760831,18.277
19760901,16.543
19760902,14.282
19760903,13.365
19760904,14.392
19760905,15.472
19760906,17.175
19760907,14.629
19760908,11.886
19760909,11.228
19760910,12.333
19760911,12.651
19760912,13.354
19760913,15.949
19760914,15.113
19760915,16.405
19760916,16.172
19760917,16.277
19760918,16.597
19760919,16.389
19760920,17.506
19760921,15.582
19760922,15.804
19760923,13.711
19760924,10.746
19760925,9.3824
19760926,11.569
19760927,11.992
19760928,11.351
19760929,10.292
19760930,11.113
19761001,10.352
19761002,9.0321
19761003,12.169
19761004,11.58
19761005,6.3951
19761006,4.4694
19761007,3.9198
19761008,8.2309
19761009,12.493
19761010,11.807
19761011,10.914
19761012,11.51
19761013,13.132
19761014,12.799
19761015,12.588
19761016,13.193
19761017,12.696
19761018,13.208
19761019,11.85
19761020,13.71
19761021,12.95
19761022,12.195
19761023,11.073
19761024,9.4476
19761025,9.4134
19761026,8.5627
19761027,7.0126
19761028,6.2985
19761029,7.4001
19761030,7.906
19761031,6.3449
19761101,6.7245
19761102,5.2835
19761103,3.9682
19761104,2.9492
19761105,3.5743
19761106,3.6583
19761107,2.5443
19761108,3.7445
19761109,3.0812
19761110,2.0954
19761111,1.2353
19761112,1.4759
19761113,0.92769
19761114,5.1005
19761115,5.7171
19761116,6.4808
19761117,10.472
19761118,8.4447
19761119,8.2687
19761120,7.0156
19761121,3.2339
19761122,2.7235
19761123,2.0612
19761124,1.8391
19761125,1.6091
19761126,-1.2008
19761127,-0.14094
19761128,0.018376
19761129,1.775
19761130,0.91503
19761201,0.84399
19761202,1.5843
19761203,0.088413
19761204,1.7508
19761205,1.5488
19761206,0.98582
19761207,7.1189
19761208,1.3847
19761209,-1.9179
19761210,-4.4226
19761211,-5.779
19761212,-3.0671
19761213,0.22833
19761214,-0.26825
19761215,0.30037
19761216,2.9031
19761217,-0.20002
19761218,-1.2576
19761219,1.9684
19761220,0.90037
19761221,-0.67746
19761222,-1.8307
19761223,-2.732
19761224,-0.25027
19761225,1.2582
19761226,0.42939
19761227,-1.3232
19761228,-3.6794
19761229,-3.8593
19761230,-3.7564
19761231,-5.0586
19770101,-4.5737
19770102,-4.8144
19770103,-2.2713
19770104,-3.4396
19770105,-3.7383
19770106,-3.0687
19770107,-2.6523
19770108,-4.3929
19770109,-3.1229
19770110,1.536
19770111,0.31016
19770112,0.50952
19770113,-0.93102
19770114,1.8156
19770115,4.0999
19770116,2.3387
19770117,0.78338
19770118,1.4534
19770119,0.46849
19770120,-1.5654
19770121,-2.1314
19770122,-1.9417
19770123,-1.4514
19770124,0.42933
19770125,-0.082688
19770126,-1.3755
19770127,-2.1292
19770128,-2.8979
19770129,-1.6899
19770130,5.7137
19770131,5.4081
19770201,3.8834
19770202,3.1766
19770203,2.3846
19770204,2.4263
19770205,3.2355
19770206,3.4645
19770207,2.4971
19770208,1.8912
19770209,2.7999
19770210,5.5265
19770211,3.1089
19770212,1.0296
19770213,-1.152
19770214,1.9412
19770215,2.9927
19770216,3.6936
19770217,1.5197
19770218,0.86643
19770219,-0.56469
19770220,-0.37646
19770221,-0.54079
19770222,0.19012
19770223,1.1318
19770224,-0.11078
19770225,1.8243
19770226,7.7845
19770227,2.8837
19770228,0.5865
19770301,-0.27822
19770302,-1.4657
19770303,3.7466
19770304,5.6691
19770305,6.7847
19770306,2.0203
19770307,-0.15463
19770308,-2.0366
19770309,-2.2435
19770310,1.4091
19770311,1.6317
19770312,-0.79541
19770313,-0.17934
19770314,0.45588
19770315,3.7086
19770316,3.2765
19770317,0.24526
19770318,0.76839
19770319,0.69531
19770320,2.6034
19770321,4.6873
19770322,2.0315
19770323,2.2352
19770324,2.8769
19770325,4.2815
19770326,6.3669
19770327,5.275
19770328,2.2357
19770329,1.6852
19770330,2.0117
19770331,4.0731
19770401,1.9484
19770402,2.2813
19770403,0.59813
19770404,1.2546
19770405,3.1985
19770406,3.753
19770407,0.79861
19770408,3.6913
19770409,3.5831
19770410,1.232
19770411,2.7354
19770412,4.3908
19770413,2.885
19770414,5.36
19770415,4.8636
19770416,4.6532
19770417,6.7552
19770418,8.6377
19770419,9.7876
19770420,9.9634
19770421,9.9153
19770422,11.794
19770423,10.348
19770424,7.8799
19770425,6.1712
19770426,5.6036
19770427,7.8114
19770428,5.5985
19770429,5.5945
19770430,4.169
19770501,4.0376
19770502,5.6402
19770503,5.7455
19770504,5.6936
19770505,7.3588
19770506,4.968
19770507,7.3405
19770508,10.591
19770509,9.1806
19770510,9.4216
19770511,8.4495
19770512,6.9663
19770513,7.3221
19770514,7.4356
19770515,7.2901
19770516,5.3872
19770517,3.3305
19770518,8.3289
19770519,6.6288
19770520,8.1551
19770521,7.1523
19770522,9.647
19770523,7.2555
19770524,6.2343
19770525,7.8425
19770526,9.4857
19770527,10.165
19770528,10.84
19770529,12.61
19770530,11.391
19770531,10.263
19770601,9.7101
19770602,10.199
19770603,13.427
19770604,12.434
19770605,10.475
19770606,12.962
19770607,13.396
19770608,13.673
19770609,15.671
19770610,17.793
19770611,16.02
19770612,13.742
19770613,13.195
19770614,13.907
19770615,13.799
19770616,12.932
19770617,13.752
19770618,14.111
19770619,16.502
19770620,15.302
19770621,14.987
19770622,13.652
19770623,14.733
19770624,16.682
19770625,14.87
19770626,16.534
19770627,18.17
19770628,17.753
19770629,18.18
19770630,18.825
19770701,16.388
19770702,14.786
19770703,15.387
19770704,15.607
19770705,14.851
19770706,16.961
19770707,16.498
19770708,17.451
19770709,14.244
19770710,13.908
19770711,15.762
19770712,16.371
19770713,14.761
19770714,16.229
19770715,17.461
19770716,15.944
19770717,15.471
19770718,16.197
19770719,16.286
19770720,18.021
19770721,18.21
19770722,18.548
19770723,17.264
19770724,16.177
19770725,15.054
19770726,16.329
19770727,15.95
19770728,15.064
19770729,15.072
19770730,15.62
19770731,14.738
19770801,12.128
19770802,9.6601
19770803,11.176
19770804,13.307
19770805,11.573
19770806,12.271
19770807,11.003
19770808,14.105
19770809,13.325
19770810,13.121
19770811,12.03
19770812,14.082
19770813,16.297
19770814,14.405
19770815,14.822
19770816,15.739
19770817,17.55
19770818,17.051
19770819,18.099
19770820,15.844
19770821,16.122
19770822,16.721
19770823,17.916
19770824,18.103
19770825,15.834
19770826,17.312
19770827,16.375
19770828,17.327
19770829,17.177
19770830,17.261
19770831,16.968
19770901,14.834
19770902,14.471
19770903,15.147
19770904,14.678
19770905,13.936
19770906,14.552
19770907,14.437
19770908,12.279
19770909,10.009
19770910,9.0157
19770911,11.355
19770912,10.439
19770913,10.367
19770914,11.243
19770915,12.513
19770916,12.633
19770917,13.597
19770918,14.026
19770919,15.462
19770920,15.866
19770921,13.981
19770922,13.41
19770923,13.478
19770924,13.06
19770925,13.332
19770926,13.783
19770927,16.099
19770928,14.206
19770929,13.791
19770930,14.73
19771001,9.5001
19771002,7.0698
19771003,9.0946
19771004,7.77
19771005,6.3327
19771006,5.9551
19771007,7.2059
19771008,5.0368
19771009,3.9909
19771010,5.318
19771011,6.7718
19771012,9.5007
19771013,10.592
19771014,12.973
19771015,9.666
19771016,7.7587
19771017,6.5274
19771018,5.1938
19771019,3.5367
19771020,9.1004
19771021,6.8854
19771022,6.5201
19771023,7.2761
19771024,7.3906
19771025,9.0191
19771026,7.614
19771027,7.499
19771028,7.0522
19771029,5.3142
19771030,1.6367
19771031,-1.2565
19771101,-0.9039
19771102,4.4213
19771103,4.4844
19771104,2.9285
19771105,3.4304
19771106,5.426
19771107,3.338
19771108,0.70923
19771109,-0.30891
19771110,0.9718
19771111,1.065
19771112,1.6117
19771113,1.9158
19771114,0.10038
19771115,0.16799
19771116,1.5606
19771117,1.9403
19771118,0.61608
19771119,2.3457
19771120,2.3816
19771121,3.775
19771122,4.1113
19771123,1.3901
19771124,1.0562
19771125,0.7227
19771126,-1.7904
19771127,-2.9577
19771128,-4.3225
19771129,-5.5583
19771130,-6.6369
19771201,-5.034
19771202,-0.31809
19771203,-2.192
19771204,-0.32802
19771205,-1.8689
19771206,-3.1324
19771207,0.87473
19771208,-1.7568
19771209,-1.7588
19771210,-2.7646
19771211,-3.7407
19771212,-4.9356
19771213,-4.3324
19771214,-1.2705
19771215,-0.79936
19771216,-2.4777
19771217,1.651
19771218,1.8039
19771219,-1.1272
19771220,-2.6794
19771221,-3.3691
19771222,-3.7557
19771223,-3.8822
19771224,-0.77593
19771225,0.52117
19771226,-2.5156
19771227,-3.8794
19771228,-1.3635
19771229,-2.5952
19771230,-3.3304
19771231,-2.482
19780101,-2.3881
19780102,-1.3326
19780103,-0.52046
19780104,-1.0483
19780105,-1.8433
19780106,-2.3995
19780107,-0.50864
19780108,-1.5161
19780109,-4.5016
19780110,-4.5354
19780111,-3.1828
19780112,-3.4938
19780113,-2.8001
19780114,-2.8657
19780115,0.20106
19780116,2.148
19780117,2.5019
19780118,4.7202
19780119,4.7202
19780120,2.506
19780121,-0.22991
19780122,-2.2912
19780123,-1.2175
19780124,0.11505
19780125,-0.83781
19780126,-1.6466
19780127,-1.443
19780128,-2.6731
19780129,-2.0077
19780130,-3.6183
19780131,-4.7124
19780201,-4.1552
19780202,-5.1127
19780203,-1.3088
19780204,-1.4608
19780205,-2.7092
19780206,-4.0284
19780207,0.59257
19780208,-1.1202
19780209,0.57155
19780210,6.6115
19780211,-0.50125
19780212,-0.87885
19780213,0.11832
19780214,3.8457
19780215,3.4395
19780216,1.7061
19780217,0.90944
19780218,-0.1243
19780219,0.87685
19780220,-2.1827
19780221,-3.0408
19780222,-3.6561
19780223,-0.95113
19780224,-0.71631
19780225,-1.3289
19780226,-1.0586
19780227,0.12498
19780228,1.2721
19780301,1.0664
19780302,7.5277
19780303,9.312
19780304,7.4101
19780305,7.7964
19780306,5.233
19780307,3.8348
19780308,6.5696
19780309,7.5433
19780310,5.2349
19780311,2.7377
19780312,2.273
19780313,4.9904
19780314,3.1079
19780315,2.7735
19780316,2.1368
19780317,2.0822
19780318,2.9198
19780319,3.0349
19780320,3.1267
19780321,6.8366
19780322,5.3775
19780323,4.6473
19780324,4.978
19780325,3.4596
19780326,2.3815
19780327,1.5964
19780328,6.8602
19780329,5.6113
19780330,2.972
19780331,8.7977
19780401,8.7677
19780402,8.3984
19780403,7.8826
19780404,5.1368
19780405,3.056
19780406,6.1055
19780407,3.9549
19780408,8.1977
19780409,8.0427
19780410,5.2597
19780411,4.5484
19780412,6.0691
19780413,7.616
19780414,5.9954
19780415,6.8279
19780416,9.0845
19780417,7.5111
19780418,6.2205
19780419,3.5081
19780420,6.212
19780421,6.4022
19780422,4.5649
19780423,3.3812
19780424,3.4788
19780425,5.7457
19780426,5.3794
19780427,3.6368
19780428,6.6884
19780429,7.5803
19780430,6.7038
19780501,8.1781
19780502,8.9944
19780503,10.085
19780504,10.407
19780505,12.955
19780506,11.99
19780507,11.658
19780508,10.316
19780509,9.5723
19780510,7.7112
19780511,10.766
19780512,12.003
19780513,10.345
19780514,10.964
19780515,12.197
19780516,11.927
19780517,7.9417
19780518,6.2119
19780519,8.2446
19780520,8.7571
19780521,9.3193
19780522,6.4667
19780523,4.5179
19780524,5.8975
19780525,5.3543
19780526,4.5477
19780527,5.9501
19780528,11.458
19780529,11.33
19780530,10.517
19780531,8.3933
19780601,10.841
19780602,8.6373
19780603,8.6213
19780604,9.6749
19780605,7.8812
19780606,11.001
19780607,13.238
19780608,10.699
19780609,9.335
19780610,8.2652
19780611,11.211
19780612,12.123
19780613,13.194
19780614,12.713
19780615,16.664
19780616,17.421
19780617,15.929
19780618,15.745
19780619,13.053
19780620,12.23
19780621,14.126
19780622,17.807
19780623,16.181
19780624,16.723
19780625,17.564
19780626,16.984
19780627,17.665
19780628,17.055
19780629,15.508
19780630,17.452
19780701,18.848
19780702,18.681
19780703,18.383
19780704,18.837
19780705,18.913
19780706,17.677
19780707,16.121
19780708,18.643
19780709,17.743
19780710,16.539
19780711,15.84
19780712,15.8
19780713,14.22
19780714,15.098
19780715,18.262
19780716,17.853
19780717,16.39
19780718,17.755
19780719,19.437
19780720,19.455
19780721,19.708
19780722,17.4
19780723,17.788
19780724,20.176
19780725,18.246
19780726,18.103
19780727,17.349
19780728,17.478
19780729,17.28
19780730,16.147
19780731,16.753
19780801,15.172
19780802,16.449
19780803,15.338
19780804,16.172
19780805,17.948
19780806,19.568
19780807,18.72
19780808,18.019
19780809,16.41
19780810,17.104
19780811,19.396
19780812,18.41
19780813,19.886
19780814,19.623
19780815,19.623
19780816,18.618
19780817,18.357
19780818,18.082
19780819,14.92
19780820,15.078
19780821,16.716
19780822,15.388
19780823,16.953
19780824,18.136
19780825,16.944
19780826,16.1
19780827,17.752
19780828,19.884
19780829,21.058
19780830,19.52
19780831,18.328
19780901,16.903
19780902,15.369
19780903,15.029
19780904,15.838
19780905,13.926
19780906,12.703
19780907,10.317
19780908,11.398
19780909,11.224
19780910,12.275
19780911,13.412
19780912,13.427
19780913,14.023
19780914,13.604
19780915,11.242
19780916,12.579
19780917,10.982
19780918,9.1819
19780919,10.835
19780920,11.191
19780921,11.792
19780922,10.816
19780923,10.009
19780924,9.9643
19780925,9.1403
19780926,7.7966
19780927,8.9542
19780928,7.9469
19780929,10.025
19780930,11.203
19781001,10.145
19781002,11.962
19781003,11.144
19781004,13.495
19781005,10.422
19781006,7.4684
19781007,6.9858
19781008,8.2024
19781009,5.9179
19781010,5.3471
19781011,2.7535
19781012,9.0108
19781013,9.2911
19781014,6.0924
19781015,8.7362
19781016,6.5792
19781017,4.5396
19781018,6.2988
19781019,5.9333
19781020,2.9481
19781021,0.82712
19781022,0.79393
19781023,4.3169
19781024,12.042
19781025,7.933
19781026,6.3168
19781027,5.3621
19781028,6.7979
19781029,6.7729
19781030,8.2321
19781031,5.8913
19781101,7.9857
19781102,5.5909
19781103,5.231
19781104,8.2375
19781105,8.4408
19781106,5.8948
19781107,4.6067
19781108,3.0796
19781109,1.8866
19781110,1.8453
19781111,1.5642
19781112,-1.5057
19781113,-0.2262
19781114,-0.56808
19781115,-2.5857
19781116,-3.8297
19781117,-4.0812
19781118,-2.0264
19781119,6.7836
19781120,3.4597
19781121,2.4541
19781122,0.50748
19781123,-0.64416
19781124,-2.0525
19781125,0.21082
19781126,5.5379
19781127,7.1322
19781128,3.2051
19781129,1.081
19781130,-0.24499
19781201,8.423
19781202,2.2509
19781203,0.76023
19781204,0.53719
19781205,-1.1534
19781206,-2.1487
19781207,0.21556
19781208,-2.193
19781209,-4.3583
19781210,-3.9933
19781211,-4.69
19781212,-5.5477
19781213,-5.9975
19781214,-6.2458
19781215,-4.6085
19781216,-3.446
19781217,-4.1318
19781218,-5.4226
19781219,-2.6891
19781220,-3.7307
19781221,-3.6508
19781222,-5.0572
19781223,-5.7997
19781224,-6.0367
19781225,-2.0213
19781226,0.7442
19781227,-0.10596
19781228,0.62795
19781229,0.85157
19781230,-0.71137
19781231,-1.0145
19790101,-2.9992
19790102,-2.1278
19790103,-4.1886
19790104,-4.7025
19790105,-2.1797
19790106,-0.82629
19790107,-1.3161
19790108,-1.1494
19790109,-3.248
19790110,-4.8124
19790111,-5.5438
19790112,-4.483
19790113,-5.5488
19790114,-4.6181
19790115,-5.5457
19790116,-6.7257
19790117,-0.21104
19790118,-0.092698
19790119,-2.9262
19790120,-2.399
19790121,-3.6082
19790122,1.1081
19790123,-1.4711
19790124,-1.4735
19790125,-0.42339
19790126,2.1409
19790127,0.70869
19790128,-0.53176
19790129,-3.144
19790130,-3.61
19790131,-1.5723
19790201,-0.98175
19790202,-1.8991
19790203,-0.97706
19790204,2.6222
19790205,1.288
19790206,3.0822
19790207,4.2283
19790208,6.8974
19790209,4.0812
19790210,1.9583
19790211,-0.21276
19790212,-2.6244
19790213,-4.7191
19790214,-5.2705
19790215,-2.8193
19790216,-3.5193
19790217,-4.5423
19790218,-3.1869
19790219,-1.0943
19790220,0.19574
19790221,0.42916
19790222,-0.3626
19790223,-0.59437
19790224,-3.5234
19790225,-6.9223
19790226,-7.8794
19790227,-5.3748
19790228,-3.2465
19790301,-4.0227
19790302,-4.6396
19790303,-2.3507
19790304,-4.2206
19790305,-0.019954
19790306,-1.1992
19790307,-1.9165
19790308,-2.7245
19790309,0.74841
19790310,1.9159
19790311,3.4479
19790312,1.5536
19790313,-0.46979
19790314,-1.1456
19790315,-1.4305
19790316,1.7133
19790317,-1.3583
19790318,-1.0035
19790319,-0.27252
19790320,1.2085
19790321,1.1079
19790322,-0.38873
19790323,2.6232
19790324,0.66677
19790325,-0.099534
19790326,0.54939
19790327,-0.81762
19790328,2.1639
19790329,4.6202
19790330,6.7858
19790331,3.8378
19790401,1.827
19790402,2.2101
19790403,0.11725
19790404,-1.5473
19790405,5.4192
19790406,3.9773
19790407,2.6224
19790408,5.5135
19790409,4.4145
19790410,7.4021
19790411,6.3041
19790412,9.6324
19790413,6.3478
19790414,4.3221
19790415,4.5209
19790416,8.8476
19790417,8.0216
19790418,7.8149
19790419,6.6255
19790420,3.6216
19790421,6.991
19790422,8.5859
19790423,6.3702
19790424,4.7142
19790425,7.3627
19790426,8.5371
19790427,7.6305
19790428,6.1739
19790429,6.4563
19790430,6.5768
19790501,10.677
19790502,9.342
19790503,9.0554
19790504,5.1073
19790505,2.2409
19790506,7.1479
19790507,5.0643
19790508,2.8174
19790509,4.827
19790510,9.5319
19790511,7.1249
19790512,7.8785
19790513,7.6622
19790514,7.4182
19790515,9.4197
19790516,12.189
19790517,10.757
19790518,11.142
19790519,11.718
19790520,10.175
19790521,12.666
19790522,12.314
19790523,11.944
19790524,10.547
19790525,10.751
19790526,11.517
19790527,12.582
19790528,12.693
19790529,13.247
19790530,11.115
19790531,12.096
19790601,14.449
19790602,15.301
19790603,15.636
19790604,11.464
19790605,10.364
19790606,8.6307
19790607,12.939
19790608,14.061
19790609,12.657
19790610,14.447
19790611,15.122
19790612,16.919
19790613,16.29
19790614,14.512
19790615,13.796
19790616,13.105
19790617,14.68
19790618,13.85
19790619,14.304
19790620,13.428
19790621,13.914
19790622,15.055
19790623,15.15
19790624,15.302
19790625,16.049
19790626,15.139
19790627,16.19
19790628,15.748
19790629,13.586
19790630,11.362
19790701,12.383
19790702,14.893
19790703,14.638
19790704,14.809
19790705,14.889
19790706,14.376
19790707,15.157
19790708,16.41
19790709,17.363
19790710,18.615
19790711,18.031
19790712,16.503
19790713,17.276
19790714,16.499
19790715,16.439
19790716,15.565
19790717,15.33
19790718,17.402
19790719,20.216
19790720,18.244
19790721,20.31
19790722,18.89
19790723,15.281
19790724,15.276
19790725,13.816
19790726,15.034
19790727,13.4
19790728,13.519
19790729,11.415
19790730,13.419
19790731,14.804
19790801,16.548
19790802,19.973
19790803,20.16
19790804,19.355
19790805,18.951
19790806,17.88
19790807,19.167
19790808,20.31
19790809,19.18
19790810,18.949
19790811,18.292
19790812,19.904
19790813,20.026
19790814,17.406
19790815,18.739
19790816,19.413
19790817,16.492
19790818,13.544
19790819,16.222
19790820,18.586
19790821,15.93
19790822,13.59
19790823,14.451
19790824,16.184
19790825,16.891
19790826,15.342
19790827,13.824
19790828,14.007
19790829,14.586
19790830,14.734
19790831,16.713
19790901,16.11
19790902,14.52
19790903,15.18
19790904,15.352
19790905,14.861
19790906,12.261
19790907,12.438
19790908,13.258
19790909,11.481
19790910,9.7722
19790911,10.825
19790912,10.173
19790913,12.452
19790914,14.975
19790915,15.599
19790916,12.498
19790917,10.709
19790918,9.9724
19790919,10.719
19790920,10.3
19790921,11.317
19790922,10.469
19790923,6.97
19790924,8.3592
19790925,8.9928
19790926,8.5219
19790927,7.3097
19790928,6.5983
19790929,6.9125
19790930,8.551
19791001,11.529
19791002,7.3004
19791003,6.4721
19791004,11.591
19791005,13.457
19791006,14.109
19791007,10.883
19791008,7.3878
19791009,4.4275
19791010,4.397
19791011,5.0129
19791012,6.1895
19791013,7.2486
19791014,4.5931
19791015,2.9627
19791016,5.2681
19791017,4.1224
19791018,3.3638
19791019,5.6072
19791020,6.473
19791021,3.4699
19791022,3.8345
19791023,2.7871
19791024,7.3905
19791025,3.5237
19791026,1.9049
19791027,4.6982
19791028,2.7703
19791029,3.3563
19791030,11.017
19791031,8.1858
19791101,5.2336
19791102,4.1018
19791103,12.289
19791104,9.8082
19791105,12.053
19791106,6.3029
19791107,6.0088
19791108,6.2034
19791109,3.85
19791110,5.9428
19791111,4.9718
19791112,3.6615
19791113,2.3649
19791114,3.761
19791115,4.7631
19791116,3.9552
19791117,6.9231
19791118,5.1304
19791119,2.8705
19791120,1.0212
19791121,5.6026
19791122,7.0445
19791123,3.2463
19791124,3.7065
19791125,4.2273
19791126,6.8757
19791127,3.297
19791128,3.2367
19791129,3.4533
19791130,8.1986
19791201,8.7732
19791202,5.68
19791203,3.5616
19791204,2.0479
19791205,2.1765
19791206,2.6916
19791207,3.5522
19791208,1.7685
19791209,0.84832
19791210,1.9377
19791211,0.91166
19791212,3.5082
19791213,2.8686
19791214,2.6115
19791215,2.8757
19791216,2.4326
19791217,4.935
19791218,3.5024
19791219,-0.3926
19791220,-2.749
19791221,-4.522
19791222,-5.1561
19791223,-5.2295
19791224,-2.9065
19791225,-3.9675
19791226,-5.3966
19791227,-2.9093
19791228,-3.988
19791229,-2.9621
19791230,-2.8092
19791231,-0.80585
19800101,-2.4992
19800102,-2.8824
19800103,-5.0109
19800104,-3.0269
19800105,-6.0244
19800106,-7.0288
19800107,-2.2466
19800108,-2.5859
19800109,-1.8264
19800110,-4.2749
19800111,-1.758
19800112,-2.756
19800113,-2.2833
19800114,6.2345
19800115,4.424
19800116,3.5784
19800117,-0.15739
19800118,-2.0689
19800119,-2.5389
19800120,-3.025
19800121,-3.2606
19800122,3.4721
19800123,5.0989
19800124,5.5024
19800125,3.8957
19800126,-0.13042
19800127,-2.051
19800128,-2.8907
19800129,-1.8804
19800130,6.491
19800131,3.5814
19800201,1.2217
19800202,3.1752
19800203,0.31312
19800204,-1.3177
19800205,-1.9627
19800206,-2.3781
19800207,-1.3757
19800208,3.4576
19800209,3.3221
19800210,4.9411
19800211,3.4292
19800212,2.3833
19800213,2.4404
19800214,1.8013
19800215,1.2732
19800216,0.82496
19800217,-0.51785
19800218,0.80484
19800219,1.3323
19800220,-0.32195
19800221,0.11291
19800222,2.0499
19800223,3.9628
19800224,0.89597
19800225,-1.6623
19800226,-2.1621
19800227,-0.42753
19800228,0.16028
19800229,-1.4675
19800301,-1.8189
19800302,-3.497
19800303,-3.5016
19800304,2.7075
19800305,3.2917
19800306,3.3003
19800307,-0.64404
19800308,-2.4408
19800309,4.1269
19800310,2.6671
19800311,-0.25595
19800312,-2.3214
19800313,-2.2442
19800314,-1.2649
19800315,-1.9287
19800316,-0.17125
19800317,1.2551
19800318,3.3932
19800319,0.2362
19800320,5.8793
19800321,4.5791
19800322,3.3393
19800323,4.8384
19800324,5.6194
19800325,3.0149
19800326,5.2033
19800327,7.194
19800328,7.2378
19800329,5.6864
19800330,4.6779
19800331,3.0439
19800401,2.3387
19800402,5.0878
19800403,4.1664
19800404,8.9885
19800405,4.7002
19800406,2.2756
19800407,1.6202
19800408,6.1451
19800409,4.194
19800410,4.9057
19800411,6.9343
19800412,7.7217
19800413,2.7088
19800414,-0.058905
19800415,4.0907
19800416,4.8612
19800417,1.5766
19800418,1.0352
19800419,4.6174
19800420,5.5655
19800421,4.1066
19800422,2.2033
19800423,4.9574
19800424,5.1019
19800425,5.7375
19800426,5.1229
19800427,7.225
19800428,5.0921
19800429,6.1184
19800430,8.2993
19800501,4.7202
19800502,7.8231
19800503,8.0329
19800504,8.6088
19800505,12.364
19800506,11.702
19800507,11.581
19800508,9.7002
19800509,8.0094
19800510,9.5098
19800511,10.017
19800512,8.6768
19800513,10.786
19800514,7.6649
19800515,7.0502
19800516,8.5845
19800517,8.602
19800518,7.9218
19800519,11.116
19800520,10.877
19800521,9.29
19800522,10.3
19800523,10.723
19800524,11.941
19800525,10.783
19800526,10.145
19800527,12.652
19800528,11.071
19800529,8.9356
19800530,9.4527
19800531,11.868
19800601,12.316
19800602,12.206
19800603,12.079
19800604,13.456
19800605,12.263
19800606,10.268
19800607,11.407
19800608,12.229
19800609,10.648
19800610,11.836
19800611,14.854
19800612,15.187
19800613,14.912
19800614,14.51
19800615,16.044
19800616,15.816
19800617,16.573
19800618,14.201
19800619,10.631
19800620,8.6989
19800621,8.3976
19800622,9.9362
19800623,9.3149
19800624,11.631
19800625,13.462
19800626,13.429
19800627,15.76
19800628,13.434
19800629,11.198
19800630,14.098
19800701,13.6
19800702,13.163
19800703,12.909
19800704,13.935
19800705,13.965
19800706,15.231
19800707,16.898
19800708,18.279
19800709,17.558
19800710,17.081
19800711,17.986
19800712,18.295
19800713,19.909
19800714,18.939
19800715,19.334
19800716,19.455
19800717,13.899
19800718,13.924
19800719,13.72
19800720,16.087
19800721,18.412
19800722,18.809
19800723,17.315
19800724,17.569
19800725,18.451
19800726,18.683
19800727,17.295
19800728,18.318
19800729,18.175
19800730,17.28
19800731,17.574
19800801,17.649
19800802,18.889
19800803,17.625
19800804,16.946
19800805,16.567
19800806,16.939
19800807,14.412
19800808,15.035
19800809,16.689
19800810,15.784
19800811,15.789
19800812,16.72
19800813,16.2
19800814,17.859
19800815,18.626
19800816,16.002
19800817,14.412
19800818,15.097
19800819,15.045
19800820,13.886
19800821,12.775
19800822,13.72
19800823,12.472
19800824,11.236
19800825,11.706
19800826,10.316
19800827,11.101
19800828,15.155
19800829,13.455
19800830,11.788
19800831,12.6
19800901,10.591
19800902,11.632
19800903,13.36
19800904,10.922
19800905,12.288
19800906,11.634
19800907,12.813
19800908,13.46
19800909,10.379
19800910,10.436
19800911,8.2665
19800912,7.8905
19800913,7.1117
19800914,8.2306
19800915,6.9894
19800916,7.9609
19800917,8.5695
19800918,8.8201
19800919,10.493
19800920,7.419
19800921,7.9384
19800922,8.415
19800923,9.4975
19800924,9.2591
19800925,8.8985
19800926,8.0368
19800927,14.889
19800928,14.676
19800929,11.767
19800930,10.316
19801001,6.9472
19801002,5.3076
19801003,3.527
19801004,6.234
19801005,10.422
19801006,6.9876
19801007,7.1255
19801008,10.902
19801009,10.355
19801010,8.4647
19801011,6.3128
19801012,4.6045
19801013,3.9028
19801014,3.0603
19801015,6.0841
19801016,3.9949
19801017,5.7839
19801018,5.4723
19801019,5.5876
19801020,6.3576
19801021,9.3963
19801022,3.274
19801023,1.3031
19801024,4.7126
19801025,4.29
19801026,2.0915
19801027,1.0468
19801028,0.92444
19801029,3.0727
19801030,1.9271
19801031,-0.0545
19801101,0.62343
19801102,1.3192
19801103,2.4876
19801104,4.3298
19801105,2.9043
19801106,1.1527
19801107,-0.28808
19801108,-0.62009
19801109,-0.38881
19801110,0.25106
19801111,0.59991
19801112,1.4941
19801113,0.45972
19801114,-0.16635
19801115,-1.2287
19801116,-1.5533
19801117,-3.1966
19801118,-3.9631
19801119,-5.0445
19801120,-5.5067
19801121,-3.5998
19801122,-2.0826
19801123,2.509
19801124,5.235
19801125,2.7988
19801126,0.88427
19801127,0.42817
19801128,2.7702
19801129,2.7246
19801130,3.0092
19801201,1.8708
19801202,1.3334
19801203,3.9048
19801204,1.6011
19801205,2.0899
19801206,3.155
19801207,-1.0385
19801208,-1.5316
19801209,-2.7766
19801210,-2.087
19801211,-1.7875
19801212,-3.9785
19801213,-5.68
19801214,-3.7114
19801215,-1.3889
19801216,-0.93908
19801217,-3.1581
19801218,-1.3551
19801219,-0.43808
19801220,2.9049
19801221,4.3984
19801222,-1.8423
19801223,-3.7944
19801224,-4.6915
19801225,-3.7789
19801226,-3.1311
19801227,3.8479
19801228,0.51028
19801229,0.2777
19801230,3.9817
19801231,1.8828
19810101,-0.37821
19810102,0.044224
19810103,-3.1756
19810104,-3.3936
19810105,-4.2814
19810106,-0.84039
19810107,-0.86567
19810108,-0.10592
19810109,-2.1882
19810110,-3.994
19810111,-2.7157
19810112,-2.9975
19810113,-4.5955
19810114,-7.1417
19810115,-4.3544
19810116,-2.4096
19810117,-3.0985
19810118,-2.7082
19810119,-1.4223
19810120,-0.64744
19810121,-1.5279
19810122,0.54234
19810123,-0.60036
19810124,-0.97533
19810125,-0.41208
19810126,2.5957
19810127,0.24533
19810128,-1.0374
19810129,0.70456
19810130,-0.6845
19810131,-1.7545
19810201,-3.8871
19810202,-4.4989
19810203,-5.1715
19810204,-4.8122
19810205,-1.105
19810206,-0.016486
19810207,-3.3992
19810208,-5.122
19810209,-5.4114
19810210,-7.4475
19810211,-5.8084
19810212,-8.1401
19810213,-7.6207
19810214,-3.3197
19810215,-1.9527
19810216,-4.332
19810217,-6.4374
19810218,0.39577
19810219,2.3485
19810220,4.5426
19810221,6.1071
19810222,5.6205
19810223,3.3369
19810224,1.011
19810225,1.5885
19810226,6.517
19810227,4.8821
19810228,2.0698
19810301,2.1001
19810302,0.44197
19810303,0.58597
19810304,0.64007
19810305,2.3858
19810306,0.61365
19810307,-0.072933
19810308,-0.1471
19810309,-0.18993
19810310,-1.371
19810311,-0.65553
19810312,-0.37982
19810313,-1.0862
19810314,-0.00068766
19810315,-1.4391
19810316,-0.80111
19810317,5.4623
19810318,6.5917
19810319,7.6367
19810320,3.5046
19810321,7.311
19810322,7.119
19810323,6.0208
19810324,4.0662
19810325,2.63
19810326,4.77
19810327,4.3354
19810328,3.3561
19810329,3.2914
19810330,4.4241
19810331,5.8034
19810401,7.1454
19810402,3.3867
19810403,0.83319
19810404,2.2517
19810405,2.4957
19810406,6.2045
19810407,1.5721
19810408,2.0008
19810409,4.1688
19810410,8.089
19810411,10.639
19810412,10.892
19810413,9.3188
19810414,6.9717
19810415,7.2465
19810416,7.678
19810417,7.3994
19810418,7.4744
19810419,5.6368
19810420,6.6717
19810421,6.3282
19810422,4.4814
19810423,3.9604
19810424,3.8142
19810425,2.9528
19810426,2.241
19810427,0.36521
19810428,2.0417
19810429,4.099
19810430,2.7307
19810501,4.2618
19810502,3.8951
19810503,7.2095
19810504,11.532
19810505,9.4209
19810506,7.7116
19810507,6.004
19810508,7.2012
19810509,8.9661
19810510,9.7995
19810511,9.0982
19810512,7.414
19810513,10.151
19810514,10.643
19810515,12.463
19810516,9.5897
19810517,9.0961
19810518,9.5077
19810519,8.4344
19810520,8.3893
19810521,13.293
19810522,14.628
19810523,14.779
19810524,15.533
19810525,14.872
19810526,12.809
19810527,11.547
19810528,12.026
19810529,11.311
19810530,8.7003
19810531,8.8363
19810601,10.93
19810602,11.175
19810603,12.154
19810604,14.161
19810605,14.228
19810606,15.203
19810607,14.53
19810608,12.829
19810609,13.952
19810610,16.862
19810611,16.52
19810612,14.079
19810613,12.497
19810614,11.716
19810615,11.761
19810616,13.536
19810617,14.642
19810618,15.852
19810619,13.728
19810620,13.761
19810621,12.479
19810622,13.411
19810623,15.297
19810624,13.851
19810625,13.02
19810626,10.927
19810627,13.517
19810628,11.834
19810629,11.423
19810630,13.921
19810701,14.015
19810702,15.579
19810703,17.623
19810704,16.883
19810705,18.717
19810706,14.294
19810707,12.231
19810708,12.202
19810709,15.762
19810710,13.919
19810711,14.1
19810712,11.658
19810713,13.64
19810714,13.393
19810715,12.768
19810716,10.705
19810717,13.418
19810718,15.379
19810719,17.717
19810720,15.164
19810721,12.742
19810722,15.077
19810723,15.027
19810724,13.51
19810725,11.224
19810726,13.264
19810727,9.4842
19810728,12.946
19810729,11.548
19810730,9.3327
19810731,11.417
19810801,14.355
19810802,14.908
19810803,15.265
19810804,15.973
19810805,12.58
19810806,13.963
19810807,16.405
19810808,17.99
19810809,17.831
19810810,18.055
19810811,19.009
19810812,19.236
19810813,18.989
19810814,18.224
19810815,19.222
19810816,18.15
19810817,13.074
19810818,10.129
19810819,11.481
19810820,14.27
19810821,12.062
19810822,13.592
19810823,13.557
19810824,13.482
19810825,12.57
19810826,13.148
19810827,12.589
19810828,13.01
19810829,14.147
19810830,14.283
19810831,14.236
19810901,13.809
19810902,13.053
19810903,11.598
19810904,10.545
19810905,14.883
19810906,16.259
19810907,14.721
19810908,13.256
19810909,13.44
19810910,12.624
19810911,11.717
19810912,11.813
19810913,13.742
19810914,13.674
19810915,13.175
19810916,11.882
19810917,12.057
19810918,12.623
19810919,13.151
19810920,15.07
19810921,14.105
19810922,12.217
19810923,14.724
19810924,16.337
19810925,17.44
19810926,18.967
19810927,15.64
19810928,14.466
19810929,13.61
19810930,12.945
19811001,10.836
19811002,8.7058
19811003,6.5802
19811004,10.372
19811005,11.505
19811006,8.7148
19811007,6.6581
19811008,11.423
19811009,11.631
19811010,8.4912
19811011,6.2952
19811012,7.1274
19811013,6.2288
19811014,4.618
19811015,5.5293
19811016,4.702
19811017,3.8177
19811018,2.3016
19811019,9.7127
19811020,7.1635
19811021,6.7219
19811022,5.775
19811023,3.8724
19811024,6.1205
19811025,4.9082
19811026,5.5504
19811027,6.8309
19811028,4.6128
19811029,10.021
19811030,10.977
19811031,9.2012
19811101,9.1007
19811102,10.26
19811103,4.8475
19811104,3.0261
19811105,7.2241
19811106,4.8931
19811107,5.3956
19811108,7.2914
19811109,7.6495
19811110,2.6097
19811111,2.5239
19811112,4.133
19811113,7.5999
19811114,5.1983
19811115,4.6887
19811116,10.235
19811117,4.241
19811118,2.6461
19811119,1.2343
19811120,0.13649
19811121,-0.62462
19811122,1.7017
19811123,2.4925
19811124,1.8827
19811125,0.69654
19811126,0.12923
19811127,-0.25611
19811128,-0.64108
19811129,-0.86217
19811130,-1.3471
19811201,-1.6809
19811202,-2.3821
19811203,2.1134
19811204,3.0881
19811205,0.98833
19811206,-0.51428
19811207,-0.083868
19811208,-0.47827
19811209,1.8859
19811210,2.6334
19811211,0.96389
19811212,0.35773
19811213,-1.1522
19811214,-2.5092
19811215,-2.6637
19811216,-3.672
19811217,1.4851
19811218,-0.50875
19811219,-0.5849
19811220,-1.0541
19811221,-3.2238
19811222,-3.1503
19811223,-3.4213
19811224,2.9433
19811225,-0.19223
19811226,-2.6891
19811227,-3.1601
19811228,0.072005
19811229,0.21065
19811230,-1.6248
19811231,-1.6216
19820101,-1.1595
19820102,-2.5213
19820103,-3.4668
19820104,-4.083
19820105,-4.6349
19820106,-4.5981
19820107,-4.4378
19820108,-4.6166
19820109,-3.4418
19820110,-3.9806
19820111,-4.1959
19820112,-3.9996
19820113,-4.074
19820114,-3.9422
19820115,-5.2046
19820116,-6.4541
19820117,-5.1871
19820118,-8.4559
19820119,-9.3521
19820120,-7.7225
19820121,-6.2262
19820122,-4.4351
19820123,-5.4481
19820124,-5.8338
19820125,-5.6221
19820126,-2.5031
19820127,-3.8028
19820128,-4.9034
19820129,-5.3463
19820130,-5.8514
19820131,-5.3849
19820201,-0.55833
19820202,-1.2602
19820203,-3.2852
19820204,-4.0863
19820205,-2.6427
19820206,-2.5478
19820207,0.67946
19820208,-2.1243
19820209,-3.2793
19820210,-0.7125
19820211,2.8013
19820212,3.6114
19820213,2.2242
19820214,0.50272
19820215,-2.0154
19820216,2.0275
19820217,6.032
19820218,7.4605
19820219,3.9763
19820220,1.908
19820221,-0.45973
19820222,-2.1866
19820223,-1.7196
19820224,-1.4639
19820225,-1.6499
19820226,-1.0264
19820227,-1.3077
19820228,-2.37
19820301,-1.1862
19820302,0.073083
19820303,-0.47667
19820304,-0.71286
19820305,2.7104
19820306,2.7981
19820307,3.8764
19820308,1.4671
19820309,2.1935
19820310,-0.41016
19820311,-0.32903
19820312,2.2336
19820313,3.1309
19820314,5.3996
19820315,2.5187
19820316,2.8856
19820317,5.0516
19820318,5.5299
19820319,6.1167
19820320,5.8821
19820321,5.4769
19820322,5.3935
19820323,3.7771
19820324,0.54444
19820325,1.3296
19820326,4.1405
19820327,4.6139
19820328,4.102
19820329,4.8972
19820330,5.0059
19820331,5.083
19820401,7.3477
19820402,7.0068
19820403,7.3625
19820404,7.6026
19820405,4.4753
19820406,2.8722
19820407,4.2675
19820408,6.7598
19820409,2.9982
19820410,1.8712
19820411,1.4638
19820412,3.1112
19820413,2.5023
19820414,5.8157
19820415,5.4808
19820416,1.9871
19820417,3.5689
19820418,5.1919
19820419,6.7684
19820420,7.7579
19820421,9.7924
19820422,5.8389
19820423,2.7097
19820424,5.4025
19820425,5.7819
19820426,6.8836
19820427,7.6391
19820428,4.5492
19820429,3.2355
19820430,3.6052
19820501,4.7483
19820502,5.0317
19820503,4.5149
19820504,7.0606
19820505,10.201
19820506,6.1011
19820507,9.1137
19820508,9.3104
19820509,9.9187
19820510,8.3744
19820511,6.1716
19820512,9.1218
19820513,9.0863
19820514,11.464
19820515,11.176
19820516,12.35
19820517,14.291
19820518,11.981
19820519,8.7354
19820520,10.41
19820521,12.499
19820522,12.919
19820523,14.11
19820524,13.679
19820525,13.657
19820526,11.719
19820527,13.6
19820528,12.609
19820529,14.302
19820530,13.302
19820531,12.072
19820601,13.6
19820602,16.714
19820603,15.838
19820604,16.315
19820605,15.543
19820606,15.877
19820607,15.861
19820608,17.581
19820609,18.716
19820610,17.43
19820611,16.804
19820612,16.874
19820613,17.231
19820614,17.978
19820615,17.946
19820616,21.614
19820617,19.569
19820618,19.621
19820619,20.069
19820620,18.106
19820621,17.227
19820622,16.125
19820623,14.695
19820624,15.483
19820625,17.49
19820626,14.918
19820627,14.369
19820628,14.087
19820629,13.475
19820630,11.788
19820701,11.449
19820702,9.6452
19820703,13.514
19820704,11.616
19820705,12.207
19820706,14.508
19820707,17.537
19820708,18.021
19820709,17.056
19820710,16.996
19820711,15.734
19820712,18.313
19820713,16.694
19820714,17.634
19820715,16.849
19820716,14.539
19820717,13.291
19820718,18.122
19820719,15.739
19820720,13.186
19820721,11.652
19820722,13.999
19820723,14.644
19820724,16.151
19820725,16.281
19820726,18.134
19820727,17.451
19820728,15.382
19820729,13.679
19820730,15.825
19820731,16.441
19820801,14.18
19820802,15.102
19820803,15.814
19820804,13.999
19820805,12.281
19820806,14.292
19820807,12.005
19820808,14.542
19820809,13.653
19820810,11.967
19820811,11.362
19820812,14.983
19820813,13.506
19820814,11.847
19820815,17.03
19820816,17.773
19820817,15.752
19820818,12.852
19820819,14.491
19820820,16.521
19820821,16.186
19820822,18.601
19820823,20.182
19820824,18.523
19820825,18.802
19820826,16.427
19820827,13.096
19820828,12.629
19820829,11.794
19820830,13.704
19820831,17.093
19820901,18.695
19820902,14.538
19820903,12.087
19820904,14.274
19820905,17.031
19820906,19.238
19820907,16.202
19820908,11.644
19820909,8.9681
19820910,8.5429
19820911,10.165
19820912,11.966
19820913,12.42
19820914,13.919
19820915,14.411
19820916,11.904
19820917,10.699
19820918,9.7982
19820919,8.6169
19820920,10.551
19820921,9.8531
19820922,11.439
19820923,9.774
19820924,6.1277
19820925,4.4493
19820926,8.3554
19820927,10.396
19820928,10.472
19820929,9.854
19820930,8.001
19821001,6.2814
19821002,8.1186
19821003,12.453
19821004,12.147
19821005,12.045
19821006,12.036
19821007,11.787
19821008,11.043
19821009,11.626
19821010,9.7989
19821011,8.2767
19821012,8.9807
19821013,7.6143
19821014,7.7373
19821015,7.4204
19821016,8.1096
19821017,6.3476
19821018,5.0615
19821019,5.6075
19821020,7.5862
19821021,9.063
19821022,8.8699
19821023,9.8293
19821024,13.38
19821025,12.256
19821026,11.246
19821027,9.903
19821028,6.951
19821029,5.4129
19821030,4.3301
19821031,2.2335
19821101,5.8684
19821102,5.5269
19821103,5.5843
19821104,6.0511
19821105,5.0367
19821106,4.49
19821107,8.1073
19821108,4.6806
19821109,2.8801
19821110,1.4882
19821111,1.1541
19821112,5.2649
19821113,6.71
19821114,7.54
19821115,3.6604
19821116,3.2488
19821117,8.8185
19821118,9.3114
19821119,9.7671
19821120,8.1649
19821121,3.388
19821122,2.1437
19821123,1.6188
19821124,2.6395
19821125,-0.045691
19821126,0.21846
19821127,3.337
19821128,-1.197
19821129,-2.1266
19821130,-1.5135
19821201,5.3417
19821202,2.8374
19821203,0.77707
19821204,-0.85482
19821205,-1.1622
19821206,-2.6905
19821207,0.35959
19821208,7.7998
19821209,7.2388
19821210,7.731
19821211,7.6077
19821212,8.4437
19821213,8.9366
19821214,6.4066
19821215,8.9315
19821216,8.5927
19821217,8.9069
19821218,9.6747
19821219,6.5349
19821220,4.429
19821221,2.4055
19821222,1.2456
19821223,2.4211
19821224,0.15606
19821225,5.2198
19821226,6.4216
19821227,5.8503
19821228,2.0394
19821229,-1.0602
19821230,-1.0951
19821231,-2.6313
19830101,0.32998
19830102,-0.31731
19830103,-2.5737
19830104,-0.8987
19830105,4.224
19830106,-0.38392
19830107,-2.1286
19830108,-2.6424
19830109,-2.7163
19830110,-4.7691
19830111,-5.7977
19830112,-7.5524
19830113,-7.4202
19830114,-5.7258
19830115,2.5498
19830116,0.069371
19830117,-0.70026
19830118,-0.5851
19830119,-0.072577
19830120,2.2245
19830121,-0.0061707
19830122,1.1754
19830123,-0.23823
19830124,-0.83166
19830125,-2.0523
19830126,-2.8336
19830127,-2.3558
19830128,-2.9188
19830129,-4.5804
19830130,-3.7871
19830131,-1.5972
19830201,-0.74844
19830202,-1.5967
19830203,0.87935
19830204,-0.95721
19830205,-1.6893
19830206,-0.057633
19830207,-0.96292
19830208,-0.93195
19830209,0.36817
19830210,-0.014471
19830211,2.679
19830212,2.5641
19830213,5.9762
19830214,5.1064
19830215,6.0795
19830216,1.7516
19830217,-1.3863
19830218,-0.91932
19830219,4.6076
19830220,0.22725
19830221,-0.6209
19830222,-0.21714
19830223,1.0923
19830224,1.3094
19830225,3.2765
19830226,5.0854
19830227,2.3372
19830228,-0.27736
19830301,-0.05387
19830302,0.048303
19830303,3.3586
19830304,5.8925
19830305,4.8065
19830306,3.2575
19830307,1.2994
19830308,3.271
19830309,1.1616
19830310,-0.0086629
19830311,1.5935
19830312,-1.007
19830313,0.91901
19830314,5.854
19830315,1.1821
19830316,-0.69642
19830317,-0.37236
19830318,4.0528
19830319,6.1973
19830320,3.8848
19830321,3.039
19830322,0.50132
19830323,2.911
19830324,2.7503
19830325,2.7258
19830326,5.2789
19830327,4.4948
19830328,4.089
19830329,4.9531
19830330,3.8179
19830331,7.0589
19830401,7.946
19830402,6.0583
19830403,4.9342
19830404,3.5603
19830405,3.1525
19830406,3.5506
19830407,7.2318
19830408,6.9679
19830409,2.0951
19830410,0.86911
19830411,0.17848
19830412,3.17
19830413,3.0177
19830414,5.2257
19830415,4.9478
19830416,4.4301
19830417,5.9881
19830418,4.6751
19830419,3.3524
19830420,5.6869
19830421,3.5843
19830422,2.586
19830423,2.7716
19830424,2.0873
19830425,5.4014
19830426,2.5649
19830427,1.8522
19830428,4.6699
19830429,5.2406
19830430,2.4464
19830501,5.0884
19830502,7.5189
19830503,9.4096
19830504,10.453
19830505,9.3905
19830506,7.7808
19830507,9.8085
19830508,9.1263
19830509,6.8914
19830510,10.458
19830511,8.3572
19830512,6.0379
19830513,4.3198
19830514,6.5776
19830515,7.3703
19830516,5.7583
19830517,4.3276
19830518,6.7437
19830519,8.6689
19830520,9.0228
19830521,9.7349
19830522,8.3282
19830523,8.3254
19830524,11.192
19830525,13.016
19830526,11.32
19830527,14.423
19830528,13.746
19830529,9.556
19830530,8.4536
19830531,7.0588
19830601,7.8917
19830602,5.2474
19830603,11.207
19830604,10.262
19830605,7.4069
19830606,8.2259
19830607,10.179
19830608,12.933
19830609,12.224
19830610,11.875
19830611,12.975
19830612,12.586
19830613,13.923
19830614,13.644
19830615,13.104
19830616,14.623
19830617,14.882
19830618,15.717
19830619,18.629
19830620,17.672
19830621,17.026
19830622,16.863
19830623,16.757
19830624,17.153
19830625,16.575
19830626,19.24
19830627,19.205
19830628,20.383
19830629,19.623
19830630,17.007
19830701,14.439
19830702,13.403
19830703,16.752
19830704,16.602
19830705,16.957
19830706,18.637
19830707,17.497
19830708,15.32
19830709,13.889
19830710,15.493
19830711,17.181
19830712,17.588
19830713,17.264
19830714,17.543
19830715,17.723
19830716,15.75
19830717,17.37
19830718,17.879
19830719,18.466
19830720,19.948
19830721,21.245
19830722,20.419
19830723,20.328
19830724,20.583
19830725,18.936
19830726,19.878
19830727,20.424
19830728,19.363
19830729,19.47
19830730,17.389
19830731,16.401
19830801,17.964
19830802,19.243
19830803,18.592
19830804,17.09
19830805,16.34
19830806,15.059
19830807,16.257
19830808,16.61
19830809,17.055
19830810,17.878
19830811,18.419
19830812,17.786
19830813,21.041
19830814,20.292
19830815,21.67
19830816,18.61
19830817,17.013
19830818,18.518
19830819,16.02
19830820,16.257
19830821,19.216
19830822,20.052
19830823,21.198
19830824,19.928
19830825,15.753
19830826,16.089
19830827,17.311
19830828,17.005
19830829,18.051
19830830,19.884
19830831,17.982
19830901,16.2
19830902,16.15
19830903,15.837
19830904,16.11
19830905,13.877
19830906,11.258
19830907,13.541
19830908,17.341
19830909,15.3
19830910,14.727
19830911,14.823
19830912,15.564
19830913,15.843
19830914,14.709
19830915,12.609
19830916,11.116
19830917,10.96
19830918,10.55
19830919,9.9797
19830920,7.7148
19830921,11.501
19830922,13.024
19830923,12.146
19830924,13.666
19830925,13.434
19830926,13.381
19830927,11.444
19830928,8.5778
19830929,11.624
19830930,10.547
19831001,10.2
19831002,10.339
19831003,13.063
19831004,13.43
19831005,13.461
19831006,13.86
19831007,11.852
19831008,10.901
19831009,12.079
19831010,13.314
19831011,11.529
19831012,7.6741
19831013,6.8959
19831014,3.1235
19831015,1.7393
19831016,2.8923
19831017,3.5734
19831018,10.218
19831019,10.797
19831020,13.354
19831021,8.2003
19831022,6.0244
19831023,5.5376
19831024,4.8868
19831025,5.4901
19831026,7.7307
19831027,10.091
19831028,10.78
19831029,11.115
19831030,5.4001
19831031,4.0007
19831101,5.1936
19831102,5.8707
19831103,4.2044
19831104,10.513
19831105,11.153
19831106,9.5242
19831107,6.7805
19831108,7.951
19831109,3.9621
19831110,6.5165
19831111,4.9762
19831112,0.63114
19831113,-0.47612
19831114,0.23785
19831115,-1.3968
19831116,-2.4412
19831117,-2.1971
19831118,-1.9714
19831119,-1.1732
19831120,-0.681
19831121,-0.070634
19831122,-1.0058
19831123,-0.49359
19831124,-2.835
19831125,-0.97931
19831126,-2.0596
19831127,0.44193
19831128,6.4865
19831129,0.51636
19831130,0.19373
19831201,-1.4604
19831202,-2.2651
19831203,-3.0401
19831204,-4.704
19831205,-2.8481
19831206,-4.3013
19831207,3.0962
19831208,7.3042
19831209,5.3826
19831210,3.5853
19831211,0.47969
19831212,-0.052893
19831213,-1.624
19831214,-1.7919
19831215,-1.93
19831216,-2.596
19831217,-2.519
19831218,0.74799
19831219,0.20239
19831220,-0.80187
19831221,-2.0287
19831222,-2.8777
19831223,-1.7692
19831224,-0.76786
19831225,-1.6976
19831226,-2.9956
19831227,-2.6283
19831228,-4.12
19831229,-4.1414
19831230,-1.8656
19831231,-2.9774
19840101,-0.26638
19840102,-0.79389
19840103,-2.3207
19840104,-1.0211
19840105,-3.587
19840106,-3.1998
19840107,-4.5608
19840108,-4.6813
19840109,-4.1003
19840110,-1.3717
19840111,-2.0754
19840112,-3.3708
19840113,-3.7772
19840114,-4.3096
19840115,-4.4864
19840116,-5.5764
19840117,-5.7794
19840118,-5.3613
19840119,-2.8798
19840120,-3.533
19840121,-0.56953
19840122,1.7405
19840123,5.2868
19840124,2.6314
19840125,-0.33057
19840126,-0.52285
19840127,-1.2647
19840128,-0.40032
19840129,-1.8816
19840130,-2.1298
19840131,-1.9135
19840201,0.17398
19840202,-0.87155
19840203,-1.9533
19840204,-2.2783
19840205,-1.5264
19840206,-1.6202
19840207,-2.0276
19840208,-0.83455
19840209,-2.0992
19840210,-1.8409
19840211,-0.84167
19840212,-0.71105
19840213,-1.7247
19840214,-2.9731
19840215,-4.2862
19840216,-1.9003
19840217,-0.14524
19840218,-3.0018
19840219,-3.4967
19840220,-0.82187
19840221,0.97134
19840222,1.4302
19840223,2.3125
19840224,2.9717
19840225,-2.2937
19840226,-5.1341
19840227,-2.9485
19840228,0.85532
19840229,-0.83158
19840301,-2.7615
19840302,-1.8264
19840303,-1.0508
19840304,-0.26509
19840305,-2.8918
19840306,1.8289
19840307,5.5846
19840308,3.0902
19840309,4.615
19840310,-0.8834
19840311,1.2612
19840312,0.30675
19840313,0.3052
19840314,0.8764
19840315,-0.98727
19840316,1.1126
19840317,-0.26601
19840318,5.4198
19840319,5.9852
19840320,3.3615
19840321,4.7572
19840322,1.4186
19840323,-0.080593
19840324,-0.85791
19840325,-0.56792
19840326,0.071924
19840327,1.2911
19840328,2.3774
19840329,2.4035
19840330,1.6314
19840331,4.6151
19840401,3.9006
19840402,1.5821
19840403,6.0036
19840404,5.2807
19840405,7.1509
19840406,5.4615
19840407,2.0876
19840408,0.49621
19840409,0.74033
19840410,-0.034501
19840411,1.595
19840412,4.1562
19840413,4.2601
19840414,4.3463
19840415,3.3967
19840416,5.8072
19840417,2.3904
19840418,1.4148
19840419,4.4884
19840420,7.2697
19840421,5.076
19840422,2.5792
19840423,0.541
19840424,4.0677
19840425,0.97542
19840426,4.8628
19840427,5.5501
19840428,4.2977
19840429,7.8863
19840430,9.5174
19840501,9.7892
19840502,7.0593
19840503,7.6447
19840504,6.0117
19840505,11.778
19840506,10.073
19840507,10.495
19840508,8.2378
19840509,10.341
19840510,9.7906
19840511,10.694
19840512,5.8659
19840513,3.7964
19840514,7.3371
19840515,7.1118
19840516,8.1885
19840517,8.7632
19840518,8.6161
19840519,5.7385
19840520,9.3923
19840521,7.8973
19840522,5.7827
19840523,8.4224
19840524,8.9881
19840525,9.2604
19840526,9.4024
19840527,7.7286
19840528,6.2401
19840529,7.1228
19840530,9.4545
19840531,9.4601
19840601,8.3255
19840602,6.4254
19840603,8.391
19840604,6.9131
19840605,8.2885
19840606,8.9207
19840607,8.3796
19840608,8.625
19840609,7.7905
19840610,10.706
19840611,8.7447
19840612,12.214
19840613,12.832
19840614,14.592
19840615,11.617
19840616,12.288
19840617,14.652
19840618,15.577
19840619,13.481
19840620,14.259
19840621,15.042
19840622,14.729
19840623,14.295
19840624,14.28
19840625,13.547
19840626,12.714
19840627,13.139
19840628,16.861
19840629,16.866
19840630,14.595
19840701,15.23
19840702,12.952
19840703,13.847
19840704,14.696
19840705,18.046
19840706,15.58
19840707,17.536
19840708,13.73
19840709,12.602
19840710,15.979
19840711,16.884
19840712,17.32
19840713,19.392
19840714,19.404
19840715,18.017
19840716,19.424
19840717,19.108
19840718,18.703
19840719,20.15
19840720,18.127
19840721,14.798
19840722,12.678
19840723,13.595
19840724,13.932
19840725,13.46
19840726,15.914
19840727,18.304
19840728,20.155
19840729,18.869
19840730,18.25
19840731,16.899
19840801,17.576
19840802,15.999
19840803,13.82
19840804,16.196
19840805,18.249
19840806,18.386
19840807,17.914
19840808,15.762
19840809,15.44
19840810,17.893
19840811,17.131
19840812,15.448
19840813,16.045
19840814,15.591
19840815,15.862
19840816,16.662
19840817,14.63
19840818,14.353
19840819,10.779
19840820,11.616
19840821,13.696
19840822,14.73
19840823,14.852
19840824,11.789
19840825,11.665
19840826,12.509
19840827,10.693
19840828,13.179
19840829,10.781
19840830,13.291
19840831,14.23
19840901,14.76
19840902,14.169
19840903,12.051
19840904,9.5914
19840905,10.332
19840906,8.8878
19840907,8.7396
19840908,9.442
19840909,10.69
19840910,12.885
19840911,14.773
19840912,14.506
19840913,12.507
19840914,12.757
19840915,13.176
19840916,13.386
19840917,13.469
19840918,14.303
19840919,13.218
19840920,13.615
19840921,14.937
19840922,14.355
19840923,13.555
19840924,14.273
19840925,14.64
19840926,14.011
19840927,14.128
19840928,12.328
19840929,10.671
19840930,8.0757
19841001,9.5804
19841002,7.0535
19841003,5.1706
19841004,4.5994
19841005,5.3273
19841006,4.1846
19841007,5.5495
19841008,6.2108
19841009,4.302
19841010,3.6177
19841011,4.2919
19841012,5.0771
19841013,6.0226
19841014,11.08
19841015,12.445
19841016,8.5454
19841017,5.9975
19841018,5.9896
19841019,6.9676
19841020,6.7276
19841021,5.5118
19841022,5.3913
19841023,10.239
19841024,11.45
19841025,11.799
19841026,13.264
19841027,11.705
19841028,11.165
19841029,10.648
19841030,10.526
19841031,13.028
19841101,9.2619
19841102,7.221
19841103,7.4412
19841104,6.1986
19841105,3.0616
19841106,1.4233
19841107,5.35
19841108,8.4475
19841109,8.4057
19841110,8.2319
19841111,9.9454
19841112,4.5493
19841113,3.5797
19841114,3.2137
19841115,0.68918
19841116,3.015
19841117,0.99835
19841118,0.58975
19841119,0.25558
19841120,-0.065883
19841121,-1.9609
19841122,-2.9123
19841123,0.91645
19841124,-0.29273
19841125,2.3729
19841126,1.5459
19841127,2.2628
19841128,1.6433
19841129,7.7281
19841130,9.8494
19841201,10.302
19841202,7.4545
19841203,6.7125
19841204,8.8849
19841205,5.1941
19841206,3.5465
19841207,2.4411
19841208,2.2625
19841209,-0.19992
19841210,-0.2847
19841211,-0.13638
19841212,-1.299
19841213,-2.6349
19841214,4.0504
19841215,1.9631
19841216,-0.45624
19841217,-1.5352
19841218,-1.8974
19841219,-2.4079
19841220,-2.7685
19841221,-1.4702
19841222,-2.0027
19841223,-2.2424
19841224,-2.2096
19841225,0.3122
19841226,0.30419
19841227,-0.13693
19841228,0.40759
19841229,2.2597
19841230,6.7811
19841231,4.3951
19850101,1.4209
19850102,-0.43919
19850103,6.0977
19850104,0.71722
19850105,-5.6319
19850106,-7.1487
19850107,-0.83778
19850108,-2.8675
19850109,-4.1521
19850110,-6.2303
19850111,-7.7518
19850112,-8.4003
19850113,-8.1782
19850114,-7.3845
19850115,-7.27
19850116,-6.9649
19850117,-2.1515
19850118,-0.78895
19850119,-3.254
19850120,-5.0295
19850121,-5.6613
19850122,-0.0098124
19850123,-4.0254
19850124,0.43035
19850125,-3.5056
19850126,-4.6807
19850127,2.273
19850128,-2.738
19850129,-3.87
19850130,-0.60858
19850131,-1.5719
19850201,-2.3014
19850202,-0.8729
19850203,-2.4286
19850204,-2.3098
19850205,-4.0563
19850206,-1.7222
19850207,-2.0112
19850208,-3.2737
19850209,-3.3023
19850210,-2.6678
19850211,-0.60957
19850212,-1.729
19850213,1.5464
19850214,-0.29115
19850215,-1.4178
19850216,-3.6395
19850217,-2.8214
19850218,-0.69158
19850219,-1.4085
19850220,-0.17924
19850221,0.45312
19850222,4.5954
19850223,1.1526
19850224,-0.38741
19850225,3.3929
19850226,5.391
19850227,5.901
19850228,4.2045
19850301,4.4707
19850302,4.9066
19850303,2.1954
19850304,-0.064286
19850305,1.7172
19850306,2.0534
19850307,1.8637
19850308,2.1491
19850309,3.7659
19850310,4.0666
19850311,5.4347
19850312,3.1526
19850313,0.74054
19850314,1.1043
19850315,-0.35484
19850316,2.527
19850317,-0.55267
19850318,3.1618
19850319,3.9815
19850320,2.6956
19850321,4.8121
19850322,0.64268
19850323,-0.71335
19850324,-0.98476
19850325,0.0059347
19850326,-0.23813
19850327,-0.83763
19850328,-2.0338
19850329,-0.34717
19850330,5.6794
19850331,5.6745
19850401,2.5477
19850402,4.1988
19850403,7.0598
19850404,4.9836
19850405,4.6462
19850406,4.0902
19850407,4.0247
19850408,5.1388
19850409,3.9603
19850410,3.2814
19850411,4.7538
19850412,5.2717
19850413,4.8943
19850414,4.1087
19850415,2.1505
19850416,1.473
19850417,6.3011
19850418,3.8035
19850419,3.5728
19850420,5.5903
19850421,6.4503
19850422,4.8748
19850423,6.4812
19850424,7.1574
19850425,6.7262
19850426,8.481
19850427,7.0121
19850428,6.4433
19850429,8.7042
19850430,8.8732
19850501,8.1287
19850502,10.053
19850503,8.4111
19850504,8.2786
19850505,5.0609
19850506,3.7264
19850507,4.033
19850508,5.619
19850509,6.9248
19850510,9.4437
19850511,10.774
19850512,11.803
19850513,13.498
19850514,14.064
19850515,11.987
19850516,9.8808
19850517,9.5902
19850518,7.9902
19850519,5.8154
19850520,7.6596
19850521,9.2949
19850522,9.1651
19850523,9.6386
19850524,9.534
19850525,12.007
19850526,12.22
19850527,12.625
19850528,13.009
19850529,11.705
19850530,11.385
19850531,14.205
19850601,14.9
19850602,14.292
19850603,13.129
19850604,13.376
19850605,14.278
19850606,12.747
19850607,14.421
19850608,12.539
19850609,12.005
19850610,13.108
19850611,14.05
19850612,13.53
19850613,11.487
19850614,11.543
19850615,14.508
19850616,14.097
19850617,13.059
19850618,13.021
19850619,13.89
19850620,12.426
19850621,11.196
19850622,12.63
19850623,11.804
19850624,14.557
19850625,13.059
19850626,11.568
19850627,11.418
19850628,12.459
19850629,10.395
19850630,10.332
19850701,10.461
19850702,12.201
19850703,14.045
19850704,14.25
19850705,15.169
19850706,17.328
19850707,16.988
19850708,18.172
19850709,16.376
19850710,16.199
19850711,17.87
19850712,20.715
19850713,19.92
19850714,19.617
19850715,19.4
19850716,19.821
19850717,18.502
19850718,16.357
19850719,16.959
19850720,16.002
19850721,18.571
19850722,16.464
19850723,17.083
19850724,16.811
19850725,14.828
19850726,14.947
19850727,16.188
19850728,13.619
19850729,14.628
19850730,15.436
19850731,14.953
19850801,14.826
19850802,14.925
19850803,13.567
19850804,13.809
19850805,13.544
19850806,13.66
19850807,14.229
19850808,14.446
19850809,14.954
19850810,14.447
19850811,14.966
19850812,15.615
19850813,12.929
19850814,14.545
19850815,14.442
19850816,13.841
19850817,12.571
19850818,12.55
19850819,13.166
19850820,14.052
19850821,14.553
19850822,15.462
19850823,14.638
19850824,15.377
19850825,15.807
19850826,14.113
19850827,15.685
19850828,11.762
19850829,11.187
19850830,13.268
19850831,13.473
19850901,11.764
19850902,13.47
19850903,13.714
19850904,14.361
19850905,17.04
19850906,16.051
19850907,14.348
19850908,14.507
19850909,11.749
19850910,13.315
19850911,13.91
19850912,15.816
19850913,17.215
19850914,16.613
19850915,16.783
19850916,12.366
19850917,12.004
19850918,16.053
19850919,12.075
19850920,13.816
19850921,14.441
19850922,10.802
19850923,7.7594
19850924,6.9041
19850925,9.4798
19850926,11.514
19850927,11.155
19850928,9.1979
19850929,7.9978
19850930,7.6865
19851001,7.1198
19851002,8.1786
19851003,8.6161
19851004,6.9792
19851005,9.139
19851006,11.414
19851007,8.0118
19851008,5.8255
19851009,2.9958
19851010,5.2002
19851011,9.1386
19851012,13.256
19851013,11.639
19851014,10.726
19851015,14.247
19851016,8.1954
19851017,6.1422
19851018,6.7563
19851019,8.298
19851020,7.0382
19851021,10.518
19851022,6.6712
19851023,4.7768
19851024,3.0705
19851025,4.265
19851026,6.2496
19851027,7.4473
19851028,6.7508
19851029,4.8276
19851030,3.5766
19851031,3.9331
19851101,1.9785
19851102,2.0655
19851103,1.4577
19851104,2.6318
19851105,0.88575
19851106,3.3397
19851107,1.8787
19851108,0.29737
19851109,-0.11853
19851110,-0.43338
19851111,-0.67696
19851112,-1.6933
19851113,-3.335
19851114,-2.1194
19851115,-1.4137
19851116,-0.60595
19851117,-1.9305
19851118,-2.0694
19851119,-2.148
19851120,-2.6078
19851121,-4.2791
19851122,-3.4941
19851123,-2.7065
19851124,-2.6251
19851125,-1.4798
19851126,-2.4332
19851127,-3.5275
19851128,-3.7575
19851129,-2.6104
19851130,-4.7235
19851201,-3.4355
19851202,-0.86347
19851203,-2.6416
19851204,-4.4156
19851205,-0.69342
19851206,-2.4429
19851207,-3.5971
19851208,-5.2976
19851209,-4.9746
19851210,-3.9856
19851211,-5.0387
19851212,-6.5821
19851213,-2.8081
19851214,-2.7462
19851215,-4.9287
19851216,-6.6008
19851217,-6.4431
19851218,-4.0742
19851219,2.1363
19851220,0.33802
19851221,2.4737
19851222,3.4056
19851223,-1.5634
19851224,-4.3699
19851225,-3.9119
19851226,-2.3221
19851227,-1.0625
19851228,-1.7422
19851229,-2.4875
19851230,-2.6986
19851231,0.44052
19860101,4.5508
19860102,-0.73026
19860103,-1.5096
19860104,-2.7602
19860105,0.62226
19860106,-1.1754
19860107,-2.5323
19860108,-0.33854
19860109,-1.1822
19860110,0.54784
19860111,-1.9828
19860112,-0.71833
19860113,-1.1803
19860114,-1.0944
19860115,1.0098
19860116,-0.75569
19860117,0.51042
19860118,1.5708
19860119,-1.4352
19860120,-2.7771
19860121,5.916
19860122,4.0874
19860123,1.7738
19860124,1.537
19860125,4.1727
19860126,4.1379
19860127,-0.014207
19860128,-2.4462
19860129,-3.8163
19860130,-2.7437
19860131,-3.987
19860201,-3.9345
19860202,-1.3958
19860203,-3.8365
19860204,-4.8549
19860205,-5.5717
19860206,-1.12
19860207,0.2816
19860208,-1.3513
19860209,-5.0366
19860210,-3.7287
19860211,-3.4904
19860212,-3.5958
19860213,-4.1132
19860214,-3.0178
19860215,-3.6966
19860216,-2.0698
19860217,-3.7719
19860218,-3.2089
19860219,1.0803
19860220,4.753
19860221,3.0934
19860222,-0.9625
19860223,-1.5638
19860224,-2.263
19860225,0.17689
19860226,-2.2726
19860227,-2.7593
19860228,2.605
19860301,2.4472
19860302,1.3739
19860303,3.2471
19860304,4.5796
19860305,2.1773
19860306,-0.71052
19860307,4.3399
19860308,4.6333
19860309,2.0945
19860310,1.0847
19860311,3.4034
19860312,3.1885
19860313,3.9387
19860314,1.0917
19860315,-0.29133
19860316,3.2334
19860317,1.8183
19860318,0.058425
19860319,-2.4822
19860320,2.9583
19860321,3.842
19860322,1.8075
19860323,-0.75603
19860324,-0.54943
19860325,1.9823
19860326,5.3039
19860327,6.0236
19860328,5.8482
19860329,4.022
19860330,2.1294
19860331,3.8858
19860401,4.6101
19860402,1.389
19860403,0.21223
19860404,3.639
19860405,2.1205
19860406,5.604
19860407,6.8766
19860408,6.9122
19860409,9.8292
19860410,6.6943
19860411,7.2047
19860412,3.627
19860413,2.3771
19860414,6.5839
19860415,6.6519
19860416,8.9967
19860417,5.2162
19860418,2.2366
19860419,4.0696
19860420,6.1188
19860421,4.0901
19860422,9.3651
19860423,7.3618
19860424,5.9919
19860425,8.3841
19860426,9.7453
19860427,11.833
19860428,10.751
19860429,10.383
19860430,14.358
19860501,13.496
19860502,12.397
19860503,10.35
19860504,10.05
19860505,8.9948
19860506,10.653
19860507,11.078
19860508,9.1439
19860509,8.2507
19860510,8.4033
19860511,8.3664
19860512,11.846
19860513,12.707
19860514,12.709
19860515,13.194
19860516,11.905
19860517,11.564
19860518,10.067
19860519,11.24
19860520,10.615
19860521,8.6893
19860522,10.563
19860523,11.385
19860524,12.065
19860525,13.387
19860526,12.953
19860527,12.334
19860528,12.282
19860529,10.261
19860530,9.0098
19860531,9.8244
19860601,9.4426
19860602,11.036
19860603,13.569
19860604,12.624
19860605,10.391
19860606,8.5196
19860607,8.7105
19860608,9.1545
19860609,9.8646
19860610,10.833
19860611,11.002
19860612,9.5328
19860613,11.671
19860614,13.83
19860615,12.596
19860616,13.531
19860617,15.702
19860618,16.67
19860619,18.241
19860620,17.289
19860621,13.81
19860622,15.208
19860623,15.783
19860624,18.166
19860625,16.621
19860626,17.065
19860627,17.029
19860628,17.184
19860629,10.937
19860630,9.7894
19860701,9.4882
19860702,12.905
19860703,12.912
19860704,15.556
19860705,14.84
19860706,16.6
19860707,19.48
19860708,17.979
19860709,16.576
19860710,16.286
19860711,14.957
19860712,14.048
19860713,13.381
19860714,12.456
19860715,13.636
19860716,13.968
19860717,15.201
19860718,16.952
19860719,17.652
19860720,18.647
19860721,17.136
19860722,17.096
19860723,19.551
19860724,19.571
19860725,19.267
19860726,18.36
19860727,16.573
19860728,16.352
19860729,19.131
19860730,15.641
19860731,15.618
19860801,15.799
19860802,16.631
19860803,18.82
19860804,16.675
19860805,13.59
19860806,15.618
19860807,19.833
19860808,19.914
19860809,19.757
19860810,16.126
19860811,13.353
19860812,17.386
19860813,20.352
19860814,18.193
19860815,14.84
19860816,13.919
19860817,14.565
19860818,14.045
19860819,17
19860820,12.119
19860821,11.059
19860822,11.809
19860823,16.919
19860824,14.822
19860825,12.343
19860826,14.284
19860827,11.108
19860828,14.736
19860829,16.524
19860830,17.244
19860831,18.332
19860901,14.5
19860902,11.675
19860903,10.161
19860904,12.213
19860905,12.051
19860906,12.122
19860907,10.829
19860908,11.415
19860909,12.685
19860910,9.4432
19860911,8.9822
19860912,12.116
19860913,11.005
19860914,8.7872
19860915,7.3056
19860916,8.1878
19860917,9.4111
19860918,8.0679
19860919,8.7372
19860920,6.5217
19860921,10.141
19860922,9.8979
19860923,7.9046
19860924,6.9941
19860925,9.0647
19860926,11.558
19860927,16.05
19860928,14.703
19860929,12.174
19860930,15.015
19861001,12.237
19861002,10.486
19861003,13.203
19861004,12.628
19861005,10.084
19861006,11.745
19861007,15.742
19861008,13.871
19861009,12.281
19861010,13.868
19861011,8.2703
19861012,6.9558
19861013,10.532
19861014,13.503
19861015,12.609
19861016,11.338
19861017,11.84
19861018,12.355
19861019,12.388
19861020,13.799
19861021,12.611
19861022,12.589
19861023,10.933
19861024,10.576
19861025,7.0035
19861026,5.9542
19861027,8.0671
19861028,6.0131
19861029,4.0989
19861030,4.9116
19861031,4.2224
19861101,3.8553
19861102,5.4363
19861103,6.7827
19861104,5.6919
19861105,5.9364
19861106,6.5329
19861107,3.0287
19861108,-0.020127
19861109,5.4279
19861110,4.2982
19861111,1.0171
19861112,-0.024084
19861113,-0.80999
19861114,0.86599
19861115,2.041
19861116,1.8943
19861117,0.33759
19861118,-0.84862
19861119,-0.52359
19861120,-0.2778
19861121,0.26361
19861122,0.29168
19861123,-0.81284
19861124,-1.254
19861125,-1.5026
19861126,1.6784
19861127,-0.33147
19861128,1.0064
19861129,-0.18709
19861130,1.5699
19861201,-1.3745
19861202,-3.0433
19861203,1.7285
19861204,0.87968
19861205,3.9037
19861206,3.2309
19861207,2.3616
19861208,1.6263
19861209,1.3472
19861210,0.12715
19861211,-0.22291
19861212,4.1483
19861213,6.1488
19861214,2.817
19861215,2.1391
19861216,2.9387
19861217,1.2417
19861218,1.7064
19861219,1.2209
19861220,0.56541
19861221,0.22755
19861222,-1.1926
19861223,-2.0889
19861224,-2.6072
19861225,-3.0611
19861226,-2.3735
19861227,-2.8835
19861228,-3.5426
19861229,2.1407
19861230,1.674
19861231,5.2954
19870101,-1.3484
19870102,-3.1503
19870103,-2.2764
19870104,-4.2403
19870105,-2.9779
19870106,-1.5299
19870107,0.73523
19870108,-0.65348
19870109,-2.0285
19870110,0.037663
19870111,2.0817
19870112,1.6882
19870113,0.74204
19870114,1.0194
19870115,-0.45322
19870116,-0.055507
19870117,-2.6524
19870118,-4.22
19870119,-4.325
19870120,-2.1347
19870121,-4.8941
19870122,-3.0838
19870123,-4.4124
19870124,-5.7646
19870125,-5.2226
19870126,-3.3336
19870127,-1.3107
19870128,-3.5454
19870129,-4.1147
19870130,-5.0075
19870131,-4.6044
19870201,-6.0531
19870202,-6.8714
19870203,-7.2304
19870204,-5.4227
19870205,2.7436
19870206,-1.7997
19870207,-3.3504
19870208,-1.409
19870209,-2.0571
19870210,-0.36566
19870211,-2.9645
19870212,-1.4397
19870213,-0.69258
19870214,1.2993
19870215,0.8723
19870216,-0.83366
19870217,-0.41188
19870218,2.9126
19870219,1.5837
19870220,-0.096309
19870221,-1.6431
19870222,-2.2582
19870223,-0.30105
19870224,3.7896
19870225,3.088
19870226,3.7071
19870227,2.9847
19870228,0.06701
19870301,0.96238
19870302,1.7257
19870303,1.7667
19870304,1.6078
19870305,5.2755
19870306,0.82815
19870307,0.60845
19870308,1.2387
19870309,2.7859
19870310,4.1781
19870311,2.0128
19870312,2.8327
19870313,1.5892
19870314,2.8107
19870315,0.1821
19870316,1.1223
19870317,-0.96673
19870318,1.0545
19870319,3.4708
19870320,4.356
19870321,3.2217
19870322,2.449
19870323,5.8401
19870324,7.0142
19870325,5.12
19870326,2.0852
19870327,4.7969
19870328,2.9476
19870329,1.5086
19870330,2.3411
19870331,3.3305
19870401,5.4673
19870402,7.9048
19870403,6.399
19870404,4.4857
19870405,1.8161
19870406,3.0333
19870407,0.85352
19870408,4.2811
19870409,7.6976
19870410,6.1078
19870411,6.711
19870412,6.7393
19870413,6.6414
19870414,4.683
19870415,2.0427
19870416,2.8971
19870417,2.3224
19870418,2.0506
19870419,0.93114
19870420,3.38
19870421,4.757
19870422,4.0963
19870423,2.2096
19870424,3.8574
19870425,4.1465
19870426,2.3425
19870427,6.0233
19870428,6.362
19870429,8.097
19870430,9.0923
19870501,9.284
19870502,8.8043
19870503,9.7292
19870504,10.338
19870505,9.7837
19870506,8.782
19870507,9.9388
19870508,9.5119
19870509,11.271
19870510,9.5549
19870511,7.7286
19870512,8.8297
19870513,10.858
19870514,11.057
19870515,9.7426
19870516,12.146
19870517,8.218
19870518,8.9439
19870519,10.299
19870520,10.345
19870521,11.337
19870522,11.615
19870523,11.43
19870524,11.484
19870525,12.289
19870526,10.296
19870527,10.834
19870528,9.8372
19870529,8.1654
19870530,9.848
19870531,9.5285
19870601,9.3486
19870602,9.6353
19870603,9.3865
19870604,12.178
19870605,12.975
19870606,15.59
19870607,17.388
19870608,20.071
19870609,19.523
19870610,16.705
19870611,15.176
19870612,15.836
19870613,15.472
19870614,17.037
19870615,15.474
19870616,14.401
19870617,14.531
19870618,16.52
19870619,16.142
19870620,15.877
19870621,14.197
19870622,14.19
19870623,13.392
19870624,14.734
19870625,14.777
19870626,13.813
19870627,14.923
19870628,14.286
19870629,14.796
19870630,16.408
19870701,16.598
19870702,16.203
19870703,13.725
19870704,14.493
19870705,14.451
19870706,14.229
19870707,15.028
19870708,15.512
19870709,15.195
19870710,16.339
19870711,17.086
19870712,18.028
19870713,15.519
19870714,18.03
19870715,18.425
19870716,18.263
19870717,18.459
19870718,17.543
19870719,19.107
19870720,18.859
19870721,17.18
19870722,18.571
19870723,18.244
19870724,17.803
19870725,18.232
19870726,18.823
19870727,18.199
19870728,19.362
19870729,19.615
19870730,17.918
19870731,15.466
19870801,19.022
19870802,17.115
19870803,14.94
19870804,16.987
19870805,18.66
19870806,19.77
19870807,19.043
19870808,18.758
19870809,18.233
19870810,18.035
19870811,15.357
19870812,12.125
19870813,12.748
19870814,13.391
19870815,11.3
19870816,13.274
19870817,14.556
19870818,14.382
19870819,14.412
19870820,14.186
19870821,13.962
19870822,15.122
19870823,16.786
19870824,17.801
19870825,18.214
19870826,19.086
19870827,18.172
19870828,20.155
19870829,21.482
19870830,19.625
19870831,18.927
19870901,19.162
19870902,18.681
19870903,18.543
19870904,17.335
19870905,17.573
19870906,17.168
19870907,16.243
19870908,14.735
19870909,12.698
19870910,15.839
19870911,14.617
19870912,12.903
19870913,14.095
19870914,16.941
19870915,15.975
19870916,14.691
19870917,15.512
19870918,14.957
19870919,16.571
19870920,15.464
19870921,10.356
19870922,10.181
19870923,15.871
19870924,15.336
19870925,12.617
19870926,11.589
19870927,10.952
19870928,10.536
19870929,10.248
19870930,11.47
19871001,12.251
19871002,13.532
19871003,10.67
19871004,8.2973
19871005,6.1239
19871006,8.5427
19871007,6.1683
19871008,4.4744
19871009,8.6745
19871010,8.7373
19871011,6.6595
19871012,3.6536
19871013,9.8498
19871014,9.0228
19871015,7.2855
19871016,11.529
19871017,9.4969
19871018,6.6172
19871019,5.3605
19871020,5.6575
19871021,5.9617
19871022,5.6591
19871023,6.873
19871024,5.1419
19871025,3.4236
19871026,2.9178
19871027,4.4606
19871028,3.9366
19871029,3.903
19871030,9.1471
19871031,11.819
19871101,11.477
19871102,10.694
19871103,7.6402
19871104,5.5615
19871105,3.188
19871106,6.3123
19871107,8.5899
19871108,7.1464
19871109,2.2264
19871110,-0.66881
19871111,1.2831
19871112,-0.31639
19871113,1.1873
19871114,4.0801
19871115,2.7021
19871116,1.25
19871117,5.2538
19871118,6.2054
19871119,5.2764
19871120,4.0463
19871121,3.5333
19871122,4.5126
19871123,4.5782
19871124,3.7757
19871125,3.9822
19871126,4.3782
19871127,4.9785
19871128,2.3848
19871129,4.1253
19871130,5.5819
19871201,7.0496
19871202,3.5279
19871203,0.35417
19871204,2.0699
19871205,4.0116
19871206,1.0261
19871207,0.60358
19871208,3.2225
19871209,4.3574
19871210,2.4117
19871211,2.8746
19871212,3.1257
19871213,7.0766
19871214,5.819
19871215,2.7716
19871216,1.545
19871217,9.8965
19871218,8.2225
19871219,-0.049658
19871220,-1.1394
19871221,-2.2594
19871222,-3.3901
19871223,-2.8512
19871224,2.7084
19871225,4.6367
19871226,1.9307
19871227,1.247
19871228,1.8617
19871229,0.61071
19871230,3.7738
19871231,4.9982
19880101,4.8049
19880102,1.5206
19880103,-0.94569
19880104,0.33545
19880105,-0.86381
19880106,3.0381
19880107,1.3327
19880108,0.42376
19880109,-0.3267
19880110,-0.93255
19880111,-3.0943
19880112,-2.6243
19880113,0.24417
19880114,0.23909
19880115,2.5504
19880116,8.9151
19880117,8.5856
19880118,8.5619
19880119,7.5603
19880120,8.3548
19880121,7.2406
19880122,4.1721
19880123,2.9793
19880124,1.7379
19880125,0.0094035
19880126,1.0934
19880127,4.7594
19880128,1.8738
19880129,6.1563
19880130,3.6063
19880131,0.20605
19880201,1.5759
19880202,2.5995
19880203,0.72704
19880204,6.2227
19880205,3.8913
19880206,3.3756
19880207,1.404
19880208,-0.89694
19880209,1.9649
19880210,0.52755
19880211,0.62644
19880212,-1.0786
19880213,-2.3172
19880214,-1.2293
19880215,3.0051
19880216,4.3438
19880217,3.0284
19880218,1.7658
19880219,-0.25354
19880220,2.0389
19880221,0.77991
19880222,-0.21409
19880223,0.28104
19880224,-0.59738
19880225,2.5458
19880226,2.1343
19880227,6.5603
19880228,5.778
19880229,4.4257
19880301,2.0418
19880302,3.7149
19880303,2.9327
19880304,3.5838
19880305,1.9575
19880306,0.77119
19880307,-0.24001
19880308,4.081
19880309,2.7092
19880310,0.58452
19880311,-0.72062
19880312,-0.048315
19880313,0.10054
19880314,-0.064439
19880315,2.424
19880316,3.7584
19880317,2.6999
19880318,3.665
19880319,0.37968
19880320,-2.6195
19880321,-2.444
19880322,-2.3841
19880323,3.5742
19880324,2.0131
19880325,1.3373
19880326,-0.81932
19880327,1.7786
19880328,0.34371
19880329,2.423
19880330,1.6259
19880331,3.6998
19880401,3.994
19880402,1.8662
19880403,3.7011
19880404,5.1178
19880405,7.0783
19880406,7.1684
19880407,4.7563
19880408,2.7926
19880409,3.7087
19880410,2.8779
19880411,3.1985
19880412,1.4248
19880413,5.1176
19880414,3.8203
19880415,2.5904
19880416,3.0947
19880417,6.8884
19880418,5.4616
19880419,3.6278
19880420,4.1597
19880421,7.219
19880422,4.7039
19880423,5.9958
19880424,6.4145
19880425,4.52
19880426,8.7475
19880427,6.725
19880428,4.5921
19880429,9.8747
19880430,6.1601
19880501,3.113
19880502,4.7743
19880503,5.4664
19880504,7.3454
19880505,9.4773
19880506,9.7514
19880507,8.1186
19880508,10.357
19880509,8.7193
19880510,7.1777
19880511,7.1209
19880512,7.1093
19880513,9.2197
19880514,11.225
19880515,10.921
19880516,9.3376
19880517,6.6
19880518,7.5732
19880519,9.2736
19880520,10.984
19880521,11.39
19880522,12.685
19880523,12.734
19880524,12.921
19880525,12.114
19880526,10.507
19880527,8.1732
19880528,9.1196
19880529,9.1837
19880530,11.811
19880531,13.353
19880601,11.538
19880602,12.087
19880603,12.72
19880604,11.96
19880605,13.833
19880606,14.539
19880607,13.114
19880608,12.739
19880609,12.139
19880610,11.903
19880611,14.108
19880612,14.474
19880613,13.669
19880614,14.251
19880615,12.91
19880616,13.139
19880617,13.412
19880618,12.766
19880619,13.15
19880620,17.052
19880621,17.379
19880622,15.58
19880623,13.37
19880624,12.306
19880625,13.286
19880626,11.229
19880627,12.626
19880628,13.6
19880629,12.609
19880630,15.244
19880701,15.906
19880702,16.856
19880703,17.388
19880704,16.767
19880705,18.56
19880706,15.891
19880707,15.012
19880708,16
19880709,17.935
19880710,19.718
19880711,18.622
19880712,18.017
19880713,16.428
19880714,15.928
19880715,15.696
19880716,17.273
19880717,16.192
19880718,15.051
19880719,15.32
19880720,17.636
19880721,17.908
19880722,18.576
19880723,17.459
19880724,16.918
19880725,19.036
19880726,17.592
19880727,15.884
19880728,15.83
19880729,17.451
19880730,19.013
19880731,19.216
19880801,19.614
19880802,19.881
19880803,20.049
19880804,21.644
19880805,21.553
19880806,18.984
19880807,17.896
19880808,17.884
19880809,17.34
19880810,17.308
19880811,17.129
19880812,18.726
19880813,19.53
19880814,19.658
19880815,20.164
19880816,17.593
19880817,21.692
19880818,20.117
19880819,19.378
19880820,18.832
19880821,18.548
19880822,16.624
19880823,17.329
19880824,18.662
19880825,17.27
19880826,18.471
19880827,16.057
19880828,13.592
19880829,13.845
19880830,15.663
19880831,16.435
19880901,18.006
19880902,18.27
19880903,17.622
19880904,17.477
19880905,12.414
19880906,10.858
19880907,11.066
19880908,16.189
19880909,13.846
19880910,11.098
19880911,14.204
19880912,11.201
19880913,10.767
19880914,14.433
19880915,10.445
19880916,11.795
19880917,10.792
19880918,9.7264
19880919,8.0477
19880920,10.552
19880921,13.924
19880922,13.245
19880923,14.295
19880924,14.904
19880925,15.497
19880926,15.084
19880927,12.074
19880928,12.252
19880929,14.82
19880930,9.1532
19881001,7.1728
19881002,7.8142
19881003,6.3784
19881004,3.9186
19881005,7.8914
19881006,12.621
19881007,10.82
19881008,10.082
19881009,10.062
19881010,9.6823
19881011,9.1941
19881012,9.3245
19881013,7.4869
19881014,6.1616
19881015,5.6223
19881016,9.3885
19881017,11.896
19881018,9.261
19881019,7.0784
19881020,6.337
19881021,5.1013
19881022,8.2411
19881023,4.6372
19881024,3.9189
19881025,4.1867
19881026,2.3488
19881027,6.0923
19881028,5.3029
19881029,4.6643
19881030,3.9318
19881031,4.4659
19881101,5.3106
19881102,2.7906
19881103,5.0235
19881104,6.5635
19881105,4.8746
19881106,4.0553
19881107,2.5851
19881108,1.8657
19881109,0.28243
19881110,-0.66005
19881111,-1.5604
19881112,-1.2548
19881113,-1.4501
19881114,0.22077
19881115,1.9267
19881116,6.1168
19881117,3.3104
19881118,2.2789
19881119,0.57965
19881120,-1.0439
19881121,5.1027
19881122,4.3896
19881123,1.6316
19881124,0.36464
19881125,3.3601
19881126,3.3684
19881127,2.7992
19881128,5.9268
19881129,1.0306
19881130,1.6911
19881201,-1.5597
19881202,2.348
19881203,0.65813
19881204,-2.477
19881205,2.233
19881206,1.2713
19881207,1.5535
19881208,2.8178
19881209,1.2846
19881210,2.2959
19881211,2.0193
19881212,3.5153
19881213,4.7447
19881214,4.1348
19881215,4.5022
19881216,2.7945
19881217,-0.906
19881218,-2.5106
19881219,-2.2626
19881220,-1.0945
19881221,-2.7583
19881222,-4.1356
19881223,-3.7166
19881224,-4.5945
19881225,-5.1081
19881226,-3.3167
19881227,3.8287
19881228,5.6473
19881229,8.0954
19881230,5.9986
19881231,0.062708
19890101,-1.2533
19890102,-1.3479
19890103,-2.5275
19890104,-2.0693
19890105,-3.1588
19890106,-1.8918
19890107,-4.1581
19890108,-3.985
19890109,-2.9974
19890110,-3.1347
19890111,-2.6084
19890112,-2.8491
19890113,-1.5575
19890114,-2.3957
19890115,-3.4475
19890116,-3.9516
19890117,-3.6198
19890118,-4.5123
19890119,-3.3255
19890120,-3.3458
19890121,-1.8068
19890122,-1.2965
19890123,-1.6796
19890124,4.3802
19890125,4.3147
19890126,0.041101
19890127,-0.60462
19890128,2.3984
19890129,2.3009
19890130,-1.5446
19890131,-2.2161
19890201,1.4906
19890202,1.339
19890203,1.7775
19890204,0.57931
19890205,0.88905
19890206,1.6827
19890207,-0.44118
19890208,-0.92047
19890209,-0.80965
19890210,-2.1314
19890211,-0.36282
19890212,-0.59241
19890213,4.2235
19890214,0.90178
19890215,0.35674
19890216,-0.58244
19890217,-1.9517
19890218,-0.94656
19890219,-1.2935
19890220,-2.0817
19890221,-2.6531
19890222,-0.12191
19890223,1.6699
19890224,4.4893
19890225,5.4947
19890226,5.2559
19890227,1.444
19890228,1.4538
19890301,-0.11483
19890302,-0.59047
19890303,-0.053931
19890304,-0.2805
19890305,0.90479
19890306,-0.53728
19890307,-0.21055
19890308,-1.9589
19890309,-2.5217
19890310,-1.9135
19890311,-0.87015
19890312,-1.9735
19890313,-2.295
19890314,-1.6548
19890315,2.6237
19890316,-0.56236
19890317,-2.492
19890318,-1.1241
19890319,3.3252
19890320,0.86547
19890321,1.4493
19890322,3.3642
19890323,1.5346
19890324,3.5412
19890325,3.326
19890326,1.0021
19890327,3.9458
19890328,6.5591
19890329,6.1236
19890330,3.2832
19890331,0.93475
19890401,1.9417
19890402,3.5796
19890403,3.003
19890404,2.2855
19890405,3.2412
19890406,1.1667
19890407,3.4663
19890408,5.6412
19890409,5.7058
19890410,4.2032
19890411,6.5265
19890412,10.239
19890413,10.84
19890414,9.1589
19890415,5.3416
19890416,2.6023
19890417,2.964
19890418,4.04
19890419,4.038
19890420,4.4901
19890421,4.0519
19890422,2.572
19890423,1.3317
19890424,4.6972
19890425,2.3168
19890426,6.6477
19890427,4.355
19890428,2.3552
19890429,4.7865
19890430,4.674
19890501,8.842
19890502,9.2772
19890503,8.9658
19890504,9.5468
19890505,8.048
19890506,7.3397
19890507,7.5241
19890508,8.5354
19890509,7.3816
19890510,8.4583
19890511,9.9708
19890512,13.155
19890513,10.988
19890514,10.215
19890515,9.4322
19890516,10.732
19890517,10.695
19890518,10.791
19890519,10.446
19890520,11.574
19890521,11.371
19890522,11.715
19890523,12.284
19890524,11.261
19890525,11.251
19890526,11.495
19890527,13.219
19890528,14.446
19890529,12.153
19890530,10.955
19890531,10.982
19890601,13.49
19890602,15.893
19890603,14.383
19890604,13.185
19890605,12.125
19890606,12.114
19890607,14.671
19890608,14.994
19890609,13.665
19890610,13.712
19890611,14.232
19890612,14.681
19890613,12.507
19890614,11.001
19890615,13.376
19890616,12.54
19890617,10.39
19890618,13.083
19890619,13.873
19890620,13.557
19890621,14.921
19890622,15.381
19890623,15.83
19890624,14.985
19890625,13.611
19890626,16.496
19890627,15.932
19890628,15.828
19890629,14.259
19890630,12.731
19890701,13.981
19890702,13.497
19890703,12.051
19890704,11.544
19890705,13.074
19890706,16.235
19890707,14.824
19890708,13.49
19890709,16.833
19890710,17.597
19890711,17.049
19890712,18.889
19890713,18.295
19890714,20.551
19890715,18.453
19890716,18.081
19890717,18.218
19890718,19.027
19890719,17.899
19890720,17.242
19890721,16.248
19890722,18.853
19890723,17.606
19890724,17.26
19890725,19.553
19890726,21.298
19890727,19.613
19890728,18.246
19890729,16.72
19890730,17.56
19890731,18.718
19890801,17.805
19890802,19.682
19890803,17.508
19890804,16.14
19890805,16.136
19890806,14.531
19890807,17.514
19890808,17.112
19890809,17.858
19890810,17.654
19890811,17.594
19890812,18.514
19890813,18.043
19890814,19.876
19890815,18.865
19890816,18.916
19890817,20.291
19890818,17.523
19890819,16.635
19890820,17.336
19890821,15.272
19890822,15.88
19890823,17.039
19890824,17.758
19890825,17.478
19890826,14.309
19890827,17.666
19890828,11.547
19890829,10.171
19890830,11.92
19890831,16.589
19890901,16.668
19890902,15.052
19890903,12.606
19890904,12.969
19890905,12.946
19890906,12.178
19890907,12.659
19890908,11.981
19890909,12.806
19890910,13.47
19890911,13.349
19890912,12.78
19890913,13.173
19890914,16.197
19890915,15.711
19890916,11.503
19890917,9.6275
19890918,11.184
19890919,13.785
19890920,12.071
19890921,14.882
19890922,13.879
19890923,13.839
19890924,12.326
19890925,10.463
19890926,12.932
19890927,11.113
19890928,10.575
19890929,9.4927
19890930,10.315
19891001,8.107
19891002,8.0632
19891003,9.1206
19891004,11.339
19891005,9.3421
19891006,8.6391
19891007,9.2426
19891008,9.5121
19891009,9.079
19891010,7.5846
19891011,6.6437
19891012,6.7351
19891013,5.7914
19891014,5.6755
19891015,5.2751
19891016,6.2035
19891017,4.4481
19891018,4.1219
19891019,3.099
19891020,3.2133
19891021,3.496
19891022,4.4825
19891023,4.4068
19891024,4.0392
19891025,3.0333
19891026,2.4358
19891027,4.2425
19891028,4.6643
19891029,5.2707
19891030,3.8304
19891031,2.5708
19891101,1.9668
19891102,3.045
19891103,2.9979
19891104,2.5578
19891105,2.6472
19891106,1.975
19891107,0.83094
19891108,0.16452
19891109,-0.012172
19891110,-0.1009
19891111,1.4293
19891112,1.7954
19891113,1.2932
19891114,0.65792
19891115,1.3829
19891116,1.0411
19891117,-1.757
19891118,-2.5899
19891119,-0.96061
19891120,-0.45771
19891121,-2.1227
19891122,-3.3049
19891123,2.7592
19891124,-1.1463
19891125,-2.6118
19891126,0.69953
19891127,0.2928
19891128,-0.66426
19891129,-1.6329
19891130,-1.7341
19891201,-0.057043
19891202,-1.712
19891203,-3.9476
19891204,-5.9933
19891205,-6.1717
19891206,-3.7761
19891207,2.2316
19891208,-3.7858
19891209,-3.8866
19891210,6.1638
19891211,4.9704
19891212,0.2408
19891213,-1.11
19891214,2.8102
19891215,0.18275
19891216,-1.5878
19891217,-2.7983
19891218,-3.6865
19891219,-3.9036
19891220,-3.5469
19891221,-4.3083
19891222,-4.576
19891223,-4.7446
19891224,-0.58222
19891225,3.3805
19891226,-0.31287
19891227,-0.5516
19891228,2.8114
19891229,8.0408
19891230,-1.8203
19891231,-4.1447
19900101,-0.97575
19900102,-0.21085
19900103,-1.5237
19900104,-0.94267
19900105,-4.7612
19900106,-6.3486
19900107,-5.5673
19900108,-5.0827
19900109,-4.9157
19900110,-1.5226
19900111,-2.1792
19900112,1.1357
19900113,4.757
19900114,4.7493
19900115,7.8018
19900116,4.3076
19900117,3.8453
19900118,6.8614
19900119,1.7691
19900120,-0.40739
19900121,-1.1812
19900122,0.039372
19900123,-4.2615
19900124,-6.231
19900125,-5.3103
19900126,-1.2544
19900127,-0.63777
19900128,1.4271
19900129,-0.6079
19900130,-1.71
19900131,-1.0619
19900201,-2.6167
19900202,-3.8299
19900203,-3.0338
19900204,1.967
19900205,0.44893
19900206,-0.55007
19900207,0.86543
19900208,0.32371
19900209,-1.5318
19900210,-1.6153
19900211,-2.1689
19900212,-3.8454
19900213,-3.4557
19900214,-4.9619
19900215,-5.5741
19900216,-4.1235
19900217,-4.4052
19900218,-0.91873
19900219,-4.2827
19900220,-6.9497
19900221,-8.4719
19900222,-4.9312
19900223,-5.624
19900224,-6.8913
19900225,-6.6647
19900226,-6.045
19900227,-3.2857
19900228,-4.7402
19900301,1.0848
19900302,0.53855
19900303,1.7344
19900304,2.6326
19900305,1.1257
19900306,0.48139
19900307,3.0621
19900308,3.7118
19900309,0.9611
19900310,2.2333
19900311,2.6197
19900312,5.3736
19900313,5.0747
19900314,4.783
19900315,1.4721
19900316,-0.54873
19900317,5.2171
19900318,4.1532
19900319,2.4328
19900320,0.6939
19900321,2.3715
19900322,5.1006
19900323,6.3133
19900324,7.0253
19900325,3.7757
19900326,1.6988
19900327,2.3283
19900328,1.3334
19900329,2.6062
19900330,5.3889
19900331,2.5583
19900401,0.5299
19900402,1.2958
19900403,5.6362
19900404,6.2146
19900405,3.3109
19900406,5.2048
19900407,7.2668
19900408,8.2303
19900409,4.3872
19900410,6.3904
19900411,8.4836
19900412,7.0029
19900413,8.0246
19900414,5.819
19900415,5.0771
19900416,3.8545
19900417,4.9005
19900418,5.1122
19900419,4.8493
19900420,4.6068
19900421,5.7987
19900422,10.808
19900423,8.5843
19900424,5.9328
19900425,6.4563
19900426,9.0616
19900427,7.2935
19900428,5.6231
19900429,3.4118
19900430,8.0227
19900501,8.8529
19900502,7.312
19900503,9.1078
19900504,9.1669
19900505,5.4542
19900506,4.6403
19900507,10.762
19900508,9.7823
19900509,6.8134
19900510,4.2758
19900511,6.8816
19900512,5.6365
19900513,4.2804
19900514,8.0748
19900515,5.7628
19900516,5.0003
19900517,6.4037
19900518,6.8952
19900519,9.9078
19900520,9.7461
19900521,10.103
19900522,9.8455
19900523,10.066
19900524,11.275
19900525,12.745
19900526,14.43
19900527,13.053
19900528,13.437
19900529,11.442
19900530,11.587
19900531,13.904
19900601,12.949
19900602,11.1
19900603,10.438
19900604,11.968
19900605,13.907
19900606,11.699
19900607,9.6733
19900608,8.0024
19900609,12.124
19900610,12.155
19900611,13.162
19900612,15.783
19900613,16.337
19900614,17.267
19900615,15.819
19900616,16.054
19900617,14.025
19900618,14.927
19900619,15.149
19900620,15.81
19900621,15.688
19900622,13.009
19900623,11.699
19900624,10.385
19900625,15.773
19900626,14.766
19900627,14.428
19900628,14.044
19900629,13.481
19900630,15.602
19900701,16.19
19900702,17.289
19900703,17.645
19900704,18.641
19900705,16.331
19900706,15.351
19900707,16.52
19900708,17.135
19900709,18.893
19900710,18.766
19900711,19.91
19900712,18.745
19900713,20.447
19900714,21.326
19900715,20.058
19900716,19.905
19900717,19.519
19900718,18.375
19900719,18.56
19900720,20.139
19900721,19.016
19900722,18.495
19900723,14.623
19900724,12.89
19900725,15.335
19900726,14.634
19900727,16.791
19900728,14.745
19900729,15.407
19900730,17.211
19900731,15.358
19900801,18.746
19900802,16.663
19900803,17.367
19900804,18.817
19900805,17.809
19900806,18.21
19900807,15.543
19900808,15.808
19900809,15.861
19900810,17.041
19900811,16.957
19900812,19.329
19900813,16.167
19900814,14.158
19900815,15.312
19900816,17.607
19900817,14.986
19900818,16.509
19900819,17.736
19900820,18.311
19900821,13.154
19900822,11.061
19900823,12.142
19900824,15.3
19900825,15.683
19900826,14.8
19900827,16.276
19900828,18.57
19900829,17.28
19900830,16.164
19900831,15.759
19900901,16.738
19900902,15.969
19900903,14.802
19900904,13.21
19900905,11.714
19900906,12.095
19900907,12.354
19900908,12.912
19900909,13.423
19900910,13.664
19900911,13.929
19900912,14.108
19900913,11.257
19900914,12.795
19900915,17.314
19900916,16.862
19900917,12.661
19900918,10.456
19900919,10.637
19900920,11.882
19900921,10.246
19900922,13.751
19900923,12.704
19900924,12.036
19900925,10.468
19900926,11.902
19900927,11.017
19900928,9.6623
19900929,8.4821
19900930,7.2558
19901001,10.131
19901002,9.164
19901003,9.0612
19901004,10.14
19901005,9.066
19901006,6.9696
19901007,9.1487
19901008,8.6639
19901009,11.619
19901010,11.059
19901011,10.172
19901012,9.2232
19901013,10.355
19901014,8.9536
19901015,7.7509
19901016,6.6637
19901017,7.3237
19901018,9.6403
19901019,7.2542
19901020,2.6749
19901021,3.7115
19901022,3.7861
19901023,3.4467
19901024,2.8456
19901025,3.7905
19901026,2.1483
19901027,1.9025
19901028,-0.34423
19901029,-1.3771
19901030,0.29343
19901031,7.6432
19901101,12.048
19901102,11.747
19901103,5.6862
19901104,4.0451
19901105,7.1271
19901106,9.4993
19901107,8.575
19901108,4.466
19901109,3.9881
19901110,4.1579
19901111,3.7864
19901112,6.3646
19901113,6.6195
19901114,7.0912
19901115,5.6259
19901116,1.9409
19901117,1.421
19901118,2.7222
19901119,3.8237
19901120,7.2344
19901121,5.7767
19901122,2.0939
19901123,-0.19599
19901124,-0.64717
19901125,0.56056
19901126,9.6272
19901127,5.2158
19901128,0.37375
19901129,-0.94274
19901130,-0.32748
19901201,7.6035
19901202,7.5505
19901203,7.5636
19901204,6.113
19901205,3.0071
19901206,0.38152
19901207,-3.0571
19901208,-4.4956
19901209,-4.5437
19901210,-2.0446
19901211,-2.6985
19901212,-2.8394
19901213,0.371
19901214,-1.8991
19901215,-3.0647
19901216,-4.5458
19901217,-4.3255
19901218,-2.4795
19901219,-1.959
19901220,-1.9265
19901221,1.3618
19901222,2.0092
19901223,-0.20329
19901224,-2.6003
19901225,-4.1216
19901226,-4.3333
19901227,-3.6645
19901228,-1.4556
19901229,-0.2155
19901230,-1.69
19901231,-2.7562
19910101,-4.8043
19910102,-2.6745
19910103,1.0771
19910104,3.9708
19910105,-0.29978
19910106,-1.0524
19910107,-0.97591
19910108,-1.6238
19910109,-0.41126
19910110,0.083561
19910111,1.1687
19910112,3.1804
19910113,-0.37487
19910114,-2.3029
19910115,-1.5594
19910116,-0.84564
19910117,-2.6541
19910118,0.13033
19910119,-2.5495
19910120,-3.362
19910121,-2.8851
19910122,-3.2951
19910123,-1.7699
19910124,0.89939
19910125,0.13043
19910126,-0.38446
19910127,-1.3051
19910128,1.6072
19910129,3.1035
19910130,2.4632
19910131,0.34506
19910201,3.1058
19910202,1.707
19910203,0.77354
19910204,-0.92234
19910205,-1.7774
19910206,-1.8365
19910207,0.12298
19910208,-1.8972
19910209,-1.7583
19910210,-0.21575
19910211,1.9112
19910212,-0.13042
19910213,4.7777
19910214,4.6459
19910215,2.3421
19910216,-0.16852
19910217,-0.84533
19910218,-0.7566
19910219,-0.14892
19910220,0.28901
19910221,-0.081773
19910222,-1.0613
19910223,-1.3238
19910224,1.9647
19910225,1.1849
19910226,0.20984
19910227,-0.77302
19910228,0.51559
19910301,2.5014
19910302,2.4242
19910303,0.89544
19910304,-0.42712
19910305,-2.4014
19910306,-3.3335
19910307,3.1829
19910308,4.7084
19910309,4.3769
19910310,1.7462
19910311,-0.10955
19910312,2.6631
19910313,1.5207
19910314,1.4331
19910315,1.5237
19910316,2.6342
19910317,1.7683
19910318,0.38346
19910319,1.0162
19910320,1.2983
19910321,0.49077
19910322,-0.74804
19910323,-0.866
19910324,3.7252
19910325,8.6537
19910326,2.3119
19910327,0.26315
19910328,-1.5485
19910329,3.3405
19910330,3.8008
19910331,8.1694
19910401,5.6896
19910402,3.6513
19910403,8.9277
19910404,3.7672
19910405,0.13868
19910406,2.1405
19910407,2.184
19910408,0.39779
19910409,4.0698
19910410,1.4576
19910411,1.0863
19910412,5.8508
19910413,4.6676
19910414,1.4162
19910415,-0.11036
19910416,0.87827
19910417,1.1086
19910418,1.659
19910419,-0.29961
19910420,5.6232
19910421,9.0919
19910422,7.7901
19910423,3.6234
19910424,6.0751
19910425,3.7357
19910426,2.1693
19910427,2.8315
19910428,1.5542
19910429,3.0774
19910430,7.4299
19910501,5.5566
19910502,5.3754
19910503,6.1122
19910504,7.6627
19910505,6.0096
19910506,7.5117
19910507,7.2069
19910508,9.4142
19910509,6.3668
19910510,7.6356
19910511,9.7949
19910512,8.7769
19910513,10.93
19910514,13.132
19910515,13.562
19910516,13.568
19910517,11.33
19910518,10.478
19910519,10.235
19910520,11.265
19910521,11.747
19910522,11.236
19910523,11.14
19910524,10.818
19910525,11.275
19910526,12.586
19910527,11.679
19910528,8.8481
19910529,11.575
19910530,11.513
19910531,11.181
19910601,9.0852
19910602,10.394
19910603,12.742
19910604,11.487
19910605,12.055
19910606,11.091
19910607,11.403
19910608,13.321
19910609,12.893
19910610,11.173
19910611,11.391
19910612,13.17
19910613,12.873
19910614,13.387
19910615,13.712
19910616,14.705
19910617,13.301
19910618,12.58
19910619,13.041
19910620,10.833
19910621,12.319
19910622,12.232
19910623,11.443
19910624,11.549
19910625,14.719
19910626,13.931
19910627,12.017
19910628,13.969
19910629,15.237
19910630,14.976
19910701,13.778
19910702,10.933
19910703,12.662
19910704,12.019
19910705,13.724
19910706,14.675
19910707,15.873
19910708,15.901
19910709,16.43
19910710,15.787
19910711,16.898
19910712,15.71
19910713,16.462
19910714,15.461
19910715,16.837
19910716,14.959
19910717,11.641
19910718,14.462
19910719,17.174
19910720,16.057
19910721,17.445
19910722,17.13
19910723,13.969
19910724,16.283
19910725,14.311
19910726,15.633
19910727,16.941
19910728,16.815
19910729,18.006
19910730,17.921
19910731,16.781
19910801,16.361
19910802,17.09
19910803,18.41
19910804,17.863
19910805,18.336
19910806,17.379
19910807,15.499
19910808,17.205
19910809,18.406
19910810,16.629
19910811,15.652
19910812,15.194
19910813,15.841
19910814,14.629
19910815,16.322
19910816,18.389
19910817,18.316
19910818,17.195
19910819,16.618
19910820,17.151
19910821,15.379
19910822,14.662
19910823,15.003
19910824,17.577
19910825,15.87
19910826,15.988
19910827,15.333
19910828,16.628
19910829,16.046
19910830,14.566
19910831,16.327
19910901,19.038
19910902,18.437
19910903,17.205
19910904,18.43
19910905,19.236
19910906,19.368
19910907,18.983
19910908,17.196
19910909,16.826
19910910,15.669
19910911,18.037
19910912,18.014
19910913,16.699
19910914,14.952
19910915,15.006
19910916,15.109
19910917,15.371
19910918,14.094
19910919,14.398
19910920,17.679
19910921,15.277
19910922,14.481
19910923,14.847
19910924,13.774
19910925,15.219
19910926,16.227
19910927,14.947
19910928,12.606
19910929,13.717
19910930,16.509
19911001,13.858
19911002,8.9851
19911003,6.4756
19911004,5.9857
19911005,9.8231
19911006,11.659
19911007,10.328
19911008,8.7528
19911009,12.438
19911010,14.643
19911011,11.7
19911012,9.1214
19911013,9.3998
19911014,11.887
19911015,11.201
19911016,8.9247
19911017,7.1402
19911018,11.733
19911019,11.391
19911020,13.085
19911021,15.065
19911022,15.273
19911023,14.74
19911024,13.408
19911025,12.832
19911026,11.528
19911027,11.053
19911028,5.7442
19911029,4.1752
19911030,2.3762
19911031,5.2286
19911101,4.1373
19911102,6.8284
19911103,5.1909
19911104,7.0128
19911105,8.7159
19911106,6.9769
19911107,6.3
19911108,6.4659
19911109,8.1139
19911110,5.7843
19911111,4.9362
19911112,4.1087
19911113,3.3642
19911114,4.0633
19911115,7.827
19911116,7.7922
19911117,5.3401
19911118,5.2321
19911119,8.7934
19911120,8.33
19911121,7.5762
19911122,2.3082
19911123,0.50959
19911124,-0.78371
19911125,1.0123
19911126,2.0957
19911127,2.4325
19911128,-0.030422
19911129,-2.1737
19911130,-3.8635
19911201,-1.8967
19911202,-1.9319
19911203,-0.67129
19911204,1.7368
19911205,-0.58186
19911206,-0.83788
19911207,-0.56521
19911208,-1.4111
19911209,-1.6267
19911210,-2.4927
19911211,-2.0766
19911212,-1.7616
19911213,-2.1169
19911214,-0.92783
19911215,-0.19073
19911216,2.5915
19911217,5.1034
19911218,0.36626
19911219,0.59017
19911220,3.6435
19911221,5.3114
19911222,1.5849
19911223,1.9544
19911224,0.91764
19911225,-3.1964
19911226,-3.6918
19911227,-0.68633
19911228,-0.99671
19911229,1.9665
19911230,-0.30784
19911231,-2.0498
19920101,-2.229
19920102,-3.5445
19920103,-4.7779
19920104,-5.6106
19920105,-6.913
19920106,-4.5461
19920107,0.018162
19920108,-0.89446
19920109,-2.1814
19920110,2.4673
19920111,0.32281
19920112,0.2737
19920113,0.0072571
19920114,-0.4548
19920115,-2.2206
19920116,-2.8424
19920117,1.1938
19920118,1.3513
19920119,1.023
19920120,0.86598
19920121,2.4139
19920122,0.65859
19920123,1.081
19920124,1.6577
19920125,-2.2072
19920126,-3.3631
19920127,-3.4902
19920128,-1.4497
19920129,-3.136
19920130,-3.5628
19920131,-5.6159
19920201,-1.6826
19920202,1.4653
19920203,0.29435
19920204,0.52748
19920205,0.82927
19920206,3.6542
19920207,0.75769
19920208,0.58054
19920209,6.1267
19920210,2.4473
19920211,1.9236
19920212,1.9707
19920213,3.5929
19920214,1.3878
19920215,0.62751
19920216,0.88763
19920217,0.58834
19920218,-1.4244
19920219,-1.054
19920220,1.3504
19920221,1.6731
19920222,1.617
19920223,1.2932
19920224,4.5141
19920225,7.8536
19920226,3.8778
19920227,4.9952
19920228,5.2321
19920229,5.6532
19920301,7.195
19920302,6.8918
19920303,5.9348
19920304,3.9675
19920305,3.9662
19920306,2.0711
19920307,3.1925
19920308,7.4528
19920309,7.5885
19920310,8.5017
19920311,8.5965
19920312,4.3984
19920313,3.5603
19920314,6.7917
19920315,7.6289
19920316,4.4423
19920317,4.7678
19920318,2.018
19920319,2.883
19920320,5.0358
19920321,1.6741
19920322,0.54742
19920323,2.7677
19920324,1.369
19920325,0.47984
19920326,0.020308
19920327,5.7993
19920328,7.5048
19920329,5.5101
19920330,5.4437
19920331,6.9441
19920401,4.0608
19920402,2.1234
19920403,4.4665
19920404,1.8806
19920405,7.6109
19920406,7.9389
19920407,6.0551
19920408,5.806
19920409,3.2957
19920410,6.1416
19920411,3.66
19920412,1.4226
19920413,4.6791
19920414,3.657
19920415,4.1214
19920416,4.0078
19920417,7.413
19920418,3.7429
19920419,5.2024
19920420,4.8896
19920421,4.7188
19920422,3.2983
19920423,4.4285
19920424,4.792
19920425,6.7557
19920426,7.5955
19920427,6.5715
19920428,4.6961
19920429,3.8275
19920430,5.8929
19920501,6.4657
19920502,9.962
19920503,7.6546
19920504,10.024
19920505,9.2618
19920506,10.566
19920507,6.9121
19920508,4.702
19920509,5.9855
19920510,8.9425
19920511,7.0588
19920512,4.5615
19920513,5.477
19920514,5.8963
19920515,3.9682
19920516,3.6685
19920517,8.3643
19920518,6.9654
19920519,10.001
19920520,11.68
19920521,12.304
19920522,10.595
19920523,11.216
19920524,9.619
19920525,8.588
19920526,11.038
19920527,13.585
19920528,11.335
19920529,10.904
19920530,11.599
19920531,10.517
19920601,8.3236
19920602,9.1508
19920603,8.5544
19920604,9.894
19920605,9.416
19920606,14.076
19920607,15.058
19920608,14.356
19920609,14.398
19920610,13.824
19920611,15.838
19920612,16.512
19920613,15.026
19920614,13.472
19920615,15.627
19920616,14.005
19920617,13.764
19920618,11.883
19920619,13.291
19920620,14.789
19920621,16.516
19920622,16.774
19920623,18.681
19920624,16.634
19920625,17.025
19920626,18.502
19920627,17.966
19920628,16.555
19920629,15.59
19920630,15.494
19920701,16.829
19920702,18.001
19920703,14.439
19920704,13.127
19920705,11.706
19920706,11.539
19920707,14.823
19920708,15.622
19920709,16.067
19920710,15.789
19920711,17.034
19920712,16.603
19920713,17.296
19920714,18.089
19920715,16.774
19920716,14.695
19920717,15.115
19920718,13.073
19920719,13.975
19920720,13.273
19920721,13.132
19920722,15.304
19920723,13.034
19920724,10.612
19920725,12.119
19920726,12.14
19920727,13.932
19920728,16.074
19920729,18.903
19920730,16.754
19920731,16.878
19920801,16.372
19920802,14.173
19920803,12.986
19920804,16.115
19920805,17.2
19920806,16.444
19920807,18.549
19920808,14.277
19920809,12.333
19920810,12.469
19920811,14.345
19920812,15.336
19920813,17.529
19920814,17.1
19920815,16.916
19920816,15.221
19920817,16.125
19920818,18.13
19920819,13.011
19920820,10.442
19920821,10.623
19920822,11.57
19920823,13.835
19920824,12.413
19920825,10.147
19920826,12.122
19920827,12.485
19920828,15.18
19920829,15.127
19920830,13.686
19920831,14.888
19920901,15.695
19920902,15.679
19920903,14.065
19920904,13.655
19920905,15.999
19920906,15.337
19920907,15.982
19920908,14.102
19920909,14.941
19920910,14.524
19920911,13.841
19920912,14.484
19920913,17.315
19920914,16.212
19920915,16.199
19920916,12.091
19920917,10.757
19920918,10.705
19920919,12.378
19920920,11.944
19920921,13.48
19920922,17.034
19920923,12.648
19920924,10.628
19920925,11.492
19920926,16.915
19920927,13.249
19920928,10.607
19920929,12.525
19920930,11.85
19921001,10.854
19921002,9.2521
19921003,11.205
19921004,10.367
19921005,14.201
19921006,12
19921007,10.011
19921008,7.5829
19921009,6.2404
19921010,9.4079
19921011,6.632
19921012,5.3957
19921013,8.8059
19921014,12.013
19921015,12.866
19921016,12.699
19921017,12.284
19921018,9.3328
19921019,7.9152
19921020,5.5146
19921021,3.0315
19921022,1.4745
19921023,0.74793
19921024,1.8838
19921025,0.74413
19921026,4.4726
19921027,3.8658
19921028,1.3826
19921029,0.96036
19921030,0.5766
19921031,-0.020707
19921101,2.1316
19921102,4.2997
19921103,3.2283
19921104,4.0838
19921105,6.524
19921106,7.5563
19921107,5.9461
19921108,4.49
19921109,3.2123
19921110,4.4458
19921111,-0.029924
19921112,-0.93068
19921113,0.7323
19921114,0.7724
19921115,6.0808
19921116,3.8741
19921117,0.82814
19921118,0.66173
19921119,0.51429
19921120,2.2402
19921121,1.8667
19921122,4.1067
19921123,6.9396
19921124,9.9406
19921125,8.9239
19921126,6.1886
19921127,4.7632
19921128,4.706
19921129,3.1246
19921130,3.5139
19921201,0.94645
19921202,0.32652
19921203,2.1577
19921204,4.2126
19921205,3.613
19921206,2.9016
19921207,-0.25882
19921208,-0.47492
19921209,0.016656
19921210,1.7588
19921211,-0.0029154
19921212,0.77892
19921213,-0.29172
19921214,-0.29959
19921215,-1.8835
19921216,-1.3955
19921217,-0.40291
19921218,-0.049109
19921219,-2.0686
19921220,-1.4288
19921221,-0.76224
19921222,-0.7788
19921223,2.8983
19921224,3.2177
19921225,0.28879
19921226,1.0558
19921227,1.1221
19921228,2.0445
19921229,0.75139
19921230,-0.10472
19921231,-1.3401
19930101,0.96657
19930102,3.2521
19930103,-2.9449
19930104,-5.7787
19930105,-6.6487
19930106,-7.0366
19930107,-3.6179
19930108,-4.3885
19930109,-2.6671
19930110,-2.0187
19930111,-0.51412
19930112,-1.4537
19930113,-0.62284
19930114,-2.3454
19930115,-4.0843
19930116,-4.2492
19930117,-5.1303
19930118,-3.6803
19930119,-4.366
19930120,1.089
19930121,-0.30291
19930122,-0.45845
19930123,3.7811
19930124,0.54513
19930125,-0.51466
19930126,-0.63822
19930127,-1.4501
19930128,-1.5906
19930129,-3.6513
19930130,-0.38869
19930131,-2.183
19930201,0.092391
19930202,-1.4964
19930203,3.4929
19930204,3.2887
19930205,3.7584
19930206,1.147
19930207,5.5242
19930208,0.38347
19930209,-2.2498
19930210,-0.25552
19930211,-0.58685
19930212,-2.2413
19930213,-2.9557
19930214,3.6397
19930215,0.42541
19930216,-1.404
19930217,-0.11522
19930218,0.62097
19930219,-1.0074
19930220,-0.53368
19930221,-1.0655
19930222,-1.5336
19930223,3.6081
19930224,2.484
19930225,2.1106
19930226,4.7838
19930227,6.6698
19930228,8.4453
19930301,4.7767
19930302,3.2471
19930303,0.64187
19930304,-0.96175
19930305,0.99938
19930306,2.1574
19930307,-0.98146
19930308,1.1081
19930309,5.0009
19930310,2.3641
19930311,2.2731
19930312,2.2383
19930313,3.4962
19930314,2.5305
19930315,2.6438
19930316,2.8676
19930317,1.9969
19930318,3.6527
19930319,3.1614
19930320,0.92349
19930321,5.6243
19930322,3.406
19930323,4.5551
19930324,2.204
19930325,4.0159
19930326,1.5794
19930327,3.5626
19930328,5.6016
19930329,5.6986
19930330,1.883
19930331,1.5471
19930401,-0.12246
19930402,0.90367
19930403,3.985
19930404,3.68
19930405,2.0377
19930406,1.7765
19930407,-0.28369
19930408,-0.46096
19930409,0.040216
19930410,1.2978
19930411,5.5806
19930412,3.5716
19930413,2.6836
19930414,1.5129
19930415,3.7438
19930416,4.1613
19930417,2.3736
19930418,2.7519
19930419,-0.11339
19930420,4.9062
19930421,3.3595
19930422,0.58815
19930423,1.5808
19930424,3.1123
19930425,2.1188
19930426,6.2112
19930427,3.3644
19930428,8.4352
19930429,8.3176
19930430,6.0758
19930501,8.8359
19930502,7.5356
19930503,8.6772
19930504,10.758
19930505,10.022
19930506,7.6962
19930507,8.6716
19930508,10.488
19930509,12.436
19930510,11.014
19930511,12.23
19930512,11.624
19930513,11.437
19930514,11.212
19930515,10.253
19930516,11.322
19930517,11.028
19930518,9.5708
19930519,8.1574
19930520,9.4022
19930521,11.415
19930522,9.7705
19930523,10.825
19930524,9.8456
19930525,8.0259
19930526,6.7183
19930527,7.9187
19930528,8.983
19930529,8.3702
19930530,6.7279
19930531,5.2638
19930601,8.5393
19930602,10.909
19930603,9.7601
19930604,8.8882
19930605,8.7378
19930606,8.3276
19930607,10.497
19930608,8.5118
19930609,6.96
19930610,11.342
19930611,10.352
19930612,13.184
19930613,12.819
19930614,14.173
19930615,14.494
19930616,15.1
19930617,16.176
19930618,17.147
19930619,15.938
19930620,16.296
19930621,17.094
19930622,15.41
19930623,16.699
19930624,14.902
19930625,11.901
19930626,13.187
19930627,14.958
19930628,15.621
19930629,15.434
19930630,14.637
19930701,15.32
19930702,15.637
19930703,13.657
19930704,13.754
19930705,14.535
19930706,16.924
19930707,19.555
19930708,20.296
19930709,19.381
19930710,18.67
19930711,19.646
19930712,19.311
19930713,20.036
19930714,19.718
19930715,20.327
19930716,18.992
19930717,20.57
19930718,22.539
19930719,20.591
19930720,18.57
19930721,18.892
19930722,17.681
19930723,17.371
19930724,19.594
19930725,19.138
19930726,20.341
19930727,21.819
19930728,21.078
19930729,22.438
19930730,21.45
19930731,22.334
19930801,20.815
19930802,19.504
19930803,18.977
19930804,18.878
19930805,19.126
19930806,21.38
19930807,19.454
19930808,20.033
19930809,19.816
19930810,14.305
19930811,12.51
19930812,13.294
19930813,16.081
19930814,18.053
19930815,15.451
19930816,13.628
19930817,15.558
19930818,17.024
19930819,14.401
19930820,15.97
19930821,14.657
19930822,13.601
19930823,14.691
19930824,15.622
19930825,18.192
19930826,18.962
19930827,17.884
19930828,18.159
19930829,18.164
19930830,16.355
19930831,17.557
19930901,16.647
19930902,14.703
19930903,11.714
19930904,9.9585
19930905,10.384
19930906,12.643
19930907,10.186
19930908,9.6043
19930909,7.7163
19930910,9.7349
19930911,10.629
19930912,8.287
19930913,12.032
19930914,15.838
19930915,13.461
19930916,10.162
19930917,7.838
19930918,9.9482
19930919,15.403
19930920,14.531
19930921,14.937
19930922,15.567
19930923,12.199
19930924,11.421
19930925,9.6174
19930926,12.056
19930927,12.209
19930928,16.515
19930929,11.519
19930930,10.337
19931001,8.6
19931002,9.0013
19931003,9.0158
19931004,9.9802
19931005,9.8572
19931006,6.9252
19931007,6.2248
19931008,7.5105
19931009,8.5365
19931010,12.938
19931011,11.194
19931012,7.3734
19931013,5.3998
19931014,9.5793
19931015,6.2017
19931016,6.1446
19931017,6.0132
19931018,3.8547
19931019,9.6069
19931020,8.2039
19931021,10.439
19931022,6.7312
19931023,6.4675
19931024,6.1778
19931025,8.0128
19931026,8.4878
19931027,5.543
19931028,4.8187
19931029,5.5182
19931030,6.3434
19931031,7.8385
19931101,7.7733
19931102,4.2779
19931103,1.6992
19931104,0.23511
19931105,-0.76911
19931106,0.15382
19931107,-1.3147
19931108,0.047774
19931109,6.2357
19931110,3.7188
19931111,4.436
19931112,6.4111
19931113,2.3673
19931114,0.33804
19931115,1.2924
19931116,0.41094
19931117,-1.2134
19931118,0.7555
19931119,5.4802
19931120,4.8772
19931121,3.9417
19931122,7.8478
19931123,9.1246
19931124,10.185
19931125,8.8327
19931126,3.0123
19931127,2.9883
19931128,4.1103
19931129,1.5576
19931130,1.6088
19931201,0.66154
19931202,0.69365
19931203,0.38898
19931204,0.26726
19931205,0.29639
19931206,7.9948
19931207,7.1357
19931208,3.4865
19931209,3.7495
19931210,6.177
19931211,3.224
19931212,2.0937
19931213,0.85421
19931214,1.352
19931215,0.7608
19931216,0.75618
19931217,3.4858
19931218,3.0269
19931219,2.5647
19931220,1.2184
19931221,0.039697
19931222,1.3766
19931223,0.060175
19931224,1.1144
19931225,-0.19107
19931226,-0.50325
19931227,0.055831
19931228,-1.6179
19931229,-3.222
19931230,-1.4192
19931231,-1.1999
19940101,-2.2248
19940102,-2.4054
19940103,-3.3258
19940104,-0.99431
19940105,-2.8999
19940106,-4.9265
19940107,-6.3439
19940108,-6.5197
19940109,-0.91584
19940110,-2.4934
19940111,-1.9122
19940112,-2.1317
19940113,-1.178
19940114,-0.30686
19940115,-1.0972
19940116,-2.3816
19940117,-0.46486
19940118,-1.2049
19940119,-1.89
19940120,-1.6388
19940121,0.33349
19940122,-2.989
19940123,-4.641
19940124,-3.7929
19940125,-3.2793
19940126,-2.1653
19940127,3.5446
19940128,-0.91643
19940129,-1.7498
19940130,-2.312
19940131,1.3128
19940201,-0.20452
19940202,-1.2959
19940203,-1.3524
19940204,2.5263
19940205,0.10286
19940206,-3.2583
19940207,-4.8924
19940208,-4.4773
19940209,-4.9542
19940210,-4.8002
19940211,-1.8821
19940212,-2.2753
19940213,-4.462
19940214,-4.9637
19940215,-0.3082
19940216,5.8078
19940217,4.4778
19940218,3.11
19940219,-0.1159
19940220,-0.76347
19940221,3.8544
19940222,1.4414
19940223,4.7493
19940224,1.2627
19940225,1.2146
19940226,-0.97133
19940227,1.1399
19940228,0.41065
19940301,-0.39333
19940302,-0.3151
19940303,-1.6536
19940304,-2.4837
19940305,-0.37154
19940306,-2.0551
19940307,-1.7502
19940308,-1.2038
19940309,-0.19738
19940310,0.076776
19940311,-2.042
19940312,-2.9781
19940313,-1.7853
19940314,1.6797
19940315,-0.096808
19940316,-2.1857
19940317,-2.0471
19940318,1.1498
19940319,5.3051
19940320,3.3954
19940321,1.1348
19940322,0.79406
19940323,-0.47785
19940324,-2.0722
19940325,-1.4558
19940326,2.2451
19940327,3.8603
19940328,3.2834
19940329,0.30064
19940330,1.1609
19940331,0.6113
19940401,3.6841
19940402,0.76518
19940403,0.55434
19940404,9.7075
19940405,5.2487
19940406,1.9442
19940407,2.3369
19940408,-0.62039
19940409,1.1028
19940410,5.5242
19940411,6.4179
19940412,3.7626
19940413,3.7139
19940414,2.1651
19940415,2.0229
19940416,5.4713
19940417,3.7459
19940418,6.6718
19940419,4.9598
19940420,3.5669
19940421,4.3277
19940422,3.46
19940423,1.1597
19940424,4.745
19940425,2.6911
19940426,3.3328
19940427,5.8099
19940428,4.5839
19940429,5.8661
19940430,2.4165
19940501,3.1079
19940502,3.7333
19940503,2.7217
19940504,5.9475
19940505,6.2098
19940506,5.5737
19940507,7.7471
19940508,7.7786
19940509,8.544
19940510,8.2985
19940511,8.7285
19940512,9.1163
19940513,12.758
19940514,9.5933
19940515,11.23
19940516,10.362
19940517,8.8207
19940518,7.5247
19940519,8.0731
19940520,6.1712
19940521,9.6607
19940522,10.956
19940523,10.858
19940524,9.7108
19940525,9.8526
19940526,8.9761
19940527,12.495
19940528,11.615
19940529,12.019
19940530,12.558
19940531,12.551
19940601,13.602
19940602,12.676
19940603,13.799
19940604,14.129
19940605,14.731
19940606,14.213
19940607,11.919
19940608,9.5638
19940609,10.147
19940610,12.664
19940611,14.794
19940612,15.583
19940613,14.905
19940614,15.807
19940615,16.762
19940616,14.611
19940617,15.093
19940618,13.926
19940619,14.452
19940620,11.959
19940621,10.688
19940622,12.651
19940623,15.736
19940624,14.691
19940625,13.85
19940626,15.193
19940627,13.859
19940628,14.209
19940629,11.866
19940630,12.666
19940701,11.251
19940702,13.427
19940703,13.249
19940704,12.491
19940705,14.22
19940706,15.22
19940707,16.619
19940708,16.753
19940709,16.839
19940710,16.68
19940711,15.736
19940712,17.548
19940713,17.563
19940714,17.878
19940715,19.685
19940716,19.271
19940717,18.642
19940718,19.198
19940719,18.118
19940720,17.927
19940721,16.698
19940722,16.686
19940723,16.093
19940724,17.63
19940725,14.992
19940726,13.288
19940727,17.394
19940728,14.652
19940729,16.409
19940730,18.819
19940731,19.319
19940801,20.294
19940802,21.17
19940803,20.638
19940804,19.383
19940805,18.826
19940806,20.658
19940807,20.178
19940808,20.464
19940809,14.748
19940810,13.434
19940811,12.124
19940812,14.529
19940813,13.247
19940814,12.957
19940815,13.435
19940816,15.657
19940817,16.2
19940818,19.024
19940819,16.972
19940820,14.721
19940821,15.232
19940822,12.945
19940823,13.717
19940824,15.258
19940825,14.77
19940826,15.027
19940827,13.251
19940828,13.546
19940829,16.966
19940830,13.405
19940831,11.181
19940901,12.016
19940902,14.77
19940903,11.787
19940904,13.182
19940905,16.194
19940906,13.642
19940907,13.787
19940908,14.502
19940909,10.339
19940910,10.544
19940911,14.698
19940912,13.015
19940913,12.328
19940914,14.371
19940915,15.597
19940916,9.6099
19940917,8.0637
19940918,10.16
19940919,8.4819
19940920,10.191
19940921,11.524
19940922,14.29
19940923,14.799
19940924,13.369
19940925,12.778
19940926,12.428
19940927,15.54
19940928,15.915
19940929,8.2977
19940930,6.7631
19941001,4.1619
19941002,8.4131
19941003,13.674
19941004,13.27
19941005,12.956
19941006,9.633
19941007,9.0944
19941008,7.3943
19941009,6.6797
19941010,6.631
19941011,5.6059
19941012,4.2915
19941013,5.2018
19941014,12.067
19941015,12.62
19941016,9.0533
19941017,9.3904
19941018,6.0155
19941019,4.2246
19941020,7.2255
19941021,5.146
19941022,3.1373
19941023,7.5795
19941024,4.9259
19941025,4.8028
19941026,10.752
19941027,6.4297
19941028,4.4273
19941029,5.1968
19941030,6.6882
19941031,11.653
19941101,11.357
19941102,10.909
19941103,9.6395
19941104,11.087
19941105,9.3483
19941106,9.7784
19941107,7.9914
19941108,10.087
19941109,10.6
19941110,6.2053
19941111,4.7092
19941112,4.3674
19941113,3.5282
19941114,1.6965
19941115,0.35244
19941116,2.14
19941117,4.5791
19941118,3.5418
19941119,3.5421
19941120,2.4621
19941121,-0.69095
19941122,-3.481
19941123,-4.2778
19941124,-5.9838
19941125,-6.1976
19941126,-2.7924
19941127,-3.7731
19941128,-5.0867
19941129,-5.3332
19941130,-6.4533
19941201,-6.1656
19941202,-4.7703
19941203,-4.2819
19941204,-4.3272
19941205,-1.8075
19941206,-0.78339
19941207,-0.58161
19941208,-0.17525
19941209,9.4277
19941210,7.3556
19941211,0.66698
19941212,0.42256
19941213,0.5684
19941214,-0.081691
19941215,-1.6124
19941216,-0.74957
19941217,-0.63629
19941218,0.3474
19941219,5.7873
19941220,2.3799
19941221,0.64534
19941222,0.65516
19941223,-1.6672
19941224,-2.6267
19941225,-2.691
19941226,-1.0185
19941227,0.098718
19941228,-3.0351
19941229,-5.0425
19941230,-5.4318
19941231,-5.7007
19950101,-3.1192
19950102,-5.1445
19950103,-5.0171
19950104,1.5596
19950105,0.16173
19950106,-0.60724
19950107,-0.3809
19950108,-0.85089
19950109,-2.1065
19950110,-0.74373
19950111,-0.42777
19950112,-4.0533
19950113,-4.6243
19950114,-5.9962
19950115,-3.3058
19950116,-2.6347
19950117,-1.5699
19950118,-2.9438
19950119,-4.173
19950120,-5.8168
19950121,-6.6938
19950122,-6.0136
19950123,-7.3585
19950124,-3.9135
19950125,-3.552
19950126,-3.5378
19950127,-3.7892
19950128,-3.9812
19950129,-4.1851
19950130,-4.9547
19950131,-3.5082
19950201,-3.3625
19950202,-4.5682
19950203,-3.3206
19950204,-2.0419
19950205,1.9162
19950206,0.86362
19950207,2.1342
19950208,-0.84927
19950209,-2.0992
19950210,-3.3693
19950211,-1.0155
19950212,6.0175
19950213,4.992
19950214,7.1019
19950215,6.9213
19950216,6.4868
19950217,2.3044
19950218,-0.26386
19950219,-0.1562
19950220,-4.9676
19950221,-6.1857
19950222,-6.6454
19950223,-4.1935
19950224,-2.9031
19950225,-4.1512
19950226,-4.4676
19950227,1.5391
19950228,2.1224
19950301,0.6856
19950302,0.88066
19950303,3.6884
19950304,6.9284
19950305,7.3455
19950306,3.0474
19950307,1.5078
19950308,2.7753
19950309,4.4433
19950310,4.4119
19950311,5.7565
19950312,5.2295
19950313,3.9851
19950314,1.6392
19950315,4.8346
19950316,4.7594
19950317,2.641
19950318,2.7907
19950319,6.3343
19950320,5.0902
19950321,6.2674
19950322,6.2256
19950323,8.4736
19950324,8.7811
19950325,4.7343
19950326,2.9938
19950327,4.2612
19950328,4.7877
19950329,4.2887
19950330,7.1559
19950331,6.5614
19950401,8.7289
19950402,4.04
19950403,4.2064
19950404,1.4848
19950405,0.20853
19950406,-1.162
19950407,-0.35765
19950408,-0.77995
19950409,0.32719
19950410,0.39447
19950411,0.16039
19950412,2.4474
19950413,4.3791
19950414,4.7558
19950415,7.4826
19950416,9.4117
19950417,6.6463
19950418,5.2036
19950419,4.2423
19950420,4.8139
19950421,7.24
19950422,6.0518
19950423,2.0451
19950424,3.1647
19950425,6.0153
19950426,6.68
19950427,6.0892
19950428,7.914
19950429,8.1063
19950430,11.62
19950501,10.903
19950502,8.8466
19950503,6.4412
19950504,7.4777
19950505,9.3839
19950506,11.232
19950507,8.6321
19950508,8.366
19950509,9.8415
19950510,7.6953
19950511,9.8104
19950512,9.1805
19950513,7.803
19950514,8.1685
19950515,6.1836
19950516,11.126
19950517,11.162
19950518,12.373
19950519,12.512
19950520,10.735
19950521,9.0022
19950522,11.704
19950523,11.477
19950524,13.681
19950525,10.39
19950526,11.77
19950527,12.6
19950528,12.336
19950529,11.774
19950530,13.765
19950531,14.016
19950601,11.777
19950602,9.3133
19950603,10.687
19950604,13.87
19950605,9.4427
19950606,8.1076
19950607,10.377
19950608,11.954
19950609,12.659
19950610,13.197
19950611,14.004
19950612,15.003
19950613,14.285
19950614,14.227
19950615,15.004
19950616,15.666
19950617,13.964
19950618,14.067
19950619,13.235
19950620,14.81
19950621,11.808
19950622,9.983
19950623,9.902
19950624,12.134
19950625,12.742
19950626,13.547
19950627,14.313
19950628,15.261
19950629,15.372
19950630,15.341
19950701,14.475
19950702,13.428
19950703,13.955
19950704,16.125
19950705,17.091
19950706,16.47
19950707,16.47
19950708,16.64
19950709,16.572
19950710,17.068
19950711,16.315
19950712,19.49
19950713,19.739
19950714,18.725
19950715,18.68
19950716,18.789
19950717,19.884
19950718,19.561
19950719,17.119
19950720,17.51
19950721,18.49
19950722,19.687
19950723,18.574
19950724,22.509
19950725,20.823
19950726,19.508
19950727,18.652
19950728,18.639
19950729,17.17
19950730,14.75
19950731,17.41
19950801,15.687
19950802,13.991
19950803,16.859
19950804,17.822
19950805,19.648
19950806,19.573
19950807,16.329
19950808,14.132
19950809,15.057
19950810,15.831
19950811,16.624
19950812,17.992
19950813,17.108
19950814,15.974
19950815,16.235
19950816,17.324
19950817,19.081
19950818,18.967
19950819,16.225
19950820,13.92
19950821,15.712
19950822,15.056
19950823,16.918
19950824,15.134
19950825,14.25
19950826,17.474
19950827,15.712
19950828,16.381
19950829,17.109
19950830,18.186
19950831,14.635
19950901,15.9
19950902,15.515
19950903,15.297
19950904,14.696
19950905,15.873
19950906,16.948
19950907,13.789
19950908,14.907
19950909,12.942
19950910,10.09
19950911,8.6734
19950912,10.601
19950913,8.7894
19950914,10.688
19950915,8.5648
19950916,9.9095
19950917,10.304
19950918,9.3391
19950919,7.8908
19950920,10.068
19950921,9.1666
19950922,10.496
19950923,11.174
19950924,11.636
19950925,11.299
19950926,12.069
19950927,13.318
19950928,9.7591
19950929,10.562
19950930,8.3958
19951001,11.556
19951002,6.7093
19951003,5.6119
19951004,8.3711
19951005,10.901
19951006,13.281
19951007,11.108
19951008,9.2298
19951009,12.665
19951010,9.767
19951011,6.9263
19951012,4.5433
19951013,4.3132
19951014,10.705
19951015,12.955
19951016,6.812
19951017,4.1161
19951018,7.7258
19951019,7.7118
19951020,7.134
19951021,5.8079
19951022,7.6381
19951023,5.0549
19951024,6.65
19951025,7.9999
19951026,6.8367
19951027,7.6039
19951028,8.9216
19951029,9.257
19951030,7.4191
19951031,7.2389
19951101,7.5919
19951102,4.6123
19951103,3.7469
19951104,3.7303
19951105,0.70764
19951106,-0.37107
19951107,0.14045
19951108,2.2578
19951109,2.5537
19951110,1.1335
19951111,5.3494
19951112,2.7012
19951113,-0.22367
19951114,-2.2528
19951115,0.99063
19951116,2.0684
19951117,2.891
19951118,1.477
19951119,4.8741
19951120,-0.91009
19951121,-2.9954
19951122,-2.4482
19951123,-0.73751
19951124,-0.1125
19951125,-1.3056
19951126,-2.0312
19951127,-1.4585
19951128,-3.6692
19951129,-3.7938
19951130,-4.3784
19951201,-1.8877
19951202,-1.283
19951203,-1.1624
19951204,-1.1912
19951205,-0.41834
19951206,-2.4453
19951207,0.31756
19951208,1.4604
19951209,-0.79452
19951210,1.9308
19951211,0.26443
19951212,0.93906
19951213,0.15719
19951214,-0.64099
19951215,0.19524
19951216,-0.36845
19951217,0.42724
19951218,6.6847
19951219,5.9974
19951220,6.1688
19951221,2.5753
19951222,-2.1208
19951223,-4.6563
19951224,-5.8176
19951225,-6.7192
19951226,-7.1606
19951227,-6.8425
19951228,-3.912
19951229,-2.2408
19951230,-1.1042
19951231,-2.2124
19960101,-0.40976
19960102,-0.074245
19960103,-0.67214
19960104,-0.78124
19960105,-3.4334
19960106,-4.5465
19960107,-2.6176
19960108,0.3142
19960109,-1.1187
19960110,-3.4905
19960111,-4.8363
19960112,-4.4309
19960113,-5.4275
19960114,-7.0158
19960115,-9.2425
19960116,-9.3349
19960117,-9.9263
19960118,-9.2442
19960119,-8.8886
19960120,-8.5577
19960121,-8.6336
19960122,-1.9163
19960123,-2.6513
19960124,-2.893
19960125,5.0272
19960126,0.88021
19960127,0.93592
19960128,2.7105
19960129,-0.51756
19960130,-0.41732
19960131,-0.11245
19960201,-0.72521
19960202,-0.48556
19960203,0.9585
19960204,0.96889
19960205,0.16448
19960206,-1.0878
19960207,1.9482
19960208,0.73083
19960209,-0.98667
19960210,-0.1401
19960211,1.4305
19960212,0.95986
19960213,2.4088
19960214,2.823
19960215,0.97599
19960216,-0.47529
19960217,-1.301
19960218,-0.68978
19960219,0.76555
19960220,0.48251
19960221,-0.50779
19960222,1.1121
19960223,1.0557
19960224,5.0978
19960225,2.9254
19960226,0.38167
19960227,0.78246
19960228,4.0169
19960229,5.095
19960301,3.6019
19960302,6.3144
19960303,7.0936
19960304,1.4726
19960305,-0.48963
19960306,0.079177
19960307,2.9931
19960308,2.3864
19960309,0.77682
19960310,-1.1391
19960311,-2.437
19960312,-4.1072
19960313,-4.697
19960314,-5.3058
19960315,-4.8765
19960316,-5.8239
19960317,-0.9246
19960318,1.0881
19960319,-0.51293
19960320,-2.6043
19960321,-0.1443
19960322,1.2036
19960323,0.86433
19960324,0.95516
19960325,0.44795
19960326,5.5253
19960327,8.861
19960328,7.1898
19960329,7.0911
19960330,5.2345
19960331,2.6857
19960401,2.3959
19960402,6.1015
19960403,3.3337
19960404,6.1494
19960405,6.7482
19960406,5.603
19960407,7.4469
19960408,6.9613
19960409,7.3541
19960410,5.7243
19960411,5.2106
19960412,3.6851
19960413,4.6178
19960414,2.8076
19960415,1.8459
19960416,2.9934
19960417,4.1415
19960418,5.5899
19960419,3.1954
19960420,3.8508
19960421,2.6563
19960422,3.8988
19960423,3.1102
19960424,6.4937
19960425,7.6337
19960426,5.7057
19960427,3.8017
19960428,5.3177
19960429,6.4369
19960430,6.4683
19960501,6.0357
19960502,7.7196
19960503,7.4417
19960504,4.0035
19960505,5.5375
19960506,7.1827
19960507,7.1299
19960508,8.0987
19960509,5.7881
19960510,7.7711
19960511,6.6559
19960512,9.3788
19960513,11.347
19960514,9.9985
19960515,10.68
19960516,11.39
19960517,10.614
19960518,10.598
19960519,10.929
19960520,12.961
19960521,9.8662
19960522,8.4163
19960523,10.111
19960524,11.48
19960525,10.037
19960526,11.766
19960527,10.241
19960528,9.9387
19960529,11.887
19960530,10.184
19960531,10.869
19960601,10.256
19960602,7.6728
19960603,13.149
19960604,12.762
19960605,11.134
19960606,11.836
19960607,11.786
19960608,10.344
19960609,14.098
19960610,13.742
19960611,10.475
19960612,8.9536
19960613,12.926
19960614,15.805
19960615,16.557
19960616,17.024
19960617,15.836
19960618,15.552
19960619,16.578
19960620,16.471
19960621,16.789
19960622,18.36
19960623,16.386
19960624,17
19960625,17.387
19960626,17.324
19960627,16.951
19960628,16.606
19960629,15.903
19960630,15.807
19960701,14.958
19960702,12.425
19960703,10.428
19960704,13.75
19960705,16.038
19960706,16.293
19960707,16.806
19960708,18.371
19960709,18.58
19960710,17.455
19960711,17.475
19960712,16.438
19960713,16.495
19960714,17.325
19960715,17.057
19960716,14.294
19960717,15.43
19960718,17.001
19960719,20.472
19960720,18.964
19960721,18.143
19960722,19.779
19960723,17.815
19960724,17.01
19960725,17.928
19960726,18.782
19960727,18.983
19960728,18.555
19960729,20.027
19960730,19.135
19960731,21.21
19960801,23.498
19960802,25.895
19960803,24.227
19960804,22.83
19960805,23.123
19960806,21.092
19960807,19.966
19960808,18.173
19960809,18.353
19960810,18.862
19960811,18.483
19960812,18.102
19960813,18.352
19960814,16.845
19960815,18.31
19960816,14.432
19960817,14.317
19960818,15.368
19960819,15.699
19960820,15.742
19960821,16.095
19960822,15.773
19960823,17.005
19960824,16.854
19960825,19.072
19960826,17.27
19960827,17.136
19960828,16.704
19960829,17.575
19960830,18.565
19960831,16.588
19960901,16.989
19960902,16.188
19960903,17.642
19960904,16.816
19960905,14.423
19960906,12.831
19960907,13.403
19960908,9.8593
19960909,7.1993
19960910,8.9917
19960911,11.076
19960912,11.965
19960913,12.523
19960914,13.167
19960915,14.634
19960916,12.85
19960917,11.733
19960918,10.938
19960919,9.8971
19960920,11.66
19960921,10.664
19960922,11.898
19960923,12.464
19960924,12.901
19960925,12.778
19960926,10.188
19960927,13.314
19960928,11.843
19960929,12.682
19960930,15.675
19961001,16.244
19961002,14.398
19961003,12.581
19961004,12.17
19961005,11.883
19961006,12
19961007,11.882
19961008,10.568
19961009,10.676
19961010,10.171
19961011,10.49
19961012,10.757
19961013,10.487
19961014,11.376
19961015,10.865
19961016,10.233
19961017,9.4918
19961018,6.475
19961019,4.5264
19961020,7.5583
19961021,5.9421
19961022,7.1542
19961023,7.3196
19961024,8.8799
19961025,6.1317
19961026,7.957
19961027,5.5298
19961028,6.1287
19961029,7.8891
19961030,5.0961
19961031,4.6782
19961101,8.202
19961102,8.7039
19961103,10.995
19961104,10.323
19961105,11.29
19961106,11.194
19961107,11.027
19961108,9.7461
19961109,11.788
19961110,8.6181
19961111,6.776
19961112,3.4625
19961113,0.76212
19961114,-0.50492
19961115,0.3775
19961116,1.0251
19961117,1.0143
19961118,0.1128
19961119,0.13876
19961120,0.28178
19961121,-0.073991
19961122,-0.18825
19961123,-0.36235
19961124,-0.46004
19961125,-1.7309
19961126,-1.9018
19961127,-1.957
19961128,-2.0562
19961129,-2.6974
19961130,-3.3131
19961201,-0.2937
19961202,0.41802
19961203,-2.1151
19961204,-3.5747
19961205,-4.6822
19961206,-0.17608
19961207,-0.36077
19961208,-2.6178
19961209,-2.7009
19961210,-5.4
19961211,-6.7237
19961212,-6.3586
19961213,-6.9074
19961214,-6.8358
19961215,-4.1861
19961216,-1.6296
19961217,-2.4223
19961218,0.97945
19961219,-1.6241
19961220,-3.6144
19961221,-4.1251
19961222,-3.3163
19961223,-1.0463
19961224,-1.6387
19961225,-2.0776
19961226,-2.502
19961227,-1.0366
19961228,-2.0401
19961229,3.4804
19961230,5.1432
19961231,1.8214
19970101,-1.3573
19970102,-1.8772
19970103,-1.5417
19970104,-1.6104
19970105,-0.15229
19970106,-0.39338
19970107,-1.4479
19970108,-2.6487
19970109,-1.7246
19970110,-3.7255
19970111,-3.5309
19970112,-2.2553
19970113,-4.7539
19970114,-3.1092
19970115,-2.0444
19970116,-2.9993
19970117,-2.6273
19970118,-1.5658
19970119,-2.8293
19970120,-5.1041
19970121,-1.7874
19970122,-6.9944
19970123,-7.0524
19970124,-3.2394
19970125,-5.1696
19970126,-7.5021
19970127,-7.8341
19970128,-6.3244
19970129,-3.3376
19970130,-4.6141
19970131,-4.2898
19970201,-1.8807
19970202,-1.2455
19970203,-0.90397
19970204,-4.0444
19970205,-2.1972
19970206,-2.4536
19970207,-2.2153
19970208,-1.306
19970209,-1.6968
19970210,-0.17421
19970211,-1.4422
19970212,-2.1008
19970213,-3.1662
19970214,-5.3511
19970215,-3.7845
19970216,-2.3458
19970217,-1.7955
19970218,-0.40355
19970219,-0.95245
19970220,-1.037
19970221,-1.3376
19970222,-2.1857
19970223,-2.5129
19970224,-1.9717
19970225,-0.62115
19970226,0.12192
19970227,-0.096442
19970228,-1.1465
19970301,0.54011
19970302,0.44213
19970303,1.1104
19970304,1.83
19970305,2.1347
19970306,-0.11569
19970307,1.2384
19970308,1.6677
19970309,1.3115
19970310,2.797
19970311,1.1343
19970312,2.6244
19970313,3.0085
19970314,1.9912
19970315,5.7681
19970316,3.9583
19970317,4.3308
19970318,4.6421
19970319,2.269
19970320,5.6551
19970321,7.1752
19970322,4.7931
19970323,1.9125
19970324,1.6622
19970325,3.5766
19970326,0.47998
19970327,4.1532
19970328,7.6004
19970329,6.4142
19970330,3.9514
19970331,2.9664
19970401,0.71118
19970402,1.9245
19970403,3.7987
19970404,1.9804
19970405,5.7579
19970406,4.7472
19970407,6.4892
19970408,3.213
19970409,0.60685
19970410,-0.40479
19970411,-0.99266
19970412,0.42305
19970413,-0.8353
19970414,-0.55058
19970415,7.8676
19970416,5.4588
19970417,6.8608
19970418,8.1927
19970419,9.477
19970420,14.105
19970421,11.564
19970422,8.6032
19970423,6.2527
19970424,7.1013
19970425,9.0885
19970426,7.1395
19970427,7.9675
19970428,6.5985
19970429,5.6532
19970430,6.5506
19970501,8.0337
19970502,9.8114
19970503,8.2175
19970504,8.1103
19970505,4.6375
19970506,5.5104
19970507,7.5067
19970508,10.177
19970509,9.8488
19970510,8.6064
19970511,8.1178
19970512,7.9449
19970513,10.985
19970514,4.832
19970515,3.124
19970516,6.0066
19970517,6.929
19970518,8.9311
19970519,8.8461
19970520,12.068
19970521,10.566
19970522,9.3513
19970523,10.542
19970524,9.8249
19970525,7.6767
19970526,9.2878
19970527,9.9736
19970528,9.7286
19970529,9.258
19970530,10.106
19970531,7.8111
19970601,8.9506
19970602,9.0863
19970603,8.5905
19970604,8.8736
19970605,11.671
19970606,9.8353
19970607,12.95
19970608,10.546
19970609,10.721
19970610,8.8909
19970611,11.931
19970612,10.166
19970613,9.7815
19970614,8.6996
19970615,11.156
19970616,11.969
19970617,11.118
19970618,9.2655
19970619,11.213
19970620,13.99
19970621,13.993
19970622,14.834
19970623,16.538
19970624,15.705
19970625,14.127
19970626,17.555
19970627,15.585
19970628,15.887
19970629,12.255
19970630,10.358
19970701,12.376
19970702,17.734
19970703,14.989
19970704,13.382
19970705,14.903
19970706,14.859
19970707,12.529
19970708,14.531
19970709,17.478
19970710,18.518
19970711,16.037
19970712,14.464
19970713,14.852
19970714,17.25
19970715,20.274
19970716,20.156
19970717,18.311
19970718,18.718
19970719,19.722
19970720,18.097
19970721,15.951
19970722,17.639
19970723,18.528
19970724,19.771
19970725,20.023
19970726,20.083
19970727,16.055
19970728,15.403
19970729,14.812
19970730,16.599
19970731,17.874
19970801,18.22
19970802,19.055
19970803,18.381
19970804,19.505
19970805,19.812
19970806,19.238
19970807,20.118
19970808,19.335
19970809,18.376
19970810,16.143
19970811,15.353
19970812,17.219
19970813,18.167
19970814,18.96
19970815,19.939
19970816,20.408
19970817,19.103
19970818,17.823
19970819,17.311
19970820,17.863
19970821,16.433
19970822,13.444
19970823,15.971
19970824,15.954
19970825,16.981
19970826,15.904
19970827,15.416
19970828,15.004
19970829,14.39
19970830,15.044
19970831,14.991
19970901,16.558
19970902,17.847
19970903,17.092
19970904,18.439
19970905,18.988
19970906,16.603
19970907,16.512
19970908,15.923
19970909,14.684
19970910,12.927
19970911,13.134
19970912,11.598
19970913,10.397
19970914,10.578
19970915,11.265
19970916,14.413
19970917,11.498
19970918,9.0755
19970919,9.6415
19970920,14.807
19970921,14.662
19970922,14.064
19970923,11.018
19970924,12.123
19970925,16.634
19970926,17.076
19970927,15.137
19970928,12.378
19970929,10.478
19970930,9.2477
19971001,12.55
19971002,14.841
19971003,14.93
19971004,14.851
19971005,10.992
19971006,9.5721
19971007,9.991
19971008,8.8314
19971009,7.0775
19971010,5.8869
19971011,6.5754
19971012,6.1474
19971013,4.4047
19971014,7.6776
19971015,9.9665
19971016,7.5909
19971017,5.4166
19971018,9.5983
19971019,6.5762
19971020,3.9811
19971021,2.3166
19971022,3.6694
19971023,5.1594
19971024,7.2236
19971025,6.9508
19971026,9.6427
19971027,5.4914
19971028,3.74
19971029,2.7173
19971030,6.3765
19971031,9.0097
19971101,8.5151
19971102,7.7943
19971103,11.009
19971104,12.257
19971105,12.502
19971106,11.378
19971107,9.5663
19971108,8.4439
19971109,9.0538
19971110,12.301
19971111,10.859
19971112,9.509
19971113,5.4235
19971114,2.7384
19971115,0.9788
19971116,1.8568
19971117,0.9753
19971118,2.4455
19971119,0.82474
19971120,3.3997
19971121,4.4265
19971122,4.8718
19971123,3.5716
19971124,1.4507
19971125,0.81399
19971126,1.8319
19971127,4.5603
19971128,1.9448
19971129,-0.037126
19971130,3.1993
19971201,6.0272
19971202,5.3507
19971203,2.1063
19971204,0.84988
19971205,0.41536
19971206,3.1116
19971207,-0.68353
19971208,-1.3012
19971209,-1.5292
19971210,-1.0083
19971211,-4.5543
19971212,-5.7493
19971213,-0.0080322
19971214,-0.75322
19971215,-4.1954
19971216,-5.586
19971217,-5.6914
19971218,-2.0407
19971219,-0.35037
19971220,-0.70582
19971221,-0.41033
19971222,-0.62669
19971223,-1.0056
19971224,1.522
19971225,-0.21656
19971226,-0.72165
19971227,4.5634
19971228,4.0636
19971229,2.9718
19971230,-0.33624
19971231,-2.4478
19980101,-2.7751
19980102,-1.508
19980103,-0.37225
19980104,-0.67718
19980105,-0.5035
19980106,1.567
19980107,-0.48542
19980108,1.3227
19980109,-2.3972
19980110,-3.3265
19980111,1.4497
19980112,-1.83
19980113,-3.1931
19980114,-3.2191
19980115,-2.5937
19980116,-2.4029
19980117,-0.85718
19980118,-2.4421
19980119,-2.8784
19980120,-2.2148
19980121,3.5663
19980122,3.3819
19980123,4.4975
19980124,2.0034
19980125,2.6638
19980126,4.6045
19980127,4.7986
19980128,2.6904
19980129,2.0162
19980130,0.77549
19980131,-1.2591
19980201,-1.2418
19980202,1.6971
19980203,-0.058885
19980204,1.7563
19980205,0.18113
19980206,-2.4292
19980207,-0.3843
19980208,-1.0448
19980209,-0.51838
19980210,-0.52753
19980211,-1.18
19980212,-1.4903
19980213,-3.1495
19980214,-3.1747
19980215,-0.94993
19980216,-1.0551
19980217,-2.0355
19980218,-1.588
19980219,-1.8205
19980220,-3.8953
19980221,-2.8675
19980222,-4.3503
19980223,-2.6731
19980224,1.8284
19980225,2.0901
19980226,1.1144
19980227,-0.18326
19980228,2.0941
19980301,2.9528
19980302,6.894
19980303,5.1608
19980304,1.9381
19980305,1.4937
19980306,2.4083
19980307,5.7663
19980308,3.9433
19980309,2.6105
19980310,0.4854
19980311,-1.8394
19980312,1.4825
19980313,2.5109
19980314,1.3037
19980315,1.088
19980316,3.0985
19980317,4.1256
19980318,5.073
19980319,4.4429
19980320,9.5709
19980321,9.0943
19980322,5.5526
19980323,1.0832
19980324,-1.2492
19980325,-1.7688
19980326,0.63886
19980327,-0.65729
19980328,1.5925
19980329,2.7507
19980330,0.045913
19980331,-1.149
19980401,0.3288
19980402,2.8754
19980403,1.9378
19980404,7.7587
19980405,7.0591
19980406,4.5032
19980407,1.3138
19980408,1.6776
19980409,4.9785
19980410,6.6692
19980411,4.1142
19980412,2.5985
19980413,5.9917
19980414,8.5406
19980415,8.4299
19980416,8.992
19980417,10.403
19980418,7.2653
19980419,5.1544
19980420,4.0996
19980421,5.1166
19980422,5.7186
19980423,8.1483
19980424,5.2352
19980425,3.148
19980426,5.9898
19980427,4.5539
19980428,5.5997
19980429,3.1403
19980430,3.2112
19980501,5.6087
19980502,9.3893
19980503,7.1626
19980504,8.9368
19980505,8.8762
19980506,7.7196
19980507,5.2548
19980508,7.1388
19980509,7.0461
19980510,8.8119
19980511,6.5269
19980512,8.8278
19980513,10.013
19980514,7.5837
19980515,8.0716
19980516,8.8022
19980517,8.9994
19980518,8.8826
19980519,9.3003
19980520,10.313
19980521,8.5701
19980522,7.3871
19980523,8.2088
19980524,6.7083
19980525,6.0268
19980526,8.2404
19980527,11.558
19980528,12.663
19980529,13.282
19980530,11.193
19980531,11.487
19980601,13.915
19980602,15.549
19980603,15.442
19980604,14.904
19980605,13.646
19980606,12.157
19980607,10.689
19980608,11.876
19980609,13.453
19980610,13.792
19980611,13.819
19980612,13.924
19980613,15.937
19980614,13.897
19980615,12.281
19980616,13.513
19980617,14.624
19980618,16.194
19980619,15.625
19980620,14.066
19980621,12.713
19980622,12.615
19980623,12.46
19980624,14.19
19980625,13.84
19980626,13.009
19980627,16.19
19980628,16.706
19980629,17.335
19980630,15.901
19980701,17.622
19980702,16.923
19980703,18.936
19980704,18.074
19980705,18.098
19980706,15.137
19980707,14.688
19980708,16.835
19980709,18.499
19980710,16.467
19980711,16.067
19980712,18.772
19980713,16.365
19980714,17.289
19980715,17.963
19980716,17.303
19980717,17.666
19980718,14.433
19980719,14.394
19980720,16.002
19980721,16.873
19980722,15.896
19980723,16.216
19980724,16.854
19980725,16.746
19980726,17.145
19980727,18.12
19980728,19.024
19980729,19.815
19980730,20.119
19980731,19.029
19980801,14.464
19980802,12.282
19980803,14.108
19980804,15.563
19980805,16.276
19980806,17.215
19980807,16.476
19980808,15.721
19980809,14.788
19980810,13.361
19980811,15.764
19980812,14.555
19980813,14.373
19980814,16.078
19980815,16.307
19980816,14.507
19980817,14.907
19980818,15.531
19980819,15.88
19980820,17.878
19980821,15.646
19980822,16.291
19980823,17.191
19980824,15.998
19980825,15.024
19980826,16.164
19980827,14.891
19980828,15.142
19980829,16.417
19980830,17.136
19980831,16.715
19980901,18.819
19980902,18.41
19980903,16.605
19980904,16.568
19980905,15.983
19980906,17.005
19980907,19.24
19980908,17.164
19980909,17.049
19980910,16.86
19980911,15.471
19980912,15.038
19980913,16.467
19980914,13.425
19980915,13.283
19980916,12.617
19980917,10.34
19980918,11.486
19980919,11.459
19980920,10.099
19980921,10.033
19980922,7.4803
19980923,8.3267
19980924,10.091
19980925,9.4313
19980926,11.374
19980927,9.5113
19980928,13.73
19980929,12.754
19980930,10.514
19981001,10.351
19981002,10.507
19981003,7.4035
19981004,6.9021
19981005,12.188
19981006,10.815
19981007,11.115
19981008,10.84
19981009,8.0524
19981010,9.5081
19981011,10.15
19981012,8.0907
19981013,6.787
19981014,5.0413
19981015,10.914
19981016,7.5388
19981017,5.3302
19981018,6.8641
19981019,10.479
19981020,8.8774
19981021,6.762
19981022,8.1876
19981023,7.2115
19981024,7.433
19981025,6.9816
19981026,10.863
19981027,9.1399
19981028,10.381
19981029,4.5171
19981030,2.354
19981031,2.1266
19981101,1.4564
19981102,5.376
19981103,3.0343
19981104,2.0262
19981105,0.68053
19981106,0.84185
19981107,2.3244
19981108,2.3715
19981109,4.8778
19981110,5.0634
19981111,4.8411
19981112,7.1367
19981113,4.5956
19981114,4.1446
19981115,3.2156
19981116,1.3763
19981117,0.78682
19981118,-1.3261
19981119,-1.3304
19981120,-1.2715
19981121,2.7029
19981122,0.51656
19981123,-0.56872
19981124,5.0865
19981125,6.2589
19981126,6.4036
19981127,6.4451
19981128,5.7343
19981129,2.4035
19981130,0.4072
19981201,-0.524
19981202,-1.7119
19981203,-1.9873
19981204,-2.164
19981205,-2.2358
19981206,-2.6786
19981207,0.32906
19981208,-1.5128
19981209,-2.9733
19981210,-3.2119
19981211,-1.9976
19981212,-0.91879
19981213,-1.0426
19981214,5.2377
19981215,0.19548
19981216,0.14103
19981217,7.2981
19981218,4.6675
19981219,2.8137
19981220,0.25851
19981221,-0.60524
19981222,7.1339
19981223,7.2254
19981224,4.5641
19981225,4.5449
19981226,9.4005
19981227,10.086
19981228,7.663
19981229,4.6
19981230,2.1218
19981231,5.0996
19990101,4.4481
19990102,6.0884
19990103,6.047
19990104,4.2692
19990105,4.2536
19990106,1.6723
19990107,-0.074327
19990108,1.9203
19990109,1.299
19990110,2.8928
19990111,0.16527
19990112,-0.83458
19990113,2.7911
19990114,3.6758
19990115,2.5594
19990116,1.0293
19990117,-0.41641
19990118,-1.5106
19990119,-2.7976
19990120,0.70994
19990121,2.5042
19990122,0.1897
19990123,-0.99714
19990124,-1.0256
19990125,-1.1303
19990126,-2.1537
19990127,-2.3396
19990128,-2.0292
19990129,-1.2403
19990130,-2.6049
19990131,-4.0531
19990201,-5.0469
19990202,-4.3251
19990203,-2.9145
19990204,-2.9587
19990205,-3.4316
19990206,4.7761
19990207,4.599
19990208,4.5524
19990209,4.004
19990210,4.2195
19990211,-0.67527
19990212,-0.7025
19990213,-0.7385
19990214,-0.79235
19990215,0.67998
19990216,1.5867
19990217,2.6916
19990218,-0.72013
19990219,-0.33768
19990220,0.33688
19990221,3.1861
19990222,4.7912
19990223,2.977
19990224,1.1853
19990225,-0.084499
19990226,-1.56
19990227,1.1382
19990228,1.3656
19990301,-0.38201
19990302,-0.22907
19990303,0.50211
19990304,-1.4575
19990305,0.8563
19990306,0.58244
19990307,-0.81186
19990308,-0.43738
19990309,-1.5956
19990310,-1.4897
19990311,-2.0118
19990312,-0.83691
19990313,-2.6721
19990314,3.0416
19990315,4.7183
19990316,1.87
19990317,1.2467
19990318,0.93782
19990319,-0.88164
19990320,1.2753
19990321,8.0572
19990322,7.5252
19990323,4.4141
19990324,2.496
19990325,1.6043
19990326,2.5896
19990327,3.2847
19990328,0.79707
19990329,2.2879
19990330,5.0823
19990331,3.8751
19990401,6.0142
19990402,6.6116
19990403,7.5267
19990404,6.6741
19990405,4.9753
19990406,3.9966
19990407,3.2622
19990408,2.9685
19990409,5.3059
19990410,4.6308
19990411,3.9792
19990412,2.8597
19990413,3.4974
19990414,4.2755
19990415,4.9812
19990416,4.8936
19990417,5.0716
19990418,5.54
19990419,6.1935
19990420,6.4259
19990421,5.2626
19990422,7.6534
19990423,5.357
19990424,5.538
19990425,6.6825
19990426,8.9936
19990427,7.7977
19990428,4.196
19990429,2.4984
19990430,5.2089
19990501,3.4698
19990502,8.0478
19990503,8.978
19990504,6.9418
19990505,9.5441
19990506,7.1604
19990507,9.3524
19990508,12.12
19990509,8.2662
19990510,7.173
19990511,8.0962
19990512,8.6015
19990513,9.3651
19990514,9.5698
19990515,11.418
19990516,12.434
19990517,13.292
19990518,14.514
19990519,13.833
19990520,11.273
19990521,14.081
19990522,14.113
19990523,15.086
19990524,13.716
19990525,11.77
19990526,14.787
19990527,13.759
19990528,12.761
19990529,11.61
19990530,11.907
19990531,12.511
19990601,12.488
19990602,13.247
19990603,14.264
19990604,15.137
19990605,15.454
19990606,13.517
19990607,12.629
19990608,14.174
19990609,13.589
19990610,13.399
19990611,14.629
19990612,14.913
19990613,14.848
19990614,13.858
19990615,14.912
19990616,15.691
19990617,16.874
19990618,15.868
19990619,15.949
19990620,16.413
19990621,15.529
19990622,17.591
19990623,18.239
19990624,18.596
19990625,16.331
19990626,17.29
19990627,17.487
19990628,15.023
19990629,13.361
19990630,10.635
19990701,12.757
19990702,13.335
19990703,15.549
19990704,15.159
19990705,12.997
19990706,14.515
19990707,15.418
19990708,17.481
19990709,17.016
19990710,16.631
19990711,17.816
19990712,17.398
19990713,16.382
19990714,18.476
19990715,19.413
19990716,18.847
19990717,16.797
19990718,18.701
19990719,19.758
19990720,17.719
19990721,17.138
19990722,17.619
19990723,17.834
19990724,16.833
19990725,16.707
19990726,17.01
19990727,17.527
19990728,20.336
19990729,18.309
19990730,17.985
19990731,19.835
19990801,19.527
19990802,22.056
19990803,20.208
19990804,21.735
19990805,21.365
19990806,19.582
19990807,19.829
19990808,19.468
19990809,17.177
19990810,14.832
19990811,15.911
19990812,17.023
19990813,17.478
19990814,15.509
19990815,16.551
19990816,18.454
19990817,18.434
19990818,16.042
19990819,16.715
19990820,17.935
19990821,18.458
19990822,18.742
19990823,18.691
19990824,17.768
19990825,16.413
19990826,14.819
19990827,16.143
19990828,15.261
19990829,12.468
19990830,15.649
19990831,15.423
19990901,11.943
19990902,12.853
19990903,13.76
19990904,15.693
19990905,17.124
19990906,16.58
19990907,15.586
19990908,16.244
19990909,16.192
19990910,15.05
19990911,13.106
19990912,14.114
19990913,15.119
19990914,16.681
19990915,17.938
19990916,17.957
19990917,17.228
19990918,17.445
19990919,16.552
19990920,16.088
19990921,14.852
19990922,17.949
19990923,14.719
19990924,13.2
19990925,11.713
19990926,8.9546
19990927,9.8611
19990928,10.546
19990929,9.6991
19990930,10.803
19991001,10.661
19991002,16.196
19991003,11.227
19991004,9.2027
19991005,10.905
19991006,12.679
19991007,12.446
19991008,14.984
19991009,11.702
19991010,10.929
19991011,13.778
19991012,12.641
19991013,14.366
19991014,15.405
19991015,11.005
19991016,9.6468
19991017,7.5942
19991018,6.4937
19991019,4.879
19991020,3.1315
19991021,0.94959
19991022,6.777
19991023,12.335
19991024,5.4883
19991025,5.2119
19991026,10.314
19991027,10.769
19991028,9.4788
19991029,8.2817
19991030,7.8087
19991031,7.0875
19991101,5.3502
19991102,9.2309
19991103,7.395
19991104,5.9333
19991105,7.8171
19991106,8.9753
19991107,9.1097
19991108,6.6112
19991109,4.3865
19991110,2.7367
19991111,4.7198
19991112,3.9443
19991113,2.2949
19991114,1.2101
19991115,5.3198
19991116,2.7122
19991117,3.03
19991118,3.6504
19991119,3.7596
19991120,2.1915
19991121,4.9882
19991122,2.3796
19991123,2.3632
19991124,0.71257
19991125,-1.2524
19991126,-1.924
19991127,-2.4044
19991128,5.4689
19991129,5.1792
19991130,3.3593
19991201,2.0909
19991202,0.16289
19991203,-0.99718
19991204,-2.5708
19991205,-2.5123
19991206,-2.8851
19991207,-3.5386
19991208,-4.0964
19991209,-4.7034
19991210,-4.2279
19991211,-3.8232
19991212,-1.9287
19991213,1.9083
19991214,3.4314
19991215,-4.1296
19991216,-5.4432
19991217,-5.3497
19991218,-6.2915
19991219,-7.8765
19991220,-7.1629
19991221,-2.9913
19991222,-2.9697
19991223,-4.3328
19991224,-3.6298
19991225,-3.9322
19991226,-3.4433
19991227,-1.1682
19991228,0.76115
19991229,7.7335
19991230,6.5481
19991231,6.1503
20000101,4.3473
20000102,1.6538
20000103,0.16292
20000104,-0.72537
20000105,-1.605
20000106,-2.789
20000107,-2.2131
20000108,-1.9625
20000109,-2.0341
20000110,-2.5624
20000111,-3.1555
20000112,-2.6381
20000113,-0.78255
20000114,-0.60387
20000115,-1.8337
20000116,0.35036
20000117,2.2808
20000118,0.68443
20000119,1.7657
20000120,1.8414
20000121,-0.60991
20000122,-0.09401
20000123,-0.51922
20000124,1.1743
20000125,1.2626
20000126,6.8915
20000127,7.406
20000128,7.7562
20000129,1.7657
20000130,-0.52732
20000131,-1.7327
20000201,-0.463
20000202,0.89582
20000203,0.42861
20000204,2.1889
20000205,1.9474
20000206,1.6931
20000207,0.72221
20000208,1.2407
20000209,0.68011
20000210,1.5013
20000211,-0.74794
20000212,-2.0122
20000213,-0.18309
20000214,-0.80591
20000215,-2.7503
20000216,-1.6874
20000217,3.8142
20000218,4.5173
20000219,2.2707
20000220,-0.073228
20000221,-1.3592
20000222,-1.7518
20000223,-0.60222
20000224,0.31102
20000225,1.2371
20000226,-0.67694
20000227,0.17102
20000228,2.2043
20000229,1.0111
20000301,0.84362
20000302,-3.4324
20000303,-5.6261
20000304,-2.3301
20000305,1.4526
20000306,1.2841
20000307,0.87242
20000308,1.2155
20000309,-0.52032
20000310,-1.0776
20000311,-0.75063
20000312,5.2566
20000313,3.3613
20000314,2.6085
20000315,0.40806
20000316,-0.43975
20000317,1.946
20000318,2.3173
20000319,5.664
20000320,6.8286
20000321,7.448
20000322,6.0535
20000323,5.5559
20000324,3.52
20000325,4.715
20000326,7.9027
20000327,7.9696
20000328,6.9753
20000329,4.9696
20000330,4.3578
20000331,2.3209
20000401,2.157
20000402,3.4135
20000403,0.79012
20000404,7.0626
20000405,8.1368
20000406,5.3519
20000407,4.2255
20000408,3.8982
20000409,2.4493
20000410,8.8835
20000411,7.9837
20000412,5.8531
20000413,8.7459
20000414,7.792
20000415,6.9954
20000416,4.6501
20000417,5.8208
20000418,8.7299
20000419,6.4853
20000420,5.7496
20000421,7.8263
20000422,7.3584
20000423,11.433
20000424,10.538
20000425,9.2792
20000426,4.9111
20000427,6.1091
20000428,4.7941
20000429,2.9805
20000430,3.2595
20000501,6.4624
20000502,8.9717
20000503,10.353
20000504,9.3469
20000505,10.276
20000506,9.2392
20000507,6.3392
20000508,7.8738
20000509,9.3794
20000510,7.4253
20000511,9.1753
20000512,9.4511
20000513,9.0019
20000514,8.9273
20000515,8.8774
20000516,10.087
20000517,12.335
20000518,12.771
20000519,10.707
20000520,10.433
20000521,9.9327
20000522,9.4335
20000523,10.254
20000524,11.4
20000525,10.484
20000526,8.4038
20000527,11.387
20000528,9.6564
20000529,8.4797
20000530,12.379
20000531,10.008
20000601,8.3047
20000602,9.2544
20000603,8.1747
20000604,8.5659
20000605,10.087
20000606,12.335
20000607,12.166
20000608,11.805
20000609,11.505
20000610,9.8068
20000611,11.863
20000612,12.055
20000613,11.613
20000614,13.278
20000615,11.819
20000616,11.438
20000617,12.699
20000618,14.576
20000619,14.908
20000620,13.521
20000621,15.945
20000622,17.097
20000623,15.567
20000624,14.867
20000625,17.393
20000626,15.839
20000627,17.541
20000628,18.71
20000629,16.985
20000630,16.74
20000701,16.711
20000702,17.25
20000703,17.443
20000704,17.788
20000705,15.898
20000706,16.528
20000707,15.106
20000708,15.253
20000709,16.618
20000710,16.423
20000711,16.703
20000712,15.949
20000713,14.392
20000714,14.681
20000715,15.687
20000716,16.072
20000717,14.995
20000718,15.358
20000719,17.033
20000720,14.151
20000721,13.961
20000722,15.582
20000723,14.331
20000724,14.354
20000725,15.36
20000726,15.079
20000727,16.678
20000728,16.408
20000729,16.348
20000730,15.266
20000731,15.73
20000801,16.482
20000802,17.418
20000803,18.469
20000804,18.98
20000805,18.085
20000806,19.13
20000807,18.94
20000808,17.864
20000809,19.361
20000810,17.793
20000811,17.829
20000812,17.471
20000813,17.038
20000814,15.46
20000815,16.007
20000816,15.498
20000817,16.126
20000818,15.569
20000819,12.692
20000820,12.286
20000821,13.521
20000822,14.115
20000823,14.66
20000824,16.578
20000825,17.416
20000826,16.772
20000827,14.148
20000828,11.533
20000829,15.689
20000830,13.646
20000831,14.069
20000901,14.22
20000902,15.712
20000903,12.314
20000904,10.245
20000905,12.603
20000906,12.456
20000907,10.683
20000908,11.088
20000909,12.206
20000910,9.7817
20000911,9.8974
20000912,12.617
20000913,13.203
20000914,15.37
20000915,11.055
20000916,9.5159
20000917,8.6487
20000918,10.994
20000919,9.0622
20000920,7.2939
20000921,9.8734
20000922,13.329
20000923,10.971
20000924,9.0702
20000925,8.6902
20000926,9.8275
20000927,12.28
20000928,9.8753
20000929,12.942
20000930,12.311
20001001,11.461
20001002,14.261
20001003,13.642
20001004,12.981
20001005,11.432
20001006,10.935
20001007,10.018
20001008,10.333
20001009,10.351
20001010,9.9509
20001011,9.1111
20001012,9.0336
20001013,9.541
20001014,10.191
20001015,10.654
20001016,13.25
20001017,13.076
20001018,10.768
20001019,9.7014
20001020,10.575
20001021,10.727
20001022,11.59
20001023,7.3253
20001024,7.897
20001025,3.7015
20001026,2.2539
20001027,6.6889
20001028,4.5951
20001029,2.756
20001030,1.1689
20001031,3.3589
20001101,2.1093
20001102,1.0167
20001103,-0.57633
20001104,-0.68212
20001105,3.1742
20001106,4.4165
20001107,5.7128
20001108,5.0986
20001109,4.2146
20001110,2.9289
20001111,2.5444
20001112,0.63132
20001113,0.070703
20001114,-0.52712
20001115,-0.57216
20001116,-0.62605
20001117,-1.48
20001118,-1.5262
20001119,-3.5436
20001120,-2.2428
20001121,2.453
20001122,2.6441
20001123,9.856
20001124,4.4291
20001125,3.0343
20001126,5.0006
20001127,8.43
20001128,6.1748
20001129,3.6197
20001130,1.905
20001201,2.0274
20001202,5.6085
20001203,2.7794
20001204,2.8766
20001205,1.5056
20001206,1.9479
20001207,1.3936
20001208,1.7353
20001209,1.5788
20001210,0.98701
20001211,1.7787
20001212,1.5115
20001213,-0.15873
20001214,-2.1149
20001215,0.18844
20001216,0.11666
20001217,-0.54199
20001218,1.8073
20001219,0.98577
20001220,-0.24156
20001221,-0.082678
20001222,0.76606
20001223,-0.52685
20001224,0.30558
20001225,-1.4571
20001226,-1.0069
20001227,4.8223
20001228,3.0438
20001229,0.79072
20001230,4.5378
20001231,3.022
20010101,2.284
20010102,4.3479
20010103,2.5413
20010104,2.6714
20010105,2.6468
20010106,1.2155
20010107,2.5037
20010108,4.021
20010109,3.4309
20010110,1.7308
20010111,3.6223
20010112,6.3635
20010113,3.5237
20010114,1.4491
20010115,-0.71441
20010116,-2.8328
20010117,0.18155
20010118,-0.65974
20010119,-3.6012
20010120,-4.6469
20010121,-4.0674
20010122,-0.89414
20010123,-0.43028
20010124,-1.3311
20010125,-2.7718
20010126,1.6774
20010127,-1.2842
20010128,-2.6841
20010129,-2.7394
20010130,-1.2482
20010131,0.63983
20010201,1.6764
20010202,0.47421
20010203,-0.50626
20010204,-0.24343
20010205,-0.78039
20010206,5.94
20010207,5.8122
20010208,7.1324
20010209,7.9082
20010210,8.3839
20010211,4.4881
20010212,2.0648
20010213,5.7606
20010214,7.4165
20010215,7.1872
20010216,3.2168
20010217,2.0122
20010218,-0.086951
20010219,0.21436
20010220,7.4852
20010221,2.5999
20010222,0.90673
20010223,-0.94274
20010224,-2.4485
20010225,-4.449
20010226,-4.2824
20010227,-5.2854
20010228,-2.7071
20010301,-4.0735
20010302,2.1554
20010303,0.89432
20010304,-1.8297
20010305,-2.1117
20010306,1.5175
20010307,6.6004
20010308,1.3349
20010309,-0.48562
20010310,1.6698
20010311,1.5733
20010312,1.2103
20010313,1.8692
20010314,2.0656
20010315,1.8511
20010316,1.5502
20010317,3.1328
20010318,2.2647
20010319,2.503
20010320,5.0375
20010321,2.4779
20010322,1.0037
20010323,1.5312
20010324,1.7845
20010325,0.5652
20010326,4.3252
20010327,1.3333
20010328,2.6725
20010329,0.40355
20010330,1.9744
20010331,0.78082
20010401,0.43706
20010402,3.4511
20010403,5.779
20010404,4.5886
20010405,4.1145
20010406,5.3394
20010407,6.1158
20010408,6.5742
20010409,6.8694
20010410,5.9884
20010411,7.2824
20010412,7.8385
20010413,9.3538
20010414,8.0213
20010415,5.8419
20010416,4.4593
20010417,5.6713
20010418,5.3452
20010419,7.6072
20010420,4.6964
20010421,6.5194
20010422,6.1104
20010423,7.4151
20010424,7.3474
20010425,6.7243
20010426,7.4577
20010427,6.461
20010428,4.1864
20010429,4.3157
20010430,6.2229
20010501,6.0117
20010502,9.9732
20010503,8.9032
20010504,9.1604
20010505,7.5485
20010506,8.8023
20010507,9.8329
20010508,8.0931
20010509,4.7601
20010510,6.3612
20010511,3.7237
20010512,6.402
20010513,5.6261
20010514,7.6139
20010515,9.0328
20010516,12.214
20010517,15.121
20010518,10.679
20010519,11.555
20010520,8.3631
20010521,6.6362
20010522,6.476
20010523,7.2984
20010524,8.4131
20010525,10.191
20010526,9.9574
20010527,7.2788
20010528,9.0096
20010529,6.2719
20010530,9.453
20010531,12.773
20010601,12.316
20010602,11.287
20010603,12.039
20010604,14.513
20010605,17.085
20010606,15.776
20010607,14.318
20010608,13.487
20010609,13.711
20010610,12.883
20010611,10.485
20010612,14.072
20010613,14.467
20010614,13.447
20010615,16.352
20010616,14.361
20010617,17.473
20010618,17.029
20010619,16.602
20010620,16.148
20010621,17.521
20010622,16.256
20010623,15.39
20010624,18.619
20010625,16.526
20010626,15.276
20010627,15.043
20010628,14.547
20010629,15.261
20010630,14.225
20010701,13.22
20010702,16.872
20010703,14.373
20010704,15.695
20010705,16.702
20010706,16.298
20010707,16.976
20010708,17.501
20010709,19.499
20010710,19.649
20010711,20.552
20010712,19.624
20010713,17.444
20010714,18.479
20010715,16.48
20010716,16.663
20010717,18.256
20010718,18.795
20010719,18.651
20010720,17.114
20010721,17.176
20010722,17.624
20010723,18.424
20010724,17.468
20010725,19.78
20010726,19.236
20010727,17.528
20010728,18.442
20010729,21.169
20010730,22.12
20010731,22.678
20010801,20.598
20010802,20.687
20010803,19.071
20010804,16.581
20010805,19.147
20010806,20.747
20010807,20.857
20010808,17.323
20010809,14.992
20010810,15.893
20010811,19.145
20010812,18.198
20010813,17.879
20010814,19.534
20010815,19.742
20010816,20.646
20010817,20.429
20010818,21.167
20010819,19.257
20010820,17.321
20010821,17.635
20010822,19.543
20010823,20.209
20010824,21.425
20010825,19.438
20010826,19.252
20010827,16.912
20010828,13.806
20010829,14.893
20010830,12.89
20010831,13.957
20010901,15.986
20010902,15.822
20010903,14.173
20010904,14.824
20010905,16.632
20010906,18.176
20010907,17.23
20010908,13.973
20010909,15.63
20010910,11.562
20010911,9.2622
20010912,10.591
20010913,10.622
20010914,12.813
20010915,17.623
20010916,20.065
20010917,17.145
20010918,9.993
20010919,8.0588
20010920,8.7808
20010921,8.016
20010922,10.134
20010923,8.7157
20010924,7.6027
20010925,9.6165
20010926,9.888
20010927,7.8568
20010928,8.7557
20010929,10.165
20010930,12.146
20011001,14.519
20011002,16.296
20011003,9.744
20011004,7.3252
20011005,8.1319
20011006,10.076
20011007,13.974
20011008,13.202
20011009,11.992
20011010,12.862
20011011,11.427
20011012,9.6884
20011013,8.7512
20011014,7.8449
20011015,7.7916
20011016,9.7183
20011017,9.8281
20011018,7.0043
20011019,4.1485
20011020,8.4385
20011021,11.14
20011022,6.3773
20011023,3.6181
20011024,3.1359
20011025,3.8501
20011026,5.1607
20011027,6.7235
20011028,11.665
20011029,9.0129
20011030,6.0135
20011031,4.7966
20011101,3.0941
20011102,6.8399
20011103,5.2789
20011104,4.7401
20011105,12.15
20011106,12.502
20011107,9.7577
20011108,7.4737
20011109,12.5
20011110,6.4879
20011111,4.4743
20011112,7.9907
20011113,6.5636
20011114,2.0672
20011115,-0.53233
20011116,-0.98677
20011117,-0.080033
20011118,0.25445
20011119,-1.5613
20011120,-1.0422
20011121,4.6986
20011122,3.6001
20011123,4.8069
20011124,10.298
20011125,4.3513
20011126,2.6059
20011127,2.144
20011128,2.4932
20011129,6.581
20011130,4.8039
20011201,2.0702
20011202,1.366
20011203,0.46096
20011204,-0.14221
20011205,0.75805
20011206,3.3739
20011207,4.0735
20011208,3.9587
20011209,3.009
20011210,1.8794
20011211,-0.058051
20011212,0.023248
20011213,2.1365
20011214,-0.73689
20011215,-1.9597
20011216,-2.8995
20011217,-2.3703
20011218,-3.5933
20011219,-4.9325
20011220,-5.0174
20011221,4.0784
20011222,3.825
20011223,-0.28121
20011224,-0.59544
20011225,-1.8033
20011226,-3.2031
20011227,0.90275
20011228,-0.95653
20011229,-2.7027
20011230,-2.347
20011231,3.0563
20020101,2.6044
20020102,1.1036
20020103,-1.8848
20020104,-2.4792
20020105,-2.6729
20020106,-2.4399
20020107,3.3679
20020108,2.9128
20020109,1.5532
20020110,3.5028
20020111,1.9905
20020112,-1.1242
20020113,0.41712
20020114,0.50197
20020115,0.22386
20020116,7.24
20020117,2.6673
20020118,0.43963
20020119,0.28986
20020120,0.70903
20020121,-0.35802
20020122,0.59468
20020123,-5.2586
20020124,-6.5637
20020125,-3.0415
20020126,0.08173
20020127,-0.62097
20020128,0.35343
20020129,5.4444
20020130,1.1564
20020131,1.6261
20020201,2.4284
20020202,-1.0771
20020203,-3.0993
20020204,-3.7999
20020205,-0.27132
20020206,-1.8003
20020207,-2.1021
20020208,-0.042395
20020209,-0.36122
20020210,-0.33626
20020211,-1.1295
20020212,-1.4041
20020213,0.46995
20020214,-0.64313
20020215,-1.7529
20020216,0.15964
20020217,0.66506
20020218,2.5468
20020219,2.101
20020220,0.14342
20020221,3.406
20020222,1.556
20020223,-1.1352
20020224,-0.47869
20020225,-0.66487
20020226,-2.0977
20020227,-4.4093
20020228,-3.5652
20020301,-2.2803
20020302,-1.3808
20020303,1.1806
20020304,-1.3856
20020305,1.4264
20020306,0.84233
20020307,-0.92988
20020308,-2.0281
20020309,-2.0254
20020310,-1.8307
20020311,-3.014
20020312,-1.1875
20020313,-2.3139
20020314,-4.673
20020315,-0.41501
20020316,2.0946
20020317,-0.10205
20020318,1.5541
20020319,3.1471
20020320,7.2007
20020321,6.4212
20020322,2.8474
20020323,4.8908
20020324,5.815
20020325,2.6816
20020326,3.2023
20020327,4.5326
20020328,7.0733
20020329,9.6584
20020330,6.7945
20020331,3.8947
20020401,3.7728
20020402,2.9711
20020403,5.1054
20020404,5.5776
20020405,3.375
20020406,4.7589
20020407,4.7394
20020408,7.1435
20020409,10.387
20020410,6.469
20020411,5.1987
20020412,2.8312
20020413,1.4761
20020414,4.5172
20020415,5.8576
20020416,4.4158
20020417,6.787
20020418,4.347
20020419,3.2661
20020420,2.4504
20020421,5.9352
20020422,8.1272
20020423,6.1776
20020424,4.8541
20020425,4.6217
20020426,3.6069
20020427,1.8936
20020428,2.4346
20020429,4.1009
20020430,3.9516
20020501,6.8897
20020502,4.1998
20020503,4.6466
20020504,5.8812
20020505,4.4841
20020506,3.6984
20020507,2.0409
20020508,7.7758
20020509,8.4274
20020510,8.6053
20020511,9.2555
20020512,10.149
20020513,10.04
20020514,9.4707
20020515,7.8611
20020516,7.9653
20020517,10.872
20020518,10.784
20020519,10.164
20020520,11.32
20020521,10.996
20020522,10.899
20020523,11.225
20020524,10.661
20020525,9.7361
20020526,9.411
20020527,11.352
20020528,10.967
20020529,11.67
20020530,9.6871
20020531,10.489
20020601,13.208
20020602,12.808
20020603,11.284
20020604,9.9835
20020605,8.8958
20020606,9.7183
20020607,8.9919
20020608,9.5504
20020609,11.376
20020610,10.396
20020611,12.839
20020612,11.86
20020613,14.977
20020614,14.074
20020615,12.79
20020616,12.336
20020617,14.654
20020618,15.641
20020619,15.568
20020620,15.121
20020621,15.943
20020622,15.528
20020623,14.817
20020624,15.799
20020625,15.076
20020626,16.529
20020627,18.759
20020628,18.118
20020629,17.94
20020630,20.214
20020701,19.136
20020702,20.196
20020703,18.037
20020704,19.521
20020705,18.205
20020706,15.625
20020707,16.348
20020708,17.081
20020709,17.174
20020710,16.177
20020711,16.485
20020712,16.869
20020713,18.296
20020714,20.113
20020715,17.385
20020716,18.972
20020717,17.523
20020718,17.343
20020719,17.393
20020720,18.218
20020721,20.043
20020722,20.139
20020723,20.768
20020724,22.081
20020725,20.281
20020726,19.175
20020727,19.759
20020728,19.45
20020729,21.892
20020730,23.699
20020731,23.748
20020801,22.727
20020802,22.766
20020803,21.497
20020804,22.35
20020805,19.459
20020806,18.686
20020807,20.129
20020808,20.428
20020809,20.284
20020810,19.756
20020811,19.489
20020812,18.666
20020813,19.434
20020814,18.701
20020815,18.468
20020816,16.502
20020817,15.55
20020818,18.932
20020819,19.318
20020820,18.278
20020821,18.105
20020822,19.289
20020823,19.699
20020824,18.097
20020825,18.078
20020826,17.918
20020827,18.542
20020828,17.113
20020829,16.917
20020830,18.007
20020831,17.863
20020901,18.613
20020902,19.901
20020903,19.313
20020904,17.545
20020905,15.956
20020906,17.115
20020907,18.229
20020908,17.217
20020909,18.977
20020910,19.037
20020911,16.508
20020912,14.253
20020913,14.572
20020914,16.744
20020915,16.674
20020916,19.738
20020917,18.38
20020918,14.557
20020919,13.426
20020920,13.295
20020921,13.833
20020922,13.416
20020923,15.081
20020924,14.591
20020925,14.302
20020926,13.636
20020927,14.64
20020928,16.25
20020929,12.039
20020930,9.4079
20021001,7.8628
20021002,10.347
20021003,9.9975
20021004,11.207
20021005,11.26
20021006,10.314
20021007,9.3371
20021008,7.2818
20021009,6.3607
20021010,6.4584
20021011,5.7392
20021012,7.2385
20021013,5.8792
20021014,5.1925
20021015,7.8622
20021016,8.0608
20021017,5.8341
20021018,4.3516
20021019,4.0399
20021020,4.0747
20021021,6.3771
20021022,6.5013
20021023,5.3897
20021024,2.9894
20021025,5.3342
20021026,6.6612
20021027,5.6287
20021028,2.9635
20021029,2.7373
20021030,1.0362
20021031,1.1938
20021101,1.1266
20021102,1.7363
20021103,2.0431
20021104,0.29312
20021105,-1.3262
20021106,0.99689
20021107,0.87717
20021108,2.214
20021109,1.8704
20021110,0.20166
20021111,0.13663
20021112,-2.7178
20021113,-2.1496
20021114,-1.4164
20021115,3.4688
20021116,2.6884
20021117,-0.25278
20021118,-2.0531
20021119,-1.2026
20021120,-2.5476
20021121,-1.8868
20021122,-0.065202
20021123,-0.21659
20021124,0.37654
20021125,0.33536
20021126,-0.45043
20021127,0.045262
20021128,0.43035
20021129,-0.33561
20021130,-1.0298
20021201,-2.2757
20021202,-1.8201
20021203,-1.9752
20021204,-0.70183
20021205,-0.92976
20021206,-0.86945
20021207,1.8437
20021208,4.6297
20021209,0.88732
20021210,-0.34171
20021211,-1.2859
20021212,4.2594
20021213,1.9657
20021214,0.75907
20021215,1.9648
20021216,0.74532
20021217,0.60359
20021218,-0.75133
20021219,-0.72667
20021220,1.1324
20021221,0.095789
20021222,-0.60989
20021223,3.5097
20021224,-1.1738
20021225,-1.7847
20021226,-1.1584
20021227,-2.3362
20021228,-0.81691
20021229,-1.7655
20021230,-1.8531
20021231,-2.0088
20030101,-2.1617
20030102,-4.8461
20030103,-6.194
20030104,-5.2602
20030105,-5.4086
20030106,-5.0807
20030107,-7.5647
20030108,-7.3979
20030109,-6.8525
20030110,-5.1198
20030111,-2.1924
20030112,-2.8703
20030113,-2.8052
20030114,-1.7864
20030115,-1.3039
20030116,-1.7196
20030117,4.3308
20030118,1.1358
20030119,-0.32199
20030120,-1.6655
20030121,-0.84414
20030122,-0.27711
20030123,-4.1529
20030124,-4.3699
20030125,-5.0932
20030126,-6.585
20030127,-2.2463
20030128,-2.9963
20030129,-3.2634
20030130,-4.4624
20030131,-1.8661
20030201,-3.5086
20030202,-4.2566
20030203,-3.1994
20030204,-1.1196
20030205,-0.59086
20030206,-0.77236
20030207,0.37131
20030208,-0.35142
20030209,2.814
20030210,2.0681
20030211,2.3615
20030212,5.1851
20030213,0.96223
20030214,0.1602
20030215,-1.0528
20030216,-0.37465
20030217,0.36574
20030218,3.2738
20030219,3.3314
20030220,1.1515
20030221,5.6903
20030222,0.93253
20030223,-0.24669
20030224,1.3512
20030225,3.4556
20030226,2.4965
20030227,-0.36452
20030228,0.49038
20030301,3.282
20030302,7.7369
20030303,3.6516
20030304,-0.49304
20030305,5.458
20030306,1.286
20030307,-0.86504
20030308,0.8734
20030309,0.92461
20030310,2.505
20030311,3.794
20030312,2.9899
20030313,4.544
20030314,3.4604
20030315,4.0941
20030316,5.2241
20030317,4.6645
20030318,4.9436
20030319,4.7975
20030320,3.045
20030321,4.2931
20030322,4.0268
20030323,2.615
20030324,4.2813
20030325,3.9889
20030326,4.4359
20030327,4.913
20030328,3.8811
20030329,2.2308
20030330,1.9785
20030331,5.2685
20030401,5.5115
20030402,6.68
20030403,5.2998
20030404,4.2044
20030405,4.284
20030406,1.98
20030407,5.5233
20030408,6.0341
20030409,2.3175
20030410,4.1073
20030411,5.0934
20030412,5.1453
20030413,4.9688
20030414,5.2849
20030415,3.3747
20030416,6.2054
20030417,6.1016
20030418,5.3968
20030419,5.9269
20030420,5.805
20030421,9.759
20030422,6.2054
20030423,5.6429
20030424,2.5225
20030425,4.603
20030426,4.1435
20030427,6.7613
20030428,6.2872
20030429,7.9566
20030430,10.351
20030501,11.263
20030502,7.5131
20030503,6.0394
20030504,9.6859
20030505,9.0408
20030506,7.837
20030507,7.0271
20030508,6.6367
20030509,8.6323
20030510,9.3234
20030511,10.068
20030512,10.554
20030513,9.671
20030514,7.8089
20030515,10.082
20030516,12.303
20030517,12.465
20030518,12.654
20030519,13.506
20030520,10.62
20030521,10.231
20030522,8.4705
20030523,11.132
20030524,9.1373
20030525,9.6904
20030526,8.0348
20030527,8.8238
20030528,9.8262
20030529,11.699
20030530,10.801
20030531,10.958
20030601,11.629
20030602,11.65
20030603,10.259
20030604,11.926
20030605,13.414
20030606,14.812
20030607,15.237
20030608,14.647
20030609,13.997
20030610,12.854
20030611,11.468
20030612,9.8574
20030613,11.479
20030614,13.099
20030615,15.54
20030616,15.837
20030617,14.289
20030618,13.538
20030619,12.938
20030620,13.881
20030621,12.419
20030622,11.572
20030623,12.06
20030624,14.131
20030625,12.361
20030626,12.059
20030627,11.14
20030628,12.202
20030629,15.221
20030630,15.526
20030701,16.394
20030702,14.693
20030703,16.317
20030704,18.79
20030705,17.753
20030706,18.39
20030707,16.164
20030708,14.929
20030709,16.665
20030710,16.628
20030711,16.62
20030712,16.242
20030713,15.668
20030714,16.807
20030715,15.745
20030716,13.65
20030717,14.666
20030718,16.075
20030719,16.946
20030720,18.472
20030721,17.696
20030722,13.898
20030723,11.445
20030724,13.974
20030725,12.457
20030726,13.512
20030727,15.22
20030728,14.854
20030729,16.548
20030730,15.728
20030731,18.427
20030801,15.968
20030802,15.669
20030803,16.826
20030804,18.499
20030805,20.036
20030806,16.814
20030807,14.469
20030808,14.896
20030809,16.558
20030810,13.806
20030811,13.839
20030812,15.865
20030813,17.113
20030814,17.482
20030815,16.741
20030816,17.08
20030817,13.924
20030818,16.455
20030819,16.814
20030820,18.532
20030821,17.619
20030822,18.844
20030823,19.568
20030824,19.524
20030825,19.218
20030826,17.875
20030827,16.735
20030828,16.968
20030829,18.219
20030830,19.121
20030831,18.553
20030901,18.455
20030902,19.133
20030903,18.997
20030904,19.657
20030905,17.235
20030906,15.327
20030907,14.288
20030908,13.947
20030909,12.313
20030910,13.619
20030911,12.968
20030912,13.082
20030913,15.14
20030914,13.183
20030915,11.846
20030916,15.075
20030917,13.197
20030918,13.894
20030919,14.096
20030920,14.62
20030921,15.849
20030922,16.172
20030923,14.924
20030924,11.979
20030925,11.558
20030926,12.247
20030927,12.952
20030928,10.523
20030929,8.8016
20030930,7.9041
20031001,8.9265
20031002,9.8138
20031003,8.1728
20031004,6.9463
20031005,7.1909
20031006,8.94
20031007,7.4749
20031008,9.3475
20031009,11.246
20031010,11.691
20031011,13.047
20031012,11.993
20031013,10.16
20031014,8.5137
20031015,7.4232
20031016,11.022
20031017,12.208
20031018,10.28
20031019,9.5377
20031020,8.915
20031021,8.7859
20031022,6.5391
20031023,6.8695
20031024,5.9554
20031025,5.4441
20031026,4.7448
20031027,6.8383
20031028,5.0086
20031029,4.8578
20031030,6.1818
20031031,5.7398
20031101,4.2644
20031102,4.0746
20031103,3.6364
20031104,3.2791
20031105,2.914
20031106,2.1663
20031107,0.28533
20031108,0.92201
20031109,3.2741
20031110,1.984
20031111,2.0174
20031112,2.9596
20031113,1.2851
20031114,-0.87068
20031115,0.57831
20031116,2.2002
20031117,0.69203
20031118,3.7873
20031119,-0.58957
20031120,-1.4884
20031121,-1.2108
20031122,-0.31405
20031123,8.4361
20031124,9.0324
20031125,3.1175
20031126,1.3905
20031127,5.8061
20031128,4.7758
20031129,4.5316
20031130,2.6174
20031201,0.30866
20031202,0.25421
20031203,3.2717
20031204,3.5227
20031205,2.67
20031206,3.161
20031207,5.9672
20031208,5.0565
20031209,3.0434
20031210,2.4278
20031211,-0.19481
20031212,-2.2476
20031213,-1.4913
20031214,-0.12718
20031215,6.4909
20031216,3.1336
20031217,-0.38733
20031218,-3.0467
20031219,-5.049
20031220,-6.1154
20031221,-3.1904
20031222,-2.8422
20031223,-4.1391
20031224,-4.3988
20031225,-4.5122
20031226,2.1209
20031227,2.552
20031228,1.7518
20031229,1.5066
20031230,-0.33487
20031231,0.22821
20040101,0.23275
20040102,3.0187
20040103,4.9228
20040104,-1.7614
20040105,-1.8974
20040106,0.84087
20040107,-0.61228
20040108,1.2032
20040109,2.1712
20040110,-0.78926
20040111,-2.7356
20040112,-3.9373
20040113,-3.4255
20040114,-3.2093
20040115,-0.65798
20040116,-2.3219
20040117,-0.50973
20040118,-1.4639
20040119,-0.66938
20040120,0.79041
20040121,-0.5553
20040122,-1.766
20040123,0.42847
20040124,-0.86041
20040125,-2.6741
20040126,-2.2679
20040127,-1.963
20040128,0.3946
20040129,-1.5981
20040130,-1.6253
20040131,-0.60418
20040201,-3.4607
20040202,-4.3954
20040203,-3.0529
20040204,-1.8913
20040205,-1.5978
20040206,-2.121
20040207,-0.26033
20040208,0.45339
20040209,0.39292
20040210,0.31004
20040211,0.40508
20040212,-0.44484
20040213,2.9335
20040214,-0.25396
20040215,-0.17648
20040216,-0.8512
20040217,-2.4303
20040218,-0.56028
20040219,-0.4698
20040220,-3.8
20040221,0.7989
20040222,-1.3337
20040223,1.2353
20040224,0.10683
20040225,-1.3289
20040226,-1.8752
20040227,0.38253
20040228,1.6378
20040229,-0.38067
20040301,-1.2876
20040302,-1.2551
20040303,-3.9082
20040304,-1.474
20040305,0.87151
20040306,0.78208
20040307,3.0245
20040308,-0.3144
20040309,-0.96543
20040310,-1.6876
20040311,-3.3934
20040312,-3.4975
20040313,-0.00019938
20040314,3.6238
20040315,-0.86225
20040316,-1.9661
20040317,-3.1107
20040318,-1.5052
20040319,0.30544
20040320,-1.3574
20040321,1.1936
20040322,3.247
20040323,3.9191
20040324,4.4441
20040325,4.5215
20040326,7.1706
20040327,7.0782
20040328,9.739
20040329,8.747
20040330,5.7131
20040331,2.2474
20040401,4.1264
20040402,5.3468
20040403,2.6029
20040404,4.9343
20040405,3.0914
20040406,3.9199
20040407,4.6677
20040408,8.3201
20040409,8.7307
20040410,4.8142
20040411,3.2662
20040412,2.8132
20040413,5.1688
20040414,5.2223
20040415,6.0423
20040416,3.7734
20040417,1.4316
20040418,6.4575
20040419,3.2739
20040420,3.6074
20040421,7.0162
20040422,8.9668
20040423,5.8797
20040424,5.6361
20040425,7.3326
20040426,5.5728
20040427,4.2387
20040428,8.8177
20040429,7.3567
20040430,7.4877
20040501,4.2119
20040502,4.0798
20040503,6.0374
20040504,5.3074
20040505,2.5118
20040506,5.5526
20040507,9.2991
20040508,7.1157
20040509,8.6681
20040510,6.1676
20040511,6.655
20040512,9.7032
20040513,12.162
20040514,10.645
20040515,7.2233
20040516,5.1274
20040517,4.3195
20040518,6.9495
20040519,9.5987
20040520,13.735
20040521,14.162
20040522,13.965
20040523,12.512
20040524,12.906
20040525,13.362
20040526,12.546
20040527,13.308
20040528,9.7818
20040529,8.0586
20040530,11.479
20040531,11.366
20040601,12.273
20040602,8.4373
20040603,8.9745
20040604,9.7075
20040605,10.443
20040606,12.758
20040607,12.171
20040608,11.938
20040609,11.189
20040610,13.501
20040611,13.813
20040612,13.085
20040613,14.189
20040614,17.329
20040615,19.027
20040616,17.514
20040617,15.534
20040618,15.401
20040619,14.316
20040620,15.44
20040621,15.515
20040622,14.47
20040623,17.115
20040624,15.744
20040625,14.697
20040626,16.234
20040627,13.03
20040628,11.292
20040629,10.45
20040630,10.669
20040701,14.061
20040702,13.801
20040703,13.718
20040704,15.409
20040705,16.99
20040706,17.937
20040707,17.336
20040708,16.818
20040709,15.734
20040710,17.435
20040711,17.822
20040712,17.57
20040713,15.004
20040714,16.809
20040715,16.155
20040716,15.613
20040717,15.66
20040718,14.683
20040719,15.071
20040720,16.422
20040721,16.968
20040722,17.207
20040723,18.831
20040724,16.317
20040725,15.309
20040726,14.778
20040727,17.321
20040728,14.985
20040729,18.059
20040730,17.758
20040731,18.707
20040801,16.58
20040802,15.404
20040803,16.518
20040804,17.652
20040805,17.394
20040806,19.286
20040807,19.44
20040808,20.785
20040809,19.664
20040810,17.974
20040811,17.655
20040812,18.739
20040813,20.756
20040814,19.697
20040815,18.18
20040816,16.053
20040817,16.622
20040818,17.085
20040819,16.376
20040820,13.928
20040821,11.634
20040822,13.157
20040823,12.69
20040824,13.911
20040825,16.614
20040826,17.131
20040827,13.877
20040828,12
20040829,14.221
20040830,15.765
20040831,11.432
20040901,11.879
20040902,13.255
20040903,15.616
20040904,16.712
20040905,16.247
20040906,14.719
20040907,15.737
20040908,15.394
20040909,15.532
20040910,13.688
20040911,13.341
20040912,11.009
20040913,13.651
20040914,10.599
20040915,12.345
20040916,11.363
20040917,13.108
20040918,12.191
20040919,14.383
20040920,12.715
20040921,12.49
20040922,12.863
20040923,12.815
20040924,14.218
20040925,14.441
20040926,17.014
20040927,16.147
20040928,10.271
20040929,8.5816
20040930,7.2214
20041001,8.6434
20041002,9.0905
20041003,10.401
20041004,13.402
20041005,12.126
20041006,14.029
20041007,11.271
20041008,9.1799
20041009,11.986
20041010,11.342
20041011,10.504
20041012,10.35
20041013,10.171
20041014,10.089
20041015,9.3585
20041016,9.1476
20041017,7.4419
20041018,5.4497
20041019,4.6172
20041020,4.2581
20041021,5.4686
20041022,5.5805
20041023,5.2645
20041024,6.9464
20041025,4.6947
20041026,2.4241
20041027,10.05
20041028,12.074
20041029,8.2789
20041030,7.7219
20041031,6.9596
20041101,5.6576
20041102,5.3472
20041103,2.8322
20041104,3.5238
20041105,8.9031
20041106,2.9206
20041107,1.8638
20041108,2.1509
20041109,4.0194
20041110,3.5789
20041111,2.679
20041112,1.1986
20041113,-0.23513
20041114,1.2946
20041115,5.329
20041116,-0.059536
20041117,-2.7671
20041118,-1.866
20041119,-4.2146
20041120,-5.4753
20041121,-0.33537
20041122,1.4321
20041123,1.3271
20041124,-0.60818
20041125,0.14248
20041126,0.34361
20041127,4.738
20041128,5.4082
20041129,5.4674
20041130,11.188
20041201,9.1238
20041202,7.6311
20041203,8.2431
20041204,6.7894
20041205,4.0938
20041206,-2.0412
20041207,-3.9319
20041208,-2.5718
20041209,1.0477
20041210,0.74785
20041211,2.3138
20041212,2.4316
20041213,4.8097
20041214,4.0734
20041215,2.8544
20041216,-1.1986
20041217,-1.6836
20041218,-1.6777
20041219,-2.223
20041220,0.87809
20041221,3.5397
20041222,4.4806
20041223,2.4599
20041224,0.89046
20041225,1.8979
20041226,-0.73523
20041227,-0.78391
20041228,3.8211
20041229,1.1741
20041230,-1.6766
20041231,-2.9785
20050101,-0.021928
20050102,3.6305
20050103,2.7973
20050104,1.4253
20050105,-1.0374
20050106,-0.80979
20050107,-1.3449
20050108,-1.3815
20050109,-1.3499
20050110,-0.56531
20050111,-1.3707
20050112,0.46113
20050113,-0.3835
20050114,-1.6888
20050115,-2.6549
20050116,-2.6329
20050117,-5.0327
20050118,-6.3481
20050119,-7.0906
20050120,-0.80317
20050121,2.6742
20050122,-1.1172
20050123,-1.3952
20050124,-0.40715
20050125,0.71058
20050126,2.226
20050127,-1.8038
20050128,-3.0755
20050129,-3.9111
20050130,-3.4325
20050131,-4.5921
20050201,-4.0208
20050202,-4.4064
20050203,-4.6714
20050204,-3.8763
20050205,-4.3121
20050206,-4.1383
20050207,-3.5457
20050208,-3.2419
20050209,-3.0949
20050210,-0.63421
20050211,0.017531
20050212,4.7778
20050213,4.4434
20050214,4.9522
20050215,6.135
20050216,1.9661
20050217,0.25732
20050218,3.3171
20050219,6.5746
20050220,3.5415
20050221,2.2743
20050222,0.21913
20050223,-1.6891
20050224,-0.21775
20050225,3.7663
20050226,3.44
20050227,7.8425
20050228,6.2701
20050301,6.3598
20050302,3.6092
20050303,2.0652
20050304,-0.083116
20050305,-0.78888
20050306,2.1251
20050307,1.6898
20050308,-1.1036
20050309,-1.4776
20050310,5.0138
20050311,-0.41953
20050312,-2.8794
20050313,-1.7874
20050314,0.46967
20050315,3.6048
20050316,3.9718
20050317,1.4421
20050318,0.056126
20050319,1.7877
20050320,-0.027655
20050321,0.99796
20050322,-1.4002
20050323,0.73845
20050324,3.0644
20050325,2.4343
20050326,0.65246
20050327,1.2116
20050328,1.7872
20050329,5.7466
20050330,7.5392
20050331,7.1914
20050401,5.8385
20050402,3.5071
20050403,6.4283
20050404,4.1677
20050405,6.1315
20050406,3.2212
20050407,2.2536
20050408,5.3432
20050409,4.022
20050410,6.9105
20050411,7.9587
20050412,8.6601
20050413,9.8233
20050414,7.1352
20050415,4.2438
20050416,3.448
20050417,5.7948
20050418,6.0586
20050419,8.8735
20050420,8.2284
20050421,6.6745
20050422,8.7696
20050423,7.8625
20050424,6.2263
20050425,6.4904
20050426,3.5595
20050427,4.6984
20050428,6.2566
20050429,7.4247
20050430,7.7608
20050501,10.414
20050502,10.228
20050503,6.5009
20050504,5.1706
20050505,6.3971
20050506,4.2586
20050507,4.5448
20050508,7.1641
20050509,8.211
20050510,8.8166
20050511,6.3733
20050512,5.8252
20050513,7.5587
20050514,6.6362
20050515,12.924
20050516,12.58
20050517,10.872
20050518,10.759
20050519,12.593
20050520,11.107
20050521,11.046
20050522,12.354
20050523,11.655
20050524,13.528
20050525,11.216
20050526,9.589
20050527,12.273
20050528,9.7508
20050529,9.4931
20050530,9.46
20050531,10.738
20050601,9.5926
20050602,11.321
20050603,8.3258
20050604,6.3453
20050605,9.2386
20050606,12.92
20050607,14.008
20050608,15.381
20050609,16.971
20050610,14.406
20050611,12.929
20050612,13.141
20050613,13.579
20050614,11.725
20050615,11.357
20050616,11.579
20050617,11.254
20050618,11.332
20050619,12.081
20050620,12.578
20050621,13.932
20050622,15.502
20050623,15.456
20050624,17.131
20050625,19.165
20050626,20.377
20050627,20.409
20050628,18.733
20050629,19.128
20050630,17.828
20050701,16.067
20050702,15.454
20050703,17.131
20050704,17.281
20050705,17.336
20050706,17.496
20050707,17.834
20050708,17.768
20050709,18.033
20050710,18.473
20050711,16.513
20050712,18.734
20050713,16.796
20050714,16.752
20050715,18.88
20050716,20.132
20050717,19.83
20050718,17.384
20050719,17.972
20050720,16.773
20050721,17.077
20050722,16.261
20050723,16.251
20050724,16.619
20050725,16.497
20050726,17.846
20050727,19.785
20050728,16.09
20050729,16.058
20050730,18.278
20050731,20.036
20050801,21.863
20050802,19.845
20050803,19.106
20050804,16.755
20050805,15.42
20050806,16.309
20050807,18.346
20050808,17.446
20050809,19.185
20050810,19.26
20050811,20.458
20050812,19.732
20050813,17.94
20050814,17.163
20050815,18.026
20050816,16.812
20050817,14.843
20050818,15.331
20050819,14.614
20050820,17.032
20050821,17.477
20050822,19.028
20050823,17.618
20050824,15.354
20050825,14.832
20050826,16.971
20050827,16.532
20050828,15.529
20050829,15.441
20050830,15.368
20050831,16.516
20050901,12.589
20050902,10.919
20050903,9.1609
20050904,11.208
20050905,12.773
20050906,9.7594
20050907,8.5743
20050908,8.6898
20050909,8.5923
20050910,8.8939
20050911,10.537
20050912,11.809
20050913,12.437
20050914,13.472
20050915,13.412
20050916,16.365
20050917,16.283
20050918,18.792
20050919,17.229
20050920,14.43
20050921,14.928
20050922,14.412
20050923,15.163
20050924,14.741
20050925,14.531
20050926,13.794
20050927,11.467
20050928,12.067
20050929,11.874
20050930,11.436
20051001,10.073
20051002,8.0967
20051003,7.8828
20051004,7.6905
20051005,7.6857
20051006,7.4622
20051007,12.466
20051008,13.148
20051009,10.086
20051010,8.9059
20051011,9.3015
20051012,8.2825
20051013,11.389
20051014,12.159
20051015,12.037
20051016,11.154
20051017,11.603
20051018,12.351
20051019,10.335
20051020,8.8791
20051021,11.775
20051022,10.146
20051023,13.294
20051024,14.428
20051025,15.104
20051026,13.508
20051027,12.625
20051028,12.468
20051029,10.627
20051030,10.593
20051031,13.218
20051101,13.046
20051102,7.9251
20051103,6.335
20051104,6.0684
20051105,3.9329
20051106,3.38
20051107,3.665
20051108,2.8559
20051109,5.5092
20051110,5.2845
20051111,5.2488
20051112,4.9171
20051113,4.2698
20051114,3.6102
20051115,0.65509
20051116,1.5945
20051117,0.99379
20051118,-0.22558
20051119,-0.68942
20051120,-0.31793
20051121,-0.22984
20051122,-0.24675
20051123,8.1923
20051124,3.6509
20051125,2.0017
20051126,1.8695
20051127,7.4899
20051128,6.2121
20051129,8.1759
20051130,3.0658
20051201,1.0698
20051202,1.1776
20051203,-0.42239
20051204,2.0544
20051205,0.70941
20051206,0.30415
20051207,-1.1599
20051208,-1.7018
20051209,-3.2337
20051210,-3.1965
20051211,-0.38323
20051212,-1.048
20051213,-0.18072
20051214,2.5778
20051215,0.50817
20051216,0.70969
20051217,1.1374
20051218,4.5547
20051219,-1.177
20051220,-3.077
20051221,-2.6731
20051222,-0.55611
20051223,4.9099
20051224,3.1333
20051225,3.1422
20051226,4.1133
20051227,3.3982
20051228,3.4634
20051229,5.9811
20051230,1.4747
20051231,0.90265
