20060101,0
20060102,2.3062
20060103,0.3413
20060104,0.1328
20060105,0
20060106,0.074308
20060107,6.9327
20060108,11.44
20060109,8.3626
20060110,0.00029129
20060111,0.063712
20060112,0.43092
20060113,0
20060114,0
20060115,0.027364
20060116,0.00051938
20060117,0.00054802
20060118,0
20060119,0.0016161
20060120,3.6387e-07
20060121,1.6642e-07
20060122,0
20060123,0.049265
20060124,0.24704
20060125,5.2221
20060126,37.814
20060127,11.082
20060128,5.4494
20060129,0
20060130,0.0037358
20060131,0
20060201,0.24905
20060202,2.0878
20060203,0.019444
20060204,0.41697
20060205,0.005622
20060206,0.00044427
20060207,0.0011175
20060208,0
20060209,0
20060210,1.0913
20060211,0.0183
20060212,0.0012628
20060213,0.0037427
20060214,0.03126
20060215,0.86054
20060216,0.44831
20060217,0.33608
20060218,0.00022864
20060219,0.00010936
20060220,0
20060221,0.00085506
20060222,0
20060223,0.0019606
20060224,0.0011955
20060225,0.00050459
20060226,0.0023507
20060227,0
20060228,0
20060301,0
20060302,0.025593
20060303,0.0012507
20060304,8.0219
20060305,4.2699e-05
20060306,1.0156
20060307,1.4777
20060308,11.15
20060309,0.25842
20060310,0
20060311,0
20060312,0.023744
20060313,1.5902
20060314,3.3036
20060315,0.15625
20060316,0.007319
20060317,0
20060318,6.2451
20060319,0.71483
20060320,0
20060321,0.025891
20060322,0.0027204
20060323,1.1629
20060324,0.38654
20060325,1.8923
20060326,1.6241
20060327,0
20060328,0.61594
20060329,0.60838
20060330,3.2107
20060331,3.6186
20060401,1.0935
20060402,2.0566
20060403,1.4975
20060404,0
20060405,3.1314
20060406,1.2515
20060407,0.028515
20060408,0
20060409,0.25276
20060410,0.72497
20060411,0.078806
20060412,0.015633
20060413,1.1313
20060414,0
20060415,1.5111
20060416,11.467
20060417,0.017738
20060418,2.1167
20060419,0.13305
20060420,1.2018
20060421,0
20060422,0.031256
20060423,1.668
20060424,9.0056
20060425,2.6453
20060426,8.6038
20060427,6.1255
20060428,0.012877
20060429,1.1155
20060430,0
20060501,0.00022434
20060502,8.9112
20060503,0.26708
20060504,0.34519
20060505,0.15183
20060506,0.04412
20060507,0
20060508,0.38164
20060509,1.2071
20060510,21.638
20060511,6.546
20060512,0.51416
20060513,1.322
20060514,2.8652
20060515,0.00044881
20060516,0.71549
20060517,3.1488
20060518,0.0022346
20060519,14.177
20060520,3.9021
20060521,0.40223
20060522,0.53145
20060523,0.20604
20060524,0.2051
20060525,0.44589
20060526,5.5552
20060527,0.0012924
20060528,0.2755
20060529,0.36331
20060530,9.8468
20060531,1.4345
20060601,0.091026
20060602,0
20060603,0.00062518
20060604,0.014731
20060605,3.6023
20060606,0.0080741
20060607,8.6565
20060608,4.2176
20060609,4.557
20060610,0
20060611,0.0031847
20060612,2.3984
20060613,1.2367
20060614,0
20060615,0.027236
20060616,1.5756
20060617,2.2335
20060618,1.2766
20060619,3.8329
20060620,4.4805
20060621,6.9795
20060622,6.137
20060623,0.0032444
20060624,0.21059
20060625,2.5086
20060626,0.82335
20060627,6.5981
20060628,3.5809
20060629,2.3314
20060630,0
20060701,0.0032876
20060702,0.0017025
20060703,0.0017028
20060704,4.4333
20060705,7.5677
20060706,1.3444
20060707,1.0469
20060708,0.013631
20060709,13.704
20060710,2.634
20060711,0.0082156
20060712,0.037963
20060713,0.0029727
20060714,0.88933
20060715,0.65092
20060716,15.987
20060717,11.476
20060718,1.0099
20060719,12.182
20060720,3.1119
20060721,0.0014624
20060722,0
20060723,0.95367
20060724,0
20060725,1.0605
20060726,0.28464
20060727,0.010696
20060728,0.0057694
20060729,2.0509
20060730,0.40216
20060731,0
20060801,0.00063832
20060802,0.94469
20060803,4.9405
20060804,6.6392
20060805,7.4755
20060806,0.37971
20060807,0.0018504
20060808,0.0030578
20060809,4.3541
20060810,16.344
20060811,22.735
20060812,59.323
20060813,6.4105
20060814,2.7802
20060815,2.4498
20060816,11.109
20060817,2.3526
20060818,1.2498
20060819,0.00027819
20060820,0.0032461
20060821,1.6421
20060822,3.7448
20060823,10.151
20060824,0.00041538
20060825,0.1057
20060826,1.9126
20060827,1.4812
20060828,0.0090587
20060829,0
20060830,1.1741
20060831,0.00040599
20060901,0.00059567
20060902,0.52033
20060903,9.9184
20060904,9.0738
20060905,5.2358
20060906,0.25863
20060907,0.52043
20060908,3.2693
20060909,0
20060910,0
20060911,0.0011585
20060912,1.5598e-06
20060913,0.96018
20060914,0.82548
20060915,38.43
20060916,0
20060917,0
20060918,0.007757
20060919,0
20060920,3.9176
20060921,0.010492
20060922,9.0074
20060923,18.973
20060924,0
20060925,0
20060926,0.067486
20060927,0
20060928,0.0079472
20060929,0.42735
20060930,3.0755
20061001,2.7607
20061002,0.00057331
20061003,0
20061004,2.9547
20061005,2.9937
20061006,7.1755
20061007,2.2169
20061008,6.4655
20061009,1.9069
20061010,0.22482
20061011,0.0027711
20061012,1.2965
20061013,0.72474
20061014,14.584
20061015,0.00078863
20061016,0.74711
20061017,1.071
20061018,1.2588
20061019,1.8116
20061020,55.614
20061021,0.0059074
20061022,0.11594
20061023,0.64209
20061024,0.0017931
20061025,1.5262e-05
20061026,3.2532e-08
20061027,0.61593
20061028,0.78462
20061029,0.71391
20061030,4.274
20061031,28.365
20061101,91.297
20061102,1.6932
20061103,1.1724
20061104,0.00071366
20061105,0.045467
20061106,9.1218e-05
20061107,0.00093414
20061108,0
20061109,0.00071314
20061110,2.1818
20061111,0.64081
20061112,0.93893
20061113,1.4639
20061114,0.0032449
20061115,0.00084026
20061116,0.000133
20061117,0
20061118,0.00011303
20061119,0.023816
20061120,0.13517
20061121,0.021228
20061122,0
20061123,0
20061124,0
20061125,0.0033326
20061126,0
20061127,0
20061128,0
20061129,0.0013007
20061130,0.0026661
20061201,0
20061202,0
20061203,0
20061204,0.052392
20061205,0.11219
20061206,15.614
20061207,18.737
20061208,20.008
20061209,0.0020969
20061210,0.033123
20061211,4.1946
20061212,11.642
20061213,43.506
20061214,19.315
20061215,0.12007
20061216,1.3782
20061217,0.47015
20061218,0.0081122
20061219,0.018577
20061220,9.3848
20061221,0.77815
20061222,0.73984
20061223,0.017856
20061224,0.0027766
20061225,0.0058473
20061226,0.0025533
20061227,0.0013256
20061228,0.0034147
20061229,0
20061230,0
20061231,1.775
20070101,1.7791
20070102,0.0007811
20070103,0.88993
20070104,2.3302
20070105,1.1256
20070106,0.23184
20070107,0.0039338
20070108,0.0012808
20070109,0.0028025
20070110,0
20070111,0.0027527
20070112,0
20070113,0.0062421
20070114,0.001339
20070115,0
20070116,0
20070117,0.058175
20070118,0.0040169
20070119,0
20070120,0.0012362
20070121,0.00050095
20070122,0.011848
20070123,0.32775
20070124,0.74063
20070125,0.0048484
20070126,0.00055151
20070127,1.0024e-08
20070128,0
20070129,1.3036
20070130,0.11379
20070131,0.029266
20070201,0
20070202,0
20070203,0
20070204,0.666
20070205,0.012378
20070206,1.4831
20070207,0.72423
20070208,0.21902
20070209,0.0015679
20070210,0.00093392
20070211,0
20070212,0.36031
20070213,0.069744
20070214,0.0023356
20070215,0.00032255
20070216,0.00030105
20070217,6.5957
20070218,0.36044
20070219,0.0087361
20070220,0.00062389
20070221,0.006293
20070222,0
20070223,0.25647
20070224,0.16685
20070225,0.0040956
20070226,0.0035891
20070227,0.32648
20070228,0
20070301,0.00030044
20070302,0.00028752
20070303,5.3327e-05
20070304,6.8286e-06
20070305,0
20070306,0
20070307,0.0014095
20070308,0
20070309,0.15426
20070310,3.4637
20070311,0.47616
20070312,0.55323
20070313,0.7445
20070314,0.93328
20070315,0
20070316,0.21251
20070317,0.00030571
20070318,0.0022812
20070319,0
20070320,0
20070321,0.48088
20070322,0.59488
20070323,18.61
20070324,15.95
20070325,22.331
20070326,0.53902
20070327,1.4142
20070328,7.2207
20070329,4.2334
20070330,0.27631
20070331,0.36375
20070401,10.209
20070402,5.7999
20070403,0.25128
20070404,19.432
20070405,7.313
20070406,0.035382
20070407,6.3304
20070408,3.457
20070409,4.1182
20070410,2.0813
20070411,0.064865
20070412,0.41482
20070413,8.5908
20070414,0.59959
20070415,0
20070416,1.1798
20070417,0.0034304
20070418,0.023867
20070419,0.0043365
20070420,0.0064307
20070421,6.2565
20070422,0.80788
20070423,3.0832
20070424,0.52844
20070425,0.001423
20070426,0.00048749
20070427,19.083
20070428,0.59453
20070429,0.0083929
20070430,44.705
20070501,14.538
20070502,9.8739
20070503,9.8047
20070504,17.616
20070505,46.901
20070506,15.642
20070507,5.4394
20070508,12.648
20070509,5.5632
20070510,0.59282
20070511,0.012501
20070512,0.72405
20070513,0.74018
20070514,0.0020439
20070515,0.0008618
20070516,1.9321
20070517,2.7287
20070518,0
20070519,0.56701
20070520,2.5655
20070521,0
20070522,5.1015
20070523,23.07
20070524,0.041423
20070525,11.382
20070526,0.18886
20070527,0.332
20070528,7.2846
20070529,0.037834
20070530,1.597
20070531,0.33593
20070601,2.687
20070602,3.6574
20070603,3.9278
20070604,1.5931
20070605,2.1442
20070606,3.6307
20070607,5.1529
20070608,3.2552
20070609,0.41914
20070610,5.9889
20070611,38.192
20070612,10.738
20070613,3.762
20070614,13.24
20070615,7.3951
20070616,4.8859
20070617,2.9078
20070618,2.3029
20070619,0
20070620,0.044556
20070621,0.27716
20070622,0
20070623,0.51192
20070624,1.5483
20070625,0.89013
20070626,0.44517
20070627,3.7285
20070628,5.2831
20070629,1.6267
20070630,0.0059224
20070701,0
20070702,0
20070703,0
20070704,0.97179
20070705,0
20070706,3.3834
20070707,2.1264
20070708,0.47309
20070709,0.81481
20070710,3.2552
20070711,3.8337
20070712,3.9078
20070713,2.3494
20070714,3.5184
20070715,4.225
20070716,6.8527
20070717,9.9507
20070718,6.9797
20070719,5.5708
20070720,8.2265
20070721,10.789
20070722,0.61087
20070723,6.2357
20070724,3.8218
20070725,0
20070726,0.0018913
20070727,0
20070728,0.0089645
20070729,0
20070730,0
20070731,3.5366
20070801,6.4264
20070802,5.437
20070803,6.6231
20070804,13.539
20070805,19.3
20070806,8.1064
20070807,7.1926
20070808,3.2826
20070809,1.4935
20070810,1.6679
20070811,1.6438
20070812,0.66529
20070813,0.043691
20070814,0.13564
20070815,6.495
20070816,25.047
20070817,1.7508
20070818,1.9356
20070819,0.3578
20070820,1.8509
20070821,4.2512
20070822,0.79514
20070823,0
20070824,0.0039441
20070825,0
20070826,0
20070827,0.0039375
20070828,0.0058459
20070829,0.0057816
20070830,1.4855
20070831,0.00064758
20070901,4.2
20070902,1.0434
20070903,5.0968
20070904,3.8344
20070905,4.4204
20070906,8.4258
20070907,1.3173
20070908,3.549
20070909,9.0653
20070910,0.057117
20070911,0.0042722
20070912,0.82766
20070913,2.0395
20070914,5.2628
20070915,1.4158
20070916,0
20070917,0.0072806
20070918,0.0019331
20070919,0
20070920,0
20070921,0.0056519
20070922,0.0078801
20070923,0.00026676
20070924,1.3039
20070925,0
20070926,0.0063055
20070927,0
20070928,0.94552
20070929,6.5959
20070930,8.5359
20071001,8.3337
20071002,0.028382
20071003,0.00040663
20071004,0.012982
20071005,0
20071006,0.00031946
20071007,0
20071008,0.00047001
20071009,6.5661
20071010,0.14763
20071011,0
20071012,0.002213
20071013,0.19287
20071014,30.444
20071015,0.0017342
20071016,1.2875
20071017,3.0044
20071018,10.551
20071019,0.049684
20071020,0.067349
20071021,0.72203
20071022,0.0043899
20071023,3.0491
20071024,15.47
20071025,0.065352
20071026,0.002183
20071027,1.2588
20071028,0
20071029,1.5716
20071030,10.417
20071031,2.2684
20071101,0.43136
20071102,5.1592
20071103,0.016063
20071104,0.00032388
20071105,0.0046396
20071106,0.65493
20071107,0.018281
20071108,0.14428
20071109,2.8201
20071110,17.317
20071111,0.2502
20071112,1.5265
20071113,48.45
20071114,0.20364
20071115,0
20071116,0
20071117,0.00074691
20071118,5.7801
20071119,9.7287
20071120,51.35
20071121,21.296
20071122,0.34895
20071123,0.01747
20071124,0.59636
20071125,0.83209
20071126,0.68524
20071127,0.032136
20071128,0.18873
20071129,1.8198
20071130,1.6577
20071201,0.84904
20071202,6.4961
20071203,11.038
20071204,8.5244
20071205,0.0024645
20071206,2.7733
20071207,1.0943
20071208,4.1364
20071209,0.011673
20071210,5.1941
20071211,0.4057
20071212,0.17042
20071213,6.0394
20071214,9.1282
20071215,0.38589
20071216,0.049633
20071217,0.062745
20071218,0.017274
20071219,0
20071220,0.045169
20071221,0.0012896
20071222,0.025741
20071223,0.014302
20071224,0.00044631
20071225,0.0048932
20071226,3.3742e-09
20071227,7.4766e-10
20071228,0.0062027
20071229,2.2251
20071230,0.15633
20071231,8.6677e-10
20080101,0
20080102,0
20080103,0
20080104,0
20080105,0
20080106,0
20080107,0
20080108,0.0018818
20080109,0
20080110,0.0072354
20080111,0.70788
20080112,6.4379
20080113,0
20080114,0.0012408
20080115,0.0070182
20080116,0.042477
20080117,0.14835
20080118,0.00013147
20080119,0
20080120,0.00069902
20080121,0
20080122,0.98947
20080123,0.1484
20080124,2.2071
20080125,13.493
20080126,0.11659
20080127,0
20080128,0
20080129,0.3146
20080130,0.20728
20080131,0.040125
20080201,0
20080202,0.078734
20080203,0.19781
20080204,0
20080205,0.019099
20080206,0.0017641
20080207,0.0014003
20080208,0
20080209,1.8978
20080210,0.16899
20080211,0.063448
20080212,0.00056349
20080213,0
20080214,1.5961e-08
20080215,7.2504
20080216,18.606
20080217,5.0455
20080218,0.34005
20080219,0.0013629
20080220,0.029607
20080221,1.0788
20080222,0.29482
20080223,17.68
20080224,0.27184
20080225,0.18831
20080226,0.45637
20080227,2.4147
20080228,0.082039
20080229,0.21405
20080301,0.054023
20080302,0.0005528
20080303,0
20080304,0.00010598
20080305,0.27761
20080306,0.048558
20080307,0.16981
20080308,1.8225
20080309,0
20080310,0.27494
20080311,0.00047876
20080312,0.00038776
20080313,1.7783e-05
20080314,6.2305
20080315,17.611
20080316,0.36369
20080317,0.14956
20080318,0.00017006
20080319,0
20080320,0.0004907
20080321,6.4282e-05
20080322,0.0015815
20080323,0
20080324,0.0016907
20080325,2.0001
20080326,0.33824
20080327,34.085
20080328,0.0026255
20080329,0.0027591
20080330,5.0797
20080331,1.9423
20080401,0.28453
20080402,0.0066547
20080403,0.63297
20080404,0.072504
20080405,3.7776
20080406,0.68524
20080407,0.00034212
20080408,0.23639
20080409,2.8609
20080410,4.926
20080411,3.1784
20080412,1.4257
20080413,0.67988
20080414,0.24818
20080415,0
20080416,8.5556e-05
20080417,0.00070197
20080418,0.0001292
20080419,0.59864
20080420,0.0048415
20080421,0.0097688
20080422,0.046298
20080423,0.0051127
20080424,0.66886
20080425,4.2535
20080426,3.4546
20080427,1.3986
20080428,0.013263
20080429,0.02163
20080430,0.040632
20080501,0.0014815
20080502,1.013
20080503,0.50151
20080504,3.7978
20080505,3.5294
20080506,0.0061555
20080507,13.514
20080508,16.669
20080509,1.077
20080510,0.0037435
20080511,1.958
20080512,5.2495
20080513,3.2404
20080514,6.3117
20080515,0.1362
20080516,0.0048708
20080517,4.1623
20080518,0.055734
20080519,4.5371
20080520,5.0186
20080521,3.9604
20080522,1.2864
20080523,0.00079758
20080524,0.0017309
20080525,0
20080526,7.0489e-05
20080527,0.16713
20080528,0
20080529,0.8732
20080530,0.14889
20080531,1.3742
20080601,0.040341
20080602,0.0014408
20080603,0.00079917
20080604,0.0029415
20080605,2.7251
20080606,1.9236
20080607,0.70791
20080608,0.00022527
20080609,6.3645
20080610,10.698
20080611,0.74713
20080612,0.0060836
20080613,0.036688
20080614,0.00047823
20080615,7.144
20080616,6.9246
20080617,3.8983
20080618,0
20080619,0.76226
20080620,18.202
20080621,1.1865
20080622,1.7706
20080623,0
20080624,0.0020863
20080625,0.0057147
20080626,3.3523
20080627,2.118
20080628,3.0096
20080629,0.12976
20080630,0.37249
20080701,10.181
20080702,7.4341
20080703,1.8046
20080704,2.8986
20080705,7.7792
20080706,4.8566
20080707,3.0272
20080708,24.127
20080709,8.4999
20080710,8.3845
20080711,6.2487
20080712,4.2445
20080713,0.22642
20080714,0.911
20080715,2.2381
20080716,0
20080717,0.0020131
20080718,1.6367
20080719,6.5896
20080720,0.0016366
20080721,2.036
20080722,1.3197
20080723,0.0071888
20080724,0.51249
20080725,0.0021461
20080726,2.1291
20080727,0.015746
20080728,0.0033943
20080729,0
20080730,0.432
20080731,1.2006
20080801,2.5409
20080802,0.0017385
20080803,0.0034229
20080804,4.2046
20080805,3.9714
20080806,2.4699
20080807,4.0234
20080808,5.0671
20080809,0.20917
20080810,0.16418
20080811,2.8381
20080812,16.837
20080813,4.8497
20080814,1.335
20080815,6.4244
20080816,4.649
20080817,3.9978
20080818,0.26282
20080819,0.03678
20080820,5.2272
20080821,6.8089
20080822,4.7205
20080823,3.8265
20080824,3.062
20080825,0
20080826,0.0033408
20080827,1.3488
20080828,3.5208
20080829,0.6245
20080830,0
20080831,0.0072184
20080901,0.0013195
20080902,0.86371
20080903,21.538
20080904,6.5036
20080905,1.978
20080906,3.7377
20080907,5.4041
20080908,4.1373
20080909,2.6103
20080910,8.215
20080911,7.0082
20080912,10.863
20080913,4.405
20080914,0
20080915,0.093852
20080916,0
20080917,0.00041732
20080918,7.5671
20080919,3.5678
20080920,14.819
20080921,2.3613
20080922,16.445
20080923,4.1557
20080924,0.58626
20080925,0.23467
20080926,0.59574
20080927,0.72789
20080928,0.60429
20080929,0.0049605
20080930,0
20081001,0
20081002,0
20081003,0
20081004,0.083362
20081005,6.2299
20081006,2.0644
20081007,0
20081008,0.015514
20081009,15.283
20081010,1.7415
20081011,0.0037291
20081012,1.5951
20081013,28.365
20081014,10.624
20081015,7.0401
20081016,53.484
20081017,3.697
20081018,6.9654
20081019,1.4157
20081020,0.87699
20081021,0.53352
20081022,1.5932
20081023,1.5805
20081024,0.76143
20081025,3.6585
20081026,44.789
20081027,11.963
20081028,10.303
20081029,0
20081030,0.77412
20081031,0.11856
20081101,0.095528
20081102,20.257
20081103,0
20081104,4.7778
20081105,16.787
20081106,7.5713
20081107,2.914
20081108,0.062128
20081109,0.38268
20081110,0.0032528
20081111,0.12696
20081112,0.0016607
20081113,0.05001
20081114,9.3104
20081115,6.3466
20081116,0.027388
20081117,2.4359
20081118,0.0097522
20081119,3.4244e-05
20081120,0
20081121,0.00026249
20081122,0
20081123,0.00062206
20081124,0.071474
20081125,0
20081126,0.0053993
20081127,0.024282
20081128,0
20081129,0.00055455
20081130,0
20081201,0
20081202,0.74899
20081203,0.021932
20081204,0.11611
20081205,0.001676
20081206,2.3526e-05
20081207,0
20081208,0.00024579
20081209,0.34314
20081210,0
20081211,0.0002307
20081212,0.0010359
20081213,0.17188
20081214,0.088092
20081215,0.022409
20081216,0.0012507
20081217,5.2002e-05
20081218,0.003062
20081219,1.163
20081220,56.884
20081221,5.5883
20081222,0.019139
20081223,0.00026469
20081224,25.054
20081225,47.989
20081226,0.08362
20081227,0.0014543
20081228,0
20081229,0.55374
20081230,0.022894
20081231,0.016557
20090101,4.7346
20090102,0.33918
20090103,2.8014
20090104,43.009
20090105,31.554
20090106,0.59976
20090107,0.14458
20090108,0
20090109,0.032807
20090110,0.00085433
20090111,0.00082706
20090112,0.0013026
20090113,0.065223
20090114,0.21204
20090115,17.955
20090116,0.8929
20090117,15.376
20090118,0.11078
20090119,0
20090120,0.0009339
20090121,0.15742
20090122,14.048
20090123,15.433
20090124,37.449
20090125,1.2576
20090126,0.0015142
20090127,0.0024073
20090128,0
20090129,0.00077128
20090130,0.0048083
20090131,0
20090201,0
20090202,0.014604
20090203,0
20090204,0.89827
20090205,8.2263e-05
20090206,0.055563
20090207,0.17012
20090208,0.29572
20090209,0.17034
20090210,0.050763
20090211,0.18952
20090212,0.061747
20090213,0.9948
20090214,0.00068811
20090215,0.098867
20090216,11.605
20090217,0.018843
20090218,0.13255
20090219,0.12673
20090220,0.25428
20090221,0
20090222,4.0782
20090223,7.7512
20090224,1.3188
20090225,0
20090226,0.00053384
20090227,0
20090228,0.33873
20090301,0
20090302,0.0036783
20090303,4.3922e-05
20090304,1.055
20090305,0.00044323
20090306,0
20090307,0.40682
20090308,0.2448
20090309,0.72385
20090310,0.00050458
20090311,0.0099884
20090312,0
20090313,0.0010373
20090314,0.019188
20090315,1.196
20090316,0.0020756
20090317,0.00056118
20090318,0
20090319,0.94964
20090320,0.29872
20090321,0.02309
20090322,4.075
20090323,0.00088804
20090324,0.00077082
20090325,0
20090326,0
20090327,0.001093
20090328,0
20090329,0
20090330,0
20090331,1.4349
20090401,1.3548
20090402,0.067505
20090403,0.01185
20090404,0
20090405,0.33387
20090406,0.00061549
20090407,0
20090408,0.00021667
20090409,0.2838
20090410,0.4438
20090411,0
20090412,0.089472
20090413,0.20085
20090414,4.5774
20090415,3.6081
20090416,6.8622
20090417,0.59853
20090418,0.0016282
20090419,2.9014e-07
20090420,0.12316
20090421,0.10534
20090422,0.10206
20090423,0.13951
20090424,0.0026045
20090425,0
20090426,0.67778
20090427,1.7115
20090428,0.0034811
20090429,0.00050049
20090430,0.0053606
20090501,4.996
20090502,5.441
20090503,3.6322
20090504,4.6332
20090505,3.2655
20090506,0.25012
20090507,0.34301
20090508,6.1398
20090509,0
20090510,3.8808
20090511,0.17339
20090512,0.73641
20090513,0.0011097
20090514,0.0025112
20090515,3.358e-05
20090516,0.00090499
20090517,2.1988e-05
20090518,0.0015622
20090519,0
20090520,0
20090521,0.0032392
20090522,0
20090523,0.0064395
20090524,2.2423
20090525,3.9771
20090526,4.0153
20090527,0.0062898
20090528,0.058676
20090529,0.16722
20090530,0.47382
20090531,1.1191
20090601,4.9226
20090602,3.945
20090603,0.0017864
20090604,4.5112
20090605,3.3639
20090606,12.036
20090607,5.1508
20090608,0.0039086
20090609,2.0409
20090610,10.865
20090611,1.8838
20090612,0
20090613,0.0087814
20090614,1.8476
20090615,0
20090616,0.010464
20090617,0.047456
20090618,0.44829
20090619,0
20090620,0.0030796
20090621,0
20090622,1.6365
20090623,4.9765
20090624,4.9528
20090625,0.99344
20090626,1.6125
20090627,0.0039753
20090628,2.3649
20090629,14.152
20090630,122.44
20090701,63.384
20090702,1.024
20090703,0.65748
20090704,2.1219
20090705,1.4451
20090706,0
20090707,0
20090708,13.982
20090709,8.697
20090710,5.4414
20090711,1.7867
20090712,0
20090713,0.0027491
20090714,2.4273
20090715,1.8447
20090716,1.5483
20090717,0.082598
20090718,0.72922
20090719,7.9338
20090720,1.7439
20090721,3.8302
20090722,3.9056
20090723,3.2678
20090724,7.2176
20090725,3.8499
20090726,1.1987
20090727,8.0769
20090728,5.3136
20090729,0.0014143
20090730,0.0021431
20090731,0.033617
20090801,12.279
20090802,0.037459
20090803,10.616
20090804,4.8713
20090805,0.0021293
20090806,2.1581e-06
20090807,5.3813
20090808,7.6109
20090809,1.2643
20090810,10.034
20090811,4.6247
20090812,0
20090813,0.00032127
20090814,0.40382
20090815,1.7739
20090816,3.2051
20090817,4.3127
20090818,1.7634
20090819,1.6774
20090820,0.0082949
20090821,4.7709
20090822,0.0070337
20090823,0
20090824,0.11013
20090825,0.0045347
20090826,0.37505
20090827,1.9734
20090828,1.2915
20090829,1.6693
20090830,16.437
20090831,1.9082
20090901,2.2581
20090902,13.043
20090903,5.0776
20090904,1.7508
20090905,0.53789
20090906,0
20090907,0.0030441
20090908,0
20090909,0.0012157
20090910,0
20090911,0.098385
20090912,3.4686
20090913,5.3649
20090914,5.6575
20090915,0
20090916,0.00089524
20090917,0.011222
20090918,0
20090919,0.0048236
20090920,0
20090921,0.0089011
20090922,0.0034859
20090923,0.00079828
20090924,0
20090925,0.00049115
20090926,0.056096
20090927,94.093
20090928,5.45
20090929,0
20090930,0.00044085
20091001,0.53268
20091002,0.17509
20091003,0.07572
20091004,0.00043847
20091005,0.015048
20091006,0.00012616
20091007,0
20091008,0.04296
20091009,0.058214
20091010,1.8248
20091011,1.3988
20091012,1.0475
20091013,0.13807
20091014,0.02123
20091015,0
20091016,0.0067608
20091017,0
20091018,0.0019637
20091019,0.011725
20091020,0.031869
20091021,0
20091022,0.0053499
20091023,0
20091024,9.5042e-05
20091025,9.7624e-05
20091026,0.11756
20091027,0
20091028,0.93123
20091029,0.021703
20091030,1.279
20091031,1.0019
20091101,0.013976
20091102,0
20091103,4.7751e-05
20091104,0
20091105,0
20091106,0.00041127
20091107,0.00038279
20091108,3.5372
20091109,0.46417
20091110,0.96072
20091111,8.1481
20091112,6.6571
20091113,0.91369
20091114,0
20091115,0.017018
20091116,1.0881
20091117,0.54184
20091118,1.5878
20091119,0
20091120,0.030124
20091121,0
20091122,0
20091123,0.0058097
20091124,0
20091125,0.0040493
20091126,0
20091127,2.6143
20091128,1.0208
20091129,18.983
20091130,0.51702
20091201,0.29273
20091202,0.012043
20091203,0.91104
20091204,0.074284
20091205,0.0096858
20091206,0.63641
20091207,0
20091208,0.00075986
20091209,0.02163
20091210,0.0011178
20091211,0.00065399
20091212,0.12916
20091213,0.11606
20091214,0.27444
20091215,7.2139
20091216,6.6206
20091217,11.431
20091218,4.3276
20091219,0.81056
20091220,10.211
20091221,58.01
20091222,0.12617
20091223,0.051447
20091224,0.33867
20091225,0.12699
20091226,11.063
20091227,1.1307
20091228,0.36484
20091229,0.42792
20091230,1.4298
20091231,0
20100101,0
20100102,0.22316
20100103,12.27
20100104,21.969
20100105,5.5113
20100106,0.58251
20100107,0.015105
20100108,12.072
20100109,27.535
20100110,2.1702
20100111,0
20100112,0.77545
20100113,0.092308
20100114,0
20100115,0.0011507
20100116,0.34894
20100117,0.45733
20100118,0
20100119,0.0029539
20100120,0.0033498
20100121,0
20100122,0
20100123,0
20100124,0
20100125,5.9677
20100126,0.0011637
20100127,0.00068951
20100128,0.04779
20100129,4.7353
20100130,3.4504
20100131,0.004485
20100201,0
20100202,0.24138
20100203,3.137
20100204,0.00051666
20100205,0
20100206,0.0038161
20100207,0.00039375
20100208,0.37257
20100209,0.0013773
20100210,0.17704
20100211,9.0033
20100212,0.03122
20100213,0.2917
20100214,0.011686
20100215,0.049962
20100216,0.00035835
20100217,0.0004251
20100218,0.00028999
20100219,0.89843
20100220,28.402
20100221,0.053787
20100222,0.012659
20100223,0.073458
20100224,0.32332
20100225,1.1593
20100226,5.3543
20100227,0
20100228,1.7822
20100301,3.7701
20100302,0
20100303,0.6209
20100304,1.4843
20100305,0.21679
20100306,0.11052
20100307,0.003096
20100308,0.20833
20100309,0.080542
20100310,0.19218
20100311,0.00011377
20100312,0.0096898
20100313,0.070123
20100314,5.3237
20100315,7.5256
20100316,15.392
20100317,0.35513
20100318,4.4389
20100319,5.0292
20100320,2.2559
20100321,1.5043
20100322,0.0012736
20100323,40.505
20100324,1.7803
20100325,2.6766
20100326,1.9043
20100327,13.697
20100328,0.024039
20100329,3.5227
20100330,2.2075
20100331,12.631
20100401,5.224
20100402,0.0035361
20100403,0.95895
20100404,21.305
20100405,3.2389
20100406,0.0011968
20100407,0
20100408,1.3145
20100409,0.26594
20100410,3.1582
20100411,0.016533
20100412,0
20100413,0.070436
20100414,0.0010736
20100415,0
20100416,2.1367
20100417,0.40201
20100418,1.9491
20100419,0
20100420,0.0015177
20100421,0.048736
20100422,16.415
20100423,3.341
20100424,6.4446
20100425,2.9665
20100426,5.621
20100427,7.2234
20100428,13.461
20100429,2.3364
20100430,2.3056
20100501,16.612
20100502,4.8477
20100503,0.00021965
20100504,7.6592
20100505,3.6801
20100506,0.59119
20100507,0.081184
20100508,0.40691
20100509,1.2286
20100510,2.2543
20100511,0.11741
20100512,0.0021598
20100513,0.11785
20100514,0.00023252
20100515,0.00011802
20100516,0.24156
20100517,16.292
20100518,19.802
20100519,7.5724
20100520,10.726
20100521,20.428
20100522,3.7971
20100523,3.837
20100524,3.5703
20100525,2.6384
20100526,7.5846
20100527,15.025
20100528,4.1704
20100529,0.52006
20100530,0.0031909
20100531,0.10491
20100601,0
20100602,0
20100603,0.019582
20100604,14.418
20100605,14.537
20100606,12.224
20100607,11.136
20100608,1.5198
20100609,1.7814
20100610,4.7931
20100611,1.6412
20100612,2.7131
20100613,2.6681
20100614,4.5476
20100615,6.919
20100616,5.0396
20100617,0.84128
20100618,1.1626
20100619,0.3384
20100620,1.2832
20100621,1.3027
20100622,0.0024089
20100623,0.004414
20100624,0.88177
20100625,8.9611
20100626,0.88705
20100627,3.6537
20100628,0.0042954
20100629,0
20100630,0
20100701,0.00037664
20100702,0
20100703,7.8103
20100704,0.34171
20100705,0.0016104
20100706,0
20100707,0.003575
20100708,0
20100709,0.00092472
20100710,3.5573
20100711,2.4677
20100712,7.0815
20100713,4.2055
20100714,4.49
20100715,0.0023371
20100716,0
20100717,0.0021876
20100718,0.011715
20100719,0.0056956
20100720,0
20100721,0.014221
20100722,0
20100723,0.06329
20100724,7.7899
20100725,0
20100726,0.67586
20100727,0.020504
20100728,2.6552
20100729,5.7162
20100730,2.2788
20100731,2.247e-07
20100801,0.68793
20100802,0.02193
20100803,3.0111
20100804,2.7935
20100805,0.26688
20100806,3.7235
20100807,1.5233
20100808,4.0066
20100809,2.2265
20100810,4.1921
20100811,0.0023336
20100812,1.0536
20100813,0.90666
20100814,2.7125
20100815,1.9865
20100816,8.9261
20100817,5.7666
20100818,0
20100819,0
20100820,7.0599
20100821,0
20100822,0.0067769
20100823,0
20100824,0.7147
20100825,9.1968
20100826,9.3896
20100827,0
20100828,0.45922
20100829,0.0017476
20100830,4.052
20100831,0.64967
20100901,0.0013955
20100902,0.0079793
20100903,0.62407
20100904,0.027472
20100905,0.0005368
20100906,2.0567
20100907,0.21455
20100908,3.7171
20100909,0.43563
20100910,0
20100911,2.382
20100912,0
20100913,0.0045793
20100914,0.20112
20100915,2.2415
20100916,0
20100917,0.0045609
20100918,0.0015288
20100919,0
20100920,0.023912
20100921,0.0061984
20100922,0.0028403
20100923,0
20100924,0
20100925,0
20100926,0.0045832
20100927,0.0003762
20100928,0.00010025
20100929,0
20100930,29.017
20101001,9.9875
20101002,0.00081985
20101003,1.0819e-05
20101004,0.0040696
20101005,1.0446
20101006,6.404
20101007,2.9041
20101008,0.48645
20101009,3.7415
20101010,2.3961
20101011,12.643
20101012,21.762
20101013,6.7007
20101014,2.2133
20101015,0
20101016,1.7053
20101017,3.5483
20101018,0.20533
20101019,0.0019607
20101020,0.001398
20101021,1.1439
20101022,15.627
20101023,30.004
20101024,2.2138
20101025,10.824
20101026,0.42747
20101027,0.0046882
20101028,0.34508
20101029,0.21037
20101030,8.9123
20101031,7.8651
20101101,3.676
20101102,0.014662
20101103,0.00024607
20101104,0
20101105,0
20101106,0.00096388
20101107,3.505
20101108,43.281
20101109,0.00012319
20101110,0.0015989
20101111,7.8178e-05
20101112,0.0017151
20101113,0
20101114,0
20101115,8.7145
20101116,2.566
20101117,0
20101118,0.0018135
20101119,0.10857
20101120,0
20101121,0.1992
20101122,0.14374
20101123,0.9696
20101124,0.026909
20101125,0.0014954
20101126,0.00044725
20101127,0.24304
20101128,1.4937
20101129,0.0046036
20101130,0.00085921
20101201,0.55639
20101202,0.81221
20101203,0.96513
20101204,19.712
20101205,0.26818
20101206,0.0011967
20101207,0.001047
20101208,0.1101
20101209,1.277
20101210,0.28997
20101211,0
20101212,0.0012832
20101213,0.00039498
20101214,0.011421
20101215,0.0011784
20101216,0
20101217,0
20101218,0.0019511
20101219,0
20101220,0.00084953
20101221,0
20101222,0
20101223,0.00057386
20101224,0.00136
20101225,0
20101226,0
20101227,0.0024969
20101228,0.0052209
20101229,0
20101230,0
20101231,0.00090643
20110101,0
20110102,0
20110103,0
20110104,0
20110105,0
20110106,0
20110107,0
20110108,0
20110109,0
20110110,0
20110111,0
20110112,0
20110113,0
20110114,0.4215
20110115,0.07855
20110116,0.42997
20110117,0.095695
20110118,11.157
20110119,12.118
20110120,0.0048876
20110121,0.0022079
20110122,0.28631
20110123,8.6301
20110124,0.084993
20110125,1.0427
20110126,0.01889
20110127,0.78946
20110128,0.045903
20110129,0.55919
20110130,0.12774
20110131,0.0054905
20110201,0.0002528
20110202,0
20110203,0
20110204,0
20110205,0
20110206,0
20110207,0
20110208,0
20110209,0
20110210,0.00080882
20110211,2.1053
20110212,0
20110213,2.4168e-05
20110214,0
20110215,0
20110216,0.0057953
20110217,0.0055673
20110218,0.0011295
20110219,0.011307
20110220,0.016863
20110221,0.34969
20110222,10.703
20110223,0
20110224,0.60735
20110225,1.1211
20110226,0.0031126
20110227,2.0687
20110228,0.47795
20110301,0.51261
20110302,0.055938
20110303,0.10019
20110304,0.075062
20110305,0.037394
20110306,0.084367
20110307,8.4114e-05
20110308,0
20110309,0.0001384
20110310,3.0262e-05
20110311,0.00016841
20110312,0.00015192
20110313,1.4495e-05
20110314,0.00017114
20110315,7.6315e-05
20110316,2.9453e-05
20110317,3.6885e-07
20110318,0
20110319,0.00018524
20110320,0.005126
20110321,1.2513
20110322,2.6986
20110323,37.003
20110324,1.5036
20110325,5.1414
20110326,28.21
20110327,14.649
20110328,41.353
20110329,59.795
20110330,0.20452
20110331,0
20110401,0
20110402,0.045565
20110403,0.088001
20110404,0.007875
20110405,0.20093
20110406,0
20110407,0.91448
20110408,0.00051767
20110409,0
20110410,0
20110411,0.41933
20110412,0.61251
20110413,1.2477
20110414,2.2291
20110415,0.31143
20110416,0
20110417,1.1742
20110418,1.333
20110419,0.0024866
20110420,0.00056217
20110421,0
20110422,1.1377
20110423,0.0012905
20110424,0.0017365
20110425,0
20110426,1.5856
20110427,1.42
20110428,0.012775
20110429,0.40312
20110430,0
20110501,0
20110502,0
20110503,0.26241
20110504,1.3581
20110505,4.8182
20110506,0.14851
20110507,0.26036
20110508,0.00069342
20110509,0.19338
20110510,0.002668
20110511,0.49091
20110512,5.344
20110513,0.0051861
20110514,0.097542
20110515,0.20978
20110516,0
20110517,0.00055661
20110518,0.00016291
20110519,0.0012794
20110520,1.3314
20110521,0.87768
20110522,1.8288
20110523,0.82136
20110524,0.11088
20110525,3.7766
20110526,0.010172
20110527,2.4524
20110528,1.673
20110529,0.73501
20110530,2.2823
20110531,2.5225
20110601,2.1438
20110602,4.6788
20110603,5.5156
20110604,5.613
20110605,7.1443
20110606,0.86373
20110607,3.7217
20110608,3.5332
20110609,1.412
20110610,0.95115
20110611,12.513
20110612,0.070853
20110613,0
20110614,0.92057
20110615,0.16223
20110616,0.13846
20110617,0.018438
20110618,0
20110619,0.0013646
20110620,0
20110621,0.08447
20110622,0.1832
20110623,0
20110624,0.0047669
20110625,0.010987
20110626,0.003422
20110627,0.029764
20110628,0.033523
20110629,1.9134
20110630,0.48653
20110701,0.0020516
20110702,0.0029351
20110703,1.1855
20110704,0.0049923
20110705,8.2221
20110706,0.0010513
20110707,0.75289
20110708,1.4788
20110709,20.85
20110710,7.8807
20110711,5.1726
20110712,27.541
20110713,21.722
20110714,3.9977
20110715,6.223
20110716,0.015445
20110717,0.0057947
20110718,0.0068231
20110719,0.76753
20110720,1.8626
20110721,0.60902
20110722,22.253
20110723,40.796
20110724,7.8738
20110725,0.084763
20110726,0.87073
20110727,1.9363
20110728,0.0089886
20110729,0
20110730,0.005646
20110731,0
20110801,0.0002452
20110802,3.3622
20110803,6.7662
20110804,0.0015613
20110805,6.8521
20110806,4.3386
20110807,0
20110808,0.27879
20110809,6.4923
20110810,0.46744
20110811,0.00085908
20110812,0
20110813,0.00090447
20110814,0.001968
20110815,0
20110816,0.4745
20110817,3.7944
20110818,0.0027932
20110819,0.0022238
20110820,0.020806
20110821,15.411
20110822,0.4895
20110823,0.29681
20110824,0.95992
20110825,3.3296
20110826,2.5889
20110827,0.52511
20110828,0.11373
20110829,0.0055813
20110830,1.8981
20110831,0.0029184
20110901,0
20110902,0.0039044
20110903,0.00074462
20110904,0.0011212
20110905,0.00099765
20110906,0
20110907,0.0033704
20110908,0.00024637
20110909,5.9701
20110910,14.181
20110911,7.5513
20110912,4.4356
20110913,2.6631
20110914,4.9365
20110915,8.4634
20110916,11.724
20110917,9.2881
20110918,0.71755
20110919,2.5388
20110920,11.206
20110921,2.7454
20110922,0.48607
20110923,2.164
20110924,6.7233
20110925,0.020736
20110926,2.9536
20110927,1.6556
20110928,8.1616
20110929,0
20110930,0.0057947
20111001,0
20111002,0.010887
20111003,0.85675
20111004,1.2484
20111005,0.014042
20111006,0
20111007,0.0029232
20111008,0
20111009,0.50728
20111010,0.052317
20111011,0
20111012,0.37016
20111013,1.0054
20111014,1.3801e-09
20111015,6.111e-05
20111016,0.28271
20111017,0.037878
20111018,0.00086465
20111019,0.01591
20111020,0.035885
20111021,0.21464
20111022,0.00081367
20111023,0.11879
20111024,16.074
20111025,0.11204
20111026,2.1434
20111027,0.13318
20111028,0.562
20111029,0.0039295
20111030,3.7329e-05
20111031,1.3701e-10
20111101,0
20111102,0
20111103,0
20111104,0
20111105,0
20111106,0.16892
20111107,0.0004128
20111108,0.028505
20111109,0.052427
20111110,0
20111111,1.0983
20111112,0.00027334
20111113,0
20111114,0
20111115,0.00076361
20111116,0.076486
20111117,0.0085379
20111118,0
20111119,0
20111120,0.52521
20111121,0.00078149
20111122,0
20111123,0.043554
20111124,0.0045562
20111125,0.047617
20111126,0.027544
20111127,0
20111128,0.0029565
20111129,0
20111130,0.0027026
20111201,1.8108
20111202,14.602
20111203,20.866
20111204,0.00038861
20111205,0
20111206,0
20111207,21.758
20111208,6.5111
20111209,2.1062
20111210,1.892
20111211,0.23065
20111212,5.3393
20111213,11.373
20111214,21.254
20111215,10.809
20111216,0.24053
20111217,37.545
20111218,0.22721
20111219,4.1119
20111220,0.35909
20111221,0.67937
20111222,5.7574e-05
20111223,0
20111224,0.001138
20111225,0.00014309
20111226,0.00073266
20111227,0
20111228,0.00081437
20111229,0.0046278
20111230,0
20111231,2.1967
20120101,0
20120102,0
20120103,0
20120104,0.21766
20120105,2.3743
20120106,0.70126
20120107,0.00085138
20120108,0.15608
20120109,2.1908
20120110,0.088789
20120111,0.19801
20120112,0
20120113,0.0010028
20120114,0.0060203
20120115,0
20120116,3.1703
20120117,1.0963
20120118,0.0001036
20120119,0.76795
20120120,0.87737
20120121,0.031194
20120122,6.597
20120123,4.4465
20120124,17.427
20120125,0.00011036
20120126,0.0048808
20120127,0
20120128,1.2614e-05
20120129,8.2764e-05
20120130,7.7092e-06
20120131,4.4682e-06
20120201,0.00025473
20120202,0
20120203,7.1417e-06
20120204,0.20711
20120205,0.19522
20120206,0.00026942
20120207,0
20120208,0.04932
20120209,0.00025093
20120210,0
20120211,0.00078504
20120212,5.8416e-12
20120213,0
20120214,0
20120215,0.00030862
20120216,0
20120217,0.0011243
20120218,0.012174
20120219,0.57507
20120220,0.78628
20120221,0.20894
20120222,16.302
20120223,0.0013796
20120224,5.9453
20120225,0.014153
20120226,0.010328
20120227,0.0026029
20120228,0.49257
20120229,0.41762
20120301,0
20120302,0
20120303,0.030327
20120304,1.573
20120305,4.162
20120306,0
20120307,0.12264
20120308,0.38736
20120309,0.2876
20120310,1.8311
20120311,1.4909
20120312,0.69206
20120313,0.54205
20120314,4.1832
20120315,1.3188
20120316,0.52378
20120317,0.55747
20120318,0.00040673
20120319,0.0014409
20120320,0.03811
20120321,8.575
20120322,0.00046964
20120323,0.016659
20120324,5.9231
20120325,0.012518
20120326,0.089157
20120327,1.5793
20120328,0.60831
20120329,0.0094039
20120330,1.6883e-06
20120331,0.00091361
20120401,0
20120402,0
20120403,0
20120404,0
20120405,0.25955
20120406,0.0015079
20120407,0.43718
20120408,0.028696
20120409,2.1609
20120410,0.074219
20120411,1.4219
20120412,0.023089
20120413,0.00023728
20120414,0.71956
20120415,0.0017688
20120416,0.612
20120417,3.8518
20120418,6.0581
20120419,2.6212
20120420,2.3123
20120421,4.3043
20120422,0.58603
20120423,0.53313
20120424,0.082289
20120425,4.1607
20120426,3.858
20120427,3.9701
20120428,2.0209
20120429,1.7242
20120430,0.66717
20120501,0
20120502,0
20120503,0
20120504,0
20120505,0.0054629
20120506,0.89828
20120507,1.011
20120508,2.1435
20120509,1.5616
20120510,5.3076
20120511,2.3443
20120512,4.3936
20120513,4.825
20120514,4.4309
20120515,3.7941
20120516,2.3413
20120517,0.54787
20120518,0
20120519,0.2536
20120520,0.12126
20120521,0.00091764
20120522,0.23123
20120523,11.574
20120524,9.883
20120525,4.4115
20120526,0.019847
20120527,0
20120528,2.3947
20120529,0.23284
20120530,1.8321
20120531,0
20120601,5.1291
20120602,7.8018
20120603,3.4808
20120604,3.3863
20120605,4.1313
20120606,0.99347
20120607,0.0025406
20120608,2.6907
20120609,3.4671
20120610,9.3062
20120611,0.0016657
20120612,16.96
20120613,0.18633
20120614,0.013357
20120615,2.068
20120616,0.35317
20120617,0
20120618,0.45829
20120619,3.1632
20120620,4.3946
20120621,7.4119
20120622,0.018749
20120623,4.0907
20120624,0
20120625,0.0016619
20120626,4.5153
20120627,0.60991
20120628,12.371
20120629,0.37456
20120630,0
20120701,0.00070191
20120702,1.7497
20120703,6.7897
20120704,49.673
20120705,0.70453
20120706,2.6054
20120707,2.4668
20120708,0.0058741
20120709,0.74307
20120710,5.8376
20120711,3.9481
20120712,1.6338
20120713,0.53058
20120714,0.0041393
20120715,0
20120716,0.0014022
20120717,3.2048
20120718,6.2178e-05
20120719,0
20120720,0
20120721,0.0035825
20120722,0.0046308
20120723,1.8014
20120724,5.029
20120725,0.0031142
20120726,1.2675
20120727,3.5867
20120728,0.84431
20120729,4.4163
20120730,0.0024969
20120731,0.0019221
20120801,0.016074
20120802,0.91485
20120803,4.8898
20120804,0
20120805,0.0020998
20120806,0.0012082
20120807,0.0042224
20120808,0.08046
20120809,4.7262
20120810,0.0037318
20120811,0.00024044
20120812,0.0029591
20120813,1.3945
20120814,0.0020759
20120815,0.22908
20120816,0.33848
20120817,0
20120818,0.012285
20120819,0.21917
20120820,4.0994
20120821,0.0036773
20120822,0.038442
20120823,0.0051119
20120824,0.21536
20120825,4.958
20120826,0.0026781
20120827,0
20120828,5.8733
20120829,0.68772
20120830,0
20120831,0.019654
20120901,0.001092
20120902,0.99697
20120903,0.042532
20120904,4.9598e-05
20120905,0.00067076
20120906,0.0016256
20120907,0.0020921
20120908,0.00061085
20120909,1.2729
20120910,10.482
20120911,11.786
20120912,17.328
20120913,14.45
20120914,11.677
20120915,3.3844
20120916,2.8646
20120917,0.0017271
20120918,1.3881
20120919,2.6744
20120920,0.011591
20120921,0.81521
20120922,0.01063
20120923,0.14718
20120924,0.020802
20120925,0
20120926,11.688
20120927,0.24314
20120928,0.17517
20120929,0.25909
20120930,0
20121001,4.2917
20121002,18.495
20121003,0.00074736
20121004,1.112
20121005,14.208
20121006,6.2291
20121007,0.071999
20121008,0.00054874
20121009,5.4261e-05
20121010,0.0048917
20121011,0
20121012,0.03108
20121013,0
20121014,0
20121015,0.0013513
20121016,0.00017623
20121017,1.7354
20121018,0.0036483
20121019,0.0031182
20121020,0
20121021,0.00015506
20121022,0.1629
20121023,7.8886
20121024,0.81164
20121025,4.252
20121026,0.026815
20121027,0
20121028,0.0019634
20121029,0.00075522
20121030,0
20121031,0.0047818
20121101,0.018175
20121102,0
20121103,0
20121104,0.00060451
20121105,0
20121106,0.11632
20121107,0.37137
20121108,0.06888
20121109,0.57461
20121110,1.6886
20121111,0
20121112,0.079997
20121113,13.153
20121114,0.36756
20121115,0.019025
20121116,0
20121117,0.064649
20121118,0
20121119,0.0070081
20121120,0.0076091
20121121,42.273
20121122,13.072
20121123,0.015898
20121124,0.0032075
20121125,0.21249
20121126,0.05632
20121127,0.0010575
20121128,0.0083779
20121129,0
20121130,0.0082593
20121201,0
20121202,0
20121203,0
20121204,0
20121205,1.5396
20121206,0.16351
20121207,0.6684
20121208,0.0033619
20121209,0
20121210,0
20121211,0.16263
20121212,0
20121213,0.00044004
20121214,0.002
20121215,0.059383
20121216,0
20121217,0.067905
20121218,0
20121219,0
20121220,0.0016689
20121221,0.90533
20121222,8.4429
20121223,7.8718
20121224,0.012223
20121225,0.19395
20121226,0
20121227,0.0031538
20121228,0
20121229,0.49392
20121230,0.154
20121231,0.00013105
20130101,0
20130102,0
20130103,0
20130104,0
20130105,0.0011519
20130106,0.11752
20130107,9.3531
20130108,9.2167
20130109,4.9803
20130110,23.219
20130111,15.431
20130112,6.8856
20130113,0.64836
20130114,0.57237
20130115,0.0063678
20130116,1.537
20130117,2.5324
20130118,0.86574
20130119,1.1029
20130120,0.001478
20130121,0
20130122,0.020096
20130123,19.801
20130124,0.176
20130125,2.2843e-10
20130126,0.068047
20130127,1.3269
20130128,0
20130129,0
20130130,0.15607
20130131,0.0002949
20130201,0.028756
20130202,2.2946
20130203,5.2829
20130204,2.0132
20130205,0.014182
20130206,8.9805
20130207,14.13
20130208,0
20130209,0
20130210,0.57573
20130211,0.13425
20130212,0.048299
20130213,0.070411
20130214,0.31176
20130215,0.081214
20130216,0.66538
20130217,0
20130218,0.2664
20130219,1.1762
20130220,0.0042491
20130221,0
20130222,0.9709
20130223,16.396
20130224,11.951
20130225,1.3193
20130226,0
20130227,0.00070488
20130228,0.0016598
20130301,0
20130302,0
20130303,0
20130304,0
20130305,0
20130306,0
20130307,0
20130308,0.19542
20130309,0
20130310,0.00011522
20130311,0
20130312,0.00070982
20130313,0
20130314,0.0015547
20130315,0
20130316,0
20130317,0.0093695
20130318,2.8642
20130319,0
20130320,0.082046
20130321,0
20130322,1.5912
20130323,0
20130324,5.0286e-05
20130325,0.0036706
20130326,0.00017378
20130327,0.0024412
20130328,0.00013382
20130329,0.0018176
20130330,0
20130331,0.0026152
20130401,4.734
20130402,0
20130403,0.014034
20130404,3.0034
20130405,1.6735
20130406,0.8729
20130407,18.459
20130408,8.559
20130409,0.029392
20130410,24.355
20130411,2.7459
20130412,0
20130413,1.3271
20130414,28.954
20130415,55.565
20130416,23.386
20130417,6.6231
20130418,1.5906
20130419,3.7686
20130420,2.944
20130421,4.3769
20130422,0.044719
20130423,0.0021215
20130424,7.5211
20130425,0.02725
20130426,1.1688
20130427,0.012127
20130428,6.6117
20130429,19.598
20130430,6.2686
20130501,0
20130502,0
20130503,1.9238
20130504,0.21564
20130505,32.97
20130506,28.896
20130507,6.1522
20130508,4.424
20130509,3.3905
20130510,3.7962
20130511,7.5847
20130512,3.4644
20130513,0.11156
20130514,2.5649
20130515,1.3812
20130516,24.095
20130517,10.753
20130518,4.677
20130519,2.8471
20130520,2.7268
20130521,3.1003
20130522,5.13
20130523,8.2648
20130524,0.20278
20130525,0.25773
20130526,0.061031
20130527,0.25008
20130528,1.2536
20130529,0.0011905
20130530,0
20130531,2.0511
20130601,0.063549
20130602,6.8555
20130603,3.3436
20130604,0.09159
20130605,8.1972
20130606,0.67201
20130607,0
20130608,0.5154
20130609,0
20130610,2.4151
20130611,5.417
20130612,1.047
20130613,2.5157
20130614,1.0936
20130615,0
20130616,0.03804
20130617,0
20130618,0.0055009
20130619,0.0013155
20130620,4.4632
20130621,0.5168
20130622,0.02147
20130623,3.2496
20130624,5.9796
20130625,4.8569
20130626,0.00065784
20130627,0.0011926
20130628,12.974
20130629,0
20130630,0.0013626
20130701,2.6536
20130702,5.2126
20130703,6.903
20130704,5.3101
20130705,12.441
20130706,9.3864
20130707,10.237
20130708,10.341
20130709,8.6668
20130710,11.559
20130711,6.0727
20130712,11.515
20130713,25.249
20130714,34.277
20130715,3.0538
20130716,0.12368
20130717,0
20130718,14.297
20130719,5.5905
20130720,0
20130721,0
20130722,1.4004
20130723,9.7955
20130724,1.097
20130725,0.72077
20130726,0.011682
20130727,0.14887
20130728,3.8886
20130729,0
20130730,11.593
20130731,4.873
20130801,2.675
20130802,0.37594
20130803,0.0027835
20130804,0.18172
20130805,0
20130806,0.00065922
20130807,0
20130808,0.38033
20130809,0.0018715
20130810,2.0303e-05
20130811,0.28465
20130812,6.0295
20130813,1.4753
20130814,4.1585
20130815,0.28759
20130816,0
20130817,0.4548
20130818,0.0028014
20130819,0.017822
20130820,0.00019328
20130821,39.664
20130822,0.73622
20130823,4.7158
20130824,15.032
20130825,2.931
20130826,0.29967
20130827,0.4472
20130828,0
20130829,0
20130830,3.7148
20130831,3.4668
20130901,0.0027556
20130902,0.04275
20130903,0
20130904,3.9212e-05
20130905,0
20130906,0
20130907,0.0025802
20130908,0.0077401
20130909,3.7258
20130910,17.199
20130911,0.0014674
20130912,0.00053053
20130913,0.0001811
20130914,0
20130915,0
20130916,7.1101e-05
20130917,0.0127
20130918,2.0171
20130919,0.046276
20130920,0.62333
20130921,0.20408
20130922,0.0018445
20130923,0
20130924,0
20130925,0.56583
20130926,0.15261
20130927,0.0033457
20130928,0.0032189
20130929,0
20130930,0
20131001,0
20131002,0
20131003,1.316
20131004,0.071258
20131005,0.0002487
20131006,0
20131007,0
20131008,2.9725
20131009,20.877
20131010,2.448
20131011,1.0919e-10
20131012,0.0038791
20131013,0.00011714
20131014,0
20131015,0.86825
20131016,2.624
20131017,0.58436
20131018,0.067286
20131019,0.128
20131020,0.74288
20131021,0.7413
20131022,3.7762
20131023,0.48678
20131024,1.5906
20131025,29.63
20131026,15.899
20131027,4.3177
20131028,0.066766
20131029,0.87541
20131030,1.9277
20131031,0.027862
20131101,0
20131102,0
20131103,0.096861
20131104,6.9141
20131105,7.5304
20131106,0.022867
20131107,0.14049
20131108,0.57583
20131109,0.022493
20131110,0.53224
20131111,0.0019929
20131112,0.7036
20131113,3.3659
20131114,2.5194
20131115,0.40597
20131116,6.0644
20131117,7.5088
20131118,4.2192
20131119,4.379
20131120,10.407
20131121,6.1967
20131122,1.5568
20131123,7.3131
20131124,13.396
20131125,0.14343
20131126,0.47592
20131127,2.1936
20131128,0.14937
20131129,2.8392
20131130,0
20131201,0.16159
20131202,7.5521
20131203,0.40642
20131204,0.52404
20131205,2.8275
20131206,0
20131207,0.0023834
20131208,6.162
20131209,2.2242
20131210,0
20131211,0.11321
20131212,0.022507
20131213,0.37596
20131214,3.4492
20131215,10.567
20131216,0.079983
20131217,0.0026882
20131218,1.5124
20131219,0.057157
20131220,0.00012908
20131221,0.0010292
20131222,6.7883
20131223,0.10977
20131224,0.0037505
20131225,0
20131226,0
20131227,0.0022009
20131228,0
20131229,0.0099099
20131230,0.094471
20131231,0
20140101,0
20140102,0
20140103,0.0015931
20140104,0.11609
20140105,1.1963
20140106,0.0078462
20140107,2.3992
20140108,1.5172
20140109,0
20140110,0.11769
20140111,2.9782e-06
20140112,4.5202e-06
20140113,6.3512e-07
20140114,0
20140115,0
20140116,0.0012091
20140117,2.3303
20140118,0
20140119,0
20140120,0.0039389
20140121,0.00072932
20140122,0.17121
20140123,5.1556
20140124,0.53481
20140125,0.020379
20140126,0.89118
20140127,5.4341
20140128,0
20140129,0.011545
20140130,0
20140131,0.0056259
20140201,0
20140202,0.04353
20140203,0.22311
20140204,0.066921
20140205,2.2263
20140206,2.0631
20140207,0.017067
20140208,5.3062
20140209,1.069
20140210,8.7685
20140211,0.094602
20140212,0.1162
20140213,1.3624
20140214,1.3514
20140215,0.0052371
20140216,0.36698
20140217,1.2568
20140218,0.22202
20140219,0.73909
20140220,1.1148
20140221,0.2196
20140222,0.44222
20140223,0
20140224,1.5818e-05
20140225,0.0086256
20140226,0
20140227,0
20140228,0.045053
20140301,0
20140302,0
20140303,0
20140304,0.005002
20140305,7.8524
20140306,3.4035
20140307,0.14252
20140308,4.2156e-05
20140309,0.00029724
20140310,0.00021645
20140311,0.052927
20140312,1.1298
20140313,0.92913
20140314,0.34466
20140315,1.3248
20140316,0.23506
20140317,1.1204
20140318,0.072672
20140319,0.20578
20140320,3.2391
20140321,0.054914
20140322,0.033402
20140323,1.2547
20140324,1.7711
20140325,0.083037
20140326,0.50604
20140327,0.49902
20140328,0.13585
20140329,0.49452
20140330,0.39888
20140331,2.5841
20140401,14.367
20140402,6.1989
20140403,1.0106
20140404,15.33
20140405,6.3039
20140406,0.30693
20140407,0.84013
20140408,0
20140409,0
20140410,0.0036709
20140411,7.6749
20140412,28.111
20140413,0.0017077
20140414,0.54615
20140415,0.0029633
20140416,2.2142
20140417,11.957
20140418,0.0023252
20140419,0.011999
20140420,0.0016493
20140421,0.58694
20140422,0.003475
20140423,2.4369
20140424,0.92995
20140425,2.0788
20140426,0.51757
20140427,0
20140428,1.383e-06
20140429,4.883
20140430,0
20140501,0
20140502,0.77239
20140503,0.00020841
20140504,3.5293
20140505,0.0017809
20140506,3.5479
20140507,4.9836
20140508,0.27543
20140509,0.00034298
20140510,0.0049036
20140511,0
20140512,20.268
20140513,4.3405
20140514,0.27082
20140515,1.2312
20140516,0.034606
20140517,3.2884
20140518,0.54077
20140519,1.6395
20140520,0
20140521,0.00037652
20140522,0.00097931
20140523,0.00033773
20140524,0
20140525,0.0064677
20140526,1.5689
20140527,6.0897
20140528,8.0629
20140529,4.8268
20140530,0.64202
20140531,0
20140601,6.9536
20140602,1.3962
20140603,2.1317
20140604,6.8381
20140605,0.00084173
20140606,10.024
20140607,0.61391
20140608,0.0093752
20140609,0
20140610,0.0078081
20140611,0.082631
20140612,3.5435
20140613,7.7182
20140614,5.7492
20140615,3.8254
20140616,5.4325
20140617,4.304
20140618,6.8264
20140619,1.5276
20140620,5.6933
20140621,1.421
20140622,5.906
20140623,4.2136
20140624,19.922
20140625,14.167
20140626,5.5624
20140627,0.0096403
20140628,0
20140629,0
20140630,5.5174
20140701,0
20140702,0.43461
20140703,8.2931
20140704,0.10591
20140705,0.048413
20140706,2.0598
20140707,0.02433
20140708,0
20140709,0.002869
20140710,1.2572
20140711,1.5721
20140712,6.5256
20140713,0.8714
20140714,7.25
20140715,3.0954
20140716,12.805
20140717,2.6522
20140718,5.1799
20140719,0.72999
20140720,0
20140721,0.77326
20140722,1.3376
20140723,0.68762
20140724,0.2161
20140725,1.2277
20140726,7.4125
20140727,4.6575
20140728,9.1776
20140729,2.5159
20140730,1.5216
20140731,3.0195
20140801,1.5232
20140802,0.0026703
20140803,0
20140804,0.0013379
20140805,0
20140806,0.003578
20140807,0.00014651
20140808,0.0023185
20140809,0
20140810,3.8801
20140811,1.9066
20140812,4.7237
20140813,3.0006
20140814,0.00086496
20140815,7.8373
20140816,0.00047753
20140817,0.056776
20140818,1.3276
20140819,6.854
20140820,13.468
20140821,0.86285
20140822,0.0095344
20140823,2.2988
20140824,0.0012231
20140825,0
20140826,0.0039101
20140827,0.0033998
20140828,0
20140829,0.01039
20140830,4.1173
20140831,0.0081731
20140901,8.4523
20140902,3.9425
20140903,0.00048799
20140904,0
20140905,0.0010977
20140906,0.00077524
20140907,0.00027578
20140908,0.00078912
20140909,0.035223
20140910,0.64689
20140911,0
20140912,0.63383
20140913,0.0012309
20140914,3.5156
20140915,28.379
20140916,19.139
20140917,2.6282
20140918,2.1282
20140919,1.2975
20140920,1.2591
20140921,0.089413
20140922,0.021405
20140923,0
20140924,0.0014221
20140925,0.0013935
20140926,0
20140927,0.64139
20140928,9.6837
20140929,13.015
20140930,4.3659
20141001,0.012295
20141002,7.9762
20141003,7.1041
20141004,29.04
20141005,0.00010053
20141006,0.00058671
20141007,0
20141008,0
20141009,0.0052958
20141010,0.71399
20141011,8.3452
20141012,38.571
20141013,45.851
20141014,17.412
20141015,15.587
20141016,73.873
20141017,70.824
20141018,2.8608
20141019,1.3638
20141020,4.1724
20141021,0.028368
20141022,0.00022827
20141023,0.0020555
20141024,0
20141025,0.010853
20141026,0.0047835
20141027,0
20141028,0
20141029,0.0041772
20141030,0
20141031,0
20141101,1.6023
20141102,0.0023465
20141103,0.36925
20141104,1.0185
20141105,0.071815
20141106,0.066205
20141107,0
20141108,0.0036483
20141109,0.6482
20141110,0.014926
20141111,1.8414e-08
20141112,0
20141113,8.5525
20141114,0.028519
20141115,0.099545
20141116,0.014938
20141117,0
20141118,0.16331
20141119,0.11001
20141120,0
20141121,0.0033745
20141122,0
20141123,0.58638
20141124,23.33
20141125,35.057
20141126,23.991
20141127,34.386
20141128,3.0861
20141129,5.3264
20141130,0.15522
20141201,0.0022721
20141202,0.0041308
20141203,1.759
20141204,0.42769
20141205,7.5065
20141206,20.911
20141207,8.0421
20141208,0.078237
20141209,3.6311
20141210,2.5903
20141211,0
20141212,0.15869
20141213,0.16439
20141214,0.025452
20141215,0.014794
20141216,4.123
20141217,12.486
20141218,0.71369
20141219,2.278
20141220,4.2926
20141221,0
20141222,3.7156
20141223,4.1109
20141224,2.4847
20141225,0.38416
20141226,0.0011193
20141227,7.4785e-06
20141228,1.6758e-05
20141229,0.53822
20141230,0.0041227
20141231,0
20150101,0
20150102,0
20150103,0
20150104,0
20150105,0
20150106,0
20150107,0.19573
20150108,0.34803
20150109,0
20150110,0.00078007
20150111,0
20150112,2.8362
20150113,0.0044905
20150114,4.5835
20150115,1.2992
20150116,0.011359
20150117,0.0028635
20150118,0.064841
20150119,0.00026899
20150120,0.0069728
20150121,0.19637
20150122,0.00019099
20150123,0.2406
20150124,0.027289
20150125,1.5502
20150126,0.29485
20150127,0.3277
20150128,1.2227
20150129,1.8473
20150130,0.28758
20150131,0
20150201,0.0073898
20150202,0.098881
20150203,0.098672
20150204,0.54467
20150205,7.3249
20150206,13.42
20150207,5.3101
20150208,0.73254
20150209,0
20150210,0.72947
20150211,1.9322
20150212,0.0077941
20150213,0.00047695
20150214,0.00094395
20150215,0.46521
20150216,0.14521
20150217,0.11226
20150218,0.031832
20150219,3.0508
20150220,0.019476
20150221,0.70507
20150222,0.74761
20150223,0.00048235
20150224,0.19061
20150225,0
20150226,26.366
20150227,3.1755
20150228,0.773
20150301,0
20150302,0.0076791
20150303,0.0057641
20150304,0.12678
20150305,17.682
20150306,64.738
20150307,0.0074268
20150308,0.0012822
20150309,0.11701
20150310,0.045727
20150311,0.20742
20150312,0.00028095
20150313,0
20150314,0.5851
20150315,0.0061416
20150316,0.39507
20150317,1.0985
20150318,1.5391
20150319,0.030433
20150320,0.0027824
20150321,0.71793
20150322,7.6261
20150323,0.24012
20150324,0.095358
20150325,3.669
20150326,0.00036497
20150327,0
20150328,0.020239
20150329,0
20150330,0.0065267
20150331,0
20150401,0
20150402,0
20150403,0
20150404,0.95827
20150405,1.1653
20150406,0.51353
20150407,1.125
20150408,0
20150409,0
20150410,0.0067387
20150411,0.1029
20150412,5.9693
20150413,0.061915
20150414,0.67359
20150415,0
20150416,0.00040704
20150417,0.92364
20150418,0
20150419,4.4615
20150420,3.9976
20150421,0.14263
20150422,2.842
20150423,1.3239
20150424,6.9698
20150425,3.9282
20150426,6.524
20150427,3.8674
20150428,2.3904
20150429,0.11266
20150430,9.802
20150501,0.70376
20150502,0.0012568
20150503,0
20150504,0.00049242
20150505,0.0036734
20150506,0.67912
20150507,0.93657
20150508,0.34448
20150509,6.6186
20150510,0.64132
20150511,0.0015613
20150512,0
20150513,0.0054111
20150514,0.037274
20150515,0.022604
20150516,0.0015612
20150517,0.045905
20150518,25.852
20150519,23.466
20150520,0
20150521,0.036809
20150522,0.01045
20150523,0.083916
20150524,4.4376
20150525,0.0073657
20150526,0
20150527,0.0028144
20150528,0.0020825
20150529,0.00056505
20150530,0.027912
20150531,0.44821
20150601,0.00077019
20150602,0.00028138
20150603,1.5213
20150604,0.00051282
20150605,0.25372
20150606,0
20150607,0
20150608,0
20150609,0.0032361
20150610,0.0048144
20150611,0
20150612,0
20150613,0
20150614,0
20150615,3.5568
20150616,0.0072547
20150617,2.524
20150618,0.34992
20150619,0
20150620,0.0093274
20150621,0.0050082
20150622,0.00011849
20150623,0.44212
20150624,0.0058022
20150625,0
20150626,0.00073363
20150627,0.0056062
20150628,1.9717
20150629,0.0080343
20150630,0.13562
20150701,9.7032
20150702,0.017351
20150703,0.067369
20150704,0.062041
20150705,1.7456
20150706,0.024852
20150707,2.6404
20150708,0.1886
20150709,0.62891
20150710,2.719
20150711,2.9448
20150712,7.0675
20150713,0.40411
20150714,2.8472
20150715,0.00041483
20150716,0
20150717,0.0017134
20150718,0.34636
20150719,2.0753
20150720,0
20150721,0.012979
20150722,0
20150723,0.042446
20150724,0.0047775
20150725,0.0067457
20150726,0.20613
20150727,1.1883
20150728,4.6989
20150729,10.272
20150730,7.0969
20150731,2.3557
20150801,0.0010484
20150802,1.2749
20150803,0.0044138
20150804,2.227
20150805,4.7441
20150806,0.0026313
20150807,0.00061926
20150808,0.86215
20150809,1.9668
20150810,3.2158
20150811,5.0688
20150812,0.010549
20150813,0.36335
20150814,1.4124
20150815,2.0952
20150816,0.001983
20150817,0.0045067
20150818,0
20150819,0
20150820,0
20150821,0.01656
20150822,0.58676
20150823,0
20150824,0.50618
20150825,0.0044114
20150826,0
20150827,10.115
20150828,3.7677
20150829,0.0086819
20150830,1.6492
20150831,3.3425
20150901,0.0013242
20150902,0.00097273
20150903,0.0505
20150904,0.31393
20150905,0.001247
20150906,0.0016767
20150907,0
20150908,2.053
20150909,7.0805
20150910,11.799
20150911,0.001063
20150912,0
20150913,0.0022941
20150914,0.0012314
20150915,0.00021022
20150916,0.0039433
20150917,0.0054254
20150918,6.5348
20150919,0.17904
20150920,0.0081119
20150921,0.01192
20150922,4.1177
20150923,1.0574
20150924,6.3443
20150925,13.859
20150926,0.0046126
20150927,0.65956
20150928,0.24236
20150929,5.8586
20150930,27.812
20151001,0.37865
20151002,0.11097
20151003,0.00040746
20151004,0.00026532
20151005,4.058
20151006,9.1794
20151007,4.3295
20151008,0.74784
20151009,0.031686
20151010,0
20151011,0.00085495
20151012,0.00029746
20151013,0.00096119
20151014,0
20151015,0.13507
20151016,4.7346
20151017,21.258
20151018,98.787
20151019,20.254
20151020,12.105
20151021,10.041
20151022,0.0056022
20151023,0.050166
20151024,0
20151025,0
20151026,0.40249
20151027,0.13273
20151028,0.00045923
20151029,0
20151030,0.0034993
20151031,0
20151101,0
20151102,0
20151103,0
20151104,0
20151105,0
20151106,0
20151107,0
20151108,0
20151109,0.065737
20151110,0.0018672
20151111,0
20151112,0
20151113,0
20151114,0.0023508
20151115,0.00094567
20151116,0.00064565
20151117,0.0015869
20151118,0.24821
20151119,11.421
20151120,47.138
20151121,59.34
20151122,0.0087956
20151123,1.0344
20151124,0.07908
20151125,0.097012
20151126,0.0025099
20151127,0
20151128,0.55392
20151129,0.58272
20151130,0
20151201,0.00017929
20151202,0.37854
20151203,1.3874
20151204,3.4346
20151205,0.40395
20151206,0.00046177
20151207,7.1595
20151208,1.1344
20151209,1.1353
20151210,0.19586
20151211,0.0010963
20151212,0
20151213,0.00078197
20151214,0.042008
20151215,0.0028861
20151216,0.012085
20151217,0
20151218,0.010295
20151219,0.82656
20151220,0.0020056
20151221,0.001131
20151222,0
20151223,0.001695
20151224,0
20151225,1.3649
20151226,3.1487
20151227,2.3679
20151228,0.0051247
20151229,0.0010612
20151230,0.33471
20151231,0.011955
20160101,54.675
20160102,47.66
20160103,1.1365
20160104,2.0437
20160105,0.022934
20160106,0
20160107,1.5912
20160108,0.11872
20160109,0.69753
20160110,0.041433
20160111,0.073313
20160112,0.0074654
20160113,1.1693
20160114,0.096757
20160115,0.004831
20160116,1.4861
20160117,0.90866
20160118,1.0295
20160119,0.0016544
20160120,0.00084591
20160121,0
20160122,3.2322
20160123,0.86894
20160124,0.91262
20160125,2.0058
20160126,0
20160127,0.0065713
20160128,0.013712
20160129,0
20160130,5.2268
20160131,8.154
20160201,41.055
20160202,0.049286
20160203,0.72735
20160204,0
20160205,0.00062143
20160206,0
20160207,0.00048053
20160208,0
20160209,0.050736
20160210,1.6276
20160211,2.3638
20160212,0.66254
20160213,0.0014854
20160214,0
20160215,0.037405
20160216,0.61444
20160217,0.41566
20160218,29.894
20160219,27.392
20160220,0.51414
20160221,0.12863
20160222,0.18593
20160223,0.12143
20160224,14.361
20160225,36.89
20160226,11.59
20160227,7.9325
20160228,26.678
20160229,0.22493
20160301,0
20160302,0.0095244
20160303,0.070063
20160304,0
20160305,0.00021818
20160306,0.00030476
20160307,0
20160308,0.00082648
20160309,0
20160310,0
20160311,0
20160312,0.27191
20160313,4.699e-06
20160314,0
20160315,0
20160316,0.036105
20160317,1.9602e-05
20160318,0.015921
20160319,1.1142
20160320,0.065102
20160321,2.0595
20160322,0.16208
20160323,0.028081
20160324,12.59
20160325,27.495
20160326,4.1469
20160327,4.5913
20160328,3.0608
20160329,4.1792
20160330,13.509
20160331,3.9527
20160401,1.0614
20160402,0.1013
20160403,0
20160404,0
20160405,0
20160406,0.00026552
20160407,0.090108
20160408,0.25028
20160409,3.3353
20160410,0
20160411,0.16102
20160412,0
20160413,0.000891
20160414,1.748
20160415,0.00329
20160416,0.046087
20160417,0.0017889
20160418,0.56047
20160419,0.0060389
20160420,1.1516
20160421,0.0011076
20160422,0
20160423,0.0010774
20160424,0.001874
20160425,7.4839
20160426,19.356
20160427,0
20160428,33.437
20160429,36.195
20160430,0.00034036
20160501,3.8583
20160502,7.6657
20160503,1.3307
20160504,5.2168
20160505,5.2718
20160506,0
20160507,0.20907
20160508,1.1192
20160509,1.4148
20160510,0.12568
20160511,0.061173
20160512,0.38058
20160513,0
20160514,0.21149
20160515,0.0017314
20160516,0.12669
20160517,0.084664
20160518,6.1353
20160519,2.7971
20160520,2.8399
20160521,4.5351
20160522,0.0081297
20160523,0.78226
20160524,0.0073418
20160525,0.00023578
20160526,0.0092021
20160527,1.4036
20160528,0.00010242
20160529,0.0049047
20160530,1.8881
20160531,6.0876
20160601,0
20160602,0.036442
20160603,1.4951
20160604,0.80265
20160605,0.018051
20160606,0.10935
20160607,11.035
20160608,0.011649
20160609,0.0056834
20160610,0.89183
20160611,6.5973
20160612,11.277
20160613,1.8862
20160614,2.5922
20160615,1.4153
20160616,0.80648
20160617,4.4495
20160618,3.3139
20160619,6.4381
20160620,2.9034
20160621,0.32271
20160622,6.213
20160623,5.1566
20160624,2.9481
20160625,0.93079
20160626,0.22366
20160627,0
20160628,0
20160629,0.0099111
20160630,0.010439
20160701,0.033987
20160702,0.13442
20160703,1.3373
20160704,2.7188
20160705,1.985
20160706,2.6168
20160707,0.0073289
20160708,3.8141
20160709,0.001032
20160710,4.3902
20160711,0.0069288
20160712,0
20160713,0.82897
20160714,3.64
20160715,5.8252
20160716,0.028903
20160717,9.5757
20160718,5.8677
20160719,0.091575
20160720,10.418
20160721,6.6133
20160722,0.049712
20160723,4.0534
20160724,1.7293
20160725,6.0963
20160726,4.2064
20160727,0.32415
20160728,0.28644
20160729,6.4555
20160730,1.4987
20160731,0.0027021
20160801,0.93737
20160802,0.0038359
20160803,1.1957
20160804,1.1741
20160805,0
20160806,0.15074
20160807,0.001147
20160808,0.48785
20160809,0.0035919
20160810,2.2648
20160811,0.64345
20160812,2.0889
20160813,0.0021582
20160814,0
20160815,0.024096
20160816,2.1024
20160817,5.7717
20160818,5.8973
20160819,8.3656
20160820,0.0060399
20160821,13.831
20160822,12.464
20160823,0.16195
20160824,0.88404
20160825,0
20160826,0.010628
20160827,4.1396
20160828,0
20160829,0
20160830,0.29275
20160831,0.98235
20160901,0.15006
20160902,0.022358
20160903,3.9199
20160904,0.0026694
20160905,0
20160906,0
20160907,0.00079481
20160908,0.0054165
20160909,0.0023073
20160910,0
20160911,7.423e-06
20160912,0.0005091
20160913,0.0011956
20160914,9.1051e-05
20160915,0
20160916,0.005102
20160917,0
20160918,18.168
20160919,44.383
20160920,3.9441
20160921,3.0879
20160922,0
20160923,7.03
20160924,0.22021
20160925,0.3505
20160926,0.018669
20160927,21.734
20160928,88.312
20160929,0.0047365
20160930,0.027028
20161001,0.02739
20161002,0.56223
20161003,38.176
20161004,1.9089
20161005,0
20161006,1.3299
20161007,32.029
20161008,0.051854
20161009,4.2029
20161010,6.7561
20161011,0.90623
20161012,0.18945
20161013,1.0716
20161014,0.39096
20161015,2.7493
20161016,1.1711
20161017,0.046015
20161018,0.0071144
20161019,0.30459
20161020,25.027
20161021,12.567
20161022,51.423
20161023,18.43
20161024,3.6733
20161025,1.5088
20161026,6.7064
20161027,5.0763
20161028,17.911
20161029,1.3254
20161030,0.19156
20161031,0.076018
20161101,2.6872
20161102,0.14203
20161103,0.26688
20161104,0.84124
20161105,0.090414
20161106,0.53059
20161107,0.03462
20161108,2.6887
20161109,0.024982
20161110,0
20161111,0.0072634
20161112,0
20161113,0
20161114,0.08698
20161115,5.4461
20161116,19.047
20161117,0.00030293
20161118,0
20161119,19.997
20161120,19.306
20161121,4.2101
20161122,0.0017496
20161123,1.3449
20161124,3.1774
20161125,11.724
20161126,0
20161127,2.7099
20161128,6.828
20161129,6.759
20161130,4.3924
20161201,0.91183
20161202,0.52613
20161203,13.11
20161204,12.911
20161205,0
20161206,2.9551
20161207,17.19
20161208,18.491
20161209,0.00036398
20161210,0
20161211,2.1693
20161212,0.66058
20161213,1.5487
20161214,3.8032
20161215,0
20161216,0.17215
20161217,0
20161218,0.022639
20161219,0.64052
20161220,19.943
20161221,12.103
20161222,6.2171
20161223,0.089505
20161224,2.497
20161225,0.0029401
20161226,0.11248
20161227,1.0953
20161228,0.075142
20161229,0.25834
20161230,0.33586
20161231,0.056326
20170101,0.64596
20170102,0
20170103,0.0027153
20170104,0
20170105,0
20170106,0.00067876
20170107,0.0011336
20170108,0
20170109,0
20170110,23.711
20170111,13.977
20170112,0.95839
20170113,0
20170114,0.0007902
20170115,0.0010249
20170116,0.0021632
20170117,0
20170118,0.0015342
20170119,0.25953
20170120,0.089951
20170121,0.00038474
20170122,0.0021444
20170123,0.03009
20170124,0.13206
20170125,0
20170126,0.0033369
20170127,0
20170128,0.0071824
20170129,0.011168
20170130,1.385
20170131,0
20170201,0
20170202,0
20170203,0
20170204,0
20170205,0.32583
20170206,4.6796e-06
20170207,0
20170208,0.010445
20170209,0.040358
20170210,0
20170211,0
20170212,0.0031207
20170213,0
20170214,0.00087543
20170215,4.2111e-06
20170216,0
20170217,0.0034237
20170218,0.08414
20170219,20.389
20170220,39.291
20170221,11.796
20170222,0.11398
20170223,0
20170224,0.65071
20170225,0.79922
20170226,0.050286
20170227,0.0010719
20170228,0
20170301,0
20170302,2.3703
20170303,38.149
20170304,1.7134
20170305,0
20170306,0.88051
20170307,20.224
20170308,0
20170309,1.5548
20170310,25.227
20170311,14.954
20170312,8.7746
20170313,1.6377
20170314,0.81833
20170315,0
20170316,0.0016832
20170317,0
20170318,0
20170319,0.38646
20170320,0
20170321,0
20170322,0.0015243
20170323,0
20170324,0.009436
20170325,0.75035
20170326,1.6558
20170327,2.963
20170328,1.9643
20170329,0.032194
20170330,0.002307
20170331,0.11031
20170401,2.5091
20170402,1.1093
20170403,2.2284
20170404,3.336
20170405,1.4349
20170406,1.1195
20170407,8.1815e-05
20170408,0.0013532
20170409,0.03573
20170410,0.024267
20170411,0.041212
20170412,0.19066
20170413,0.11068
20170414,0.0002619
20170415,0
20170416,0.0010813
20170417,0.020373
20170418,0.42583
20170419,0.027551
20170420,11.666
20170421,0.02311
20170422,2.515
20170423,5.1581
20170424,2.3184
20170425,0.25759
20170426,0
20170427,0.001251
20170428,1.9476
20170429,0.0027017
20170430,6.149e-08
20170501,0.00014912
20170502,0.00018139
20170503,4.074e-05
20170504,0.00037125
20170505,3.5517e-05
20170506,0.88948
20170507,13.514
20170508,2.5646
20170509,0.33952
20170510,0
20170511,3.8613
20170512,10.186
20170513,8.1556
20170514,9.6841
20170515,2.0788
20170516,10.483
20170517,3.3725
20170518,0.11478
20170519,0.0024078
20170520,0
20170521,0.00079205
20170522,0.0044031
20170523,0.0036865
20170524,1.9035
20170525,1.6599
20170526,1.9324
20170527,3.1005
20170528,0.0010743
20170529,0.005413
20170530,0
20170531,5.1008
20170601,0.000247
20170602,0.0024619
20170603,0.00027095
20170604,2.2897
20170605,0
20170606,1.6455
20170607,2.9892
20170608,0.0015142
20170609,0
20170610,0
20170611,0.82941
20170612,2.6169
20170613,2.0276
20170614,0
20170615,0.27272
20170616,0.0051977
20170617,1.2166
20170618,7.3412
20170619,6.6504
20170620,0.56417
20170621,3.5619
20170622,0.60011
20170623,0.020482
20170624,5.3954
20170625,10.926
20170626,0
20170627,0.060705
20170628,0.0067033
20170629,0
20170630,0.0087902
20170701,0.0006945
20170702,0.0013427
20170703,0.00078379
20170704,0.0014868
20170705,4.1454
20170706,18.176
20170707,0.00018166
20170708,0.0034138
20170709,0.0027466
20170710,0.00032168
20170711,0.0023453
20170712,0.00091998
20170713,3.5597
20170714,0.0024258
20170715,0.0035954
20170716,0.0011301
20170717,6.2217
20170718,0.96842
20170719,5.6597
20170720,5.1434
20170721,7.7011e-05
20170722,0.013968
20170723,0
20170724,0.94116
20170725,1.3473
20170726,2.5714
20170727,0.0015792
20170728,0
20170729,0.014564
20170730,0.0044197
20170731,2.8671
20170801,0.0003847
20170802,3.2778
20170803,0.96709
20170804,0
20170805,0.0010971
20170806,0.07188
20170807,3.5397
20170808,0.0010627
20170809,0.0012679
20170810,0.054965
20170811,1.6405
20170812,0.00028361
20170813,3.6336
20170814,0.065038
20170815,0.6594
20170816,0.0052696
20170817,0.0046456
20170818,6.2743
20170819,12.357
20170820,0
20170821,0.0039389
20170822,0.89745
20170823,5.1811
20170824,0.56245
20170825,14.721
20170826,17.537
20170827,11.642
20170828,7.6111
20170829,0.00063237
20170830,0.0011964
20170831,0.0012061
20170901,0.038791
20170902,0.0082773
20170903,0.15865
20170904,4.9194
20170905,4.6769
20170906,0
20170907,0.0022646
20170908,6.9528
20170909,0.001443
20170910,3.4407e-05
20170911,0.0002024
20170912,0
20170913,0.0017791
20170914,0.0039855
20170915,0.42852
20170916,3.289
20170917,3.606
20170918,0
20170919,0.0033439
20170920,1.7572
20170921,2.7775
20170922,45.257
20170923,3.5786
20170924,13.969
20170925,40.609
20170926,39.126
20170927,0.80029
20170928,0.054544
20170929,0.006328
20170930,10.176
20171001,16.88
20171002,8.2201
20171003,3.6556
20171004,0.36071
20171005,9.8291e-06
20171006,0
20171007,0.0095374
20171008,0.084754
20171009,0.94059
20171010,0.29956
20171011,0.18605
20171012,0.0028482
20171013,0
20171014,0
20171015,0.010949
20171016,0
20171017,0.0014775
20171018,0.61205
20171019,0.32438
20171020,0.03089
20171021,0
20171022,9.5451
20171023,1.6678
20171024,4.2746
20171025,0
20171026,0.0023441
20171027,0
20171028,0.0046363
20171029,4.6289e-05
20171030,0
20171031,0.62792
20171101,1.6308
20171102,7.2636
20171103,0.28961
20171104,0.21383
20171105,0.027529
20171106,0
20171107,0
20171108,0.0099857
20171109,0.0014105
20171110,8.2783e-08
20171111,0
20171112,0
20171113,1.4825e-09
20171114,0.09139
20171115,8.6093
20171116,0.63573
20171117,1.5005
20171118,0.39763
20171119,0.0045255
20171120,0.010117
20171121,0.002895
20171122,8.8376e-07
20171123,0
20171124,8.1611e-10
20171125,7.5038e-09
20171126,0.0024952
20171127,6.5626e-07
20171128,1.2579e-08
20171129,2.8696e-09
20171130,8.8741e-10
20171201,0
20171202,0
20171203,0
20171204,0
20171205,0
20171206,0
20171207,0.012876
20171208,0
20171209,0
20171210,0
20171211,0
20171212,0.00017187
20171213,0.0035746
20171214,0.14533
20171215,13.414
20171216,32.028
20171217,24.624
20171218,1.3095
20171219,0.21763
20171220,0.0027155
20171221,0.73514
20171222,0.089204
20171223,3.3774
20171224,1.9503
20171225,0.28651
20171226,0.49706
20171227,6.7801
20171228,3.0448
20171229,3.2416
20171230,0.0015095
20171231,1.3497
20180101,0.83282
20180102,9.4909
20180103,0.11084
20180104,1.1277
20180105,4.6928
20180106,0.0011163
20180107,0
20180108,0.00087671
20180109,0
20180110,0.0017019
20180111,0.0011513
20180112,0
20180113,3.8526
20180114,8.365
20180115,1.9048
20180116,0.12472
20180117,0
20180118,0.0014082
20180119,0
20180120,0
20180121,0.0011094
20180122,0.055568
20180123,0.00039777
20180124,0
20180125,0
20180126,0
20180127,0
20180128,0.0012016
20180129,0.00012929
20180130,0
20180131,0.0027894
20180201,0.096921
20180202,0.016274
20180203,1.8195
20180204,1.1619
20180205,1.4463
20180206,0.063105
20180207,0.064898
20180208,0.048445
20180209,3.187e-05
20180210,0.66847
20180211,0.00086927
20180212,0
20180213,0.34799
20180214,0.029914
20180215,0.0014651
20180216,0.0069332
20180217,0.022752
20180218,0
20180219,0.020989
20180220,0.90276
20180221,0.0018262
20180222,0.0020013
20180223,0
20180224,1.9253
20180225,0.032465
20180226,0.0023409
20180227,0.00028517
20180228,1.9293
20180301,10.156
20180302,7.465
20180303,0.22751
20180304,0.84028
20180305,0.098909
20180306,0
20180307,0.01995
20180308,17.35
20180309,0.40103
20180310,1.1173
20180311,0.768
20180312,0.10487
20180313,0
20180314,0.0011309
20180315,1.1532
20180316,1.3643
20180317,0
20180318,0.33235
20180319,0.02801
20180320,0.007632
20180321,0.45027
20180322,1.3997
20180323,0.001685
20180324,0.65905
20180325,0.11183
20180326,0.01588
20180327,2.0935
20180328,1.2955
20180329,0.00028435
20180330,0.0027056
20180331,0.0015565
20180401,0
20180402,0.21829
20180403,0.00071454
20180404,0.32556
20180405,0.107
20180406,2.4106e-07
20180407,0.0015861
20180408,0.002378
20180409,1.2387
20180410,31.855
20180411,26.281
20180412,2.9941
20180413,0.058455
20180414,0.87617
20180415,0.55663
20180416,57.654
20180417,3.9068
20180418,13.55
20180419,6.3101
20180420,8.3394
20180421,0.52718
20180422,7.5535e-06
20180423,0.0059452
20180424,0.011828
20180425,1.9663
20180426,0
20180427,0.28146
20180428,14.13
20180429,2.6993
20180430,2.238
20180501,0.0021573
20180502,0.00035448
20180503,4.018e-05
20180504,2.2839
20180505,6.4549
20180506,0.15007
20180507,0
20180508,0.00014424
20180509,0.13548
20180510,6.1584
20180511,0
20180512,0
20180513,0.00057836
20180514,0.0021433
20180515,3.4752
20180516,0.0003808
20180517,0
20180518,0.00060481
20180519,0
20180520,0.0012189
20180521,1.6103
20180522,5.2101
20180523,0.25565
20180524,0.43853
20180525,1.6374
20180526,0.67047
20180527,2.1911
20180528,0.33323
20180529,2.7506
20180530,9.7557
20180531,14.287
20180601,6.424
20180602,17.278
20180603,11.354
20180604,1.6698
20180605,0.26384
20180606,0.0079395
20180607,3.7734
20180608,6.6183
20180609,5.1457
20180610,2.3919
20180611,0.23055
20180612,8.7417
20180613,0.80175
20180614,8.1152
20180615,2.1885
20180616,11.884
20180617,0.029218
20180618,0.15114
20180619,10.022
20180620,4.8317
20180621,9.9107
20180622,9.7277
20180623,3.6861
20180624,7.9938
20180625,0.0040955
20180626,32.175
20180627,3.0824
20180628,10.914
20180629,9.2853
20180630,0
20180701,0.031127
20180702,10.632
20180703,0.6899
20180704,1.3806
20180705,15.721
20180706,0.41676
20180707,0.18415
20180708,0.05693
20180709,0.0031417
20180710,5.5536
20180711,0
20180712,0.0017906
20180713,1.4391
20180714,0
20180715,1.8822
20180716,0.29271
20180717,0.0010984
20180718,3.7302
20180719,4.3417
20180720,0
20180721,0.03665
20180722,9.8199
20180723,5.0429
20180724,0.67875
20180725,0.47132
20180726,1.2812
20180727,4.4717
20180728,2.1514
20180729,0.94889
20180730,1.6368
20180731,0.033942
20180801,0.33212
20180802,5.6301
20180803,5.7117
20180804,2.0708
20180805,0.00050848
20180806,0.093423
20180807,0.82031
20180808,5.091
20180809,8.0487
20180810,1.8433
20180811,1.9045
20180812,2.1887
20180813,0.58177
20180814,3.1976
20180815,4.4458
20180816,0.012794
20180817,5.4081
20180818,9.5757
20180819,0.78629
20180820,0.016158
20180821,0.023071
20180822,0
20180823,0.32997
20180824,4.191
20180825,0.31214
20180826,1.4102
20180827,1.468
20180828,0.029664
20180829,0
20180830,3.4697e-05
20180831,0.0019651
20180901,0.0011566
20180902,7.8886e-10
20180903,9.241
20180904,0.28561
20180905,0.00067242
20180906,0
20180907,1.3732e-05
20180908,0.0024817
20180909,0.00029743
20180910,3.3722
20180911,4.2085
20180912,1.7273
20180913,1.5393
20180914,5.5035
20180915,12.132
20180916,4.7892
20180917,19.213
20180918,10.834
20180919,2.5114
20180920,2.6966
20180921,10.201
20180922,13.752
20180923,10.277
20180924,1.7136
20180925,0.31759
20180926,0.00016332
20180927,0.0011826
20180928,0.011494
20180929,0.0015474
20180930,0
20181001,1.1836
20181002,0.00061537
20181003,8.8558e-05
20181004,0
20181005,0.047978
20181006,0.41144
20181007,0.010376
20181008,0.00083787
20181009,1.1804
20181010,0.01547
20181011,0.0014063
20181012,0.44542
20181013,1.5519
20181014,1.0773
20181015,3.074e-05
20181016,0
20181017,0.69085
20181018,0.39332
20181019,1.4658
20181020,0.0010571
20181021,0
20181022,1.0914
20181023,0.02835
20181024,4.1109e-05
20181025,0.0040379
20181026,0
20181027,0
20181028,0
20181029,0
20181030,0.0036027
20181031,0
20181101,0
20181102,0.10121
20181103,1.5053
20181104,0.092257
20181105,0.032419
20181106,0.0060481
20181107,0.025661
20181108,0
20181109,6.5504
20181110,0
20181111,0
20181112,0
20181113,0.038728
20181114,0.00064868
20181115,0
20181116,1.1563
20181117,1.9379
20181118,21.476
20181119,0.96705
20181120,0.44643
20181121,1.5595
20181122,0.053798
20181123,0.030399
20181124,0.16749
20181125,2.3034e-05
20181126,0.2025
20181127,0.0024683
20181128,0
20181129,0.0058383
20181130,7.0497e-05
20181201,0
20181202,0.010022
20181203,0.21104
20181204,0
20181205,0.056869
20181206,0.0069678
20181207,0
20181208,4.203
20181209,0.049255
20181210,0.0006663
20181211,0.11848
20181212,0.080083
20181213,0.4498
20181214,66.58
20181215,2.1169
20181216,0.52116
20181217,3.0556
20181218,1.7463
20181219,0.0024213
20181220,0
20181221,0.018673
20181222,7.009
20181223,3.9936
20181224,0.0060613
20181225,0.021423
20181226,0
20181227,0.042997
20181228,3.654
20181229,45.538
20181230,1.0094
20181231,0.002451
20190101,0
20190102,0.0071432
20190103,0.17967
20190104,4.194
20190105,0.61077
20190106,2.3905
20190107,0.08246
20190108,0
20190109,0.0016912
20190110,5.4708
20190111,0.071911
20190112,0.00088525
20190113,0.00011787
20190114,4.8111e-06
20190115,0.97951
20190116,0.0010139
20190117,0.00016649
20190118,0
20190119,0.00058892
20190120,0
20190121,0.00078975
20190122,0.00032224
20190123,0.001628
20190124,0.0013246
20190125,0.0013356
20190126,0.12335
20190127,0
20190128,0.0016681
20190129,0.28182
20190130,3.2798
20190131,0.00066533
20190201,0.022698
20190202,0
20190203,0.0002622
20190204,5.4823
20190205,1.9501
20190206,0.40842
20190207,1.0681
20190208,0.075833
20190209,0.042386
20190210,2.8669e-06
20190211,0
20190212,0.0086538
20190213,4.7608
20190214,63.474
20190215,0.0026568
20190216,3.724e-05
20190217,0.0062261
20190218,0.30728
20190219,0
20190220,0.0012265
20190221,0.46861
20190222,0.016324
20190223,0.0013701
20190224,0.0013517
20190225,0
20190226,0.0042145
20190227,0
20190228,0.0012914
20190301,0.018421
20190302,0.20453
20190303,0.00025319
20190304,0
20190305,0
20190306,0.00031033
20190307,0.00023988
20190308,0
20190309,0.45421
20190310,1.6771
20190311,0.091233
20190312,0.7588
20190313,2.9809
20190314,0.00010768
20190315,0.00055582
20190316,0.28597
20190317,1.8716
20190318,13.587
20190319,2.3336
20190320,0.0051685
20190321,0
20190322,0.027113
20190323,0.055997
20190324,0.016348
20190325,0.0025546
20190326,0
20190327,0
20190328,0.0016363
20190329,0.0023493
20190330,0
20190331,0.0023546
20190401,0
20190402,13.493
20190403,3.4801
20190404,10.388
20190405,13.114
20190406,0.14283
20190407,0.87878
20190408,0.2965
20190409,0.14955
20190410,0.508
20190411,0.0021732
20190412,0.0018863
20190413,0.00012433
20190414,0.00082404
20190415,0
20190416,0.62604
20190417,1.7228
20190418,0.091214
20190419,0.19635
20190420,0
20190421,0.0045682
20190422,4.5652
20190423,4.6401
20190424,5.7547
20190425,2.3515
20190426,0.019556
20190427,0
20190428,1.7621
20190429,0.010469
20190430,0.10472
20190501,0.0023152
20190502,0.072297
20190503,0.52116
20190504,11.553
20190505,5.5753
20190506,0.22958
20190507,2.8922
20190508,3.4493
20190509,0.674
20190510,0.0056968
20190511,0.053008
20190512,40.868
20190513,17.375
20190514,5.8512
20190515,2.1385
20190516,0.61262
20190517,0.016666
20190518,1.1774
20190519,2.1007
20190520,1.539
20190521,2.1942
20190522,0.0026476
20190523,0
20190524,2.8656
20190525,3.8339
20190526,3.5521
20190527,0.55755
20190528,0.054466
20190529,0
20190530,0.00049183
20190531,0.73609
20190601,3.7335
20190602,4.7241
20190603,1.5408
20190604,1.2769
20190605,3.2543
20190606,4.9084
20190607,4.7583
20190608,0.13252
20190609,0.0032481
20190610,0
20190611,0.0018813
20190612,0.0032702
20190613,1.3952
20190614,3.9867
20190615,3.0447
20190616,0.005442
20190617,0
20190618,0
20190619,1.4223
20190620,4.3058
20190621,6.2744
20190622,0
20190623,1.9095
20190624,8.3792
20190625,10.095
20190626,5.5312
20190627,1.8356
20190628,1.9802
20190629,0.19652
20190630,0.14156
20190701,0.013057
20190702,0.5575
20190703,0.0050366
20190704,0.66713
20190705,1.9659
20190706,0.15054
20190707,0.00032912
20190708,0.0039392
20190709,0
20190710,1.1416
20190711,0.54245
20190712,15.665
20190713,0.5453
20190714,12.392
20190715,8.335
20190716,0
20190717,0.020775
20190718,4.4208
20190719,0.078701
20190720,0.018552
20190721,0
20190722,0.001662
20190723,0.013019
20190724,6.0075
20190725,0.010572
20190726,0.010031
20190727,0
20190728,0.70229
20190729,0
20190730,0.0033723
20190731,0
20190801,0.0023951
20190802,2.0688
20190803,0.87231
20190804,0.0014416
20190805,0.0040838
20190806,0.00014785
20190807,0
20190808,0.0013577
20190809,0.0031035
20190810,0.057573
20190811,0.00096013
20190812,0
20190813,0.12498
20190814,14.568
20190815,0.0008382
20190816,0.030592
20190817,0.0033584
20190818,13.62
20190819,0.022458
20190820,0.0097245
20190821,10.16
20190822,0.69416
20190823,0
20190824,0.0020813
20190825,0
20190826,0.17122
20190827,4.4583
20190828,1.369
20190829,0.38913
20190830,10.172
20190831,0.010577
20190901,0.00075083
20190902,0.92588
20190903,9.837
20190904,9.4404
20190905,0.89723
20190906,3.2124
20190907,0.809
20190908,0.028047
20190909,0.16862
20190910,0.00042393
20190911,0.001381
20190912,0.000318
20190913,0.0043821
20190914,0.17105
20190915,0
20190916,0.0017241
20190917,0.99796
20190918,0.0050401
20190919,0.084987
20190920,0.00042172
20190921,0
20190922,0.0016563
20190923,0.00026218
20190924,0.00031524
20190925,0.00084722
20190926,0.0038136
20190927,0
20190928,0.0046081
20190929,0.23302
20190930,10.462
20191001,26.585
20191002,6.0009
20191003,1.6875
20191004,0.0013841
20191005,0.0010692
20191006,0
20191007,44.425
20191008,20.129
20191009,7.085
20191010,25.731
20191011,5.9047
20191012,13.142
20191013,10.029
20191014,8.2835
20191015,34.734
20191016,15.012
20191017,7.9597
20191018,0.33916
20191019,0.0023974
20191020,14.329
20191021,4.6678
20191022,5.138
20191023,23.064
20191024,6.7644
20191025,0.76354
20191026,0.034593
20191027,2.4518
20191028,0.64456
20191029,0.6299
20191030,0.034505
20191031,0.0026818
20191101,1.901
20191102,1.6411
20191103,0.0006556
20191104,0.39558
20191105,0.0035241
20191106,0.48058
20191107,0.0090194
20191108,0.00029578
20191109,0.043003
20191110,0.60184
20191111,0.0044254
20191112,0
20191113,4.86
20191114,20.55
20191115,36.19
20191116,0.33312
20191117,1.3974
20191118,2.1192
20191119,6.588
20191120,0.22259
20191121,0.0014316
20191122,0
20191123,0.0040171
20191124,15.323
20191125,54.953
20191126,15.376
20191127,0.32282
20191128,3.9511e-05
20191129,3.4928e-06
20191130,0
20191201,0.098004
20191202,0.00025056
20191203,3.4957
20191204,6.4668
20191205,3.0375
20191206,0
20191207,0
20191208,0
20191209,0.00073343
20191210,0.0022982
20191211,0.011281
20191212,0.00075601
20191213,0.0011607
20191214,0.20668
20191215,2.3682
20191216,5.4982
20191217,9.3982
20191218,1.7992
20191219,4.1905
20191220,15.165
20191221,1.8835
20191222,4.779
20191223,11.015
20191224,0.00080002
20191225,0.13427
20191226,0.067767
20191227,0.00087207
20191228,0.024052
20191229,0
20191230,0
20191231,0.033484
20200101,0.048516
20200102,0.036648
20200103,0.072791
20200104,5.7536
20200105,2.8166
20200106,0.00048687
20200107,10.872
20200108,37.062
20200109,0.068372
20200110,0.00080332
20200111,0.23588
20200112,0.045004
20200113,29.673
20200114,5.9913
20200115,2.2591
20200116,0.020984
20200117,0.00024238
20200118,0.0095493
20200119,0.0012439
20200120,0.81403
20200121,0.19492
20200122,0.0029281
20200123,0.5985
20200124,2.2752
20200125,0
20200126,11.797
20200127,15.583
20200128,11.9
20200129,43.653
20200130,0.22488
20200131,0.64834
20200201,0.13154
20200202,0.14453
20200203,0.012049
20200204,0.00060589
20200205,0.63722
20200206,0.27127
20200207,0
20200208,1.0685
20200209,0.22564
20200210,0.6141
20200211,0.0020367
20200212,0.010594
20200213,0.39799
20200214,1.237
20200215,0.0011865
20200216,0.44361
20200217,0
20200218,0.20965
20200219,0.8038
20200220,0.0024624
20200221,0.00083022
20200222,0.00021907
20200223,10.176
20200224,6.6688
20200225,52.894
20200226,4.3485
20200227,1.5043
20200228,0.0035162
20200229,0
20200301,9.2286
20200302,0
20200303,0.71863
20200304,3.0058
20200305,2.4845
20200306,0.34462
20200307,0.90009
20200308,0.053065
20200309,0.047206
20200310,0.3851
20200311,0
20200312,0.0024074
20200313,0
20200314,0.76301
20200315,0.098499
20200316,1.4177
20200317,5.112
20200318,5.3446
20200319,6.2167
20200320,0.33061
20200321,0.24202
20200322,6.3848
20200323,1.8116
20200324,0.16226
20200325,0.098689
20200326,0.57274
20200327,0.012337
20200328,1.7421
20200329,3.4798
20200330,0.85228
20200331,0.0077981
20200401,1.6054
20200402,0.65911
20200403,1.528
20200404,7.9527
20200405,2.987
20200406,0.13138
20200407,0.00077063
20200408,0.28062
20200409,0
20200410,0.016538
20200411,1.4678
20200412,0.55059
20200413,0.23495
20200414,0.54373
20200415,0.029328
20200416,1.0184
20200417,2.949
20200418,2.6888
20200419,0.35402
20200420,0.0053084
20200421,3.6031
20200422,0
20200423,0.21237
20200424,9.3253
20200425,1.5636
20200426,5.0422
20200427,0.35383
20200428,0.00085697
20200429,0.081284
20200430,0.019569
20200501,0.32122
20200502,0.059892
20200503,0
20200504,0.0051557
20200505,0.0001814
20200506,0.0040806
20200507,0.081873
20200508,0.0059315
20200509,22.24
20200510,6.7042
20200511,10.857
20200512,63.188
20200513,0.50751
20200514,5.2228
20200515,2.0303
20200516,7.6257e-05
20200517,0
20200518,0.0095975
20200519,4.5173
20200520,5.3568
20200521,0.5869
20200522,0.07667
20200523,0.61954
20200524,0.73012
20200525,0.0038581
20200526,0.92117
20200527,0.10204
20200528,1.1282
20200529,2.1809
20200530,0.0010467
20200531,0.0075114
20200601,1.7068
20200602,0.13437
20200603,1.4021
20200604,0.055578
20200605,0.0086246
20200606,0
20200607,0.52205
20200608,0
20200609,0
20200610,0.00035543
20200611,0.0026037
20200612,0
20200613,0.00072303
20200614,0.90983
20200615,3.3845
20200616,8.4507
20200617,7.6401
20200618,6.9696
20200619,2.8221
20200620,1.6776
20200621,3.1837
20200622,3.3417
20200623,3.3454
20200624,6.3884
20200625,0.7545
20200626,0.0022425
20200627,0
20200628,0.37413
20200629,4.0412
20200630,0.008664
20200701,2.6493
20200702,10.538
20200703,9.6232
20200704,1.4824
20200705,0
20200706,0.0031251
20200707,0.89244
20200708,2.9321
20200709,6.673
20200710,1.762
20200711,0.0064652
20200712,0.002195
20200713,0.0016339
20200714,2.9461
20200715,8.7007
20200716,2.5959
20200717,0.0047418
20200718,1.0274
20200719,3.992
20200720,3.1203
20200721,1.8923
20200722,2.2429
20200723,0.00020595
20200724,0.0029697
20200725,0.00083222
20200726,0.0026356
20200727,0.0032292
20200728,0.00048545
20200729,0.019534
20200730,0.0021709
20200731,1.9124
20200801,5.1868
20200802,4.4588
20200803,6.927
20200804,5.176
20200805,1.5236
20200806,0.15345
20200807,5.8139
20200808,9.2896
20200809,4.9314e-05
20200810,0.0039874
20200811,0.0036047
20200812,4.9233
20200813,0.0059191
20200814,0
20200815,0.0026829
20200816,1.8838
20200817,1.4078
20200818,7.0558
20200819,0.00051095
20200820,0.011275
20200821,0.00060085
20200822,0.0058743
20200823,0.0059925
20200824,0.0037287
20200825,0.24023
20200826,1.1349
20200827,0.39208
20200828,0.86353
20200829,5.3151
20200830,4.0586
20200831,0.37086
20200901,7.8417
20200902,5.9371
20200903,10.915
20200904,4.4943
20200905,17.053
20200906,3.9273
20200907,6.1401
20200908,0.43825
20200909,0.0012612
20200910,0.0047062
20200911,1.2007
20200912,1.1924
20200913,4.2287
20200914,1.5252
20200915,0
20200916,0
20200917,0.005049
20200918,0
20200919,0.017609
20200920,3.0819
20200921,9.7508
20200922,4.7704
20200923,4.4619
20200924,5.9109
20200925,8.0086
20200926,10.517
20200927,6.9863
20200928,1.0101
20200929,1.9101
20200930,0.031553
20201001,4.8788
20201002,0.32027
20201003,0.21558
20201004,0.0014913
20201005,5.5163
20201006,21.412
20201007,36.888
20201008,1.9514
20201009,0.83884
20201010,2.9068
20201011,1.3758
20201012,0.011916
20201013,0.00082882
20201014,0.85651
20201015,1.0303
20201016,0.0038749
20201017,16.839
20201018,22.539
20201019,4.1536
20201020,0.012984
20201021,0.5963
20201022,0.00556
20201023,0
20201024,0.079882
20201025,13.667
20201026,0
20201027,0.0061978
20201028,40.562
20201029,0.80936
20201030,0.0050955
20201031,0
20201101,0
20201102,0.00083179
20201103,8.3733e-06
20201104,0.00030068
20201105,0
20201106,0.00074342
20201107,0.063512
20201108,0
20201109,0.53967
20201110,0.019724
20201111,0.00047851
20201112,4.53
20201113,0.51301
20201114,0.00017211
20201115,0
20201116,0.0026226
20201117,0
20201118,0
20201119,0.0036848
20201120,0
20201121,0.58879
20201122,2.0116
20201123,0.00014346
20201124,0.00038904
20201125,0.0015923
20201126,0
20201127,0
20201128,0.096726
20201129,9.2678
20201130,0.82791
20201201,0
20201202,0.8195
20201203,0.037446
20201204,0.013748
20201205,0
20201206,6.5722e-05
20201207,0.0027157
20201208,0.00073841
20201209,0.0014322
20201210,0
20201211,0.00058306
20201212,5.5287e-05
20201213,0
20201214,2.8026
20201215,4.4725
20201216,3.1659
20201217,8.4711
20201218,0.8482
20201219,0.012983
20201220,1.4446
20201221,0.0043237
20201222,0.00091073
20201223,0
20201224,3.2666
20201225,0.19219
20201226,0.41469
20201227,0.30197
20201228,0.0096537
20201229,0.29142
20201230,0
20201231,0.0010842
20210101,0
20210102,0
20210103,0.001238
20210104,2.666
20210105,4.4883
20210106,0.57904
20210107,0.0030466
20210108,0.001297
20210109,0.6212
20210110,0.043817
20210111,0.0010441
20210112,0.00046615
20210113,0
20210114,0
20210115,4.8155
20210116,10.517
20210117,9.2365
20210118,14.107
20210119,0.58298
20210120,0.016712
20210121,0.15644
20210122,4.3604
20210123,2.9158
20210124,6.9531e-07
20210125,0.00095471
20210126,0.0003163
20210127,0.033246
20210128,1.16
20210129,0.26538
20210130,0.054871
20210131,0
20210201,0
20210202,0
20210203,0
20210204,0.05668
20210205,0
20210206,0
20210207,0.00080613
20210208,0
20210209,0
20210210,0.37687
20210211,0.99464
20210212,1.1648
20210213,0.94657
20210214,0.97027
20210215,1.0867
20210216,0.0020546
20210217,0
20210218,4.0795
20210219,5.702
20210220,35.197
20210221,0
20210222,2.724
20210223,0.020844
20210224,2.0032
20210225,5.5582
20210226,4.4872
20210227,2.871
20210228,0.011035
20210301,0
20210302,0.0048375
20210303,3.4843
20210304,0.60218
20210305,3.1436
20210306,0.11795
20210307,6.8973e-07
20210308,0
20210309,0.00087911
20210310,1.3281e-05
20210311,0
20210312,0.001389
20210313,0
20210314,0.00015515
20210315,0.0065653
20210316,0.052308
20210317,0.0013835
20210318,0.28761
20210319,2.256
20210320,0.0034912
20210321,1.6056e-08
20210322,7.1168e-05
20210323,0.10642
20210324,0.21123
20210325,24.767
20210326,3.9614
20210327,10.371
20210328,0.011133
20210329,0
20210330,0.0016769
20210331,2.2117
20210401,0.2539
20210402,0.00048099
20210403,0
20210404,9.7039e-05
20210405,0
20210406,0.49628
20210407,0.25346
20210408,1.456
20210409,3.7206
20210410,0.40976
20210411,1.0525
20210412,0.0075764
20210413,1.7627
20210414,5.143
20210415,2.8238
20210416,0.30598
20210417,2.0177
20210418,0.00064129
20210419,0
20210420,3.125
20210421,0.84369
20210422,13.783
20210423,2.2967
20210424,0.015414
20210425,0.00065324
20210426,0.23221
20210427,0.6316
20210428,1.0362
20210429,0.53017
20210430,4.8164
20210501,0
20210502,0.022655
20210503,0.0027722
20210504,0
20210505,1.0573e-06
20210506,0.0014599
20210507,0.1501
20210508,0.40137
20210509,0.0004057
20210510,0
20210511,3.2325
20210512,1.7615
20210513,0.0012049
20210514,0
20210515,1.0623
20210516,0.0056323
20210517,0.8632
20210518,0.10981
20210519,0
20210520,0
20210521,0.013493
20210522,0.0038733
20210523,0.00011863
20210524,6.3382
20210525,24.183
20210526,0.02009
20210527,3.2709
20210528,5.2436
20210529,2.468
20210530,4.5028
20210531,8.2305
20210601,1.7521
20210602,6.1922
20210603,2.072
20210604,0.092553
20210605,0.00026627
20210606,0.00068251
20210607,0.00067592
20210608,0.26691
20210609,0.022844
20210610,30.089
20210611,43.182
20210612,0.52736
20210613,0.0027197
20210614,7.686
20210615,0.0068038
20210616,0.85412
20210617,0.00030197
20210618,14.148
20210619,0.90784
20210620,7.6747
20210621,0.57338
20210622,0.33258
20210623,0.014899
20210624,0.054169
20210625,7.2945
20210626,5.352
20210627,0.0039562
20210628,0.00061099
20210629,0.14487
20210630,0.0042717
20210701,0
20210702,0.33418
20210703,0.0031624
20210704,2.0722
20210705,0.0030822
20210706,0
20210707,0.00080895
20210708,1.6192
20210709,0.0053151
20210710,4.0441
20210711,0.10818
20210712,0.03275
20210713,0.97623
20210714,1.8293
20210715,0.00015218
20210716,0.01497
20210717,0
20210718,0.001057
20210719,0.0036281
20210720,0.59749
20210721,5.1462
20210722,6.8027
20210723,0.0035806
20210724,0.45615
20210725,0.38363
20210726,4.0306
20210727,0.52897
20210728,1.8897
20210729,4.7459
20210730,0.093995
20210731,0.003108
20210801,0.00099357
20210802,0.0005261
20210803,0.6555
20210804,1.9475
20210805,5.6511
20210806,0.0015087
20210807,0.016437
20210808,0.0088064
20210809,9.6854
20210810,0.63686
20210811,0.76772
20210812,6.3319
20210813,0.007124
20210814,0.28322
20210815,2.2212
20210816,1.9286
20210817,0.0041817
20210818,0.0035001
20210819,3.8044
20210820,8.2161
20210821,0.29402
20210822,0.0035039
20210823,0.0042834
20210824,0
20210825,0.13023
20210826,0.0085184
20210827,0
20210828,0.0039057
20210829,0.00051887
20210830,8.4512
20210831,17.08
20210901,5.1553
20210902,7.5538e-05
20210903,11.96
20210904,0.10194
20210905,0.0019853
20210906,1.56e-05
20210907,0
20210908,0
20210909,0.0012523
20210910,0.0011784
20210911,0
20210912,0
20210913,0.0022477
20210914,0.036698
20210915,0
20210916,0.000786
20210917,0.0023568
20210918,0.0059178
20210919,0.0090741
20210920,0.0019561
20210921,6.766
20210922,5.8726
20210923,5.5652
20210924,0.067734
20210925,0.97841
20210926,0.00067206
20210927,0.25217
20210928,0.11842
20210929,0
20210930,0.0077061
20211001,0
20211002,0
20211003,1.5429
20211004,3.142
20211005,0.82374
20211006,0.018636
20211007,16.664
20211008,3.5458
20211009,0.63999
20211010,0.28104
20211011,0
20211012,0
20211013,0.00050841
20211014,0.00028389
20211015,0.0011816
20211016,0.04815
20211017,0.012292
20211018,0.0030036
20211019,0.0049949
20211020,0
20211021,0.0036767
20211022,0
20211023,0.0023329
20211024,0
20211025,0.96623
20211026,11.555
20211027,0.0001517
20211028,0.042629
20211029,0
20211030,0.50788
20211031,0.14477
20211101,0
20211102,0
20211103,0
20211104,0
20211105,0
20211106,0
20211107,0.00098487
20211108,1.2881
20211109,0.3918
20211110,0.17373
20211111,0
20211112,4.109
20211113,6.2508
20211114,0.00061371
20211115,0.3101
20211116,0.099673
20211117,0.0042597
20211118,0.015808
20211119,0.00031531
20211120,8.5163e-07
20211121,0.0022652
20211122,0.0075935
20211123,0.0038539
20211124,0
20211125,0
20211126,0.0055508
20211127,0
20211128,0
20211129,0.0013751
20211130,1.1685e-05
20211201,0.18412
20211202,0
20211203,0.72623
20211204,0.00039272
20211205,0.71945
20211206,1.2904
20211207,0.063434
20211208,0.0019961
20211209,17.358
20211210,29.001
20211211,33.152
20211212,8.3093
20211213,0.16581
20211214,0.1837
20211215,39.965
20211216,1.2858
20211217,6.7476
20211218,2.6944
20211219,1.6324
20211220,7.277
20211221,0.0013856
20211222,0.34789
20211223,10.845
20211224,8.5862
20211225,1.2424
20211226,8.6207
20211227,25.188
20211228,12.281
20211229,4.8384
20211230,0.072777
20211231,0.81589
20220101,0.031483
20220102,0
20220103,0.00016447
20220104,0.28374
20220105,0.47009
20220106,0.043421
20220107,0
20220108,0.044249
20220109,0.19872
20220110,0.86984
20220111,0.011124
20220112,0.040202
20220113,0.0064362
20220114,0.3292
20220115,0.0026141
20220116,0.0044208
20220117,0.0035489
20220118,1.9713e-12
20220119,1.0597e-09
20220120,0.061445
20220121,0
20220122,0
20220123,0.14605
20220124,0
20220125,0.00032395
20220126,0.000988
20220127,0
20220128,0.73764
20220129,0.93825
20220130,0
20220131,0.00032128
20220201,0
20220202,0
20220203,0
20220204,0
20220205,0
20220206,0
20220207,0.12513
20220208,0.71291
20220209,0.0045706
20220210,0.00025641
20220211,0.00012292
20220212,0.0097892
20220213,0.0011541
20220214,0.0022278
20220215,0
20220216,0
20220217,0.00056058
20220218,0.21297
20220219,0.0020482
20220220,0.036035
20220221,0.12618
20220222,0.18321
20220223,0.11533
20220224,0.28717
20220225,2.1086
20220226,4.531
20220227,0.21139
20220228,0
20220301,0
20220302,0
20220303,0.0039635
20220304,0
20220305,0.00034123
20220306,0.24205
20220307,2.7534
20220308,0.79379
20220309,0.083767
20220310,18.676
20220311,3.162
20220312,0
20220313,0.06445
20220314,0.014772
20220315,4.2665
20220316,11.579
20220317,3.0887
20220318,0.39313
20220319,0.19516
20220320,0.26373
20220321,0.0019548
20220322,0
20220323,0.00062988
20220324,13.712
20220325,3.9435
20220326,0
20220327,0.48165
20220328,2.4599
20220329,2.3328
20220330,4.4346
20220331,0.39683
20220401,0
20220402,0
20220403,0
20220404,0.73717
20220405,8.4639
20220406,0
20220407,0.0012403
20220408,0
20220409,0.01756
20220410,3.7605
20220411,0
20220412,0
20220413,0.44973
20220414,0.0027003
20220415,0.065157
20220416,0
20220417,0.53828
20220418,9.2014
20220419,0.01015
20220420,3.028
20220421,0.00038196
20220422,0
20220423,0.058478
20220424,5.0966
20220425,0.50379
20220426,0.00077808
20220427,0.080947
20220428,1.9196
20220429,0.083199
20220430,0
20220501,0.39225
20220502,0
20220503,0.31335
20220504,2.7826
20220505,2.6288
20220506,4.624
20220507,0
20220508,5.9255
20220509,2.1215
20220510,1.4533
20220511,27.143
20220512,4.5404
20220513,0.027677
20220514,0.010403
20220515,0.10805
20220516,0.20981
20220517,0
20220518,2.5995
20220519,42.358
20220520,30.697
20220521,1.094
20220522,0.2036
20220523,0.0099249
20220524,0.68703
20220525,0.28971
20220526,3.1839
20220527,11.593
20220528,16.676
20220529,2.0677
20220530,3.2887
20220531,0.61292
20220601,0.29314
20220602,4.2298
20220603,5.193
20220604,4.6353
20220605,0
20220606,0
20220607,0.039258
20220608,2.9796
20220609,4.3648
20220610,4.6881
20220611,6.0505
20220612,1.05
20220613,4.4916
20220614,4.0281
20220615,0.00022095
20220616,0.0071486
20220617,0
20220618,0
20220619,2.3652
20220620,0.45204
20220621,1.2767
20220622,2.8518
20220623,4.628
20220624,0.117
20220625,0
20220626,0.24425
20220627,0
20220628,0
20220629,0.0034621
20220630,0
20220701,0.0055302
20220702,6.5778
20220703,1.8445
20220704,7.4431
20220705,8.2034
20220706,3.7524
20220707,0.043534
20220708,0.0018327
20220709,0.0016799
20220710,0.0065149
20220711,0
20220712,0.00059525
20220713,4.3219e-07
20220714,0.013135
20220715,0.001615
20220716,0.002644
20220717,0.0032704
20220718,5.3472
20220719,0.0051612
20220720,0.051158
20220721,3.2565
20220722,4.6827
20220723,0.035021
20220724,0
20220725,0.006468
20220726,0.0037403
20220727,0
20220728,1.4026
20220729,7.3232
20220730,3.8653
20220731,1.5606
20220801,2.5188
20220802,5.0759
20220803,3.5268
20220804,0.00010655
20220805,0
20220806,0.3953
20220807,3.7102
20220808,5.1458
20220809,0.0024588
20220810,0.0071696
20220811,1.0316
20220812,0.00028076
20220813,0.91643
20220814,4.7954
20220815,0.28677
20220816,0.050011
20220817,0.31171
20220818,0.46809
20220819,0.0021649
20220820,0.0016006
20220821,0.14808
20220822,5.4572
20220823,2.7807
20220824,0
20220825,0.0055315
20220826,0.0022383
20220827,0
20220828,0.00078836
20220829,0
20220830,0
20220831,0.58485
20220901,1.6287
20220902,2.373
20220903,0.89871
20220904,0.01603
20220905,0.0076791
20220906,0.037061
20220907,12.301
20220908,2.2157
20220909,59.014
20220910,38.054
20220911,4.7444
20220912,1.7145
20220913,3.1632
20220914,0.11615
20220915,1.6773
20220916,1.2172
20220917,0
20220918,5.2332
20220919,1.1819
20220920,5.7736
20220921,8.1811
20220922,1.0969
20220923,0.53494
20220924,17.614
20220925,3.0332
20220926,0.0068501
20220927,3.1145
20220928,5.1418
20220929,0
20220930,0
20221001,0
20221002,0
20221003,0
20221004,0
20221005,1.3124
20221006,8.8947
20221007,23.399
20221008,51.032
20221009,0.98066
20221010,0
20221011,0.55784
20221012,0
20221013,0.0029374
20221014,0.0016382
20221015,0.14249
20221016,0.69308
20221017,0.26985
20221018,10.928
20221019,9.5953
20221020,4.2988
20221021,7.2364
20221022,3.5914
20221023,0.013646
20221024,0
20221025,0.032253
20221026,0.0048746
20221027,0.0013375
20221028,1.1509
20221029,0.8876
20221030,0.28733
20221031,0.20341
20221101,3.3305
20221102,29.419
20221103,43.958
20221104,0.46826
20221105,1.9965
20221106,0.62434
20221107,3.0097
20221108,1.4934
20221109,11.665
20221110,23.279
20221111,1.9849
20221112,8.0965
20221113,5.5659
20221114,0.11046
20221115,0.00973
20221116,0.19704
20221117,0.69757
20221118,4.1336
20221119,0.0087653
20221120,0
20221121,0.0051949
20221122,0.0014593
20221123,0
20221124,0.058267
20221125,7.6254e-08
20221126,0.20989
20221127,0.55138
20221128,4.2323
20221129,0.44552
20221130,0
20221201,2.0461
20221202,6.3024
20221203,14.557
20221204,8.0035
20221205,20.276
20221206,4.1453
20221207,1.882
20221208,6.1597
20221209,0.0006571
20221210,0
20221211,0.00068217
20221212,0.040494
20221213,0.0024443
20221214,0.10382
20221215,0
20221216,0.40217
20221217,1.2391
20221218,0
20221219,27.66
20221220,47.637
20221221,0.27767
20221222,0
20221223,0
20221224,0.00044395
20221225,0.00048362
20221226,0.30055
20221227,3.1978
20221228,0.0056821
20221229,0.0019405
20221230,0
20221231,0
20230101,0
20230102,0.00038206
20230103,0.20953
20230104,0.0010984
20230105,0
20230106,0.0001625
20230107,0.022945
20230108,11.52
20230109,17.669
20230110,8.3838
20230111,15.734
20230112,10.326
20230113,11.275
20230114,1.4079
20230115,10.543
20230116,9.1328
20230117,0.042579
20230118,0.76668
20230119,0.3016
20230120,0.0087824
20230121,0.85452
20230122,0.068963
20230123,3.5682
20230124,0.55047
20230125,1.5523
20230126,2.3261
20230127,0.17002
20230128,0.32326
20230129,0
20230130,0
20230131,0.0020255
20230201,0
20230202,0.012217
20230203,0.71433
20230204,0.00037127
20230205,0
20230206,0
20230207,0
20230208,1.0904
20230209,0.1272
20230210,0.040039
20230211,0.00042685
20230212,0
20230213,0.0003477
20230214,0.12594
20230215,0.16437
20230216,0
20230217,0
20230218,0
20230219,0.00031527
20230220,0
20230221,0.0021121
20230222,0
20230223,6.2273e-05
20230224,0
20230225,4.7671
20230226,0.74583
20230227,5.6094
20230228,2.9818
20230301,7.6725
20230302,30.657
20230303,38.412
20230304,1.1295
20230305,0.011557
20230306,0.019855
20230307,0.090023
20230308,0.00048613
20230309,0
20230310,0.13322
20230311,0.0009676
20230312,0.00052108
20230313,1.9159
20230314,0.0077046
20230315,0
20230316,0.18388
20230317,0.50182
20230318,0
20230319,0
20230320,0.00087859
20230321,0.0012235
20230322,0
20230323,0.002172
20230324,0.0027278
20230325,2.0292
20230326,2.7319
20230327,0.78058
20230328,0
20230329,8.8612e-05
20230330,1.2218
20230331,2.3372
20230401,1.7569
20230402,3.1215
20230403,2.5027
20230404,5.8621
20230405,0.15497
20230406,0
20230407,0.0032502
20230408,0
20230409,7.407e-06
20230410,0.0023223
20230411,0.077845
20230412,0.3864
20230413,0.0060734
20230414,0.19449
20230415,0.4979
20230416,1.1956
20230417,0
20230418,0.00013493
20230419,1.2466e-06
20230420,0.51091
20230421,0
20230422,0.0014069
20230423,0
20230424,0.0011644
20230425,0.45453
20230426,4.4969
20230427,0.00072097
20230428,2.3028
20230429,0.0015713
20230430,0.00075988
20230501,0.00066412
20230502,0.13302
20230503,6.9848
20230504,0.44226
20230505,0.26402
20230506,1.7315
20230507,3.9363
20230508,0.076296
20230509,0
20230510,2.564
20230511,8.882
20230512,5.059
20230513,4.5333
20230514,5.1204
20230515,30.573
20230516,3.51
20230517,0.26238
20230518,0.26723
20230519,0.2594
20230520,0
20230521,0.23535
20230522,0.0019242
20230523,0.18465
20230524,0.53574
20230525,10.424
20230526,2.6609
20230527,3.1924
20230528,0.0034998
20230529,0.65665
20230530,0.06625
20230531,0.00028633
20230601,0.69322
20230602,0.00086743
20230603,0
20230604,0.005273
20230605,0.0037672
20230606,2.2944
20230607,1.9421
20230608,4.4793
20230609,4.6247
20230610,4.4833
20230611,3.3622
20230612,0
20230613,0.58079
20230614,5.4913
20230615,9.0676
20230616,4.715
20230617,4.144
20230618,7.4057
20230619,1.6109
20230620,0.04715
20230621,0.0035554
20230622,0.54259
20230623,8.0622
20230624,0.58091
20230625,3.3403
20230626,2.0602
20230627,0.21166
20230628,14.323
20230629,2.1829
20230630,0
20230701,0.00092114
20230702,0
20230703,0.0008516
20230704,0.0022146
20230705,8.0222
20230706,6.8292
20230707,7.0667
20230708,1.6805
20230709,3.5323
20230710,0
20230711,0.16186
20230712,0.007575
20230713,0
20230714,0.11737
20230715,0.13984
20230716,0.82094
20230717,2.4934
20230718,1.9701
20230719,0
20230720,0.0082366
20230721,0
20230722,0
20230723,0.0023243
20230724,0.030477
20230725,4.6578
20230726,0.006702
20230727,0
20230728,0.0091898
20230729,0.65783
20230730,9.2532
20230731,0.84535
20230801,0.0080727
20230802,5.1913
20230803,6.0244
20230804,0.10184
20230805,0.0019859
20230806,1.0655
20230807,0.01018
20230808,0.089598
20230809,4.3786
20230810,0
20230811,0.0023044
20230812,3.2234
20230813,14.435
20230814,0.8632
20230815,0.003097
20230816,0
20230817,0.0068223
20230818,5.0984
20230819,15.233
20230820,14.806
20230821,13.408
20230822,21.024
20230823,13.523
20230824,3.8546
20230825,1.7252
20230826,6.7957
20230827,5.5735
20230828,0.05194
20230829,7.9645
20230830,13.428
20230831,0.00038321
20230901,0.00041993
20230902,1.0679
20230903,5.7309
20230904,3.8834
20230905,0
20230906,6.6403e-05
20230907,0.00055901
20230908,0.0021658
20230909,28.857
20230910,7.9035
20230911,5.007
20230912,2.6904
20230913,5.6391
20230914,5.0737
20230915,0
20230916,0.38447
20230917,0
20230918,0.0027291
20230919,0.12243
20230920,0.0093791
20230921,0.0072802
20230922,0
20230923,0.0051404
20230924,0
20230925,1.1417
20230926,14.447
20230927,76.194
20230928,4.6345
20230929,4.5952
20230930,1.0341
20231001,0.0016523
20231002,0.023341
20231003,0
20231004,0.00023235
20231005,1.1234
20231006,0.021727
20231007,0
20231008,0.00093913
20231009,0.00084885
20231010,0
20231011,0.082622
20231012,4.6355
20231013,1.3694
20231014,0
20231015,0.058988
20231016,0.56443
20231017,0.0014433
20231018,0
20231019,0.22092
20231020,0.73038
20231021,0.00040262
20231022,1.7366
20231023,2.1058
20231024,0.0051772
20231025,0.1746
20231026,0.84519
20231027,0
20231028,0.021748
20231029,0
20231030,4.8017e-05
20231031,0.44551
20231101,0.014306
20231102,0.00035325
20231103,0.8576
20231104,2.357
20231105,0
20231106,8.6268e-05
20231107,1.9738
20231108,0.022356
20231109,5.6247
20231110,0.088599
20231111,8.8591e-08
20231112,5.8027e-06
20231113,0.074714
20231114,0.65049
20231115,0.67858
20231116,0
20231117,0.032729
20231118,0.11992
20231119,0.50852
20231120,4.3223
20231121,17.152
20231122,1.8705
20231123,4.334
20231124,0.49461
20231125,0.2778
20231126,3.4179
20231127,4.8861
20231128,0.047227
20231129,0
20231130,0.13142
20231201,12.674
20231202,5.7272
20231203,16.602
20231204,5.3768
20231205,0.00046577
20231206,0.0036177
20231207,1.1768e-08
20231208,0
20231209,2.0404
20231210,0.0077152
20231211,1.9912
20231212,3.264e-05
20231213,0
20231214,0.063473
20231215,1.1252
20231216,0.00059364
20231217,0
20231218,0.060313
20231219,1.155
20231220,0
20231221,0.018765
20231222,0.22121
20231223,0.41668
20231224,0.34852
20231225,5.7014
20231226,3.4134
20231227,0.9268
20231228,0.15786
20231229,0
20231230,0.0069723
20231231,0.011346
20240101,0.0050971
20240102,0.00063014
20240103,0.21027
20240104,0.0014264
20240105,0.00014347
20240106,0.013177
20240107,3.105
20240108,0.057313
20240109,0.10343
20240110,0.056557
20240111,0.57758
20240112,0.013362
20240113,7.7521
20240114,0.81317
20240115,0.012558
20240116,0.013066
20240117,0.00034547
20240118,0.0044689
20240119,0.00028605
20240120,0
20240121,0.00018346
20240122,0.0011812
20240123,5.8122
20240124,8.0508
20240125,2.9745
20240126,0.001943
20240127,0
20240128,0.59749
20240129,0.0038426
20240130,0
20240131,8.8894
20240201,8.8958
20240202,0.062912
20240203,1.3836
20240204,0.00058843
20240205,0.0010753
20240206,0.0013474
20240207,0.0011705
20240208,0.012189
20240209,0.04914
20240210,0.075415
20240211,0.34517
20240212,0.21433
20240213,0
20240214,0.037989
20240215,2.5177
20240216,0
20240217,0.38745
20240218,0
20240219,0.04041
20240220,0.053304
20240221,0.60714
20240222,0.001394
20240223,0.033066
20240224,1.1136
20240225,0.00047547
20240226,0.026176
20240227,0.027767
20240228,0.00034892
20240229,4.6438
20240301,2.3758
20240302,2.6875
20240303,0.18222
20240304,5.2203
20240305,5.2253
20240306,0.5809
20240307,0.088321
20240308,0.0010963
20240309,0.0011458
20240310,0.022488
20240311,0.40562
20240312,3.4937
20240313,1.8072
20240314,9.7359
20240315,2.0507
20240316,0.26802
20240317,0
20240318,0.00081992
20240319,0
20240320,0.01663
20240321,0.04788
20240322,1.3551
20240323,0.89282
20240324,1.2917
20240325,1.3978
20240326,0.74049
20240327,2.6548
20240328,0.16859
20240329,0.001364
20240330,0.3912
20240331,0.0014258
20240401,0
20240402,0
20240403,0
20240404,0
20240405,0.027749
20240406,0.66397
20240407,0.00014576
20240408,0
20240409,0.002683
20240410,17.458
20240411,2.53
20240412,7.6818e-05
20240413,7.649
20240414,0
20240415,4.2719
20240416,4.9028
20240417,0.11655
20240418,0.086565
20240419,2.8939
20240420,6.5807
20240421,0.60652
20240422,3.0434
20240423,5.2863
20240424,9.8024
20240425,0
20240426,0
20240427,0.0011383
20240428,7.4347
20240429,3.928
20240430,2.1889
20240501,4.426
20240502,8.0774
20240503,1.8907
20240504,1.7517
20240505,3.7098
20240506,1.4706
20240507,0.21029
20240508,0.76671
20240509,5.0078
20240510,8.4449
20240511,17.076
20240512,25.642
20240513,14.426
20240514,4.7388
20240515,3.3215
20240516,1.018
20240517,0.48672
20240518,0.085144
20240519,0
20240520,0.0062228
20240521,0.14167
20240522,6.301
20240523,0.11327
20240524,0.0019576
20240525,0
20240526,0
20240527,0.00053192
20240528,1.9515
20240529,3.2205
20240530,6.9276
20240531,20.628
20240601,1.6597
20240602,0
20240603,2.8279
20240604,7.3504
20240605,3.5913
20240606,0
20240607,1.6509
20240608,1.8782
20240609,1.2367
20240610,3.469
20240611,0.0019863
20240612,2.8086
20240613,20.504
20240614,0.71667
20240615,0
20240616,0.15413
20240617,0.51869
20240618,18.851
20240619,0.18064
20240620,0.03454
20240621,5.728
20240622,21.951
20240623,5.6438
20240624,0.42073
20240625,4.7037
20240626,3.6169
20240627,3.8868
20240628,5.6444
20240629,3.7183
20240630,4.8242
20240701,4.7205
20240702,4.0253
20240703,0.0064893
20240704,0.0018958
20240705,0.00057529
20240706,0
20240707,0.58073
20240708,0.38679
20240709,0
20240710,0.0036844
20240711,0
20240712,0.49809
20240713,0.23899
20240714,0.0095797
20240715,2.9367
20240716,0.00064656
20240717,0.0038349
20240718,1.0896
20240719,0.0024978
20240720,0
20240721,0.01046
20240722,6.2358
20240723,0.27994
20240724,12.979
20240725,2.8891
20240726,0.64902
20240727,0.3147
20240728,0.00032834
20240729,0.0064677
20240730,0.0030605
20240731,2.6834
20240801,0.00021022
20240802,0.00083256
20240803,0.0063496
20240804,5.6695
20240805,7.2482
20240806,0.0025947
20240807,0.0026413
20240808,0.0047057
20240809,0.39428
20240810,6.0781
20240811,5.9484
20240812,0.0012279
20240813,0.30953
20240814,0.47564
20240815,0
20240816,0.74266
20240817,0.0076501
20240818,0
20240819,0.0075434
20240820,0.00063191
20240821,7.5834
20240822,0.62468
20240823,0
20240824,0
20240825,0.0095393
20240826,0.00681
20240827,0
20240828,0.0079092
20240829,0
20240830,0.00056696
20240831,0.0012334
20240901,0.064682
20240902,5.4084
20240903,2.9534
20240904,0.0010173
20240905,0
20240906,3.6949
20240907,2.9453
20240908,10.282
20240909,0.00016834
20240910,0.0015978
20240911,0.50341
20240912,0
20240913,5.7185e-05
20240914,0.0058869
20240915,0
20240916,0.0027358
20240917,0.00096898
20240918,11.411
20240919,0.17882
20240920,2.1913
20240921,9.5837
20240922,46.399
20240923,0.1224
20240924,0
20240925,0.00096255
20240926,0.003809
20240927,0
20240928,0.33078
20240929,45.927
20240930,3.4796
20241001,3.7334
20241002,14.791
20241003,6.5356
20241004,0.002302
20241005,0.04059
20241006,0.73172
20241007,0.54722
20241008,0.0010817
20241009,0
20241010,0
20241011,0.0012564
20241012,0.00089278
20241013,0
20241014,0
20241015,0.0018339
20241016,0
20241017,0.00153
20241018,0.00058812
20241019,0.28473
20241020,0.044594
20241021,4.2202
20241022,9.6025
20241023,64.013
20241024,73.423
20241025,0.2032
20241026,0.010269
20241027,4.0692
20241028,0.072533
20241029,0.11491
20241030,1.7539
20241031,2.2235
20241101,33.653
20241102,0.69283
20241103,0
20241104,5.6664
20241105,2.0183
20241106,0.069976
20241107,1.7485
20241108,2.3262
20241109,0.12952
20241110,0.00086317
20241111,0.013352
20241112,0
20241113,0
20241114,0.20185
20241115,0.80941
20241116,0.35158
20241117,5.3317e-05
20241118,0.006462
20241119,0.4832
20241120,1.1115
20241121,8.4336
20241122,3.4907
20241123,4.9592
20241124,7.1467
20241125,0.50431
20241126,0.34856
20241127,3.9915e-06
20241128,0.29507
20241129,0.01948
20241130,2.1816
20241201,0.056104
20241202,0
20241203,0.028367
20241204,0.00033776
20241205,0
20241206,0
20241207,0.065801
20241208,0.00055155
20241209,0.10128
20241210,0.0073449
20241211,0.075634
20241212,0.0031164
20241213,0.00078541
20241214,0.44664
20241215,0.17074
20241216,0.10289
20241217,0.0010104
20241218,0.27341
20241219,0.00087193
20241220,0.001891
20241221,0
20241222,0.036762
20241223,0.001248
20241224,0
20241225,0
20241226,0
20241227,0.0022466
20241228,0.15304
20241229,0.14902
20241230,0.0097206
20241231,0
20250101,3.5895
20250102,0.015339
20250103,0.64942
20250104,0.14071
20250105,0.10158
20250106,1.5289
20250107,0
20250108,0.00026622
20250109,2.6057e-06
20250110,0.00049205
20250111,0.049894
20250112,0.56523
20250113,0.00083261
20250114,0
20250115,0.0010009
20250116,0
20250117,0
20250118,0.00030131
20250119,0.0012604
20250120,0.24069
20250121,0.026431
20250122,0
20250123,3.089
20250124,0.13555
20250125,0.027073
20250126,0.28688
20250127,1.6239
20250128,0
20250129,0.48521
20250130,1.1462
20250131,0.022317
20250201,0
20250202,0
20250203,0.0017323
20250204,0.2539
20250205,2.8518
20250206,0.00050642
20250207,0
20250208,14.444
20250209,50.043
20250210,3.2253
20250211,0.39113
20250212,0.56497
20250213,6.7143
20250214,17.608
20250215,23.073
20250216,0.76927
20250217,0.18711
20250218,0
20250219,0.00084643
20250220,0.0019222
20250221,0
20250222,0.00067021
20250223,0.00011924
20250224,0.064611
20250225,19.216
20250226,12.879
20250227,76.684
20250228,7.2905
20250301,0.31056
20250302,0
20250303,0.12912
20250304,0.0020825
20250305,8.9593
20250306,2.4482
20250307,0.028356
20250308,0.78855
20250309,0.76176
20250310,0
20250311,0.00081594
20250312,1.7455
20250313,0.21069
20250314,0.034823
20250315,0.0036394
20250316,0.27751
20250317,2.3162
20250318,0.04079
20250319,8.5159e-07
20250320,0.0015435
20250321,1.1836
20250322,0.004135
20250323,1.4936
20250324,1.4176
20250325,3.625
20250326,3.2519
20250327,2.52
20250328,0.040374
20250329,0.0027181
20250330,0.00022548
20250331,0
20250401,1.2094
20250402,0.00046325
20250403,0.00018717
20250404,0.63127
20250405,0.010214
20250406,0.66386
20250407,3.3732
20250408,15.804
20250409,2.8902
20250410,0
20250411,6.6219e-05
20250412,0.017162
20250413,0
20250414,2.8556
20250415,0.12951
20250416,2.2462e-05
20250417,24.508
20250418,52.377
20250419,0.61823
20250420,10.429
20250421,6.7833
20250422,3.5081
20250423,0.065364
20250424,0.22089
20250425,7.8616
20250426,0.0013572
20250427,0
20250428,2.4181
20250429,15.53
20250430,0.98359
20250501,0.57501
20250502,0.92462
20250503,4.7249
20250504,1.3144
20250505,8.9727
20250506,9.1534
20250507,6.3538
20250508,0.28968
20250509,4.4566e-07
20250510,0.00097284
20250511,0.010351
20250512,0.2287
20250513,0.56124
20250514,0
20250515,5.1345
20250516,7.6387
20250517,6.495
20250518,0.39273
20250519,7.591
20250520,0.065381
20250521,0
20250522,0.88373
20250523,0.51108
20250524,0
20250525,0
20250526,1.8069
20250527,1.5999
20250528,2.261
20250529,0.84068
20250530,0
20250531,0
20250601,0.10934
20250602,0.044124
20250603,4.9756
20250604,7.8988
20250605,5.066
20250606,0.22361
20250607,0.0029178
20250608,0
20250609,0
20250610,0.0036329
20250611,0.00073085
20250612,0.0080591
20250613,0.017507
20250614,6.6981
20250615,5.6247
20250616,3.5223
20250617,1.9044
20250618,0
20250619,0.1985
20250620,0.82412
20250621,1.0378
20250622,6.7095
20250623,2.0149e-06
20250624,0.010375
20250625,2.5846
20250626,11.074
20250627,6.6491
20250628,4.4798
20250629,3.7307
20250630,4.089
20250701,0.00016047
20250702,0.0013272
20250703,0.00082098
20250704,0.033363
20250705,12.746
20250706,1.5922
20250707,6.4184
20250708,0
20250709,0.26811
20250710,12.431
20250711,0
20250712,0.0010541
20250713,0.46284
20250714,13.682
20250715,6.5733
20250716,5.7541
20250717,2.9458
20250718,0
20250719,0.0098175
20250720,0.056149
20250721,0.48567
20250722,3.9095
20250723,11.045
20250724,9.7118
20250725,0.0015725
20250726,9.2921
20250727,0.15615
20250728,0
20250729,0.0023312
20250730,1.9628
20250731,1.4439
20250801,6.719
20250802,3.2099
20250803,0.048165
20250804,1.768
20250805,4.024
20250806,3.324
20250807,0.34503
20250808,0.0034984
20250809,0.00071601
20250810,0.12058
20250811,1.9183
20250812,4.43
20250813,3.286
20250814,0
20250815,2.1863
20250816,2.7171
20250817,0.94299
20250818,5.0331
20250819,1.7492
20250820,0.00074954
20250821,1.2704
20250822,7.7274
20250823,1.7663
20250824,0.049745
20250825,0.0032648
20250826,0.005137
20250827,0
20250828,0
20250829,0.0018586
20250830,0.011752
20250831,0
20250901,0.5903
20250902,6.5642
20250903,8.057
20250904,2.6595
20250905,1.6634
20250906,5.1887
20250907,0.42031
20250908,4.2836
20250909,0.357
20250910,0.48865
20250911,0.10619
20250912,6.7093
20250913,6.1558
20250914,2.1595
20250915,7.0007
20250916,0.00091765
20250917,2.3639
20250918,0.57065
20250919,3.5108
20250920,8.4784
20250921,0.039114
20250922,1.6934
20250923,3.7698
20250924,2.829
20250925,0
20250926,0.0040958
20250927,0.0028498
20250928,0.019131
20250929,0.005137
20250930,0
20251001,0.079425
20251002,0
20251003,0.0015255
20251004,1.9023
20251005,0.010799
20251006,0.77197
20251007,3.5601
20251008,0
20251009,0.41299
20251010,1.0094
20251011,0.51816
20251012,1.0271
20251013,0.93177
20251014,0.86072
20251015,0
20251016,5.1125
20251017,2.4527
20251018,1.0903
20251019,1.0322e-06
20251020,1.8218e-06
20251021,0.12639
20251022,0.00036976
20251023,0.0090025
20251024,4.4898e-06
20251025,0.0057671
20251026,0.00059937
20251027,5.4068e-07
20251028,0.32272
20251029,0.0030777
20251030,1.696
20251031,0.54938
20251101,0.0016795
20251102,0.00033547
20251103,0.18764
20251104,0.41884
20251105,0
20251106,0.00031298
20251107,0.23755
20251108,7.8513
20251109,1.9038
20251110,0.11662
20251111,0.0015866
20251112,0.0011414
20251113,2.4743
20251114,0.24346
20251115,0.37287
20251116,0.87499
20251117,0.11735
20251118,1.7385
20251119,5.5262e-05
20251120,0.0062888
20251121,7.9774
20251122,8.9237
20251123,20.972
20251124,1.3124
20251125,0
20251126,0
20251127,0.0061996
20251128,0.0024259
20251129,0.025002
20251130,1.3809
20251201,1.8573
20251202,17.183
20251203,0.98985
20251204,0.00050336
20251205,3.6817
20251206,0.48465
20251207,0.00068251
20251208,0
20251209,1.56
20251210,0.00069939
20251211,0
20251212,0
20251213,0.00062432
20251214,6.7083e-05
20251215,0
20251216,0
20251217,0.0018274
20251218,0.00011409
20251219,0.0056995
20251220,3.0894
20251221,2.436
20251222,0.042783
20251223,0
20251224,0.0018296
20251225,0.0018951
20251226,0.0024392
20251227,0
20251228,0.001311
20251229,0
20251230,0
20251231,0.0045493
20260101,0
20260102,0.085577
20260103,2.3531e-05
20260104,0.050167
20260105,0.05839
20260106,0.052778
20260107,0.089977
20260108,0.078617
20260109,0.0008124
20260110,0.00031464
20260111,0
20260112,0.0013657
20260113,0.28301
20260114,0.17526
20260115,0.06956
20260116,0
20260117,3.3103e-05
20260118,0.0031092
20260119,0
20260120,0.00022048
20260121,4.7678
20260122,0.40757
20260123,0.26555
20260124,0.23054
20260125,3.6821
20260126,0.16485
20260127,0.18024
20260128,9.7393
20260129,0.00071571
20260130,3.5784
20260131,0.0033537
20260201,1.1625
20260202,0
20260203,0.048508
20260204,3.1173e-09
20260205,0.0026813
20260206,0
20260207,0.00067954
20260208,10.703
20260209,1.0113
20260210,4.9516
20260211,1.2019
20260212,0
20260213,0.46157
20260214,0.019093
20260215,2.3677
20260216,0
20260217,0
20260218,1.0703
20260219,0
20260220,0.1957
20260221,3.6921
20260222,6.8462
20260223,0.062822
20260224,0
20260225,0.00084899
20260226,0.24477
20260227,8.3314
20260228,0.007112
20260301,0
20260302,0.3583
20260303,0.00018681
20260304,0.014021
20260305,0.0030015
20260306,0.13591
20260307,1.3404
20260308,0
20260309,1.2372
20260310,0
20260311,0.47557
20260312,1.0178
20260313,0.32076
20260314,0
20260315,4.061
20260316,6.2597
20260317,3.1329
20260318,7.7975
20260319,16.542
20260320,7.8234
20260321,54.675
20260322,0.5011
20260323,0.015542
20260324,0.00025672
20260325,0
20260326,0
20260327,28.38
20260328,51.92
20260329,4.5261
20260330,2.705
20260331,2.064
20260401,0.89842
20260402,0
20260403,1.4229
20260404,0.67482
20260405,0.11737
20260406,0.00036375
20260407,0.11371
20260408,2.2018
20260409,0.083758
20260410,4.352
20260411,27.091
20260412,0.0011573
20260413,8.9362
20260414,5.5479
20260415,5.9311
20260416,3.9015e-06
20260417,0
20260418,11.952
20260419,1.5166
20260420,5.9444
20260421,2.3703
20260422,0.55729
20260423,3.2538
20260424,0.32004
20260425,0.075872
20260426,0.30431
20260427,0.75691
20260428,0.02942
20260429,0.074739
20260430,15.53
20260501,0.12842
20260502,8.3741
20260503,1.2429
20260504,1.1169
20260505,0.16027
20260506,0.31016
20260507,0.10043
20260508,0.0069412
20260509,0.23448
20260510,0.31635
20260511,2.1644
20260512,0.0010252
20260513,0
20260514,0.0085456
20260515,3.5859
20260516,7.9565
20260517,5.1894
20260518,0.26883
20260519,0.1216
20260520,0.17869
20260521,0.0032856
20260522,0.0005603
20260523,0
20260524,0.001262
20260525,0
20260526,3.434
20260527,0.23116
20260528,0.3143
20260529,1.6849
20260530,4.2261
20260531,1.0079
20260601,3.1704
20260602,1.3916
20260603,0.00089588
20260604,0.018108
20260605,0
20260606,1.7106
20260607,6.8409
20260608,8.6046
20260609,0
20260610,0.10633
20260611,0.064665
20260612,1.9456
20260613,0.85777
20260614,1.0882
20260615,0
20260616,4.0508
20260617,6.689
20260618,0
20260619,0
20260620,0.0024698
20260621,0.0052761
20260622,0
20260623,3.0133
20260624,1.0037
20260625,1.4812
20260626,0.52007
20260627,0.40091
20260628,0.81422
20260629,0.12318
20260630,0.11424
20260701,0.9696
20260702,10.033
20260703,10.55
20260704,0
20260705,6.0432
20260706,11.757
20260707,6.1493
20260708,0.01766
20260709,0.24653
20260710,1.0535
20260711,0
20260712,0.15551
20260713,4.6729
20260714,5.7325
20260715,5.1357
20260716,0.013171
20260717,2.6832
20260718,1.7276
20260719,0.0070276
20260720,0.004524
20260721,0.018314
20260722,8.4065
20260723,0.49766
20260724,0.017444
20260725,0
20260726,0.16495
20260727,0.23995
20260728,5.2489
20260729,14.255
20260730,1.5423
20260731,2.7917
20260801,0.0043299
20260802,0.0024475
20260803,4.2015
20260804,0.046608
20260805,0
20260806,0.093407
20260807,0.0014307
20260808,0.045356
20260809,0.020117
20260810,0.78535
20260811,2.0563
20260812,4.0176
20260813,0.0066592
20260814,0
20260815,8.2212
20260816,26
20260817,11.997
20260818,9.5767
20260819,6.4962
20260820,0.85466
20260821,2.8087
20260822,0.08645
20260823,0.11827
20260824,3.4681
20260825,2.0415
20260826,0.0056155
20260827,0
20260828,0
20260829,0.070587
20260830,15.97
20260831,2.8989
20260901,16.22
20260902,2.0985
20260903,0.00077594
20260904,2.2265
20260905,0
20260906,0.0013525
20260907,0
20260908,0.0017705
20260909,0
20260910,0
20260911,0.0034178
20260912,4.6876e-05
20260913,0
20260914,0
20260915,2.6701
20260916,0
20260917,0
20260918,2.3829
20260919,0
20260920,0.0033621
20260921,0.0038092
20260922,0
20260923,0.0022516
20260924,0.006108
20260925,0.039621
20260926,0.026494
20260927,0.055252
20260928,0
20260929,7.51
20260930,0.25718
20261001,0.00027709
20261002,0.015145
20261003,1.8576
20261004,3.7173
20261005,2.9245
20261006,4.3904
20261007,9.6813
20261008,1.1647
20261009,0.94857
20261010,3.627
20261011,3.5577
20261012,5.2778
20261013,4.8298
20261014,0.13275
20261015,0
20261016,0.00025697
20261017,0.0014555
20261018,2.1144
20261019,0
20261020,0
20261021,0.00027334
20261022,0.00097058
20261023,0.043265
20261024,0.0028002
20261025,0
20261026,1.4455
20261027,2.9593
20261028,3.8408
20261029,4.7559
20261030,0.080032
20261031,27.255
20261101,45.297
20261102,20.994
20261103,3.6809
20261104,0.2011
20261105,0.073155
20261106,0.00020209
20261107,0.00022547
20261108,0
20261109,0.001212
20261110,0
20261111,0
20261112,2.2304e-05
20261113,0.0010601
20261114,0.00090243
20261115,0
20261116,0
20261117,0
20261118,0.0015384
20261119,0.13323
20261120,0.0017265
20261121,0.00050483
20261122,0.17316
20261123,0
20261124,0.75305
20261125,0.80862
20261126,0.57419
20261127,0.022812
20261128,0.0075203
20261129,0.00022206
20261130,0.002281
20261201,0
20261202,0
20261203,0
20261204,0
20261205,0
20261206,0
20261207,0
20261208,0
20261209,0
20261210,0
20261211,0
20261212,0
20261213,0
20261214,0
20261215,0
20261216,0
20261217,0
20261218,0
20261219,0
20261220,0
20261221,0
20261222,0
20261223,0
20261224,1.059
20261225,2.0572
20261226,0.36315
20261227,0.012514
20261228,0.012147
20261229,0
20261230,2.2664
20261231,0.97214
20270101,42.797
20270102,10.438
20270103,0.2614
20270104,0.0064636
20270105,0
20270106,0.0025645
20270107,0.00097625
20270108,0
20270109,0.00070472
20270110,0
20270111,0
20270112,0.0021391
20270113,0.00027662
20270114,4.4424
20270115,5.0328
20270116,19.11
20270117,13.071
20270118,66.98
20270119,22.778
20270120,5.9214
20270121,1.6874
20270122,15.277
20270123,40.601
20270124,27.402
20270125,12.536
20270126,0.87013
20270127,0.755
20270128,2.5349
20270129,24.27
20270130,3.411
20270131,0.36319
20270201,0.70386
20270202,0.032327
20270203,10.031
20270204,0.00060798
20270205,0.037674
20270206,2.3054
20270207,0.090173
20270208,3.9809
20270209,7.6268
20270210,0.38866
20270211,0.00019307
20270212,0.097105
20270213,0
20270214,0
20270215,0.035636
20270216,0
20270217,0.17768
20270218,0.0016585
20270219,0.010479
20270220,4.2493e-05
20270221,0.00038021
20270222,4.1598e-06
20270223,0.0002262
20270224,0
20270225,0.18282
20270226,0.1903
20270227,0.19227
20270228,3.8559
20270301,0
20270302,5.8022
20270303,5.6204
20270304,2.0534
20270305,10.823
20270306,48.711
20270307,35.951
20270308,4.3047
20270309,0
20270310,0.0013961
20270311,0
20270312,3.9835
20270313,0.47811
20270314,4.9129
20270315,0.51368
20270316,0
20270317,0.0030191
20270318,3.1309
20270319,41.801
20270320,0
20270321,0.68952
20270322,3.9429
20270323,0
20270324,0.16533
20270325,1.2264
20270326,0.014584
20270327,5.4572
20270328,11.746
20270329,1.5078
20270330,0.00069623
20270331,0
20270401,0.25078
20270402,10.528
20270403,0
20270404,0.00064661
20270405,9.5048
20270406,18.001
20270407,1.2123
20270408,0.23756
20270409,0.40886
20270410,0.32476
20270411,1.6119
20270412,1.6129
20270413,1.7061
20270414,0.44226
20270415,0.89569
20270416,0.002112
20270417,0
20270418,1.6167
20270419,0.0046759
20270420,0.51791
20270421,0.057232
20270422,1.922
20270423,2.6215
20270424,4.1799
20270425,2.6637
20270426,1.2657
20270427,1.6782
20270428,0.7527
20270429,0.00038545
20270430,0.0023265
20270501,0.13732
20270502,0.00077756
20270503,0.02602
20270504,2.0271
20270505,43.698
20270506,4.508
20270507,0.079424
20270508,0.92294
20270509,0.20033
20270510,0.0053957
20270511,0
20270512,0.1866
20270513,0.11235
20270514,0.0068379
20270515,8.2667e-05
20270516,5.1902
20270517,0
20270518,0.0023164
20270519,0.088104
20270520,3.4411
20270521,8.5682
20270522,0.0074974
20270523,0.42617
20270524,1.5053
20270525,6.1794
20270526,13.327
20270527,6.6624
20270528,0.3504
20270529,4.5699
20270530,1.8391
20270531,4.4396
20270601,0.648
20270602,6.9441
20270603,8.0117
20270604,1.7391
20270605,1.6622
20270606,3.9253
20270607,7.9565
20270608,3.792
20270609,0.0071145
20270610,1.3773
20270611,0.71617
20270612,7.5041
20270613,0.022202
20270614,0.22606
20270615,0.0011501
20270616,2.6067
20270617,0.29998
20270618,0.1989
20270619,43.405
20270620,15.437
20270621,2.7281
20270622,3.9402
20270623,1.1747
20270624,0
20270625,1.5581
20270626,14.725
20270627,0.63806
20270628,1.1669
20270629,4.5212
20270630,2.5965
20270701,5.2844
20270702,0.071253
20270703,0.61541
20270704,0
20270705,0.0016631
20270706,0
20270707,0.0054998
20270708,0.0017246
20270709,1.5358e-09
20270710,0.00045979
20270711,3.1401
20270712,0.77333
20270713,7.4287
20270714,11.244
20270715,10.628
20270716,6.8821
20270717,1.671
20270718,2.4725
20270719,5.1001
20270720,9.1958
20270721,9.014
20270722,6.429
20270723,2.4121
20270724,0.0046899
20270725,0.016917
20270726,8.7699
20270727,5.2333
20270728,0.021221
20270729,1.7823
20270730,0
20270731,0.068701
20270801,2.8032
20270802,0.21352
20270803,4.0206
20270804,1.0814
20270805,1.3882
20270806,0.002865
20270807,0.80039
20270808,5.9737
20270809,0.0007196
20270810,0.88682
20270811,0.0017464
20270812,0.42115
20270813,0.00020251
20270814,0.00031041
20270815,2.6659
20270816,0.4284
20270817,3.8094
20270818,2.0288
20270819,0.0013444
20270820,0.02663
20270821,3.9293
20270822,4.9108
20270823,11.122
20270824,0
20270825,0
20270826,2.9517
20270827,8.8716
20270828,7.2922
20270829,6.378
20270830,0.3028
20270831,0
20270901,1.6082
20270902,0.00089518
20270903,0.0002074
20270904,0.0022617
20270905,1.5874
20270906,7.9476
20270907,1.8787
20270908,3.2024
20270909,0
20270910,0.0038519
20270911,0.98554
20270912,0.0051514
20270913,0.0077154
20270914,0
20270915,0.4748
20270916,0.01218
20270917,0.075591
20270918,0.0029726
20270919,3.741
20270920,1.6618
20270921,0.080712
20270922,0.074093
20270923,1.0251
20270924,19.919
20270925,1.5992
20270926,28.29
20270927,2.2954
20270928,0.37444
20270929,0
20270930,2.5042
20271001,4.8564
20271002,13.065
20271003,0.66131
20271004,0.13487
20271005,0.15781
20271006,1.9228
20271007,0.0041726
20271008,0
20271009,7.0731e-05
20271010,0.0016339
20271011,0.023576
20271012,0
20271013,27.056
20271014,67.405
20271015,2.7069
20271016,9.1171
20271017,0.065803
20271018,0.002
20271019,0.23264
20271020,0.4852
20271021,0.031303
20271022,3.8137
20271023,0.12325
20271024,0.05728
20271025,0.17969
20271026,15.505
20271027,0.79425
20271028,0.0087796
20271029,1.8602
20271030,0.077037
20271031,0.17064
20271101,0.21683
20271102,0
20271103,0.00073508
20271104,0
20271105,0.00252
20271106,0
20271107,0.005934
20271108,0
20271109,2.703e-05
20271110,0.2914
20271111,2.7009
20271112,2.5759
20271113,3.8173
20271114,0.11861
20271115,27.435
20271116,17.419
20271117,0.003204
20271118,0.30961
20271119,0.0015395
20271120,0
20271121,0.0022751
20271122,2.9287
20271123,15.363
20271124,0.20238
20271125,1.8806
20271126,2.0522
20271127,0
20271128,0.0027176
20271129,10.127
20271130,19.545
20271201,0.58623
20271202,8.5747
20271203,0.046643
20271204,2.8565
20271205,0.00092629
20271206,1.6066
20271207,0.58449
20271208,0.30199
20271209,0
20271210,0.01886
20271211,0.24168
20271212,2.9821
20271213,0.0084948
20271214,0.40263
20271215,0.12872
20271216,0
20271217,0.68953
20271218,1.5635
20271219,0.0026374
20271220,0
20271221,0.0061337
20271222,0
20271223,0.02119
20271224,0.0049801
20271225,0.79969
20271226,0.11345
20271227,0.38772
20271228,0.0011321
20271229,0.0022822
20271230,0
20271231,0.02499
20280101,0
20280102,0
20280103,0.079557
20280104,0.041832
20280105,0.095051
20280106,0.0019893
20280107,0
20280108,0.027528
20280109,1.1161
20280110,0.059304
20280111,7.3052
20280112,0.0038899
20280113,0.037289
20280114,0.010122
20280115,0.076513
20280116,0.016593
20280117,0
20280118,0.0001079
20280119,0.00021509
20280120,0
20280121,0.0012835
20280122,0
20280123,0.0024976
20280124,0
20280125,0.00088984
20280126,0
20280127,0.014828
20280128,0.00030692
20280129,0.0038497
20280130,0.00048435
20280131,0.0045827
20280201,0
20280202,9.7789
20280203,6.0882
20280204,1.1772
20280205,2.6092
20280206,0.024037
20280207,0
20280208,0
20280209,0.21635
20280210,0.0075718
20280211,0.098697
20280212,0.00051759
20280213,2.1504
20280214,1.8161
20280215,0.00021453
20280216,0
20280217,0.0010139
20280218,0
20280219,2.4517
20280220,5.0054
20280221,1.4679
20280222,0.9823
20280223,3.8178
20280224,6.1893
20280225,0
20280226,0.0079832
20280227,1.8085
20280228,12.48
20280229,1.8138
20280301,5.9309
20280302,2.7516
20280303,0.0050573
20280304,0.48585
20280305,0.21946
20280306,0.0060897
20280307,0.87608
20280308,0
20280309,5.2024
20280310,0.90811
20280311,0.00032953
20280312,1.3299
20280313,0.059851
20280314,0.024768
20280315,0.0027298
20280316,0
20280317,2.5092e-06
20280318,0.024771
20280319,1.8941
20280320,0
20280321,0.0022176
20280322,0
20280323,0.0035215
20280324,0
20280325,0.0036157
20280326,0
20280327,0.0013622
20280328,0.0016616
20280329,0.60512
20280330,0.72335
20280331,4.768
20280401,49.823
20280402,17.361
20280403,23.512
20280404,1.0017
20280405,0.81089
20280406,0
20280407,4.3344
20280408,5.1116
20280409,1.7782
20280410,39.004
20280411,0.00020792
20280412,0.13822
20280413,0.37289
20280414,2.2761
20280415,1.2384
20280416,0.00022088
20280417,0
20280418,1.326
20280419,0.0038766
20280420,0
20280421,0
20280422,0
20280423,1.0854
20280424,0.005031
20280425,0.021562
20280426,0.16351
20280427,10.532
20280428,0.075889
20280429,0.0020885
20280430,0
20280501,0.15952
20280502,3.315
20280503,1.5099
20280504,0.0076147
20280505,0.40317
20280506,0.00087422
20280507,0.11955
20280508,5.1127
20280509,0
20280510,0
20280511,0.25045
20280512,2.7033
20280513,0.018512
20280514,5.7016
20280515,9.1494
20280516,5.0931
20280517,0.0015062
20280518,3.0531
20280519,1.0412
20280520,6.6894
20280521,0.036536
20280522,0
20280523,0.00022688
20280524,6.2098
20280525,0
20280526,0.0016652
20280527,0.00020686
20280528,0
20280529,4.1741
20280530,3.8994
20280531,26.778
20280601,12.719
20280602,21.696
20280603,19.117
20280604,9.7368
20280605,0.11618
20280606,1.2983
20280607,0.021536
20280608,9.6583e-05
20280609,6.3999
20280610,0.04225
20280611,0.15999
20280612,4.0294
20280613,0.63798
20280614,0.020606
20280615,0
20280616,0
20280617,3.8858
20280618,0.039143
20280619,0.00076619
20280620,0
20280621,0.0030061
20280622,4.5514
20280623,0
20280624,0.00047241
20280625,1.2492
20280626,43.999
20280627,3.4197
20280628,10.817
20280629,0.071008
20280630,16.308
20280701,18.216
20280702,9.131
20280703,9.4288
20280704,1.3074
20280705,0.80214
20280706,0.0010383
20280707,8.3543
20280708,0.98448
20280709,0.037484
20280710,2.8796
20280711,5.1422
20280712,0.48258
20280713,3.6122
20280714,0.13963
20280715,0.8555
20280716,0.0049364
20280717,0.55477
20280718,2.1992
20280719,0.75572
20280720,0.00033048
20280721,0
20280722,0.0047009
20280723,0.39993
20280724,0.10065
20280725,2.3716
20280726,3.7385
20280727,0.29414
20280728,7.6796
20280729,2.721
20280730,0.001654
20280731,0.2151
20280801,0
20280802,0
20280803,0.0013072
20280804,0.0013074
20280805,0.0098774
20280806,1.9543
20280807,51.088
20280808,2.1992
20280809,0.4273
20280810,0.49331
20280811,3.0889
20280812,3.7547
20280813,33.022
20280814,0.025543
20280815,0.89363
20280816,0
20280817,0.033583
20280818,0.093192
20280819,0.0028562
20280820,64.552
20280821,0.20447
20280822,0.25494
20280823,2.837
20280824,0
20280825,0.003072
20280826,0
20280827,0.013218
20280828,6.213
20280829,7.8931
20280830,8.4769
20280831,0.0031729
20280901,0
20280902,0
20280903,0
20280904,0
20280905,1.0187
20280906,4.014
20280907,27.984
20280908,3.3016
20280909,8.807
20280910,7.281
20280911,10.222
20280912,3.8056
20280913,0.011448
20280914,0
20280915,0.095094
20280916,0.0030181
20280917,17.431
20280918,1.0346
20280919,0.042171
20280920,0.003194
20280921,0
20280922,1.9198
20280923,0.83316
20280924,0.083097
20280925,0.51435
20280926,0.078523
20280927,0
20280928,0.66856
20280929,0.88243
20280930,21.979
20281001,14.121
20281002,0.00049909
20281003,0.068543
20281004,0.024731
20281005,0.0058277
20281006,0
20281007,0.0020371
20281008,0.52182
20281009,4.2016
20281010,0.0031947
20281011,0.6056
20281012,28.436
20281013,0.39419
20281014,0.81526
20281015,2.1428
20281016,16.84
20281017,0.33366
20281018,1.937
20281019,7.112e-05
20281020,0.00027596
20281021,0
20281022,0.0066564
20281023,0
20281024,0.0063507
20281025,8.9078
20281026,10.348
20281027,0.70899
20281028,0.0049129
20281029,5.5319
20281030,0.92007
20281031,0.0086193
20281101,0.0029094
20281102,15.806
20281103,0
20281104,0.0020422
20281105,0
20281106,0.03384
20281107,0.0016026
20281108,0.00096015
20281109,0.00013783
20281110,0
20281111,0.70655
20281112,0.27305
20281113,0
20281114,0.8756
20281115,7.9387
20281116,25.128
20281117,33.117
20281118,12.904
20281119,9.2495
20281120,0.044365
20281121,0.30273
20281122,12.229
20281123,0
20281124,0.34346
20281125,0.012134
20281126,0
20281127,0.0034979
20281128,0.10945
20281129,0.17686
20281130,0.12342
20281201,0
20281202,0
20281203,0
20281204,0
20281205,0
20281206,0
20281207,0.33584
20281208,0
20281209,0
20281210,0
20281211,0.00090231
20281212,0.00064338
20281213,0.00060982
20281214,0
20281215,0
20281216,0.95874
20281217,9.2922
20281218,8.2901
20281219,0.18855
20281220,0.51188
20281221,0.88821
20281222,0.014979
20281223,0
20281224,0
20281225,6.1741
20281226,0
20281227,0.00052931
20281228,0.47741
20281229,0.069339
20281230,8.332
20281231,0.0064024
20290101,0.13796
20290102,0.89233
20290103,0.00019364
20290104,2.309
20290105,2.5603
20290106,0.0012983
20290107,0.037108
20290108,3.3785
20290109,0.18063
20290110,0.35396
20290111,0
20290112,2.9855
20290113,0.0013824
20290114,0.044455
20290115,0
20290116,0.01314
20290117,0.0015813
20290118,0.0025807
20290119,0
20290120,0.0027837
20290121,0.0017729
20290122,0
20290123,0.26083
20290124,0.033794
20290125,6.9042
20290126,12.437
20290127,16.211
20290128,2.0866
20290129,17.494
20290130,4.2146
20290131,9.7288
20290201,1.0617
20290202,0.19724
20290203,1.4009
20290204,3.9921
20290205,1.0628
20290206,0.0010964
20290207,0
20290208,0.19127
20290209,0.26102
20290210,0
20290211,0.0011099
20290212,0.0017566
20290213,0.86106
20290214,1.3124e-06
20290215,0
20290216,0.00074462
20290217,0.021951
20290218,0.0092926
20290219,0.29956
20290220,0.00095123
20290221,0.022512
20290222,0.84311
20290223,0.75319
20290224,0.010989
20290225,1.7762
20290226,4.176
20290227,0.002204
20290228,10.549
20290301,39.104
20290302,2.1515
20290303,0
20290304,0.0027773
20290305,0.1072
20290306,0
20290307,0.00049353
20290308,0
20290309,0.086288
20290310,7.8901
20290311,0.61917
20290312,0
20290313,0.00063223
20290314,0.0013352
20290315,0.00024978
20290316,0.015012
20290317,0.0015645
20290318,0
20290319,0.20656
20290320,0
20290321,0.001266
20290322,0
20290323,0.096754
20290324,0
20290325,0
20290326,3.9728
20290327,0.10649
20290328,0.25707
20290329,0.0081131
20290330,2.6628
20290331,0.72584
20290401,0.68662
20290402,0.02957
20290403,0.0074334
20290404,0.00034766
20290405,7.9893
20290406,0.085401
20290407,0.002802
20290408,0
20290409,0.0039475
20290410,0.15772
20290411,0.20379
20290412,0
20290413,0.47817
20290414,6.5632
20290415,1.7735
20290416,6.9457
20290417,23.769
20290418,2.425
20290419,0.92068
20290420,0
20290421,0.74338
20290422,0.0016838
20290423,0.18318
20290424,0.0043245
20290425,0.7324
20290426,8.3413
20290427,33.157
20290428,11.922
20290429,0.52742
20290430,0
20290501,13.392
20290502,3.4453
20290503,15.149
20290504,3.6355
20290505,2.5258
20290506,0.064725
20290507,0.00078498
20290508,0.0038596
20290509,4.8451
20290510,23.78
20290511,0.7975
20290512,2.758
20290513,4.2559
20290514,5.8353
20290515,1.8404
20290516,0
20290517,0.75826
20290518,0.4667
20290519,5.5296
20290520,3.4271
20290521,4.5216
20290522,1.3284
20290523,1.0344
20290524,0.034095
20290525,0.0011688
20290526,0
20290527,2.9347
20290528,5.2297
20290529,1.2319
20290530,0.90844
20290531,0.073794
20290601,32.692
20290602,4.2775
20290603,15.86
20290604,7.0515
20290605,5.9145
20290606,3.5047
20290607,6.5458
20290608,5.8025
20290609,6.7669
20290610,13.21
20290611,2.7449
20290612,0.041639
20290613,8.5218
20290614,10.026
20290615,5.014
20290616,2.2337
20290617,1.9116
20290618,4.9738
20290619,0.17178
20290620,3.6077
20290621,0.16581
20290622,0.16284
20290623,1.2359
20290624,0
20290625,0.035439
20290626,3.6231
20290627,1.4434
20290628,1.3962
20290629,0
20290630,0.20668
20290701,6.8785
20290702,0.02123
20290703,1.4177
20290704,0.0060738
20290705,11.228
20290706,0
20290707,0
20290708,0.0013248
20290709,5.9491
20290710,0.28544
20290711,3.1969
20290712,0
20290713,6.9442
20290714,2.6328
20290715,0.010197
20290716,0.0020255
20290717,0.0020463
20290718,0.59642
20290719,0.092329
20290720,0.16053
20290721,0.0046295
20290722,0.31749
20290723,0.075003
20290724,0
20290725,0.0053616
20290726,0.0021837
20290727,0.0035665
20290728,0.035642
20290729,3.1878
20290730,0.52844
20290731,0
20290801,0.0042305
20290802,0.41722
20290803,0.016221
20290804,0
20290805,0.75833
20290806,0.89089
20290807,3.6091
20290808,0.0036875
20290809,0.0037157
20290810,6.5098
20290811,2.6949
20290812,0.00018698
20290813,0
20290814,6.4603
20290815,5.0742
20290816,0.0036667
20290817,0
20290818,0.0036492
20290819,0.004268
20290820,0.00013062
20290821,0.38377
20290822,3.9367
20290823,0.21224
20290824,0.0060938
20290825,0.00054179
20290826,0
20290827,0.23768
20290828,0
20290829,1.1461
20290830,5.7581
20290831,1.1121
20290901,2.944
20290902,0.49218
20290903,0.00052708
20290904,0
20290905,0.0021646
20290906,0.0026057
20290907,2.9106
20290908,17.821
20290909,3.755
20290910,0.14953
20290911,0.66087
20290912,0.85133
20290913,0.035352
20290914,0.0028556
20290915,7.5686
20290916,20.542
20290917,3.3195
20290918,0.00040358
20290919,0
20290920,2.7835
20290921,0.27122
20290922,0.17093
20290923,0.10004
20290924,6.3796
20290925,18.137
20290926,26.695
20290927,1.2877
20290928,3.5322
20290929,0
20290930,0.0093709
20291001,0
20291002,0
20291003,0.039239
20291004,0.0019584
20291005,0
20291006,0.0032716
20291007,0.052477
20291008,0.3517
20291009,1.9039
20291010,7.225
20291011,0.16702
20291012,0.1276
20291013,0.15151
20291014,0.00038891
20291015,0.00035477
20291016,0
20291017,0
20291018,0
20291019,0.0017353
20291020,0.66827
20291021,0.038348
20291022,0.0074496
20291023,0.17424
20291024,0.012415
20291025,1.6944
20291026,0.16941
20291027,8.816
20291028,14.416
20291029,25.594
20291030,21.42
20291031,34.686
20291101,21.894
20291102,0.79906
20291103,0
20291104,1.571e-09
20291105,0
20291106,0.00032511
20291107,0.0031372
20291108,0.11999
20291109,0.5887
20291110,0.46968
20291111,0.22437
20291112,0.11107
20291113,0.027817
20291114,0.00015962
20291115,0.0053811
20291116,0.010942
20291117,0.00030805
20291118,0
20291119,0
20291120,2.5869
20291121,1.7292
20291122,0.32097
20291123,43.922
20291124,3.2838
20291125,9.7605e-07
20291126,0.071261
20291127,0.96188
20291128,2.3752
20291129,0.00054255
20291130,0
20291201,0.071223
20291202,0.50102
20291203,6.6049
20291204,0.24577
20291205,0.00036883
20291206,0.066337
20291207,0.033334
20291208,0.12768
20291209,0
20291210,0.15733
20291211,0.013279
20291212,1.3758
20291213,7.0369
20291214,0.00045009
20291215,0.0015553
20291216,0
20291217,0.0012968
20291218,0.00073319
20291219,0.042465
20291220,0
20291221,0.00054808
20291222,0.00031021
20291223,0.0015628
20291224,19.331
20291225,4.8141
20291226,26.821
20291227,2.3373
20291228,2.0321
20291229,36.295
20291230,0.0046787
20291231,18.233
20300101,8.346
20300102,1.5761
20300103,0.00046887
20300104,0.00090399
20300105,0.0010454
20300106,0.086648
20300107,0.024726
20300108,0
20300109,0
20300110,0.27987
20300111,0
20300112,0
20300113,0.0021621
20300114,0.00091469
20300115,0.04706
20300116,0
20300117,0.0011742
20300118,0
20300119,0.0051339
20300120,0.028289
20300121,0.70694
20300122,5.1899
20300123,21.505
20300124,11.6
20300125,5.5593
20300126,32.06
20300127,2.8701
20300128,0.13589
20300129,0.00062837
20300130,0.0015115
20300131,0.0011537
20300201,0.01785
20300202,8.6689e-05
20300203,0
20300204,0.036542
20300205,0.0011636
20300206,0.19068
20300207,0.0011108
20300208,0.0036731
20300209,0.022262
20300210,0.0056378
20300211,0.001034
20300212,1.2027
20300213,0.22347
20300214,0.9431
20300215,0.044849
20300216,0.0023062
20300217,0.2078
20300218,0.19608
20300219,1.3168
20300220,0.03618
20300221,3.0886
20300222,0.33018
20300223,0.23334
20300224,0.27994
20300225,0.0065705
20300226,0.00036264
20300227,1.1561
20300228,7.5868
20300301,0
20300302,0.90981
20300303,0.1526
20300304,0.2768
20300305,2.6813
20300306,0.092715
20300307,0.049704
20300308,0.00018199
20300309,0
20300310,0
20300311,0
20300312,0.050643
20300313,0.018858
20300314,2.6822
20300315,12.516
20300316,8.8262
20300317,6.3961
20300318,1.7016
20300319,1.5001
20300320,0
20300321,0.022249
20300322,0.24444
20300323,2.6714
20300324,10.925
20300325,3.9812
20300326,2.0049
20300327,0.64309
20300328,0.3088
20300329,3.4653
20300330,0.69196
20300331,3.5524
20300401,0.0096651
20300402,52.753
20300403,0.0011454
20300404,0.0132
20300405,0.42002
20300406,0.62852
20300407,0.64875
20300408,0.18817
20300409,1.4726
20300410,0.51793
20300411,3.6416
20300412,0.0019383
20300413,3.512
20300414,0.0026139
20300415,7.2819
20300416,13.285
20300417,1.2213
20300418,5.4917
20300419,0.26128
20300420,1.5876
20300421,2.5251
20300422,3.2382
20300423,0.92095
20300424,0.0013791
20300425,4.2778
20300426,0
20300427,10.799
20300428,10.935
20300429,7.953
20300430,0
20300501,0.2512
20300502,2.303
20300503,4.5848
20300504,3.6332
20300505,0.49701
20300506,0.43217
20300507,21.696
20300508,5.0499
20300509,5.4068
20300510,1.2399
20300511,1.188
20300512,2.4873
20300513,2.6576
20300514,2.4663
20300515,9.7626
20300516,0.59842
20300517,1.8731
20300518,0.0021713
20300519,0.41363
20300520,0.36057
20300521,0.059406
20300522,2.8185
20300523,0.21554
20300524,0.69155
20300525,0
20300526,0.11182
20300527,0.047175
20300528,0.26511
20300529,1.6673
20300530,4.9365
20300531,4.5508
20300601,4.3707
20300602,7.4472
20300603,5.5797
20300604,0.32847
20300605,0
20300606,1.9614
20300607,2.6665
20300608,3.6224
20300609,15.037
20300610,9.983
20300611,12.992
20300612,12.253
20300613,0.0098219
20300614,0.0091617
20300615,3.1415
20300616,3.8782
20300617,7.4399
20300618,1.0427
20300619,1.5864
20300620,0.75082
20300621,1.6708
20300622,0
20300623,1.3307
20300624,6.2922
20300625,5.3483
20300626,0.6418
20300627,1.9063
20300628,8.1925
20300629,1.9035
20300630,0.32697
20300701,6.667
20300702,0
20300703,0.0020693
20300704,6.4661
20300705,3.2077
20300706,5.3592
20300707,0.000957
20300708,6.1723
20300709,11.856
20300710,0.67991
20300711,0.00033555
20300712,0.0050162
20300713,0.14066
20300714,2.2016
20300715,0
20300716,0.013924
20300717,8.3344
20300718,8.3216
20300719,6.9871
20300720,3.4844
20300721,0.0040722
20300722,0
20300723,0.037134
20300724,0.53992
20300725,2.7546
20300726,8.6843
20300727,0
20300728,0.0019534
20300729,0.0033849
20300730,2.6899
20300731,0.0021583
20300801,0.036078
20300802,0.060921
20300803,0.037843
20300804,2.7073
20300805,1.0611
20300806,6.5751
20300807,2.0914
20300808,7.733
20300809,0
20300810,3.6948
20300811,1.2972
20300812,0
20300813,0.0070748
20300814,2.4495
20300815,0
20300816,0.0014334
20300817,0.0080625
20300818,0
20300819,0.0059987
20300820,0.003305
20300821,0.74796
20300822,7.8972
20300823,24.744
20300824,0.24407
20300825,0.01094
20300826,3.1253
20300827,18.319
20300828,8.0064
20300829,4.3665
20300830,0.15109
20300831,0.010806
20300901,0
20300902,0.00040043
20300903,0.0016017
20300904,0.0018576
20300905,0.0052202
20300906,5.4513
20300907,0.0047284
20300908,0
20300909,0.0016529
20300910,1.6157
20300911,0
20300912,0.002689
20300913,2.3613
20300914,2.1844
20300915,0.63694
20300916,10.837
20300917,5.4659
20300918,4.4745
20300919,1.2714
20300920,3.7111
20300921,0.065185
20300922,0.0050626
20300923,0.53725
20300924,0.70055
20300925,0.61293
20300926,0.11748
20300927,0
20300928,0
20300929,1.0416
20300930,8.4584
20301001,0.507
20301002,4.3406
20301003,0.010727
20301004,2.2618
20301005,0.14882
20301006,5.0777
20301007,0.047677
20301008,4.119
20301009,0.039734
20301010,0.014251
20301011,1.3422
20301012,0.59333
20301013,2.3449
20301014,0.0029588
20301015,0.074108
20301016,58.153
20301017,48.638
20301018,2.5974
20301019,0.00086524
20301020,2.8861
20301021,0.13933
20301022,0.17747
20301023,1.482
20301024,23.187
20301025,1.5509
20301026,0
20301027,0.73311
20301028,0.008001
20301029,0.0040274
20301030,7.0737
20301031,0.033628
20301101,0.1365
20301102,0.003694
20301103,0
20301104,0.018037
20301105,9.588
20301106,8.5315
20301107,0.62209
20301108,0.15082
20301109,1.0979
20301110,0
20301111,3.8824
20301112,6.0283
20301113,0.021212
20301114,0.22025
20301115,0
20301116,0.3115
20301117,6.522
20301118,34.919
20301119,0.14126
20301120,1.5419
20301121,2.8309
20301122,0.00092885
20301123,0
20301124,0.0017501
20301125,0.015765
20301126,0
20301127,8.2207e-05
20301128,1.4048
20301129,5.2518
20301130,0.10343
20301201,1.6977
20301202,0.9953
20301203,0.37858
20301204,5.2881
20301205,11.364
20301206,15.025
20301207,0
20301208,0
20301209,0
20301210,0.0026078
20301211,0
20301212,0
20301213,0.00085364
20301214,0
20301215,0.029026
20301216,0.0028487
20301217,0
20301218,0
20301219,0.002774
20301220,0
20301221,0.030668
20301222,0.51742
20301223,1.1567
20301224,0.11543
20301225,0.030734
20301226,1.3505
20301227,0.55316
20301228,0.0060706
20301229,0
20301230,5.3205e-05
20301231,0
20310101,0.10085
20310102,16.913
20310103,57.199
20310104,22.809
20310105,40.189
20310106,21.07
20310107,0.15617
20310108,0
20310109,0.00047976
20310110,2.9196
20310111,34.539
20310112,62.926
20310113,9.5494
20310114,0.00044078
20310115,1.6046
20310116,0.52711
20310117,0.0023194
20310118,0.32
20310119,0
20310120,0
20310121,0
20310122,0.53812
20310123,1.4739
20310124,0.11848
20310125,0.068321
20310126,0
20310127,0.00022776
20310128,0
20310129,0.35204
20310130,0.060613
20310131,0.0012413
20310201,0
20310202,0.14477
20310203,0.031095
20310204,4.5066
20310205,10.76
20310206,20.127
20310207,10.92
20310208,0.49472
20310209,0.0063621
20310210,0.24524
20310211,0.040479
20310212,0.1091
20310213,0
20310214,0.0003112
20310215,0.46585
20310216,0.81648
20310217,0.060919
20310218,0.00072076
20310219,0.77556
20310220,1.2964
20310221,1.9586
20310222,0.00055006
20310223,0
20310224,0.0015863
20310225,0.0036414
20310226,0.049504
20310227,0.0051559
20310228,2.9155
20310301,0.50037
20310302,0.00015509
20310303,1.1629e-05
20310304,0.59152
20310305,0.020554
20310306,0.5655
20310307,0.00051949
20310308,0.63846
20310309,4.6993
20310310,1.8164e-05
20310311,1.7175
20310312,1.8426
20310313,1.0928
20310314,3.7197
20310315,1.6183
20310316,3.2676
20310317,5.8556
20310318,1.6244
20310319,0
20310320,0.37363
20310321,0
20310322,0.00012795
20310323,0
20310324,0.0018806
20310325,0.033255
20310326,0
20310327,0.0017534
20310328,0
20310329,0.0031612
20310330,0
20310331,0
20310401,0.03359
20310402,0
20310403,0.11016
20310404,0.96266
20310405,0.00054299
20310406,0.13051
20310407,0.0062456
20310408,0.00018665
20310409,0.0005705
20310410,0.00052908
20310411,1.9601
20310412,0.17697
20310413,0.00066191
20310414,0.89936
20310415,3.3929
20310416,17.872
20310417,2.7543
20310418,9.6547
20310419,1.2892
20310420,13.059
20310421,5.8079
20310422,0.47249
20310423,1.8822
20310424,0
20310425,0.0070223
20310426,1.1759
20310427,2.38
20310428,9.9913
20310429,0.0051117
20310430,0.00029356
20310501,0.59933
20310502,0.3497
20310503,5.9807
20310504,13.34
20310505,1.3939
20310506,3.4859
20310507,5.502
20310508,0.088362
20310509,1.4657
20310510,2.0125
20310511,3.2867
20310512,9.0987
20310513,17.716
20310514,14.364
20310515,2.5908
20310516,0.45913
20310517,0.6004
20310518,4.1242
20310519,6.0023
20310520,0.094315
20310521,25.824
20310522,43.821
20310523,63.124
20310524,0.48163
20310525,0.069782
20310526,0
20310527,5.3423
20310528,0.2023
20310529,2.0618
20310530,0.73884
20310531,0.49973
20310601,0.18198
20310602,0.056968
20310603,30.146
20310604,9.4479
20310605,11.036
20310606,10.847
20310607,9.717
20310608,7.6809
20310609,2.833
20310610,0.016991
20310611,0.011005
20310612,3.9442
20310613,7.8864
20310614,2.217
20310615,0.00036383
20310616,0.16722
20310617,0
20310618,0.0044642
20310619,0.00034017
20310620,0
20310621,0.0085043
20310622,0
20310623,1.0417
20310624,10.036
20310625,2.8657
20310626,4.864
20310627,0.63835
20310628,0.41536
20310629,0.08928
20310630,0.021876
20310701,1.0262
20310702,0.79155
20310703,1.7704
20310704,7.543
20310705,0
20310706,0.0070961
20310707,0
20310708,1.4731
20310709,1.5599
20310710,0.0010928
20310711,0
20310712,0.0029153
20310713,0
20310714,1.5071
20310715,1.2194
20310716,0.9848
20310717,4.8904
20310718,10.033
20310719,4.1782
20310720,13.683
20310721,0.75176
20310722,0.0031712
20310723,0.62632
20310724,4.991
20310725,20.243
20310726,3.1346
20310727,1.0949
20310728,0.0075899
20310729,0
20310730,2.3641
20310731,1.3941
20310801,0.0011964
20310802,0.00089685
20310803,0.0010725
20310804,4.9689
20310805,4.203
20310806,2.0282
20310807,1.2325
20310808,0.3168
20310809,6.8193
20310810,3.765
20310811,2.6281
20310812,6.2023
20310813,4.343
20310814,6.2137
20310815,6.8419
20310816,5.5454
20310817,1.3746
20310818,0.48517
20310819,0.019339
20310820,0.99974
20310821,0.004984
20310822,15.855
20310823,2.376
20310824,0.013146
20310825,8.6825
20310826,11.491
20310827,10.99
20310828,0.019721
20310829,1.0608
20310830,0.00085632
20310831,13.648
20310901,5.0994
20310902,0
20310903,0.00011705
20310904,2.0669
20310905,0.040837
20310906,0.073665
20310907,0
20310908,0.0012421
20310909,0.0015572
20310910,5.803
20310911,3.9034
20310912,18.682
20310913,0.0067165
20310914,0
20310915,6.7108
20310916,10.907
20310917,13.042
20310918,58.057
20310919,0.78902
20310920,1.3199
20310921,0.58562
20310922,0.084952
20310923,0.032028
20310924,4.3603
20310925,14.634
20310926,3.1878
20310927,0.15989
20310928,5.589
20310929,1.5862
20310930,0.0026388
20311001,0
20311002,0
20311003,0.04005
20311004,4.5627
20311005,8.0789
20311006,0.91412
20311007,1.377
20311008,1.8742
20311009,37.518
20311010,9.4599
20311011,1.9256
20311012,1.5095
20311013,0.0025601
20311014,0
20311015,8.246
20311016,0.01195
20311017,0.0022891
20311018,0.076753
20311019,1.84
20311020,3.7313
20311021,4.6152
20311022,0.23838
20311023,0.1097
20311024,2.3952
20311025,20.531
20311026,0.96641
20311027,0.0087812
20311028,10.121
20311029,13.727
20311030,3.4021
20311031,17.758
20311101,0
20311102,0
20311103,0
20311104,0
20311105,0
20311106,0
20311107,0
20311108,0.25619
20311109,0
20311110,0.13879
20311111,21.363
20311112,0.00085781
20311113,0.61036
20311114,1.99
20311115,0.16619
20311116,0.43442
20311117,2.6109
20311118,0.38632
20311119,12.525
20311120,0.43426
20311121,6.7397
20311122,0.86665
20311123,0
20311124,2.8169
20311125,0.0041438
20311126,2.7459
20311127,13.09
20311128,23.602
20311129,1.0408
20311130,3.8511
20311201,0.80296
20311202,0.004353
20311203,0.56372
20311204,0.00035889
20311205,0.064576
20311206,0
20311207,0.001033
20311208,0.76562
20311209,0
20311210,0.0023116
20311211,0.033065
20311212,0.079016
20311213,8.5813
20311214,1.1805
20311215,0
20311216,0.00113
20311217,1.2587
20311218,0.01331
20311219,0.050022
20311220,0.26886
20311221,0.030343
20311222,0
20311223,0.046151
20311224,23.449
20311225,25.147
20311226,0.34414
20311227,0.066514
20311228,0.89365
20311229,8.8799
20311230,3.0624
20311231,17.475
20320101,0
20320102,0
20320103,0
20320104,0.24969
20320105,0.48534
20320106,4.3014
20320107,18.4
20320108,0.00012713
20320109,0.30158
20320110,1.2129
20320111,0.00042259
20320112,0
20320113,0
20320114,0.00077735
20320115,0
20320116,0.0017762
20320117,0.0016795
20320118,0
20320119,0
20320120,0.0013828
20320121,0.00065437
20320122,0.0001306
20320123,1.1807
20320124,1.5406
20320125,0.35238
20320126,0.51027
20320127,0.024508
20320128,1.4049
20320129,0.047751
20320130,0
20320131,0.0023158
20320201,6.4577
20320202,35.862
20320203,27.067
20320204,17.113
20320205,0.0015278
20320206,0.99534
20320207,0.19863
20320208,0.30817
20320209,0.091011
20320210,0.4371
20320211,3.1409
20320212,0
20320213,0.82402
20320214,54.789
20320215,17.937
20320216,7.1178
20320217,21.944
20320218,3.1394
20320219,0.0013824
20320220,0.025993
20320221,0.00044814
20320222,2.6388
20320223,7.9468
20320224,26.231
20320225,3.1134
20320226,9.0105
20320227,5.8658
20320228,5.54
20320229,6.7241
20320301,1.9424
20320302,0.36871
20320303,0.47358
20320304,0
20320305,3.348
20320306,1.8219
20320307,1.3218
20320308,0.94174
20320309,1.6288
20320310,2.6486
20320311,11.337
20320312,0.94851
20320313,0.91709
20320314,0.77525
20320315,3.6649
20320316,0.51642
20320317,33.345
20320318,0.017716
20320319,0.0018122
20320320,0
20320321,0.0015681
20320322,0.27426
20320323,1.9971
20320324,1.0981
20320325,0
20320326,2.6966
20320327,4.2719
20320328,1.8247
20320329,0.045121
20320330,0.013249
20320331,1.5966
20320401,0
20320402,0
20320403,0.10313
20320404,1.0819
20320405,0.0013102
20320406,3.3333
20320407,7.4608
20320408,4.2917
20320409,6.3364
20320410,2.5375
20320411,18.651
20320412,4.5369
20320413,0.50957
20320414,1.4284
20320415,0.19427
20320416,2.4719
20320417,1.4795
20320418,0.70135
20320419,2.3653
20320420,1.2613
20320421,0.0003048
20320422,0.24792
20320423,16.514
20320424,49.108
20320425,3.3389
20320426,3.6194
20320427,0
20320428,1.6375
20320429,1.3213
20320430,0.39321
20320501,0
20320502,2.5307
20320503,48.534
20320504,31.84
20320505,26.754
20320506,0.024733
20320507,0.3276
20320508,0
20320509,0.043845
20320510,0.0034064
20320511,0
20320512,0.0098354
20320513,0.14144
20320514,4.8879
20320515,0.095364
20320516,0
20320517,0.00071018
20320518,0.093879
20320519,6.226
20320520,0
20320521,0.00037754
20320522,0
20320523,0.0075207
20320524,0
20320525,5.0747
20320526,0
20320527,0.00057502
20320528,0
20320529,1.0063
20320530,0.32469
20320531,1.0798
20320601,0.44518
20320602,2.2679
20320603,1.6566
20320604,1.8197
20320605,6.3097
20320606,0.19907
20320607,0.0070872
20320608,0
20320609,0
20320610,1.0303
20320611,2.1065
20320612,4.4483
20320613,6.0533
20320614,9.8576
20320615,0.61401
20320616,5.2285
20320617,7.2875
20320618,0.50367
20320619,0
20320620,0.0057819
20320621,1.6778
20320622,0.010046
20320623,0.42788
20320624,4.5005
20320625,1.1446
20320626,0
20320627,0.20355
20320628,0.8502
20320629,0.0048038
20320630,0.78226
20320701,0.0033442
20320702,0.47387
20320703,5.3098
20320704,3.9833
20320705,0.011863
20320706,0
20320707,0.45553
20320708,0.0030258
20320709,0.0040955
20320710,0.19903
20320711,7.4527
20320712,16.176
20320713,13.672
20320714,4.7721
20320715,0.66628
20320716,11.604
20320717,0.0034415
20320718,0.48219
20320719,0.46158
20320720,0.0030866
20320721,0
20320722,0.60818
20320723,1.0015
20320724,0.31408
20320725,1.4748
20320726,0.0045143
20320727,0.30016
20320728,0.83478
20320729,4.1369
20320730,0.0021467
20320731,0.019509
20320801,6.4788
20320802,3.3104
20320803,5.9871
20320804,6.2359
20320805,0.14213
20320806,4.6683
20320807,1.5363
20320808,1.2358
20320809,8.1722
20320810,6.4165
20320811,0.0036118
20320812,0.0013529
20320813,0.75043
20320814,0
20320815,0.0023408
20320816,0.055087
20320817,0.0028917
20320818,0.0017629
20320819,0.42715
20320820,2.7028
20320821,13.315
20320822,0.083403
20320823,0
20320824,1.8662
20320825,8.9615
20320826,11.856
20320827,12.191
20320828,12.955
20320829,0.34579
20320830,0.0071536
20320831,10.514
20320901,3.7998
20320902,2.4401
20320903,4.2497
20320904,0
20320905,0.002152
20320906,0
20320907,0
20320908,0.0033128
20320909,0
20320910,2.4963
20320911,0.79398
20320912,0.00054384
20320913,0
20320914,0
20320915,0.0053354
20320916,0.0027618
20320917,0.028383
20320918,0.43101
20320919,0.018608
20320920,0.0044358
20320921,0.46564
20320922,0.003176
20320923,0.0019188
20320924,0
20320925,0.0033379
20320926,0
20320927,0
20320928,0.0076154
20320929,0.37788
20320930,0.46843
20321001,0
20321002,0
20321003,0
20321004,0.0013873
20321005,0.0268
20321006,0.14477
20321007,0.00025298
20321008,2.143
20321009,0.00028283
20321010,0.004495
20321011,0.013445
20321012,0.0013376
20321013,0.0033964
20321014,0.1025
20321015,9.8112
20321016,0.00065492
20321017,0.75144
20321018,2.1825
20321019,0.00079233
20321020,0.0073018
20321021,0.14468
20321022,1.1407
20321023,26.264
20321024,15.752
20321025,2.2616
20321026,2.7005
20321027,6.1487
20321028,0.37851
20321029,0.0033634
20321030,0.12157
20321031,2.3874e-05
20321101,0.40092
20321102,0.0015718
20321103,0.0095567
20321104,0.00029682
20321105,0.00083717
20321106,0
20321107,0.38555
20321108,7.2177
20321109,0.32181
20321110,3.0261
20321111,1.7607
20321112,1.5019
20321113,0.98786
20321114,0.0013721
20321115,0.001631
20321116,0
20321117,0
20321118,2.3079
20321119,14.478
20321120,0.0080878
20321121,2.8723
20321122,0.98439
20321123,0.37828
20321124,0.037335
20321125,11.615
20321126,0.2003
20321127,0.0021952
20321128,0
20321129,0
20321130,0.0027267
20321201,0
20321202,0.027894
20321203,0.00010545
20321204,0
20321205,0
20321206,0
20321207,0.00028921
20321208,0
20321209,0
20321210,0.00017439
20321211,0
20321212,2.8637
20321213,37.366
20321214,23.526
20321215,2.6305
20321216,0.087127
20321217,1.1205
20321218,0.71434
20321219,0.0014268
20321220,1.9083
20321221,1.0033
20321222,1.6169
20321223,0.011041
20321224,0.84546
20321225,0.65958
20321226,2.8529
20321227,0.0015634
20321228,0
20321229,0
20321230,0.00081473
20321231,0.0018477
20330101,0
20330102,0
20330103,1.3068
20330104,0.21876
20330105,0.10914
20330106,0.0020648
20330107,8.6177
20330108,0.078262
20330109,0.020069
20330110,0
20330111,0.00015319
20330112,0.00047385
20330113,0.0021548
20330114,0.00097548
20330115,0.0014743
20330116,0.0010506
20330117,0
20330118,0.0011475
20330119,0
20330120,0.0034549
20330121,0
20330122,0.0011182
20330123,0
20330124,0.0029263
20330125,0
20330126,0.0043455
20330127,0
20330128,0.00019704
20330129,0
20330130,0
20330131,0.07139
20330201,2.7063
20330202,3.6797
20330203,0.015096
20330204,0.18598
20330205,0.00034456
20330206,0.18921
20330207,7.8585e-05
20330208,2.4185
20330209,4.2339
20330210,3.3009
20330211,0.060502
20330212,1.511
20330213,5.4928
20330214,2.0574
20330215,1.1594
20330216,2.053
20330217,0.37618
20330218,2.2486
20330219,0
20330220,0
20330221,0
20330222,0
20330223,0
20330224,0
20330225,1.8861
20330226,0.0006489
20330227,2.7068
20330228,1.4715
20330301,0.82956
20330302,1.2717
20330303,0.00015298
20330304,0.00033987
20330305,0
20330306,0.44827
20330307,0.00051616
20330308,0
20330309,1.5115
20330310,0.0007866
20330311,0.12438
20330312,0.43527
20330313,2.4531
20330314,0.5637
20330315,2.1244
20330316,0.00028996
20330317,0.00052859
20330318,0.2638
20330319,0.16334
20330320,0.85991
20330321,0.14505
20330322,0
20330323,0
20330324,0.76754
20330325,0.00030901
20330326,0
20330327,0.026757
20330328,0.18867
20330329,1.7899
20330330,1.1374
20330331,2.2945
20330401,0.78431
20330402,18.817
20330403,0.00016698
20330404,0
20330405,6.0237
20330406,40.396
20330407,0.70499
20330408,4.562
20330409,1.8492
20330410,2.1966
20330411,0.18283
20330412,1.1689
20330413,0.00059795
20330414,0
20330415,0
20330416,0.094156
20330417,0
20330418,0.00062756
20330419,0
20330420,0
20330421,0.32162
20330422,4.9829
20330423,0.0025021
20330424,0.012294
20330425,0.27782
20330426,0.34459
20330427,2.7445
20330428,6.2201
20330429,0.20801
20330430,3.7073
20330501,4.0267
20330502,3.8513
20330503,3.1541
20330504,0.0015194
20330505,5.3163
20330506,4.4273
20330507,0.01551
20330508,0.63541
20330509,0.60398
20330510,1.2149
20330511,0.004971
20330512,13.818
20330513,0
20330514,0.69082
20330515,0.025778
20330516,2.7822
20330517,0
20330518,0.0058203
20330519,0
20330520,0.94846
20330521,3.1426
20330522,45.255
20330523,8.6028
20330524,0.038581
20330525,0
20330526,0.058773
20330527,0.0074275
20330528,0
20330529,0.0038758
20330530,4.1154
20330531,0.51894
20330601,3.4445
20330602,3.0305
20330603,0.012713
20330604,0.00038547
20330605,0.45515
20330606,0.67051
20330607,1.6847
20330608,1.574
20330609,4.5532
20330610,3.4655
20330611,11.313
20330612,7.6337
20330613,0.97647
20330614,1.0401
20330615,0.87917
20330616,0.0096265
20330617,9.8625
20330618,0.0035668
20330619,10.518
20330620,3.3755
20330621,0.019246
20330622,1.4072
20330623,0.084443
20330624,0
20330625,0
20330626,0
20330627,0.0010685
20330628,0
20330629,0.0056434
20330630,4.6882
20330701,7.3248
20330702,3.6189
20330703,2.8475
20330704,0.0023732
20330705,9.9732
20330706,0.4007
20330707,0
20330708,0.0016046
20330709,0.002771
20330710,6.089
20330711,2.0886
20330712,4.7684
20330713,2.282
20330714,2.5077
20330715,10.894
20330716,1.4965
20330717,0.00054877
20330718,9.4403
20330719,4.8777
20330720,10.877
20330721,9.666
20330722,9.7545
20330723,19.025
20330724,19.171
20330725,0.42143
20330726,0.0038954
20330727,3.4508
20330728,0.0029224
20330729,0.0010349
20330730,0
20330731,0.17099
20330801,0.024799
20330802,0.29131
20330803,0.82668
20330804,0.1404
20330805,0.0013679
20330806,0.00087941
20330807,0.0011752
20330808,0.0017779
20330809,0.0011248
20330810,3.5751
20330811,0.034574
20330812,1.0119
20330813,1.1283
20330814,0.0009286
20330815,1.844
20330816,2.3318
20330817,5.9826
20330818,0.11884
20330819,0.76732
20330820,0.042215
20330821,4.915
20330822,15.625
20330823,4.8997
20330824,0
20330825,0.010093
20330826,0
20330827,0.94115
20330828,5.556
20330829,0.0010479
20330830,0
20330831,0.0022683
20330901,0.0011375
20330902,0.0006847
20330903,0.48225
20330904,12.761
20330905,2.5206
20330906,0.0005289
20330907,5.5933
20330908,16.845
20330909,0.040358
20330910,3.5261
20330911,10.946
20330912,4.467
20330913,0.10785
20330914,0.0035529
20330915,0.003415
20330916,4.012
20330917,4.9365
20330918,11.36
20330919,5.9194
20330920,2.7544
20330921,0.08799
20330922,0.92946
20330923,6.0972
20330924,6.2305
20330925,0.028788
20330926,0
20330927,1.2593
20330928,5.8128
20330929,0
20330930,7.3659
20331001,3.6099
20331002,3.4971
20331003,0.11893
20331004,51.217
20331005,0.34163
20331006,0.0026363
20331007,19.776
20331008,28.978
20331009,0.33065
20331010,0.10715
20331011,0.020388
20331012,1.7888
20331013,0
20331014,0.30913
20331015,0.42417
20331016,0.29713
20331017,0.31336
20331018,28.64
20331019,34.376
20331020,1.1051
20331021,1.3327
20331022,0
20331023,19.344
20331024,0.2534
20331025,0.0015434
20331026,39.398
20331027,7.5296
20331028,0.009688
20331029,0.46779
20331030,0.38468
20331031,0.001177
20331101,0.061093
20331102,0
20331103,0.037016
20331104,0.066199
20331105,0.0011794
20331106,5.4369e-08
20331107,3.0327e-08
20331108,0.042181
20331109,1.2035
20331110,0.77772
20331111,18.636
20331112,28.309
20331113,1.789
20331114,0
20331115,0.0037941
20331116,0
20331117,0.015729
20331118,0.051303
20331119,0.28334
20331120,0.19977
20331121,0.037938
20331122,2.4544
20331123,0.046589
20331124,0.00037297
20331125,0
20331126,0
20331127,0.001996
20331128,0
20331129,0
20331130,1.1223e-06
20331201,0
20331202,0
20331203,0
20331204,3.5022
20331205,0.090866
20331206,0
20331207,0.10479
20331208,0.0020972
20331209,0
20331210,0.00038352
20331211,0
20331212,0
20331213,0.51829
20331214,0
20331215,0
20331216,0.14644
20331217,0.20824
20331218,0.00083783
20331219,0.03086
20331220,0.51551
20331221,0.01864
20331222,0
20331223,0.014255
20331224,0.01272
20331225,0.15613
20331226,0.0012763
20331227,0.89122
20331228,12.225
20331229,7.2458
20331230,0.49155
20331231,0
20340101,0
20340102,1.786
20340103,13.391
20340104,27.885
20340105,48.561
20340106,33.316
20340107,0
20340108,0.65422
20340109,0.99889
20340110,2.7411
20340111,0.012264
20340112,3.5083
20340113,1.9769
20340114,0.037831
20340115,0.068513
20340116,0.19308
20340117,13.425
20340118,0.013207
20340119,0.00047218
20340120,0.0011282
20340121,0.0004503
20340122,0
20340123,2.1731
20340124,17.085
20340125,5.1199e-05
20340126,0.0007449
20340127,1.2091
20340128,3.6189
20340129,17.401
20340130,37.981
20340131,1.9868
20340201,24.734
20340202,0.89177
20340203,0
20340204,0.39643
20340205,0.1646
20340206,0.39836
20340207,0.31926
20340208,0.35768
20340209,0.060611
20340210,1.4226
20340211,0.063754
20340212,0.14677
20340213,0.23567
20340214,0.0013356
20340215,0.7607
20340216,0.0017644
20340217,0.00038201
20340218,9.4981
20340219,12.418
20340220,0.0014725
20340221,0.0044
20340222,0
20340223,0.94828
20340224,15.439
20340225,21.613
20340226,0.00058695
20340227,3.2427
20340228,0.13308
20340301,0.006077
20340302,0.020813
20340303,0.74159
20340304,0.13085
20340305,0.31894
20340306,0.10822
20340307,0.65135
20340308,1.2031
20340309,2.6729
20340310,0.95633
20340311,0
20340312,0.0016167
20340313,0.0041075
20340314,14.723
20340315,1.7884
20340316,2.8058
20340317,0.0012075
20340318,0.00039814
20340319,0.00045
20340320,0
20340321,4.6842e-05
20340322,1.3124
20340323,0
20340324,0.0031949
20340325,0.059366
20340326,0.68128
20340327,1.8033
20340328,3.4249
20340329,1.8261
20340330,3.5503e-05
20340331,0
20340401,0.10967
20340402,13.857
20340403,0.43901
20340404,4.696
20340405,2.896
20340406,3.9532
20340407,1.72
20340408,2.9978
20340409,0.26376
20340410,0.057902
20340411,0.095761
20340412,0
20340413,0.042089
20340414,0.029112
20340415,5.6677e-05
20340416,0.0006377
20340417,0.0015715
20340418,0.00068895
20340419,2.796
20340420,0.57475
20340421,0.00029911
20340422,1.0549
20340423,3.9818
20340424,2.1201
20340425,47.052
20340426,1.9947
20340427,0.54621
20340428,3.3062
20340429,2.4833
20340430,6.2523
20340501,2.7649
20340502,0.37754
20340503,0.00056058
20340504,1.3517
20340505,0.045568
20340506,5.1646e-06
20340507,3.9511e-05
20340508,0.70487
20340509,2.4542
20340510,3.0645
20340511,3.4224
20340512,1.8323
20340513,10.277
20340514,6.7381
20340515,6.1702e-05
20340516,1.3745
20340517,2.32
20340518,0.0027893
20340519,0.80377
20340520,4.4481
20340521,6.6058
20340522,14.065
20340523,7.9894
20340524,2.1102
20340525,4.4585
20340526,0.0809
20340527,0.53191
20340528,3.6598
20340529,0.00036398
20340530,0.003948
20340531,0.32766
20340601,0
20340602,0.00089698
20340603,0.00021818
20340604,0.035168
20340605,0.92494
20340606,0.3572
20340607,0.0082349
20340608,0.011089
20340609,0
20340610,0
20340611,0.0035617
20340612,0.0129
20340613,13.034
20340614,8.5445
20340615,2.3435
20340616,8.4723
20340617,3.3862
20340618,0.017805
20340619,2.7512
20340620,6.2035
20340621,2.2079
20340622,5.0864
20340623,0.0013672
20340624,0
20340625,0.40808
20340626,0.088226
20340627,3.0712
20340628,0.00083979
20340629,1.2841
20340630,7.3841
20340701,3.8915
20340702,3.3753
20340703,4.7733
20340704,0.2342
20340705,0
20340706,0.56816
20340707,0.0066777
20340708,1.4949
20340709,0.48864
20340710,0.63575
20340711,0
20340712,0
20340713,0.055793
20340714,1.4426
20340715,4.2447
20340716,6.7396
20340717,9.2364
20340718,4.1924
20340719,2.7677
20340720,0.0010108
20340721,0
20340722,3.0844
20340723,4.4222
20340724,0
20340725,5.4451e-07
20340726,0.00040588
20340727,0.003102
20340728,1.2604e-07
20340729,1.6058
20340730,0.46387
20340731,0.33183
20340801,1.707
20340802,12.447
20340803,1.3384
20340804,0.002392
20340805,0.0053033
20340806,0.0016138
20340807,3.6067
20340808,0.0016254
20340809,4.9805
20340810,0.0025078
20340811,0.0035969
20340812,0.0022659
20340813,0
20340814,0.0018966
20340815,10.465
20340816,0
20340817,7.7267
20340818,9.0139
20340819,0.01295
20340820,2.4668
20340821,2.7534
20340822,0.94219
20340823,1.2689
20340824,0.94263
20340825,3.4111
20340826,0
20340827,0.0043624
20340828,0.0015765
20340829,0
20340830,0.19324
20340831,0
20340901,0.00027024
20340902,0.0018937
20340903,2.1703
20340904,0.0046034
20340905,0.00022784
20340906,1.0499
20340907,0.061767
20340908,0.00061744
20340909,0.0017595
20340910,0
20340911,0.00059035
20340912,0.00092432
20340913,0.00036126
20340914,0.0047719
20340915,5.2841
20340916,0
20340917,0.00066074
20340918,0
20340919,0
20340920,0.029509
20340921,0.36158
20340922,0.042629
20340923,4.1727
20340924,0.0019602
20340925,0
20340926,0.0032271
20340927,3.2079e-06
20340928,0
20340929,0.00047102
20340930,0.0025237
20341001,0
20341002,0
20341003,0
20341004,0.0016658
20341005,4.9259
20341006,2.2954
20341007,0.00097818
20341008,0.0054433
20341009,0.044483
20341010,46.451
20341011,19.661
20341012,9.6983
20341013,2.8193
20341014,1.4837
20341015,0.0023636
20341016,0
20341017,0.0038107
20341018,5.082
20341019,18.188
20341020,12.937
20341021,16.076
20341022,10.944
20341023,17.17
20341024,0.013757
20341025,2.7663
20341026,0.34922
20341027,5.7013
20341028,3.3547
20341029,6.953
20341030,0.26062
20341031,5.9782
20341101,3.7689
20341102,4.5897
20341103,8.8732e-05
20341104,17.598
20341105,7.2108
20341106,1.9288
20341107,0.01293
20341108,1.9702
20341109,5.623
20341110,7.7494
20341111,11.437
20341112,1.0509
20341113,1.7891
20341114,0.10362
20341115,0
20341116,18.752
20341117,32.539
20341118,1.5043
20341119,9.2598
20341120,1.0483
20341121,0.68752
20341122,0.47968
20341123,0
20341124,0.12737
20341125,0.15158
20341126,0.0020706
20341127,0
20341128,0.50756
20341129,0
20341130,0.083849
20341201,0
20341202,0
20341203,0.35867
20341204,0
20341205,0.00026872
20341206,0.66083
20341207,0
20341208,0.020459
20341209,0.0018421
20341210,0
20341211,0.048669
20341212,0.50856
20341213,3.5484e-09
20341214,4.1433e-09
20341215,9.0296e-10
20341216,5.1747e-10
20341217,1.2615e-09
20341218,1.3625
20341219,21.092
20341220,0.64139
20341221,0.0027981
20341222,0
20341223,1.209
20341224,9.8794
20341225,2.1405
20341226,3.9097e-06
20341227,0.00051564
20341228,0.00045974
20341229,0
20341230,0.00079036
20341231,0.0016721
20350101,0
20350102,0
20350103,0
20350104,1.0027
20350105,4.749
20350106,3.7144
20350107,1.036
20350108,17.562
20350109,0.60391
20350110,0.069578
20350111,1.1085
20350112,0.13404
20350113,15.893
20350114,1.4153
20350115,13.344
20350116,0.0043702
20350117,0.002696
20350118,0
20350119,1.6721
20350120,2.5357
20350121,0.00095409
20350122,0.63324
20350123,19.559
20350124,20.117
20350125,0.01537
20350126,0.0021493
20350127,0
20350128,0
20350129,0.0025408
20350130,0
20350131,0.00080729
20350201,5.2387
20350202,5.6822e-05
20350203,0.00088579
20350204,0
20350205,0
20350206,1.042
20350207,20.135
20350208,32.705
20350209,13.523
20350210,60.64
20350211,0.0015093
20350212,0.0015731
20350213,0.24056
20350214,0.1688
20350215,1.8614
20350216,1.8669
20350217,0.016402
20350218,0
20350219,0.0033887
20350220,0.00039935
20350221,0.15165
20350222,0.03509
20350223,0.0018758
20350224,0.00090219
20350225,0.00090005
20350226,0.14344
20350227,15.871
20350228,0.5688
20350301,0.040002
20350302,0.14075
20350303,0.087649
20350304,3.5426
20350305,0.00085624
20350306,0
20350307,0
20350308,0.027933
20350309,5.0345
20350310,1.1685
20350311,0.00015747
20350312,0.80156
20350313,4.7127
20350314,0.58893
20350315,0.0060733
20350316,0.053943
20350317,0.56519
20350318,2.0177
20350319,6.3178e-05
20350320,0.27929
20350321,0.033259
20350322,1.0372
20350323,0.05649
20350324,0
20350325,0.0030369
20350326,0.0020052
20350327,0
20350328,5.4262
20350329,36.067
20350330,13.889
20350331,0.75734
20350401,0
20350402,0.0082211
20350403,27.119
20350404,16.53
20350405,65.926
20350406,1.633
20350407,2.4936
20350408,2.9397
20350409,1.0936
20350410,0.6646
20350411,0
20350412,0.073032
20350413,0.87785
20350414,0.00050883
20350415,0
20350416,0.0012877
20350417,5.468
20350418,0
20350419,0
20350420,0.0021475
20350421,1.0812
20350422,0.0043244
20350423,5.2218
20350424,4.8378
20350425,0.21566
20350426,6.7832
20350427,0.74275
20350428,0.10633
20350429,2.5782
20350430,0.52957
20350501,25.389
20350502,6.5282
20350503,1.4209
20350504,8.1054
20350505,8.7086
20350506,2.0127
20350507,1.4442
20350508,0.054772
20350509,8.4431
20350510,17.539
20350511,0.25626
20350512,0.19097
20350513,0.0032942
20350514,0
20350515,0.061063
20350516,0
20350517,1.9337
20350518,0.98027
20350519,0.3979
20350520,0.81294
20350521,0
20350522,4.8073e-07
20350523,0.021899
20350524,0
20350525,0
20350526,0.30673
20350527,2.2233
20350528,4.4735
20350529,0.0039219
20350530,0.0045413
20350531,0.47585
20350601,0
20350602,0.27776
20350603,19.408
20350604,2.0719
20350605,0.014369
20350606,0.40983
20350607,1.5917
20350608,1.0943
20350609,0.51284
20350610,0
20350611,0.03746
20350612,0.32557
20350613,5.271
20350614,13.15
20350615,6.1337
20350616,2.8667
20350617,11.283
20350618,10.51
20350619,0
20350620,0.50939
20350621,5.1438
20350622,6.5433
20350623,4.2658
20350624,7.7789
20350625,10.805
20350626,4.8663
20350627,3.6168
20350628,8.0867
20350629,1.388
20350630,0
20350701,0
20350702,0.091219
20350703,0.20691
20350704,0.00062931
20350705,0
20350706,0
20350707,0.002567
20350708,0.76172
20350709,2.6622
20350710,3.903
20350711,0.0016183
20350712,0.57352
20350713,0.40397
20350714,1.0306
20350715,77.397
20350716,11.334
20350717,0.0037284
20350718,0
20350719,0
20350720,0
20350721,0.00076866
20350722,0
20350723,0.012685
20350724,25.596
20350725,55.36
20350726,0.013142
20350727,0
20350728,0
20350729,8.4625
20350730,5.0633
20350731,0.30113
20350801,4.339
20350802,2.2699
20350803,0.016812
20350804,1.3232
20350805,2.0508
20350806,3.7127
20350807,0.25055
20350808,21.025
20350809,5.9402
20350810,0.84194
20350811,0
20350812,2.6468
20350813,0.0071322
20350814,0
20350815,0.0082222
20350816,3.7036
20350817,0
20350818,0
20350819,0.93437
20350820,0
20350821,0.096313
20350822,10.676
20350823,2.5596
20350824,2.2791
20350825,2.5163
20350826,0
20350827,1.1145
20350828,1.7866
20350829,1.4632
20350830,1.9895
20350831,0.39552
20350901,6.3069
20350902,1.0062
20350903,14.937
20350904,0.0004501
20350905,0
20350906,0.0082068
20350907,6.5263e-05
20350908,9.1451e-05
20350909,0.0026027
20350910,0.004073
20350911,0.0018902
20350912,0.01614
20350913,5.1672
20350914,0.22481
20350915,3.6834
20350916,8.4768
20350917,14.026
20350918,5.1544
20350919,4.1021
20350920,2.711
20350921,0
20350922,0.62657
20350923,83.194
20350924,10.541
20350925,9.1115
20350926,0
20350927,0
20350928,8.0337
20350929,0.16183
20350930,0.0031129
20351001,0.12952
20351002,0.35914
20351003,0.0019313
20351004,5.3336
20351005,9.3962
20351006,34.553
20351007,0.20469
20351008,0.046442
20351009,1.8724
20351010,1.0123
20351011,0.19795
20351012,0.23436
20351013,0.0048392
20351014,0.149
20351015,0
20351016,0.00052879
20351017,0.34003
20351018,0
20351019,0.0003567
20351020,0.0010543
20351021,0.0030478
20351022,0
20351023,1.8949
20351024,2.267
20351025,17.348
20351026,1.2974
20351027,0.87918
20351028,0
20351029,0.0021251
20351030,13.765
20351031,16.128
20351101,2.1283
20351102,4.2164
20351103,0.00090058
20351104,0.0025299
20351105,3.3552
20351106,6.5624
20351107,3.6327
20351108,0.05767
20351109,0.27868
20351110,1.3022
20351111,1.1815
20351112,3.6096
20351113,29.158
20351114,17.482
20351115,51.71
20351116,0.0030415
20351117,0.00012068
20351118,0.059355
20351119,1.0149
20351120,16.539
20351121,3.8791
20351122,3.4061
20351123,28.337
20351124,17.875
20351125,1.3697
20351126,15.271
20351127,1.1103
20351128,0
20351129,0.0088083
20351130,27.024
20351201,17.255
20351202,0.03843
20351203,0.13938
20351204,6.7388
20351205,26.951
20351206,0.25378
20351207,0.30978
20351208,0.011363
20351209,1.6298
20351210,2.4722
20351211,0.0021725
20351212,0.0010265
20351213,1.4203
20351214,2.1799
20351215,0.53486
20351216,0
20351217,0
20351218,3.5045
20351219,7.2496
20351220,0.64883
20351221,0.61101
20351222,0
20351223,0.0026308
20351224,0.31365
20351225,0.24087
20351226,0.26455
20351227,0
20351228,0
20351229,0.0033385
20351230,0
20351231,0.0053925
20360101,0
20360102,0
20360103,0
20360104,0
20360105,0
20360106,0
20360107,0
20360108,0.86349
20360109,0.014081
20360110,0.00027788
20360111,0.050441
20360112,0.072676
20360113,0.035032
20360114,0.011564
20360115,0.21078
20360116,0.14488
20360117,0.12747
20360118,0.043809
20360119,0.10163
20360120,0.026193
20360121,0.33026
20360122,1.6057
20360123,1.7441
20360124,0
20360125,0
20360126,0.0041859
20360127,0
20360128,0.00039181
20360129,1.714e-05
20360130,0.00019567
20360131,0
20360201,1.1257
20360202,16.123
20360203,14.923
20360204,24.426
20360205,5.2197
20360206,8.3813
20360207,0.0011762
20360208,0.0010083
20360209,0.012137
20360210,0.031489
20360211,0.019293
20360212,4.0318e-05
20360213,0.00016345
20360214,0
20360215,0
20360216,0.30534
20360217,3.3714
20360218,36.059
20360219,11.738
20360220,2.1011
20360221,0.38303
20360222,0
20360223,0.0421
20360224,0
20360225,0.0010894
20360226,5.1611e-05
20360227,0
20360228,3.5927
20360229,0.731
20360301,0
20360302,0
20360303,0
20360304,0.62137
20360305,1.0551
20360306,17.625
20360307,26.347
20360308,20.932
20360309,31.067
20360310,3.3346
20360311,0.036258
20360312,2.0071
20360313,0
20360314,0.0038878
20360315,0
20360316,0.10273
20360317,7.5782
20360318,1.75
20360319,0.0279
20360320,0.69855
20360321,0
20360322,0.0014006
20360323,0.027753
20360324,0.56026
20360325,0
20360326,0.82749
20360327,8.1063
20360328,0.22951
20360329,1.0638
20360330,1.264
20360331,5.6976
20360401,0
20360402,0.90273
20360403,1.16
20360404,0.019014
20360405,3.9034
20360406,0.11087
20360407,0.49653
20360408,0.099526
20360409,0.0051163
20360410,4.1422
20360411,10.072
20360412,1.4494
20360413,1.7819
20360414,0.018628
20360415,0.034989
20360416,3.5701
20360417,0.058349
20360418,0.87499
20360419,1.2791
20360420,0.15742
20360421,0.0030414
20360422,0.023817
20360423,4.506
20360424,15.33
20360425,1.7088
20360426,2.3777
20360427,0.25896
20360428,0.012378
20360429,1.9872
20360430,0
20360501,0.32898
20360502,1.6268
20360503,1.3783
20360504,0.57753
20360505,1.719
20360506,1.7935
20360507,1.3077
20360508,0.0009389
20360509,6.4476
20360510,4.7769
20360511,5.856
20360512,6.0046
20360513,4.7672
20360514,16.337
20360515,8.8008
20360516,5.6409
20360517,7.7386
20360518,7.1444
20360519,1.7979
20360520,0.0074015
20360521,0
20360522,0.18766
20360523,1.7987
20360524,0
20360525,0
20360526,0.0037352
20360527,0
20360528,0.00060805
20360529,1.8808
20360530,0.0042287
20360531,0
20360601,0.00028118
20360602,1.4231
20360603,2.8531
20360604,0.01733
20360605,0.0016055
20360606,0.00036017
20360607,0
20360608,4.13
20360609,0.30733
20360610,0.029667
20360611,0.010235
20360612,0.76176
20360613,0.017552
20360614,0.86276
20360615,0.15003
20360616,13.141
20360617,8.8195
20360618,17.236
20360619,3.6685
20360620,0
20360621,0.002065
20360622,0.80405
20360623,5.918
20360624,0.02847
20360625,0.0020174
20360626,0
20360627,0.0082402
20360628,0.0018218
20360629,4.1019
20360630,4.7612
20360701,9.6362
20360702,4.0171
20360703,15.46
20360704,2.42
20360705,3.9385
20360706,6.0898
20360707,4.8788
20360708,3.3221
20360709,0.001661
20360710,0.83513
20360711,1.1745
20360712,0.7003
20360713,0.89836
20360714,1.4633
20360715,4.0085
20360716,9.8531
20360717,6.6625
20360718,12.821
20360719,9.8978
20360720,0.69878
20360721,0
20360722,0.0032383
20360723,0.66975
20360724,0.005218
20360725,2.7537
20360726,0.86985
20360727,9.2124
20360728,4.2605
20360729,15.953
20360730,3.1844e-05
20360731,0.013808
20360801,0.001666
20360802,0.0023781
20360803,2.5271
20360804,0.00033306
20360805,0
20360806,0.0028615
20360807,0.0034978
20360808,0.01066
20360809,9.5774
20360810,0.87583
20360811,0.27656
20360812,0.45396
20360813,2.4472
20360814,4.0022
20360815,8.7151
20360816,0.37099
20360817,0.019696
20360818,0.018713
20360819,1.1296
20360820,0.81147
20360821,0
20360822,0.024378
20360823,8.4821
20360824,30.749
20360825,9.0648
20360826,1.3749
20360827,0.0030778
20360828,0
20360829,0.24859
20360830,0.023828
20360831,0
20360901,0.13918
20360902,0.16064
20360903,0.64978
20360904,4.1281
20360905,10.325
20360906,35.492
20360907,0.0026804
20360908,0.0011033
20360909,0.0090359
20360910,0
20360911,0.0032276
20360912,0.17164
20360913,0.83118
20360914,0.0039154
20360915,5.3602
20360916,40.54
20360917,0.77701
20360918,0.043297
20360919,0.0035396
20360920,0.0011923
20360921,0.00066874
20360922,0.0002894
20360923,0.010526
20360924,0.063124
20360925,0.0013782
20360926,0.28837
20360927,0.0090552
20360928,0.51874
20360929,0
20360930,0.050735
20361001,0
20361002,0
20361003,0
20361004,0.00050142
20361005,2.1068
20361006,0.0008553
20361007,0
20361008,0
20361009,0.00070038
20361010,0.079931
20361011,65.203
20361012,11.459
20361013,10.052
20361014,5.8241
20361015,0.4609
20361016,0.52009
20361017,2.4279
20361018,0.069296
20361019,2.2747
20361020,0.060406
20361021,0.00037149
20361022,0.0020461
20361023,1.1822
20361024,0.24521
20361025,0.0055242
20361026,0
20361027,0
20361028,5.0918
20361029,6.1665
20361030,11.062
20361031,5.4153
20361101,0.89057
20361102,3.764
20361103,0.072701
20361104,0.0044685
20361105,0
20361106,0.025857
20361107,0
20361108,3.1495
20361109,0.8455
20361110,17.211
20361111,2.174
20361112,17.985
20361113,15.437
20361114,0.27291
20361115,0.87609
20361116,13.568
20361117,1.4746
20361118,0.48647
20361119,0.0048371
20361120,0.0030011
20361121,0.021053
20361122,0.18258
20361123,0.0014786
20361124,0
20361125,0.00057243
20361126,0.0028136
20361127,0.074289
20361128,0
20361129,0.0016553
20361130,0.093969
20361201,7.6156
20361202,9.7016
20361203,3.5698
20361204,14.513
20361205,18.557
20361206,0.6341
20361207,0.0020871
20361208,0.00047059
20361209,1.8855
20361210,0.00026441
20361211,0.00056619
20361212,0
20361213,0.0011378
20361214,0.0023259
20361215,0
20361216,0
20361217,0
20361218,0
20361219,0.0027269
20361220,0.00027328
20361221,0.12087
20361222,0.049842
20361223,0.55302
20361224,0.0012363
20361225,0.0021881
20361226,0.00054474
20361227,0
20361228,0.00059632
20361229,0.0028066
20361230,0.30515
20361231,0.16114
20370101,0.044016
20370102,0
20370103,0.89512
20370104,1.0771
20370105,8.595
20370106,0.18688
20370107,0.010437
20370108,0.040703
20370109,0
20370110,0.1001
20370111,0.0016912
20370112,0.4545
20370113,10.978
20370114,0.2093
20370115,0
20370116,0.25257
20370117,0.014955
20370118,2.2019e-05
20370119,1.7179e-06
20370120,0.00046438
20370121,0
20370122,0.078836
20370123,2.1805
20370124,0.0017224
20370125,0.00056817
20370126,0.2583
20370127,0
20370128,0.10821
20370129,0.14248
20370130,0
20370131,0.0025153
20370201,1.5289
20370202,16.685
20370203,22.308
20370204,0.0043499
20370205,0
20370206,0
20370207,0
20370208,0.00014826
20370209,1.1749
20370210,3.363
20370211,1.2558
20370212,0
20370213,0
20370214,0.1412
20370215,1.1581
20370216,28.186
20370217,27.117
20370218,0
20370219,3.9542
20370220,6.1371
20370221,9.5135
20370222,0.9634
20370223,0.48865
20370224,0.0087114
20370225,0.00040176
20370226,0.17532
20370227,0.031936
20370228,4.3571e-05
20370301,0
20370302,0
20370303,0
20370304,0
20370305,0
20370306,0
20370307,0
20370308,0.13782
20370309,6.8438
20370310,10.121
20370311,1.768
20370312,0.013538
20370313,0.43361
20370314,22.491
20370315,23.334
20370316,0.79706
20370317,0.0017094
20370318,0.43918
20370319,0.00068948
20370320,0.0010694
20370321,0
20370322,1.1375
20370323,8.5365
20370324,0.61531
20370325,0.050657
20370326,0.009808
20370327,0.72675
20370328,0.18905
20370329,0.60756
20370330,6.5573
20370331,4.1219
20370401,0.69397
20370402,0.055182
20370403,0
20370404,0.90884
20370405,0
20370406,1.3071
20370407,12.146
20370408,1.2478
20370409,1.655
20370410,3.7516
20370411,13.471
20370412,20.641
20370413,28.083
20370414,4.0902
20370415,3.4965
20370416,0.14016
20370417,0.6999
20370418,1.8842
20370419,0
20370420,0.0030134
20370421,0.74012
20370422,0.33838
20370423,0.00099617
20370424,1.957
20370425,0.026891
20370426,0
20370427,7.8635
20370428,1.6303
20370429,1.4905
20370430,0.026667
20370501,0.73783
20370502,0
20370503,0
20370504,2.6893
20370505,0.001286
20370506,0
20370507,1.1555
20370508,5.5918
20370509,0.024816
20370510,3.7258
20370511,1.5256
20370512,6.1233
20370513,6.5928
20370514,3.1292
20370515,3.4105
20370516,0.08505
20370517,0.32342
20370518,0.00024436
20370519,0.43418
20370520,2.1471
20370521,6.0679
20370522,0.47389
20370523,13.128
20370524,4.2735
20370525,0.51884
20370526,5.1592
20370527,3.1213
20370528,1.1354
20370529,5.0675
20370530,23.197
20370531,2.8733
20370601,0.010258
20370602,8.4571
20370603,7.4246
20370604,0.32211
20370605,1.2196
20370606,9.4869
20370607,4.5324
20370608,49.003
20370609,0.71951
20370610,7.6022
20370611,10.286
20370612,0.019746
20370613,0.0011347
20370614,0
20370615,0.00022007
20370616,0.0023606
20370617,5.9719
20370618,8.6893
20370619,1.7426
20370620,0
20370621,0.2913
20370622,5.1574
20370623,0
20370624,0.92329
20370625,0.00024528
20370626,0.0048823
20370627,9.4528e-05
20370628,10.274
20370629,0
20370630,0.0043841
20370701,0
20370702,0
20370703,0.03224
20370704,0.014081
20370705,13.329
20370706,40.122
20370707,8.6747
20370708,4.9687
20370709,7.385
20370710,0.00049136
20370711,0.0032975
20370712,8.8668
20370713,0.53156
20370714,5.2561
20370715,2.8491
20370716,0
20370717,0
20370718,12.782
20370719,9.0182
20370720,10.819
20370721,17.203
20370722,4.4676
20370723,3.0212
20370724,0.039399
20370725,13.412
20370726,0.40908
20370727,0
20370728,0.17347
20370729,0.046241
20370730,0.34916
20370731,0.015836
20370801,0
20370802,0.94796
20370803,7.2674
20370804,0
20370805,0.017162
20370806,0
20370807,0.0057324
20370808,0
20370809,0
20370810,0.12292
20370811,0
20370812,0.0019723
20370813,0
20370814,0.49855
20370815,0
20370816,0.13399
20370817,0.01232
20370818,0.007163
20370819,0.8828
20370820,2.0989
20370821,0.0027584
20370822,0
20370823,0
20370824,0.004563
20370825,0
20370826,0.00049822
20370827,0.015038
20370828,0.69983
20370829,0.12882
20370830,2.8891
20370831,2.241
20370901,5.5789
20370902,1.5635
20370903,8.0603
20370904,0.49802
20370905,0.040779
20370906,0.0036291
20370907,5.3374
20370908,2.3114
20370909,3.2058
20370910,0.0020289
20370911,0
20370912,9.4438
20370913,0.87303
20370914,3.0084
20370915,0.20383
20370916,0.00016019
20370917,6.0778
20370918,1.1328
20370919,0.038915
20370920,0
20370921,0.052056
20370922,15.935
20370923,0.67817
20370924,1.757
20370925,0.036983
20370926,0.47384
20370927,1.7711
20370928,8.9381
20370929,13.802
20370930,5.3454
20371001,0.0024256
20371002,0.02766
20371003,0.034481
20371004,6.3639
20371005,3.656e-05
20371006,0.045503
20371007,0
20371008,0
20371009,3.3753
20371010,0.81581
20371011,0.39541
20371012,0.14431
20371013,0
20371014,0
20371015,0.16915
20371016,0
20371017,0.061136
20371018,3.5733
20371019,2.582
20371020,0.19036
20371021,0.0012024
20371022,7.0281
20371023,8.5539
20371024,0.61811
20371025,3.4589
20371026,0.059003
20371027,0.09586
20371028,13.429
20371029,45.887
20371030,0.026454
20371031,6.4419
20371101,0
20371102,0.0037355
20371103,0.46355
20371104,0.0021831
20371105,0.30218
20371106,0.022692
20371107,21.037
20371108,0.11025
20371109,0
20371110,1.2008
20371111,0.43767
20371112,4.5816
20371113,0
20371114,0.15517
20371115,1.5114
20371116,6.6744
20371117,2.4352
20371118,12.225
20371119,3.5424
20371120,6.9469
20371121,14.7
20371122,4.7285
20371123,3.7637
20371124,8.4163
20371125,0.10009
20371126,0.002303
20371127,0
20371128,0.4018
20371129,0.4618
20371130,0.0023852
20371201,2.4788
20371202,0.20908
20371203,0.00068073
20371204,0.71064
20371205,0.20719
20371206,0.22505
20371207,0.0027544
20371208,5.9652e-05
20371209,0.11017
20371210,0.017007
20371211,0.30123
20371212,2.5448
20371213,1.795
20371214,0.0022263
20371215,9.6117
20371216,12.19
20371217,0.00044804
20371218,0.00026106
20371219,0.50482
20371220,10.491
20371221,0
20371222,1.4091
20371223,0
20371224,0.013579
20371225,0.78716
20371226,0.40761
20371227,0.10297
20371228,0.23292
20371229,0
20371230,0.010963
20371231,0
20380101,0.053076
20380102,0
20380103,2.1387e-06
20380104,0
20380105,1.3231e-05
20380106,8.3182e-05
20380107,0.00021697
20380108,0.42441
20380109,0.0010659
20380110,0.00018962
20380111,0
20380112,0.0010233
20380113,0.012978
20380114,0.00084082
20380115,0
20380116,0.0010219
20380117,0
20380118,0.59698
20380119,4.6414
20380120,0.27849
20380121,0.00063524
20380122,3.8188
20380123,0.0034667
20380124,0.26672
20380125,0.60201
20380126,10.237
20380127,1.7304
20380128,0.030572
20380129,0.026701
20380130,0
20380131,0.0041919
20380201,0
20380202,4.1528
20380203,0.78275
20380204,0.037602
20380205,0.00039014
20380206,0.3026
20380207,0.45487
20380208,0.28601
20380209,0.38334
20380210,1.6287
20380211,0.024911
20380212,0.0029147
20380213,0.013997
20380214,0.63776
20380215,0.0012028
20380216,0.020606
20380217,0.13021
20380218,0.0060302
20380219,0.11427
20380220,0.097281
20380221,0
20380222,6.7305
20380223,0.67481
20380224,0.81231
20380225,0.62523
20380226,2.6533
20380227,0.50206
20380228,5.2124
20380301,0.43854
20380302,0
20380303,0.00051495
20380304,0
20380305,0
20380306,0.017619
20380307,2.4698
20380308,3.0264
20380309,1.6865
20380310,1.1637
20380311,0.51126
20380312,0.28976
20380313,0
20380314,1.0369
20380315,0.017875
20380316,0.079331
20380317,0.0001074
20380318,0.86299
20380319,0.0025546
20380320,0.016588
20380321,0.10923
20380322,0.0074163
20380323,0
20380324,0
20380325,0
20380326,1.0005
20380327,0.0025168
20380328,0
20380329,0.0021169
20380330,0.95329
20380331,17.125
20380401,0.17592
20380402,0.00018909
20380403,2.5428e-05
20380404,3.172
20380405,30.004
20380406,40.071
20380407,3.8699
20380408,13.513
20380409,17.017
20380410,0.72015
20380411,1.621
20380412,0.50446
20380413,0.89945
20380414,0
20380415,0.0024769
20380416,1.8217
20380417,0.23608
20380418,0
20380419,1.0916
20380420,1.8377
20380421,47.445
20380422,15.699
20380423,19.158
20380424,1.8269
20380425,0.040559
20380426,0.0762
20380427,1.6003
20380428,1.8511
20380429,4.3544
20380430,2.7743
20380501,0.65896
20380502,0.7657
20380503,0
20380504,0.04063
20380505,8.4156
20380506,3.106
20380507,0.013273
20380508,0.029552
20380509,1.0018
20380510,0.011718
20380511,0
20380512,1.8497
20380513,3.3899
20380514,5.801
20380515,0.010706
20380516,0
20380517,7.812
20380518,0.0050529
20380519,0.12142
20380520,0.0018037
20380521,8.5865
20380522,5.2466
20380523,0.007547
20380524,1.4273
20380525,0.0061241
20380526,1.6638
20380527,2.0741
20380528,0.00076839
20380529,0.00047413
20380530,0.014932
20380531,0.00024498
20380601,0
20380602,0
20380603,1.8347
20380604,0.00088166
20380605,0
20380606,0
20380607,0.021052
20380608,2.2997
20380609,2.5174
20380610,18.836
20380611,4.5131
20380612,3.1167
20380613,7.8951
20380614,14.003
20380615,14.453
20380616,9.5098
20380617,1.0357
20380618,0.74515
20380619,2.254
20380620,5.7637
20380621,1.8087
20380622,0.45802
20380623,0.18165
20380624,0.038716
20380625,10.85
20380626,0.00034705
20380627,0
20380628,0.088541
20380629,0.56895
20380630,8.3714
20380701,6.1201
20380702,6.4014
20380703,21.789
20380704,8.2658
20380705,1.361
20380706,10.674
20380707,11.214
20380708,3.9115
20380709,5.6753
20380710,0
20380711,0.0061674
20380712,0.0023879
20380713,2.8959
20380714,1.1347
20380715,0.021
20380716,0
20380717,1.5255
20380718,1.9701
20380719,1.8833
20380720,0.00015652
20380721,0
20380722,2.6742
20380723,2.5373
20380724,1.3175
20380725,4.431
20380726,1.0254
20380727,0.0023652
20380728,0
20380729,12.051
20380730,13.938
20380731,11.562
20380801,8.3855
20380802,0
20380803,0
20380804,0.0031174
20380805,0.0018083
20380806,0.0015803
20380807,1.2307
20380808,6.6229
20380809,6.3433
20380810,0.0023433
20380811,0.0065387
20380812,0
20380813,2.5592
20380814,0
20380815,0.0099129
20380816,0.001284
20380817,1.2926
20380818,9.7619
20380819,6.06
20380820,0.031698
20380821,5.5696
20380822,6.163
20380823,0.1881
20380824,1.7659
20380825,0.000335
20380826,0.00042914
20380827,4.3527
20380828,0
20380829,1.4033
20380830,0.29386
20380831,0
20380901,0.0013932
20380902,0.0065693
20380903,0.0081609
20380904,0.0006039
20380905,0.0018605
20380906,15.166
20380907,7.9079
20380908,8.4393
20380909,0.34439
20380910,0
20380911,0.0056957
20380912,0
20380913,0
20380914,3.5916
20380915,2.8338
20380916,18.792
20380917,5.3019
20380918,0
20380919,0.00045145
20380920,0.53648
20380921,0.86612
20380922,2.7702
20380923,1.7681
20380924,0.43809
20380925,2.0325
20380926,0.017846
20380927,0
20380928,0.37343
20380929,0.028276
20380930,1.1724
20381001,0.9114
20381002,14.48
20381003,0.13875
20381004,2.2653e-06
20381005,0.48716
20381006,0.56993
20381007,0.074759
20381008,0.88026
20381009,12.387
20381010,0.0007461
20381011,0
20381012,0.0028367
20381013,3.2453e-06
20381014,3.6117e-05
20381015,0
20381016,0.20233
20381017,2.3371
20381018,0.0099956
20381019,1.4315
20381020,0.075177
20381021,0.55494
20381022,0.00031574
20381023,0.37821
20381024,0.31537
20381025,4.852
20381026,0.46814
20381027,0
20381028,0.099477
20381029,4.3181
20381030,15.418
20381031,21.313
20381101,16.153
20381102,52.554
20381103,1.588
20381104,0.0027824
20381105,0
20381106,0.85001
20381107,0.70218
20381108,3.4606e-06
20381109,3.5881
20381110,4.6531
20381111,25.746
20381112,5.1459
20381113,1.2358
20381114,0.0045957
20381115,0
20381116,0.31114
20381117,3.499e-08
20381118,0.015665
20381119,0.15396
20381120,0.0083563
20381121,0.44879
20381122,3.677
20381123,6.8482
20381124,18.013
20381125,1.523
20381126,0.12604
20381127,0.022456
20381128,0.087149
20381129,3.7543
20381130,1.5463
20381201,0.0087414
20381202,0.35215
20381203,0.079967
20381204,0
20381205,0.00064597
20381206,0.24355
20381207,0
20381208,5.2286e-08
20381209,0
20381210,0.0002435
20381211,0
20381212,0.00056077
20381213,0.00065598
20381214,0.00096218
20381215,0
20381216,0.03207
20381217,25.95
20381218,10.095
20381219,0.11002
20381220,1.9227
20381221,2.5978
20381222,3.1493
20381223,21.047
20381224,1.0719
20381225,1.0564
20381226,0.0049594
20381227,1.1898
20381228,25.985
20381229,0.011675
20381230,7.4166
20381231,1.968
20390101,0.077664
20390102,1.423
20390103,0.19864
20390104,0.17934
20390105,0.31756
20390106,0
20390107,0.30429
20390108,1.9502
20390109,0.0094199
20390110,0
20390111,0.0019296
20390112,0
20390113,0
20390114,0.0030331
20390115,0.050207
20390116,0.003419
20390117,0.55698
20390118,0.92189
20390119,0
20390120,2.7944
20390121,3.0373
20390122,0.019992
20390123,0.32901
20390124,4.6777
20390125,14.405
20390126,0.99094
20390127,0.53297
20390128,0
20390129,0.047343
20390130,0.040181
20390131,0
20390201,0
20390202,0
20390203,0.0053951
20390204,1.3971e-05
20390205,0.00065591
20390206,0
20390207,0
20390208,0.049764
20390209,27.171
20390210,15.829
20390211,0.028293
20390212,7.3008
20390213,31.277
20390214,21.586
20390215,38.409
20390216,8.5445
20390217,43.329
20390218,9.686
20390219,0.0007346
20390220,0.023116
20390221,0.00028315
20390222,0.049419
20390223,0.88277
20390224,0.0085039
20390225,0.48611
20390226,4.2508
20390227,8.0169
20390228,0.00078088
20390301,0.12746
20390302,8.9626e-05
20390303,0.0016266
20390304,0.013403
20390305,0.011285
20390306,0
20390307,0.00076174
20390308,0.10011
20390309,14.129
20390310,3.5549
20390311,13.625
20390312,23.373
20390313,42.463
20390314,4.9244
20390315,0.095875
20390316,0.97732
20390317,0
20390318,0.030644
20390319,0.38551
20390320,1.0144
20390321,18.751
20390322,19.074
20390323,4.2942
20390324,11.275
20390325,7.1716
20390326,2.0148
20390327,2.4235
20390328,0.0052074
20390329,0.50757
20390330,2.2042
20390331,0.0040615
20390401,0.00013989
20390402,0.00030824
20390403,3.3829e-05
20390404,13.228
20390405,16.217
20390406,0.81955
20390407,2.9854
20390408,2.2228
20390409,3.7851
20390410,0.6705
20390411,0.0005187
20390412,1.1938
20390413,0.0014256
20390414,0.0027659
20390415,1.6144
20390416,0.0061697
20390417,0
20390418,0.13958
20390419,15.68
20390420,3.3603
20390421,8.2868
20390422,0.0023087
20390423,0
20390424,10.27
20390425,16.355
20390426,0
20390427,2.3001
20390428,0.62106
20390429,8.0813
20390430,3.2394
20390501,0.17974
20390502,0
20390503,3.5121
20390504,7.9771
20390505,4.5059
20390506,3.981
20390507,1.2884
20390508,0
20390509,0.7743
20390510,1.4186
20390511,0.30474
20390512,0.39967
20390513,3.1168
20390514,0.011895
20390515,10.122
20390516,14.645
20390517,4.1503
20390518,5.7353
20390519,4.6304
20390520,10.053
20390521,3.3045
20390522,0.58348
20390523,9.599
20390524,4.5339
20390525,1.0612
20390526,0.26363
20390527,2.6156
20390528,0.0010131
20390529,0.001602
20390530,0
20390531,0
20390601,0.74408
20390602,0
20390603,7.9022
20390604,0.0039848
20390605,1.5804
20390606,5.4885
20390607,3.1062
20390608,2.5901
20390609,1.1748
20390610,0.003398
20390611,0
20390612,3.8301
20390613,0.0032838
20390614,0
20390615,4.516
20390616,0.13926
20390617,0
20390618,0
20390619,0.0033509
20390620,0.080385
20390621,4.3644
20390622,3.5392
20390623,1.3201
20390624,4.9705
20390625,11.347
20390626,10.379
20390627,8.9219
20390628,1.324
20390629,0
20390630,0
20390701,0.0013123
20390702,0.0020593
20390703,1.7833
20390704,0.002654
20390705,0.05564
20390706,9.5273
20390707,8.0196
20390708,4.8316
20390709,1.2052
20390710,0.0035412
20390711,1.0913
20390712,3.2475
20390713,4.0479
20390714,2.6876
20390715,0.0020661
20390716,0.0017641
20390717,0.00013811
20390718,0.0030245
20390719,1.9131
20390720,8.0122
20390721,0.27304
20390722,0
20390723,0.0055072
20390724,4.9143
20390725,0.017243
20390726,0
20390727,0.0086382
20390728,1.2341
20390729,2.2093
20390730,0.067368
20390731,1.9837
20390801,9.4783
20390802,7.4433
20390803,0.18403
20390804,1.4851
20390805,1.8138
20390806,6.7548
20390807,6.6584
20390808,4.7527
20390809,3.8098
20390810,7.7814
20390811,5.2544
20390812,0.30019
20390813,0.8468
20390814,0
20390815,0.0022702
20390816,1.0745
20390817,0.64908
20390818,0.28298
20390819,0.016178
20390820,8.2785
20390821,1.1799
20390822,0
20390823,0.0090741
20390824,0.10653
20390825,11.561
20390826,0.0084748
20390827,0
20390828,5.4027
20390829,13.677
20390830,0.036293
20390831,0.042827
20390901,0.033235
20390902,0.096412
20390903,0.99858
20390904,22.12
20390905,3.8514
20390906,10.519
20390907,2.4734
20390908,0.00092706
20390909,0.048129
20390910,2.3782
20390911,8.6067
20390912,18.449
20390913,0.00022171
20390914,0.0041483
20390915,0
20390916,0
20390917,0.0087078
20390918,1.1503
20390919,0.0015963
20390920,0
20390921,0.00017312
20390922,0
20390923,0
20390924,0.0021218
20390925,0
20390926,0
20390927,0
20390928,0.0026209
20390929,0
20390930,0.09407
20391001,20.423
20391002,68.936
20391003,26.446
20391004,26.309
20391005,31.15
20391006,2.1524
20391007,0.062553
20391008,3.871
20391009,4.1789
20391010,1.9881
20391011,0.59885
20391012,0.054307
20391013,1.1847
20391014,9.4274
20391015,0.034967
20391016,0.0022723
20391017,0.061638
20391018,0.47223
20391019,0.0039584
20391020,0
20391021,1.1412
20391022,0.38373
20391023,0
20391024,0
20391025,0
20391026,0.016554
20391027,0.07156
20391028,1.2404
20391029,0.0069907
20391030,0
20391031,0.0056882
20391101,6.9288
20391102,0.79302
20391103,2.3882
20391104,1.3337
20391105,0.13888
20391106,0.0014143
20391107,0.00072889
20391108,0.16422
20391109,0.0020914
20391110,0.0064456
20391111,1.6799
20391112,0.082635
20391113,0.096673
20391114,1.2951
20391115,1.9686
20391116,0.044685
20391117,0
20391118,0.0001895
20391119,0
20391120,0.00049246
20391121,1.2771e-05
20391122,1.7144e-05
20391123,0
20391124,0.00019613
20391125,0
20391126,0.0013756
20391127,0.0030957
20391128,4.5644e-05
20391129,0
20391130,0.0025201
20391201,2.1954
20391202,0
20391203,0.00091911
20391204,0
20391205,0
20391206,0
20391207,0.2038
20391208,0.0026013
20391209,0.0015887
20391210,0
20391211,0.00050122
20391212,0.00012019
20391213,0.00099079
20391214,0.033315
20391215,0.001436
20391216,0
20391217,0.00054317
20391218,0.04419
20391219,0
20391220,0.007352
20391221,0
20391222,0
20391223,0.0030477
20391224,0.058794
20391225,0.0002032
20391226,0
20391227,0.0017467
20391228,0.00011522
20391229,1.1445
20391230,16.481
20391231,9.6956
20400101,34.339
20400102,15.749
20400103,1.9517
20400104,0.017686
20400105,0
20400106,0.00087171
20400107,0.00040545
20400108,0
20400109,0.0010195
20400110,0
20400111,7.5911e-05
20400112,1.6245e-08
20400113,2.3288e-08
20400114,0
20400115,0.32684
20400116,2.398
20400117,2.3421
20400118,0.53895
20400119,0.029624
20400120,0.0014761
20400121,3.4356
20400122,8.5097
20400123,0.77534
20400124,0.0084022
20400125,0
20400126,0.088211
20400127,0.29018
20400128,0.17234
20400129,0.90255
20400130,0.0052288
20400131,3.6019
20400201,2.3547
20400202,0.082824
20400203,0
20400204,0.51913
20400205,0.61305
20400206,0.00095716
20400207,0.01501
20400208,0.77535
20400209,1.1964
20400210,0.00049193
20400211,6.5251
20400212,0
20400213,0.00015056
20400214,0.062144
20400215,1.5578
20400216,2.007
20400217,4.5888
20400218,0.00089471
20400219,0.00063346
20400220,0.011166
20400221,0.12187
20400222,0.001249
20400223,0
20400224,0
20400225,0.0025689
20400226,0
20400227,0
20400228,0.00030637
20400229,0.098215
20400301,0
20400302,0
20400303,0.0026372
20400304,0.012959
20400305,0.027091
20400306,0.1036
20400307,0.091377
20400308,0.13469
20400309,2.9362
20400310,0
20400311,0.0071066
20400312,0.0047939
20400313,0.0036978
20400314,0.53877
20400315,2.1684
20400316,1.7847
20400317,3.2997
20400318,3.1989
20400319,3.7263
20400320,1.1932
20400321,0.0555
20400322,0
20400323,1.0492
20400324,0.94125
20400325,0.038975
20400326,0
20400327,0
20400328,0.57202
20400329,0
20400330,0.0010558
20400331,0.0051085
20400401,0.56369
20400402,0.018995
20400403,0.83131
20400404,0.042294
20400405,7.5773
20400406,0
20400407,0
20400408,0
20400409,0.0011111
20400410,17.28
20400411,19.567
20400412,3.3742
20400413,4.5114
20400414,7.1207
20400415,5.5522
20400416,2.0162
20400417,1.5827
20400418,0.00079854
20400419,0
20400420,2.7814
20400421,0.55923
20400422,3.8471e-06
20400423,0.55951
20400424,0.00077139
20400425,0.0093578
20400426,1.2096
20400427,3.8457
20400428,0
20400429,0
20400430,0.0033478
20400501,0
20400502,0
20400503,0.29894
20400504,2.9934
20400505,0.89921
20400506,0.0082987
20400507,1.7477
20400508,1.2123
20400509,0.00047599
20400510,10.17
20400511,2.7054
20400512,1.7467
20400513,0.15391
20400514,0
20400515,0
20400516,2.0334
20400517,14.292
20400518,6.8156
20400519,8.1113
20400520,2.0397
20400521,3.0123
20400522,1.5009
20400523,0.019571
20400524,0.0085781
20400525,9.1463
20400526,20.651
20400527,14.965
20400528,0.47494
20400529,0.16593
20400530,0.52804
20400531,0.003397
20400601,0.00039933
20400602,3.95
20400603,7.4223
20400604,10.595
20400605,2.5596
20400606,1.8316
20400607,0.51826
20400608,0
20400609,2.1895
20400610,4.8154
20400611,12.619
20400612,4.0875
20400613,0.00019161
20400614,12.795
20400615,1.9535
20400616,0.84357
20400617,5.0627
20400618,6.212
20400619,10.562
20400620,11.642
20400621,4.216
20400622,0.066678
20400623,6.2741
20400624,1.0939
20400625,16.517
20400626,0.34851
20400627,0.61647
20400628,0.65642
20400629,3.323
20400630,0.0054579
20400701,0.006014
20400702,0.0019374
20400703,0.0011066
20400704,0.0014748
20400705,2.6873
20400706,0.0014889
20400707,3.6202
20400708,0.0014208
20400709,3.4981
20400710,2.3413
20400711,2.438
20400712,8.9095
20400713,2.4969
20400714,0.00072866
20400715,0
20400716,0.77023
20400717,5.0505
20400718,1.1098
20400719,0.055455
20400720,4.353
20400721,4.7583
20400722,0.0002104
20400723,0
20400724,2.2416
20400725,0.95991
20400726,0.003482
20400727,0
20400728,4.6656
20400729,0.0011996
20400730,0.04427
20400731,6.4283
20400801,0
20400802,0
20400803,0
20400804,0.0042712
20400805,1.6261
20400806,12.616
20400807,0.00012219
20400808,0.040841
20400809,0.010135
20400810,0
20400811,0.00073035
20400812,0.031821
20400813,1.9027
20400814,0.07637
20400815,8.0525
20400816,0
20400817,0.0064546
20400818,0
20400819,0.0031166
20400820,0.0021261
20400821,4.4191
20400822,0.64366
20400823,0.0041045
20400824,0
20400825,0.0023141
20400826,0.61082
20400827,3.2067
20400828,3.6269
20400829,7.9316
20400830,4.1189
20400831,3.6616
20400901,4.1136
20400902,0
20400903,2.3824e-05
20400904,0.0012903
20400905,0.70645
20400906,0.0012401
20400907,0
20400908,0.0047451
20400909,0
20400910,0.0053019
20400911,0.024103
20400912,1.8226
20400913,0.0062308
20400914,5.0444
20400915,10.054
20400916,1.918
20400917,4.6785
20400918,7.2756
20400919,19.483
20400920,22.972
20400921,13.094
20400922,0.25675
20400923,0.0028849
20400924,0
20400925,0.0051023
20400926,0
20400927,0.012863
20400928,0.024151
20400929,0
20400930,0.00093552
20401001,0
20401002,0
20401003,0.029041
20401004,0.00011854
20401005,0
20401006,0.0012897
20401007,0
20401008,0.00031624
20401009,3.5254e-05
20401010,0
20401011,0.00050913
20401012,0
20401013,0.00026788
20401014,3.7978e-05
20401015,0.0025742
20401016,4.8908e-08
20401017,0
20401018,0.15702
20401019,5.7114
20401020,1.7754
20401021,0.11076
20401022,1.5032
20401023,3.0566e-06
20401024,19.737
20401025,0.0079311
20401026,0.5611
20401027,0.081338
20401028,0.90449
20401029,0.86482
20401030,5.7104
20401031,7.0821
20401101,0
20401102,0.022903
20401103,0.00021598
20401104,1.2475
20401105,1.4096
20401106,0.083158
20401107,0.054863
20401108,0.033143
20401109,0
20401110,0.86838
20401111,0
20401112,0.092555
20401113,0.41495
20401114,0.024457
20401115,2.6451
20401116,0.66221
20401117,1.1174
20401118,0.074547
20401119,0.31872
20401120,11.7
20401121,9.1856
20401122,0.18556
20401123,0.000523
20401124,0.0071163
20401125,0
20401126,0
20401127,0.029205
20401128,0.20197
20401129,0.30108
20401130,1.7809
20401201,4.4084
20401202,0.9338
20401203,0.38215
20401204,1.0666
20401205,2.8503
20401206,0.59443
20401207,1.0304
20401208,24.558
20401209,40.243
20401210,33.531
20401211,0.0008899
20401212,0.00141
20401213,6.6452e-10
20401214,1.9493
20401215,0
20401216,0.032727
20401217,2.1042
20401218,0.4427
20401219,0.10859
20401220,0.0045348
20401221,0
20401222,0
20401223,0
20401224,0.5122
20401225,3.2012
20401226,27.454
20401227,8.6332
20401228,14.818
20401229,3.114
20401230,1.8893
20401231,1.2706
20410101,0.83942
20410102,0.094642
20410103,0.089907
20410104,0.49785
20410105,0
20410106,1.167e-08
20410107,0.0010319
20410108,4.9002e-07
20410109,0.0012404
20410110,5.5844
20410111,2.2966
20410112,0
20410113,1.9653
20410114,7.3394
20410115,13.086
20410116,0
20410117,0.34663
20410118,0.040349
20410119,8.5693
20410120,2.669
20410121,1.8289
20410122,0.014267
20410123,0.24463
20410124,0.0024584
20410125,0
20410126,0.47664
20410127,0.40007
20410128,0.24685
20410129,0.51034
20410130,0.38252
20410131,1.6764
20410201,0.60864
20410202,5.4717
20410203,5.9433
20410204,0.0011732
20410205,0.0057435
20410206,0.083102
20410207,6.2344
20410208,0.50553
20410209,1.3149
20410210,0.37613
20410211,0.042488
20410212,7.2172
20410213,1.837
20410214,0.0031362
20410215,0.82306
20410216,0.0019678
20410217,0.00047795
20410218,0
20410219,0.11224
20410220,0
20410221,0.0012682
20410222,0
20410223,0.0024193
20410224,0
20410225,0.0003684
20410226,0.236
20410227,0.006283
20410228,0
20410301,0
20410302,14.145
20410303,10.119
20410304,0.022887
20410305,0.44911
20410306,0.12722
20410307,0.038999
20410308,1.0842
20410309,0.0018027
20410310,0.0026089
20410311,0
20410312,0.030291
20410313,4.6952
20410314,1.2595
20410315,1.3444
20410316,1.3114
20410317,0.4405
20410318,0.15637
20410319,4.1572
20410320,0
20410321,0.15655
20410322,1.7926
20410323,0.018049
20410324,0.42578
20410325,0.0014107
20410326,0.74281
20410327,0.054538
20410328,0.54203
20410329,0
20410330,0.00041635
20410331,1.1193
20410401,0
20410402,0.41217
20410403,0
20410404,3.3361
20410405,9.2423
20410406,2.9047
20410407,0.0059788
20410408,0.0038179
20410409,0.0046108
20410410,0
20410411,0.00026419
20410412,0
20410413,1.9231e-08
20410414,2.5198
20410415,0
20410416,1.5566
20410417,0.00059167
20410418,0.888
20410419,3.5687
20410420,0.004553
20410421,0
20410422,0.0060031
20410423,0.00050863
20410424,0.045966
20410425,12.691
20410426,16.515
20410427,55.62
20410428,2.6773
20410429,3.435
20410430,0.0038399
20410501,1.9149
20410502,0.76902
20410503,0.89535
20410504,3.4015
20410505,2.0622
20410506,0.00024721
20410507,0.037693
20410508,2.1808
20410509,0.0027486
20410510,0
20410511,0
20410512,0.94718
20410513,0.0027412
20410514,0
20410515,0.0023776
20410516,0.00021
20410517,0.0019121
20410518,0
20410519,0.013878
20410520,0.56636
20410521,5.5289
20410522,0.65305
20410523,0.011351
20410524,0.017181
20410525,0
20410526,0.030631
20410527,5.6217
20410528,12.21
20410529,18.993
20410530,1.193
20410531,0
20410601,23.312
20410602,20.569
20410603,0.92896
20410604,0.32984
20410605,3.0721
20410606,0.009872
20410607,6.1425
20410608,0
20410609,0
20410610,0.0038722
20410611,7.9002
20410612,2.4197
20410613,6.9945
20410614,0
20410615,1.9193
20410616,3.7467
20410617,1.1038
20410618,0.016752
20410619,1.6576
20410620,0.0012565
20410621,0.001126
20410622,0.26562
20410623,0.088606
20410624,0.47947
20410625,0.014331
20410626,2.4283
20410627,3.0352
20410628,0.37594
20410629,0
20410630,0.16259
20410701,1.467
20410702,8.3096
20410703,13.909
20410704,0.49469
20410705,3.956
20410706,0.46905
20410707,0.014903
20410708,6.8994
20410709,3.8793
20410710,0.0011054
20410711,0
20410712,0
20410713,3.9281
20410714,0.74421
20410715,4.1739
20410716,2.5004
20410717,4.5222
20410718,6.3039
20410719,0.34114
20410720,0.011228
20410721,4.5801
20410722,10.562
20410723,1.4054
20410724,6.6365
20410725,0.26026
20410726,0.939
20410727,0.11302
20410728,0.010309
20410729,0.019948
20410730,3.5301
20410731,0
20410801,0
20410802,0.0030231
20410803,0.006729
20410804,4.2973
20410805,0
20410806,0.001368
20410807,3.3811
20410808,11.872
20410809,0.0019802
20410810,0.44908
20410811,3.431
20410812,0.0001184
20410813,3.7737
20410814,0.26835
20410815,4.6483
20410816,0
20410817,0
20410818,0.0069041
20410819,0.68514
20410820,0.037597
20410821,0
20410822,0.0049812
20410823,1.4005
20410824,0
20410825,0
20410826,0.00080669
20410827,0
20410828,0.0042331
20410829,0
20410830,0.56039
20410831,7.3929
20410901,1.3844
20410902,0.90355
20410903,0
20410904,0.0023282
20410905,0.001314
20410906,0
20410907,0.87122
20410908,0.0013755
20410909,0
20410910,0.0003168
20410911,0.0036028
20410912,3.4778
20410913,0.0011865
20410914,2.6588
20410915,2.8824
20410916,0
20410917,1.364
20410918,3.3756
20410919,8.5627
20410920,6.9403
20410921,2.1113
20410922,4.3196
20410923,6.2742
20410924,17.416
20410925,1.8554
20410926,0.0084712
20410927,0.0032524
20410928,0.0049998
20410929,0.53634
20410930,0.0031777
20411001,0.088293
20411002,36.831
20411003,1.5684
20411004,0.10092
20411005,3.0715
20411006,0.097847
20411007,0.12984
20411008,4.6938e-05
20411009,0.00050718
20411010,0.89909
20411011,6.0255
20411012,4.4652
20411013,8.9408
20411014,4.0698
20411015,0
20411016,3.9114
20411017,2.1234
20411018,3.9288
20411019,5.9651
20411020,0.0020837
20411021,0.0025389
20411022,0.56148
20411023,0.10808
20411024,0.75282
20411025,0.0065636
20411026,0
20411027,3.5043
20411028,3.1451
20411029,25.31
20411030,0.7756
20411031,0.0066367
20411101,0.057492
20411102,0.56103
20411103,0.0095478
20411104,0.0011076
20411105,0
20411106,0.76485
20411107,0.062357
20411108,0.54524
20411109,0.54425
20411110,0.17234
20411111,0.72926
20411112,0.011949
20411113,0.0011779
20411114,0.001676
20411115,6.1832
20411116,4.909
20411117,22.264
20411118,0.26573
20411119,0.55557
20411120,0.56421
20411121,0.0030922
20411122,0.11043
20411123,0
20411124,0.0007068
20411125,0
20411126,0.0035475
20411127,0.0001505
20411128,0
20411129,0.026468
20411130,1.2598
20411201,0.018682
20411202,0.13537
20411203,0
20411204,0.018398
20411205,0.0030358
20411206,0.00077117
20411207,0.012986
20411208,0.030948
20411209,0
20411210,3.5782
20411211,0.032974
20411212,0.0024073
20411213,0.0023812
20411214,0
20411215,1.0796
20411216,0.0034606
20411217,0
20411218,0.010232
20411219,0.0016165
20411220,1.5579
20411221,0.18368
20411222,0.047279
20411223,0.010897
20411224,0.0024269
20411225,0
20411226,0.003696
20411227,0.00097224
20411228,19.325
20411229,24.259
20411230,0
20411231,0.0072552
20420101,0.093972
20420102,0
20420103,0.00012127
20420104,0.025238
20420105,0.009037
20420106,0.00054149
20420107,0.41986
20420108,0.56374
20420109,0
20420110,0.0024858
20420111,0.24977
20420112,0.29239
20420113,0.41088
20420114,0.042546
20420115,0.0020513
20420116,0.38013
20420117,0.021455
20420118,0
20420119,0.00084217
20420120,0.29593
20420121,1.7651
20420122,0.0047953
20420123,0.11636
20420124,0.013814
20420125,0.00074384
20420126,0
20420127,0.0023344
20420128,0.236
20420129,0
20420130,0.034062
20420131,0
20420201,0
20420202,0
20420203,0
20420204,0
20420205,0
20420206,0
20420207,0.0022464
20420208,0.0014364
20420209,0
20420210,1.9919
20420211,5.2507
20420212,3.7304
20420213,0.034652
20420214,0.72274
20420215,0.40865
20420216,0
20420217,0.0023473
20420218,0
20420219,4.0212
20420220,0.018161
20420221,0.20992
20420222,0.0015902
20420223,0
20420224,0.0001818
20420225,0.00015697
20420226,0.30556
20420227,0
20420228,2.2734
20420301,7.1836
20420302,5.0963e-07
20420303,0.01327
20420304,0.092803
20420305,0
20420306,0.00047394
20420307,0
20420308,0.0027064
20420309,1.4002
20420310,0.036318
20420311,0.00026191
20420312,0
20420313,4.1367e-05
20420314,0
20420315,0.0031991
20420316,0
20420317,0
20420318,0
20420319,0.00094085
20420320,11.483
20420321,0.46564
20420322,13.044
20420323,1.7573
20420324,0.0057532
20420325,1.0386
20420326,0.83785
20420327,0
20420328,0.00090694
20420329,6.0129e-05
20420330,0
20420331,0.00055531
20420401,0
20420402,0.000379
20420403,6.5349e-05
20420404,0.55472
20420405,0.00011551
20420406,0.63794
20420407,3.7022
20420408,4.9457
20420409,0.81903
20420410,0.68885
20420411,3.294
20420412,3.996
20420413,0.090351
20420414,6.5585
20420415,12.835
20420416,2.2963
20420417,0.026565
20420418,0.0082687
20420419,0.052604
20420420,0.002285
20420421,0
20420422,3.0267
20420423,6.0421
20420424,1.1961
20420425,0.73053
20420426,1.2722
20420427,2.2974
20420428,0.0041663
20420429,0
20420430,0.96811
20420501,2.4465
20420502,4.5225
20420503,0.20952
20420504,0.00038028
20420505,0.0025569
20420506,0.00095067
20420507,0.0013354
20420508,4.1084
20420509,2.5062
20420510,0.00072683
20420511,1.1505
20420512,0.7243
20420513,0.0013536
20420514,0.92233
20420515,0.59996
20420516,0.0020162
20420517,0
20420518,0.065236
20420519,0.18747
20420520,0.18354
20420521,0.044664
20420522,0.00125
20420523,0.0088791
20420524,3.2434
20420525,0.0048085
20420526,0
20420527,0.0040935
20420528,0.40328
20420529,0.15002
20420530,5.4308
20420531,0.77174
20420601,0.026405
20420602,0.004715
20420603,1.1134
20420604,0.00039204
20420605,0
20420606,0
20420607,0.0041685
20420608,0.010207
20420609,0.00078475
20420610,3.7183
20420611,1.0023
20420612,0.35063
20420613,1.2639
20420614,0.0095204
20420615,0
20420616,0.51278
20420617,2.2446
20420618,7.254
20420619,4.4378
20420620,0.00101
20420621,0.011723
20420622,0.016211
20420623,0.0062078
20420624,0.0024379
20420625,4.6182
20420626,0.005055
20420627,0
20420628,0.0073264
20420629,0.0026466
20420630,0
20420701,1.477
20420702,1.1057
20420703,0.85227
20420704,12.899
20420705,3.7436
20420706,4.6643
20420707,3.9422
20420708,3.0829
20420709,0.65761
20420710,0.0015331
20420711,0.79691
20420712,1.3918
20420713,6.884
20420714,0.50361
20420715,7.7135
20420716,18.152
20420717,20.014
20420718,8.4589
20420719,0.67508
20420720,4.3256
20420721,0.018703
20420722,7.3002e-05
20420723,0
20420724,0
20420725,0.0079217
20420726,0.00073169
20420727,0
20420728,3.3798
20420729,0.027667
20420730,0.16285
20420731,1.5665
20420801,16.347
20420802,8.2525
20420803,4.9085
20420804,7.253
20420805,7.5041
20420806,3.3899
20420807,3.1894
20420808,1.9298
20420809,2.3703
20420810,0
20420811,11.132
20420812,35.774
20420813,8.7308
20420814,4.4657
20420815,1.8853
20420816,0.0038476
20420817,1.2946
20420818,11.995
20420819,3.9074
20420820,0.0046749
20420821,2.5403
20420822,2.5933
20420823,5.4794
20420824,0.0090678
20420825,0
20420826,0.0012962
20420827,0
20420828,2.8422
20420829,0
20420830,0.0052122
20420831,0.0061736
20420901,0
20420902,0
20420903,0.0011827
20420904,5.5838
20420905,0
20420906,0
20420907,3.0932
20420908,5.6077
20420909,0
20420910,0.001296
20420911,0.15351
20420912,0.0032297
20420913,0.0027042
20420914,0.00068027
20420915,0
20420916,0.0028419
20420917,0
20420918,0.029529
20420919,3.4846
20420920,0.39965
20420921,21.477
20420922,1.5609
20420923,0.0058401
20420924,0
20420925,0.54016
20420926,22.877
20420927,0
20420928,0.61297
20420929,0.46309
20420930,3.7064e-05
20421001,0.097548
20421002,0.00034198
20421003,0.028084
20421004,0.013564
20421005,0
20421006,0.020158
20421007,0.00099963
20421008,0.0011167
20421009,0
20421010,31.313
20421011,10.228
20421012,4.572
20421013,1.9843
20421014,0.53903
20421015,0.16202
20421016,0
20421017,0.28835
20421018,0.027516
20421019,3.3417
20421020,0.0018646
20421021,0
20421022,3.9057
20421023,0.20713
20421024,0.018588
20421025,0.3198
20421026,8.5895
20421027,0.0043259
20421028,0.15554
20421029,0.68811
20421030,0.004273
20421031,0.0041993
20421101,0.30303
20421102,18.305
20421103,2.4635
20421104,0.0030468
20421105,1.7503
20421106,0.010196
20421107,0.32076
20421108,0.00026775
20421109,4.4626e-05
20421110,1.8686
20421111,1.161
20421112,5.6276
20421113,13.357
20421114,1.431
20421115,0.89524
20421116,32.659
20421117,2.0492
20421118,0.002524
20421119,0.074173
20421120,0.26075
20421121,0.0017022
20421122,0.0016012
20421123,0.00032938
20421124,0.0024137
20421125,0.83023
20421126,0.26385
20421127,0.035112
20421128,0.032351
20421129,1.7823
20421130,0.62651
20421201,1.5973
20421202,0
20421203,0
20421204,0.00013905
20421205,0.00022041
20421206,0.26193
20421207,12.863
20421208,7.2675
20421209,0.012175
20421210,3.689
20421211,13.825
20421212,0.0053716
20421213,0.019807
20421214,0
20421215,0.0016764
20421216,0
20421217,0
20421218,0.0010593
20421219,0.0015148
20421220,0
20421221,2.2673
20421222,5.4387
20421223,10.777
20421224,8.9343
20421225,0.042135
20421226,0.0046277
20421227,0
20421228,0
20421229,0
20421230,0.68812
20421231,0
20430101,0.071828
20430102,0.041758
20430103,11.837
20430104,0.71147
20430105,9.6653
20430106,0.54121
20430107,1.7887
20430108,3.9641
20430109,21.232
20430110,0.00031168
20430111,0
20430112,0
20430113,0.078593
20430114,0.011806
20430115,5.059
20430116,0.11551
20430117,0.0022403
20430118,0.075622
20430119,0.0015973
20430120,0
20430121,0.18741
20430122,0.071229
20430123,0
20430124,1.4598
20430125,2.091
20430126,0.03248
20430127,0.028257
20430128,0.0022406
20430129,0.074505
20430130,12.149
20430131,0.25203
20430201,0.092084
20430202,5.1706
20430203,0
20430204,0.00018541
20430205,0.0049636
20430206,0.40314
20430207,0
20430208,0.10132
20430209,0.00077694
20430210,0
20430211,0.00031421
20430212,0.065099
20430213,0.54396
20430214,0.19041
20430215,0.93107
20430216,0.00069893
20430217,0
20430218,0.0042344
20430219,0.4166
20430220,0.0024537
20430221,0.0012574
20430222,0.00011485
20430223,0.00055363
20430224,0
20430225,0
20430226,0
20430227,0.0048627
20430228,0.7483
20430301,1.262
20430302,0.00068025
20430303,0
20430304,0.00035079
20430305,0.016231
20430306,0.0019883
20430307,0.094095
20430308,2.6124
20430309,0.0017435
20430310,0
20430311,0
20430312,4.9793e-05
20430313,0
20430314,0.46333
20430315,0.00050946
20430316,4.2183e-09
20430317,0.0023569
20430318,0.0024344
20430319,1.1925
20430320,0.49213
20430321,0
20430322,1.8215
20430323,2.3947
20430324,0.021496
20430325,0.0033211
20430326,0
20430327,0.002538
20430328,0.00090308
20430329,0
20430330,0.0048445
20430331,0.78692
20430401,2.0887
20430402,33.768
20430403,19.058
20430404,3.1591
20430405,5.0768
20430406,39.288
20430407,0.0033827
20430408,0.00079771
20430409,0.0049073
20430410,0.00051866
20430411,0.030379
20430412,0.14049
20430413,0.00050454
20430414,0
20430415,0
20430416,0.0080927
20430417,0.12921
20430418,0.014581
20430419,7.5412
20430420,16.442
20430421,10.03
20430422,19.488
20430423,2.2843
20430424,9.0154
20430425,2.6865
20430426,0.01827
20430427,0.0040413
20430428,0.065041
20430429,1.0716
20430430,0
20430501,0
20430502,7.3032
20430503,3.1874
20430504,0.1765
20430505,0.61902
20430506,8.4329
20430507,0.046222
20430508,0.018177
20430509,4.6167
20430510,0.00020607
20430511,9.5804
20430512,7.1234
20430513,5.6507
20430514,8.9923
20430515,10.615
20430516,18.471
20430517,14.531
20430518,4.1451
20430519,0.0028579
20430520,3.1011
20430521,1.8962
20430522,1.2754
20430523,8.1082
20430524,3.3476
20430525,0.014302
20430526,0.11335
20430527,1.695
20430528,5.5951
20430529,8.5777
20430530,13.949
20430531,4.81
20430601,16.494
20430602,1.5969
20430603,2.0843
20430604,1.7596
20430605,1.4066
20430606,1.4746
20430607,0.0087544
20430608,10.025
20430609,7.7981
20430610,11.476
20430611,2.1887
20430612,0
20430613,0.15645
20430614,4.8198
20430615,13.184
20430616,17.121
20430617,4.738
20430618,4.4982
20430619,1.58
20430620,0
20430621,0.021132
20430622,16.158
20430623,6.5127
20430624,0.46019
20430625,0.10719
20430626,2.3305
20430627,3.9555
20430628,3.4729
20430629,2.5974
20430630,0.44412
20430701,18.908
20430702,22.958
20430703,4.6309
20430704,2.1474
20430705,7.179
20430706,0.094665
20430707,0.54581
20430708,0
20430709,0
20430710,1.1231
20430711,3.3449
20430712,0.82978
20430713,0.25306
20430714,0.34211
20430715,0.0012152
20430716,0.00019101
20430717,0.060715
20430718,0.37899
20430719,0.7746
20430720,0.092889
20430721,0.015462
20430722,0.016602
20430723,0.26643
20430724,0.00030233
20430725,0.93092
20430726,0.0065361
20430727,0
20430728,0.0019538
20430729,2.1901e-06
20430730,0.68394
20430731,1.6148
20430801,1.9897
20430802,1.0322
20430803,0.0022974
20430804,7.6046
20430805,0.062175
20430806,3.572
20430807,2.9942
20430808,0.00014921
20430809,1.1329
20430810,2.1877
20430811,7.8867
20430812,4.1009
20430813,24.396
20430814,4.497
20430815,0.82584
20430816,0.0054333
20430817,5.2391
20430818,10.026
20430819,14.897
20430820,6.3544
20430821,4.7254
20430822,10.958
20430823,5.4783
20430824,0.19656
20430825,0.2502
20430826,0.044441
20430827,0.0037028
20430828,0.65057
20430829,0
20430830,1.9089
20430831,0.42051
20430901,0.20748
20430902,10.994
20430903,12.613
20430904,0
20430905,0.0010313
20430906,0
20430907,1.5589
20430908,13.382
20430909,4.0242
20430910,0.041756
20430911,1.517
20430912,4.2236
20430913,3.7779
20430914,3.0389
20430915,1.0575
20430916,0.083392
20430917,0
20430918,1.8107
20430919,0.16424
20430920,0.0081373
20430921,14.959
20430922,7.4538
20430923,5.5637
20430924,0.90667
20430925,1.2212
20430926,0.8944
20430927,2.2431
20430928,8.5631
20430929,8.7682
20430930,15.457
20431001,13.976
20431002,24.81
20431003,3.3429
20431004,13.255
20431005,6.8322
20431006,0
20431007,0.95871
20431008,17.627
20431009,10.085
20431010,0.039851
20431011,0
20431012,0.0011717
20431013,3.1516
20431014,6.1435
20431015,0.846
20431016,0.41596
20431017,0.81193
20431018,4.7036
20431019,27.252
20431020,0.44306
20431021,10.792
20431022,30.47
20431023,14.998
20431024,2.1553
20431025,0.92127
20431026,8.6063
20431027,5.6916
20431028,7.3735
20431029,1.7998
20431030,0.012784
20431031,0.0099748
20431101,0
20431102,0
20431103,0
20431104,0
20431105,0.020409
20431106,0.090156
20431107,0.0003555
20431108,0
20431109,0
20431110,0
20431111,0
20431112,0.43373
20431113,0.00064228
20431114,0.0044065
20431115,0.10219
20431116,0.057087
20431117,0.19501
20431118,0
20431119,0.0041948
20431120,0
20431121,0.00025349
20431122,0.0038879
20431123,0.32224
20431124,10.159
20431125,0.0028093
20431126,0.45763
20431127,0.02853
20431128,0
20431129,0.00072703
20431130,0.0020025
20431201,0
20431202,2.6898
20431203,0.021476
20431204,2.8624
20431205,4.6762
20431206,0.60878
20431207,0
20431208,0.004019
20431209,0.00079103
20431210,0.0037658
20431211,0.14808
20431212,0.10876
20431213,0.020517
20431214,0.051269
20431215,0.074527
20431216,0.011872
20431217,0.47954
20431218,0.14553
20431219,0.089884
20431220,0.84479
20431221,2.5267
20431222,0.044114
20431223,0
20431224,0.0016842
20431225,0.00701
20431226,0
20431227,0
20431228,4.6385
20431229,0.0023056
20431230,10.205
20431231,22.669
20440101,57.214
20440102,0.0022793
20440103,0
20440104,0.11918
20440105,0
20440106,0.29917
20440107,1.8439
20440108,9.4643e-05
20440109,8.3583
20440110,0.00028271
20440111,3.725
20440112,0.0033317
20440113,0
20440114,6.831
20440115,30.011
20440116,15.41
20440117,2.0486
20440118,0.22585
20440119,5.5941
20440120,1.3188
20440121,0.0095192
20440122,0.06279
20440123,0
20440124,0.0046459
20440125,3.2769e-05
20440126,2.4433e-05
20440127,0.00058633
20440128,0
20440129,0
20440130,1.0538
20440131,0.013039
20440201,0
20440202,0
20440203,0
20440204,0
20440205,0.1806
20440206,3.2447
20440207,2.7973
20440208,1.9629
20440209,2.0851
20440210,0.17033
20440211,0.16205
20440212,1.661
20440213,10.631
20440214,2.4327
20440215,0.41187
20440216,6.3515
20440217,1.1113
20440218,0.033321
20440219,0.0010985
20440220,0
20440221,0.00065523
20440222,0
20440223,0.10994
20440224,0
20440225,0.19111
20440226,1.0931
20440227,0.25744
20440228,0.037867
20440229,0.0031661
20440301,0
20440302,0
20440303,0.0051795
20440304,0.053463
20440305,1.0508
20440306,5.7217
20440307,0.18049
20440308,0.0039454
20440309,0.088081
20440310,0.00040293
20440311,0
20440312,1.1864
20440313,0.19161
20440314,0.79187
20440315,0
20440316,0.29223
20440317,0.82141
20440318,0.00022632
20440319,0
20440320,0.0014118
20440321,0
20440322,0.0022319
20440323,0.0024118
20440324,0
20440325,3.1043
20440326,28.756
20440327,5.5824
20440328,2.8034
20440329,0.8008
20440330,0.19747
20440331,2.0551
20440401,1.0785
20440402,0.18075
20440403,0.54606
20440404,0.80364
20440405,0.022694
20440406,0.0020461
20440407,0.098317
20440408,0
20440409,0.14268
20440410,0
20440411,1.5283
20440412,0.50188
20440413,0.042935
20440414,4.3293e-09
20440415,0
20440416,4.6964e-12
20440417,8.1002e-12
20440418,0.00079598
20440419,1.7976
20440420,5.3045
20440421,3.1026
20440422,2.598
20440423,5.2577
20440424,3.9866
20440425,0.62274
20440426,0.48404
20440427,0.0012772
20440428,0.0043683
20440429,1.4232
20440430,0.00052828
20440501,0
20440502,0
20440503,0
20440504,0
20440505,0
20440506,0.00070677
20440507,0.0070933
20440508,0.0016631
20440509,5.6313e-06
20440510,0.00013191
20440511,0.018715
20440512,0.34822
20440513,13.199
20440514,1.5633
20440515,2.3239
20440516,29.717
20440517,10.492
20440518,1.9197
20440519,0.15442
20440520,0.10848
20440521,1.5444
20440522,0.0017166
20440523,9.7562
20440524,0.066029
20440525,0.96937
20440526,5.0145
20440527,8.5639
20440528,0.85763
20440529,2.3861
20440530,2.0611
20440531,0.010509
20440601,3.348
20440602,3.8585
20440603,2.8906
20440604,12.932
20440605,6.2315
20440606,0.035338
20440607,2.369
20440608,4.3298
20440609,16.557
20440610,11.285
20440611,0.51861
20440612,1.1112
20440613,11.03
20440614,11.706
20440615,9.7587
20440616,8.8993
20440617,0.43107
20440618,0
20440619,0.069551
20440620,0.00034908
20440621,0
20440622,0.0029865
20440623,1.9892
20440624,4.1211
20440625,0.88909
20440626,1.062
20440627,0.011217
20440628,10.96
20440629,16.773
20440630,10.169
20440701,0.41808
20440702,0.0097133
20440703,6.6278
20440704,18.173
20440705,0.0089641
20440706,0.0027898
20440707,0
20440708,0.00043015
20440709,6.0584
20440710,1.1686
20440711,0
20440712,3.3493
20440713,0.0016178
20440714,0.0027505
20440715,2.6335
20440716,0.0028564
20440717,2.072
20440718,7.6532
20440719,3.3989
20440720,3.0099
20440721,4.904
20440722,7.0801
20440723,2.1234
20440724,6.8061
20440725,0
20440726,1.1709
20440727,1.7776
20440728,4.6741
20440729,2.5382
20440730,2.599
20440731,1.1231
20440801,6.018
20440802,9.7332
20440803,1.1026
20440804,0.43262
20440805,0.0022699
20440806,0.0020337
20440807,0
20440808,0
20440809,0
20440810,47.031
20440811,3.2185
20440812,0.21911
20440813,0.45659
20440814,2.0087
20440815,0.0026062
20440816,0.00035432
20440817,12.08
20440818,8.9018
20440819,12.505
20440820,8.724
20440821,0.00045077
20440822,0.119
20440823,2.1591
20440824,1.6253
20440825,0.29674
20440826,0
20440827,0.6666
20440828,2.2606
20440829,4.7669
20440830,0.029211
20440831,7.0586
20440901,3.7965
20440902,0.0021919
20440903,0.00014847
20440904,0.033809
20440905,4.2878
20440906,0.27515
20440907,0
20440908,0.0036037
20440909,0.00086451
20440910,5.3987
20440911,9.0513
20440912,1.1929
20440913,0.0021233
20440914,0.66869
20440915,4.5567
20440916,0
20440917,0.0023852
20440918,0
20440919,0
20440920,0
20440921,0.0028879
20440922,3.6796
20440923,0.0018302
20440924,0
20440925,0.0050342
20440926,0
20440927,0
20440928,0.0049155
20440929,0
20440930,26.008
20441001,31.238
20441002,11.052
20441003,19.502
20441004,23.669
20441005,0.0016148
20441006,0
20441007,0.00069912
20441008,0.12007
20441009,1.9641
20441010,18.625
20441011,2.2676
20441012,9.2195
20441013,4.9532
20441014,0.0013328
20441015,4.3797
20441016,12.814
20441017,0.36369
20441018,0
20441019,1.8192
20441020,12.497
20441021,0.0061553
20441022,0.29241
20441023,0.88139
20441024,0.01016
20441025,0
20441026,0.31556
20441027,2.4242
20441028,0.041655
20441029,0.62447
20441030,0.21849
20441031,0.015236
20441101,0.77682
20441102,0.20518
20441103,0.00039174
20441104,0
20441105,0.0081312
20441106,0
20441107,0.10866
20441108,0.52784
20441109,6.9771
20441110,0.17558
20441111,0.35089
20441112,5.6582
20441113,26.057
20441114,1.795
20441115,0
20441116,0
20441117,1.4548
20441118,11.871
20441119,6.713
20441120,1.0898
20441121,0.79861
20441122,0.25712
20441123,0.18496
20441124,0.83627
20441125,1.9305
20441126,0
20441127,0
20441128,0.0094226
20441129,0.070259
20441130,0.76254
20441201,0
20441202,0.39151
20441203,0.084884
20441204,0.00064705
20441205,0
20441206,0.16291
20441207,5.0656
20441208,24.489
20441209,15.081
20441210,0
20441211,0.00029319
20441212,0.00018368
20441213,0.00062868
20441214,0
20441215,0.061568
20441216,0.0086333
20441217,0.0030161
20441218,1.1824
20441219,0
20441220,0.000215
20441221,0.0011824
20441222,0
20441223,0.00015531
20441224,0.00092101
20441225,0
20441226,0.0024955
20441227,0
20441228,0.027531
20441229,0.0091679
20441230,0.004835
20441231,0
20450101,0.11324
20450102,1.5655
20450103,0.2042
20450104,0.00053797
20450105,0
20450106,0.0007151
20450107,0.35537
20450108,0.50467
20450109,0.15124
20450110,0.012137
20450111,0
20450112,0.024749
20450113,0.1276
20450114,0.02979
20450115,0.10089
20450116,11.007
20450117,2.1624
20450118,0.084436
20450119,0.3451
20450120,1.6976
20450121,0.0017457
20450122,0
20450123,1.4558
20450124,0.0090551
20450125,0.01993
20450126,0.25781
20450127,0.44878
20450128,1.3754
20450129,0.072566
20450130,1.3061
20450131,24.52
20450201,8.9204
20450202,27.377
20450203,0.95197
20450204,1.3045
20450205,1.4676
20450206,0.85852
20450207,1.6602
20450208,0
20450209,0
20450210,0.36664
20450211,0.0028517
20450212,0.071362
20450213,0.01419
20450214,0
20450215,0.13317
20450216,3.8819e-07
20450217,0.0015148
20450218,0.2735
20450219,2.3745
20450220,48.374
20450221,25.867
20450222,0.0016175
20450223,0.64522
20450224,0
20450225,0.001926
20450226,0
20450227,0.47333
20450228,0.1055
20450301,0.0027102
20450302,0.0016223
20450303,0
20450304,8.1409e-05
20450305,0.19546
20450306,3.1589
20450307,0.29419
20450308,0.39593
20450309,0
20450310,0.00019275
20450311,0.00074984
20450312,0.0029289
20450313,0.0060244
20450314,0.017342
20450315,23.323
20450316,2.883
20450317,7.4188e-05
20450318,0
20450319,0.00017879
20450320,0
20450321,0
20450322,0
20450323,0
20450324,0.78164
20450325,4.1401
20450326,0.40816
20450327,0.44127
20450328,1.5281
20450329,0
20450330,0.0052982
20450331,0.56532
20450401,0
20450402,0
20450403,0
20450404,0.046662
20450405,0.32675
20450406,0.00034586
20450407,0.37843
20450408,7.2922
20450409,16.004
20450410,1.3202
20450411,3.057
20450412,0.29943
20450413,4.1277
20450414,0.064675
20450415,0
20450416,0.0010611
20450417,0.096693
20450418,0.083917
20450419,0.18014
20450420,0
20450421,0.0022671
20450422,0
20450423,0.0004971
20450424,0.0022951
20450425,0
20450426,0.0045705
20450427,0
20450428,0.0017596
20450429,0.00097397
20450430,0.11026
20450501,1.1358
20450502,0.14323
20450503,7.4587
20450504,7.5759
20450505,0.57421
20450506,0.040874
20450507,0.12103
20450508,1.3648
20450509,0.39137
20450510,0.0030887
20450511,0.00064158
20450512,0
20450513,0.10115
20450514,0.29136
20450515,0
20450516,0.3966
20450517,0.95262
20450518,0.093294
20450519,0.01101
20450520,0.024995
20450521,0.46975
20450522,1.628
20450523,0.2673
20450524,0.0062732
20450525,0.053932
20450526,0.82974
20450527,9.1447
20450528,8.2006
20450529,2.6561
20450530,0.5729
20450531,1.725
20450601,2.1429
20450602,7.3201
20450603,0.25965
20450604,10.154
20450605,3.6666
20450606,0.15442
20450607,0.095168
20450608,1.0155
20450609,1.9798
20450610,0.73672
20450611,1.674
20450612,1.0856
20450613,1.1347
20450614,14.958
20450615,7.7583
20450616,11.9
20450617,3.4682
20450618,16.9
20450619,9.7078
20450620,4.3107
20450621,0.0026827
20450622,0
20450623,0.034869
20450624,0.42458
20450625,0.0057306
20450626,0.99587
20450627,10.711
20450628,0
20450629,4.2654
20450630,34.955
20450701,2.7465
20450702,1.6973
20450703,0.51907
20450704,0.88436
20450705,0.49957
20450706,1.722
20450707,3.2866
20450708,3.9094
20450709,1.7219
20450710,7.9613
20450711,5.3356
20450712,8.6953
20450713,0.77819
20450714,8.6681
20450715,7.8055
20450716,13.896
20450717,3.2634
20450718,0
20450719,0
20450720,2.9406
20450721,17.74
20450722,0.19422
20450723,2.0556
20450724,1.9214
20450725,0.0012119
20450726,19.848
20450727,8.9817
20450728,0.36272
20450729,0.93039
20450730,2.1229
20450731,3.3509
20450801,1.1946
20450802,0.00080417
20450803,0.29946
20450804,1.0017
20450805,0.083002
20450806,9.1472
20450807,0.19413
20450808,1.2992
20450809,5.2158
20450810,2.5338
20450811,7.1095
20450812,2.9489
20450813,0.0019303
20450814,0.068301
20450815,14.092
20450816,5.3781
20450817,10.24
20450818,5.9554
20450819,1.9245
20450820,2.2972
20450821,0.0016961
20450822,0.0047392
20450823,0
20450824,0.0025833
20450825,0.0031112
20450826,7.5263
20450827,0.0095914
20450828,0
20450829,0.0063379
20450830,0.26879
20450831,1.2172
20450901,0
20450902,0.63423
20450903,0.015361
20450904,1.4649
20450905,0.28996
20450906,0.0013677
20450907,0.078597
20450908,0.00095452
20450909,0.0014419
20450910,0.034548
20450911,2.9888
20450912,7.5553
20450913,3.2624
20450914,0
20450915,8.9507e-05
20450916,0.00036465
20450917,0
20450918,0.002496
20450919,0.065547
20450920,0
20450921,3.2423
20450922,7.8138
20450923,7.0364
20450924,1.7069
20450925,37.925
20450926,2.8207
20450927,25.431
20450928,16.28
20450929,5.33
20450930,24.784
20451001,1.4393
20451002,0.030931
20451003,7.7951
20451004,5.4957
20451005,3.6292
20451006,1.3833
20451007,4.8726
20451008,3.1536
20451009,9.1273
20451010,0.58608
20451011,0.0003142
20451012,1.4829
20451013,46.021
20451014,2.2523
20451015,13.043
20451016,35.398
20451017,0.19738
20451018,0.017772
20451019,4.6734
20451020,0.43391
20451021,0.0034194
20451022,0.54576
20451023,0.020853
20451024,0.45713
20451025,4.3746
20451026,3.9922
20451027,0.072623
20451028,0.32135
20451029,0.51809
20451030,0.93187
20451031,0.74481
20451101,0.010961
20451102,0.0034274
20451103,1.7529
20451104,0.4136
20451105,0.50344
20451106,0.014476
20451107,0.13789
20451108,0
20451109,0.0019175
20451110,0.00037888
20451111,0.080157
20451112,0.013543
20451113,0.00057233
20451114,2.4077e-05
20451115,0.00014564
20451116,6.4092e-05
20451117,0
20451118,4.1604e-05
20451119,0.48956
20451120,1.7176
20451121,9.7417
20451122,16.266
20451123,0.0061659
20451124,0.37674
20451125,0.12082
20451126,0.019407
20451127,0
20451128,0
20451129,0.04072
20451130,0.0045505
20451201,0.051676
20451202,0.10745
20451203,0.00031652
20451204,0.00068036
20451205,0
20451206,2.6251
20451207,17.819
20451208,18.299
20451209,0.54585
20451210,1.9957
20451211,8.903e-06
20451212,0.18228
20451213,0.021755
20451214,0.473
20451215,0.81349
20451216,0
20451217,0.00015519
20451218,0
20451219,0.00018209
20451220,1.0217
20451221,0.53197
20451222,4.3255
20451223,1.1803
20451224,0
20451225,0.46237
20451226,7.2027
20451227,0.011587
20451228,0.11005
20451229,0.24678
20451230,0.028887
20451231,0.054227
20460101,0.017761
20460102,0.36337
20460103,0.00041218
20460104,0
20460105,0
20460106,0.00246
20460107,0.074842
20460108,0.0056599
20460109,0.0003228
20460110,0.0077814
20460111,0
20460112,0.34994
20460113,0.071631
20460114,0
20460115,0.64321
20460116,4.8805
20460117,0.12143
20460118,1.4653
20460119,0.31039
20460120,0.0015521
20460121,0.001479
20460122,0
20460123,0.001405
20460124,0.0022
20460125,0
20460126,0
20460127,0.0022997
20460128,0.25821
20460129,2.6951
20460130,1.7933
20460131,0.1624
20460201,0.0021593
20460202,0.033537
20460203,0.042648
20460204,2.7775
20460205,0.81891
20460206,1.8993
20460207,0.73119
20460208,0.59062
20460209,0.59873
20460210,0.12225
20460211,0.0017469
20460212,5.7698
20460213,4.7386
20460214,0.13679
20460215,0.091189
20460216,7.2905
20460217,0.00076087
20460218,0.11642
20460219,1.6928
20460220,9.1541
20460221,0
20460222,0.00023701
20460223,0.00082489
20460224,0.017536
20460225,0.066256
20460226,0.25516
20460227,0
20460228,0
20460301,0
20460302,0
20460303,0.066483
20460304,0.0023717
20460305,0
20460306,0
20460307,0.0023589
20460308,6.9276e-07
20460309,0.0023604
20460310,0.0047201
20460311,5.7397e-05
20460312,0
20460313,0.0023608
20460314,0.02014
20460315,0.25145
20460316,0
20460317,0.032326
20460318,0
20460319,0.00015862
20460320,5.8459e-07
20460321,0.041733
20460322,13.368
20460323,9.4032
20460324,0.0029026
20460325,0.01192
20460326,17.641
20460327,0.017561
20460328,1.4707
20460329,0.0054971
20460330,0.0026428
20460331,0
20460401,0.00049494
20460402,0
20460403,9.7558e-05
20460404,2.1647e-10
20460405,6.6371e-06
20460406,0.89306
20460407,7.6519
20460408,1.8468
20460409,2.2057
20460410,1.5996
20460411,0.59537
20460412,0.55475
20460413,0.12875
20460414,0.013406
20460415,0
20460416,0.081597
20460417,0
20460418,0
20460419,0.24926
20460420,0
20460421,0.93008
20460422,0.00079494
20460423,8.9855e-05
20460424,0.0010009
20460425,6.3561
20460426,0.022113
20460427,0.016425
20460428,18.693
20460429,0
20460430,0.026372
20460501,0.033775
20460502,0.75967
20460503,12.979
20460504,3.0942
20460505,49.568
20460506,0.61307
20460507,0
20460508,0
20460509,0.17697
20460510,2.5552
20460511,0.0074429
20460512,0
20460513,6.6721
20460514,0.0057283
20460515,0.19822
20460516,0
20460517,0.018916
20460518,30.488
20460519,0.0030647
20460520,0.79407
20460521,0
20460522,0.0084051
20460523,0
20460524,0
20460525,0.37942
20460526,0.71831
20460527,0
20460528,0.020896
20460529,4.7288
20460530,2.5476
20460531,0.0015355
20460601,0
20460602,0.0038215
20460603,0.3278
20460604,0
20460605,0.00012661
20460606,0.040271
20460607,4.5908
20460608,2.1429
20460609,0.46863
20460610,0.26047
20460611,0.255
20460612,1.0221
20460613,0.0088342
20460614,0.71063
20460615,0.00027562
20460616,0.20071
20460617,0.0033446
20460618,0.0017986
20460619,0.0072188
20460620,7.3308
20460621,7.6689
20460622,3.7047
20460623,6.073
20460624,0
20460625,0
20460626,1.1823
20460627,0
20460628,0.042588
20460629,3.2734
20460630,5.6676
20460701,14.168
20460702,1.1321
20460703,1.1972
20460704,0.00095957
20460705,1.6634e-07
20460706,0.0038778
20460707,1.3804
20460708,0.067723
20460709,7.1156
20460710,0.18675
20460711,12.952
20460712,21.66
20460713,27.917
20460714,1.8983
20460715,0.0017269
20460716,2.8949
20460717,11.176
20460718,0.011424
20460719,0.18908
20460720,12.42
20460721,0.00085918
20460722,1.4076
20460723,0.028936
20460724,0.0084122
20460725,0.37841
20460726,1.6508
20460727,6.1038
20460728,4.4787
20460729,1.5871
20460730,1.5314
20460731,9.9792
20460801,8.1275
20460802,0.12218
20460803,0.0013311
20460804,0
20460805,0.0010551
20460806,0.00013364
20460807,0.0011636
20460808,0
20460809,0.0022013
20460810,0.0064112
20460811,3.5933
20460812,0.0042739
20460813,4.8018
20460814,0.0026496
20460815,0.004833
20460816,8.1123e-05
20460817,0.77112
20460818,0
20460819,6.6407e-08
20460820,0.25841
20460821,0.35211
20460822,0.0013105
20460823,4.712
20460824,9.5395
20460825,8.9001
20460826,1.7648
20460827,2.1466
20460828,7.82
20460829,2.4263
20460830,3.6453
20460831,4.241
20460901,4.0292
20460902,0.60805
20460903,10.624
20460904,16.584
20460905,0.014785
20460906,0.0018683
20460907,2.5624
20460908,2.2406
20460909,2.2169
20460910,0.03545
20460911,0
20460912,0
20460913,0
20460914,0.54456
20460915,8.6509
20460916,2.647
20460917,0.011745
20460918,0
20460919,0.0063412
20460920,1.2716
20460921,13.49
20460922,8.8417
20460923,0.024545
20460924,7.9501
20460925,0.013176
20460926,0
20460927,4.1356
20460928,21.838
20460929,0.50436
20460930,0.73234
20461001,0.36388
20461002,1.1735
20461003,0.0045407
20461004,2.7907
20461005,3.142
20461006,3.3566
20461007,9.8918
20461008,37.113
20461009,7.8186
20461010,29.778
20461011,37.607
20461012,0.024636
20461013,0.81515
20461014,2.3123
20461015,0.54391
20461016,1.6749
20461017,0
20461018,0.0025705
20461019,0.89437
20461020,0.58673
20461021,0.0055331
20461022,0
20461023,0
20461024,0.00157
20461025,0.0055873
20461026,0.01577
20461027,0.034178
20461028,0.00012768
20461029,0.01327
20461030,2.6315e-05
20461031,0.11342
20461101,12.049
20461102,1.3342
20461103,29.018
20461104,45.987
20461105,14.999
20461106,39.499
20461107,0
20461108,0.064588
20461109,13.928
20461110,0.15674
20461111,0.000749
20461112,3.5502
20461113,2.6705
20461114,1.14
20461115,0.0015563
20461116,7.7096e-08
20461117,0
20461118,0.96041
20461119,2.7875
20461120,0.00091977
20461121,0
20461122,0
20461123,0.0036785
20461124,0
20461125,0.49544
20461126,4.2825
20461127,1.4748
20461128,8.8228
20461129,7.9933
20461130,0.0033279
20461201,0.026993
20461202,0.0019914
20461203,0
20461204,0.00032395
20461205,1.9051
20461206,0.013066
20461207,0.0005184
20461208,0.0034037
20461209,0
20461210,0
20461211,0.0015106
20461212,0.00049273
20461213,0.00029686
20461214,0.001181
20461215,0
20461216,0.35893
20461217,0.35213
20461218,0.0005395
20461219,0
20461220,0
20461221,0.0059881
20461222,0
20461223,0
20461224,0.0014927
20461225,0.09307
20461226,0.59324
20461227,0.018686
20461228,0.00053505
20461229,0.1581
20461230,1.8667
20461231,0
20470101,0.005138
20470102,0
20470103,0.00041712
20470104,0.34714
20470105,0.0069726
20470106,0.00034661
20470107,2.6509
20470108,0.6863
20470109,0.17811
20470110,1.7624
20470111,0.9228
20470112,0
20470113,0.00024339
20470114,0.0088429
20470115,0.0010269
20470116,1.0439
20470117,2.9712
20470118,7.5839
20470119,0.065726
20470120,0.26559
20470121,0.019921
20470122,0
20470123,0
20470124,0
20470125,0.020333
20470126,0.63176
20470127,0
20470128,1.006e-08
20470129,0.22178
20470130,0.019028
20470131,5.1975e-08
20470201,0.0001684
20470202,0.00014687
20470203,0.4918
20470204,8.3323
20470205,3.2326
20470206,0
20470207,0
20470208,32.319
20470209,9.0094
20470210,0
20470211,0.00039866
20470212,0.0011532
20470213,0.0001102
20470214,0
20470215,4.6555e-06
20470216,0
20470217,7.6767
20470218,5.0248
20470219,9.2179
20470220,2.407
20470221,0.17647
20470222,0.15266
20470223,0.0041047
20470224,0
20470225,0.0032428
20470226,0.097509
20470227,0.23329
20470228,0.58507
20470301,0
20470302,6.9827
20470303,0.0074161
20470304,36.341
20470305,0.94319
20470306,2.7741
20470307,59.164
20470308,6.6364
20470309,1.4512
20470310,4.8735
20470311,5.4624
20470312,0.56719
20470313,5.9399
20470314,0.12634
20470315,0.26561
20470316,0.047805
20470317,0.00068703
20470318,0.0019005
20470319,0.010629
20470320,0.89615
20470321,1.8799
20470322,2.6555
20470323,0.067901
20470324,0.34292
20470325,5.3391
20470326,14.08
20470327,0.30427
20470328,0.016
20470329,0.00086819
20470330,1.1322
20470331,0
20470401,3.2056
20470402,0.0096397
20470403,0.18349
20470404,1.0902
20470405,0.0011861
20470406,21.171
20470407,0.00084843
20470408,0.0019797
20470409,8.2713
20470410,22.281
20470411,7.8867
20470412,0.35073
20470413,0
20470414,0
20470415,1.1174
20470416,6.841
20470417,4.2908
20470418,0.041399
20470419,0.0036784
20470420,1.5755
20470421,0.001521
20470422,2.0419
20470423,3.6642
20470424,13.655
20470425,19.21
20470426,0.39804
20470427,0.66262
20470428,0.092822
20470429,0.0040846
20470430,0.9513
20470501,4.1524
20470502,4.1971
20470503,0.014388
20470504,0
20470505,0.52419
20470506,3.2448
20470507,3.2893
20470508,1.4111
20470509,12.742
20470510,1.366
20470511,0.72486
20470512,0.00093434
20470513,1.3095
20470514,3.2976
20470515,4.1818
20470516,5.9298
20470517,4.1739
20470518,1.543
20470519,2.7212
20470520,0.00028467
20470521,0.0012259
20470522,0.00011629
20470523,1.8586
20470524,0.12977
20470525,1.5721
20470526,7.4519
20470527,0.95237
20470528,0.0056912
20470529,4.6397
20470530,0.48501
20470531,3.1749e-05
20470601,0
20470602,0.18904
20470603,0
20470604,0.094376
20470605,1.2928e-05
20470606,0
20470607,0.26605
20470608,0
20470609,0.0035894
20470610,0.11469
20470611,0.51548
20470612,0.00942
20470613,8.3596
20470614,12.274
20470615,4.4909
20470616,23.496
20470617,25.741
20470618,14.844
20470619,4.6548
20470620,7.7716
20470621,5.3042
20470622,4.8127
20470623,0.15509
20470624,0.0093663
20470625,0.0038352
20470626,1.803
20470627,9.674
20470628,1.041
20470629,0.024747
20470630,0
20470701,12.36
20470702,6.161
20470703,1.9467
20470704,0.55799
20470705,0.00011577
20470706,0.45592
20470707,7.4417
20470708,0
20470709,1.2355
20470710,0.5604
20470711,0.060267
20470712,8.4506
20470713,5.9929
20470714,0.0014217
20470715,0.24408
20470716,0
20470717,0
20470718,1.4304
20470719,3.271
20470720,2.6141e-05
20470721,0
20470722,0.0021477
20470723,1.1704
20470724,0
20470725,0.0024801
20470726,0.011648
20470727,0.0028524
20470728,1.1676
20470729,12.362
20470730,1.9779
20470731,16.822
20470801,0
20470802,4.3907
20470803,0.00081759
20470804,0.00098404
20470805,0
20470806,0.0013027
20470807,0.00086366
20470808,0.0028144
20470809,0.0010271
20470810,0.0013988
20470811,4.9173
20470812,0.0049407
20470813,0
20470814,0.0038528
20470815,0.54502
20470816,0
20470817,0.0019668
20470818,1.542
20470819,6.0299
20470820,0
20470821,0.002589
20470822,0.0032339
20470823,0.0082948
20470824,0
20470825,0
20470826,0.0010648
20470827,2.7994
20470828,0.0058963
20470829,0
20470830,0.012556
20470831,0
20470901,0
20470902,0.0015092
20470903,10.935
20470904,0.064469
20470905,0.035219
20470906,0.00044883
20470907,0.000927
20470908,0.071097
20470909,0
20470910,4.5135
20470911,45.746
20470912,6.2358
20470913,2.3319
20470914,1.2134
20470915,0.00088
20470916,0.547
20470917,9.2296
20470918,7.9645
20470919,4.2055
20470920,2.902
20470921,0.00095431
20470922,2.5289
20470923,6.7866
20470924,0.004332
20470925,2.6753
20470926,0.011645
20470927,0.54346
20470928,27.036
20470929,30.988
20470930,9.3009
20471001,1.5083
20471002,8.4327
20471003,7.9968
20471004,9.8487
20471005,10.218
20471006,0.04015
20471007,1.6754
20471008,0.85267
20471009,0.26971
20471010,0.0093833
20471011,0.051709
20471012,0
20471013,0.039998
20471014,0.24771
20471015,0.0068401
20471016,0.3058
20471017,7.3286
20471018,2.9916
20471019,4.6657
20471020,6.6727
20471021,0
20471022,0.34989
20471023,0
20471024,0.003435
20471025,0.004056
20471026,2.1109
20471027,5.3873
20471028,1.8764
20471029,11.18
20471030,0.3139
20471031,14.288
20471101,2.8481
20471102,0.71022
20471103,26.599
20471104,25.302
20471105,0.59358
20471106,0.28702
20471107,0
20471108,0.053664
20471109,0.0066816
20471110,3.3084e-10
20471111,1.7093e-09
20471112,0.7898
20471113,0
20471114,0.0012427
20471115,0
20471116,0.17531
20471117,0.0021389
20471118,0
20471119,0.0013371
20471120,0
20471121,0.0010913
20471122,0.0015313
20471123,0
20471124,0
20471125,0.0013129
20471126,0
20471127,0.0048105
20471128,0.11593
20471129,0
20471130,0.0050634
20471201,0
20471202,0.057942
20471203,0.075859
20471204,0.00018759
20471205,0.017187
20471206,0.06915
20471207,0.034397
20471208,0.41744
20471209,0.00070936
20471210,0.00047493
20471211,0.0027643
20471212,0
20471213,0.00039291
20471214,0.13742
20471215,0.97712
20471216,2.6071
20471217,0.33313
20471218,0.68212
20471219,7.0022
20471220,2.6231
20471221,0.024845
20471222,0.029708
20471223,0.019084
20471224,0.026101
20471225,0.0031807
20471226,2.3582
20471227,0
20471228,0.010442
20471229,0
20471230,0.0005249
20471231,0
20480101,0
20480102,0
20480103,0.0029833
20480104,4.5187e-05
20480105,0.22251
20480106,0.30485
20480107,0.23435
20480108,0
20480109,0.0006969
20480110,0.00068429
20480111,0
20480112,0
20480113,0.00037869
20480114,0
20480115,0.00046433
20480116,0
20480117,3.5945e-06
20480118,0.0016556
20480119,0
20480120,0
20480121,0
20480122,0.0015794
20480123,2.5626
20480124,0
20480125,0.0047058
20480126,14.987
20480127,26.501
20480128,12.716
20480129,0
20480130,0.0041921
20480131,0
20480201,0
20480202,0
20480203,0.25546
20480204,0.02916
20480205,0
20480206,0.00059207
20480207,0.00073461
20480208,0
20480209,0
20480210,0.0011237
20480211,0.26829
20480212,0.12428
20480213,1.234
20480214,0.15415
20480215,0.17013
20480216,0.0029633
20480217,0.92143
20480218,0.080186
20480219,0.042089
20480220,0
20480221,0.0027613
20480222,0.061389
20480223,0.062211
20480224,3.7532
20480225,0.10508
20480226,0.11143
20480227,0.48009
20480228,0.000873
20480229,0.0045523
20480301,0
20480302,0.29703
20480303,0.73219
20480304,0.00020109
20480305,0
20480306,0.029562
20480307,0
20480308,0.00066317
20480309,0.00076647
20480310,0.20223
20480311,4.4883
20480312,0.68836
20480313,0.79771
20480314,0.57214
20480315,2.7673e-05
20480316,0.52073
20480317,9.5595
20480318,0.85115
20480319,0.044534
20480320,1.7383
20480321,0.0017197
20480322,0.14693
20480323,2.3089
20480324,0.071462
20480325,1.4015
20480326,0.44835
20480327,0.0011285
20480328,0
20480329,0.60348
20480330,0
20480331,0
20480401,0.019477
20480402,0.0011122
20480403,5.1647
20480404,0.43761
20480405,0.0014373
20480406,0
20480407,2.7181
20480408,14.751
20480409,2.0281
20480410,0.41702
20480411,0
20480412,0.0016275
20480413,0.0028731
20480414,0.063529
20480415,0.0077033
20480416,1.8904
20480417,2.851
20480418,0.00041521
20480419,0.0014549
20480420,0.0011702
20480421,3.5349e-05
20480422,0
20480423,0
20480424,0.044622
20480425,0.0033823
20480426,0.25707
20480427,10.131
20480428,0.34516
20480429,12.288
20480430,1.4474
20480501,0
20480502,0.0085124
20480503,6.6648
20480504,0.0023363
20480505,0.63099
20480506,1.6479
20480507,0.0061128
20480508,0.0070827
20480509,0.0021441
20480510,1.5108
20480511,13.562
20480512,0.71308
20480513,0.15129
20480514,0.19817
20480515,0.020525
20480516,0.00076814
20480517,0
20480518,0.0032412
20480519,0
20480520,0.043838
20480521,0
20480522,1.3246
20480523,4.1051
20480524,12.127
20480525,0.0012133
20480526,0
20480527,1.1676
20480528,26.299
20480529,0
20480530,1.2746
20480531,18.43
20480601,0.39132
20480602,6.9931
20480603,0
20480604,5.0201
20480605,1.1682
20480606,0.28393
20480607,2.9621
20480608,1.4912
20480609,4.5421
20480610,8.3556
20480611,11.076
20480612,8.5699
20480613,4.7471
20480614,0.0053546
20480615,0
20480616,0.041756
20480617,0.079774
20480618,0.0034367
20480619,0.13535
20480620,0.15011
20480621,0.0075441
20480622,0.024094
20480623,9.0831
20480624,4.3556
20480625,0.00201
20480626,11.998
20480627,41.181
20480628,21.554
20480629,3.3676
20480630,0.19883
20480701,3.3445
20480702,4.4012
20480703,0
20480704,1.2316
20480705,1.9468
20480706,6.1981
20480707,4.907
20480708,4.3174
20480709,3.1087
20480710,5.7167
20480711,3.4929
20480712,1.5498
20480713,0.21796
20480714,17.876
20480715,4.2058
20480716,1.7181
20480717,11.014
20480718,3.5274
20480719,0.1541
20480720,13.217
20480721,6.3573
20480722,0.41698
20480723,5.7985
20480724,4.4898
20480725,0
20480726,0.013829
20480727,0.3417
20480728,0.30856
20480729,2.7172
20480730,0
20480731,0.0048205
20480801,0.4617
20480802,3.4606
20480803,2.9263
20480804,0
20480805,0.088739
20480806,1.3473
20480807,0
20480808,0.68763
20480809,0.0026
20480810,0
20480811,0.31462
20480812,0.53265
20480813,6.8428
20480814,1.6438
20480815,0
20480816,0.55687
20480817,0.61167
20480818,8.2885
20480819,6.5111
20480820,0
20480821,0
20480822,0.0030737
20480823,0.0024224
20480824,0
20480825,0.0011439
20480826,0.0066843
20480827,5.273
20480828,0.42223
20480829,0.15603
20480830,0
20480831,0
20480901,0
20480902,2.4174
20480903,5.9133
20480904,0.013508
20480905,5.4006
20480906,5.7944
20480907,0.36133
20480908,6.1362
20480909,0.61947
20480910,2.1565
20480911,0.036171
20480912,3.8308
20480913,7.8443
20480914,4.2359
20480915,7.358
20480916,4.0031
20480917,0.0027551
20480918,5.9274
20480919,20.839
20480920,0.018775
20480921,0.037315
20480922,0.38642
20480923,0.0111
20480924,0.036106
20480925,5.1999
20480926,24.245
20480927,2.1766
20480928,0.042807
20480929,0
20480930,0.063741
20481001,0
20481002,0
20481003,0.0025423
20481004,1.7222
20481005,80.238
20481006,19.301
20481007,27.966
20481008,6.9797
20481009,0.0088594
20481010,0.0022555
20481011,3.9456
20481012,0.35255
20481013,0
20481014,0.030704
20481015,2.4007
20481016,8.0373
20481017,0
20481018,1.4423
20481019,0
20481020,4.1117
20481021,4.8052
20481022,19.792
20481023,0.0045311
20481024,0.057362
20481025,0.0054432
20481026,1.9862
20481027,1.171
20481028,3.1606
20481029,0.12343
20481030,0.49192
20481031,0.49894
20481101,0
20481102,0.026367
20481103,2.1857
20481104,0.52273
20481105,1.2036
20481106,21.019
20481107,0
20481108,2.1821
20481109,2.1308
20481110,0.38457
20481111,0.62918
20481112,0
20481113,0.001572
20481114,4.8071e-08
20481115,0.0024796
20481116,0
20481117,0.0053398
20481118,0
20481119,9.3111e-09
20481120,2.8408e-08
20481121,0.29523
20481122,0.037926
20481123,0.056893
20481124,0.025926
20481125,0
20481126,0.00049686
20481127,0.00085774
20481128,0.00017202
20481129,0.028689
20481130,0.034907
20481201,0.00028123
20481202,6.1978e-05
20481203,0.26626
20481204,0.26952
20481205,2.7056
20481206,0.38593
20481207,0.070342
20481208,0.10313
20481209,0.010665
20481210,0.00097674
20481211,0.00099935
20481212,0.00099676
20481213,0
20481214,0
20481215,0.0011347
20481216,0
20481217,1.2109e-08
20481218,0
20481219,0.9647
20481220,1.5922
20481221,2.7614
20481222,0.001092
20481223,0
20481224,0.62304
20481225,1.1082
20481226,0.062974
20481227,0.0016114
20481228,0.0021776
20481229,0
20481230,0.24579
20481231,0.00048525
20490101,0.38247
20490102,0
20490103,0.0007877
20490104,0.0043331
20490105,0.22862
20490106,0
20490107,2.2766
20490108,30.51
20490109,8.3007
20490110,0
20490111,0.10742
20490112,28.602
20490113,38.086
20490114,4.7532
20490115,0.00055055
20490116,0.00073537
20490117,0.0036592
20490118,0
20490119,0.57722
20490120,0.84974
20490121,0.0995
20490122,0.045376
20490123,3.2635
20490124,10.883
20490125,4.3097
20490126,4.4514
20490127,0.0090291
20490128,0.006138
20490129,0.22548
20490130,6.5126
20490131,0.0023209
20490201,0.63288
20490202,0.5892
20490203,2.6354
20490204,0.70822
20490205,0
20490206,1.7844
20490207,0.14127
20490208,0.001244
20490209,0.11037
20490210,0.28284
20490211,0.11039
20490212,0
20490213,0.00079016
20490214,0
20490215,0.0080627
20490216,0.00023257
20490217,0.001538
20490218,0
20490219,0.22159
20490220,2.5676
20490221,1.2164
20490222,1.4604
20490223,0.24539
20490224,3.5955
20490225,0.0033232
20490226,0.0030403
20490227,0.00018165
20490228,0.00047685
20490301,0
20490302,2.1409
20490303,0.35071
20490304,3.5434
20490305,0.64398
20490306,0.2471
20490307,0.47867
20490308,0
20490309,0
20490310,0.26293
20490311,0.90731
20490312,0.065766
20490313,13.57
20490314,5.8075
20490315,0.06904
20490316,3.1341
20490317,0.10445
20490318,0.070744
20490319,0.73493
20490320,0.6439
20490321,0.015892
20490322,0.13612
20490323,1.745
20490324,1.35
20490325,0.0028267
20490326,0.008976
20490327,23.094
20490328,13.667
20490329,3.2139
20490330,1.4441
20490331,14.765
20490401,1.674
20490402,0.00020986
20490403,0.038774
20490404,2.3731
20490405,1.4794
20490406,0.16958
20490407,0.10936
20490408,4.2
20490409,2.7461
20490410,0.0021396
20490411,2.2679e-05
20490412,9.2907e-07
20490413,1.1663
20490414,0.13552
20490415,0.0091159
20490416,1.9721e-05
20490417,0.00064174
20490418,0
20490419,1.159
20490420,1.5097
20490421,0
20490422,0
20490423,1.0446
20490424,0.15943
20490425,0.0060186
20490426,0.00055081
20490427,0
20490428,0.026803
20490429,0.27124
20490430,0.0097585
20490501,0
20490502,0.00079517
20490503,0.59105
20490504,3.2491
20490505,0.0010445
20490506,0.00070641
20490507,0.0054059
20490508,2.5524
20490509,2.4015
20490510,2.1933
20490511,3.4901
20490512,6.3636
20490513,4.6224
20490514,2.8642
20490515,2.8475
20490516,0.00066839
20490517,0.00077293
20490518,2.0221
20490519,0
20490520,7.2868
20490521,2.9209
20490522,6.6764
20490523,2.5304
20490524,12.926
20490525,3.3727
20490526,3.5851
20490527,3.8871
20490528,1.7331
20490529,8.2744
20490530,4.7602
20490531,1.7571
20490601,0.99764
20490602,1.9105
20490603,15.41
20490604,10.361
20490605,0.39277
20490606,12.589
20490607,11.585
20490608,4.9557
20490609,0.95936
20490610,1.7313
20490611,3.7688
20490612,11.809
20490613,5.6194
20490614,3.0093
20490615,10.385
20490616,18.533
20490617,8.1952
20490618,2.3818
20490619,0
20490620,0.013927
20490621,0.11774
20490622,0.0038105
20490623,1.0718
20490624,0
20490625,1.2192
20490626,3.2681
20490627,0.088181
20490628,0
20490629,0.048163
20490630,47.918
20490701,1.4486
20490702,0.84179
20490703,0.001648
20490704,2.7014
20490705,3.6468
20490706,0.78706
20490707,0.99451
20490708,0.11117
20490709,0.78163
20490710,1.0154
20490711,1.8433
20490712,0
20490713,0.0013547
20490714,0
20490715,0.0033825
20490716,5.593
20490717,0
20490718,0.0031598
20490719,8.1661
20490720,0.74246
20490721,0.0046946
20490722,0.47734
20490723,0.00099879
20490724,1.2034
20490725,14.1
20490726,4.1548
20490727,4.0778
20490728,0
20490729,0
20490730,10.81
20490731,0.0060944
20490801,0.00035158
20490802,3.161
20490803,0.002961
20490804,0.013814
20490805,0.0050404
20490806,2.8353
20490807,0.0090697
20490808,0.004078
20490809,0.045762
20490810,6.6702
20490811,0
20490812,0.0016773
20490813,0.005491
20490814,2.3943
20490815,2.2072
20490816,0.34899
20490817,0.0027452
20490818,0.12818
20490819,0.03362
20490820,5.6653
20490821,2.7549
20490822,0.0029059
20490823,0.0017994
20490824,4.9254
20490825,16.061
20490826,9.2864
20490827,3.1826
20490828,3.6239
20490829,4.416
20490830,5.0319
20490831,0.85417
20490901,0.00053099
20490902,0.00022728
20490903,0.3806
20490904,17.194
20490905,0.0024742
20490906,2.3497
20490907,0.41698
20490908,1.5979
20490909,1.8193
20490910,0.49979
20490911,0.00080316
20490912,0
20490913,0
20490914,0.35181
20490915,2.4831
20490916,0.42185
20490917,0.25201
20490918,0.30948
20490919,3.5102
20490920,1.255
20490921,0
20490922,0
20490923,0.0042438
20490924,0.0015219
20490925,0.33774
20490926,4.3202
20490927,0
20490928,3.7072
20490929,4.5255
20490930,3.0017
20491001,0.098841
20491002,1.8507
20491003,0.00036048
20491004,0.00042607
20491005,9.3733
20491006,1.6553
20491007,0.02192
20491008,1.011
20491009,6.4361
20491010,0.97652
20491011,17.866
20491012,29.524
20491013,2.0177
20491014,0.042447
20491015,6.2448e-05
20491016,7.4263
20491017,33.432
20491018,0
20491019,0.0048354
20491020,2.8428
20491021,2.1444
20491022,1.3095
20491023,0.0022757
20491024,0.86476
20491025,1.1035
20491026,6.8626
20491027,5.0468
20491028,15.332
20491029,54.853
20491030,0.032795
20491031,0.0099713
20491101,0.04379
20491102,0.0023895
20491103,0.00044827
20491104,0.16106
20491105,0
20491106,0.00016017
20491107,0
20491108,0
20491109,0.023891
20491110,0
20491111,0.00053784
20491112,0
20491113,0.18888
20491114,5.4037
20491115,20.322
20491116,0.53251
20491117,0.0010367
20491118,0
20491119,0.00038581
20491120,2.2486e-05
20491121,0.0031481
20491122,0.2679
20491123,0.00027884
20491124,0.0015205
20491125,0.011383
20491126,0.0097679
20491127,1.6494e-06
20491128,0.00010756
20491129,0
20491130,0
20491201,0
20491202,0
20491203,0
20491204,0.010105
20491205,0.037493
20491206,0.00045974
20491207,0.26398
20491208,3.9537
20491209,18.823
20491210,20.693
20491211,5.8419
20491212,12.255
20491213,2.1188
20491214,0.32282
20491215,0.59205
20491216,0.16239
20491217,6.419e-05
20491218,0.0019151
20491219,0.010629
20491220,0.010158
20491221,0.42392
20491222,1.0045
20491223,0.29832
20491224,0
20491225,0.0027055
20491226,0.43635
20491227,0.018902
20491228,1.017e-05
20491229,0
20491230,0.00069058
20491231,0.0035111
20500101,0.062541
20500102,0.12748
20500103,0.02614
20500104,0.03799
20500105,0.014372
20500106,0
20500107,0
20500108,0.13462
20500109,0.0016246
20500110,0.018329
20500111,2.0533e-06
20500112,0
20500113,0.00036065
20500114,0.00074611
20500115,0.11364
20500116,0.0097544
20500117,1.0504
20500118,0.2108
20500119,2.0129
20500120,0.23523
20500121,0.0011715
20500122,2.7291
20500123,23.877
20500124,0.09514
20500125,0.0045995
20500126,0.11829
20500127,0.011254
20500128,1.5172
20500129,0.069277
20500130,0.38893
20500131,0.12386
20500201,0
20500202,0.00981
20500203,0.013183
20500204,0.00013755
20500205,0.1344
20500206,2.7254
20500207,0.24924
20500208,0.98389
20500209,0
20500210,0.00090036
20500211,0.199
20500212,0.091596
20500213,0.00029068
20500214,0
20500215,0.00032565
20500216,0.0017311
20500217,0
20500218,0
20500219,0
20500220,0.0014664
20500221,0.0015718
20500222,0
20500223,0.0013089
20500224,0
20500225,0.0017243
20500226,0
20500227,0
20500228,0.00087406
20500301,0.09759
20500302,0
20500303,0.00011926
20500304,0
20500305,0
20500306,8.3055e-07
20500307,6.4581e-06
20500308,0.013001
20500309,1.8677
20500310,28.151
20500311,9.4327
20500312,4.6811
20500313,0.29102
20500314,0.21626
20500315,0.57422
20500316,0.0016667
20500317,0
20500318,0.068944
20500319,2.873
20500320,1.9376
20500321,0.082388
20500322,0.80911
20500323,12.5
20500324,35.274
20500325,0.00013236
20500326,0.0034188
20500327,0.0011856
20500328,0.33991
20500329,0.71908
20500330,4.2806e-05
20500331,0.748
20500401,0.0023944
20500402,0.00045842
20500403,0
20500404,6.3055e-05
20500405,0.9807
20500406,0.019299
20500407,0
20500408,0
20500409,0.00023447
20500410,0.0088752
20500411,0.30164
20500412,1.5264
20500413,0.50075
20500414,6.5531
20500415,7.9451
20500416,5.0932
20500417,0
20500418,2.9343
20500419,0.0011528
20500420,1.7617
20500421,16.438
20500422,0.70866
20500423,0.051566
20500424,0.93574
20500425,0.059093
20500426,0.022383
20500427,3.9813
20500428,0.00016601
20500429,8.3011
20500430,4.2677
20500501,5.8738
20500502,19.548
20500503,7.5954
20500504,7.7975
20500505,2.366
20500506,4.2629
20500507,1.7719
20500508,3.3188
20500509,1.4947
20500510,1.335
20500511,3.1815
20500512,5.0816
20500513,2.0511
20500514,0.0062212
20500515,3.9179
20500516,0.5075
20500517,3.0441
20500518,0.0025211
20500519,0.096338
20500520,7.9673
20500521,0
20500522,0.23063
20500523,4.0751
20500524,4.6939
20500525,0.18157
20500526,0.20898
20500527,1.1411
20500528,1.6233
20500529,0
20500530,1.1669
20500531,3.6912
20500601,9.6448
20500602,19.852
20500603,7.116
20500604,1.5024
20500605,4.1036
20500606,1.1763
20500607,1.8159
20500608,4.29
20500609,0.62468
20500610,4.0247
20500611,0.0083043
20500612,7.251
20500613,0
20500614,0.053254
20500615,5.4976
20500616,12.644
20500617,0.0049336
20500618,0
20500619,0
20500620,0.002952
20500621,0.0015689
20500622,0.0043623
20500623,0.0080756
20500624,0.080102
20500625,0.029849
20500626,0
20500627,0.012519
20500628,0
20500629,0.6011
20500630,0
20500701,7.9794
20500702,0.00074825
20500703,1.0464
20500704,1.3184
20500705,0.72611
20500706,0.0039822
20500707,2.6415
20500708,0.26613
20500709,0
20500710,1.7088
20500711,1.5787
20500712,7.6969
20500713,7.247
20500714,7.5873
20500715,9.2327
20500716,9.8001
20500717,4.8138
20500718,0
20500719,3.3262
20500720,8.4996
20500721,2.4671
20500722,1.6601
20500723,0.053658
20500724,0.0032689
20500725,1.5885
20500726,3.0088
20500727,3.4946
20500728,5.4812
20500729,7.3417
20500730,5.4159
20500731,12.593
20500801,1.4359
20500802,0.27252
20500803,0.62842
20500804,1.5606
20500805,4.0415
20500806,3.6089
20500807,4.0126
20500808,0.011934
20500809,0.7389
20500810,0.24066
20500811,0.047003
20500812,0
20500813,0
20500814,0
20500815,0.0014428
20500816,0.0024375
20500817,0.0050654
20500818,0
20500819,0.98301
20500820,3.5841
20500821,6.9507
20500822,6.1866
20500823,7.4721
20500824,3.1602
20500825,0
20500826,0.012164
20500827,0.72213
20500828,8.036
20500829,1.6292
20500830,0.057608
20500831,0.70864
20500901,3.144
20500902,0.047431
20500903,0.0022109
20500904,0.00069665
20500905,0.0066795
20500906,0.0088061
20500907,0.51198
20500908,0.00079141
20500909,0.00079457
20500910,2.0444
20500911,0.0010828
20500912,0.0038976
20500913,0.0068412
20500914,2.8883
20500915,2.222
20500916,0.62883
20500917,0.0019071
20500918,0.0015103
20500919,0.95145
20500920,2.686
20500921,4.1061
20500922,0.95489
20500923,0.25408
20500924,0.92169
20500925,0.0042965
20500926,0.0031116
20500927,0
20500928,7.0005e-05
20500929,0.0022838
20500930,0.0025212
20501001,0.00065634
20501002,5.8593
20501003,3.8702
20501004,0.00088527
20501005,0.0050129
20501006,0.047227
20501007,0.22642
20501008,19.13
20501009,4.225
20501010,0
20501011,0.91065
20501012,1.5565
20501013,0.45158
20501014,5.888
20501015,0.085944
20501016,0.059439
20501017,0.012804
20501018,4.1772
20501019,16.471
20501020,0.000426
20501021,0.15792
20501022,0.62473
20501023,1.6512
20501024,0
20501025,0
20501026,0.0027683
20501027,20.906
20501028,25.706
20501029,1.6809
20501030,0.37278
20501031,36.272
20501101,36.759
20501102,3.3725
20501103,5.0003
20501104,14.123
20501105,2.8122
20501106,11.377
20501107,7.9823
20501108,0.36508
20501109,0.00041695
20501110,0
20501111,0
20501112,0.0010085
20501113,1.7547e-05
20501114,0.00013504
20501115,0
20501116,1.0952e-05
20501117,0.0024072
20501118,0.00011015
20501119,0
20501120,0.0026422
20501121,0
20501122,0.0032663
20501123,0.0013727
20501124,0
20501125,0.036229
20501126,0
20501127,0
20501128,0.0022554
20501129,0.009847
20501130,0.00020848
20501201,0
20501202,0
20501203,0
20501204,0
20501205,0
20501206,0
20501207,0
20501208,0
20501209,0
20501210,0
20501211,0.0045567
20501212,0.43701
20501213,3.1303
20501214,5.3729
20501215,3.0726
20501216,34.872
20501217,1.1327
20501218,2.5348
20501219,0.74286
20501220,0
20501221,0.73746
20501222,0
20501223,0.0010678
20501224,0.21174
20501225,5.9637
20501226,4.8713
20501227,0.28401
20501228,1.8094
20501229,4.0293
20501230,3.9339
20501231,0
20510101,0
20510102,0.0075046
20510103,0
20510104,0
20510105,0.00026894
20510106,0
20510107,8.8382e-05
20510108,0.00014754
20510109,1.0019e-05
20510110,0
20510111,2.4622
20510112,6.5125
20510113,0.015476
20510114,0.0060204
20510115,1.5762
20510116,0.0013618
20510117,0
20510118,1.2641
20510119,0.010181
20510120,0.049488
20510121,0.004156
20510122,0.59082
20510123,0.50497
20510124,0.024055
20510125,0.00018875
20510126,0.22085
20510127,0.91182
20510128,0.035067
20510129,0
20510130,0
20510131,6.4486e-06
20510201,3.5156
20510202,5.1923e-05
20510203,0.17439
20510204,0.040039
20510205,0.13416
20510206,0.17361
20510207,0
20510208,4.1055e-05
20510209,0.00020109
20510210,0
20510211,0.00015117
20510212,0.038342
20510213,5.6013
20510214,7.0915
20510215,9.0317
20510216,7.8086
20510217,30.229
20510218,1.3894
20510219,0.0024537
20510220,0.49228
20510221,0.11874
20510222,0.97233
20510223,0
20510224,0.0020528
20510225,0.3833
20510226,0.0046305
20510227,0
20510228,0
20510301,0
20510302,0.059232
20510303,0.76001
20510304,0.041581
20510305,1.0364
20510306,0.0011005
20510307,10.162
20510308,31.311
20510309,1.1966
20510310,0.794
20510311,0.14131
20510312,0.0072523
20510313,0
20510314,0.00082938
20510315,0.013701
20510316,0.12023
20510317,4.231
20510318,0.0028944
20510319,0.0010104
20510320,0
20510321,2.2543
20510322,3.5589
20510323,0
20510324,0.026254
20510325,0
20510326,2.2283
20510327,0
20510328,2.322
20510329,0.61509
20510330,3.6693
20510331,0.040741
20510401,0.77524
20510402,0.86474
20510403,0.20114
20510404,0.04032
20510405,0.41971
20510406,0.048684
20510407,0.00017943
20510408,0
20510409,0.00020937
20510410,0.0014601
20510411,0.14878
20510412,0.00027338
20510413,2.6953
20510414,1.6216
20510415,2.5748
20510416,0.23929
20510417,1.7752
20510418,0
20510419,2.6644
20510420,1.4801
20510421,0.50402
20510422,5.8632
20510423,34.851
20510424,12.343
20510425,4.0747
20510426,0.84935
20510427,4.0219
20510428,6.9832
20510429,2.4367
20510430,7.5495
20510501,4.7441
20510502,1.7628
20510503,2.2122
20510504,6.1236
20510505,8.921
20510506,2.2643
20510507,4.6395
20510508,30.369
20510509,4.9034
20510510,0.0068018
20510511,0.016995
20510512,0
20510513,0.0019752
20510514,0.0017625
20510515,0.13562
20510516,0
20510517,0.19378
20510518,4.0783
20510519,0.33399
20510520,0.82365
20510521,9.6482
20510522,8.061
20510523,0
20510524,1.4163
20510525,6.4465
20510526,0.15199
20510527,18.531
20510528,2.7265
20510529,0
20510530,0.1667
20510531,0.0078276
20510601,0
20510602,13.396
20510603,24.363
20510604,32.518
20510605,0.00090042
20510606,0
20510607,0.038889
20510608,0.06082
20510609,3.0449
20510610,0
20510611,0.0017344
20510612,2.3544
20510613,7.9162
20510614,16.767
20510615,0.002101
20510616,3.3578
20510617,14.189
20510618,4.311
20510619,0
20510620,0.0016935
20510621,0.16438
20510622,0.24016
20510623,0
20510624,0.84443
20510625,0
20510626,0
20510627,0.0092061
20510628,1.9873
20510629,0.0086288
20510630,0
20510701,0.00041835
20510702,0.25845
20510703,3.7646
20510704,0.0009763
20510705,0.014244
20510706,2.8252
20510707,20.412
20510708,9.0246
20510709,2.8264
20510710,2.5214
20510711,14.887
20510712,3.0946
20510713,5.15
20510714,0.019745
20510715,0.38935
20510716,0.20748
20510717,0.0050149
20510718,0.010952
20510719,0.63135
20510720,0.020301
20510721,2.007
20510722,3.614
20510723,11.983
20510724,2.5011
20510725,0.015298
20510726,0.0019679
20510727,0
20510728,0.00362
20510729,0
20510730,0.0017004
20510731,1.8578
20510801,5.5784
20510802,6.1131e-05
20510803,0.0040548
20510804,0.45314
20510805,2.2648
20510806,0
20510807,0.0028526
20510808,0.00090086
20510809,0.0068956
20510810,0.0056375
20510811,7.3987
20510812,0.070302
20510813,0.24825
20510814,0.050272
20510815,1.3732
20510816,0.0095553
20510817,8.876
20510818,20.145
20510819,1.6199
20510820,0.0021339
20510821,0.0037695
20510822,7.7204e-05
20510823,0
20510824,0.53877
20510825,0
20510826,0.0056368
20510827,9.162
20510828,0
20510829,0
20510830,5.8165
20510831,65.047
20510901,39.618
20510902,17.289
20510903,0.86327
20510904,0.00048168
20510905,6.032
20510906,0.04023
20510907,1.6705
20510908,0.036259
20510909,0
20510910,0.002327
20510911,0.0030495
20510912,0.0062213
20510913,0.30206
20510914,0
20510915,4.9442
20510916,32.362
20510917,0.064897
20510918,1.8509e-07
20510919,0
20510920,0.69799
20510921,1.8235
20510922,0.0059896
20510923,0
20510924,3.6027
20510925,0.0077093
20510926,0
20510927,0
20510928,0.0080238
20510929,0.0074728
20510930,0
20511001,0
20511002,0.014337
20511003,1.9471
20511004,0.00053555
20511005,0.00023356
20511006,0
20511007,3.6872
20511008,0.137
20511009,0.0025284
20511010,0.062893
20511011,0.033029
20511012,0.0021634
20511013,4.0539
20511014,0.0014272
20511015,0
20511016,1.657e-05
20511017,0.030262
20511018,0.0016858
20511019,5.2531e-07
20511020,0
20511021,0.34083
20511022,0.0049513
20511023,0
20511024,0.025831
20511025,0.096318
20511026,0.02873
20511027,2.1738
20511028,49.675
20511029,28.232
20511030,24.206
20511031,1.8039
20511101,0
20511102,0
20511103,0
20511104,0
20511105,0.060049
20511106,11.453
20511107,0.51381
20511108,0.18191
20511109,0.0039294
20511110,0
20511111,0.36827
20511112,0.0069408
20511113,0.013724
20511114,0.13036
20511115,0
20511116,0.031709
20511117,0.14416
20511118,0
20511119,1.6124e-06
20511120,2.4575
20511121,0
20511122,1.293e-06
20511123,1.3587e-06
20511124,0
20511125,0.049568
20511126,0.043501
20511127,0.4832
20511128,2.9275
20511129,6.8826
20511130,1.4909
20511201,0.071083
20511202,7.0245
20511203,4.9856
20511204,0
20511205,9.2223
20511206,13.804
20511207,1.1172
20511208,0.4584
20511209,1.1471
20511210,1.8797
20511211,0.17685
20511212,0.00082059
20511213,0.032584
20511214,0.0013387
20511215,0.0016308
20511216,0
20511217,0.0011511
20511218,0
20511219,0.0020428
20511220,0
20511221,0.23419
20511222,0.46166
20511223,0.48551
20511224,0
20511225,0.17796
20511226,0
20511227,4.034
20511228,9.1964
20511229,0.0014246
20511230,0.00069733
20511231,0.29915
20520101,3.4729
20520102,76.512
20520103,16.704
20520104,1.7318
20520105,1.056
20520106,1.0203
20520107,0.16415
20520108,0.037494
20520109,0.035748
20520110,0.22761
20520111,5.0054
20520112,0.033804
20520113,0.65568
20520114,0.020078
20520115,0
20520116,0.0013837
20520117,0.00015048
20520118,0.00037487
20520119,6.4919e-05
20520120,8.7719e-07
20520121,1.298e-06
20520122,1.2642e-06
20520123,4.9517e-07
20520124,0
20520125,0.0010411
20520126,0.0001658
20520127,0.079072
20520128,0.042214
20520129,0.20761
20520130,2.0353
20520131,1.3791
20520201,0.0052567
20520202,0.00060908
20520203,1.3805
20520204,1.2603
20520205,3.9737
20520206,9.0795
20520207,17.979
20520208,12.729
20520209,6.099
20520210,0.0076177
20520211,0
20520212,0.00075906
20520213,7.4792e-05
20520214,0.00015419
20520215,0.39797
20520216,0
20520217,0.34946
20520218,0.12285
20520219,2.3476
20520220,45.437
20520221,27.14
20520222,0.0018787
20520223,0.35367
20520224,0.25124
20520225,10.819
20520226,12.107
20520227,0.98146
20520228,4.4542
20520229,2.2734
20520301,0.7124
20520302,0
20520303,2.6937e-07
20520304,0.022812
20520305,0.64782
20520306,1.067
20520307,0.0597
20520308,0.84518
20520309,0.95532
20520310,1.0169
20520311,0.94008
20520312,0
20520313,0.0020758
20520314,0
20520315,0.0023526
20520316,0.00032196
20520317,0.00014204
20520318,0.0008478
20520319,0.080996
20520320,2.4789
20520321,3.9566
20520322,0.34439
20520323,0.63051
20520324,9.6284
20520325,1.7735
20520326,0.17337
20520327,4.232
20520328,12.993
20520329,2.5926
20520330,0.048753
20520331,0.00055758
20520401,0.55979
20520402,0.0078685
20520403,11.389
20520404,0.87434
20520405,0.098086
20520406,0.0024513
20520407,0
20520408,0.064663
20520409,3.1549
20520410,0.32862
20520411,1.2806e-06
20520412,3.2143
20520413,0.0036196
20520414,31.733
20520415,0.71618
20520416,1.4741
20520417,17.855
20520418,12.37
20520419,0.18335
20520420,5.2526
20520421,0
20520422,1.7375
20520423,21.071
20520424,1.2519
20520425,0.87951
20520426,1.166
20520427,5.8511
20520428,1.8997
20520429,42.558
20520430,34.753
20520501,6.6284
20520502,0.31885
20520503,2.5812
20520504,0.018933
20520505,2.0709
20520506,1.901
20520507,0.00079209
20520508,0.60357
20520509,4.4189
20520510,3.7594
20520511,0.58999
20520512,0.24312
20520513,1.2077
20520514,0.0049438
20520515,0.033125
20520516,0.013667
20520517,0.0071098
20520518,0.14896
20520519,1.0943
20520520,0.00015737
20520521,0.0002472
20520522,0.0020858
20520523,3.1539
20520524,0.52645
20520525,0
20520526,0.004723
20520527,0
20520528,0
20520529,0.13273
20520530,10.772
20520531,0.010762
20520601,0.12787
20520602,7.0331
20520603,0.0028449
20520604,0
20520605,0.0025458
20520606,1.9659
20520607,0.61382
20520608,0.40687
20520609,0
20520610,0
20520611,0.0055037
20520612,0.18103
20520613,0.0061334
20520614,0
20520615,0.061691
20520616,2.4634
20520617,0
20520618,0
20520619,9.6955
20520620,6.5503
20520621,5.2737
20520622,0.00051012
20520623,2.3055
20520624,1.9108
20520625,5.7969
20520626,0.64503
20520627,1.3129
20520628,3.2974
20520629,3.8794
20520630,8.2309
20520701,5.9965
20520702,2.4521
20520703,4.7033
20520704,2.7302
20520705,2.3439
20520706,2.1371
20520707,4.5612
20520708,5.5127
20520709,5.8718
20520710,7.5341
20520711,6.3402
20520712,3.8558
20520713,0.5525
20520714,1.8956
20520715,1.7362
20520716,3.685
20520717,1.9316
20520718,0
20520719,0
20520720,0.20297
20520721,0.30462
20520722,10.387
20520723,5.5271
20520724,10
20520725,2.0511
20520726,17.816
20520727,3.0586
20520728,0.0083591
20520729,0.41042
20520730,1.0612
20520731,2.4234
20520801,7.9699
20520802,4.0952
20520803,0.00069488
20520804,0.31813
20520805,8.3249
20520806,3.1893
20520807,3.0797
20520808,0.89408
20520809,0.0014021
20520810,0
20520811,0.16772
20520812,4.7788
20520813,1.7494
20520814,3.8613
20520815,2.2358
20520816,0.010094
20520817,0.24188
20520818,4.9862
20520819,4.9572
20520820,3.9325
20520821,6.1357
20520822,2.6433
20520823,3.7587
20520824,0
20520825,0.003263
20520826,0
20520827,0.0040272
20520828,3.6069
20520829,5.4478
20520830,4.9095
20520831,1.8049
20520901,0.65038
20520902,5.6624
20520903,11.282
20520904,1.4091
20520905,2.2225
20520906,6.0158
20520907,2.6523
20520908,4.6937
20520909,3.0619
20520910,0
20520911,1.4853
20520912,0
20520913,0.85091
20520914,0
20520915,0.0034758
20520916,0.00020793
20520917,0
20520918,0.0737
20520919,2.6357
20520920,0.00046015
20520921,0
20520922,0.0034238
20520923,0.4734
20520924,1.7988
20520925,10.982
20520926,0.5882
20520927,0
20520928,0
20520929,0.73165
20520930,3.0136
20521001,0.0028714
20521002,1.1181
20521003,1.9091
20521004,5.2174
20521005,1.0961
20521006,0.083247
20521007,2.7306
20521008,0
20521009,0.0046183
20521010,0.0088993
20521011,4.4751
20521012,5.0398
20521013,11.129
20521014,0.17549
20521015,0.0061121
20521016,4.1798e-06
20521017,1.1097
20521018,4.7419
20521019,0.31579
20521020,0
20521021,0.0014962
20521022,0.0014962
20521023,0.0019849
20521024,8.0901e-06
20521025,0
20521026,0.0072455
20521027,1.036e-07
20521028,0
20521029,0.25963
20521030,0
20521031,0.0048146
20521101,0
20521102,0
20521103,0
20521104,0.80732
20521105,8.4555
20521106,25.366
20521107,23.444
20521108,3.3394
20521109,0
20521110,0.00093914
20521111,1.4994
20521112,7.5205
20521113,0.00067061
20521114,0.00073669
20521115,0
20521116,0.001114
20521117,1.1416e-07
20521118,1.1311
20521119,2.036
20521120,0.12029
20521121,0.63876
20521122,0.0010256
20521123,0.060288
20521124,0.043989
20521125,0.0089444
20521126,0
20521127,0.40865
20521128,1.2689
20521129,0.059688
20521130,0.39716
20521201,0.14843
20521202,0.06333
20521203,0.0012927
20521204,0
20521205,0.13156
20521206,0.012336
20521207,0.12399
20521208,0.20715
20521209,0.36202
20521210,1.5913
20521211,0.042919
20521212,0
20521213,0.033596
20521214,0.6341
20521215,0.16541
20521216,10.312
20521217,11.758
20521218,5.5338
20521219,5.4304
20521220,0.0036784
20521221,0.0038262
20521222,0.026762
20521223,7.7394e-07
20521224,4.9617e-07
20521225,1.9613e-07
20521226,2.0673e-06
20521227,0
20521228,0.0039181
20521229,0.066519
20521230,0
20521231,0.0048187
20530101,0
20530102,0.00053788
20530103,1.4022e-09
20530104,0.11046
20530105,0.0076964
20530106,0.42286
20530107,6.5736
20530108,0.033639
20530109,0
20530110,0
20530111,0.00064844
20530112,0
20530113,0
20530114,0.0029591
20530115,0
20530116,0.49096
20530117,0.010186
20530118,0
20530119,0.025629
20530120,0.2607
20530121,0.10374
20530122,4.0447
20530123,28.095
20530124,12.558
20530125,20.477
20530126,19.642
20530127,0.070091
20530128,28.181
20530129,3.2981
20530130,1.3189
20530131,0.35823
20530201,4.1291
20530202,0.00024291
20530203,0
20530204,0.045841
20530205,0
20530206,0.0032145
20530207,0.0082691
20530208,0.001429
20530209,0.033161
20530210,1.8475
20530211,0
20530212,0.0026915
20530213,0
20530214,0.0022202
20530215,1.0964
20530216,0
20530217,0.18694
20530218,0
20530219,2.1621
20530220,6.7296
20530221,2.2914
20530222,2.4612
20530223,0.2451
20530224,1.7641
20530225,0.0038281
20530226,0.39493
20530227,0.011376
20530228,0.021044
20530301,0
20530302,0.0010915
20530303,0.057401
20530304,0
20530305,0.0006428
20530306,0.017317
20530307,0.00083949
20530308,0.00032025
20530309,0.0003072
20530310,0.0005355
20530311,2.0738
20530312,4.9904
20530313,0.13177
20530314,0.41916
20530315,0
20530316,0.0013979
20530317,0
20530318,0.00066779
20530319,0.0055158
20530320,0
20530321,0.083434
20530322,0.33853
20530323,6.8343e-05
20530324,9.7675e-06
20530325,0
20530326,1.8427
20530327,0
20530328,0
20530329,0.0009093
20530330,0.00080384
20530331,0
20530401,0.016088
20530402,6.1149
20530403,5.0387
20530404,27.14
20530405,1.4843
20530406,0.44121
20530407,1.1352
20530408,0.26998
20530409,0.16448
20530410,0.016877
20530411,1.4352
20530412,2.5348
20530413,0.0020134
20530414,0
20530415,0.017778
20530416,29.391
20530417,8.6272
20530418,1.8013
20530419,0.087553
20530420,0.00050762
20530421,0.0020509
20530422,1.5868
20530423,1.4713
20530424,5.5392
20530425,30.95
20530426,0.14278
20530427,3.9954
20530428,3.863
20530429,26.596
20530430,64.929
20530501,3.3452
20530502,0.078171
20530503,0.68187
20530504,0.76246
20530505,0
20530506,0.0057973
20530507,0.57426
20530508,0.65494
20530509,0.12332
20530510,0.8838
20530511,9.4961
20530512,0.36977
20530513,0.11763
20530514,9.7997
20530515,10.351
20530516,1.2013
20530517,3.0419
20530518,4.5044
20530519,2.742
20530520,0.012416
20530521,3.0293
20530522,2.9473
20530523,13.463
20530524,0.76777
20530525,0.00021691
20530526,0.0042418
20530527,0.0011529
20530528,0.0021723
20530529,0.00064668
20530530,2.9179
20530531,4.3361
20530601,2.2335
20530602,0.71004
20530603,7.0381
20530604,10.394
20530605,10.061
20530606,28.153
20530607,67.155
20530608,11.873
20530609,15.638
20530610,26.023
20530611,5.4578
20530612,5.5538
20530613,1.8883
20530614,1.6093
20530615,4.3848
20530616,8.8981
20530617,9.2987
20530618,5.4843
20530619,16.998
20530620,6.0458
20530621,1.7447
20530622,1.9116
20530623,4.6669
20530624,1.9104
20530625,10.978
20530626,7.0315
20530627,5.6904
20530628,3.6516
20530629,3.1078
20530630,9.935
20530701,11.776
20530702,18.833
20530703,0.054088
20530704,0
20530705,0.11464
20530706,7.0448
20530707,0.28984
20530708,4.8825
20530709,8.2945
20530710,4.7902
20530711,5.4629
20530712,3.1853
20530713,4.273
20530714,0.0068672
20530715,0
20530716,0.18856
20530717,0.0078456
20530718,0.0022969
20530719,0
20530720,0
20530721,0.0058358
20530722,1.2429
20530723,2.1187
20530724,0.47633
20530725,0
20530726,0.00039958
20530727,0.22268
20530728,2.5279
20530729,0.013703
20530730,0.0031007
20530731,1.7006
20530801,6.0288
20530802,0.2906
20530803,4.5228
20530804,6.2783
20530805,2.0694
20530806,0.38176
20530807,0.0020294
20530808,7.2248
20530809,7.6013
20530810,1.7738
20530811,0.0016778
20530812,0
20530813,4.5827
20530814,0.0069175
20530815,9.7968
20530816,7.6631e-05
20530817,0.42538
20530818,0.44483
20530819,0.0025308
20530820,0.0015527
20530821,0
20530822,1.8282
20530823,10.136
20530824,30.105
20530825,0.0038084
20530826,0.0030789
20530827,0
20530828,0.0016233
20530829,0.0033331
20530830,0.012098
20530831,0
20530901,0.00098322
20530902,2.0555e-07
20530903,2.0719
20530904,0.88777
20530905,1.4584
20530906,0
20530907,0.87082
20530908,6.5241
20530909,4.0194
20530910,2.5351
20530911,0.00022784
20530912,4.505e-06
20530913,4.2238
20530914,7.0828
20530915,1.5963
20530916,1.2117
20530917,2.7836
20530918,1.3251
20530919,29.749
20530920,0.41308
20530921,0.011751
20530922,0.15177
20530923,0.0025619
20530924,0.0055097
20530925,0
20530926,0.10041
20530927,15.77
20530928,7.2867
20530929,0.0057344
20530930,1.5958
20531001,3.7222
20531002,0.26708
20531003,0.00042816
20531004,0.00073143
20531005,0
20531006,5.1261
20531007,1.6819
20531008,0.00024857
20531009,5.5922
20531010,34.322
20531011,6.8217
20531012,23.439
20531013,31.824
20531014,8.9919
20531015,5.7689
20531016,0.58054
20531017,0.46636
20531018,0.0053635
20531019,1.6381
20531020,2.2689
20531021,1.471
20531022,0.0031525
20531023,0.0010155
20531024,0
20531025,0.055286
20531026,0.44854
20531027,0
20531028,0.00043399
20531029,0.004051
20531030,0.9596
20531031,0.35244
20531101,1.4352
20531102,6.3409
20531103,13.969
20531104,29.939
20531105,0.071491
20531106,2.4251
20531107,0.26839
20531108,28.976
20531109,5.8435
20531110,0.31776
20531111,41.023
20531112,11.1
20531113,5.6044
20531114,0.027977
20531115,0.287
20531116,0.0022535
20531117,0.041185
20531118,0.0060116
20531119,40.87
20531120,6.3297
20531121,0.23109
20531122,0.0076581
20531123,0.36399
20531124,0.15873
20531125,28.848
20531126,0
20531127,33.034
20531128,0.038302
20531129,0.0042564
20531130,0
20531201,0
20531202,2.9158
20531203,0.6285
20531204,0.00094955
20531205,22.83
20531206,16.587
20531207,3.4139
20531208,0.0021515
20531209,0.0010531
20531210,3.4057
20531211,0.001037
20531212,0
20531213,0.062239
20531214,0.39404
20531215,1.2368
20531216,5.8576
20531217,4.2379
20531218,12.611
20531219,20.816
20531220,0.99914
20531221,37.668
20531222,0.044264
20531223,17.167
20531224,5.7453
20531225,0
20531226,0.019723
20531227,0
20531228,0.15797
20531229,0.16734
20531230,5.496
20531231,0.86953
20540101,0.0071226
20540102,2.73
20540103,0.064637
20540104,0
20540105,0.00073076
20540106,0.072401
20540107,0.63391
20540108,0.0005511
20540109,1.2376
20540110,0
20540111,0.11307
20540112,3.8435
20540113,0.3362
20540114,0.53315
20540115,0.031051
20540116,0
20540117,0
20540118,0.0026295
20540119,0
20540120,0.0022441
20540121,0
20540122,0
20540123,0.12539
20540124,1.1752
20540125,4.4737
20540126,10.045
20540127,0.53574
20540128,0.77707
20540129,21.238
20540130,1.2828
20540131,0.12398
20540201,0.14376
20540202,0.16759
20540203,2.099
20540204,10.141
20540205,0.20506
20540206,0.012991
20540207,0.20717
20540208,0.069173
20540209,0.0028701
20540210,2.0451e-07
20540211,0.016586
20540212,0
20540213,0
20540214,0.0014696
20540215,0.57623
20540216,0.00034837
20540217,3.9383e-10
20540218,6.2853e-09
20540219,0.044899
20540220,0.0040017
20540221,8.5138e-07
20540222,2.3224e-06
20540223,1.5095e-08
20540224,0.001503
20540225,0
20540226,0.16523
20540227,3.2162e-06
20540228,11.53
20540301,0.15121
20540302,0.2274
20540303,0.0013243
20540304,0
20540305,1.3286
20540306,5.6717
20540307,0.13683
20540308,0.10837
20540309,0.0066244
20540310,0.0020136
20540311,0
20540312,0.0008746
20540313,0
20540314,2.6136e-05
20540315,0.23764
20540316,2.9879
20540317,0.30207
20540318,0.00020502
20540319,1.1939
20540320,1.5531e-05
20540321,0.23526
20540322,0.21351
20540323,1.2261
20540324,1.6533
20540325,0.028983
20540326,0.0090143
20540327,0
20540328,15.358
20540329,2.1163
20540330,1.1615e-07
20540331,0.0052787
20540401,0.69014
20540402,0.74781
20540403,12.019
20540404,15.047
20540405,3.208
20540406,6.209
20540407,3.1187
20540408,2.7929
20540409,3.6342
20540410,0.01612
20540411,0
20540412,0
20540413,0.00017764
20540414,0.00019092
20540415,0.001149
20540416,0.090915
20540417,0.0053711
20540418,0.23961
20540419,4.1476
20540420,0.0024551
20540421,1.2659
20540422,0.9603
20540423,1.0293
20540424,1.905
20540425,0
20540426,0.023839
20540427,1.5176e-05
20540428,0.077438
20540429,0.0012844
20540430,0
20540501,0.00018747
20540502,0.056872
20540503,0.01939
20540504,0.69282
20540505,0
20540506,0.41693
20540507,22.833
20540508,3.5084
20540509,0.04179
20540510,0
20540511,0.0015333
20540512,2.6167
20540513,0.00084303
20540514,0.00065922
20540515,0
20540516,0.44305
20540517,0.85935
20540518,7.7527
20540519,7.2555
20540520,4.8241
20540521,0.86785
20540522,1.5697
20540523,1.2337
20540524,3.9268
20540525,3.8797
20540526,0.26676
20540527,5.9171
20540528,0.0012325
20540529,0.11754
20540530,0.81812
20540531,0
20540601,1.8162
20540602,0.0012586
20540603,0.012002
20540604,0.00016238
20540605,0.00062995
20540606,0.00028266
20540607,0.0042854
20540608,0.0015666
20540609,0.72763
20540610,4.3663
20540611,8.3168
20540612,8.552
20540613,3.9097
20540614,2.3456
20540615,7.5283
20540616,8.2063
20540617,0.97336
20540618,9.5442
20540619,1.3304
20540620,0.0004021
20540621,0.20043
20540622,0
20540623,0.0086524
20540624,0.79812
20540625,4.0261
20540626,1.7512
20540627,4.458
20540628,5.7907
20540629,0.99599
20540630,3.478
20540701,9.2244
20540702,4.287
20540703,4.3678
20540704,6.6562
20540705,10.292
20540706,8.4845
20540707,0.0033763
20540708,0.004016
20540709,0.037921
20540710,0
20540711,0.0093917
20540712,0
20540713,0.0070357
20540714,0
20540715,0.0062473
20540716,6.0341
20540717,6.5183
20540718,13.221
20540719,2.4477
20540720,0.091921
20540721,0.0025253
20540722,0
20540723,2.3199
20540724,15.652
20540725,0.0029303
20540726,0
20540727,3.8438
20540728,0
20540729,1.1945
20540730,8.0124
20540731,2.3498
20540801,1.6708
20540802,0.15604
20540803,9.5336
20540804,8.1406
20540805,2.109
20540806,3.0856
20540807,7.5404
20540808,0.31036
20540809,0
20540810,0.0064997
20540811,0.79643
20540812,0
20540813,0
20540814,5.7786e-06
20540815,0.0058855
20540816,0.0031683
20540817,0.0024372
20540818,4.1446
20540819,0.016764
20540820,0.00047579
20540821,0.011226
20540822,0.0019951
20540823,3.0036
20540824,0.66084
20540825,0.0073818
20540826,0.0025418
20540827,0
20540828,0.0015519
20540829,0
20540830,0.17058
20540831,3.2492
20540901,0.0041506
20540902,3.9443
20540903,0.00032712
20540904,2.933
20540905,5.2334
20540906,10.368
20540907,3.3298
20540908,6.7851
20540909,5.9074
20540910,7.3638
20540911,8.1292
20540912,1.7749
20540913,0.0033154
20540914,0.00042428
20540915,0.012213
20540916,0.00030452
20540917,0.062289
20540918,0.00077862
20540919,0
20540920,0.0033492
20540921,0
20540922,0.9527
20540923,0.0077286
20540924,0
20540925,0.0062008
20540926,0.082538
20540927,0.1257
20540928,0
20540929,0.98974
20540930,0.06401
20541001,0.0088024
20541002,0.00014561
20541003,0.0018701
20541004,0.0011666
20541005,0.0013321
20541006,0.066018
20541007,0.0010539
20541008,0.069762
20541009,0.0016998
20541010,0.0039911
20541011,0.0033653
20541012,1.0415
20541013,0.062323
20541014,6.0237
20541015,10.883
20541016,0.88452
20541017,1.6749
20541018,0.10816
20541019,0
20541020,0.0027241
20541021,0
20541022,0
20541023,0
20541024,0.0044168
20541025,0
20541026,0.011366
20541027,0
20541028,0.030805
20541029,0.015841
20541030,0
20541031,0
20541101,0
20541102,0
20541103,0
20541104,0.51302
20541105,5.7367
20541106,4.5071
20541107,0.13421
20541108,0
20541109,0
20541110,0.0011938
20541111,0.0002074
20541112,0
20541113,0.00056861
20541114,0
20541115,0.00035313
20541116,0.00091803
20541117,0.00080812
20541118,0
20541119,0.003174
20541120,0
20541121,0.14938
20541122,0.005666
20541123,0
20541124,0.8145
20541125,19.873
20541126,5.9056
20541127,6.0208
20541128,6.8498
20541129,0.93542
20541130,0
20541201,0.0049163
20541202,0.0055757
20541203,0
20541204,0
20541205,0.0057461
20541206,0.025699
20541207,1.2789
20541208,5.8111e-06
20541209,0.0010601
20541210,0
20541211,0.003113
20541212,0.033464
20541213,0.24309
20541214,0.004603
20541215,9.6678
20541216,5.6813
20541217,0.0017467
20541218,0.39154
20541219,3.2788
20541220,0.0033884
20541221,3.3339
20541222,0.70054
20541223,0.81773
20541224,1.3179
20541225,0.44798
20541226,0
20541227,0
20541228,0.0020526
20541229,0.4483
20541230,4.6254
20541231,0.8659
20550101,28.568
20550102,2.003
20550103,0.13002
20550104,1.3092
20550105,0.00047751
20550106,0.008083
20550107,0.1316
20550108,0.017263
20550109,0.83222
20550110,1.455
20550111,0.079892
20550112,0.00083028
20550113,0.014173
20550114,0.12486
20550115,10.726
20550116,0
20550117,0.71925
20550118,0.0047459
20550119,1.316
20550120,0.64118
20550121,0.26694
20550122,27.495
20550123,0.025078
20550124,4.0707
20550125,20.037
20550126,6.4371
20550127,3.2415
20550128,44.63
20550129,34.712
20550130,19.38
20550131,12.938
20550201,15.204
20550202,5.4902
20550203,1.4264
20550204,6.244
20550205,0.52589
20550206,0.1154
20550207,3.3465
20550208,0.011141
20550209,0.00039782
20550210,0.27884
20550211,0.24761
20550212,0.92926
20550213,0.56583
20550214,1.7802
20550215,4.7549
20550216,0
20550217,0
20550218,0.00061101
20550219,0.0015403
20550220,0
20550221,0.0029063
20550222,0.17725
20550223,52.558
20550224,83.055
20550225,28.644
20550226,36.098
20550227,47.7
20550228,15.523
20550301,0.1321
20550302,0
20550303,0.58508
20550304,3.8162
20550305,26.609
20550306,6.0452
20550307,17.496
20550308,0.95848
20550309,20.812
20550310,0.87885
20550311,0.64422
20550312,1.9343
20550313,0.54331
20550314,0.0045856
20550315,2.5209
20550316,0.53848
20550317,0.18438
20550318,2.0665
20550319,1.8251
20550320,0.0018345
20550321,0
20550322,0.0026915
20550323,0
20550324,0
20550325,0.00015019
20550326,0
20550327,0.023314
20550328,4.7443
20550329,1.9222
20550330,0.89932
20550331,0
20550401,2.3503
20550402,4.8331
20550403,1.3944
20550404,0.001136
20550405,0.00036232
20550406,0
20550407,0.00043007
20550408,8.4705
20550409,0.03584
20550410,0.0017553
20550411,0.38407
20550412,0.005145
20550413,1.9018e-08
20550414,0.00077045
20550415,0.000411
20550416,0.00038236
20550417,3.2612
20550418,4.9693
20550419,0
20550420,0.0020459
20550421,0.0011517
20550422,0
20550423,0.0009375
20550424,0.022352
20550425,0.0084373
20550426,0
20550427,0.7212
20550428,0.011151
20550429,10.833
20550430,16.508
20550501,4.0007
20550502,31.219
20550503,18.419
20550504,1.0504
20550505,0.60944
20550506,0.35655
20550507,0
20550508,0.001653
20550509,15.397
20550510,12.246
20550511,0.81189
20550512,0.68811
20550513,0.62661
20550514,1.0639
20550515,1.2441
20550516,0.0037632
20550517,0.65948
20550518,0.018584
20550519,0.0010736
20550520,0.028731
20550521,1.4762
20550522,0.028108
20550523,3.9869
20550524,0.25095
20550525,3.9386
20550526,12.572
20550527,0.031068
20550528,0.0020192
20550529,0.0022205
20550530,6.2275
20550531,0.0011459
20550601,0
20550602,0.85132
20550603,0.96925
20550604,6.5527
20550605,29.052
20550606,0.8302
20550607,0
20550608,0.33367
20550609,5.2582
20550610,0
20550611,0
20550612,0
20550613,0
20550614,0.013905
20550615,2.567
20550616,13.339
20550617,6.3579
20550618,13.362
20550619,14.093
20550620,1.6791
20550621,0
20550622,5.0512
20550623,28.683
20550624,0.66821
20550625,0.85989
20550626,0.38127
20550627,0.0083472
20550628,0.036829
20550629,2.4878
20550630,0.0047076
20550701,8.9091
20550702,17.027
20550703,1.9158
20550704,3.0223
20550705,0
20550706,0.0020089
20550707,7.2617
20550708,0
20550709,0.22201
20550710,0
20550711,0.0041994
20550712,0
20550713,3.202
20550714,4.2759
20550715,0.0043494
20550716,0.2031
20550717,0
20550718,0.16717
20550719,16.168
20550720,7.0861
20550721,1.1942
20550722,0.040607
20550723,0.0012248
20550724,1.8356
20550725,1.9313
20550726,0.58057
20550727,0.0011814
20550728,0.0022098
20550729,2.278
20550730,0.49767
20550731,0.0034937
20550801,0.0002046
20550802,0.0018686
20550803,1.1298
20550804,6.3614
20550805,11.634
20550806,1.4436
20550807,0.0039186
20550808,0.044239
20550809,0
20550810,0.0012353
20550811,0
20550812,9.6578
20550813,11.16
20550814,0.84418
20550815,5.0184
20550816,2.2836
20550817,0.11615
20550818,0.00043946
20550819,1.7856e-08
20550820,0.00047647
20550821,0.00080918
20550822,0.01774
20550823,9.6487
20550824,0
20550825,1.2216
20550826,0.008033
20550827,0
20550828,0.0067539
20550829,0.0059776
20550830,0
20550831,0.02192
20550901,4.8209
20550902,0.00087767
20550903,0.0017034
20550904,0.00049142
20550905,0.0023325
20550906,0.00062135
20550907,0.00090941
20550908,0
20550909,0.0019761
20550910,0
20550911,0
20550912,0
20550913,2.9848
20550914,5.7724
20550915,0.0079797
20550916,0
20550917,0.020021
20550918,0.00027893
20550919,0.00089064
20550920,0
20550921,59.507
20550922,0.15954
20550923,1.5065
20550924,1.0289
20550925,0.65225
20550926,0
20550927,0
20550928,0.005894
20550929,5.1504
20550930,11.815
20551001,0.66907
20551002,0.7706
20551003,1.0841
20551004,0.34607
20551005,0.0015837
20551006,0.00030594
20551007,0
20551008,3.2437e-06
20551009,5.875e-08
20551010,0.005667
20551011,0
20551012,0
20551013,0.0016188
20551014,0
20551015,0.0025317
20551016,0.00017146
20551017,0
20551018,4.4453
20551019,6.8174
20551020,5.0474
20551021,1.7405
20551022,0.0035886
20551023,0.26134
20551024,0.10436
20551025,0.00049998
20551026,0
20551027,0.049853
20551028,1.0335
20551029,0
20551030,0.048688
20551031,0.0012697
20551101,0
20551102,0.043991
20551103,0.00018732
20551104,0
20551105,0.62819
20551106,2.4585
20551107,0.00017095
20551108,1.2294
20551109,1.1686
20551110,2.8516
20551111,0.98642
20551112,72.125
20551113,36.084
20551114,1.1358
20551115,4.7548
20551116,3.9974
20551117,12.082
20551118,20.805
20551119,1.4823
20551120,0
20551121,0.24886
20551122,0.0024343
20551123,0.0031345
20551124,0
20551125,0.0011559
20551126,0.0016129
20551127,0.026301
20551128,0
20551129,0.0033007
20551130,0
20551201,0
20551202,0.0070181
20551203,0.19111
20551204,2.5515
20551205,4.7229
20551206,2.3668
20551207,1.9154
20551208,0.0030149
20551209,6.279
20551210,0.11832
20551211,0.024682
20551212,0.50636
20551213,0
20551214,1.8243
20551215,12.176
20551216,0.0014706
20551217,0.00077083
20551218,0.00067948
20551219,0
20551220,0
20551221,0
20551222,0.00084341
20551223,0.0025201
20551224,0.00049436
20551225,0
20551226,0
20551227,0.0055072
20551228,0.00051205
20551229,0
20551230,0.00017864
20551231,0
20560101,0
20560102,0.031875
20560103,0.038502
20560104,0.049861
20560105,0.0037321
20560106,0
20560107,0
20560108,0.0010066
20560109,0
20560110,0
20560111,0.94685
20560112,3.9423
20560113,0.06332
20560114,0.0037165
20560115,3.1887e-06
20560116,0.24246
20560117,0.6879
20560118,0.015217
20560119,0
20560120,0.0010812
20560121,0
20560122,0
20560123,0
20560124,0.7403
20560125,4.892
20560126,0.94062
20560127,0.61435
20560128,0.34269
20560129,0.0022106
20560130,0.0047434
20560131,1.1731
20560201,0.056018
20560202,1.2805
20560203,0
20560204,0.57025
20560205,0.048436
20560206,6.8901e-05
20560207,0.0019534
20560208,0.002603
20560209,1.1344
20560210,3.4154
20560211,8.458
20560212,0.002677
20560213,0.024405
20560214,4.5363
20560215,5.3475
20560216,0.51591
20560217,9.5801e-05
20560218,0
20560219,0.036345
20560220,0.21685
20560221,0
20560222,0.77808
20560223,0
20560224,0.30462
20560225,0
20560226,0
20560227,1.0134
20560228,0.50638
20560229,0.12211
20560301,0
20560302,0.054268
20560303,0.12627
20560304,16.672
20560305,0.88272
20560306,7.4681
20560307,76.218
20560308,13.82
20560309,2.9718
20560310,0.42645
20560311,1.3892
20560312,0.15931
20560313,1.5161
20560314,0.00015213
20560315,0.00072619
20560316,5.5963e-07
20560317,0.0084798
20560318,0.026689
20560319,4.7999
20560320,3.1332
20560321,0.069887
20560322,8.0501
20560323,59.668
20560324,0.32516
20560325,0
20560326,0
20560327,0.66927
20560328,0.40789
20560329,2.0014
20560330,1.6152e-07
20560331,0
20560401,0
20560402,0
20560403,0.030808
20560404,10.955
20560405,21.07
20560406,12.511
20560407,16.461
20560408,2.7847
20560409,0.15166
20560410,0.39809
20560411,0.0012262
20560412,0.020307
20560413,0
20560414,0
20560415,0.0025619
20560416,0
20560417,0.0011335
20560418,0
20560419,0.03915
20560420,13.837
20560421,10.419
20560422,19.674
20560423,2.9127
20560424,0.56344
20560425,3.6803
20560426,2.6751
20560427,3.2887
20560428,0.0091932
20560429,0.21443
20560430,4.4131
20560501,4.1834
20560502,0.37339
20560503,0.42374
20560504,0
20560505,0.087252
20560506,2.6001
20560507,0.023463
20560508,2.4989
20560509,0.0019186
20560510,0
20560511,3.2488
20560512,5.852
20560513,0.16361
20560514,1.554
20560515,1.939
20560516,4.1486
20560517,0.0037958
20560518,0.12135
20560519,9.3781
20560520,3.9166
20560521,0
20560522,0.048529
20560523,0.10066
20560524,0.043672
20560525,0
20560526,8.1754e-05
20560527,0.79202
20560528,0.050723
20560529,0.0017167
20560530,0
20560531,4.121
20560601,2.081
20560602,0.00076002
20560603,0
20560604,0
20560605,0.6054
20560606,0.93167
20560607,42.273
20560608,6.1498
20560609,2.402
20560610,0.0036273
20560611,0.13193
20560612,2.567
20560613,3.9518
20560614,4.5995
20560615,8.8097
20560616,1.7766
20560617,1.5591
20560618,0.0032368
20560619,0
20560620,0
20560621,0.0078315
20560622,5.4528
20560623,10.447
20560624,6.6457
20560625,0.0013778
20560626,9.7915
20560627,1.1506
20560628,2.5263
20560629,3.1905
20560630,3.85
20560701,0.025132
20560702,0.14337
20560703,7.8806
20560704,4.6034
20560705,11.757
20560706,5.1754
20560707,4.0848
20560708,2.1903
20560709,3.4399
20560710,0.72109
20560711,8.3876
20560712,6.3514
20560713,7.4018
20560714,5.0261
20560715,9.5058
20560716,4.9916
20560717,4.7895
20560718,0.77551
20560719,0.00085274
20560720,0.50722
20560721,0.71654
20560722,0.0024239
20560723,0
20560724,0.0014753
20560725,0.16369
20560726,0
20560727,0
20560728,0.0074921
20560729,0.71579
20560730,1.8396
20560731,4.1021
20560801,0.0023346
20560802,8.3662
20560803,1.5199
20560804,5.1988
20560805,3.0322
20560806,0.78628
20560807,8.1739
20560808,1.7249
20560809,0.53792
20560810,0.061481
20560811,7.9458
20560812,3.1952
20560813,0.0032746
20560814,0.6014
20560815,0.0018507
20560816,0.88344
20560817,15.344
20560818,3.3545
20560819,0
20560820,0.00033658
20560821,2.4253
20560822,0.0028476
20560823,0
20560824,0.0030742
20560825,0.010638
20560826,7.3168
20560827,0.6774
20560828,2.2782
20560829,0
20560830,0.0069072
20560831,0
20560901,1.4731
20560902,1.1472
20560903,0.87827
20560904,0
20560905,1.0345
20560906,34.101
20560907,21.803
20560908,13.572
20560909,0.11112
20560910,15.45
20560911,0.014358
20560912,0.0032306
20560913,0.0046084
20560914,0.0004162
20560915,28.156
20560916,56.562
20560917,7.367
20560918,3.1169
20560919,2.9638
20560920,0.35857
20560921,0.017925
20560922,0
20560923,0.0029597
20560924,0
20560925,0.0062424
20560926,0.0082992
20560927,0.033007
20560928,0.0034912
20560929,1.1905
20560930,0.032573
20561001,6.9486
20561002,35.505
20561003,13.17
20561004,2.5323
20561005,10.704
20561006,3.0589
20561007,15.56
20561008,30.474
20561009,7.7622
20561010,0.71429
20561011,0.32279
20561012,0.31795
20561013,0
20561014,0.0013886
20561015,0.23942
20561016,11.991
20561017,48.977
20561018,62.822
20561019,7.0618
20561020,4.5127
20561021,1.2323
20561022,0.0018712
20561023,0
20561024,0.00214
20561025,0.0032246
20561026,0
20561027,0.0050248
20561028,0
20561029,0
20561030,0.00067356
20561031,0.60085
20561101,0.0014501
20561102,7.9786e-05
20561103,1.4257
20561104,4.0005
20561105,2.0278e-05
20561106,0.00047773
20561107,2.0853
20561108,8.7236
20561109,0.68905
20561110,2.2847
20561111,1.1419
20561112,0
20561113,0.4077
20561114,3.6653
20561115,6.6172
20561116,10.238
20561117,74.253
20561118,6.0468
20561119,0.061848
20561120,0.15338
20561121,5.0796
20561122,5.8032
20561123,28.781
20561124,36.446
20561125,0.12392
20561126,0.89677
20561127,45.277
20561128,22.284
20561129,0.57913
20561130,0.003202
20561201,1.7569
20561202,0
20561203,0.00095587
20561204,0
20561205,0
20561206,0
20561207,0.003488
20561208,0
20561209,0.0014541
20561210,0
20561211,0.13059
20561212,0
20561213,0.0022693
20561214,0.65176
20561215,0.0017185
20561216,3.276e-05
20561217,0.60137
20561218,0.21397
20561219,1.3387
20561220,0.099786
20561221,3.405
20561222,0.11322
20561223,0.0036125
20561224,0.0072525
20561225,0.062559
20561226,0.032434
20561227,0.041977
20561228,0
20561229,0.0020222
20561230,0
20561231,0.002471
20570101,0
20570102,0
20570103,0
20570104,3.4171
20570105,1.1209
20570106,0.71552
20570107,0.01852
20570108,0.00053137
20570109,0
20570110,0.0093251
20570111,2.1439
20570112,2.3976
20570113,0.0423
20570114,0.034045
20570115,0.064608
20570116,0.00064659
20570117,0.0011445
20570118,11.494
20570119,6.8261
20570120,0.30231
20570121,0
20570122,0.00088086
20570123,1.8044e-05
20570124,0.023091
20570125,0.2641
20570126,0.00086737
20570127,0.1841
20570128,0.3717
20570129,0.34414
20570130,2.1103
20570131,0.069853
20570201,2.4478
20570202,0.00028701
20570203,0
20570204,0.00018184
20570205,0.79075
20570206,36.266
20570207,66.896
20570208,3.2956
20570209,0
20570210,3.5733
20570211,5.6898
20570212,1.0528
20570213,0.14634
20570214,0.05713
20570215,0.00037667
20570216,0.4769
20570217,4.7329
20570218,1.0758
20570219,1.575
20570220,0.10178
20570221,0.11028
20570222,0.12539
20570223,0.0007717
20570224,7.6382
20570225,0.83125
20570226,0.011293
20570227,4.4354
20570228,1.4851e-05
20570301,0.025215
20570302,0.42382
20570303,14.976
20570304,0.00064343
20570305,4.1988
20570306,0.014007
20570307,0
20570308,0.2527
20570309,8.4444
20570310,0.001992
20570311,0.72133
20570312,8.3551e-06
20570313,0
20570314,0.00042284
20570315,0
20570316,0.16181
20570317,3.654
20570318,0.039706
20570319,5.0526
20570320,0.43696
20570321,0.042752
20570322,2.2399
20570323,0.18414
20570324,1.6631
20570325,0.64588
20570326,2.5369
20570327,3.3678
20570328,1.2686
20570329,2.586
20570330,2.0598
20570331,0.015126
20570401,0
20570402,0.021427
20570403,0
20570404,0.37218
20570405,0.098403
20570406,2.2564
20570407,0.062038
20570408,0.00017439
20570409,0.22862
20570410,7.756
20570411,0.0024693
20570412,3.2343
20570413,0.13613
20570414,0.72403
20570415,2.755
20570416,7.0575
20570417,47.81
20570418,32.884
20570419,4.8802
20570420,0.17816
20570421,1.4649
20570422,3.5562
20570423,0.077819
20570424,0.43805
20570425,0.0091478
20570426,0
20570427,0.06148
20570428,0.011584
20570429,5.085
20570430,2.3955
20570501,3.1071
20570502,0.0033274
20570503,0.007112
20570504,0.14574
20570505,0.00085341
20570506,0
20570507,0.30916
20570508,4.4423
20570509,1.5076
20570510,0.013801
20570511,0.43125
20570512,1.3196
20570513,0.0020877
20570514,9.3958
20570515,1.0727
20570516,0.69617
20570517,3.0677
20570518,1.1426
20570519,4.6745
20570520,10.908
20570521,0.32066
20570522,0.0024601
20570523,0
20570524,0
20570525,0
20570526,0
20570527,0.069902
20570528,0.013708
20570529,3.9548
20570530,0.0078543
20570531,9.6168
20570601,2.5368
20570602,0.0012589
20570603,5.7103
20570604,3.5799
20570605,4.6744
20570606,0.0012094
20570607,0.002272
20570608,0.061216
20570609,5.9798
20570610,0.0067369
20570611,0
20570612,0.087604
20570613,6.3612
20570614,2.6253
20570615,3.657
20570616,4.8059
20570617,4.8302
20570618,11.455
20570619,7.1119
20570620,7.5328
20570621,20.541
20570622,8.1283
20570623,3.2604
20570624,1.9252
20570625,7.3801
20570626,7.527
20570627,8.6794
20570628,1.2112
20570629,1.7624
20570630,0.015905
20570701,0.15842
20570702,11.424
20570703,0.63695
20570704,0.00074361
20570705,0.00084053
20570706,0.0055841
20570707,6.2639
20570708,0.0015509
20570709,0.41804
20570710,0
20570711,0.010656
20570712,0.87915
20570713,0.0060874
20570714,0.71325
20570715,3.1878
20570716,0.011069
20570717,0
20570718,0.011311
20570719,1.7303
20570720,0.22873
20570721,2.5074
20570722,24.708
20570723,0.0012304
20570724,0.066913
20570725,0.043143
20570726,0.026116
20570727,4.7241
20570728,0.015697
20570729,0
20570730,0.23105
20570731,0
20570801,3.203
20570802,0.084447
20570803,0.02413
20570804,2.2461
20570805,1.3179
20570806,3.7972
20570807,0.024276
20570808,0.0026281
20570809,0.0043739
20570810,2.3724
20570811,0
20570812,0.001034
20570813,0.00065359
20570814,0.0029791
20570815,1.7314
20570816,0.0034094
20570817,2.0599
20570818,0.0046397
20570819,0
20570820,0
20570821,0.061412
20570822,0.0012884
20570823,0.011986
20570824,7.8092
20570825,0
20570826,0.00026621
20570827,0.0019201
20570828,0
20570829,0.64834
20570830,0.14161
20570831,0
20570901,0.0036919
20570902,0.0025266
20570903,0.00095669
20570904,0.00051686
20570905,0.1143
20570906,0.28583
20570907,0.0020094
20570908,0.00089276
20570909,0.015886
20570910,5.1479
20570911,4.3502
20570912,0
20570913,0.0021075
20570914,0.0015165
20570915,0.0022765
20570916,13.131
20570917,14.597
20570918,10.743
20570919,26.048
20570920,4.9183
20570921,1.9478
20570922,0
20570923,0.0018273
20570924,0.0043746
20570925,0.00050006
20570926,0
20570927,0.0012934
20570928,0.55019
20570929,0
20570930,0.014124
20571001,0
20571002,0
20571003,0.00096635
20571004,0.14415
20571005,0.0021483
20571006,7.7255
20571007,30.615
20571008,0.86867
20571009,1.1235
20571010,0.13679
20571011,1.9844
20571012,7.3825
20571013,1.026
20571014,0.6963
20571015,1.6327
20571016,0.051046
20571017,0.21828
20571018,1.0074
20571019,7.6026
20571020,11.967
20571021,22.977
20571022,0
20571023,0
20571024,0.0015173
20571025,2.6269
20571026,4.1976
20571027,0.0028974
20571028,0.0067599
20571029,0.32253
20571030,1.2075
20571031,1.0745
20571101,22.749
20571102,0.72934
20571103,0.10609
20571104,2.1526
20571105,4.4959
20571106,0.079705
20571107,0.74106
20571108,0
20571109,0.085306
20571110,0.057012
20571111,0.24535
20571112,0.0013968
20571113,0.00037608
20571114,0.31778
20571115,0
20571116,0.002421
20571117,3.5356e-05
20571118,0.0017323
20571119,0.21726
20571120,0.45203
20571121,0.15938
20571122,2.1195
20571123,1.8304
20571124,2.6403
20571125,0.083909
20571126,6.2889
20571127,2.5679
20571128,0.3854
20571129,3.2613
20571130,8.1868
20571201,14.116
20571202,0.00023879
20571203,0.29576
20571204,1.192e-07
20571205,1.8377
20571206,0.48341
20571207,1.2302
20571208,3.4282
20571209,0.60692
20571210,0.00063901
20571211,0.0042569
20571212,0.26148
20571213,0.13314
20571214,0.00050793
20571215,0
20571216,0.0010402
20571217,0
20571218,0
20571219,0
20571220,0.00091075
20571221,0.1868
20571222,0.059927
20571223,0.31625
20571224,0.086209
20571225,2.1442
20571226,1.6002
20571227,0.16056
20571228,0.056156
20571229,0.0045352
20571230,0.079317
20571231,0.0012006
20580101,0
20580102,0
20580103,0
20580104,0.084566
20580105,0.052532
20580106,0.10178
20580107,0.45978
20580108,0
20580109,0.00083847
20580110,0.00019028
20580111,3.3296
20580112,9.9587
20580113,5.7493
20580114,0.073541
20580115,0.012085
20580116,1.7116
20580117,0.9843
20580118,0
20580119,0
20580120,0.00045069
20580121,0.0066429
20580122,0.018239
20580123,2.2829
20580124,0
20580125,0.0014278
20580126,0
20580127,1.0195
20580128,0.85912
20580129,0.0015591
20580130,4.3687
20580131,0.0014547
20580201,0
20580202,0.0051713
20580203,1.3367e-05
20580204,0.070031
20580205,0.021694
20580206,0.00050112
20580207,0.0012892
20580208,0.00015249
20580209,0.00049905
20580210,0.057243
20580211,0.0054084
20580212,0.080336
20580213,0
20580214,0.00012142
20580215,0.0016813
20580216,0.00029386
20580217,0
20580218,0
20580219,0
20580220,0.00063968
20580221,0
20580222,0.79185
20580223,2.8402
20580224,0.13585
20580225,25.546
20580226,15.957
20580227,12.729
20580228,14.568
20580301,0.015165
20580302,0.0001755
20580303,7.5115
20580304,1.5295
20580305,0.18245
20580306,0.0096966
20580307,0.036452
20580308,0.008069
20580309,0.35986
20580310,0
20580311,0.00083143
20580312,0
20580313,1.5972
20580314,1.6243
20580315,0.16419
20580316,0.00056737
20580317,0
20580318,0.036278
20580319,0.00099134
20580320,4.0726e-05
20580321,0
20580322,0.0010451
20580323,0.025858
20580324,11.854
20580325,10.095
20580326,5.0723
20580327,7.318
20580328,25.757
20580329,5.2279
20580330,5.9938
20580331,0
20580401,1.0953
20580402,1.0871
20580403,0.0014859
20580404,0.98467
20580405,0.00071251
20580406,6.1985
20580407,0.2697
20580408,0.21562
20580409,0.19765
20580410,2.0083
20580411,0.052564
20580412,0.00088337
20580413,0
20580414,1.0338
20580415,5.6143e-06
20580416,0.0013717
20580417,0
20580418,8.0021e-06
20580419,0
20580420,0
20580421,0.0028299
20580422,4.3616
20580423,4.7394
20580424,0
20580425,0.0012562
20580426,6.3249
20580427,2.3064
20580428,0.053603
20580429,0
20580430,0
20580501,0
20580502,0
20580503,0
20580504,0
20580505,0
20580506,0
20580507,0
20580508,0.31433
20580509,0
20580510,1.9402e-06
20580511,8.4446
20580512,21.666
20580513,0
20580514,0.066622
20580515,0
20580516,0.009393
20580517,6.959
20580518,0.020925
20580519,2.6973
20580520,0.19693
20580521,0.06021
20580522,0.030311
20580523,0.064113
20580524,0
20580525,3.5158
20580526,0
20580527,3.7397
20580528,0
20580529,1.2752
20580530,0.25656
20580531,0
20580601,0.00023366
20580602,0.00051806
20580603,0.0076237
20580604,0.73861
20580605,0.04179
20580606,0.002693
20580607,0
20580608,0.64085
20580609,0
20580610,0
20580611,0.14985
20580612,0
20580613,19.439
20580614,10.981
20580615,13.092
20580616,3.9191
20580617,4.4788
20580618,6.6532
20580619,0.38522
20580620,3.6048
20580621,1.4419
20580622,4.3748
20580623,0.98803
20580624,1.0379
20580625,0
20580626,0
20580627,0.012624
20580628,8.2549
20580629,0.063253
20580630,0.0032333
20580701,0.021089
20580702,0.0015903
20580703,1.3345
20580704,3.9338
20580705,0.0022227
20580706,0
20580707,0.0026663
20580708,0.0041766
20580709,2.8188
20580710,2.2117
20580711,8.2801
20580712,0
20580713,5.9635
20580714,1.9283
20580715,6.4365
20580716,4.1688
20580717,1.3935
20580718,5.9395
20580719,8.26
20580720,6.3833
20580721,4.195
20580722,0
20580723,0.0036771
20580724,0.01114
20580725,0.76786
20580726,0.032424
20580727,0
20580728,0.001181
20580729,0.10295
20580730,0.011239
20580731,0.0085997
20580801,0.0049817
20580802,0.050095
20580803,4.4226
20580804,0.0029662
20580805,0.0057229
20580806,1.5186
20580807,0.62059
20580808,2.025
20580809,0.0014821
20580810,5.6298
20580811,2.7139
20580812,0.0079094
20580813,0.14107
20580814,2.3545
20580815,14.925
20580816,14.12
20580817,0.0020531
20580818,0.049027
20580819,2.8896
20580820,0.31577
20580821,0.0064925
20580822,0.84285
20580823,0
20580824,0.0036657
20580825,0.0033059
20580826,0
20580827,0.0069426
20580828,1.0423
20580829,0.013186
20580830,0
20580831,7.404
20580901,0
20580902,0.00036213
20580903,0.00017857
20580904,0
20580905,0
20580906,0.00067905
20580907,0.0013583
20580908,3.9617e-07
20580909,0.0013592
20580910,0.00028938
20580911,2.4735
20580912,2.3586
20580913,0
20580914,0.0029819
20580915,0
20580916,0.0045502
20580917,1.0012
20580918,6.8116
20580919,0
20580920,5.7367
20580921,8.0247
20580922,1.8293
20580923,0.25236
20580924,4.1138
20580925,3.5653
20580926,1.0269
20580927,1.8693
20580928,0
20580929,0.0017826
20580930,0.0020322
20581001,0
20581002,0
20581003,0
20581004,0
20581005,0
20581006,0.00068585
20581007,0.029787
20581008,0
20581009,0.00035223
20581010,0
20581011,0.00087616
20581012,0
20581013,0
20581014,8.27e-06
20581015,0.00068197
20581016,0.0022514
20581017,0.00096198
20581018,0.001522
20581019,7.8511e-08
20581020,0.00016146
20581021,0
20581022,2.2751
20581023,3.1928
20581024,4.7689
20581025,15.384
20581026,0.037617
20581027,0
20581028,2.4981
20581029,0
20581030,0.00080826
20581031,0.03114
20581101,0
20581102,2.0071
20581103,9.9279
20581104,0
20581105,0.00099456
20581106,0.00083585
20581107,0.00012896
20581108,0
20581109,0.47072
20581110,1.0573
20581111,0.00042081
20581112,0.023413
20581113,0.00059486
20581114,0
20581115,0.0011834
20581116,3.7295
20581117,0.0038983
20581118,8.1588
20581119,0.0098402
20581120,0.51585
20581121,1.3835
20581122,0.020622
20581123,0
20581124,0.002871
20581125,0.48455
20581126,1.2379
20581127,0
20581128,0.064133
20581129,0.0016141
20581130,0
20581201,0
20581202,0.42233
20581203,0
20581204,0.0002409
20581205,8.3562
20581206,0.038718
20581207,6.4618
20581208,0.42069
20581209,0.0049316
20581210,3.2067e-05
20581211,3.141
20581212,0.35956
20581213,0.00045263
20581214,0
20581215,5.0498
20581216,5.4117
20581217,0.0030516
20581218,0
20581219,0
20581220,0
20581221,0.03315
20581222,0.0011412
20581223,0.00093182
20581224,0
20581225,0.0050024
20581226,0.0019516
20581227,0.00091659
20581228,0
20581229,0.00068534
20581230,0.00055996
20581231,0.0011144
20590101,0.25932
20590102,0.81395
20590103,2.0537
20590104,9.5909
20590105,0.75857
20590106,13.946
20590107,0.00081574
20590108,0
20590109,21.262
20590110,38.821
20590111,0.96424
20590112,0.060794
20590113,0
20590114,8.1315
20590115,8.6583
20590116,0
20590117,0
20590118,0.0018033
20590119,0
20590120,0.0011883
20590121,0.00079243
20590122,0.0032029
20590123,0
20590124,3.3013
20590125,25.398
20590126,0.0016276
20590127,0.0024688
20590128,0
20590129,0
20590130,0.07189
20590131,0.064376
20590201,0.022715
20590202,0.21139
20590203,1.3239
20590204,2.2931
20590205,0.74935
20590206,1.5378
20590207,3.3646
20590208,7.7565
20590209,0.0024963
20590210,0.45649
20590211,0.044389
20590212,0.013542
20590213,0.79781
20590214,0.00096871
20590215,0.00033681
20590216,0
20590217,0
20590218,0.10161
20590219,1.2629
20590220,0.0007845
20590221,0.3064
20590222,2.672
20590223,7.7189
20590224,6.7768
20590225,0.0016445
20590226,0
20590227,2.3976
20590228,0.79604
20590301,0.13934
20590302,0.0037245
20590303,6.464e-05
20590304,0.22152
20590305,7.1426
20590306,0
20590307,0
20590308,1.2796
20590309,0.0092906
20590310,0.0080529
20590311,0
20590312,5.3741
20590313,0
20590314,0.026336
20590315,6.6648
20590316,0.0020963
20590317,2.4386
20590318,17.039
20590319,4.525
20590320,0.18343
20590321,0.028625
20590322,0
20590323,1.5746
20590324,2.4174
20590325,3.0587
20590326,2.1469
20590327,5.592
20590328,0.019464
20590329,1.6167
20590330,5.4538
20590331,0.17452
20590401,0.020782
20590402,45.42
20590403,1.2447
20590404,1.7682
20590405,3.4591
20590406,2.3672
20590407,4.2403e-05
20590408,0.25003
20590409,0.7675
20590410,0.97106
20590411,0.38073
20590412,0.00092113
20590413,0
20590414,0.33085
20590415,8.0076
20590416,2.8675
20590417,1.8029
20590418,0.033717
20590419,0.0012453
20590420,2.3879
20590421,0.36252
20590422,0.26599
20590423,0.2541
20590424,0.07257
20590425,0.0010661
20590426,0.00017858
20590427,1.0627e-06
20590428,0.0035716
20590429,0
20590430,1.2611
20590501,1.8986
20590502,0.00072822
20590503,5.0595
20590504,22.781
20590505,3.3082
20590506,0.63403
20590507,2.4553
20590508,9.802
20590509,3.9022
20590510,7.8157
20590511,4.1536
20590512,1.8581
20590513,0
20590514,0.54336
20590515,0.075977
20590516,6.4914
20590517,8.7231
20590518,15.31
20590519,0.012421
20590520,0.00076637
20590521,0.0011206
20590522,0.0017654
20590523,5.1617
20590524,0.070936
20590525,0.0045728
20590526,2.3427
20590527,5.6417
20590528,1.7149
20590529,0.37761
20590530,1.2237
20590531,0.64143
20590601,11.465
20590602,0.00091745
20590603,0
20590604,5.1327
20590605,13.119
20590606,3.6867
20590607,1.1281
20590608,1.9462
20590609,0.002212
20590610,0.0039707
20590611,0.056782
20590612,0
20590613,2.5851
20590614,1.9649
20590615,1.5559
20590616,3.5553
20590617,1.0718
20590618,2.7073
20590619,0.027867
20590620,9.7801
20590621,12.929
20590622,2.7497
20590623,6.2403
20590624,0.031167
20590625,0.0072428
20590626,0.0024892
20590627,0.6891
20590628,0.013196
20590629,0.47758
20590630,3.7982
20590701,8.3055
20590702,3.9531
20590703,14.095
20590704,0.054437
20590705,0.0033526
20590706,0
20590707,0.0034114
20590708,8.3817
20590709,12.32
20590710,6.2727
20590711,0.015341
20590712,0
20590713,0.088274
20590714,0.44411
20590715,0.03701
20590716,0.0042499
20590717,0
20590718,0.79816
20590719,2.0212
20590720,6.6942
20590721,7.8022
20590722,4.9089
20590723,0.20304
20590724,6.824
20590725,3.0351
20590726,3.1323
20590727,1.6359
20590728,4.7232
20590729,0.80885
20590730,5.9946
20590731,0.54086
20590801,0.0024927
20590802,0.032654
20590803,0.0020999
20590804,0
20590805,0.00097436
20590806,0.0058514
20590807,8.1939
20590808,13.525
20590809,2.1152
20590810,0.0021858
20590811,0.097406
20590812,5.0984
20590813,0.81186
20590814,0.002554
20590815,0
20590816,0.0043993
20590817,0
20590818,1.4108
20590819,2.1239
20590820,9.6044
20590821,8.122
20590822,0
20590823,0.005384
20590824,1.3939
20590825,15.207
20590826,11.234
20590827,0.001213
20590828,0
20590829,0.64796
20590830,0
20590831,1.0595
20590901,0
20590902,0.0020236
20590903,9.0084
20590904,1.8223
20590905,0
20590906,0.12649
20590907,1.7695
20590908,2.9651e-05
20590909,0.00018638
20590910,1.4306
20590911,0.0011981
20590912,0.00067443
20590913,0.018692
20590914,0
20590915,0.0023483
20590916,0
20590917,0.00028911
20590918,0.013596
20590919,0.0041663
20590920,4.3366e-06
20590921,0
20590922,0.0032123
20590923,0
20590924,0
20590925,0.0037752
20590926,9.5213
20590927,0.47579
20590928,0
20590929,6.176
20590930,34.689
20591001,4.0532
20591002,11.738
20591003,4.286
20591004,7.1926
20591005,2.8822
20591006,1.2783
20591007,0.59501
20591008,11.107
20591009,6.3276
20591010,0.97553
20591011,2.8879
20591012,5.6378
20591013,0.91256
20591014,0.0071959
20591015,0.013602
20591016,0.030337
20591017,0.018836
20591018,59.951
20591019,0.0021311
20591020,0.003401
20591021,10.78
20591022,1.6756
20591023,22.675
20591024,13.926
20591025,10.428
20591026,72.544
20591027,8.5684
20591028,17.799
20591029,2.2723
20591030,0.033624
20591031,1.1104e-07
20591101,0
20591102,0
20591103,0.1126
20591104,2.7107
20591105,1.5957
20591106,2.2922
20591107,3.454
20591108,0.1579
20591109,1.0922
20591110,0.81479
20591111,2.4121
20591112,0.60833
20591113,0.66778
20591114,1.1889
20591115,2.4703
20591116,1.9224
20591117,0.39588
20591118,0.31092
20591119,0.37472
20591120,0.09037
20591121,0.1323
20591122,0.0022582
20591123,0.51306
20591124,1.0328
20591125,0.046242
20591126,0.16929
20591127,0.35694
20591128,0
20591129,0.0026854
20591130,0.018046
20591201,0
20591202,0
20591203,0
20591204,0
20591205,0.00045854
20591206,0
20591207,0.00049661
20591208,1.0793
20591209,8.5626
20591210,8.4392
20591211,0.17287
20591212,0.56937
20591213,1.1945
20591214,0.7997
20591215,0.011244
20591216,0.058141
20591217,0.20091
20591218,1.3376
20591219,6.59
20591220,0
20591221,51.37
20591222,7.5554
20591223,0.089807
20591224,19.932
20591225,0.10234
20591226,0.042132
20591227,0.00090958
20591228,4.268
20591229,8.6331
20591230,0
20591231,0.1658
20600101,2.9284
20600102,5.6893e-05
20600103,1.1187e-06
20600104,3.043
20600105,0.85543
20600106,0.2009
20600107,0.00062532
20600108,0.0002723
20600109,1.8367
20600110,0.00066194
20600111,0.0017028
20600112,0
20600113,0.056158
20600114,0.66281
20600115,0
20600116,0
20600117,0.0019877
20600118,0
20600119,0
20600120,0
20600121,0.25393
20600122,0.047459
20600123,1.6007
20600124,1.0415
20600125,0.94078
20600126,0.27228
20600127,0.0015255
20600128,0.11284
20600129,0.0057274
20600130,0
20600131,0.0060052
20600201,0
20600202,0
20600203,0
20600204,0
20600205,0
20600206,0
20600207,0
20600208,0
20600209,0
20600210,0.058997
20600211,0.36766
20600212,0.047943
20600213,0.17111
20600214,1.1824
20600215,0.22031
20600216,0.025414
20600217,1.2188e-05
20600218,0
20600219,0.00039732
20600220,0.00093514
20600221,1.8127e-06
20600222,0
20600223,0.0010299
20600224,0.00048759
20600225,0.30388
20600226,0.96129
20600227,0.19168
20600228,0
20600229,0.10908
20600301,3.0056
20600302,5.7134
20600303,0.26699
20600304,0.17878
20600305,0
20600306,3.0112e-07
20600307,0.037052
20600308,7.7151
20600309,7.7327
20600310,0
20600311,0.0020837
20600312,0.014897
20600313,0
20600314,0.0011905
20600315,0
20600316,0.0011149
20600317,0.0018126
20600318,0
20600319,0.0024465
20600320,6.7485e-05
20600321,0
20600322,0.00044947
20600323,0
20600324,0
20600325,0.75516
20600326,0.14192
20600327,6.369
20600328,42.062
20600329,4.18
20600330,30.333
20600331,42.244
20600401,1.4312
20600402,0.79683
20600403,0.017617
20600404,1.923
20600405,0.0014138
20600406,1.0695
20600407,0.35175
20600408,0
20600409,0.0001465
20600410,0
20600411,0
20600412,0.00065317
20600413,22.456
20600414,3.5373
20600415,0.0010098
20600416,1.0523
20600417,0.00075635
20600418,0
20600419,0.00074169
20600420,1.5103
20600421,0.44501
20600422,0.0067812
20600423,0.73747
20600424,0.0010691
20600425,0.0060083
20600426,0
20600427,0.90184
20600428,0.4658
20600429,0.28141
20600430,0.00535
20600501,0
20600502,0.031695
20600503,0.15642
20600504,0
20600505,0
20600506,0.02855
20600507,2.411
20600508,6.2808
20600509,1.7993
20600510,0.43029
20600511,7.6432
20600512,8.5722
20600513,74.779
20600514,5.6716
20600515,10.389
20600516,5.3734
20600517,4.5382
20600518,2.449
20600519,0.20077
20600520,2.0844
20600521,0
20600522,0.0018657
20600523,0.048415
20600524,0
20600525,0.0027826
20600526,0.60373
20600527,0
20600528,0.0067443
20600529,0.0034174
20600530,0.95504
20600531,1.0635
20600601,0.27258
20600602,16.189
20600603,14.818
20600604,7.6283
20600605,5.1088
20600606,3.6033
20600607,4.3459
20600608,7.0489
20600609,2.7024
20600610,0.0034534
20600611,4.1353
20600612,5.1068
20600613,9.6864e-05
20600614,0.037501
20600615,0.0038909
20600616,4.0202
20600617,6.5577
20600618,3.6097
20600619,7.6522
20600620,13.809
20600621,17.693
20600622,0.027487
20600623,9.5486
20600624,16.283
20600625,2.7016
20600626,3.0658
20600627,0.11003
20600628,4.5638
20600629,0.71596
20600630,0.0035664
20600701,0.00035782
20600702,0.00068226
20600703,4.1387
20600704,0.0067646
20600705,0
20600706,0.0061263
20600707,7.004
20600708,2.0618
20600709,0.0016994
20600710,0.0023666
20600711,0
20600712,0
20600713,0.0046442
20600714,1.3479
20600715,0.0030933
20600716,5.2363
20600717,2.7056
20600718,0
20600719,8.9307
20600720,3.9224
20600721,0.0039457
20600722,0.0078132
20600723,0.0021577
20600724,0.0031165
20600725,2.8825
20600726,0.012033
20600727,0.43726
20600728,0.0077099
20600729,5.45
20600730,0.0015123
20600731,0.00039731
20600801,0.0016411
20600802,1.0079
20600803,10.997
20600804,51.241
20600805,0.12604
20600806,0
20600807,0.028504
20600808,0.0029388
20600809,0.30477
20600810,14.239
20600811,12.123
20600812,2.088
20600813,0
20600814,0.00054214
20600815,4.576
20600816,0.66953
20600817,7.7771
20600818,17.723
20600819,8.1141
20600820,0.25002
20600821,0
20600822,0.003953
20600823,0.0002888
20600824,0.0015299
20600825,0.2124
20600826,0.0063269
20600827,0
20600828,0.0068337
20600829,0
20600830,0.0075781
20600831,0.00054502
20600901,0
20600902,0
20600903,0.96286
20600904,0.00088491
20600905,4.3977
20600906,1.1024
20600907,19.821
20600908,0.68243
20600909,0.94713
20600910,3.2028
20600911,1.1336
20600912,0
20600913,0.00058288
20600914,0.8433
20600915,0.0044134
20600916,0
20600917,9.203e-05
20600918,1.3531
20600919,5.8976
20600920,0
20600921,0
20600922,19.153
20600923,69.461
20600924,5.8922
20600925,0
20600926,0.74325
20600927,8.1082
20600928,4.77
20600929,0.090337
20600930,1.5327
20601001,0.96591
20601002,0.21806
20601003,0.1915
20601004,2.8443
20601005,0.84397
20601006,0.46124
20601007,3.2143
20601008,1.2651
20601009,0.0036788
20601010,0.019911
20601011,0.00010915
20601012,0
20601013,6.3758e-05
20601014,0.083766
20601015,0.83544
20601016,0
20601017,0.006169
20601018,0
20601019,1.3958
20601020,0.3704
20601021,0
20601022,0
20601023,0.0023345
20601024,0
20601025,0
20601026,0
20601027,32.678
20601028,8.9495
20601029,0.013811
20601030,0.9485
20601031,0
20601101,0
20601102,0.095068
20601103,2.8622
20601104,2.674
20601105,0.18477
20601106,0.18974
20601107,0.59254
20601108,4.596
20601109,3.1326
20601110,0
20601111,0
20601112,0.004178
20601113,0
20601114,0
20601115,0
20601116,0.041032
20601117,0.0040057
20601118,2.7222
20601119,0.24962
20601120,0.0012026
20601121,0.0045841
20601122,0
20601123,0.11974
20601124,16.615
20601125,2.9408
20601126,10.012
20601127,17.011
20601128,3.7724
20601129,0.099574
20601130,0.085736
20601201,1.0753
20601202,1.1386
20601203,0.0011298
20601204,1.0641
20601205,0.20261
20601206,0.00037243
20601207,6.4933
20601208,0.29091
20601209,0.21161
20601210,0.00085712
20601211,0.016545
20601212,0.021554
20601213,0
20601214,0.001055
20601215,0
20601216,0.05998
20601217,0
20601218,0.0023693
20601219,0.0091512
20601220,0
20601221,0.00061129
20601222,0.080163
20601223,0.6995
20601224,3.8806
20601225,0.0017268
20601226,0
20601227,0.00091081
20601228,0.042703
20601229,0.0043074
20601230,0.21309
20601231,0
20610101,0.28838
20610102,22.455
20610103,5.8897
20610104,0.10145
20610105,0.032121
20610106,0.00024104
20610107,1e-04
20610108,0
20610109,0.15727
20610110,0.49871
20610111,0.0076105
20610112,0.0045008
20610113,7.9416
20610114,7.3091
20610115,2.0473
20610116,15.93
20610117,9.8633
20610118,3.7083
20610119,29.583
20610120,0.030278
20610121,1.7389
20610122,0
20610123,0
20610124,0.048843
20610125,1.755
20610126,0.33337
20610127,0
20610128,0.0020939
20610129,0.0013897
20610130,18.11
20610131,47.034
20610201,27.958
20610202,0.0027594
20610203,0.47531
20610204,0.00068091
20610205,0.0005849
20610206,0.00012669
20610207,0.0028435
20610208,1.1711
20610209,2.1674
20610210,3.0575
20610211,0.049885
20610212,0.0007203
20610213,0.00016128
20610214,0.00053526
20610215,0
20610216,0.0017834
20610217,0.18106
20610218,0.013801
20610219,0
20610220,0.0013263
20610221,0
20610222,0.0028462
20610223,0
20610224,0.0022263
20610225,0
20610226,0
20610227,0
20610228,0.00053371
20610301,0.00022194
20610302,0.00022194
20610303,0.44884
20610304,2.4405
20610305,12.116
20610306,31.036
20610307,5.7914
20610308,0.00049365
20610309,0
20610310,0
20610311,0.0007575
20610312,0.00087727
20610313,0
20610314,0.00074416
20610315,0
20610316,0
20610317,0.36713
20610318,0.51505
20610319,0
20610320,1.2062
20610321,1.4107
20610322,0.21021
20610323,0.5511
20610324,0
20610325,0.0014034
20610326,0
20610327,0.092843
20610328,2.9377
20610329,0.0076491
20610330,0.5438
20610331,0
20610401,0
20610402,0.00065196
20610403,0.0093356
20610404,0.0099875
20610405,0.00029563
20610406,0.29131
20610407,0.44307
20610408,0.035473
20610409,2.0397
20610410,2.0337
20610411,0.18845
20610412,0
20610413,0.28928
20610414,0.0019032
20610415,9.6448e-05
20610416,0.00011382
20610417,3.1224e-11
20610418,1.4914e-11
20610419,0.3179
20610420,0.5837
20610421,0
20610422,0.06916
20610423,0.8623
20610424,0.06407
20610425,0.055989
20610426,0.67882
20610427,0.17121
20610428,0.14596
20610429,0.58296
20610430,0.02795
20610501,20.806
20610502,11.193
20610503,5.6594
20610504,2.339
20610505,0.40324
20610506,2.6198
20610507,1.4972
20610508,0.77713
20610509,8.578
20610510,0.28567
20610511,0.0022513
20610512,1.0968
20610513,0.55788
20610514,2.6715
20610515,0
20610516,0.00050181
20610517,0.24342
20610518,0.9834
20610519,0.061583
20610520,0.0030349
20610521,0.13044
20610522,2.8931
20610523,6.1097
20610524,0
20610525,0.037052
20610526,4.7709
20610527,0.00086961
20610528,0.14583
20610529,0.53458
20610530,1.3433
20610531,2.3484
20610601,2.8584
20610602,4.8724
20610603,1.8959
20610604,2.722
20610605,8.6162
20610606,7.1831
20610607,4.3344
20610608,0.58776
20610609,0.00085956
20610610,0.010282
20610611,0.0041541
20610612,0.001313
20610613,0.0064084
20610614,0.011361
20610615,6.3283
20610616,4.3875
20610617,0.034343
20610618,1.4354
20610619,0.71542
20610620,0.039792
20610621,6.1905
20610622,1.9313
20610623,0.033253
20610624,6.2117
20610625,9.3651
20610626,0.90468
20610627,1.2825
20610628,1.0289
20610629,0.0077819
20610630,0.0056786
20610701,0.0042674
20610702,0.042188
20610703,17.529
20610704,11.378
20610705,10.622
20610706,5.6178
20610707,8.1168
20610708,16.554
20610709,6.386
20610710,5.5281
20610711,6.951
20610712,3.7153
20610713,0.077039
20610714,0.074624
20610715,0
20610716,0.0067841
20610717,0.011805
20610718,7.9587
20610719,0.08037
20610720,0.0022707
20610721,0.18083
20610722,8.5767
20610723,0.0044157
20610724,3.8647
20610725,20.356
20610726,0
20610727,0.013362
20610728,0.020507
20610729,0.32254
20610730,0.4055
20610731,0
20610801,0.0014722
20610802,0.0021006
20610803,0.00057786
20610804,0.0021696
20610805,0.0027945
20610806,1.242
20610807,0
20610808,5.5718
20610809,10.464
20610810,8.751
20610811,10.035
20610812,38.245
20610813,8.2316
20610814,1.791
20610815,0.022989
20610816,3.3031
20610817,5.2052
20610818,4.684
20610819,1.2923
20610820,0.030639
20610821,0.66809
20610822,0.57382
20610823,0
20610824,0
20610825,8.3615
20610826,0.0076662
20610827,0.0014112
20610828,3.1137
20610829,0.0010964
20610830,0.00022652
20610831,0.32374
20610901,11.547
20610902,0.097897
20610903,0.23354
20610904,5.5043
20610905,8.7238
20610906,0.097429
20610907,0.6571
20610908,1.0216
20610909,0
20610910,2.2336
20610911,0.049915
20610912,0.0021236
20610913,0
20610914,14.769
20610915,0.00069795
20610916,0.035221
20610917,4.9544
20610918,5.1205
20610919,0.41801
20610920,0
20610921,4.7285
20610922,16.665
20610923,24.487
20610924,20.039
20610925,97.643
20610926,9.5632
20610927,13.986
20610928,0.12377
20610929,0.089055
20610930,0.013678
20611001,0
20611002,5.8158
20611003,0.00050507
20611004,0
20611005,0.0018242
20611006,0.0011811
20611007,0
20611008,1.1654
20611009,42.146
20611010,0.95934
20611011,0.22114
20611012,0
20611013,17.735
20611014,1.5742
20611015,0.00075926
20611016,3.2405
20611017,2.6535
20611018,4.1939
20611019,0.096879
20611020,0
20611021,0.0057975
20611022,0.0043667
20611023,0
20611024,0.099448
20611025,1.5845
20611026,12.262
20611027,27.966
20611028,32.599
20611029,9.755
20611030,16.042
20611031,46.893
20611101,81.194
20611102,1.5585
20611103,0.59837
20611104,1.3141
20611105,23.681
20611106,2.3729
20611107,8.6328
20611108,0.050263
20611109,6.4032
20611110,0.89102
20611111,0
20611112,0
20611113,1.0894
20611114,0.045482
20611115,0.0011558
20611116,0.047518
20611117,0
20611118,0
20611119,0
20611120,0.044632
20611121,0
20611122,0
20611123,0
20611124,1.0953
20611125,0.034331
20611126,0
20611127,0.10118
20611128,0.00065382
20611129,3.2305
20611130,18.006
20611201,0.62222
20611202,4.2551
20611203,1.5263
20611204,0.87304
20611205,3.4143
20611206,0.07174
20611207,8.4801
20611208,0.16818
20611209,0.0026499
20611210,0.89825
20611211,0.00093525
20611212,25.928
20611213,45.613
20611214,6.7459
20611215,0
20611216,0.0045844
20611217,2.3025
20611218,9.6028
20611219,0.09082
20611220,0.0091109
20611221,0.51943
20611222,0.57039
20611223,22.278
20611224,0.11093
20611225,0.033905
20611226,0.7174
20611227,1.6091
20611228,0.006397
20611229,2.9597
20611230,0.54822
20611231,1.35
20620101,0
20620102,0.00035719
20620103,0.00022413
20620104,3.649e-05
20620105,0.021687
20620106,1.1278e-05
20620107,0
20620108,9.3642e-05
20620109,0.41816
20620110,0.0037898
20620111,0.096327
20620112,0.90004
20620113,0.13137
20620114,0.021002
20620115,2.5847
20620116,4.501
20620117,0
20620118,0.021588
20620119,0
20620120,0.59351
20620121,0.15278
20620122,0.062906
20620123,0.017886
20620124,0.89119
20620125,0.0011436
20620126,0.000619
20620127,0.16977
20620128,0.062847
20620129,0.0032354
20620130,0.39916
20620131,4.7358e-06
20620201,0
20620202,0.0016729
20620203,0.073824
20620204,0.007038
20620205,0
20620206,0.00092092
20620207,0
20620208,0.15092
20620209,0.038928
20620210,17.654
20620211,8.7354
20620212,8.1996
20620213,0.00038978
20620214,0.0029973
20620215,0.80402
20620216,3.2891
20620217,0.88234
20620218,0.00042645
20620219,7.4861
20620220,23.857
20620221,4.4166
20620222,0.15858
20620223,5.222e-05
20620224,0.12719
20620225,0.031799
20620226,0.47374
20620227,0.40045
20620228,0.56753
20620301,1.1393
20620302,1.128
20620303,0.33497
20620304,1.0502
20620305,0.050091
20620306,0.00034742
20620307,0.7512
20620308,0.0016347
20620309,0.30779
20620310,2.4257
20620311,7.4789
20620312,0.69522
20620313,0.29686
20620314,0
20620315,2.2255e-05
20620316,1.2122e-05
20620317,0.70831
20620318,0
20620319,0.055175
20620320,0
20620321,0.20411
20620322,0.18701
20620323,0
20620324,0.00088242
20620325,0
20620326,0.0013583
20620327,0.0017513
20620328,0.0035202
20620329,0
20620330,0.0017951
20620331,1.2319
20620401,4.0382
20620402,1.1299
20620403,0.22308
20620404,0.19631
20620405,0.16674
20620406,0.5507
20620407,1.175
20620408,0.032929
20620409,0
20620410,0.0059775
20620411,0.056082
20620412,0.056014
20620413,3.3824
20620414,12.992
20620415,10.165
20620416,0
20620417,2.5224e-05
20620418,3.462e-06
20620419,0.067643
20620420,1.8921
20620421,0.40536
20620422,0.00099116
20620423,0.00070001
20620424,0
20620425,4.7956
20620426,1.9824
20620427,1.5377
20620428,1.7035
20620429,18.644
20620430,0.53871
20620501,5.3322
20620502,2.7106
20620503,1.6989
20620504,3.0103
20620505,3.3789
20620506,0.00082518
20620507,0.005167
20620508,0
20620509,0
20620510,1.0835
20620511,0
20620512,0.00015807
20620513,1.3199
20620514,0.99829
20620515,0.42565
20620516,0.7049
20620517,5.7621
20620518,4.7293
20620519,0.23597
20620520,4.8172e-05
20620521,0.00034352
20620522,2.4839
20620523,0.00026175
20620524,0.015524
20620525,0
20620526,1.0376
20620527,0.74203
20620528,6.4503
20620529,52.386
20620530,5.7887
20620531,1.2625
20620601,5.2171
20620602,1.2215
20620603,0
20620604,0.58486
20620605,4.2061
20620606,2.2307
20620607,1.8624
20620608,0
20620609,0
20620610,0
20620611,0.15781
20620612,24.76
20620613,8.3182
20620614,0.12509
20620615,2.2657
20620616,1.8091
20620617,3.7993
20620618,6.6678
20620619,3.6568
20620620,3.5219
20620621,4.921
20620622,14.035
20620623,0.097452
20620624,0.00045298
20620625,0.00011626
20620626,0.037102
20620627,0
20620628,0.2412
20620629,0.11627
20620630,4.8899
20620701,2.1345
20620702,0.00045595
20620703,0
20620704,1.2972
20620705,10.649
20620706,5.6614
20620707,0.18202
20620708,4.2731
20620709,3.1228
20620710,7.9237
20620711,1.4554
20620712,7.6117
20620713,4.5244
20620714,7.1232
20620715,0.0050446
20620716,5.8096
20620717,0.043856
20620718,0.98853
20620719,0.97881
20620720,0
20620721,1.8156
20620722,1.7988
20620723,8.3587
20620724,1.1457
20620725,0.0014077
20620726,1.0888
20620727,3.176
20620728,6.458
20620729,9.7257
20620730,7.0528
20620731,1.8412
20620801,1.4578
20620802,0
20620803,0.0050452
20620804,0.0036772
20620805,7.4915
20620806,4.9398
20620807,0.0041138
20620808,0.0032618
20620809,6.8337
20620810,0.016439
20620811,1.1834
20620812,0.29723
20620813,0.0033024
20620814,0.010775
20620815,2.1511
20620816,0.0033809
20620817,0
20620818,0.019028
20620819,0.0012428
20620820,0.0093886
20620821,3.0365
20620822,33.328
20620823,0
20620824,0.044537
20620825,0
20620826,0
20620827,0.0040576
20620828,0
20620829,0.0078065
20620830,0.0033222
20620831,0.5097
20620901,0
20620902,0.046448
20620903,3.7698
20620904,17.686
20620905,21.042
20620906,0.00027982
20620907,0.2264
20620908,7.5929
20620909,0
20620910,0.00098925
20620911,0
20620912,0
20620913,0.0020159
20620914,0
20620915,0
20620916,0
20620917,0.0036077
20620918,0
20620919,0.84641
20620920,0.43031
20620921,0.10711
20620922,0
20620923,0.66846
20620924,0
20620925,0.066609
20620926,1.309
20620927,7.6515
20620928,35.154
20620929,4.7436
20620930,0.017045
20621001,0.0083302
20621002,2.0134
20621003,1.2947
20621004,3.4145
20621005,1.5949
20621006,4.9257
20621007,4.8912
20621008,4.9653
20621009,2.3337
20621010,5.5704
20621011,1.1023
20621012,1.2906
20621013,8.2438
20621014,0.37147
20621015,0.40347
20621016,0.015588
20621017,2.4444e-07
20621018,0
20621019,0
20621020,0.19291
20621021,0.47594
20621022,2.8947
20621023,0.0072905
20621024,0.0058557
20621025,0.056379
20621026,0.00016787
20621027,0.0034495
20621028,1.0149
20621029,0.90462
20621030,0.037259
20621031,0.52409
20621101,0
20621102,0.074508
20621103,0.94346
20621104,0.0054793
20621105,0.0013357
20621106,0.17547
20621107,0.00087545
20621108,5.1415e-09
20621109,0.011192
20621110,2.1405
20621111,0.58507
20621112,0.0029269
20621113,0.0032248
20621114,0.0011035
20621115,2.8106e-08
20621116,18.882
20621117,4.1515
20621118,0.00077813
20621119,0.0042877
20621120,0
20621121,0.038386
20621122,56.665
20621123,0.00076755
20621124,0.70574
20621125,0.054152
20621126,0.0067229
20621127,0
20621128,0.16622
20621129,3.2906
20621130,1.7499
20621201,4.5222
20621202,0.072423
20621203,0.0045938
20621204,0.030096
20621205,1.3056
20621206,0.30222
20621207,0.00059569
20621208,0
20621209,0.58955
20621210,29.954
20621211,0
20621212,0.55711
20621213,37.661
20621214,0.41712
20621215,0
20621216,37.924
20621217,0.073367
20621218,31.114
20621219,0.27547
20621220,0.0041099
20621221,0.14121
20621222,0
20621223,0.016509
20621224,3.333
20621225,0.0054689
20621226,0.0062506
20621227,3.035
20621228,18.011
20621229,7.626
20621230,5.4968
20621231,0.51424
20630101,1.6084
20630102,6.1589
20630103,1.6674
20630104,0
20630105,0.0041519
20630106,0.38182
20630107,0.0025909
20630108,0.0058201
20630109,2.3712
20630110,4.6572
20630111,13.8
20630112,0.2074
20630113,21.572
20630114,6.2461
20630115,8.3775
20630116,4.7773
20630117,1.8899
20630118,9.9275
20630119,0.77816
20630120,4.4517
20630121,0.010544
20630122,0.0048893
20630123,0.025692
20630124,3.8021
20630125,2.6865
20630126,0.0044358
20630127,3.3505
20630128,30.384
20630129,0.0061542
20630130,0.020599
20630131,2.7588
20630201,1.8367
20630202,22.801
20630203,21.46
20630204,46.977
20630205,0.00012029
20630206,3.8088
20630207,0
20630208,0.00088675
20630209,0.42719
20630210,0.018419
20630211,9.3337
20630212,5.0187
20630213,0.80937
20630214,0.7451
20630215,0.63299
20630216,7.2374
20630217,3.7032
20630218,8.4151
20630219,0.49629
20630220,0.07207
20630221,0
20630222,0.00039351
20630223,0
20630224,0.0042272
20630225,2.5262
20630226,17.083
20630227,0.00053198
20630228,0.013723
20630301,0.54676
20630302,0.017856
20630303,0
20630304,0.00075047
20630305,0.034526
20630306,4.5018
20630307,0.00041863
20630308,7.1833e-05
20630309,0.00025673
20630310,0.084599
20630311,0.23347
20630312,0.001345
20630313,0
20630314,0
20630315,0.12454
20630316,0.89164
20630317,0.0074826
20630318,0.33885
20630319,0.050851
20630320,0.034511
20630321,0.66272
20630322,0.0011325
20630323,0
20630324,0.0018503
20630325,0
20630326,0.00224
20630327,0
20630328,0.0072791
20630329,0.7578
20630330,0.44767
20630331,0.0010732
20630401,2.1351
20630402,2.8789
20630403,0.29927
20630404,0.10687
20630405,0
20630406,0.95614
20630407,0.083978
20630408,0
20630409,0.0004837
20630410,0.047879
20630411,0.0012473
20630412,0
20630413,0.10962
20630414,0.0091783
20630415,0
20630416,0
20630417,0
20630418,0.0021022
20630419,0.0034279
20630420,9.5999
20630421,11.372
20630422,3.952
20630423,0.3236
20630424,0.52625
20630425,0.38153
20630426,0.0015472
20630427,0.0035862
20630428,1.8102
20630429,0.11483
20630430,0.10511
20630501,0.00020349
20630502,4.5603e-05
20630503,6.6732e-05
20630504,0.00031583
20630505,8.6034e-10
20630506,0.63546
20630507,15.727
20630508,0.00024077
20630509,0
20630510,0
20630511,0.0014767
20630512,5.8438
20630513,0.48437
20630514,49.632
20630515,6.6456
20630516,1.1956
20630517,0
20630518,0.005072
20630519,0.0081344
20630520,19.438
20630521,2.2682
20630522,17.977
20630523,9.6442
20630524,11.187
20630525,25.61
20630526,4.7996
20630527,0.096149
20630528,0.00095706
20630529,0.060419
20630530,0.72834
20630531,0.023843
20630601,0
20630602,0.066938
20630603,14.022
20630604,2.1343
20630605,0.96239
20630606,0
20630607,0
20630608,2.7886
20630609,0.22175
20630610,1.6441
20630611,0.045075
20630612,2.2931
20630613,3.7509
20630614,7.4405
20630615,4.7146
20630616,5.5015
20630617,6.158
20630618,3.8011
20630619,10.535
20630620,9.1258
20630621,2.9919
20630622,1.6958
20630623,0.97025
20630624,4.6322
20630625,0.62554
20630626,4.7788
20630627,4.6396
20630628,1.982
20630629,0.093402
20630630,0.84707
20630701,4.3209
20630702,0.00077204
20630703,0
20630704,0.71551
20630705,2.296
20630706,8.2017
20630707,5.6975
20630708,0.15191
20630709,0.0045668
20630710,5.1857
20630711,7.8426
20630712,7.6394
20630713,6.8126
20630714,3.4258
20630715,4.4309
20630716,0
20630717,3.1289
20630718,13.109
20630719,9.7347
20630720,0.0011844
20630721,0.038095
20630722,0.0068437
20630723,0.53221
20630724,0
20630725,0
20630726,0.0011067
20630727,0.0057109
20630728,2.9753
20630729,0
20630730,0.0033782
20630731,0.0046701
20630801,2.3407
20630802,0.00066052
20630803,0.002355
20630804,0.0019212
20630805,0.011768
20630806,0.0025179
20630807,0.0012031
20630808,0.15249
20630809,0.48609
20630810,0.088264
20630811,0.030674
20630812,0.17578
20630813,0.0014991
20630814,0.0072265
20630815,0.0081903
20630816,1.0048
20630817,0.44425
20630818,0.0041754
20630819,1.3123e-05
20630820,0.0038998
20630821,0
20630822,0.010739
20630823,2.5819e-05
20630824,3.6697
20630825,2.9161
20630826,0
20630827,0.0073474
20630828,0
20630829,0.0045643
20630830,0.0079101
20630831,0
20630901,0.0018556
20630902,0.0032684
20630903,6.7147
20630904,9.7255
20630905,1.6779
20630906,0.66383
20630907,8.1346
20630908,0
20630909,0.0033485
20630910,0
20630911,0.012316
20630912,0
20630913,0.15619
20630914,0.21908
20630915,2.0791
20630916,30.035
20630917,0.34608
20630918,0.092942
20630919,1.4683
20630920,0.019775
20630921,0.001321
20630922,0.011605
20630923,0.0066957
20630924,0.012816
20630925,0.44849
20630926,0.003494
20630927,0.0019877
20630928,0
20630929,0.20477
20630930,0
20631001,0.0065396
20631002,0.12995
20631003,0.18057
20631004,11.835
20631005,61.454
20631006,0
20631007,0.32839
20631008,0
20631009,0.002802
20631010,0.0018298
20631011,0.0047168
20631012,0
20631013,0.0105
20631014,4.3456
20631015,0.27076
20631016,0.00048368
20631017,0.72391
20631018,0
20631019,0.0029811
20631020,0.00047003
20631021,0.90807
20631022,0.0013304
20631023,7.4919
20631024,7.8287
20631025,0.017386
20631026,5.5025
20631027,1.6603
20631028,0.061062
20631029,0.023494
20631030,0.010893
20631031,0.20526
20631101,0.31687
20631102,7.048
20631103,2.6051
20631104,0.037519
20631105,0.024703
20631106,0.19958
20631107,46.125
20631108,27.564
20631109,25.993
20631110,20.041
20631111,17.149
20631112,6.5178
20631113,88.738
20631114,45.862
20631115,0.0017286
20631116,0.002153
20631117,0
20631118,4.6706
20631119,14.868
20631120,0.00015601
20631121,0.57188
20631122,1.4976
20631123,2.8601
20631124,0.045027
20631125,0
20631126,0
20631127,0.010957
20631128,0.035111
20631129,0
20631130,0.037712
20631201,0.05427
20631202,0
20631203,0.013676
20631204,1.9983
20631205,4.4843
20631206,0.00022406
20631207,0.00034328
20631208,3.0307
20631209,0.64595
20631210,0
20631211,0.0016487
20631212,0.00070254
20631213,0.0021505
20631214,0
20631215,0
20631216,0.0015082
20631217,0
20631218,0.054739
20631219,1.0503
20631220,3.1953
20631221,0.00033638
20631222,3.551
20631223,1.5254
20631224,0
20631225,0.12663
20631226,0.55681
20631227,0.79213
20631228,0.33364
20631229,0.00046058
20631230,0.0041076
20631231,0
20640101,1.4018
20640102,0.28572
20640103,0.00013536
20640104,0.00067658
20640105,0
20640106,0
20640107,0.0011617
20640108,0.20429
20640109,5.2434e-05
20640110,0
20640111,0
20640112,0.0010803
20640113,1.6308
20640114,5.2428
20640115,0.084472
20640116,0.35123
20640117,0.27742
20640118,0.0019414
20640119,0.46197
20640120,0.59838
20640121,0.65263
20640122,0
20640123,0.0043244
20640124,0
20640125,0.0016551
20640126,0.23922
20640127,1.1608
20640128,2.1906e-09
20640129,0.4063
20640130,1.5206
20640131,1.0315e-07
20640201,0
20640202,0.27513
20640203,0.10162
20640204,1.181
20640205,0.018141
20640206,0.51863
20640207,0.15112
20640208,0.55412
20640209,0.044076
20640210,6.8016
20640211,0.23936
20640212,5.2886
20640213,1.2522
20640214,3.3239
20640215,0.47175
20640216,0.0069487
20640217,0.0047334
20640218,0.057246
20640219,0.12593
20640220,0.070774
20640221,0.53097
20640222,0.0071244
20640223,0.42895
20640224,0.21032
20640225,1.9831
20640226,6.9041
20640227,0.066675
20640228,0.0040985
20640229,0.19569
20640301,1.2957
20640302,0.013336
20640303,2.2638
20640304,10.743
20640305,0
20640306,0
20640307,6.1846e-05
20640308,0.22815
20640309,0.48667
20640310,0.0005168
20640311,0
20640312,0.017791
20640313,2.2846
20640314,0.0038159
20640315,0
20640316,0
20640317,0
20640318,0.59021
20640319,15.028
20640320,0.0050246
20640321,0.91133
20640322,0.00051459
20640323,0.0030105
20640324,0.0023399
20640325,0.036223
20640326,0.62027
20640327,31.246
20640328,4.3672
20640329,0.15038
20640330,0.0040918
20640331,0.33683
20640401,0.89437
20640402,7.2679
20640403,1.4195
20640404,0.99171
20640405,4.5106
20640406,6.8293
20640407,0.9257
20640408,46.266
20640409,13.101
20640410,0.0033308
20640411,0.96363
20640412,0.040377
20640413,0.037201
20640414,0.0052108
20640415,0.1605
20640416,0.016712
20640417,0
20640418,0
20640419,7.7461
20640420,6.7535
20640421,4.5592
20640422,6.7369
20640423,2.252
20640424,0.31789
20640425,5.48
20640426,6.526
20640427,1.5309
20640428,0.43957
20640429,0.71883
20640430,0.28386
20640501,8.3035
20640502,0.88937
20640503,0.0010019
20640504,0.52813
20640505,0.023973
20640506,14.566
20640507,6.1023
20640508,1.0266
20640509,0
20640510,1.015
20640511,10.08
20640512,0.48124
20640513,0.0012609
20640514,0.13105
20640515,1.5789
20640516,8.7578
20640517,28.142
20640518,5.4009
20640519,0.26772
20640520,2.8215
20640521,0.0094656
20640522,11.47
20640523,13.412
20640524,4.2454
20640525,1.5621
20640526,0.61698
20640527,0.62665
20640528,0.10394
20640529,1.1158
20640530,0
20640531,0.0042913
20640601,0.48787
20640602,0
20640603,1.6891
20640604,3.2308
20640605,1.2175
20640606,4.1784
20640607,7.5846
20640608,4.3607
20640609,0.26834
20640610,0.0027728
20640611,0.0022591
20640612,1.9854
20640613,17.767
20640614,5.8667
20640615,9.4237
20640616,15.382
20640617,14.527
20640618,1.6146
20640619,0.23808
20640620,3.0354
20640621,1.1843
20640622,0.014965
20640623,1.8539
20640624,7.3993
20640625,6.5567
20640626,6.2304
20640627,5.1328
20640628,2.474
20640629,0.029387
20640630,1.2266
20640701,1.4304
20640702,9.4034
20640703,10.086
20640704,4.5258e-05
20640705,0
20640706,6.34
20640707,0.0039387
20640708,0.0010319
20640709,0.0010607
20640710,0
20640711,1.809
20640712,3.7144
20640713,5.073
20640714,9.7015
20640715,4.105
20640716,6.0044
20640717,0
20640718,0.00024746
20640719,0.0025706
20640720,0.81825
20640721,9.2882
20640722,3.1805
20640723,0.03904
20640724,8.9308
20640725,1.528
20640726,0.73193
20640727,0.0021371
20640728,0.0010283
20640729,0.068165
20640730,10.628
20640731,15.284
20640801,0.15608
20640802,0
20640803,0.0006918
20640804,0
20640805,0.40797
20640806,1.3766
20640807,0.069485
20640808,0.0030927
20640809,0.00037273
20640810,0.00075931
20640811,0.23163
20640812,0.67649
20640813,1.2349
20640814,0.0077183
20640815,0
20640816,3.4556
20640817,0
20640818,0.00056364
20640819,0.061292
20640820,0.061522
20640821,4.7909
20640822,4.5921
20640823,5.6262
20640824,2.3239
20640825,1.3073
20640826,1.9002
20640827,1.3745
20640828,0.0013475
20640829,0.0030467
20640830,0.8953
20640831,0.0063816
20640901,0.0065461
20640902,5.7525
20640903,0.00058298
20640904,0.003027
20640905,0.00079899
20640906,0.0018739
20640907,0.0011782
20640908,0.090715
20640909,10.76
20640910,34.889
20640911,46.835
20640912,26.268
20640913,1.3332
20640914,0.24786
20640915,0.49918
20640916,0.8472
20640917,0.71259
20640918,0
20640919,0.29851
20640920,9.9568
20640921,4.3937
20640922,1.0583
20640923,0.0013714
20640924,0.011209
20640925,0.64561
20640926,0.0073931
20640927,31.182
20640928,57.67
20640929,82.812
20640930,21.054
20641001,0.084126
20641002,5.451
20641003,19.806
20641004,2.3342
20641005,2.0719
20641006,1.2743
20641007,1.4193
20641008,0.01009
20641009,0.00021783
20641010,0.0027319
20641011,2.1271e-05
20641012,2.8942
20641013,8.0557
20641014,28.296
20641015,6.1317
20641016,59.779
20641017,0.27564
20641018,0
20641019,36.881
20641020,16.299
20641021,9.5964
20641022,0.116
20641023,0.11792
20641024,3.077
20641025,0.011552
20641026,0.015399
20641027,0.41116
20641028,6.2409
20641029,1.4707
20641030,0.42444
20641031,0.67436
20641101,0.025226
20641102,0.00056002
20641103,0
20641104,0
20641105,0.047468
20641106,0.0023935
20641107,0.028149
20641108,0.32424
20641109,0.017956
20641110,0.43745
20641111,0.011856
20641112,0.91978
20641113,0.21985
20641114,1.9802
20641115,15.362
20641116,2.0859
20641117,0.27269
20641118,0.10575
20641119,0.0034669
20641120,0.023351
20641121,0
20641122,0.25115
20641123,0.18252
20641124,0
20641125,0
20641126,0.0032097
20641127,0
20641128,0
20641129,0.013644
20641130,0
20641201,2.9536
20641202,0.02758
20641203,0.022262
20641204,0.97971
20641205,0
20641206,0.00049051
20641207,0.061272
20641208,0.4405
20641209,0.10157
20641210,1.2971
20641211,0.07179
20641212,0.000333
20641213,0.071974
20641214,1.2939
20641215,1.0168
20641216,0
20641217,0.0012139
20641218,0
20641219,3.9927
20641220,0.082183
20641221,0.010862
20641222,0.037545
20641223,0.28111
20641224,0.16224
20641225,0.1744
20641226,0
20641227,0.0002187
20641228,0.45713
20641229,0.054685
20641230,0.036102
20641231,0.0069118
20650101,1.6502
20650102,0.050239
20650103,2.4105
20650104,0
20650105,0.092918
20650106,0.13703
20650107,0.0011661
20650108,0
20650109,0.00042784
20650110,0.04578
20650111,0
20650112,0.00096146
20650113,0
20650114,0.0014045
20650115,0
20650116,0
20650117,0.00090106
20650118,0.18224
20650119,0.63559
20650120,0.4235
20650121,0.10674
20650122,0.1745
20650123,0.22817
20650124,0.00035091
20650125,0
20650126,0
20650127,0.037518
20650128,0.0031297
20650129,0.018625
20650130,2.069
20650131,0.0012617
20650201,0.031353
20650202,0.00011761
20650203,0
20650204,0
20650205,0.00065433
20650206,0
20650207,0.00043562
20650208,0
20650209,0
20650210,2.1422
20650211,1.903
20650212,0.0091815
20650213,5.3009e-05
20650214,0.34358
20650215,0.38702
20650216,0.10145
20650217,0.4308
20650218,2.6324
20650219,20.691
20650220,1.4043
20650221,0.82516
20650222,0.057724
20650223,0.57549
20650224,4.813
20650225,0.000431
20650226,0.50381
20650227,1.7279
20650228,4.6241
20650301,11.498
20650302,3.0799
20650303,4.4294
20650304,0.00095513
20650305,0
20650306,0.20781
20650307,2.7193
20650308,2.0884
20650309,0.1376
20650310,0.4169
20650311,0.52886
20650312,0.0012764
20650313,0
20650314,0.037374
20650315,0.63551
20650316,6.2296
20650317,4.4925
20650318,4.5403e-05
20650319,0.0030147
20650320,0.51079
20650321,0
20650322,0.065479
20650323,0.11672
20650324,0.059499
20650325,0.0026324
20650326,0
20650327,0.0025493
20650328,0
20650329,0.00043811
20650330,0.00040743
20650331,0.0016936
20650401,0.00013077
20650402,2.2349
20650403,0
20650404,0.00044057
20650405,0
20650406,0.0010651
20650407,0.064073
20650408,0.60307
20650409,0.00066873
20650410,0.00066875
20650411,5.2797
20650412,0
20650413,7.5448
20650414,11.479
20650415,13.749
20650416,7.0105
20650417,2.0339
20650418,14.192
20650419,7.5579
20650420,6.4272
20650421,1.9121
20650422,0.27519
20650423,12.602
20650424,21.491
20650425,5.8843
20650426,4.8496
20650427,8.4934
20650428,8.0893
20650429,3.4337
20650430,3.8281
20650501,2.553
20650502,0.7963
20650503,8.3642
20650504,23.286
20650505,6.4315
20650506,9.4506
20650507,13.047
20650508,15.371
20650509,16.525
20650510,4.8377
20650511,2.5161
20650512,0.35702
20650513,1.9791
20650514,2.096
20650515,0.037755
20650516,3.8467
20650517,0.98403
20650518,0.069478
20650519,2.6279
20650520,3.5244
20650521,0.21939
20650522,5.4293
20650523,7.8974
20650524,3.1813
20650525,2.2906
20650526,1.3604
20650527,6.8636
20650528,3.0522
20650529,33.312
20650530,24.513
20650531,2.9121
20650601,3.9147
20650602,15.56
20650603,2.166
20650604,1.2152
20650605,0.35734
20650606,1.2278
20650607,0.34527
20650608,2.8405
20650609,4.6173
20650610,6.7607
20650611,7.2969
20650612,1.9933
20650613,4.7941
20650614,1.8173
20650615,1.7348
20650616,2.4423
20650617,6.7282
20650618,12.482
20650619,11.725
20650620,0.099246
20650621,0.016961
20650622,2.6184e-06
20650623,3.1861e-06
20650624,5.2089
20650625,2.1272
20650626,1.0061
20650627,2.6748
20650628,2.56
20650629,5.6208
20650630,0.37654
20650701,4.057
20650702,1.0895
20650703,0.017739
20650704,3.2217
20650705,0.00044637
20650706,0.0016107
20650707,0.52366
20650708,0.0019642
20650709,2.7957
20650710,0.0039249
20650711,0.002392
20650712,6.3633
20650713,31.314
20650714,6.8544
20650715,0.46192
20650716,0.089669
20650717,0.0018545
20650718,0.0078783
20650719,0.010151
20650720,5.9759
20650721,0.76676
20650722,0.013021
20650723,0.00047105
20650724,0.12436
20650725,0.0078215
20650726,0
20650727,0.022931
20650728,0.20386
20650729,0.2648
20650730,3.2905
20650731,2.5595
20650801,0.033541
20650802,0.45755
20650803,0
20650804,0.0049858
20650805,0
20650806,0.94956
20650807,0.046849
20650808,9.7266
20650809,0.0094062
20650810,0.00070374
20650811,0.00038008
20650812,0.69775
20650813,0
20650814,0.0054494
20650815,0.0021136
20650816,0
20650817,0.019203
20650818,0
20650819,0.0018572
20650820,0.01168
20650821,0.0060601
20650822,0.29429
20650823,2.4728
20650824,0.1808
20650825,4.7411
20650826,4.036
20650827,0
20650828,0.010212
20650829,0.0040637
20650830,0.069237
20650831,12.94
20650901,5.4933
20650902,0
20650903,0.0014872
20650904,0.00088561
20650905,0.12827
20650906,0.0014557
20650907,0.00012549
20650908,0.0027682
20650909,0.0051572
20650910,0.067508
20650911,0.0050051
20650912,0.0097767
20650913,10.564
20650914,5.1017
20650915,0.37201
20650916,0.73987
20650917,3.6694
20650918,3.6329
20650919,3.6889
20650920,8.1904
20650921,1.7412
20650922,0.0079414
20650923,0
20650924,7.0851
20650925,10.633
20650926,0.074855
20650927,0
20650928,0.013785
20650929,0
20650930,0.18696
20651001,3.232
20651002,3.5
20651003,1.9194
20651004,0.42217
20651005,2.9388
20651006,0.00029113
20651007,9.3362e-06
20651008,0.0024337
20651009,0.057663
20651010,0.00071545
20651011,0
20651012,0
20651013,1.6505
20651014,0.0012127
20651015,0.0048395
20651016,0
20651017,1.7975
20651018,14.319
20651019,0.58957
20651020,31.486
20651021,13.59
20651022,14.789
20651023,9.7391
20651024,10.537
20651025,4.8664
20651026,4.2005
20651027,15.172
20651028,26.75
20651029,11.675
20651030,0.95553
20651031,0.0012434
20651101,1.0411
20651102,5.747
20651103,0.0032706
20651104,0.00083677
20651105,0.030519
20651106,3.095e-07
20651107,0.0001319
20651108,0.38593
20651109,0.0011615
20651110,0.0025204
20651111,0.19165
20651112,2.527
20651113,0.0051532
20651114,20.154
20651115,6.3807
20651116,9.4125
20651117,16.066
20651118,3.0194
20651119,0
20651120,0.0070801
20651121,0
20651122,0.30681
20651123,3.4008
20651124,0.044824
20651125,0.058729
20651126,1.1176
20651127,0.047877
20651128,0.15343
20651129,0
20651130,0.00035968
20651201,0.18544
20651202,0.59955
20651203,0.083276
20651204,0
20651205,0.13785
20651206,0
20651207,10.38
20651208,17.139
20651209,14.753
20651210,1.2744
20651211,7.8151
20651212,14.908
20651213,21.022
20651214,4.2321
20651215,4.2757
20651216,0
20651217,0
20651218,0.0013104
20651219,0.00032355
20651220,0.0017892
20651221,0.31379
20651222,0.33613
20651223,0.00026766
20651224,0
20651225,0.0028028
20651226,0.078516
20651227,0.34734
20651228,0.05922
20651229,0.0014814
20651230,0
20651231,0
20660101,0
20660102,0
20660103,0
20660104,0
20660105,0
20660106,0
20660107,0
20660108,0
20660109,0.52664
20660110,0.8562
20660111,0.31281
20660112,0.024909
20660113,0.088148
20660114,2.6972
20660115,2.4248
20660116,1.3109
20660117,1.2027
20660118,8.1193
20660119,0.15751
20660120,6.7831
20660121,0
20660122,0.26609
20660123,4.1273
20660124,3.0325
20660125,2.2752
20660126,0.12613
20660127,0
20660128,0.014358
20660129,0.0032461
20660130,18.62
20660131,2.5217
20660201,0
20660202,0.13975
20660203,1.0426
20660204,1.4118
20660205,0.038254
20660206,3.2558
20660207,0.59929
20660208,0.11948
20660209,19.011
20660210,3.1926
20660211,2.4271
20660212,0.093262
20660213,0.10412
20660214,1.599
20660215,5.4976
20660216,0.028486
20660217,0.0024207
20660218,0
20660219,0.31905
20660220,6.128
20660221,0.015613
20660222,0
20660223,0.0049379
20660224,0.0001417
20660225,0.0018775
20660226,0
20660227,0
20660228,0.0039665
20660301,0
20660302,0
20660303,0
20660304,0
20660305,0.00072204
20660306,2.3496e-05
20660307,0.18263
20660308,2.1516
20660309,6.5534
20660310,0.9784
20660311,1.3218
20660312,1.0763
20660313,1.3075
20660314,0.31376
20660315,0.99041
20660316,0.005331
20660317,0.0032949
20660318,0
20660319,0
20660320,4.363
20660321,38.755
20660322,64.137
20660323,4.7641
20660324,1.1667
20660325,0.38127
20660326,0.00086902
20660327,0
20660328,0.002617
20660329,0.24892
20660330,4.9587
20660331,0.04503
20660401,1.6242
20660402,2.4884
20660403,0.41787
20660404,3.4355
20660405,0.0022645
20660406,0.0039811
20660407,0
20660408,0.0034874
20660409,0.59827
20660410,11.195
20660411,5.3893
20660412,8.7756
20660413,25.213
20660414,5.4496
20660415,0.0010856
20660416,1.8642
20660417,3.8191
20660418,3.6896
20660419,1.0791
20660420,4.9791
20660421,0.98956
20660422,0.13151
20660423,0.19911
20660424,0
20660425,0
20660426,0.010863
20660427,0.0051015
20660428,1.6344
20660429,3.5794
20660430,0.0089515
20660501,0.043737
20660502,0
20660503,0.0008191
20660504,0
20660505,0.002648
20660506,1.1588
20660507,0.0019105
20660508,0.00076999
20660509,0.016656
20660510,0.0013523
20660511,0.63475
20660512,0.0035515
20660513,0.012248
20660514,0
20660515,0
20660516,1.6472
20660517,0.00093294
20660518,0.0025986
20660519,0.015133
20660520,0.52232
20660521,0.0037905
20660522,2.5087
20660523,2.33
20660524,3.5
20660525,0
20660526,0.7062
20660527,0.084952
20660528,0.0039824
20660529,0
20660530,0.74148
20660531,0.01172
20660601,0
20660602,0
20660603,0.0056509
20660604,4.2024
20660605,2.1267
20660606,3.2429
20660607,3.5833
20660608,2.8756
20660609,11.969
20660610,0.26134
20660611,0.051348
20660612,3.4984
20660613,4.7811
20660614,0.53128
20660615,0
20660616,0.0054969
20660617,0
20660618,0.0084676
20660619,0.43608
20660620,1.5259
20660621,2.5964
20660622,3.8259
20660623,3.5983
20660624,4.0729
20660625,2.5648
20660626,0
20660627,0
20660628,1.1597
20660629,0.65764
20660630,0.4428
20660701,0.0018637
20660702,3.8669
20660703,0
20660704,3.0907
20660705,5.2734
20660706,0.17293
20660707,4.5996
20660708,0.35814
20660709,0.0046253
20660710,0.0045611
20660711,0.58353
20660712,4.1599
20660713,3.1164
20660714,5.9144
20660715,0
20660716,0.008068
20660717,1.0483
20660718,3.0397
20660719,0.02224
20660720,0
20660721,0.03162
20660722,5.5143
20660723,0.0013545
20660724,0.013971
20660725,0
20660726,1.9998
20660727,2.0125
20660728,3.6584
20660729,0.0045505
20660730,4.578
20660731,0.0076633
20660801,0.0027119
20660802,0.0025654
20660803,0.002322
20660804,7.1113
20660805,6.7206
20660806,0.0043053
20660807,0.0028533
20660808,0.70665
20660809,0.0076292
20660810,0
20660811,2.7468
20660812,4.2998
20660813,0.0016041
20660814,0.00065336
20660815,0.0078407
20660816,0.0037814
20660817,0
20660818,0.0047175
20660819,3.7826
20660820,0.13439
20660821,0
20660822,1.4332
20660823,2.1042
20660824,0.0023877
20660825,0.01664
20660826,3.3249
20660827,0.7182
20660828,0.0062501
20660829,0.40108
20660830,10.131
20660831,80.947
20660901,0
20660902,2.9476
20660903,2.5476
20660904,0.0004186
20660905,2.1395
20660906,0.00075579
20660907,0
20660908,0.0025914
20660909,0.00055778
20660910,0
20660911,0.29276
20660912,9.5379
20660913,0.96146
20660914,0.00031163
20660915,0
20660916,6.8864
20660917,1.2628
20660918,0.00048982
20660919,0.28705
20660920,0.0020685
20660921,1.1383
20660922,0.023397
20660923,83.921
20660924,64.699
20660925,4.205
20660926,1.157
20660927,0.063678
20660928,0.061261
20660929,0.18479
20660930,9.253
20661001,90.179
20661002,23.59
20661003,12.865
20661004,17.171
20661005,93.838
20661006,33.995
20661007,4.875
20661008,1.4422
20661009,0.13419
20661010,0
20661011,0.0027783
20661012,0.0082541
20661013,14.731
20661014,93.947
20661015,8.3424
20661016,0.77449
20661017,0.0099871
20661018,0.50945
20661019,0.004033
20661020,0
20661021,0.00043555
20661022,0.0073023
20661023,0.30159
20661024,2.1843
20661025,5.3411
20661026,1.3044
20661027,4.7305
20661028,0.016213
20661029,0.14569
20661030,0.8536
20661031,9.0026
20661101,5.8939
20661102,11.646
20661103,16.738
20661104,10.706
20661105,2.4383
20661106,1.9726
20661107,0.22321
20661108,0.01051
20661109,1.41e-07
20661110,1.0857e-08
20661111,1.594e-07
20661112,0.00010438
20661113,0
20661114,0.0035827
20661115,0.021892
20661116,0
20661117,0.014167
20661118,5.0174
20661119,1.0511
20661120,0.074007
20661121,0
20661122,0.0047277
20661123,0.15308
20661124,0.088325
20661125,0.22001
20661126,0.27659
20661127,0.97193
20661128,7.5616
20661129,1.862
20661130,0.098359
20661201,0.14876
20661202,0.0032647
20661203,0.00025429
20661204,0.47209
20661205,0.00028214
20661206,9.9103e-05
20661207,0
20661208,32.984
20661209,1.6082
20661210,0.016046
20661211,0.01435
20661212,0.00050058
20661213,0.0016607
20661214,0
20661215,0
20661216,0.0016354
20661217,0.0013776
20661218,0
20661219,0
20661220,4.9989e-06
20661221,0
20661222,0
20661223,0.00058293
20661224,0.0011061
20661225,0.0021322
20661226,0
20661227,3.2955
20661228,2.03
20661229,0
20661230,0.020608
20661231,0.018533
20670101,0
20670102,0
20670103,0
20670104,0
20670105,0
20670106,0
20670107,0
20670108,0
20670109,0
20670110,0.0080042
20670111,0
20670112,0
20670113,0.00086864
20670114,0
20670115,0.068693
20670116,0.18989
20670117,3.7447
20670118,0.0015552
20670119,3.2025
20670120,0.0062531
20670121,0.018849
20670122,0.044376
20670123,1.1021
20670124,0.20533
20670125,12.523
20670126,28.591
20670127,7.24
20670128,24.902
20670129,52.644
20670130,27.251
20670131,7.0599
20670201,9.5217
20670202,11.675
20670203,7.1759
20670204,14.797
20670205,2.1133
20670206,23.959
20670207,1.1477
20670208,1.0153
20670209,0.0060288
20670210,0
20670211,11.36
20670212,6.3534
20670213,2.7267
20670214,26.419
20670215,35.299
20670216,3.6033
20670217,2.1601
20670218,0.00051751
20670219,0.012775
20670220,5.9639
20670221,1.5239
20670222,0.45733
20670223,1.1576
20670224,0.84757
20670225,0.13147
20670226,0
20670227,0.045554
20670228,2.4937e-05
20670301,0.00014899
20670302,0
20670303,0.66689
20670304,0.0016785
20670305,0.66829
20670306,0.0015635
20670307,0.01053
20670308,0
20670309,0.10207
20670310,0
20670311,0
20670312,0
20670313,0.60773
20670314,0.97063
20670315,0
20670316,0.0016464
20670317,2.2013
20670318,39.304
20670319,2.2754
20670320,5.7166
20670321,0.79953
20670322,25.496
20670323,38.318
20670324,9.5495
20670325,0
20670326,0.24251
20670327,1.7571
20670328,3.4112
20670329,3.1857
20670330,4.774
20670331,3.4507
20670401,2.3598
20670402,3.855
20670403,3.0871
20670404,1.2171
20670405,0.0011982
20670406,0
20670407,0.012013
20670408,10.603
20670409,5.0201
20670410,3.5265
20670411,2.9953
20670412,2.6081
20670413,2.3774
20670414,7.5731
20670415,2.8948
20670416,23.447
20670417,25.469
20670418,1.3455
20670419,9.6913
20670420,37.459
20670421,0.1401
20670422,1.3848
20670423,1.5245
20670424,0.068008
20670425,0.062571
20670426,0.018682
20670427,0.02577
20670428,0.14614
20670429,3.1137
20670430,0.52042
20670501,0
20670502,0.019861
20670503,3.7256
20670504,3.2221
20670505,2.6235
20670506,0.00066484
20670507,2.3607
20670508,0.44472
20670509,1.713
20670510,6.0189
20670511,1.56
20670512,0.0033921
20670513,0.00049194
20670514,0.99975
20670515,3.394
20670516,0.0030409
20670517,0.7326
20670518,3.9679
20670519,1.4499
20670520,0
20670521,0.002865
20670522,0
20670523,0.002431
20670524,0.0082042
20670525,0.73577
20670526,0.040415
20670527,0.39815
20670528,1.7875
20670529,3.3088
20670530,0.0058664
20670531,1.4852
20670601,22.705
20670602,15.876
20670603,5.5393
20670604,11.428
20670605,0.00034912
20670606,0.35893
20670607,0
20670608,0.0017288
20670609,0
20670610,1.5051
20670611,2.7831
20670612,3.5503
20670613,0.011868
20670614,0.0017394
20670615,3.2452
20670616,2.6901
20670617,5.932
20670618,6.5898
20670619,13.146
20670620,4.7148
20670621,26.064
20670622,3.767
20670623,0.0059557
20670624,0
20670625,0
20670626,1.4124
20670627,1.7258
20670628,6.4377
20670629,0.87781
20670630,0.40053
20670701,0.025452
20670702,0.00042034
20670703,0.0013051
20670704,3.8731
20670705,3.8177
20670706,0
20670707,4.9848
20670708,1.654
20670709,1.2809
20670710,0.013537
20670711,4.528e-05
20670712,0.0013562
20670713,0.005808
20670714,0.0012811
20670715,2.0873
20670716,7.3143
20670717,0.41544
20670718,3.0699
20670719,0
20670720,0.011143
20670721,0.0013618
20670722,0.0033593
20670723,0.70296
20670724,1.512
20670725,0.65986
20670726,1.2114
20670727,0.030702
20670728,5.371
20670729,6.2669
20670730,3.8522
20670731,1.0255
20670801,0.004133
20670802,0.003868
20670803,0.10815
20670804,5.922
20670805,8.1685
20670806,1.7875
20670807,2.5135
20670808,2.6846
20670809,0.54289
20670810,1.8013
20670811,2.73
20670812,5.4532
20670813,0.82026
20670814,0.038842
20670815,1.3873
20670816,18.009
20670817,2.6641
20670818,0
20670819,0.0102
20670820,0.69461
20670821,0.0064429
20670822,0.0043286
20670823,0.0014928
20670824,0.0098922
20670825,2.2568
20670826,2.1318
20670827,0.017318
20670828,0.37882
20670829,0.71661
20670830,0
20670831,0.98335
20670901,0.030769
20670902,0.0057386
20670903,0.0014184
20670904,2.2723
20670905,0.55375
20670906,0.55936
20670907,0.002136
20670908,0
20670909,0.0026578
20670910,0.0010188
20670911,0.60563
20670912,0.24765
20670913,0.95888
20670914,12.658
20670915,15.946
20670916,0.91508
20670917,0.0056118
20670918,0
20670919,0.12024
20670920,0.014706
20670921,0.0051532
20670922,0.001245
20670923,0.0017394
20670924,0.014205
20670925,0.2373
20670926,0
20670927,0
20670928,0
20670929,57.792
20670930,110.01
20671001,2.558
20671002,4.4976
20671003,0.96789
20671004,0
20671005,0.29296
20671006,0.00059858
20671007,0
20671008,6.1774e-06
20671009,0.96554
20671010,1.6692
20671011,2.0494
20671012,6.1889
20671013,0.0019916
20671014,0.001683
20671015,0
20671016,0.002235
20671017,0
20671018,0.0036809
20671019,0
20671020,0.0025528
20671021,3.2223
20671022,2.883
20671023,0.70572
20671024,0.0019851
20671025,0.08738
20671026,0
20671027,0.57913
20671028,0
20671029,0
20671030,0.0065264
20671031,0.0037452
20671101,0.003378
20671102,0
20671103,0.00017395
20671104,2.4168
20671105,5.1107
20671106,1.9355
20671107,32.742
20671108,81.15
20671109,46.24
20671110,1.723
20671111,27.012
20671112,0.52024
20671113,0.00072806
20671114,0
20671115,0.47969
20671116,0.46293
20671117,0.063046
20671118,0.088308
20671119,0.59874
20671120,0.88293
20671121,0.011678
20671122,0.042037
20671123,0.097874
20671124,0.5114
20671125,0.38827
20671126,0.30104
20671127,0.0020528
20671128,0
20671129,0.00024366
20671130,0.005211
20671201,0
20671202,0.028451
20671203,0.0010175
20671204,0
20671205,0
20671206,0
20671207,0.00086239
20671208,0.0070449
20671209,0.088307
20671210,0.13644
20671211,0
20671212,0.00053179
20671213,0.0065955
20671214,0
20671215,0.0001904
20671216,0.00036622
20671217,0.00045821
20671218,7.5181e-14
20671219,8.4334e-06
20671220,7.6033e-05
20671221,1.1897e-07
20671222,0.074821
20671223,0.67829
20671224,0.76191
20671225,0.016295
20671226,0
20671227,0.0011115
20671228,3.4429e-08
20671229,4.2416e-08
20671230,2.3095e-09
20671231,0
20680101,14.601
20680102,63.192
20680103,37.724
20680104,1.0058
20680105,2.6732
20680106,0.055836
20680107,0
20680108,0.00042865
20680109,0
20680110,0
20680111,0.00042315
20680112,0.0013553
20680113,0.43745
20680114,0.026351
20680115,0.00021577
20680116,0.016028
20680117,0.00072615
20680118,0
20680119,0.00010522
20680120,0
20680121,0.0021822
20680122,0.00060127
20680123,0
20680124,0.00047231
20680125,0.00087028
20680126,0.0021868
20680127,0
20680128,0.0007011
20680129,0
20680130,7.311
20680131,13.496
20680201,10.152
20680202,0.4483
20680203,0.91026
20680204,0.010898
20680205,0
20680206,0.039864
20680207,0.51903
20680208,0.021859
20680209,0.8659
20680210,0.32426
20680211,0.045753
20680212,0
20680213,0.00024409
20680214,0.028389
20680215,0.94458
20680216,0
20680217,0.37851
20680218,13.783
20680219,0.13919
20680220,1.5515
20680221,0.00059144
20680222,0
20680223,0.44939
20680224,4.4503
20680225,0.00050778
20680226,0.050371
20680227,0.062327
20680228,0.0011263
20680229,0.00082513
20680301,0
20680302,0
20680303,0.25335
20680304,1.0739
20680305,0.080723
20680306,0.23699
20680307,0.00088137
20680308,5.0961
20680309,1.4312
20680310,0.085041
20680311,2.3274
20680312,0.0023227
20680313,2.771
20680314,0
20680315,1.1974
20680316,5.0029
20680317,1.268
20680318,0.05301
20680319,25.241
20680320,1.8541
20680321,1.5908
20680322,0.23893
20680323,3.6
20680324,0.91933
20680325,0.85437
20680326,0
20680327,0.16004
20680328,1.1713
20680329,0.00018557
20680330,0.27856
20680331,23.769
20680401,3.0635
20680402,2.7852
20680403,3.4902
20680404,2.8205
20680405,11.388
20680406,85.462
20680407,21.517
20680408,2.955
20680409,2.4347
20680410,8.302
20680411,5.7928
20680412,0.30634
20680413,0.36998
20680414,9.6369
20680415,2.2403
20680416,0
20680417,0
20680418,0
20680419,0
20680420,0.33554
20680421,2.0859
20680422,0
20680423,0.085589
20680424,0.00051858
20680425,0.004723
20680426,0.448
20680427,3.4286
20680428,0.67194
20680429,2.4068
20680430,0.013578
20680501,0
20680502,0.063898
20680503,1.1954
20680504,1.3991
20680505,4.7637
20680506,0.010724
20680507,0.0048897
20680508,0.68291
20680509,0.0014269
20680510,1.4837e-05
20680511,0
20680512,0.0073912
20680513,0
20680514,0.97962
20680515,0
20680516,0.19411
20680517,0.010587
20680518,0.0037716
20680519,0.35412
20680520,16.947
20680521,5.2789
20680522,0.044723
20680523,0.93164
20680524,4.6162
20680525,15.8
20680526,0.3273
20680527,0.0020689
20680528,9.13
20680529,0
20680530,0.011098
20680531,4.0377
20680601,5.5227
20680602,1.8153
20680603,0
20680604,0.1495
20680605,10.737
20680606,1.9876
20680607,0
20680608,9.5688
20680609,12.283
20680610,6.7117
20680611,0.31443
20680612,0.29512
20680613,0
20680614,6.6714
20680615,9.0789
20680616,0
20680617,1.0893
20680618,1.9961
20680619,0.0090905
20680620,0
20680621,0
20680622,0
20680623,1.1791
20680624,1.7285
20680625,6.0651
20680626,5.3984
20680627,3.9075
20680628,0.038723
20680629,23.912
20680630,0.024278
20680701,0.78606
20680702,0
20680703,0.001794
20680704,0.0004314
20680705,0.0054139
20680706,0.01423
20680707,1.9724
20680708,2.7761
20680709,0.2232
20680710,0.003966
20680711,0.0011906
20680712,9.7036
20680713,0.070743
20680714,0.0073834
20680715,0.10246
20680716,0.0056607
20680717,6.0975e-06
20680718,0.0037821
20680719,0.42835
20680720,1.3252e-05
20680721,0.017891
20680722,0.0013293
20680723,0.0033581
20680724,0
20680725,0.1709
20680726,0.0084721
20680727,4.4949
20680728,0.94153
20680729,0.05728
20680730,0.0016634
20680731,4.7242
20680801,0.56291
20680802,0.0023731
20680803,0
20680804,0
20680805,0.0017838
20680806,3.2873
20680807,5.2199
20680808,6.6803
20680809,3.5185
20680810,0.70975
20680811,0.00099424
20680812,0.001496
20680813,0.0059436
20680814,0.50299
20680815,0.0053168
20680816,0.15548
20680817,3.0096
20680818,0.0061126
20680819,0
20680820,5.6916
20680821,0.17231
20680822,0.72008
20680823,0.27637
20680824,4.0843
20680825,1.1489
20680826,0.94738
20680827,4.193
20680828,0.63623
20680829,5.3573
20680830,70.001
20680831,4.1222
20680901,1.1621
20680902,3.027
20680903,0.24
20680904,0.00022263
20680905,2.6625
20680906,0.047995
20680907,3.6597
20680908,6.4512
20680909,9.395
20680910,9.1237
20680911,13.508
20680912,3.6482
20680913,0.0011507
20680914,0
20680915,0.0016459
20680916,3.8821
20680917,10.157
20680918,25.308
20680919,12.252
20680920,5.9096
20680921,1.6125
20680922,1.5478
20680923,0.29581
20680924,1.5655
20680925,0.0031349
20680926,0.57576
20680927,6.6861
20680928,4.4935
20680929,1.2311
20680930,0.025291
20681001,1.3171
20681002,5.2002
20681003,18.852
20681004,35.783
20681005,6.9892
20681006,0.68628
20681007,0.65446
20681008,0.33432
20681009,1.4862
20681010,3.537
20681011,0.17466
20681012,0.00432
20681013,2.3138
20681014,2.0249
20681015,0.31533
20681016,44.814
20681017,2.122
20681018,6.528
20681019,23.544
20681020,0.00087774
20681021,1.9079
20681022,4.017
20681023,5.0023
20681024,40.038
20681025,0.36147
20681026,0
20681027,0.0036256
20681028,0.0030597
20681029,0.017677
20681030,0.039635
20681031,3.1126
20681101,1.5765
20681102,8.9728
20681103,1.514
20681104,5.5946
20681105,0
20681106,0.0014611
20681107,0.36198
20681108,4.727
20681109,1.9886
20681110,0
20681111,1.3739
20681112,0.99011
20681113,0.33714
20681114,1.2166
20681115,1.4363
20681116,4.563
20681117,0.21099
20681118,0.0011565
20681119,0
20681120,5.0557
20681121,3.5942
20681122,0.00097298
20681123,0
20681124,0.69126
20681125,0.00030762
20681126,1.6646
20681127,1.1709e-05
20681128,1.8521e-05
20681129,0.21469
20681130,0
20681201,0.16245
20681202,0.88907
20681203,0.71406
20681204,1.0461
20681205,1.3228
20681206,0.36127
20681207,0
20681208,0.23266
20681209,0.088895
20681210,0.57252
20681211,0.0014265
20681212,0.0014787
20681213,0.0042927
20681214,0
20681215,0
20681216,2.43
20681217,1.0586
20681218,1.0299
20681219,2.5584
20681220,0.065071
20681221,0.001853
20681222,10.556
20681223,79.295
20681224,17.217
20681225,0.16301
20681226,0
20681227,0
20681228,0.0024048
20681229,1.3944
20681230,5.9989
20681231,47.65
20690101,6.0112
20690102,3.6705
20690103,4.7103
20690104,0.88551
20690105,0.00048786
20690106,0.98486
20690107,1.1609
20690108,0
20690109,1.2067e-06
20690110,0.00041756
20690111,1.4113e-08
20690112,0
20690113,0.0007298
20690114,1.4462
20690115,4.6979
20690116,0
20690117,0
20690118,0.012575
20690119,1.4322
20690120,1.5192
20690121,1.3519
20690122,20.653
20690123,32.233
20690124,11.791
20690125,23.089
20690126,55.926
20690127,0.66488
20690128,5.7624
20690129,22.935
20690130,0.99653
20690131,1.3101
20690201,2.6248
20690202,1.2312
20690203,13.172
20690204,38.366
20690205,54.245
20690206,27.401
20690207,6.785
20690208,3.5205
20690209,0
20690210,0
20690211,7.2638
20690212,73.924
20690213,44.458
20690214,0.20425
20690215,0.10653
20690216,0.42164
20690217,0.27046
20690218,3.8233
20690219,0.098617
20690220,9.0047e-06
20690221,0
20690222,2.4586
20690223,0.27377
20690224,0.44194
20690225,0.001455
20690226,0
20690227,0.21635
20690228,0.70067
20690301,0.073078
20690302,3.1563e-05
20690303,0.099571
20690304,0
20690305,0.00021534
20690306,0
20690307,0.01502
20690308,0.77557
20690309,0.083278
20690310,1.1387
20690311,0
20690312,0.065486
20690313,0
20690314,0.0056422
20690315,0.50204
20690316,0.0056804
20690317,0
20690318,0.00026521
20690319,0
20690320,0.0013633
20690321,0.0020583
20690322,0
20690323,0.0088598
20690324,0.040843
20690325,0
20690326,0.00050559
20690327,0.0011993
20690328,0
20690329,4.7053
20690330,0
20690331,0.010914
20690401,0.00010932
20690402,9.497e-05
20690403,10.608
20690404,3.626
20690405,16.029
20690406,7.8567
20690407,24.588
20690408,34.369
20690409,16.937
20690410,5.546
20690411,0.7989
20690412,0.0090525
20690413,0.13697
20690414,0.0049877
20690415,2.5745
20690416,2.0993
20690417,0.47987
20690418,2.8666
20690419,6.2569
20690420,0.63986
20690421,4.0093
20690422,7.2912
20690423,0.70827
20690424,0
20690425,0
20690426,0.0020548
20690427,1.1617
20690428,5.5037
20690429,4.468
20690430,0.0038433
20690501,0
20690502,0
20690503,5.347
20690504,3.8809
20690505,4.8147
20690506,0.55482
20690507,4.4678
20690508,2.6222
20690509,15.121
20690510,1.4996
20690511,1.8996
20690512,3.5705
20690513,3.5297
20690514,3.3474
20690515,1.7381
20690516,0.061591
20690517,0.013979
20690518,0.0051231
20690519,0
20690520,0
20690521,0.015257
20690522,0
20690523,3.5402
20690524,76.859
20690525,18.292
20690526,1.5038
20690527,0.0034968
20690528,3.3482
20690529,0.0064707
20690530,0.0055741
20690531,3.9128
20690601,4.8922
20690602,1.5075
20690603,0.00098286
20690604,0
20690605,6.0378
20690606,0.0008857
20690607,0.0032504
20690608,0
20690609,2.0622
20690610,4.0816
20690611,0.36224
20690612,0
20690613,1.6317e-05
20690614,0.0026268
20690615,1.3694
20690616,15.949
20690617,0.24362
20690618,2.2086
20690619,2.0566
20690620,0.26624
20690621,5.2403
20690622,0.0087923
20690623,0.38681
20690624,2.5984
20690625,5.8422
20690626,5.6129
20690627,3.7026
20690628,7.0519
20690629,1.3441
20690630,1.9704
20690701,6.9738
20690702,4.416
20690703,10.184
20690704,0.19823
20690705,0
20690706,3.2389
20690707,2.464
20690708,0.066435
20690709,0.43146
20690710,0.61951
20690711,0
20690712,0
20690713,0.23229
20690714,0.04229
20690715,0.0091245
20690716,3.2657
20690717,0.0065614
20690718,0
20690719,2.0331
20690720,0.0030805
20690721,4.089
20690722,12.03
20690723,2.0447
20690724,0
20690725,5.0198
20690726,1.1127
20690727,0.01435
20690728,2.4477
20690729,0.78352
20690730,2.8248
20690731,0.018448
20690801,0.024986
20690802,0.0010512
20690803,0.004034
20690804,0.51199
20690805,0.0029375
20690806,0.00028882
20690807,0.94728
20690808,2.8786
20690809,0.19447
20690810,0.040728
20690811,8.5057
20690812,5.1928
20690813,0.19387
20690814,2.1711
20690815,1.9321
20690816,2.5145
20690817,0
20690818,0
20690819,0.0041666
20690820,0
20690821,0.48623
20690822,3.0711
20690823,1.7007
20690824,0.57124
20690825,11.543
20690826,2.0476
20690827,0
20690828,0.00089658
20690829,0.016304
20690830,0
20690831,0.0092312
20690901,1.5978
20690902,4.5195
20690903,0
20690904,2.3806e-05
20690905,3.1803
20690906,5.5079
20690907,4.7584
20690908,0.036347
20690909,1.9716
20690910,1.1832
20690911,12.955
20690912,2.9982
20690913,0.0025911
20690914,0.66809
20690915,7.7491
20690916,46.101
20690917,0
20690918,1.5261
20690919,64.781
20690920,3.7061
20690921,0.0046751
20690922,0.07286
20690923,0.83074
20690924,1.9526
20690925,0.33965
20690926,0.00068284
20690927,0.008601
20690928,0.38626
20690929,0.0013066
20690930,0
20691001,0.0030839
20691002,0.001724
20691003,0.0088203
20691004,2.6497
20691005,0.50537
20691006,0
20691007,1.2292
20691008,9.517
20691009,0.12808
20691010,0.00080754
20691011,0.0045853
20691012,0.00032955
20691013,0
20691014,0
20691015,0.0029572
20691016,0
20691017,0.036313
20691018,0.040597
20691019,0
20691020,0.00027267
20691021,0.0055609
20691022,0.085809
20691023,17.186
20691024,11.338
20691025,0
20691026,0.60705
20691027,0.14392
20691028,1.2148
20691029,13.399
20691030,27.369
20691031,23.313
20691101,3.8518
20691102,3.4788
20691103,10.19
20691104,4.777
20691105,10.966
20691106,62.274
20691107,76.583
20691108,13.553
20691109,51.42
20691110,19.798
20691111,17.743
20691112,5.0139
20691113,2.502
20691114,4.1496
20691115,13.28
20691116,35.983
20691117,8.9872
20691118,6.7588
20691119,11.239
20691120,0.94095
20691121,0.20879
20691122,0.00025715
20691123,6.4282
20691124,9.168
20691125,18.593
20691126,29.456
20691127,5.3789
20691128,0.20831
20691129,0
20691130,0.0072766
20691201,0
20691202,0
20691203,0.84971
20691204,4.3093
20691205,0.19199
20691206,0.37868
20691207,0.039293
20691208,0.039019
20691209,0.27618
20691210,0.068114
20691211,0.011649
20691212,2.8436e-09
20691213,0
20691214,0.62359
20691215,8.149e-06
20691216,0.0045614
20691217,0.018194
20691218,0.00026823
20691219,0.00016532
20691220,0
20691221,0
20691222,0.0019713
20691223,0
20691224,0
20691225,0.0010718
20691226,0.0034799
20691227,0
20691228,0.013145
20691229,0.0015036
20691230,0.0021792
20691231,2.728
20700101,0.29038
20700102,3.8921
20700103,0.6235
20700104,0
20700105,0.080232
20700106,0.059914
20700107,1.0845
20700108,0.008675
20700109,1.6566
20700110,1.7018
20700111,0
20700112,0.00050452
20700113,0.00079915
20700114,0
20700115,0.00099621
20700116,0.0016045
20700117,0
20700118,0
20700119,0.00022598
20700120,1.546
20700121,0
20700122,0
20700123,0.037508
20700124,0
20700125,0.0049092
20700126,0.0015495
20700127,0.12622
20700128,0.072264
20700129,1.6135
20700130,2.2861
20700131,0.39298
20700201,0
20700202,31.998
20700203,0.40394
20700204,1.4993
20700205,2.2182
20700206,0
20700207,1.0357
20700208,2.3488
20700209,2.3991
20700210,9.1007
20700211,15.724
20700212,0
20700213,1.2046e-05
20700214,0.0015662
20700215,0
20700216,0.015461
20700217,19.861
20700218,1.9564
20700219,0
20700220,0.0014796
20700221,3.0382e-05
20700222,0.0013085
20700223,0
20700224,0.0035744
20700225,0.6908
20700226,0.72571
20700227,0
20700228,0
20700301,0.00080067
20700302,0.00025589
20700303,0.00021047
20700304,0.00013633
20700305,0
20700306,0.035422
20700307,1.8319
20700308,37.948
20700309,9.0166
20700310,4.0864
20700311,0.0038723
20700312,0.0079147
20700313,1.1687
20700314,15.259
20700315,0.39744
20700316,0.62811
20700317,1.3939
20700318,0.30041
20700319,0.1604
20700320,1.0844
20700321,0.23006
20700322,1.4769
20700323,0.029106
20700324,0.47459
20700325,0.0040234
20700326,0.0097168
20700327,0.30053
20700328,0.59562
20700329,0.35498
20700330,0
20700331,0.42798
20700401,12.759
20700402,0.22943
20700403,0
20700404,0.00049681
20700405,0
20700406,0
20700407,0.0010415
20700408,0
20700409,3.2798
20700410,0
20700411,0.0008918
20700412,0.46209
20700413,0.031193
20700414,19.431
20700415,0.015246
20700416,0
20700417,0.57981
20700418,0
20700419,0.0012739
20700420,1.411
20700421,0.00045046
20700422,0.0017209
20700423,0.0017913
20700424,0
20700425,0.56056
20700426,0.58574
20700427,0.00083926
20700428,0
20700429,0.021852
20700430,0
20700501,2.069
20700502,1.984
20700503,2.8571
20700504,0.010158
20700505,0.0014894
20700506,0
20700507,0.053515
20700508,0.0048362
20700509,1.7779
20700510,6.7745
20700511,3.5411
20700512,0
20700513,0.76691
20700514,3.4931
20700515,1.3276
20700516,0.015842
20700517,7.1013
20700518,0.9161
20700519,0.083994
20700520,5.2664
20700521,3.3241
20700522,0.01456
20700523,0.0075209
20700524,0.20938
20700525,0
20700526,0.15485
20700527,0.001481
20700528,0.00045418
20700529,0
20700530,0.094993
20700531,1.679
20700601,1.6046
20700602,0
20700603,0.0032553
20700604,0.0037246
20700605,0.10594
20700606,0.055223
20700607,0.053902
20700608,6.1195
20700609,0.0011905
20700610,0.00017821
20700611,0.0084566
20700612,0.51888
20700613,2.5228
20700614,13.976
20700615,10.678
20700616,11.768
20700617,0
20700618,0.0063558
20700619,0.028228
20700620,7.9873
20700621,0.00018862
20700622,0
20700623,0.013119
20700624,3.1973
20700625,5.1041
20700626,9.5851
20700627,0.54238
20700628,0.0082174
20700629,4.1027
20700630,0.001644
20700701,0.0048733
20700702,1.319
20700703,5.9103
20700704,0.004183
20700705,0.73595
20700706,1.4673
20700707,0.66561
20700708,6.6565
20700709,3.9429
20700710,17.51
20700711,2.6173
20700712,0.16241
20700713,0.038608
20700714,3.8259
20700715,6.5654
20700716,1.8223
20700717,0.0014608
20700718,0.80277
20700719,0.00011437
20700720,1.1346
20700721,9.747
20700722,0.032713
20700723,0.10149
20700724,0
20700725,0.0035679
20700726,0
20700727,0.2512
20700728,0.22974
20700729,0.0096656
20700730,6.5026
20700731,11.943
20700801,18.635
20700802,2.143
20700803,0.83434
20700804,9.4252
20700805,0.052121
20700806,0.00012289
20700807,0.0045576
20700808,0.81271
20700809,0.00016126
20700810,1.4769
20700811,0.0025353
20700812,0
20700813,0.0070987
20700814,0.53028
20700815,0.0033002
20700816,0.17121
20700817,11.735
20700818,0.27538
20700819,0.60245
20700820,2.5777
20700821,3.7488
20700822,0
20700823,4.117
20700824,5.1901
20700825,1.1929
20700826,0.0068805
20700827,0.00095058
20700828,0
20700829,0
20700830,0.0018273
20700831,0
20700901,0.00066611
20700902,0.002859
20700903,1.1307
20700904,9.9798
20700905,31.136
20700906,0.069317
20700907,0.0034595
20700908,0
20700909,0
20700910,0.0021202
20700911,0.0034632
20700912,0.0027462
20700913,0
20700914,0
20700915,0.0061443
20700916,0
20700917,5.1733
20700918,1.0176
20700919,6.5004
20700920,0.0012779
20700921,0
20700922,33.239
20700923,93.864
20700924,2.6349
20700925,4.1973
20700926,0.068078
20700927,0.0011522
20700928,0.011723
20700929,0
20700930,0.0074212
20701001,0
20701002,0
20701003,0
20701004,2.8497
20701005,1.4511
20701006,0.1416
20701007,0.0015291
20701008,0
20701009,0.0034144
20701010,0
20701011,0
20701012,0.033649
20701013,0.42583
20701014,0.11196
20701015,0.019397
20701016,6.3292
20701017,2.34
20701018,0.00013616
20701019,0.0085202
20701020,0
20701021,0.0026838
20701022,0.048782
20701023,0.0027851
20701024,0
20701025,0.0039387
20701026,0.00014361
20701027,0
20701028,0
20701029,1.6541
20701030,4.615
20701031,1.4029
20701101,2.2209
20701102,3.6237
20701103,3.4219
20701104,1.2362
20701105,0.64157
20701106,0.59924
20701107,3.7415
20701108,37.58
20701109,13.763
20701110,14.732
20701111,4.2106
20701112,26.481
20701113,14.238
20701114,9.7266
20701115,6.1602
20701116,5.9641
20701117,1.1537
20701118,0
20701119,6.0839
20701120,0.019889
20701121,1.4325
20701122,0
20701123,9.6926
20701124,0.96469
20701125,1.1017
20701126,1.933
20701127,0.08395
20701128,0.41425
20701129,0.35853
20701130,0.047899
20701201,0.30147
20701202,0.47
20701203,0
20701204,0.014557
20701205,0.010869
20701206,0.26337
20701207,0.2238
20701208,0.002894
20701209,0.19104
20701210,0.076599
20701211,0.13332
20701212,2.6872
20701213,0.17026
20701214,0.13759
20701215,0.020024
20701216,0.035881
20701217,0.079489
20701218,8.5793
20701219,0.44404
20701220,1.3113e-06
20701221,6.7951e-06
20701222,2.4923e-06
20701223,4.3403e-06
20701224,0
20701225,0.00064226
20701226,0
20701227,0
20701228,0.0063987
20701229,0.12606
20701230,0.034057
20701231,0.015569
20710101,0.25484
20710102,0
20710103,23.671
20710104,0.83345
20710105,12.322
20710106,77.083
20710107,5.4351
20710108,0.15653
20710109,0.45098
20710110,2.9761e-05
20710111,0.00084719
20710112,0
20710113,0.00094537
20710114,0
20710115,0
20710116,0.002147
20710117,0.33222
20710118,1.5223
20710119,1.6593
20710120,0.079588
20710121,4.9712
20710122,0.15572
20710123,0
20710124,0.4535
20710125,0.63253
20710126,0.030484
20710127,0
20710128,0.13188
20710129,0.036415
20710130,0
20710131,0.0029464
20710201,0
20710202,0.74332
20710203,0
20710204,0.0055292
20710205,9.9816
20710206,0.74272
20710207,0.5173
20710208,0.84914
20710209,0.86223
20710210,0.001271
20710211,0.0019675
20710212,0.83542
20710213,3.427
20710214,0.022853
20710215,0.020311
20710216,0.41489
20710217,0.0069672
20710218,0.55071
20710219,0.29903
20710220,1.7362
20710221,0.97955
20710222,0.00060504
20710223,0.00079945
20710224,0.037445
20710225,0.0013627
20710226,0
20710227,0.033082
20710228,0.29004
20710301,0.00086201
20710302,0.021883
20710303,0.00023609
20710304,0.049628
20710305,0.057696
20710306,0.16745
20710307,3.6149
20710308,1.7179e-07
20710309,0.00048723
20710310,0
20710311,0.0010862
20710312,0
20710313,0.012005
20710314,3.581
20710315,47.435
20710316,15.858
20710317,0.3498
20710318,0.391
20710319,0
20710320,1.2121
20710321,0.42999
20710322,0.021664
20710323,0.76576
20710324,4.0422
20710325,1.2266
20710326,9.1486
20710327,0.97299
20710328,2.0701
20710329,3.1325
20710330,0.8416
20710331,0.0013015
20710401,0
20710402,0.066667
20710403,0.00047481
20710404,0
20710405,1.5467
20710406,6.6128
20710407,2.4384
20710408,0.30885
20710409,0.31091
20710410,0.00038149
20710411,0.0060054
20710412,11.377
20710413,0
20710414,4.414
20710415,5.6702
20710416,1.0656
20710417,0.0021463
20710418,0.031994
20710419,0.22844
20710420,0.0081109
20710421,0
20710422,1.8058
20710423,7.1463
20710424,0.83914
20710425,2.5503
20710426,4.1428
20710427,0.87561
20710428,2.8911
20710429,4.6331
20710430,6.9804
20710501,2.6048
20710502,5.0332
20710503,0.9845
20710504,0
20710505,6.2018
20710506,2.4432
20710507,0.92636
20710508,6.1087
20710509,6.7529
20710510,5.0469
20710511,4.3931
20710512,1.172
20710513,0.0062854
20710514,0
20710515,1.2473
20710516,2.8135
20710517,6.6934
20710518,1.4264
20710519,5.0637
20710520,8.1551
20710521,0.00037933
20710522,4.3589
20710523,1.0767
20710524,1.6889
20710525,4.1391
20710526,0
20710527,0.0006353
20710528,0
20710529,0.0035214
20710530,5.7068
20710531,4.0625
20710601,0.63258
20710602,0.28008
20710603,0.00074647
20710604,0
20710605,1.3456
20710606,0.0091612
20710607,1.2024
20710608,3.3557
20710609,0.17619
20710610,18.763
20710611,20.449
20710612,6.4285
20710613,1.2393
20710614,0.62442
20710615,7.5911
20710616,4.2952
20710617,5.2658
20710618,9.1527
20710619,5.777
20710620,2.1326
20710621,0
20710622,5.0903
20710623,0.052178
20710624,0.010821
20710625,0
20710626,0.28662
20710627,0
20710628,0.0079261
20710629,0
20710630,0.022999
20710701,3.398
20710702,0.00017314
20710703,9.4399
20710704,0.56065
20710705,3.4477
20710706,30.855
20710707,1.7015
20710708,0.0023464
20710709,0.0043445
20710710,0
20710711,0
20710712,0.0026104
20710713,0.0083848
20710714,3.232
20710715,0
20710716,8.4153
20710717,0.59568
20710718,0
20710719,0.0036979
20710720,0.0020278
20710721,0.00078935
20710722,3.5531
20710723,0.99965
20710724,0
20710725,0.0039889
20710726,0.0029091
20710727,0
20710728,2.68
20710729,0.63685
20710730,1.4419
20710731,0.031589
20710801,0.0032264
20710802,4.8792
20710803,0.066655
20710804,6.7319
20710805,0.21288
20710806,0.76701
20710807,1.9507
20710808,1.3857
20710809,0.0027132
20710810,2.7915
20710811,0.70364
20710812,1.8842
20710813,0.26075
20710814,0.0078393
20710815,0.0071012
20710816,0.0023707
20710817,1.3861
20710818,0.33471
20710819,5.6532
20710820,4.9817
20710821,0.0085795
20710822,0
20710823,0.0079541
20710824,0.058944
20710825,0.27544
20710826,0.0066873
20710827,0.020133
20710828,0.31706
20710829,0.7257
20710830,0.0046747
20710831,0
20710901,0.0047001
20710902,0.015115
20710903,1.2596
20710904,0.0017831
20710905,0.00061204
20710906,0
20710907,0.0025158
20710908,0.004287
20710909,8.107
20710910,4.6125
20710911,0.1299
20710912,5.8922
20710913,11.372
20710914,0
20710915,0.00096686
20710916,0.0022684
20710917,0.4465
20710918,1.099
20710919,13.334
20710920,11.795
20710921,0.46602
20710922,0.0040119
20710923,1.1353
20710924,10.573
20710925,0.71692
20710926,0.18848
20710927,0.0019503
20710928,0.25591
20710929,0.020043
20710930,0.075595
20711001,0.12764
20711002,69.32
20711003,0.030594
20711004,0.015041
20711005,0.23802
20711006,0.0014146
20711007,0.073517
20711008,6.6675
20711009,0.0019796
20711010,0
20711011,0.073772
20711012,0.00077588
20711013,0.00016348
20711014,0.0032361
20711015,0
20711016,29.644
20711017,0
20711018,0.0016162
20711019,0.0013542
20711020,5.9491
20711021,17.31
20711022,0
20711023,0
20711024,0.00077463
20711025,0
20711026,0.0026297
20711027,0.33918
20711028,12.338
20711029,36.433
20711030,21.251
20711031,1.4073
20711101,0.21663
20711102,0
20711103,0.0032969
20711104,0.013057
20711105,0.001856
20711106,0.2212
20711107,7.9421
20711108,4.611
20711109,10.988
20711110,11.08
20711111,0.63037
20711112,13.531
20711113,14.356
20711114,28.813
20711115,4.1151
20711116,0.00023682
20711117,0.0025694
20711118,0
20711119,0.0020552
20711120,0
20711121,0.018856
20711122,0.0047758
20711123,0.46145
20711124,44.214
20711125,1.3628
20711126,0.0071928
20711127,4.3826
20711128,2.9094
20711129,3.4913
20711130,21.319
20711201,0.99691
20711202,0.042885
20711203,0.050648
20711204,0.47257
20711205,0.76307
20711206,0.79606
20711207,0.70809
20711208,0.45467
20711209,0.41196
20711210,0.00046555
20711211,0
20711212,0.0020847
20711213,1.0552
20711214,0.31538
20711215,0.60835
20711216,0
20711217,0.086896
20711218,1.0686
20711219,0.053732
20711220,1.8834
20711221,13.334
20711222,1.6703
20711223,0.65596
20711224,1.4913
20711225,0.20885
20711226,5.931
20711227,0.0037015
20711228,0.0019724
20711229,0
20711230,8.8504e-06
20711231,0.0011958
20720101,0
20720102,0
20720103,0
20720104,0
20720105,0
20720106,0
20720107,0
20720108,0
20720109,0
20720110,0
20720111,0
20720112,0.24306
20720113,4.307
20720114,5.1562
20720115,0.078728
20720116,1.5805
20720117,0.042939
20720118,0.96123
20720119,0.0032343
20720120,0
20720121,0
20720122,2.2341
20720123,11.782
20720124,9.8218
20720125,0.047308
20720126,0.040914
20720127,27.03
20720128,53.123
20720129,29.675
20720130,1.9997
20720131,0
20720201,14.13
20720202,2.1449
20720203,0.042686
20720204,0.0014605
20720205,0.39704
20720206,6.196
20720207,0.09271
20720208,0.039394
20720209,0.082651
20720210,0.011504
20720211,1.0709
20720212,0.086218
20720213,0.0024949
20720214,0.018369
20720215,0
20720216,0.0096323
20720217,0.091932
20720218,0
20720219,0.01305
20720220,0.20824
20720221,0.00021807
20720222,0.54163
20720223,0
20720224,0
20720225,0.001912
20720226,0
20720227,0
20720228,0.00070694
20720229,0.17826
20720301,0.3324
20720302,4.0582
20720303,0.10071
20720304,0.00022309
20720305,3.8595
20720306,0.094353
20720307,0.0065763
20720308,0
20720309,0
20720310,0.002009
20720311,32.891
20720312,27.177
20720313,0.10231
20720314,0.65716
20720315,1.5624
20720316,0.08091
20720317,0.01586
20720318,0.00086542
20720319,0
20720320,0.61391
20720321,0
20720322,0
20720323,0.559
20720324,0.00070157
20720325,1.1943
20720326,6.6728
20720327,3.0526
20720328,4.5616
20720329,0.0011706
20720330,1.5732
20720331,0.0037233
20720401,0
20720402,0
20720403,0.30246
20720404,2.3784
20720405,10.33
20720406,16.849
20720407,2.0356
20720408,0.80467
20720409,0.0014174
20720410,0
20720411,0.0010254
20720412,0.064818
20720413,0
20720414,0.0041132
20720415,0
20720416,4.032
20720417,2.3186
20720418,1.977
20720419,4.0829
20720420,4.0578
20720421,6.9221
20720422,14.493
20720423,1.3796
20720424,0.0040732
20720425,0.47774
20720426,3.9705
20720427,0.97316
20720428,3.6457
20720429,1.7411
20720430,0
20720501,0
20720502,1.2004
20720503,0.00014381
20720504,0.0014926
20720505,0.29187
20720506,5.6877
20720507,2.1701
20720508,0
20720509,0.074508
20720510,1.4483
20720511,0
20720512,0.0051828
20720513,0.0072925
20720514,3.5357
20720515,3.2412
20720516,0
20720517,3.0868
20720518,2.5695
20720519,1.3596
20720520,0
20720521,0.14902
20720522,5.0584
20720523,0
20720524,0.00081734
20720525,0.045385
20720526,10.097
20720527,36.429
20720528,26.136
20720529,12.808
20720530,1.0908
20720531,1.0747
20720601,5.5795
20720602,5.3378
20720603,6.7031
20720604,0.60774
20720605,2.7766
20720606,0.0019857
20720607,0.0043798
20720608,4.2997
20720609,16.93
20720610,7.1412
20720611,1.1496
20720612,2.7153
20720613,8.2285
20720614,6.7018
20720615,1.48
20720616,0.00035919
20720617,5.3012
20720618,4.5541
20720619,0.058742
20720620,1.4445
20720621,1.3357
20720622,1.579
20720623,2.8731
20720624,1.8641
20720625,0
20720626,0.0042326
20720627,0.0050411
20720628,3.1848
20720629,7.523
20720630,0.31569
20720701,0.070287
20720702,4.1842
20720703,0.060866
20720704,0
20720705,0
20720706,0.0023311
20720707,0.0012808
20720708,0.017883
20720709,0.0044405
20720710,0.10918
20720711,6.642
20720712,16.148
20720713,7.9251
20720714,0.00421
20720715,0
20720716,0.60404
20720717,1.3425
20720718,0.0023039
20720719,0.58
20720720,0
20720721,2.0984
20720722,4.045
20720723,7.3607
20720724,7.8871
20720725,1.0562
20720726,5.0507
20720727,0.45541
20720728,3.6534
20720729,0
20720730,9.5837
20720731,5.8244
20720801,0.00054749
20720802,7.5237
20720803,0.0013659
20720804,0.24985
20720805,7.4255
20720806,1.1942
20720807,2.4435
20720808,3.7718
20720809,4.0045
20720810,3.3852
20720811,4.5096
20720812,10.218
20720813,14.469
20720814,8.5806
20720815,2.4441
20720816,0.0018528
20720817,0.0034781
20720818,1.5366
20720819,0.0096795
20720820,6.1639
20720821,0.47379
20720822,4.9802
20720823,0.055134
20720824,0.088647
20720825,0.0033938
20720826,1.5539
20720827,0.038084
20720828,0
20720829,0
20720830,0.0023999
20720831,0.0061046
20720901,0.0017637
20720902,0.056273
20720903,0.10264
20720904,0.0022574
20720905,1.3335
20720906,0.62355
20720907,0.00013222
20720908,0.44239
20720909,3.5097
20720910,7.764
20720911,6.3714
20720912,0.00052532
20720913,0.69424
20720914,3.9809
20720915,1.6975
20720916,1.9004
20720917,0.5578
20720918,6.0753
20720919,69.086
20720920,1.5018
20720921,3.6783
20720922,3.5843
20720923,2.8617
20720924,0
20720925,0.44221
20720926,1.9933
20720927,3.3518
20720928,1.9618
20720929,2.54
20720930,0.015291
20721001,0
20721002,0
20721003,0
20721004,0
20721005,0.20453
20721006,3.1893
20721007,7.9734
20721008,0
20721009,5.0067
20721010,2.0643
20721011,8.0585
20721012,7.3411
20721013,3.6387
20721014,1.2537
20721015,1.9473
20721016,2.4076
20721017,0.67636
20721018,0
20721019,0.0017086
20721020,0.0058342
20721021,2.7809e-05
20721022,0.00049706
20721023,2.5377
20721024,19.605
20721025,0.9245
20721026,3.7411e-06
20721027,0.014041
20721028,0
20721029,0.0048314
20721030,0.74017
20721031,0
20721101,0
20721102,0.54778
20721103,0
20721104,0.00026264
20721105,0
20721106,3.5195
20721107,0.078056
20721108,0
20721109,0.00025456
20721110,0
20721111,8.0885e-05
20721112,0.00062177
20721113,0.0018703
20721114,0
20721115,0
20721116,0.00085654
20721117,0
20721118,0.00297
20721119,0.0086892
20721120,0.0023607
20721121,0
20721122,0
20721123,0.0014999
20721124,0.00089843
20721125,0.012007
20721126,8.0492
20721127,6.7586
20721128,11.846
20721129,21.924
20721130,0.42899
20721201,0.001482
20721202,2.3923
20721203,0.38571
20721204,0
20721205,0.0016493
20721206,0.39334
20721207,1.2456
20721208,0.024707
20721209,0.10393
20721210,0.19148
20721211,8.1787
20721212,0.82222
20721213,0.53832
20721214,0.0038457
20721215,8.1188
20721216,0.63485
20721217,0
20721218,0.41135
20721219,0.39407
20721220,0.6502
20721221,0.063931
20721222,0.0029382
20721223,0.00089513
20721224,0.48301
20721225,22.209
20721226,23.579
20721227,0.056019
20721228,3.9958
20721229,3.703
20721230,0.046087
20721231,2.3783
20730101,11.601
20730102,8.5605
20730103,6.9764
20730104,4.3864
20730105,1.398
20730106,1.9653
20730107,32.162
20730108,47.749
20730109,0.29609
20730110,0
20730111,0.16124
20730112,4.5773
20730113,2.1434
20730114,0.20413
20730115,0.22891
20730116,0.36711
20730117,0
20730118,0.49231
20730119,0.25786
20730120,0.22512
20730121,0.081039
20730122,0.20153
20730123,0.39317
20730124,11.901
20730125,0.03469
20730126,1.3152
20730127,34.424
20730128,0.0021196
20730129,2.9477
20730130,1.3677
20730131,0.010875
20730201,0.75132
20730202,0.19513
20730203,0.04382
20730204,1.0045
20730205,6.5288
20730206,37.953
20730207,0.45494
20730208,0.98991
20730209,0.18362
20730210,0.0026805
20730211,0.31662
20730212,1.2785
20730213,0.23657
20730214,0
20730215,0.00070296
20730216,0.0029093
20730217,0
20730218,0.00031608
20730219,0.00025665
20730220,0.13907
20730221,1.8766
20730222,1.0742
20730223,0
20730224,0.15806
20730225,0
20730226,0.0070969
20730227,8.6977
20730228,27.42
20730301,0
20730302,0.034502
20730303,1.402
20730304,1.141
20730305,1.7234
20730306,2.067
20730307,0.11646
20730308,2.3473
20730309,0.1475
20730310,0.88399
20730311,0.16542
20730312,8.8333
20730313,0.0032475
20730314,0.21642
20730315,0.16016
20730316,8.1653
20730317,2.4914
20730318,0.0030643
20730319,0.00012499
20730320,0
20730321,0.64857
20730322,9.9479
20730323,24.644
20730324,58.39
20730325,7.1952
20730326,1.3498
20730327,0.018164
20730328,0.15578
20730329,0.075056
20730330,18.693
20730331,0.4549
20730401,0
20730402,0.023831
20730403,0
20730404,3.9002e-05
20730405,0.11707
20730406,22.03
20730407,2.9698
20730408,0.0021879
20730409,0.21317
20730410,2.6877
20730411,0.007507
20730412,2.3187
20730413,0.12769
20730414,0.53669
20730415,1.3274
20730416,0
20730417,0.013444
20730418,0
20730419,0.00069256
20730420,0.20387
20730421,4.0084
20730422,0.0043278
20730423,0
20730424,0
20730425,0
20730426,0.0035996
20730427,0.0018202
20730428,0.15194
20730429,1.3157
20730430,4.4738
20730501,2.4978
20730502,0
20730503,3.201
20730504,4.9217
20730505,3.9288
20730506,0.68981
20730507,0.0055774
20730508,0
20730509,0
20730510,0.0074703
20730511,0.30058
20730512,0.0026136
20730513,0
20730514,0.0054373
20730515,24.625
20730516,16.914
20730517,0.91548
20730518,14.017
20730519,29.614
20730520,18.417
20730521,11.344
20730522,8.7251
20730523,9.5882
20730524,2.2236
20730525,0
20730526,0.22198
20730527,8.5232
20730528,0.34808
20730529,2.9867
20730530,0.78152
20730531,2.1991
20730601,1.1996
20730602,0.61821
20730603,23.216
20730604,0.76397
20730605,2.1911
20730606,5.4967
20730607,2.6764
20730608,2.02
20730609,3.9707
20730610,1.8889
20730611,0.015416
20730612,4.0426
20730613,2.2428
20730614,3.7271
20730615,4.9257
20730616,5.9621
20730617,1.3824
20730618,9.6948
20730619,0.97096
20730620,0.082675
20730621,0.13514
20730622,0
20730623,0.041649
20730624,14.988
20730625,2.5477
20730626,0.38176
20730627,1.179
20730628,6.3107
20730629,3.8372
20730630,2.2782
20730701,3.3134
20730702,0.0002728
20730703,0
20730704,0.36051
20730705,0.18358
20730706,2.5547
20730707,0
20730708,7.6288
20730709,3.1219
20730710,5.6503
20730711,0.011742
20730712,0.0066911
20730713,0.56168
20730714,0
20730715,0.0021176
20730716,0.0018606
20730717,3.1466
20730718,2.3509
20730719,4.1593
20730720,3.7088
20730721,3.4459
20730722,5.7682
20730723,2.9794
20730724,0.0076582
20730725,2.0727
20730726,10.423
20730727,10.365
20730728,9.0201
20730729,18.384
20730730,10.713
20730731,1.7514
20730801,4.5359
20730802,2.4785
20730803,0.010853
20730804,6.8261
20730805,1.3081
20730806,0.00031012
20730807,0.030124
20730808,0.015471
20730809,0.00086768
20730810,0
20730811,0.00084531
20730812,0.019905
20730813,0.64824
20730814,0.0019847
20730815,0.0014679
20730816,0.00022165
20730817,0.20022
20730818,0.20034
20730819,0
20730820,12.607
20730821,9.2518
20730822,10.665
20730823,0.23735
20730824,0
20730825,0.00051448
20730826,7.0112
20730827,0.34377
20730828,28.736
20730829,0.035823
20730830,0
20730831,0
20730901,0.00081239
20730902,4.6723
20730903,1.5086
20730904,0.00048984
20730905,0.00012169
20730906,0.00096826
20730907,0.0018447
20730908,0
20730909,0
20730910,0.0020222
20730911,0
20730912,10.818
20730913,8.1206
20730914,10.698
20730915,5.8148
20730916,0.0010818
20730917,0
20730918,0
20730919,0.0079127
20730920,0.0016333
20730921,0.099057
20730922,0.51332
20730923,0.0016662
20730924,0.0013432
20730925,0.0063508
20730926,0
20730927,0
20730928,1.0274
20730929,0.234
20730930,0.052633
20731001,3.3162
20731002,0.011972
20731003,9.8257
20731004,2.9325
20731005,3.4382
20731006,1.7368
20731007,1.0322
20731008,0
20731009,0.68688
20731010,0.0036406
20731011,0
20731012,0.27838
20731013,0.57018
20731014,1.0268
20731015,0.0015543
20731016,0.0070751
20731017,0
20731018,2.4244
20731019,0.061338
20731020,0.0042248
20731021,0
20731022,6.242
20731023,1.8725
20731024,15.052
20731025,13.843
20731026,0.0010455
20731027,0.00012251
20731028,1.6251
20731029,3.8586
20731030,0.4036
20731031,0
20731101,0
20731102,3.5719
20731103,14.689
20731104,3.4392
20731105,6.5517
20731106,10.314
20731107,1.149
20731108,0.30793
20731109,0.055826
20731110,0.051503
20731111,1.7151
20731112,6.4123
20731113,0.00010122
20731114,0.01911
20731115,0.0067422
20731116,0
20731117,0.0012418
20731118,0
20731119,0.0050921
20731120,0.67568
20731121,0.091871
20731122,0
20731123,1.6574
20731124,0.17909
20731125,0.13625
20731126,0.006619
20731127,0
20731128,0.0035892
20731129,0
20731130,0
20731201,0
20731202,0
20731203,0
20731204,0.00053796
20731205,4.8426e-05
20731206,1.5331e-05
20731207,11.55
20731208,3.5819
20731209,0.017896
20731210,1.5481
20731211,0.036566
20731212,0.011262
20731213,0.0029568
20731214,0.074582
20731215,10.944
20731216,15.115
20731217,0.48589
20731218,0.26659
20731219,1.8191
20731220,0.078933
20731221,0.28818
20731222,0.90027
20731223,2.2402
20731224,0.023581
20731225,0.17926
20731226,0
20731227,0
20731228,0
20731229,0.0016507
20731230,0.0062294
20731231,0.20391
20740101,0
20740102,0
20740103,0
20740104,0
20740105,0
20740106,0
20740107,0
20740108,0
20740109,0
20740110,0.002474
20740111,0.35438
20740112,7.822
20740113,0.00088521
20740114,0.38151
20740115,0
20740116,0.0021164
20740117,0
20740118,1.4555
20740119,0.036328
20740120,0
20740121,3.0616
20740122,0.76581
20740123,0.041843
20740124,0.016936
20740125,0.0028514
20740126,25.506
20740127,37.841
20740128,0.00095595
20740129,21.489
20740130,3.4545
20740131,0.0051916
20740201,1.6281
20740202,0.68112
20740203,1.8008
20740204,0.075044
20740205,0.03767
20740206,0.00087121
20740207,0
20740208,0
20740209,0.99298
20740210,0
20740211,0.00084467
20740212,0.039201
20740213,0.0014008
20740214,2.4599
20740215,0
20740216,0.00077962
20740217,1.2601
20740218,0.10831
20740219,0
20740220,0.0016875
20740221,0.79359
20740222,37.866
20740223,1.5175
20740224,0.056563
20740225,0.00027662
20740226,6.1954e-05
20740227,0.00074725
20740228,5.8141
20740301,59.904
20740302,0.54648
20740303,32.337
20740304,12.262
20740305,3.1355
20740306,5.8109
20740307,3.4915
20740308,0.0082258
20740309,0
20740310,0.0013775
20740311,1.3558e-09
20740312,0
20740313,0.00035525
20740314,0.051074
20740315,0.0016339
20740316,0.0013669
20740317,0
20740318,1.9817
20740319,0
20740320,0.0014513
20740321,0.51504
20740322,2.3777
20740323,1.3606
20740324,0.0010667
20740325,0.65323
20740326,6.0652
20740327,0
20740328,0.020064
20740329,3.6264
20740330,3.8795
20740331,0.46768
20740401,0.010817
20740402,9.3553e-06
20740403,5.6391
20740404,44.462
20740405,1.7284
20740406,1.0464
20740407,1.6817
20740408,0.03562
20740409,0.00043581
20740410,0
20740411,0.00050993
20740412,0.0014405
20740413,0.021348
20740414,0.051254
20740415,0.0035993
20740416,0
20740417,0.0088912
20740418,3.6775
20740419,0.0056815
20740420,0.0068097
20740421,6.815
20740422,0
20740423,0.0034817
20740424,0
20740425,9.3121e-05
20740426,0.033761
20740427,1.0186
20740428,0.62296
20740429,0
20740430,0.00034453
20740501,0
20740502,0.00033823
20740503,1.5036e-07
20740504,0.00039912
20740505,4.7393
20740506,2.187
20740507,11.544
20740508,5.8994
20740509,7.2576
20740510,22.211
20740511,15.353
20740512,0.051988
20740513,0.016479
20740514,0
20740515,0.85601
20740516,0.002744
20740517,0
20740518,0.73042
20740519,0
20740520,0.012801
20740521,3.6769
20740522,4.2596
20740523,0.027162
20740524,3.5016
20740525,0.78211
20740526,0.0012699
20740527,0.077174
20740528,1.5489
20740529,1.8168
20740530,0
20740531,0.99625
20740601,1.2989
20740602,0.0014959
20740603,0
20740604,0.0042452
20740605,0
20740606,0
20740607,0.018467
20740608,0.00059051
20740609,3.778
20740610,0.012552
20740611,0
20740612,0.0028161
20740613,1.667
20740614,0.00027045
20740615,0.69745
20740616,0.23598
20740617,0.4395
20740618,0
20740619,4.6004
20740620,5.5674
20740621,2.8649
20740622,0.12073
20740623,4.8051
20740624,10.725
20740625,15.472
20740626,4.2774
20740627,0.49979
20740628,4.379
20740629,15.649
20740630,21.201
20740701,0.88087
20740702,0
20740703,0.030508
20740704,0.68874
20740705,0.0047677
20740706,10.67
20740707,7.1753
20740708,0
20740709,0.0041044
20740710,0
20740711,0.30185
20740712,2.7613
20740713,4.1157
20740714,6.5615
20740715,0.30284
20740716,0
20740717,0.62554
20740718,0.011478
20740719,0
20740720,0.2946
20740721,1.2395
20740722,0.20378
20740723,12.504
20740724,4.6397
20740725,1.5795
20740726,2.0539
20740727,2.6094
20740728,9.3757
20740729,5.5803
20740730,1.7213
20740731,0.88365
20740801,0.25943
20740802,0.13234
20740803,1.2006
20740804,0.0011508
20740805,0
20740806,0.0097908
20740807,0
20740808,8.7643
20740809,2.4733
20740810,0
20740811,0
20740812,0.0093423
20740813,0.0017808
20740814,0.0041613
20740815,0.48807
20740816,0
20740817,0.013748
20740818,0
20740819,0
20740820,0.00017243
20740821,2.3757
20740822,9.627
20740823,10.072
20740824,10.603
20740825,0.0076914
20740826,0.10536
20740827,0.86744
20740828,1.1786
20740829,0.0029863
20740830,0.15565
20740831,0.0090716
20740901,1.2108
20740902,0
20740903,0
20740904,0.01437
20740905,0.72947
20740906,0.00035764
20740907,1.7439
20740908,0.057708
20740909,0.00027112
20740910,0
20740911,0.0006308
20740912,0
20740913,2.5742
20740914,0.04263
20740915,0.0083929
20740916,3.7381
20740917,0.90843
20740918,39.821
20740919,3.7582
20740920,2.5085
20740921,0.04359
20740922,0.0025659
20740923,0.0020787
20740924,2.1991
20740925,0.026651
20740926,0.22883
20740927,7.1157
20740928,7.9575
20740929,35.771
20740930,0.72218
20741001,0.60439
20741002,0.00036713
20741003,0
20741004,0.00048298
20741005,0
20741006,0
20741007,0
20741008,0
20741009,0.0010998
20741010,0.0011241
20741011,0
20741012,2.3987
20741013,1.6909
20741014,0.020605
20741015,0.43752
20741016,1.8069
20741017,0.56462
20741018,1.3647
20741019,0.99742
20741020,0.0047747
20741021,8.8839
20741022,0.19435
20741023,0.40255
20741024,42.814
20741025,25.766
20741026,0.0097899
20741027,0
20741028,3.7925
20741029,3.7883
20741030,1.4335
20741031,0.17533
20741101,0
20741102,6.6793
20741103,0.99891
20741104,0.029562
20741105,0.058029
20741106,0.54309
20741107,0.0010012
20741108,0.0062045
20741109,0.063384
20741110,0.002568
20741111,3.1132
20741112,0.61639
20741113,0.26727
20741114,0.0034332
20741115,0.14122
20741116,0.049779
20741117,0.01485
20741118,0.0021748
20741119,0
20741120,0.094403
20741121,0.4973
20741122,0.0023895
20741123,0.59052
20741124,0
20741125,0.0035537
20741126,4.2269
20741127,2.8284
20741128,0.75504
20741129,0.22556
20741130,1.4576
20741201,0.020645
20741202,0
20741203,0.9417
20741204,1.4456
20741205,0.90374
20741206,2.2861
20741207,1.1556
20741208,0.40264
20741209,2.2385e-07
20741210,0.0072771
20741211,0.00029675
20741212,0
20741213,0.02451
20741214,0.1623
20741215,0
20741216,9.348
20741217,0.093422
20741218,0
20741219,0.68049
20741220,2.2447
20741221,2.3188
20741222,6.7052
20741223,13.449
20741224,34.403
20741225,7.7445
20741226,72.246
20741227,29.61
20741228,0.056014
20741229,0
20741230,4.9137
20741231,2.1424
20750101,0.0078564
20750102,0.054903
20750103,5.1561e-05
20750104,8.0801e-05
20750105,1.8399
20750106,0
20750107,0.00083734
20750108,0.062324
20750109,0.00080861
20750110,0
20750111,0
20750112,0.0002847
20750113,0.00059077
20750114,0.00056585
20750115,0.15913
20750116,0.050492
20750117,0
20750118,0.00051206
20750119,0.00083276
20750120,0
20750121,0
20750122,0.14581
20750123,0.30022
20750124,0.005004
20750125,0.0010263
20750126,0
20750127,0
20750128,0.0006246
20750129,0.0002653
20750130,0.00034693
20750131,0.0029858
20750201,0.17876
20750202,0.070675
20750203,0.38235
20750204,0.18842
20750205,0.000755
20750206,4.109e-05
20750207,0.046528
20750208,0.013122
20750209,0.00015363
20750210,0.0006904
20750211,0.096235
20750212,1.0243
20750213,0.10101
20750214,0.0010188
20750215,0.47542
20750216,0.29464
20750217,0.21825
20750218,0.63174
20750219,0
20750220,0.00065719
20750221,0.24127
20750222,0.73851
20750223,12.874
20750224,11.88
20750225,2.3092
20750226,1.8984e-06
20750227,3.7893e-05
20750228,0
20750301,0.69628
20750302,6.1153
20750303,6.5792
20750304,94.933
20750305,24.513
20750306,0.00086769
20750307,3.1991
20750308,7.5752
20750309,0.582
20750310,0.018953
20750311,0.0053446
20750312,1.9307
20750313,1.8135
20750314,0.00060841
20750315,8.1523
20750316,0
20750317,0.0018517
20750318,12.459
20750319,11.329
20750320,1.1405
20750321,6.1066
20750322,0.86209
20750323,2.2046
20750324,0.072368
20750325,0.00036273
20750326,0
20750327,0.49548
20750328,12.978
20750329,6.5336
20750330,7.0722
20750331,0.21244
20750401,1.784
20750402,1.947
20750403,1.4769
20750404,3.0015
20750405,1.8155
20750406,5.8435
20750407,2.1947
20750408,2.4889
20750409,1.3008
20750410,0.17747
20750411,1.2578
20750412,0.002014
20750413,0
20750414,0.98532
20750415,4.2717
20750416,2.2032
20750417,0.0046468
20750418,0.45119
20750419,7.6487
20750420,8.6307
20750421,13.312
20750422,29.624
20750423,8.9481
20750424,2.3695
20750425,4.2597
20750426,4.1879
20750427,3.5492
20750428,2.7159
20750429,5.3465
20750430,0
20750501,0.00010856
20750502,7.1033e-05
20750503,6.0427
20750504,0.0019029
20750505,0
20750506,0
20750507,0.0014095
20750508,0.39944
20750509,0
20750510,2.8229
20750511,0
20750512,2.161
20750513,7.1234
20750514,0.91655
20750515,1.2028
20750516,2.5339
20750517,0.32778
20750518,3.7093
20750519,9.0862
20750520,9.3541
20750521,11.229
20750522,5.2709
20750523,0.22438
20750524,7.9108
20750525,0.65083
20750526,0
20750527,0.5544
20750528,5.073
20750529,0.73779
20750530,0.8637
20750531,1.1579
20750601,0
20750602,1.6613
20750603,0.087035
20750604,4.9644
20750605,1.0988
20750606,0.0026105
20750607,0.0049006
20750608,2.1876
20750609,4.2985
20750610,2.678
20750611,8.5769
20750612,5.982
20750613,27.358
20750614,0.037019
20750615,0
20750616,0.0078555
20750617,0.017855
20750618,0.30432
20750619,4.4417
20750620,1.7081
20750621,0.00435
20750622,0.025806
20750623,0.0029346
20750624,0
20750625,0.41898
20750626,3.4461
20750627,12.372
20750628,14.973
20750629,5.3386
20750630,13.463
20750701,3.0149
20750702,1.9714
20750703,0
20750704,3.8824
20750705,0.017908
20750706,1.4935e-08
20750707,0.0019468
20750708,6.0555
20750709,0.0020614
20750710,0.00064195
20750711,1.9427
20750712,0
20750713,4.1473
20750714,14.496
20750715,0.006438
20750716,0.0010428
20750717,0.029159
20750718,0.0049479
20750719,0.0022631
20750720,2.9484
20750721,0.048857
20750722,0.41318
20750723,0.42461
20750724,0.016421
20750725,0.5851
20750726,3.2727
20750727,0
20750728,0.0047751
20750729,1.2513
20750730,2.7041
20750731,6.5812
20750801,0.013177
20750802,0.0010137
20750803,0.0030433
20750804,3.5572e-05
20750805,0.068839
20750806,1.326
20750807,0.0049274
20750808,0
20750809,0.0039011
20750810,0.073318
20750811,0.006926
20750812,0.11703
20750813,19.45
20750814,0.47968
20750815,0
20750816,6.6581e-05
20750817,0.0103
20750818,0
20750819,0.0029355
20750820,0
20750821,0.0086213
20750822,6.3405
20750823,5.627
20750824,2.3871
20750825,0.018949
20750826,0
20750827,1.2579
20750828,12.945
20750829,7.6314
20750830,1.8634
20750831,8.4259
20750901,1.3642
20750902,8.1019
20750903,0.078391
20750904,1.0926
20750905,9.9566
20750906,2.6935
20750907,0.0044906
20750908,0.89845
20750909,0.0026521
20750910,0.99147
20750911,3.3405
20750912,0.62536
20750913,0.16072
20750914,0.47516
20750915,0.030402
20750916,0.024735
20750917,0.0021167
20750918,0.0015485
20750919,0.0041491
20750920,0
20750921,0
20750922,0.0061318
20750923,0
20750924,1.1682
20750925,0.90386
20750926,0.006372
20750927,0
20750928,0.00065791
20750929,0.0024347
20750930,0
20751001,3.2274
20751002,2.0583
20751003,6.9006
20751004,16.326
20751005,0.020444
20751006,0.097934
20751007,0.0023226
20751008,0.00043569
20751009,8.9879
20751010,22.108
20751011,8.4782
20751012,111.24
20751013,79.097
20751014,3.7878
20751015,0.17358
20751016,1.1867
20751017,7.0459
20751018,3.7159
20751019,7.6137
20751020,0.0010292
20751021,0.53213
20751022,1.1705
20751023,0.0021596
20751024,1.5952
20751025,1.8651
20751026,0.98314
20751027,18.452
20751028,25.638
20751029,2.3466
20751030,5.5359
20751031,13.656
20751101,0.32393
20751102,0.028584
20751103,0.0010316
20751104,8.0354e-05
20751105,0
20751106,0.00034058
20751107,0.32502
20751108,0.28917
20751109,0.067029
20751110,0.0014306
20751111,0.19812
20751112,16.237
20751113,8.4768
20751114,26.046
20751115,10.296
20751116,30.942
20751117,3.1336
20751118,1.3156
20751119,0.12754
20751120,0.22139
20751121,7.4684
20751122,3.802
20751123,0.47069
20751124,0.2746
20751125,0.040518
20751126,0.092084
20751127,0.024154
20751128,0.0048522
20751129,0
20751130,0
20751201,1.2062
20751202,2.1508
20751203,0.021093
20751204,1.1596
20751205,0.00015888
20751206,0.21002
20751207,0.00085672
20751208,7.9075e-05
20751209,14.011
20751210,42.281
20751211,0.64778
20751212,3.8587
20751213,16.306
20751214,15.99
20751215,8.3554
20751216,2.7227
20751217,19.723
20751218,3.2584
20751219,0.021872
20751220,0.00128
20751221,2.5388
20751222,0.55197
20751223,1.9153
20751224,0.13505
20751225,0.35047
20751226,0.95491
20751227,8.9253
20751228,0.23937
20751229,2.6339
20751230,0.22173
20751231,0
20760101,0.013646
20760102,0.32394
20760103,6.6324
20760104,0.00034313
20760105,0.001294
20760106,1.1929
20760107,0.00073592
20760108,0
20760109,4.9509e-05
20760110,0
20760111,0
20760112,0.029611
20760113,0.21721
20760114,0.029188
20760115,2.2435
20760116,0.29948
20760117,0.0078127
20760118,18.332
20760119,0.05678
20760120,0.00015502
20760121,0.65299
20760122,1.7941
20760123,1.8275
20760124,0.15981
20760125,0.00011343
20760126,0
20760127,0.052177
20760128,0.18345
20760129,14.417
20760130,9.7773
20760131,0.14777
20760201,0
20760202,0
20760203,2.8216
20760204,0.32942
20760205,0.010237
20760206,0.00014982
20760207,0.067824
20760208,0.001735
20760209,0.18252
20760210,0.92166
20760211,0.21788
20760212,0.047873
20760213,0.015547
20760214,0
20760215,0.1192
20760216,0.00019644
20760217,0
20760218,0
20760219,0.78497
20760220,0.00017499
20760221,0.030157
20760222,0.0044432
20760223,0.078611
20760224,4.3468e-05
20760225,0.37858
20760226,0.0022661
20760227,0
20760228,0.0013242
20760229,0
20760301,0.0071053
20760302,6.6517
20760303,1.9193
20760304,2.035
20760305,3.3719
20760306,0.016998
20760307,2.1951e-05
20760308,0.032332
20760309,0.016311
20760310,0.0021055
20760311,0.059986
20760312,0.13502
20760313,1.379
20760314,9.8764e-05
20760315,0
20760316,0.00086998
20760317,0
20760318,0.00058923
20760319,8.1173e-05
20760320,0.001485
20760321,0.00060676
20760322,0
20760323,6.2644e-06
20760324,0
20760325,0
20760326,0.0053496
20760327,0
20760328,0
20760329,0
20760330,0.0055367
20760331,0
20760401,0
20760402,0.046334
20760403,0.0027966
20760404,1.0382
20760405,0
20760406,0.046979
20760407,0.35912
20760408,0.60552
20760409,3.8806
20760410,3.7724
20760411,1.4418
20760412,0.00046026
20760413,0.0019864
20760414,0.32124
20760415,0
20760416,0.61365
20760417,0
20760418,0.0013608
20760419,0
20760420,3.6458
20760421,0.12345
20760422,2.1878
20760423,0
20760424,0.0020589
20760425,0.017896
20760426,0
20760427,0.097871
20760428,4.9331
20760429,4.4719
20760430,6.6377
20760501,3.3105
20760502,3.0247
20760503,0.46506
20760504,3.8767
20760505,3.1064
20760506,4.8505
20760507,20.968
20760508,4.6674
20760509,0.4549
20760510,0.13686
20760511,1.1607
20760512,0.11912
20760513,0.0038027
20760514,0.00086534
20760515,0
20760516,0.0024716
20760517,9.8574e-07
20760518,1.0415
20760519,0.13999
20760520,0.36851
20760521,0.40202
20760522,6.4865
20760523,13.091
20760524,1.9342
20760525,12.704
20760526,1.7017
20760527,6.4029
20760528,4.8805
20760529,10.664
20760530,17.52
20760531,11.259
20760601,6.7676
20760602,8.5337
20760603,7.5384
20760604,7.7232
20760605,1.214
20760606,4.6944
20760607,5.283
20760608,9.6251
20760609,4.2214
20760610,0.0088301
20760611,0
20760612,1.458
20760613,4.3144
20760614,16.19
20760615,1.4422
20760616,0.0010434
20760617,0.035535
20760618,0.69397
20760619,2.7072
20760620,0.11641
20760621,0
20760622,0.76627
20760623,4.5268
20760624,5.9893
20760625,5.8317
20760626,8.9084
20760627,0.35258
20760628,0
20760629,2.2209
20760630,5.0074
20760701,0.38813
20760702,0.0035194
20760703,0.0033308
20760704,0.0050522
20760705,0.89267
20760706,0.00017161
20760707,0.82211
20760708,2.5248
20760709,0.0021026
20760710,1.1696e-07
20760711,0.0022256
20760712,0
20760713,0.0018416
20760714,0.019618
20760715,0.30491
20760716,1.8345
20760717,13.089
20760718,0.011043
20760719,0
20760720,0
20760721,0.004367
20760722,0.63194
20760723,0.011835
20760724,2.6192
20760725,0.012069
20760726,0
20760727,0.05993
20760728,12.899
20760729,1.05
20760730,0.0016336
20760731,0.0042376
20760801,0.11438
20760802,0.002213
20760803,0.0019508
20760804,0.0063578
20760805,4.288
20760806,2.2571
20760807,3.1987
20760808,3.8727
20760809,1.5235
20760810,1.8851
20760811,1.0715
20760812,10.642
20760813,2.9929
20760814,0.8133
20760815,0.0016002
20760816,0
20760817,0.0031913
20760818,0.002705
20760819,1.284
20760820,0.23099
20760821,0.18203
20760822,0.021213
20760823,0.28423
20760824,0.12834
20760825,0
20760826,1.0482
20760827,9.1626
20760828,1.05
20760829,0.79427
20760830,3.0263
20760831,3.0511
20760901,0.0012144
20760902,0.0040818
20760903,0.0090481
20760904,0.49223
20760905,2.8571
20760906,3.9242
20760907,0.67108
20760908,0.034456
20760909,0
20760910,0.00097871
20760911,0.00078954
20760912,0.0039228
20760913,0
20760914,0.0029734
20760915,0.0028162
20760916,0.0036918
20760917,0.00058381
20760918,0
20760919,0.0031635
20760920,0.0020497
20760921,0.0036853
20760922,0
20760923,2.8791
20760924,3.6091
20760925,9.6947
20760926,16.393
20760927,4.9875
20760928,1.2606
20760929,0.56593
20760930,4.1278
20761001,6.0624
20761002,59.599
20761003,11.296
20761004,17.578
20761005,20.949
20761006,54.253
20761007,22.93
20761008,0.14988
20761009,0.0081146
20761010,7.9163
20761011,0.0059337
20761012,0.69361
20761013,1.0555
20761014,0.5262
20761015,0.0071498
20761016,0.008514
20761017,0
20761018,0
20761019,0.0071308
20761020,1.0133
20761021,21.739
20761022,7.0751
20761023,17.029
20761024,0.30073
20761025,0.00036
20761026,0
20761027,0.075561
20761028,0.085968
20761029,0.0055249
20761030,0.0009063
20761031,0.0010075
20761101,0
20761102,0
20761103,0
20761104,0
20761105,0
20761106,0
20761107,0
20761108,0
20761109,0
20761110,0
20761111,0
20761112,0
20761113,0
20761114,0
20761115,0.03437
20761116,0
20761117,0.00033817
20761118,0.03042
20761119,0.17994
20761120,0
20761121,0
20761122,0.00023838
20761123,0.023169
20761124,13.262
20761125,0.019034
20761126,0.58528
20761127,0.33281
20761128,0.058082
20761129,0.21813
20761130,0.006978
20761201,0.015886
20761202,0.7017
20761203,0.00051874
20761204,0
20761205,0.0021903
20761206,0
20761207,0.0014977
20761208,0
20761209,0
20761210,9.4712
20761211,26.569
20761212,99.41
20761213,42.143
20761214,11.205
20761215,13.285
20761216,2.3465
20761217,8.3503
20761218,0.090491
20761219,5.2235
20761220,2.7264
20761221,0.50509
20761222,0.26342
20761223,0
20761224,2.8646
20761225,0.19623
20761226,0.68471
20761227,0
20761228,0.19739
20761229,0.30109
20761230,0.98165
20761231,7.2006
20770101,0.20851
20770102,0.23523
20770103,0
20770104,0.0012832
20770105,0
20770106,0
20770107,0.857
20770108,13.377
20770109,0.56842
20770110,1.4572
20770111,0
20770112,0
20770113,0.00071953
20770114,0
20770115,0
20770116,0.063023
20770117,10.611
20770118,10.683
20770119,2.3014
20770120,2.6398
20770121,0.0033594
20770122,6.0343e-06
20770123,0.00032452
20770124,1.1457
20770125,0
20770126,0.0035891
20770127,0.51389
20770128,0.096771
20770129,0.01367
20770130,0
20770131,0.0034564
20770201,0
20770202,0.0012963
20770203,0.00023969
20770204,0.002474
20770205,0.28568
20770206,0.090827
20770207,30.612
20770208,34.944
20770209,0.00053686
20770210,0.00073404
20770211,0
20770212,0
20770213,0.0016876
20770214,0.0014086
20770215,0
20770216,0.00030105
20770217,8.936
20770218,7.1265
20770219,0.52939
20770220,0.0003011
20770221,0.0011942
20770222,0
20770223,0.83683
20770224,0
20770225,0.0012926
20770226,0.24759
20770227,3.1209
20770228,11.669
20770301,7.0878
20770302,8.929
20770303,6.4408
20770304,0.26592
20770305,5.5345
20770306,8.0555
20770307,0.15976
20770308,2.7185
20770309,0.74036
20770310,0
20770311,0.65415
20770312,0
20770313,0
20770314,0.4802
20770315,0.82575
20770316,0.17257
20770317,22.277
20770318,3.4858
20770319,13.314
20770320,0.10527
20770321,0.5072
20770322,1.3151
20770323,0.038974
20770324,0.47327
20770325,2.003
20770326,2.6828
20770327,1.5443
20770328,0.79715
20770329,0.5405
20770330,0.30373
20770331,6.8402
20770401,2.7251
20770402,3.4725
20770403,3.3423
20770404,0.19511
20770405,1.0105
20770406,0.080803
20770407,4.412e-09
20770408,0.00043395
20770409,0.052745
20770410,0.043332
20770411,1.0853
20770412,1.309
20770413,4.6989
20770414,2.4558
20770415,1.4433
20770416,5.0999
20770417,3.9277
20770418,0.25847
20770419,4.3966
20770420,0.06437
20770421,0.15842
20770422,0
20770423,0.0025977
20770424,0.48908
20770425,2.2251
20770426,3.0772
20770427,2.9242
20770428,4.7076
20770429,0.084885
20770430,0.00081133
20770501,0.00078891
20770502,1.1256
20770503,4.4437
20770504,0.81453
20770505,0.0012424
20770506,2.6361
20770507,0.8573
20770508,0.2136
20770509,9.1578
20770510,2.4009
20770511,22.865
20770512,73.562
20770513,9.1319
20770514,12.454
20770515,5.8296
20770516,2.8369
20770517,4.3905
20770518,8.8212
20770519,5.6039
20770520,3.1261
20770521,8.9956
20770522,4.7076
20770523,1.422
20770524,2.2617
20770525,1.2364
20770526,0.72583
20770527,0
20770528,0.48715
20770529,3.6724
20770530,0
20770531,0.012108
20770601,28.947
20770602,9.8708
20770603,8.75
20770604,5.387
20770605,6.2352
20770606,3.1866
20770607,2.0396
20770608,4.6102
20770609,0.8411
20770610,0.0043374
20770611,0.13191
20770612,0.044862
20770613,2.1949
20770614,8.093
20770615,14.132
20770616,3.7319
20770617,1.1698
20770618,0.1406
20770619,4.127
20770620,0.025311
20770621,0.45647
20770622,1.939
20770623,0.001289
20770624,0.0029267
20770625,0
20770626,0
20770627,0.012991
20770628,0
20770629,0
20770630,0.42128
20770701,0.42883
20770702,4.258
20770703,3.0452
20770704,3.3401
20770705,0.035661
20770706,4.2399
20770707,4.5107
20770708,2.6239
20770709,7.0621
20770710,6.8854
20770711,1.2477
20770712,4.9731
20770713,1.6057
20770714,0
20770715,0.14942
20770716,2.1746
20770717,0.00049299
20770718,4.5482
20770719,6.5909
20770720,8.6618
20770721,11.298
20770722,7.0899
20770723,9.6657
20770724,4.0729
20770725,0
20770726,19.188
20770727,6.7265
20770728,7.8209
20770729,0.17645
20770730,0.90314
20770731,0.92403
20770801,0
20770802,0.00048524
20770803,0.0020854
20770804,0.0027718
20770805,1.8507
20770806,0.0018736
20770807,5.4287
20770808,1.889
20770809,0
20770810,0.0053985
20770811,0.72629
20770812,0.74797
20770813,0
20770814,0.0026141
20770815,0
20770816,0.19322
20770817,0.40008
20770818,7.8765
20770819,31.917
20770820,9.4229
20770821,5.4537
20770822,3.1741
20770823,0.074468
20770824,36.554
20770825,0.18042
20770826,7.7502
20770827,2.1779
20770828,1.064
20770829,0.038327
20770830,0.055033
20770831,0.001678
20770901,0
20770902,0
20770903,0.32607
20770904,35.507
20770905,1.7235
20770906,0.096559
20770907,1.2901
20770908,2.2703
20770909,0
20770910,0.81525
20770911,4.644
20770912,0.077969
20770913,0
20770914,1.2527
20770915,0.00087663
20770916,3.9526
20770917,93.177
20770918,0
20770919,0.088586
20770920,6.8708
20770921,0.0074576
20770922,0.0045936
20770923,0
20770924,0.44799
20770925,0.010058
20770926,0.0034652
20770927,0.009789
20770928,1.7253
20770929,1.5583
20770930,0.010462
20771001,0
20771002,1.5313
20771003,0.70278
20771004,14.505
20771005,61.925
20771006,0.63912
20771007,3.8459
20771008,0
20771009,3.4017
20771010,2.6047
20771011,0.4083
20771012,0.15166
20771013,2.0861
20771014,0.062137
20771015,4.3884
20771016,2.0802
20771017,52.286
20771018,4.3849
20771019,0.69812
20771020,4.4989
20771021,17.145
20771022,0.006904
20771023,0
20771024,0.036794
20771025,0.0026588
20771026,0.0039078
20771027,0
20771028,9.935e-05
20771029,0.0013712
20771030,0
20771031,0.0017341
20771101,0.026094
20771102,6.8122
20771103,35.697
20771104,10.636
20771105,3.3756
20771106,9.817
20771107,4.8914
20771108,22.718
20771109,60.843
20771110,10.502
20771111,13.411
20771112,21.154
20771113,5.0152
20771114,0.05175
20771115,1.7999
20771116,0.84843
20771117,7.2942
20771118,13.119
20771119,1.5016
20771120,0.003568
20771121,0.47552
20771122,0.59483
20771123,8.5233e-09
20771124,2.7143e-10
20771125,0.019799
20771126,0.011197
20771127,0.004071
20771128,0.0014963
20771129,0
20771130,0
20771201,0.0012263
20771202,0.0022555
20771203,2.4075e-05
20771204,0.10789
20771205,1.1816
20771206,0.079304
20771207,0.6732
20771208,0.8187
20771209,0.80691
20771210,0.25137
20771211,2.9614
20771212,0.95118
20771213,0.0012012
20771214,0.48148
20771215,0.15012
20771216,0.037983
20771217,0.23513
20771218,0
20771219,0.0020725
20771220,0.010136
20771221,16.806
20771222,5.3908
20771223,4.2701e-06
20771224,1.3543
20771225,3.0422
20771226,1.7054
20771227,0.0090531
20771228,0.0023243
20771229,0
20771230,0
20771231,0.00049053
20780101,0
20780102,0
20780103,0
20780104,0
20780105,0
20780106,0
20780107,0
20780108,2.2916
20780109,2.1805
20780110,2.5752
20780111,2.0038
20780112,1.0534
20780113,0.48196
20780114,1.0072
20780115,1.3931
20780116,0.0074512
20780117,0
20780118,2.329
20780119,0.00030218
20780120,0.0016937
20780121,0.0002997
20780122,0
20780123,0.044934
20780124,0.55576
20780125,0.34639
20780126,0.038069
20780127,0
20780128,0
20780129,0
20780130,0.00083868
20780131,0.0031988
20780201,0.0084767
20780202,0
20780203,0.20155
20780204,0.32632
20780205,0.00084878
20780206,0.47846
20780207,0.94949
20780208,2.9271
20780209,0.00044378
20780210,4.2104
20780211,1.3362
20780212,2.0248
20780213,0.0406
20780214,0.00049097
20780215,0.00093996
20780216,0
20780217,0
20780218,0.64872
20780219,0.022966
20780220,0.079998
20780221,0.0022444
20780222,0
20780223,3.5282e-05
20780224,0
20780225,1.429
20780226,3.0979
20780227,1.3175e-05
20780228,0.00054354
20780301,5.8805
20780302,0.90202
20780303,0.07712
20780304,0.56844
20780305,0.040828
20780306,0
20780307,0.1214
20780308,1.6764
20780309,2.0615
20780310,1.3083
20780311,0.22727
20780312,0.25687
20780313,0.30173
20780314,0
20780315,0
20780316,0.055081
20780317,0
20780318,0.0014129
20780319,0.00073015
20780320,0
20780321,0.00062798
20780322,4.1308
20780323,0.00065912
20780324,0.0027261
20780325,0
20780326,0.003344
20780327,0.018866
20780328,0.11281
20780329,0.013693
20780330,0.020106
20780331,0
20780401,0
20780402,0
20780403,0.016892
20780404,0.080816
20780405,3.139
20780406,4.2502
20780407,0
20780408,0.00081344
20780409,0.29145
20780410,2.1956
20780411,0
20780412,0.64843
20780413,0.5356
20780414,0.85038
20780415,0.79911
20780416,2.3056
20780417,0.0018845
20780418,0.42819
20780419,2.0347
20780420,3.0164
20780421,4.6014
20780422,1.3462
20780423,4.34
20780424,0.00083452
20780425,0
20780426,0.003742
20780427,0.0029233
20780428,1.4936
20780429,0
20780430,0.0013004
20780501,0.0004063
20780502,2.7101
20780503,0.20514
20780504,5.4685
20780505,6.6212
20780506,4.1018
20780507,0.00025851
20780508,0.14237
20780509,0.40019
20780510,0.79734
20780511,17.789
20780512,0.91917
20780513,1.4197
20780514,0.024315
20780515,0
20780516,2.0624
20780517,0.1515
20780518,1.8682
20780519,0.0022225
20780520,0.37271
20780521,0
20780522,0.15326
20780523,5.6291
20780524,3.1124
20780525,6.6598
20780526,7.7034
20780527,4.375
20780528,0.00094459
20780529,0.0027265
20780530,6.5222
20780531,0.38291
20780601,3.4861
20780602,0.001091
20780603,0.29212
20780604,0.0070835
20780605,1.8171
20780606,0.06945
20780607,0.0003979
20780608,0.0038349
20780609,7.9098
20780610,0.99868
20780611,0.38412
20780612,3.9749
20780613,3.269
20780614,0.099452
20780615,3.7538
20780616,15.844
20780617,4.3501
20780618,0.001202
20780619,2.4678
20780620,1.9715
20780621,0.0050435
20780622,7.2142
20780623,21.695
20780624,7.1605
20780625,0
20780626,2.0027
20780627,0.67071
20780628,2.0697
20780629,0
20780630,0.11851
20780701,8.6345
20780702,0.19464
20780703,11.964
20780704,1.7221
20780705,0.0040887
20780706,0.11705
20780707,0.0022728
20780708,0.085931
20780709,0.0054403
20780710,1.2664
20780711,2.9593
20780712,0.05838
20780713,0.0036646
20780714,1.0217
20780715,2.446
20780716,4.4222
20780717,0.11507
20780718,4.4822
20780719,1.4697
20780720,0.0046366
20780721,0
20780722,0.010001
20780723,6.2946
20780724,0.0023858
20780725,0
20780726,0.0056028
20780727,0.95398
20780728,0.015282
20780729,0
20780730,0.011026
20780731,1.3026
20780801,2.454
20780802,0.025597
20780803,0
20780804,0.0028419
20780805,0
20780806,0.0022523
20780807,0.00096425
20780808,2.9746
20780809,19.734
20780810,0.0032423
20780811,0.0027662
20780812,0
20780813,0.01171
20780814,0.0072097
20780815,1.9562
20780816,2.673
20780817,0.068356
20780818,2.3575
20780819,9.6986
20780820,2.6893
20780821,8.936
20780822,0.97387
20780823,1.4053
20780824,4.4442
20780825,3.4785
20780826,0.0070437
20780827,0.018111
20780828,0.07218
20780829,2.8732
20780830,4.1668
20780831,0.041677
20780901,0
20780902,0.00041999
20780903,2.4926e-05
20780904,0.0024619
20780905,0.00185
20780906,5.0621e-05
20780907,0.0015002
20780908,1.4381e-05
20780909,0.0014686
20780910,0.0019956
20780911,0.0033127
20780912,10.753
20780913,3.7315
20780914,0.0013715
20780915,0.00098195
20780916,0.027138
20780917,1.4612
20780918,0.50837
20780919,3.2323
20780920,0.0013589
20780921,0
20780922,0.00016147
20780923,0
20780924,0.93258
20780925,0
20780926,0.003923
20780927,0
20780928,0.0086693
20780929,0
20780930,0.02392
20781001,0
20781002,0.00058408
20781003,0.0015845
20781004,1.8172
20781005,0
20781006,2.431
20781007,8.2251
20781008,8.9007
20781009,0
20781010,0
20781011,0.024889
20781012,0
20781013,0.00059528
20781014,0.07123
20781015,4.9923
20781016,0.11346
20781017,0
20781018,0
20781019,0
20781020,0.00042958
20781021,0.00084211
20781022,0.11759
20781023,78.954
20781024,6.5404
20781025,1.3507
20781026,0.0064577
20781027,0.40966
20781028,14.209
20781029,9.5421
20781030,0.0050302
20781031,0
20781101,0
20781102,0.046959
20781103,0.0045381
20781104,0.018016
20781105,0.0045701
20781106,0.6322
20781107,0.5923
20781108,0.00018504
20781109,1.0727e-07
20781110,0.0031524
20781111,0.0010169
20781112,0
20781113,0.80021
20781114,0.04902
20781115,0.0023196
20781116,0
20781117,0.0053294
20781118,0
20781119,0.0012358
20781120,0
20781121,0
20781122,0
20781123,0.021565
20781124,0.0063502
20781125,0
20781126,0.0012511
20781127,0
20781128,1.5282e-06
20781129,9.5336e-05
20781130,4.4542
20781201,3.0895
20781202,7.6601
20781203,0
20781204,0.080961
20781205,0.0010777
20781206,0
20781207,0.00074171
20781208,1.7362e-08
20781209,0
20781210,0.056856
20781211,9.2513e-05
20781212,0.0052934
20781213,14.013
20781214,2.2683
20781215,2.2634
20781216,7.2231
20781217,1.784
20781218,0
20781219,0.40138
20781220,1.1816
20781221,16.466
20781222,2.6483
20781223,13.283
20781224,0.99183
20781225,0.00038734
20781226,0.049284
20781227,0.045887
20781228,4.9273
20781229,3.7169
20781230,0.92996
20781231,5.1258
20790101,0
20790102,0.000689
20790103,0.00021677
20790104,0.1379
20790105,0.00091658
20790106,8.812e-07
20790107,0.00050665
20790108,0.00060646
20790109,0.29399
20790110,4.7144e-05
20790111,0.0078971
20790112,0.022313
20790113,0.0024362
20790114,0.00044374
20790115,6.2355e-10
20790116,0.00632
20790117,9.8227e-06
20790118,0.055377
20790119,0.00021009
20790120,0.01819
20790121,0.01168
20790122,0.00020586
20790123,1.2793e-08
20790124,0.0011312
20790125,0.0082221
20790126,7.8543e-08
20790127,1.8607e-07
20790128,7.4456e-05
20790129,0.00019674
20790130,0.1837
20790131,1.8027
20790201,7.3258
20790202,16.188
20790203,1.4688
20790204,10.299
20790205,19.952
20790206,0.13659
20790207,0.84569
20790208,0
20790209,0
20790210,0.0028687
20790211,0.23662
20790212,0
20790213,6.7702e-05
20790214,0.00018068
20790215,0.0012874
20790216,0
20790217,0.0029815
20790218,0
20790219,0
20790220,0.0027357
20790221,0.00031647
20790222,0.00068291
20790223,0.066245
20790224,1.9504
20790225,1.2815
20790226,4.1929
20790227,3.9347
20790228,0.18696
20790301,0.2378
20790302,0.032686
20790303,0.0024094
20790304,0.0043205
20790305,0
20790306,0.028352
20790307,0.00060554
20790308,0.00032159
20790309,0
20790310,0.09241
20790311,2.4091
20790312,0.52598
20790313,0.60429
20790314,1.1101
20790315,1.0134
20790316,0.0018412
20790317,0
20790318,0.0012321
20790319,15.668
20790320,14.804
20790321,1.6002
20790322,0.48585
20790323,0.00021272
20790324,0.0017678
20790325,0.087349
20790326,1.889
20790327,0.2246
20790328,2.1899
20790329,0
20790330,0.00059858
20790331,0.0008205
20790401,0.23144
20790402,3.4227
20790403,24.12
20790404,5.1841
20790405,5.0116
20790406,4.4267
20790407,1.1261
20790408,10.018
20790409,59.271
20790410,0.22015
20790411,0.00021099
20790412,0
20790413,1.4308
20790414,0.65703
20790415,0
20790416,1.3899
20790417,13.222
20790418,3.0609
20790419,0.63449
20790420,0.0081883
20790421,0.071355
20790422,1.9172
20790423,1.015
20790424,0.17645
20790425,0.13669
20790426,0.71459
20790427,8.9279
20790428,0.044657
20790429,1.7761
20790430,0.0018621
20790501,0
20790502,0
20790503,0.1381
20790504,2.4417
20790505,5.3141
20790506,2.2982
20790507,0.27229
20790508,0.0022839
20790509,3.1894
20790510,26.65
20790511,0.054365
20790512,0.002045
20790513,4.8129
20790514,22.188
20790515,1.4157
20790516,3.9384
20790517,32.88
20790518,2.7167
20790519,6.9253
20790520,0.57627
20790521,2.8018
20790522,2.0017
20790523,0.01757
20790524,0.0034164
20790525,0
20790526,0
20790527,0
20790528,0.15588
20790529,0.0075802
20790530,0.0071499
20790531,0.33471
20790601,0.087997
20790602,0.16569
20790603,7.3792
20790604,0.47484
20790605,1.6737
20790606,1.1259
20790607,5.0736
20790608,1.2126
20790609,0.17286
20790610,0
20790611,1.8537
20790612,0
20790613,0.42503
20790614,0.19907
20790615,0.0090473
20790616,0.36129
20790617,0.072036
20790618,7.5971
20790619,0.0030167
20790620,1.4264
20790621,5.6224
20790622,33.899
20790623,3.0228
20790624,17.553
20790625,14.867
20790626,2.6566
20790627,4.188
20790628,2.3599
20790629,3.365
20790630,0.57901
20790701,0
20790702,0
20790703,0.81311
20790704,5.0211
20790705,1.3796
20790706,3.6362
20790707,3.3086
20790708,2.3983
20790709,17.444
20790710,7.3952
20790711,6.7993
20790712,6.9456
20790713,0.020062
20790714,0.13334
20790715,0
20790716,8.3257e-05
20790717,0.011695
20790718,0.17782
20790719,0.0022965
20790720,1.6527
20790721,0.12001
20790722,0.43375
20790723,7.6926
20790724,0.0007433
20790725,0
20790726,0
20790727,0.11178
20790728,0
20790729,1.8279
20790730,3.7771
20790731,0.00062373
20790801,0.002104
20790802,0.0042098
20790803,8.1353
20790804,0.003043
20790805,0.0018991
20790806,1.8332
20790807,5.5615
20790808,3.2715
20790809,1.953
20790810,1.9414
20790811,4.0154
20790812,0.00013801
20790813,0
20790814,3.932
20790815,0.46868
20790816,4.9942
20790817,10.1
20790818,5.9971
20790819,5.5494
20790820,0.0047977
20790821,0.13785
20790822,1.0302
20790823,0.5552
20790824,0
20790825,2.7374
20790826,9.4901
20790827,8.5033
20790828,10.049
20790829,5.227
20790830,0.0026539
20790831,0
20790901,0.0010164
20790902,0.00036498
20790903,11.737
20790904,0.00040683
20790905,0.010781
20790906,0.11609
20790907,0.00071066
20790908,0.00075429
20790909,0.0010142
20790910,0
20790911,0.0014151
20790912,0
20790913,2.4849
20790914,13.738
20790915,0.00020117
20790916,2.527
20790917,0.010748
20790918,0.00066435
20790919,1.5617
20790920,35.571
20790921,5.2928
20790922,0.92707
20790923,12.95
20790924,2.818
20790925,1.1436
20790926,5.0917
20790927,12.973
20790928,14.461
20790929,0.5216
20790930,2.6617
20791001,1.8194
20791002,0.0054543
20791003,3.5577
20791004,23.41
20791005,2.2547
20791006,0.020836
20791007,54.427
20791008,5.7431
20791009,0.17441
20791010,1.0251
20791011,6.1628
20791012,0.47724
20791013,0.0025116
20791014,0.020549
20791015,1.2353
20791016,0.56301
20791017,3.6584
20791018,1.2783
20791019,0.4749
20791020,0.22174
20791021,0.17749
20791022,3.215
20791023,2.02
20791024,0.0099515
20791025,2.0985e-05
20791026,0
20791027,0.0044667
20791028,0
20791029,0.0084114
20791030,0.0038826
20791031,0
20791101,0
20791102,0
20791103,0
20791104,0
20791105,0
20791106,0
20791107,0.038301
20791108,0.14022
20791109,0
20791110,0.00010539
20791111,0.54732
20791112,0.00098084
20791113,0
20791114,0.0034351
20791115,0.0014015
20791116,0
20791117,0.016919
20791118,0
20791119,0.0052841
20791120,0.018019
20791121,0.0010247
20791122,0.0005013
20791123,0
20791124,0.0025653
20791125,0.00078479
20791126,0
20791127,0.0034147
20791128,0.061578
20791129,0.00043002
20791130,0.0029652
20791201,0
20791202,0
20791203,0
20791204,0
20791205,0
20791206,0
20791207,0
20791208,0
20791209,0
20791210,0
20791211,0
20791212,0.041281
20791213,2.5886
20791214,0.55955
20791215,0.011795
20791216,1.1011e-07
20791217,0.12352
20791218,0.081941
20791219,0.88359
20791220,0.032645
20791221,2.2907
20791222,0.0015631
20791223,0.67989
20791224,0.8978
20791225,0
20791226,0.050657
20791227,0.0013319
20791228,0.00023408
20791229,0.09908
20791230,0.15033
20791231,0.4335
20800101,0.20939
20800102,23.288
20800103,1.7114
20800104,0
20800105,0.47338
20800106,8.4543
20800107,13.593
20800108,12.644
20800109,9.886
20800110,0.61127
20800111,0.25652
20800112,23.713
20800113,0
20800114,2.9615
20800115,5.6539
20800116,0.54758
20800117,0.10163
20800118,0.22195
20800119,1.0703
20800120,0.0018909
20800121,0.00042852
20800122,1.5854e-06
20800123,2.0489e-05
20800124,8.3386e-05
20800125,0.065624
20800126,2.5562
20800127,0.54117
20800128,0.063095
20800129,0.065824
20800130,0
20800131,0.00038868
20800201,0
20800202,0
20800203,0.59521
20800204,0.0014949
20800205,0.0019407
20800206,0.49295
20800207,0.050977
20800208,9.9304
20800209,61.373
20800210,8.9822
20800211,0.031069
20800212,0.065457
20800213,5.5187
20800214,0.31354
20800215,0
20800216,0.014808
20800217,0.00068667
20800218,1.4799
20800219,1.3249
20800220,0.82933
20800221,0.10857
20800222,0.0014737
20800223,14.451
20800224,19.321
20800225,0.00099446
20800226,1.3737
20800227,2.664
20800228,6.5476
20800229,0.59658
20800301,0.0089041
20800302,0.23661
20800303,1.5437
20800304,0.00044692
20800305,0.74494
20800306,0.027813
20800307,0
20800308,0.00081903
20800309,0
20800310,0.00067615
20800311,0.00031969
20800312,0.76925
20800313,0.97827
20800314,0.76448
20800315,0.65189
20800316,0.00068434
20800317,0
20800318,0
20800319,0.00060014
20800320,9.5816
20800321,0
20800322,0
20800323,0.00060704
20800324,0
20800325,0.0024335
20800326,0
20800327,0
20800328,0.0042053
20800329,0
20800330,0.006633
20800331,0.0019525
20800401,0.12308
20800402,32.736
20800403,21.97
20800404,20.438
20800405,2.4559
20800406,0.00021382
20800407,0
20800408,1.5044
20800409,3.2832
20800410,0.0068329
20800411,0.61825
20800412,0.78608
20800413,0.27729
20800414,6.0487
20800415,1.4907
20800416,0.030663
20800417,0.0084482
20800418,0.0010723
20800419,0.0010575
20800420,0
20800421,0
20800422,0.0040714
20800423,1.152
20800424,1.6519
20800425,0.68918
20800426,1.6657
20800427,3.1139
20800428,4.358
20800429,8.5283
20800430,37.03
20800501,6.8687
20800502,0.94548
20800503,0.57117
20800504,0.20999
20800505,0.00063827
20800506,0.11541
20800507,0.59678
20800508,0.76372
20800509,0.018738
20800510,2.7581
20800511,14.289
20800512,0.0046266
20800513,0
20800514,0.0066652
20800515,13.461
20800516,0.003723
20800517,0
20800518,0.0073735
20800519,0.043676
20800520,0.19285
20800521,2.5146
20800522,0.0019746
20800523,0
20800524,0
20800525,1.3705
20800526,0.011727
20800527,0
20800528,0.020837
20800529,5.8299
20800530,1.6574
20800531,0
20800601,1.8995
20800602,5.2202
20800603,1.7045
20800604,0.001707
20800605,9.4003
20800606,0
20800607,0.0006452
20800608,0.011865
20800609,0.3296
20800610,1.6102
20800611,1.0009
20800612,0.57744
20800613,5.1562
20800614,6.4057
20800615,5.2027
20800616,0.62552
20800617,2.8063
20800618,0.0019601
20800619,0
20800620,1.6167
20800621,19.276
20800622,0.0016573
20800623,0
20800624,0.00073757
20800625,1.4585
20800626,3.5564
20800627,2.9262
20800628,1.2406
20800629,7.6899
20800630,12.649
20800701,12.528
20800702,0.36708
20800703,8.4553e-05
20800704,0.036751
20800705,5.4178
20800706,0.00064654
20800707,3.5118
20800708,1.0836
20800709,0.67073
20800710,2.0946
20800711,4.2647
20800712,2.4374
20800713,19.918
20800714,2.3723
20800715,3.9938
20800716,0.067626
20800717,0.0022072
20800718,0
20800719,0.0015198
20800720,0.0020102
20800721,0
20800722,1.2675
20800723,0.46958
20800724,23.582
20800725,0.093383
20800726,1.2317
20800727,0.35504
20800728,1.5304
20800729,5.4258
20800730,2.8633
20800731,1.4229
20800801,0.62214
20800802,0.45054
20800803,0.58389
20800804,0.0030319
20800805,0
20800806,0.0041576
20800807,0.00082393
20800808,1.6836
20800809,1.7182
20800810,1.4708
20800811,0
20800812,0.66335
20800813,3.4087
20800814,3.6931
20800815,12.606
20800816,23.489
20800817,0.55068
20800818,0.84361
20800819,0.0031322
20800820,0.0077977
20800821,0.17943
20800822,8.4314
20800823,0.97347
20800824,0.002127
20800825,0
20800826,0.0013001
20800827,0.028924
20800828,1.4621
20800829,0.0019151
20800830,0.0022634
20800831,0
20800901,1.4794
20800902,0.12672
20800903,10.296
20800904,4.18
20800905,0
20800906,0.0019756
20800907,0
20800908,11.631
20800909,4.4454
20800910,0.57752
20800911,0.0016797
20800912,2.2145
20800913,6.3344
20800914,1.4281
20800915,0.73551
20800916,2.2027
20800917,0.0014642
20800918,2.259
20800919,0.041735
20800920,0.19465
20800921,1.2133
20800922,5.7439
20800923,11.42
20800924,23.521
20800925,4.0799
20800926,5.6541
20800927,0.49913
20800928,0.19971
20800929,1.5918
20800930,0.32364
20801001,0.19572
20801002,1.8846
20801003,0.00026523
20801004,0.082278
20801005,0.010497
20801006,0.1966
20801007,0.61389
20801008,0.0011909
20801009,0
20801010,0.001113
20801011,0.18576
20801012,1.6062
20801013,1.9887
20801014,0.67742
20801015,0.077061
20801016,7.6075
20801017,16.008
20801018,18.435
20801019,6.8079
20801020,1.2412
20801021,0.0010768
20801022,0
20801023,0.0039721
20801024,0.018167
20801025,0.6111
20801026,2.6199
20801027,1.2489
20801028,0.0016572
20801029,0
20801030,0.0072693
20801031,0.0056719
20801101,0
20801102,0
20801103,0
20801104,0
20801105,2.0326
20801106,23.372
20801107,0.9279
20801108,0.2094
20801109,0.16761
20801110,5.4324
20801111,1.319
20801112,0.0056044
20801113,1.5677
20801114,0.0010114
20801115,5.277e-05
20801116,0
20801117,0
20801118,0.085018
20801119,1.7433
20801120,3.681
20801121,2.2322
20801122,21.271
20801123,2.8114
20801124,2.8174
20801125,0.38951
20801126,0.028569
20801127,0.0057985
20801128,1.067
20801129,24.394
20801130,0.0044349
20801201,0
20801202,0
20801203,0
20801204,0
20801205,0
20801206,0.21347
20801207,0.37074
20801208,0.011487
20801209,0
20801210,1.207
20801211,3.5787
20801212,0.28683
20801213,0.45926
20801214,0.034879
20801215,0.03497
20801216,1.4036
20801217,1.8444
20801218,4.5754
20801219,5.3921
20801220,0
20801221,0.0033806
20801222,0.026032
20801223,0.0038929
20801224,0
20801225,0.00146
20801226,0.040755
20801227,0.15444
20801228,0.49348
20801229,0.042566
20801230,0.0010529
20801231,0
20810101,0.0049896
20810102,0.093595
20810103,13.619
20810104,0.1715
20810105,0.0074849
20810106,0
20810107,0.18997
20810108,0.012289
20810109,0
20810110,0.0010383
20810111,0.00076437
20810112,0.21838
20810113,0.00078097
20810114,1.725
20810115,0.8113
20810116,0.58288
20810117,0.0012263
20810118,0.82731
20810119,1.3301
20810120,5.1126
20810121,1.7974
20810122,0
20810123,1.7854e-05
20810124,0.42423
20810125,0
20810126,0.00064157
20810127,0.0015765
20810128,0.00028404
20810129,0.0014376
20810130,0
20810131,0.08881
20810201,1.3574
20810202,3.137
20810203,2.2508
20810204,1.6969
20810205,1.0966
20810206,0.00066555
20810207,9.4325
20810208,29.069
20810209,0.067402
20810210,0.00019159
20810211,13.783
20810212,22.341
20810213,17.647
20810214,34.273
20810215,0.75955
20810216,0.00097787
20810217,0
20810218,7.8973e-05
20810219,0.00083197
20810220,5.5017
20810221,20.402
20810222,0.000972
20810223,0.0006952
20810224,1.9349
20810225,0.079822
20810226,0.00085061
20810227,0.00035543
20810228,0.4813
20810301,2.1766
20810302,0
20810303,0.26692
20810304,0
20810305,0.11464
20810306,0.23483
20810307,17.788
20810308,0.57272
20810309,0
20810310,0.018755
20810311,0.36098
20810312,0.18708
20810313,0.83776
20810314,0.025606
20810315,0.0088521
20810316,0
20810317,2.9118
20810318,2.1644
20810319,0.51768
20810320,1.4959
20810321,0.00076151
20810322,1.66
20810323,0.00048867
20810324,6.7451e-08
20810325,6.075
20810326,0.2168
20810327,0
20810328,0.81791
20810329,0.0030299
20810330,0.37899
20810331,0.23083
20810401,0.98742
20810402,0.0054633
20810403,0.69684
20810404,3.2175
20810405,5.8922
20810406,2.3918
20810407,0
20810408,0.004862
20810409,4.575
20810410,4.5599
20810411,3.3376
20810412,17.102
20810413,3.3341
20810414,15.229
20810415,13.556
20810416,8.136
20810417,4.7013
20810418,4.9889
20810419,12.053
20810420,0.83107
20810421,2.0452
20810422,0
20810423,0.037254
20810424,0.0013671
20810425,1.9238
20810426,0
20810427,0
20810428,0.01303
20810429,2.4138
20810430,0
20810501,0
20810502,0.0020689
20810503,6.8429
20810504,4.2126
20810505,0.0013056
20810506,0
20810507,0.0017216
20810508,0
20810509,0.0032373
20810510,0.001876
20810511,0
20810512,0.00051785
20810513,0
20810514,0.34244
20810515,4.2806
20810516,2.2789
20810517,8.5573
20810518,10.755
20810519,2.8103
20810520,5.3747
20810521,5.369
20810522,0.39665
20810523,8.1901
20810524,1.021
20810525,0
20810526,5.8791
20810527,6.1318
20810528,2.3207
20810529,1.7182
20810530,0.057715
20810531,1.1209
20810601,0.38769
20810602,4.2028
20810603,4.6394
20810604,0.013487
20810605,0.19831
20810606,7.092
20810607,3.3284
20810608,4.0024
20810609,0
20810610,0.011499
20810611,0
20810612,0.14672
20810613,1.3345
20810614,0.31073
20810615,4.6987
20810616,0.63579
20810617,0.0032559
20810618,0
20810619,9.3626
20810620,0.79383
20810621,4.9352
20810622,2.0487
20810623,0.00090364
20810624,0
20810625,0.014489
20810626,0
20810627,6.3737
20810628,5.5399
20810629,0.0093129
20810630,0
20810701,0.004072
20810702,0.31768
20810703,1.6661
20810704,2.0952
20810705,4.7018
20810706,2.2068
20810707,4.1442
20810708,4.8717
20810709,5.5596
20810710,0.0029572
20810711,0
20810712,0.0061048
20810713,0.0047183
20810714,3.0215
20810715,0
20810716,0.00027603
20810717,0.0023433
20810718,0.0029508
20810719,8.1577
20810720,4.7542
20810721,2.3545
20810722,0.85555
20810723,6.1932
20810724,3.4979
20810725,4.6591
20810726,4.2825
20810727,0
20810728,0.0043721
20810729,3.8844
20810730,3.5016
20810731,6.8303
20810801,0.00085518
20810802,0.0054169
20810803,0.71355
20810804,5.452
20810805,4.5125
20810806,1.6297
20810807,2.0606
20810808,2.9528
20810809,8.5493
20810810,1.2528
20810811,1.1481
20810812,0.27297
20810813,0.50521
20810814,0
20810815,0.0082002
20810816,0.040724
20810817,0
20810818,0.0040829
20810819,0
20810820,0.35443
20810821,0.0018257
20810822,7.2908
20810823,1.2444
20810824,4.2088
20810825,12.712
20810826,2.06
20810827,2.3152
20810828,0.0059667
20810829,0.0039755
20810830,0.23799
20810831,1.5791
20810901,5.4049
20810902,0.85673
20810903,0.0011525
20810904,4.9155
20810905,0
20810906,0.0033493
20810907,0
20810908,0.0092465
20810909,1.994
20810910,0.01235
20810911,0.52219
20810912,10.526
20810913,2.6264
20810914,3.8953
20810915,0.0032158
20810916,4.0147e-05
20810917,0
20810918,1.1127
20810919,2.1645
20810920,6.3811
20810921,0.00092197
20810922,0.012451
20810923,2.4386
20810924,0.0048839
20810925,0
20810926,0.018081
20810927,1.7581
20810928,0
20810929,0.0062914
20810930,0.0088148
20811001,0.0013515
20811002,0.58039
20811003,68.63
20811004,98.965
20811005,3.5312
20811006,36.346
20811007,4.6612
20811008,1.2341
20811009,6.4661
20811010,0.38361
20811011,0
20811012,0.046157
20811013,44.59
20811014,7.2083
20811015,0.0035091
20811016,0
20811017,0.49575
20811018,0.22288
20811019,0.36083
20811020,1.3435
20811021,1.7055
20811022,2.4814
20811023,0.0077314
20811024,0.2203
20811025,7.815
20811026,0.92103
20811027,0
20811028,0.0018307
20811029,0.20727
20811030,3.782
20811031,1.7337
20811101,0.25298
20811102,0.18737
20811103,1.3808
20811104,0.092774
20811105,0.012299
20811106,1.3448
20811107,0.0012758
20811108,0
20811109,0.083985
20811110,5.5318
20811111,0.015047
20811112,0.0010714
20811113,0.83676
20811114,13.373
20811115,39.34
20811116,17.067
20811117,2.7091
20811118,0
20811119,0.0074681
20811120,0.0044189
20811121,3.8434
20811122,15.495
20811123,8.7248
20811124,11.102
20811125,0.03172
20811126,0.0043541
20811127,0.00273
20811128,0
20811129,0.0098378
20811130,0.0049031
20811201,0
20811202,0
20811203,0
20811204,0
20811205,0.53697
20811206,1.7857
20811207,0.20297
20811208,0.026141
20811209,0.00080151
20811210,0.0014078
20811211,0.45712
20811212,0.68057
20811213,0.020293
20811214,1.6142
20811215,0.0017033
20811216,0
20811217,0.00241
20811218,8.4431e-05
20811219,0.00056365
20811220,0
20811221,0.00065274
20811222,0
20811223,0.44144
20811224,0
20811225,0.0010894
20811226,0.029409
20811227,0.19101
20811228,0.78834
20811229,0.0017309
20811230,0.004186
20811231,4.1367
20820101,1.53
20820102,1.6057
20820103,0.22711
20820104,1.8405
20820105,0.0007692
20820106,0.0068068
20820107,0.028829
20820108,0.0066019
20820109,15.648
20820110,0.0050647
20820111,0.0059665
20820112,0.0001101
20820113,0.1341
20820114,2.409
20820115,0.17558
20820116,4.7942
20820117,14.188
20820118,2.586
20820119,1.0175
20820120,0.026165
20820121,0
20820122,0.18672
20820123,0.1874
20820124,0.0012462
20820125,0.0082012
20820126,1.5202
20820127,0.0076618
20820128,0.66103
20820129,0.024288
20820130,4.5628e-08
20820131,0.020564
20820201,0.00036325
20820202,0
20820203,0.00047074
20820204,2.7222e-11
20820205,0.0063301
20820206,0.00040795
20820207,0.37824
20820208,0.15144
20820209,0
20820210,0.0010188
20820211,1.8442
20820212,0.12451
20820213,0.0011114
20820214,0.001311
20820215,0.088496
20820216,0.1712
20820217,3.6084
20820218,8.4667
20820219,5.6478
20820220,0.98734
20820221,1.4948
20820222,3.7059
20820223,2.8118
20820224,0.00019285
20820225,0
20820226,2.4091
20820227,4.615
20820228,6.7886
20820301,0.010884
20820302,2.86
20820303,0.47913
20820304,0.47012
20820305,24.352
20820306,10.649
20820307,26.093
20820308,7.0152
20820309,0.18152
20820310,0.86329
20820311,1.7272
20820312,0.73903
20820313,16.65
20820314,0.0034164
20820315,1.5788
20820316,0.61228
20820317,3.6704
20820318,3.6744
20820319,0.32247
20820320,1.669
20820321,3.3685
20820322,8.9874
20820323,0
20820324,3.908
20820325,0.63583
20820326,0.0080513
20820327,1.5835
20820328,1.546
20820329,2.3229
20820330,0.008345
20820331,0.011299
20820401,6.1043
20820402,4.844
20820403,24.212
20820404,0.17019
20820405,0.00083958
20820406,1.6184
20820407,0.78987
20820408,4.0707
20820409,0.0015734
20820410,3.059
20820411,0.1183
20820412,1.6132
20820413,7.9962
20820414,3.7599
20820415,0.14761
20820416,3.6346
20820417,0.038703
20820418,0.0041771
20820419,0.14841
20820420,4.0084
20820421,0.71877
20820422,3.3765
20820423,0.000719
20820424,0
20820425,2.6875e-07
20820426,0.0015314
20820427,0
20820428,0.0015982
20820429,0.12391
20820430,0
20820501,0
20820502,0
20820503,0
20820504,2.3336
20820505,7.6135e-05
20820506,0.22365
20820507,1.7811
20820508,0.53366
20820509,3.6841
20820510,5.723
20820511,1.104
20820512,0.86898
20820513,0.0064175
20820514,0.0012867
20820515,0
20820516,0.45107
20820517,1.2264
20820518,1.5118
20820519,0
20820520,0.0059289
20820521,0
20820522,0.0038703
20820523,0.0026703
20820524,0.0011535
20820525,0
20820526,0.0027005
20820527,0.0035668
20820528,0.00039496
20820529,0.031238
20820530,3.4896
20820531,0.16732
20820601,0.034047
20820602,0.00097806
20820603,0.00050928
20820604,0.027674
20820605,4.7
20820606,49.421
20820607,6.2589
20820608,2.2473
20820609,0.27166
20820610,3.0326
20820611,15.315
20820612,4.4842
20820613,0.54142
20820614,0
20820615,0.085093
20820616,3.4589
20820617,7.4361
20820618,0.56356
20820619,0.00086232
20820620,0
20820621,0.045291
20820622,2.911
20820623,0
20820624,0.021
20820625,0.061243
20820626,4.2759
20820627,0
20820628,0.012794
20820629,0.00094191
20820630,0.10158
20820701,0.2023
20820702,10.882
20820703,0.44945
20820704,0.0018946
20820705,0.32821
20820706,14.791
20820707,20.63
20820708,7.374
20820709,7.5074
20820710,3.5261
20820711,2.6916
20820712,1.3
20820713,0.14703
20820714,3.7466
20820715,4.6399
20820716,2.0309
20820717,0
20820718,0.0040564
20820719,1.6804
20820720,0.00011429
20820721,0.43266
20820722,2.3764
20820723,0.0026439
20820724,0.0059662
20820725,0.56473
20820726,8.019
20820727,0.035204
20820728,0
20820729,4.2695
20820730,16.716
20820731,0.00062391
20820801,10.665
20820802,0.0011841
20820803,3.1754
20820804,0
20820805,0.004263
20820806,0.02354
20820807,1.0986
20820808,15.172
20820809,3.0784
20820810,0
20820811,0
20820812,0.070578
20820813,4.0963
20820814,0.0069298
20820815,0.0045205
20820816,1.3596
20820817,0.0072601
20820818,0.54873
20820819,0.02472
20820820,0.0057558
20820821,0.54836
20820822,1.7379
20820823,0
20820824,2.4892e-05
20820825,0.47347
20820826,0.0030545
20820827,1.4416
20820828,2.477
20820829,0.00609
20820830,0.011713
20820831,5.2048
20820901,0
20820902,0.0030991
20820903,0.0022501
20820904,0.015121
20820905,11.044
20820906,7.0901
20820907,1.7421
20820908,0.82778
20820909,0.044949
20820910,0.045342
20820911,0.72323
20820912,4.3756
20820913,19.577
20820914,13.383
20820915,0.0024513
20820916,0
20820917,0.085906
20820918,0
20820919,0.30948
20820920,0.0052935
20820921,0.056479
20820922,2.6556
20820923,0
20820924,0.61089
20820925,1.4778
20820926,0.32262
20820927,4.4811
20820928,1.8745
20820929,0.031729
20820930,2.0309
20821001,30.487
20821002,4.7973
20821003,0
20821004,2.3059
20821005,18.743
20821006,2.3509
20821007,0.00076752
20821008,0
20821009,2.2291
20821010,11.763
20821011,3.1598
20821012,1.0284
20821013,0.56867
20821014,0.040387
20821015,19.538
20821016,2.2135
20821017,1.4643
20821018,0.45997
20821019,3.3928
20821020,4.9855
20821021,0.65667
20821022,8.8047
20821023,5.4622
20821024,0.0043445
20821025,0
20821026,0.0045039
20821027,0.020989
20821028,1.5776
20821029,0.0012612
20821030,0.3455
20821031,1.361
20821101,0
20821102,0
20821103,0.0009139
20821104,5.6763e-05
20821105,3.6103
20821106,0.001027
20821107,0.87625
20821108,6.1604
20821109,2.5077
20821110,32.538
20821111,0.82987
20821112,10.563
20821113,0.31959
20821114,0.046994
20821115,0.1236
20821116,0
20821117,0
20821118,0.0033174
20821119,0.001285
20821120,0.11783
20821121,4.567
20821122,0.44881
20821123,0.3144
20821124,0.011268
20821125,0.025558
20821126,0.040301
20821127,0
20821128,0.16356
20821129,0.081922
20821130,0.021401
20821201,0
20821202,0.0038288
20821203,0.64958
20821204,3.726
20821205,9.4496
20821206,0.85839
20821207,0.1026
20821208,0.51617
20821209,18.272
20821210,15.404
20821211,5.0456
20821212,13.736
20821213,0.035669
20821214,0
20821215,0
20821216,1.0281
20821217,0.0027429
20821218,0.038056
20821219,0.26474
20821220,0.079025
20821221,0
20821222,0
20821223,0.0018069
20821224,0
20821225,0.00106
20821226,0
20821227,0
20821228,0
20821229,0
20821230,0.0013101
20821231,0.014846
20830101,0.5664
20830102,0.0076568
20830103,11.663
20830104,2.1701
20830105,0.00078043
20830106,0
20830107,0.0029466
20830108,0.074851
20830109,0.090206
20830110,0.40869
20830111,0.081758
20830112,0.49639
20830113,0.0020026
20830114,0
20830115,0
20830116,0.00067373
20830117,0
20830118,0.0022041
20830119,0
20830120,0.097451
20830121,0
20830122,0
20830123,0.0030382
20830124,0.45967
20830125,0.0062677
20830126,0.00025456
20830127,0.00022544
20830128,0
20830129,0
20830130,0
20830131,0.0010151
20830201,0.30532
20830202,1.649
20830203,2.3019
20830204,0.18758
20830205,0.00014058
20830206,0
20830207,0.001226
20830208,0
20830209,0.00056178
20830210,0
20830211,0.00043573
20830212,0.068744
20830213,0.0014097
20830214,0
20830215,0.051701
20830216,0.0013254
20830217,0.076424
20830218,0.00095748
20830219,0.0050264
20830220,0.96769
20830221,15.955
20830222,0.091992
20830223,0.78702
20830224,0.009264
20830225,0
20830226,0
20830227,0.0015452
20830228,0.40297
20830301,0
20830302,0
20830303,0
20830304,0
20830305,0
20830306,0
20830307,0.71893
20830308,0.018548
20830309,0.78301
20830310,0.00014662
20830311,0
20830312,0.23448
20830313,1.1401
20830314,0.48645
20830315,1.5648
20830316,17.571
20830317,0.25697
20830318,0.42598
20830319,0.74508
20830320,1.4933
20830321,3.9577
20830322,0.055652
20830323,4.9153
20830324,1.2498
20830325,0.0014487
20830326,0.00024405
20830327,1.412
20830328,0
20830329,0.002845
20830330,0.0021642
20830331,1.3766
20830401,0
20830402,1.0346
20830403,0.01777
20830404,0
20830405,0.0073152
20830406,0.0025104
20830407,2.3279
20830408,0.44919
20830409,0.027219
20830410,0.28857
20830411,1.8488
20830412,0
20830413,0.00049781
20830414,8.1278
20830415,0.33787
20830416,0.013986
20830417,0.66643
20830418,0
20830419,0
20830420,0.0015309
20830421,0.0063952
20830422,0
20830423,0.56996
20830424,0
20830425,0
20830426,0.0035582
20830427,0.0014786
20830428,0.0082254
20830429,1.5096
20830430,27.893
20830501,128.12
20830502,5.4346
20830503,0.61801
20830504,0.00048718
20830505,0
20830506,0
20830507,0
20830508,0.0012885
20830509,0.00049316
20830510,0
20830511,0.0047941
20830512,1.5449
20830513,3.8331
20830514,0.00043577
20830515,1.5597
20830516,0.079548
20830517,2.2229
20830518,0.1774
20830519,0.016207
20830520,5.3942
20830521,0.58346
20830522,0.062941
20830523,0.0037005
20830524,0.0042905
20830525,0.39783
20830526,0.11966
20830527,0.0039542
20830528,0
20830529,0.010104
20830530,0
20830531,0.33636
20830601,6.1104
20830602,3.1264
20830603,0.0019586
20830604,0
20830605,0.36321
20830606,0
20830607,2.4163
20830608,3.9786
20830609,0.85261
20830610,3.0046
20830611,9.5325
20830612,0.0097167
20830613,0
20830614,0
20830615,0.0053392
20830616,0.5372
20830617,17.355
20830618,5.712
20830619,0.3926
20830620,2.3399
20830621,4.1115
20830622,1.4365
20830623,26.116
20830624,4.2291
20830625,13.095
20830626,6.8942
20830627,1.3789
20830628,0.7175
20830629,2.7132
20830630,0.0082706
20830701,0.28446
20830702,2.1876
20830703,0.0007447
20830704,0.0034082
20830705,0.0028254
20830706,1.6406
20830707,1.5835
20830708,1.4164
20830709,0.0040107
20830710,3.5247
20830711,11.99
20830712,6.7387
20830713,0.019771
20830714,0
20830715,0
20830716,0
20830717,0.014148
20830718,2.1757
20830719,0.00024439
20830720,0.098501
20830721,5.1671
20830722,2.789
20830723,8.1453
20830724,10.521
20830725,4.3204
20830726,6.573
20830727,1.7799
20830728,0.23665
20830729,1.6162
20830730,0
20830731,0
20830801,5.9494
20830802,0.46574
20830803,0.82375
20830804,0.0017594
20830805,0.0063705
20830806,0.0017566
20830807,0.87555
20830808,2.6176
20830809,9.4112
20830810,1.8908
20830811,0.0048636
20830812,22.195
20830813,0.0022875
20830814,0
20830815,0.0062315
20830816,0.042991
20830817,0.56058
20830818,0
20830819,0
20830820,0.004839
20830821,0.0024504
20830822,0
20830823,7.8315
20830824,0.0042618
20830825,0.0038629
20830826,0
20830827,0.0066396
20830828,1.1152
20830829,7.8183
20830830,17.415
20830831,2.8751
20830901,3.1727
20830902,8.6982
20830903,2.7106
20830904,2.1282
20830905,4.4635
20830906,3.8235
20830907,0.0014073
20830908,0
20830909,0.0026819
20830910,10.261
20830911,7.3751
20830912,6.3144
20830913,1.4023
20830914,0
20830915,0.10635
20830916,0.0055464
20830917,0
20830918,0.00096958
20830919,0.0010462
20830920,0.00065365
20830921,0.24511
20830922,8.869
20830923,8.9633
20830924,50.929
20830925,52.836
20830926,6.4723
20830927,3.3071
20830928,6.9046
20830929,91.335
20830930,43.613
20831001,2.4349
20831002,2.9778
20831003,0.032007
20831004,0.0017258
20831005,0.0035464
20831006,1.6034
20831007,33.258
20831008,11.139
20831009,0.0012067
20831010,0.22388
20831011,0.48164
20831012,5.8811
20831013,8.1473
20831014,2.5982
20831015,0.0018978
20831016,0.0015392
20831017,0
20831018,0
20831019,0.0017475
20831020,0
20831021,0.18549
20831022,2.24
20831023,20.341
20831024,22.511
20831025,0.063112
20831026,0.0051769
20831027,0
20831028,6.3902e-05
20831029,0
20831030,0
20831031,0.8771
20831101,0
20831102,0
20831103,0
20831104,0
20831105,0
20831106,0
20831107,0
20831108,0
20831109,0
20831110,0
20831111,0
20831112,0
20831113,0
20831114,0
20831115,0
20831116,0
20831117,0
20831118,0.0020986
20831119,0
20831120,2.6353
20831121,3.7968
20831122,2.7451
20831123,0.55136
20831124,0.71547
20831125,0
20831126,0
20831127,0
20831128,2.2452
20831129,5.9356
20831130,0.97046
20831201,1.7993
20831202,0
20831203,9.4966e-05
20831204,0
20831205,1.7283
20831206,2.9591
20831207,1.6104
20831208,4.2714
20831209,4.3819
20831210,0
20831211,0.0019647
20831212,0
20831213,0.033825
20831214,0.30028
20831215,1.0061
20831216,0.5729
20831217,1.5437
20831218,0.1009
20831219,0.013731
20831220,0.084392
20831221,0.016305
20831222,0.0040753
20831223,0
20831224,0.004094
20831225,0
20831226,0.14043
20831227,0.026878
20831228,0.80539
20831229,0.27089
20831230,7.7455e-07
20831231,0.0050503
20840101,0.00059091
20840102,7.2851e-05
20840103,0.030511
20840104,0
20840105,9.3783e-05
20840106,0.00069919
20840107,0
20840108,0.0004612
20840109,0.00082808
20840110,0.25426
20840111,1.6097
20840112,3.917
20840113,1.458
20840114,2.6098e-05
20840115,0
20840116,0.00039027
20840117,0.34931
20840118,0.0010544
20840119,0
20840120,0.0045493
20840121,0.076226
20840122,4.3643
20840123,0.036748
20840124,0.00063728
20840125,0.00030369
20840126,0.030711
20840127,0.040106
20840128,0.011338
20840129,0.00047505
20840130,0.0012672
20840131,0
20840201,0
20840202,0.52943
20840203,0.33481
20840204,2.8643
20840205,4.9559
20840206,0.3896
20840207,0.13615
20840208,0.084168
20840209,0.025796
20840210,0.71223
20840211,0.37093
20840212,0.00063441
20840213,0.23955
20840214,0.079156
20840215,0.35053
20840216,32.125
20840217,0.048366
20840218,3.967
20840219,0.0014722
20840220,0
20840221,0.00061783
20840222,0
20840223,0.0014326
20840224,0.001084
20840225,0
20840226,0
20840227,0.0019547
20840228,0
20840229,0.0042597
20840301,2.9227
20840302,0.0027286
20840303,0.036814
20840304,0
20840305,0
20840306,0.00051199
20840307,0
20840308,0
20840309,0.0088359
20840310,1.7929
20840311,5.2975
20840312,2.5218
20840313,1.1299
20840314,0
20840315,0.11058
20840316,0
20840317,0.041147
20840318,0.00040359
20840319,0
20840320,0
20840321,0.029844
20840322,0.17204
20840323,0
20840324,0.00041265
20840325,0.016782
20840326,5.0199
20840327,6.7146
20840328,0.0087384
20840329,0.0008804
20840330,0.55851
20840331,35.702
20840401,13.582
20840402,1.1148
20840403,22.428
20840404,7.5908
20840405,0.43649
20840406,1.6292
20840407,2.3661
20840408,1.9343
20840409,23.626
20840410,1.8812
20840411,0.0051099
20840412,0.0043957
20840413,0
20840414,9.7905
20840415,0.1152
20840416,0.034579
20840417,1.3993
20840418,1.2618
20840419,0.0019465
20840420,0.69928
20840421,0
20840422,0
20840423,0.089136
20840424,1.1954
20840425,0.0041793
20840426,3.8856
20840427,0
20840428,3.2897
20840429,16.857
20840430,0.086022
20840501,0
20840502,0.013569
20840503,1.6094
20840504,0.0057124
20840505,0.027795
20840506,0
20840507,0
20840508,0.0065812
20840509,0.54416
20840510,0
20840511,0.14229
20840512,6.3796
20840513,16.42
20840514,0.0016284
20840515,1.4831
20840516,0.00067756
20840517,0
20840518,0.62004
20840519,0.3453
20840520,0
20840521,5.9546e-05
20840522,0.0046001
20840523,0.0095647
20840524,3.3212
20840525,0.05427
20840526,11.791
20840527,1.4391
20840528,0.0012523
20840529,0.016797
20840530,2.1328
20840531,2.4306
20840601,4.9885
20840602,6.02
20840603,24.546
20840604,4.5381
20840605,0.12264
20840606,0.044658
20840607,0.064444
20840608,0.72911
20840609,0.00018325
20840610,0
20840611,1.9323
20840612,1.2384
20840613,2.8218
20840614,0.0094096
20840615,0.00098193
20840616,1.2994
20840617,0.015596
20840618,0.0018074
20840619,9.7797
20840620,12.359
20840621,0.0016052
20840622,0.17739
20840623,0
20840624,2.0712
20840625,3.6519
20840626,0.011771
20840627,0
20840628,2.2016
20840629,0.98258
20840630,1.6972
20840701,0.087643
20840702,0.19173
20840703,0.05295
20840704,2.2421
20840705,0.24339
20840706,1.458
20840707,6.193
20840708,0.52605
20840709,1.4623
20840710,2.6541
20840711,2.769
20840712,6.5996
20840713,3.9243
20840714,5.0958
20840715,2.391
20840716,1.7219
20840717,5.5811
20840718,1.6913
20840719,1.7654
20840720,3.8474
20840721,4.742
20840722,3.2472
20840723,8.6435
20840724,17.557
20840725,5.6081
20840726,1.6415
20840727,3.0039
20840728,9.1263
20840729,0.0033739
20840730,2.3952
20840731,2.7943
20840801,0.38318
20840802,0.0041228
20840803,0.0089575
20840804,1.3067
20840805,2.3145
20840806,0.0013117
20840807,0.00093286
20840808,0.0028359
20840809,8.2797
20840810,0.0039123
20840811,3.7815
20840812,0
20840813,1.1125
20840814,4.6807
20840815,0.17366
20840816,0.0047572
20840817,0
20840818,0
20840819,0.0049396
20840820,0.020759
20840821,0.0035691
20840822,1.252
20840823,19.127
20840824,3.5308
20840825,0.012196
20840826,0.0014188
20840827,0
20840828,0.0134
20840829,6.933
20840830,6.225
20840831,0
20840901,0.002554
20840902,0.0028169
20840903,0.041078
20840904,0.10086
20840905,0.00033065
20840906,0
20840907,0.0034795
20840908,0.0026687
20840909,0.0017873
20840910,1.7013
20840911,0.0042633
20840912,0.17469
20840913,0
20840914,6.1334
20840915,0.55949
20840916,0
20840917,0.0014089
20840918,0.018917
20840919,0.5464
20840920,0.28235
20840921,0.0050913
20840922,0.02162
20840923,10.332
20840924,51.714
20840925,0.15871
20840926,1.4235
20840927,0.20677
20840928,0.32628
20840929,0.21113
20840930,0.0046012
20841001,0
20841002,0
20841003,0
20841004,0.061293
20841005,1.4872
20841006,0.64081
20841007,0
20841008,0.45673
20841009,0.72876
20841010,12.001
20841011,9.6359
20841012,5.7945
20841013,13.895
20841014,8.1687
20841015,0.12619
20841016,0.0056373
20841017,0.048488
20841018,0.003286
20841019,0
20841020,0.0037206
20841021,0
20841022,0.00069876
20841023,0.0030796
20841024,3.6327e-06
20841025,0
20841026,0
20841027,11.967
20841028,36.34
20841029,9.6115
20841030,4.4298
20841031,0.033503
20841101,0.1278
20841102,0.00099437
20841103,0
20841104,0.29341
20841105,0
20841106,0.00065159
20841107,0.0016248
20841108,0.00032569
20841109,6.3013
20841110,6.901
20841111,21.799
20841112,5.4219
20841113,8.2487
20841114,0.0015418
20841115,0
20841116,0
20841117,0.148
20841118,3.2706
20841119,10.692
20841120,3.3403
20841121,0.73967
20841122,0.0029652
20841123,0.077512
20841124,0.0047116
20841125,0.057083
20841126,0.034645
20841127,0.017001
20841128,0.0022786
20841129,1.0575
20841130,0.22006
20841201,0
20841202,1.1134
20841203,0.71131
20841204,1.503
20841205,0.14732
20841206,0.048864
20841207,1.2186e-05
20841208,0.0027634
20841209,0
20841210,0.0078665
20841211,0.10548
20841212,0.359
20841213,1.1211
20841214,0.56465
20841215,2.5792
20841216,3.06
20841217,8.1374
20841218,4.825
20841219,0.044572
20841220,0.41732
20841221,0.008898
20841222,2.809
20841223,0.80972
20841224,0.53394
20841225,1.1283
20841226,0
20841227,0.059567
20841228,0.17418
20841229,0.0046915
20841230,0
20841231,0
20850101,0
20850102,0
20850103,0
20850104,0.0004051
20850105,0.0017935
20850106,0.00019987
20850107,0
20850108,0.00088029
20850109,0
20850110,1.1504e-09
20850111,1.338e-09
20850112,1.5997e-09
20850113,0.16184
20850114,2.5161
20850115,2.187
20850116,1.2785
20850117,0.23727
20850118,5.7952
20850119,0.0028975
20850120,0.070194
20850121,0.5726
20850122,0.13051
20850123,0.0012477
20850124,0.010918
20850125,0.030794
20850126,0
20850127,0.00046235
20850128,0.49045
20850129,0
20850130,0
20850131,0
20850201,0
20850202,0.023991
20850203,0.00020818
20850204,0.029041
20850205,0.25229
20850206,0.00061691
20850207,0
20850208,0.00039019
20850209,0.00088258
20850210,0
20850211,0.0003267
20850212,0.13777
20850213,0.032023
20850214,6.9134
20850215,17.472
20850216,0.54151
20850217,0.29435
20850218,5.8725
20850219,0
20850220,0.00066818
20850221,0.16624
20850222,1.4868
20850223,0.77602
20850224,22.712
20850225,0.85273
20850226,0.29664
20850227,17.266
20850228,23.776
20850301,0.014876
20850302,0.67718
20850303,0.14058
20850304,0.093869
20850305,0.043495
20850306,1.3846
20850307,0.48891
20850308,0.00021132
20850309,0.00088076
20850310,0
20850311,0.00080035
20850312,0.00053205
20850313,0
20850314,7.9524e-05
20850315,0.001308
20850316,0.00026517
20850317,0
20850318,0.00027326
20850319,0
20850320,0.00015959
20850321,0.82359
20850322,1.0865
20850323,0.010313
20850324,0.091592
20850325,5.3713
20850326,0.17422
20850327,0.057213
20850328,0
20850329,9.8139e-09
20850330,0.00048765
20850331,3.7654
20850401,0
20850402,0
20850403,0.5647
20850404,17.424
20850405,4.1843
20850406,1.38e-07
20850407,0.0026179
20850408,0
20850409,0.00020908
20850410,0.0012687
20850411,0
20850412,0.028108
20850413,0.67545
20850414,0.0010468
20850415,0.5336
20850416,2.1503
20850417,1.0193
20850418,2.1814
20850419,0.88979
20850420,0.57409
20850421,1.8697
20850422,0.26829
20850423,1.3661
20850424,0.046796
20850425,0.21793
20850426,0.43036
20850427,2.8586
20850428,1.4307
20850429,0
20850430,0.0035911
20850501,0.00029399
20850502,1.408
20850503,18.821
20850504,7.0054
20850505,4.7895
20850506,6.1706
20850507,7.1913
20850508,5.9163
20850509,42.859
20850510,1.2449
20850511,0.63632
20850512,0.022873
20850513,4.0548
20850514,4.2874
20850515,0.59478
20850516,2.5663
20850517,0.1574
20850518,0.55453
20850519,0.41481
20850520,0.0097381
20850521,4.1579
20850522,14.057
20850523,0.010371
20850524,0.0001715
20850525,0
20850526,2.1565
20850527,0.76752
20850528,0.0057371
20850529,0.8456
20850530,20.242
20850531,29.907
20850601,2.3685
20850602,2.407
20850603,0
20850604,0.83251
20850605,0.4176
20850606,2.8232
20850607,2.8808
20850608,1.4322
20850609,0.0030146
20850610,0
20850611,0.0050453
20850612,3.6162
20850613,0.43026
20850614,18.543
20850615,12.014
20850616,5.3523
20850617,6.5629
20850618,1.65
20850619,0.39476
20850620,0.55273
20850621,2.9589
20850622,11.846
20850623,0.010857
20850624,0.19151
20850625,4.2406
20850626,0.033453
20850627,0.011138
20850628,0
20850629,0.25338
20850630,6.7831
20850701,0.22793
20850702,0
20850703,0.021548
20850704,5.109
20850705,6.8138
20850706,1.7133
20850707,7.0818
20850708,2.415
20850709,6.6616
20850710,1.4904
20850711,0.21409
20850712,0.0014891
20850713,2.0274
20850714,1.6225
20850715,0.10764
20850716,0.0051643
20850717,0.0016992
20850718,0.0044696
20850719,5.2853
20850720,1.7377
20850721,0.0022594
20850722,0.0020685
20850723,1.8377
20850724,2.7432
20850725,28.612
20850726,0.72903
20850727,0.36824
20850728,7.9632
20850729,6.8688
20850730,3.4994
20850731,10.875
20850801,9.9895
20850802,4.9602
20850803,4.7879
20850804,0.0018818
20850805,0.0079504
20850806,0
20850807,0.12492
20850808,0.00073761
20850809,0.0027907
20850810,2.2296
20850811,2.1453
20850812,21.911
20850813,7.3513
20850814,6.5288
20850815,43.319
20850816,40.876
20850817,18.261
20850818,1.9583
20850819,0.80925
20850820,0
20850821,0.0016269
20850822,0.0033305
20850823,0.0015902
20850824,3.2993
20850825,3.6791
20850826,4.192
20850827,1.2142
20850828,0.0058232
20850829,0
20850830,0.01075
20850831,1.8236
20850901,0.50624
20850902,0.38178
20850903,0
20850904,0.00099027
20850905,1.6846
20850906,4.8856
20850907,2.3319
20850908,5.3775
20850909,7.3032
20850910,8.0515
20850911,7.9108
20850912,0.0015317
20850913,0.0041298
20850914,0
20850915,0.15197
20850916,1.4174
20850917,37.863
20850918,11.984
20850919,2.688
20850920,0.59985
20850921,1.9187
20850922,2.2496
20850923,74.444
20850924,27.034
20850925,1.8615
20850926,0
20850927,0.021407
20850928,0.11959
20850929,0.16197
20850930,1.6852
20851001,1.5434
20851002,0
20851003,0.23597
20851004,2.0584
20851005,0.010862
20851006,0.01946
20851007,1.1994
20851008,0.00032537
20851009,0
20851010,0.0087135
20851011,0
20851012,0.0071533
20851013,0
20851014,0
20851015,0.0014808
20851016,0
20851017,0
20851018,0.00043333
20851019,0.00039165
20851020,0.0019267
20851021,0.00055698
20851022,1.8392
20851023,10.072
20851024,0.0076133
20851025,0.56572
20851026,1.5874
20851027,2.9285
20851028,0.09116
20851029,0.0043639
20851030,0
20851031,0.0072351
20851101,0.061672
20851102,0.057001
20851103,1.6894
20851104,0
20851105,0.0012149
20851106,0.0067012
20851107,0
20851108,0.010972
20851109,0
20851110,0.090817
20851111,0
20851112,0.00025051
20851113,0
20851114,6.6545e-05
20851115,0
20851116,0
20851117,0.00404
20851118,0
20851119,0.00076994
20851120,0
20851121,0.0018042
20851122,0
20851123,0
20851124,0.0656
20851125,1.3571
20851126,0.39174
20851127,0
20851128,0.00063228
20851129,0.24624
20851130,0.0073492
20851201,9.9671
20851202,0.080299
20851203,0
20851204,0.0010762
20851205,0
20851206,0.0053209
20851207,0
20851208,8.8476e-07
20851209,6.3047e-09
20851210,0
20851211,4.129e-08
20851212,0.30639
20851213,2.223
20851214,1.003
20851215,5.327
20851216,17.986
20851217,46.454
20851218,0.006979
20851219,34.815
20851220,47.923
20851221,0.11767
20851222,0.0010711
20851223,0
20851224,0.0019928
20851225,0.0015306
20851226,0.00068164
20851227,0.0010846
20851228,0.019496
20851229,0.066461
20851230,0.41971
20851231,0.26769
20860101,0
20860102,0
20860103,0
20860104,0
20860105,0
20860106,0
20860107,0.03373
20860108,0.0087394
20860109,0.073863
20860110,0.00023318
20860111,0
20860112,0.19379
20860113,0.58017
20860114,0.019046
20860115,1.0491
20860116,2.4735
20860117,9.8429
20860118,0.25317
20860119,0.001454
20860120,0
20860121,0
20860122,0
20860123,13.567
20860124,4.07
20860125,1.1939
20860126,2.5162
20860127,20.046
20860128,2.9117
20860129,0.68387
20860130,2.2501
20860131,0.3082
20860201,0.0017998
20860202,0
20860203,0.00021677
20860204,0.87757
20860205,0.65759
20860206,0.019969
20860207,1.2023
20860208,0.037025
20860209,0.064485
20860210,0.0010714
20860211,0.016312
20860212,0.050201
20860213,1.9995e-05
20860214,0.2949
20860215,3.6824
20860216,0.048391
20860217,0.013928
20860218,0.0023485
20860219,0.037056
20860220,0.50954
20860221,23.239
20860222,5.7632
20860223,11.841
20860224,0.0051924
20860225,0.017502
20860226,0
20860227,0.01784
20860228,0.050998
20860301,0
20860302,1.052
20860303,0.44319
20860304,3.1444
20860305,0.81513
20860306,0
20860307,0
20860308,0.48055
20860309,0.28969
20860310,0
20860311,0.023
20860312,0.07262
20860313,0
20860314,11.477
20860315,0.22514
20860316,0.29806
20860317,3.899
20860318,4.164
20860319,4.545
20860320,22.339
20860321,0.028631
20860322,0.001417
20860323,2.7253
20860324,7.5069
20860325,13.217
20860326,0.076512
20860327,1.5835
20860328,2.3844
20860329,5.2765
20860330,0.52579
20860331,0.34708
20860401,1.402
20860402,0.082922
20860403,0.0013595
20860404,0.0017251
20860405,0.92232
20860406,0.062293
20860407,0.0004946
20860408,0.22772
20860409,0.0028931
20860410,0.19253
20860411,0.092849
20860412,0.35633
20860413,0.56855
20860414,0.004557
20860415,1.2274
20860416,0
20860417,0.53299
20860418,0.0087119
20860419,9.5899
20860420,22.061
20860421,18.441
20860422,0.064891
20860423,0.15087
20860424,0.20902
20860425,0.046026
20860426,13.756
20860427,2.7667
20860428,5.135
20860429,3.0674
20860430,0.055326
20860501,0
20860502,0
20860503,0.66324
20860504,1.9962
20860505,5.8671
20860506,1.8409
20860507,3.0876
20860508,6.4542
20860509,8.3604
20860510,4.0271
20860511,2.4316
20860512,0.38153
20860513,21.767
20860514,3.071
20860515,0.45772
20860516,2.0056
20860517,0.96146
20860518,0.2644
20860519,0.0013727
20860520,2.349e-09
20860521,5.6201
20860522,16.126
20860523,25.679
20860524,0.0039565
20860525,2.4523
20860526,3.1113
20860527,5.373
20860528,0.45343
20860529,2.2914
20860530,6.3372
20860531,1.197
20860601,0.28185
20860602,2.0287
20860603,0
20860604,1.1393
20860605,1.2866
20860606,2.3613
20860607,3.9851
20860608,2.475
20860609,3.0986
20860610,15.835
20860611,3.2883
20860612,30.331
20860613,11.438
20860614,11.031
20860615,12.475
20860616,0.78667
20860617,4.2826
20860618,1.2735
20860619,0.0013509
20860620,0.84796
20860621,2.4506
20860622,7.6581
20860623,5.9881
20860624,6.409
20860625,0.70004
20860626,3.5007
20860627,8.0757
20860628,11.98
20860629,6.4167
20860630,1.5531
20860701,8.486
20860702,8.6321
20860703,0.29443
20860704,0.00067427
20860705,0.017218
20860706,1.1752
20860707,20.441
20860708,5.3908
20860709,2.5714
20860710,0.0059857
20860711,1.2828
20860712,0.0066317
20860713,0.0035584
20860714,0
20860715,21.052
20860716,1.645
20860717,0
20860718,1.575
20860719,0.0136
20860720,10.316
20860721,6.022
20860722,17.184
20860723,0.066606
20860724,0.75897
20860725,0.22973
20860726,0.029019
20860727,0.63792
20860728,0.57333
20860729,0
20860730,1.0314e-05
20860731,0.1807
20860801,3.8766
20860802,0.00076019
20860803,5.6456
20860804,12.733
20860805,12.731
20860806,4.6222
20860807,5.908
20860808,0.00062722
20860809,0
20860810,0.0036884
20860811,5.6048
20860812,5.6379
20860813,0.0037009
20860814,0.0052622
20860815,5.7709
20860816,0.0043927
20860817,22.74
20860818,8.2945
20860819,0.0085154
20860820,0
20860821,0.0053012
20860822,0.00090945
20860823,2.534
20860824,8.657
20860825,4.0621
20860826,2.9543
20860827,2.0814
20860828,1.1148
20860829,5.8928
20860830,1.5202
20860831,1.2594
20860901,0.78029
20860902,0.000278
20860903,0.86027
20860904,0.0013886
20860905,0
20860906,0
20860907,0.092116
20860908,7.2957
20860909,12.94
20860910,0.09285
20860911,1.2389
20860912,0.96218
20860913,0.16435
20860914,0
20860915,0.14895
20860916,3.6446
20860917,0.17562
20860918,0
20860919,0.0058977
20860920,2.5323
20860921,3.683
20860922,2.693
20860923,0.0025717
20860924,0
20860925,0.012666
20860926,0
20860927,0.037783
20860928,0.007583
20860929,0.015478
20860930,0.15356
20861001,0.00054978
20861002,0.68747
20861003,1.8592
20861004,0.13912
20861005,0.64033
20861006,0
20861007,0.45563
20861008,4.4213
20861009,0.00031343
20861010,0.0028702
20861011,0
20861012,0.10895
20861013,0.095027
20861014,0.016798
20861015,0.00028211
20861016,0
20861017,0.0085324
20861018,0.022812
20861019,0.035886
20861020,5.9421
20861021,76.907
20861022,30.413
20861023,0.16495
20861024,0.29429
20861025,10.377
20861026,9.5676
20861027,0.00063107
20861028,11.771
20861029,0.1437
20861030,0.01571
20861031,2.9234
20861101,5.7476
20861102,3.9056
20861103,3.8037
20861104,1.4829
20861105,4.0507
20861106,6.76
20861107,0
20861108,0.0010402
20861109,0.87145
20861110,0.25304
20861111,0
20861112,0.0030403
20861113,0
20861114,0.018166
20861115,0.056545
20861116,71.559
20861117,7.8145
20861118,0.0076811
20861119,0
20861120,2.6874
20861121,3.5127
20861122,0.00068843
20861123,0.15049
20861124,0.033546
20861125,4.008e-07
20861126,0.00016072
20861127,0.0010537
20861128,0.00098892
20861129,0.00053283
20861130,0
20861201,0.21444
20861202,0.48903
20861203,0.0773
20861204,0.019079
20861205,0.0029543
20861206,0.23198
20861207,0.040988
20861208,0
20861209,0.011744
20861210,3.3617
20861211,0.47986
20861212,0.37816
20861213,0.16849
20861214,0.0007066
20861215,0.0052467
20861216,19.608
20861217,3.9969
20861218,2.8489
20861219,0.04445
20861220,0
20861221,0.09643
20861222,0.91373
20861223,0.00097417
20861224,8.3956e-05
20861225,6.8503e-08
20861226,1.274e-05
20861227,2.442
20861228,0.00076601
20861229,0.00043701
20861230,0
20861231,0.0010789
20870101,0.014623
20870102,0.019294
20870103,0.098014
20870104,0.1443
20870105,0
20870106,0.40756
20870107,0.00058386
20870108,0
20870109,0.0011953
20870110,0
20870111,0.015306
20870112,0.00020504
20870113,0
20870114,0.058616
20870115,0
20870116,0.00035369
20870117,0.0013699
20870118,0
20870119,0.57647
20870120,0.31342
20870121,0.61201
20870122,0.00077001
20870123,3.6403
20870124,20.162
20870125,14.349
20870126,0.44391
20870127,0
20870128,0.0021114
20870129,0.00069787
20870130,0.00095123
20870131,0
20870201,0
20870202,0
20870203,0.004668
20870204,0.66145
20870205,0.012406
20870206,0
20870207,0.67346
20870208,1.1617
20870209,0.074651
20870210,0
20870211,0.042627
20870212,0.029693
20870213,0.042377
20870214,0.49836
20870215,0.01141
20870216,0.00074046
20870217,1.2453
20870218,0
20870219,1.1253
20870220,13.051
20870221,0.09547
20870222,2.2266
20870223,30.833
20870224,0.22533
20870225,1.4713
20870226,1.4874
20870227,0.022391
20870228,0.0122
20870301,0
20870302,0.99661
20870303,1.169
20870304,1.2381
20870305,1.5088
20870306,0.28201
20870307,0
20870308,0
20870309,0.0011193
20870310,0.00039542
20870311,0
20870312,0.34318
20870313,0.0084019
20870314,0
20870315,0.14233
20870316,0.16028
20870317,0.0014001
20870318,0.014978
20870319,0
20870320,0.00035908
20870321,3.904
20870322,6.6159
20870323,1.1257
20870324,1.2492
20870325,0.033426
20870326,0
20870327,5.4375
20870328,0.0020277
20870329,5.2711
20870330,4.9531
20870331,1.5527
20870401,0.045783
20870402,0.47756
20870403,2.1993
20870404,0.78614
20870405,25.869
20870406,0.91262
20870407,0
20870408,0.0016422
20870409,0
20870410,0.48149
20870411,0.052292
20870412,0.66181
20870413,0.0014765
20870414,0
20870415,2.7762
20870416,1.0183
20870417,9.3965
20870418,4.3634
20870419,4.6027
20870420,1.2173
20870421,1.6693
20870422,0
20870423,0.16718
20870424,0.14183
20870425,0
20870426,0.0026776
20870427,4.8067
20870428,4.4181
20870429,0.62517
20870430,1.1481
20870501,0.00018237
20870502,9.6404e-05
20870503,0.089718
20870504,2.9846
20870505,0.12277
20870506,10.478
20870507,15.377
20870508,0.20997
20870509,0.00040846
20870510,0
20870511,0.69443
20870512,1.6355
20870513,0.85218
20870514,0
20870515,0
20870516,9.5134e-05
20870517,0.4756
20870518,10.745
20870519,1.8619
20870520,0
20870521,0.0062223
20870522,0.62025
20870523,0.00068492
20870524,0.50848
20870525,4.523
20870526,1.1547
20870527,0.0092041
20870528,0
20870529,0.00080963
20870530,1.5872
20870531,0.0030474
20870601,0.46804
20870602,0.00019263
20870603,0.0096306
20870604,0.0016526
20870605,0.042539
20870606,0.0020131
20870607,0
20870608,0.020783
20870609,0.021053
20870610,2.4337
20870611,5.1445
20870612,0.022027
20870613,1.9189
20870614,4.0383
20870615,5.1732
20870616,0.58557
20870617,0.92977
20870618,0.027247
20870619,0
20870620,0.01118
20870621,0.0053919
20870622,0.01617
20870623,0
20870624,17.572
20870625,7.2875
20870626,4.4446
20870627,7.6416
20870628,5.5478
20870629,6.105
20870630,4.2003
20870701,4.5151
20870702,10.481
20870703,5.7586
20870704,0.0024922
20870705,0.087812
20870706,4.6003
20870707,12.625
20870708,4.1986
20870709,0.68717
20870710,11.951
20870711,5.7839
20870712,1.9052
20870713,3.9577
20870714,0
20870715,2.4716
20870716,6.3624
20870717,8.5637
20870718,0.50309
20870719,1.6312
20870720,14.711
20870721,14.961
20870722,3.2868
20870723,0.22234
20870724,8.3378e-05
20870725,0.0093109
20870726,0.10861
20870727,4.1303
20870728,0.0076515
20870729,1.2123
20870730,7.2103
20870731,0.010436
20870801,1.4379
20870802,7.5253
20870803,0.037783
20870804,0.81915
20870805,6.4952
20870806,0
20870807,0
20870808,0.0017591
20870809,0.0095728
20870810,0.0040468
20870811,4.0366
20870812,0.0039103
20870813,1.3617
20870814,1.4766
20870815,2.0221e-05
20870816,0.0025706
20870817,0.00025942
20870818,1.6024
20870819,3.5437
20870820,0.41611
20870821,0.0024001
20870822,0.010072
20870823,2.0789
20870824,2.8927
20870825,0.64849
20870826,3.8083
20870827,2.3911
20870828,0
20870829,0.016128
20870830,0
20870831,0.00079466
20870901,0.0010059
20870902,0.0010452
20870903,0.0013738
20870904,0.0028723
20870905,0.33779
20870906,7.9532
20870907,7.5054
20870908,0
20870909,0.87399
20870910,0
20870911,0.667
20870912,7.9115
20870913,0.002824
20870914,0.00294
20870915,4.0586
20870916,0.42187
20870917,0.00096689
20870918,0.0019239
20870919,0.0077252
20870920,3.2635
20870921,0.026622
20870922,0.57401
20870923,0
20870924,0.0020917
20870925,0
20870926,5.5337
20870927,23.694
20870928,3.8099
20870929,0.0037863
20870930,0.013224
20871001,0
20871002,0
20871003,0
20871004,2.5897
20871005,67.194
20871006,3.4736
20871007,0
20871008,0.00062003
20871009,0.0059152
20871010,0.0038506
20871011,0.0037256
20871012,0.00087204
20871013,0
20871014,0
20871015,0
20871016,0.0089531
20871017,0.0049947
20871018,0.00022581
20871019,0.35565
20871020,0
20871021,0.011275
20871022,0.02429
20871023,0.67262
20871024,0.21458
20871025,0.98144
20871026,0.016305
20871027,0.057982
20871028,0.00071584
20871029,0.016133
20871030,0.93888
20871031,0.054659
20871101,0.035242
20871102,2.1176
20871103,0
20871104,0.0001707
20871105,1.4164
20871106,6.7176
20871107,1.7649
20871108,0.00018388
20871109,0.00077807
20871110,6.9182
20871111,13.174
20871112,0.0055641
20871113,0.61341
20871114,6.281
20871115,0.5381
20871116,20.527
20871117,6.6392
20871118,0.21132
20871119,0.36852
20871120,1.1766
20871121,20.511
20871122,18.114
20871123,15.729
20871124,0
20871125,0.07853
20871126,19.968
20871127,3.1394
20871128,0.96014
20871129,0
20871130,0.13455
20871201,1.0627
20871202,1.4638
20871203,0.64319
20871204,0.6379
20871205,0.86007
20871206,2.8345
20871207,1.0009
20871208,1.0647
20871209,0.56051
20871210,0.45927
20871211,0.074708
20871212,0.017475
20871213,3.1546
20871214,0.097254
20871215,0
20871216,0.0021349
20871217,0.038284
20871218,1.2933
20871219,0.041629
20871220,0.00031861
20871221,0.00031752
20871222,0
20871223,0
20871224,0.002486
20871225,0
20871226,0.0020341
20871227,0.0088542
20871228,0
20871229,0.0010161
20871230,1.1216
20871231,1.0506
20880101,8.9191
20880102,0.0058297
20880103,0
20880104,3.6442
20880105,0.12397
20880106,0.22603
20880107,0.28776
20880108,0.2136
20880109,0.23324
20880110,0.05659
20880111,0
20880112,0.0012242
20880113,3.8353
20880114,0
20880115,0.57052
20880116,0.00019885
20880117,0
20880118,0.14445
20880119,0.0059813
20880120,0.00092798
20880121,0.01762
20880122,8.1954
20880123,0.0022281
20880124,5.0004
20880125,0.0045684
20880126,0.18271
20880127,0.0096079
20880128,0.10149
20880129,1.2333e-07
20880130,0.00011272
20880131,5.8865e-06
20880201,0
20880202,0.19391
20880203,0
20880204,0
20880205,0.00041702
20880206,16.897
20880207,3.5179
20880208,0.00074253
20880209,0.57718
20880210,0.67155
20880211,5.6792
20880212,0.13783
20880213,0.53087
20880214,0.033328
20880215,0.33003
20880216,13.351
20880217,0.0061288
20880218,2.6357e-08
20880219,0.002295
20880220,0
20880221,0
20880222,0
20880223,1.0735e-09
20880224,0.042804
20880225,2.3178
20880226,0.067598
20880227,0
20880228,3.9698e-07
20880229,0.44564
20880301,0
20880302,0
20880303,0
20880304,0
20880305,0
20880306,0
20880307,0.0006933
20880308,0.098868
20880309,10.079
20880310,0.77563
20880311,0
20880312,14.059
20880313,4.0448
20880314,1.0033
20880315,0.18488
20880316,0
20880317,0.6372
20880318,1.5675
20880319,0.0014659
20880320,0
20880321,0
20880322,0.0030032
20880323,1.9054
20880324,0.00090765
20880325,0.00014834
20880326,0
20880327,0.0043935
20880328,0.076702
20880329,0.0085696
20880330,0
20880331,0.43094
20880401,0
20880402,0
20880403,0
20880404,0.025362
20880405,0.031306
20880406,0
20880407,0
20880408,0.00021709
20880409,0
20880410,0
20880411,0.00019604
20880412,0.03602
20880413,2.6266
20880414,0.08332
20880415,0
20880416,0.8703
20880417,0.0062791
20880418,0.063304
20880419,0.0017675
20880420,0
20880421,0.00085866
20880422,0
20880423,0
20880424,0
20880425,2.0147
20880426,0.42668
20880427,0.12189
20880428,0.0051928
20880429,0
20880430,2.1609e-05
20880501,0
20880502,0.0049621
20880503,0.0009127
20880504,0.18039
20880505,5.8633
20880506,0.001123
20880507,0.010392
20880508,0.0044447
20880509,0.032286
20880510,0.0011035
20880511,2.2038
20880512,2.2296
20880513,0.43017
20880514,2.1115
20880515,2.6413
20880516,3.847
20880517,0.0018045
20880518,0
20880519,0.052529
20880520,21.066
20880521,31.127
20880522,28.863
20880523,13.848
20880524,4.439
20880525,3.0854
20880526,2.5762
20880527,2.0981
20880528,10.631
20880529,7.4316
20880530,3.6209
20880531,2.3983
20880601,4.9099
20880602,6.018
20880603,16.157
20880604,0.041057
20880605,12.267
20880606,3.1865
20880607,2.059
20880608,0.001694
20880609,11.407
20880610,8.2994
20880611,4.1304
20880612,0.010772
20880613,0
20880614,1.7531
20880615,5.9356
20880616,2.382
20880617,0.023362
20880618,0.0020836
20880619,0
20880620,0.0061226
20880621,4.4047
20880622,0.050618
20880623,2.5107
20880624,5.8549
20880625,5.19
20880626,2.391
20880627,0
20880628,8.3333
20880629,4.403
20880630,9.8753
20880701,2.5479
20880702,3.5679
20880703,6.7112
20880704,3.3274
20880705,6.8747
20880706,0.80523
20880707,0.0034267
20880708,0.0029406
20880709,2.1315
20880710,6.5659
20880711,0.029478
20880712,0.0032668
20880713,0.60963
20880714,4.5381
20880715,0.68131
20880716,0
20880717,0.0024354
20880718,4.1636
20880719,6.7628
20880720,0
20880721,0.0084086
20880722,0.0011361
20880723,2.4127
20880724,7.4862
20880725,1.5384
20880726,0.29156
20880727,0.0037193
20880728,2.9575e-07
20880729,0
20880730,0.0099401
20880731,0
20880801,0.00090727
20880802,0.00054829
20880803,9.0782e-05
20880804,0.0032574
20880805,4.2383
20880806,0.016235
20880807,1.5916
20880808,0
20880809,0.009565
20880810,0
20880811,0.0016222
20880812,0.00236
20880813,0.0093621
20880814,0.22796
20880815,1.0295
20880816,7.9558
20880817,5.1512
20880818,2.4299
20880819,5.4653
20880820,0.31579
20880821,0.011843
20880822,0
20880823,0.00040216
20880824,0.016283
20880825,4.4614
20880826,0
20880827,0.021711
20880828,0
20880829,2.9937
20880830,0.014462
20880831,0.0023137
20880901,0.0021914
20880902,0.00098248
20880903,2.2284
20880904,0.057767
20880905,0.0014551
20880906,0.004505
20880907,0.0016697
20880908,0.00045828
20880909,0.0020618
20880910,0.003195
20880911,0
20880912,0
20880913,0.00079018
20880914,0.0069197
20880915,0.069921
20880916,1.2017
20880917,0.64383
20880918,3.7357
20880919,2.1133
20880920,1.5135
20880921,0.017322
20880922,0
20880923,0.014819
20880924,5.1364
20880925,9.6778
20880926,14.989
20880927,62.717
20880928,3.8012
20880929,0.0079045
20880930,0.035631
20881001,0.028176
20881002,0
20881003,0.001613
20881004,0.00024149
20881005,0.65404
20881006,8.7955
20881007,4.596
20881008,4.1532
20881009,0.44529
20881010,0
20881011,0.0017592
20881012,0.073447
20881013,0.006927
20881014,0.0073109
20881015,0
20881016,0
20881017,2.2683
20881018,44.35
20881019,4.1715
20881020,14.435
20881021,0.0056367
20881022,0
20881023,0
20881024,0.0044527
20881025,1.7327
20881026,0.13247
20881027,0.075433
20881028,0.0071299
20881029,0.0091401
20881030,0.34927
20881031,0.0055061
20881101,0.6179
20881102,3.4101
20881103,28.496
20881104,6.4431
20881105,0
20881106,0.72079
20881107,2.6654
20881108,0.55235
20881109,5.7155
20881110,5.8951
20881111,0.21535
20881112,0.0030411
20881113,5.5491
20881114,7.0355
20881115,0.11217
20881116,0
20881117,0.25169
20881118,0
20881119,2.6337
20881120,44.894
20881121,3.375
20881122,0
20881123,0.3015
20881124,0.54803
20881125,1.6285
20881126,0.93919
20881127,0.055744
20881128,0
20881129,0.0080655
20881130,0
20881201,0
20881202,0.5799
20881203,0.26928
20881204,0.0020105
20881205,0
20881206,20.36
20881207,12.494
20881208,0.2848
20881209,0.0041736
20881210,0.00014321
20881211,0
20881212,0.0010625
20881213,0.00072704
20881214,0.44292
20881215,0.11855
20881216,10.808
20881217,5.8063
20881218,0.0052302
20881219,0.014491
20881220,0.18417
20881221,0.0045899
20881222,0
20881223,0.0013407
20881224,0.0050384
20881225,1.7648
20881226,5.6565
20881227,9.9713
20881228,5.4563
20881229,12.276
20881230,0.019905
20881231,0.29626
20890101,14.648
20890102,7.1265
20890103,0.082788
20890104,0.37557
20890105,8.0958e-05
20890106,0
20890107,0
20890108,0.43942
20890109,0.00031516
20890110,0.00027361
20890111,0.000386
20890112,0.00070231
20890113,2.2094e-10
20890114,0.080168
20890115,2.5446
20890116,0.058737
20890117,0
20890118,0
20890119,0
20890120,2.1231e-08
20890121,0
20890122,0.0027961
20890123,0
20890124,0
20890125,0.00038182
20890126,1.6934
20890127,3.1015
20890128,0.19186
20890129,0.17277
20890130,0.024941
20890131,0.027711
20890201,0
20890202,0
20890203,2.1949
20890204,6.5287
20890205,5.0238
20890206,1.7976
20890207,1.9062
20890208,0
20890209,0.21673
20890210,4.5396
20890211,0.48783
20890212,0.014205
20890213,0
20890214,0.00099049
20890215,0.0009156
20890216,0
20890217,0.10292
20890218,0.030364
20890219,0
20890220,3.2393e-05
20890221,0.16751
20890222,0.00067104
20890223,0.11699
20890224,0.0023952
20890225,0
20890226,0.052859
20890227,1.1169
20890228,0
20890301,0.0015445
20890302,0
20890303,6.2481e-05
20890304,0.10331
20890305,0.051341
20890306,3.8965
20890307,0.68236
20890308,0.66514
20890309,0
20890310,0.51953
20890311,4.2663
20890312,5.0371
20890313,12.472
20890314,1.497
20890315,0.015806
20890316,0.51974
20890317,1.2783
20890318,0
20890319,0.43805
20890320,10.279
20890321,0.067792
20890322,2.8584
20890323,10.013
20890324,0
20890325,0.015439
20890326,0.65364
20890327,0.0044329
20890328,0.23823
20890329,1.0207
20890330,0.053762
20890331,0.00041175
20890401,0.54668
20890402,2.1922
20890403,0.097742
20890404,0.26771
20890405,0.2549
20890406,0.0008238
20890407,0
20890408,0.0016415
20890409,4.288
20890410,0.17665
20890411,0.00504
20890412,0.0011406
20890413,0.018982
20890414,2.5879e-11
20890415,8.1126e-06
20890416,0.0074297
20890417,0.0011447
20890418,0
20890419,0.0024443
20890420,0
20890421,0.0012126
20890422,0.03832
20890423,0
20890424,0.035022
20890425,6.8232
20890426,0.11681
20890427,0.0048027
20890428,2.8735
20890429,53.465
20890430,8.9896
20890501,0.064777
20890502,2.6095
20890503,0.10088
20890504,0.00035675
20890505,0.00061338
20890506,0.018724
20890507,0
20890508,0
20890509,0.00071798
20890510,0
20890511,0.0019546
20890512,0.00043559
20890513,0
20890514,0.024371
20890515,4.4548
20890516,0.017527
20890517,0.40207
20890518,0
20890519,5.5029
20890520,14.01
20890521,0.090671
20890522,1.4314
20890523,0
20890524,0.011785
20890525,0
20890526,0.10643
20890527,1.3897
20890528,7.3395
20890529,0.05435
20890530,1.0662
20890531,0.014951
20890601,0.06927
20890602,0
20890603,1.9764
20890604,6.9648
20890605,0
20890606,0.016579
20890607,0.025637
20890608,0
20890609,0.17482
20890610,0.17468
20890611,0.76083
20890612,1.8004
20890613,1.2328
20890614,0.60672
20890615,0
20890616,0.97596
20890617,8.4951
20890618,2.7627
20890619,3.2715
20890620,1.04
20890621,6.9439
20890622,7.6555
20890623,5.74
20890624,1.329
20890625,6.5312
20890626,0.028444
20890627,5.3407
20890628,2.3974
20890629,0.8453
20890630,4.2125
20890701,13.686
20890702,5.0977
20890703,3.4872
20890704,0.87793
20890705,12.492
20890706,4.8165
20890707,2.3423
20890708,1.0508
20890709,3.7476
20890710,17.611
20890711,0
20890712,0.0058233
20890713,0.00012322
20890714,0.0023717
20890715,0.0044658
20890716,0.040346
20890717,0.0669
20890718,1.2392
20890719,0.093894
20890720,1.3975
20890721,0.0067058
20890722,0.77736
20890723,0.023752
20890724,3.4418
20890725,3.2484
20890726,0.56298
20890727,0.96946
20890728,0.045968
20890729,0.001393
20890730,1.4232
20890731,6.4241
20890801,0.036685
20890802,0.0059624
20890803,0.0023888
20890804,4.1023e-05
20890805,0.0014628
20890806,0.0035351
20890807,0.0018969
20890808,0.00089058
20890809,2.7649
20890810,0.01027
20890811,0.008441
20890812,0.0021854
20890813,0.79688
20890814,1.0719
20890815,0.24718
20890816,1.9929
20890817,2.6891
20890818,2.8079e-05
20890819,0
20890820,0.01023
20890821,0.0054611
20890822,0.037703
20890823,0.078191
20890824,0.010637
20890825,0.0040824
20890826,0
20890827,0.0033107
20890828,4.9121
20890829,4.8727
20890830,1.3923
20890831,0
20890901,0
20890902,0
20890903,0.0015818
20890904,4.1195
20890905,8.0521
20890906,0.28206
20890907,2.3947
20890908,2.7215
20890909,0
20890910,2.5004
20890911,0.0078515
20890912,35.242
20890913,19.594
20890914,1.0676
20890915,0.71581
20890916,0
20890917,0.0051347
20890918,0.0047752
20890919,1.5297
20890920,8.2466
20890921,10.374
20890922,3.7509
20890923,0
20890924,0.45495
20890925,13.823
20890926,0.19005
20890927,0.88413
20890928,1.2301
20890929,19.099
20890930,0.18427
20891001,3.1664
20891002,0.00014464
20891003,0.13841
20891004,3.1153
20891005,0.066919
20891006,0
20891007,0.071374
20891008,14.049
20891009,0.0017727
20891010,0.01172
20891011,3.9789
20891012,0.094113
20891013,0.040605
20891014,0.0020707
20891015,0.62
20891016,1.1289
20891017,1.0777
20891018,2.7791
20891019,0.003161
20891020,0.0081998
20891021,0
20891022,0.01193
20891023,0.034842
20891024,0
20891025,0.40786
20891026,0.004018
20891027,0
20891028,0.0079795
20891029,0.94153
20891030,10.768
20891031,16.659
20891101,90.116
20891102,5.4174
20891103,0.047023
20891104,0.01615
20891105,0.0014442
20891106,0.01435
20891107,1.9705
20891108,0.0026148
20891109,0.076238
20891110,0.0024309
20891111,0
20891112,1.8536
20891113,14.658
20891114,10.027
20891115,8.0708
20891116,25.177
20891117,15.545
20891118,26.93
20891119,20.93
20891120,3.7427
20891121,11.745
20891122,3.1856
20891123,1.2304
20891124,2.6943
20891125,17.642
20891126,0.42398
20891127,2.7007
20891128,0.024216
20891129,0.0020284
20891130,0.10394
20891201,0.26375
20891202,3.7104e-06
20891203,6.8147e-05
20891204,0.00053698
20891205,0.00072071
20891206,1.0736
20891207,13.773
20891208,9.4218
20891209,11.233
20891210,3.484
20891211,13.599
20891212,0.16459
20891213,6.0327
20891214,0.52525
20891215,0.0023354
20891216,0
20891217,0.0015416
20891218,2.9283
20891219,0.00021834
20891220,0.0021536
20891221,0.011995
20891222,0.00040981
20891223,1.7289
20891224,0.17411
20891225,0.27201
20891226,1.7665
20891227,0.91602
20891228,0.037506
20891229,0.022163
20891230,0.93753
20891231,15.123
20900101,17.036
20900102,16.944
20900103,16.574
20900104,14.642
20900105,0.11953
20900106,2.0719
20900107,14.121
20900108,11.394
20900109,0.25816
20900110,4.8622e-08
20900111,2.2373e-08
20900112,4.2617e-06
20900113,0
20900114,0.0039473
20900115,0
20900116,0
20900117,0.023387
20900118,3.234
20900119,0.040341
20900120,0.10215
20900121,0.0025491
20900122,0
20900123,0.0016536
20900124,2.3031
20900125,46.75
20900126,2.0905
20900127,0.00069643
20900128,0
20900129,6.1125e-07
20900130,0.0013844
20900131,0
20900201,0.0003991
20900202,0.22394
20900203,0.1245
20900204,0
20900205,0.02231
20900206,0.14253
20900207,0
20900208,0.0001594
20900209,0
20900210,0
20900211,0
20900212,0.00079484
20900213,0.00015885
20900214,0
20900215,0.00047104
20900216,0.0011336
20900217,0
20900218,0.0015631
20900219,0
20900220,0
20900221,0.12402
20900222,1.1466
20900223,0.68594
20900224,0.5607
20900225,26.6
20900226,0.84252
20900227,0.00017496
20900228,2.0509
20900301,0
20900302,0.12157
20900303,0.36838
20900304,1.1356
20900305,0.06478
20900306,2.2948
20900307,0.27535
20900308,1.7362
20900309,28.036
20900310,0.66598
20900311,0.0025769
20900312,0.36226
20900313,1.5598
20900314,0
20900315,1.9154
20900316,2.2107
20900317,2.1874
20900318,10.209
20900319,6.0425
20900320,0.24913
20900321,2.2812
20900322,1.7596
20900323,2.3097
20900324,1.8239
20900325,1.2897
20900326,0.51719
20900327,4.32
20900328,0.52631
20900329,0.32376
20900330,6.0367
20900331,0.14829
20900401,0.4599
20900402,0
20900403,0
20900404,8.8727
20900405,2.8537
20900406,10.778
20900407,2.1095
20900408,0.079319
20900409,0.85418
20900410,1.4877
20900411,0.22894
20900412,3.2713
20900413,4.7795
20900414,0.19436
20900415,0.031195
20900416,0.0021132
20900417,0
20900418,0
20900419,0.0022327
20900420,0
20900421,0.0023993
20900422,1.9311
20900423,0.00092164
20900424,0.0047437
20900425,0
20900426,0.0019962
20900427,0
20900428,0.0037121
20900429,0
20900430,0.020028
20900501,5.8544
20900502,1.1466
20900503,0.373
20900504,1.1421
20900505,0.061434
20900506,11.497
20900507,7.226
20900508,0.051143
20900509,0.014638
20900510,0.040808
20900511,3.8437
20900512,0.081047
20900513,0.0038834
20900514,0
20900515,0.01654
20900516,0.0017851
20900517,0.018218
20900518,2.0007
20900519,0.029421
20900520,1.1221
20900521,0.38927
20900522,9.1828
20900523,3.2619
20900524,0
20900525,0.0032061
20900526,0.0066073
20900527,0.0080203
20900528,0
20900529,2.4377
20900530,0.0034212
20900531,0.12987
20900601,8.7036
20900602,0.0019619
20900603,2.2728
20900604,0
20900605,0.22829
20900606,0.5024
20900607,1.4627
20900608,5.3062
20900609,1.1397
20900610,9.4875
20900611,11.713
20900612,7.5212
20900613,5.6084
20900614,0.0028879
20900615,0.00085045
20900616,1.3444
20900617,0.010274
20900618,0
20900619,8.5756
20900620,7.8936
20900621,3.2452
20900622,0
20900623,2.1274
20900624,1.888
20900625,8.1879
20900626,0.0041088
20900627,0.010917
20900628,0
20900629,3.4199
20900630,0.27115
20900701,0.0039478
20900702,0.0052229
20900703,0.0059958
20900704,0.0034106
20900705,3.0478
20900706,4.9334
20900707,0.0035993
20900708,0.015485
20900709,0.53476
20900710,0.35439
20900711,2.2676
20900712,0.0070166
20900713,0.0076862
20900714,4.4976
20900715,2.027e-05
20900716,0.0025921
20900717,0.057419
20900718,0.36873
20900719,5.4993
20900720,4.8295
20900721,0.0059263
20900722,1.6812
20900723,0.82168
20900724,1.8748
20900725,2.7429
20900726,1.756
20900727,0.0069637
20900728,0.13956
20900729,7.1348
20900730,0.67852
20900731,2.4635
20900801,1.4
20900802,0.086181
20900803,8.0899
20900804,0.32104
20900805,0.0030614
20900806,0.002947
20900807,0
20900808,1.3651
20900809,1.3461
20900810,5.6554
20900811,4.0066
20900812,1.9206
20900813,0.045944
20900814,0.048464
20900815,2.9512
20900816,0.0021958
20900817,0.0026021
20900818,0.0062135
20900819,0
20900820,0.006216
20900821,0.045417
20900822,4.4633
20900823,0.0041924
20900824,0.69512
20900825,0.0008269
20900826,0.0087679
20900827,0.0079157
20900828,0
20900829,0.0033667
20900830,0.0040383
20900831,0.0050648
20900901,0.0030464
20900902,0.0026739
20900903,0.0026361
20900904,0.11051
20900905,0.0031645
20900906,0.0048961
20900907,0.00020825
20900908,0.0055208
20900909,0.0034439
20900910,3.5554
20900911,4.7785
20900912,4.986
20900913,0.00094801
20900914,4.5277
20900915,7.7477
20900916,3.8665
20900917,2.1673
20900918,0.0083101
20900919,0
20900920,0.001495
20900921,0.0031658
20900922,0.012997
20900923,0.011963
20900924,14.322
20900925,0.010481
20900926,0.0055192
20900927,0.0017488
20900928,0.0077064
20900929,0
20900930,0
20901001,0
20901002,2.5278
20901003,0.23055
20901004,0.0028094
20901005,0.0019656
20901006,0
20901007,0.0005095
20901008,0
20901009,0
20901010,0.92371
20901011,3.2417
20901012,4.1542
20901013,0
20901014,0
20901015,0.0031949
20901016,3.2345
20901017,4.6893
20901018,56.136
20901019,22.576
20901020,0.12227
20901021,1.0682
20901022,0.071705
20901023,0
20901024,0
20901025,0.0046228
20901026,24.851
20901027,63.556
20901028,0.0088408
20901029,0.0046175
20901030,0.0056253
20901031,0
20901101,0
20901102,0
20901103,0
20901104,0
20901105,0
20901106,0
20901107,0.010728
20901108,0.29215
20901109,0.010174
20901110,1.5233
20901111,0.066455
20901112,2.5465
20901113,0
20901114,0.023088
20901115,0
20901116,0.0064791
20901117,3.1912
20901118,2.3135
20901119,0
20901120,0.065179
20901121,0.015293
20901122,0.34932
20901123,0
20901124,2.5219
20901125,0.004078
20901126,5.3398e-07
20901127,0.0033013
20901128,6.9895e-05
20901129,0
20901130,0
20901201,0.17163
20901202,0.19674
20901203,0.049189
20901204,0.00028538
20901205,0.18865
20901206,0.29045
20901207,0.95505
20901208,0.022692
20901209,0
20901210,0.0035728
20901211,0.00066627
20901212,0
20901213,0.0011639
20901214,0
20901215,0.034078
20901216,0.44989
20901217,0.089553
20901218,0.91805
20901219,0
20901220,0
20901221,0.19124
20901222,0.060287
20901223,0.028943
20901224,0.94023
20901225,7.8016
20901226,61.744
20901227,24.779
20901228,4.9179
20901229,0.46445
20901230,0.10458
20901231,8.7475e-06
20910101,0
20910102,0.14848
20910103,0.069629
20910104,0.028619
20910105,13.79
20910106,3.8685
20910107,0
20910108,3.0936
20910109,2.8709
20910110,1.6437
20910111,0.49544
20910112,0
20910113,0.018962
20910114,0.46999
20910115,0
20910116,0.0041927
20910117,0
20910118,0.0012201
20910119,8.3821
20910120,3.0712
20910121,0.15934
20910122,0.0080705
20910123,0.14013
20910124,0.074971
20910125,0.02785
20910126,1.8709
20910127,8.7196
20910128,2.8554
20910129,1.9506
20910130,0.70354
20910131,0.0017141
20910201,0
20910202,0.087066
20910203,0.016123
20910204,0.15732
20910205,4.3502e-05
20910206,0.00057498
20910207,0.00042859
20910208,0.0016548
20910209,0.0019424
20910210,0.13584
20910211,0.025729
20910212,0.32956
20910213,0.010546
20910214,0.081355
20910215,0.0015984
20910216,0.0018204
20910217,0
20910218,0.63612
20910219,0
20910220,8.3553e-08
20910221,2.3266e-08
20910222,0.0017875
20910223,0
20910224,0.0038237
20910225,1.0101
20910226,1.0272
20910227,14.319
20910228,0.85298
20910301,0.055925
20910302,0
20910303,0.00017162
20910304,0.00016258
20910305,0.19921
20910306,0.0029521
20910307,0.31671
20910308,0
20910309,0.00069302
20910310,1.1767
20910311,0.3906
20910312,0.48037
20910313,0
20910314,0.00039532
20910315,0
20910316,0.1185
20910317,0.021804
20910318,3.0189
20910319,12.407
20910320,0.95631
20910321,0.76592
20910322,2.2604
20910323,11.951
20910324,10.359
20910325,0.011204
20910326,4.1303
20910327,2.8358
20910328,3.2131
20910329,0
20910330,0.23659
20910331,0.032739
20910401,0.0030646
20910402,0
20910403,0.00027955
20910404,5.6298e-05
20910405,4.7554e-06
20910406,0.0061389
20910407,2.8516
20910408,0.83631
20910409,0.0022866
20910410,0.0011071
20910411,3.5086
20910412,2.3787
20910413,0.20581
20910414,0.0028196
20910415,0.26284
20910416,1.6631
20910417,0.0076249
20910418,0.0011613
20910419,2.1406
20910420,0
20910421,0.40081
20910422,0
20910423,0.0013842
20910424,0
20910425,0.0045257
20910426,0.12903
20910427,7.4974
20910428,0.073104
20910429,0.0061721
20910430,0
20910501,0
20910502,0.00067494
20910503,0.0015821
20910504,0.00045821
20910505,0.00036901
20910506,6.3525e-05
20910507,0.0011334
20910508,0.0014375
20910509,0.0003795
20910510,1.7753e-09
20910511,1.2393e-05
20910512,4.6124
20910513,5.0116
20910514,7.5693e-09
20910515,0.0085211
20910516,0.0035192
20910517,0.78591
20910518,0.039188
20910519,0.42348
20910520,0.0031749
20910521,0
20910522,0
20910523,0.0092874
20910524,4.2733
20910525,0.0035353
20910526,0
20910527,0.0019791
20910528,1.049
20910529,0
20910530,0.018708
20910531,0
20910601,0.0025352
20910602,0.007053
20910603,7.3383
20910604,0
20910605,0.10102
20910606,2.387
20910607,0.29366
20910608,0
20910609,0.23723
20910610,5.7766
20910611,5.6447
20910612,11.746
20910613,1.4086
20910614,0.97627
20910615,3.7709
20910616,8.3842
20910617,20.122
20910618,30.964
20910619,67.867
20910620,8.7378
20910621,7.0982
20910622,9.9388
20910623,5.1783
20910624,7.6101
20910625,5.9332
20910626,7.9424
20910627,0.78743
20910628,0
20910629,3.7079
20910630,0.01545
20910701,5.485
20910702,14.774
20910703,5.5469
20910704,3.8163
20910705,0.88198
20910706,0.0018583
20910707,0.022276
20910708,1.2956
20910709,0.63347
20910710,0.0048128
20910711,0.0047781
20910712,0.0052653
20910713,0.18188
20910714,0.00071826
20910715,0
20910716,0.0088555
20910717,0
20910718,0.04309
20910719,0
20910720,0
20910721,0.0029794
20910722,0
20910723,0.0020139
20910724,0.0089528
20910725,0
20910726,0.8984
20910727,0.0043181
20910728,0.011042
20910729,0
20910730,0.84715
20910731,2.2074
20910801,0.00034872
20910802,0.0013859
20910803,0.00087042
20910804,0.00079516
20910805,0.0019514
20910806,0.95768
20910807,0.00015681
20910808,2.7081
20910809,12.702
20910810,4.7424
20910811,0.011031
20910812,0.056747
20910813,0.021116
20910814,2.3989
20910815,3.6815
20910816,0.0011199
20910817,0.0063209
20910818,0
20910819,0.003111
20910820,0
20910821,0.0094787
20910822,0.036238
20910823,0.0020158
20910824,2.3138
20910825,0
20910826,0.010357
20910827,0
20910828,0.011351
20910829,0.19006
20910830,4.0141
20910831,3.4299
20910901,2.1731
20910902,5.4016
20910903,4.5543
20910904,3.3523
20910905,2.865
20910906,0.0030426
20910907,0.00095495
20910908,0.0097769
20910909,6.5057
20910910,4.7693
20910911,3.7061
20910912,0.0047642
20910913,5.9603
20910914,0.039826
20910915,0.010479
20910916,0
20910917,2.6518
20910918,0.17631
20910919,38.971
20910920,3.2871
20910921,2.4101
20910922,2.4933
20910923,0.018109
20910924,5.9063
20910925,1.362
20910926,0.35358
20910927,0.40928
20910928,0.011692
20910929,0.13354
20910930,5.0935
20911001,2.9608
20911002,2.9793
20911003,0
20911004,0.00099075
20911005,0.027335
20911006,0.44332
20911007,0.24561
20911008,0.0081277
20911009,0.00051903
20911010,2.0819
20911011,0.022997
20911012,2.5738e-07
20911013,5.0668e-06
20911014,0.22738
20911015,10.143
20911016,1.0827
20911017,4.1812
20911018,2.6867
20911019,1.4376
20911020,2.3212
20911021,0
20911022,0.166
20911023,0
20911024,0.0026915
20911025,0
20911026,0
20911027,0.0033212
20911028,0.011497
20911029,0.0051982
20911030,0
20911031,0
20911101,0
20911102,0
20911103,1.5463
20911104,1.7053
20911105,0.056254
20911106,0.0016097
20911107,0.018093
20911108,0.0074229
20911109,0.045175
20911110,0.3779
20911111,0
20911112,0.0010374
20911113,0.0016872
20911114,0.00028571
20911115,0
20911116,0.43722
20911117,0.00044257
20911118,1.148
20911119,0.40888
20911120,5.071
20911121,0.0020403
20911122,0.030366
20911123,0
20911124,5.5227
20911125,24.97
20911126,0
20911127,0.0028517
20911128,0
20911129,0.025579
20911130,0
20911201,0
20911202,0
20911203,0
20911204,0
20911205,0
20911206,0
20911207,0.13499
20911208,2.4757
20911209,0
20911210,0
20911211,0.0032096
20911212,0.018919
20911213,5.8148
20911214,9.006
20911215,0
20911216,0.00035518
20911217,0.0053588
20911218,0.081559
20911219,0.045539
20911220,0
20911221,0.59017
20911222,0.2862
20911223,9.6413
20911224,0.1129
20911225,1.4705
20911226,3.9591
20911227,0.19009
20911228,0.0018774
20911229,0
20911230,0.057961
20911231,0.0021167
20920101,0.11131
20920102,0.36906
20920103,0.33035
20920104,0.023727
20920105,1.9701
20920106,1.4267
20920107,5.6901
20920108,0.4801
20920109,0.00086363
20920110,0
20920111,0.8088
20920112,0.21108
20920113,0.0016611
20920114,0
20920115,8.3643e-07
20920116,0.00097512
20920117,6.9323
20920118,39.616
20920119,0.48918
20920120,0.10095
20920121,0.0022409
20920122,0.34018
20920123,0.62417
20920124,1.3698
20920125,0.042389
20920126,0.44786
20920127,0.00090212
20920128,0
20920129,0.0029434
20920130,0
20920131,0.27765
20920201,0.1403
20920202,0
20920203,0.84226
20920204,0.12731
20920205,0.083338
20920206,0.032147
20920207,0.11964
20920208,4.5467e-05
20920209,0
20920210,0.00069522
20920211,0.050535
20920212,0.00029988
20920213,0.087258
20920214,2.8387
20920215,2.3897
20920216,5.4945
20920217,0.74672
20920218,2.9892e-05
20920219,0
20920220,0.0015432
20920221,0
20920222,0.00010644
20920223,2.5136
20920224,0.97966
20920225,0.70718
20920226,0.0020448
20920227,0.06222
20920228,0.1287
20920229,0
20920301,0.077199
20920302,0.19107
20920303,3.7433e-06
20920304,0
20920305,0
20920306,0.0052825
20920307,5.1727e-10
20920308,0.00045995
20920309,0.00054609
20920310,0.0003109
20920311,0
20920312,0.00029071
20920313,0
20920314,0.50321
20920315,0.021659
20920316,0.17321
20920317,1.3767
20920318,41.995
20920319,33.566
20920320,18.916
20920321,2.4607
20920322,0.048131
20920323,1.5167
20920324,0.019105
20920325,0.11358
20920326,0.031625
20920327,0.022098
20920328,0.0019018
20920329,0
20920330,0.40373
20920331,7.0688
20920401,0.014521
20920402,0.0058577
20920403,0.0028235
20920404,2.3762
20920405,1.0046
20920406,0.03047
20920407,1.9774
20920408,0.00085178
20920409,0.00015153
20920410,0.55788
20920411,0.05178
20920412,0.012851
20920413,2.3059
20920414,1.1943
20920415,0.65011
20920416,0.0053325
20920417,0.64792
20920418,0.022897
20920419,4.6004
20920420,9.6561
20920421,0.20517
20920422,0.94126
20920423,1.6559
20920424,0.066002
20920425,1.2481
20920426,2.4357
20920427,0.78126
20920428,1.4484
20920429,0
20920430,6.2804e-06
20920501,0.43634
20920502,7.2866
20920503,7.4394
20920504,6.8483
20920505,0.54315
20920506,0.0056336
20920507,3.2568
20920508,1.7906
20920509,0.58977
20920510,0
20920511,0
20920512,0.40579
20920513,0
20920514,12.044
20920515,6.4486
20920516,0.84273
20920517,13.495
20920518,12.064
20920519,9.2558
20920520,12.699
20920521,3.1333
20920522,4.1655
20920523,0.5117
20920524,0.97844
20920525,0.61149
20920526,0.017904
20920527,2.7731
20920528,0.0036306
20920529,0.29161
20920530,5.0161
20920531,0
20920601,9.5668
20920602,1.0569
20920603,0.0024251
20920604,0
20920605,4.9191
20920606,1.1262
20920607,3.2928
20920608,1.2287
20920609,0.85562
20920610,4.013
20920611,8.3539
20920612,5.5382
20920613,8.1686
20920614,1.5066
20920615,9.2015
20920616,6.0569
20920617,0.00068309
20920618,5.6112
20920619,4.6505
20920620,5.9493
20920621,0.11433
20920622,5.8885
20920623,14.496
20920624,3.129
20920625,0.63012
20920626,0.73295
20920627,16.28
20920628,11.48
20920629,7.4363
20920630,4.3224
20920701,6.5991
20920702,2.7449
20920703,1.3462
20920704,0
20920705,0.18602
20920706,3.7614
20920707,0
20920708,0.0059144
20920709,0
20920710,0.83349
20920711,0
20920712,3.3163
20920713,2.5022
20920714,0.23076
20920715,1.2312
20920716,1.3235
20920717,9.1408e-05
20920718,0.027341
20920719,0.99656
20920720,1.5805
20920721,6.1798
20920722,0.67678
20920723,0.72787
20920724,3.17
20920725,2.7567
20920726,2.3295
20920727,0.0032762
20920728,0
20920729,0.46546
20920730,0.011496
20920731,0.0061355
20920801,2.7602
20920802,3.9268
20920803,0.5394
20920804,0.011304
20920805,3.2457
20920806,5.3827
20920807,5.5762
20920808,1.8047
20920809,0.89526
20920810,3.1233
20920811,10.09
20920812,8.8229
20920813,1.6759
20920814,2.9747
20920815,3.7166
20920816,0.092985
20920817,11.683
20920818,1.2381
20920819,3.1363
20920820,4.3172
20920821,0
20920822,0.0030557
20920823,0.72842
20920824,1.1143
20920825,0
20920826,0.0014662
20920827,0.0041087
20920828,0.0038678
20920829,0.39657
20920830,0.87755
20920831,0.46716
20920901,1.7056
20920902,9.5419
20920903,0.0026916
20920904,4.4969
20920905,2.5693
20920906,4.9525
20920907,2.265
20920908,2.1253
20920909,0.0019221
20920910,0
20920911,0.017458
20920912,2.3897
20920913,2.3477
20920914,4.4756
20920915,4.1938
20920916,3.0927
20920917,5.6013
20920918,3.0224
20920919,1.1696
20920920,0.9519
20920921,1.2232
20920922,5.2152
20920923,3.4622
20920924,0.50439
20920925,4.5105
20920926,12.403
20920927,6.0298
20920928,0.72965
20920929,0.054154
20920930,1.0728
20921001,0.00035008
20921002,8.5027
20921003,7.7054
20921004,17.214
20921005,8.2983
20921006,0.44189
20921007,10.051
20921008,9.1083
20921009,6.0076
20921010,10.302
20921011,3.7882
20921012,0.0075605
20921013,0.31407
20921014,26.561
20921015,14.883
20921016,0.01244
20921017,8.1064
20921018,7.0445
20921019,1.808
20921020,0
20921021,1.2074
20921022,8.0811
20921023,0.00071844
20921024,0
20921025,0
20921026,0.011306
20921027,0.00095034
20921028,0
20921029,0.0034251
20921030,0.03172
20921031,0
20921101,0.11452
20921102,1.9881
20921103,0.067414
20921104,0.00081274
20921105,2.9774
20921106,14.542
20921107,0.30532
20921108,2.5132
20921109,3.8975
20921110,5.455
20921111,20.782
20921112,13.794
20921113,2.1464
20921114,5.3499
20921115,8.1649
20921116,0
20921117,0.012166
20921118,0
20921119,0.0021007
20921120,6.3443
20921121,3.0608
20921122,0.98285
20921123,0.34214
20921124,3.9006
20921125,0.0021205
20921126,1.9855e-07
20921127,9.5677e-07
20921128,0.0032405
20921129,0
20921130,0.00022756
20921201,0
20921202,0
20921203,0
20921204,0.15567
20921205,1.5821
20921206,0.0095232
20921207,1.3671
20921208,0.0018996
20921209,0.00090733
20921210,0.83462
20921211,0
20921212,0.00078059
20921213,0.0013637
20921214,0.0019504
20921215,0
20921216,0
20921217,0.00021055
20921218,0.0033439
20921219,0.032137
20921220,0.75431
20921221,1.1581
20921222,1.6505
20921223,2.359
20921224,4.151
20921225,0.032811
20921226,0
20921227,0.0019183
20921228,5.674
20921229,0.038249
20921230,0.37371
20921231,0
20930101,0.62008
20930102,3.6105
20930103,3.9361
20930104,11.877
20930105,0.051285
20930106,1.8266
20930107,0.010419
20930108,0.32044
20930109,1.8803
20930110,18.881
20930111,0.0015667
20930112,0
20930113,0.0017405
20930114,9.1107
20930115,6.0714
20930116,8.2766e-10
20930117,0.88164
20930118,38.942
20930119,1.2584
20930120,0.037709
20930121,0
20930122,0.10175
20930123,9.2863
20930124,4.6178
20930125,0.32975
20930126,0.059102
20930127,0.15367
20930128,0.13574
20930129,0.0028605
20930130,0.00071889
20930131,1.0437
20930201,0.089253
20930202,0
20930203,2.7201
20930204,6.3891
20930205,1.262
20930206,26.958
20930207,0.28663
20930208,0.68266
20930209,7.706
20930210,1.6621
20930211,0.0012374
20930212,4.3499
20930213,0.026403
20930214,0.045146
20930215,62.683
20930216,0.36239
20930217,24.235
20930218,14.162
20930219,3.3081
20930220,3.8907
20930221,5.0796
20930222,0.3087
20930223,0
20930224,0.0013169
20930225,0.097643
20930226,2.9099
20930227,4.3939
20930228,1.3665
20930301,0.00083407
20930302,10.615
20930303,1.9092
20930304,5.7842
20930305,5.7348
20930306,12.763
20930307,66.728
20930308,12.512
20930309,0.26676
20930310,0.51923
20930311,0
20930312,9.9221
20930313,4.7064
20930314,0.85857
20930315,0.1184
20930316,2.8879
20930317,1.5636
20930318,0
20930319,3.1244
20930320,0.00029068
20930321,0.60134
20930322,1.7355
20930323,5.2108
20930324,1.2811
20930325,0
20930326,0.033207
20930327,0.0079057
20930328,0.074888
20930329,0.0099911
20930330,0.0065045
20930331,0.16467
20930401,0.72371
20930402,0.00081875
20930403,0
20930404,0
20930405,1.1387e-05
20930406,24.596
20930407,0
20930408,0.050677
20930409,1.592
20930410,52.841
20930411,0.36754
20930412,1.8346
20930413,0
20930414,0.037657
20930415,0.19371
20930416,0.0096361
20930417,0.0011257
20930418,5.7349
20930419,10.962
20930420,4.9283
20930421,4.2698
20930422,0.74107
20930423,0.62432
20930424,3.8149
20930425,0.23906
20930426,0.010373
20930427,1.716
20930428,0.0020403
20930429,0.00039349
20930430,0.76097
20930501,0.0011086
20930502,0.23328
20930503,2.3463
20930504,0.0085135
20930505,0.029572
20930506,4.5014
20930507,0.64078
20930508,2.1654
20930509,0.33454
20930510,0.045385
20930511,0
20930512,0.0017394
20930513,0
20930514,0.016632
20930515,0.019398
20930516,1.6828e-06
20930517,1.7575
20930518,0.33464
20930519,1.0676
20930520,0.014368
20930521,0
20930522,11.465
20930523,13.754
20930524,13.567
20930525,6.4182
20930526,0
20930527,0.020541
20930528,0.011039
20930529,2.9167
20930530,0.021379
20930531,0.30013
20930601,4.6476
20930602,0.36032
20930603,0.0013722
20930604,0.96157
20930605,1.8967
20930606,4.5423
20930607,2.0998
20930608,6.1857
20930609,8.6173
20930610,5.1663
20930611,3.2566
20930612,3.5133
20930613,3.9985
20930614,1.4698
20930615,0
20930616,3.7987
20930617,0.00011035
20930618,0
20930619,0
20930620,0.01002
20930621,3.1799
20930622,4.4648
20930623,2.3136
20930624,0
20930625,0.0028857
20930626,0
20930627,0.0048719
20930628,0.00070397
20930629,0.29291
20930630,0.79416
20930701,0.0036767
20930702,0.0036768
20930703,0.0020562
20930704,0.090243
20930705,13.386
20930706,0.97602
20930707,0.53814
20930708,0.003129
20930709,4.7409
20930710,0.37361
20930711,0.029074
20930712,5.0948
20930713,0.051395
20930714,0.31889
20930715,0
20930716,0.0076326
20930717,1.5356
20930718,0.010321
20930719,1.4604
20930720,3.4849
20930721,0
20930722,0.0041523
20930723,0.002405
20930724,0.0076222
20930725,0.0072396
20930726,7.6517
20930727,3.5105
20930728,0
20930729,0
20930730,0.014789
20930731,0
20930801,0.0036744
20930802,2.1246
20930803,0.15252
20930804,0.58325
20930805,0.00023095
20930806,1.9005
20930807,0.00023996
20930808,0
20930809,0.002079
20930810,1.8491
20930811,0.44754
20930812,0.0059199
20930813,0.0056055
20930814,0.010196
20930815,0.00011873
20930816,1.2429
20930817,1.6155
20930818,1.5321
20930819,6.7849
20930820,7.2962
20930821,15.809
20930822,43.453
20930823,2.8521
20930824,1.6412
20930825,3.3752
20930826,2.6051
20930827,8.0657
20930828,11.443
20930829,2.2721
20930830,0.0066495
20930831,0
20930901,0.00093784
20930902,0.20487
20930903,3.3476
20930904,1.3874
20930905,0.0023015
20930906,0.05805
20930907,2.7393
20930908,3.426
20930909,0.40199
20930910,0
20930911,6.8342
20930912,11.024
20930913,27.197
20930914,1.9454
20930915,0.08132
20930916,0.85307
20930917,0
20930918,0.0080494
20930919,0.0075392
20930920,0
20930921,12.699
20930922,16.032
20930923,0.91085
20930924,0.00192
20930925,0.01282
20930926,0.3166
20930927,17.619
20930928,28.509
20930929,4.6559
20930930,4.0106
20931001,4.7179
20931002,5.7723
20931003,14.176
20931004,9.1082
20931005,9.3819
20931006,34.295
20931007,10.338
20931008,0.092707
20931009,0.2039
20931010,0.068162
20931011,0.55829
20931012,7.2509
20931013,0.80976
20931014,0.30869
20931015,1.8091
20931016,0.0068883
20931017,0.00011795
20931018,4.6648e-05
20931019,0
20931020,0
20931021,0
20931022,0.00018403
20931023,0.3375
20931024,1.9926
20931025,2.0121
20931026,0.70825
20931027,0.014351
20931028,0
20931029,0.0074511
20931030,0
20931031,0.0071933
20931101,2.034
20931102,2.046
20931103,4.0629
20931104,0
20931105,0.65212
20931106,3.1249
20931107,6.8138
20931108,7.4455
20931109,9.6685e-05
20931110,0.0057849
20931111,0.00055988
20931112,1.8043
20931113,11.335
20931114,3.1185
20931115,0.0012843
20931116,1.803
20931117,0
20931118,0
20931119,0.00092398
20931120,0
20931121,0
20931122,0.0053292
20931123,0
20931124,0.00047882
20931125,0.00015678
20931126,0.014912
20931127,0.0041694
20931128,0.018927
20931129,0.0011813
20931130,0.00039314
20931201,0
20931202,0
20931203,0
20931204,0
20931205,0.0556
20931206,0.001779
20931207,0
20931208,0.00076888
20931209,0.61575
20931210,0.19875
20931211,0
20931212,0.0010638
20931213,2.2193
20931214,0.98619
20931215,0.00033118
20931216,0.20409
20931217,0
20931218,0
20931219,0
20931220,0.0018262
20931221,0
20931222,0.032484
20931223,0.0011443
20931224,0.096775
20931225,0.0095146
20931226,2.1019
20931227,3.8529
20931228,1.2635
20931229,0.016668
20931230,0.030821
20931231,0.54365
20940101,0.57723
20940102,0.058037
20940103,0.028064
20940104,0
20940105,0.0043366
20940106,1.1561e-05
20940107,0.00016078
20940108,0
20940109,0.00040871
20940110,0.00084414
20940111,0
20940112,0.052389
20940113,0.12269
20940114,0.21004
20940115,1.5305
20940116,0.20041
20940117,1.4896
20940118,2.0002
20940119,0.91599
20940120,0.90368
20940121,0.01211
20940122,1.5481e-05
20940123,0
20940124,3.7105e-05
20940125,0
20940126,0.003212
20940127,0
20940128,0.013919
20940129,0
20940130,0
20940131,0
20940201,0
20940202,0
20940203,0
20940204,11.241
20940205,19.373
20940206,0.38725
20940207,0.0081636
20940208,4.6245
20940209,1.0856
20940210,0.0070258
20940211,1.0628
20940212,0.53177
20940213,0
20940214,0.47695
20940215,0.0784
20940216,0.010255
20940217,0.00025395
20940218,2.0783
20940219,9.7931
20940220,1.1864
20940221,0.12941
20940222,0
20940223,0.00041425
20940224,9.2596
20940225,13.321
20940226,0.23968
20940227,0.20983
20940228,0
20940301,0.002398
20940302,9.1904e-05
20940303,0.00053832
20940304,3.9919e-05
20940305,4.3877
20940306,1.8056
20940307,0.67804
20940308,0.43563
20940309,0.31068
20940310,1.7839
20940311,0
20940312,0.077866
20940313,0.44785
20940314,0.0022884
20940315,0.0067775
20940316,0.043811
20940317,0.46591
20940318,0.84314
20940319,0.3542
20940320,0.22074
20940321,0.0014781
20940322,0
20940323,0.0016775
20940324,1.1541
20940325,0.32935
20940326,11.667
20940327,19.983
20940328,3.8358
20940329,0.0017478
20940330,0
20940331,3.14
20940401,1.2961
20940402,0
20940403,0.018692
20940404,4.6243
20940405,3.0172
20940406,0
20940407,0.0035389
20940408,1.1097e-05
20940409,0
20940410,3.3522
20940411,0
20940412,3.3278
20940413,15.295
20940414,20.04
20940415,0.65613
20940416,0.0081709
20940417,1.7422
20940418,1.638
20940419,0.3904
20940420,25.899
20940421,1.8089
20940422,2.9501
20940423,0.0061282
20940424,2.0145
20940425,4.4786
20940426,1.9269
20940427,2.0759
20940428,1.6849
20940429,0.085849
20940430,1.287
20940501,0
20940502,0
20940503,0
20940504,0.42788
20940505,15.965
20940506,0.0018326
20940507,2.3834
20940508,1.3814
20940509,0.0022349
20940510,0.81419
20940511,4.45
20940512,1.8033
20940513,1.784
20940514,2.1308
20940515,6.8236
20940516,0.76998
20940517,0.54294
20940518,0.0022506
20940519,1.1327
20940520,6.9485
20940521,6.4665
20940522,0.49901
20940523,0
20940524,1.3244
20940525,0.49885
20940526,0.42195
20940527,0.01949
20940528,0
20940529,0
20940530,0.086625
20940531,0.95056
20940601,2.4017
20940602,2.1513
20940603,2.3845
20940604,0
20940605,0.0044476
20940606,0.0023945
20940607,6.6054
20940608,9.1941
20940609,21.583
20940610,4.0245
20940611,0
20940612,0.010613
20940613,4.3157
20940614,7.0907
20940615,7.2192
20940616,7.5911
20940617,0
20940618,0.0021863
20940619,0.00019569
20940620,0.044497
20940621,4.6763
20940622,0
20940623,6.827
20940624,0.61582
20940625,0.011366
20940626,0.29133
20940627,0.0024948
20940628,2.9809
20940629,0.95582
20940630,3.4508
20940701,0.002205
20940702,0.0012588
20940703,0.00051258
20940704,7.1583e-05
20940705,0.00067467
20940706,0.00086961
20940707,0.00064517
20940708,1.5295
20940709,0.35275
20940710,0
20940711,0.0039385
20940712,0.47551
20940713,2.7638
20940714,5.6615
20940715,11.057
20940716,0.0030543
20940717,0.022462
20940718,0.00025684
20940719,0.84854
20940720,0.0016923
20940721,0.0044592
20940722,1.5125
20940723,3.2359
20940724,1.6695
20940725,0.0089697
20940726,0
20940727,0.000824
20940728,0.0069319
20940729,0.029601
20940730,11.723
20940731,9.8979
20940801,0
20940802,0.0012045
20940803,0.0036086
20940804,2.7253
20940805,0.13271
20940806,0.021843
20940807,0
20940808,0
20940809,0.0019083
20940810,0.0036856
20940811,0.9204
20940812,0.0079855
20940813,1.1203
20940814,1.9033
20940815,4.4101
20940816,2.7613
20940817,2.616
20940818,0.0021447
20940819,1.2049
20940820,0.98048
20940821,0.0055723
20940822,0.50957
20940823,0.29079
20940824,2.6878
20940825,6.6403
20940826,0
20940827,0.8573
20940828,6.1437
20940829,3.3375
20940830,0
20940831,0
20940901,0.0028587
20940902,0.0023931
20940903,4.6972
20940904,10.312
20940905,7.1896
20940906,5.3798
20940907,3.0838
20940908,0
20940909,0.011456
20940910,0.33521
20940911,0
20940912,0.0029669
20940913,17.045
20940914,7.4978
20940915,4.8737
20940916,0
20940917,0.0496
20940918,0.0096917
20940919,0.58186
20940920,4.428
20940921,0
20940922,0.0077742
20940923,7.4569
20940924,0.012919
20940925,0
20940926,1.9699e-05
20940927,1.9244
20940928,3.4241
20940929,0.026942
20940930,0.0075821
20941001,0.00030058
20941002,4.5382
20941003,0.0033073
20941004,0.18935
20941005,0
20941006,0
20941007,0.0012491
20941008,0.0022681
20941009,3.0762e-05
20941010,0.0021475
20941011,0.0029391
20941012,0
20941013,0.0017215
20941014,0.0012526
20941015,0.0028946
20941016,0
20941017,0
20941018,0.0002671
20941019,0.15994
20941020,7.2642
20941021,10.499
20941022,5.6347
20941023,6.2908
20941024,1.8912
20941025,6.0696
20941026,0
20941027,0.016137
20941028,0.00048606
20941029,0
20941030,0
20941031,0
20941101,0
20941102,0
20941103,0.33556
20941104,0.8319
20941105,7.3885
20941106,19.985
20941107,0.075657
20941108,4.3935
20941109,0.48793
20941110,34.16
20941111,0.11869
20941112,1.576
20941113,0.13272
20941114,0.035927
20941115,0.62201
20941116,0.31106
20941117,0.0059102
20941118,0.00072522
20941119,0.43292
20941120,18.918
20941121,0.010064
20941122,0.72597
20941123,3.5955
20941124,1.0961
20941125,7.554
20941126,0.098996
20941127,0.53196
20941128,6.2106
20941129,6.621
20941130,0.0586
20941201,0
20941202,0.21664
20941203,3.493
20941204,7.8746
20941205,2.0944
20941206,0.040009
20941207,0.029685
20941208,0.13236
20941209,3.314
20941210,2.8805
20941211,1.128
20941212,0.019366
20941213,0.47925
20941214,0
20941215,3.678
20941216,1.0427
20941217,0.91485
20941218,0.22418
20941219,1.1551
20941220,0.19224
20941221,0.052811
20941222,0.13728
20941223,1.6624
20941224,3.4966
20941225,0
20941226,2.1819
20941227,11.256
20941228,0.015877
20941229,0.068504
20941230,0.00084425
20941231,0
20950101,0.00031237
20950102,9.4269e-07
20950103,5.1477e-05
20950104,0
20950105,0
20950106,0
20950107,0.00089161
20950108,0.075276
20950109,0.83302
20950110,2.7075
20950111,1.5555
20950112,0.006909
20950113,0.00040542
20950114,0.049178
20950115,0.017915
20950116,0.0021026
20950117,1.9567
20950118,0.011946
20950119,0.98099
20950120,3.3255
20950121,2.2249
20950122,0.12513
20950123,4.1248
20950124,6.1363
20950125,1.7224
20950126,44.594
20950127,0.71752
20950128,2.4301
20950129,0.92071
20950130,0.0040404
20950131,0
20950201,0
20950202,1.3453
20950203,1.3835
20950204,0.011981
20950205,0.20525
20950206,0.54778
20950207,8.9904e-09
20950208,0
20950209,0.00047424
20950210,4.3069
20950211,8.4738
20950212,11.686
20950213,1.2232
20950214,2.8074
20950215,26.732
20950216,0.010661
20950217,0.09958
20950218,0.053281
20950219,0.26092
20950220,0.50454
20950221,0.19263
20950222,0.0010122
20950223,0.40545
20950224,0
20950225,0.001154
20950226,0
20950227,0.01739
20950228,0
20950301,11.601
20950302,0.053246
20950303,0.91409
20950304,12.198
20950305,6.3772
20950306,0.018392
20950307,0.00089889
20950308,0
20950309,24.71
20950310,6.771
20950311,0.11652
20950312,0.34943
20950313,0.0035829
20950314,0.27644
20950315,1.0003
20950316,0
20950317,0.10298
20950318,1.0365
20950319,0.70529
20950320,8.8865
20950321,0.012334
20950322,0.7645
20950323,0.29688
20950324,0
20950325,0.0013047
20950326,0.0036889
20950327,0.12951
20950328,0.084678
20950329,3.617
20950330,0.0056466
20950331,0.00044636
20950401,0
20950402,1.932
20950403,3.0588
20950404,0
20950405,0
20950406,0.0001932
20950407,0.00034506
20950408,1.4959
20950409,0.0016097
20950410,0.0039932
20950411,0.0013679
20950412,7.9782
20950413,1.4183
20950414,0.00067021
20950415,0.00060251
20950416,0.00038925
20950417,0.0013394
20950418,0.0040819
20950419,4.8702
20950420,0.0013389
20950421,3.1099
20950422,0.0017946
20950423,0
20950424,0.001386
20950425,1.3217
20950426,2.8359
20950427,2.8151
20950428,28.317
20950429,2.4722
20950430,1.0941
20950501,19.355
20950502,6.638
20950503,5.1215
20950504,4.3668
20950505,0.95225
20950506,6.7923
20950507,4.5573
20950508,7.4185
20950509,1.2383
20950510,8.8576
20950511,4.7505
20950512,0.0024898
20950513,0.052661
20950514,4.3174
20950515,2.169
20950516,0.0001876
20950517,0.0012011
20950518,0.00087767
20950519,0.0019268
20950520,0.0055641
20950521,3.479
20950522,0
20950523,0.016114
20950524,0
20950525,0.0073479
20950526,0.014891
20950527,0.081818
20950528,0.010599
20950529,0.011622
20950530,1.1914
20950531,0.0037123
20950601,1.0583
20950602,2.0514
20950603,0.94462
20950604,5.1342
20950605,2.508
20950606,0.095754
20950607,0.18631
20950608,1.3781
20950609,6.3652
20950610,0.91268
20950611,9.7237e-05
20950612,0.00026105
20950613,1.3961
20950614,1.7797
20950615,2.3999
20950616,10.544
20950617,0.10423
20950618,0
20950619,0.31682
20950620,0.026345
20950621,2.0246
20950622,0.081144
20950623,3.7539
20950624,0
20950625,0.0062381
20950626,0.0040391
20950627,0.0050175
20950628,0.00096445
20950629,3.7255
20950630,6.712
20950701,1.2653
20950702,0.016167
20950703,1.4208
20950704,0.69769
20950705,6.7928
20950706,6.2945
20950707,2.2881
20950708,6.2304
20950709,6.5428
20950710,4.6477
20950711,2.6824
20950712,3.1764
20950713,0.41023
20950714,9.0506
20950715,2.1583
20950716,5.6116
20950717,2.2657
20950718,2.5081
20950719,1.0534
20950720,8.106
20950721,1.364
20950722,0.011433
20950723,0.2319
20950724,1.726
20950725,0.48538
20950726,0.0027463
20950727,0.23252
20950728,0
20950729,0
20950730,0.0065056
20950731,1.1211
20950801,3.3013
20950802,0.0034392
20950803,0.0038664
20950804,3.9369
20950805,3.589
20950806,0.0056444
20950807,0.75776
20950808,0.0017684
20950809,0.90389
20950810,0
20950811,0.0050479
20950812,0
20950813,0
20950814,0.010087
20950815,1.0969
20950816,3.621
20950817,3.2442
20950818,0.0022732
20950819,0
20950820,0.028249
20950821,0
20950822,0.55391
20950823,8.9229
20950824,3.5512
20950825,0.26725
20950826,2.1778
20950827,0.0002111
20950828,0.0020022
20950829,0.030329
20950830,0.55759
20950831,0
20950901,0.0039115
20950902,0.079751
20950903,0.0005936
20950904,0.00029224
20950905,0
20950906,0.00034824
20950907,0.00017237
20950908,0.6043
20950909,0
20950910,0.011845
20950911,0.16002
20950912,9.1484
20950913,11.344
20950914,0.18213
20950915,0.011752
20950916,4.4034
20950917,9.777
20950918,0.00042916
20950919,0.0056333
20950920,1.8208
20950921,5.6494
20950922,5.3496
20950923,3.2188
20950924,0.93527
20950925,2.7256
20950926,64.209
20950927,0.6951
20950928,0.0011057
20950929,0
20950930,0.014151
20951001,0.45263
20951002,0
20951003,0.00025401
20951004,2.0464
20951005,6.8351
20951006,0
20951007,0.96882
20951008,15.061
20951009,88.905
20951010,1.4448
20951011,2.7836
20951012,15.117
20951013,0.9574
20951014,0.6836
20951015,21.765
20951016,2.1539
20951017,0.23534
20951018,2.5364
20951019,1.4672
20951020,0.10451
20951021,3.5291
20951022,0.023625
20951023,0.0089073
20951024,0.13003
20951025,10.376
20951026,42.892
20951027,3.4901
20951028,23.324
20951029,0.14193
20951030,0.37592
20951031,0.79798
20951101,0
20951102,0.53485
20951103,0.15325
20951104,0.13941
20951105,0.39892
20951106,1.9919
20951107,0.094137
20951108,0.078738
20951109,0.039297
20951110,1.1678
20951111,0
20951112,0
20951113,0.4368
20951114,2.4911
20951115,0.37864
20951116,0.015581
20951117,0.16271
20951118,11.159
20951119,2.0297
20951120,0.0031898
20951121,0.067943
20951122,0.33625
20951123,0.0063156
20951124,0.022198
20951125,0
20951126,0
20951127,0
20951128,0.0017382
20951129,0.012187
20951130,0
20951201,0
20951202,0
20951203,0.017875
20951204,0.29293
20951205,1.994
20951206,0.86558
20951207,0.70883
20951208,1.194
20951209,0.00134
20951210,0
20951211,0.0008748
20951212,0.017159
20951213,0.16535
20951214,0.95199
20951215,1.0844
20951216,8.3843
20951217,1.5569
20951218,0.11717
20951219,0.61582
20951220,0
20951221,0
20951222,0
20951223,0.69778
20951224,0.17722
20951225,0.004547
20951226,0.015851
20951227,0.11478
20951228,0
20951229,0.22416
20951230,0.24148
20951231,0.51586
20960101,0.09473
20960102,0.069451
20960103,0.28146
20960104,7.1913e-05
20960105,0.00010953
20960106,0
20960107,0.00030125
20960108,0.61611
20960109,0.12998
20960110,2.8844e-06
20960111,0.025552
20960112,0.013129
20960113,0.0010362
20960114,0
20960115,0.0014292
20960116,0.44068
20960117,0.0010644
20960118,0.053378
20960119,0.00043161
20960120,0.00047771
20960121,0.40128
20960122,0.003081
20960123,0.00076803
20960124,0.030461
20960125,0
20960126,0.00089306
20960127,0.0013065
20960128,0.014036
20960129,0.0034741
20960130,0
20960131,0
20960201,0
20960202,0.030419
20960203,3.3989e-06
20960204,0.04081
20960205,0.00057624
20960206,0
20960207,0.013743
20960208,0
20960209,0.18246
20960210,0.083578
20960211,0
20960212,6.326e-05
20960213,0.051544
20960214,0.00040239
20960215,0.00066255
20960216,5.686e-05
20960217,0
20960218,0
20960219,0
20960220,0.0015192
20960221,0
20960222,0
20960223,2.0221
20960224,2.1575
20960225,2.3215
20960226,0.98352
20960227,0.21172
20960228,3.5017e-05
20960229,0
20960301,0
20960302,0
20960303,0
20960304,0
20960305,0
20960306,0
20960307,0.058308
20960308,0.00099704
20960309,0.03638
20960310,0.40475
20960311,0.17091
20960312,19.59
20960313,2.1914
20960314,0.013687
20960315,0
20960316,0
20960317,0.00090589
20960318,0
20960319,0.00021841
20960320,4.836
20960321,4.8842
20960322,1.3021
20960323,0.4854
20960324,6.9221
20960325,0
20960326,0.0019452
20960327,0
20960328,1.2646
20960329,4.8451
20960330,0
20960331,0.0016044
20960401,2.9123
20960402,0.01171
20960403,0.0012495
20960404,0
20960405,0.031773
20960406,0.74947
20960407,0.00028346
20960408,0.00096093
20960409,0
20960410,0.00057152
20960411,0
20960412,0.0040175
20960413,0.0008753
20960414,0
20960415,0.00085265
20960416,0.00052265
20960417,0
20960418,0.002316
20960419,0
20960420,0
20960421,0.0049743
20960422,0.0018143
20960423,0.30035
20960424,2.8438
20960425,1.617
20960426,0.018981
20960427,0
20960428,0.0091936
20960429,0.0097429
20960430,2.6575
20960501,0
20960502,1.9487
20960503,0.0038278
20960504,0
20960505,0
20960506,0.0080541
20960507,3.191
20960508,0.21891
20960509,0.13755
20960510,0.68813
20960511,0.19837
20960512,0.79651
20960513,4.5742
20960514,0.36299
20960515,0.0072779
20960516,7.1408
20960517,0.0052049
20960518,0.063183
20960519,0.67086
20960520,0.70101
20960521,1.3086
20960522,9.8042
20960523,5.8114
20960524,0.0023738
20960525,0.00085853
20960526,0.004691
20960527,0
20960528,0.073542
20960529,4.4822
20960530,5.9733
20960531,6.3106
20960601,1.084
20960602,0.037554
20960603,0.0068278
20960604,0.0038695
20960605,4.832
20960606,0.3088
20960607,0.0027796
20960608,0.8193
20960609,7.765
20960610,6.0061
20960611,1.743
20960612,0.016763
20960613,30.319
20960614,69.356
20960615,9.485
20960616,12.77
20960617,3.6163
20960618,2.027
20960619,23.979
20960620,35.864
20960621,2.7351
20960622,3.834
20960623,3.9781
20960624,7.6878
20960625,6.8796
20960626,1.0013
20960627,3.3548
20960628,3.4254
20960629,6.3142
20960630,1.0879
20960701,1.8858
20960702,3.4896
20960703,2.7365
20960704,6.19
20960705,13.281
20960706,24.047
20960707,4.0267
20960708,0.0052403
20960709,0.0021092
20960710,3.2689
20960711,3.8475
20960712,2.2166
20960713,0.0012705
20960714,0
20960715,0
20960716,6.8514
20960717,6.4685
20960718,3.7651
20960719,0
20960720,0.009058
20960721,0.036808
20960722,0.39949
20960723,0
20960724,0.097419
20960725,5.923
20960726,16.001
20960727,6.0839
20960728,3.714
20960729,0.015536
20960730,0
20960731,18.427
20960801,0.024263
20960802,0
20960803,3.7528
20960804,0
20960805,0.00064327
20960806,0.79367
20960807,0.05613
20960808,0.0028886
20960809,0.59102
20960810,3.3417
20960811,6.2997
20960812,0.00044641
20960813,0.0051058
20960814,0
20960815,0
20960816,0.4704
20960817,1.1783
20960818,0.010904
20960819,0.56274
20960820,2.8093
20960821,1.5775
20960822,0.0078463
20960823,0
20960824,24.372
20960825,0.025862
20960826,13.792
20960827,2.3934
20960828,0.10938
20960829,0.30221
20960830,11.182
20960831,4.2029
20960901,2.5883
20960902,3.3814
20960903,1.94
20960904,5.6322
20960905,0.44165
20960906,1.5974
20960907,0.00067776
20960908,0.0040837
20960909,4.6834
20960910,32.175
20960911,0.18326
20960912,12.353
20960913,3.4079
20960914,13.101
20960915,1.0599
20960916,0.71321
20960917,2.4091
20960918,2.5555
20960919,0.54966
20960920,1.1739
20960921,0
20960922,0.01129
20960923,0
20960924,0.0023974
20960925,2.45
20960926,1.8843
20960927,0
20960928,0
20960929,0.0057411
20960930,0.00095212
20961001,0
20961002,4.9148
20961003,4.5073
20961004,0.52439
20961005,3.2549
20961006,0.93581
20961007,0.66051
20961008,0.002142
20961009,0
20961010,0.00052072
20961011,6.2809e-07
20961012,0.00040088
20961013,0.00017769
20961014,0.21269
20961015,2.9723
20961016,2.4782
20961017,0.0058305
20961018,0.46963
20961019,0
20961020,0.0034206
20961021,0.13068
20961022,0.00024612
20961023,0.0014855
20961024,2.5762
20961025,0.013737
20961026,0.42556
20961027,9.2872
20961028,13.87
20961029,0
20961030,21.924
20961031,35.118
20961101,3.3096
20961102,1.488
20961103,0.080056
20961104,0
20961105,5.1779
20961106,20.356
20961107,0
20961108,0.01162
20961109,0.0018681
20961110,1.6566
20961111,0.23387
20961112,0.00019401
20961113,0
20961114,0
20961115,0.0027696
20961116,0
20961117,0
20961118,0.11153
20961119,0
20961120,0.0010709
20961121,0.096456
20961122,14.416
20961123,4.3513
20961124,3.1173
20961125,0.14096
20961126,2.9024
20961127,0.075928
20961128,0.021689
20961129,0.0016797
20961130,1.0968e-08
20961201,0.047386
20961202,0.71983
20961203,1.8762
20961204,0.023045
20961205,0.0492
20961206,28.193
20961207,0.00072697
20961208,0
20961209,0
20961210,0.0008078
20961211,0.084541
20961212,0
20961213,0.0043321
20961214,0.0024788
20961215,0.0072849
20961216,0
20961217,0.0015071
20961218,0.0015514
20961219,0.16527
20961220,0.14459
20961221,0.0038482
20961222,0
20961223,0.0059274
20961224,0
20961225,0.0017696
20961226,9.3949
20961227,4.9303
20961228,4.2663
20961229,2.6723
20961230,4.2893
20961231,20.259
20970101,1.9824
20970102,1.4683
20970103,56.434
20970104,22.433
20970105,8.6418
20970106,0.62529
20970107,0
20970108,0.664
20970109,1.2608
20970110,0
20970111,6.7738e-13
20970112,0
20970113,0.0005139
20970114,0
20970115,0
20970116,0.0020294
20970117,0
20970118,0.0030713
20970119,0.48297
20970120,0.00055704
20970121,0.0063132
20970122,0.04572
20970123,1.352
20970124,0
20970125,0.00087007
20970126,0
20970127,0
20970128,0.23785
20970129,0.63331
20970130,8.0093e-05
20970131,0.73723
20970201,0.14746
20970202,0.059915
20970203,0.38177
20970204,0.23543
20970205,0.57285
20970206,1.6455
20970207,2.9892
20970208,2.5089
20970209,26.833
20970210,5.9096
20970211,4.929
20970212,0.70232
20970213,0.00042063
20970214,1.3395
20970215,1.9531
20970216,1.6686
20970217,2.1447
20970218,16.73
20970219,1.6863
20970220,3.1025
20970221,4.5228
20970222,14.444
20970223,1.6865
20970224,2.1551
20970225,19.917
20970226,26.004
20970227,1.133
20970228,0.26299
20970301,2.2436
20970302,11.286
20970303,0.98964
20970304,0.68808
20970305,2.7331
20970306,0.0033565
20970307,1.8523
20970308,14.662
20970309,2.0364
20970310,11.396
20970311,0
20970312,0.78876
20970313,0.86347
20970314,0.1966
20970315,0.00065829
20970316,2.6043
20970317,1.7274
20970318,3.2726
20970319,0.0046253
20970320,0.00082281
20970321,0.60476
20970322,0.14851
20970323,0
20970324,0
20970325,0.012309
20970326,0.30488
20970327,0.74583
20970328,10.826
20970329,3.852
20970330,0
20970331,0.05153
20970401,4.3078
20970402,19.206
20970403,1.1075
20970404,2.9582
20970405,4.43
20970406,0
20970407,0.039178
20970408,0.19414
20970409,0.076434
20970410,0.011307
20970411,1.6238
20970412,0.37374
20970413,1.6117
20970414,0.020276
20970415,0.013176
20970416,0.31061
20970417,5.0516
20970418,0.0011606
20970419,0.019543
20970420,5.033
20970421,0.073319
20970422,0
20970423,18.154
20970424,34.312
20970425,6.584
20970426,1.1723
20970427,0.0016519
20970428,0.0035213
20970429,1.8993
20970430,0.0025391
20970501,2.801
20970502,0.3071
20970503,3.3875
20970504,0.0017941
20970505,5.1768
20970506,0.0018744
20970507,0
20970508,0.002153
20970509,0.00037607
20970510,15.763
20970511,3.2757
20970512,5.6743
20970513,19.479
20970514,7.3687
20970515,0.057389
20970516,0
20970517,5.0837
20970518,0.42542
20970519,1.3137
20970520,6.134
20970521,2.5177
20970522,0.0054399
20970523,0.018228
20970524,0.022805
20970525,0.78176
20970526,0.68216
20970527,0.0020576
20970528,0.00037174
20970529,0.38588
20970530,0
20970531,0.13156
20970601,0
20970602,0
20970603,0.0012973
20970604,0.048059
20970605,0
20970606,2.1284
20970607,5.498
20970608,6.0696
20970609,4.9696
20970610,0.042105
20970611,0.0021986
20970612,6.3831
20970613,9.2692
20970614,0.30371
20970615,7.7186
20970616,0.0033597
20970617,2.4131
20970618,0.98083
20970619,0.0062033
20970620,1.042
20970621,0.0037858
20970622,0
20970623,5.3642
20970624,5.0772
20970625,0.024082
20970626,0.00099337
20970627,0
20970628,0.0067209
20970629,0
20970630,0.0066788
20970701,0.0026335
20970702,0.0016654
20970703,0.0021495
20970704,0.0074592
20970705,4.911
20970706,6.3717
20970707,7.8681
20970708,0.0073832
20970709,1.5702
20970710,0.72514
20970711,5.3463
20970712,4.939
20970713,0.82152
20970714,0.18587
20970715,0.36393
20970716,2.4213
20970717,2.6778
20970718,1.9231
20970719,1.5901
20970720,4.0258
20970721,1.3202
20970722,6.5453
20970723,2.8156
20970724,0.55191
20970725,1.1368
20970726,0.20477
20970727,0.087776
20970728,0.21407
20970729,3.9388
20970730,0.030734
20970731,1.1072
20970801,0.26061
20970802,0.40905
20970803,6.0714
20970804,3.9723
20970805,3.0332
20970806,6.3033
20970807,0.00211
20970808,0
20970809,0.0022109
20970810,0
20970811,0.21341
20970812,0.0038224
20970813,0.0074487
20970814,0.0030848
20970815,0.65401
20970816,14.379
20970817,4.1315
20970818,0.00051953
20970819,2.329
20970820,1.0609
20970821,1.2972
20970822,5.7663
20970823,4.6904
20970824,6.542
20970825,37.524
20970826,0.46604
20970827,0.9584
20970828,0
20970829,0.012338
20970830,0.0025823
20970831,0.01433
20970901,14.914
20970902,2.1186
20970903,6.6385
20970904,0.41863
20970905,0.002357
20970906,3.5673
20970907,1.8993
20970908,7.1355
20970909,9.6704
20970910,2.407
20970911,0.0030644
20970912,0
20970913,0.00049623
20970914,0.0015152
20970915,0.56568
20970916,0.25301
20970917,0.002855
20970918,0.60861
20970919,3.3466
20970920,0.41214
20970921,0.026124
20970922,0.76976
20970923,0.0066971
20970924,0
20970925,0.96165
20970926,1.6409
20970927,0.17277
20970928,1.7234
20970929,2.7904
20970930,0.075276
20971001,4.0663
20971002,0.00082541
20971003,0.63125
20971004,0.061737
20971005,0.33494
20971006,0.050159
20971007,0.0074181
20971008,0
20971009,0.11322
20971010,0.27948
20971011,2.958
20971012,0
20971013,2.2059
20971014,0.47693
20971015,0.035279
20971016,0.16677
20971017,0.20808
20971018,0.0087092
20971019,0
20971020,0
20971021,9.9118
20971022,4.3251
20971023,0.010597
20971024,0.97114
20971025,6.8979
20971026,13.98
20971027,17.714
20971028,24.073
20971029,8.2546
20971030,0.045743
20971031,0.77372
20971101,0
20971102,0
20971103,3.9011
20971104,3.2767
20971105,0.050207
20971106,4.4293
20971107,1.3646
20971108,0.032942
20971109,0.049506
20971110,0.48164
20971111,0
20971112,0.0041393
20971113,0.0017439
20971114,0.22279
20971115,0.00036525
20971116,0.00015308
20971117,0
20971118,0
20971119,0.0019384
20971120,0.0019633
20971121,0
20971122,0.0057889
20971123,0
20971124,0.19266
20971125,5.6098
20971126,1.3888
20971127,0.17002
20971128,0.37454
20971129,0.12628
20971130,0.22205
20971201,0.029106
20971202,0
20971203,0.28434
20971204,9.336
20971205,3.2109
20971206,0.31429
20971207,0.10611
20971208,0
20971209,1.0647e-06
20971210,0.055726
20971211,0
20971212,0.77224
20971213,0.26483
20971214,0.85755
20971215,0.18741
20971216,0.0028501
20971217,0
20971218,6.7872e-08
20971219,0
20971220,6.529e-08
20971221,0
20971222,3.0351e-06
20971223,1.4895e-07
20971224,5.4671e-10
20971225,2.3093e-09
20971226,0
20971227,1.8739e-07
20971228,2.6124e-06
20971229,1.3185e-06
20971230,0
20971231,0.00096897
20980101,0.00021258
20980102,0.00017599
20980103,0.1072
20980104,0.0087038
20980105,0.068197
20980106,0.028642
20980107,0.29887
20980108,0.038681
20980109,0.0009667
20980110,0
20980111,0
20980112,0.00019495
20980113,0.00030214
20980114,0.084333
20980115,0.0013036
20980116,6.5187e-11
20980117,0.13304
20980118,0.16846
20980119,0.12325
20980120,0.0016543
20980121,0.0010107
20980122,0.4731
20980123,0.38544
20980124,0.0016583
20980125,0
20980126,0.13074
20980127,0
20980128,0.0037928
20980129,0
20980130,0.0011242
20980131,0
20980201,0
20980202,0
20980203,0
20980204,0
20980205,3.8325
20980206,0.36981
20980207,0.93594
20980208,0
20980209,0.049864
20980210,0
20980211,0.0042008
20980212,0.49134
20980213,0.00072414
20980214,0.045354
20980215,0.0016644
20980216,0.23662
20980217,0.25477
20980218,0
20980219,0
20980220,1.2179
20980221,2.7295
20980222,9.6669e-06
20980223,0.02645
20980224,0.30038
20980225,0
20980226,0.0003504
20980227,0.001264
20980228,0.012554
20980301,0.003218
20980302,0.00017886
20980303,1.81e-05
20980304,0
20980305,0
20980306,0.81174
20980307,0
20980308,0.0010731
20980309,0
20980310,2.7755e-06
20980311,0
20980312,0.002088
20980313,0.0015955
20980314,0.00037604
20980315,0
20980316,0.0016604
20980317,0.00032829
20980318,0
20980319,0.0025706
20980320,10.983
20980321,56.679
20980322,0.17317
20980323,0.72396
20980324,1.4277
20980325,0.89568
20980326,4.3325
20980327,60.238
20980328,19.239
20980329,4.3113
20980330,0.11708
20980331,0.035843
20980401,1.199
20980402,0.00372
20980403,0.76863
20980404,0.16186
20980405,3.0583
20980406,0.051239
20980407,4.5209
20980408,0.45275
20980409,0.17716
20980410,0
20980411,0.0025676
20980412,2.5812
20980413,0.97397
20980414,0
20980415,0.00025269
20980416,0.00066562
20980417,0.00044737
20980418,1.3789
20980419,0.0023647
20980420,0
20980421,1.1841
20980422,0
20980423,0.0045914
20980424,0.042945
20980425,0.0032639
20980426,0
20980427,0.0040636
20980428,1.7406
20980429,0.50598
20980430,0.066969
20980501,0
20980502,0
20980503,0
20980504,0
20980505,1.3033
20980506,4.0929
20980507,0.0024511
20980508,0.00078755
20980509,0.0042593
20980510,0.0068499
20980511,0.055307
20980512,0
20980513,43.045
20980514,38.396
20980515,9.7665
20980516,15.704
20980517,5.5764
20980518,1.5126
20980519,4.6813
20980520,1.3684
20980521,10.827
20980522,16.612
20980523,2.911
20980524,7.9149
20980525,7.0891
20980526,1.3357
20980527,4.6649
20980528,3.7993
20980529,8.1694
20980530,32.573
20980531,14.717
20980601,0.41289
20980602,3.835
20980603,0.50495
20980604,0.10294
20980605,0.00062282
20980606,5.9077
20980607,7.2574
20980608,7.054
20980609,0.0030525
20980610,18.481
20980611,12.887
20980612,12.124
20980613,10.087
20980614,3.2048
20980615,4.4375
20980616,6.4811
20980617,27.091
20980618,0.049466
20980619,0
20980620,12.848
20980621,0
20980622,0.082831
20980623,0.32502
20980624,2.3962
20980625,4.8975
20980626,3.0207
20980627,0.51019
20980628,5.2418
20980629,14.931
20980630,13.148
20980701,0.20282
20980702,0
20980703,1.6105
20980704,10.423
20980705,4.6244
20980706,7.4927
20980707,7.6062
20980708,2.1359
20980709,3.9219
20980710,3.9097
20980711,3.1689
20980712,3.3559
20980713,2.3497
20980714,0
20980715,0.001843
20980716,0.55542
20980717,6.03
20980718,6.7456
20980719,3.7401
20980720,2.8778
20980721,3.4603
20980722,7.4732
20980723,9.6333
20980724,7.6524
20980725,4.2373
20980726,10.273
20980727,3.8109
20980728,5.3615
20980729,0.0051364
20980730,1.2632
20980731,1.4036
20980801,0
20980802,0
20980803,0
20980804,0.010335
20980805,0.66332
20980806,0.0068554
20980807,0.00020922
20980808,0.0045424
20980809,1.7537
20980810,1.0485
20980811,12.055
20980812,0.0020957
20980813,0
20980814,0.0019587
20980815,0.0050656
20980816,0
20980817,4.2436
20980818,3.0976
20980819,0.0041665
20980820,0.88092
20980821,9.5392
20980822,9.1621
20980823,2.5304
20980824,0.41941
20980825,8.2159e-05
20980826,0
20980827,0.011365
20980828,1.5885
20980829,0
20980830,0.0028264
20980831,0.18146
20980901,0.0016694
20980902,0.8639
20980903,2.9956
20980904,1.6336
20980905,10.38
20980906,11.476
20980907,2.9915
20980908,2.2297
20980909,0
20980910,0
20980911,0.0026169
20980912,0
20980913,0.0010791
20980914,0.0024005
20980915,0
20980916,0.0096011
20980917,0.0041757
20980918,0
20980919,0.00095551
20980920,0
20980921,0.009646
20980922,6.5474
20980923,6.0138
20980924,1.9696e-06
20980925,0
20980926,0
20980927,0.0024552
20980928,0
20980929,0
20980930,0.0091041
20981001,0.01608
20981002,3.6055
20981003,0
20981004,0.00079378
20981005,0
20981006,0.002932
20981007,0.9643
20981008,46.954
20981009,1.7997
20981010,0.064686
20981011,1.3639
20981012,0
20981013,0.25838
20981014,0.0037025
20981015,0.018138
20981016,0
20981017,3.1711
20981018,0
20981019,0.6873
20981020,1.5434
20981021,0
20981022,0.0010172
20981023,0.0057411
20981024,0.0024533
20981025,0
20981026,1.629
20981027,2.0382
20981028,0.00083666
20981029,0.0023735
20981030,2.8985
20981031,0.095061
20981101,0.19716
20981102,1.0034
20981103,0
20981104,0.036838
20981105,0.34213
20981106,9.8242e-05
20981107,0.0048237
20981108,0.0023448
20981109,0
20981110,0.0013455
20981111,0.18758
20981112,0.0095509
20981113,0.00056742
20981114,0.016824
20981115,0
20981116,0.0078777
20981117,0
20981118,0.0042223
20981119,0.8417
20981120,1.1346
20981121,0.0063293
20981122,1.4536
20981123,0.13277
20981124,0.87345
20981125,0.027427
20981126,0.010549
20981127,0
20981128,1.3117
20981129,0.031734
20981130,0
20981201,0.0061967
20981202,0.31861
20981203,0
20981204,0
20981205,0
20981206,0.0001066
20981207,0.0022771
20981208,0.10494
20981209,1.1971
20981210,0.13915
20981211,0.00016792
20981212,0.20848
20981213,0.24798
20981214,0.017598
20981215,0.0005817
20981216,0.055099
20981217,4.1462
20981218,0.067808
20981219,0.048457
20981220,4.5551
20981221,1.4565
20981222,0.21362
20981223,0.022235
20981224,2.6388e-06
20981225,0.0008271
20981226,0.13328
20981227,0
20981228,0.001539
20981229,0.45608
20981230,0.19265
20981231,1.5627
20990101,0.80028
20990102,1.0107
20990103,0.0040725
20990104,0.33755
20990105,0.016178
20990106,0.17406
20990107,1.7234
20990108,1.433
20990109,0.71313
20990110,0.18248
20990111,0.0080082
20990112,0
20990113,0.0023426
20990114,0.26021
20990115,0.0022646
20990116,0.28961
20990117,0.00017462
20990118,0.018794
20990119,0.3112
20990120,0.65398
20990121,0.0017037
20990122,0.0031664
20990123,2.8195
20990124,19.053
20990125,18.529
20990126,0.22114
20990127,0
20990128,0.7866
20990129,0.008679
20990130,0.14952
20990131,0.051447
20990201,0.06656
20990202,0.036927
20990203,0
20990204,0.0011013
20990205,0.00022078
20990206,0.08174
20990207,1.6889
20990208,0.1106
20990209,0.17658
20990210,0.078808
20990211,0.0012177
20990212,0.0078566
20990213,0.088989
20990214,0.016866
20990215,0.74771
20990216,0.83312
20990217,0.55277
20990218,0
20990219,0.00065708
20990220,0
20990221,0.0022129
20990222,0
20990223,0
20990224,0
20990225,0.0080516
20990226,0.017618
20990227,0.0041546
20990228,0.69001
20990301,0.00088113
20990302,1.8954
20990303,6.7705
20990304,0.0016736
20990305,0.0030234
20990306,0.016897
20990307,0.016058
20990308,0.0031863
20990309,0
20990310,1.4645
20990311,1.213
20990312,0.0057703
20990313,3.826
20990314,3.4453
20990315,0.00031847
20990316,0
20990317,1.7646
20990318,0
20990319,0
20990320,0.0013616
20990321,0.50818
20990322,0.094954
20990323,2.0119
20990324,0.93675
20990325,0.33634
20990326,0
20990327,0.21634
20990328,0.0035361
20990329,0.69468
20990330,0.064685
20990331,4.1983
20990401,1.7115
20990402,0.85846
20990403,0.0088604
20990404,2.625
20990405,11.443
20990406,0
20990407,0.0031351
20990408,0
20990409,8.6345
20990410,35.724
20990411,0.11207
20990412,2.3803
20990413,4.5778
20990414,2.8857
20990415,11.82
20990416,20.856
20990417,0.37147
20990418,0
20990419,0.24131
20990420,0.0012328
20990421,0
20990422,1.1464
20990423,0.0040724
20990424,0.17323
20990425,0.29995
20990426,0.0011984
20990427,0.011065
20990428,0
20990429,0.012729
20990430,0.6719
20990501,0
20990502,0.00042221
20990503,16.017
20990504,0.76548
20990505,0.35023
20990506,1.5784
20990507,3.2699
20990508,1.208
20990509,0.0026831
20990510,2.4448
20990511,2.2978
20990512,0
20990513,0.004032
20990514,0
20990515,0.0021557
20990516,0
20990517,0.03938
20990518,5.295
20990519,0.014418
20990520,0.17049
20990521,0.16876
20990522,76.3
20990523,0.035059
20990524,0.17139
20990525,2.2491
20990526,1.2494
20990527,0.006756
20990528,0
20990529,4.4922
20990530,0.55813
20990531,2.3859
20990601,4.1387
20990602,4.5146
20990603,1.8562
20990604,0.22853
20990605,0
20990606,0.00063507
20990607,1.4523
20990608,1.337
20990609,0.059457
20990610,0.0010451
20990611,0
20990612,0.003842
20990613,2.3652
20990614,0.0076315
20990615,0
20990616,0.0032205
20990617,0.001119
20990618,0.0042356
20990619,16.986
20990620,11.974
20990621,1.1775
20990622,0
20990623,1.5733
20990624,0
20990625,0
20990626,0.81985
20990627,8.5764
20990628,2.5796
20990629,2.1585
20990630,0.86257
20990701,0
20990702,0.00025498
20990703,0.001105
20990704,4.5716
20990705,0.00047704
20990706,0
20990707,0.0046778
20990708,0.0061261
20990709,11.046
20990710,10.917
20990711,9.0364
20990712,0.23484
20990713,0.91353
20990714,0
20990715,0.083257
20990716,0.046118
20990717,0.22844
20990718,0.0024288
20990719,0.11244
20990720,0.0048015
20990721,0.00018886
20990722,4.9444
20990723,0.0063471
20990724,1.1626
20990725,3.057
20990726,0.0010661
20990727,0.088113
20990728,3.6457
20990729,1.6529
20990730,3.9611
20990731,3.505
20990801,6.5624
20990802,0
20990803,0.0024149
20990804,0.00099242
20990805,0
20990806,0.004219
20990807,0.00054839
20990808,0.0033634
20990809,0.0035682
20990810,0.0039307
20990811,0.0049015
20990812,0.0042519
20990813,2.6284
20990814,0.0017982
20990815,0
20990816,0.10165
20990817,1.7728
20990818,7.9328
20990819,0.057645
20990820,0.0081704
20990821,1.1498
20990822,0.007402
20990823,0
20990824,0
20990825,0.039055
20990826,7.8472
20990827,0
20990828,0
20990829,0.0060854
20990830,0
20990831,0.018902
20990901,0.0043159
20990902,0.0077974
20990903,0.0013522
20990904,0.0098638
20990905,0.5057
20990906,1.3561
20990907,0.00869
20990908,0.0014135
20990909,0.0061053
20990910,0.095773
20990911,0.041343
20990912,4.2156
20990913,2.0576
20990914,0.098215
20990915,0.42771
20990916,3.5616
20990917,5.7738
20990918,8.1331
20990919,3.1138
20990920,0.0018055
20990921,0.0020879
20990922,0
20990923,1.1052
20990924,0.78837
20990925,2.5483
20990926,0.87102
20990927,2.9071
20990928,11.812
20990929,0
20990930,0.0030722
20991001,0
20991002,0
20991003,0.0065289
20991004,0.011649
20991005,3.2543
20991006,10.73
20991007,0.045049
20991008,9.9006
20991009,27.182
20991010,21.568
20991011,1.1095
20991012,1.1388
20991013,0.29378
20991014,1.1606
20991015,0.0028778
20991016,1.9579e-06
20991017,7.5349e-08
20991018,0.025532
20991019,0.21157
20991020,0.51916
20991021,0.09873
20991022,0.014539
20991023,0.0016594
20991024,0
20991025,0.0013768
20991026,0
20991027,0
20991028,0.0011532
20991029,0
20991030,0
20991031,0
20991101,0
20991102,0
20991103,1.9154
20991104,17.273
20991105,1.3804
20991106,0
20991107,0
20991108,0.0018573
20991109,0
20991110,0.25742
20991111,2.3841
20991112,5.2806
20991113,0.0021661
20991114,0.89394
20991115,0.022743
20991116,0.11497
20991117,0.083592
20991118,0
20991119,0.0062635
20991120,0.82145
20991121,0.0010173
20991122,0.26894
20991123,0.0031566
20991124,0
20991125,0.01741
20991126,10.046
20991127,8.2274
20991128,0.67667
20991129,5.1697
20991130,0.011773
20991201,22.542
20991202,24.946
20991203,1.754
20991204,0.4609
20991205,0
20991206,10.284
20991207,2.9767
20991208,2.3204
20991209,0.11162
20991210,0.81103
20991211,8.5576
20991212,6.2258
20991213,3.4313
20991214,0.057577
20991215,0.30285
20991216,0.27538
20991217,0.34555
20991218,0.43175
20991219,6.0679
20991220,1.626
20991221,6.665
20991222,26.713
20991223,0.72272
20991224,1.2879
20991225,1.1834
20991226,0.0048477
20991227,0
20991228,0
20991229,0.0031454
20991230,0.92376
20991231,0.0023421
21000101,0.0018046
21000102,0.03343
21000103,0.015013
21000104,3.146
21000105,14.888
21000106,0.00089473
21000107,1.8452
21000108,6.1639
21000109,28.231
21000110,1.8269
21000111,1.647
21000112,3.1404
21000113,0.020486
21000114,0.24959
21000115,0.00095488
21000116,2.3495
21000117,0.0014667
21000118,0.093145
21000119,0.00066572
21000120,0.62424
21000121,0
21000122,5.5802
21000123,0
21000124,0.0031143
21000125,9.0165
21000126,0.0037763
21000127,1.2149
21000128,0
21000129,0
21000130,0.23273
21000131,0.0045202
21000201,0.0091678
21000202,0.73112
21000203,0.00024636
21000204,0
21000205,0.029722
21000206,0
21000207,55.211
21000208,21.441
21000209,0.006457
21000210,0.30431
21000211,0.27804
21000212,0.023986
21000213,0.0014134
21000214,0.28938
21000215,16.305
21000216,5.6569
21000217,0.049784
21000218,0.0035185
21000219,0
21000220,0.54938
21000221,7.0767
21000222,1.3978
21000223,0.74267
21000224,0.068293
21000225,0.19621
21000226,0.095017
21000227,0.0011206
21000228,0.36952
21000301,1.0283
21000302,10.902
21000303,7.9003
21000304,0.00020332
21000305,0.40636
21000306,0.0059262
21000307,0
21000308,0.0050542
21000309,0.001093
21000310,0.1069
21000311,1.5386
21000312,0.63691
21000313,0
21000314,0.0026571
21000315,3.2976e-05
21000316,3.1159e-06
21000317,0
21000318,0.44269
21000319,0.10778
21000320,2.0245
21000321,1.7354
21000322,0.2765
21000323,0.91269
21000324,0.014142
21000325,0
21000326,3.2931
21000327,1.2783
21000328,9.7859
21000329,2.0096
21000330,2.8143
21000331,2.7635
21000401,0.093873
21000402,0.36806
21000403,9.4151
21000404,5.1652
21000405,0.00057103
21000406,0.0004364
21000407,0
21000408,0
21000409,0.021269
21000410,1.3976
21000411,0.00047784
21000412,0
21000413,0.00017144
21000414,0.0002992
21000415,0.0011003
21000416,0
21000417,0.00013915
21000418,8.4961e-05
21000419,0.084685
21000420,0.061132
21000421,0
21000422,0.0019789
21000423,0
21000424,0.73539
21000425,7.8638e-05
21000426,0.0052633
21000427,1.0279
21000428,0.060674
21000429,0.048259
21000430,6.2287e-05
21000501,0.00051073
21000502,0.00013068
21000503,4.0442
21000504,35.481
21000505,20.771
21000506,11.014
21000507,14.466
21000508,8.9392
21000509,39.288
21000510,11.96
21000511,9.7648
21000512,1.4612
21000513,4.7876
21000514,1.0588
21000515,0
21000516,0.013
21000517,0.60809
21000518,1.1625
21000519,0
21000520,0
21000521,0.061933
21000522,2.7983
21000523,0
21000524,2.2079
21000525,10.97
21000526,14.543
21000527,4.4113
21000528,1.2702
21000529,1.3154
21000530,0
21000531,0
21000601,0
21000602,0.00052613
21000603,2.5153
21000604,7.5003
21000605,0.10062
21000606,1.0773
21000607,12.362
21000608,0.0059298
21000609,0.0053187
21000610,0.0013378
21000611,0
21000612,1.5839
21000613,0.11754
21000614,13.023
21000615,3.6295
21000616,0.0012409
21000617,1.0136
21000618,0.0010141
21000619,4.0849
21000620,7.5916
21000621,0.002671
21000622,3.9634
21000623,1.3003
21000624,0.0063594
21000625,0.0089416
21000626,0.0031637
21000627,0.00036142
21000628,0.30863
21000629,9.1941
21000630,0.12203
21000701,2.6103
21000702,1.5433
21000703,0.004956
21000704,0
21000705,0.79809
21000706,0.71452
21000707,6.9984
21000708,0.44885
21000709,1.5411
21000710,3.0309
21000711,2.9373
21000712,11.595
21000713,0
21000714,0.0084304
21000715,0.0026005
21000716,1.9362
21000717,1.4061
21000718,4.1668
21000719,0.0033731
21000720,0.006732
21000721,0.0039348
21000722,0.0055644
21000723,0
21000724,0.007046
21000725,0
21000726,0.3137
21000727,0.19764
21000728,0
21000729,0.012965
21000730,0
21000731,0.00050548
21000801,0.0019247
21000802,0.00245
21000803,0.0027233
21000804,1.6093
21000805,1.1808
21000806,4.3705
21000807,0.0033275
21000808,0
21000809,0.018961
21000810,0.0074991
21000811,0.0079597
21000812,0.7354
21000813,21.178
21000814,2.6334
21000815,0
21000816,0.0025239
21000817,0.0081409
21000818,10.46
21000819,5.5173
21000820,0.52103
21000821,0.013163
21000822,0.0013284
21000823,0.19325
21000824,0.05672
21000825,0.0040611
21000826,16.939
21000827,4.4035
21000828,1.0524
21000829,0.0011924
21000830,0.0020928
21000831,0.0021058
21000901,0.0058577
21000902,6.8997
21000903,4.0202e-05
21000904,0.0012852
21000905,0.032405
21000906,2.1103
21000907,0.0029244
21000908,0.0037312
21000909,0.0042251
21000910,0.0044192
21000911,0.015037
21000912,0.0018968
21000913,0.0088988
21000914,0.41381
21000915,0.57513
21000916,3.6261
21000917,0.33408
21000918,0.14034
21000919,0.042966
21000920,0.0037764
21000921,0
21000922,3.8264
21000923,0
21000924,2.3297
21000925,8.1276
21000926,30.886
21000927,0.093727
21000928,0
21000929,0.013977
21000930,0
21001001,0
21001002,0
21001003,0
21001004,0
21001005,0
21001006,2.7258
21001007,4.2555
21001008,3.6176
21001009,0.0077442
21001010,0.0017149
21001011,0
21001012,0.71737
21001013,1.2089
21001014,0.029937
21001015,4.038
21001016,1.2832
21001017,7.9812
21001018,10.519
21001019,15.082
21001020,19.248
21001021,4.8159
21001022,6.5732
21001023,3.6209
21001024,0.54587
21001025,0.66355
21001026,1.6724
21001027,5.0316
21001028,12.477
21001029,7.0249
21001030,3.1589
21001031,0
21001101,0
21001102,14.962
21001103,5.3271
21001104,1.6187
21001105,0.12713
21001106,3.0639
21001107,0.40711
21001108,0
21001109,0.00071814
21001110,6.5417e-07
21001111,2.1995e-06
21001112,3.9485e-06
21001113,0.0098947
21001114,2.4606
21001115,14.152
21001116,2.3519
21001117,0.00055851
21001118,0
21001119,7.1426e-06
21001120,0.048241
21001121,0.27478
21001122,0.3649
21001123,0
21001124,0.0057625
21001125,0.13122
21001126,1.589
21001127,0
21001128,0.0038041
21001129,0.30035
21001130,0.69813
21001201,0.6318
21001202,0.18471
21001203,0.00023863
21001204,0
21001205,0.00055477
21001206,0
21001207,0.47223
21001208,1.8623
21001209,1.1416
21001210,3.7705
21001211,0.80842
21001212,0.31913
21001213,1.4955
21001214,1.7517
21001215,1.1364
21001216,0.36605
21001217,0.088697
21001218,1.1841
21001219,0.15191
21001220,0.001407
21001221,0.0014843
21001222,0
21001223,0.0018617
21001224,4.8367e-05
21001225,0
21001226,0
21001227,0.0011042
21001228,0.0024869
21001229,0.00048089
21001230,0.0015615
21001231,0.10948
