20060101,-0.48339
20060102,0.89565
20060103,7.3025
20060104,5.9875
20060105,4.2502
20060106,2.5714
20060107,6.0449
20060108,7.6245
20060109,4.1693
20060110,-0.089793
20060111,-0.44014
20060112,-0.67627
20060113,-3.7593
20060114,-4.9304
20060115,-2.0376
20060116,-2.3412
20060117,-2.527
20060118,-3.8763
20060119,-2.6273
20060120,-2.0701
20060121,-1.7613
20060122,-1.7615
20060123,0.44257
20060124,2.3129
20060125,6.4982
20060126,3.4137
20060127,0.4121
20060128,2.6847
20060129,-0.54519
20060130,-2.3855
20060131,-4.6155
20060201,-0.014954
20060202,1.1738
20060203,-0.92583
20060204,0.30687
20060205,0.044495
20060206,-1.6858
20060207,-3.2015
20060208,-4.385
20060209,-4.9624
20060210,-0.35535
20060211,-1.9871
20060212,-2.2878
20060213,0.72
20060214,0.60139
20060215,-1.9167
20060216,-2.114
20060217,-3.6146
20060218,-2.7397
20060219,-0.96314
20060220,1.4248
20060221,4.4969
20060222,1.1464
20060223,4.8979
20060224,1.1128
20060225,0.75084
20060226,1.5189
20060227,2.3823
20060228,-0.6975
20060301,-0.63262
20060302,2.0498
20060303,7.4186
20060304,2.4283
20060305,1.4118
20060306,-1.1617
20060307,-0.70758
20060308,-2.1722
20060309,-4.8225
20060310,-5.1201
20060311,-5.0477
20060312,-5.1818
20060313,0.83747
20060314,1.4844
20060315,-0.68432
20060316,1.2592
20060317,-1.8827
20060318,1.7222
20060319,1.5063
20060320,-0.90621
20060321,-1.088
20060322,2.5262
20060323,3.0004
20060324,0.62818
20060325,-0.10938
20060326,0.28492
20060327,3.6725
20060328,3.5772
20060329,1.2975
20060330,3.4267
20060331,3.0236
20060401,2.5903
20060402,4.4427
20060403,4.2361
20060404,2.772
20060405,2.6546
20060406,5.3246
20060407,4.9801
20060408,3.3978
20060409,4.5644
20060410,8.7201
20060411,5.4695
20060412,3.007
20060413,7.4543
20060414,4.422
20060415,4.9632
20060416,7.1984
20060417,7.2765
20060418,5.436
20060419,4.7788
20060420,4.7419
20060421,4.8104
20060422,7.8484
20060423,10.143
20060424,10.551
20060425,9.7998
20060426,11.771
20060427,10.932
20060428,8.7907
20060429,7.7888
20060430,5.2202
20060501,7.4278
20060502,8.7753
20060503,6.7997
20060504,9.6885
20060505,12.172
20060506,9.5765
20060507,10.079
20060508,8.5353
20060509,9.9749
20060510,11.522
20060511,7.0237
20060512,4.6972
20060513,9.7947
20060514,12.59
20060515,11.899
20060516,13.452
20060517,13.743
20060518,10.59
20060519,7.5738
20060520,6.0286
20060521,4.8654
20060522,7.7287
20060523,6.8987
20060524,9.8411
20060525,9.1898
20060526,9.7808
20060527,9.6002
20060528,10.284
20060529,10.224
20060530,7.1523
20060531,4.8165
20060601,7.5234
20060602,11.211
20060603,9.6123
20060604,12.661
20060605,13.592
20060606,12.452
20060607,14.903
20060608,15.709
20060609,12.726
20060610,9.9139
20060611,10.529
20060612,14.105
20060613,13.378
20060614,15.622
20060615,16.559
20060616,17.907
20060617,16.003
20060618,17.71
20060619,17.683
20060620,16.379
20060621,15.892
20060622,10.807
20060623,9.3977
20060624,13.266
20060625,15.566
20060626,16.285
20060627,15.599
20060628,15.021
20060629,13.401
20060630,15.455
20060701,16.241
20060702,16.309
20060703,16.695
20060704,20.015
20060705,15.649
20060706,15.216
20060707,14.12
20060708,14.103
20060709,16.32
20060710,14.979
20060711,18.468
20060712,17.906
20060713,18.405
20060714,18.997
20060715,19.083
20060716,19.347
20060717,19.291
20060718,17.994
20060719,19.356
20060720,19.393
20060721,17.067
20060722,20.126
20060723,19.437
20060724,19.079
20060725,16.856
20060726,18.152
20060727,16.38
20060728,17.931
20060729,19.274
20060730,17.679
20060731,16.779
20060801,17.678
20060802,19.419
20060803,19.952
20060804,18.725
20060805,17.839
20060806,17.739
20060807,18.817
20060808,19.589
20060809,21.375
20060810,21.655
20060811,21.158
20060812,19.773
20060813,20.527
20060814,19.561
20060815,19.901
20060816,16.212
20060817,16.274
20060818,16.269
20060819,17.824
20060820,17.857
20060821,18.601
20060822,18.836
20060823,18.618
20060824,15.925
20060825,15.772
20060826,17.745
20060827,19.12
20060828,16.865
20060829,14.853
20060830,17.58
20060831,15.827
20060901,18.159
20060902,18.152
20060903,16.974
20060904,18.181
20060905,15.171
20060906,14.393
20060907,13.707
20060908,11.565
20060909,10.576
20060910,12.602
20060911,11.611
20060912,12.941
20060913,12.764
20060914,14.834
20060915,11.094
20060916,9.6894
20060917,10.177
20060918,12.042
20060919,13.409
20060920,13.847
20060921,11.87
20060922,12.354
20060923,13.06
20060924,11.029
20060925,11.099
20060926,13.561
20060927,13.63
20060928,12.322
20060929,11.888
20060930,11.859
20061001,11.26
20061002,8.7782
20061003,7.2447
20061004,11.496
20061005,14.794
20061006,15.617
20061007,11.412
20061008,9.3489
20061009,7.8023
20061010,5.5937
20061011,5.6353
20061012,6.0202
20061013,4.2513
20061014,6.7336
20061015,3.6911
20061016,3.8617
20061017,9.203
20061018,6.4469
20061019,3.8079
20061020,12.278
20061021,6.5013
20061022,4.4196
20061023,4.8852
20061024,6.4172
20061025,4.3889
20061026,4.1048
20061027,5.8812
20061028,11.219
20061029,8.7552
20061030,8.7052
20061031,10.068
20061101,10.157
20061102,8.2864
20061103,7.4927
20061104,6.5567
20061105,5.977
20061106,4.7396
20061107,3.2311
20061108,2.5655
20061109,1.4318
20061110,0.96025
20061111,1.5405
20061112,2.8672
20061113,1.8977
20061114,0.22653
20061115,0.29257
20061116,0.74542
20061117,0.21917
20061118,0.36864
20061119,1.2693
20061120,3.7462
20061121,2.5428
20061122,0.41165
20061123,-0.60374
20061124,-1.9873
20061125,-3.2074
20061126,-0.92708
20061127,-0.77268
20061128,-1.0871
20061129,-1.9629
20061130,-1.5047
20061201,0.25446
20061202,-0.34603
20061203,-2.1817
20061204,-2.1539
20061205,1.2964
20061206,3.2428
20061207,3.1928
20061208,6.3427
20061209,0.26046
20061210,-0.16667
20061211,3.9673
20061212,0.48646
20061213,0.26568
20061214,-1.4541
20061215,-0.99604
20061216,-1.7339
20061217,-2.0927
20061218,-3.8316
20061219,-5.4651
20061220,-4.346
20061221,1.0049
20061222,1.4984
20061223,1.9275
20061224,2.6292
20061225,4.2032
20061226,-0.117
20061227,-1.5969
20061228,-0.18509
20061229,0.7585
20061230,0.17922
20061231,0.59619
20070101,5.9251
20070102,-0.0033976
20070103,-0.57144
20070104,0.43557
20070105,-0.85043
20070106,-1.6285
20070107,-1.9238
20070108,-2.3779
20070109,-3.5662
20070110,-3.7696
20070111,-5.0145
20070112,-4.9199
20070113,-5.6755
20070114,-2.8292
20070115,-4.2217
20070116,-4.2749
20070117,-2.2639
20070118,2.2205
20070119,-0.8437
20070120,-1.1152
20070121,-2.2122
20070122,-1.8361
20070123,-1.984
20070124,-2.8237
20070125,-2.6045
20070126,-4.9436
20070127,-5.5787
20070128,-6.2302
20070129,-4.2382
20070130,-3.4719
20070131,-4.7283
20070201,-6.3339
20070202,-5.2534
20070203,-6.2587
20070204,-6.7285
20070205,-4.2968
20070206,-5.4298
20070207,-3.7301
20070208,-4.1497
20070209,-5.8208
20070210,-5.3047
20070211,-6.1537
20070212,-6.3359
20070213,-6.2997
20070214,-5.0719
20070215,-5.3788
20070216,-4.8924
20070217,-2.8926
20070218,-0.89045
20070219,2.2014
20070220,-0.54552
20070221,2.7429
20070222,0.51414
20070223,-1.839
20070224,-1.8727
20070225,-3.1844
20070226,-1.33
20070227,1.5884
20070228,-0.82784
20070301,-1.2669
20070302,-1.5317
20070303,-1.1995
20070304,-0.71228
20070305,-0.13781
20070306,0.58128
20070307,-2.8915
20070308,-3.2145
20070309,-1.972
20070310,0.30392
20070311,-1.1196
20070312,0.34568
20070313,-1.0102
20070314,2.2843
20070315,1.8763
20070316,0.16818
20070317,-0.20807
20070318,0.014211
20070319,1.6636
20070320,1.6091
20070321,2.9377
20070322,5.8531
20070323,2.7989
20070324,7.1929
20070325,4.9964
20070326,2.2809
20070327,4.3537
20070328,3.5443
20070329,8.0738
20070330,4.2703
20070331,4.3467
20070401,9.291
20070402,7.6784
20070403,5.4861
20070404,6.2865
20070405,4.959
20070406,3.944
20070407,7.7409
20070408,7.4224
20070409,5.9847
20070410,4.5561
20070411,3.1314
20070412,6.673
20070413,8.592
20070414,5.8546
20070415,4.0126
20070416,3.6292
20070417,6.606
20070418,5.4966
20070419,4.6674
20070420,5.402
20070421,7.4204
20070422,7.2441
20070423,5.9048
20070424,3.6086
20070425,3.4058
20070426,5.5003
20070427,6.7249
20070428,6.096
20070429,4.4002
20070430,5.6282
20070501,10.536
20070502,8.9855
20070503,7.309
20070504,10.311
20070505,10.824
20070506,9.7472
20070507,8.9025
20070508,7.5958
20070509,10.848
20070510,8.17
20070511,6.1005
20070512,7.5724
20070513,5.5405
20070514,6.8064
20070515,8.935
20070516,9.798
20070517,9.7878
20070518,8.8529
20070519,10.143
20070520,10.435
20070521,9.1553
20070522,9.4099
20070523,11.531
20070524,8.4983
20070525,8.3908
20070526,7.1061
20070527,5.7513
20070528,8.2784
20070529,6.8391
20070530,5.471
20070531,5.9123
20070601,6.3761
20070602,7.492
20070603,8.4131
20070604,10.217
20070605,10.102
20070606,10.026
20070607,10.433
20070608,9.5251
20070609,9.3755
20070610,8.4205
20070611,12.638
20070612,11.427
20070613,9.7198
20070614,9.3559
20070615,13.581
20070616,12.616
20070617,14.032
20070618,15.038
20070619,15.579
20070620,14.549
20070621,14.135
20070622,14.817
20070623,15.623
20070624,17.176
20070625,16.255
20070626,16.113
20070627,16.06
20070628,15.264
20070629,12.432
20070630,10.365
20070701,12.3
20070702,11.689
20070703,10.753
20070704,11.997
20070705,12.655
20070706,14.181
20070707,14.773
20070708,15.101
20070709,15.667
20070710,16.677
20070711,16.77
20070712,17.445
20070713,16.579
20070714,17.566
20070715,18.153
20070716,18.792
20070717,19
20070718,17.718
20070719,18.238
20070720,17.449
20070721,16.377
20070722,17.719
20070723,17.132
20070724,16.855
20070725,15.504
20070726,15.966
20070727,15.799
20070728,16.403
20070729,16.658
20070730,15.773
20070731,17.07
20070801,18.696
20070802,18.169
20070803,18.395
20070804,19.352
20070805,18.488
20070806,15.094
20070807,18.735
20070808,17.458
20070809,15.819
20070810,16.655
20070811,16.411
20070812,16.125
20070813,15.142
20070814,16.666
20070815,17.664
20070816,14.234
20070817,12.356
20070818,12.907
20070819,13.045
20070820,14.286
20070821,15.563
20070822,13.936
20070823,12.601
20070824,11.107
20070825,11.756
20070826,13.236
20070827,13.161
20070828,14.664
20070829,19.925
20070830,17.868
20070831,16.992
20070901,17.753
20070902,16.932
20070903,16.824
20070904,16.41
20070905,15.976
20070906,17.63
20070907,16.35
20070908,15.922
20070909,16.442
20070910,15.351
20070911,14.243
20070912,15.142
20070913,15.813
20070914,18.665
20070915,16.15
20070916,14.684
20070917,15.082
20070918,15.042
20070919,14.803
20070920,13.685
20070921,13.78
20070922,13.62
20070923,15.724
20070924,14.656
20070925,12.674
20070926,12.971
20070927,13.025
20070928,13.775
20070929,14.218
20070930,16.15
20071001,15.623
20071002,16.261
20071003,11.049
20071004,9.4441
20071005,10.66
20071006,10.095
20071007,6.9641
20071008,7.7886
20071009,8.6681
20071010,5.6762
20071011,3.0779
20071012,2.7762
20071013,2.9997
20071014,8.7894
20071015,7.7721
20071016,8.553
20071017,11.159
20071018,8.4932
20071019,4.6908
20071020,5.0936
20071021,4.4487
20071022,2.2144
20071023,4.1391
20071024,8.5223
20071025,5.6111
20071026,3.0273
20071027,3.1312
20071028,2.5965
20071029,3.2021
20071030,5.8611
20071031,7.3902
20071101,7.8602
20071102,5.1472
20071103,3.1347
20071104,2.7189
20071105,3.7738
20071106,1.9905
20071107,2.8797
20071108,2.6567
20071109,5.0782
20071110,9.8091
20071111,5.612
20071112,2.5053
20071113,8.0809
20071114,5.5792
20071115,3.2531
20071116,1.9164
20071117,0.081492
20071118,0.066142
20071119,9.6268
20071120,9.422
20071121,6.5869
20071122,3.2587
20071123,0.96509
20071124,2.4181
20071125,1.2008
20071126,6.2429
20071127,5.2649
20071128,4.442
20071129,11.712
20071130,10.028
20071201,7.6143
20071202,7.3525
20071203,10.903
20071204,10.157
20071205,3.5517
20071206,1.7646
20071207,4.3428
20071208,4.232
20071209,2.7236
20071210,2.2976
20071211,1.1135
20071212,1.0097
20071213,-0.080383
20071214,-0.10463
20071215,8.0962
20071216,4.6318
20071217,2.5673
20071218,3.4865
20071219,5.5611
20071220,5.0624
20071221,5.0983
20071222,4.3144
20071223,4.2675
20071224,8.2919
20071225,4.5165
20071226,-0.58589
20071227,-2.4946
20071228,-2.8891
20071229,-1.0567
20071230,1.6623
20071231,-2.9811
20080101,-3.1844
20080102,-0.49244
20080103,-2.1917
20080104,-3.1344
20080105,-2.4451
20080106,-5.7675
20080107,-8.0165
20080108,-5.0592
20080109,-4.7157
20080110,-4.697
20080111,-5.4313
20080112,-2.472
20080113,-4.2448
20080114,-6.0615
20080115,-7.1565
20080116,-6.8012
20080117,-6.1972
20080118,-6.4284
20080119,-4.7556
20080120,-3.7383
20080121,-4.6055
20080122,-4.7169
20080123,-1.067
20080124,0.69652
20080125,1.333
20080126,-2.1022
20080127,-3.4764
20080128,-1.7595
20080129,-1.7544
20080130,-2.3262
20080131,0.95423
20080201,-0.64887
20080202,-1.8613
20080203,-1.9069
20080204,-3.1018
20080205,-3.4434
20080206,2.1042
20080207,-1.7652
20080208,-2.8911
20080209,-1.2312
20080210,-2.8985
20080211,-4.7198
20080212,-5.5477
20080213,-5.5638
20080214,-4.2273
20080215,-2.3902
20080216,2.6647
20080217,6.5234
20080218,0.62207
20080219,-0.95248
20080220,0.48857
20080221,1.3822
20080222,-0.36124
20080223,0.24516
20080224,-0.84197
20080225,1.2429
20080226,3.6859
20080227,2.8152
20080228,-0.37285
20080229,-0.35911
20080301,-1.3663
20080302,-0.93366
20080303,-1.9812
20080304,1.0881
20080305,0.16843
20080306,1.3576
20080307,0.69307
20080308,0.16205
20080309,-1.4586
20080310,0.92933
20080311,-0.54042
20080312,-0.85383
20080313,0.73187
20080314,0.77736
20080315,0.4246
20080316,-0.66136
20080317,2.5753
20080318,2.9491
20080319,2.0409
20080320,2.4049
20080321,4.6359
20080322,2.9296
20080323,0.082926
20080324,1.0909
20080325,2.5705
20080326,-1.0571
20080327,3.7474
20080328,0.78951
20080329,-1.5449
20080330,5.4174
20080331,3.5512
20080401,1.0181
20080402,1.8143
20080403,2.2364
20080404,2.7897
20080405,2.9615
20080406,1.9851
20080407,0.8252
20080408,5.5743
20080409,2.7114
20080410,4.7445
20080411,2.8535
20080412,3.1491
20080413,3.8644
20080414,6.6195
20080415,7.3607
20080416,8.7697
20080417,7.4104
20080418,7.3325
20080419,5.5964
20080420,5.2041
20080421,4.0074
20080422,3.3691
20080423,4.4009
20080424,5.3864
20080425,4.1909
20080426,3.3326
20080427,3.4041
20080428,5.9229
20080429,4.7188
20080430,6.0687
20080501,5.8276
20080502,10.04
20080503,8.8289
20080504,10.31
20080505,9.1335
20080506,9.3535
20080507,9.984
20080508,12.59
20080509,12.453
20080510,11.183
20080511,11.715
20080512,12.442
20080513,9.4824
20080514,12.149
20080515,10.029
20080516,10.254
20080517,11.342
20080518,11.321
20080519,11.36
20080520,11.575
20080521,9.7765
20080522,10.44
20080523,11.559
20080524,9.5759
20080525,9.3877
20080526,10.1
20080527,10.298
20080528,8.7424
20080529,10.819
20080530,14.716
20080531,15.233
20080601,14.271
20080602,12.846
20080603,14.441
20080604,12.677
20080605,17.71
20080606,17.712
20080607,16.945
20080608,15.509
20080609,10.762
20080610,9.3817
20080611,8.2628
20080612,10.223
20080613,13.095
20080614,14.586
20080615,15.098
20080616,16.432
20080617,14.029
20080618,12.866
20080619,16.026
20080620,13.922
20080621,12.25
20080622,10.631
20080623,12.79
20080624,13.121
20080625,14.526
20080626,16.823
20080627,16.517
20080628,17.405
20080629,15.809
20080630,15.635
20080701,17.615
20080702,14.983
20080703,13.916
20080704,13.068
20080705,12.114
20080706,10.791
20080707,10.977
20080708,16.375
20080709,14.658
20080710,14.041
20080711,16.204
20080712,14.16
20080713,17.398
20080714,16.054
20080715,16.174
20080716,14.488
20080717,14.69
20080718,18.025
20080719,19.034
20080720,18.348
20080721,19.336
20080722,20.314
20080723,20.421
20080724,17.458
20080725,14.877
20080726,16.219
20080727,15.848
20080728,16.805
20080729,16.719
20080730,18.25
20080731,18.401
20080801,20.054
20080802,17.718
20080803,19.151
20080804,20.123
20080805,20.179
20080806,18.315
20080807,20.127
20080808,18.166
20080809,16.969
20080810,14.492
20080811,16.598
20080812,14.072
20080813,13.786
20080814,13.794
20080815,15.557
20080816,15.928
20080817,17.31
20080818,15.411
20080819,16.634
20080820,17.607
20080821,17.745
20080822,17.866
20080823,17.444
20080824,15.023
20080825,12.546
20080826,13.679
20080827,15.494
20080828,15.432
20080829,15.35
20080830,15.936
20080831,17.171
20080901,18.535
20080902,17.875
20080903,17.373
20080904,17.801
20080905,16.664
20080906,14.92
20080907,15.09
20080908,13.754
20080909,12.97
20080910,13.061
20080911,15.975
20080912,15.765
20080913,12.458
20080914,10.258
20080915,7.6395
20080916,8.1087
20080917,7.9849
20080918,10.504
20080919,14.743
20080920,15.778
20080921,17.026
20080922,16.656
20080923,14.644
20080924,14.269
20080925,13.144
20080926,12.669
20080927,13.198
20080928,13.901
20080929,12.388
20080930,12.212
20081001,11.659
20081002,11.068
20081003,10.394
20081004,10.146
20081005,10.793
20081006,13.511
20081007,8.9979
20081008,7.3862
20081009,8.8644
20081010,7.6185
20081011,6.365
20081012,8.592
20081013,11.427
20081014,12.319
20081015,13.731
20081016,12.265
20081017,10.972
20081018,9.336
20081019,6.9912
20081020,7.9264
20081021,6.5683
20081022,5.8392
20081023,5.4049
20081024,4.9078
20081025,4.1696
20081026,7.4516
20081027,5.9932
20081028,8.3531
20081029,6.1872
20081030,4.6034
20081031,7.9641
20081101,7.8415
20081102,8.739
20081103,5.8144
20081104,7.0238
20081105,11.598
20081106,9.5753
20081107,6.0163
20081108,3.0515
20081109,1.8843
20081110,1.3326
20081111,0.57406
20081112,-0.47581
20081113,-1.1289
20081114,0.489
20081115,2.5639
20081116,1.5524
20081117,5.1453
20081118,5.0285
20081119,3.0421
20081120,2.1261
20081121,0.433
20081122,0.16589
20081123,0.50418
20081124,-0.15147
20081125,3.1614
20081126,1.7576
20081127,2.9267
20081128,2.8506
20081129,0.37334
20081130,-0.051117
20081201,-0.96182
20081202,-1.5463
20081203,6.4482
20081204,7.1656
20081205,2.8665
20081206,-1.2166
20081207,-2.677
20081208,-0.43256
20081209,0.44628
20081210,2.0569
20081211,-1.703
20081212,-3.3339
20081213,-4.7447
20081214,1.0548
20081215,-1.2275
20081216,-2.8918
20081217,-4.3188
20081218,-5.5874
20081219,-5.8859
20081220,-0.0079041
20081221,1.4571
20081222,-2.8843
20081223,-4.7732
20081224,-3.1856
20081225,5.1743
20081226,-0.42309
20081227,-1.8731
20081228,-2.4716
20081229,0.14469
20081230,-0.86667
20081231,-1.213
20090101,2.3316
20090102,-0.52288
20090103,6.5091
20090104,7.6681
20090105,7.0333
20090106,4.4473
20090107,4.8489
20090108,2.9588
20090109,1.98
20090110,5.737
20090111,3.9438
20090112,-0.75464
20090113,-2.0822
20090114,1.1522
20090115,-1.6043
20090116,-3.4097
20090117,-0.9732
20090118,-3.703
20090119,-4.116
20090120,-4.2474
20090121,-5.1408
20090122,1.702
20090123,1.3331
20090124,1.5525
20090125,-1.099
20090126,-2.6589
20090127,-2.3491
20090128,-3.8106
20090129,-3.2573
20090130,-0.993
20090131,-1.8053
20090201,-2.2215
20090202,-1.7429
20090203,-2.8753
20090204,-0.3196
20090205,-1.6148
20090206,-0.55935
20090207,-1.4323
20090208,-1.5241
20090209,-1.5566
20090210,1.2148
20090211,-1.1408
20090212,-2.2387
20090213,0.90865
20090214,-1.5169
20090215,-0.52574
20090216,0.58514
20090217,-1.0386
20090218,-0.060486
20090219,4.3091
20090220,4.3142
20090221,0.64883
20090222,2.2168
20090223,7.5375
20090224,5.7998
20090225,3.2116
20090226,3.0576
20090227,4.2756
20090228,7.4133
20090301,2.6833
20090302,2.7032
20090303,3.2974
20090304,3.539
20090305,4.8593
20090306,2.0463
20090307,2.6302
20090308,4.6463
20090309,1.54
20090310,1.7415
20090311,2.2657
20090312,4.0547
20090313,2.4647
20090314,0.90525
20090315,1.8945
20090316,0.91342
20090317,-1.2373
20090318,-1.2778
20090319,0.70892
20090320,5.883
20090321,4.3955
20090322,5.4295
20090323,2.4661
20090324,4.1178
20090325,5.2498
20090326,6.3159
20090327,4.5996
20090328,5.1947
20090329,7.2076
20090330,4.1965
20090331,5.4903
20090401,3.6096
20090402,1.8657
20090403,0.36713
20090404,0.83104
20090405,2.9391
20090406,-0.024821
20090407,2.8416
20090408,3.278
20090409,9.3245
20090410,6.4522
20090411,6.0241
20090412,8.54
20090413,11.401
20090414,11.889
20090415,9.748
20090416,9.1969
20090417,9.2995
20090418,7.4776
20090419,5.7644
20090420,3.6997
20090421,5.1871
20090422,7.431
20090423,10.402
20090424,7.2555
20090425,7.0412
20090426,8.8282
20090427,10.427
20090428,6.7374
20090429,8.0438
20090430,10.155
20090501,8.8235
20090502,10.057
20090503,8.8789
20090504,10.903
20090505,8.6005
20090506,7.1226
20090507,12.237
20090508,9.6665
20090509,8.7243
20090510,7.2252
20090511,7.0095
20090512,8.3643
20090513,6.4798
20090514,7.0306
20090515,10.846
20090516,13.421
20090517,11.612
20090518,10.265
20090519,10.239
20090520,9.4112
20090521,12.023
20090522,14.874
20090523,13.514
20090524,11.472
20090525,9.4526
20090526,10.448
20090527,11.171
20090528,13.767
20090529,16.844
20090530,15.152
20090531,16.212
20090601,16.931
20090602,16.471
20090603,15.047
20090604,16.43
20090605,15.834
20090606,14.557
20090607,12.081
20090608,10.289
20090609,13.866
20090610,11.806
20090611,9.8676
20090612,13.492
20090613,12.892
20090614,14.84
20090615,13.743
20090616,13.539
20090617,16.051
20090618,16.397
20090619,14.318
20090620,13.897
20090621,15.271
20090622,14.808
20090623,14.569
20090624,13.682
20090625,13.788
20090626,16.057
20090627,16.874
20090628,16.126
20090629,15.552
20090630,14.746
20090701,12.252
20090702,11.625
20090703,13.31
20090704,13.229
20090705,15.506
20090706,15.975
20090707,16.74
20090708,17.382
20090709,19.678
20090710,18.069
20090711,17.71
20090712,15.517
20090713,16.726
20090714,17.776
20090715,18.035
20090716,17.833
20090717,17.004
20090718,18.656
20090719,17.029
20090720,15.021
20090721,15.442
20090722,17.842
20090723,17.202
20090724,18.215
20090725,16.711
20090726,15.106
20090727,18.176
20090728,17.089
20090729,15.643
20090730,17.095
20090731,16.815
20090801,18.13
20090802,14.517
20090803,16.087
20090804,14.9
20090805,12.165
20090806,13.352
20090807,18.216
20090808,18.395
20090809,15.366
20090810,19.574
20090811,18.392
20090812,15.238
20090813,15.356
20090814,16.123
20090815,18.064
20090816,19.187
20090817,19.836
20090818,20.002
20090819,18.653
20090820,19.063
20090821,18.921
20090822,17.529
20090823,18.888
20090824,18.83
20090825,19.629
20090826,19.528
20090827,18.389
20090828,18.588
20090829,18.531
20090830,19.587
20090831,19.497
20090901,18.039
20090902,19.036
20090903,15.459
20090904,14.374
20090905,15.408
20090906,15.99
20090907,17.117
20090908,18.54
20090909,17.961
20090910,17.549
20090911,17.32
20090912,17.39
20090913,16.378
20090914,14.948
20090915,13.313
20090916,13.038
20090917,12.399
20090918,12.307
20090919,11.588
20090920,12.665
20090921,15.763
20090922,14.476
20090923,11.241
20090924,11.251
20090925,10.568
20090926,9.2689
20090927,12.589
20090928,11.706
20090929,9.0297
20090930,8.089
20091001,8.3231
20091002,9.0275
20091003,8.4694
20091004,9.3308
20091005,9.2957
20091006,9.3802
20091007,8.876
20091008,11.665
20091009,9.6754
20091010,7.1913
20091011,11.056
20091012,10.348
20091013,10.807
20091014,11.648
20091015,9.6951
20091016,8.1774
20091017,6.8263
20091018,6.8548
20091019,6.6959
20091020,7.9253
20091021,6.9839
20091022,6.6087
20091023,4.719
20091024,4.5368
20091025,4.3376
20091026,6.0795
20091027,7.5647
20091028,8.1739
20091029,10.956
20091030,9.909
20091031,8.7256
20091101,7.4112
20091102,4.3839
20091103,2.3423
20091104,1.8426
20091105,0.53319
20091106,-1.3519
20091107,-2.7701
20091108,-0.8551
20091109,1.4615
20091110,0.48844
20091111,-0.16282
20091112,0.54769
20091113,-0.98653
20091114,-2.3418
20091115,-2.0876
20091116,-1.0287
20091117,1.8238
20091118,0.17572
20091119,4.1453
20091120,1.4642
20091121,-0.42454
20091122,0.18691
20091123,0.56697
20091124,2.3192
20091125,0.29811
20091126,-0.39566
20091127,4.6744
20091128,2.8299
20091129,2.2028
20091130,1.1855
20091201,0.51581
20091202,-0.56862
20091203,-0.6869
20091204,3.7361
20091205,-0.17881
20091206,-0.25307
20091207,2.7293
20091208,2.7045
20091209,4.0055
20091210,4.0794
20091211,2.4345
20091212,3.8201
20091213,4.3666
20091214,5.6877
20091215,10.193
20091216,7.7038
20091217,6.6114
20091218,3.9078
20091219,3.7846
20091220,1.6355
20091221,1.4276
20091222,2.4054
20091223,1.2285
20091224,0.29256
20091225,0.54087
20091226,1.1921
20091227,7.5027
20091228,8.0532
20091229,8.9361
20091230,7.3367
20091231,1.4812
20100101,-0.69196
20100102,-2.0284
20100103,0.56322
20100104,5.0495
20100105,3.2536
20100106,1.6718
20100107,4.2251
20100108,3.3615
20100109,6.6812
20100110,3.9522
20100111,2.2487
20100112,0.60936
20100113,2.483
20100114,-0.44441
20100115,-2.1066
20100116,-2.7167
20100117,-1.0988
20100118,-2.6239
20100119,-3.1713
20100120,-4.5352
20100121,-4.5019
20100122,-4.6492
20100123,-5.0976
20100124,-5.8489
20100125,-3.4529
20100126,-6.0085
20100127,-6.8491
20100128,-4.0106
20100129,-4.7797
20100130,-4.7664
20100131,-6.3102
20100201,-6.5297
20100202,-5.7965
20100203,0.20698
20100204,-1.8862
20100205,-2.5889
20100206,-1.6909
20100207,-1.0265
20100208,-1.4382
20100209,-2.5889
20100210,-2.3577
20100211,2.148
20100212,0.095225
20100213,-1.4583
20100214,-2.2855
20100215,-1.0159
20100216,-3.172
20100217,-3.0869
20100218,-2.8461
20100219,-2.9365
20100220,-1.3398
20100221,-4.0561
20100222,-0.92703
20100223,1.0577
20100224,2.1988
20100225,8.631
20100226,7.2287
20100227,2.4136
20100228,2.3597
20100301,4.7864
20100302,1.0997
20100303,1.8425
20100304,0.73924
20100305,1.7987
20100306,3.067
20100307,4.2947
20100308,2.9628
20100309,6.5575
20100310,5.5563
20100311,3.2665
20100312,2.3881
20100313,3.818
20100314,6.3377
20100315,3.041
20100316,3.3207
20100317,2.7936
20100318,4.8387
20100319,1.4758
20100320,5.27
20100321,1.7766
20100322,0.88309
20100323,3.2602
20100324,1.2185
20100325,1.3976
20100326,2.2327
20100327,6.6905
20100328,3.9549
20100329,7.0259
20100330,6.9884
20100331,6.7942
20100401,4.0689
20100402,1.7426
20100403,5.6951
20100404,6.2801
20100405,7.6869
20100406,4.722
20100407,3.122
20100408,5.9023
20100409,3.6361
20100410,3.9103
20100411,3.0169
20100412,2.6743
20100413,3.1255
20100414,4.0988
20100415,5.1102
20100416,3.537
20100417,5.4916
20100418,6.2959
20100419,6.1622
20100420,5.9641
20100421,7.1812
20100422,10.927
20100423,10.14
20100424,8.5647
20100425,7.4398
20100426,7.7279
20100427,9.9798
20100428,8.8871
20100429,7.8818
20100430,6.4604
20100501,6.8163
20100502,6.7941
20100503,5.0008
20100504,7.2478
20100505,6.389
20100506,7.091
20100507,6.3971
20100508,7.6448
20100509,5.0105
20100510,4.9433
20100511,7.9245
20100512,9.5425
20100513,11.007
20100514,8.6279
20100515,10.226
20100516,9.577
20100517,10.306
20100518,9.8711
20100519,11.716
20100520,12.391
20100521,9.9725
20100522,9.7136
20100523,8.2162
20100524,9.7326
20100525,9.99
20100526,9.0803
20100527,11.924
20100528,7.9601
20100529,7.1469
20100530,5.8607
20100531,8.8411
20100601,10
20100602,10.01
20100603,11.382
20100604,14.141
20100605,11.852
20100606,13.404
20100607,10.46
20100608,8.5947
20100609,10.458
20100610,11.877
20100611,12.46
20100612,15.033
20100613,16.103
20100614,14.921
20100615,15.003
20100616,16.543
20100617,14.283
20100618,13.428
20100619,13.688
20100620,14.553
20100621,13.146
20100622,14.042
20100623,13.856
20100624,14.438
20100625,15.179
20100626,13.004
20100627,14.652
20100628,13.089
20100629,13.003
20100630,15.246
20100701,18.19
20100702,18.821
20100703,18.022
20100704,16.17
20100705,16.438
20100706,21.123
20100707,19.064
20100708,22.238
20100709,20.992
20100710,24.368
20100711,23.11
20100712,20.816
20100713,19.667
20100714,19.648
20100715,18.957
20100716,18.496
20100717,21.217
20100718,24.263
20100719,23.656
20100720,20.18
20100721,19.278
20100722,19.178
20100723,19.435
20100724,18.194
20100725,17.572
20100726,16.816
20100727,17.988
20100728,19.044
20100729,19.093
20100730,16.555
20100731,16.006
20100801,16.525
20100802,18.152
20100803,19.899
20100804,18.713
20100805,20.331
20100806,21.065
20100807,19.854
20100808,21.401
20100809,21.243
20100810,23.048
20100811,21.881
20100812,22.95
20100813,24.054
20100814,23.768
20100815,22.795
20100816,21.983
20100817,19.687
20100818,16.041
20100819,16.747
20100820,17.703
20100821,16.137
20100822,14.327
20100823,12.832
20100824,14.676
20100825,17.34
20100826,17.779
20100827,15.001
20100828,14.336
20100829,15.625
20100830,18.311
20100831,17.81
20100901,15.708
20100902,16.358
20100903,20.27
20100904,18.097
20100905,21.862
20100906,19.819
20100907,18.059
20100908,15.303
20100909,13.359
20100910,13.305
20100911,15.746
20100912,11.946
20100913,11.993
20100914,14.613
20100915,16.593
20100916,14.454
20100917,15.102
20100918,13.179
20100919,11.328
20100920,14.304
20100921,12.482
20100922,13.178
20100923,12.405
20100924,10.507
20100925,8.5184
20100926,10.029
20100927,9.987
20100928,11.528
20100929,12.485
20100930,13.334
20101001,12.48
20101002,8.8577
20101003,6.904
20101004,7.8882
20101005,9.6797
20101006,13.928
20101007,12.998
20101008,13.042
20101009,11.39
20101010,11.335
20101011,8.6884
20101012,8.1316
20101013,13.114
20101014,13.018
20101015,12.037
20101016,7.7509
20101017,7.636
20101018,7.468
20101019,4.9616
20101020,4.5413
20101021,6.3219
20101022,11.339
20101023,8.73
20101024,7.0167
20101025,6.9331
20101026,6.078
20101027,9.6628
20101028,11.534
20101029,8.8231
20101030,7.1956
20101031,11.183
20101101,9.3364
20101102,3.4416
20101103,1.0015
20101104,-0.69511
20101105,-0.75328
20101106,0.34929
20101107,1.5927
20101108,2.6543
20101109,0.62288
20101110,0.03301
20101111,-0.7963
20101112,-0.31918
20101113,-0.13623
20101114,-1.1577
20101115,1.7972
20101116,2.3389
20101117,-0.35627
20101118,-1.3766
20101119,0.91273
20101120,2.3479
20101121,4.0746
20101122,3.3602
20101123,5.44
20101124,5.8352
20101125,4.6137
20101126,3.5375
20101127,2.5639
20101128,5.4637
20101129,3.7621
20101130,1.8785
20101201,1.4607
20101202,4.348
20101203,1.9652
20101204,9.7746
20101205,3.6086
20101206,0.97308
20101207,-1.3488
20101208,1.3988
20101209,2.5523
20101210,2.053
20101211,-0.002655
20101212,-0.74475
20101213,0.40756
20101214,0.39497
20101215,-0.94933
20101216,-1.862
20101217,-3.362
20101218,-3.7724
20101219,-1.7946
20101220,-2.6158
20101221,-3.9769
20101222,-4.3695
20101223,-5.0152
20101224,-3.98
20101225,-5.0852
20101226,-4.3921
20101227,-1.7381
20101228,-0.94797
20101229,-0.72637
20101230,-1.4979
20101231,-0.64011
20110101,-4.2869
20110102,-6.0094
20110103,-4.7492
20110104,-3.5812
20110105,-3.2882
20110106,-3.1518
20110107,-2.9232
20110108,-3.6272
20110109,-3.4917
20110110,-4.2767
20110111,-4.4499
20110112,-4.0864
20110113,-2.2588
20110114,-2.2927
20110115,2.3123
20110116,2.9449
20110117,-1.7325
20110118,-2.2785
20110119,-1.416
20110120,-3.7953
20110121,-6.0969
20110122,-6.7678
20110123,-3.3568
20110124,-4.9286
20110125,-4.9892
20110126,-6.9046
20110127,-5.0365
20110128,-6.6296
20110129,-4.4773
20110130,-5.5755
20110131,-6.6827
20110201,-7.9507
20110202,-6.9717
20110203,-2.7568
20110204,-4.7104
20110205,-4.3291
20110206,-3.4789
20110207,-4.0008
20110208,-5.9394
20110209,-5.4463
20110210,-4.6834
20110211,-3.6084
20110212,-5.6727
20110213,-4.8494
20110214,-6.3756
20110215,-7.4399
20110216,-5.9854
20110217,-4.6767
20110218,-3.1032
20110219,-5.0871
20110220,-3.3815
20110221,-3.6777
20110222,-2.7785
20110223,-3.9916
20110224,2.2278
20110225,2.1618
20110226,-1.3349
20110227,-0.3182
20110228,3.4307
20110301,6.0983
20110302,7.3372
20110303,5.7257
20110304,3.0253
20110305,1.8821
20110306,-1.1819
20110307,-1.5748
20110308,0.21336
20110309,-0.29986
20110310,1.9327
20110311,0.66999
20110312,1.0985
20110313,1.2164
20110314,2.5206
20110315,1.3584
20110316,0.62019
20110317,2.0846
20110318,3.4676
20110319,2.9264
20110320,2.9579
20110321,2.8671
20110322,3.1988
20110323,4.7522
20110324,2.8173
20110325,1.8275
20110326,1.956
20110327,5.4403
20110328,5.4138
20110329,5.4116
20110330,2.6703
20110331,1.8578
20110401,1.9847
20110402,2.1786
20110403,4.3499
20110404,3.5057
20110405,4.3101
20110406,2.8762
20110407,3.6161
20110408,4.7636
20110409,4.3878
20110410,4.1083
20110411,8.4537
20110412,7.2351
20110413,5.8749
20110414,4.7009
20110415,5.0145
20110416,5.4342
20110417,3.8164
20110418,1.9958
20110419,2.4535
20110420,4.9883
20110421,4.6596
20110422,4.3763
20110423,5.3747
20110424,5.9509
20110425,6.8207
20110426,8.0116
20110427,8.4568
20110428,8.6735
20110429,7.5581
20110430,6.0164
20110501,6.8412
20110502,7.1688
20110503,8.6717
20110504,10.646
20110505,11.74
20110506,9.7832
20110507,8.6732
20110508,7.7336
20110509,6.8039
20110510,8.5998
20110511,6.085
20110512,7.9002
20110513,5.1445
20110514,10.582
20110515,9.6401
20110516,8.6951
20110517,10.205
20110518,10.987
20110519,8.611
20110520,8.4497
20110521,7.2977
20110522,6.1237
20110523,7.5325
20110524,5.4937
20110525,9.7306
20110526,6.6376
20110527,9.1494
20110528,8.7151
20110529,9.0154
20110530,10.845
20110531,10.298
20110601,11.635
20110602,13.972
20110603,12.264
20110604,10.653
20110605,11.775
20110606,13.668
20110607,15.515
20110608,14.064
20110609,13.539
20110610,12.535
20110611,12.762
20110612,11.809
20110613,11.673
20110614,12.336
20110615,14.125
20110616,15.656
20110617,15.543
20110618,15.216
20110619,14.945
20110620,17.047
20110621,16.91
20110622,17.276
20110623,18.355
20110624,17.643
20110625,17.503
20110626,18.91
20110627,18.592
20110628,19.922
20110629,21.007
20110630,22.676
20110701,20.257
20110702,21.247
20110703,20.735
20110704,21.655
20110705,21.2
20110706,18.461
20110707,17.822
20110708,19.966
20110709,16.939
20110710,13.447
20110711,13.047
20110712,18.505
20110713,17.531
20110714,16.01
20110715,17.176
20110716,14.861
20110717,15.721
20110718,17.053
20110719,18.76
20110720,15.701
20110721,14.382
20110722,16.099
20110723,18.55
20110724,16.029
20110725,15.712
20110726,15.714
20110727,16.872
20110728,16.252
20110729,18.334
20110730,18.811
20110731,19.072
20110801,16.877
20110802,17.14
20110803,16.445
20110804,14.859
20110805,14.954
20110806,18.539
20110807,16.873
20110808,17.871
20110809,19.354
20110810,17.817
20110811,15.295
20110812,17.013
20110813,19.765
20110814,19.126
20110815,18.214
20110816,18.968
20110817,16.893
20110818,14.458
20110819,14.527
20110820,16.793
20110821,12.661
20110822,13.023
20110823,15.544
20110824,17.719
20110825,16.445
20110826,16.105
20110827,16.487
20110828,17.166
20110829,16.552
20110830,16.71
20110831,14.212
20110901,16.58
20110902,15.356
20110903,16.078
20110904,14.972
20110905,16.12
20110906,16.137
20110907,17.493
20110908,15.603
20110909,15.425
20110910,16.098
20110911,16.292
20110912,15.184
20110913,15.208
20110914,14.504
20110915,14.092
20110916,16.276
20110917,17.725
20110918,15.456
20110919,15.017
20110920,15.425
20110921,17.906
20110922,14.025
20110923,10.64
20110924,12.719
20110925,11.277
20110926,11.546
20110927,10.094
20110928,11.944
20110929,9.9378
20110930,9.1714
20111001,10.859
20111002,11.293
20111003,12.688
20111004,13.332
20111005,10.182
20111006,7.5834
20111007,7.2442
20111008,6.3796
20111009,5.3288
20111010,11.92
20111011,11.997
20111012,5.7402
20111013,3.7329
20111014,2.1607
20111015,1.2793
20111016,1.6653
20111017,3.6098
20111018,1.5093
20111019,2.6336
20111020,4.6539
20111021,1.637
20111022,-0.25713
20111023,-0.89929
20111024,5.5975
20111025,8.3432
20111026,8.243
20111027,7.272
20111028,4.8242
20111029,1.6638
20111030,-0.36491
20111031,0.64746
20111101,2.9961
20111102,4.1095
20111103,2.0165
20111104,4.5789
20111105,1.0591
20111106,0.078176
20111107,1.1322
20111108,-0.3797
20111109,-0.47753
20111110,0.40786
20111111,0.7159
20111112,-0.6375
20111113,-0.52288
20111114,-0.4303
20111115,-1.0633
20111116,-0.0044047
20111117,1.5866
20111118,0.25994
20111119,0.053243
20111120,-0.91286
20111121,3.6861
20111122,1.9486
20111123,0.52139
20111124,3.5441
20111125,3.3692
20111126,7.1474
20111127,4.1815
20111128,1.8689
20111129,0.92575
20111130,0.36985
20111201,1.5523
20111202,6.4721
20111203,2.9857
20111204,-1.4277
20111205,-2.841
20111206,-3.0112
20111207,1.171
20111208,7.0688
20111209,9.3831
20111210,3.5536
20111211,0.80907
20111212,5.9088
20111213,10.304
20111214,9.9497
20111215,8.0633
20111216,5.2297
20111217,6.4068
20111218,2.8448
20111219,2.6112
20111220,8.9958
20111221,5.6873
20111222,3.856
20111223,-0.36765
20111224,-2.5989
20111225,-3.6819
20111226,-4.6255
20111227,-4.7676
20111228,-5.2461
20111229,-5.0981
20111230,-4.8626
20111231,-5.0183
20120101,-1.9688
20120102,-3.4856
20120103,-4.6574
20120104,-2.2695
20120105,2.9026
20120106,5.1487
20120107,0.92936
20120108,2.2378
20120109,4.3766
20120110,3.7182
20120111,3.7336
20120112,1.5789
20120113,-0.33411
20120114,-1.9652
20120115,-2.5764
20120116,-3.4194
20120117,0.64545
20120118,-1.6093
20120119,-3.6666
20120120,-2.2084
20120121,-4.3309
20120122,-0.58744
20120123,-3.4638
20120124,-0.22978
20120125,-0.73762
20120126,-2.2997
20120127,-2.2316
20120128,-3.0883
20120129,0.51657
20120130,0.63382
20120131,0.092702
20120201,-0.054921
20120202,-0.65998
20120203,-0.23656
20120204,0.62135
20120205,0.58361
20120206,-1.393
20120207,2.2013
20120208,-0.56119
20120209,-1.2596
20120210,-1.2972
20120211,0.24602
20120212,-0.39599
20120213,-0.0018616
20120214,1.3121
20120215,0.5268
20120216,-0.33853
20120217,0.3633
20120218,3.3905
20120219,3.0244
20120220,1.1973
20120221,-1.3652
20120222,2.156
20120223,0.012512
20120224,0.96582
20120225,2.683
20120226,0.57349
20120227,0.89389
20120228,1.7629
20120229,7.8477
20120301,6.5374
20120302,7.8715
20120303,3.2062
20120304,1.7621
20120305,6.409
20120306,1.8176
20120307,3.3777
20120308,4.2666
20120309,6.3529
20120310,2.4704
20120311,1.7601
20120312,0.94533
20120313,-0.082469
20120314,4.6787
20120315,0.51784
20120316,2.7044
20120317,4.3933
20120318,2.4496
20120319,3.5337
20120320,7.8399
20120321,6.325
20120322,3.0029
20120323,3.3149
20120324,5.1492
20120325,3.9437
20120326,2.3946
20120327,5.7993
20120328,2.7257
20120329,4.5935
20120330,8.0115
20120331,6.2121
20120401,5.2705
20120402,5.2213
20120403,7.2497
20120404,4.5722
20120405,3.9347
20120406,3.054
20120407,4.4162
20120408,4.741
20120409,3.8968
20120410,3.7611
20120411,3.0523
20120412,4.2047
20120413,3.3302
20120414,4.2445
20120415,0.6757
20120416,3.042
20120417,2.0642
20120418,2.0239
20120419,2.0172
20120420,4.5699
20120421,3.6828
20120422,5.0632
20120423,4.9075
20120424,3.9948
20120425,6.5707
20120426,5.3468
20120427,5.2667
20120428,5.1515
20120429,5.4339
20120430,5.469
20120501,5.8251
20120502,7.9676
20120503,9.7225
20120504,8.6406
20120505,7.4007
20120506,8.6227
20120507,10.353
20120508,8.9634
20120509,6.7005
20120510,8.6452
20120511,7.4747
20120512,7.849
20120513,9.2171
20120514,9.8197
20120515,12.336
20120516,10.924
20120517,11.7
20120518,8.5818
20120519,7.7029
20120520,9.5664
20120521,6.7428
20120522,6.9853
20120523,10.231
20120524,11.086
20120525,8.2116
20120526,6.6754
20120527,8.5808
20120528,11.498
20120529,11.826
20120530,9.6573
20120531,9.3687
20120601,9.6183
20120602,8.5229
20120603,10.418
20120604,9.125
20120605,7.7446
20120606,12.984
20120607,11.295
20120608,12.903
20120609,13.321
20120610,12.918
20120611,10.533
20120612,12.748
20120613,11.052
20120614,10.346
20120615,12.689
20120616,13.869
20120617,14.334
20120618,15.527
20120619,17.219
20120620,16.455
20120621,15.252
20120622,14.296
20120623,16.825
20120624,15.414
20120625,15.193
20120626,18.073
20120627,17.354
20120628,18.059
20120629,15.199
20120630,14.623
20120701,15.903
20120702,16.831
20120703,16.872
20120704,12.98
20120705,11.076
20120706,12.144
20120707,12.918
20120708,15.6
20120709,16.038
20120710,18.639
20120711,17.191
20120712,17.398
20120713,16.217
20120714,16.796
20120715,17.376
20120716,17.266
20120717,18.418
20120718,18.832
20120719,17.615
20120720,18.079
20120721,19.04
20120722,19.722
20120723,19.984
20120724,17.738
20120725,16.419
20120726,19.222
20120727,20.346
20120728,17.677
20120729,18.583
20120730,17.387
20120731,17.44
20120801,17.507
20120802,18.776
20120803,18.885
20120804,17.239
20120805,16.726
20120806,16.718
20120807,16.109
20120808,18.632
20120809,19.026
20120810,17.541
20120811,17.001
20120812,16.651
20120813,18.631
20120814,20.657
20120815,19.777
20120816,20.342
20120817,20.836
20120818,18.588
20120819,18.089
20120820,18.708
20120821,16.095
20120822,18.458
20120823,19.748
20120824,18.922
20120825,17.138
20120826,14.905
20120827,16.594
20120828,17.685
20120829,15.454
20120830,14.068
20120831,15.083
20120901,15.649
20120902,14.465
20120903,15.325
20120904,13.622
20120905,13.964
20120906,15.075
20120907,16.318
20120908,18.077
20120909,17.819
20120910,18.106
20120911,18.303
20120912,19.33
20120913,19.034
20120914,16.603
20120915,15.361
20120916,16.637
20120917,14.365
20120918,13.674
20120919,14.724
20120920,11.919
20120921,13.936
20120922,11.98
20120923,10.063
20120924,11.244
20120925,12.478
20120926,15.232
20120927,12.121
20120928,11.109
20120929,13.393
20120930,11.531
20121001,12.976
20121002,11.335
20121003,8.7996
20121004,11.328
20121005,14.083
20121006,13.127
20121007,11.87
20121008,8.9001
20121009,9.4943
20121010,10.102
20121011,12.256
20121012,9.4824
20121013,6.3942
20121014,6.466
20121015,6.7071
20121016,9.2489
20121017,9.8918
20121018,8.7316
20121019,6.8041
20121020,6.6154
20121021,5.5735
20121022,7.7631
20121023,10.24
20121024,10.078
20121025,9.5136
20121026,9.0821
20121027,8.2269
20121028,6.1842
20121029,5.2666
20121030,5.5175
20121031,4.5126
20121101,4.3383
20121102,3.9425
20121103,3.2985
20121104,2.8491
20121105,3.4319
20121106,4.2272
20121107,7.8048
20121108,8.2446
20121109,5.7444
20121110,5.939
20121111,4.3963
20121112,1.9357
20121113,8.3882
20121114,3.373
20121115,-0.33973
20121116,-2.3483
20121117,-3.7275
20121118,-3.5899
20121119,-5.3675
20121120,-2.4908
20121121,-3.2425
20121122,-0.12607
20121123,-1.4943
20121124,0.94898
20121125,4.4916
20121126,4.7744
20121127,4.7126
20121128,4.6591
20121129,5.4764
20121130,5.9385
20121201,5.6524
20121202,4.1644
20121203,3.7019
20121204,3.4792
20121205,2.9224
20121206,5.087
20121207,5.2404
20121208,3.8281
20121209,4.578
20121210,3.4543
20121211,2.889
20121212,1.0349
20121213,-0.10659
20121214,-0.54792
20121215,1.5231
20121216,4.2185
20121217,3.7518
20121218,2.4779
20121219,0.78906
20121220,-0.3301
20121221,0.14424
20121222,4.3979
20121223,7.2573
20121224,4.03
20121225,1.9133
20121226,2.433
20121227,2.1551
20121228,4.2113
20121229,0.89412
20121230,-1.3568
20121231,-3.7704
20130101,-3.183
20130102,-3.0209
20130103,-2.4086
20130104,-1.4345
20130105,-1.2181
20130106,1.4238
20130107,2.5088
20130108,1.7154
20130109,9.5161
20130110,9.9977
20130111,8.3068
20130112,4.0789
20130113,2.1122
20130114,3.451
20130115,1.4673
20130116,-0.38488
20130117,2.844
20130118,2.6692
20130119,2.0101
20130120,-0.34692
20130121,-0.40182
20130122,-1.838
20130123,0.21817
20130124,1.0578
20130125,-0.38659
20130126,-0.30484
20130127,2.3014
20130128,-0.12073
20130129,-0.86622
20130130,-0.45749
20130131,-2.1663
20130201,-1.585
20130202,-0.57691
20130203,7.2778
20130204,5.0076
20130205,1.0444
20130206,0.89018
20130207,4.4614
20130208,0.12747
20130209,-1.5256
20130210,2.1666
20130211,0.75144
20130212,-1.4002
20130213,0.92307
20130214,-0.037109
20130215,-1.476
20130216,-0.85354
20130217,-0.82987
20130218,0.6979
20130219,0.46828
20130220,0.42602
20130221,-0.71702
20130222,-0.15131
20130223,2.1049
20130224,1.1945
20130225,1.1656
20130226,1.8762
20130227,1.2131
20130228,-0.67653
20130301,0.52631
20130302,1.6825
20130303,1.1951
20130304,0.98971
20130305,-0.91188
20130306,0.29427
20130307,1.5102
20130308,3.9023
20130309,2.1076
20130310,4.1213
20130311,5.0398
20130312,1.3602
20130313,2.1496
20130314,3.9104
20130315,2.8148
20130316,3.7432
20130317,3.4983
20130318,5.1244
20130319,6.9873
20130320,5.337
20130321,5.7467
20130322,1.4098
20130323,-0.76475
20130324,-1.6024
20130325,-0.27536
20130326,1.6427
20130327,3.554
20130328,4.4348
20130329,4.1799
20130330,3.9128
20130331,5.4296
20130401,6.9389
20130402,5.3224
20130403,4.2557
20130404,6.1697
20130405,5.0703
20130406,4.0369
20130407,8.6602
20130408,6.1214
20130409,2.37
20130410,3.4976
20130411,1.5626
20130412,0.026825
20130413,1.7981
20130414,3.0062
20130415,9.2304
20130416,9.7269
20130417,9.0121
20130418,6.4741
20130419,7.356
20130420,8.0073
20130421,7.2681
20130422,5.8917
20130423,6.1446
20130424,7.6747
20130425,8.3948
20130426,10.354
20130427,9.0362
20130428,10.811
20130429,8.4053
20130430,7.3139
20130501,5.1115
20130502,6.0032
20130503,11.399
20130504,10.193
20130505,10.221
20130506,10.263
20130507,10.741
20130508,10.394
20130509,10.832
20130510,9.3901
20130511,8.9264
20130512,7.9956
20130513,8.4242
20130514,9.8917
20130515,10.552
20130516,13.301
20130517,12.037
20130518,8.9074
20130519,7.1185
20130520,7.8906
20130521,8.0157
20130522,8.9139
20130523,8.6307
20130524,6.8493
20130525,7.6054
20130526,10.007
20130527,11.927
20130528,10.24
20130529,10.022
20130530,12.134
20130531,12.678
20130601,12.913
20130602,14.938
20130603,14.945
20130604,14.176
20130605,14.155
20130606,13.046
20130607,12.419
20130608,13.911
20130609,15.021
20130610,15.07
20130611,15.329
20130612,14.641
20130613,17.657
20130614,15.959
20130615,16.975
20130616,16.738
20130617,16.151
20130618,15.991
20130619,16.202
20130620,18.606
20130621,16.958
20130622,14.644
20130623,13.493
20130624,15.619
20130625,15.818
20130626,14.265
20130627,16.332
20130628,17.888
20130629,15.385
20130630,15.286
20130701,17.63
20130702,17.184
20130703,18.01
20130704,17.926
20130705,18.502
20130706,18.946
20130707,17.844
20130708,19.903
20130709,19.186
20130710,18.659
20130711,19.348
20130712,18.407
20130713,19.016
20130714,19.742
20130715,15.565
20130716,13.179
20130717,14.453
20130718,17.941
20130719,15.568
20130720,13.636
20130721,14.333
20130722,16.446
20130723,17.418
20130724,17.071
20130725,15.935
20130726,18.462
20130727,19.456
20130728,20.048
20130729,17.597
20130730,17.057
20130731,16.335
20130801,16.176
20130802,14.734
20130803,14.621
20130804,16.043
20130805,14.036
20130806,12.58
20130807,14.038
20130808,12.585
20130809,11.993
20130810,14.035
20130811,15.665
20130812,16.824
20130813,14.184
20130814,13.608
20130815,12.521
20130816,13.13
20130817,13.887
20130818,14.684
20130819,13.661
20130820,14.06
20130821,15.297
20130822,13.192
20130823,11.313
20130824,18.507
20130825,13.423
20130826,10.937
20130827,14.059
20130828,11.646
20130829,14.132
20130830,16.036
20130831,13.136
20130901,10.097
20130902,10.458
20130903,10.912
20130904,12.386
20130905,13.119
20130906,10.1
20130907,9.6401
20130908,11.578
20130909,14.306
20130910,11.386
20130911,9.3041
20130912,8.6088
20130913,10.113
20130914,10.239
20130915,10.46
20130916,11.091
20130917,11.37
20130918,13.085
20130919,10.337
20130920,10.214
20130921,9.8772
20130922,9.7435
20130923,9.6806
20130924,9.7811
20130925,10.608
20130926,12.173
20130927,9.4839
20130928,7.5567
20130929,9.372
20130930,8.9187
20131001,8.0949
20131002,7.1434
20131003,6.1168
20131004,5.9891
20131005,6.5708
20131006,5.8154
20131007,7.1873
20131008,7.5118
20131009,11.843
20131010,11.052
20131011,8.1093
20131012,6.0365
20131013,2.9566
20131014,1.803
20131015,4.094
20131016,2.8246
20131017,6.2834
20131018,6.0338
20131019,6.2424
20131020,7.263
20131021,4.6465
20131022,5.5791
20131023,4.0808
20131024,3.5476
20131025,9.0929
20131026,9.5944
20131027,4.5809
20131028,8.273
20131029,7.5736
20131030,6.3246
20131031,4.3282
20131101,3.7653
20131102,2.6316
20131103,2.2742
20131104,4.9617
20131105,4.4337
20131106,2.2692
20131107,6.554
20131108,8.9863
20131109,4.96
20131110,4.2512
20131111,3.3714
20131112,2.5334
20131113,5.8208
20131114,6.7597
20131115,4.4005
20131116,11.104
20131117,10.432
20131118,6.087
20131119,5.1322
20131120,9.5361
20131121,9.0558
20131122,9.8668
20131123,10.436
20131124,10.874
20131125,6.6219
20131126,4.8541
20131127,4.0864
20131128,3.3109
20131129,2.646
20131130,2.4977
20131201,0.47973
20131202,0.45586
20131203,0.25873
20131204,-0.38164
20131205,-1.0053
20131206,-2.6646
20131207,-3.914
20131208,-4.2429
20131209,-0.73592
20131210,-2.5618
20131211,-1.9595
20131212,0.9399
20131213,-0.91576
20131214,5.4669
20131215,1.6358
20131216,0.055796
20131217,-0.79708
20131218,-1.9034
20131219,-0.26678
20131220,-1.2075
20131221,-2.2852
20131222,-2.8699
20131223,-1.5308
20131224,-2.8556
20131225,-3.1419
20131226,-3.5925
20131227,-4.624
20131228,-5.1515
20131229,-6.66
20131230,-2.5758
20131231,-2.8742
20140101,-3.0255
20140102,-2.1371
20140103,-1.9888
20140104,-0.8934
20140105,0.40028
20140106,-0.47082
20140107,-0.063293
20140108,2.6883
20140109,-0.64863
20140110,-0.56635
20140111,0.97693
20140112,-0.014404
20140113,1.0763
20140114,0.19932
20140115,-2.5485
20140116,-3.1295
20140117,0.13154
20140118,0.28253
20140119,-1.9306
20140120,-1.374
20140121,-0.60335
20140122,0.13428
20140123,6.1871
20140124,0.78407
20140125,-1.4386
20140126,-0.91326
20140127,-0.54195
20140128,-1.8356
20140129,-4.5291
20140130,-6.7463
20140131,-4.7134
20140201,-2.6187
20140202,-3.1162
20140203,2.7974
20140204,0.96939
20140205,2.6368
20140206,7.4736
20140207,4.2074
20140208,3.6939
20140209,1.2872
20140210,0.16253
20140211,2.0325
20140212,2.4311
20140213,0.43372
20140214,0.46382
20140215,-1.7212
20140216,-1.5879
20140217,1.0016
20140218,5.5372
20140219,2.7646
20140220,0.84896
20140221,-0.45306
20140222,0.3012
20140223,-0.8127
20140224,-1.8546
20140225,0.82436
20140226,1.0215
20140227,-1.1292
20140228,-3.6747
20140301,-1.2359
20140302,-3.241
20140303,-2.3291
20140304,-0.040324
20140305,2.9698
20140306,3.1741
20140307,-0.71036
20140308,-1.6147
20140309,-2.4376
20140310,-3.0966
20140311,-0.43888
20140312,-3.4814
20140313,-2.8959
20140314,-0.33054
20140315,-2.6859
20140316,-1.7799
20140317,-2.9091
20140318,-2.2604
20140319,-0.49956
20140320,3.621
20140321,1.0732
20140322,1.6703
20140323,2.6697
20140324,4.588
20140325,5.4043
20140326,7.3193
20140327,9.4373
20140328,6.252
20140329,3.6805
20140330,6.6051
20140331,4.4654
20140401,4.5992
20140402,6.2612
20140403,3.866
20140404,4.29
20140405,5.6599
20140406,2.45
20140407,0.85052
20140408,-0.060954
20140409,-0.60411
20140410,0.0015361
20140411,2.8755
20140412,4.0896
20140413,2.8812
20140414,1.6447
20140415,4.3609
20140416,8.6546
20140417,5.2653
20140418,3.0777
20140419,2.6208
20140420,10.013
20140421,6.2812
20140422,3.6802
20140423,8.5526
20140424,5.3099
20140425,5.2738
20140426,3.7501
20140427,5.0186
20140428,6.8722
20140429,9.4358
20140430,10.915
20140501,10.684
20140502,10.47
20140503,10.646
20140504,12.769
20140505,11.098
20140506,9.8891
20140507,11.508
20140508,9.7553
20140509,10.368
20140510,10.293
20140511,11.145
20140512,11.956
20140513,6.5473
20140514,4.7809
20140515,7.502
20140516,5.0505
20140517,8.6895
20140518,7.3762
20140519,8.97
20140520,9.0834
20140521,9.9153
20140522,8.1707
20140523,9.7502
20140524,10.462
20140525,13.228
20140526,13.942
20140527,11.553
20140528,10.201
20140529,12.125
20140530,10.363
20140531,11.916
20140601,11.61
20140602,9.2359
20140603,12.525
20140604,10.996
20140605,8.8359
20140606,11.648
20140607,9.7395
20140608,11.669
20140609,11.921
20140610,12.692
20140611,15.397
20140612,14.54
20140613,15.495
20140614,15.267
20140615,13.852
20140616,15.34
20140617,14.586
20140618,14.34
20140619,15.4
20140620,15.816
20140621,15.406
20140622,15.687
20140623,15.423
20140624,15.495
20140625,16.702
20140626,14.103
20140627,13.695
20140628,14.416
20140629,15.141
20140630,15.233
20140701,12.236
20140702,13.383
20140703,13.612
20140704,10.131
20140705,11.241
20140706,13.919
20140707,14.098
20140708,11.907
20140709,13.433
20140710,15.689
20140711,16.478
20140712,16.965
20140713,16.726
20140714,14.834
20140715,15.934
20140716,17.439
20140717,17.901
20140718,19.78
20140719,18.083
20140720,18.087
20140721,19.366
20140722,20.162
20140723,19.485
20140724,20.659
20140725,20.386
20140726,19.628
20140727,18.576
20140728,18.53
20140729,19.237
20140730,18.558
20140731,19.227
20140801,18.89
20140802,21.234
20140803,21.403
20140804,20.238
20140805,20.068
20140806,20.664
20140807,19.519
20140808,18.909
20140809,21.094
20140810,20.138
20140811,18.392
20140812,19.475
20140813,18.693
20140814,16.35
20140815,19.021
20140816,18.262
20140817,18.37
20140818,21.459
20140819,21.14
20140820,20.346
20140821,19.244
20140822,20.071
20140823,21.169
20140824,20.34
20140825,18.093
20140826,18.736
20140827,20.537
20140828,20.983
20140829,21.959
20140830,22.493
20140831,19.807
20140901,19.561
20140902,19.293
20140903,17.78
20140904,17.924
20140905,18.868
20140906,19.196
20140907,18.809
20140908,17.279
20140909,17.358
20140910,19.271
20140911,19.26
20140912,19.257
20140913,17.266
20140914,18.716
20140915,18.539
20140916,19.995
20140917,16.959
20140918,16.818
20140919,15.712
20140920,16.704
20140921,15.132
20140922,15.512
20140923,13.621
20140924,13.799
20140925,13.108
20140926,14.43
20140927,15.215
20140928,16.737
20140929,14.905
20140930,13.25
20141001,12.038
20141002,14.56
20141003,17.149
20141004,12.244
20141005,9.7227
20141006,8.2628
20141007,8.7331
20141008,10.539
20141009,10.182
20141010,12.078
20141011,14.539
20141012,17.083
20141013,12.209
20141014,10.634
20141015,17.102
20141016,16.281
20141017,15.211
20141018,15.069
20141019,12.936
20141020,12.082
20141021,11.134
20141022,9.7552
20141023,8.8877
20141024,9.178
20141025,8.5868
20141026,6.9475
20141027,5.851
20141028,5.139
20141029,4.0356
20141030,2.9412
20141031,2.0191
20141101,5.035
20141102,7.0952
20141103,4.2544
20141104,3.2935
20141105,1.4046
20141106,1.6287
20141107,0.50533
20141108,-0.077138
20141109,1.5241
20141110,2.5611
20141111,4.7257
20141112,3.8306
20141113,2.8211
20141114,-0.27208
20141115,-1.932
20141116,-1.8612
20141117,-2.2524
20141118,-3.6918
20141119,-2.2452
20141120,-0.76063
20141121,-1.7828
20141122,-2.4284
20141123,-4.6277
20141124,3.1895
20141125,4.7571
20141126,10.246
20141127,8.5513
20141128,3.5718
20141129,10.428
20141130,6.6345
20141201,3.087
20141202,2.4554
20141203,2.821
20141204,3.2306
20141205,8.8583
20141206,11.202
20141207,5.9072
20141208,1.584
20141209,1.5577
20141210,7.1194
20141211,3.1435
20141212,2.0658
20141213,2.1819
20141214,0.33358
20141215,-0.3145
20141216,2.7108
20141217,9.3651
20141218,5.5566
20141219,3.1477
20141220,6.1056
20141221,5.2092
20141222,4.83
20141223,0.10455
20141224,-1.2704
20141225,1.0191
20141226,-0.57303
20141227,2.0783
20141228,1.8778
20141229,1.2285
20141230,-0.76813
20141231,-2.7749
20150101,-2.3172
20150102,-1.2522
20150103,-3.9202
20150104,-4.3038
20150105,-2.7214
20150106,-2.4405
20150107,-2.511
20150108,-1.0822
20150109,-3.3889
20150110,-4.8157
20150111,-3.3516
20150112,-2.3063
20150113,-3.7563
20150114,-4.9639
20150115,0.67996
20150116,0.28
20150117,0.19498
20150118,-0.21167
20150119,-0.67902
20150120,0.28667
20150121,2.5953
20150122,0.058787
20150123,-0.081584
20150124,-1.0462
20150125,0.039286
20150126,0.01711
20150127,-1.137
20150128,-2.2192
20150129,1.8487
20150130,-1.0006
20150131,-3.8768
20150201,-2.59
20150202,-0.84052
20150203,-0.7884
20150204,-1.759
20150205,4.999
20150206,8.1952
20150207,3.6705
20150208,0.055949
20150209,0.0093689
20150210,-1.8997
20150211,3.4036
20150212,1.0299
20150213,-0.17382
20150214,-1.3393
20150215,1.3559
20150216,1.0291
20150217,-1.3382
20150218,-2.5914
20150219,2.1565
20150220,-0.27711
20150221,-1.4649
20150222,-1.251
20150223,-2.6001
20150224,-4.715
20150225,-4.0064
20150226,-1.2707
20150227,0.49257
20150228,-1.948
20150301,-1.8934
20150302,0.64743
20150303,0.57128
20150304,0.79134
20150305,1.1521
20150306,3.8241
20150307,1.07
20150308,1.5011
20150309,2.4627
20150310,5.6345
20150311,4.4879
20150312,4.4473
20150313,6.1051
20150314,6.3759
20150315,5.3182
20150316,6.6192
20150317,7.0388
20150318,7.8755
20150319,4.6792
20150320,2.5463
20150321,5.8228
20150322,6.6917
20150323,4.7515
20150324,7.7453
20150325,7.2375
20150326,4.4615
20150327,3.3948
20150328,3.3855
20150329,4.7272
20150330,6.429
20150331,6.5312
20150401,7.415
20150402,8.4206
20150403,10.023
20150404,9.4328
20150405,8.5437
20150406,10.815
20150407,9.2265
20150408,7.4543
20150409,7.8961
20150410,9.8432
20150411,9.5616
20150412,6.0496
20150413,5.2364
20150414,2.799
20150415,3.3121
20150416,4.0239
20150417,7.2835
20150418,4.7801
20150419,10.531
20150420,4.2404
20150421,1.9606
20150422,6.2755
20150423,3.757
20150424,4.9954
20150425,2.0774
20150426,1.1218
20150427,3.3405
20150428,2.4287
20150429,2.5965
20150430,8.0473
20150501,3.5843
20150502,5.5135
20150503,5.7016
20150504,7.6351
20150505,8.6509
20150506,8.1017
20150507,11.179
20150508,10.723
20150509,11.251
20150510,10.155
20150511,8.2726
20150512,8.2078
20150513,9.0766
20150514,10.727
20150515,12.106
20150516,10.542
20150517,11.053
20150518,11.229
20150519,9.2956
20150520,7.3492
20150521,10.388
20150522,13.435
20150523,12.096
20150524,7.6097
20150525,5.5329
20150526,7.3004
20150527,10.778
20150528,10.713
20150529,10.773
20150530,11.311
20150531,12.147
20150601,12.877
20150602,14.585
20150603,16.18
20150604,14.017
20150605,14.024
20150606,17.322
20150607,15.745
20150608,17.806
20150609,16.491
20150610,14.758
20150611,15.412
20150612,17.138
20150613,17.06
20150614,18.348
20150615,24.123
20150616,22.438
20150617,22.728
20150618,22.074
20150619,21.47
20150620,21.174
20150621,21.373
20150622,21.21
20150623,16.187
20150624,13.718
20150625,16.162
20150626,17.636
20150627,17.188
20150628,18.357
20150629,18.86
20150630,18.4
20150701,10.175
20150702,9.011
20150703,12.648
20150704,16.441
20150705,14.46
20150706,14.121
20150707,14.946
20150708,13.086
20150709,14.722
20150710,16.969
20150711,18.119
20150712,17.507
20150713,15.439
20150714,17.848
20150715,17.945
20150716,16.78
20150717,18.234
20150718,19.746
20150719,22.102
20150720,19.107
20150721,16.938
20150722,14.682
20150723,13.88
20150724,14.604
20150725,16.054
20150726,18.017
20150727,19.238
20150728,18.115
20150729,16.839
20150730,16.66
20150731,16.526
20150801,17.336
20150802,19.34
20150803,19.248
20150804,20.263
20150805,19.365
20150806,17.407
20150807,17.594
20150808,20.216
20150809,21.457
20150810,21.058
20150811,20.489
20150812,18.708
20150813,19.381
20150814,19.529
20150815,18.44
20150816,20.096
20150817,20.524
20150818,20.027
20150819,17.176
20150820,15.559
20150821,15.637
20150822,14.583
20150823,15.512
20150824,15.042
20150825,15.458
20150826,14.896
20150827,16.658
20150828,16.066
20150829,13.659
20150830,14.387
20150831,16.364
20150901,14.757
20150902,14.464
20150903,15.297
20150904,20.735
20150905,16.203
20150906,13.982
20150907,14.302
20150908,16.258
20150909,18.008
20150910,14.333
20150911,11.197
20150912,14.374
20150913,13.391
20150914,11.563
20150915,14.18
20150916,12.5
20150917,15.023
20150918,17.259
20150919,15.962
20150920,16.114
20150921,17.368
20150922,17.702
20150923,18.578
20150924,18.841
20150925,18.351
20150926,13.47
20150927,11.486
20150928,12.344
20150929,14.411
20150930,11.446
20151001,9.886
20151002,8.2928
20151003,11.827
20151004,11.429
20151005,11.817
20151006,15.711
20151007,15.693
20151008,14.075
20151009,12.789
20151010,10.339
20151011,9.6816
20151012,9.6313
20151013,10.222
20151014,9.9359
20151015,10.241
20151016,12.474
20151017,13.684
20151018,15.53
20151019,13.498
20151020,13.578
20151021,8.2779
20151022,6.4108
20151023,7.1987
20151024,7.6107
20151025,6.1793
20151026,8.0778
20151027,11.535
20151028,9.5788
20151029,8.5759
20151030,6.6188
20151031,3.542
20151101,3.4601
20151102,3.0295
20151103,3.6725
20151104,4.4987
20151105,4.1093
20151106,3.6098
20151107,2.8626
20151108,5.6836
20151109,5.2818
20151110,4.0069
20151111,2.7576
20151112,2.2224
20151113,2.0176
20151114,1.5504
20151115,0.65779
20151116,1.892
20151117,0.47088
20151118,0.57902
20151119,7.1524
20151120,9.9207
20151121,9.1576
20151122,5.3131
20151123,5.5331
20151124,6.0852
20151125,5.8261
20151126,5.6945
20151127,4.7072
20151128,6.0673
20151129,12.138
20151130,8.7076
20151201,8.8117
20151202,8.416
20151203,9.4287
20151204,8.4024
20151205,7.1035
20151206,4.135
20151207,4.5309
20151208,10.29
20151209,9.7868
20151210,6.1379
20151211,4.4295
20151212,2.8638
20151213,2.5839
20151214,2.3756
20151215,1.2159
20151216,1.5154
20151217,0.049133
20151218,-0.049082
20151219,2.644
20151220,0.48578
20151221,-1.258
20151222,-1.3415
20151223,-1.0464
20151224,-0.62253
20151225,0.58354
20151226,4.6778
20151227,5.322
20151228,3.0099
20151229,-1.7006
20151230,-2.5963
20151231,-3.5192
20160101,2.3694
20160102,6.0561
20160103,0.77588
20160104,-0.0055847
20160105,-1.1151
20160106,-1.3154
20160107,-0.65764
20160108,-2.3053
20160109,0.23681
20160110,-0.8426
20160111,-1.5054
20160112,0.82588
20160113,1.479
20160114,3.1215
20160115,2.2933
20160116,0.64878
20160117,2.4833
20160118,2.3577
20160119,-0.038442
20160120,-0.98462
20160121,-3.1322
20160122,-1.8088
20160123,3.2716
20160124,2.2222
20160125,6.6973
20160126,4.8202
20160127,5.3688
20160128,4.6004
20160129,3.3282
20160130,1.771
20160131,6.2059
20160201,3.2793
20160202,1.6754
20160203,-0.065552
20160204,0.12736
20160205,-1.0107
20160206,-1.8725
20160207,-2.5281
20160208,-2.0179
20160209,-1.8764
20160210,-1.2053
20160211,0.80704
20160212,0.15226
20160213,1.0133
20160214,1.4713
20160215,0.40863
20160216,3.8684
20160217,3.7674
20160218,7.3984
20160219,4.1571
20160220,0.57659
20160221,-0.99944
20160222,0.80369
20160223,-0.069031
20160224,3.1992
20160225,9.1701
20160226,9.0894
20160227,8.8367
20160228,8.7342
20160229,6.4408
20160301,4.2776
20160302,3.352
20160303,2.7721
20160304,0.74521
20160305,-1.8723
20160306,1.6716
20160307,0.82592
20160308,0.12187
20160309,-1.1973
20160310,0.34602
20160311,-1.1457
20160312,-2.8109
20160313,-4.7317
20160314,-3.5028
20160315,-1.1359
20160316,1.0596
20160317,1.0582
20160318,-1.3839
20160319,3.551
20160320,0.0016276
20160321,1.2211
20160322,-0.098765
20160323,-2.6235
20160324,-2.4958
20160325,4.8686
20160326,1.9546
20160327,0.28122
20160328,1.686
20160329,-0.22598
20160330,7.2012
20160331,3.1806
20160401,0.32752
20160402,-1.5417
20160403,-1.1068
20160404,-0.010966
20160405,1.9693
20160406,1.8557
20160407,4.4606
20160408,7.3673
20160409,7.5185
20160410,5.6597
20160411,4.8161
20160412,4.1491
20160413,4.1834
20160414,4.0674
20160415,8.156
20160416,5.2009
20160417,6.4292
20160418,4.8493
20160419,1.0183
20160420,1.9161
20160421,3.5479
20160422,3.6555
20160423,2.5032
20160424,2.968
20160425,4.8227
20160426,8.663
20160427,3.9023
20160428,6.1791
20160429,6.9481
20160430,4.3686
20160501,6.5536
20160502,7.7497
20160503,5.5688
20160504,3.824
20160505,5.453
20160506,2.9686
20160507,3.2958
20160508,5.4443
20160509,4.3617
20160510,4.2889
20160511,5.5928
20160512,5.1867
20160513,5.4134
20160514,7.3276
20160515,7.8022
20160516,9.8372
20160517,12.336
20160518,10.932
20160519,11.771
20160520,11.267
20160521,12.25
20160522,11.734
20160523,9.578
20160524,10.344
20160525,12.12
20160526,10.896
20160527,10.339
20160528,8.6595
20160529,9.7085
20160530,13.446
20160531,11.459
20160601,9.2921
20160602,9.0603
20160603,10.762
20160604,13.215
20160605,14.138
20160606,16.671
20160607,15.394
20160608,13.825
20160609,10.557
20160610,10.625
20160611,14.453
20160612,10.479
20160613,10.34
20160614,10.931
20160615,12.765
20160616,11.751
20160617,15.728
20160618,15.781
20160619,15.821
20160620,14.59
20160621,13.737
20160622,16.972
20160623,16.525
20160624,15.959
20160625,17.022
20160626,17.36
20160627,16.735
20160628,16.845
20160629,15.799
20160630,15.316
20160701,15.437
20160702,16.319
20160703,20.815
20160704,20.905
20160705,19.817
20160706,20.623
20160707,20.601
20160708,21.059
20160709,18.305
20160710,20.224
20160711,18.582
20160712,15.707
20160713,16.371
20160714,16.715
20160715,15.594
20160716,15.253
20160717,19.118
20160718,17.704
20160719,16.365
20160720,17.701
20160721,18.546
20160722,16.997
20160723,19.674
20160724,19.87
20160725,19.895
20160726,19.252
20160727,18.161
20160728,18.716
20160729,18.962
20160730,17.87
20160731,18.868
20160801,19.814
20160802,21.432
20160803,20.362
20160804,18.12
20160805,16.004
20160806,18.265
20160807,18.496
20160808,18.78
20160809,17.513
20160810,19.011
20160811,20.21
20160812,20.549
20160813,18.969
20160814,18.979
20160815,18.715
20160816,22.207
20160817,21.59
20160818,19.344
20160819,18.17
20160820,16.999
20160821,15.047
20160822,14.409
20160823,11.846
20160824,15.616
20160825,12.325
20160826,14.395
20160827,15.647
20160828,13.996
20160829,13.246
20160830,15.108
20160831,15.903
20160901,15.932
20160902,16.387
20160903,16.418
20160904,12.972
20160905,13.533
20160906,13.436
20160907,13.19
20160908,16.511
20160909,17.847
20160910,19.006
20160911,19.091
20160912,17.665
20160913,16.861
20160914,14.774
20160915,13.392
20160916,14.405
20160917,12.537
20160918,14.439
20160919,14.427
20160920,16.11
20160921,16.269
20160922,13.737
20160923,14.137
20160924,14.117
20160925,11.116
20160926,10.874
20160927,14.436
20160928,11.777
20160929,9.3726
20160930,11.175
20161001,10.065
20161002,10.019
20161003,12.397
20161004,9.1096
20161005,7.1422
20161006,5.4301
20161007,7.1218
20161008,7.3496
20161009,7.3304
20161010,8.3104
20161011,7.2535
20161012,5.6123
20161013,4.952
20161014,4.6392
20161015,7.7466
20161016,6.4587
20161017,5.2414
20161018,3.2351
20161019,3.563
20161020,9.0997
20161021,12.396
20161022,14.864
20161023,13.372
20161024,9.6777
20161025,10.9
20161026,9.5164
20161027,15.426
20161028,12.821
20161029,7.6032
20161030,6.5926
20161031,6.9601
20161101,5.9946
20161102,13.01
20161103,12.322
20161104,13.454
20161105,6.2052
20161106,3.341
20161107,0.90303
20161108,0.51158
20161109,0.42467
20161110,-1.4024
20161111,-2.6367
20161112,-3.918
20161113,-5.2288
20161114,-3.3927
20161115,-3.7163
20161116,4.3713
20161117,-1.1533
20161118,-2.9303
20161119,-4.054
20161120,9.0554
20161121,6.3268
20161122,1.7695
20161123,0.58113
20161124,8.4963
20161125,9.8268
20161126,4.5066
20161127,2.9495
20161128,9.3247
20161129,11.552
20161130,9.091
20161201,6.4902
20161202,6.3026
20161203,6.3062
20161204,5.4046
20161205,2.1844
20161206,1.2734
20161207,8.8345
20161208,6.6331
20161209,1.3145
20161210,-0.5465
20161211,1.0363
20161212,6.289
20161213,3.2939
20161214,3.231
20161215,3.6064
20161216,1.316
20161217,1.264
20161218,0.97433
20161219,2.7243
20161220,3.2266
20161221,1.5665
20161222,6.1405
20161223,2.8966
20161224,3.7654
20161225,3.9135
20161226,3.1785
20161227,1.1715
20161228,-0.22928
20161229,3.332
20161230,1.83
20161231,-0.72096
20170101,-0.84379
20170102,2.9114
20170103,4.0244
20170104,-1.3381
20170105,-2.5925
20170106,-3.352
20170107,-4.6487
20170108,-6.4829
20170109,-7.012
20170110,-6.2265
20170111,-0.11515
20170112,-0.34382
20170113,-2.7788
20170114,-4.3924
20170115,-5.7193
20170116,-5.1207
20170117,-4.4815
20170118,-3.5652
20170119,-3.7592
20170120,-1.1997
20170121,-2.0006
20170122,-2.6172
20170123,-2.6441
20170124,-0.36816
20170125,-2.0454
20170126,-1.4185
20170127,-1.3228
20170128,-0.75981
20170129,-0.08668
20170130,-0.17104
20170131,-1.4352
20170201,-2.0621
20170202,-2.5152
20170203,-2.6411
20170204,-2.2196
20170205,-3.1929
20170206,-4.8642
20170207,-5.2272
20170208,-2.0586
20170209,-3.5921
20170210,-5.0055
20170211,-5.4429
20170212,-5.3106
20170213,-1.3653
20170214,-3.7913
20170215,-2.7997
20170216,-2.0723
20170217,-1.3207
20170218,-0.70634
20170219,2.6485
20170220,8.5735
20170221,8.0071
20170222,4.4128
20170223,2.2561
20170224,0.74389
20170225,1.4172
20170226,-0.048991
20170227,-1.0474
20170228,-1.7901
20170301,-1.5391
20170302,-1.6084
20170303,6.5263
20170304,0.9937
20170305,-1.522
20170306,-0.66359
20170307,0.33869
20170308,-0.55312
20170309,-2.4952
20170310,0.72859
20170311,3.7711
20170312,5.9146
20170313,4.9497
20170314,1.53
20170315,-1.0361
20170316,-1.8529
20170317,-1.021
20170318,2.0043
20170319,4.3607
20170320,1.2897
20170321,-0.72146
20170322,0.47437
20170323,2.5578
20170324,6.3183
20170325,7.3798
20170326,6.2166
20170327,7.3182
20170328,4.5666
20170329,3.2425
20170330,3.3198
20170331,4.229
20170401,4.5783
20170402,4.3314
20170403,5.1221
20170404,7.6406
20170405,6.4301
20170406,4.7104
20170407,3.7509
20170408,4.3616
20170409,5.1167
20170410,6.2754
20170411,4.1389
20170412,6.2446
20170413,5.3724
20170414,3.6788
20170415,5.6139
20170416,6.5307
20170417,7.4264
20170418,7.8903
20170419,6.383
20170420,10.015
20170421,4.9175
20170422,1.7773
20170423,2.859
20170424,3.0936
20170425,3.0395
20170426,7.8841
20170427,8.4644
20170428,11.144
20170429,9.5196
20170430,8.8572
20170501,9.7083
20170502,10.086
20170503,10.234
20170504,11.811
20170505,11.005
20170506,12.253
20170507,13.124
20170508,12.477
20170509,10.419
20170510,10.826
20170511,12.152
20170512,12.218
20170513,11.518
20170514,11.428
20170515,12.999
20170516,14.104
20170517,11.047
20170518,9.7416
20170519,9.3775
20170520,10.068
20170521,10.931
20170522,11.743
20170523,12.368
20170524,11.873
20170525,12.936
20170526,14.955
20170527,13.463
20170528,11.28
20170529,12.602
20170530,13.152
20170531,11.456
20170601,10.421
20170602,12.132
20170603,13.78
20170604,14.484
20170605,13.101
20170606,14.82
20170607,16.041
20170608,15.255
20170609,13.354
20170610,11.241
20170611,12.406
20170612,13.211
20170613,12.989
20170614,13.673
20170615,14.808
20170616,15.564
20170617,16.237
20170618,14.662
20170619,15.027
20170620,13.182
20170621,13.526
20170622,14.444
20170623,13.543
20170624,16.183
20170625,14.139
20170626,12.602
20170627,14.17
20170628,16.539
20170629,15.309
20170630,15.974
20170701,15.38
20170702,17.045
20170703,18.296
20170704,17.644
20170705,17.977
20170706,17.355
20170707,14.06
20170708,15.631
20170709,18.932
20170710,21.609
20170711,19.903
20170712,20.071
20170713,20.356
20170714,19.735
20170715,20.456
20170716,22.222
20170717,20.915
20170718,19.732
20170719,20.846
20170720,21.995
20170721,20.295
20170722,19.661
20170723,20.117
20170724,20.324
20170725,22.23
20170726,18.929
20170727,17.032
20170728,19.553
20170729,19.951
20170730,21.802
20170731,22.69
20170801,21.239
20170802,21.406
20170803,20.519
20170804,18.856
20170805,17.688
20170806,18.198
20170807,20.088
20170808,19.225
20170809,18.741
20170810,20.184
20170811,19.224
20170812,17.916
20170813,19.57
20170814,17.596
20170815,18.26
20170816,15.269
20170817,14.79
20170818,17.195
20170819,15.907
20170820,14.073
20170821,17.189
20170822,16.637
20170823,16.76
20170824,14.322
20170825,19.051
20170826,18.505
20170827,16.65
20170828,16.93
20170829,15.425
20170830,16.399
20170831,18.048
20170901,16.686
20170902,20.595
20170903,18.343
20170904,18.406
20170905,14.838
20170906,12.578
20170907,12.655
20170908,15.003
20170909,11.343
20170910,10.976
20170911,12.272
20170912,12.853
20170913,12.434
20170914,15.582
20170915,16.237
20170916,16.483
20170917,15.403
20170918,14.703
20170919,14.225
20170920,13.538
20170921,14.911
20170922,14.599
20170923,14.366
20170924,16.507
20170925,15.581
20170926,14.625
20170927,12.48
20170928,13.11
20170929,11.85
20170930,13.218
20171001,16.482
20171002,13.148
20171003,9.4983
20171004,7.4966
20171005,7.3718
20171006,8.2331
20171007,9.0615
20171008,8.7046
20171009,7.1412
20171010,12.661
20171011,9.3948
20171012,9.5774
20171013,7.2832
20171014,8.4487
20171015,8.2438
20171016,7.5285
20171017,5.5425
20171018,6.1017
20171019,6.4305
20171020,3.8307
20171021,6.6984
20171022,8.3909
20171023,8.7723
20171024,8.394
20171025,6.0103
20171026,5.0281
20171027,4.3587
20171028,5.2601
20171029,5.21
20171030,3.1821
20171031,6.7704
20171101,11.009
20171102,7.402
20171103,5.2142
20171104,3.5084
20171105,2.1343
20171106,1.4085
20171107,-0.28464
20171108,-0.036285
20171109,0.66142
20171110,0.63531
20171111,-1.2873
20171112,-0.49335
20171113,0.61711
20171114,0.65155
20171115,8.5603
20171116,3.0303
20171117,2.8157
20171118,3.8131
20171119,3.808
20171120,3.7208
20171121,1.4708
20171122,2.657
20171123,2.0457
20171124,1.9348
20171125,0.4743
20171126,-0.096965
20171127,-0.48256
20171128,-0.080414
20171129,0.60102
20171130,1.9056
20171201,1.9045
20171202,0.51072
20171203,-0.38283
20171204,-0.77583
20171205,-1.2984
20171206,-1.0761
20171207,-1.2815
20171208,-2.7634
20171209,-2.9523
20171210,-3.2197
20171211,-2.8179
20171212,-2.7437
20171213,-3.0663
20171214,-0.046875
20171215,1.5533
20171216,4.9749
20171217,6.5651
20171218,7.4843
20171219,6.8089
20171220,0.50938
20171221,0.47168
20171222,0.76669
20171223,4.139
20171224,3.8114
20171225,8.5355
20171226,6.0838
20171227,6.0515
20171228,9.258
20171229,5.0416
20171230,3.1861
20171231,3.8419
20180101,4.5507
20180102,7.3906
20180103,1.1291
20180104,0.23971
20180105,-0.10963
20180106,-2.0795
20180107,-3.5682
20180108,-4.5337
20180109,-5.1944
20180110,-4.8307
20180111,-5.0038
20180112,-3.6191
20180113,-4.9217
20180114,0.90818
20180115,2.3815
20180116,0.13487
20180117,-0.50278
20180118,0.98073
20180119,-0.68331
20180120,-2.3872
20180121,-3.2429
20180122,-4.6562
20180123,-5.5997
20180124,-8.7546
20180125,-6.6555
20180126,-5.1908
20180127,-2.6756
20180128,-3.4239
20180129,-3.8311
20180130,-4.3244
20180131,-4.0867
20180201,-4.2294
20180202,0.81356
20180203,1.0717
20180204,-1.3262
20180205,4.0774
20180206,6.1729
20180207,3.6325
20180208,0.82656
20180209,-1.3991
20180210,-1.4211
20180211,2.8564
20180212,2.5963
20180213,2.3664
20180214,4.8495
20180215,3.0378
20180216,3.3212
20180217,2.5752
20180218,1.8316
20180219,1.6043
20180220,1.4099
20180221,0.74615
20180222,0.051788
20180223,0.077118
20180224,0.81209
20180225,1.3418
20180226,-0.198
20180227,-2.2885
20180228,-2.1303
20180301,4.6525
20180302,4.3517
20180303,1.99
20180304,1.7844
20180305,0.23501
20180306,-1.942
20180307,-0.66123
20180308,1.1396
20180309,1.9017
20180310,0.030131
20180311,-0.025655
20180312,-1.7575
20180313,-2.3447
20180314,-0.92764
20180315,-1.7522
20180316,-1.5912
20180317,-4.2746
20180318,-2.299
20180319,-3.7128
20180320,1.9996
20180321,3.3023
20180322,7.8674
20180323,9.014
20180324,6.9169
20180325,4.2458
20180326,0.89565
20180327,5.7088
20180328,6.5817
20180329,1.47
20180330,3.3035
20180331,2.0784
20180401,3.3751
20180402,6.4675
20180403,9.7575
20180404,8.0113
20180405,8.6842
20180406,8.7012
20180407,6.8752
20180408,9.1266
20180409,8.6035
20180410,10.354
20180411,9.3505
20180412,8.3655
20180413,8.6765
20180414,8.4358
20180415,8.4289
20180416,9.6145
20180417,10.674
20180418,10.644
20180419,10.648
20180420,11.987
20180421,9.9463
20180422,7.4725
20180423,7.9624
20180424,8.4645
20180425,10.364
20180426,7.8435
20180427,8.7495
20180428,6.8838
20180429,5.2536
20180430,4.8593
20180501,5.0616
20180502,6.7608
20180503,7.817
20180504,10.122
20180505,9.6968
20180506,10.059
20180507,11.321
20180508,11.601
20180509,10.772
20180510,14.794
20180511,12.172
20180512,9.0336
20180513,9.0231
20180514,6.6113
20180515,9.0111
20180516,8.2077
20180517,10.928
20180518,8.4902
20180519,8.1824
20180520,9.5241
20180521,10.54
20180522,13.453
20180523,11.301
20180524,10.432
20180525,10.584
20180526,10.218
20180527,10.329
20180528,7.3907
20180529,6.6958
20180530,7.302
20180531,8.2683
20180601,7.693
20180602,10.127
20180603,13.302
20180604,11.792
20180605,11.984
20180606,13.598
20180607,15.986
20180608,13.651
20180609,12.604
20180610,11.105
20180611,11.912
20180612,13.883
20180613,14.204
20180614,14.743
20180615,13.428
20180616,11.317
20180617,9.2881
20180618,10.927
20180619,15.539
20180620,13.209
20180621,12.343
20180622,11.638
20180623,13.942
20180624,14.565
20180625,12.95
20180626,13.407
20180627,13.927
20180628,14.171
20180629,13.636
20180630,12.386
20180701,13.971
20180702,13.43
20180703,11.537
20180704,10.704
20180705,12.948
20180706,11.554
20180707,11.35
20180708,15.156
20180709,15.174
20180710,16.218
20180711,14.26
20180712,13.116
20180713,14.896
20180714,16.756
20180715,16.957
20180716,16.426
20180717,19.708
20180718,18.499
20180719,18.066
20180720,15.969
20180721,17.605
20180722,19.524
20180723,16.7
20180724,15.475
20180725,15.747
20180726,13.502
20180727,13.823
20180728,13.018
20180729,13.102
20180730,14.016
20180731,13.804
20180801,16.147
20180802,16.269
20180803,15.241
20180804,15.416
20180805,15.498
20180806,14.22
20180807,12.028
20180808,15.182
20180809,15.039
20180810,13.153
20180811,12.691
20180812,13.431
20180813,11.955
20180814,11.797
20180815,12.259
20180816,10.022
20180817,15.131
20180818,16.994
20180819,15.1
20180820,14.28
20180821,16.134
20180822,14.754
20180823,15.81
20180824,17.282
20180825,17.035
20180826,17.162
20180827,17.746
20180828,14.794
20180829,15.132
20180830,15.578
20180831,17.149
20180901,17.416
20180902,17.42
20180903,13.39
20180904,10.496
20180905,10.322
20180906,12.49
20180907,13.036
20180908,14.036
20180909,15.403
20180910,15.519
20180911,16.722
20180912,15.457
20180913,15.677
20180914,16.013
20180915,16.263
20180916,15.353
20180917,17.831
20180918,17.033
20180919,13.902
20180920,12.45
20180921,14.028
20180922,16.755
20180923,15.234
20180924,13.253
20180925,11.921
20180926,9.7844
20180927,9.9535
20180928,11.238
20180929,9.4515
20180930,9.906
20181001,9.6847
20181002,10.068
20181003,9.2737
20181004,6.1827
20181005,6.9035
20181006,4.6175
20181007,4.8128
20181008,3.6628
20181009,8.5405
20181010,6.7518
20181011,7.5078
20181012,8.3647
20181013,7.4043
20181014,6.872
20181015,6.2543
20181016,5.1149
20181017,6.3319
20181018,6.7343
20181019,8.5309
20181020,7.0205
20181021,9.46
20181022,8.7215
20181023,12.866
20181024,11.218
20181025,9.6712
20181026,9.7576
20181027,8.3574
20181028,6.7149
20181029,4.6111
20181030,4.4012
20181031,3.537
20181101,3.0087
20181102,3.2161
20181103,6.4031
20181104,3.3493
20181105,2.0488
20181106,1.1779
20181107,1.8441
20181108,2.8752
20181109,3.2051
20181110,2.0774
20181111,0.25293
20181112,-1.1376
20181113,-1.4707
20181114,-2.9198
20181115,-3.9189
20181116,-0.78608
20181117,3.3216
20181118,3.0644
20181119,3.5473
20181120,2.7502
20181121,1.9419
20181122,3.034
20181123,4.0679
20181124,2.3474
20181125,3.2124
20181126,7.5909
20181127,2.081
20181128,-0.018585
20181129,0.45097
20181130,0.63229
20181201,1.2949
20181202,1.4374
20181203,1.3471
20181204,-1.496
20181205,1.1254
20181206,1.3172
20181207,0.1919
20181208,2.338
20181209,0.39077
20181210,-2.2245
20181211,-0.70622
20181212,-1.4782
20181213,-0.27123
20181214,4.3819
20181215,-1.529
20181216,-2.538
20181217,1.2779
20181218,1.5114
20181219,-0.11893
20181220,-0.57458
20181221,0.97274
20181222,0.89165
20181223,2.4961
20181224,0.33256
20181225,0.80018
20181226,1.8287
20181227,2.7447
20181228,3.8297
20181229,3.7557
20181230,5.0362
20181231,4.97
20190101,4.9681
20190102,1.5492
20190103,-0.32091
20190104,6.6248
20190105,3.8055
20190106,5.5591
20190107,1.9239
20190108,1.1113
20190109,1.8312
20190110,6.5743
20190111,2.4989
20190112,0.95333
20190113,-0.62885
20190114,-0.89692
20190115,-2.282
20190116,-1.9779
20190117,-1.2238
20190118,-1.5662
20190119,-0.82957
20190120,-2.2124
20190121,-1.0248
20190122,-1.9229
20190123,-1.857
20190124,-1.0152
20190125,-0.91494
20190126,-0.070994
20190127,0.22403
20190128,1.673
20190129,3.0449
20190130,1.3675
20190131,-1.6074
20190201,-2.7853
20190202,0.25066
20190203,-0.71427
20190204,3.1198
20190205,1.9311
20190206,0.95231
20190207,6.91
20190208,2.473
20190209,1.5119
20190210,4.1724
20190211,1.5553
20190212,2.8372
20190213,1.2648
20190214,2.8509
20190215,-0.042928
20190216,-0.36007
20190217,-0.22166
20190218,2.3678
20190219,0.54543
20190220,0.24917
20190221,4.3512
20190222,1.5627
20190223,0.65505
20190224,2.9622
20190225,0.8867
20190226,0.95752
20190227,2.8592
20190228,2.7646
20190301,3.55
20190302,4.1853
20190303,2.4468
20190304,2.7333
20190305,4.1723
20190306,4.1361
20190307,4.297
20190308,4.6195
20190309,4.7875
20190310,9.4798
20190311,4.4734
20190312,1.8419
20190313,3.0822
20190314,1.4884
20190315,-0.42731
20190316,-0.8459
20190317,7.6816
20190318,7.1218
20190319,6.8344
20190320,4.4294
20190321,4.5772
20190322,4.1716
20190323,5.8404
20190324,7.6306
20190325,4.5685
20190326,3.8165
20190327,4.0618
20190328,4.0469
20190329,5.1305
20190330,3.2336
20190331,3.6982
20190401,5.1125
20190402,5.7914
20190403,7.6771
20190404,5.4437
20190405,7.4401
20190406,6.3591
20190407,4.5657
20190408,1.5849
20190409,7.103
20190410,4.309
20190411,8.9767
20190412,6.3128
20190413,7.9989
20190414,7.7566
20190415,10.078
20190416,10.274
20190417,9.3541
20190418,7.7737
20190419,6.7914
20190420,9.2731
20190421,8.2259
20190422,8.3596
20190423,9.8057
20190424,10.079
20190425,7.6786
20190426,6.1077
20190427,6.4924
20190428,6.7793
20190429,6.4173
20190430,9.8072
20190501,8.4395
20190502,13.322
20190503,13.66
20190504,10.49
20190505,10.179
20190506,9.0482
20190507,8.1171
20190508,9.1045
20190509,8.5319
20190510,6.3998
20190511,7.4128
20190512,11.045
20190513,10.999
20190514,9.4305
20190515,10.346
20190516,9.1911
20190517,8.1733
20190518,8.8714
20190519,8.3142
20190520,7.4602
20190521,7.4729
20190522,8.7545
20190523,11.357
20190524,10.468
20190525,10.167
20190526,10.518
20190527,11.833
20190528,9.7173
20190529,10.936
20190530,11.072
20190531,11.713
20190601,11.305
20190602,12.115
20190603,11.068
20190604,11.768
20190605,13.525
20190606,13.413
20190607,13.42
20190608,14.063
20190609,15.195
20190610,14.413
20190611,14.711
20190612,15.111
20190613,14.299
20190614,16.57
20190615,15.127
20190616,15.224
20190617,17.041
20190618,15.561
20190619,16.859
20190620,20.361
20190621,19.155
20190622,18.415
20190623,17.382
20190624,17.836
20190625,16.294
20190626,16.358
20190627,13.732
20190628,13.954
20190629,14.235
20190630,18.983
20190701,20.651
20190702,21.575
20190703,18.957
20190704,18.445
20190705,17.379
20190706,14.985
20190707,14.16
20190708,15.521
20190709,18.48
20190710,19.371
20190711,18.803
20190712,18.204
20190713,14.151
20190714,15.043
20190715,15.528
20190716,13.477
20190717,14.751
20190718,19.066
20190719,17.378
20190720,14.936
20190721,16.38
20190722,15.259
20190723,16.862
20190724,17.667
20190725,14.642
20190726,15.487
20190727,18.482
20190728,19.153
20190729,19.279
20190730,17.068
20190731,18.565
20190801,19.78
20190802,18.882
20190803,19.89
20190804,16.988
20190805,15.882
20190806,17.881
20190807,18.929
20190808,15.626
20190809,17.54
20190810,18.204
20190811,18.719
20190812,18.767
20190813,20.194
20190814,19.75
20190815,15.893
20190816,15.908
20190817,15.062
20190818,15.3
20190819,15.513
20190820,13.32
20190821,16.738
20190822,14.678
20190823,12.955
20190824,15.228
20190825,13.318
20190826,13.578
20190827,16.75
20190828,15.833
20190829,18.291
20190830,18.956
20190831,15.046
20190901,13.025
20190902,14.311
20190903,14.399
20190904,14.046
20190905,12.325
20190906,14.264
20190907,15.267
20190908,12.35
20190909,10.46
20190910,11.612
20190911,10.631
20190912,12.881
20190913,14.406
20190914,14.479
20190915,13.81
20190916,10.811
20190917,14.15
20190918,13.577
20190919,13.418
20190920,11.056
20190921,10.363
20190922,9.5418
20190923,10.544
20190924,10.877
20190925,11.121
20190926,10.304
20190927,9.9836
20190928,11.398
20190929,11.341
20190930,14.048
20191001,14.161
20191002,13.746
20191003,11.943
20191004,11.626
20191005,10.231
20191006,8.8346
20191007,10.378
20191008,14.633
20191009,13.83
20191010,11.841
20191011,12.037
20191012,13.355
20191013,12.876
20191014,9.7112
20191015,7.8099
20191016,12.043
20191017,8.888
20191018,8.8122
20191019,7.2027
20191020,8.4724
20191021,7.8649
20191022,7.1005
20191023,13.883
20191024,9.4862
20191025,5.6991
20191026,5.3856
20191027,5.3518
20191028,10.354
20191029,7.3707
20191030,5.1712
20191031,4.5797
20191101,5.6646
20191102,4.5851
20191103,3.9794
20191104,1.4533
20191105,1.4051
20191106,2.1326
20191107,4.5839
20191108,1.6112
20191109,1.3033
20191110,6.1948
20191111,4.3766
20191112,1.7934
20191113,1.6143
20191114,8.1322
20191115,6.8651
20191116,2.8045
20191117,6.6958
20191118,7.765
20191119,8.223
20191120,6.8451
20191121,5.2155
20191122,3.8327
20191123,2.7359
20191124,1.9988
20191125,5.5667
20191126,6.2201
20191127,5.5538
20191128,3.6776
20191129,1.6245
20191130,0.59113
20191201,3.5113
20191202,0.56712
20191203,0.59087
20191204,7.2384
20191205,2.7187
20191206,0.93847
20191207,3.333
20191208,2.1691
20191209,1.1136
20191210,0.40983
20191211,1.787
20191212,0.18118
20191213,-0.30253
20191214,-0.55652
20191215,7.1382
20191216,7.9841
20191217,7.8825
20191218,4.8809
20191219,4.0631
20191220,6.4928
20191221,6.9806
20191222,7.2291
20191223,3.1943
20191224,1.7318
20191225,-0.068431
20191226,1.2661
20191227,-0.35437
20191228,0.80713
20191229,0.74188
20191230,-0.1215
20191231,1.3736
20200101,0.78028
20200102,1.7317
20200103,0.54901
20200104,4.9152
20200105,2.1361
20200106,-0.59216
20200107,1.2278
20200108,3.2648
20200109,1.0524
20200110,0.83599
20200111,1.1603
20200112,0.86353
20200113,2.9438
20200114,3.3806
20200115,3.9185
20200116,-0.30566
20200117,-2.3165
20200118,-3.2789
20200119,-1.4831
20200120,-2.9149
20200121,0.71302
20200122,-1.6543
20200123,-1.353
20200124,-0.98335
20200125,-2.458
20200126,-4.166
20200127,0.97552
20200128,0.90649
20200129,3.149
20200130,0.0047302
20200131,3.1905
20200201,0.7626
20200202,0.20361
20200203,1.1329
20200204,1.7069
20200205,2.0097
20200206,3.3396
20200207,2.0527
20200208,1.6386
20200209,5.4097
20200210,0.96009
20200211,-1.0065
20200212,0.52723
20200213,-0.19505
20200214,5.0225
20200215,3.7503
20200216,1.6158
20200217,1.0038
20200218,1.2224
20200219,1.1375
20200220,-1.3712
20200221,-3.1326
20200222,-3.3036
20200223,-1.027
20200224,-0.17323
20200225,1.5395
20200226,6.2268
20200227,5.7895
20200228,3.7067
20200229,5.5457
20200301,4.8664
20200302,2.2236
20200303,4.2788
20200304,4.2354
20200305,6.5168
20200306,4.4448
20200307,5.0839
20200308,1.9132
20200309,0.84813
20200310,3.7997
20200311,2.5588
20200312,2.4857
20200313,-0.28023
20200314,3.0126
20200315,2.4666
20200316,2.6421
20200317,3.6538
20200318,5.3578
20200319,4.4631
20200320,2.8514
20200321,1.3768
20200322,3.582
20200323,2.0762
20200324,-0.31312
20200325,-1.8426
20200326,-0.27736
20200327,1.126
20200328,-0.61296
20200329,-0.70027
20200330,6.0693
20200331,2.9085
20200401,0.50845
20200402,2.1352
20200403,1.4288
20200404,3.1764
20200405,7.2693
20200406,4.2528
20200407,1.8131
20200408,5.2122
20200409,3.8997
20200410,3.902
20200411,6.085
20200412,5.0129
20200413,4.0697
20200414,6.4212
20200415,4.4106
20200416,7.3867
20200417,3.5591
20200418,2.7567
20200419,3.0562
20200420,3.8174
20200421,5.5212
20200422,3.9238
20200423,6.8678
20200424,7.1751
20200425,5.6755
20200426,8.2264
20200427,7.0546
20200428,5.1084
20200429,6.6291
20200430,5.2112
20200501,3.18
20200502,6.2579
20200503,6.3282
20200504,6.7254
20200505,8.2355
20200506,9.9828
20200507,11.116
20200508,10.306
20200509,12.119
20200510,8.7634
20200511,7.784
20200512,8.7596
20200513,6.4292
20200514,9.0357
20200515,8.3689
20200516,9.7861
20200517,11.865
20200518,10.775
20200519,13.102
20200520,13.445
20200521,13.353
20200522,13.708
20200523,14.661
20200524,13.39
20200525,11.428
20200526,12.2
20200527,13.795
20200528,15.218
20200529,13.144
20200530,11.597
20200531,9.8307
20200601,10.107
20200602,12.14
20200603,10.92
20200604,13.045
20200605,13.77
20200606,15.787
20200607,16.799
20200608,14.73
20200609,12.944
20200610,11.932
20200611,12.768
20200612,12.947
20200613,12.634
20200614,13.9
20200615,17.21
20200616,16.544
20200617,14.942
20200618,14.556
20200619,16.305
20200620,14.889
20200621,16.823
20200622,17.108
20200623,16.335
20200624,18.043
20200625,18.85
20200626,18.223
20200627,18.919
20200628,17.927
20200629,16.824
20200630,17.169
20200701,16.841
20200702,19.078
20200703,20.228
20200704,16.391
20200705,13.754
20200706,13.558
20200707,16.373
20200708,18.017
20200709,17.021
20200710,15.964
20200711,16.999
20200712,17.995
20200713,18.872
20200714,20.783
20200715,19.388
20200716,18.085
20200717,17.928
20200718,20.922
20200719,18.779
20200720,16.776
20200721,17.819
20200722,17.882
20200723,16.09
20200724,17.596
20200725,16.283
20200726,16.297
20200727,16.951
20200728,19.503
20200729,18.74
20200730,22.993
20200731,23.255
20200801,21.725
20200802,20.593
20200803,19.297
20200804,18.946
20200805,17.716
20200806,18.428
20200807,19.878
20200808,15.478
20200809,13.249
20200810,16.773
20200811,20.361
20200812,18.306
20200813,15.364
20200814,18.387
20200815,19.993
20200816,19.291
20200817,21.668
20200818,20.913
20200819,18.946
20200820,17.388
20200821,17.041
20200822,18.257
20200823,18.887
20200824,18.838
20200825,19.38
20200826,19.836
20200827,18.646
20200828,17.485
20200829,16.836
20200830,18.311
20200831,19.023
20200901,17.864
20200902,16.618
20200903,16.023
20200904,16.848
20200905,16.845
20200906,17.222
20200907,16.015
20200908,14.432
20200909,14.995
20200910,16.36
20200911,16.339
20200912,15.588
20200913,16.072
20200914,12.161
20200915,10.724
20200916,11.17
20200917,9.813
20200918,11.653
20200919,12.83
20200920,15.304
20200921,16.442
20200922,17.48
20200923,17.014
20200924,15.849
20200925,17.784
20200926,17.165
20200927,16.496
20200928,14.201
20200929,13.153
20200930,15.419
20201001,14.285
20201002,12.778
20201003,11.306
20201004,9.4087
20201005,13.026
20201006,14.071
20201007,12.188
20201008,10.544
20201009,9.8157
20201010,6.3178
20201011,5.0151
20201012,3.5176
20201013,4.0051
20201014,4.3385
20201015,3.6225
20201016,2.3397
20201017,3.6772
20201018,9.9601
20201019,6.782
20201020,5.0981
20201021,4.7924
20201022,3.9845
20201023,4.0594
20201024,3.7171
20201025,6.0804
20201026,4.1713
20201027,4.9394
20201028,8.4621
20201029,6.1146
20201030,4.6131
20201031,4.5114
20201101,2.8127
20201102,6.1336
20201103,5.2914
20201104,4.6394
20201105,4.0922
20201106,1.1067
20201107,3.332
20201108,5.4276
20201109,3.5992
20201110,1.1878
20201111,0.44372
20201112,-0.6173
20201113,3.271
20201114,1.0739
20201115,2.1591
20201116,1.6204
20201117,1.7744
20201118,-0.88346
20201119,-2.3148
20201120,-1.6897
20201121,-0.51415
20201122,5.3641
20201123,2.5196
20201124,0.68757
20201125,-0.078857
20201126,-0.85313
20201127,-1.8855
20201128,-0.30689
20201129,3.4755
20201130,4.0236
20201201,2.7868
20201202,0.14251
20201203,3.6078
20201204,1.5293
20201205,0.39337
20201206,1.8624
20201207,1.2056
20201208,1.3987
20201209,0.34945
20201210,-0.68984
20201211,0.48795
20201212,-0.70705
20201213,-0.88459
20201214,-0.17421
20201215,8.3971
20201216,7.8908
20201217,5.7493
20201218,2.6949
20201219,1.8134
20201220,2.2349
20201221,1.5573
20201222,-0.13514
20201223,-0.99296
20201224,0.69719
20201225,0.64522
20201226,-0.3148
20201227,4.8244
20201228,-0.15886
20201229,-0.72567
20201230,0.77248
20201231,-0.76904
20210101,-0.7597
20210102,-2.3312
20210103,-2.0589
20210104,-1.509
20210105,6.1151
20210106,2.9528
20210107,-0.15985
20210108,-2.445
20210109,-2.7962
20210110,0.19446
20210111,-0.65118
20210112,-0.055837
20210113,-0.34759
20210114,-1.2553
20210115,-1.7614
20210116,2.044
20210117,1.8146
20210118,2.6989
20210119,-0.11369
20210120,-1.2908
20210121,-0.77295
20210122,1.5814
20210123,0.87864
20210124,-0.90576
20210125,-1.8925
20210126,-2.6706
20210127,-2.3187
20210128,3.1163
20210129,3.1488
20210130,1.5461
20210131,0.10345
20210201,1.1162
20210202,0.044189
20210203,-1.2172
20210204,-2.0639
20210205,-2.1511
20210206,-2.5915
20210207,-3.5005
20210208,-2.9001
20210209,-1.3428
20210210,-0.60409
20210211,2.8274
20210212,2.323
20210213,1.6008
20210214,0.42979
20210215,3.5729
20210216,1.2459
20210217,1.1537
20210218,1.8588
20210219,1.8865
20210220,0.062236
20210221,0.12859
20210222,-0.55057
20210223,-1.1515
20210224,-1.5064
20210225,3.6532
20210226,3.3751
20210227,5.176
20210228,3.8214
20210301,1.547
20210302,3.422
20210303,1.3951
20210304,-0.34209
20210305,-0.10196
20210306,0.26197
20210307,-1.947
20210308,0.39122
20210309,0.60018
20210310,0.080271
20210311,-1.1127
20210312,-0.024618
20210313,1.4123
20210314,1.0787
20210315,-0.42825
20210316,-1.1882
20210317,-0.59929
20210318,1.4612
20210319,4.1088
20210320,1.0506
20210321,1.4125
20210322,3.4035
20210323,3.9235
20210324,3.9056
20210325,4.8202
20210326,1.8489
20210327,4.2007
20210328,1.6189
20210329,2.8239
20210330,2.6952
20210331,6.6099
20210401,6.7712
20210402,5.7687
20210403,2.5818
20210404,3.5814
20210405,5.5156
20210406,4.0201
20210407,1.8475
20210408,2.3891
20210409,4.6401
20210410,2.8608
20210411,3.6983
20210412,4.8241
20210413,5.5936
20210414,8.1704
20210415,5.704
20210416,4.1527
20210417,4.4275
20210418,3.7292
20210419,4.7501
20210420,4.7755
20210421,7.0265
20210422,5.0609
20210423,2.8675
20210424,2.8006
20210425,3.2244
20210426,6.221
20210427,12.285
20210428,9.5205
20210429,9.5189
20210430,7.0196
20210501,4.6426
20210502,7.4681
20210503,11.219
20210504,10.986
20210505,11.025
20210506,12.292
20210507,11.507
20210508,10.77
20210509,8.2986
20210510,10.252
20210511,10.601
20210512,10.434
20210513,7.8357
20210514,10.075
20210515,11.284
20210516,8.5916
20210517,6.7846
20210518,5.4259
20210519,5.3958
20210520,7.8931
20210521,10.007
20210522,8.9129
20210523,10.037
20210524,11.346
20210525,9.7313
20210526,8.1585
20210527,10.132
20210528,11.025
20210529,9.9198
20210530,11.187
20210531,12.462
20210601,14.025
20210602,9.185
20210603,8.4676
20210604,7.6331
20210605,10.627
20210606,10.075
20210607,9.9679
20210608,13.255
20210609,12.945
20210610,14.245
20210611,9.5453
20210612,8.2596
20210613,8.2161
20210614,12.015
20210615,9.7066
20210616,13.288
20210617,14.216
20210618,13.249
20210619,11.41
20210620,13.56
20210621,11.88
20210622,10.608
20210623,10.795
20210624,13.635
20210625,15.447
20210626,12.904
20210627,11.206
20210628,10.536
20210629,14.878
20210630,14.543
20210701,13.611
20210702,16.101
20210703,17.126
20210704,17.924
20210705,17.206
20210706,18.613
20210707,18.223
20210708,16.97
20210709,15.499
20210710,14.188
20210711,15.019
20210712,14.562
20210713,17.058
20210714,15.499
20210715,14.855
20210716,13.601
20210717,14.369
20210718,16.569
20210719,18.47
20210720,18.076
20210721,19.812
20210722,18.985
20210723,17.138
20210724,17.529
20210725,21.093
20210726,20.29
20210727,19.664
20210728,19.688
20210729,19.425
20210730,18.644
20210731,20.407
20210801,19.66
20210802,18.993
20210803,19.516
20210804,20.703
20210805,19.407
20210806,17.663
20210807,18.684
20210808,19.429
20210809,17.698
20210810,15.191
20210811,15.383
20210812,15.424
20210813,13.245
20210814,15.443
20210815,19.705
20210816,20.854
20210817,18.359
20210818,20.416
20210819,18.925
20210820,16.715
20210821,14.939
20210822,13.673
20210823,15.942
20210824,14.655
20210825,14.369
20210826,15.515
20210827,15.357
20210828,16.271
20210829,16.015
20210830,16.778
20210831,16.16
20210901,13.391
20210902,10.275
20210903,11.539
20210904,11.909
20210905,12.16
20210906,13.124
20210907,13.776
20210908,11.382
20210909,13.247
20210910,11.809
20210911,11.657
20210912,12.308
20210913,13.932
20210914,14.603
20210915,15.255
20210916,14.872
20210917,14.483
20210918,15.638
20210919,16.561
20210920,15.698
20210921,16.674
20210922,12.234
20210923,10.886
20210924,9.2351
20210925,11.46
20210926,7.6045
20210927,8.201
20210928,8.9955
20210929,7.0856
20210930,7.9047
20211001,10.425
20211002,13.539
20211003,14.831
20211004,13.784
20211005,12.043
20211006,9.7642
20211007,12.793
20211008,14.578
20211009,12.091
20211010,12.23
20211011,10.558
20211012,9.6129
20211013,8.985
20211014,7.2895
20211015,6.8054
20211016,6.5876
20211017,7.1369
20211018,5.5135
20211019,7.8983
20211020,5.0024
20211021,5.5967
20211022,7.1482
20211023,6.3907
20211024,7.5059
20211025,5.7035
20211026,7.9454
20211027,5.7363
20211028,5.7685
20211029,4.3678
20211030,3.0036
20211031,2.2153
20211101,3.821
20211102,4.9258
20211103,5.0157
20211104,5.1763
20211105,5.7403
20211106,2.9711
20211107,0.64008
20211108,5.1159
20211109,2.6846
20211110,-0.22951
20211111,-1.1068
20211112,-2.465
20211113,3.5101
20211114,0.08492
20211115,-1.046
20211116,6.569
20211117,7.8247
20211118,5.3997
20211119,4.507
20211120,0.92834
20211121,-2.092
20211122,-2.0966
20211123,-3.3425
20211124,-4.4691
20211125,-3.8771
20211126,-3.1906
20211127,-1.1697
20211128,-0.44891
20211129,-1.956
20211130,-2.8198
20211201,-2.2793
20211202,0.21116
20211203,1.4817
20211204,1.8056
20211205,3.1454
20211206,2.4064
20211207,1.1442
20211208,-0.90852
20211209,-1.1777
20211210,2.6148
20211211,3.9546
20211212,5.2427
20211213,1.9343
20211214,0.38346
20211215,7.0677
20211216,8.4047
20211217,8.3695
20211218,6.7656
20211219,3.9453
20211220,2.9906
20211221,0.85316
20211222,-0.12207
20211223,5.0289
20211224,6.4337
20211225,7.2537
20211226,8.6161
20211227,6.6125
20211228,9.332
20211229,7.4901
20211230,8.1407
20211231,5.7853
20220101,1.6493
20220102,0.24433
20220103,0.55263
20220104,3.1913
20220105,3.0197
20220106,1.8629
20220107,1.5224
20220108,1.4359
20220109,1.1162
20220110,2.0288
20220111,6.8437
20220112,2.2014
20220113,0.5341
20220114,0.57386
20220115,2.4053
20220116,0.62195
20220117,-1.6513
20220118,-4.455
20220119,-3.1522
20220120,0.35784
20220121,0.4351
20220122,1.4324
20220123,-0.16664
20220124,-0.1594
20220125,-0.72978
20220126,0.20249
20220127,-1.3627
20220128,-2.5118
20220129,-2.5045
20220130,-2.7918
20220131,-4.2579
20220201,-3.0075
20220202,-1.6134
20220203,-1.2662
20220204,-0.30498
20220205,-0.31288
20220206,-0.66533
20220207,-0.13847
20220208,1.4558
20220209,0.5805
20220210,-0.13517
20220211,-1.025
20220212,-0.72252
20220213,-0.26509
20220214,0.73163
20220215,1.2833
20220216,1.2983
20220217,1.6423
20220218,4.5554
20220219,2.0266
20220220,3.3127
20220221,6.2348
20220222,3.717
20220223,2.4935
20220224,1.617
20220225,1.9527
20220226,3.6451
20220227,-1.0511
20220228,-2.9918
20220301,-3.0541
20220302,0.052094
20220303,-0.95255
20220304,-3.7734
20220305,-5.1363
20220306,-1.4028
20220307,3.3414
20220308,3.9076
20220309,6.1062
20220310,4.8422
20220311,4.475
20220312,2.0161
20220313,4.0341
20220314,3.2369
20220315,6.8882
20220316,4.9966
20220317,1.1987
20220318,-0.61281
20220319,0.66599
20220320,0.61166
20220321,0.68756
20220322,0.81347
20220323,2.8943
20220324,3.3713
20220325,5.4552
20220326,2.4933
20220327,-0.78158
20220328,0.25042
20220329,2.5962
20220330,1.6322
20220331,0.12507
20220401,3.7626
20220402,7.2059
20220403,6.3458
20220404,5.2331
20220405,6.7837
20220406,3.6191
20220407,2.6943
20220408,3.5945
20220409,5.5206
20220410,4.442
20220411,3.2676
20220412,8.3342
20220413,6.5045
20220414,4.2031
20220415,7.4354
20220416,5.5175
20220417,7.0051
20220418,7.0656
20220419,4.2991
20220420,8.5887
20220421,7.2968
20220422,7.2691
20220423,9.4455
20220424,10.062
20220425,7.615
20220426,6.0753
20220427,8.2433
20220428,7.4565
20220429,7.3223
20220430,6.4333
20220501,3.5377
20220502,2.1475
20220503,5.6268
20220504,3.007
20220505,1.9248
20220506,4.907
20220507,6.1382
20220508,7.9079
20220509,10.419
20220510,9.8077
20220511,12.918
20220512,11.474
20220513,10.082
20220514,10.848
20220515,11.801
20220516,13.04
20220517,13.103
20220518,12.469
20220519,11.115
20220520,9.5935
20220521,8.6623
20220522,7.1264
20220523,8.4586
20220524,11.191
20220525,10.572
20220526,13.541
20220527,10.414
20220528,9.189
20220529,9.0573
20220530,9.6152
20220531,10.824
20220601,10.742
20220602,13.121
20220603,15.66
20220604,14.689
20220605,14.355
20220606,14.759
20220607,15.636
20220608,16.691
20220609,16.849
20220610,15.522
20220611,16.093
20220612,16.355
20220613,17.04
20220614,17.293
20220615,16.714
20220616,15.405
20220617,17.028
20220618,17.146
20220619,17.05
20220620,17.669
20220621,17.87
20220622,18.801
20220623,18.674
20220624,13.613
20220625,11.105
20220626,13.054
20220627,13.975
20220628,16.51
20220629,15.993
20220630,16.208
20220701,16.243
20220702,18.835
20220703,19.414
20220704,18.664
20220705,16.504
20220706,15.175
20220707,13.826
20220708,15.314
20220709,16.265
20220710,19.004
20220711,20.336
20220712,21.059
20220713,20.634
20220714,20.065
20220715,20.2
20220716,20.874
20220717,22.975
20220718,21.631
20220719,20.274
20220720,20.649
20220721,22.66
20220722,21.553
20220723,20.338
20220724,21.292
20220725,20.32
20220726,20.382
20220727,21.155
20220728,21.733
20220729,22.315
20220730,20.755
20220731,21.823
20220801,20.171
20220802,21.266
20220803,20.29
20220804,17.928
20220805,16.28
20220806,16.498
20220807,19.36
20220808,18.537
20220809,18.212
20220810,18.911
20220811,19.657
20220812,16.513
20220813,14.688
20220814,17.968
20220815,16.136
20220816,14.276
20220817,14.75
20220818,15.038
20220819,16.589
20220820,15.278
20220821,17.816
20220822,18.199
20220823,18.073
20220824,17.535
20220825,16.283
20220826,15.737
20220827,17
20220828,17.143
20220829,16.8
20220830,16.48
20220831,18.516
20220901,20.388
20220902,17.855
20220903,16.538
20220904,18.031
20220905,16.469
20220906,17.948
20220907,16.806
20220908,16.183
20220909,16.73
20220910,16.891
20220911,17.328
20220912,15.402
20220913,15.046
20220914,13.445
20220915,15.953
20220916,15.948
20220917,15.116
20220918,16.292
20220919,15.31
20220920,14.779
20220921,15.854
20220922,13.71
20220923,12.287
20220924,13.954
20220925,11.187
20220926,9.2468
20220927,10.367
20220928,10.417
20220929,8.6289
20220930,7.9559
20221001,9.3191
20221002,11.075
20221003,10.161
20221004,10.059
20221005,10.649
20221006,14.988
20221007,15.017
20221008,10.872
20221009,8.9498
20221010,10.614
20221011,10.925
20221012,8.4785
20221013,8.0781
20221014,7.5667
20221015,7.4643
20221016,10.657
20221017,9.079
20221018,11.165
20221019,14.157
20221020,12.789
20221021,15.13
20221022,8.9336
20221023,5.7155
20221024,3.8467
20221025,5.0734
20221026,5.7415
20221027,5.1238
20221028,6.9543
20221029,7.1608
20221030,13.137
20221031,13.734
20221101,14.263
20221102,13.889
20221103,8.1465
20221104,4.485
20221105,4.4548
20221106,5.5621
20221107,5.5074
20221108,4.7399
20221109,3.4618
20221110,8.2683
20221111,6.1865
20221112,8.888
20221113,9.0499
20221114,7.8223
20221115,5.8346
20221116,5.5395
20221117,3.6323
20221118,0.96287
20221119,1.9003
20221120,-0.56918
20221121,-1.9904
20221122,-1.975
20221123,-2.13
20221124,-1.1982
20221125,-0.98563
20221126,-0.67263
20221127,6.0182
20221128,7.2983
20221129,-1.8721
20221130,-4.6798
20221201,-4.7586
20221202,2.4077
20221203,3.3877
20221204,0.21709
20221205,-2.808
20221206,-0.91845
20221207,-2.2055
20221208,0.44482
20221209,-0.71241
20221210,-1.6858
20221211,0.69921
20221212,0.2431
20221213,0.68649
20221214,-0.37539
20221215,-4.3922
20221216,-6.0831
20221217,-3.4565
20221218,-6.1868
20221219,-5.0599
20221220,-0.46635
20221221,-2.643
20221222,-5.9207
20221223,-7.1087
20221224,-5.962
20221225,-6.7632
20221226,-4.9837
20221227,1.1054
20221228,-2.1126
20221229,-3.0384
20221230,-4.4042
20221231,-5.7323
20230101,-6.4923
20230102,-6.3799
20230103,-4.3206
20230104,-5.6648
20230105,-6.6865
20230106,-6.4553
20230107,-4.9216
20230108,-2.5367
20230109,3.8294
20230110,3.7321
20230111,4.8785
20230112,4.4731
20230113,2.9122
20230114,6.5994
20230115,6.8237
20230116,3.5168
20230117,1.9881
20230118,7.8229
20230119,4.2345
20230120,0.94351
20230121,-1.0515
20230122,-2.8679
20230123,1.6519
20230124,0.57807
20230125,5.4254
20230126,8.4954
20230127,4.9146
20230128,4.8481
20230129,4.4392
20230130,3.4415
20230131,1.4508
20230201,2.361
20230202,0.50547
20230203,3.0553
20230204,0.49091
20230205,1.6541
20230206,0.84525
20230207,-0.99798
20230208,-0.51791
20230209,-2.1277
20230210,-4.3225
20230211,-3.822
20230212,-3.3513
20230213,0.27062
20230214,-0.25671
20230215,-0.64638
20230216,-1.2474
20230217,-1.2852
20230218,-0.70969
20230219,-0.71672
20230220,-0.14161
20230221,-0.18921
20230222,-0.32045
20230223,-0.52774
20230224,-0.26278
20230225,0.10898
20230226,-0.19853
20230227,-2.6843
20230228,-1.0142
20230301,0.054057
20230302,0.59517
20230303,6.2677
20230304,5.3282
20230305,3.0594
20230306,2.7603
20230307,1.7951
20230308,2.1873
20230309,2.7275
20230310,2.0931
20230311,1.134
20230312,-1.0002
20230313,-1.2279
20230314,-1.2448
20230315,-0.51006
20230316,0.87606
20230317,1.003
20230318,-0.04011
20230319,3.3039
20230320,1.7576
20230321,4.22
20230322,4.2369
20230323,2.7998
20230324,2.9476
20230325,3.1542
20230326,2.3058
20230327,2.6974
20230328,2.3178
20230329,2.2722
20230330,7.4455
20230331,8.5625
20230401,5.7879
20230402,2.8464
20230403,10.158
20230404,10.209
20230405,6.4218
20230406,4.0162
20230407,3.2884
20230408,4.6422
20230409,5.396
20230410,4.2313
20230411,4.241
20230412,3.802
20230413,8.0771
20230414,7.0722
20230415,4.7742
20230416,6.6418
20230417,7.1101
20230418,6.9041
20230419,5.9727
20230420,5.791
20230421,7.961
20230422,6.4061
20230423,6.1115
20230424,7.0283
20230425,8.1577
20230426,6.8351
20230427,4.0378
20230428,5.0566
20230429,4.3767
20230430,5.3052
20230501,5.6468
20230502,7.3796
20230503,7.6067
20230504,5.8356
20230505,10.028
20230506,7.9755
20230507,12.161
20230508,11.606
20230509,11.43
20230510,12.432
20230511,13.264
20230512,12.636
20230513,11.424
20230514,9.4794
20230515,11.266
20230516,9.2941
20230517,9.0305
20230518,10.277
20230519,11.909
20230520,11.786
20230521,12.504
20230522,13.145
20230523,12.972
20230524,12.076
20230525,12.168
20230526,10.668
20230527,14.941
20230528,11.244
20230529,12.79
20230530,12.349
20230531,10.133
20230601,12.107
20230602,14.665
20230603,14.747
20230604,13.137
20230605,12.09
20230606,13.511
20230607,17.046
20230608,15.14
20230609,13.455
20230610,15.212
20230611,13.905
20230612,13.443
20230613,16.311
20230614,16.451
20230615,16.402
20230616,13.974
20230617,13.492
20230618,15.303
20230619,14.508
20230620,15.396
20230621,15.033
20230622,17.048
20230623,15.124
20230624,12.944
20230625,11.46
20230626,12.214
20230627,13.422
20230628,14.469
20230629,13.281
20230630,14.249
20230701,15.213
20230702,15.066
20230703,17.796
20230704,16.287
20230705,19.217
20230706,18.402
20230707,18.396
20230708,17.85
20230709,18.201
20230710,18.621
20230711,18.377
20230712,16.305
20230713,15.162
20230714,14.096
20230715,14.353
20230716,13.143
20230717,13.085
20230718,13.526
20230719,13.253
20230720,15.857
20230721,16.234
20230722,15.568
20230723,17.647
20230724,18.997
20230725,17.512
20230726,14.341
20230727,18.225
20230728,17.398
20230729,20.905
20230730,18.264
20230731,16.451
20230801,16.353
20230802,15.065
20230803,14.043
20230804,14.282
20230805,13.918
20230806,14.51
20230807,15.73
20230808,18.214
20230809,18.355
20230810,18.223
20230811,18.394
20230812,19.363
20230813,18.283
20230814,16.689
20230815,18.375
20230816,18.088
20230817,18.946
20230818,19.913
20230819,19.131
20230820,17.579
20230821,18.527
20230822,19.419
20230823,19.437
20230824,17.927
20230825,16.106
20230826,16.446
20230827,14.586
20230828,13.307
20230829,12.961
20230830,10.967
20230831,9.9013
20230901,11.136
20230902,12.543
20230903,13.614
20230904,11.422
20230905,11.542
20230906,11.981
20230907,12.318
20230908,13.601
20230909,14.864
20230910,14.496
20230911,14.474
20230912,12.465
20230913,12.155
20230914,12.18
20230915,9.3588
20230916,9.9991
20230917,8.1416
20230918,8.3184
20230919,11.912
20230920,12.506
20230921,14.911
20230922,13.254
20230923,14.357
20230924,14.698
20230925,14.964
20230926,15.861
20230927,15.891
20230928,16.772
20230929,14.446
20230930,12.596
20231001,11.131
20231002,11.112
20231003,9.7466
20231004,10.795
20231005,10.054
20231006,11.024
20231007,10.012
20231008,8.106
20231009,7.87
20231010,8.1184
20231011,10.409
20231012,12.18
20231013,12.975
20231014,11.354
20231015,9.9411
20231016,10.84
20231017,8.6053
20231018,7.2412
20231019,5.2443
20231020,5.9484
20231021,4.5587
20231022,6.547
20231023,9.3081
20231024,7.4591
20231025,5.0407
20231026,7.5543
20231027,6.7392
20231028,6.0151
20231029,6.8283
20231030,4.8463
20231031,5.3777
20231101,8.9327
20231102,7.8401
20231103,7.203
20231104,6.7344
20231105,3.5339
20231106,2.2545
20231107,4.1578
20231108,4.0333
20231109,4.9993
20231110,2.2451
20231111,5.0959
20231112,6.1759
20231113,8.333
20231114,7.723
20231115,9.0014
20231116,5.419
20231117,5.4072
20231118,4.1707
20231119,10.269
20231120,11.444
20231121,5.0075
20231122,4.0759
20231123,7.6866
20231124,7.7647
20231125,3.6587
20231126,2.3866
20231127,8.2895
20231128,7.9089
20231129,3.2477
20231130,3.2193
20231201,9.1767
20231202,11.156
20231203,11.042
20231204,8.2153
20231205,4.388
20231206,3.1333
20231207,0.57725
20231208,-0.3211
20231209,-0.058034
20231210,-1.2474
20231211,0.10808
20231212,-0.73854
20231213,-0.62496
20231214,1.7351
20231215,1.4239
20231216,0.050273
20231217,-1.0238
20231218,0.66604
20231219,2.4222
20231220,-0.33864
20231221,-0.76004
20231222,1.6193
20231223,2.1832
20231224,1.8027
20231225,0.13712
20231226,1.5147
20231227,4.7455
20231228,7.1886
20231229,6.6829
20231230,1.8638
20231231,3.1258
20240101,1.9574
20240102,-0.094889
20240103,-1.1053
20240104,1.4447
20240105,0.080007
20240106,2.0226
20240107,-0.27431
20240108,0.41028
20240109,-2.2372
20240110,1.3016
20240111,1.2673
20240112,-0.23918
20240113,2.5816
20240114,1.9504
20240115,0.47608
20240116,-0.92886
20240117,-1.8365
20240118,-3.735
20240119,-3.1437
20240120,-4.5504
20240121,-2.8885
20240122,-3.9108
20240123,-3.0723
20240124,1.9044
20240125,-2.5488
20240126,-3.8362
20240127,-4.9626
20240128,-1.1591
20240129,-3.0089
20240130,-4.8425
20240131,-3.6101
20240201,2.4524
20240202,0.49772
20240203,-0.80176
20240204,-4.1628
20240205,-1.5005
20240206,-0.77567
20240207,0.06311
20240208,1.6979
20240209,2.7505
20240210,0.78708
20240211,4.5866
20240212,-0.46638
20240213,-1.9538
20240214,1.0739
20240215,3.3563
20240216,0.049642
20240217,0.72228
20240218,0.37511
20240219,0.1177
20240220,3.4571
20240221,1.8872
20240222,2.0165
20240223,3.1292
20240224,5.2532
20240225,3.3967
20240226,5.121
20240227,3.461
20240228,3.0978
20240229,1.0133
20240301,9.2071
20240302,3.9233
20240303,1.4506
20240304,2.2843
20240305,2.2451
20240306,0.49846
20240307,0.72527
20240308,3.9639
20240309,1.9586
20240310,0.59441
20240311,4.1897
20240312,3.3505
20240313,3.279
20240314,6.1526
20240315,2.6782
20240316,1.0184
20240317,1.7627
20240318,0.31038
20240319,4.6679
20240320,3.016
20240321,5.438
20240322,4.2293
20240323,5.2157
20240324,-0.20968
20240325,-0.91516
20240326,1.2644
20240327,-0.57658
20240328,-2.6973
20240329,-0.89985
20240330,3.5842
20240331,2.8572
20240401,3.1163
20240402,2.0041
20240403,3.4053
20240404,4.5379
20240405,5.6915
20240406,6.3108
20240407,6.3377
20240408,6.0758
20240409,6.7011
20240410,9.8924
20240411,8.3368
20240412,6.311
20240413,8.2709
20240414,7.309
20240415,7.3841
20240416,7.5221
20240417,5.7949
20240418,5.0103
20240419,9.0383
20240420,5.5315
20240421,3.8327
20240422,5.248
20240423,3.7309
20240424,7.4516
20240425,5.8473
20240426,6.969
20240427,8.4634
20240428,7.4691
20240429,10.244
20240430,8.1931
20240501,11.006
20240502,11.462
20240503,9.3299
20240504,8.5719
20240505,11.397
20240506,11.563
20240507,10.523
20240508,14.315
20240509,15.327
20240510,13.98
20240511,12.996
20240512,13.006
20240513,13.16
20240514,11.098
20240515,11.624
20240516,9.9664
20240517,7.1594
20240518,10.503
20240519,9.288
20240520,6.9036
20240521,11.281
20240522,8.6264
20240523,6.3879
20240524,6.3885
20240525,8.4773
20240526,10.502
20240527,11.828
20240528,11.977
20240529,10.38
20240530,9.8208
20240531,7.383
20240601,7.4144
20240602,8.9094
20240603,8.6385
20240604,14.459
20240605,12.957
20240606,10.641
20240607,13.301
20240608,15.799
20240609,14.549
20240610,12.451
20240611,10.365
20240612,13.191
20240613,12.292
20240614,10.335
20240615,11.531
20240616,13.768
20240617,15.202
20240618,13.769
20240619,13.182
20240620,12.008
20240621,13.462
20240622,15.47
20240623,12.76
20240624,12.334
20240625,14.35
20240626,14.831
20240627,13.769
20240628,13.798
20240629,14.588
20240630,14.541
20240701,16.033
20240702,16.595
20240703,15.841
20240704,12.743
20240705,12.984
20240706,15.852
20240707,17.893
20240708,16.739
20240709,17.71
20240710,17.336
20240711,19.409
20240712,18.955
20240713,19.134
20240714,19.18
20240715,19.653
20240716,19.45
20240717,19.327
20240718,20.467
20240719,20.208
20240720,19.201
20240721,20.021
20240722,15.966
20240723,13.886
20240724,17.386
20240725,15.404
20240726,14.166
20240727,15.12
20240728,14.029
20240729,13.786
20240730,16.39
20240731,17.948
20240801,18.036
20240802,17.507
20240803,18.84
20240804,20.064
20240805,18.953
20240806,17.041
20240807,17.559
20240808,19.707
20240809,20.066
20240810,19.939
20240811,18.933
20240812,16.779
20240813,18.132
20240814,17.054
20240815,15.855
20240816,16.382
20240817,15.062
20240818,14.972
20240819,15.254
20240820,16.218
20240821,18.853
20240822,19.335
20240823,16.877
20240824,18.444
20240825,18.651
20240826,20.549
20240827,19.905
20240828,20.439
20240829,19.169
20240830,16.016
20240831,18.681
20240901,18.746
20240902,20.281
20240903,17.094
20240904,14.426
20240905,13.72
20240906,15.686
20240907,19.74
20240908,16.844
20240909,14.389
20240910,11.746
20240911,14.329
20240912,16.004
20240913,16.276
20240914,16.175
20240915,16.03
20240916,15.21
20240917,14.93
20240918,15.351
20240919,16.152
20240920,16.805
20240921,18.073
20240922,16.343
20240923,14.43
20240924,12.881
20240925,11.855
20240926,10.888
20240927,11.655
20240928,12.489
20240929,11.153
20240930,10.184
20241001,9.1034
20241002,12.879
20241003,10.572
20241004,8.6427
20241005,12.055
20241006,12.916
20241007,13.421
20241008,11.759
20241009,11.562
20241010,12.017
20241011,11.691
20241012,12.784
20241013,12.347
20241014,11.035
20241015,9.0518
20241016,9.4548
20241017,8.8903
20241018,9.1701
20241019,9.7224
20241020,9.7287
20241021,9.621
20241022,13.83
20241023,13.947
20241024,10.938
20241025,9.5273
20241026,8.8994
20241027,8.1998
20241028,7.9838
20241029,9.0078
20241030,8.056
20241031,6.1791
20241101,10.217
20241102,8.3699
20241103,5.9037
20241104,5.7814
20241105,9.3492
20241106,6.8704
20241107,8.2905
20241108,5.4037
20241109,2.623
20241110,2.9657
20241111,1.9584
20241112,-0.46905
20241113,-1.6814
20241114,-1.2688
20241115,2.0092
20241116,0.12447
20241117,-2.8472
20241118,-3.344
20241119,-1.7692
20241120,-3.1538
20241121,3.1516
20241122,6.7077
20241123,10.124
20241124,9.1186
20241125,5.5956
20241126,4.1021
20241127,2.2745
20241128,2.4301
20241129,4.1617
20241130,1.7842
20241201,0.58131
20241202,-0.0413
20241203,0.58854
20241204,-0.32481
20241205,-1.7459
20241206,-1.8388
20241207,0.44459
20241208,1.7734
20241209,1.0331
20241210,-0.33902
20241211,1.0627
20241212,3.75
20241213,2.7934
20241214,7.5422
20241215,5.2308
20241216,1.6623
20241217,-0.58247
20241218,-0.85589
20241219,1.7386
20241220,2.1422
20241221,1.7104
20241222,3.0276
20241223,0.47364
20241224,-1.2613
20241225,-2.3352
20241226,-3.0453
20241227,-2.9143
20241228,-1.3142
20241229,1.4115
20241230,-0.14569
20241231,-2.3547
20250101,-3.421
20250102,2.6065
20250103,0.67568
20250104,0.79939
20250105,0.43501
20250106,-0.13078
20250107,0.26876
20250108,-0.43321
20250109,-0.72705
20250110,-2.0694
20250111,0.73391
20250112,-0.057638
20250113,-2.2375
20250114,-3.8218
20250115,-4.3522
20250116,-4.265
20250117,-4.5623
20250118,-5.4713
20250119,-2.5749
20250120,-0.81046
20250121,-1.5783
20250122,-5.7571
20250123,-4.0783
20250124,-0.50655
20250125,-2.1207
20250126,1.5278
20250127,0.3707
20250128,5.4706
20250129,3.366
20250130,3.6947
20250131,-0.63836
20250201,-4.0862
20250202,-4.4014
20250203,-2.5903
20250204,3.0086
20250205,3.2025
20250206,-3.0103
20250207,-5.4762
20250208,-1.9887
20250209,5.3159
20250210,5.1623
20250211,2.1578
20250212,1.9784
20250213,6.3366
20250214,7.9246
20250215,7.3335
20250216,5.7558
20250217,4.3488
20250218,1.8934
20250219,1.6829
20250220,1.0914
20250221,1.8938
20250222,2.9243
20250223,2.091
20250224,1.3125
20250225,3.2366
20250226,7.0128
20250227,4.4173
20250228,2.455
20250301,0.2988
20250302,0.52198
20250303,0.68492
20250304,1.9609
20250305,1.2802
20250306,1.5147
20250307,-0.73517
20250308,0.44792
20250309,0.11243
20250310,-0.29609
20250311,-1.6268
20250312,0.78755
20250313,2.109
20250314,-0.26092
20250315,1.4439
20250316,7.1824
20250317,5.4637
20250318,3.9622
20250319,4.5635
20250320,3.6703
20250321,3.9511
20250322,2.3849
20250323,4.6202
20250324,2.6012
20250325,2.3265
20250326,4.5262
20250327,3.3281
20250328,2.522
20250329,3.1706
20250330,2.0253
20250331,2.4129
20250401,3.3083
20250402,2.3522
20250403,3.3844
20250404,4.3798
20250405,6.0238
20250406,7.476
20250407,7.075
20250408,8.498
20250409,4.8024
20250410,2.9832
20250411,2.135
20250412,3.1597
20250413,5.1364
20250414,5.5406
20250415,4.8123
20250416,4.1806
20250417,6.0221
20250418,8.042
20250419,5.0758
20250420,6.0375
20250421,5.1612
20250422,7.8288
20250423,6.2001
20250424,5.8339
20250425,7.5764
20250426,6.9456
20250427,7.1161
20250428,7.6754
20250429,8.1823
20250430,6.1678
20250501,6.0594
20250502,9.9517
20250503,8.5956
20250504,7.659
20250505,7.0672
20250506,11.75
20250507,10.806
20250508,8.2294
20250509,10.539
20250510,9.4154
20250511,9.9192
20250512,12.846
20250513,16.569
20250514,13.486
20250515,12.219
20250516,14.343
20250517,13.451
20250518,12.049
20250519,13.215
20250520,11.132
20250521,11.081
20250522,10.922
20250523,11.832
20250524,10.104
20250525,10.057
20250526,13.142
20250527,13.002
20250528,12.58
20250529,12.535
20250530,11.779
20250531,9.3212
20250601,10.817
20250602,15.7
20250603,14.646
20250604,12.99
20250605,11.165
20250606,9.4739
20250607,8.7959
20250608,10.81
20250609,13.872
20250610,15.2
20250611,13.172
20250612,13.77
20250613,15.008
20250614,14.31
20250615,12.965
20250616,15.176
20250617,14.9
20250618,16.037
20250619,16.72
20250620,16.917
20250621,16.146
20250622,18.895
20250623,16.925
20250624,15.97
20250625,17.745
20250626,19.328
20250627,18.577
20250628,17.48
20250629,17.952
20250630,19.046
20250701,17.099
20250702,15.379
20250703,16.493
20250704,17.557
20250705,20.107
20250706,18.725
20250707,18.717
20250708,16.243
20250709,18.839
20250710,18.97
20250711,17.059
20250712,18.875
20250713,20.21
20250714,20.359
20250715,18.734
20250716,18.865
20250717,18.292
20250718,16.847
20250719,17.765
20250720,19.553
20250721,21.22
20250722,20.482
20250723,19.193
20250724,18.014
20250725,16.169
20250726,18.233
20250727,17.461
20250728,16.13
20250729,19.732
20250730,19.275
20250731,19.97
20250801,20.627
20250802,18.6
20250803,19.847
20250804,20.286
20250805,19.848
20250806,19.729
20250807,20.413
20250808,21.889
20250809,22.556
20250810,22.739
20250811,22.587
20250812,20.744
20250813,19.119
20250814,20.465
20250815,21.868
20250816,22.1
20250817,21.526
20250818,21.18
20250819,20.058
20250820,20.485
20250821,20.918
20250822,20.436
20250823,19.6
20250824,18.462
20250825,19.79
20250826,19.719
20250827,20.028
20250828,20.124
20250829,19.807
20250830,17.928
20250831,17.842
20250901,18.77
20250902,20.282
20250903,17.405
20250904,16.839
20250905,15.778
20250906,15.551
20250907,14.506
20250908,16.229
20250909,12.982
20250910,12.051
20250911,12.96
20250912,17.358
20250913,17.604
20250914,15.853
20250915,15.073
20250916,12.829
20250917,12.132
20250918,15.46
20250919,16.085
20250920,14.502
20250921,11.034
20250922,13.29
20250923,12.763
20250924,10.119
20250925,7.2323
20250926,8.7794
20250927,7.2278
20250928,5.8486
20250929,9.7136
20250930,9.857
20251001,10.458
20251002,8.3627
20251003,6.0262
20251004,7.5874
20251005,8.4712
20251006,4.4436
20251007,4.1828
20251008,3.0884
20251009,3.5825
20251010,2.7551
20251011,5.6561
20251012,8.1943
20251013,6.5481
20251014,7.2687
20251015,5.1975
20251016,3.3779
20251017,8.2191
20251018,9.3639
20251019,7.459
20251020,9.7207
20251021,7.5846
20251022,6.2271
20251023,5.1294
20251024,5.8185
20251025,5.359
20251026,7.5907
20251027,5.9708
20251028,6.6698
20251029,3.9582
20251030,2.8534
20251031,4.7908
20251101,2.966
20251102,2.4706
20251103,2.4108
20251104,4.831
20251105,4.3112
20251106,3.0328
20251107,1.2107
20251108,4.8815
20251109,4.7721
20251110,3.0398
20251111,1.2238
20251112,0.088999
20251113,0.73226
20251114,1.9325
20251115,2.0741
20251116,5.7739
20251117,2.5494
20251118,0.83563
20251119,1.0779
20251120,4.1105
20251121,7.9916
20251122,9.0121
20251123,9.99
20251124,7.5216
20251125,4.6391
20251126,2.0963
20251127,0.55585
20251128,-0.40186
20251129,-0.87395
20251130,2.5654
20251201,6.0547
20251202,6.701
20251203,3.5771
20251204,1.9472
20251205,3.7538
20251206,3.6886
20251207,0.97326
20251208,-1.1748
20251209,-1.9633
20251210,-0.63625
20251211,-2.4056
20251212,-2.9783
20251213,-3.6393
20251214,-4.3448
20251215,-4.6801
20251216,-4.3728
20251217,-4.4463
20251218,-4.7744
20251219,-3.4347
20251220,-0.69489
20251221,1.4905
20251222,-0.86145
20251223,-2.4464
20251224,-2.9949
20251225,-3.412
20251226,-4.0266
20251227,-3.5279
20251228,-3.335
20251229,-3.9855
20251230,-3.2219
20251231,-3.2977
20260101,-4.1082
20260102,-4.4744
20260103,-3.2277
20260104,-4.8951
20260105,1.9302
20260106,-0.30187
20260107,-0.4688
20260108,-1.8056
20260109,-3.7488
20260110,-5.1168
20260111,-7.0199
20260112,-4.7031
20260113,-5.3784
20260114,-6.7053
20260115,-6.6556
20260116,-7.8013
20260117,-7.8559
20260118,-8.0102
20260119,-6.2293
20260120,-5.8963
20260121,-1.6306
20260122,0.44392
20260123,-1.1246
20260124,-1.6942
20260125,-2.1915
20260126,2.2203
20260127,-2.8318
20260128,-0.68495
20260129,-0.51126
20260130,-1.3644
20260131,-0.71231
20260201,-2.3064
20260202,3.9134
20260203,3.5727
20260204,0.096273
20260205,-0.55842
20260206,-0.49772
20260207,-1.9753
20260208,1.5173
20260209,-1.2414
20260210,-2.8124
20260211,-0.061025
20260212,-0.91378
20260213,-1.7332
20260214,-2.6084
20260215,-0.0055339
20260216,1.7278
20260217,-0.66516
20260218,-1.3621
20260219,-2.8867
20260220,-1.7412
20260221,0.60213
20260222,0.76127
20260223,-0.14691
20260224,-2.0432
20260225,-3.269
20260226,-1.3701
20260227,0.64597
20260228,-1.1665
20260301,1.8129
20260302,-1.4625
20260303,2.8486
20260304,1.4835
20260305,-0.94619
20260306,-2.1685
20260307,-1.3704
20260308,-1.5492
20260309,-3.8917
20260310,-3.0689
20260311,-2.4573
20260312,1.1092
20260313,0.6896
20260314,-0.71912
20260315,2.7579
20260316,5.8962
20260317,1.4438
20260318,1.2834
20260319,5.0123
20260320,9.5705
20260321,5.6885
20260322,5.0776
20260323,3.5707
20260324,1.7977
20260325,-0.39276
20260326,-3.6034
20260327,-1.3441
20260328,2.8859
20260329,3.781
20260330,7.1735
20260331,5.502
20260401,5.5313
20260402,2.3006
20260403,3.4941
20260404,1.3209
20260405,2.6625
20260406,3.8076
20260407,9.7145
20260408,6.8948
20260409,5.6094
20260410,6.1829
20260411,7.1701
20260412,2.9193
20260413,6.9854
20260414,7.0049
20260415,5.8972
20260416,3.6864
20260417,4.4091
20260418,7.0652
20260419,6.6604
20260420,8.5248
20260421,7.9818
20260422,6.6008
20260423,8.859
20260424,8.3462
20260425,10.922
20260426,10.951
20260427,9.5668
20260428,6.3509
20260429,4.4891
20260430,7.6599
20260501,5.7172
20260502,7.9058
20260503,6.2238
20260504,3.529
20260505,7.9318
20260506,6.1444
20260507,6.9
20260508,4.284
20260509,8.2478
20260510,8.2641
20260511,7.5399
20260512,7.552
20260513,6.9768
20260514,9.5635
20260515,12.074
20260516,9.1377
20260517,7.7174
20260518,6.5985
20260519,8.797
20260520,9.089
20260521,7.5982
20260522,8.9247
20260523,11.304
20260524,12.304
20260525,12.164
20260526,11.592
20260527,12.666
20260528,10.276
20260529,10.613
20260530,8.407
20260531,6.4007
20260601,6.9298
20260602,6.533
20260603,8.27
20260604,12.274
20260605,10.83
20260606,10.14
20260607,15.022
20260608,11.332
20260609,9.303
20260610,10.307
20260611,13.255
20260612,16.473
20260613,16.44
20260614,17.429
20260615,15.343
20260616,14.071
20260617,13.57
20260618,15.032
20260619,15.651
20260620,17.763
20260621,16.859
20260622,18.771
20260623,17.927
20260624,17.1
20260625,18.286
20260626,19.11
20260627,18.715
20260628,20.077
20260629,20.151
20260630,19.165
20260701,19.21
20260702,17.462
20260703,11.861
20260704,10.113
20260705,14.645
20260706,17.236
20260707,14.174
20260708,13.036
20260709,12.096
20260710,15.031
20260711,16.746
20260712,15.658
20260713,18.003
20260714,20.194
20260715,19.729
20260716,18.867
20260717,20.299
20260718,19.252
20260719,16.619
20260720,17.499
20260721,20.05
20260722,18.786
20260723,16.823
20260724,15.857
20260725,14.373
20260726,16.796
20260727,17.826
20260728,17.936
20260729,13.07
20260730,11.968
20260731,14.277
20260801,13.472
20260802,15.371
20260803,17.156
20260804,14.842
20260805,15.671
20260806,18.398
20260807,18.179
20260808,20.375
20260809,21.598
20260810,22.797
20260811,21.915
20260812,20.928
20260813,19.321
20260814,19.064
20260815,19.6
20260816,18.948
20260817,21.011
20260818,18.12
20260819,17.882
20260820,18.669
20260821,17.467
20260822,16.305
20260823,16.399
20260824,16.126
20260825,14.556
20260826,14.191
20260827,16.222
20260828,14.761
20260829,15.319
20260830,17.424
20260831,16.345
20260901,16.473
20260902,14.908
20260903,12.681
20260904,14.166
20260905,14.063
20260906,11.59
20260907,11.146
20260908,13.723
20260909,11.678
20260910,13.862
20260911,14.417
20260912,15.609
20260913,16.533
20260914,16.735
20260915,15.485
20260916,15.186
20260917,13.895
20260918,16.323
20260919,16.346
20260920,12.929
20260921,14.029
20260922,12.913
20260923,13.788
20260924,13.824
20260925,16.629
20260926,18.502
20260927,16.139
20260928,13.696
20260929,16.071
20260930,17.435
20261001,16.805
20261002,15.593
20261003,17.267
20261004,15.725
20261005,13.476
20261006,15.544
20261007,14.654
20261008,14.856
20261009,12.838
20261010,11.796
20261011,13.347
20261012,14.169
20261013,12.703
20261014,11.585
20261015,10.572
20261016,10.225
20261017,9.1844
20261018,6.7587
20261019,4.9362
20261020,5.7992
20261021,6.1235
20261022,5.9388
20261023,8.3016
20261024,8.2249
20261025,6.2825
20261026,10.135
20261027,13.716
20261028,13.151
20261029,13.231
20261030,4.1534
20261031,1.5932
20261101,8.8833
20261102,12.206
20261103,8.0481
20261104,5.9628
20261105,4.9633
20261106,3.8978
20261107,2.3897
20261108,3.0297
20261109,2.7123
20261110,3.9769
20261111,4.3099
20261112,3.8511
20261113,2.8316
20261114,2.8959
20261115,3.3874
20261116,0.98324
20261117,0.27746
20261118,0.92742
20261119,2.272
20261120,-0.69323
20261121,-3.8925
20261122,-1.3865
20261123,-0.053223
20261124,-0.91773
20261125,-2.6739
20261126,2.4421
20261127,1.4619
20261128,1.6506
20261129,-0.21895
20261130,0.022736
20261201,-0.11555
20261202,-1.4722
20261203,-2.7358
20261204,-3.687
20261205,-2.7058
20261206,-0.47158
20261207,-2.1313
20261208,-3.4484
20261209,-5.1443
20261210,-5.9043
20261211,-5.5064
20261212,-3.3808
20261213,-1.6339
20261214,-3.2462
20261215,-2.1223
20261216,-0.095123
20261217,-0.5406
20261218,-0.601
20261219,-1.5575
20261220,-1.7131
20261221,-0.5855
20261222,-0.7033
20261223,-1.2768
20261224,-1.1627
20261225,6.894
20261226,8.0474
20261227,6.3434
20261228,2.0822
20261229,-1.8848
20261230,-4.3118
20261231,-0.94774
20270101,-0.27964
20270102,-2.1566
20270103,-1.9345
20270104,-1.9054
20270105,-3.7732
20270106,-5.1736
20270107,-5.3341
20270108,-4.8169
20270109,-6.0919
20270110,-5.2502
20270111,-5.3347
20270112,-6.6988
20270113,-7.0494
20270114,-6.9186
20270115,-0.20404
20270116,2.1602
20270117,3.3213
20270118,4.3866
20270119,3.5839
20270120,0.87033
20270121,0.26328
20270122,4.0768
20270123,5.974
20270124,5.5954
20270125,3.8081
20270126,1.0373
20270127,6.0265
20270128,7.9354
20270129,8.3496
20270130,9.261
20270131,8.2808
20270201,7.6145
20270202,1.8687
20270203,1.011
20270204,0.27135
20270205,-0.56042
20270206,3.3274
20270207,0.77972
20270208,0.81851
20270209,1.8764
20270210,4.5777
20270211,1.1238
20270212,1.2261
20270213,2.9116
20270214,1.324
20270215,1.8395
20270216,5.6887
20270217,4.822
20270218,4.9104
20270219,4.428
20270220,2.0034
20270221,3.1785
20270222,4.1574
20270223,2.5552
20270224,2.9837
20270225,1.6377
20270226,1.3462
20270227,2.2089
20270228,3.2431
20270301,0.91477
20270302,0.6521
20270303,1.544
20270304,0.91158
20270305,-0.23137
20270306,7.0648
20270307,8.4242
20270308,3.8611
20270309,1.0902
20270310,0.21547
20270311,1.4735
20270312,1.1787
20270313,6.5919
20270314,3.1934
20270315,3.2422
20270316,4.4042
20270317,1.9253
20270318,0.47306
20270319,3.8457
20270320,2.2682
20270321,2.0378
20270322,8.4492
20270323,3.9811
20270324,3.2007
20270325,6.2452
20270326,5.2725
20270327,7.432
20270328,8.6977
20270329,7.3896
20270330,4.2783
20270331,3.522
20270401,4.0479
20270402,4.2573
20270403,2.9071
20270404,4.1201
20270405,6.0936
20270406,2.4106
20270407,2.2233
20270408,1.1251
20270409,1.4266
20270410,6.8773
20270411,3.4068
20270412,1.0057
20270413,2.1589
20270414,2.208
20270415,3.6451
20270416,2.8585
20270417,0.84555
20270418,4.8797
20270419,4.8978
20270420,8.5838
20270421,8.1518
20270422,8.7884
20270423,7.385
20270424,8.2276
20270425,6.0384
20270426,6.8634
20270427,7.5479
20270428,8.3289
20270429,7.8779
20270430,5.5908
20270501,5.5727
20270502,5.8788
20270503,6.7736
20270504,7.4487
20270505,9.0843
20270506,9.1504
20270507,7.1359
20270508,9.1334
20270509,11.533
20270510,9.518
20270511,9.7163
20270512,12.049
20270513,13.174
20270514,11.002
20270515,12.03
20270516,9.9089
20270517,8.9648
20270518,10.602
20270519,10.644
20270520,11.26
20270521,11.183
20270522,12.599
20270523,15.135
20270524,13.362
20270525,12.582
20270526,12.615
20270527,11.71
20270528,11.73
20270529,13.333
20270530,11.737
20270531,13.152
20270601,13.661
20270602,14.241
20270603,14.371
20270604,14.652
20270605,14.256
20270606,13.866
20270607,14.495
20270608,12.741
20270609,11.461
20270610,14.021
20270611,14.217
20270612,9.2704
20270613,8.5186
20270614,11.317
20270615,9.8776
20270616,12.346
20270617,12.19
20270618,12.181
20270619,12.427
20270620,12.604
20270621,13.361
20270622,14.385
20270623,13.095
20270624,13.527
20270625,15.372
20270626,15.362
20270627,11.841
20270628,12.622
20270629,15.261
20270630,13.201
20270701,17.149
20270702,15.027
20270703,13.279
20270704,11.755
20270705,14.587
20270706,16.17
20270707,17.187
20270708,18.574
20270709,18.483
20270710,17.873
20270711,20.605
20270712,21.357
20270713,22.985
20270714,21.391
20270715,20.494
20270716,20.133
20270717,19.5
20270718,20.392
20270719,21.22
20270720,21.178
20270721,21.349
20270722,20.32
20270723,19.856
20270724,17.59
20270725,18.682
20270726,19.611
20270727,19.691
20270728,18.703
20270729,20.057
20270730,17.815
20270731,15.565
20270801,16.684
20270802,16.597
20270803,16.086
20270804,14.437
20270805,13.444
20270806,13.628
20270807,16.362
20270808,19.203
20270809,15.923
20270810,17.282
20270811,16.066
20270812,17.065
20270813,17.05
20270814,15.985
20270815,19.92
20270816,19.553
20270817,19.482
20270818,19.261
20270819,19.158
20270820,19.686
20270821,18.511
20270822,17.612
20270823,16.856
20270824,13.794
20270825,12.907
20270826,14.595
20270827,17.941
20270828,18.212
20270829,19.375
20270830,18.115
20270831,17.86
20270901,16.812
20270902,15.64
20270903,17.435
20270904,18.096
20270905,17.907
20270906,19.036
20270907,16.953
20270908,15.614
20270909,13.876
20270910,13.157
20270911,13.017
20270912,11.606
20270913,10.831
20270914,13.12
20270915,12.35
20270916,13.507
20270917,13.12
20270918,12.5
20270919,14.619
20270920,12.21
20270921,11.142
20270922,9.7033
20270923,12.592
20270924,9.7731
20270925,9.2298
20270926,9.5414
20270927,11.899
20270928,8.5404
20270929,7.0405
20270930,9.7737
20271001,11.845
20271002,13.47
20271003,10.853
20271004,9.417
20271005,7.4895
20271006,10.089
20271007,7.4537
20271008,5.8612
20271009,5.2814
20271010,7.7318
20271011,7.7844
20271012,7.1332
20271013,8.5355
20271014,12.664
20271015,9.8756
20271016,9.5826
20271017,7.6819
20271018,7.6328
20271019,6.877
20271020,9.0021
20271021,7.6738
20271022,8.3843
20271023,7.8348
20271024,5.8241
20271025,4.9379
20271026,8.8857
20271027,5.2466
20271028,3.6552
20271029,4.1961
20271030,3.2886
20271031,4.3511
20271101,3.7044
20271102,2.3558
20271103,2.2669
20271104,1.7661
20271105,1.1193
20271106,0.28099
20271107,2.4832
20271108,5.0843
20271109,3.4257
20271110,8.9223
20271111,9.6321
20271112,7.7047
20271113,6.7862
20271114,6.1649
20271115,6.1204
20271116,5.9254
20271117,4.3896
20271118,3.1824
20271119,0.062978
20271120,-0.99887
20271121,-1.0238
20271122,-0.5802
20271123,6.8117
20271124,3.3313
20271125,1.7677
20271126,4.3538
20271127,2.4978
20271128,0.068553
20271129,0.84265
20271130,9.9953
20271201,5.5794
20271202,5.5377
20271203,2.5386
20271204,1.6623
20271205,1.5205
20271206,0.13331
20271207,5.2007
20271208,4.5369
20271209,0.78627
20271210,-0.86884
20271211,-1.9878
20271212,3.4034
20271213,0.82314
20271214,2.3767
20271215,4.7077
20271216,2.2309
20271217,0.52452
20271218,5.8518
20271219,1.4486
20271220,-0.10557
20271221,0.18465
20271222,-0.48111
20271223,4.7896
20271224,4.1074
20271225,3.2041
20271226,2.9647
20271227,2.183
20271228,2.5424
20271229,0.42185
20271230,-0.15784
20271231,0.44021
20280101,0.61996
20280102,-0.40217
20280103,-2.1309
20280104,0.38481
20280105,5.0027
20280106,4.4395
20280107,4.4937
20280108,2.9457
20280109,2.6268
20280110,0.51668
20280111,4.1072
20280112,0.055573
20280113,-0.72069
20280114,-0.79174
20280115,1.4731
20280116,-0.35256
20280117,-2.3941
20280118,-0.73906
20280119,-0.64032
20280120,-0.061951
20280121,-0.63105
20280122,-0.44089
20280123,-1.1306
20280124,-0.74897
20280125,-2.5174
20280126,-2.368
20280127,-1.4635
20280128,-1.3636
20280129,-1.9728
20280130,0.3538
20280131,-1.7555
20280201,-3.6774
20280202,-1.9505
20280203,3.0235
20280204,2.7542
20280205,1.7631
20280206,-0.58595
20280207,-1.9974
20280208,-1.9431
20280209,-2.3053
20280210,-0.21808
20280211,-0.48524
20280212,-1.6476
20280213,-0.16752
20280214,3.1502
20280215,0.44666
20280216,0.0067851
20280217,-0.16601
20280218,1.2707
20280219,1.33
20280220,8.7524
20280221,5.2893
20280222,5.4265
20280223,6.4078
20280224,5.7401
20280225,2.3203
20280226,1.9451
20280227,3.1136
20280228,4.3057
20280229,2.7186
20280301,3.8922
20280302,2.4851
20280303,1.4849
20280304,0.90291
20280305,1.0918
20280306,-0.37991
20280307,2.3079
20280308,1.6581
20280309,2.7369
20280310,4.1888
20280311,3.1481
20280312,3.0442
20280313,5.6801
20280314,4.6368
20280315,2.7241
20280316,3.9908
20280317,5.5959
20280318,4.5137
20280319,1.4323
20280320,-0.47475
20280321,0.18009
20280322,2.8451
20280323,5.3414
20280324,4.9814
20280325,3.8705
20280326,5.1588
20280327,6.0315
20280328,5.214
20280329,5.4407
20280330,7.8761
20280331,5.9432
20280401,6.6353
20280402,7.0494
20280403,11.594
20280404,8.5226
20280405,6.0003
20280406,3.6864
20280407,4.2231
20280408,5.2324
20280409,6.4966
20280410,5.926
20280411,3.8521
20280412,5.5021
20280413,9.7358
20280414,9.5401
20280415,8.3008
20280416,8.9255
20280417,9.0487
20280418,11.021
20280419,11.255
20280420,11.256
20280421,12.654
20280422,10.924
20280423,10.961
20280424,6.8024
20280425,10.158
20280426,10.742
20280427,11.255
20280428,8.6231
20280429,7.7865
20280430,6.672
20280501,11.799
20280502,11.847
20280503,10.309
20280504,8.7548
20280505,10.848
20280506,8.3126
20280507,6.8678
20280508,8.9339
20280509,6.1092
20280510,6.2682
20280511,5.4684
20280512,10.87
20280513,8.8458
20280514,8.6389
20280515,12.059
20280516,8.8552
20280517,6.956
20280518,12.532
20280519,12.415
20280520,12.811
20280521,12.036
20280522,13.469
20280523,13.464
20280524,12.679
20280525,9.8549
20280526,11.275
20280527,11.553
20280528,11.954
20280529,12.968
20280530,13.517
20280531,11.176
20280601,9.2278
20280602,9.1571
20280603,11.908
20280604,11.589
20280605,9.6547
20280606,10.886
20280607,13.853
20280608,13.945
20280609,14.788
20280610,15.076
20280611,15.441
20280612,15.122
20280613,15.316
20280614,16.436
20280615,17.774
20280616,19.504
20280617,16.823
20280618,14.662
20280619,13.626
20280620,15.178
20280621,15.135
20280622,14.761
20280623,13.033
20280624,13.716
20280625,14.666
20280626,15.173
20280627,15.405
20280628,13.599
20280629,11.879
20280630,13.44
20280701,15.602
20280702,14.664
20280703,16.046
20280704,14.476
20280705,13.272
20280706,13.539
20280707,15.142
20280708,13.859
20280709,13.511
20280710,13.947
20280711,14.575
20280712,15.056
20280713,15.419
20280714,15.544
20280715,17.756
20280716,19.272
20280717,22.012
20280718,19.826
20280719,20.913
20280720,20.438
20280721,18.243
20280722,18.515
20280723,22.566
20280724,21.475
20280725,21.477
20280726,20.451
20280727,21.042
20280728,20.347
20280729,18.778
20280730,16.89
20280731,18.961
20280801,16.224
20280802,16.856
20280803,18.056
20280804,18.721
20280805,18.567
20280806,19.172
20280807,17.415
20280808,15.868
20280809,15.568
20280810,15.313
20280811,15.471
20280812,14.789
20280813,15.188
20280814,11.874
20280815,12.875
20280816,12.956
20280817,15.84
20280818,17.926
20280819,16.301
20280820,14.574
20280821,13.484
20280822,11.621
20280823,12.073
20280824,13.618
20280825,14.636
20280826,15.491
20280827,13.398
20280828,17.299
20280829,17.589
20280830,17.021
20280831,14.691
20280901,15.104
20280902,16.639
20280903,17.12
20280904,17.051
20280905,18.023
20280906,17.594
20280907,17.767
20280908,18.07
20280909,19.458
20280910,18.944
20280911,17.69
20280912,17.103
20280913,14.688
20280914,12.557
20280915,12.817
20280916,13.087
20280917,13.329
20280918,11.281
20280919,9.3012
20280920,8.9805
20280921,11.115
20280922,12.212
20280923,12.861
20280924,14.413
20280925,14.061
20280926,13.145
20280927,12.888
20280928,14.597
20280929,16.229
20280930,18.449
20281001,11.309
20281002,9.3165
20281003,8.9488
20281004,8.648
20281005,12.313
20281006,13.781
20281007,12.133
20281008,11.856
20281009,9.608
20281010,6.1843
20281011,4.0882
20281012,6.0814
20281013,4.4506
20281014,3.4231
20281015,5.7956
20281016,4.3583
20281017,4.0498
20281018,9.4986
20281019,6.4035
20281020,4.0004
20281021,3.1883
20281022,3.6759
20281023,4.9631
20281024,5.1388
20281025,7.5221
20281026,15.534
20281027,10.017
20281028,8.3112
20281029,10.021
20281030,9.3022
20281031,7.3896
20281101,6.6433
20281102,6.9778
20281103,3.4369
20281104,1.6904
20281105,1.9866
20281106,1.6573
20281107,-1.1644
20281108,-3.341
20281109,-4.1374
20281110,-3.3986
20281111,-0.25701
20281112,4.8185
20281113,3.4125
20281114,2.5459
20281115,4.8439
20281116,6.2427
20281117,8.2795
20281118,10.613
20281119,5.8438
20281120,3.8667
20281121,3.6119
20281122,7.0325
20281123,4.3854
20281124,5.8625
20281125,4.9683
20281126,4.3991
20281127,3.4016
20281128,5.3535
20281129,6.6388
20281130,4.5328
20281201,1.7
20281202,-0.34692
20281203,-1.1485
20281204,-2.4179
20281205,-4.0498
20281206,-4.634
20281207,-3.8805
20281208,1.425
20281209,0.80591
20281210,0.013
20281211,-0.72446
20281212,-0.48681
20281213,1.0748
20281214,-0.99605
20281215,-1.9194
20281216,-1.1188
20281217,6.2239
20281218,8.7015
20281219,3.3302
20281220,0.11467
20281221,-0.83981
20281222,2.8845
20281223,0.79319
20281224,0.13718
20281225,0.17903
20281226,0.6939
20281227,-2.2825
20281228,-3.036
20281229,-2.2794
20281230,-2.5654
20281231,-0.11921
20290101,0.30766
20290102,-0.90872
20290103,-1.2617
20290104,-2.2233
20290105,1.6457
20290106,-0.4628
20290107,-2.7561
20290108,-4.1011
20290109,1.21
20290110,0.54259
20290111,0.7098
20290112,-0.38114
20290113,-1.8238
20290114,-2.4133
20290115,-3.4939
20290116,-3.0053
20290117,-0.9902
20290118,-0.87137
20290119,0.57811
20290120,1.5939
20290121,1.9363
20290122,0.35498
20290123,2.7003
20290124,6.6757
20290125,8.6611
20290126,8.8387
20290127,8.3265
20290128,7.7621
20290129,8.963
20290130,8.5611
20290131,9.4998
20290201,3.739
20290202,3.0475
20290203,5.0256
20290204,3.3723
20290205,-0.6607
20290206,-1.6172
20290207,-2.1709
20290208,-1.427
20290209,2.7261
20290210,0.49643
20290211,-1.2779
20290212,-0.6192
20290213,1.3408
20290214,-0.60899
20290215,-0.30488
20290216,1.0931
20290217,2.753
20290218,2.3502
20290219,4.1866
20290220,4.1658
20290221,6.4416
20290222,5.756
20290223,1.1678
20290224,-1.0171
20290225,0.44909
20290226,0.49435
20290227,-0.4594
20290228,2.2228
20290301,1.0967
20290302,0.4395
20290303,-1.1744
20290304,0.063019
20290305,2.1642
20290306,2.7691
20290307,1.7503
20290308,3.3015
20290309,0.7973
20290310,4.4106
20290311,0.61996
20290312,0.45686
20290313,0.91558
20290314,-0.1085
20290315,1.3696
20290316,3.4537
20290317,7.4266
20290318,4.5582
20290319,5.0741
20290320,3.6107
20290321,1.6972
20290322,1.3577
20290323,3.8817
20290324,4.7247
20290325,3.8316
20290326,3.9675
20290327,5.8622
20290328,3.9004
20290329,6.0094
20290330,6.7152
20290331,4.984
20290401,3.7852
20290402,4.3439
20290403,6.2105
20290404,4.9459
20290405,5.898
20290406,4.2096
20290407,3.6272
20290408,2.8633
20290409,3.6881
20290410,5.9747
20290411,8.8646
20290412,9.927
20290413,10.261
20290414,10.89
20290415,9.7194
20290416,12.913
20290417,11.285
20290418,8.9926
20290419,6.5548
20290420,7.4433
20290421,7.4481
20290422,8.3481
20290423,6.1822
20290424,9.6546
20290425,9.1595
20290426,9.5875
20290427,11.692
20290428,11.678
20290429,9.1774
20290430,7.3867
20290501,8.6965
20290502,10.548
20290503,9.7369
20290504,8.3647
20290505,6.519
20290506,6.5901
20290507,5.555
20290508,6.207
20290509,11.523
20290510,10.651
20290511,8.4745
20290512,8.4219
20290513,8.1197
20290514,9.772
20290515,10.802
20290516,8.9588
20290517,9.6059
20290518,7.2968
20290519,6.6636
20290520,6.4706
20290521,7.0852
20290522,5.6625
20290523,7.3751
20290524,8.3591
20290525,6.914
20290526,9.0011
20290527,11.304
20290528,12.188
20290529,13.175
20290530,13.525
20290531,12.369
20290601,8.6977
20290602,6.7321
20290603,9.2787
20290604,10.875
20290605,10.123
20290606,12.656
20290607,12.979
20290608,14.044
20290609,14.373
20290610,14.151
20290611,12.298
20290612,10.972
20290613,13.261
20290614,11.867
20290615,13.264
20290616,12.165
20290617,13.836
20290618,14.687
20290619,14.316
20290620,13.884
20290621,14.674
20290622,14.589
20290623,15.426
20290624,17.259
20290625,16.32
20290626,18.093
20290627,18.184
20290628,17.584
20290629,16.592
20290630,17.538
20290701,16.599
20290702,15.715
20290703,17.01
20290704,18.098
20290705,18.659
20290706,16.027
20290707,15.689
20290708,17.328
20290709,18.97
20290710,18.52
20290711,18.86
20290712,18.097
20290713,18.93
20290714,17.503
20290715,16.049
20290716,18.596
20290717,20.26
20290718,22.645
20290719,21.497
20290720,21.813
20290721,20.87
20290722,20.981
20290723,17.594
20290724,15.328
20290725,17.536
20290726,20.131
20290727,18.42
20290728,19.197
20290729,20.287
20290730,18.781
20290731,16.693
20290801,17.824
20290802,20.272
20290803,18.176
20290804,16.025
20290805,17.421
20290806,19.189
20290807,19.403
20290808,16.153
20290809,18.741
20290810,18.765
20290811,17.042
20290812,15.409
20290813,15.953
20290814,17.952
20290815,17.965
20290816,17.99
20290817,18.817
20290818,18.388
20290819,19.434
20290820,19.039
20290821,21.42
20290822,17.871
20290823,16.174
20290824,16.14
20290825,16.12
20290826,16.665
20290827,17.835
20290828,16.654
20290829,16.149
20290830,15.954
20290831,16.895
20290901,18.755
20290902,17.485
20290903,17.521
20290904,14.862
20290905,12.872
20290906,14.379
20290907,14.18
20290908,14.703
20290909,12.922
20290910,13.049
20290911,13.235
20290912,12.417
20290913,11.869
20290914,10.17
20290915,11.755
20290916,17.236
20290917,15.384
20290918,13.24
20290919,13.771
20290920,12.155
20290921,14.819
20290922,12.813
20290923,15.755
20290924,14.916
20290925,15.061
20290926,15.183
20290927,11.385
20290928,9.7455
20290929,9.7191
20290930,9.6169
20291001,11.923
20291002,12.692
20291003,11.72
20291004,11.399
20291005,12.259
20291006,11.945
20291007,12.711
20291008,11.181
20291009,13.662
20291010,12.277
20291011,8.2776
20291012,7.619
20291013,11.098
20291014,8.6802
20291015,9.2926
20291016,9.6348
20291017,9.1334
20291018,8.2883
20291019,8.9817
20291020,8.6455
20291021,9.2376
20291022,9.6727
20291023,8.1489
20291024,6.0532
20291025,5.1198
20291026,7.9975
20291027,8.4959
20291028,10.103
20291029,12.395
20291030,13.368
20291031,14.664
20291101,12.776
20291102,6.0619
20291103,3.324
20291104,1.3421
20291105,1.4626
20291106,1.1769
20291107,0.61148
20291108,3.4006
20291109,3.8461
20291110,5.309
20291111,8.8745
20291112,7.7286
20291113,7.5947
20291114,3.5751
20291115,3.0211
20291116,5.2525
20291117,2.7581
20291118,2.1813
20291119,2.2422
20291120,4.2444
20291121,10.134
20291122,6.0831
20291123,5.5389
20291124,1.6657
20291125,-0.64339
20291126,-1.9303
20291127,2.9925
20291128,4.4479
20291129,0.37196
20291130,-1.0688
20291201,0.3182
20291202,-0.93174
20291203,2.1457
20291204,-0.55546
20291205,-2.103
20291206,-1.5089
20291207,0.82668
20291208,0.81141
20291209,2.5865
20291210,3.5092
20291211,0.0070089
20291212,-1.4492
20291213,0.47381
20291214,3.6452
20291215,0.94915
20291216,-2.141
20291217,-2.509
20291218,-4.3885
20291219,-4.9773
20291220,-4.4495
20291221,-3.9533
20291222,-5.3846
20291223,-5.7709
20291224,-3.2174
20291225,-0.015523
20291226,4.6436
20291227,4.0475
20291228,9.3847
20291229,2.4156
20291230,-0.2521
20291231,1.6218
20300101,2.6666
20300102,1.5141
20300103,5.2749
20300104,1.8628
20300105,0.6357
20300106,-0.70216
20300107,3.684
20300108,0.45626
20300109,-0.35185
20300110,0.94308
20300111,-1.0289
20300112,-0.59639
20300113,-1.3643
20300114,-0.095327
20300115,-1.1846
20300116,-3.4147
20300117,-3.6901
20300118,-3.6221
20300119,-3.2625
20300120,-2.8493
20300121,-0.76774
20300122,4.7063
20300123,7.1274
20300124,7.4299
20300125,4.469
20300126,7.3481
20300127,0.52644
20300128,-0.69275
20300129,-1.0707
20300130,-1.7185
20300131,-0.30512
20300201,0.56093
20300202,0.72983
20300203,-0.19786
20300204,-1.1333
20300205,0.11205
20300206,0.52646
20300207,-0.13382
20300208,-0.01708
20300209,2.0744
20300210,2.2288
20300211,0.56236
20300212,3.1726
20300213,-1.012
20300214,-0.7383
20300215,3.5735
20300216,0.18763
20300217,-1.2892
20300218,2.6387
20300219,-1.0218
20300220,3.5646
20300221,1.0282
20300222,0.20619
20300223,7.6469
20300224,7.5984
20300225,5.1642
20300226,2.5391
20300227,2.9348
20300228,2.8026
20300301,0.32772
20300302,-0.08903
20300303,5.8453
20300304,1.168
20300305,1.5924
20300306,6.1414
20300307,4.8987
20300308,4.9394
20300309,2.5705
20300310,2.78
20300311,3.6593
20300312,1.4541
20300313,1.667
20300314,2.8907
20300315,9.7776
20300316,8.6357
20300317,8.7543
20300318,5.956
20300319,4.5503
20300320,5.4466
20300321,6.6016
20300322,6.62
20300323,8.8252
20300324,10.118
20300325,9.6242
20300326,9.2541
20300327,6.319
20300328,7.6156
20300329,5.4262
20300330,3.8138
20300331,8.7543
20300401,7.9112
20300402,8.6824
20300403,6.8381
20300404,4.6525
20300405,6.264
20300406,4.9928
20300407,4.5251
20300408,4.0041
20300409,3.9027
20300410,1.7154
20300411,1.4809
20300412,0.51281
20300413,2.5514
20300414,1.2039
20300415,3.178
20300416,9.8323
20300417,5.8924
20300418,5.3645
20300419,10.793
20300420,9.8673
20300421,10.611
20300422,9.291
20300423,8.1304
20300424,7.5706
20300425,6.6384
20300426,5.4319
20300427,6.3113
20300428,8.535
20300429,8.254
20300430,4.8577
20300501,2.7072
20300502,6.2826
20300503,7.1935
20300504,5.0576
20300505,4.0992
20300506,5.0027
20300507,8.8197
20300508,7.534
20300509,7.21
20300510,7.4004
20300511,5.7135
20300512,5.6804
20300513,5.1396
20300514,4.622
20300515,9.5307
20300516,7.2493
20300517,9.4139
20300518,7.4652
20300519,7.1556
20300520,10.939
20300521,11.923
20300522,13.036
20300523,12.951
20300524,11.505
20300525,10.274
20300526,11.649
20300527,11.163
20300528,12.396
20300529,11.386
20300530,13.051
20300531,14.434
20300601,15.102
20300602,14.593
20300603,14.461
20300604,14.075
20300605,13.175
20300606,12.66
20300607,10.873
20300608,9.0017
20300609,13.537
20300610,14.471
20300611,14.033
20300612,13.531
20300613,11.217
20300614,12.253
20300615,13.602
20300616,12.683
20300617,13.779
20300618,14.898
20300619,17.306
20300620,18.889
20300621,15.36
20300622,14.309
20300623,12.383
20300624,15.315
20300625,13.942
20300626,12.105
20300627,13.238
20300628,13.56
20300629,12.32
20300630,14.374
20300701,14.51
20300702,12.94
20300703,14.41
20300704,16.437
20300705,16.784
20300706,16.058
20300707,15.632
20300708,18.024
20300709,19.627
20300710,18.929
20300711,19.352
20300712,21.736
20300713,20.573
20300714,22.009
20300715,19.174
20300716,18.689
20300717,18.707
20300718,18.132
20300719,17.973
20300720,17.885
20300721,16.969
20300722,18.162
20300723,18.55
20300724,22.822
20300725,24.356
20300726,19.491
20300727,17.034
20300728,18.644
20300729,20.69
20300730,21.878
20300731,21.224
20300801,21.136
20300802,21.025
20300803,20.391
20300804,22.104
20300805,20.486
20300806,19.336
20300807,18.442
20300808,18.741
20300809,15.897
20300810,17.467
20300811,17.193
20300812,18.414
20300813,20.339
20300814,20.701
20300815,20.131
20300816,17.584
20300817,17.084
20300818,17.784
20300819,17.804
20300820,18.086
20300821,18.321
20300822,21.844
20300823,19.834
20300824,17.695
20300825,15.164
20300826,16.581
20300827,22.226
20300828,20.283
20300829,18.275
20300830,15.753
20300831,15.42
20300901,14.856
20300902,16.259
20300903,17.385
20300904,17.27
20300905,17.617
20300906,16.205
20300907,13.554
20300908,13.882
20300909,13.11
20300910,14.514
20300911,15.212
20300912,13.535
20300913,14.795
20300914,15.579
20300915,15.677
20300916,19.08
20300917,19.988
20300918,19.26
20300919,19.202
20300920,14.455
20300921,12.163
20300922,12.53
20300923,10.676
20300924,12.515
20300925,14.063
20300926,15.514
20300927,13.486
20300928,13.389
20300929,13.68
20300930,16.833
20301001,11.207
20301002,9.5926
20301003,7.5234
20301004,12.018
20301005,10.794
20301006,11.338
20301007,9.5788
20301008,9.6236
20301009,7.7412
20301010,6.991
20301011,9.752
20301012,7.9207
20301013,8.5521
20301014,3.6581
20301015,1.5523
20301016,5.8676
20301017,8.5338
20301018,6.7819
20301019,6.5472
20301020,7.859
20301021,7.3479
20301022,6.0504
20301023,4.7384
20301024,13.179
20301025,8.0915
20301026,7.3312
20301027,6.8925
20301028,5.675
20301029,4.7695
20301030,7.3884
20301031,8.697
20301101,7.462
20301102,9.09
20301103,7.6261
20301104,4.6029
20301105,2.8064
20301106,6.4725
20301107,6.5514
20301108,3.2644
20301109,1.9696
20301110,-1.4391
20301111,-1.4848
20301112,5.5511
20301113,2.2724
20301114,1.6863
20301115,1.1207
20301116,2.0348
20301117,8.2619
20301118,7.8859
20301119,2.6474
20301120,1.1914
20301121,4.8082
20301122,1.9773
20301123,0.86113
20301124,0.2925
20301125,0.38356
20301126,1.5141
20301127,1.4239
20301128,5.606
20301129,4.223
20301130,3.1884
20301201,2.6036
20301202,1.5761
20301203,0.54572
20301204,-0.53016
20301205,-1.4219
20301206,3.6357
20301207,0.27234
20301208,-0.46198
20301209,0.41581
20301210,-0.73281
20301211,-2.3574
20301212,-3.1414
20301213,-1.8553
20301214,-3.9709
20301215,-3.9538
20301216,-3.0029
20301217,-4.4448
20301218,-3.5125
20301219,-2.9371
20301220,-0.92505
20301221,0.67107
20301222,0.4353
20301223,3.3162
20301224,3.7459
20301225,4.9009
20301226,5.1559
20301227,4.4922
20301228,2.0008
20301229,0.84607
20301230,0.6577
20301231,0.2486
20310101,-0.7647
20310102,0.37651
20310103,5.9348
20310104,5.1919
20310105,7.6481
20310106,6.0933
20310107,0.15579
20310108,-0.81127
20310109,-0.43122
20310110,1.3812
20310111,6.6213
20310112,6.3778
20310113,3.8631
20310114,1.1318
20310115,0.20929
20310116,5.3716
20310117,2.1753
20310118,3.6389
20310119,2.967
20310120,2.0533
20310121,1.8625
20310122,0.66752
20310123,5.247
20310124,3.1841
20310125,3.543
20310126,3.0799
20310127,-0.20958
20310128,-1.5366
20310129,-0.01178
20310130,2.5446
20310131,-1.4144
20310201,-3.7797
20310202,-3.2381
20310203,-0.65745
20310204,1.1578
20310205,8.1138
20310206,7.6473
20310207,2.9499
20310208,2.1456
20310209,5.8395
20310210,5.5203
20310211,4.8145
20310212,4.7698
20310213,4.5457
20310214,5.738
20310215,5.1409
20310216,5.5484
20310217,4.6966
20310218,3.9759
20310219,1.8858
20310220,0.48792
20310221,5.6886
20310222,4.2865
20310223,6.3154
20310224,5.302
20310225,4.2611
20310226,5.6357
20310227,4.8709
20310228,4.1165
20310301,4.4946
20310302,2.1677
20310303,2.9746
20310304,5.2779
20310305,2.0717
20310306,-0.66167
20310307,3.6275
20310308,2.1891
20310309,1.7105
20310310,-1.3925
20310311,-2.6865
20310312,3.254
20310313,1.5717
20310314,3.4583
20310315,0.51557
20310316,-0.45447
20310317,0.76066
20310318,2.3766
20310319,0.61491
20310320,1.5882
20310321,2.8095
20310322,2.1572
20310323,3.7766
20310324,2.5256
20310325,0.58377
20310326,0.88673
20310327,1.5781
20310328,2.5799
20310329,4.9309
20310330,3.1769
20310331,6.9605
20310401,5.4646
20310402,4.1968
20310403,6.828
20310404,9.5564
20310405,9.1241
20310406,6.9536
20310407,4.248
20310408,6.1353
20310409,8.3832
20310410,8.5585
20310411,11.913
20310412,8.9349
20310413,6.2604
20310414,6.6286
20310415,8.3277
20310416,13.199
20310417,11.16
20310418,11.107
20310419,11.505
20310420,9.2965
20310421,8.0313
20310422,4.7063
20310423,4.8501
20310424,2.7484
20310425,5.0131
20310426,7.7882
20310427,9.5904
20310428,6.2835
20310429,3.331
20310430,4.2895
20310501,6.8871
20310502,7.2485
20310503,7.5016
20310504,6.9682
20310505,6.3269
20310506,4.5011
20310507,5.9676
20310508,5.3921
20310509,6.2699
20310510,7.2028
20310511,9.5247
20310512,10.728
20310513,12.695
20310514,12.162
20310515,7.7646
20310516,5.5328
20310517,7.2698
20310518,8.7426
20310519,8.5378
20310520,6.9292
20310521,7.4103
20310522,10.169
20310523,9.1788
20310524,8.2354
20310525,5.9699
20310526,6.1736
20310527,8.0838
20310528,7.7596
20310529,10.378
20310530,9.739
20310531,8.0583
20310601,8.739
20310602,11.281
20310603,11.852
20310604,11.334
20310605,10.458
20310606,8.664
20310607,11.273
20310608,13.145
20310609,11.874
20310610,10.313
20310611,10.126
20310612,13.98
20310613,12.006
20310614,11.032
20310615,9.9279
20310616,12.674
20310617,15.326
20310618,16.646
20310619,17.81
20310620,16.257
20310621,16.065
20310622,16.375
20310623,16.211
20310624,16.168
20310625,14.24
20310626,10.55
20310627,10.501
20310628,11.949
20310629,11.921
20310630,14.451
20310701,15.892
20310702,14.85
20310703,17.402
20310704,14.883
20310705,12.484
20310706,14.675
20310707,17.798
20310708,17.593
20310709,19.536
20310710,17.813
20310711,19.358
20310712,20.802
20310713,21.907
20310714,21.255
20310715,20.534
20310716,19.51
20310717,20.264
20310718,19.699
20310719,19.531
20310720,18.53
20310721,17.41
20310722,16.313
20310723,16.522
20310724,18.464
20310725,17.84
20310726,17.081
20310727,18.003
20310728,18.478
20310729,20.011
20310730,19.864
20310731,16.892
20310801,14.485
20310802,16.604
20310803,18.547
20310804,19.543
20310805,18.369
20310806,19.05
20310807,18.846
20310808,20.679
20310809,20.154
20310810,20.124
20310811,19.093
20310812,18.953
20310813,18.954
20310814,18.857
20310815,19.036
20310816,17.614
20310817,16.86
20310818,17.118
20310819,16.351
20310820,17.538
20310821,14.716
20310822,16.824
20310823,14.649
20310824,13.129
20310825,14.946
20310826,15.581
20310827,15.726
20310828,13.993
20310829,14.232
20310830,12.033
20310831,13.802
20310901,11.97
20310902,10.39
20310903,10.273
20310904,15.425
20310905,15.217
20310906,12.283
20310907,10.117
20310908,9.6646
20310909,11.392
20310910,14.97
20310911,14.613
20310912,15.684
20310913,12.326
20310914,10.041
20310915,10.978
20310916,18.255
20310917,18.708
20310918,14.648
20310919,10.779
20310920,9.1867
20310921,9.1217
20310922,8.0202
20310923,8.3857
20310924,13.12
20310925,12.975
20310926,13.63
20310927,13.202
20310928,12.647
20310929,15.479
20310930,10.723
20311001,7.4941
20311002,5.7803
20311003,8.6478
20311004,13.039
20311005,13.037
20311006,13.496
20311007,12.575
20311008,12.392
20311009,14.243
20311010,13.491
20311011,10.995
20311012,11.033
20311013,10.03
20311014,9.8411
20311015,9.6232
20311016,10.197
20311017,8.7983
20311018,8.2303
20311019,9.4072
20311020,12.842
20311021,13.955
20311022,11.523
20311023,9.9618
20311024,9.1509
20311025,12.068
20311026,8.9043
20311027,7.6536
20311028,6.4417
20311029,11.155
20311030,10.098
20311031,10.14
20311101,10.092
20311102,7.1423
20311103,4.1945
20311104,1.4034
20311105,2.6933
20311106,1.9609
20311107,0.26073
20311108,-1.1511
20311109,-1.7937
20311110,-2.862
20311111,2.5286
20311112,-0.27684
20311113,-0.80266
20311114,-0.39677
20311115,-1.386
20311116,-1.8674
20311117,-1.9312
20311118,-3.6955
20311119,3.9083
20311120,3.5154
20311121,3.3301
20311122,5.5704
20311123,2.1537
20311124,1.5621
20311125,2.3311
20311126,1.8408
20311127,8.3247
20311128,4.2773
20311129,1.1472
20311130,3.9049
20311201,0.79659
20311202,-0.503
20311203,-1.2293
20311204,-2.9907
20311205,-2.9137
20311206,-2.3855
20311207,-3.41
20311208,-2.7145
20311209,-3.7743
20311210,-4.0654
20311211,-4.6815
20311212,-5.2146
20311213,2.0767
20311214,0.20361
20311215,-2.0933
20311216,-3.4873
20311217,-3.4335
20311218,-2.6962
20311219,-1.0947
20311220,-2.3265
20311221,-0.66299
20311222,-2.197
20311223,-1.0655
20311224,4.3298
20311225,0.30547
20311226,-1.6007
20311227,1.1884
20311228,0.16541
20311229,6.4476
20311230,8.256
20311231,1.9941
20320101,-0.54863
20320102,-1.8193
20320103,-2.5525
20320104,-1.0253
20320105,3.3306
20320106,4.7095
20320107,4.0981
20320108,-2.3065
20320109,-2.3726
20320110,-2.046
20320111,-4.2019
20320112,-5.5657
20320113,-6.4689
20320114,-2.8199
20320115,-2.4697
20320116,-3.088
20320117,0.11479
20320118,-1.8333
20320119,-1.9146
20320120,-1.809
20320121,-2.7837
20320122,-3.2834
20320123,3.2713
20320124,5.5095
20320125,2.7116
20320126,2.6523
20320127,0.89855
20320128,1.4672
20320129,0.088399
20320130,-1.347
20320131,-1.5632
20320201,-1.4253
20320202,6.6363
20320203,6.2371
20320204,4.7319
20320205,2.2526
20320206,3.7994
20320207,1.9081
20320208,-0.015259
20320209,1.4858
20320210,2.0339
20320211,1.9775
20320212,-2.116
20320213,-3.8856
20320214,3.5288
20320215,2.5928
20320216,1.5528
20320217,2.6404
20320218,2.3503
20320219,0.35699
20320220,1.4975
20320221,0.24904
20320222,0.66892
20320223,6.895
20320224,4.4027
20320225,3.7849
20320226,7.6385
20320227,6.3368
20320228,6.4143
20320229,6.0588
20320301,3.8351
20320302,1.7609
20320303,2.6592
20320304,5.4515
20320305,6.1619
20320306,6.3201
20320307,9.5135
20320308,9.5534
20320309,9.5017
20320310,6.1191
20320311,5.0809
20320312,1.1989
20320313,1.1226
20320314,0.3091
20320315,6.4314
20320316,2.4525
20320317,1.8585
20320318,1.5639
20320319,-0.55007
20320320,-0.21166
20320321,0.23211
20320322,1.3939
20320323,2.4833
20320324,8.2344
20320325,5.2123
20320326,6.3472
20320327,4.7592
20320328,4.53
20320329,3.9141
20320330,3.4494
20320331,2.4453
20320401,6.6424
20320402,3.7327
20320403,2.905
20320404,6.2615
20320405,5.6485
20320406,6.5072
20320407,6.5138
20320408,5.9363
20320409,5.1827
20320410,2.682
20320411,2.7763
20320412,2.2504
20320413,3.4205
20320414,2.5297
20320415,4.3161
20320416,2.6702
20320417,5.078
20320418,3.9396
20320419,1.589
20320420,4.0141
20320421,2.202
20320422,3.1449
20320423,8.0292
20320424,9.3796
20320425,8.6849
20320426,7.9058
20320427,4.9908
20320428,5.6813
20320429,3.231
20320430,5.9041
20320501,5.6477
20320502,7.9089
20320503,9.4991
20320504,11.335
20320505,11.273
20320506,9.4995
20320507,8.6962
20320508,6.5703
20320509,7.1369
20320510,9.1382
20320511,9.481
20320512,10.007
20320513,9.5126
20320514,12.145
20320515,11.353
20320516,12.023
20320517,11.086
20320518,11.519
20320519,11.116
20320520,8.9213
20320521,9.3875
20320522,9.2899
20320523,9.9776
20320524,10.566
20320525,12.629
20320526,10.25
20320527,9.485
20320528,11.135
20320529,10.902
20320530,13.304
20320531,10.731
20320601,9.5623
20320602,8.302
20320603,14.209
20320604,14.462
20320605,14.485
20320606,17.015
20320607,17.426
20320608,18.096
20320609,17.034
20320610,17.545
20320611,18.915
20320612,17.485
20320613,16.204
20320614,14.252
20320615,14.528
20320616,16.161
20320617,11.418
20320618,9.3207
20320619,10.885
20320620,13.682
20320621,15.932
20320622,16.147
20320623,18.443
20320624,18.218
20320625,16.403
20320626,13.288
20320627,13.916
20320628,16.368
20320629,15.638
20320630,18.278
20320701,19.439
20320702,19.645
20320703,20.387
20320704,17.83
20320705,17.188
20320706,17.356
20320707,18.404
20320708,18.711
20320709,20.988
20320710,22.12
20320711,21.623
20320712,20.683
20320713,21.647
20320714,21.113
20320715,21.476
20320716,20.135
20320717,17.535
20320718,18.437
20320719,16.716
20320720,16.007
20320721,17.854
20320722,18.44
20320723,18.605
20320724,18.073
20320725,18.7
20320726,16.288
20320727,17.673
20320728,19.525
20320729,19.731
20320730,17.946
20320731,17.522
20320801,18.985
20320802,19.716
20320803,20.072
20320804,19.449
20320805,18.119
20320806,18.522
20320807,19.416
20320808,20.128
20320809,19.663
20320810,18.992
20320811,16.929
20320812,15.783
20320813,17.518
20320814,14.403
20320815,13.56
20320816,14.825
20320817,15.579
20320818,14.913
20320819,15.781
20320820,17.71
20320821,17.116
20320822,15.418
20320823,14.007
20320824,16.084
20320825,19.709
20320826,19.41
20320827,20.737
20320828,17.602
20320829,15.014
20320830,12.482
20320831,16.286
20320901,14.606
20320902,12.904
20320903,13.514
20320904,10.5
20320905,13.822
20320906,12.366
20320907,11.725
20320908,13.556
20320909,15.191
20320910,17.138
20320911,15.727
20320912,16.218
20320913,15.737
20320914,15.756
20320915,15.332
20320916,16.404
20320917,17.914
20320918,18.058
20320919,18.02
20320920,18.582
20320921,17.92
20320922,18.88
20320923,16.206
20320924,14.584
20320925,12.16
20320926,13.238
20320927,14.523
20320928,14.269
20320929,14.253
20320930,14.166
20321001,13.744
20321002,11.095
20321003,10.906
20321004,11.429
20321005,10.968
20321006,11.498
20321007,9.7295
20321008,11.519
20321009,11.214
20321010,9.0471
20321011,9.349
20321012,7.555
20321013,5.5025
20321014,5.5867
20321015,3.1948
20321016,2.1964
20321017,3.2968
20321018,6.4297
20321019,3.5988
20321020,2.1031
20321021,3.745
20321022,6.7688
20321023,12.438
20321024,14.622
20321025,10.323
20321026,9.8499
20321027,10.298
20321028,10.576
20321029,7.8402
20321030,6.3451
20321031,7.9836
20321101,8.951
20321102,12.801
20321103,11.561
20321104,11.311
20321105,7.4821
20321106,7.3573
20321107,7.9322
20321108,11.662
20321109,11.076
20321110,11.326
20321111,14.343
20321112,12.006
20321113,5.4802
20321114,1.8919
20321115,1.371
20321116,2.2651
20321117,1.1793
20321118,4.0172
20321119,3.991
20321120,2.1874
20321121,4.3578
20321122,10.453
20321123,5.9402
20321124,4.0522
20321125,10.69
20321126,5.3374
20321127,4.1744
20321128,5.8841
20321129,4.0911
20321130,1.6111
20321201,0.2363
20321202,0.95722
20321203,-1.07
20321204,-2.4943
20321205,-3.6552
20321206,-2.3871
20321207,-4.472
20321208,-1.2265
20321209,-0.54985
20321210,-0.1992
20321211,-1.2025
20321212,1.9967
20321213,8.1612
20321214,8.8604
20321215,3.3893
20321216,1.4881
20321217,2.9187
20321218,5.3222
20321219,2.443
20321220,1.8289
20321221,6.8557
20321222,7.6826
20321223,2.61
20321224,2.5839
20321225,3.6139
20321226,6.9278
20321227,3.8191
20321228,2.1165
20321229,3.1059
20321230,0.92849
20321231,0.092224
20330101,-1.2997
20330102,-1.6825
20330103,-0.53819
20330104,2.2063
20330105,1.526
20330106,-0.90513
20330107,-0.11225
20330108,-1.1279
20330109,-2.2668
20330110,-2.4744
20330111,-4.1851
20330112,-3.4229
20330113,-5.0001
20330114,-5.4702
20330115,-6.1857
20330116,-4.8557
20330117,-5.4103
20330118,-5.3751
20330119,-5.0835
20330120,-3.3561
20330121,-1.5901
20330122,-2.3668
20330123,-1.981
20330124,-1.4227
20330125,-1.3726
20330126,-2.5707
20330127,-2.3452
20330128,-0.7128
20330129,1.0989
20330130,-0.4819
20330131,-1.8123
20330201,1.2265
20330202,2.3069
20330203,1.3268
20330204,1.6187
20330205,1.2396
20330206,-0.73206
20330207,1.987
20330208,1.3657
20330209,7.9822
20330210,6.1458
20330211,6.0746
20330212,4.7456
20330213,6.5594
20330214,6.5629
20330215,3.4959
20330216,5.377
20330217,0.36573
20330218,-0.57568
20330219,0.83483
20330220,-1.2672
20330221,-2.4786
20330222,-2.5046
20330223,3.7519
20330224,2.1328
20330225,1.0192
20330226,-0.46757
20330227,-0.20139
20330228,4.4036
20330301,1.5192
20330302,2.153
20330303,-0.38133
20330304,1.0667
20330305,2.838
20330306,5.347
20330307,2.4626
20330308,2.8388
20330309,3.0689
20330310,1.7014
20330311,1.844
20330312,6.5038
20330313,8.6641
20330314,3.0139
20330315,0.088318
20330316,3.2324
20330317,0.95027
20330318,3.3407
20330319,5.2799
20330320,6.2042
20330321,4.6611
20330322,7.4156
20330323,5.2827
20330324,5.1375
20330325,5.8266
20330326,6.9417
20330327,4.659
20330328,5.343
20330329,6.9405
20330330,5.5604
20330331,5.9564
20330401,8.934
20330402,4.4631
20330403,2.8825
20330404,1.3876
20330405,7.1291
20330406,6.4568
20330407,3.9239
20330408,6.8427
20330409,7.9474
20330410,9.021
20330411,7.9064
20330412,7.5181
20330413,6.5229
20330414,7.3632
20330415,8.2318
20330416,9.5206
20330417,9.3238
20330418,9.7305
20330419,9.3639
20330420,9.6983
20330421,9.9238
20330422,12.495
20330423,9.9737
20330424,10.433
20330425,12.116
20330426,13.415
20330427,9.1673
20330428,8.3246
20330429,6.5776
20330430,7.6843
20330501,9.2578
20330502,11.393
20330503,10.837
20330504,9.9265
20330505,10.543
20330506,11.975
20330507,10.686
20330508,13.738
20330509,10.91
20330510,6.8
20330511,6.0359
20330512,9.0836
20330513,6.7279
20330514,5.5798
20330515,6.6302
20330516,9.4844
20330517,7.0198
20330518,11.248
20330519,13.053
20330520,13.407
20330521,11.687
20330522,13.69
20330523,9.2733
20330524,9.2199
20330525,7.8332
20330526,12.755
20330527,14.434
20330528,15.693
20330529,16.973
20330530,16.649
20330531,14.531
20330601,14.634
20330602,14.86
20330603,15.816
20330604,13.115
20330605,14.147
20330606,14.812
20330607,15.25
20330608,16.075
20330609,17.132
20330610,17.019
20330611,15.437
20330612,13.513
20330613,15.462
20330614,14.856
20330615,15.727
20330616,15.165
20330617,14.768
20330618,12.916
20330619,13.57
20330620,11.011
20330621,9.5244
20330622,14.097
20330623,12.668
20330624,13.744
20330625,14.996
20330626,17.347
20330627,16.812
20330628,17.703
20330629,18.185
20330630,19.293
20330701,18.96
20330702,18.142
20330703,19.455
20330704,17.376
20330705,19.471
20330706,18.127
20330707,19.157
20330708,19.359
20330709,21.271
20330710,23.065
20330711,22.236
20330712,20.544
20330713,19.297
20330714,19.855
20330715,20.007
20330716,20.132
20330717,18.835
20330718,17.62
20330719,17.885
20330720,17.8
20330721,19.366
20330722,19.679
20330723,21.32
20330724,19.632
20330725,18.531
20330726,17.849
20330727,19.255
20330728,17.817
20330729,17.361
20330730,18.881
20330731,19.107
20330801,19.821
20330802,21.434
20330803,20.986
20330804,22.206
20330805,22.192
20330806,21.298
20330807,20.623
20330808,21.796
20330809,20.624
20330810,21.977
20330811,23.095
20330812,23.666
20330813,22.835
20330814,23.449
20330815,24.29
20330816,25.115
20330817,23.364
20330818,20.211
20330819,21.873
20330820,21.442
20330821,20.177
20330822,18.856
20330823,15.961
20330824,13.412
20330825,13.017
20330826,15.369
20330827,18
20330828,18.984
20330829,16.883
20330830,19.949
20330831,19.756
20330901,19.28
20330902,17.906
20330903,17.584
20330904,16.747
20330905,14.119
20330906,12.25
20330907,13.204
20330908,10.628
20330909,9.533
20330910,9.6259
20330911,16.519
20330912,14.598
20330913,9.9894
20330914,13.546
20330915,12.16
20330916,12.282
20330917,12.495
20330918,15.509
20330919,16.376
20330920,12.517
20330921,11.578
20330922,10.637
20330923,14.186
20330924,12
20330925,9.982
20330926,9.0355
20330927,9.3306
20330928,15.007
20330929,13.22
20330930,11.957
20331001,16.581
20331002,15.76
20331003,12.38
20331004,12.019
20331005,10.371
20331006,7.9599
20331007,8.7535
20331008,10.119
20331009,9.5271
20331010,9.9911
20331011,8.0319
20331012,8.288
20331013,6.0365
20331014,8.8349
20331015,8.6451
20331016,7.7154
20331017,6.5395
20331018,9.8464
20331019,9.3069
20331020,8.7824
20331021,6.3992
20331022,5.499
20331023,7.4761
20331024,6.0978
20331025,4.4479
20331026,6.3656
20331027,7.212
20331028,4.4549
20331029,3.9618
20331030,4.4937
20331031,2.7713
20331101,4.5992
20331102,8.5644
20331103,5.9927
20331104,4.9284
20331105,6.168
20331106,5.517
20331107,4.2136
20331108,5.0282
20331109,7.7464
20331110,7.6957
20331111,10.318
20331112,10.023
20331113,4.5241
20331114,1.7299
20331115,1.5789
20331116,2.0523
20331117,5.2519
20331118,2.6438
20331119,2.0382
20331120,3.3634
20331121,4.5822
20331122,8.1127
20331123,6.5238
20331124,0.92036
20331125,0.031637
20331126,-1.9612
20331127,-2.8119
20331128,-1.0965
20331129,-1.9737
20331130,-3.6342
20331201,-1.7406
20331202,-2.0867
20331203,-3.1612
20331204,-1.1664
20331205,5.1229
20331206,4.1142
20331207,4.8985
20331208,2.3101
20331209,-2.4595
20331210,-3.4494
20331211,-3.7005
20331212,-5.1441
20331213,-5.6642
20331214,-0.92551
20331215,-1.1911
20331216,-3.2019
20331217,-4.6827
20331218,-2.5941
20331219,-0.90043
20331220,-0.42442
20331221,-1.0273
20331222,1.085
20331223,-0.41454
20331224,-1.1323
20331225,-0.70911
20331226,-1.9275
20331227,-3.2602
20331228,1.2841
20331229,2.9436
20331230,1.0145
20331231,-1.6764
20340101,-4.2952
20340102,-3.4165
20340103,2.4028
20340104,7.0101
20340105,7.8408
20340106,2.7708
20340107,-0.4037
20340108,-1.6682
20340109,-0.76948
20340110,0.93737
20340111,-0.48235
20340112,0.064768
20340113,2.6698
20340114,2.3671
20340115,1.4806
20340116,3.3543
20340117,1.3765
20340118,0.15549
20340119,-1.5423
20340120,-1.6222
20340121,-2.0507
20340122,-2.9291
20340123,-2.8735
20340124,3.9338
20340125,-1.2216
20340126,-2.9009
20340127,-2.5524
20340128,3.6999
20340129,7.8217
20340130,3.0076
20340131,-0.45335
20340201,-0.99986
20340202,2.4357
20340203,0.11903
20340204,-1.2632
20340205,-2.3998
20340206,-0.9275
20340207,-1.649
20340208,-3.7088
20340209,0.69701
20340210,0.65786
20340211,0.81208
20340212,3.2583
20340213,0.66977
20340214,2.7147
20340215,4.4353
20340216,2.7604
20340217,2.2941
20340218,2.579
20340219,3.5256
20340220,0.96077
20340221,-0.77633
20340222,-0.54699
20340223,-1.3256
20340224,3.8297
20340225,2.3971
20340226,-0.57118
20340227,0.11748
20340228,0.18999
20340301,0.088816
20340302,0.86572
20340303,0.80768
20340304,0.27791
20340305,1.7542
20340306,0.75841
20340307,1.1715
20340308,1.1425
20340309,0.83826
20340310,1.726
20340311,1.1974
20340312,-1.0063
20340313,0.94636
20340314,4.0426
20340315,1.6358
20340316,0.78637
20340317,2.1606
20340318,-0.027832
20340319,0.88418
20340320,1.4674
20340321,1.6521
20340322,3.0395
20340323,1.8707
20340324,2.0586
20340325,5.1134
20340326,5.1839
20340327,3.755
20340328,2.5793
20340329,0.16889
20340330,3.2578
20340331,3.4088
20340401,4.6346
20340402,6.7395
20340403,9.1958
20340404,9.921
20340405,7.6475
20340406,7.9245
20340407,7.157
20340408,8.1952
20340409,8.1028
20340410,8.2738
20340411,6.8214
20340412,7.9803
20340413,8.1721
20340414,8.6963
20340415,7.2737
20340416,7.1339
20340417,5.5852
20340418,5.6809
20340419,7.6679
20340420,6.9745
20340421,3.804
20340422,6.7266
20340423,7.1087
20340424,4.5886
20340425,7.5896
20340426,7.1747
20340427,5.413
20340428,6.5824
20340429,8.0318
20340430,8.8197
20340501,7.9115
20340502,5.0083
20340503,3.3323
20340504,5.3665
20340505,9.3549
20340506,7.4371
20340507,8.1899
20340508,10.137
20340509,11.083
20340510,8.995
20340511,8.7247
20340512,9.3796
20340513,9.9329
20340514,10.113
20340515,7.3687
20340516,6.9849
20340517,5.7707
20340518,7.0244
20340519,10.501
20340520,12.032
20340521,12.867
20340522,11.392
20340523,13.823
20340524,12.402
20340525,11.511
20340526,12.443
20340527,12.342
20340528,13.032
20340529,12.282
20340530,10.835
20340531,14.085
20340601,11.86
20340602,11.082
20340603,13.35
20340604,14.195
20340605,14.113
20340606,15.894
20340607,16.727
20340608,13.88
20340609,11.758
20340610,11.987
20340611,12.898
20340612,12.873
20340613,15.51
20340614,13.834
20340615,12.695
20340616,15.04
20340617,13.301
20340618,13.913
20340619,12.401
20340620,12.128
20340621,12.428
20340622,13.789
20340623,12.941
20340624,14.409
20340625,14.307
20340626,15.281
20340627,14.995
20340628,11.839
20340629,11.455
20340630,10.44
20340701,8.3184
20340702,9.3274
20340703,10.432
20340704,10.802
20340705,11.665
20340706,14.803
20340707,13.316
20340708,15.505
20340709,16.911
20340710,14.909
20340711,13.39
20340712,14.384
20340713,16.955
20340714,17.871
20340715,18.008
20340716,18.024
20340717,18.733
20340718,16.78
20340719,17.359
20340720,16.086
20340721,14.774
20340722,17.014
20340723,13.088
20340724,12.323
20340725,14.353
20340726,16.125
20340727,16.417
20340728,17.346
20340729,17.701
20340730,18.907
20340731,20.484
20340801,20.291
20340802,17.343
20340803,16.671
20340804,15.022
20340805,17.387
20340806,19.991
20340807,20.207
20340808,17.99
20340809,18.637
20340810,15.229
20340811,17.095
20340812,18.376
20340813,19.033
20340814,18.988
20340815,15.964
20340816,12.601
20340817,13.247
20340818,14.745
20340819,13.889
20340820,13.709
20340821,15.04
20340822,13.863
20340823,14.009
20340824,14.445
20340825,16.528
20340826,13.871
20340827,14.73
20340828,14.861
20340829,14.976
20340830,16.933
20340831,16.047
20340901,14.508
20340902,14.45
20340903,16.439
20340904,16.493
20340905,16.806
20340906,16.877
20340907,17.553
20340908,16.937
20340909,16.932
20340910,16.194
20340911,15.369
20340912,16.665
20340913,17.606
20340914,17.403
20340915,13.047
20340916,10.79
20340917,11.181
20340918,12.672
20340919,9.8143
20340920,11.397
20340921,12.01
20340922,11.304
20340923,13.523
20340924,8.8418
20340925,8.2523
20340926,11.38
20340927,12.422
20340928,9.9354
20340929,9.6773
20340930,9.6664
20341001,11.582
20341002,12.87
20341003,12.832
20341004,13.537
20341005,13.219
20341006,14.99
20341007,13.103
20341008,12.87
20341009,12.722
20341010,15.534
20341011,16.314
20341012,14.901
20341013,10.547
20341014,9.1535
20341015,7.4287
20341016,4.4091
20341017,2.8197
20341018,7.0598
20341019,10.492
20341020,12.217
20341021,11.144
20341022,12.042
20341023,9.2646
20341024,6.8004
20341025,4.5802
20341026,3.3863
20341027,5.4327
20341028,14.648
20341029,9.1897
20341030,7.3646
20341031,11.442
20341101,9.3494
20341102,9.844
20341103,7.3486
20341104,7.3592
20341105,9.4371
20341106,7.4287
20341107,6.2058
20341108,6.2249
20341109,11.422
20341110,11.044
20341111,6.608
20341112,5.0139
20341113,7.1793
20341114,7.099
20341115,5.6158
20341116,7.4209
20341117,6.6818
20341118,4.7058
20341119,10.746
20341120,7.928
20341121,4.3368
20341122,2.9384
20341123,5.7746
20341124,3.8336
20341125,6.2175
20341126,4.2996
20341127,4.2596
20341128,2.4512
20341129,0.078654
20341130,-0.1923
20341201,2.0519
20341202,0.59096
20341203,-0.9561
20341204,-2.3804
20341205,-1.707
20341206,-0.077047
20341207,-1.098
20341208,-0.34273
20341209,-0.65943
20341210,-1.3193
20341211,-1.2337
20341212,5.8908
20341213,2.6726
20341214,3.5394
20341215,1.0112
20341216,-0.14587
20341217,1.6575
20341218,2.0982
20341219,6.1737
20341220,4.6393
20341221,1.4118
20341222,-1.4691
20341223,-1.0742
20341224,6.0605
20341225,2.2683
20341226,-0.030324
20341227,-0.15036
20341228,-0.53005
20341229,-0.90981
20341230,-0.91518
20341231,0.47845
20350101,0.28796
20350102,-0.97846
20350103,-1.5977
20350104,-1.7719
20350105,4.8444
20350106,1.0921
20350107,0.39415
20350108,6.2375
20350109,5.7364
20350110,4.1989
20350111,3.1414
20350112,0.027649
20350113,0.42564
20350114,-0.30062
20350115,-0.35925
20350116,-1.6735
20350117,-3.9328
20350118,-5.8845
20350119,-0.067169
20350120,3.043
20350121,1.3699
20350122,4.8278
20350123,5.4051
20350124,1.3968
20350125,-0.57345
20350126,0.23548
20350127,3.7369
20350128,3.1855
20350129,1.6212
20350130,-4.4585
20350131,-6.0893
20350201,-7.1166
20350202,-6.711
20350203,-6.2038
20350204,-2.5819
20350205,-2.3763
20350206,-1.3402
20350207,2.3467
20350208,2.9605
20350209,2.5382
20350210,1.6804
20350211,0.30692
20350212,0.31042
20350213,1.3527
20350214,3.7566
20350215,3.6539
20350216,3.7138
20350217,5.3566
20350218,4.0798
20350219,3.4314
20350220,1.4592
20350221,2.9541
20350222,-0.5124
20350223,1.604
20350224,5.6458
20350225,4.8078
20350226,4.3917
20350227,6.1495
20350228,2.5278
20350301,1.0627
20350302,-0.38337
20350303,0.88967
20350304,3.4852
20350305,1.8952
20350306,0.34441
20350307,1.7886
20350308,5.2922
20350309,6.3938
20350310,4.8797
20350311,3.6436
20350312,1.3906
20350313,5.8737
20350314,2.6415
20350315,-1.9886
20350316,-4.5163
20350317,-1.3624
20350318,2.6027
20350319,3.101
20350320,0.51754
20350321,1.3249
20350322,1.3027
20350323,-0.80047
20350324,1.4345
20350325,-0.11843
20350326,1.8953
20350327,4.1625
20350328,1.0095
20350329,4.982
20350330,2.8738
20350331,0.47307
20350401,0.76348
20350402,1.3899
20350403,3.6424
20350404,4.9473
20350405,7.6093
20350406,5.324
20350407,5.4
20350408,5.193
20350409,4.5841
20350410,4.1866
20350411,2.8574
20350412,1.0275
20350413,5.3832
20350414,4.08
20350415,4.5433
20350416,4.3341
20350417,4.985
20350418,4.4644
20350419,4.9974
20350420,5.4628
20350421,6.0409
20350422,5.6062
20350423,6.6037
20350424,8.9092
20350425,6.2835
20350426,6.3778
20350427,6.1407
20350428,4.9735
20350429,8.364
20350430,6.0978
20350501,9.1615
20350502,7.2074
20350503,5.3079
20350504,7.6245
20350505,11.304
20350506,6.6658
20350507,4.6858
20350508,5.2311
20350509,9.0971
20350510,9.047
20350511,11.458
20350512,10.699
20350513,12.304
20350514,12.677
20350515,12.594
20350516,14.535
20350517,15.183
20350518,16.702
20350519,14.454
20350520,15.687
20350521,13.31
20350522,10.439
20350523,11.064
20350524,11.442
20350525,11.992
20350526,12.3
20350527,11.702
20350528,10.528
20350529,8.807
20350530,9.9121
20350531,11.683
20350601,14.097
20350602,13.78
20350603,13.46
20350604,11.531
20350605,10.078
20350606,11.792
20350607,9.5201
20350608,10.987
20350609,11.542
20350610,13.8
20350611,10.947
20350612,9.2136
20350613,13.741
20350614,16.266
20350615,13.153
20350616,14.291
20350617,14.942
20350618,13.686
20350619,12.525
20350620,14.583
20350621,17.543
20350622,16.404
20350623,16.609
20350624,16.549
20350625,15.594
20350626,15.069
20350627,14.606
20350628,14.92
20350629,14.677
20350630,14.295
20350701,11.813
20350702,12.031
20350703,15.899
20350704,13.544
20350705,13.302
20350706,14.546
20350707,14.438
20350708,15.492
20350709,17.186
20350710,17.337
20350711,17.639
20350712,17.935
20350713,16.317
20350714,13.465
20350715,14.714
20350716,14.852
20350717,15.431
20350718,16.222
20350719,17.607
20350720,20.733
20350721,19.539
20350722,19.638
20350723,19.006
20350724,17.766
20350725,14.93
20350726,13.694
20350727,15.899
20350728,17.13
20350729,19.663
20350730,19.329
20350731,18.716
20350801,21.173
20350802,19.633
20350803,18.875
20350804,19.762
20350805,19.983
20350806,19.436
20350807,18.814
20350808,20.323
20350809,18.596
20350810,16.563
20350811,15.403
20350812,17.059
20350813,14.039
20350814,13.646
20350815,14.815
20350816,15.644
20350817,13.598
20350818,12.898
20350819,15.46
20350820,15.734
20350821,15.349
20350822,18.269
20350823,17.273
20350824,17.104
20350825,15.453
20350826,16.434
20350827,20.036
20350828,19.791
20350829,20.195
20350830,21.133
20350831,20.798
20350901,20.042
20350902,18.14
20350903,15.323
20350904,12.644
20350905,12.552
20350906,16.1
20350907,14.549
20350908,14.063
20350909,15.528
20350910,15.652
20350911,14.849
20350912,15.313
20350913,16.304
20350914,15.707
20350915,16.174
20350916,16.997
20350917,16.229
20350918,16.706
20350919,16.733
20350920,14.3
20350921,11.462
20350922,12.786
20350923,14.69
20350924,15.259
20350925,13.599
20350926,10.322
20350927,8.0624
20350928,11.221
20350929,11.053
20350930,12.576
20351001,11.177
20351002,13.012
20351003,12.685
20351004,12.969
20351005,14.233
20351006,11.271
20351007,11.157
20351008,10.202
20351009,9.2427
20351010,8.721
20351011,9.3762
20351012,8.9029
20351013,8.0762
20351014,10.205
20351015,7.3485
20351016,6.076
20351017,9.9665
20351018,6.9383
20351019,4.3879
20351020,1.9451
20351021,1.2337
20351022,1.9704
20351023,6.1748
20351024,7.5681
20351025,7.1771
20351026,6.2321
20351027,6.0076
20351028,3.7238
20351029,0.66908
20351030,2.7018
20351031,13.36
20351101,13.318
20351102,11.991
20351103,6.8185
20351104,3.7411
20351105,2.653
20351106,10.564
20351107,6.6863
20351108,4.7273
20351109,10.902
20351110,9.6134
20351111,4.4199
20351112,3.526
20351113,9.1097
20351114,11.596
20351115,10.347
20351116,5.5171
20351117,4.0103
20351118,4.5465
20351119,5.218
20351120,3.544
20351121,4.4695
20351122,3.261
20351123,12.105
20351124,7.2566
20351125,3.7981
20351126,8.2035
20351127,1.9911
20351128,-3.9824
20351129,-5.0567
20351130,-3.5993
20351201,1.2254
20351202,0.48209
20351203,3.7354
20351204,1.7069
20351205,1.6112
20351206,0.26058
20351207,3.2648
20351208,2.1484
20351209,1.7557
20351210,3.3148
20351211,4.5815
20351212,2.7847
20351213,0.73717
20351214,0.062724
20351215,4.0319
20351216,3.7171
20351217,0.66733
20351218,-0.18903
20351219,3.4602
20351220,0.74348
20351221,5.6555
20351222,5.3697
20351223,3.7099
20351224,3.5528
20351225,7.7551
20351226,6.5096
20351227,1.6516
20351228,-0.84545
20351229,-1.6046
20351230,-2.1801
20351231,-2.7701
20360101,-4.8524
20360102,-6.3348
20360103,-4.8077
20360104,-4.4871
20360105,-2.4017
20360106,-3.2077
20360107,-3.1392
20360108,-2.5994
20360109,-3.0069
20360110,-5.1035
20360111,-6.6556
20360112,-3.8423
20360113,-2.8809
20360114,-1.8875
20360115,-0.89572
20360116,3.3687
20360117,1.545
20360118,-0.20736
20360119,-1.8128
20360120,-3.6891
20360121,-0.42265
20360122,1.8428
20360123,1.0332
20360124,-1.058
20360125,-3.6414
20360126,-4.3745
20360127,-4.7559
20360128,-3.5425
20360129,-2.6528
20360130,-3.0945
20360131,-2.0834
20360201,-0.91729
20360202,5.5191
20360203,9.0161
20360204,3.3701
20360205,2.1008
20360206,2.1715
20360207,0.46461
20360208,-1.5156
20360209,2.2655
20360210,4.4694
20360211,2.6922
20360212,3.709
20360213,3.6143
20360214,3.3864
20360215,2.3549
20360216,2.3993
20360217,8.5725
20360218,9.9106
20360219,9.9033
20360220,8.4904
20360221,1.2575
20360222,-2.2534
20360223,-3.2843
20360224,-4.1205
20360225,-4.9179
20360226,-5.7159
20360227,-2.9936
20360228,-0.22991
20360229,3.794
20360301,-0.47952
20360302,-1.9805
20360303,-1.0139
20360304,-0.28217
20360305,3.5409
20360306,2.294
20360307,6.3892
20360308,8.1621
20360309,7.7623
20360310,6.4088
20360311,4.8535
20360312,6.367
20360313,4.3403
20360314,1.6507
20360315,2.8685
20360316,3.3337
20360317,4.0027
20360318,1.8321
20360319,3.1241
20360320,1.4233
20360321,1.9428
20360322,1.8264
20360323,2.3002
20360324,2.2937
20360325,3.2675
20360326,3.5154
20360327,8.3848
20360328,3.7761
20360329,2.6491
20360330,3.1549
20360331,2.3688
20360401,6.3108
20360402,5.4149
20360403,7.9156
20360404,5.1381
20360405,1.3175
20360406,1.5775
20360407,7.632
20360408,4.7646
20360409,2.2373
20360410,7.3394
20360411,5.0069
20360412,2.0067
20360413,1.0115
20360414,2.466
20360415,4.6748
20360416,4.0518
20360417,4.4545
20360418,6.9168
20360419,5.268
20360420,6.5357
20360421,6.1716
20360422,7.7227
20360423,8.4702
20360424,10.135
20360425,5.3688
20360426,3.6058
20360427,6.7698
20360428,6.5263
20360429,8.831
20360430,5.7291
20360501,5.479
20360502,8.9497
20360503,6.5591
20360504,5.8343
20360505,7.1109
20360506,5.9413
20360507,6.8793
20360508,7.2826
20360509,9.378
20360510,9.3015
20360511,9.1907
20360512,8.3191
20360513,10.141
20360514,10.296
20360515,11.967
20360516,11.493
20360517,9.4773
20360518,8.8749
20360519,10.491
20360520,9.8048
20360521,7.8299
20360522,10.31
20360523,12.549
20360524,10.692
20360525,9.8172
20360526,10.18
20360527,13.4
20360528,12.039
20360529,12.823
20360530,11.822
20360531,11.25
20360601,10.765
20360602,12.747
20360603,13.514
20360604,12.744
20360605,12.539
20360606,13.682
20360607,14.559
20360608,14.98
20360609,18.721
20360610,16.087
20360611,15.447
20360612,16.083
20360613,15.81
20360614,16.22
20360615,16.626
20360616,15.796
20360617,15.032
20360618,17.214
20360619,14.738
20360620,12.714
20360621,13.448
20360622,13.94
20360623,15.285
20360624,13.617
20360625,12.477
20360626,14.303
20360627,17.026
20360628,17.913
20360629,18.474
20360630,18.881
20360701,17.321
20360702,15.714
20360703,16.752
20360704,18.091
20360705,16.297
20360706,17.172
20360707,15.906
20360708,16.993
20360709,15.608
20360710,18.728
20360711,20.531
20360712,20.655
20360713,22.101
20360714,20.397
20360715,20.163
20360716,18.803
20360717,19.055
20360718,19.673
20360719,19.876
20360720,17.906
20360721,16.577
20360722,18.282
20360723,18.666
20360724,18.92
20360725,19.795
20360726,18.903
20360727,19.406
20360728,18.163
20360729,19.904
20360730,18.932
20360731,16.977
20360801,18.632
20360802,20.267
20360803,20.789
20360804,20.233
20360805,19.147
20360806,20.004
20360807,21.742
20360808,21.264
20360809,18.715
20360810,16.712
20360811,18.035
20360812,18.785
20360813,17.979
20360814,18.558
20360815,18.431
20360816,17.041
20360817,14.38
20360818,14.166
20360819,19.189
20360820,16.868
20360821,13.226
20360822,13.837
20360823,18.108
20360824,16.767
20360825,14.138
20360826,13.612
20360827,12.102
20360828,14.191
20360829,15.4
20360830,14.342
20360831,12.662
20360901,15.25
20360902,14.667
20360903,13.589
20360904,12.865
20360905,15.789
20360906,16.692
20360907,15.439
20360908,13.62
20360909,12.121
20360910,9.2155
20360911,8.5228
20360912,9.5476
20360913,13.169
20360914,11.534
20360915,13.519
20360916,15.356
20360917,12.839
20360918,13.379
20360919,11.359
20360920,11.603
20360921,11.184
20360922,11.458
20360923,12.508
20360924,12.166
20360925,13.736
20360926,14.636
20360927,14.695
20360928,14.165
20360929,13.865
20360930,12.754
20361001,11.56
20361002,11.605
20361003,10.973
20361004,9.8992
20361005,10.635
20361006,7.4616
20361007,5.5533
20361008,5.8843
20361009,6.3877
20361010,7.8354
20361011,10.29
20361012,11.287
20361013,9.4334
20361014,9.7364
20361015,8.2526
20361016,6.7116
20361017,7.2998
20361018,7.0981
20361019,5.6316
20361020,5.4233
20361021,5.0313
20361022,3.2898
20361023,7.57
20361024,6.2595
20361025,2.2687
20361026,0.56403
20361027,-0.54909
20361028,2.6199
20361029,7.532
20361030,10.552
20361031,9.1899
20361101,6.7845
20361102,5.0145
20361103,7.23
20361104,3.7308
20361105,-0.2341
20361106,-1.4463
20361107,0.50146
20361108,-0.24482
20361109,-0.22316
20361110,7.9234
20361111,7.4542
20361112,9.126
20361113,8.6149
20361114,6.4541
20361115,5.5754
20361116,6.4763
20361117,6.1226
20361118,5.7912
20361119,1.3283
20361120,-0.02477
20361121,-0.64805
20361122,0.52725
20361123,-0.16711
20361124,-1.8911
20361125,-2.9609
20361126,-3.3979
20361127,-3.1713
20361128,0.39111
20361129,-1.0745
20361130,-0.52958
20361201,4.2848
20361202,7.2959
20361203,4.2056
20361204,7.3343
20361205,5.2232
20361206,2.8366
20361207,0.96765
20361208,-0.21028
20361209,0.037069
20361210,-1.0854
20361211,-2.4396
20361212,0.5826
20361213,-0.053416
20361214,-0.71668
20361215,-1.7103
20361216,-2.1795
20361217,-2.4765
20361218,-1.9156
20361219,-2.4594
20361220,-2.6772
20361221,-2.4586
20361222,-2.996
20361223,-1.2109
20361224,-3.3391
20361225,-4.2003
20361226,-3.4617
20361227,-2.7441
20361228,-2.5483
20361229,-3.6593
20361230,-3.3846
20361231,-4.8062
20370101,-0.84413
20370102,4.3749
20370103,1.5699
20370104,0.90976
20370105,2.3794
20370106,-0.86458
20370107,-0.77234
20370108,-1.9791
20370109,-1.114
20370110,0.30726
20370111,1.5663
20370112,1.4174
20370113,3.5831
20370114,1.9358
20370115,1.7507
20370116,-0.1583
20370117,-1.3486
20370118,1.9008
20370119,-0.32115
20370120,-0.45857
20370121,-2.2481
20370122,-1.4164
20370123,2.363
20370124,-0.066538
20370125,1.2074
20370126,1.1625
20370127,2.372
20370128,0.34671
20370129,5.1608
20370130,0.57394
20370131,0.51387
20370201,2.9115
20370202,4.7587
20370203,5.6642
20370204,2.0903
20370205,0.312
20370206,-0.56564
20370207,-0.51746
20370208,0.51885
20370209,2.3792
20370210,2.9108
20370211,3.1916
20370212,1.3906
20370213,-2.1202
20370214,0.21445
20370215,-1.0566
20370216,5.3874
20370217,2.144
20370218,1.0423
20370219,2.9109
20370220,1.178
20370221,7.3269
20370222,1.943
20370223,0.2438
20370224,0.13121
20370225,-0.4097
20370226,-0.18346
20370227,1.5396
20370228,-0.57895
20370301,-0.69555
20370302,0.59974
20370303,0.44169
20370304,1.4096
20370305,2.0886
20370306,2.3389
20370307,2.8498
20370308,3.7421
20370309,5.5904
20370310,5.1077
20370311,3.2647
20370312,1.6558
20370313,1.7753
20370314,3.6198
20370315,3.6528
20370316,2.4265
20370317,2.0619
20370318,0.79537
20370319,5.5946
20370320,3.2963
20370321,2.9926
20370322,3.0835
20370323,3.5007
20370324,2.3462
20370325,4.1785
20370326,2.7363
20370327,4.4338
20370328,4.6034
20370329,3.5295
20370330,8.6379
20370331,4.7652
20370401,2.0408
20370402,0.3093
20370403,5.0862
20370404,8.1211
20370405,5.5656
20370406,6.6619
20370407,8.9336
20370408,8.5722
20370409,7.1106
20370410,5.5209
20370411,9.2107
20370412,12.018
20370413,7.4527
20370414,5.2938
20370415,4.339
20370416,5.9202
20370417,4.8676
20370418,7.298
20370419,6.7879
20370420,8.1768
20370421,8.776
20370422,9.1562
20370423,8.8849
20370424,9.5116
20370425,6.6548
20370426,5.4857
20370427,6.2407
20370428,3.8106
20370429,6.0005
20370430,4.859
20370501,9.1236
20370502,9.1066
20370503,8.7416
20370504,8.8853
20370505,11.907
20370506,10.933
20370507,9.3744
20370508,8.7711
20370509,8.9484
20370510,10.966
20370511,10.286
20370512,10.624
20370513,9.5748
20370514,10.725
20370515,11.04
20370516,9.5321
20370517,10.316
20370518,10.555
20370519,11.956
20370520,14.162
20370521,14.609
20370522,14.798
20370523,13.216
20370524,11.836
20370525,11.069
20370526,11.551
20370527,12.533
20370528,12.138
20370529,13.117
20370530,11.63
20370531,10.819
20370601,8.9602
20370602,12.713
20370603,13.164
20370604,10.911
20370605,12.547
20370606,13.907
20370607,13.884
20370608,13.604
20370609,13.048
20370610,14.356
20370611,12.675
20370612,10.965
20370613,12.392
20370614,15.573
20370615,13.895
20370616,14.705
20370617,17.475
20370618,16.983
20370619,14.358
20370620,13.163
20370621,14.497
20370622,10.806
20370623,9.9866
20370624,13.232
20370625,14.56
20370626,16.728
20370627,16.041
20370628,11.745
20370629,10.683
20370630,12.065
20370701,13.671
20370702,13.231
20370703,16.541
20370704,16.599
20370705,18.193
20370706,17.158
20370707,16.14
20370708,17.79
20370709,17.301
20370710,16.505
20370711,14.883
20370712,15.927
20370713,15.895
20370714,19.203
20370715,18.781
20370716,17.576
20370717,20.453
20370718,20.208
20370719,20.357
20370720,19.145
20370721,18.22
20370722,18.925
20370723,17.95
20370724,16.904
20370725,17.517
20370726,15.716
20370727,13.569
20370728,15.568
20370729,15.547
20370730,17.714
20370731,18.405
20370801,17.907
20370802,18.482
20370803,16.871
20370804,13.447
20370805,15.529
20370806,18.408
20370807,17.359
20370808,17.139
20370809,17.049
20370810,18.771
20370811,18.921
20370812,19.308
20370813,19.85
20370814,20.185
20370815,22.645
20370816,23.632
20370817,22.563
20370818,20.53
20370819,20.819
20370820,22.922
20370821,20.658
20370822,19.646
20370823,19.191
20370824,18.664
20370825,18.034
20370826,14.513
20370827,18.137
20370828,15.025
20370829,17.185
20370830,18.323
20370831,20.28
20370901,18.243
20370902,17.009
20370903,16.575
20370904,14.635
20370905,14.251
20370906,11.123
20370907,15.549
20370908,16.788
20370909,12.846
20370910,10.409
20370911,11.046
20370912,14.807
20370913,12.472
20370914,13.993
20370915,12.716
20370916,11.283
20370917,9.761
20370918,9.0022
20370919,8.0062
20370920,9.8538
20370921,10.465
20370922,12.732
20370923,12.155
20370924,11.435
20370925,10.548
20370926,9.0339
20370927,14.583
20370928,16.084
20370929,15.94
20370930,14.88
20371001,14.054
20371002,12.693
20371003,15.116
20371004,14.617
20371005,11.01
20371006,13.044
20371007,11.382
20371008,10.548
20371009,10.438
20371010,7.1611
20371011,6.7622
20371012,7.1624
20371013,7.2655
20371014,5.2984
20371015,5.4447
20371016,5.1107
20371017,7.1886
20371018,8.2271
20371019,10.972
20371020,5.8486
20371021,3.5153
20371022,6.4009
20371023,14.779
20371024,8.4541
20371025,7.6702
20371026,5.0224
20371027,3.3628
20371028,9.8044
20371029,6.4246
20371030,3.8513
20371031,4.7923
20371101,4.4838
20371102,2.9823
20371103,6.0339
20371104,3.9693
20371105,6.6029
20371106,7.4645
20371107,7.2605
20371108,2.7784
20371109,-0.8393
20371110,-1.8949
20371111,0.67242
20371112,6.3827
20371113,8.0162
20371114,7.3823
20371115,7.9524
20371116,6.2544
20371117,10.326
20371118,8.2406
20371119,4.5282
20371120,5.4051
20371121,3.0123
20371122,4.3959
20371123,2.4139
20371124,6.7724
20371125,7.0726
20371126,7.2543
20371127,5.3609
20371128,6.5
20371129,4.4089
20371130,3.5625
20371201,2.885
20371202,4.003
20371203,3.7649
20371204,3.995
20371205,5.9834
20371206,5.4513
20371207,4.4253
20371208,0.083537
20371209,-0.37639
20371210,6.292
20371211,3.9662
20371212,5.3609
20371213,1.9276
20371214,-0.22717
20371215,-0.86668
20371216,-0.72505
20371217,-3.8027
20371218,-4.4901
20371219,-5.5503
20371220,-1.0737
20371221,-3.6382
20371222,-3.3366
20371223,-2.3077
20371224,-3.214
20371225,0.5578
20371226,5.2127
20371227,6.5678
20371228,4.3157
20371229,1.36
20371230,-0.67412
20371231,-2.068
20380101,-0.87087
20380102,-3.5326
20380103,-4.6077
20380104,-5.0706
20380105,-5.719
20380106,-5.2059
20380107,-5.8929
20380108,-3.8296
20380109,-5.4793
20380110,-5.8689
20380111,-5.1262
20380112,-5.3284
20380113,-3.4158
20380114,-3.913
20380115,-4.9968
20380116,-4.4346
20380117,-4.4012
20380118,-4.1408
20380119,0.56366
20380120,-3.9602
20380121,-5.3561
20380122,-4.1401
20380123,-3.2605
20380124,-2.7555
20380125,-1.0371
20380126,2.6792
20380127,0.4132
20380128,-1.4318
20380129,-2.8014
20380130,-2.2861
20380131,-3.7039
20380201,-3.9396
20380202,-3.8584
20380203,0.96059
20380204,-0.83366
20380205,-2.0222
20380206,-0.67789
20380207,6.0351
20380208,4.6195
20380209,2.5255
20380210,2.7726
20380211,0.54653
20380212,-0.64226
20380213,-0.3911
20380214,2.1592
20380215,0.13073
20380216,0.2222
20380217,-0.25483
20380218,-0.59223
20380219,2.2729
20380220,1.0994
20380221,-0.59482
20380222,0.66567
20380223,2.6332
20380224,1.1952
20380225,3.4167
20380226,4.1075
20380227,1.8952
20380228,3.2354
20380301,-0.16983
20380302,-2.6267
20380303,0.36987
20380304,-1.2198
20380305,-1.0603
20380306,-0.06486
20380307,6.1958
20380308,6.6578
20380309,7.8864
20380310,4.5828
20380311,3.8174
20380312,6.8833
20380313,5.4328
20380314,8.1816
20380315,6.1522
20380316,6.0585
20380317,6.4171
20380318,8.8044
20380319,5.6888
20380320,3.8476
20380321,6.555
20380322,5.2292
20380323,6.7502
20380324,7.5888
20380325,5.5202
20380326,4.267
20380327,2.9314
20380328,3.3968
20380329,3.6893
20380330,5.187
20380331,7.4222
20380401,3.4883
20380402,0.98962
20380403,2.6583
20380404,5.3086
20380405,10.409
20380406,8.8501
20380407,7.6424
20380408,8.9789
20380409,9.7824
20380410,9.5575
20380411,8.5042
20380412,6.3695
20380413,5.0618
20380414,4.5507
20380415,3.7637
20380416,6.6299
20380417,5.009
20380418,3.6801
20380419,3.7229
20380420,6.7196
20380421,6.7829
20380422,8.1192
20380423,7.8136
20380424,6.7605
20380425,4.8989
20380426,4.6923
20380427,7.0118
20380428,7.2636
20380429,7.7006
20380430,7.183
20380501,6.5262
20380502,5.2005
20380503,4.5798
20380504,4.0766
20380505,9.4336
20380506,9.2257
20380507,8.4987
20380508,6.6802
20380509,9.9655
20380510,6.6903
20380511,7.3734
20380512,8.6029
20380513,10.063
20380514,8.7242
20380515,6.5191
20380516,6.5881
20380517,8.4176
20380518,8.1902
20380519,6.4607
20380520,11.332
20380521,8.4392
20380522,8.4544
20380523,6.9384
20380524,6.2106
20380525,7.4622
20380526,11.495
20380527,11.494
20380528,12.504
20380529,9.9148
20380530,10.246
20380531,11.709
20380601,9.8126
20380602,9.8384
20380603,10.479
20380604,12.336
20380605,13.854
20380606,13.744
20380607,14.262
20380608,15.543
20380609,15.37
20380610,11.468
20380611,12.292
20380612,10.419
20380613,11.626
20380614,15.107
20380615,14.671
20380616,15.237
20380617,13.452
20380618,13.459
20380619,12.845
20380620,11.398
20380621,11.411
20380622,12.554
20380623,14.314
20380624,12.933
20380625,13.208
20380626,10.889
20380627,12.511
20380628,15.542
20380629,18.035
20380630,19.876
20380701,17.942
20380702,17.74
20380703,19.598
20380704,18.815
20380705,18.708
20380706,18.194
20380707,16.31
20380708,16.562
20380709,19.409
20380710,18.835
20380711,19.234
20380712,20.237
20380713,21.697
20380714,19.832
20380715,18.957
20380716,19.566
20380717,20.43
20380718,20.228
20380719,19.337
20380720,17.288
20380721,19.251
20380722,21.405
20380723,19.952
20380724,17.722
20380725,19.98
20380726,17.525
20380727,19.157
20380728,18.768
20380729,18.66
20380730,17.146
20380731,16.037
20380801,15.732
20380802,14.673
20380803,17.192
20380804,15.815
20380805,17.96
20380806,19.356
20380807,20.288
20380808,19.806
20380809,20.892
20380810,19.791
20380811,20.72
20380812,20.338
20380813,20.138
20380814,21.003
20380815,19.301
20380816,20.53
20380817,21.197
20380818,20.046
20380819,20.708
20380820,19.7
20380821,20.44
20380822,19.241
20380823,19.799
20380824,21.527
20380825,20.841
20380826,18.871
20380827,19.734
20380828,17.983
20380829,18.553
20380830,19.859
20380831,18.693
20380901,17.691
20380902,19.27
20380903,21.513
20380904,18.844
20380905,17.75
20380906,18.158
20380907,17.796
20380908,18.015
20380909,16.749
20380910,15.836
20380911,14.97
20380912,11.825
20380913,12.283
20380914,16.31
20380915,17.866
20380916,17.675
20380917,16.953
20380918,14.698
20380919,13.425
20380920,11.279
20380921,17.27
20380922,19.16
20380923,18.409
20380924,17.418
20380925,18.667
20380926,15.671
20380927,12.882
20380928,14.274
20380929,16.444
20380930,13.3
20381001,10.183
20381002,10.35
20381003,7.4632
20381004,7.2572
20381005,11.085
20381006,12.105
20381007,13.095
20381008,12.115
20381009,9.9779
20381010,7.067
20381011,6.9587
20381012,6.7069
20381013,9.9517
20381014,8.8046
20381015,7.4943
20381016,5.7823
20381017,6.8808
20381018,5.1429
20381019,5.7574
20381020,5.219
20381021,5.8677
20381022,3.5002
20381023,5.8671
20381024,3.0975
20381025,7.0695
20381026,6.9734
20381027,5.3224
20381028,6.2411
20381029,12.843
20381030,15.951
20381031,13.497
20381101,12.319
20381102,15.098
20381103,9.086
20381104,5.5672
20381105,4.7041
20381106,8.1681
20381107,7.8046
20381108,5.2111
20381109,6.3689
20381110,12.623
20381111,13.103
20381112,11.028
20381113,10.609
20381114,10.879
20381115,8.3221
20381116,7.6724
20381117,6.3892
20381118,3.6607
20381119,4.5307
20381120,8.0425
20381121,3.8386
20381122,0.7458
20381123,0.74327
20381124,6.5115
20381125,5.9191
20381126,9.5691
20381127,5.1945
20381128,1.9904
20381129,0.26596
20381130,10.078
20381201,6.2174
20381202,3.835
20381203,3.3318
20381204,0.14615
20381205,-2.584
20381206,-2.8953
20381207,-3.2454
20381208,-4.7514
20381209,1.314
20381210,2.4841
20381211,3.8335
20381212,-0.69453
20381213,-1.7379
20381214,-3.8155
20381215,-4.4776
20381216,-3.0359
20381217,-2.5412
20381218,-1.1527
20381219,-3.391
20381220,2.0449
20381221,7.0331
20381222,9.4849
20381223,2.3081
20381224,2.1866
20381225,0.97288
20381226,-0.30643
20381227,4.8334
20381228,0.67385
20381229,-0.76377
20381230,2.5045
20381231,2.3421
20390101,0.10946
20390102,3.828
20390103,4.3158
20390104,3.1579
20390105,-1.3833
20390106,-3.4861
20390107,-3.8266
20390108,2.8946
20390109,1.0437
20390110,-1.1821
20390111,0.58584
20390112,1.5879
20390113,0.13288
20390114,-0.56326
20390115,1.5285
20390116,2.1845
20390117,6.5798
20390118,2.1443
20390119,-0.47783
20390120,-1.1944
20390121,6.8302
20390122,4.5907
20390123,4.5578
20390124,8.1746
20390125,9.7593
20390126,8.802
20390127,9.8375
20390128,9.1954
20390129,2.2217
20390130,-0.42483
20390131,1.0996
20390201,-0.72057
20390202,-1.9169
20390203,0.24657
20390204,-0.34053
20390205,-0.94988
20390206,-1.1825
20390207,-1.7941
20390208,-0.72364
20390209,1.9467
20390210,4.354
20390211,3.0399
20390212,0.4359
20390213,6.3678
20390214,9.1188
20390215,6.752
20390216,5.2728
20390217,5.497
20390218,5.2938
20390219,4.3052
20390220,1.4506
20390221,-0.87598
20390222,4.2471
20390223,2.738
20390224,-0.45007
20390225,-0.65071
20390226,3.2814
20390227,3.6192
20390228,-0.80403
20390301,-2.1213
20390302,-1.2873
20390303,-0.12787
20390304,-1.1818
20390305,-0.90485
20390306,-2.1518
20390307,-2.0915
20390308,-1.3578
20390309,0.48717
20390310,0.05662
20390311,1.8434
20390312,1.8701
20390313,4.8192
20390314,4.3314
20390315,5.1187
20390316,6.5145
20390317,3.5873
20390318,1.4594
20390319,-0.034597
20390320,-0.55257
20390321,3.804
20390322,4.9546
20390323,4.4626
20390324,9.1177
20390325,9.5431
20390326,8.7887
20390327,6.9911
20390328,4.1759
20390329,6.0665
20390330,5.5108
20390331,7.0916
20390401,5.2623
20390402,6.6368
20390403,8.3716
20390404,8.9184
20390405,9.1223
20390406,8.0858
20390407,6.3605
20390408,6.4276
20390409,6.856
20390410,3.6013
20390411,4.473
20390412,4.1582
20390413,4.7526
20390414,6.6969
20390415,7.5106
20390416,6.0106
20390417,6.506
20390418,7.3151
20390419,6.9037
20390420,7.2951
20390421,8.0733
20390422,6.1593
20390423,3.9756
20390424,6.6177
20390425,4.9078
20390426,2.6087
20390427,6.9351
20390428,6.2098
20390429,7.03
20390430,5.6709
20390501,6.6511
20390502,7.7155
20390503,9.4006
20390504,9.9713
20390505,10.624
20390506,9.5306
20390507,10.388
20390508,8.3268
20390509,9.3424
20390510,12.574
20390511,13.367
20390512,14.986
20390513,13.88
20390514,12.775
20390515,14.689
20390516,14.181
20390517,11.485
20390518,10.633
20390519,13.225
20390520,10.327
20390521,9.007
20390522,8.4908
20390523,12.392
20390524,10.972
20390525,11.658
20390526,10.831
20390527,13.468
20390528,10.882
20390529,11.374
20390530,12.852
20390531,13.296
20390601,11.925
20390602,13.011
20390603,11.866
20390604,10.329
20390605,9.512
20390606,14.913
20390607,9.5879
20390608,7.5967
20390609,9.0559
20390610,10.851
20390611,11.313
20390612,15.524
20390613,13.67
20390614,14.767
20390615,15.596
20390616,14.428
20390617,13.234
20390618,12.549
20390619,14.467
20390620,16.363
20390621,16.229
20390622,16.883
20390623,16.796
20390624,18.53
20390625,18.957
20390626,18.338
20390627,18.378
20390628,16.587
20390629,16.389
20390630,17.767
20390701,19.142
20390702,20.103
20390703,20.725
20390704,19.069
20390705,19.711
20390706,21.359
20390707,21.111
20390708,19.691
20390709,17.93
20390710,19.238
20390711,23.359
20390712,24.117
20390713,22.987
20390714,22.864
20390715,22.006
20390716,23.549
20390717,21.842
20390718,20.078
20390719,20.362
20390720,21.893
20390721,17.073
20390722,14.134
20390723,17.447
20390724,20.937
20390725,19.901
20390726,18.472
20390727,19.583
20390728,20.37
20390729,20.491
20390730,19.855
20390731,20.462
20390801,21.843
20390802,19.639
20390803,18.17
20390804,20.28
20390805,20.219
20390806,20.652
20390807,19.89
20390808,19.013
20390809,18.833
20390810,18.898
20390811,18.896
20390812,17.83
20390813,18.977
20390814,18.893
20390815,18.746
20390816,19.901
20390817,19.709
20390818,23.114
20390819,21.421
20390820,21.475
20390821,16.984
20390822,15.608
20390823,17.987
20390824,20.045
20390825,18.871
20390826,16.242
20390827,16.939
20390828,19.911
20390829,19.619
20390830,16.491
20390831,15.573
20390901,16.881
20390902,17.673
20390903,18.211
20390904,20.657
20390905,18.172
20390906,16.53
20390907,15.766
20390908,13.477
20390909,12.217
20390910,15.267
20390911,15.921
20390912,16.14
20390913,12.362
20390914,9.9271
20390915,11.431
20390916,11.864
20390917,12.123
20390918,13.355
20390919,11.86
20390920,11.832
20390921,11.666
20390922,12.597
20390923,14.726
20390924,11.952
20390925,15.436
20390926,13.521
20390927,11.29
20390928,11.515
20390929,10.259
20390930,10.322
20391001,13.929
20391002,13.907
20391003,9.2509
20391004,8.9068
20391005,7.9046
20391006,14.132
20391007,12.648
20391008,11.719
20391009,13.149
20391010,11.746
20391011,10.649
20391012,10.814
20391013,12.012
20391014,13.622
20391015,9.8641
20391016,7.9637
20391017,8.6972
20391018,8.4297
20391019,6.2296
20391020,7.961
20391021,9.1808
20391022,10.697
20391023,10.068
20391024,8.3457
20391025,7.2264
20391026,6.8041
20391027,7.8327
20391028,9.418
20391029,7.7459
20391030,5.7217
20391031,6.6923
20391101,6.4851
20391102,8.7793
20391103,11.867
20391104,13.773
20391105,11.427
20391106,10.291
20391107,8.5192
20391108,7.8456
20391109,4.4682
20391110,3.1745
20391111,4.6934
20391112,5.3125
20391113,5.7362
20391114,5.7174
20391115,3.2107
20391116,1.7709
20391117,1.501
20391118,0.4988
20391119,-0.54917
20391120,0.84207
20391121,0.075246
20391122,-0.46443
20391123,-0.55176
20391124,-0.18389
20391125,-0.53783
20391126,-1.2891
20391127,0.05719
20391128,-1.2007
20391129,-1.9229
20391130,-2.1278
20391201,-0.45737
20391202,-1.2563
20391203,0.21873
20391204,-0.8992
20391205,-1.4549
20391206,-1.6082
20391207,-3.4881
20391208,-0.70769
20391209,-1.9775
20391210,0.054708
20391211,-1.3834
20391212,-0.45567
20391213,-0.65704
20391214,-1.2468
20391215,0.066976
20391216,-1.3378
20391217,-2.131
20391218,-1.4863
20391219,-1.0368
20391220,-0.92086
20391221,-2.3198
20391222,-3.6347
20391223,-4.2013
20391224,-3.0337
20391225,-3.5239
20391226,-4.5272
20391227,-5.078
20391228,-4.1243
20391229,-2.9474
20391230,3.3849
20391231,7.0587
20400101,8.828
20400102,8.1395
20400103,7.9122
20400104,3.2148
20400105,0.74921
20400106,-1.2541
20400107,-0.89221
20400108,-1.3089
20400109,-1.3059
20400110,0.0053813
20400111,0.016215
20400112,-0.79829
20400113,-1.1095
20400114,-1.281
20400115,-1.4469
20400116,3.0025
20400117,2.3908
20400118,1.137
20400119,-0.23907
20400120,-0.12209
20400121,0.45935
20400122,9.0088
20400123,9.3982
20400124,6.2246
20400125,4.2376
20400126,2.3825
20400127,2.5264
20400128,3.6192
20400129,3.4724
20400130,1.1617
20400131,2.8671
20400201,8.0994
20400202,4.0756
20400203,1.9694
20400204,6.8011
20400205,2.7474
20400206,-0.24385
20400207,-0.41429
20400208,0.42975
20400209,5.1663
20400210,-0.26326
20400211,2.2261
20400212,0.10877
20400213,0.89667
20400214,0.28894
20400215,-1.6072
20400216,-3.5896
20400217,0.79421
20400218,0.39263
20400219,0.66201
20400220,1.4668
20400221,4.1306
20400222,5.5964
20400223,3.8134
20400224,1.3518
20400225,0.16285
20400226,0.5848
20400227,1.4572
20400228,4.3184
20400229,5.3444
20400301,3.8726
20400302,1.1992
20400303,1.7309
20400304,6.2719
20400305,5.2099
20400306,6.2155
20400307,5.8966
20400308,6.5206
20400309,6.4806
20400310,4.7186
20400311,7.2455
20400312,8.6611
20400313,8.9076
20400314,8.7331
20400315,7.8609
20400316,7.885
20400317,9.2681
20400318,12.147
20400319,9.2574
20400320,8.186
20400321,8.8772
20400322,7.5952
20400323,8.2558
20400324,8.3092
20400325,7.7759
20400326,10.441
20400327,8.5679
20400328,8.9028
20400329,7.8869
20400330,7.0621
20400331,7.7219
20400401,10.464
20400402,9.4411
20400403,10.042
20400404,8.5306
20400405,5.7331
20400406,3.345
20400407,3.6107
20400408,5.666
20400409,5.9346
20400410,8.6783
20400411,10.032
20400412,9.5882
20400413,8.7509
20400414,9.1933
20400415,6.2546
20400416,8.6507
20400417,9.3504
20400418,7.8899
20400419,10.645
20400420,9.7172
20400421,9.4834
20400422,9.2202
20400423,9.4278
20400424,8.031
20400425,7.7766
20400426,9.0043
20400427,11.554
20400428,7.8254
20400429,7.0322
20400430,8.1991
20400501,11.182
20400502,10.78
20400503,11.396
20400504,12.383
20400505,13.325
20400506,10.674
20400507,12.777
20400508,9.5756
20400509,7.3292
20400510,7.0456
20400511,7.9291
20400512,8.0494
20400513,7.7866
20400514,5.8156
20400515,7.8006
20400516,12.78
20400517,14.119
20400518,13.956
20400519,14.842
20400520,14.61
20400521,12.929
20400522,12.599
20400523,12.803
20400524,11.376
20400525,14.321
20400526,13.864
20400527,13.192
20400528,11.776
20400529,11.108
20400530,12.598
20400531,11.93
20400601,13.006
20400602,14.104
20400603,14.573
20400604,15.632
20400605,15.353
20400606,15.397
20400607,15.467
20400608,15.825
20400609,16.641
20400610,15.839
20400611,14.019
20400612,14.983
20400613,13.853
20400614,15.38
20400615,16.209
20400616,16.6
20400617,16.795
20400618,18.243
20400619,15.656
20400620,16.396
20400621,15.15
20400622,15.879
20400623,17.383
20400624,15.939
20400625,16.434
20400626,16.579
20400627,15.011
20400628,15.764
20400629,15.682
20400630,14.864
20400701,16.109
20400702,17.378
20400703,17.579
20400704,18.313
20400705,20.676
20400706,18.634
20400707,19.842
20400708,19.135
20400709,18.06
20400710,14.3
20400711,12.495
20400712,15.917
20400713,14.29
20400714,14.339
20400715,13.667
20400716,16.096
20400717,17.148
20400718,15.815
20400719,14.298
20400720,16.914
20400721,15.071
20400722,12.665
20400723,14.527
20400724,18.214
20400725,19.315
20400726,17.86
20400727,19.113
20400728,20.202
20400729,18.314
20400730,16.929
20400731,15.912
20400801,14.177
20400802,15.748
20400803,16.905
20400804,16.569
20400805,18.737
20400806,16.039
20400807,13.251
20400808,14.085
20400809,17.941
20400810,15.998
20400811,14.304
20400812,15.371
20400813,19.619
20400814,17.596
20400815,16.729
20400816,14.222
20400817,14.415
20400818,15.636
20400819,17.464
20400820,16.08
20400821,15.905
20400822,17.486
20400823,17.19
20400824,18.231
20400825,18.934
20400826,18.795
20400827,20.703
20400828,21.484
20400829,19.928
20400830,19.081
20400831,18.135
20400901,18.944
20400902,18.011
20400903,14.947
20400904,12.795
20400905,13.438
20400906,12.645
20400907,13.629
20400908,15.091
20400909,17.602
20400910,17.786
20400911,16.414
20400912,17.73
20400913,18.725
20400914,18.854
20400915,18.99
20400916,18.869
20400917,17.639
20400918,17.742
20400919,18.091
20400920,18.994
20400921,16.532
20400922,14.326
20400923,12.104
20400924,12.483
20400925,12.788
20400926,13.206
20400927,14.181
20400928,14.071
20400929,10.166
20400930,7.5734
20401001,8.1022
20401002,6.6705
20401003,7.7514
20401004,8.3425
20401005,8.8365
20401006,7.7815
20401007,7.3975
20401008,7.0877
20401009,8.2689
20401010,8.5398
20401011,10.63
20401012,10.826
20401013,10.052
20401014,9.3547
20401015,10.036
20401016,9.0427
20401017,9.4282
20401018,11.416
20401019,12.327
20401020,10.838
20401021,12.068
20401022,10.225
20401023,7.4261
20401024,10.787
20401025,7.9896
20401026,9.684
20401027,10.944
20401028,10.35
20401029,7.4206
20401030,8.2266
20401031,10.602
20401101,6.2497
20401102,5.3342
20401103,6.8947
20401104,7.9619
20401105,6.0205
20401106,5.966
20401107,5.0628
20401108,3.2111
20401109,1.5831
20401110,0.099264
20401111,4.2079
20401112,3.4777
20401113,4.5495
20401114,1.002
20401115,9.685
20401116,9.3468
20401117,7.268
20401118,5.4288
20401119,3.5011
20401120,2.321
20401121,4.3678
20401122,3.0677
20401123,0.59609
20401124,-0.72723
20401125,-1.1365
20401126,0.058421
20401127,-0.51921
20401128,-1.5236
20401129,2.5788
20401130,5.8067
20401201,11.023
20401202,10.418
20401203,8.5771
20401204,6.6261
20401205,6.7803
20401206,4.4853
20401207,3.993
20401208,10.095
20401209,9.4231
20401210,4.4888
20401211,3.0327
20401212,1.8771
20401213,0.075419
20401214,-0.59453
20401215,-0.060404
20401216,-1.6781
20401217,0.67147
20401218,0.84835
20401219,-0.34376
20401220,5.1893
20401221,4.8978
20401222,3.6851
20401223,1.5292
20401224,0.11505
20401225,8.0221
20401226,8.5238
20401227,9.9296
20401228,9.2153
20401229,8.8309
20401230,3.425
20401231,3.4084
20410101,5.0558
20410102,3.2986
20410103,0.90974
20410104,3.2154
20410105,4.3827
20410106,1.6825
20410107,-0.059743
20410108,-2.648
20410109,-2.4554
20410110,0.80341
20410111,0.23133
20410112,-1.1597
20410113,-1.3728
20410114,5.0276
20410115,4.4513
20410116,0.15424
20410117,0.53667
20410118,-0.61766
20410119,-0.75656
20410120,3.9881
20410121,1.6859
20410122,-0.37432
20410123,4.2032
20410124,5.7761
20410125,5.5863
20410126,6.5948
20410127,8.6002
20410128,6.1227
20410129,5.1487
20410130,2.098
20410131,-0.085988
20410201,2.4921
20410202,-0.42797
20410203,0.46788
20410204,-1.0393
20410205,-2.5636
20410206,-5.107
20410207,1.3052
20410208,3.092
20410209,3.0404
20410210,8.3478
20410211,5.6799
20410212,5.0319
20410213,-0.46635
20410214,-1.7364
20410215,-1.4627
20410216,-2.9786
20410217,-3.1922
20410218,-1.5245
20410219,-0.6958
20410220,-1.8043
20410221,-3.1349
20410222,-2.203
20410223,-3.204
20410224,-3.4563
20410225,-2.8244
20410226,-1.8176
20410227,-1.2541
20410228,1.0439
20410301,2.084
20410302,2.2512
20410303,2.4173
20410304,-0.18242
20410305,5.1064
20410306,5.6752
20410307,3.8248
20410308,5.5189
20410309,3.2044
20410310,2.8224
20410311,1.6976
20410312,1.827
20410313,2.4138
20410314,0.51135
20410315,1.7034
20410316,4.0118
20410317,2.7992
20410318,2.2714
20410319,4.0083
20410320,1.9084
20410321,0.66289
20410322,1.5037
20410323,5.2665
20410324,3.5301
20410325,1.3116
20410326,5.5913
20410327,5.9798
20410328,2.9506
20410329,6.9374
20410330,4.3941
20410331,2.7988
20410401,3.5755
20410402,9.546
20410403,6.6321
20410404,8.9329
20410405,8.3311
20410406,3.0095
20410407,1.4929
20410408,4.2774
20410409,7.5722
20410410,6.8644
20410411,6.9351
20410412,8.9451
20410413,9.2128
20410414,7.923
20410415,9.1585
20410416,9.0919
20410417,10.535
20410418,8.8378
20410419,11.416
20410420,7.8307
20410421,7.2398
20410422,7.463
20410423,7.9953
20410424,7.9631
20410425,8.5103
20410426,9.5548
20410427,11.108
20410428,10.195
20410429,8.9971
20410430,8.6838
20410501,8.4891
20410502,11.114
20410503,10.624
20410504,10.86
20410505,12.055
20410506,10.366
20410507,10.695
20410508,10.785
20410509,10.355
20410510,14.477
20410511,14.042
20410512,13.267
20410513,10.154
20410514,8.1678
20410515,7.7963
20410516,9.2206
20410517,9.6496
20410518,9.5935
20410519,11.298
20410520,12.062
20410521,12.971
20410522,10.679
20410523,9.5448
20410524,9.9727
20410525,11.175
20410526,13.282
20410527,15.016
20410528,15.817
20410529,8.0973
20410530,7.7682
20410531,6.0168
20410601,10.482
20410602,9.5041
20410603,7.6603
20410604,9.6503
20410605,9.1485
20410606,10.436
20410607,12.107
20410608,10.86
20410609,11.089
20410610,14.248
20410611,17.007
20410612,17.049
20410613,15.351
20410614,11.787
20410615,12.744
20410616,12.51
20410617,13.877
20410618,12.367
20410619,13.467
20410620,12.618
20410621,13.818
20410622,14.377
20410623,17.132
20410624,15.466
20410625,15.623
20410626,15.496
20410627,16.501
20410628,16.413
20410629,18.443
20410630,18.07
20410701,18.909
20410702,18.904
20410703,18.973
20410704,17.807
20410705,18.686
20410706,18.869
20410707,20.37
20410708,20.988
20410709,16.733
20410710,15.354
20410711,16.112
20410712,16.852
20410713,18.659
20410714,18.863
20410715,21.39
20410716,19.808
20410717,20.256
20410718,19.673
20410719,18.433
20410720,19.86
20410721,20.248
20410722,18.964
20410723,17.31
20410724,17.869
20410725,16.273
20410726,15.971
20410727,14.406
20410728,16.194
20410729,19.519
20410730,20.516
20410731,18.762
20410801,16.174
20410802,14.376
20410803,17.493
20410804,16.698
20410805,14.319
20410806,14.556
20410807,13.834
20410808,14.775
20410809,13.753
20410810,14.415
20410811,18.212
20410812,15.426
20410813,15.827
20410814,12.891
20410815,15.783
20410816,14.59
20410817,15.233
20410818,18.088
20410819,16.965
20410820,16.466
20410821,18.776
20410822,18.867
20410823,17.87
20410824,18.911
20410825,16.703
20410826,16.709
20410827,15.096
20410828,14.948
20410829,17.135
20410830,18.324
20410831,18.934
20410901,20.002
20410902,19.245
20410903,21.206
20410904,18.877
20410905,17.461
20410906,14.941
20410907,15.775
20410908,16.15
20410909,16.153
20410910,15.773
20410911,15.95
20410912,14.688
20410913,11.83
20410914,10.931
20410915,14.888
20410916,14.662
20410917,16.411
20410918,17.645
20410919,18.516
20410920,17.438
20410921,15.447
20410922,14.298
20410923,15.639
20410924,15.53
20410925,14.236
20410926,12.423
20410927,12.041
20410928,11.675
20410929,12.687
20410930,10.883
20411001,10.323
20411002,12.255
20411003,11.322
20411004,10.299
20411005,10.372
20411006,9.8459
20411007,9.2898
20411008,9.3324
20411009,7.15
20411010,7.2616
20411011,12.116
20411012,9.705
20411013,8.7172
20411014,11.567
20411015,7.6532
20411016,7.6833
20411017,14.293
20411018,13.249
20411019,9.9095
20411020,7.2432
20411021,7.4412
20411022,8.2156
20411023,8.9258
20411024,9.6627
20411025,10.768
20411026,9.9946
20411027,11.677
20411028,10.2
20411029,9.7625
20411030,7.681
20411031,6.6661
20411101,7.7316
20411102,6.5794
20411103,4.4152
20411104,3.4823
20411105,1.6455
20411106,0.72242
20411107,2.9117
20411108,6.143
20411109,4.7188
20411110,2.9621
20411111,-0.5323
20411112,-0.35373
20411113,-1.4481
20411114,-3.0523
20411115,-4.588
20411116,5.3737
20411117,10.901
20411118,5.0526
20411119,2.7052
20411120,1.5587
20411121,3.2765
20411122,4.197
20411123,1.4883
20411124,0.93033
20411125,0.56992
20411126,-0.061401
20411127,1.3419
20411128,-0.46731
20411129,-0.4819
20411130,4.299
20411201,2.0046
20411202,-0.027679
20411203,-0.057007
20411204,0.34496
20411205,3.8404
20411206,2.5597
20411207,4.0798
20411208,1.2746
20411209,-1.6
20411210,-2.8986
20411211,1.6284
20411212,0.30351
20411213,0.35143
20411214,1.9015
20411215,1.1907
20411216,0.91677
20411217,-1.216
20411218,0.2189
20411219,-0.70673
20411220,-1.6934
20411221,-1.3892
20411222,-3.6326
20411223,-5.5949
20411224,-6.1669
20411225,-6.5852
20411226,-7.6973
20411227,-8.2309
20411228,-3.6089
20411229,-0.81205
20411230,-3.8653
20411231,-6.0165
20420101,-0.13856
20420102,-3.4081
20420103,-4.6217
20420104,-2.4069
20420105,-1.5212
20420106,-2.5927
20420107,-0.63539
20420108,3.6872
20420109,3.3246
20420110,2.6113
20420111,3.9002
20420112,5.0341
20420113,2.8807
20420114,1.0018
20420115,-1.7908
20420116,-4.107
20420117,-0.8234
20420118,-1.4906
20420119,0.50964
20420120,0.88504
20420121,2.0954
20420122,2.0445
20420123,2.1659
20420124,0.47138
20420125,7.0606
20420126,3.5214
20420127,1.1083
20420128,3.0358
20420129,-1.0349
20420130,-1.3387
20420131,-3.0156
20420201,-5.518
20420202,-4.9656
20420203,-2.4268
20420204,-1.0772
20420205,-1.6019
20420206,-1.5981
20420207,-0.57242
20420208,0.46886
20420209,0.45739
20420210,0.73292
20420211,7.0033
20420212,5.4378
20420213,5.3926
20420214,3.9231
20420215,-0.15733
20420216,3.1456
20420217,3.1064
20420218,3.2571
20420219,1.1649
20420220,0.72432
20420221,-0.080221
20420222,-0.26867
20420223,0.4258
20420224,2.5104
20420225,0.70199
20420226,3.0311
20420227,0.29779
20420228,-3.2128
20420301,2.1008
20420302,-0.2089
20420303,0.078634
20420304,0.20561
20420305,1.6566
20420306,-0.42825
20420307,1.4454
20420308,1.7055
20420309,1.9135
20420310,0.59999
20420311,4.6429
20420312,1.7498
20420313,3.0122
20420314,3.3908
20420315,2.5468
20420316,2.2976
20420317,3.1714
20420318,2.3493
20420319,2.0061
20420320,3.0939
20420321,3.8186
20420322,4.0054
20420323,3.3023
20420324,0.87468
20420325,2.8869
20420326,5.3143
20420327,3.0661
20420328,3.7933
20420329,4.6991
20420330,5.2779
20420331,6.9951
20420401,6.1688
20420402,5.4529
20420403,4.4347
20420404,9.1919
20420405,8.3762
20420406,7.7118
20420407,7.4353
20420408,8.7261
20420409,6.7797
20420410,8.0671
20420411,8.1578
20420412,6.1076
20420413,7.6781
20420414,11.793
20420415,10.347
20420416,8.4557
20420417,10.23
20420418,9.503
20420419,6.5942
20420420,6.357
20420421,9.6867
20420422,10.296
20420423,9.6259
20420424,6.9088
20420425,8.072
20420426,6.7455
20420427,7.6827
20420428,8.4744
20420429,8.7855
20420430,9.6003
20420501,9.9006
20420502,10.787
20420503,9.4054
20420504,9.4424
20420505,7.0587
20420506,6.8179
20420507,9.8998
20420508,13.945
20420509,12.882
20420510,11.038
20420511,13.004
20420512,14.242
20420513,14.147
20420514,14.062
20420515,12.616
20420516,10.683
20420517,9.7391
20420518,13.652
20420519,16.051
20420520,17.602
20420521,16.181
20420522,15.005
20420523,15.451
20420524,15.9
20420525,11.128
20420526,9.7105
20420527,9.3111
20420528,10.579
20420529,11.922
20420530,13.782
20420531,11.824
20420601,9.9067
20420602,10.738
20420603,13.718
20420604,11.464
20420605,10.955
20420606,11.044
20420607,13.877
20420608,15.349
20420609,17.981
20420610,17.325
20420611,17.013
20420612,16.643
20420613,17.859
20420614,16.738
20420615,17.879
20420616,18.519
20420617,19.918
20420618,18.876
20420619,19.393
20420620,18.464
20420621,20.917
20420622,19.656
20420623,19.745
20420624,20.363
20420625,20.106
20420626,19.209
20420627,16.922
20420628,17.725
20420629,19.529
20420630,19.611
20420701,20.158
20420702,20.25
20420703,21.753
20420704,17.894
20420705,16.099
20420706,17.115
20420707,15.91
20420708,15.765
20420709,17.78
20420710,19.347
20420711,22.175
20420712,22.498
20420713,21.464
20420714,20.476
20420715,21.446
20420716,19.468
20420717,17.967
20420718,17.455
20420719,18.119
20420720,16.575
20420721,16.224
20420722,16.294
20420723,16.041
20420724,17.603
20420725,16.324
20420726,17.275
20420727,16.422
20420728,17.133
20420729,14.465
20420730,16.588
20420731,17.358
20420801,18.62
20420802,18.708
20420803,17.432
20420804,18.076
20420805,18.004
20420806,18.209
20420807,17.577
20420808,16.847
20420809,16.526
20420810,15.288
20420811,17.323
20420812,14.403
20420813,12.667
20420814,15.586
20420815,14.072
20420816,13.45
20420817,14.513
20420818,17.389
20420819,15.29
20420820,12.939
20420821,14.226
20420822,12.12
20420823,11.515
20420824,12.062
20420825,15.056
20420826,14.801
20420827,16.299
20420828,18.478
20420829,16.323
20420830,13.923
20420831,13.77
20420901,16.886
20420902,14.234
20420903,13.898
20420904,15.365
20420905,14.668
20420906,14.75
20420907,15.946
20420908,14.535
20420909,11.633
20420910,12.627
20420911,14.792
20420912,15.921
20420913,12.835
20420914,11.42
20420915,10.884
20420916,10.975
20420917,11.046
20420918,12.012
20420919,13.555
20420920,13.011
20420921,13.836
20420922,11.431
20420923,11.394
20420924,8.7561
20420925,8.5475
20420926,10.151
20420927,9.4019
20420928,7.6957
20420929,8.6012
20420930,8.1373
20421001,9.5086
20421002,7.0921
20421003,8.9409
20421004,10.006
20421005,9.1818
20421006,8.5326
20421007,5.9461
20421008,4.3266
20421009,5.8469
20421010,7.4936
20421011,9.9411
20421012,8.5388
20421013,7.2271
20421014,6.1278
20421015,6.7371
20421016,4.1291
20421017,6.2932
20421018,7.6477
20421019,7.4422
20421020,6.8965
20421021,3.8382
20421022,2.257
20421023,8.6816
20421024,10.156
20421025,8.1965
20421026,8.5823
20421027,5.9207
20421028,5.33
20421029,11.453
20421030,6.7453
20421031,4.8469
20421101,5.8125
20421102,13.193
20421103,7.7602
20421104,4.9593
20421105,7.1053
20421106,9.6854
20421107,10.38
20421108,5.5417
20421109,4.6694
20421110,3.8829
20421111,7.0739
20421112,10.071
20421113,9.0274
20421114,5.3075
20421115,3.2608
20421116,8.2782
20421117,3.5282
20421118,1.1086
20421119,2.304
20421120,0.80196
20421121,1.7433
20421122,2.8758
20421123,2.138
20421124,0.49844
20421125,0.68511
20421126,5.1496
20421127,1.6427
20421128,-0.25303
20421129,-0.4248
20421130,-2.1168
20421201,-2.092
20421202,-2.8728
20421203,-4.3632
20421204,-4.1485
20421205,-3.3576
20421206,-0.21986
20421207,1.5429
20421208,0.77535
20421209,1.2332
20421210,3.0943
20421211,4.9975
20421212,3.3484
20421213,1.6197
20421214,0.84425
20421215,-0.3419
20421216,-3.2203
20421217,-3.9732
20421218,-2.6872
20421219,-2.0596
20421220,-2.0888
20421221,-1.8273
20421222,4.9198
20421223,5.5391
20421224,5.8683
20421225,1.3288
20421226,0.67701
20421227,-0.804
20421228,-2.0625
20421229,-2.7043
20421230,-3.9937
20421231,0.28861
20430101,2.5547
20430102,1.8817
20430103,1.9136
20430104,4.1838
20430105,5.5292
20430106,2.6107
20430107,1.8668
20430108,8.0562
20430109,7.0095
20430110,1.504
20430111,1.4368
20430112,0.14002
20430113,0.15816
20430114,-0.78123
20430115,1.8078
20430116,-2.6227
20430117,-4.6326
20430118,-4.5612
20430119,-4.0644
20430120,-2.4365
20430121,1.1441
20430122,-2.2579
20430123,-2.5024
20430124,-3.9041
20430125,-2.9442
20430126,-1.6837
20430127,-0.88305
20430128,0.98459
20430129,-0.7446
20430130,6.3154
20430131,0.25625
20430201,-2.1649
20430202,3.0156
20430203,-0.78085
20430204,-1.5263
20430205,-1.6806
20430206,-1.7265
20430207,-0.50655
20430208,1.7199
20430209,1.9289
20430210,-0.16473
20430211,-0.99637
20430212,-1.565
20430213,3.2715
20430214,0.48883
20430215,1.5555
20430216,0.26684
20430217,-0.88594
20430218,2.1668
20430219,2.8434
20430220,1.7813
20430221,0.49083
20430222,1.9351
20430223,3.7182
20430224,1.719
20430225,1.9597
20430226,3.888
20430227,4.1896
20430228,4.0087
20430301,4.9129
20430302,4.2758
20430303,3.311
20430304,2.683
20430305,3.8684
20430306,6.2755
20430307,11.259
20430308,6.1372
20430309,4.9427
20430310,4.6924
20430311,6.0391
20430312,4.632
20430313,5.1072
20430314,7.2502
20430315,4.3166
20430316,2.3446
20430317,1.441
20430318,3.5403
20430319,4.8002
20430320,3.3881
20430321,4.1719
20430322,7.2518
20430323,6.1305
20430324,3.4135
20430325,2.5851
20430326,4.819
20430327,5.8924
20430328,2.8956
20430329,4.2257
20430330,4.7624
20430331,5.2679
20430401,5.5398
20430402,9.625
20430403,9.703
20430404,7.5075
20430405,5.1276
20430406,8.1933
20430407,5.2452
20430408,6.143
20430409,8.5314
20430410,10.209
20430411,9.4004
20430412,10.947
20430413,9.0393
20430414,9.3431
20430415,9.1478
20430416,7.8279
20430417,8.447
20430418,9.1632
20430419,8.9161
20430420,12.025
20430421,7.5639
20430422,8.543
20430423,5.7006
20430424,5.8797
20430425,8.0054
20430426,8.66
20430427,9.005
20430428,9.2558
20430429,12.923
20430430,9.0036
20430501,6.677
20430502,7.8771
20430503,9.7797
20430504,8.6855
20430505,9.6588
20430506,7.8091
20430507,5.4649
20430508,9.4577
20430509,11.284
20430510,9.0134
20430511,9.8462
20430512,9.1513
20430513,12.295
20430514,12.032
20430515,13.443
20430516,13.724
20430517,12.931
20430518,12.771
20430519,11.12
20430520,11.154
20430521,11.903
20430522,10.7
20430523,11.183
20430524,14.783
20430525,13.962
20430526,15.226
20430527,14.887
20430528,14.509
20430529,14.064
20430530,13.347
20430531,13.271
20430601,12.807
20430602,11.068
20430603,10.408
20430604,10.278
20430605,11.515
20430606,10.084
20430607,10.205
20430608,13.591
20430609,14.586
20430610,10.783
20430611,10.507
20430612,10.883
20430613,9.9289
20430614,11.413
20430615,14.551
20430616,14.218
20430617,13.522
20430618,14.69
20430619,14.408
20430620,14.98
20430621,16.008
20430622,15.376
20430623,14.456
20430624,12.985
20430625,11.882
20430626,15.776
20430627,16.341
20430628,16.301
20430629,16.979
20430630,15.857
20430701,17.411
20430702,19.045
20430703,18.695
20430704,18.524
20430705,18.783
20430706,18.626
20430707,17.824
20430708,22.196
20430709,22.496
20430710,21.957
20430711,21.474
20430712,20.397
20430713,19.946
20430714,21.158
20430715,24.816
20430716,22.8
20430717,21.685
20430718,24.507
20430719,26.545
20430720,26.328
20430721,24.939
20430722,26.272
20430723,27.266
20430724,25.025
20430725,24.519
20430726,24.779
20430727,21.631
20430728,22.759
20430729,22.415
20430730,24.093
20430731,26.93
20430801,27.457
20430802,25.403
20430803,26.03
20430804,23.356
20430805,22.047
20430806,20.385
20430807,22.942
20430808,21.119
20430809,22.728
20430810,23.332
20430811,22.129
20430812,20.679
20430813,19.532
20430814,19.834
20430815,18.019
20430816,16.919
20430817,19.99
20430818,20.12
20430819,19.737
20430820,19.858
20430821,18.496
20430822,17.066
20430823,16.878
20430824,15.543
20430825,15.19
20430826,15.008
20430827,16.246
20430828,16.817
20430829,16.762
20430830,17.239
20430831,18.331
20430901,18.923
20430902,15.926
20430903,12.645
20430904,10.811
20430905,13.701
20430906,11.639
20430907,12.782
20430908,13.65
20430909,12.583
20430910,11.397
20430911,12.954
20430912,13.42
20430913,14.923
20430914,13.134
20430915,13.555
20430916,14.08
20430917,13.955
20430918,12.388
20430919,12.598
20430920,11.869
20430921,13.332
20430922,14.647
20430923,16.676
20430924,15.372
20430925,13.956
20430926,13.434
20430927,14.565
20430928,15.732
20430929,15.8
20430930,14.629
20431001,13.508
20431002,12.279
20431003,10.531
20431004,10.297
20431005,11.657
20431006,9.887
20431007,8.522
20431008,13.689
20431009,11.355
20431010,9.7263
20431011,9.1162
20431012,8.3985
20431013,10.896
20431014,9.3071
20431015,9.1549
20431016,7.0271
20431017,5.3041
20431018,6.8017
20431019,7.5738
20431020,5.4416
20431021,9.326
20431022,12.265
20431023,14.696
20431024,12.597
20431025,14.188
20431026,14.706
20431027,13.777
20431028,13.736
20431029,12.588
20431030,7.9496
20431031,4.1306
20431101,2.2846
20431102,1.3097
20431103,-0.63368
20431104,-1.9003
20431105,0.10131
20431106,3.9233
20431107,8.1652
20431108,7.1675
20431109,5.1162
20431110,5.1584
20431111,4.2985
20431112,3.3895
20431113,0.57356
20431114,-0.21584
20431115,5.1766
20431116,0.47301
20431117,-0.97043
20431118,-2.6163
20431119,-2.4645
20431120,-1.6614
20431121,-2.9664
20431122,-3.7002
20431123,-3.1304
20431124,-0.54404
20431125,1.3429
20431126,0.96394
20431127,-0.41243
20431128,-1.7589
20431129,-1.0717
20431130,-2.1633
20431201,-3.1044
20431202,0.41562
20431203,1.4737
20431204,2.8401
20431205,5.843
20431206,3.4796
20431207,2.4653
20431208,7.3477
20431209,5.2118
20431210,6.6844
20431211,6.5053
20431212,5.0855
20431213,2.5051
20431214,3.4596
20431215,5.2398
20431216,5.0153
20431217,7.4527
20431218,7.873
20431219,2.761
20431220,1.3482
20431221,6.7184
20431222,2.2869
20431223,0.42876
20431224,-2.8335
20431225,-4.8126
20431226,-6.6445
20431227,-6.881
20431228,-5.0629
20431229,-4.2368
20431230,-4.383
20431231,0.76712
20440101,-1.6895
20440102,-3.9818
20440103,-5.2976
20440104,-6.2164
20440105,-6.0018
20440106,-3.179
20440107,-1.1186
20440108,-2.8123
20440109,-3.6637
20440110,-1.6922
20440111,-1.9037
20440112,-2.3083
20440113,-2.5715
20440114,-2.8734
20440115,3.5518
20440116,0.39598
20440117,-0.17683
20440118,1.6223
20440119,-0.5885
20440120,-1.393
20440121,-2.3118
20440122,-2.2552
20440123,-4.0411
20440124,-3.8089
20440125,-4.688
20440126,-3.0055
20440127,-0.53936
20440128,0.69519
20440129,2.6781
20440130,0.66811
20440131,0.78533
20440201,1.5755
20440202,1.5742
20440203,-0.49772
20440204,0.28133
20440205,-0.048208
20440206,4.4382
20440207,6.7
20440208,7.0059
20440209,4.9546
20440210,0.72266
20440211,1.4429
20440212,3.18
20440213,1.5269
20440214,1.0633
20440215,0.48604
20440216,2.3541
20440217,-0.080577
20440218,-0.70638
20440219,-2.1114
20440220,-2.9041
20440221,-3.411
20440222,-3.7273
20440223,-1.6161
20440224,0.22012
20440225,-1.5052
20440226,1.0852
20440227,-1.8661
20440228,-0.28944
20440229,-1.6697
20440301,0.16169
20440302,-0.24869
20440303,-1.4722
20440304,0.76701
20440305,0.45986
20440306,0.062978
20440307,0.023488
20440308,0.67174
20440309,0.95581
20440310,0.95805
20440311,0.64244
20440312,2.0296
20440313,1.6374
20440314,1.1956
20440315,0.77917
20440316,0.018077
20440317,2.6932
20440318,0.51956
20440319,1.3383
20440320,2.5539
20440321,3.9778
20440322,3.0955
20440323,2.1302
20440324,2.82
20440325,4.9237
20440326,8.1652
20440327,4.5825
20440328,1.4503
20440329,-0.64056
20440330,2.5419
20440331,1.1917
20440401,1.2731
20440402,-0.00046794
20440403,-1.7549
20440404,0.6286
20440405,2.2798
20440406,6.3058
20440407,4.7159
20440408,4.4358
20440409,6.3195
20440410,4.7627
20440411,6.6368
20440412,3.3934
20440413,7.5209
20440414,5.6347
20440415,4.979
20440416,5.8354
20440417,5.9541
20440418,5.7516
20440419,8.1955
20440420,8.0764
20440421,4.8848
20440422,2.7264
20440423,3.7002
20440424,8.1406
20440425,9.9809
20440426,11.07
20440427,9.6854
20440428,6.7622
20440429,8.4886
20440430,6.8296
20440501,8.8983
20440502,9.5405
20440503,8.9323
20440504,10.049
20440505,8.7484
20440506,8.6856
20440507,10.893
20440508,9.1325
20440509,10.69
20440510,9.9408
20440511,10.389
20440512,9.2855
20440513,11.576
20440514,10.155
20440515,7.6302
20440516,12.517
20440517,9.9004
20440518,9.8005
20440519,8.6336
20440520,7.5886
20440521,6.6705
20440522,7.6603
20440523,6.7594
20440524,7.9691
20440525,7.915
20440526,8.5751
20440527,10.135
20440528,7.7834
20440529,5.6833
20440530,6.9281
20440531,7.0459
20440601,6.8208
20440602,7.6862
20440603,8.8263
20440604,8.6354
20440605,11.208
20440606,11.369
20440607,13.529
20440608,14.256
20440609,15.487
20440610,10.23
20440611,8.5224
20440612,9.2931
20440613,11.807
20440614,12.204
20440615,11.683
20440616,8.9913
20440617,7.3653
20440618,9.0116
20440619,10.906
20440620,14.127
20440621,15.872
20440622,16.444
20440623,16.085
20440624,17.965
20440625,17.58
20440626,17.497
20440627,18.031
20440628,16.995
20440629,17.081
20440630,15.371
20440701,13.062
20440702,15.654
20440703,16.929
20440704,15.22
20440705,14.482
20440706,13.712
20440707,17.116
20440708,17.737
20440709,18.174
20440710,16.9
20440711,17.815
20440712,18.894
20440713,16.508
20440714,17.911
20440715,20.727
20440716,19.828
20440717,20.81
20440718,19.563
20440719,19.246
20440720,18.93
20440721,18.721
20440722,18.517
20440723,18.041
20440724,20.57
20440725,17.134
20440726,18.895
20440727,20.583
20440728,20.76
20440729,19.713
20440730,19.088
20440731,18.214
20440801,17.679
20440802,16.125
20440803,14.681
20440804,16.08
20440805,14.816
20440806,13.601
20440807,13.875
20440808,15.189
20440809,17.052
20440810,16.66
20440811,14.663
20440812,12.842
20440813,14.672
20440814,16.018
20440815,16.649
20440816,16.407
20440817,18.33
20440818,18.396
20440819,17.521
20440820,20.692
20440821,18.613
20440822,17.405
20440823,19.296
20440824,18.162
20440825,16.173
20440826,17.194
20440827,16.997
20440828,16.503
20440829,17.61
20440830,16.847
20440831,18.512
20440901,17.723
20440902,16.31
20440903,17.941
20440904,19.005
20440905,17.693
20440906,16.459
20440907,14.404
20440908,13.712
20440909,14.887
20440910,16.6
20440911,17.637
20440912,13.273
20440913,11.215
20440914,9.8279
20440915,13.081
20440916,9.7653
20440917,10.539
20440918,11.541
20440919,12.665
20440920,13.643
20440921,14.009
20440922,12.864
20440923,9.9634
20440924,8.7285
20440925,11.078
20440926,10.894
20440927,10.74
20440928,14.398
20440929,13.038
20440930,14.451
20441001,15.668
20441002,16.641
20441003,14.38
20441004,12.524
20441005,12.185
20441006,12.347
20441007,10.622
20441008,10.808
20441009,13.681
20441010,15.798
20441011,15.881
20441012,13.791
20441013,10.708
20441014,8.5967
20441015,9.1103
20441016,15.74
20441017,11.538
20441018,8.422
20441019,7.6514
20441020,8.2101
20441021,6.4069
20441022,8.6467
20441023,10.203
20441024,8.7114
20441025,8.998
20441026,11.471
20441027,14.219
20441028,10.873
20441029,10.567
20441030,13.261
20441031,11.965
20441101,10.959
20441102,8.2931
20441103,5.423
20441104,4.3352
20441105,5.7917
20441106,7.4494
20441107,5.836
20441108,8.4788
20441109,10.08
20441110,6.8736
20441111,6.1491
20441112,11.147
20441113,11.379
20441114,6.7476
20441115,4.612
20441116,8.0313
20441117,8.5798
20441118,10.706
20441119,14.071
20441120,10.292
20441121,9.8398
20441122,8.3166
20441123,8.3327
20441124,7.0574
20441125,6.7469
20441126,7.4859
20441127,8.7371
20441128,8.4837
20441129,6.8072
20441130,3.3356
20441201,0.10839
20441202,-0.95344
20441203,6.0667
20441204,1.315
20441205,-0.31753
20441206,-0.5543
20441207,6.9697
20441208,8.5458
20441209,1.4671
20441210,-0.19467
20441211,-0.87834
20441212,-1.1713
20441213,-2.6766
20441214,-2.1933
20441215,-1.4138
20441216,0.41788
20441217,-1.1229
20441218,1.5846
20441219,1.2804
20441220,0.71716
20441221,0.42092
20441222,0.14717
20441223,-0.021322
20441224,-0.33479
20441225,0.7265
20441226,-0.12373
20441227,-0.47255
20441228,-0.053253
20441229,0.64828
20441230,-2.3493
20441231,-4.2688
20450101,-1.2357
20450102,-3.0215
20450103,-2.4489
20450104,-5.5667
20450105,-6.7103
20450106,-1.6856
20450107,-1.7757
20450108,-1.3607
20450109,-3.2675
20450110,-0.050802
20450111,-0.30414
20450112,-1.0227
20450113,-0.22624
20450114,-1.3287
20450115,-0.69395
20450116,8.0438
20450117,2.7489
20450118,1.6661
20450119,2.0314
20450120,3.7128
20450121,1.1047
20450122,-0.60669
20450123,-0.73288
20450124,1.592
20450125,-0.22781
20450126,4.2701
20450127,4.6714
20450128,4.8031
20450129,6.9796
20450130,7.7355
20450131,6.3327
20450201,5.3309
20450202,4.8288
20450203,4.6693
20450204,3.2284
20450205,1.8577
20450206,-0.15812
20450207,2.377
20450208,0.71033
20450209,-1.5402
20450210,-1.2846
20450211,-3.3103
20450212,-1.8863
20450213,0.79272
20450214,-0.88057
20450215,-2.5503
20450216,-3.7742
20450217,-5.3748
20450218,-6.3287
20450219,-2.5411
20450220,2.7678
20450221,-0.48888
20450222,-1.7245
20450223,-1.7824
20450224,-0.26138
20450225,-0.8789
20450226,0.92825
20450227,6.429
20450228,7.0272
20450301,4.4613
20450302,2.7269
20450303,4.0412
20450304,4.6276
20450305,4.5289
20450306,1.9166
20450307,-0.023783
20450308,-2.3548
20450309,-0.46926
20450310,0.30816
20450311,-0.034302
20450312,-1.1315
20450313,-2.041
20450314,-2.408
20450315,1.4952
20450316,3.5883
20450317,1.4455
20450318,1.8663
20450319,2.3919
20450320,0.51293
20450321,-1.4923
20450322,-0.34416
20450323,-1.9049
20450324,0.28541
20450325,2.5808
20450326,2.3738
20450327,0.44958
20450328,0.50358
20450329,0.93534
20450330,2.7617
20450331,5.5579
20450401,5.4506
20450402,6.3934
20450403,9.4981
20450404,8.2586
20450405,5.4307
20450406,1.6253
20450407,1.7771
20450408,4.5226
20450409,5.1269
20450410,1.4076
20450411,2.9202
20450412,0.79325
20450413,5.2629
20450414,2.6217
20450415,2.4512
20450416,6.5944
20450417,8.6739
20450418,10.075
20450419,8.9174
20450420,9.5884
20450421,11.534
20450422,9.1215
20450423,11.351
20450424,8.8688
20450425,7.0284
20450426,7.1553
20450427,7.6776
20450428,9.3141
20450429,8.7595
20450430,8.6158
20450501,11.642
20450502,12.075
20450503,11.186
20450504,12.629
20450505,10.205
20450506,7.3042
20450507,13.054
20450508,10.232
20450509,7.578
20450510,6.7987
20450511,6.1962
20450512,7.5822
20450513,10.736
20450514,10.649
20450515,13.243
20450516,12.653
20450517,14.867
20450518,13.92
20450519,15.384
20450520,14.085
20450521,15.094
20450522,16.998
20450523,15.259
20450524,12.169
20450525,9.617
20450526,10.965
20450527,12.112
20450528,10.72
20450529,7.9601
20450530,8.435
20450531,7.5365
20450601,7.7377
20450602,9.8688
20450603,8.4888
20450604,13.701
20450605,14.229
20450606,13.439
20450607,10.969
20450608,12.284
20450609,16.01
20450610,15.342
20450611,16.783
20450612,17.158
20450613,14.717
20450614,16.071
20450615,14.172
20450616,13.924
20450617,11.829
20450618,14.486
20450619,14.048
20450620,12.868
20450621,12.418
20450622,15.96
20450623,15.882
20450624,17.599
20450625,17.553
20450626,16.236
20450627,13.325
20450628,11.094
20450629,14.38
20450630,12.892
20450701,12.096
20450702,12.752
20450703,11.993
20450704,16.055
20450705,15.985
20450706,16.269
20450707,17.158
20450708,17.765
20450709,18.211
20450710,15.251
20450711,13.497
20450712,15.093
20450713,15.115
20450714,16.764
20450715,16.195
20450716,17.174
20450717,16.261
20450718,16.498
20450719,17.203
20450720,18.45
20450721,16.14
20450722,14.051
20450723,13.527
20450724,14.36
20450725,13.067
20450726,16.067
20450727,16.194
20450728,13.952
20450729,13.545
20450730,15.436
20450731,14.718
20450801,15.007
20450802,13.742
20450803,17.111
20450804,15.413
20450805,17.744
20450806,19.333
20450807,17.319
20450808,14.143
20450809,14.143
20450810,15.53
20450811,12.761
20450812,14.917
20450813,13.226
20450814,12.221
20450815,18.009
20450816,15.781
20450817,15.739
20450818,15.29
20450819,14.049
20450820,13.289
20450821,13.521
20450822,15.167
20450823,16.99
20450824,16.759
20450825,16.203
20450826,16.812
20450827,14.491
20450828,14.595
20450829,14.334
20450830,15.341
20450831,12.483
20450901,12.354
20450902,13.066
20450903,15.433
20450904,14.73
20450905,11.829
20450906,11.546
20450907,12.506
20450908,11.621
20450909,12.014
20450910,12.586
20450911,13.248
20450912,13.155
20450913,12.295
20450914,12.052
20450915,12.194
20450916,12.61
20450917,13.325
20450918,12.399
20450919,12.667
20450920,14.158
20450921,17.662
20450922,19
20450923,16.704
20450924,13.924
20450925,15.356
20450926,14.08
20450927,14.108
20450928,17.738
20450929,18.535
20450930,15.974
20451001,13.983
20451002,12.301
20451003,11.88
20451004,17.238
20451005,16.389
20451006,16.005
20451007,15.129
20451008,16.376
20451009,13.02
20451010,9.0105
20451011,7.6756
20451012,10.579
20451013,14.065
20451014,14.954
20451015,15.246
20451016,14.714
20451017,9.0617
20451018,7.2812
20451019,9.1698
20451020,8.175
20451021,5.9394
20451022,5.8527
20451023,8.031
20451024,9.4777
20451025,7.4194
20451026,8.784
20451027,6.4547
20451028,5.3646
20451029,3.9368
20451030,8.2834
20451031,6.9164
20451101,5.2755
20451102,5.4369
20451103,6.0199
20451104,3.835
20451105,2.3154
20451106,1.0243
20451107,-0.1495
20451108,0.46366
20451109,1.1074
20451110,2.908
20451111,6.0708
20451112,7.5267
20451113,7.5364
20451114,3.9267
20451115,2.2595
20451116,3.8959
20451117,3.7735
20451118,2.4409
20451119,2.0128
20451120,10.325
20451121,11.753
20451122,8.8776
20451123,4.1463
20451124,4.0561
20451125,2.1423
20451126,2.0031
20451127,2.133
20451128,0.63078
20451129,1.6669
20451130,0.58911
20451201,4.8286
20451202,6.1024
20451203,4.1725
20451204,1.5867
20451205,-0.1202
20451206,0.64468
20451207,6.1652
20451208,2.828
20451209,0.46003
20451210,0.39151
20451211,-1.5953
20451212,2.22
20451213,1.064
20451214,1.2573
20451215,2.1593
20451216,0.45952
20451217,-0.20033
20451218,-1.365
20451219,-1.5512
20451220,-0.36781
20451221,0.18895
20451222,-1.9011
20451223,3.1938
20451224,-0.75526
20451225,-2.1715
20451226,-0.04302
20451227,2.0454
20451228,-0.57965
20451229,-0.12788
20451230,0.44691
20451231,0.1431
20460101,1.6727
20460102,2.3251
20460103,1.3582
20460104,0.64232
20460105,-0.72293
20460106,-0.97259
20460107,2.6025
20460108,-0.60134
20460109,-2.3886
20460110,-1.5215
20460111,-3.3741
20460112,-1.4303
20460113,3.2335
20460114,1.3136
20460115,3.1495
20460116,2.1541
20460117,1.9232
20460118,4.3075
20460119,6.3253
20460120,4.0862
20460121,3.4645
20460122,3.8377
20460123,2.0076
20460124,-0.46381
20460125,-1.4491
20460126,-0.36328
20460127,0.75236
20460128,0.28304
20460129,5.2111
20460130,3.4184
20460131,2.7296
20460201,-0.30077
20460202,-1.6557
20460203,-1.6911
20460204,-3.7406
20460205,-2.2832
20460206,-2.419
20460207,-4.2768
20460208,-2.4168
20460209,-1.6481
20460210,-2.6675
20460211,-4.6665
20460212,-1.7785
20460213,4.8943
20460214,-0.3068
20460215,-1.4102
20460216,1.1813
20460217,1.0989
20460218,0.76363
20460219,7.9608
20460220,2.1481
20460221,-0.84331
20460222,0.60801
20460223,2.3984
20460224,2.9842
20460225,4.486
20460226,3.082
20460227,0.29922
20460228,-0.70876
20460301,-1.3475
20460302,-0.96206
20460303,-2.8326
20460304,5.0863e-05
20460305,0.51188
20460306,-1.2201
20460307,-2.6388
20460308,-1.9199
20460309,-0.80813
20460310,0.43585
20460311,0.80455
20460312,-0.04129
20460313,2.4986
20460314,2.1798
20460315,3.5459
20460316,-0.35083
20460317,0.61831
20460318,2.4943
20460319,2.6937
20460320,3.0315
20460321,2.9437
20460322,5.6939
20460323,1.6573
20460324,-0.54118
20460325,1.3647
20460326,4.0426
20460327,3.1332
20460328,0.80705
20460329,1.0424
20460330,3.1708
20460331,3.9032
20460401,4.2486
20460402,5.3257
20460403,6.179
20460404,6.6741
20460405,6.1041
20460406,7.0253
20460407,5.8141
20460408,1.8543
20460409,5.1839
20460410,5.2396
20460411,6.5394
20460412,6.8537
20460413,5.9945
20460414,4.2729
20460415,7.618
20460416,7.5122
20460417,7.123
20460418,7.9288
20460419,8.9746
20460420,7.7608
20460421,7.1936
20460422,6.2311
20460423,5.6004
20460424,7.7472
20460425,7.8096
20460426,7.8956
20460427,5.8234
20460428,5.2822
20460429,3.2464
20460430,6.125
20460501,8.9673
20460502,11.821
20460503,12.987
20460504,12.514
20460505,10.674
20460506,8.3665
20460507,5.6478
20460508,7.953
20460509,11.21
20460510,9.7581
20460511,7.0513
20460512,5.3919
20460513,7.7033
20460514,6.7309
20460515,5.3385
20460516,8.0471
20460517,9.5793
20460518,6.914
20460519,5.3137
20460520,8.8522
20460521,6.7156
20460522,9.4756
20460523,11.924
20460524,11.442
20460525,11.57
20460526,13.714
20460527,10.745
20460528,11.54
20460529,14.244
20460530,10.43
20460531,7.9686
20460601,9.5217
20460602,12.416
20460603,12.535
20460604,13.397
20460605,13.12
20460606,13.39
20460607,14.772
20460608,13.851
20460609,14.748
20460610,12.952
20460611,12.274
20460612,14.741
20460613,14.753
20460614,15.623
20460615,15.286
20460616,15.513
20460617,14.975
20460618,15.414
20460619,14.688
20460620,16.172
20460621,16.645
20460622,15.804
20460623,13.143
20460624,12.593
20460625,13.955
20460626,12.109
20460627,12.147
20460628,14.113
20460629,17.211
20460630,16.256
20460701,15.543
20460702,12.828
20460703,15.935
20460704,14.843
20460705,16.714
20460706,15.93
20460707,22.013
20460708,21.737
20460709,23.9
20460710,22.363
20460711,20.537
20460712,19.786
20460713,15.81
20460714,13.615
20460715,12.047
20460716,15.038
20460717,14.986
20460718,13.286
20460719,15.301
20460720,14.509
20460721,13.687
20460722,14.647
20460723,18.569
20460724,16.434
20460725,19.303
20460726,22.183
20460727,20.65
20460728,20.241
20460729,20.087
20460730,19.52
20460731,19.643
20460801,18.751
20460802,16.585
20460803,17.07
20460804,16.621
20460805,16.053
20460806,14.761
20460807,17.09
20460808,18.498
20460809,20.054
20460810,21.482
20460811,20.453
20460812,18.304
20460813,18.349
20460814,15.942
20460815,14.849
20460816,17.898
20460817,18.68
20460818,15.777
20460819,15.7
20460820,17.111
20460821,18.738
20460822,19.61
20460823,18.629
20460824,19.329
20460825,21.541
20460826,18.306
20460827,18.241
20460828,17.595
20460829,17.566
20460830,17.42
20460831,18.388
20460901,18.978
20460902,17.37
20460903,16.939
20460904,16.061
20460905,13.242
20460906,11.256
20460907,15.769
20460908,16.038
20460909,15.76
20460910,18.073
20460911,14.247
20460912,11.101
20460913,10.467
20460914,15.43
20460915,16.323
20460916,14.942
20460917,14.503
20460918,11.897
20460919,10.534
20460920,10.367
20460921,12.932
20460922,12.598
20460923,10.193
20460924,11.666
20460925,9.6268
20460926,8.0228
20460927,9.0203
20460928,14.334
20460929,11.536
20460930,9.9927
20461001,10.086
20461002,13.559
20461003,11.992
20461004,11.994
20461005,11.921
20461006,13.736
20461007,12.427
20461008,13.396
20461009,11.963
20461010,12.092
20461011,12.556
20461012,10.466
20461013,8.3929
20461014,10.01
20461015,8.0118
20461016,7.89
20461017,8.018
20461018,7.2114
20461019,9.3742
20461020,12.784
20461021,9.338
20461022,9.0437
20461023,8.8575
20461024,10.36
20461025,11.389
20461026,13.227
20461027,11.973
20461028,8.7257
20461029,6.4596
20461030,4.4917
20461031,3.3014
20461101,3.8296
20461102,3.1588
20461103,4.6036
20461104,10.379
20461105,10.801
20461106,5.9616
20461107,4.2272
20461108,5.166
20461109,9.7754
20461110,7.3073
20461111,5.5823
20461112,6.1601
20461113,11.269
20461114,4.1781
20461115,0.54021
20461116,-0.81577
20461117,0.4867
20461118,-0.15749
20461119,6.7369
20461120,3.8042
20461121,2.2701
20461122,2.2687
20461123,2.7093
20461124,2.7689
20461125,2.181
20461126,9.9574
20461127,6.5875
20461128,8.5617
20461129,3.8656
20461130,1.6599
20461201,0.74097
20461202,-1.4389
20461203,-2.284
20461204,-3.759
20461205,-1.2309
20461206,-0.48554
20461207,-2.0637
20461208,-0.60144
20461209,1.4352
20461210,2.5634
20461211,7.6335
20461212,6.0134
20461213,3.5278
20461214,1.1362
20461215,0.98082
20461216,1.7703
20461217,5.4217
20461218,3.7136
20461219,2.0892
20461220,1.9177
20461221,4.29
20461222,3.8614
20461223,1.2385
20461224,-0.52456
20461225,-0.087596
20461226,3.0206
20461227,0.4884
20461228,-0.78869
20461229,-1.4106
20461230,0.27621
20461231,3.5174
20470101,3.8221
20470102,2.5806
20470103,2.0459
20470104,0.1665
20470105,-0.41177
20470106,-1.7261
20470107,-2.017
20470108,3.3696
20470109,2.4796
20470110,3.3281
20470111,4.9857
20470112,4.5167
20470113,2.9318
20470114,0.55157
20470115,-1.4832
20470116,-0.13187
20470117,6.5034
20470118,7.8514
20470119,1.6284
20470120,4.0902
20470121,4.5486
20470122,-1.2647
20470123,-2.4958
20470124,-4.378
20470125,-6.006
20470126,-4.0197
20470127,0.20762
20470128,0.96241
20470129,-1.2175
20470130,0.93642
20470131,-0.45284
20470201,0.24325
20470202,2.9197
20470203,1.2391
20470204,8.1985
20470205,3.8938
20470206,-0.68449
20470207,-1.6216
20470208,1.401
20470209,2.9929
20470210,0.45019
20470211,1.3616
20470212,1.7556
20470213,3.8079
20470214,4.2592
20470215,4.4278
20470216,2.7382
20470217,3.8717
20470218,7.472
20470219,5.3919
20470220,6.6402
20470221,3.5392
20470222,0.88367
20470223,0.086029
20470224,1.3425
20470225,-1.0025
20470226,0.24111
20470227,-0.19886
20470228,-0.13491
20470301,0.60354
20470302,4.0958
20470303,1.042
20470304,1.9061
20470305,2.9319
20470306,2.8812
20470307,3.1953
20470308,1.8982
20470309,7.0747
20470310,6.8065
20470311,5.641
20470312,3.8175
20470313,3.9455
20470314,2.4218
20470315,2.2286
20470316,4.671
20470317,4.12
20470318,2.0386
20470319,4.905
20470320,8.2461
20470321,5.8496
20470322,5.4878
20470323,1.6189
20470324,2.3752
20470325,1.9049
20470326,-0.73392
20470327,1.416
20470328,0.89335
20470329,-0.081309
20470330,3.9871
20470331,1.3731
20470401,4.971
20470402,5.0612
20470403,5.9865
20470404,4.8213
20470405,5.5693
20470406,4.1613
20470407,3.2383
20470408,1.5746
20470409,2.4599
20470410,7.5443
20470411,7.4213
20470412,4.6601
20470413,5.0486
20470414,5.8924
20470415,9.3093
20470416,10.348
20470417,9.0685
20470418,7.4503
20470419,6.0819
20470420,6.5113
20470421,7.4849
20470422,7.2272
20470423,8.094
20470424,11.732
20470425,8.7028
20470426,8.5446
20470427,10.097
20470428,9.813
20470429,7.5705
20470430,7.0925
20470501,4.7125
20470502,5.3265
20470503,6.5542
20470504,6.0244
20470505,5.9595
20470506,11.201
20470507,7.3688
20470508,5.4957
20470509,4.8737
20470510,6.9081
20470511,3.9845
20470512,7.7998
20470513,6.5743
20470514,4.6931
20470515,6.0207
20470516,6.0043
20470517,6.1369
20470518,10.108
20470519,10.07
20470520,9.9414
20470521,11.8
20470522,10.845
20470523,11.085
20470524,11.726
20470525,13.394
20470526,10.062
20470527,8.0392
20470528,7.0237
20470529,11.134
20470530,13.805
20470531,14.119
20470601,14.067
20470602,15.094
20470603,12.372
20470604,13.011
20470605,12.346
20470606,13.88
20470607,14.347
20470608,15.824
20470609,15.039
20470610,14.12
20470611,16.154
20470612,15.031
20470613,17.165
20470614,16.422
20470615,14.574
20470616,13.868
20470617,15.612
20470618,15.003
20470619,14.727
20470620,12.329
20470621,12.109
20470622,13.116
20470623,12.615
20470624,11.783
20470625,12.715
20470626,13.725
20470627,15.869
20470628,12.666
20470629,12.163
20470630,11.116
20470701,15.506
20470702,17.735
20470703,15.92
20470704,15.356
20470705,16.914
20470706,18.69
20470707,19.587
20470708,17.349
20470709,17.046
20470710,18.263
20470711,17.618
20470712,18.031
20470713,17.176
20470714,16.049
20470715,16.706
20470716,18.771
20470717,19.171
20470718,19.268
20470719,18.607
20470720,16.896
20470721,16.271
20470722,18.706
20470723,19.878
20470724,17.536
20470725,17.14
20470726,18.105
20470727,18.257
20470728,19.191
20470729,18.199
20470730,17.626
20470731,16.667
20470801,16.955
20470802,17.124
20470803,18.276
20470804,18.358
20470805,19.173
20470806,17.82
20470807,19.159
20470808,18.294
20470809,21.693
20470810,19.675
20470811,20.296
20470812,17.536
20470813,16.382
20470814,16.131
20470815,19.347
20470816,18.002
20470817,18.823
20470818,18.628
20470819,20.803
20470820,18.118
20470821,16.826
20470822,16.75
20470823,17.806
20470824,17.64
20470825,17.607
20470826,17.893
20470827,19.37
20470828,18.211
20470829,16.968
20470830,16.411
20470831,17.635
20470901,17.019
20470902,17.188
20470903,14.585
20470904,12.607
20470905,11.786
20470906,11.676
20470907,10.978
20470908,12.993
20470909,12.972
20470910,15.282
20470911,17.818
20470912,11.864
20470913,10.109
20470914,11.49
20470915,9.2667
20470916,11.587
20470917,14.658
20470918,13.664
20470919,12.952
20470920,12.541
20470921,9.8354
20470922,10.39
20470923,12.118
20470924,10.061
20470925,12.352
20470926,10.891
20470927,10.539
20470928,13.017
20470929,18.197
20470930,14.218
20471001,13.065
20471002,12.744
20471003,12.067
20471004,12.584
20471005,12.48
20471006,8.7376
20471007,6.9545
20471008,9.116
20471009,8.6468
20471010,6.3977
20471011,8.8669
20471012,7.7421
20471013,6.4881
20471014,5.538
20471015,5.3368
20471016,4.0139
20471017,11.538
20471018,11.686
20471019,12.2
20471020,8.5658
20471021,6.4391
20471022,6.3836
20471023,11.749
20471024,10.91
20471025,9.9893
20471026,13.33
20471027,15.11
20471028,16.018
20471029,12.824
20471030,11.101
20471031,12.873
20471101,7.5222
20471102,5.8808
20471103,9.6313
20471104,13.672
20471105,9.1564
20471106,7.1116
20471107,5.4895
20471108,6.2115
20471109,4.2255
20471110,2.1536
20471111,3.8977
20471112,4.0487
20471113,4.0836
20471114,2.0151
20471115,0.69295
20471116,0.82776
20471117,1.3553
20471118,2.2064
20471119,1.1017
20471120,2.0755
20471121,0.1016
20471122,1.8132
20471123,2.6436
20471124,2.1558
20471125,2.0399
20471126,2.0228
20471127,1.5174
20471128,3.2858
20471129,0.24292
20471130,1.6816
20471201,1.6683
20471202,0.3689
20471203,4.5284
20471204,2.103
20471205,2.0011
20471206,3.7361
20471207,2.4878
20471208,4.7327
20471209,4.1207
20471210,2.4837
20471211,1.2963
20471212,-0.7803
20471213,-0.91804
20471214,0.7061
20471215,8.6639
20471216,10.441
20471217,5.1442
20471218,3.3443
20471219,9.8233
20471220,3.06
20471221,0.81494
20471222,-0.82865
20471223,3.199
20471224,3.0074
20471225,2.392
20471226,3.6842
20471227,4.2555
20471228,5.9896
20471229,4.1693
20471230,2.63
20471231,1.6893
20480101,3.7715
20480102,1.5118
20480103,0.88881
20480104,0.41311
20480105,3.308
20480106,5.1735
20480107,0.70574
20480108,3.4802
20480109,4.0963
20480110,1.4672
20480111,1.7102
20480112,0.5892
20480113,0.91808
20480114,-0.021322
20480115,0.23747
20480116,-1.2721
20480117,-1.8174
20480118,-1.9616
20480119,-1.6354
20480120,0.70138
20480121,-0.72908
20480122,-1.6046
20480123,1.3313
20480124,-1.4129
20480125,-2.9947
20480126,-0.18712
20480127,5.0729
20480128,1.3454
20480129,-2.5547
20480130,-4.7925
20480131,-5.78
20480201,-4.3246
20480202,-4.8656
20480203,-4.6669
20480204,-6.0197
20480205,-7.639
20480206,-6.9185
20480207,-5.5821
20480208,-4.8107
20480209,-4.7117
20480210,-4.9322
20480211,-3.6593
20480212,1.8337
20480213,2.6874
20480214,6.4179
20480215,1.9849
20480216,0.28683
20480217,2.0071
20480218,0.24705
20480219,-3.2549
20480220,-5.0012
20480221,-5.2436
20480222,-3.2194
20480223,-3.5683
20480224,4.7182
20480225,8.9753
20480226,7.0278
20480227,8.0347
20480228,6.2208
20480229,4.2579
20480301,4.1047
20480302,4.9918
20480303,6.7302
20480304,5.6597
20480305,4.9914
20480306,4.8828
20480307,7.0428
20480308,4.771
20480309,4.428
20480310,7.6021
20480311,5.2257
20480312,1.767
20480313,1.4387
20480314,2.2877
20480315,-0.060201
20480316,3.2245
20480317,6.0484
20480318,2.9253
20480319,0.63728
20480320,3.6848
20480321,6.38
20480322,5.896
20480323,7.8564
20480324,9.7962
20480325,9.8984
20480326,7.2822
20480327,4.1822
20480328,8.2627
20480329,6.2624
20480330,4.2068
20480331,6.4996
20480401,8.5836
20480402,6.6107
20480403,7.2394
20480404,4.3238
20480405,2.6054
20480406,0.22927
20480407,0.97358
20480408,3.6148
20480409,2.301
20480410,4.9267
20480411,3.1525
20480412,3.9681
20480413,3.683
20480414,8.8055
20480415,6.6041
20480416,7.8948
20480417,6.7034
20480418,4.0713
20480419,8.0065
20480420,8.0441
20480421,6.7558
20480422,9.6487
20480423,10.622
20480424,11.606
20480425,12.129
20480426,11.606
20480427,9.9537
20480428,7.9464
20480429,9.7878
20480430,9.001
20480501,6.5478
20480502,7.9494
20480503,11.6
20480504,9.7108
20480505,11.38
20480506,11.33
20480507,9.1172
20480508,8.1941
20480509,7.6462
20480510,9.53
20480511,10.389
20480512,7.014
20480513,12.444
20480514,10.53
20480515,14.006
20480516,10.991
20480517,8.4029
20480518,9.8145
20480519,12.469
20480520,10.515
20480521,9.693
20480522,11.246
20480523,11.772
20480524,7.4378
20480525,5.3241
20480526,8.9135
20480527,11.528
20480528,8.6065
20480529,6.9367
20480530,8.9507
20480531,13.598
20480601,10.31
20480602,10.143
20480603,8.7476
20480604,8.926
20480605,10.218
20480606,9.6427
20480607,11.631
20480608,14.15
20480609,14.701
20480610,16.324
20480611,15.04
20480612,13.559
20480613,14.317
20480614,15.163
20480615,12.986
20480616,12.305
20480617,12.417
20480618,13.878
20480619,14.805
20480620,11.84
20480621,10.158
20480622,12.408
20480623,15.613
20480624,12.713
20480625,11.404
20480626,13.277
20480627,15.545
20480628,14.988
20480629,15.072
20480630,13.703
20480701,14.246
20480702,13.993
20480703,14.329
20480704,16.285
20480705,18.682
20480706,17.981
20480707,17.847
20480708,17.774
20480709,18.622
20480710,19.532
20480711,19.182
20480712,19.301
20480713,18.163
20480714,19.486
20480715,17.456
20480716,17.164
20480717,18.277
20480718,17.948
20480719,17.748
20480720,19.132
20480721,19.209
20480722,17.996
20480723,17.884
20480724,18.394
20480725,18.383
20480726,19.652
20480727,20.529
20480728,20.235
20480729,17.581
20480730,16.105
20480731,14.341
20480801,14.324
20480802,17.119
20480803,15.781
20480804,14.971
20480805,16.566
20480806,18.035
20480807,15.937
20480808,17.306
20480809,17.676
20480810,18.211
20480811,18.432
20480812,18.524
20480813,19.185
20480814,17.849
20480815,15.505
20480816,16.554
20480817,18.19
20480818,19.021
20480819,16.202
20480820,13.329
20480821,12.479
20480822,14.247
20480823,13.52
20480824,15.551
20480825,15.51
20480826,17.047
20480827,17.5
20480828,15.314
20480829,12.84
20480830,15.854
20480831,14.059
20480901,15.113
20480902,15.294
20480903,15.339
20480904,14.007
20480905,15.165
20480906,16.934
20480907,14.199
20480908,16.072
20480909,16.467
20480910,14.993
20480911,11.951
20480912,14.637
20480913,16.255
20480914,15.003
20480915,13.605
20480916,13.992
20480917,11.682
20480918,12.437
20480919,14.038
20480920,12.268
20480921,13.148
20480922,13
20480923,13.714
20480924,13.498
20480925,14.204
20480926,16.498
20480927,15.323
20480928,13.898
20480929,12.884
20480930,12.735
20481001,14.438
20481002,14.256
20481003,12.343
20481004,13.974
20481005,14.119
20481006,14.792
20481007,14.203
20481008,12.947
20481009,10.265
20481010,9.2419
20481011,8.8435
20481012,12.459
20481013,9.093
20481014,7.5721
20481015,8.2496
20481016,8.67
20481017,5.6402
20481018,4.7451
20481019,4.4964
20481020,6.4813
20481021,11.874
20481022,7.7839
20481023,5.9487
20481024,7.9772
20481025,7.0729
20481026,10.279
20481027,13.639
20481028,8.8654
20481029,8.1989
20481030,7.6432
20481031,10.586
20481101,9.5346
20481102,10.601
20481103,11.007
20481104,8.9913
20481105,5.7396
20481106,11.038
20481107,8.1683
20481108,6.4447
20481109,12.75
20481110,7.652
20481111,5.7212
20481112,4.4515
20481113,2.1957
20481114,0.15026
20481115,-0.60394
20481116,0.66779
20481117,1.187
20481118,3.5001
20481119,1.7543
20481120,1.4289
20481121,5.1266
20481122,3.958
20481123,7.8696
20481124,5.9537
20481125,4.8391
20481126,0.73166
20481127,-1.3101
20481128,-0.18839
20481129,1.2601
20481130,4.9836
20481201,4.0479
20481202,2.4032
20481203,1.1554
20481204,1.4024
20481205,6.7938
20481206,4.3211
20481207,1.0484
20481208,1.1614
20481209,-0.39717
20481210,-1.5956
20481211,-3.172
20481212,-3.0049
20481213,-3.6856
20481214,-3.7647
20481215,-1.311
20481216,-1.2194
20481217,0.22389
20481218,-1.0677
20481219,-0.58986
20481220,2.9237
20481221,3.531
20481222,4.1075
20481223,2.899
20481224,3.9583
20481225,9.9005
20481226,6.9281
20481227,1.2755
20481228,-0.92923
20481229,3.0022
20481230,4.3422
20481231,3.7502
20490101,5.5267
20490102,6.4086
20490103,2.82
20490104,-0.038025
20490105,4.6746
20490106,1.6598
20490107,-0.053304
20490108,6.5644
20490109,1.2102
20490110,-2.1063
20490111,-4.2992
20490112,-1.5888
20490113,6.5977
20490114,1.6389
20490115,-0.34844
20490116,-0.49451
20490117,-0.21808
20490118,-1.164
20490119,3.2303
20490120,6.849
20490121,4.1349
20490122,1.2683
20490123,4.6815
20490124,2.5288
20490125,5.3495
20490126,4.2371
20490127,1.9852
20490128,1.0631
20490129,-0.22986
20490130,4.2148
20490131,1.3627
20490201,3.076
20490202,7.4681
20490203,1.4642
20490204,-0.9608
20490205,1.5082
20490206,3.3724
20490207,5.5782
20490208,-0.22418
20490209,-0.70574
20490210,3.7209
20490211,3.2827
20490212,1.1683
20490213,0.30675
20490214,1.02
20490215,4.4788
20490216,2.4682
20490217,1.3665
20490218,3.1021
20490219,5.5422
20490220,1.6053
20490221,0.012054
20490222,5.8624
20490223,3.5764
20490224,4.2735
20490225,1.4325
20490226,-0.68214
20490227,-1.2094
20490228,0.15918
20490301,2.3069
20490302,0.774
20490303,0.50205
20490304,1.7003
20490305,0.063609
20490306,-1.2943
20490307,-0.61087
20490308,-0.19453
20490309,2.5768
20490310,2.3252
20490311,1.0502
20490312,2.1259
20490313,2.1574
20490314,2.6865
20490315,0.21196
20490316,1.4066
20490317,2.1873
20490318,0.34449
20490319,2.0314
20490320,2.4353
20490321,1.8768
20490322,8.4782
20490323,9.5574
20490324,4.6299
20490325,3.7823
20490326,3.7436
20490327,7.7714
20490328,8.0072
20490329,5.7897
20490330,2.7233
20490331,4.0495
20490401,3.3852
20490402,3.0542
20490403,4.7145
20490404,6.5888
20490405,6.3419
20490406,6.2958
20490407,6.7605
20490408,8.9712
20490409,8.6684
20490410,6.8759
20490411,8.1243
20490412,8.0072
20490413,11.609
20490414,8.4637
20490415,7.8447
20490416,9.4721
20490417,8.5944
20490418,10.726
20490419,11.338
20490420,11.188
20490421,7.1097
20490422,7.6003
20490423,9.0158
20490424,9.031
20490425,6.8627
20490426,12.02
20490427,12.532
20490428,10.903
20490429,12.207
20490430,9.1325
20490501,9.0661
20490502,8.5758
20490503,11.504
20490504,7.8449
20490505,6.21
20490506,8.5052
20490507,8.0037
20490508,9.7143
20490509,11.65
20490510,10.683
20490511,12.16
20490512,12.655
20490513,13.199
20490514,13.56
20490515,12.649
20490516,10.085
20490517,10.14
20490518,11.649
20490519,10.627
20490520,12.168
20490521,11.805
20490522,11.118
20490523,9.873
20490524,11.64
20490525,11.581
20490526,11.13
20490527,10.715
20490528,12.763
20490529,11.203
20490530,10.527
20490531,11.126
20490601,11.929
20490602,13.2
20490603,16.56
20490604,14.273
20490605,11.866
20490606,13.164
20490607,14.718
20490608,14.565
20490609,14.961
20490610,14.917
20490611,14.997
20490612,15.354
20490613,14.465
20490614,14.581
20490615,14.465
20490616,11.869
20490617,12.099
20490618,13.867
20490619,12.699
20490620,14.443
20490621,17.512
20490622,16.577
20490623,19.935
20490624,21.094
20490625,20.574
20490626,21.933
20490627,21.858
20490628,21.325
20490629,20.353
20490630,19.649
20490701,17.893
20490702,17.579
20490703,19.03
20490704,20.488
20490705,19.916
20490706,19.322
20490707,19.759
20490708,17.752
20490709,17.163
20490710,16.512
20490711,15.861
20490712,15.961
20490713,16.902
20490714,17.043
20490715,19.482
20490716,21.54
20490717,19.836
20490718,21.02
20490719,20.313
20490720,19.09
20490721,19.659
20490722,21.247
20490723,22.227
20490724,23.116
20490725,22.005
20490726,21.597
20490727,21.067
20490728,19.884
20490729,19.868
20490730,19.212
20490731,16.605
20490801,16.718
20490802,15.065
20490803,12.927
20490804,16.02
20490805,18.958
20490806,19.184
20490807,18.081
20490808,18.202
20490809,20.096
20490810,16.353
20490811,15.054
20490812,15.295
20490813,18.053
20490814,20.617
20490815,21.82
20490816,18.319
20490817,14.505
20490818,15.43
20490819,19.433
20490820,15.35
20490821,13.402
20490822,14.367
20490823,15.012
20490824,17.775
20490825,18.464
20490826,16.651
20490827,15.819
20490828,16.23
20490829,16.068
20490830,16.543
20490831,16.773
20490901,17.775
20490902,16.885
20490903,17.97
20490904,16.536
20490905,16.542
20490906,16.098
20490907,14.874
20490908,13.388
20490909,11.857
20490910,12.25
20490911,11.705
20490912,13.239
20490913,13.649
20490914,15.065
20490915,16.105
20490916,15.595
20490917,18.654
20490918,17.462
20490919,18.52
20490920,13.078
20490921,11.6
20490922,11.602
20490923,11.136
20490924,11.398
20490925,13.305
20490926,14.139
20490927,12.614
20490928,13.123
20490929,14.446
20490930,12.37
20491001,9.4152
20491002,8.5866
20491003,7.4531
20491004,8.2516
20491005,7.2663
20491006,9.3452
20491007,8.0291
20491008,9.2903
20491009,12.147
20491010,15.142
20491011,17.222
20491012,17.009
20491013,13.658
20491014,12.433
20491015,11.878
20491016,13.306
20491017,10.269
20491018,8.2495
20491019,7.4997
20491020,5.7953
20491021,9.4171
20491022,8.2988
20491023,5.407
20491024,4.0447
20491025,10.604
20491026,7.802
20491027,6.5526
20491028,13.467
20491029,14.024
20491030,9.3235
20491031,7.4616
20491101,12.02
20491102,11.719
20491103,9.7681
20491104,8.8717
20491105,9.2808
20491106,8.8189
20491107,10.521
20491108,10.085
20491109,6.5692
20491110,2.3937
20491111,0.72891
20491112,2.2218
20491113,7.4477
20491114,8.5144
20491115,4.6816
20491116,2.6115
20491117,0.52489
20491118,-0.15918
20491119,-0.78422
20491120,-0.48534
20491121,-0.29224
20491122,1.5558
20491123,2.2085
20491124,2.1636
20491125,1.7652
20491126,3.7577
20491127,2.6732
20491128,1.3407
20491129,0.98835
20491130,0.25958
20491201,0.38138
20491202,-0.38959
20491203,-0.50126
20491204,-1.3558
20491205,0.39383
20491206,-0.45261
20491207,-1.2008
20491208,3.9097
20491209,7.9246
20491210,8.1838
20491211,8.4015
20491212,8.1822
20491213,5.1252
20491214,3.7646
20491215,1.9736
20491216,3.6194
20491217,0.039886
20491218,1.2304
20491219,2.0302
20491220,2.1899
20491221,5.3122
20491222,7.9687
20491223,1.7114
20491224,-1.4182
20491225,-2.6721
20491226,-0.29317
20491227,-2.0411
20491228,-1.9328
20491229,-4.2698
20491230,-3.879
20491231,-1.8276
20500101,-0.63157
20500102,2.464
20500103,-2.0021
20500104,-4.3011
20500105,-5.474
20500106,-5.9278
20500107,-6.1936
20500108,-6.2322
20500109,-1.2607
20500110,-1.7687
20500111,2.1014
20500112,-0.47866
20500113,-1.6183
20500114,-3.6999
20500115,-4.4112
20500116,-0.77633
20500117,-1.0025
20500118,1.6781
20500119,4.7161
20500120,3.4783
20500121,0.64933
20500122,0.88472
20500123,7.9739
20500124,1.9319
20500125,1.0922
20500126,6.8838
20500127,7.716
20500128,6.2063
20500129,1.9332
20500130,3.8779
20500131,3.0611
20500201,3.3175
20500202,0.9856
20500203,-0.56519
20500204,-1.8366
20500205,3.3648
20500206,2.5456
20500207,1.7745
20500208,3.9824
20500209,-0.13342
20500210,-0.29976
20500211,1.1907
20500212,1.8719
20500213,-0.42925
20500214,0.6373
20500215,1.0973
20500216,3.6283
20500217,-0.18706
20500218,-1.7867
20500219,-1.2678
20500220,-0.71394
20500221,-0.34378
20500222,0.4734
20500223,1.4979
20500224,1.914
20500225,2.7617
20500226,3.7607
20500227,4.4488
20500228,4.9227
20500301,4.7203
20500302,5.574
20500303,1.7907
20500304,2.1091
20500305,2.6487
20500306,3.1594
20500307,2.9401
20500308,3.4643
20500309,4.245
20500310,8.3347
20500311,4.1081
20500312,2.3727
20500313,1.8331
20500314,3.049
20500315,3.0556
20500316,3.0107
20500317,1.8937
20500318,2.473
20500319,5.7205
20500320,7.3396
20500321,4.76
20500322,2.3732
20500323,0.93557
20500324,7.13
20500325,4.0295
20500326,3.0467
20500327,4.6596
20500328,6.4698
20500329,6.9217
20500330,4.1289
20500331,6.7193
20500401,7.338
20500402,5.597
20500403,4.8638
20500404,6.524
20500405,6.1868
20500406,5.5392
20500407,8.0707
20500408,8.3609
20500409,7.6986
20500410,7.932
20500411,8.1515
20500412,9.4467
20500413,9.7095
20500414,11.075
20500415,10.869
20500416,10.506
20500417,8.0533
20500418,7.4993
20500419,5.3448
20500420,7.358
20500421,9.7021
20500422,6.6922
20500423,6.6265
20500424,5.9435
20500425,5.8644
20500426,6.034
20500427,10.349
20500428,10.236
20500429,9.2274
20500430,7.938
20500501,9.6076
20500502,12.908
20500503,10.276
20500504,8.8579
20500505,7.1906
20500506,8.1744
20500507,10.58
20500508,11.671
20500509,11.933
20500510,13.115
20500511,13.845
20500512,14.083
20500513,12.009
20500514,10.524
20500515,9.6144
20500516,9.0397
20500517,11.725
20500518,10.357
20500519,10.032
20500520,12.967
20500521,11.495
20500522,11.969
20500523,14.442
20500524,13.794
20500525,11.199
20500526,12.307
20500527,14.596
20500528,14.519
20500529,12.336
20500530,13.768
20500531,14.871
20500601,15.086
20500602,13.286
20500603,15.349
20500604,13.209
20500605,14.175
20500606,13.559
20500607,16.266
20500608,17.88
20500609,16.853
20500610,15.752
20500611,13.392
20500612,12.787
20500613,11.749
20500614,12.542
20500615,15.013
20500616,12.851
20500617,10.928
20500618,14.051
20500619,15.169
20500620,16.856
20500621,17.016
20500622,15.8
20500623,16.382
20500624,17.839
20500625,18.74
20500626,17.373
20500627,17.517
20500628,18.202
20500629,19.336
20500630,17.159
20500701,15.823
20500702,14.494
20500703,15.714
20500704,16.833
20500705,18.462
20500706,17.077
20500707,17.308
20500708,20.219
20500709,20.36
20500710,22.846
20500711,21.882
20500712,23.002
20500713,24.081
20500714,22.977
20500715,22.195
20500716,20.39
20500717,19.931
20500718,20.034
20500719,18.811
20500720,18.855
20500721,18.772
20500722,17.6
20500723,17.545
20500724,16.902
20500725,18.123
20500726,18.726
20500727,18.138
20500728,19.135
20500729,18.301
20500730,18.137
20500731,18.002
20500801,17.267
20500802,17.728
20500803,20.337
20500804,20.497
20500805,18.412
20500806,18.574
20500807,18.307
20500808,18.386
20500809,19.756
20500810,19.251
20500811,18.709
20500812,17.026
20500813,16.996
20500814,16.806
20500815,16.235
20500816,17.294
20500817,18.993
20500818,21.455
20500819,21.085
20500820,20.48
20500821,19.707
20500822,18.758
20500823,19.207
20500824,17.53
20500825,15.488
20500826,16.976
20500827,17.991
20500828,19.013
20500829,19.87
20500830,17.217
20500831,18.892
20500901,20.735
20500902,19.056
20500903,19.147
20500904,19.692
20500905,19.494
20500906,21.12
20500907,21.6
20500908,21.033
20500909,20.904
20500910,20.462
20500911,18.609
20500912,18.645
20500913,17.368
20500914,17.996
20500915,17.781
20500916,18.359
20500917,19.392
20500918,19.156
20500919,19.659
20500920,19.562
20500921,18.399
20500922,17.196
20500923,18.481
20500924,18.543
20500925,16.507
20500926,15.75
20500927,13.861
20500928,14.036
20500929,14.468
20500930,12.465
20501001,11.637
20501002,11.574
20501003,12.065
20501004,10.027
20501005,8.7595
20501006,9.721
20501007,9.8862
20501008,12.87
20501009,8.4158
20501010,6.974
20501011,10.414
20501012,10.666
20501013,7.9979
20501014,11.301
20501015,11.172
20501016,8.572
20501017,10.598
20501018,16.237
20501019,7.6673
20501020,5.6406
20501021,6.4975
20501022,11.449
20501023,12.146
20501024,9.6351
20501025,8.95
20501026,8.1355
20501027,8.7633
20501028,9.7857
20501029,9.9538
20501030,8.0284
20501031,8.0647
20501101,9.6957
20501102,8.7438
20501103,10.351
20501104,9.5598
20501105,8.7585
20501106,8.9031
20501107,10.17
20501108,7.034
20501109,4.9179
20501110,2.4347
20501111,2.1301
20501112,2.1925
20501113,1.6462
20501114,1.307
20501115,1.4471
20501116,1.2965
20501117,1.26
20501118,0.95875
20501119,2.5468
20501120,2.9072
20501121,1.7583
20501122,3.7492
20501123,2.4037
20501124,2.2909
20501125,3.3727
20501126,2.8765
20501127,2.2388
20501128,1.1769
20501129,0.71513
20501130,2.6528
20501201,0.57383
20501202,0.96755
20501203,1.6702
20501204,2.0235
20501205,-0.12112
20501206,-1.98
20501207,-3.2806
20501208,-2.0588
20501209,-2.1208
20501210,-0.05481
20501211,-0.024862
20501212,1.8165
20501213,8.6074
20501214,10.057
20501215,10.053
20501216,9.8426
20501217,5.1552
20501218,5.112
20501219,3.7084
20501220,1.2332
20501221,1.6727
20501222,-0.24215
20501223,-0.18689
20501224,3.844
20501225,4.4786
20501226,2.7327
20501227,0.56301
20501228,6.4578
20501229,8.0505
20501230,8.2809
20501231,2.8511
20510101,1.9402
20510102,2.8092
20510103,2.4442
20510104,1.5201
20510105,0.075175
20510106,-0.55671
20510107,-1.5702
20510108,-4.0359
20510109,-5.1786
20510110,-5.4997
20510111,-3.1426
20510112,2.4877
20510113,0.69583
20510114,-1.6023
20510115,0.20662
20510116,-0.5785
20510117,-1.8338
20510118,-0.87393
20510119,-1.6446
20510120,2.783
20510121,1.0671
20510122,-0.048279
20510123,1.7314
20510124,-0.75443
20510125,-0.64811
20510126,-0.80487
20510127,1.4511
20510128,-0.97091
20510129,-1.8971
20510130,-1.2649
20510131,-3.3123
20510201,-2.4346
20510202,0.92702
20510203,-0.8921
20510204,2.1427
20510205,2.0621
20510206,0.027445
20510207,-1.4611
20510208,1.7374
20510209,-0.55677
20510210,-1.3769
20510211,-3.8258
20510212,-2.3895
20510213,1.6601
20510214,4.2451
20510215,2.7088
20510216,4.6583
20510217,4.0576
20510218,4.4338
20510219,1.9274
20510220,2.8384
20510221,0.095317
20510222,4.6715
20510223,1.7619
20510224,0.30264
20510225,3.9275
20510226,2.0257
20510227,0.936
20510228,0.97619
20510301,1.9579
20510302,2.4282
20510303,5.9797
20510304,5.1405
20510305,5.7799
20510306,4.7522
20510307,4.5476
20510308,6.6539
20510309,1.6115
20510310,-1.2074
20510311,0.023407
20510312,-0.34328
20510313,-0.40533
20510314,-0.31628
20510315,-0.062836
20510316,-0.62418
20510317,5.053
20510318,1.0443
20510319,0.93987
20510320,0.72716
20510321,1.1986
20510322,7.6674
20510323,4.2525
20510324,5.3524
20510325,4.8706
20510326,6.6774
20510327,4.9329
20510328,5.9632
20510329,4.4624
20510330,3.2378
20510331,0.71561
20510401,3.3819
20510402,0.97139
20510403,5.477
20510404,4.6233
20510405,4.5963
20510406,6.368
20510407,9.6931
20510408,7.9478
20510409,10.269
20510410,9.2679
20510411,8.5008
20510412,6.6864
20510413,4.6949
20510414,4.4499
20510415,5.0864
20510416,4.4089
20510417,5.4855
20510418,5.5188
20510419,5.8134
20510420,5.8697
20510421,5.1696
20510422,8.0808
20510423,9.3207
20510424,6.9581
20510425,5.6527
20510426,8.0186
20510427,6.0664
20510428,8.403
20510429,5.4831
20510430,5.1216
20510501,6.6255
20510502,7.2106
20510503,7.379
20510504,8.6214
20510505,9.573
20510506,9.03
20510507,8.1715
20510508,9.3339
20510509,10.461
20510510,8.9165
20510511,9.987
20510512,10.386
20510513,11.12
20510514,11.444
20510515,12.292
20510516,12.786
20510517,11.759
20510518,13.615
20510519,11.867
20510520,13.055
20510521,14.728
20510522,12.059
20510523,10.113
20510524,12.734
20510525,11.733
20510526,10.288
20510527,13.535
20510528,11.255
20510529,9.9546
20510530,11.111
20510531,13.813
20510601,12.156
20510602,13.73
20510603,16.149
20510604,12.132
20510605,10.387
20510606,10.723
20510607,11.946
20510608,15.89
20510609,17.211
20510610,16.692
20510611,16.241
20510612,17.38
20510613,16.942
20510614,13.277
20510615,12.253
20510616,12.429
20510617,13.012
20510618,11.618
20510619,10.831
20510620,11.897
20510621,13.384
20510622,15.14
20510623,17.145
20510624,16.962
20510625,14.851
20510626,14.503
20510627,14.283
20510628,15.649
20510629,16.799
20510630,15.05
20510701,16.956
20510702,18.968
20510703,21.306
20510704,19.253
20510705,18.333
20510706,21.885
20510707,21.829
20510708,21.533
20510709,20.394
20510710,19.102
20510711,18.285
20510712,17.271
20510713,18.44
20510714,18.704
20510715,21.111
20510716,19.629
20510717,18.432
20510718,17.529
20510719,19.493
20510720,21.096
20510721,22.636
20510722,23.062
20510723,21.934
20510724,19.469
20510725,17.365
20510726,19.195
20510727,20.501
20510728,21.543
20510729,21.441
20510730,20.428
20510731,21.587
20510801,20.416
20510802,16.534
20510803,17.822
20510804,19.246
20510805,22.235
20510806,20.414
20510807,20.612
20510808,22.262
20510809,23.422
20510810,21.666
20510811,23.279
20510812,21.954
20510813,21.282
20510814,22.659
20510815,22.549
20510816,17.984
20510817,15.749
20510818,15.423
20510819,14.681
20510820,14.75
20510821,17.077
20510822,15.509
20510823,17.839
20510824,18.676
20510825,18.692
20510826,17.661
20510827,18.046
20510828,14.331
20510829,13.738
20510830,17.903
20510831,17.607
20510901,16.236
20510902,15.99
20510903,15.919
20510904,13.432
20510905,11.053
20510906,9.4277
20510907,11.366
20510908,11.403
20510909,12.23
20510910,13.508
20510911,14.392
20510912,13.177
20510913,13.502
20510914,12.468
20510915,13.135
20510916,15.608
20510917,14.327
20510918,13.643
20510919,13.853
20510920,12.711
20510921,12.066
20510922,11.093
20510923,11.644
20510924,12.973
20510925,12.128
20510926,11.707
20510927,12.137
20510928,14.362
20510929,15.19
20510930,13.83
20511001,10.916
20511002,10.994
20511003,12.028
20511004,10.613
20511005,7.8483
20511006,7.125
20511007,8.4809
20511008,9.1368
20511009,6.3031
20511010,7.2428
20511011,7.7658
20511012,6.7608
20511013,7.9073
20511014,9.6112
20511015,9.3961
20511016,11.602
20511017,9.6887
20511018,7.5422
20511019,7.2117
20511020,7.5817
20511021,8.682
20511022,9.6713
20511023,8.4516
20511024,8.7716
20511025,8.4803
20511026,9.3273
20511027,9.2686
20511028,11.765
20511029,12.955
20511030,11.646
20511031,9.1127
20511101,7.5024
20511102,7.5791
20511103,5.9658
20511104,6.0913
20511105,6.0341
20511106,10.612
20511107,12.246
20511108,10.526
20511109,8.4013
20511110,7.7389
20511111,5.1086
20511112,2.8191
20511113,4.4335
20511114,7.2727
20511115,3.9936
20511116,1.8098
20511117,3.3401
20511118,2.8857
20511119,0.35663
20511120,0.36719
20511121,-0.057241
20511122,-0.48766
20511123,0.83232
20511124,1.376
20511125,1.75
20511126,4.1067
20511127,2.8362
20511128,8.1976
20511129,9.5925
20511130,9.4286
20511201,7.6679
20511202,12.198
20511203,8.2679
20511204,4.1115
20511205,4.5077
20511206,9.8047
20511207,5.0496
20511208,2.8938
20511209,6.0566
20511210,8.919
20511211,9.2535
20511212,8.9742
20511213,7.2855
20511214,4.2815
20511215,2.3081
20511216,1.0155
20511217,0.015259
20511218,0.14241
20511219,-0.29339
20511220,-0.29497
20511221,0.51873
20511222,2.0698
20511223,0.98489
20511224,-0.59974
20511225,-2.1275
20511226,-2.2863
20511227,-2.7112
20511228,-0.46683
20511229,-3.9856
20511230,-5.357
20511231,-4.7257
20520101,-0.19471
20520102,5.7723
20520103,6.2028
20520104,8.2286
20520105,9.7873
20520106,3.3527
20520107,2.8515
20520108,2.9455
20520109,1.7296
20520110,1.0757
20520111,-0.90434
20520112,3.16
20520113,6.2531
20520114,5.0239
20520115,0.65207
20520116,-0.83153
20520117,0.53402
20520118,-0.088359
20520119,-0.28836
20520120,-0.65815
20520121,-0.68502
20520122,-0.56086
20520123,-0.70668
20520124,-0.61141
20520125,-1.2238
20520126,-0.44082
20520127,-1.2562
20520128,5.6424
20520129,6.7545
20520130,7.4493
20520131,5.643
20520201,2.4451
20520202,0.57153
20520203,0.86845
20520204,3.1566
20520205,3.122
20520206,5.9851
20520207,9.1933
20520208,9.5425
20520209,8.526
20520210,5.0853
20520211,4.0634
20520212,3.9202
20520213,3.5662
20520214,4.1206
20520215,3.5789
20520216,1.7554
20520217,1.2399
20520218,0.92644
20520219,2.7923
20520220,5.1501
20520221,7.281
20520222,3.7606
20520223,2.1327
20520224,5.0104
20520225,5.4789
20520226,6.7478
20520227,7.1745
20520228,5.8201
20520229,11.257
20520301,9.9198
20520302,5.475
20520303,3.406
20520304,4.0747
20520305,3.7816
20520306,4.541
20520307,1.1192
20520308,-1.4118
20520309,2.048
20520310,0.28493
20520311,-0.1059
20520312,2.2435
20520313,0.99091
20520314,3.1909
20520315,3.1854
20520316,1.3125
20520317,3.2295
20520318,2.6073
20520319,2.9555
20520320,5.8667
20520321,5.9721
20520322,4.2219
20520323,5.2127
20520324,9.1068
20520325,7.5061
20520326,5.7032
20520327,5.8246
20520328,9.8972
20520329,9.5254
20520330,8.578
20520331,5.8451
20520401,7.2446
20520402,4.5034
20520403,7.6938
20520404,11.301
20520405,8.7926
20520406,10.741
20520407,10.821
20520408,11.216
20520409,8.8107
20520410,5.6626
20520411,3.2446
20520412,4.5262
20520413,4.9176
20520414,7.8725
20520415,5.1004
20520416,3.4302
20520417,5.4291
20520418,3.2802
20520419,5.6724
20520420,3.7791
20520421,4.8465
20520422,6.251
20520423,7.0052
20520424,6.163
20520425,7.4607
20520426,11.164
20520427,11.24
20520428,11.645
20520429,10.973
20520430,10.679
20520501,8.0607
20520502,7.8674
20520503,7.4776
20520504,7.2866
20520505,10.248
20520506,12.698
20520507,10.901
20520508,11.633
20520509,12.181
20520510,9.9839
20520511,8.3441
20520512,13.256
20520513,13.534
20520514,13.611
20520515,12.326
20520516,13.433
20520517,15.429
20520518,15.69
20520519,15.697
20520520,13.475
20520521,10.683
20520522,9.9102
20520523,9.1832
20520524,7.71
20520525,9.8002
20520526,9.8696
20520527,11.073
20520528,11.386
20520529,14.137
20520530,13.55
20520531,11.11
20520601,11.818
20520602,11.621
20520603,9.9766
20520604,12.781
20520605,15.259
20520606,17.265
20520607,14.95
20520608,15.311
20520609,13.046
20520610,11.858
20520611,13.446
20520612,13.928
20520613,13.02
20520614,12.742
20520615,14.705
20520616,17.869
20520617,16.33
20520618,14.985
20520619,16.664
20520620,15.931
20520621,16.849
20520622,14.214
20520623,15.875
20520624,16.315
20520625,15.271
20520626,13.682
20520627,16.992
20520628,16.53
20520629,17.655
20520630,16.617
20520701,16.814
20520702,17.229
20520703,17.878
20520704,17.885
20520705,18.282
20520706,20.66
20520707,20.878
20520708,19.477
20520709,19.243
20520710,18.861
20520711,16.873
20520712,15.193
20520713,14.295
20520714,16.041
20520715,16.502
20520716,16.638
20520717,17.865
20520718,18.612
20520719,19.422
20520720,18.45
20520721,18.808
20520722,19.647
20520723,20.185
20520724,20.112
20520725,17.826
20520726,20.065
20520727,19.423
20520728,17.688
20520729,20.211
20520730,19.063
20520731,19.146
20520801,19.488
20520802,17.823
20520803,15.664
20520804,16.694
20520805,18.974
20520806,17.066
20520807,16.712
20520808,16.854
20520809,16.905
20520810,16.896
20520811,18.467
20520812,19.759
20520813,18.347
20520814,19.206
20520815,17.751
20520816,17.636
20520817,19.185
20520818,18.42
20520819,17.239
20520820,17.142
20520821,17.353
20520822,17.656
20520823,18.436
20520824,17.725
20520825,19.412
20520826,19.453
20520827,18.277
20520828,18.809
20520829,19.117
20520830,14.997
20520831,13.86
20520901,14.191
20520902,15.344
20520903,16.869
20520904,18.682
20520905,17.038
20520906,16.647
20520907,18.899
20520908,16.209
20520909,15.551
20520910,14.958
20520911,15.8
20520912,15.461
20520913,16.399
20520914,17.303
20520915,17.199
20520916,17.04
20520917,16.115
20520918,16.008
20520919,16.948
20520920,13.404
20520921,10.895
20520922,8.2424
20520923,11.609
20520924,15.51
20520925,15.007
20520926,15.235
20520927,15.077
20520928,17.321
20520929,19.186
20520930,16.503
20521001,14.207
20521002,14.804
20521003,15.428
20521004,14.972
20521005,12.025
20521006,10.858
20521007,9.2124
20521008,8.7886
20521009,7.0848
20521010,5.7888
20521011,7.6635
20521012,8.5112
20521013,7.8468
20521014,8.3072
20521015,6.3303
20521016,7.9773
20521017,10.868
20521018,11.236
20521019,9.8757
20521020,8.6769
20521021,8.7977
20521022,9.838
20521023,9.6807
20521024,9.1308
20521025,7.3501
20521026,6.7025
20521027,6.4703
20521028,6.7144
20521029,6.5829
20521030,6.7748
20521031,5.4986
20521101,4.7299
20521102,3.8587
20521103,3.3412
20521104,4.2088
20521105,8.7987
20521106,8.7944
20521107,10.163
20521108,5.9467
20521109,3.9866
20521110,3.3136
20521111,3.8107
20521112,4.1496
20521113,2.3011
20521114,4.1403
20521115,1.8296
20521116,2.3391
20521117,0.85426
20521118,2.1757
20521119,6.6405
20521120,5.0838
20521121,5.5051
20521122,6.1674
20521123,6.0026
20521124,6.2473
20521125,5.4058
20521126,3.7426
20521127,5.1993
20521128,6.8365
20521129,5.442
20521130,2.1117
20521201,0.89951
20521202,-1.2988
20521203,-0.98637
20521204,-0.808
20521205,-0.20882
20521206,3.3394
20521207,2.1723
20521208,2.2368
20521209,0.61431
20521210,1.243
20521211,-0.72003
20521212,-2.1075
20521213,-2.8736
20521214,6.1425
20521215,6.957
20521216,7.7904
20521217,11.382
20521218,11.399
20521219,5.8712
20521220,3.5998
20521221,4.7627
20521222,6.0281
20521223,4.5128
20521224,5.5249
20521225,5.3618
20521226,8.2252
20521227,4.9975
20521228,2.4346
20521229,3.4062
20521230,3.6124
20521231,5.0906
20530101,2.8002
20530102,4.9344
20530103,3.1701
20530104,2.8702
20530105,3.3306
20530106,3.9378
20530107,1.1985
20530108,-0.033366
20530109,-1.5528
20530110,-2.066
20530111,-3.5926
20530112,-4.8639
20530113,-4.6363
20530114,-5.3229
20530115,-7.0372
20530116,-7.0769
20530117,-4.8581
20530118,-6.6373
20530119,-5.7991
20530120,-1.6733
20530121,-1.5993
20530122,-1.2704
20530123,4.9834
20530124,7.0319
20530125,5.3068
20530126,1.254
20530127,2.6157
20530128,2.474
20530129,1.5731
20530130,9.6393
20530131,8.934
20530201,6.1254
20530202,3.4232
20530203,1.0841
20530204,0.14306
20530205,-1.0247
20530206,-3.1297
20530207,-1.5019
20530208,-2.2614
20530209,-3.3346
20530210,-0.8303
20530211,5.2702
20530212,4.5067
20530213,1.2138
20530214,0.1003
20530215,3.1617
20530216,1.3565
20530217,5.7675
20530218,4.5388
20530219,2.0227
20530220,8.8644
20530221,7.6798
20530222,4.0221
20530223,1.1112
20530224,0.82527
20530225,1.3976
20530226,1.7634
20530227,3.0703
20530228,3.8379
20530301,1.8294
20530302,4.7805
20530303,3.7278
20530304,1.5895
20530305,5.7006
20530306,5.2175
20530307,2.0218
20530308,0.9866
20530309,4.9626
20530310,4.6941
20530311,6.421
20530312,8.4863
20530313,3.9824
20530314,2.8159
20530315,4.1912
20530316,1.0701
20530317,3.9034
20530318,4.4706
20530319,1.442
20530320,0.81637
20530321,1.5137
20530322,0.83878
20530323,0.0069682
20530324,0.96298
20530325,4.7588
20530326,3.9347
20530327,2.3086
20530328,3.2084
20530329,2.7376
20530330,4.0354
20530331,3.0443
20530401,3.9422
20530402,4.3418
20530403,6.1573
20530404,6.6131
20530405,6.0111
20530406,3.3357
20530407,3.3878
20530408,1.63
20530409,7.8997
20530410,8.2863
20530411,8.5703
20530412,7.5984
20530413,4.5004
20530414,4.5007
20530415,7.1471
20530416,5.7253
20530417,3.9928
20530418,2.8008
20530419,2.5996
20530420,3.3438
20530421,3.7381
20530422,4.1088
20530423,4.3296
20530424,3.8186
20530425,7.4561
20530426,6.1475
20530427,4.0463
20530428,8.9572
20530429,11.054
20530430,8.9273
20530501,7.7088
20530502,8.2363
20530503,8.7072
20530504,10.612
20530505,9.1953
20530506,10.528
20530507,14.44
20530508,15.084
20530509,15.49
20530510,14.663
20530511,11.497
20530512,9.3179
20530513,8.6235
20530514,11.472
20530515,9.9667
20530516,6.5699
20530517,4.8474
20530518,5.535
20530519,9.5637
20530520,7.962
20530521,10.603
20530522,10.822
20530523,11.429
20530524,8.8503
20530525,8.3855
20530526,11.175
20530527,13.747
20530528,14.175
20530529,13.034
20530530,15.734
20530531,14.038
20530601,14.964
20530602,15.321
20530603,16.162
20530604,16.027
20530605,15.35
20530606,18.079
20530607,17.835
20530608,17.477
20530609,16.003
20530610,17.508
20530611,17.331
20530612,17.562
20530613,14.879
20530614,13.733
20530615,15.703
20530616,17.201
20530617,17.187
20530618,16.715
20530619,16.59
20530620,16.991
20530621,16.503
20530622,16.362
20530623,16.674
20530624,15.692
20530625,17.342
20530626,19.377
20530627,17.908
20530628,17.28
20530629,18.093
20530630,18.503
20530701,17.973
20530702,17.148
20530703,15.91
20530704,16.83
20530705,19.148
20530706,21.037
20530707,20.064
20530708,20.815
20530709,20.779
20530710,22.349
20530711,22.201
20530712,21.76
20530713,21.092
20530714,18.355
20530715,16.617
20530716,18.14
20530717,18.05
20530718,17.674
20530719,16.649
20530720,16.896
20530721,18.387
20530722,20.672
20530723,20.634
20530724,20.928
20530725,20.484
20530726,19.659
20530727,20.893
20530728,22.172
20530729,22.271
20530730,23.022
20530731,22.039
20530801,19.354
20530802,17.485
20530803,19.439
20530804,20.444
20530805,18.978
20530806,18.61
20530807,21.236
20530808,21.491
20530809,22.718
20530810,20.43
20530811,16.991
20530812,17.538
20530813,20.227
20530814,18.704
20530815,20.226
20530816,15.751
20530817,16.448
20530818,19.43
20530819,18.501
20530820,18.61
20530821,19.209
20530822,19.704
20530823,20.411
20530824,16.397
20530825,13.743
20530826,12.789
20530827,16.886
20530828,18.199
20530829,18.949
20530830,20.135
20530831,18.585
20530901,21.252
20530902,19.072
20530903,19.575
20530904,18.609
20530905,20.095
20530906,21.291
20530907,20.877
20530908,20.679
20530909,19.853
20530910,17.959
20530911,17.974
20530912,18.092
20530913,18.793
20530914,18.307
20530915,18.616
20530916,17.794
20530917,18.277
20530918,15.207
20530919,13.651
20530920,11.563
20530921,13.988
20530922,14.343
20530923,14.525
20530924,12.058
20530925,13.657
20530926,11.809
20530927,15.975
20530928,13.392
20530929,10.791
20530930,12.24
20531001,14.672
20531002,12.626
20531003,10.841
20531004,10.876
20531005,10.362
20531006,11.213
20531007,13.18
20531008,11.452
20531009,11.725
20531010,13.954
20531011,14.205
20531012,16.156
20531013,15.935
20531014,15.751
20531015,13.628
20531016,11.855
20531017,9.9783
20531018,8.7762
20531019,8.8976
20531020,9.8732
20531021,10.801
20531022,5.3698
20531023,3.5184
20531024,4.2523
20531025,4.9283
20531026,10.908
20531027,6.1068
20531028,3.9821
20531029,5.6814
20531030,8.5816
20531031,10.509
20531101,9.9624
20531102,8.5598
20531103,11.318
20531104,7.7466
20531105,6.4535
20531106,7.2758
20531107,4.4159
20531108,6.0991
20531109,9.377
20531110,3.4825
20531111,2.5658
20531112,7.2713
20531113,9.0117
20531114,4.5274
20531115,3.2757
20531116,1.8508
20531117,2.212
20531118,2.9251
20531119,5.4129
20531120,3.0004
20531121,0.98308
20531122,0.57289
20531123,-0.44002
20531124,3.1118
20531125,3.0885
20531126,1.5534
20531127,4.5401
20531128,4.2884
20531129,1.0468
20531130,0.44899
20531201,-0.74627
20531202,-1.0808
20531203,-0.77807
20531204,-2.0127
20531205,-1.4535
20531206,4.9955
20531207,7.3738
20531208,6.1945
20531209,3.1264
20531210,3.3473
20531211,0.10977
20531212,-1.0581
20531213,1.4253
20531214,0.92972
20531215,2.6388
20531216,10.124
20531217,10.705
20531218,8.072
20531219,7.1837
20531220,6.102
20531221,6.1552
20531222,3.3183
20531223,3.6108
20531224,4.5139
20531225,1.295
20531226,1.0805
20531227,2.8175
20531228,6.7202
20531229,4.7253
20531230,4.6097
20531231,2.7682
20540101,0.78759
20540102,2.6448
20540103,2.8817
20540104,-0.62361
20540105,-1.4708
20540106,-2.8087
20540107,0.25104
20540108,-1.0103
20540109,-0.8524
20540110,2.4615
20540111,0.21962
20540112,1.609
20540113,-1.4254
20540114,2.7418
20540115,1.221
20540116,-0.52282
20540117,-0.22289
20540118,-1.701
20540119,-1.4794
20540120,-3.0846
20540121,-1.659
20540122,-2.6715
20540123,-2.2837
20540124,1.1006
20540125,-0.64813
20540126,1.4082
20540127,-1.0692
20540128,-2.5102
20540129,-1.606
20540130,-2.6155
20540131,-1.5877
20540201,-0.78363
20540202,0.41639
20540203,0.88281
20540204,2.0284
20540205,0.79569
20540206,-0.054677
20540207,-1.7089
20540208,-1.0788
20540209,1.0199
20540210,6.3761
20540211,3.4669
20540212,1.1228
20540213,-0.57889
20540214,-2.1825
20540215,-3.0891
20540216,-3.3754
20540217,-0.70981
20540218,-1.4606
20540219,0.12633
20540220,0.32155
20540221,-0.66356
20540222,0.13864
20540223,1.3455
20540224,1.5953
20540225,4.4325
20540226,6.6362
20540227,5.4875
20540228,3.4018
20540301,1.3714
20540302,2.8428
20540303,2.736
20540304,3.0502
20540305,3.3032
20540306,5.2508
20540307,3.7804
20540308,2.313
20540309,3.6724
20540310,5.2881
20540311,4.4719
20540312,3.3619
20540313,4.5353
20540314,1.9325
20540315,-0.24557
20540316,1.4397
20540317,-0.095723
20540318,-0.39933
20540319,1.1096
20540320,1.3571
20540321,1.8904
20540322,3.6231
20540323,2.6244
20540324,4.7526
20540325,9.4819
20540326,6.4454
20540327,7.4305
20540328,8.7416
20540329,4.5463
20540330,2.9555
20540331,4.2759
20540401,5.7268
20540402,3.9081
20540403,5.2034
20540404,9.6839
20540405,7.7853
20540406,7.5563
20540407,6.2876
20540408,8.2176
20540409,6.3825
20540410,4.4649
20540411,3.0562
20540412,3.3774
20540413,4.6903
20540414,5.3862
20540415,4.4305
20540416,6.3983
20540417,5.7589
20540418,6.0035
20540419,5.6247
20540420,5.6432
20540421,7.906
20540422,7.8891
20540423,7.0389
20540424,7.9096
20540425,7.3563
20540426,8.5283
20540427,7.0255
20540428,4.6657
20540429,4.5718
20540430,4.9772
20540501,7.7267
20540502,7.9091
20540503,7.5999
20540504,6.781
20540505,6.4785
20540506,8.1652
20540507,9.4301
20540508,9.6157
20540509,11.633
20540510,11.893
20540511,11.497
20540512,12.098
20540513,11.33
20540514,10.903
20540515,10.95
20540516,10.965
20540517,13.594
20540518,15.324
20540519,12.594
20540520,10.962
20540521,9.7784
20540522,10.853
20540523,10.747
20540524,8.8579
20540525,9.8938
20540526,7.5146
20540527,10.962
20540528,7.9558
20540529,10.192
20540530,12.462
20540531,10.153
20540601,12.025
20540602,14.47
20540603,15.175
20540604,13.925
20540605,13.287
20540606,15.641
20540607,14.351
20540608,15.415
20540609,16.209
20540610,19.455
20540611,18.71
20540612,17.151
20540613,16.098
20540614,17.56
20540615,16.803
20540616,12.698
20540617,11.049
20540618,15.112
20540619,14.244
20540620,17.076
20540621,18.599
20540622,19.73
20540623,17.844
20540624,20.569
20540625,20.258
20540626,19.261
20540627,17.746
20540628,18.33
20540629,17.503
20540630,19.498
20540701,20.683
20540702,20.208
20540703,19.625
20540704,19.753
20540705,19.866
20540706,19.17
20540707,16.973
20540708,16.368
20540709,16.11
20540710,18.376
20540711,18.221
20540712,17.94
20540713,17.972
20540714,20.168
20540715,19.485
20540716,21.512
20540717,20.256
20540718,19.855
20540719,17.893
20540720,18.058
20540721,17.91
20540722,16.436
20540723,18.181
20540724,15.625
20540725,13.899
20540726,17.383
20540727,18.939
20540728,18.358
20540729,21.041
20540730,20.752
20540731,19.217
20540801,21.229
20540802,20.538
20540803,20.922
20540804,17.137
20540805,15.729
20540806,16.192
20540807,17.761
20540808,18.787
20540809,20.086
20540810,19.343
20540811,20.298
20540812,17.17
20540813,15.947
20540814,17.167
20540815,19.042
20540816,20.667
20540817,21.499
20540818,20.43
20540819,19.788
20540820,21.839
20540821,22.158
20540822,23.391
20540823,22.468
20540824,21.211
20540825,21.362
20540826,20.934
20540827,20.779
20540828,19.338
20540829,19.46
20540830,18.806
20540831,21.007
20540901,21.277
20540902,23.026
20540903,21.534
20540904,21.261
20540905,19.56
20540906,19.133
20540907,18.872
20540908,19.129
20540909,19.372
20540910,17.689
20540911,18.348
20540912,17.716
20540913,16.425
20540914,16.218
20540915,16.339
20540916,16.616
20540917,17.134
20540918,16.815
20540919,14.475
20540920,13.612
20540921,14.918
20540922,11.305
20540923,10.456
20540924,11.815
20540925,11.448
20540926,11.384
20540927,13.467
20540928,10.632
20540929,10.16
20540930,9.0418
20541001,10.748
20541002,11.019
20541003,9.5551
20541004,9.4878
20541005,9.5563
20541006,10.469
20541007,9.7312
20541008,10.39
20541009,12.695
20541010,13.182
20541011,11.572
20541012,13.997
20541013,13.231
20541014,12.547
20541015,15.775
20541016,12.09
20541017,11.111
20541018,9.8183
20541019,9.916
20541020,9.3148
20541021,9.0998
20541022,8.7647
20541023,8.2363
20541024,7.5441
20541025,6.7986
20541026,5.689
20541027,5.4266
20541028,5.6833
20541029,5.3646
20541030,5.124
20541031,5.3769
20541101,4.9573
20541102,3.0492
20541103,4.4047
20541104,5.2418
20541105,11.652
20541106,11.677
20541107,7.0818
20541108,4.8062
20541109,3.1907
20541110,3.578
20541111,1.993
20541112,3.7632
20541113,3.7875
20541114,3.3731
20541115,4.3637
20541116,3.1424
20541117,1.7363
20541118,2.7277
20541119,6.6834
20541120,5.594
20541121,4.6896
20541122,6.7819
20541123,5.0155
20541124,5.0006
20541125,8.569
20541126,8.7436
20541127,11.219
20541128,5.63
20541129,5.4815
20541130,5.0944
20541201,5.401
20541202,8.2994
20541203,6.7279
20541204,5.791
20541205,6.4641
20541206,6.6814
20541207,3.702
20541208,-0.54264
20541209,-1.2174
20541210,-2.0121
20541211,1.7505
20541212,4.3566
20541213,6.8076
20541214,5.0389
20541215,5.7962
20541216,3.7779
20541217,2.2689
20541218,3.648
20541219,4.484
20541220,2.1211
20541221,2.3415
20541222,6.482
20541223,10.039
20541224,8.5688
20541225,4.4663
20541226,0.41047
20541227,-1.7872
20541228,-2.4395
20541229,-2.7583
20541230,4.5175
20541231,5.7896
20550101,7.5898
20550102,1.8402
20550103,1.1425
20550104,3.1735
20550105,1.5674
20550106,1.8809
20550107,9.298
20550108,8.673
20550109,8.0594
20550110,5.5065
20550111,2.3732
20550112,2.208
20550113,-0.068115
20550114,-1.7589
20550115,3.1057
20550116,0.96577
20550117,-1.1071
20550118,-1.4072
20550119,1.5214
20550120,3.4237
20550121,0.49877
20550122,5.1006
20550123,2.4289
20550124,1.6937
20550125,7.5346
20550126,7.6057
20550127,7.6565
20550128,7.7166
20550129,7.8813
20550130,7.8642
20550131,10.435
20550201,10.348
20550202,9.6272
20550203,8.5919
20550204,8.3191
20550205,9.9044
20550206,7.9488
20550207,8.7648
20550208,6.3137
20550209,5.1154
20550210,4.8069
20550211,9.0557
20550212,8.1512
20550213,6.8813
20550214,7.482
20550215,4.5006
20550216,2.5065
20550217,-0.26007
20550218,0.16491
20550219,2.1304
20550220,1.7563
20550221,-0.37217
20550222,0.52254
20550223,4.8308
20550224,9.2811
20550225,9.1027
20550226,9.8913
20550227,10.093
20550228,7.4809
20550301,6.1456
20550302,4.6438
20550303,4.3504
20550304,2.5312
20550305,6.5479
20550306,5.4428
20550307,4.2275
20550308,3.1437
20550309,1.0976
20550310,0.62936
20550311,1.6052
20550312,7.2991
20550313,6.9756
20550314,5.7547
20550315,7.1833
20550316,3.2404
20550317,6.1934
20550318,4.4987
20550319,4.2188
20550320,2.7448
20550321,0.72325
20550322,1.4162
20550323,4.6772
20550324,3.9117
20550325,5.8083
20550326,6.7217
20550327,7.2128
20550328,8.0282
20550329,8.8077
20550330,5.7789
20550331,6.333
20550401,7.6478
20550402,8.2907
20550403,4.414
20550404,4.6806
20550405,4.4125
20550406,6.6975
20550407,7.5589
20550408,7.6629
20550409,7.6436
20550410,6.5415
20550411,9.7988
20550412,10.036
20550413,8.2758
20550414,6.707
20550415,6.6011
20550416,8.7951
20550417,8.648
20550418,7.8181
20550419,5.5832
20550420,4.7665
20550421,8.1655
20550422,9.7171
20550423,8.7803
20550424,7.3547
20550425,7.3011
20550426,4.053
20550427,6.7936
20550428,9.3643
20550429,9.077
20550430,12.094
20550501,8.417
20550502,6.6662
20550503,9.629
20550504,10.614
20550505,9.0421
20550506,8.9147
20550507,9.3726
20550508,7.2503
20550509,8.5346
20550510,8.4822
20550511,6.4099
20550512,5.8655
20550513,6.6002
20550514,7.3482
20550515,7.2398
20550516,7.1874
20550517,12.152
20550518,11.432
20550519,9.0416
20550520,8.97
20550521,11.214
20550522,12.071
20550523,13.296
20550524,13.29
20550525,13.45
20550526,10.282
20550527,9.3881
20550528,9.6687
20550529,9.8263
20550530,11.082
20550531,9.4937
20550601,10.675
20550602,11.815
20550603,12.494
20550604,13.701
20550605,15.101
20550606,11.208
20550607,10.036
20550608,13.568
20550609,16.203
20550610,16.524
20550611,15.434
20550612,15.769
20550613,15.355
20550614,15.481
20550615,15.905
20550616,13.803
20550617,12.169
20550618,15.818
20550619,14.166
20550620,12.961
20550621,12.5
20550622,15.358
20550623,14.308
20550624,13.339
20550625,13.552
20550626,14.853
20550627,15.556
20550628,16.264
20550629,13.019
20550630,10.926
20550701,15.439
20550702,15.174
20550703,14.285
20550704,12.917
20550705,12.577
20550706,13.776
20550707,15.94
20550708,14.596
20550709,12.798
20550710,16.676
20550711,15.999
20550712,17.091
20550713,17.265
20550714,20.19
20550715,18.301
20550716,19.855
20550717,19.15
20550718,19.358
20550719,19.709
20550720,20.109
20550721,17.52
20550722,17.221
20550723,18.689
20550724,18.384
20550725,20.973
20550726,20.461
20550727,17.378
20550728,18.253
20550729,21.209
20550730,20.021
20550731,18.123
20550801,17.995
20550802,19.768
20550803,20.269
20550804,20.495
20550805,20.236
20550806,17.551
20550807,15.517
20550808,18.354
20550809,14.96
20550810,14.996
20550811,19.247
20550812,21.114
20550813,20.671
20550814,19.217
20550815,17.889
20550816,15.974
20550817,14.031
20550818,15.471
20550819,16.564
20550820,15.215
20550821,14.047
20550822,15.002
20550823,15.507
20550824,12.404
20550825,14.514
20550826,13.519
20550827,15.178
20550828,16.867
20550829,16.87
20550830,18.856
20550831,18.452
20550901,17.74
20550902,16.463
20550903,18.184
20550904,16.293
20550905,15.981
20550906,14.227
20550907,13.749
20550908,14.703
20550909,15.497
20550910,16.497
20550911,16.655
20550912,14.392
20550913,15.678
20550914,14.965
20550915,13.156
20550916,11.782
20550917,11.936
20550918,9.9182
20550919,11.52
20550920,12.639
20550921,12.779
20550922,13.357
20550923,10.863
20550924,10.223
20550925,8.926
20550926,9.4765
20550927,9.7131
20550928,12.366
20550929,14.828
20550930,18.189
20551001,15.648
20551002,13.79
20551003,15.236
20551004,13.934
20551005,11.887
20551006,10.716
20551007,8.2979
20551008,7.0155
20551009,8.9477
20551010,10.195
20551011,11.039
20551012,9.8936
20551013,9.1781
20551014,8.3365
20551015,8.3163
20551016,7.5297
20551017,6.7974
20551018,6.0148
20551019,10.63
20551020,12.803
20551021,8.1098
20551022,6.6546
20551023,6.3146
20551024,4.8905
20551025,4.368
20551026,4.4929
20551027,3.398
20551028,6.8589
20551029,3.8907
20551030,2.1438
20551031,0.4837
20551101,-1.4531
20551102,-1.7089
20551103,2.9189
20551104,2.7004
20551105,2.0832
20551106,6.0888
20551107,4.266
20551108,3.933
20551109,4.9608
20551110,4.6209
20551111,4.0535
20551112,9.4068
20551113,6.6691
20551114,7.1416
20551115,11.21
20551116,10.626
20551117,11.989
20551118,12.518
20551119,9.6261
20551120,7.1871
20551121,6.0298
20551122,5.7922
20551123,3.4807
20551124,2.9849
20551125,2.0576
20551126,1.2399
20551127,-0.49303
20551128,2.4695
20551129,2.3332
20551130,2.361
20551201,1.7979
20551202,0.97584
20551203,3.5724
20551204,6.9358
20551205,7.8151
20551206,9.8198
20551207,8.0283
20551208,3.1051
20551209,3.29
20551210,4.239
20551211,2.6947
20551212,2.6688
20551213,1.0417
20551214,0.40061
20551215,2.0355
20551216,0.82596
20551217,0.12977
20551218,-1.1164
20551219,-1.5453
20551220,-2.4693
20551221,-1.6175
20551222,-2.4641
20551223,-0.012278
20551224,0.47151
20551225,-0.38036
20551226,-0.14548
20551227,-0.71294
20551228,-1.9982
20551229,-0.1915
20551230,-1.8752
20551231,-2.4079
20560101,-3.2653
20560102,-1.9759
20560103,3.4775
20560104,1.9264
20560105,0.93012
20560106,1.1816
20560107,-0.025533
20560108,0.67105
20560109,-0.37121
20560110,-0.35889
20560111,-0.32565
20560112,2.6513
20560113,2.6198
20560114,1.028
20560115,-0.95126
20560116,0.33603
20560117,1.8784
20560118,0.046295
20560119,-1.3457
20560120,-2.2987
20560121,-3.4525
20560122,-4.0852
20560123,-3.6787
20560124,-3.0929
20560125,5.4764
20560126,4.1639
20560127,1.8557
20560128,0.87269
20560129,2.8722
20560130,2.8913
20560131,3.0025
20560201,0.55919
20560202,2.2627
20560203,4.134
20560204,2.0951
20560205,-0.78222
20560206,-1.8994
20560207,-0.74
20560208,0.81524
20560209,3.3252
20560210,5.8481
20560211,-0.68376
20560212,-3.0362
20560213,0.13057
20560214,-0.44548
20560215,3.3094
20560216,1.4377
20560217,-0.067088
20560218,1.6498
20560219,2.0241
20560220,1.4333
20560221,-0.56803
20560222,-1.7454
20560223,-2.0465
20560224,-0.65675
20560225,-0.24438
20560226,-0.67584
20560227,2.1386
20560228,0.82357
20560229,-0.98735
20560301,-2.4086
20560302,-0.25261
20560303,2.423
20560304,5.3629
20560305,4.3238
20560306,4.3377
20560307,10.421
20560308,5.5376
20560309,3.5408
20560310,3.5995
20560311,2.0257
20560312,4.4869
20560313,2.2431
20560314,3.3594
20560315,3.9524
20560316,3.1352
20560317,2.6306
20560318,2.8427
20560319,5.555
20560320,7.5694
20560321,7.4661
20560322,10.243
20560323,9.7822
20560324,10.033
20560325,9.8917
20560326,8.8563
20560327,9.3367
20560328,9.4009
20560329,10.668
20560330,7.0941
20560331,4.3253
20560401,4.2992
20560402,5.8291
20560403,5.6605
20560404,7.6188
20560405,7.9363
20560406,7.9925
20560407,6.7461
20560408,9.0824
20560409,6.548
20560410,3.6926
20560411,4.7165
20560412,5.0915
20560413,6.6539
20560414,6.6199
20560415,7.0265
20560416,7.741
20560417,7.651
20560418,7.1481
20560419,7.5919
20560420,10.279
20560421,12.016
20560422,7.1036
20560423,6.6017
20560424,5.4611
20560425,5.7716
20560426,10.6
20560427,9.88
20560428,8.146
20560429,10.46
20560430,10.722
20560501,8.6613
20560502,6.6888
20560503,7.11
20560504,6.6922
20560505,9.2857
20560506,8.6178
20560507,6.9929
20560508,7.2431
20560509,7.4791
20560510,6.8834
20560511,9.2017
20560512,8.0205
20560513,6.4585
20560514,6.8786
20560515,6.9528
20560516,8.3198
20560517,6.6961
20560518,7.3335
20560519,11.702
20560520,12.219
20560521,11.38
20560522,12.704
20560523,12.698
20560524,12.889
20560525,10.377
20560526,10.494
20560527,12.224
20560528,10.496
20560529,8.0356
20560530,8.2787
20560531,10.63
20560601,13.081
20560602,11.802
20560603,13.39
20560604,14.134
20560605,17.103
20560606,18.237
20560607,17.441
20560608,17.801
20560609,17.621
20560610,16.563
20560611,16.499
20560612,18.906
20560613,16.84
20560614,16.39
20560615,16.188
20560616,16.96
20560617,16.308
20560618,14.545
20560619,16.566
20560620,16.133
20560621,16.555
20560622,16.611
20560623,17.54
20560624,16.17
20560625,14.289
20560626,15.438
20560627,13.103
20560628,16.156
20560629,15.278
20560630,15.167
20560701,15.116
20560702,15.68
20560703,17.525
20560704,16.726
20560705,16.357
20560706,16.76
20560707,16.525
20560708,16.525
20560709,16.55
20560710,17.855
20560711,19.319
20560712,18.571
20560713,19.837
20560714,18.698
20560715,19.438
20560716,19.611
20560717,19.444
20560718,18.163
20560719,20.543
20560720,20.607
20560721,20.037
20560722,17.087
20560723,15.401
20560724,14.802
20560725,16.001
20560726,17.23
20560727,18.234
20560728,20.638
20560729,21.654
20560730,22.267
20560731,21.812
20560801,19.504
20560802,20.976
20560803,21.628
20560804,21.757
20560805,21.03
20560806,20.067
20560807,20.862
20560808,20.368
20560809,19.143
20560810,21.104
20560811,20.979
20560812,21.754
20560813,21.189
20560814,21.739
20560815,21.066
20560816,22.123
20560817,22.295
20560818,19.982
20560819,18.18
20560820,18.596
20560821,20.643
20560822,18.8
20560823,19.207
20560824,18.549
20560825,19.455
20560826,21.283
20560827,20.376
20560828,17.863
20560829,16.421
20560830,16.628
20560831,15.873
20560901,17.493
20560902,16.646
20560903,18.701
20560904,15.881
20560905,13.983
20560906,15.67
20560907,16.155
20560908,17.725
20560909,15.376
20560910,15.101
20560911,14.681
20560912,13.295
20560913,11.078
20560914,11.13
20560915,12.31
20560916,13.798
20560917,12.395
20560918,11.619
20560919,10.849
20560920,11.061
20560921,14.358
20560922,11.178
20560923,9.8555
20560924,11.512
20560925,10.452
20560926,12.282
20560927,13.582
20560928,12.53
20560929,13.001
20560930,12.331
20561001,11.922
20561002,16.473
20561003,11.69
20561004,10.253
20561005,12.207
20561006,13.307
20561007,12.214
20561008,13.302
20561009,12.855
20561010,11.299
20561011,11.977
20561012,10.016
20561013,8.5394
20561014,8.1763
20561015,8.2169
20561016,11.209
20561017,15.171
20561018,15.349
20561019,15.949
20561020,14.382
20561021,10.715
20561022,8.9511
20561023,8.7446
20561024,8.8554
20561025,8.7436
20561026,8.3647
20561027,8.2116
20561028,7.8535
20561029,9.3483
20561030,9.9905
20561031,9.7407
20561101,11.191
20561102,10.53
20561103,9.87
20561104,10.446
20561105,7.7451
20561106,8.2634
20561107,6.7745
20561108,13.155
20561109,9.4009
20561110,7.9298
20561111,7.578
20561112,8.19
20561113,6.7192
20561114,8.4985
20561115,11.531
20561116,10.958
20561117,10.167
20561118,9.5111
20561119,6.3201
20561120,3.7185
20561121,6.2835
20561122,14.173
20561123,13.448
20561124,8.5766
20561125,6.1955
20561126,7.4905
20561127,10.485
20561128,7.4675
20561129,5.4282
20561130,4.159
20561201,5.7421
20561202,3.9796
20561203,1.7061
20561204,0.17637
20561205,0.67881
20561206,0.2938
20561207,0.52712
20561208,3.8024
20561209,1.8849
20561210,2.954
20561211,3.7111
20561212,2.45
20561213,0.37677
20561214,0.76189
20561215,-0.28384
20561216,-1.0481
20561217,1.3794
20561218,1.0098
20561219,1.4274
20561220,-0.32647
20561221,1.3172
20561222,1.041
20561223,3.153
20561224,1.7827
20561225,1.4296
20561226,2.1743
20561227,0.42917
20561228,-0.8655
20561229,2.362
20561230,0.24489
20561231,-0.11571
20570101,-0.72688
20570102,-1.1278
20570103,-1.8299
20570104,-0.0090129
20570105,-0.24841
20570106,3.2336
20570107,-1.0683
20570108,-4.1171
20570109,-5.2055
20570110,-3.7722
20570111,-0.049438
20570112,0.18438
20570113,-1.1414
20570114,-1.3753
20570115,-2.1218
20570116,-4.2602
20570117,-5.1123
20570118,-1.8522
20570119,-0.098389
20570120,-2.6961
20570121,-3.6858
20570122,-5.5332
20570123,-4.7377
20570124,-3.2969
20570125,0.23377
20570126,-1.1779
20570127,-1.5021
20570128,2.9435
20570129,1.2511
20570130,1.9671
20570131,-0.9183
20570201,-2.696
20570202,-0.36136
20570203,-1.0743
20570204,-2.9678
20570205,-2.9783
20570206,2.8637
20570207,4.6257
20570208,2.3753
20570209,0.62873
20570210,-0.59626
20570211,4.505
20570212,3.2232
20570213,1.9135
20570214,4.4362
20570215,6.2479
20570216,4.3713
20570217,10.308
20570218,10.094
20570219,5.0265
20570220,3.038
20570221,8.1758
20570222,4.2785
20570223,1.2109
20570224,3.7149
20570225,7.9365
20570226,10.076
20570227,4.1809
20570228,0.95377
20570301,1.786
20570302,3.1674
20570303,7.7694
20570304,2.9188
20570305,6.0337
20570306,3.4331
20570307,1.4857
20570308,1.527
20570309,5.2589
20570310,2.0568
20570311,3.14
20570312,3.4341
20570313,0.82022
20570314,2.0306
20570315,4.0568
20570316,3.0568
20570317,6.2575
20570318,3.5688
20570319,2.8396
20570320,7.5665
20570321,7.4528
20570322,9.5071
20570323,8.0708
20570324,7.5919
20570325,5.521
20570326,9.0014
20570327,5.4602
20570328,2.8563
20570329,2.5604
20570330,8.5951
20570331,9.387
20570401,7.0307
20570402,4.0455
20570403,5.4477
20570404,3.6131
20570405,1.4105
20570406,5.669
20570407,7.3071
20570408,5.6189
20570409,7.4985
20570410,6.7047
20570411,6.4128
20570412,6.2077
20570413,8.0197
20570414,5.8806
20570415,6.4376
20570416,5.8513
20570417,9.5594
20570418,10.295
20570419,7.4036
20570420,7.657
20570421,6.0528
20570422,4.0422
20570423,6.1676
20570424,3.1601
20570425,5.6184
20570426,4.7851
20570427,3.0693
20570428,5.7179
20570429,4.8114
20570430,3.2077
20570501,7.1546
20570502,7.8562
20570503,7.4008
20570504,10.568
20570505,12.488
20570506,11.208
20570507,11.006
20570508,13.262
20570509,13.74
20570510,12.425
20570511,13.335
20570512,10.8
20570513,9.7676
20570514,8.9212
20570515,6.2844
20570516,5.3063
20570517,7.8024
20570518,8.7955
20570519,11.814
20570520,9.6255
20570521,8.068
20570522,6.843
20570523,7.5592
20570524,9.1511
20570525,9.0558
20570526,9.6145
20570527,12.44
20570528,10.748
20570529,10.312
20570530,8.9577
20570531,11.143
20570601,12.804
20570602,11.414
20570603,12.801
20570604,14.485
20570605,15.118
20570606,13.756
20570607,13.914
20570608,12.696
20570609,14.752
20570610,11.886
20570611,14.7
20570612,15.577
20570613,15.132
20570614,14.418
20570615,15.948
20570616,16.17
20570617,16.282
20570618,16.611
20570619,15.306
20570620,14.222
20570621,14.956
20570622,15.214
20570623,13.866
20570624,15.192
20570625,16.115
20570626,15.449
20570627,14.354
20570628,15.577
20570629,15.409
20570630,16.714
20570701,18.462
20570702,17.964
20570703,16.397
20570704,16.394
20570705,15.928
20570706,18.044
20570707,16.919
20570708,14.257
20570709,12.847
20570710,16.204
20570711,15
20570712,18.373
20570713,17.274
20570714,19.35
20570715,16.664
20570716,15.253
20570717,15.482
20570718,19.016
20570719,18.957
20570720,17.879
20570721,18.994
20570722,14.281
20570723,12.579
20570724,14.201
20570725,18.436
20570726,19.787
20570727,21.647
20570728,18.931
20570729,18.112
20570730,19.486
20570731,22.054
20570801,20.096
20570802,21.817
20570803,21.281
20570804,20.971
20570805,22.54
20570806,21.803
20570807,19.385
20570808,17.603
20570809,19.893
20570810,18.466
20570811,16.176
20570812,15.943
20570813,17.921
20570814,18.617
20570815,19.745
20570816,18.389
20570817,19.442
20570818,18.626
20570819,16.32
20570820,20.25
20570821,21.871
20570822,20.795
20570823,20.263
20570824,20.773
20570825,19.493
20570826,19.705
20570827,19.916
20570828,18.879
20570829,19.086
20570830,20.192
20570831,19.603
20570901,17.965
20570902,19.655
20570903,21.568
20570904,19.412
20570905,17.262
20570906,18.636
20570907,17.551
20570908,16.154
20570909,17.783
20570910,16.99
20570911,15.171
20570912,12.504
20570913,13.561
20570914,14.062
20570915,14.915
20570916,14.163
20570917,13.87
20570918,17.094
20570919,18.171
20570920,15.274
20570921,13.998
20570922,12.644
20570923,11.673
20570924,11.218
20570925,12.414
20570926,12.488
20570927,13.884
20570928,12.088
20570929,11.043
20570930,10.779
20571001,9.1139
20571002,7.9629
20571003,7.7606
20571004,9.0065
20571005,10.14
20571006,12.334
20571007,14.209
20571008,12.159
20571009,11.312
20571010,12.602
20571011,13.787
20571012,9.1393
20571013,7.4404
20571014,11.956
20571015,14.945
20571016,8.0688
20571017,6.0962
20571018,12.908
20571019,12.287
20571020,13.24
20571021,13.414
20571022,9.4935
20571023,7.6107
20571024,7.9423
20571025,9.1014
20571026,9.9501
20571027,9.0825
20571028,7.4346
20571029,8.4309
20571030,7.1222
20571031,9.1827
20571101,10.037
20571102,8.8736
20571103,7.63
20571104,5.6576
20571105,11.699
20571106,8.6684
20571107,4.6653
20571108,1.4599
20571109,0.74593
20571110,7.5867
20571111,6.8989
20571112,9.1892
20571113,8.3188
20571114,7.7601
20571115,6.3996
20571116,4.8717
20571117,5.1559
20571118,4.3771
20571119,4.2899
20571120,8.7517
20571121,8.1177
20571122,3.9996
20571123,2.5834
20571124,7.8207
20571125,3.895
20571126,3.5947
20571127,8.7833
20571128,4.8656
20571129,4.4613
20571130,5.9948
20571201,3.3481
20571202,1.6242
20571203,4.8281
20571204,4.3239
20571205,3.4931
20571206,6.0718
20571207,2.6241
20571208,6.3549
20571209,3.6629
20571210,1.0223
20571211,0.06778
20571212,1.7279
20571213,5.1576
20571214,2.7504
20571215,2.4155
20571216,0.48218
20571217,1.0938
20571218,0.40128
20571219,0.91368
20571220,0.19534
20571221,1.1157
20571222,8.111
20571223,4.1845
20571224,4.8149
20571225,4.7702
20571226,4.6499
20571227,4.5344
20571228,2.881
20571229,1.6959
20571230,1.8191
20571231,4.5095
20580101,2.9091
20580102,2.3938
20580103,-0.023916
20580104,0.71561
20580105,2.857
20580106,7.3473
20580107,2.4101
20580108,-0.52009
20580109,-1.4878
20580110,-1.5951
20580111,0.50971
20580112,6.7349
20580113,4.8271
20580114,4.1764
20580115,3.8712
20580116,2.9933
20580117,4.5507
20580118,2.2893
20580119,1.8879
20580120,1.0333
20580121,1.3421
20580122,3.0841
20580123,2.5998
20580124,2.1321
20580125,0.52316
20580126,-1.2579
20580127,1.2745
20580128,1.8757
20580129,-1.361
20580130,-3.1084
20580131,-2.743
20580201,-0.13441
20580202,-0.13319
20580203,1.6489
20580204,1.0677
20580205,4.8293
20580206,4.3704
20580207,3.1172
20580208,4.8527
20580209,5.2628
20580210,5.4098
20580211,2.1111
20580212,-0.09728
20580213,2.1736
20580214,-1.2563
20580215,-1.9647
20580216,0.51219
20580217,0.61891
20580218,-0.82803
20580219,-1.6751
20580220,-0.97304
20580221,2.0185
20580222,0.036174
20580223,4.7082
20580224,2.9941
20580225,3.2605
20580226,8.4908
20580227,9.9178
20580228,9.3649
20580301,4.2709
20580302,1.3965
20580303,3.3756
20580304,8.7969
20580305,8.6688
20580306,6.7825
20580307,6.2469
20580308,5.6132
20580309,7.3422
20580310,7.5311
20580311,6.1577
20580312,5.6675
20580313,6.8791
20580314,6.5314
20580315,8.0578
20580316,6.4883
20580317,7.7736
20580318,8.7361
20580319,8.6461
20580320,7.2868
20580321,6.9363
20580322,7.0271
20580323,6.7776
20580324,7.2383
20580325,10.075
20580326,6.3776
20580327,10.059
20580328,11.025
20580329,6.4831
20580330,5.9681
20580331,3.9371
20580401,2.01
20580402,1.6465
20580403,4.4858
20580404,6.3364
20580405,9.0065
20580406,7.8216
20580407,6.5329
20580408,5.1063
20580409,7.0349
20580410,5.312
20580411,4.2236
20580412,5.1655
20580413,5.3337
20580414,6.861
20580415,4.9031
20580416,5.212
20580417,7.5304
20580418,6.5469
20580419,7.6672
20580420,6.7989
20580421,7.3336
20580422,9.8665
20580423,7.4185
20580424,4.2322
20580425,3.694
20580426,6.1975
20580427,8.8517
20580428,6.9805
20580429,8.2842
20580430,7.6353
20580501,6.431
20580502,6.6573
20580503,9.0233
20580504,10.892
20580505,9.9374
20580506,12.399
20580507,13.947
20580508,13.186
20580509,13.49
20580510,12.877
20580511,14.666
20580512,12.105
20580513,10.201
20580514,8.5382
20580515,9.8214
20580516,10.489
20580517,11.797
20580518,9.664
20580519,8.7782
20580520,7.2074
20580521,8.1415
20580522,7.494
20580523,9.8249
20580524,9.2122
20580525,10.162
20580526,9.0157
20580527,10.021
20580528,9.4548
20580529,10.817
20580530,10.387
20580531,9.1245
20580601,8.9948
20580602,11.327
20580603,13.165
20580604,11.349
20580605,12.001
20580606,11.492
20580607,13.001
20580608,14.438
20580609,15.73
20580610,14.054
20580611,11.933
20580612,11.961
20580613,14.242
20580614,15.217
20580615,15.486
20580616,13.995
20580617,12.702
20580618,11.304
20580619,13.184
20580620,12.48
20580621,12.661
20580622,12.485
20580623,11.502
20580624,13.862
20580625,15.034
20580626,12.358
20580627,11.186
20580628,13.32
20580629,13.775
20580630,13.945
20580701,16.277
20580702,19.676
20580703,19.43
20580704,21.016
20580705,18.71
20580706,21.021
20580707,21.209
20580708,19.706
20580709,23.997
20580710,22.519
20580711,21.59
20580712,19.29
20580713,22.184
20580714,20.605
20580715,20.603
20580716,21.038
20580717,19.845
20580718,19.908
20580719,19.636
20580720,19.978
20580721,18.476
20580722,17.895
20580723,19.816
20580724,21.827
20580725,21.769
20580726,21.476
20580727,20.464
20580728,19.667
20580729,17.904
20580730,18.181
20580731,15.36
20580801,17.717
20580802,19.553
20580803,18.768
20580804,16.891
20580805,19.113
20580806,21.573
20580807,22.64
20580808,21.429
20580809,19.896
20580810,19.832
20580811,18.509
20580812,18.866
20580813,20.598
20580814,22.794
20580815,23.098
20580816,17.707
20580817,16.791
20580818,17.394
20580819,17.176
20580820,15.714
20580821,12.825
20580822,16.979
20580823,14.988
20580824,15.676
20580825,15.514
20580826,16.468
20580827,18.527
20580828,18.84
20580829,19.367
20580830,20.38
20580831,17.097
20580901,13.768
20580902,13.801
20580903,17.121
20580904,15.849
20580905,14.527
20580906,16.56
20580907,17.42
20580908,16.044
20580909,15.492
20580910,14.439
20580911,16.827
20580912,15.21
20580913,13.155
20580914,13.638
20580915,14.09
20580916,13.962
20580917,15.506
20580918,17.053
20580919,14.555
20580920,14.298
20580921,17.387
20580922,16.245
20580923,15.523
20580924,16.701
20580925,15.852
20580926,18.306
20580927,15.739
20580928,14.277
20580929,11.447
20580930,11.993
20581001,14.436
20581002,11.995
20581003,12.969
20581004,10.512
20581005,10.49
20581006,10.383
20581007,10.496
20581008,13.623
20581009,14.025
20581010,12.781
20581011,12.235
20581012,12.049
20581013,12.62
20581014,13.638
20581015,11.98
20581016,11.257
20581017,10.515
20581018,11.367
20581019,10.763
20581020,10.748
20581021,10.182
20581022,12.223
20581023,13.846
20581024,14.607
20581025,12.401
20581026,9.1899
20581027,7.448
20581028,9.1224
20581029,6.9732
20581030,6.0402
20581031,6.3649
20581101,8.5835
20581102,11.349
20581103,10.193
20581104,4.342
20581105,1.7389
20581106,1.6857
20581107,1.7148
20581108,1.9365
20581109,2.1584
20581110,5.4809
20581111,4.189
20581112,3.2771
20581113,1.4365
20581114,3.7266
20581115,1.5662
20581116,2.0436
20581117,-0.57474
20581118,-0.6329
20581119,1.1965
20581120,3.459
20581121,5.5485
20581122,3.3682
20581123,2.4744
20581124,1.7225
20581125,5.3323
20581126,4.1072
20581127,1.3965
20581128,4.2538
20581129,5.4382
20581130,2.7141
20581201,6.2043
20581202,4.3494
20581203,-1.1268
20581204,-2.796
20581205,-0.98389
20581206,1.3158
20581207,0.18165
20581208,-0.64371
20581209,-2.6553
20581210,-4.4105
20581211,-4.3503
20581212,-2.5383
20581213,-3.0856
20581214,-4.8941
20581215,-3.1242
20581216,1.8183
20581217,-1.0699
20581218,-1.8597
20581219,-1.5622
20581220,-0.87298
20581221,0.53444
20581222,-0.004303
20581223,-0.32353
20581224,0.33816
20581225,0.53526
20581226,-0.9829
20581227,-1.145
20581228,-0.14146
20581229,0.011851
20581230,-1.2334
20581231,-1.7876
20590101,5.7955
20590102,7.0062
20590103,8.2841
20590104,7.3641
20590105,4.4776
20590106,2.9724
20590107,0.38071
20590108,-1.3002
20590109,-0.79431
20590110,3.557
20590111,1.0588
20590112,-0.79218
20590113,-2.2012
20590114,-2.8633
20590115,2.1724
20590116,0.98003
20590117,-0.56862
20590118,-1.053
20590119,-2.6092
20590120,-2.7935
20590121,-2.7725
20590122,-2.8467
20590123,-2.3255
20590124,-0.80597
20590125,3.5473
20590126,0.88811
20590127,-1.5997
20590128,-1.1443
20590129,-1.568
20590130,-0.44879
20590131,3.1864
20590201,4.3997
20590202,4.0004
20590203,5.2369
20590204,4.9962
20590205,4.8191
20590206,-0.3093
20590207,-1.8561
20590208,3.5514
20590209,3.2004
20590210,1.5931
20590211,-0.39596
20590212,-2.1504
20590213,1.019
20590214,6.4019
20590215,3.6757
20590216,4.4101
20590217,3.0513
20590218,4.9227
20590219,1.7012
20590220,-0.83455
20590221,0.66756
20590222,3.2067
20590223,1.6894
20590224,-0.69412
20590225,-2.1042
20590226,-3.1401
20590227,-1.0679
20590228,2.9927
20590301,0.14813
20590302,1.2549
20590303,3.2761
20590304,4.0803
20590305,1.4884
20590306,0.070526
20590307,-1.8613
20590308,0.95095
20590309,0.79945
20590310,0.33976
20590311,0.92079
20590312,-0.99952
20590313,-1.7934
20590314,-1.9944
20590315,0.77398
20590316,-1.6312
20590317,0.29077
20590318,4.428
20590319,4.4107
20590320,4.0769
20590321,3.2214
20590322,3.5794
20590323,6.1333
20590324,11.785
20590325,11.021
20590326,9.8581
20590327,5.3105
20590328,3.1512
20590329,4.3797
20590330,7.6558
20590331,6.4588
20590401,5.9155
20590402,7.9321
20590403,5.3229
20590404,3.5235
20590405,6.4828
20590406,6.3691
20590407,6.11
20590408,7.7222
20590409,4.8846
20590410,4.0155
20590411,5.525
20590412,4.2411
20590413,7.5568
20590414,6.9158
20590415,7.0505
20590416,4.567
20590417,7.2213
20590418,5.0027
20590419,6.2549
20590420,4.3693
20590421,5.3116
20590422,8.6912
20590423,11.306
20590424,10.249
20590425,11.292
20590426,12.002
20590427,11.727
20590428,10.275
20590429,10.88
20590430,11.806
20590501,12.097
20590502,11.206
20590503,11.183
20590504,11.412
20590505,11.866
20590506,9.6609
20590507,14.245
20590508,12.506
20590509,11.623
20590510,12.853
20590511,10.555
20590512,9.1491
20590513,8.6102
20590514,9.192
20590515,10.042
20590516,12.706
20590517,13.096
20590518,12.981
20590519,11.213
20590520,10.595
20590521,13.653
20590522,13.404
20590523,13.503
20590524,13.806
20590525,15.222
20590526,16.559
20590527,17.036
20590528,15.41
20590529,13.431
20590530,13.248
20590531,13.827
20590601,13.905
20590602,12.682
20590603,12.273
20590604,15.634
20590605,12.484
20590606,10.776
20590607,10.362
20590608,15.396
20590609,13.061
20590610,13.3
20590611,11.909
20590612,13.249
20590613,14.878
20590614,14.729
20590615,15.317
20590616,14.453
20590617,12.749
20590618,14.414
20590619,14.987
20590620,17.202
20590621,14.975
20590622,13.21
20590623,15.198
20590624,14.786
20590625,14.789
20590626,17.467
20590627,16.077
20590628,14.986
20590629,14.339
20590630,14.142
20590701,13.003
20590702,10.935
20590703,15.532
20590704,14.22
20590705,12.834
20590706,13.43
20590707,14.476
20590708,15.575
20590709,13.751
20590710,16.991
20590711,16.07
20590712,16.961
20590713,15.983
20590714,16.102
20590715,16.273
20590716,18.442
20590717,19.095
20590718,19.087
20590719,18.907
20590720,19.186
20590721,18.252
20590722,18.313
20590723,17.455
20590724,19.002
20590725,17.96
20590726,17.639
20590727,18.586
20590728,18.459
20590729,18.018
20590730,20.081
20590731,19.447
20590801,19.658
20590802,18.285
20590803,19.203
20590804,20.465
20590805,21.683
20590806,23.532
20590807,21.592
20590808,17.093
20590809,16.264
20590810,15.08
20590811,15.49
20590812,15.484
20590813,14.666
20590814,15.782
20590815,19.141
20590816,21.312
20590817,20.397
20590818,21.492
20590819,21.791
20590820,20.964
20590821,21.283
20590822,19.638
20590823,19.708
20590824,20.031
20590825,19.59
20590826,16.334
20590827,14.993
20590828,17.268
20590829,19.68
20590830,20.413
20590831,17.376
20590901,15.836
20590902,16.755
20590903,18.544
20590904,15.883
20590905,13.581
20590906,13.354
20590907,14.667
20590908,12.964
20590909,14.015
20590910,15.53
20590911,14.84
20590912,15.569
20590913,16.474
20590914,13.322
20590915,12.673
20590916,13.332
20590917,14.913
20590918,13.607
20590919,14.208
20590920,14.996
20590921,13.596
20590922,14.445
20590923,14.757
20590924,15.026
20590925,14.426
20590926,14.356
20590927,13.462
20590928,12.317
20590929,12.724
20590930,15.502
20591001,14.963
20591002,14.908
20591003,13.881
20591004,13.4
20591005,11.614
20591006,10.593
20591007,10.309
20591008,8.1029
20591009,13.582
20591010,10.166
20591011,8.6116
20591012,9.9187
20591013,8.4506
20591014,11.79
20591015,11.876
20591016,11.427
20591017,8.3679
20591018,10.073
20591019,7.9849
20591020,7.7918
20591021,8.1749
20591022,11.036
20591023,10.96
20591024,16.133
20591025,16.186
20591026,15.002
20591027,12.263
20591028,14.39
20591029,11.356
20591030,9.3517
20591031,7.7604
20591101,7.455
20591102,5.888
20591103,5.2996
20591104,8.648
20591105,13.405
20591106,13.565
20591107,13.783
20591108,12.867
20591109,11.525
20591110,11.325
20591111,10.546
20591112,9.2548
20591113,7.6894
20591114,12.677
20591115,13.241
20591116,11.967
20591117,9.8504
20591118,9.1884
20591119,9.9972
20591120,8.6466
20591121,7.073
20591122,4.4391
20591123,7.221
20591124,5.76
20591125,3.949
20591126,6.6607
20591127,6.4162
20591128,6.1717
20591129,3.6459
20591130,3.0397
20591201,4.8694
20591202,2.1116
20591203,1.6171
20591204,2.2226
20591205,1.4396
20591206,1.1642
20591207,1.0166
20591208,1.4996
20591209,9.8358
20591210,9.2515
20591211,7.1408
20591212,8.1949
20591213,9.127
20591214,6.5548
20591215,3.794
20591216,4.2292
20591217,4.6789
20591218,3.7375
20591219,0.8785
20591220,0.27047
20591221,0.03713
20591222,4.9354
20591223,2.3866
20591224,0.5782
20591225,2.7191
20591226,1.2503
20591227,0.4572
20591228,-1.1091
20591229,2.1786
20591230,-0.24396
20591231,-1.0212
20600101,3.096
20600102,-0.68252
20600103,-1.9686
20600104,-0.019216
20600105,2.9974
20600106,2.543
20600107,0.97386
20600108,0.50266
20600109,-0.5841
20600110,0.80456
20600111,-1.1287
20600112,-2.2143
20600113,-2.1934
20600114,0.52328
20600115,-1.9844
20600116,-3.6882
20600117,-2.5389
20600118,-3.3302
20600119,-2.605
20600120,-0.62478
20600121,0.21541
20600122,-1.7418
20600123,-1.4807
20600124,-1.354
20600125,-3.1993
20600126,-0.43432
20600127,-1.4889
20600128,-3.4011
20600129,-3.0353
20600130,-3.8899
20600131,-1.8615
20600201,-2.6561
20600202,-2.1575
20600203,-2.3286
20600204,-2.47
20600205,-3.0768
20600206,-0.52378
20600207,0.065857
20600208,0.51094
20600209,0.079274
20600210,0.86193
20600211,5.2949
20600212,2.3503
20600213,3.1332
20600214,0.88572
20600215,0.15962
20600216,0.13171
20600217,3.4982
20600218,3.5771
20600219,3.2885
20600220,4.7868
20600221,4.5384
20600222,4.7142
20600223,2.9335
20600224,1.2138
20600225,0.47938
20600226,2.8961
20600227,2.9537
20600228,2.9384
20600229,4.4664
20600301,6.2578
20600302,8.2345
20600303,4.0833
20600304,3.8397
20600305,1.4335
20600306,0.75615
20600307,2.8585
20600308,4.1313
20600309,1.6491
20600310,-0.24557
20600311,4.9349
20600312,3.4368
20600313,3.0129
20600314,5.1019
20600315,5.2644
20600316,4.1949
20600317,5.2118
20600318,5.581
20600319,6.1488
20600320,4.1296
20600321,3.1278
20600322,4.9298
20600323,3.1729
20600324,4.6619
20600325,4.5176
20600326,4.2019
20600327,3.746
20600328,9.9458
20600329,6.4028
20600330,7.1385
20600331,8.6159
20600401,5.1109
20600402,4.0292
20600403,3.3677
20600404,4.8153
20600405,2.3261
20600406,6.264
20600407,6.9542
20600408,5.6766
20600409,6.747
20600410,9.1241
20600411,8.2241
20600412,6.4923
20600413,8.3821
20600414,5.3442
20600415,3.1571
20600416,3.1995
20600417,4.6679
20600418,4.3385
20600419,8.1118
20600420,9.3231
20600421,8.1943
20600422,7.0399
20600423,8.6183
20600424,5.9108
20600425,10.079
20600426,10.17
20600427,8.1051
20600428,5.8889
20600429,5.8649
20600430,4.546
20600501,6.4382
20600502,8.5581
20600503,9.3359
20600504,6.7015
20600505,8.5807
20600506,7.3166
20600507,10.024
20600508,11.417
20600509,9.6269
20600510,9.4255
20600511,11.693
20600512,10.963
20600513,13.825
20600514,12.952
20600515,12.189
20600516,14.035
20600517,13.51
20600518,11.978
20600519,12.798
20600520,13.204
20600521,9.9212
20600522,10.764
20600523,9.0588
20600524,7.1084
20600525,9.098
20600526,10.467
20600527,13.572
20600528,12.377
20600529,14.623
20600530,15.417
20600531,15.914
20600601,15.694
20600602,15.162
20600603,15.361
20600604,14.531
20600605,14.573
20600606,14.755
20600607,14.766
20600608,15.219
20600609,16.073
20600610,15.396
20600611,17.585
20600612,18.156
20600613,18.129
20600614,18.532
20600615,18.113
20600616,18.745
20600617,18.51
20600618,17.595
20600619,17.618
20600620,16.789
20600621,14.886
20600622,13.776
20600623,14.277
20600624,14.406
20600625,16.24
20600626,15.005
20600627,17.321
20600628,15.686
20600629,14.325
20600630,14.826
20600701,14.322
20600702,17.756
20600703,19.876
20600704,17.534
20600705,15.914
20600706,18.993
20600707,19.281
20600708,16.001
20600709,14.12
20600710,15.968
20600711,15.838
20600712,16.312
20600713,16.307
20600714,19.283
20600715,19.769
20600716,22.671
20600717,21.247
20600718,18.498
20600719,20.689
20600720,20.711
20600721,19.964
20600722,20.462
20600723,21.242
20600724,24.335
20600725,25.071
20600726,24.987
20600727,26.642
20600728,26.161
20600729,25.864
20600730,23.765
20600731,22.768
20600801,22.325
20600802,23.318
20600803,22.406
20600804,20.847
20600805,18.402
20600806,17.992
20600807,18.072
20600808,19.096
20600809,21.163
20600810,21.248
20600811,21.343
20600812,19.145
20600813,17.704
20600814,19.026
20600815,21.427
20600816,21.455
20600817,20.437
20600818,20.653
20600819,19.892
20600820,19.589
20600821,19.988
20600822,19.229
20600823,19.799
20600824,20.049
20600825,17.838
20600826,16.43
20600827,16.05
20600828,16.662
20600829,17.033
20600830,17.714
20600831,18.611
20600901,17.77
20600902,15.56
20600903,17.001
20600904,16.102
20600905,16.833
20600906,16.389
20600907,17.59
20600908,15.136
20600909,13.748
20600910,14.081
20600911,14.755
20600912,12.542
20600913,13.15
20600914,14.288
20600915,16.895
20600916,13.811
20600917,13.03
20600918,14.262
20600919,15.659
20600920,14.138
20600921,13.796
20600922,15.763
20600923,18.634
20600924,13.851
20600925,11.729
20600926,13.564
20600927,16.676
20600928,16.531
20600929,15.155
20600930,15.069
20601001,16.031
20601002,14.475
20601003,13.8
20601004,13.879
20601005,13.781
20601006,12.964
20601007,12.584
20601008,10.517
20601009,9.4261
20601010,9.3535
20601011,9.0196
20601012,8.7784
20601013,10.526
20601014,10.685
20601015,9.2454
20601016,7.1123
20601017,6.6701
20601018,6.2496
20601019,6.9955
20601020,8.1808
20601021,6.2251
20601022,5.1154
20601023,4.6471
20601024,5.324
20601025,6.3359
20601026,7.6545
20601027,9.7
20601028,10.512
20601029,9.0615
20601030,10.31
20601031,12.114
20601101,11.26
20601102,10.04
20601103,11.661
20601104,12.621
20601105,10.322
20601106,8.6767
20601107,7.5044
20601108,8.3019
20601109,8.2379
20601110,6.9033
20601111,7.8578
20601112,6.6479
20601113,5.6966
20601114,5.2845
20601115,7.8059
20601116,6.0188
20601117,8.1242
20601118,7.8197
20601119,6.0583
20601120,3.7476
20601121,2.8452
20601122,5.412
20601123,3.8328
20601124,9.2179
20601125,12.837
20601126,13.434
20601127,13.413
20601128,11.542
20601129,7.1424
20601130,6.2282
20601201,9.0798
20601202,6.8143
20601203,5.5438
20601204,8.6296
20601205,8.1437
20601206,5.7177
20601207,5.1198
20601208,9.6776
20601209,9.4587
20601210,7.8983
20601211,10.318
20601212,6.7823
20601213,1.9998
20601214,-0.32924
20601215,-0.99778
20601216,2.6623
20601217,1.0402
20601218,-0.35933
20601219,1.199
20601220,1.9901
20601221,3.3202
20601222,4.1715
20601223,3.4762
20601224,5.9673
20601225,5.7222
20601226,3.6979
20601227,4.6737
20601228,7.4763
20601229,1.6616
20601230,0.89822
20601231,-0.17891
20610101,-1.3708
20610102,2.4637
20610103,2.584
20610104,1.3743
20610105,4.8415
20610106,2.4489
20610107,-1.1537
20610108,-2.442
20610109,-0.1619
20610110,0.87361
20610111,0.18841
20610112,-0.74487
20610113,-1.5412
20610114,-0.46219
20610115,0.030141
20610116,1.6625
20610117,1.2869
20610118,-0.39665
20610119,2.4847
20610120,1.6796
20610121,0.48
20610122,2.3304
20610123,-0.47379
20610124,0.41958
20610125,1.4182
20610126,1.0842
20610127,-1.4971
20610128,-3.5048
20610129,-3.8017
20610130,-1.0499
20610131,4.7828
20610201,5.7369
20610202,2.1649
20610203,0.20242
20610204,0.48832
20610205,-0.022512
20610206,0.43926
20610207,0.26889
20610208,2.6451
20610209,3.449
20610210,6.4833
20610211,2.1633
20610212,0.59879
20610213,-0.64845
20610214,-0.36668
20610215,-0.44301
20610216,-0.23775
20610217,2.229
20610218,1.4176
20610219,-0.85856
20610220,-1.8577
20610221,-0.95323
20610222,-0.026937
20610223,-0.61781
20610224,1.2528
20610225,-0.52475
20610226,3.1347
20610227,1.4881
20610228,0.16525
20610301,0.5837
20610302,1.3339
20610303,2.3542
20610304,2.9173
20610305,6.1591
20610306,7.9028
20610307,6.8898
20610308,4.6617
20610309,5.3368
20610310,5.4892
20610311,5.3917
20610312,6.4849
20610313,6.389
20610314,5.8005
20610315,5.0955
20610316,6.9583
20610317,10.242
20610318,6.5315
20610319,1.9994
20610320,2.8486
20610321,5.2319
20610322,3.0159
20610323,0.84988
20610324,3.941
20610325,2.1131
20610326,1.9299
20610327,1.6871
20610328,1.2532
20610329,1.4058
20610330,5.641
20610331,4.5403
20610401,4.5291
20610402,7.3259
20610403,6.9167
20610404,4.0749
20610405,5.9074
20610406,10.813
20610407,9.9922
20610408,8.5412
20610409,5.41
20610410,4.1403
20610411,2.8569
20610412,5.1653
20610413,6.4266
20610414,8.3252
20610415,7.497
20610416,7.2233
20610417,7.5187
20610418,9.8506
20610419,7.5373
20610420,5.6489
20610421,4.1361
20610422,5.5465
20610423,6.824
20610424,5.9989
20610425,6.4389
20610426,6.6293
20610427,6.6345
20610428,6.4367
20610429,6.4576
20610430,6.8827
20610501,9.3187
20610502,11.789
20610503,9.8426
20610504,7.8076
20610505,9.3342
20610506,9.8644
20610507,12.094
20610508,12.532
20610509,10.931
20610510,9.1868
20610511,10.638
20610512,13.416
20610513,15.182
20610514,13.525
20610515,12.017
20610516,11.61
20610517,12.783
20610518,13.866
20610519,14.019
20610520,12.505
20610521,12.778
20610522,14.407
20610523,10.504
20610524,8.3826
20610525,10.601
20610526,13.04
20610527,10.952
20610528,13.136
20610529,12.844
20610530,13.772
20610531,15.168
20610601,14.33
20610602,15.986
20610603,14.89
20610604,15.089
20610605,16.772
20610606,16.41
20610607,15.974
20610608,14.776
20610609,14.512
20610610,15.393
20610611,15.645
20610612,18.644
20610613,17.43
20610614,15.721
20610615,16.763
20610616,16.696
20610617,15.575
20610618,19.314
20610619,18.92
20610620,19.604
20610621,18.51
20610622,19.127
20610623,18.298
20610624,19.614
20610625,17.736
20610626,16.449
20610627,16.171
20610628,15.704
20610629,16.819
20610630,16.789
20610701,19.159
20610702,19.208
20610703,19.348
20610704,18.212
20610705,17.928
20610706,17.828
20610707,17.753
20610708,17.538
20610709,19.397
20610710,18.083
20610711,18.028
20610712,17.764
20610713,17.372
20610714,16.318
20610715,16.31
20610716,18.857
20610717,20.08
20610718,16.437
20610719,14.436
20610720,14.995
20610721,18.12
20610722,17.564
20610723,15.216
20610724,17.067
20610725,16.668
20610726,13.557
20610727,17.331
20610728,19.737
20610729,22.492
20610730,22.569
20610731,20.036
20610801,16.725
20610802,18.269
20610803,17.872
20610804,17.409
20610805,18.988
20610806,20.741
20610807,21.555
20610808,22.259
20610809,19.868
20610810,18.788
20610811,18.972
20610812,20.497
20610813,18.809
20610814,16.923
20610815,19.479
20610816,20.401
20610817,20.027
20610818,21.384
20610819,21.354
20610820,21.733
20610821,21.625
20610822,19.306
20610823,18.192
20610824,15.822
20610825,16.962
20610826,14.199
20610827,13.113
20610828,14.288
20610829,13.985
20610830,12.713
20610831,14.976
20610901,15.877
20610902,13.141
20610903,13.961
20610904,19.038
20610905,14.023
20610906,12.389
20610907,14.93
20610908,14.707
20610909,15.61
20610910,15.353
20610911,14.011
20610912,15.654
20610913,16.01
20610914,10.348
20610915,9.883
20610916,9.3989
20610917,13.621
20610918,14.957
20610919,15.388
20610920,13.469
20610921,13.719
20610922,18.301
20610923,19.742
20610924,19.908
20610925,18.267
20610926,17.136
20610927,14.701
20610928,13.047
20610929,14.429
20610930,13.896
20611001,15.139
20611002,12.371
20611003,10.544
20611004,8.5838
20611005,8.1941
20611006,8.1611
20611007,8.2902
20611008,9.1604
20611009,11.808
20611010,7.6321
20611011,5.8311
20611012,7.0972
20611013,9.5469
20611014,11.084
20611015,8.8486
20611016,10.788
20611017,12.699
20611018,11.783
20611019,13.07
20611020,11.636
20611021,10.997
20611022,9.5079
20611023,9.2804
20611024,9.3433
20611025,12.521
20611026,14.653
20611027,16.283
20611028,14.041
20611029,13.594
20611030,17.504
20611031,16.059
20611101,13.028
20611102,11.027
20611103,10.845
20611104,9.5277
20611105,11.81
20611106,12.316
20611107,9.1069
20611108,7.1952
20611109,7.43
20611110,12.345
20611111,11.289
20611112,9.1046
20611113,8.4349
20611114,7.3893
20611115,8.831
20611116,3.6333
20611117,1.806
20611118,2.1514
20611119,4.0567
20611120,4.1145
20611121,6.3487
20611122,4.5543
20611123,3.263
20611124,4.7426
20611125,6.174
20611126,4.4038
20611127,5.5386
20611128,4.3625
20611129,6.2374
20611130,12.745
20611201,6.7125
20611202,6.6717
20611203,6.1132
20611204,7.3002
20611205,3.4986
20611206,1.3839
20611207,4.3882
20611208,1.7865
20611209,-0.56965
20611210,0.007192
20611211,-1.1907
20611212,0.044637
20611213,8.2695
20611214,2.6402
20611215,0.81388
20611216,-0.35508
20611217,-2.1389
20611218,-0.74173
20611219,1.4593
20611220,2.4727
20611221,1.6095
20611222,-0.20427
20611223,1.7269
20611224,1.9521
20611225,1.3363
20611226,2.4468
20611227,5.0854
20611228,4.7384
20611229,7.968
20611230,9.8027
20611231,4.2768
20620101,2.1085
20620102,3.5631
20620103,2.7912
20620104,3.6176
20620105,2.1165
20620106,-1.1027
20620107,-2.5318
20620108,-2.7767
20620109,-0.56489
20620110,5.1029
20620111,3.9019
20620112,3.7544
20620113,2.3265
20620114,-1.4644
20620115,-2.0836
20620116,4.3136
20620117,3.1705
20620118,1.1877
20620119,0.084208
20620120,-0.074961
20620121,1.8265
20620122,5.2005
20620123,5.3616
20620124,4.4494
20620125,1.6829
20620126,-1.099
20620127,-1.7577
20620128,-0.61569
20620129,-1.5688
20620130,-2.4301
20620131,0.35389
20620201,-1.6257
20620202,-0.6604
20620203,-0.1791
20620204,-1.9134
20620205,2.2416
20620206,1.9797
20620207,1.2873
20620208,0.51132
20620209,1.4333
20620210,2.3652
20620211,2.8977
20620212,4.5411
20620213,2.1053
20620214,1.5084
20620215,2.455
20620216,4.1361
20620217,1.7796
20620218,0.63147
20620219,3.2395
20620220,4.3659
20620221,1.9185
20620222,5.6609
20620223,3.6103
20620224,4.1207
20620225,5.7502
20620226,4.2949
20620227,0.90364
20620228,-0.27274
20620301,-0.097717
20620302,0.5847
20620303,-0.18789
20620304,-0.69049
20620305,0.86673
20620306,1.2415
20620307,-0.12698
20620308,1.9368
20620309,1.0627
20620310,-0.27182
20620311,2.3869
20620312,2.5396
20620313,1.8022
20620314,3.2742
20620315,3.5599
20620316,3.1646
20620317,4.5484
20620318,2.953
20620319,1.2594
20620320,3.7065
20620321,4.1229
20620322,5.0343
20620323,4.4986
20620324,4.2585
20620325,5.2067
20620326,4.168
20620327,0.95903
20620328,-0.045502
20620329,0.80354
20620330,2.2427
20620331,6.3176
20620401,4.2181
20620402,0.67477
20620403,-1.349
20620404,1.3996
20620405,7.7735
20620406,4.5593
20620407,9.0885
20620408,6.4213
20620409,2.2788
20620410,2.0729
20620411,4.9483
20620412,8.9048
20620413,9.0324
20620414,7.5515
20620415,7.1256
20620416,4.6272
20620417,5.9761
20620418,6.799
20620419,8.7232
20620420,10.005
20620421,9.055
20620422,8.4142
20620423,8.1923
20620424,8.1067
20620425,9.1659
20620426,11.6
20620427,10.532
20620428,9.3448
20620429,11.048
20620430,8.1777
20620501,6.1097
20620502,7.6013
20620503,6.8726
20620504,9.1334
20620505,10.396
20620506,8.9943
20620507,12.468
20620508,11.342
20620509,12.585
20620510,12.712
20620511,11.128
20620512,8.6483
20620513,8.5247
20620514,7.5663
20620515,4.9082
20620516,5.1952
20620517,8.8982
20620518,10.8
20620519,11.941
20620520,12.592
20620521,15.489
20620522,15.232
20620523,15.231
20620524,13.307
20620525,14.673
20620526,14.888
20620527,13.179
20620528,13.003
20620529,13.529
20620530,13.637
20620531,12.179
20620601,14.807
20620602,15.29
20620603,15.046
20620604,13.528
20620605,12.368
20620606,11.174
20620607,12.844
20620608,13.318
20620609,13.336
20620610,15.251
20620611,15.744
20620612,17.787
20620613,14.101
20620614,12.887
20620615,15.364
20620616,16.156
20620617,16.029
20620618,16.628
20620619,15.297
20620620,14.993
20620621,15.632
20620622,14.728
20620623,12.832
20620624,11.984
20620625,11.454
20620626,15.46
20620627,16.884
20620628,18.816
20620629,20.808
20620630,20.545
20620701,18.883
20620702,18.901
20620703,19.888
20620704,19.681
20620705,19.53
20620706,18.369
20620707,17.317
20620708,18.834
20620709,18.75
20620710,19.652
20620711,18.406
20620712,19.063
20620713,18.009
20620714,18.998
20620715,18.021
20620716,20.363
20620717,18.997
20620718,18.858
20620719,18.236
20620720,17.987
20620721,18.986
20620722,17.819
20620723,19.116
20620724,17.706
20620725,15.378
20620726,19.153
20620727,20.585
20620728,19.544
20620729,17.71
20620730,16.155
20620731,15.838
20620801,16.107
20620802,16.333
20620803,17.738
20620804,18.727
20620805,20.9
20620806,19.913
20620807,17.898
20620808,19.549
20620809,18.335
20620810,15.557
20620811,17.858
20620812,19.944
20620813,20.655
20620814,20.462
20620815,21.126
20620816,18.261
20620817,20.34
20620818,21.474
20620819,23.557
20620820,21.724
20620821,22.655
20620822,17.647
20620823,16.201
20620824,13.795
20620825,14.006
20620826,16.587
20620827,16.11
20620828,16.9
20620829,19.176
20620830,17.614
20620831,16.074
20620901,13.36
20620902,16.71
20620903,17.946
20620904,17.956
20620905,13.67
20620906,12.21
20620907,15.962
20620908,16.224
20620909,14.199
20620910,15.368
20620911,17.036
20620912,17.431
20620913,16.762
20620914,17.11
20620915,19.005
20620916,19.12
20620917,17.252
20620918,17.224
20620919,16.251
20620920,17.825
20620921,16.823
20620922,16.236
20620923,17.302
20620924,16.883
20620925,15.656
20620926,17.602
20620927,16.996
20620928,20.081
20620929,17.145
20620930,14.75
20621001,13.614
20621002,14.97
20621003,16.375
20621004,15.139
20621005,13.996
20621006,14.488
20621007,18.089
20621008,17.003
20621009,15.335
20621010,14.583
20621011,16.411
20621012,16.406
20621013,16.153
20621014,11.564
20621015,9.6401
20621016,7.7901
20621017,5.1959
20621018,4.6688
20621019,4.0416
20621020,5.7698
20621021,11.766
20621022,15.157
20621023,14.847
20621024,14.255
20621025,13.442
20621026,13.473
20621027,10.475
20621028,7.6698
20621029,10.229
20621030,8.6251
20621031,10.159
20621101,9.8464
20621102,11.367
20621103,8.3697
20621104,5.594
20621105,3.3345
20621106,3.5684
20621107,1.9351
20621108,2.1215
20621109,3.8535
20621110,6.6106
20621111,7.087
20621112,4.9258
20621113,4.4714
20621114,2.7686
20621115,0.48993
20621116,3.1757
20621117,5.749
20621118,-0.30632
20621119,-0.96225
20621120,-2.4491
20621121,-3.002
20621122,0.42898
20621123,2.4058
20621124,0.062917
20621125,5.0052
20621126,5.1572
20621127,6.3746
20621128,6.5817
20621129,12.111
20621130,6.0215
20621201,5.8565
20621202,2.5522
20621203,0.14826
20621204,1.0391
20621205,6.1293
20621206,8.1347
20621207,3.1861
20621208,-1.3083
20621209,-3.0253
20621210,-0.37379
20621211,-1.7816
20621212,-3.6673
20621213,-0.14425
20621214,-1.0056
20621215,-3.2447
20621216,-2.0625
20621217,0.72441
20621218,1.6589
20621219,0.46012
20621220,-0.45299
20621221,-0.51382
20621222,-1.3401
20621223,-0.53655
20621224,1.4184
20621225,-2.3009
20621226,-3.9321
20621227,-0.2841
20621228,5.4106
20621229,8.2987
20621230,5.0607
20621231,3.6636
20630101,2.8973
20630102,6.5526
20630103,5.2016
20630104,0.90861
20630105,-0.55314
20630106,3.5932
20630107,4.7636
20630108,1.9838
20630109,3.2872
20630110,9.4737
20630111,7.7426
20630112,3.368
20630113,3.5047
20630114,10.479
20630115,6.1918
20630116,4.0519
20630117,1.431
20630118,-0.52542
20630119,1.2288
20630120,1.9695
20630121,3.0509
20630122,4.7808
20630123,6.4098
20630124,7.4566
20630125,5.2453
20630126,1.4087
20630127,0.15118
20630128,3.9951
20630129,2.9848
20630130,0.68792
20630131,2.857
20630201,4.5875
20630202,6.1507
20630203,6.5459
20630204,5.4632
20630205,3.3884
20630206,2.4713
20630207,3.0864
20630208,6.065
20630209,6.2446
20630210,6.3828
20630211,9.0154
20630212,9.1643
20630213,4.2884
20630214,2.9638
20630215,1.9005
20630216,5.119
20630217,8.4093
20630218,10.108
20630219,8.2712
20630220,6.0358
20630221,4.7935
20630222,2.3097
20630223,0.91841
20630224,1.3575
20630225,1.5378
20630226,4.3924
20630227,1.4335
20630228,4.0739
20630301,7.357
20630302,5.4712
20630303,3.1499
20630304,3.4482
20630305,4.0266
20630306,8.9138
20630307,5.2904
20630308,4.0814
20630309,4.3666
20630310,5.2982
20630311,7.0843
20630312,5.0782
20630313,7.576
20630314,6.8536
20630315,6.5835
20630316,7.7831
20630317,10.899
20630318,10.458
20630319,8.2911
20630320,8.5374
20630321,8.9091
20630322,7.5856
20630323,6.1901
20630324,7.5799
20630325,9.5474
20630326,8.7445
20630327,7.8554
20630328,5.2703
20630329,2.63
20630330,2.6189
20630331,1.9371
20630401,3.3524
20630402,2.3535
20630403,0.9525
20630404,3.2855
20630405,3.8209
20630406,5.3011
20630407,3.844
20630408,4.678
20630409,5.5647
20630410,7.6857
20630411,7.7061
20630412,8.6285
20630413,9.623
20630414,7.366
20630415,4.4778
20630416,4.5098
20630417,6.5109
20630418,6.2818
20630419,6.6225
20630420,7.0931
20630421,8.7701
20630422,6.164
20630423,9.2667
20630424,7.599
20630425,10.326
20630426,10.731
20630427,13.671
20630428,12.661
20630429,10.943
20630430,8.5463
20630501,10.129
20630502,9.121
20630503,7.871
20630504,12.276
20630505,11.817
20630506,12.182
20630507,14.49
20630508,11.715
20630509,9.1302
20630510,10.475
20630511,11.412
20630512,11.27
20630513,13.12
20630514,13.074
20630515,11.404
20630516,11.407
20630517,11.559
20630518,12.747
20630519,11.319
20630520,13.16
20630521,11.83
20630522,10.52
20630523,14.44
20630524,13.4
20630525,12.161
20630526,12.845
20630527,11.644
20630528,12.254
20630529,12.486
20630530,13.499
20630531,14.102
20630601,14.612
20630602,16.2
20630603,15.316
20630604,15.165
20630605,14.648
20630606,15.048
20630607,13.487
20630608,12.331
20630609,11.797
20630610,11.968
20630611,13.643
20630612,11.803
20630613,14.039
20630614,13.678
20630615,14.03
20630616,14.759
20630617,14.225
20630618,12.972
20630619,13.832
20630620,15.77
20630621,15.252
20630622,15.14
20630623,14.91
20630624,17.394
20630625,17.49
20630626,17.995
20630627,16.667
20630628,17.723
20630629,17.176
20630630,18.374
20630701,19.49
20630702,18.106
20630703,17.828
20630704,20.124
20630705,21.686
20630706,20.787
20630707,20.044
20630708,18.788
20630709,19.192
20630710,22.405
20630711,21.204
20630712,20.659
20630713,21.644
20630714,20.288
20630715,19.337
20630716,19.266
20630717,20.081
20630718,20.547
20630719,17.092
20630720,15.226
20630721,18.067
20630722,17.881
20630723,19.287
20630724,20.556
20630725,22.274
20630726,19.293
20630727,22.538
20630728,22.747
20630729,21.681
20630730,22.897
20630731,23.708
20630801,26.078
20630802,25.36
20630803,24.251
20630804,26.477
20630805,26.457
20630806,24.485
20630807,23.507
20630808,23.755
20630809,26.973
20630810,25.576
20630811,25.691
20630812,24.908
20630813,22.156
20630814,21.066
20630815,22.201
20630816,22.709
20630817,22.958
20630818,23.599
20630819,21.953
20630820,20.129
20630821,20.988
20630822,21.396
20630823,21.943
20630824,22.301
20630825,22.241
20630826,20.896
20630827,20.805
20630828,21.921
20630829,21.83
20630830,21.821
20630831,22.456
20630901,24.378
20630902,22.926
20630903,21.384
20630904,21.17
20630905,20.455
20630906,19.429
20630907,15.516
20630908,13.491
20630909,15.917
20630910,14.896
20630911,14.996
20630912,16.462
20630913,17.284
20630914,17.595
20630915,16.334
20630916,14.508
20630917,13.981
20630918,12.079
20630919,16.373
20630920,14.352
20630921,14.598
20630922,15.572
20630923,16.179
20630924,17.441
20630925,18.182
20630926,18.278
20630927,18.583
20630928,17.762
20630929,18.124
20630930,17.973
20631001,18.581
20631002,16.502
20631003,14.906
20631004,16.85
20631005,15.659
20631006,12.178
20631007,12.366
20631008,10.121
20631009,11.675
20631010,12.331
20631011,11.785
20631012,11.112
20631013,14.081
20631014,17.206
20631015,12.974
20631016,11.875
20631017,10.29
20631018,8.4622
20631019,6.4844
20631020,9.0416
20631021,12.574
20631022,8.6637
20631023,8.6112
20631024,10.218
20631025,7.8098
20631026,5.6528
20631027,7.8137
20631028,5.8445
20631029,4.5052
20631030,3.5716
20631031,4.7208
20631101,10.071
20631102,9.5585
20631103,6.4378
20631104,3.8493
20631105,2.5848
20631106,1.0438
20631107,5.0103
20631108,8.2555
20631109,9.9215
20631110,8.7873
20631111,8.7071
20631112,12.804
20631113,11.695
20631114,10.103
20631115,7.2106
20631116,5.6026
20631117,4.8525
20631118,4.9781
20631119,8.1002
20631120,5.2831
20631121,5.1985
20631122,4.5705
20631123,6.2898
20631124,2.8426
20631125,0.1372
20631126,-0.47201
20631127,-0.51769
20631128,2.9443
20631129,5.0254
20631130,6.3785
20631201,8.1216
20631202,9.0186
20631203,9.4366
20631204,8.2292
20631205,7.2412
20631206,4.5675
20631207,3.7419
20631208,4.4487
20631209,10.828
20631210,7.7479
20631211,6.3155
20631212,4.738
20631213,3.7099
20631214,1.7595
20631215,1.156
20631216,0.37218
20631217,-0.25424
20631218,-0.029134
20631219,6.5724
20631220,8.8705
20631221,2.1983
20631222,2.1248
20631223,2.8494
20631224,0.88714
20631225,3.8682
20631226,4.8319
20631227,8.7988
20631228,5.9808
20631229,3.6103
20631230,1.044
20631231,-0.079468
20640101,-0.27402
20640102,3.942
20640103,2.6523
20640104,2.8902
20640105,2.1936
20640106,0.33537
20640107,-0.68983
20640108,-0.11334
20640109,1.7431
20640110,1.9312
20640111,-0.35633
20640112,-0.010264
20640113,1.1689
20640114,6.4944
20640115,1.1505
20640116,-0.11703
20640117,-0.8316
20640118,-1.9637
20640119,2.1479
20640120,2.0578
20640121,1.9868
20640122,-0.032155
20640123,-1.0067
20640124,-2.517
20640125,-1.4416
20640126,3.2279
20640127,6.5424
20640128,5.2154
20640129,4.1194
20640130,4.5436
20640131,3.6028
20640201,1.4844
20640202,0.42189
20640203,0.15983
20640204,-0.88941
20640205,-0.45121
20640206,1.9288
20640207,-0.66443
20640208,-2.2062
20640209,-2.5815
20640210,-0.2878
20640211,3.4233
20640212,3.157
20640213,8.6655
20640214,6.0959
20640215,1.6402
20640216,-1.608
20640217,-2.5377
20640218,-1.896
20640219,0.86553
20640220,0.1543
20640221,3.2872
20640222,1.3379
20640223,1.7333
20640224,6.6525
20640225,5.2059
20640226,5.2505
20640227,1.8506
20640228,2.1959
20640229,3.5092
20640301,7.2035
20640302,2.3257
20640303,0.59025
20640304,6.6737
20640305,3.3647
20640306,6.8262
20640307,8.9961
20640308,6.3522
20640309,4.8954
20640310,5.9466
20640311,6.8697
20640312,5.8905
20640313,4.2939
20640314,3.0061
20640315,4.0016
20640316,4.0683
20640317,2.6745
20640318,4.439
20640319,3.49
20640320,1.306
20640321,0.050344
20640322,0.19041
20640323,0.5633
20640324,2.8273
20640325,4.1468
20640326,2.5145
20640327,8.6804
20640328,6.7116
20640329,4.4923
20640330,1.8372
20640331,2.4114
20640401,5.2625
20640402,5.0404
20640403,6.2309
20640404,8.1505
20640405,8.2734
20640406,7.5912
20640407,7.7559
20640408,8.5257
20640409,6.409
20640410,4.9248
20640411,7.4703
20640412,6.8366
20640413,7.3128
20640414,5.143
20640415,7.1545
20640416,9.4432
20640417,7.7556
20640418,7.3189
20640419,8.3612
20640420,9.477
20640421,7.7521
20640422,7.4099
20640423,8.2339
20640424,9.291
20640425,8.4423
20640426,7.9809
20640427,6.2598
20640428,3.5432
20640429,5.3032
20640430,6.1461
20640501,7.7582
20640502,9.3488
20640503,7.9044
20640504,11.127
20640505,12.263
20640506,9.6112
20640507,8.2741
20640508,6.4956
20640509,7.6469
20640510,7.8447
20640511,11.298
20640512,8.1139
20640513,7.8159
20640514,8.4304
20640515,6.2685
20640516,8.7454
20640517,9.9263
20640518,10.514
20640519,8.7712
20640520,8.0706
20640521,8.8006
20640522,11.329
20640523,13.852
20640524,14.085
20640525,13.862
20640526,13.398
20640527,13.029
20640528,10.209
20640529,11.889
20640530,10.861
20640531,13.176
20640601,14.877
20640602,16.849
20640603,17.412
20640604,12.147
20640605,11.593
20640606,14.519
20640607,17.339
20640608,15.863
20640609,13.546
20640610,14.349
20640611,14.905
20640612,15.91
20640613,18.708
20640614,18.107
20640615,18.357
20640616,17.233
20640617,18.495
20640618,18.772
20640619,18.846
20640620,18.418
20640621,17.835
20640622,16.563
20640623,17.555
20640624,19.372
20640625,18.686
20640626,17.594
20640627,16.203
20640628,14.707
20640629,14.257
20640630,16.647
20640701,16.643
20640702,18.582
20640703,17.63
20640704,16.53
20640705,16.361
20640706,19.126
20640707,17.268
20640708,18.634
20640709,18.713
20640710,20.492
20640711,20.509
20640712,20.851
20640713,20.54
20640714,20.413
20640715,20.273
20640716,19.162
20640717,15.365
20640718,15.973
20640719,19.087
20640720,21.127
20640721,18.37
20640722,14.901
20640723,14.049
20640724,17.162
20640725,17.204
20640726,16.208
20640727,17.719
20640728,16.58
20640729,17.022
20640730,20.537
20640731,16.373
20640801,14.307
20640802,12.9
20640803,13.68
20640804,15.881
20640805,17.027
20640806,19.014
20640807,17.079
20640808,15.679
20640809,17.544
20640810,18.12
20640811,18.825
20640812,19.073
20640813,18.161
20640814,18.803
20640815,18.157
20640816,16.286
20640817,13.522
20640818,15.71
20640819,15.964
20640820,16.7
20640821,18.652
20640822,17.223
20640823,17.757
20640824,16.254
20640825,16.258
20640826,17.515
20640827,17.45
20640828,17.945
20640829,18.84
20640830,19.948
20640831,20.95
20640901,20.213
20640902,22.042
20640903,19.54
20640904,18.769
20640905,19.291
20640906,18.99
20640907,18.866
20640908,18.566
20640909,18.818
20640910,19.428
20640911,16.873
20640912,16.303
20640913,15.091
20640914,14.675
20640915,14.798
20640916,15.086
20640917,12.145
20640918,12.514
20640919,13.946
20640920,16.995
20640921,16.588
20640922,15.164
20640923,13.701
20640924,14.355
20640925,15.898
20640926,13.003
20640927,12.417
20640928,17.326
20640929,14.692
20640930,13.755
20641001,12.59
20641002,13.54
20641003,17.712
20641004,16.745
20641005,16.316
20641006,15.102
20641007,14.52
20641008,13.28
20641009,11.92
20641010,12.837
20641011,12.514
20641012,11.185
20641013,14.935
20641014,11.233
20641015,10.013
20641016,12.028
20641017,9.6702
20641018,8.384
20641019,8.3705
20641020,14.839
20641021,10.803
20641022,8.5259
20641023,7.2969
20641024,7.444
20641025,6.0216
20641026,9.505
20641027,10.283
20641028,11.236
20641029,10.484
20641030,12.592
20641031,12.747
20641101,10.174
20641102,6.7835
20641103,6.3298
20641104,6.7531
20641105,9.2467
20641106,6.1244
20641107,4.8552
20641108,7.5787
20641109,4.4563
20641110,2.835
20641111,0.73152
20641112,0.36179
20641113,3.317
20641114,4.5865
20641115,11.905
20641116,9.4236
20641117,7.2592
20641118,5.78
20641119,3.3667
20641120,3.3862
20641121,3.3281
20641122,3.2307
20641123,4.6995
20641124,2.1223
20641125,1.4677
20641126,-0.044627
20641127,-0.46448
20641128,-0.3735
20641129,-1.1225
20641130,-0.98293
20641201,0.40133
20641202,1.7115
20641203,1.7613
20641204,2.2101
20641205,-0.53263
20641206,-1.6374
20641207,-1.326
20641208,3.8712
20641209,2.083
20641210,2.0439
20641211,3.0354
20641212,4.7446
20641213,3.2409
20641214,9.4342
20641215,8.4293
20641216,0.60844
20641217,-1.7173
20641218,-1.6743
20641219,0.14638
20641220,-0.74829
20641221,4.0695
20641222,-0.10102
20641223,-1.2805
20641224,3.8852
20641225,8.8813
20641226,1.4145
20641227,0.53924
20641228,0.028849
20641229,2.2279
20641230,2.9821
20641231,1.3449
20650101,1.5723
20650102,-1.6871
20650103,0.88711
20650104,3.2638
20650105,0.8337
20650106,2.6869
20650107,2.5675
20650108,1.7791
20650109,3.4443
20650110,2.0711
20650111,-0.86814
20650112,-3.9364
20650113,-3.6174
20650114,-3.0316
20650115,-2.8103
20650116,-1.7743
20650117,0.23585
20650118,0.31567
20650119,5.6045
20650120,5.618
20650121,2.1743
20650122,6.2286
20650123,9.0299
20650124,3.0737
20650125,2.4961
20650126,4.5442
20650127,5.2735
20650128,3.7128
20650129,2.0678
20650130,-0.35939
20650131,2.4725
20650201,0.93356
20650202,1.1141
20650203,-1.3123
20650204,-1.1516
20650205,-1.2108
20650206,-0.47425
20650207,-1.4074
20650208,-0.40803
20650209,-0.10303
20650210,0.95059
20650211,5.5655
20650212,1.8405
20650213,0.85718
20650214,1.0534
20650215,3.1203
20650216,-1.1162
20650217,0.16802
20650218,-0.37689
20650219,5.801
20650220,8.7599
20650221,10.139
20650222,8.3884
20650223,6.6444
20650224,7.4154
20650225,3.7497
20650226,1.5798
20650227,4.8791
20650228,4.8626
20650301,10.432
20650302,11.872
20650303,5.6412
20650304,4.2364
20650305,2.3911
20650306,4.1202
20650307,7.2359
20650308,10.211
20650309,7.3906
20650310,5.8158
20650311,5.1381
20650312,6.1666
20650313,4.5492
20650314,5.2804
20650315,9.6514
20650316,7.8412
20650317,4.5747
20650318,2.4794
20650319,5.9917
20650320,7.5919
20650321,8.0626
20650322,6.3941
20650323,6.6194
20650324,5.7193
20650325,4.7394
20650326,5.5638
20650327,6.7836
20650328,3.4949
20650329,5.0242
20650330,7.4897
20650331,9.7887
20650401,10.074
20650402,9.4481
20650403,9.2331
20650404,6.8751
20650405,7.217
20650406,7.4536
20650407,6.8562
20650408,2.7583
20650409,1.8116
20650410,3.6246
20650411,5.3556
20650412,2.4008
20650413,5.7642
20650414,9.2961
20650415,8.1088
20650416,8.9713
20650417,7.2089
20650418,8.6708
20650419,9.1629
20650420,9.9933
20650421,8.2956
20650422,6.2526
20650423,10.402
20650424,11.881
20650425,11.194
20650426,9.2577
20650427,9.555
20650428,10.065
20650429,12.427
20650430,10.835
20650501,10.342
20650502,11.896
20650503,12.64
20650504,12.656
20650505,11.054
20650506,13.76
20650507,12.864
20650508,10.976
20650509,10.182
20650510,9.7923
20650511,8.519
20650512,10.662
20650513,8.7949
20650514,11.127
20650515,8.9934
20650516,9.0629
20650517,7.5347
20650518,8.9593
20650519,10.299
20650520,11.964
20650521,11.382
20650522,13.708
20650523,12.548
20650524,13.461
20650525,12.73
20650526,14.25
20650527,15.259
20650528,14.892
20650529,14.853
20650530,15.771
20650531,14.03
20650601,11.179
20650602,9.5638
20650603,12.56
20650604,10.839
20650605,10.823
20650606,13.608
20650607,14.604
20650608,16.117
20650609,17.623
20650610,19.643
20650611,18.822
20650612,17.463
20650613,18.865
20650614,18.624
20650615,16.988
20650616,17.059
20650617,18.64
20650618,17.64
20650619,18.765
20650620,16.095
20650621,15.931
20650622,17.051
20650623,18.176
20650624,17.872
20650625,19.33
20650626,19.67
20650627,19.188
20650628,18.656
20650629,19.78
20650630,19.737
20650701,19.868
20650702,20.843
20650703,20.366
20650704,21.14
20650705,19.181
20650706,19.966
20650707,20.98
20650708,19.51
20650709,21.631
20650710,20.417
20650711,20.904
20650712,21.968
20650713,21.825
20650714,22.125
20650715,22.237
20650716,20.804
20650717,19.321
20650718,18.452
20650719,21.997
20650720,23.432
20650721,21.981
20650722,21.426
20650723,22.024
20650724,21.925
20650725,18.765
20650726,18.476
20650727,20.03
20650728,22.524
20650729,24.028
20650730,24.969
20650731,25.164
20650801,23.392
20650802,22.841
20650803,20.954
20650804,23.529
20650805,24.917
20650806,24.809
20650807,24.206
20650808,22.32
20650809,20.321
20650810,18.309
20650811,21.222
20650812,21.452
20650813,21.454
20650814,20.718
20650815,22.903
20650816,22.99
20650817,22.387
20650818,19.987
20650819,22.327
20650820,21.691
20650821,23.609
20650822,23.539
20650823,24.127
20650824,22.42
20650825,23.134
20650826,21.726
20650827,21.648
20650828,22.657
20650829,24.532
20650830,22.789
20650831,23.54
20650901,22.477
20650902,19.985
20650903,19.452
20650904,16.085
20650905,20.331
20650906,20.774
20650907,20.937
20650908,21.157
20650909,19.947
20650910,20.356
20650911,20.921
20650912,19.967
20650913,20.444
20650914,20.566
20650915,19.457
20650916,19.095
20650917,21.637
20650918,20.542
20650919,19.994
20650920,19.548
20650921,18.423
20650922,16.917
20650923,18.05
20650924,18.449
20650925,15.26
20650926,14.722
20650927,14.115
20650928,14.948
20650929,16.052
20650930,15.675
20651001,17.249
20651002,14.584
20651003,13.105
20651004,13.175
20651005,14.229
20651006,14.057
20651007,13.077
20651008,11.946
20651009,11.593
20651010,13.627
20651011,10.832
20651012,11.073
20651013,14.902
20651014,11.012
20651015,8.1484
20651016,7.4111
20651017,11.355
20651018,12.211
20651019,13.307
20651020,16.717
20651021,13.751
20651022,12.084
20651023,17.343
20651024,17.234
20651025,15.939
20651026,15.047
20651027,16.76
20651028,16.708
20651029,10.894
20651030,8.8455
20651031,8.9185
20651101,8.6674
20651102,8.9119
20651103,5.2382
20651104,3.2804
20651105,3.7013
20651106,3.7804
20651107,2.2373
20651108,1.2922
20651109,3.6152
20651110,2.0834
20651111,5.5181
20651112,5.3807
20651113,3.9208
20651114,5.0937
20651115,8.7841
20651116,7.2965
20651117,10.375
20651118,6.4843
20651119,3.6352
20651120,2.2302
20651121,0.55171
20651122,-1.0021
20651123,5.4751
20651124,1.4112
20651125,-0.18382
20651126,-0.29704
20651127,2.3525
20651128,0.30922
20651129,0.56297
20651130,-1.4377
20651201,-0.34946
20651202,6.0555
20651203,4.1
20651204,2.6047
20651205,2.1064
20651206,1.8197
20651207,2.0552
20651208,9.3894
20651209,8.9657
20651210,9.2518
20651211,11.806
20651212,12.662
20651213,12.096
20651214,8.7436
20651215,4.9621
20651216,2.4236
20651217,0.74603
20651218,0.2019
20651219,-0.59183
20651220,-0.81638
20651221,2.0102
20651222,0.22274
20651223,-2.2625
20651224,-3.4989
20651225,-4.3675
20651226,0.8808
20651227,2.438
20651228,-1.5805
20651229,-2.9369
20651230,-3.4038
20651231,-3.235
20660101,-3.8272
20660102,-4.8178
20660103,-5.9409
20660104,-6.5778
20660105,-5.3132
20660106,-6.9506
20660107,-3.7222
20660108,-4.9082
20660109,-5.4385
20660110,0.8446
20660111,-1.202
20660112,-2.4518
20660113,-3.0159
20660114,-1.3796
20660115,3.2518
20660116,4.7675
20660117,1.3133
20660118,6.3378
20660119,2.137
20660120,2.0693
20660121,4.0842
20660122,1.5394
20660123,2.4852
20660124,0.048594
20660125,2.1638
20660126,1.315
20660127,-0.34593
20660128,0.87352
20660129,-0.7676
20660130,0.6532
20660131,1.2338
20660201,-1.2388
20660202,-1.7326
20660203,1.1715
20660204,5.7179
20660205,1.546
20660206,1.4185
20660207,3.3885
20660208,1.0899
20660209,5.3199
20660210,7.9739
20660211,3.5756
20660212,1.2504
20660213,1.3975
20660214,4.6224
20660215,3.1062
20660216,-0.44861
20660217,-0.39911
20660218,-2.2088
20660219,0.72429
20660220,2.964
20660221,-0.69826
20660222,-1.1243
20660223,-1.5055
20660224,0.13572
20660225,0.048024
20660226,0.19787
20660227,1.2176
20660228,1.3784
20660301,1.9489
20660302,2.1126
20660303,2.6633
20660304,2.2205
20660305,2.2968
20660306,2.7218
20660307,2.6664
20660308,2.845
20660309,6.6363
20660310,5.7493
20660311,5.8988
20660312,3.3924
20660313,6.3641
20660314,6.7679
20660315,6.3596
20660316,4.5618
20660317,2.6014
20660318,3.9485
20660319,4.927
20660320,5.3038
20660321,11.63
20660322,10.179
20660323,9.6777
20660324,6.7703
20660325,6.3528
20660326,7.1371
20660327,7.8492
20660328,8.0304
20660329,7.4693
20660330,4.2256
20660331,1.4273
20660401,4.298
20660402,3.9079
20660403,2.3646
20660404,6.3237
20660405,5.2375
20660406,5.9003
20660407,7.2673
20660408,7.0496
20660409,12.137
20660410,10.235
20660411,9.55
20660412,9.4525
20660413,10.631
20660414,9.8431
20660415,6.7699
20660416,7.8493
20660417,9.2595
20660418,8.5466
20660419,6.096
20660420,7.4065
20660421,5.723
20660422,6.0739
20660423,7.6024
20660424,5.6853
20660425,5.6208
20660426,7.6163
20660427,7.7803
20660428,8.7787
20660429,7.9309
20660430,6.2067
20660501,13.459
20660502,12.265
20660503,10.983
20660504,12.237
20660505,13.001
20660506,13.551
20660507,10.363
20660508,7.9952
20660509,9.5812
20660510,10.489
20660511,11.615
20660512,10.373
20660513,7.9479
20660514,6.8439
20660515,7.7608
20660516,11.702
20660517,11.353
20660518,9.4586
20660519,9.9483
20660520,9.2146
20660521,8.9458
20660522,10.448
20660523,9.0123
20660524,10.266
20660525,9.0836
20660526,7.4938
20660527,6.5068
20660528,11.812
20660529,12.916
20660530,11.621
20660531,12.655
20660601,12.535
20660602,12.191
20660603,13.063
20660604,14.204
20660605,11.661
20660606,14.51
20660607,15.712
20660608,17
20660609,17.32
20660610,15.748
20660611,14.462
20660612,17.576
20660613,15.48
20660614,15.797
20660615,13.302
20660616,13.38
20660617,15.524
20660618,16.41
20660619,17.253
20660620,18.561
20660621,17.83
20660622,17.867
20660623,16.85
20660624,17.546
20660625,16.333
20660626,15.944
20660627,17.803
20660628,18.028
20660629,16.27
20660630,15.169
20660701,14.99
20660702,16.75
20660703,15.181
20660704,16.367
20660705,17.66
20660706,16.159
20660707,20.24
20660708,19.13
20660709,16.581
20660710,15.92
20660711,19.526
20660712,20.528
20660713,20.366
20660714,17.849
20660715,15.291
20660716,17.472
20660717,20.207
20660718,19.708
20660719,21.038
20660720,21.384
20660721,21.971
20660722,20.916
20660723,18.55
20660724,18.993
20660725,22.374
20660726,21.234
20660727,21.701
20660728,20.43
20660729,18.159
20660730,20.088
20660731,18.188
20660801,18.169
20660802,18.623
20660803,15.861
20660804,17.32
20660805,16.185
20660806,13.723
20660807,16.478
20660808,20.042
20660809,21.539
20660810,21.029
20660811,21.761
20660812,18.766
20660813,17.076
20660814,16.555
20660815,15.149
20660816,16.411
20660817,17.829
20660818,20.112
20660819,19.835
20660820,21.206
20660821,22.402
20660822,22.832
20660823,21.066
20660824,19.651
20660825,20.625
20660826,22.897
20660827,21.064
20660828,18.19
20660829,19.081
20660830,19.111
20660831,17.237
20660901,14.958
20660902,15.874
20660903,17.667
20660904,16.328
20660905,18.238
20660906,17.884
20660907,19.518
20660908,20.51
20660909,20.35
20660910,19.518
20660911,18.799
20660912,19.562
20660913,16.502
20660914,13.873
20660915,14.731
20660916,16.541
20660917,15.926
20660918,15.738
20660919,16.877
20660920,18.86
20660921,17.314
20660922,14.804
20660923,17.716
20660924,19.001
20660925,18.478
20660926,17.314
20660927,17.601
20660928,16.927
20660929,15.989
20660930,15.953
20661001,16.626
20661002,16.571
20661003,15.253
20661004,15.209
20661005,16.521
20661006,15.247
20661007,13.66
20661008,13.222
20661009,14.325
20661010,13.701
20661011,12.765
20661012,13.005
20661013,13.319
20661014,13.957
20661015,14.239
20661016,13.383
20661017,13.553
20661018,15.535
20661019,14.453
20661020,13.183
20661021,14.437
20661022,12.732
20661023,13.292
20661024,16.153
20661025,15.11
20661026,13.297
20661027,12.526
20661028,11.5
20661029,12.144
20661030,12.325
20661031,15.45
20661101,16.111
20661102,15.793
20661103,15.634
20661104,15.52
20661105,13.631
20661106,12.83
20661107,9.1299
20661108,7.27
20661109,8.5752
20661110,5.9494
20661111,3.7754
20661112,6.0917
20661113,6.2128
20661114,5.9089
20661115,5.6284
20661116,7.1891
20661117,6.7309
20661118,10.216
20661119,10.729
20661120,7.3542
20661121,6.9743
20661122,6.1674
20661123,6.0679
20661124,4.3633
20661125,8.7879
20661126,8.0621
20661127,9.159
20661128,6.9606
20661129,1.0488
20661130,-0.13872
20661201,0.86826
20661202,0.20608
20661203,-0.92949
20661204,1.3764
20661205,-0.5977
20661206,-2.0272
20661207,-2.9974
20661208,-1.1132
20661209,2.754
20661210,0.52741
20661211,0.029897
20661212,-1.2648
20661213,-1.0238
20661214,-1.8182
20661215,-3.6958
20661216,-2.3718
20661217,-3.64
20661218,-4.1485
20661219,-4.9679
20661220,-4.7545
20661221,-4.2595
20661222,-3.4677
20661223,-3.199
20661224,-3.3469
20661225,-3.3413
20661226,-2.1646
20661227,-0.70569
20661228,1.3943
20661229,-0.064443
20661230,-0.64612
20661231,1.1699
20670101,1.3034
20670102,0.4693
20670103,-0.3089
20670104,0.15355
20670105,-0.74332
20670106,-1.829
20670107,2.4829
20670108,0.58761
20670109,0.31917
20670110,0.096547
20670111,-0.33019
20670112,-1.6877
20670113,-0.24192
20670114,-3.5323
20670115,-5.356
20670116,-5.994
20670117,-7.1375
20670118,-5.8739
20670119,-5.1445
20670120,-3.7185
20670121,-2.8794
20670122,1.5114
20670123,5.1402
20670124,6.4823
20670125,11.563
20670126,11.853
20670127,11.117
20670128,10.617
20670129,10.304
20670130,10.391
20670131,10.048
20670201,9.7388
20670202,11.187
20670203,11.581
20670204,12.218
20670205,7.0046
20670206,10.388
20670207,6.2123
20670208,3.9009
20670209,4.4803
20670210,2.5807
20670211,3.4414
20670212,4.0822
20670213,3.2753
20670214,8.9792
20670215,7.8959
20670216,8.4054
20670217,6.7371
20670218,4.6931
20670219,3.2135
20670220,6.3686
20670221,8.3722
20670222,8.3022
20670223,7.8834
20670224,6.9334
20670225,5.509
20670226,3.8046
20670227,4.3265
20670228,5.6367
20670301,5.579
20670302,7.393
20670303,5.0846
20670304,1.0316
20670305,0.3623
20670306,-0.4905
20670307,6.6592
20670308,4.4176
20670309,6.1191
20670310,2.4692
20670311,1.2771
20670312,1.8089
20670313,3.9443
20670314,1.4193
20670315,2.9307
20670316,3.4132
20670317,3.2858
20670318,7.5897
20670319,7.9697
20670320,9.8052
20670321,5.149
20670322,3.9333
20670323,6.5801
20670324,8.8782
20670325,6.9505
20670326,7.184
20670327,6.9355
20670328,9.5255
20670329,9.1776
20670330,8.4108
20670331,7.2714
20670401,5.8791
20670402,6.8387
20670403,8.0196
20670404,6.8049
20670405,5.2521
20670406,5.1399
20670407,6.8093
20670408,10.582
20670409,10.335
20670410,8.2999
20670411,6.7114
20670412,7.8925
20670413,7.1725
20670414,6.575
20670415,4.6978
20670416,5.136
20670417,11.869
20670418,10.849
20670419,9.8834
20670420,10.207
20670421,8.99
20670422,8.5324
20670423,7.8195
20670424,4.9888
20670425,7.5602
20670426,11
20670427,9.1173
20670428,11.816
20670429,12.281
20670430,13.167
20670501,12.49
20670502,12.937
20670503,15.454
20670504,14.389
20670505,14.482
20670506,12.517
20670507,13.576
20670508,11.024
20670509,11.294
20670510,9.1847
20670511,10.291
20670512,8.1705
20670513,6.0914
20670514,9.5849
20670515,10.607
20670516,8.261
20670517,11.068
20670518,11.991
20670519,10.925
20670520,9.9475
20670521,10.374
20670522,13.684
20670523,14.978
20670524,13.738
20670525,15.014
20670526,14.935
20670527,14.951
20670528,16.402
20670529,15.145
20670530,13.572
20670531,15.127
20670601,16.416
20670602,14.105
20670603,13.666
20670604,14.672
20670605,12.723
20670606,11.444
20670607,11.534
20670608,11.385
20670609,12.795
20670610,13.728
20670611,14.882
20670612,14.092
20670613,12.699
20670614,13.243
20670615,16.244
20670616,16.807
20670617,15.537
20670618,16.88
20670619,17.139
20670620,16.768
20670621,17.08
20670622,16.513
20670623,14.687
20670624,15.96
20670625,16.079
20670626,20.237
20670627,19.279
20670628,19.82
20670629,19.339
20670630,18.345
20670701,20.402
20670702,21.779
20670703,22.28
20670704,22.163
20670705,21.203
20670706,20.611
20670707,22.117
20670708,21.688
20670709,20.823
20670710,20.801
20670711,22.302
20670712,21.001
20670713,21.068
20670714,21.389
20670715,22.026
20670716,21.525
20670717,19.962
20670718,19.623
20670719,17.977
20670720,19.966
20670721,20.688
20670722,21.801
20670723,21.949
20670724,24.268
20670725,23.841
20670726,21.064
20670727,19.369
20670728,20.418
20670729,20.507
20670730,20.905
20670731,20.926
20670801,22.063
20670802,22.044
20670803,22.142
20670804,21.737
20670805,20.778
20670806,19.248
20670807,20.387
20670808,19.342
20670809,18.528
20670810,18.378
20670811,18.872
20670812,18.888
20670813,17.593
20670814,19.067
20670815,21.094
20670816,22.688
20670817,19.025
20670818,17.929
20670819,18.998
20670820,20.49
20670821,21.337
20670822,21.085
20670823,21.327
20670824,21.753
20670825,21.572
20670826,22.51
20670827,21.964
20670828,20.692
20670829,18.643
20670830,17.504
20670831,18.091
20670901,18.085
20670902,18.439
20670903,16.134
20670904,15.926
20670905,15.946
20670906,13.351
20670907,13.005
20670908,14.601
20670909,13.939
20670910,16.146
20670911,16.252
20670912,18.527
20670913,17.543
20670914,20.886
20670915,19.407
20670916,17.544
20670917,15.446
20670918,14.874
20670919,15.909
20670920,16.703
20670921,15.951
20670922,16.707
20670923,16.477
20670924,15.314
20670925,17.007
20670926,18.395
20670927,19.101
20670928,17.65
20670929,18.383
20670930,15.129
20671001,14.014
20671002,14.94
20671003,11.712
20671004,10.436
20671005,9.9863
20671006,11.657
20671007,10.27
20671008,10.451
20671009,10.375
20671010,13.914
20671011,13.279
20671012,12.376
20671013,8.5507
20671014,6.8055
20671015,5.4131
20671016,5.6105
20671017,6.98
20671018,5.7575
20671019,5.9356
20671020,5.2404
20671021,6.9357
20671022,9.9273
20671023,6.3033
20671024,4.4271
20671025,6.0976
20671026,7.3434
20671027,8.4097
20671028,6.1776
20671029,3.6742
20671030,3.7364
20671031,4.8539
20671101,6.4666
20671102,5.907
20671103,4.1004
20671104,3.5537
20671105,13.176
20671106,12.895
20671107,14.006
20671108,14.252
20671109,13.286
20671110,11.677
20671111,12.912
20671112,8.6006
20671113,6.0887
20671114,4.1945
20671115,3.581
20671116,6.125
20671117,4.607
20671118,6.1476
20671119,7.2372
20671120,7.9704
20671121,3.3505
20671122,3.2981
20671123,4.99
20671124,6.5283
20671125,6.348
20671126,5.6099
20671127,1.9879
20671128,1.8083
20671129,-1.3886
20671130,-3.3552
20671201,-3.8364
20671202,-3.5052
20671203,-0.76677
20671204,-1.1368
20671205,0.58252
20671206,1.3395
20671207,1.1859
20671208,5.9456
20671209,6.5728
20671210,8.8525
20671211,5.4931
20671212,3.0339
20671213,-0.060425
20671214,-0.89432
20671215,0.92599
20671216,0.36694
20671217,-0.63003
20671218,0.0044963
20671219,-0.94714
20671220,-0.5774
20671221,0.64963
20671222,1.5393
20671223,0.46413
20671224,-0.12587
20671225,1.9401
20671226,-1.2021
20671227,-3.3541
20671228,-5.8098
20671229,-6.0186
20671230,-4.9192
20671231,-3.9344
20680101,-2.4264
20680102,4.1699
20680103,4.7884
20680104,6.0055
20680105,4.4876
20680106,1.758
20680107,0.056112
20680108,-0.58438
20680109,-1.0008
20680110,-1.3565
20680111,1.109
20680112,-0.049337
20680113,-0.38557
20680114,1.4949
20680115,-0.46766
20680116,0.019969
20680117,1.9377
20680118,1.9314
20680119,0.80984
20680120,-0.7886
20680121,1.0894
20680122,1.6699
20680123,0.33953
20680124,0.52102
20680125,0.82737
20680126,-0.51422
20680127,-2.6872
20680128,-3.1159
20680129,-3.1828
20680130,-1.257
20680131,6.5237
20680201,6.3768
20680202,3.4195
20680203,4.6587
20680204,2.5329
20680205,2.4162
20680206,1.4302
20680207,4.423
20680208,2.2224
20680209,5.2129
20680210,6.7739
20680211,6.7639
20680212,6.9635
20680213,4.868
20680214,6.0724
20680215,5.481
20680216,1.4231
20680217,0.23574
20680218,6.3878
20680219,1.9742
20680220,0.40911
20680221,4.0356
20680222,3.6223
20680223,0.99671
20680224,0.92834
20680225,2.6574
20680226,1.4889
20680227,8.2954
20680228,5.0685
20680229,4.8111
20680301,8.6137
20680302,8.1709
20680303,7.8254
20680304,9.503
20680305,7.3841
20680306,6.1309
20680307,4.1419
20680308,7.6909
20680309,4.4063
20680310,3.1205
20680311,4.5878
20680312,1.7749
20680313,6.2214
20680314,3.92
20680315,6.5733
20680316,7.2538
20680317,6.4494
20680318,4.5016
20680319,6.3128
20680320,9.8765
20680321,7.3641
20680322,6.4006
20680323,7.6009
20680324,6.2186
20680325,6.9193
20680326,5.7883
20680327,5.6932
20680328,6.78
20680329,5.0354
20680330,5.1673
20680331,9.4399
20680401,9.1636
20680402,9.4375
20680403,11.787
20680404,9.6884
20680405,11.033
20680406,8.6013
20680407,8.554
20680408,9.4126
20680409,11.039
20680410,9.9853
20680411,9.2132
20680412,7.7524
20680413,8.6995
20680414,12.052
20680415,8.6864
20680416,6.4026
20680417,5.4584
20680418,5.2502
20680419,3.9932
20680420,7.417
20680421,11.828
20680422,10.55
20680423,11.985
20680424,9.5292
20680425,10.965
20680426,13.321
20680427,10.232
20680428,8.3886
20680429,9.5615
20680430,7.9912
20680501,10.423
20680502,10.127
20680503,11.561
20680504,13.691
20680505,14.194
20680506,12.52
20680507,10.302
20680508,12.236
20680509,10.282
20680510,11.186
20680511,12.907
20680512,14.172
20680513,15.275
20680514,15.154
20680515,13.08
20680516,10.635
20680517,7.8341
20680518,10.037
20680519,11.158
20680520,12.103
20680521,11.216
20680522,11.266
20680523,11.506
20680524,11.447
20680525,12.867
20680526,10.599
20680527,10.655
20680528,12.923
20680529,11.521
20680530,9.7076
20680531,12.354
20680601,13.19
20680602,11.33
20680603,9.7481
20680604,10.663
20680605,12.845
20680606,11.543
20680607,10.312
20680608,13.027
20680609,14.014
20680610,13.269
20680611,12.004
20680612,13.16
20680613,15.165
20680614,13.634
20680615,14.23
20680616,11.999
20680617,15.363
20680618,17.056
20680619,15.006
20680620,16.871
20680621,16.3
20680622,15.173
20680623,14.057
20680624,14.712
20680625,15.89
20680626,17.698
20680627,14.946
20680628,13.654
20680629,17.19
20680630,15.687
20680701,16.729
20680702,15.641
20680703,15.326
20680704,13.205
20680705,13.614
20680706,14.47
20680707,18.519
20680708,16.205
20680709,15.441
20680710,16.497
20680711,18.595
20680712,18.826
20680713,17.228
20680714,15.056
20680715,16.202
20680716,16.996
20680717,18.399
20680718,19.565
20680719,22.088
20680720,19.51
20680721,18.018
20680722,18.942
20680723,20.133
20680724,19.548
20680725,20.391
20680726,20.84
20680727,22.647
20680728,21.57
20680729,22.763
20680730,24.845
20680731,23.432
20680801,20.574
20680802,18.208
20680803,18.551
20680804,18.236
20680805,19.29
20680806,19.708
20680807,21.736
20680808,19.928
20680809,19.285
20680810,20.778
20680811,22.596
20680812,22.093
20680813,21.042
20680814,21.567
20680815,22.214
20680816,22.61
20680817,22.578
20680818,21.608
20680819,21.182
20680820,22.611
20680821,21.009
20680822,24.133
20680823,23.865
20680824,24.364
20680825,22.689
20680826,23.132
20680827,23.13
20680828,22.841
20680829,23.022
20680830,21.939
20680831,18.635
20680901,18.274
20680902,20.454
20680903,19.765
20680904,19.169
20680905,20.302
20680906,18.633
20680907,19.479
20680908,20.479
20680909,20.886
20680910,21.583
20680911,20.891
20680912,17.487
20680913,14.556
20680914,14.899
20680915,17.008
20680916,19.606
20680917,19.386
20680918,20.311
20680919,18.318
20680920,16.948
20680921,15.368
20680922,16.337
20680923,13.885
20680924,12.876
20680925,11.514
20680926,11.532
20680927,12.129
20680928,11.032
20680929,10.378
20680930,11.516
20681001,11.078
20681002,13.386
20681003,11.217
20681004,9.6932
20681005,8.2168
20681006,8.8667
20681007,9.6995
20681008,9.4611
20681009,8.2773
20681010,10.881
20681011,8.707
20681012,8.9457
20681013,9.0535
20681014,10.618
20681015,9.7599
20681016,10.381
20681017,9.6101
20681018,12.882
20681019,11.996
20681020,9.8112
20681021,9.0194
20681022,9.7813
20681023,11.312
20681024,11.85
20681025,8.919
20681026,7.447
20681027,5.3679
20681028,8.3379
20681029,10.012
20681030,12.241
20681031,13.494
20681101,11.332
20681102,14.949
20681103,14.233
20681104,8.2059
20681105,6.0101
20681106,4.8798
20681107,5.4249
20681108,7.7141
20681109,8.6965
20681110,7.9089
20681111,6.5087
20681112,9.9637
20681113,7.3948
20681114,9.569
20681115,6.2274
20681116,6.4747
20681117,7.0827
20681118,3.351
20681119,-0.31939
20681120,-2.312
20681121,1.8611
20681122,0.32153
20681123,-0.21011
20681124,-0.1608
20681125,-0.30667
20681126,0.76635
20681127,3.0964
20681128,0.98494
20681129,2.6206
20681130,2.6773
20681201,1.8874
20681202,8.4619
20681203,9.2302
20681204,9.4594
20681205,7.0746
20681206,5.666
20681207,1.7168
20681208,0.66923
20681209,2.8832
20681210,0.88778
20681211,0.57717
20681212,0.20572
20681213,-0.63748
20681214,-0.48761
20681215,-0.80345
20681216,-0.39569
20681217,2.0426
20681218,0.11196
20681219,5.8394
20681220,1.3172
20681221,-1.3442
20681222,-1.5514
20681223,9.4911
20681224,8.6069
20681225,4.8436
20681226,0.33274
20681227,-1.0908
20681228,-3.3521
20681229,-2.9048
20681230,3.8002
20681231,8.634
20690101,7.3592
20690102,7.169
20690103,8.3348
20690104,2.3193
20690105,0.18454
20690106,0.70829
20690107,7.1125
20690108,5.5381
20690109,3.6024
20690110,4.2134
20690111,3.2057
20690112,1.6611
20690113,0.056396
20690114,1.1677
20690115,0.24551
20690116,-0.55427
20690117,-3.0742
20690118,-3.1719
20690119,-0.74859
20690120,-1.3487
20690121,-0.12156
20690122,1.7972
20690123,7.9882
20690124,6.1156
20690125,7.646
20690126,7.8888
20690127,3.8847
20690128,8.5605
20690129,10.547
20690130,5.8646
20690131,5.3386
20690201,8.6651
20690202,10.026
20690203,8.7487
20690204,10.229
20690205,8.0448
20690206,8.1142
20690207,9.932
20690208,5.336
20690209,2.9098
20690210,0.38307
20690211,-0.54812
20690212,4.6724
20690213,3.0051
20690214,0.51366
20690215,2.3041
20690216,0.93489
20690217,1.5809
20690218,-0.10325
20690219,0.10725
20690220,-0.65853
20690221,2.528
20690222,2.2847
20690223,4.6801
20690224,0.62451
20690225,1.0707
20690226,1.1163
20690227,3.6688
20690228,3.5817
20690301,2.979
20690302,1.6734
20690303,4.0516
20690304,5.221
20690305,3.3238
20690306,2.4428
20690307,4.3681
20690308,8.3492
20690309,5.9575
20690310,7.9132
20690311,1.9135
20690312,0.26894
20690313,1.5381
20690314,2.3997
20690315,3.8868
20690316,3.8932
20690317,4.0373
20690318,6.5502
20690319,5.6689
20690320,5.0626
20690321,6.7211
20690322,6.2226
20690323,5.225
20690324,7.1019
20690325,5.2572
20690326,6.2768
20690327,7.8296
20690328,7.083
20690329,6.1087
20690330,4.1665
20690331,7.8496
20690401,8.1287
20690402,7.3752
20690403,8.5681
20690404,6.2739
20690405,3.9251
20690406,9.6081
20690407,11.686
20690408,11.803
20690409,11.176
20690410,10.631
20690411,8.8829
20690412,10.18
20690413,10.173
20690414,12.744
20690415,10.658
20690416,8.6598
20690417,6.7751
20690418,8.1481
20690419,8.82
20690420,8.9253
20690421,9.0437
20690422,11.118
20690423,9.7432
20690424,9.0282
20690425,9.1394
20690426,11.352
20690427,11.754
20690428,13.129
20690429,10.973
20690430,8.7379
20690501,10.3
20690502,12.068
20690503,12.848
20690504,14.12
20690505,13.242
20690506,13.402
20690507,12.512
20690508,12.253
20690509,9.8004
20690510,7.1942
20690511,7.4092
20690512,12.417
20690513,14.146
20690514,15.331
20690515,14.554
20690516,12.522
20690517,13.898
20690518,11.573
20690519,12.561
20690520,11.508
20690521,11.839
20690522,13.67
20690523,14.747
20690524,12.041
20690525,9.3387
20690526,8.282
20690527,8.7021
20690528,10.937
20690529,8.2539
20690530,10.697
20690531,15.31
20690601,9.8433
20690602,8.4367
20690603,8.3722
20690604,10.459
20690605,12.539
20690606,11.094
20690607,13.708
20690608,14.135
20690609,14.821
20690610,17.341
20690611,16.535
20690612,16.351
20690613,17.53
20690614,15.208
20690615,16.546
20690616,14.162
20690617,11.791
20690618,14.577
20690619,14.138
20690620,13.805
20690621,13.478
20690622,11.26
20690623,14.984
20690624,17.734
20690625,19.122
20690626,18.151
20690627,18.089
20690628,18.306
20690629,17.075
20690630,17.126
20690701,18.518
20690702,18.383
20690703,18.752
20690704,19.059
20690705,18.848
20690706,21.693
20690707,22.641
20690708,22.12
20690709,21.94
20690710,21.88
20690711,22.07
20690712,23.648
20690713,23.756
20690714,22.092
20690715,22.115
20690716,24.215
20690717,24.178
20690718,24.359
20690719,25.524
20690720,24.174
20690721,24.93
20690722,19.807
20690723,17.026
20690724,18.66
20690725,20.642
20690726,18.29
20690727,18.67
20690728,20.959
20690729,21.885
20690730,21.994
20690731,20.779
20690801,21.384
20690802,22.231
20690803,23.059
20690804,26.237
20690805,24.471
20690806,22.685
20690807,22.236
20690808,22.5
20690809,20.905
20690810,22.544
20690811,22.482
20690812,21.933
20690813,21.995
20690814,23.197
20690815,24.544
20690816,21.66
20690817,19.42
20690818,20.315
20690819,21.067
20690820,22.254
20690821,21.051
20690822,22.178
20690823,21.695
20690824,19.945
20690825,21.859
20690826,20.396
20690827,19.085
20690828,19.775
20690829,21.965
20690830,23.797
20690831,22.169
20690901,23.031
20690902,20.421
20690903,17.681
20690904,18.108
20690905,17.211
20690906,19.905
20690907,18.47
20690908,17.007
20690909,17.949
20690910,14.919
20690911,15.935
20690912,17.873
20690913,16.725
20690914,17.36
20690915,17.828
20690916,14.509
20690917,13.287
20690918,14.504
20690919,18.337
20690920,16.02
20690921,14.376
20690922,13.252
20690923,13.049
20690924,13.484
20690925,12.121
20690926,13.198
20690927,11.9
20690928,14.205
20690929,14.025
20690930,14.937
20691001,14.136
20691002,13.687
20691003,10.34
20691004,11.415
20691005,10.144
20691006,12.107
20691007,11.838
20691008,13.888
20691009,11.613
20691010,8.6513
20691011,7.2621
20691012,7.5943
20691013,8.8431
20691014,9.3757
20691015,7.7302
20691016,7.5589
20691017,9.7848
20691018,9.906
20691019,7.6524
20691020,7.4734
20691021,7.2993
20691022,8.4258
20691023,9.6949
20691024,11.173
20691025,8.5804
20691026,9.8838
20691027,9.7625
20691028,11.308
20691029,12.77
20691030,15.64
20691031,13.145
20691101,13.277
20691102,13.149
20691103,13.358
20691104,14.255
20691105,14.468
20691106,13.344
20691107,14.597
20691108,13.053
20691109,12.39
20691110,15.007
20691111,15.169
20691112,13.411
20691113,14.137
20691114,13.688
20691115,14.142
20691116,12.342
20691117,12.19
20691118,12.967
20691119,8.3638
20691120,5.3784
20691121,0.99721
20691122,-0.099223
20691123,4.511
20691124,2.9401
20691125,5.396
20691126,8.8033
20691127,10.023
20691128,5.7823
20691129,2.6767
20691130,0.71067
20691201,0.67466
20691202,-0.14882
20691203,1.3188
20691204,5.4674
20691205,6.8966
20691206,12.192
20691207,9.9463
20691208,7.6906
20691209,6.6025
20691210,9.0239
20691211,6.9309
20691212,5.0647
20691213,6.7195
20691214,7.3954
20691215,3.774
20691216,4.656
20691217,5.0893
20691218,4.1867
20691219,1.9427
20691220,0.71519
20691221,0.055369
20691222,0.10787
20691223,0.29804
20691224,0.29488
20691225,1.6617
20691226,2.8353
20691227,3.4433
20691228,1.9654
20691229,-0.49137
20691230,-1.3612
20691231,2.0603
20700101,1.8753
20700102,0.77607
20700103,5.347
20700104,4.2075
20700105,1.7036
20700106,4.3641
20700107,3.9018
20700108,2.9395
20700109,2.7423
20700110,-0.16852
20700111,1.8868
20700112,0.62116
20700113,3.1844
20700114,0.80254
20700115,1.4841
20700116,0.55916
20700117,0.76985
20700118,-0.29978
20700119,-0.33326
20700120,1.8452
20700121,1.8153
20700122,-1.8394
20700123,-3.2883
20700124,-5.6028
20700125,-5.5671
20700126,-5.0692
20700127,-2.1775
20700128,5.0544
20700129,5.3595
20700130,0.9662
20700131,1.291
20700201,-0.82091
20700202,0.32624
20700203,1.0877
20700204,-0.78517
20700205,1.4528
20700206,-0.10745
20700207,0.99058
20700208,0.17194
20700209,-0.60476
20700210,3.7994
20700211,0.79333
20700212,-0.49369
20700213,-0.39346
20700214,0.74625
20700215,0.49523
20700216,0.22935
20700217,5.2422
20700218,3.4021
20700219,0.813
20700220,5.9975
20700221,4.1212
20700222,4.9412
20700223,1.5951
20700224,-0.2809
20700225,0.67326
20700226,6.3174
20700227,4.3405
20700228,5.2409
20700301,4.7766
20700302,4.8651
20700303,5.168
20700304,5.0927
20700305,4.9706
20700306,5.3425
20700307,5.9982
20700308,8.826
20700309,9.9738
20700310,8.5016
20700311,7.253
20700312,7.6301
20700313,6.632
20700314,8.6972
20700315,6.9796
20700316,6.3705
20700317,8.4776
20700318,6.5016
20700319,4.7014
20700320,8.5964
20700321,8.7103
20700322,9.4893
20700323,7.2359
20700324,5.3767
20700325,4.2627
20700326,8.175
20700327,7.3652
20700328,8.7716
20700329,7.0846
20700330,4.848
20700331,7.9714
20700401,6.9633
20700402,5.2761
20700403,4.0337
20700404,6.6768
20700405,8.1819
20700406,9.7182
20700407,9.9751
20700408,10.878
20700409,11.347
20700410,8.0431
20700411,8.5381
20700412,7.7748
20700413,9.5394
20700414,9.2219
20700415,8.1573
20700416,6.4401
20700417,4.9064
20700418,5.2451
20700419,6.9598
20700420,10.548
20700421,7.8975
20700422,7.5748
20700423,9.7941
20700424,9.0015
20700425,7.4507
20700426,12.405
20700427,11.419
20700428,11.032
20700429,10.217
20700430,9.873
20700501,10.61
20700502,13.202
20700503,12.877
20700504,14.155
20700505,12.605
20700506,13.548
20700507,12.252
20700508,12.213
20700509,11.924
20700510,9.542
20700511,10.918
20700512,9.299
20700513,10.468
20700514,13.712
20700515,11.633
20700516,13.347
20700517,12.64
20700518,12.507
20700519,11.283
20700520,8.4128
20700521,7.068
20700522,10.296
20700523,10.366
20700524,8.7597
20700525,9.8087
20700526,11.864
20700527,10.042
20700528,12.427
20700529,13.519
20700530,13.737
20700531,13.719
20700601,14.946
20700602,15.128
20700603,16.635
20700604,16.143
20700605,17.012
20700606,18.124
20700607,19.487
20700608,21.713
20700609,19.662
20700610,19.023
20700611,20.242
20700612,21.235
20700613,20.839
20700614,19.509
20700615,17.949
20700616,15.335
20700617,13.874
20700618,16.703
20700619,18.611
20700620,19.172
20700621,15.923
20700622,14.059
20700623,16.234
20700624,18.905
20700625,17.647
20700626,15.349
20700627,14.164
20700628,12.921
20700629,12.49
20700630,10.114
20700701,13.392
20700702,17.457
20700703,15.51
20700704,13.527
20700705,15.73
20700706,19.634
20700707,20.031
20700708,18.502
20700709,19.042
20700710,14.522
20700711,13.076
20700712,16.65
20700713,18.308
20700714,18.808
20700715,19.026
20700716,17.558
20700717,16.746
20700718,18.042
20700719,20.096
20700720,20.591
20700721,14.602
20700722,12.772
20700723,15.75
20700724,18.699
20700725,18.723
20700726,20.558
20700727,19.97
20700728,21.431
20700729,20.536
20700730,22.052
20700731,21.469
20700801,19.241
20700802,17.573
20700803,15.119
20700804,17.51
20700805,17.447
20700806,18.775
20700807,18.552
20700808,21.764
20700809,19.939
20700810,22.507
20700811,21.206
20700812,18.415
20700813,20.043
20700814,21.305
20700815,23.714
20700816,22.492
20700817,21.965
20700818,21.164
20700819,21.89
20700820,22.697
20700821,21.842
20700822,19.254
20700823,20.26
20700824,20.611
20700825,20.161
20700826,19.63
20700827,18.693
20700828,17.628
20700829,18.388
20700830,19.579
20700831,18.131
20700901,18.779
20700902,19.203
20700903,19.73
20700904,19.129
20700905,16.783
20700906,15.719
20700907,15.581
20700908,15.105
20700909,12.965
20700910,13.285
20700911,15.545
20700912,16.254
20700913,18.078
20700914,15.873
20700915,16.542
20700916,17.079
20700917,16.718
20700918,15.203
20700919,16.383
20700920,14.318
20700921,13.732
20700922,15.546
20700923,15.596
20700924,16.967
20700925,15.279
20700926,13.903
20700927,11.621
20700928,10.673
20700929,10.239
20700930,11.008
20701001,11.271
20701002,11.741
20701003,11.793
20701004,13.29
20701005,10.938
20701006,10.732
20701007,10.445
20701008,10.883
20701009,11.15
20701010,10.674
20701011,10.42
20701012,10.664
20701013,11.398
20701014,12.159
20701015,10.378
20701016,8.6776
20701017,10.568
20701018,9.0307
20701019,11.224
20701020,9.3387
20701021,7.1254
20701022,7.6304
20701023,11.11
20701024,7.2417
20701025,6.9149
20701026,9.0405
20701027,7.0269
20701028,8.8917
20701029,9.1804
20701030,7.6658
20701031,6.5392
20701101,8.8098
20701102,10.366
20701103,9.9715
20701104,10.037
20701105,8.0437
20701106,6.4837
20701107,5.5014
20701108,8.127
20701109,9.6014
20701110,12.049
20701111,9.8124
20701112,11.705
20701113,8.8572
20701114,7.5079
20701115,10.734
20701116,7.5679
20701117,5.1334
20701118,4.4987
20701119,2.6508
20701120,0.8413
20701121,7.3717
20701122,6.6249
20701123,6.5577
20701124,8.0586
20701125,7.005
20701126,9.5788
20701127,6.1274
20701128,6.4244
20701129,4.2338
20701130,2.9677
20701201,8.1417
20701202,8.4894
20701203,5.487
20701204,4.2415
20701205,3.7809
20701206,3.8472
20701207,9.8362
20701208,4.4807
20701209,4.3417
20701210,6.2016
20701211,4.5938
20701212,7.3152
20701213,7.1373
20701214,4.9011
20701215,3.0873
20701216,3.0584
20701217,4.5414
20701218,4.0468
20701219,6.4271
20701220,3.4445
20701221,0.23286
20701222,-0.28587
20701223,-1.5488
20701224,-4.6915
20701225,-5.4193
20701226,-3.0092
20701227,-1.5812
20701228,0.12825
20701229,-0.535
20701230,-1.7782
20701231,0.87749
20710101,0.30938
20710102,-1.6714
20710103,0.63327
20710104,2.5894
20710105,-0.056946
20710106,7.3638
20710107,4.2397
20710108,2.338
20710109,3.7667
20710110,1.8288
20710111,1.9319
20710112,0.96141
20710113,3.0845
20710114,1.384
20710115,0.74987
20710116,0.82535
20710117,0.76998
20710118,6.5946
20710119,3.9249
20710120,1.3999
20710121,5.2109
20710122,5.7498
20710123,1.0638
20710124,-0.31748
20710125,4.3718
20710126,4.3727
20710127,1.6008
20710128,6.029
20710129,6.2691
20710130,6.186
20710131,4.7026
20710201,3.0177
20710202,3.1818
20710203,2.4434
20710204,0.70268
20710205,6.9426
20710206,2.426
20710207,-0.33934
20710208,-1.921
20710209,-2.5563
20710210,-1.636
20710211,-3.1725
20710212,-0.69256
20710213,1.4919
20710214,-0.92367
20710215,-0.97661
20710216,-0.55017
20710217,-0.54587
20710218,-2.0047
20710219,0.27813
20710220,2.1537
20710221,0.44612
20710222,-0.61994
20710223,-2.0753
20710224,0.75921
20710225,-0.0454
20710226,2.5657
20710227,3.0775
20710228,5.3584
20710301,3.3428
20710302,3.5074
20710303,3.6319
20710304,3.2776
20710305,5.9875
20710306,4.52
20710307,3.277
20710308,1.6795
20710309,1.7638
20710310,0.52632
20710311,2.2729
20710312,2.6241
20710313,3.5223
20710314,3.7647
20710315,8.2987
20710316,9.2428
20710317,6.7842
20710318,6.4371
20710319,5.6789
20710320,5.9567
20710321,9.0971
20710322,7.154
20710323,4.2672
20710324,8.5854
20710325,9.2186
20710326,8.5827
20710327,4.5386
20710328,3.626
20710329,4.0469
20710330,3.7965
20710331,4.1131
20710401,5.0934
20710402,3.4554
20710403,5.8256
20710404,7.4536
20710405,9.1582
20710406,10.327
20710407,8.9205
20710408,5.6139
20710409,8.0384
20710410,8.308
20710411,9.6219
20710412,6.2117
20710413,3.8855
20710414,6.2008
20710415,7.5974
20710416,3.7789
20710417,3.3296
20710418,2.9792
20710419,7.5975
20710420,6.1346
20710421,7.1971
20710422,7.2746
20710423,8.7367
20710424,10.737
20710425,9.5377
20710426,9.4313
20710427,8.6027
20710428,9.8045
20710429,10.355
20710430,10.786
20710501,11.859
20710502,11.287
20710503,10.79
20710504,9.216
20710505,10.698
20710506,12.016
20710507,10.812
20710508,11.407
20710509,10.225
20710510,10.37
20710511,10.803
20710512,10.02
20710513,11.048
20710514,13.192
20710515,13.976
20710516,13.675
20710517,11.956
20710518,9.2123
20710519,10.304
20710520,11.565
20710521,9.4082
20710522,10.981
20710523,10.895
20710524,12.734
20710525,13.959
20710526,11.259
20710527,14.973
20710528,13.608
20710529,12.665
20710530,13.848
20710531,14.225
20710601,12.309
20710602,13.729
20710603,15.887
20710604,16.647
20710605,17.184
20710606,16.551
20710607,16.455
20710608,16.38
20710609,14.887
20710610,16.954
20710611,17.599
20710612,15.543
20710613,15.525
20710614,16.471
20710615,16.146
20710616,15.977
20710617,16.58
20710618,17.232
20710619,17.135
20710620,18.302
20710621,17.654
20710622,18.75
20710623,16.757
20710624,18.831
20710625,17.742
20710626,17.979
20710627,19.186
20710628,20.358
20710629,21.519
20710630,20.221
20710701,22.653
20710702,21.038
20710703,20.811
20710704,19.742
20710705,20.468
20710706,20.133
20710707,15.357
20710708,13.557
20710709,14.978
20710710,18.897
20710711,20.618
20710712,19.823
20710713,18.993
20710714,21.889
20710715,20.551
20710716,20.552
20710717,19.365
20710718,17.129
20710719,18.664
20710720,18.914
20710721,20.25
20710722,21.368
20710723,20.949
20710724,17.575
20710725,20.355
20710726,21.528
20710727,21.402
20710728,22.779
20710729,21.859
20710730,23.448
20710731,22.888
20710801,21.661
20710802,18.831
20710803,16.153
20710804,16.445
20710805,15.653
20710806,15.016
20710807,16.931
20710808,16.45
20710809,15.832
20710810,17.206
20710811,16.955
20710812,17.997
20710813,19.205
20710814,20.002
20710815,21.617
20710816,20.679
20710817,20.847
20710818,21.175
20710819,22.009
20710820,18.888
20710821,16.619
20710822,17.231
20710823,19.196
20710824,20.619
20710825,17.259
20710826,18.595
20710827,17.024
20710828,16.373
20710829,17.291
20710830,17.324
20710831,17.53
20710901,17.697
20710902,18.984
20710903,20.078
20710904,17.352
20710905,17.898
20710906,18.414
20710907,19.102
20710908,17.909
20710909,18.141
20710910,16.916
20710911,15.522
20710912,15.762
20710913,16.06
20710914,12.849
20710915,13.294
20710916,15.298
20710917,16.53
20710918,16.77
20710919,18.782
20710920,19.188
20710921,14.506
20710922,11.828
20710923,13.341
20710924,15.782
20710925,15.114
20710926,14.565
20710927,15.916
20710928,14.702
20710929,14.637
20710930,13.381
20711001,13.245
20711002,12.408
20711003,7.8382
20711004,6.5669
20711005,6.9006
20711006,6.9441
20711007,8.117
20711008,8.3989
20711009,6.2982
20711010,6.0982
20711011,7.0953
20711012,7.7653
20711013,6.4814
20711014,6.178
20711015,5.5353
20711016,8.9902
20711017,6.4432
20711018,4.7543
20711019,3.5494
20711020,5.5232
20711021,10.572
20711022,5.7542
20711023,3.3492
20711024,2.7701
20711025,3.4616
20711026,5.882
20711027,5.8526
20711028,10.31
20711029,13.09
20711030,15.023
20711031,12.966
20711101,13.652
20711102,12.845
20711103,12.144
20711104,11.697
20711105,10.483
20711106,9.854
20711107,12.411
20711108,11.362
20711109,13.071
20711110,8.2321
20711111,6.5491
20711112,6.7986
20711113,9.622
20711114,9.3726
20711115,6.2681
20711116,4.4068
20711117,3.2532
20711118,2.0913
20711119,1.502
20711120,0.7189
20711121,2.1001
20711122,3.5826
20711123,3.8164
20711124,6.6266
20711125,6.6998
20711126,5.1056
20711127,4.8196
20711128,10.816
20711129,11.685
20711130,10.91
20711201,7.5388
20711202,5.9036
20711203,6.5953
20711204,7.598
20711205,7.5864
20711206,7.9082
20711207,7.7148
20711208,6.2838
20711209,5.0286
20711210,4.1078
20711211,2.2553
20711212,1.6264
20711213,2.609
20711214,6.6962
20711215,7.3897
20711216,1.4561
20711217,-0.60507
20711218,5.4426
20711219,7.5954
20711220,9.4358
20711221,6.7001
20711222,4.7238
20711223,6.73
20711224,8.9763
20711225,7.9772
20711226,8.5877
20711227,2.7636
20711228,0.27652
20711229,-1.1365
20711230,-0.88574
20711231,1.4333
20720101,0.33485
20720102,-0.41542
20720103,-0.70367
20720104,-3.2687
20720105,-2.145
20720106,-1.6948
20720107,-0.7236
20720108,-1.8749
20720109,-1.7573
20720110,-2.022
20720111,-1.7458
20720112,-1.0635
20720113,4.6438
20720114,5.7224
20720115,2.8983
20720116,6.6523
20720117,2.0258
20720118,2.1219
20720119,-0.11707
20720120,-2.4684
20720121,-4.413
20720122,-1.9708
20720123,2.0163
20720124,3.8473
20720125,4.2291
20720126,3.8761
20720127,3.8196
20720128,8.6211
20720129,7.7024
20720130,5.2772
20720131,3.1327
20720201,3.1545
20720202,5.5215
20720203,2.3122
20720204,0.22577
20720205,-0.035817
20720206,4.1866
20720207,2.1567
20720208,6.8109
20720209,5.1988
20720210,3.8304
20720211,1.9485
20720212,0.068868
20720213,-0.76856
20720214,0.84425
20720215,1.4299
20720216,3.3588
20720217,4.1749
20720218,1.1727
20720219,-1.2643
20720220,-1.6135
20720221,-1.8705
20720222,-3.6556
20720223,-3.1295
20720224,-3.2122
20720225,-0.081228
20720226,-3.0346
20720227,-1.8424
20720228,-0.42141
20720229,-1.2918
20720301,-1.7383
20720302,2.2686
20720303,-0.9348
20720304,-2.1653
20720305,1.3928
20720306,3.9483
20720307,3.9123
20720308,2.922
20720309,4.1797
20720310,4.6467
20720311,5.6415
20720312,8.0276
20720313,4.4279
20720314,7.0635
20720315,6.776
20720316,3.5299
20720317,1.9551
20720318,5.1853
20720319,3.4661
20720320,1.5898
20720321,2.2855
20720322,3.8442
20720323,2.086
20720324,3.5029
20720325,7.3823
20720326,4.5781
20720327,3.6107
20720328,2.6258
20720329,0.25068
20720330,2.1094
20720331,1.3852
20720401,2.9373
20720402,3.2857
20720403,4.8568
20720404,7.6574
20720405,10.428
20720406,9.2851
20720407,7.9059
20720408,6.1387
20720409,5.6211
20720410,6.9002
20720411,7.4944
20720412,11.384
20720413,8.7778
20720414,9.4046
20720415,7.7821
20720416,7.5309
20720417,5.6802
20720418,3.2478
20720419,7.749
20720420,8.2197
20720421,6.6604
20720422,6.0003
20720423,4.4981
20720424,5.5232
20720425,4.994
20720426,6.9722
20720427,5.6032
20720428,9.1026
20720429,7.7725
20720430,5.7148
20720501,7.4171
20720502,10.016
20720503,9.2302
20720504,9.2487
20720505,10.565
20720506,12.337
20720507,11.564
20720508,11.055
20720509,12.578
20720510,12.46
20720511,11.352
20720512,10.981
20720513,10.409
20720514,11.134
20720515,14.384
20720516,10.942
20720517,12.1
20720518,12.952
20720519,12.07
20720520,11.178
20720521,13.773
20720522,15.993
20720523,14.474
20720524,13.262
20720525,13.3
20720526,16.118
20720527,14.862
20720528,13.899
20720529,13.192
20720530,13.762
20720531,13.967
20720601,15
20720602,14.282
20720603,12.523
20720604,11.985
20720605,13.187
20720606,13.354
20720607,15.564
20720608,15.918
20720609,14.858
20720610,15.734
20720611,14.454
20720612,15.706
20720613,16.85
20720614,16.333
20720615,14.93
20720616,13.454
20720617,14.807
20720618,16.625
20720619,16.326
20720620,17.577
20720621,17.928
20720622,18.52
20720623,18.699
20720624,19.263
20720625,20.266
20720626,17.637
20720627,19.904
20720628,18.644
20720629,15.138
20720630,14.347
20720701,13.757
20720702,18.305
20720703,17.68
20720704,16.127
20720705,16.596
20720706,18.793
20720707,20.361
20720708,20.831
20720709,23.766
20720710,24.189
20720711,22.2
20720712,20.243
20720713,18.803
20720714,17.246
20720715,17.694
20720716,21.916
20720717,22.361
20720718,21.826
20720719,23.469
20720720,22.909
20720721,24.951
20720722,23.163
20720723,22.114
20720724,21.532
20720725,22.233
20720726,23.396
20720727,22.191
20720728,20.647
20720729,19.702
20720730,19.638
20720731,19.686
20720801,18.332
20720802,20.305
20720803,20.094
20720804,20.377
20720805,17.805
20720806,16.603
20720807,18.496
20720808,21.035
20720809,20.958
20720810,20.545
20720811,21.678
20720812,21.449
20720813,21.535
20720814,21.156
20720815,19.511
20720816,18.396
20720817,20.508
20720818,22.966
20720819,22.166
20720820,22.304
20720821,20.344
20720822,21.442
20720823,20.75
20720824,18.767
20720825,17.213
20720826,17.118
20720827,16.252
20720828,18.886
20720829,19.246
20720830,18.777
20720831,17.645
20720901,19.914
20720902,18.646
20720903,21.503
20720904,18.961
20720905,18.96
20720906,15.833
20720907,14.393
20720908,14.31
20720909,15.898
20720910,16.655
20720911,15.791
20720912,15.831
20720913,19.289
20720914,16.47
20720915,15.234
20720916,14.87
20720917,14.186
20720918,15.725
20720919,17.798
20720920,16.602
20720921,14.535
20720922,14.504
20720923,13.984
20720924,14.005
20720925,14.188
20720926,16.941
20720927,16.746
20720928,17.452
20720929,17.55
20720930,16.897
20721001,16.301
20721002,13.472
20721003,11.47
20721004,11.882
20721005,10.906
20721006,12.67
20721007,12.336
20721008,10.117
20721009,11.487
20721010,15.065
20721011,15.39
20721012,15.807
20721013,14.045
20721014,12.22
20721015,16.168
20721016,15.306
20721017,13.333
20721018,7.0884
20721019,4.5716
20721020,5.9074
20721021,10.414
20721022,10.484
20721023,10.464
20721024,14.088
20721025,10.231
20721026,8.3106
20721027,6.7335
20721028,3.8063
20721029,2.123
20721030,1.5053
20721031,1.8778
20721101,0.046661
20721102,3.8403
20721103,1.2342
20721104,2.1125
20721105,0.40622
20721106,0.5444
20721107,3.4846
20721108,0.61265
20721109,0.63546
20721110,3.971
20721111,4.5185
20721112,5.0151
20721113,4.939
20721114,4.3954
20721115,6.919
20721116,4.7044
20721117,4.1109
20721118,2.9427
20721119,4.2058
20721120,2.7945
20721121,3.7382
20721122,2.455
20721123,1.2951
20721124,1.0784
20721125,0.72654
20721126,6.361
20721127,9.795
20721128,6.2738
20721129,6.3251
20721130,5.8965
20721201,4.3425
20721202,5.4432
20721203,-0.47001
20721204,-1.8881
20721205,-1.9215
20721206,-1.9
20721207,4.6435
20721208,2.4389
20721209,0.30001
20721210,0.92166
20721211,5.4703
20721212,5.4389
20721213,3.4986
20721214,3.6806
20721215,3.6086
20721216,5.9697
20721217,3.7664
20721218,3.8532
20721219,5.8603
20721220,4.1697
20721221,3.3918
20721222,0.26584
20721223,-0.80827
20721224,-0.72754
20721225,8.2981
20721226,2.3438
20721227,1.4134
20721228,4.6116
20721229,2.8993
20721230,0.29947
20721231,2.8445
20730101,6.6805
20730102,9.6701
20730103,9.932
20730104,10.206
20730105,9.9207
20730106,9.2143
20730107,7.6395
20730108,7.2089
20730109,2.041
20730110,0.020925
20730111,-0.10688
20730112,5.5933
20730113,3.3701
20730114,1.555
20730115,3.6796
20730116,7.9935
20730117,5.3922
20730118,6.571
20730119,9.3903
20730120,6.12
20730121,6.0317
20730122,6.1946
20730123,4.827
20730124,6.4333
20730125,3.9507
20730126,1.5679
20730127,4.7515
20730128,1.5964
20730129,1.6865
20730130,5.6261
20730131,1.1713
20730201,1.2162
20730202,2.2621
20730203,-0.21868
20730204,0.16661
20730205,5.5313
20730206,2.6937
20730207,0.72197
20730208,2.165
20730209,0.53398
20730210,0.36895
20730211,1.5841
20730212,1.8861
20730213,0.60711
20730214,-0.26088
20730215,-1.007
20730216,-1.1787
20730217,-1.1955
20730218,1.1854
20730219,1.2953
20730220,4.0863
20730221,4.371
20730222,5.5375
20730223,4.0967
20730224,1.1103
20730225,0.73599
20730226,-0.73237
20730227,6.3244
20730228,4.6581
20730301,1.7623
20730302,1.4988
20730303,1.9433
20730304,6.8958
20730305,5.5567
20730306,6.7693
20730307,2.9914
20730308,1.7199
20730309,2.288
20730310,0.88631
20730311,1.899
20730312,0.39745
20730313,2.6724
20730314,2.2606
20730315,5.1129
20730316,4.7189
20730317,2.6415
20730318,0.955
20730319,-0.10485
20730320,0.45463
20730321,2.2819
20730322,6.1381
20730323,9.1388
20730324,10.327
20730325,8.3469
20730326,5.4052
20730327,4.8409
20730328,7.0859
20730329,9.7592
20730330,10.229
20730331,8.2014
20730401,6.1876
20730402,5.7376
20730403,9.1588
20730404,8.1433
20730405,7.7169
20730406,10.716
20730407,7.9731
20730408,4.803
20730409,9.5806
20730410,10.409
20730411,9.375
20730412,11.47
20730413,10.817
20730414,10.947
20730415,7.3792
20730416,6.2899
20730417,7.0933
20730418,7.2463
20730419,7.774
20730420,9.9991
20730421,10.329
20730422,7.5705
20730423,7.0565
20730424,6.7423
20730425,8.0245
20730426,6.5979
20730427,6.7257
20730428,7.9783
20730429,11.066
20730430,11.286
20730501,10.643
20730502,9.345
20730503,10.433
20730504,13.882
20730505,11.409
20730506,10.138
20730507,8.6413
20730508,8.1136
20730509,10.624
20730510,11.336
20730511,12.21
20730512,9.8489
20730513,10.15
20730514,12.115
20730515,10.691
20730516,9.4505
20730517,8.8748
20730518,8.9586
20730519,12.394
20730520,10.772
20730521,9.0049
20730522,12.18
20730523,11.026
20730524,10.872
20730525,8.7281
20730526,8.0331
20730527,10.946
20730528,8.6807
20730529,8.6081
20730530,9.2556
20730531,10.733
20730601,13.492
20730602,12.375
20730603,12.889
20730604,11.763
20730605,11.117
20730606,14.128
20730607,15.662
20730608,15.571
20730609,15.973
20730610,16.229
20730611,16.593
20730612,17.91
20730613,17.265
20730614,17.131
20730615,17.389
20730616,17
20730617,15.695
20730618,16.091
20730619,15.132
20730620,13.781
20730621,12.271
20730622,11.795
20730623,15.462
20730624,15.121
20730625,13.888
20730626,12.263
20730627,15.299
20730628,17.057
20730629,16.502
20730630,17.098
20730701,17.658
20730702,15.64
20730703,16.117
20730704,16.876
20730705,15.826
20730706,14.967
20730707,16.119
20730708,16.632
20730709,16.551
20730710,17.79
20730711,16.847
20730712,17.121
20730713,16.523
20730714,16.824
20730715,16.297
20730716,17.02
20730717,19.492
20730718,21.735
20730719,21.256
20730720,20.878
20730721,19.408
20730722,20.825
20730723,19.783
20730724,19.969
20730725,21.025
20730726,21.213
20730727,20.389
20730728,20.778
20730729,21.092
20730730,19.447
20730731,18.916
20730801,17.624
20730802,18.056
20730803,18.324
20730804,19.378
20730805,18.472
20730806,17.985
20730807,18.24
20730808,18.819
20730809,17.422
20730810,17.96
20730811,18.47
20730812,20.169
20730813,20.335
20730814,20.513
20730815,24.651
20730816,23.865
20730817,23.709
20730818,21.935
20730819,20.293
20730820,20.632
20730821,22.445
20730822,20.611
20730823,19.175
20730824,20.345
20730825,21.715
20730826,20.065
20730827,18.772
20730828,19.252
20730829,17.037
20730830,17.483
20730831,19.34
20730901,18.803
20730902,21.45
20730903,21.461
20730904,19.639
20730905,19.536
20730906,20.385
20730907,19.859
20730908,19.433
20730909,19.71
20730910,18.127
20730911,18
20730912,19.413
20730913,20.804
20730914,20.849
20730915,17.939
20730916,15.354
20730917,13.039
20730918,13.795
20730919,13.734
20730920,11.197
20730921,9.8271
20730922,14.138
20730923,12.579
20730924,14.438
20730925,12.815
20730926,13.184
20730927,13.954
20730928,13.07
20730929,15.025
20730930,12.752
20731001,12.194
20731002,9.8741
20731003,13.005
20731004,9.8436
20731005,10.077
20731006,9.5111
20731007,13.736
20731008,12.217
20731009,14.474
20731010,12.802
20731011,12.386
20731012,14.078
20731013,15.332
20731014,13.316
20731015,10.255
20731016,9.0718
20731017,8.4762
20731018,11.324
20731019,7.3533
20731020,4.502
20731021,4.3547
20731022,8.562
20731023,10.715
20731024,11.214
20731025,12.721
20731026,8.2984
20731027,8.2329
20731028,8.5047
20731029,8.2118
20731030,8.1204
20731031,5.7079
20731101,3.9221
20731102,3.8274
20731103,10.229
20731104,11.052
20731105,13.509
20731106,9.3576
20731107,10.437
20731108,9.729
20731109,7.863
20731110,9.7823
20731111,9.185
20731112,9.9552
20731113,5.9039
20731114,4.5999
20731115,6.3716
20731116,6.2406
20731117,5.1773
20731118,4.7724
20731119,4.4681
20731120,3.6799
20731121,2.3913
20731122,2.7847
20731123,2.8138
20731124,6.7348
20731125,5.7987
20731126,3.4468
20731127,1.8159
20731128,0.94845
20731129,1.0221
20731130,1.3939
20731201,1.2082
20731202,0.93203
20731203,0.6235
20731204,0.62092
20731205,0.27343
20731206,-0.44671
20731207,-1.2462
20731208,2.211
20731209,-1.9635
20731210,-2.6523
20731211,-3.4095
20731212,-4.9191
20731213,-1.4662
20731214,-0.27508
20731215,4.1712
20731216,10.03
20731217,5.0671
20731218,3.2801
20731219,4.2619
20731220,6.176
20731221,6.6485
20731222,6.8606
20731223,3.8548
20731224,2.2571
20731225,3.9764
20731226,1.2679
20731227,0.26232
20731228,0.93681
20731229,1.4182
20731230,1.7734
20731231,2.7859
20740101,-0.13552
20740102,-1.2143
20740103,-1.3198
20740104,1.0444
20740105,0.2794
20740106,0.7105
20740107,1.6346
20740108,2.6416
20740109,1.6146
20740110,0.83205
20740111,4.779
20740112,4.6618
20740113,0.38094
20740114,-0.18865
20740115,0.39762
20740116,0.082133
20740117,0.011688
20740118,2.4799
20740119,2.9924
20740120,0.095062
20740121,-0.27127
20740122,1.4495
20740123,-1.169
20740124,1.32
20740125,-0.26633
20740126,6.1295
20740127,4.465
20740128,1.3105
20740129,2.5708
20740130,4.3973
20740131,2.0611
20740201,1.5291
20740202,3.8241
20740203,3.7119
20740204,2.4774
20740205,0.046519
20740206,-1.3852
20740207,-1.7896
20740208,-1.3045
20740209,5.9022
20740210,3.2614
20740211,1.0108
20740212,2.0765
20740213,1.931
20740214,6.0081
20740215,1.9995
20740216,0.86275
20740217,3.98
20740218,4.481
20740219,3.5278
20740220,2.1606
20740221,6.1817
20740222,6.7319
20740223,4.4606
20740224,2.4266
20740225,4.5713
20740226,2.7239
20740227,1.8193
20740228,2.3709
20740301,3.972
20740302,2.0091
20740303,6.324
20740304,8.4649
20740305,3.9
20740306,1.4916
20740307,8.1098
20740308,4.7547
20740309,2.3748
20740310,0.70554
20740311,1.787
20740312,1.2807
20740313,3.2151
20740314,3.6322
20740315,5.5021
20740316,6.2048
20740317,6.7668
20740318,6.7466
20740319,4.1452
20740320,3.8838
20740321,3.8103
20740322,6.7227
20740323,8.4457
20740324,7.8538
20740325,9.9601
20740326,10.763
20740327,7.3246
20740328,6.91
20740329,8.3988
20740330,11.134
20740331,11.047
20740401,9.0521
20740402,7.4505
20740403,6.0087
20740404,6.8051
20740405,6.8063
20740406,5.8328
20740407,6.2181
20740408,6.7833
20740409,8.2437
20740410,8.6725
20740411,10.232
20740412,9.5104
20740413,10.096
20740414,8.9283
20740415,10.409
20740416,10.745
20740417,11.916
20740418,10.424
20740419,8.1946
20740420,8.2232
20740421,9.9675
20740422,7.6967
20740423,11.626
20740424,10.589
20740425,10.102
20740426,10.567
20740427,12.216
20740428,11.815
20740429,10.481
20740430,7.0773
20740501,8.3567
20740502,9.7681
20740503,10.979
20740504,11.061
20740505,12.109
20740506,12.868
20740507,14.539
20740508,14.056
20740509,12.792
20740510,15.689
20740511,11.783
20740512,9.8474
20740513,12.051
20740514,13.771
20740515,12.732
20740516,13.91
20740517,12.139
20740518,10.74
20740519,10.193
20740520,9.2119
20740521,12.638
20740522,11.661
20740523,10.136
20740524,12.952
20740525,13.727
20740526,15.128
20740527,16.085
20740528,16.72
20740529,15.985
20740530,16.442
20740531,16.874
20740601,14.655
20740602,12.428
20740603,12.552
20740604,12.393
20740605,12.32
20740606,13.178
20740607,14.687
20740608,15.79
20740609,16.656
20740610,15.8
20740611,16.065
20740612,16.719
20740613,17.64
20740614,18.199
20740615,21.068
20740616,19.674
20740617,20.129
20740618,19.946
20740619,21.107
20740620,20.737
20740621,20.566
20740622,21.791
20740623,24.578
20740624,23.388
20740625,20.4
20740626,18.871
20740627,17.139
20740628,19.423
20740629,18.175
20740630,18.041
20740701,16.073
20740702,15.871
20740703,17.036
20740704,18.95
20740705,16.264
20740706,18.301
20740707,17.202
20740708,15.426
20740709,16.444
20740710,19.64
20740711,21.954
20740712,25.174
20740713,24.311
20740714,19.825
20740715,17.807
20740716,17.092
20740717,17.971
20740718,20.381
20740719,21.169
20740720,22.308
20740721,23.77
20740722,23.4
20740723,22.785
20740724,22.326
20740725,20.999
20740726,23.115
20740727,22.239
20740728,20.837
20740729,19.781
20740730,21.583
20740731,21.285
20740801,23.933
20740802,25.379
20740803,24.396
20740804,22.32
20740805,21.767
20740806,22.996
20740807,22.481
20740808,21.515
20740809,20.837
20740810,20.521
20740811,20.974
20740812,21.086
20740813,22.825
20740814,23.266
20740815,25.672
20740816,22.252
20740817,22.122
20740818,22.019
20740819,20.783
20740820,20.956
20740821,20.292
20740822,20.431
20740823,19.437
20740824,20.059
20740825,17.002
20740826,15.449
20740827,16.136
20740828,14.629
20740829,14.482
20740830,15.724
20740831,17.069
20740901,17.45
20740902,17.53
20740903,15.073
20740904,17.355
20740905,16.495
20740906,14.84
20740907,16.435
20740908,15.905
20740909,16.401
20740910,15.715
20740911,15.302
20740912,18.38
20740913,17.821
20740914,16.832
20740915,17.145
20740916,15.731
20740917,14.934
20740918,14.121
20740919,13.058
20740920,13.998
20740921,13.538
20740922,13.807
20740923,14.856
20740924,15.02
20740925,14.882
20740926,16.693
20740927,20.38
20740928,19.949
20740929,20.227
20740930,14.664
20741001,13.072
20741002,11.472
20741003,10.384
20741004,10.869
20741005,12.314
20741006,12.698
20741007,12.906
20741008,12.305
20741009,12.493
20741010,12.635
20741011,12.613
20741012,13.823
20741013,16.467
20741014,14.134
20741015,13.854
20741016,14.723
20741017,14.06
20741018,15.18
20741019,12.703
20741020,10.181
20741021,10.04
20741022,8.0616
20741023,9.6735
20741024,10.912
20741025,12.799
20741026,9.0246
20741027,7.7973
20741028,8.1838
20741029,13.433
20741030,12.625
20741031,8.8486
20741101,7.0161
20741102,8.3764
20741103,6.8286
20741104,6.8073
20741105,6.1501
20741106,5.7074
20741107,4.1667
20741108,2.4462
20741109,3.0215
20741110,1.2957
20741111,3.6445
20741112,3.7558
20741113,9.4202
20741114,8.1982
20741115,11.771
20741116,8.2307
20741117,4.1654
20741118,1.7298
20741119,0.14166
20741120,2.3286
20741121,5.2084
20741122,1.077
20741123,0.50343
20741124,2.6659
20741125,4.0691
20741126,3.686
20741127,4.3045
20741128,2.329
20741129,3.0693
20741130,5.3575
20741201,5.0983
20741202,3.5954
20741203,6.5901
20741204,7.0423
20741205,6.7593
20741206,6.1964
20741207,4.9382
20741208,3.8537
20741209,1.2733
20741210,1.5292
20741211,3.7806
20741212,6.0025
20741213,7.4897
20741214,5.3466
20741215,2.8098
20741216,7.3234
20741217,3.7125
20741218,0.68112
20741219,0.098094
20741220,7.0615
20741221,9.2589
20741222,9.1872
20741223,9.5586
20741224,7.5733
20741225,3.9986
20741226,3.7812
20741227,6.7476
20741228,3.4445
20741229,0.87633
20741230,1.0778
20741231,5.7473
20750101,3.8491
20750102,1.5982
20750103,3.0325
20750104,0.55988
20750105,0.79544
20750106,-0.70997
20750107,-0.37415
20750108,0.80643
20750109,1.0799
20750110,0.42971
20750111,-0.98003
20750112,-0.90494
20750113,-0.94412
20750114,-0.99783
20750115,2.623
20750116,2.9733
20750117,0.62043
20750118,-0.063253
20750119,0.051483
20750120,-1.5846
20750121,0.83719
20750122,1.8991
20750123,6.4153
20750124,3.1188
20750125,1.7353
20750126,-0.024119
20750127,0.90857
20750128,0.47876
20750129,1.6965
20750130,0.19727
20750131,-0.086324
20750201,0.52754
20750202,0.49712
20750203,1.3625
20750204,3.1007
20750205,0.22737
20750206,-0.28383
20750207,0.86769
20750208,5.379
20750209,4.4872
20750210,3.1584
20750211,3.0308
20750212,9.7065
20750213,9.716
20750214,6.0281
20750215,5.9231
20750216,8.447
20750217,8.8868
20750218,8.4403
20750219,7.4687
20750220,6.2012
20750221,6.1287
20750222,5.7572
20750223,6.4744
20750224,11.189
20750225,6.6762
20750226,4.5457
20750227,4.0704
20750228,4.3514
20750301,4.9499
20750302,8.6445
20750303,7.1863
20750304,9.2876
20750305,7.3335
20750306,4.9607
20750307,6.5499
20750308,7.034
20750309,5.0309
20750310,4.9073
20750311,4.3214
20750312,4.2366
20750313,3.9678
20750314,2.7846
20750315,1.3967
20750316,2.3664
20750317,1.5588
20750318,7.3987
20750319,9.9423
20750320,6.4263
20750321,5.207
20750322,2.2677
20750323,3.0334
20750324,2.3279
20750325,1.9022
20750326,-0.63893
20750327,1.7495
20750328,7.6887
20750329,10.077
20750330,7.5987
20750331,5.1193
20750401,8.2912
20750402,10.493
20750403,9.3688
20750404,11.423
20750405,9.5569
20750406,11.534
20750407,11.694
20750408,6.7537
20750409,4.8358
20750410,4.3848
20750411,5.6326
20750412,4.8543
20750413,5.8308
20750414,8.0018
20750415,6.5574
20750416,5.761
20750417,5.4696
20750418,6.5948
20750419,10.363
20750420,11.296
20750421,9.87
20750422,13.192
20750423,11.248
20750424,11.174
20750425,12.619
20750426,11.15
20750427,11.371
20750428,12.092
20750429,11.237
20750430,10.17
20750501,9.1441
20750502,10.807
20750503,12.045
20750504,9.8768
20750505,10.684
20750506,10.974
20750507,11.462
20750508,12.055
20750509,14.905
20750510,14.733
20750511,13.721
20750512,15.368
20750513,14.066
20750514,13.383
20750515,12.912
20750516,14.982
20750517,14.348
20750518,14.172
20750519,13.487
20750520,14.343
20750521,15.212
20750522,12.865
20750523,12.141
20750524,12.849
20750525,12.594
20750526,9.9118
20750527,12.05
20750528,13.658
20750529,12.39
20750530,17.365
20750531,16.475
20750601,15.902
20750602,15.469
20750603,15.105
20750604,15.074
20750605,16.546
20750606,16.785
20750607,14.531
20750608,14.587
20750609,14.261
20750610,16.883
20750611,14.181
20750612,12.784
20750613,13.337
20750614,12.045
20750615,10.277
20750616,13.175
20750617,15.986
20750618,19.057
20750619,20.957
20750620,18.82
20750621,18.447
20750622,17.217
20750623,15.249
20750624,16.28
20750625,18.944
20750626,20.14
20750627,18.283
20750628,17.026
20750629,15.391
20750630,14.209
20750701,12.614
20750702,13.756
20750703,14.786
20750704,16.748
20750705,17.685
20750706,17.728
20750707,18.527
20750708,21.633
20750709,20.095
20750710,21.358
20750711,22.886
20750712,25.524
20750713,28.542
20750714,24.211
20750715,23.311
20750716,22.841
20750717,28.777
20750718,27.317
20750719,26.748
20750720,27.335
20750721,25.648
20750722,24.778
20750723,24.931
20750724,25.412
20750725,24.837
20750726,24.333
20750727,24.56
20750728,25.316
20750729,26.043
20750730,25.067
20750731,23.985
20750801,23.967
20750802,23.784
20750803,25.314
20750804,26.915
20750805,27.27
20750806,28.57
20750807,27.48
20750808,25.631
20750809,25.22
20750810,25.318
20750811,24.048
20750812,24.43
20750813,25.122
20750814,23.361
20750815,21.284
20750816,21.938
20750817,22.601
20750818,20.314
20750819,21.12
20750820,22.277
20750821,21.979
20750822,22.555
20750823,23.291
20750824,22.3
20750825,21.137
20750826,22.198
20750827,24.417
20750828,22.52
20750829,21.764
20750830,22.536
20750831,24.336
20750901,23.346
20750902,17.818
20750903,16.216
20750904,15.376
20750905,18.34
20750906,19.298
20750907,18.006
20750908,19.804
20750909,18.044
20750910,17.523
20750911,17.094
20750912,15.295
20750913,14.38
20750914,13.828
20750915,17.291
20750916,16.063
20750917,16.012
20750918,15.508
20750919,15.843
20750920,15.222
20750921,15.121
20750922,16.376
20750923,17.142
20750924,17.846
20750925,18.974
20750926,17.728
20750927,16.204
20750928,16.461
20750929,15.958
20750930,18.027
20751001,17.023
20751002,16.209
20751003,19.001
20751004,12.299
20751005,10.39
20751006,12.11
20751007,10.913
20751008,11.765
20751009,14.455
20751010,17.545
20751011,13.839
20751012,12.618
20751013,16.157
20751014,15.58
20751015,15.648
20751016,14.192
20751017,17.529
20751018,16.297
20751019,11.622
20751020,9.5339
20751021,9.8519
20751022,13.398
20751023,11.641
20751024,12.405
20751025,14.735
20751026,14.263
20751027,15.016
20751028,17.786
20751029,16.156
20751030,14.885
20751031,17.228
20751101,15.326
20751102,13.334
20751103,11.116
20751104,9.5246
20751105,7.7875
20751106,7.6398
20751107,7.7206
20751108,9.1725
20751109,8.9782
20751110,7.7341
20751111,7.7651
20751112,11.293
20751113,11.194
20751114,10.196
20751115,8.7642
20751116,13.417
20751117,9.0356
20751118,7.942
20751119,6.3507
20751120,6.3579
20751121,7.6493
20751122,7.368
20751123,7.4697
20751124,10.746
20751125,12.009
20751126,12.927
20751127,11.06
20751128,9.024
20751129,9.2748
20751130,9.212
20751201,10.97
20751202,11.779
20751203,3.0894
20751204,0.7453
20751205,-1.2601
20751206,-1.9964
20751207,-2.2232
20751208,-3.7096
20751209,-2.6173
20751210,3.2386
20751211,0.31245
20751212,5.0979
20751213,5.197
20751214,7.4576
20751215,7.527
20751216,5.0146
20751217,4.4223
20751218,6.1005
20751219,4.4462
20751220,4.8051
20751221,8.3431
20751222,5.7787
20751223,4.9955
20751224,4.4236
20751225,7.5349
20751226,7.0994
20751227,5.9429
20751228,6.2769
20751229,5.5193
20751230,3.7878
20751231,3.7615
20760101,4.4676
20760102,3.7125
20760103,3.7678
20760104,-0.61425
20760105,-1.6271
20760106,0.44189
20760107,-1.2992
20760108,-0.40107
20760109,-0.20622
20760110,-0.12795
20760111,-0.2396
20760112,0.9797
20760113,3.1853
20760114,-0.13125
20760115,0.21303
20760116,1.437
20760117,1.1237
20760118,1.0862
20760119,0.92558
20760120,-0.93284
20760121,0.030396
20760122,0.62516
20760123,3.2247
20760124,3.8777
20760125,1.6394
20760126,0.27689
20760127,-0.31799
20760128,1.2045
20760129,9.991
20760130,4.4082
20760131,2.7919
20760201,0.94733
20760202,0.079274
20760203,-1.506
20760204,4.7359
20760205,3.4521
20760206,3.6632
20760207,2.9993
20760208,3.1689
20760209,1.4906
20760210,2.3009
20760211,0.48793
20760212,-1.2895
20760213,0.42943
20760214,-1.8039
20760215,0.6258
20760216,1.564
20760217,4.7668
20760218,3.9993
20760219,4.2606
20760220,4.0089
20760221,3.0381
20760222,0.47352
20760223,0.15935
20760224,0.34445
20760225,1.4695
20760226,0.013753
20760227,1.0229
20760228,0.71361
20760229,-0.54342
20760301,1.1302
20760302,5.8141
20760303,6.4328
20760304,9.3602
20760305,5.3266
20760306,1.3259
20760307,-0.7125
20760308,0.48958
20760309,1.4493
20760310,1.7701
20760311,5.0979
20760312,9.8472
20760313,9.5987
20760314,8.0335
20760315,6.5152
20760316,7.7321
20760317,7.9039
20760318,8.6793
20760319,9.864
20760320,10.816
20760321,10.361
20760322,8.9777
20760323,10.719
20760324,9.6657
20760325,10.42
20760326,10.451
20760327,11.124
20760328,11.605
20760329,12.231
20760330,9.4975
20760331,11.064
20760401,10.66
20760402,7.1535
20760403,5.0399
20760404,8.304
20760405,5.1677
20760406,3.6997
20760407,4.1111
20760408,1.8292
20760409,5.6664
20760410,5.2488
20760411,3.1415
20760412,3.5655
20760413,3.466
20760414,6.3836
20760415,6.808
20760416,7.1108
20760417,6.962
20760418,9.6306
20760419,10.095
20760420,11.04
20760421,10.463
20760422,11.528
20760423,9.9897
20760424,9.8581
20760425,9.8586
20760426,9.6498
20760427,9.9004
20760428,11.298
20760429,11.076
20760430,11.1
20760501,12.44
20760502,9.8834
20760503,10.912
20760504,15.946
20760505,13.475
20760506,12.294
20760507,10.742
20760508,10.232
20760509,9.4471
20760510,9.1825
20760511,9.7796
20760512,8.729
20760513,9.1721
20760514,12.372
20760515,9.7186
20760516,12.411
20760517,12.354
20760518,13.342
20760519,16.531
20760520,15.54
20760521,14.279
20760522,14.065
20760523,14.509
20760524,12.546
20760525,14.866
20760526,13.927
20760527,12.938
20760528,12.472
20760529,14.21
20760530,14.117
20760531,14.021
20760601,16.508
20760602,16.001
20760603,18.264
20760604,17.299
20760605,15.543
20760606,16.507
20760607,18.098
20760608,18.448
20760609,17.719
20760610,16.224
20760611,16.684
20760612,18.38
20760613,18.652
20760614,19.001
20760615,16.79
20760616,14.279
20760617,15.747
20760618,15.098
20760619,16.262
20760620,15.931
20760621,13.774
20760622,15.525
20760623,18.15
20760624,17.177
20760625,16.303
20760626,17.388
20760627,15.541
20760628,15.548
20760629,14.369
20760630,16.462
20760701,15.914
20760702,17.112
20760703,19.123
20760704,21.39
20760705,21.722
20760706,18.794
20760707,19.474
20760708,19.97
20760709,17.813
20760710,18.695
20760711,18.704
20760712,19.798
20760713,20.844
20760714,20.593
20760715,20.368
20760716,20.533
20760717,17.904
20760718,15.473
20760719,16.898
20760720,18.493
20760721,20.041
20760722,20.406
20760723,22.067
20760724,21.515
20760725,20.087
20760726,18.235
20760727,17.485
20760728,20.228
20760729,18.403
20760730,17.024
20760731,19.516
20760801,21.996
20760802,23.171
20760803,22.008
20760804,22.213
20760805,23.723
20760806,22.697
20760807,22.219
20760808,21.111
20760809,19.972
20760810,20.824
20760811,21.357
20760812,21.667
20760813,21.155
20760814,19.856
20760815,20.847
20760816,22.121
20760817,22.972
20760818,21.619
20760819,21.799
20760820,23.284
20760821,22.611
20760822,20.624
20760823,22.773
20760824,22.64
20760825,22.419
20760826,21.053
20760827,21.675
20760828,20.313
20760829,20.228
20760830,21.611
20760831,19.892
20760901,17.523
20760902,16.681
20760903,18.752
20760904,18.132
20760905,19.299
20760906,15.598
20760907,14.318
20760908,13.943
20760909,18.271
20760910,17.394
20760911,17.554
20760912,17.726
20760913,17.269
20760914,17.272
20760915,17.432
20760916,17.049
20760917,16.321
20760918,16.542
20760919,17.327
20760920,17.561
20760921,16.419
20760922,16.281
20760923,18.25
20760924,17.993
20760925,19.264
20760926,18.974
20760927,18.649
20760928,17.301
20760929,16.008
20760930,15.76
20761001,16.642
20761002,18.244
20761003,18.806
20761004,19.196
20761005,19.146
20761006,17.964
20761007,15.047
20761008,12.987
20761009,11.966
20761010,13.679
20761011,11.317
20761012,13.89
20761013,14.36
20761014,13.507
20761015,12.869
20761016,12.458
20761017,12.279
20761018,12.449
20761019,11.235
20761020,12.744
20761021,14.756
20761022,14.63
20761023,15.406
20761024,12.401
20761025,10.889
20761026,8.9478
20761027,9.7723
20761028,11.233
20761029,7.2461
20761030,5.588
20761031,5.3004
20761101,6.4479
20761102,7.6808
20761103,7.4069
20761104,8.077
20761105,7.2606
20761106,7.262
20761107,7.1962
20761108,5.064
20761109,3.9881
20761110,4.4849
20761111,5.332
20761112,3.3622
20761113,3.1112
20761114,3.4347
20761115,1.5375
20761116,3.7372
20761117,2.3713
20761118,0.45661
20761119,2.6314
20761120,1.2194
20761121,0.75636
20761122,0.48912
20761123,1.4463
20761124,2.6507
20761125,3.9903
20761126,2.9635
20761127,4.0306
20761128,1.6409
20761129,5.0306
20761130,3.6239
20761201,3.2582
20761202,4.899
20761203,1.9527
20761204,-0.22237
20761205,-1.2483
20761206,-2.3438
20761207,-2.6675
20761208,-3.4084
20761209,-4.7122
20761210,-4.2894
20761211,5.4432
20761212,6.1426
20761213,9.3345
20761214,5.7032
20761215,5.5174
20761216,4.3523
20761217,4.9811
20761218,2.338
20761219,5.1713
20761220,3.4732
20761221,4.2663
20761222,5.5073
20761223,4.387
20761224,6.063
20761225,3.7808
20761226,4.2423
20761227,5.9316
20761228,5.9154
20761229,3.8943
20761230,3.5616
20761231,3.9699
20770101,9.2279
20770102,4.7668
20770103,2.0218
20770104,1.594
20770105,-1.0751
20770106,-1.1258
20770107,-0.48758
20770108,1.1553
20770109,-1.3516
20770110,0.96471
20770111,-0.5362
20770112,-1.6641
20770113,-1.215
20770114,-0.36608
20770115,-0.43358
20770116,-0.346
20770117,5.8066
20770118,8.1321
20770119,7.8759
20770120,9.2104
20770121,3.0125
20770122,0.65379
20770123,1.0204
20770124,0.21124
20770125,1.5523
20770126,1.8456
20770127,4.7999
20770128,2.8112
20770129,5.5815
20770130,3.6434
20770131,2.6318
20770201,2.3815
20770202,1.9495
20770203,2.2403
20770204,3.1885
20770205,3.5346
20770206,3.9212
20770207,4.8326
20770208,3.0117
20770209,0.28808
20770210,-0.85419
20770211,-0.58324
20770212,-0.87515
20770213,-1.302
20770214,-1.1325
20770215,-1.0979
20770216,-0.54125
20770217,0.4591
20770218,5.0983
20770219,0.66923
20770220,0.48214
20770221,-0.98516
20770222,0.62825
20770223,0.11302
20770224,1.657
20770225,0.98789
20770226,-1.1822
20770227,0.83113
20770228,7.3835
20770301,3.3193
20770302,10.292
20770303,10.773
20770304,8.6777
20770305,6.0008
20770306,4.8382
20770307,2.1968
20770308,3.3837
20770309,4.2035
20770310,3.1281
20770311,6.3429
20770312,3.0938
20770313,3.5795
20770314,7.3129
20770315,5.9182
20770316,4.6292
20770317,2.1711
20770318,5.2355
20770319,4.9457
20770320,4.1717
20770321,1.4573
20770322,-0.23127
20770323,2.1897
20770324,4.4643
20770325,3.0781
20770326,3.4953
20770327,9.6153
20770328,8.9533
20770329,7.2922
20770330,10.774
20770331,8.5689
20770401,6.9616
20770402,5.5909
20770403,2.8039
20770404,3.2998
20770405,3.3294
20770406,5.2955
20770407,5.9666
20770408,7.9916
20770409,7.4536
20770410,6.5358
20770411,7.0538
20770412,8.4535
20770413,6.3978
20770414,6.7923
20770415,3.8786
20770416,4.1907
20770417,6.5801
20770418,4.6565
20770419,4.9869
20770420,8.9032
20770421,8.0524
20770422,8.9395
20770423,9.1736
20770424,9.8666
20770425,9.9884
20770426,9.3325
20770427,10.682
20770428,9.2969
20770429,8.0294
20770430,6.2794
20770501,9.8614
20770502,11.675
20770503,10.63
20770504,9.4547
20770505,10.738
20770506,12.295
20770507,11.344
20770508,11.98
20770509,12.273
20770510,11.175
20770511,15.887
20770512,14.699
20770513,12.579
20770514,13.672
20770515,15.73
20770516,14.859
20770517,15.447
20770518,15.716
20770519,16.993
20770520,16.351
20770521,16.365
20770522,12.943
20770523,12.387
20770524,13.154
20770525,12.879
20770526,11.369
20770527,11.324
20770528,12.912
20770529,14.323
20770530,13.437
20770531,14.695
20770601,15.335
20770602,16.096
20770603,15.702
20770604,17.36
20770605,15.899
20770606,17.109
20770607,17.077
20770608,17.459
20770609,15.902
20770610,16.938
20770611,16.178
20770612,16.272
20770613,17.045
20770614,16.483
20770615,17.018
20770616,16.696
20770617,15.536
20770618,14.083
20770619,15.873
20770620,14.356
20770621,17.61
20770622,17.859
20770623,17.807
20770624,17.144
20770625,20.69
20770626,21.375
20770627,20.544
20770628,20.792
20770629,19.543
20770630,20.58
20770701,22.242
20770702,25.493
20770703,24.768
20770704,22.037
20770705,20.234
20770706,23.342
20770707,21.428
20770708,20.098
20770709,21.261
20770710,21.322
20770711,20.271
20770712,21.026
20770713,18.98
20770714,18.656
20770715,21.806
20770716,25.155
20770717,25.77
20770718,26.527
20770719,24.654
20770720,23.47
20770721,22.567
20770722,22.059
20770723,20.63
20770724,21.049
20770725,20.844
20770726,23.015
20770727,20.893
20770728,19.802
20770729,17.592
20770730,20.172
20770731,21.604
20770801,20.152
20770802,20.829
20770803,21.574
20770804,20.923
20770805,24.085
20770806,24.156
20770807,23.823
20770808,22.533
20770809,22.683
20770810,23.638
20770811,22.929
20770812,23.76
20770813,22.355
20770814,20.307
20770815,19.434
20770816,20.153
20770817,22.024
20770818,22.377
20770819,21.325
20770820,21.776
20770821,22.143
20770822,22.24
20770823,21.671
20770824,19.139
20770825,17.503
20770826,19.289
20770827,18.641
20770828,16.92
20770829,16.594
20770830,16.332
20770831,16.427
20770901,16.768
20770902,16.949
20770903,17.842
20770904,16.871
20770905,16.998
20770906,16.105
20770907,15.152
20770908,15.824
20770909,14.448
20770910,14.85
20770911,15.771
20770912,14.252
20770913,13.273
20770914,14.999
20770915,13.6
20770916,17.361
20770917,16.511
20770918,16.195
20770919,14.085
20770920,15.398
20770921,13.137
20770922,11.291
20770923,12.856
20770924,14.05
20770925,14.515
20770926,15.582
20770927,13.15
20770928,14.5
20770929,13.083
20770930,13.673
20771001,13.675
20771002,14.492
20771003,17.367
20771004,17.419
20771005,17.156
20771006,15.569
20771007,14.683
20771008,13.471
20771009,12.462
20771010,11.829
20771011,10.016
20771012,12.921
20771013,15.228
20771014,13.822
20771015,13.921
20771016,14.398
20771017,14.726
20771018,14.755
20771019,13.695
20771020,13.731
20771021,14.554
20771022,11.065
20771023,9.2182
20771024,8.5278
20771025,8.9632
20771026,10.267
20771027,10.085
20771028,9.1365
20771029,8.3283
20771030,8.3771
20771031,9.6147
20771101,8.893
20771102,14.463
20771103,15.182
20771104,12.026
20771105,10.71
20771106,11.931
20771107,11.865
20771108,14.215
20771109,12.659
20771110,12.641
20771111,13.752
20771112,13.717
20771113,11.672
20771114,9.9886
20771115,10.307
20771116,12.512
20771117,13.845
20771118,15.409
20771119,9.675
20771120,7.9289
20771121,8.3852
20771122,4.4511
20771123,2.4947
20771124,1.5676
20771125,1.1025
20771126,7.2958
20771127,6.6007
20771128,5.3287
20771129,6.4487
20771130,6.4522
20771201,5.2109
20771202,6.3425
20771203,4.6849
20771204,5.6637
20771205,10.415
20771206,10.624
20771207,10.83
20771208,12.69
20771209,10.423
20771210,10.279
20771211,10.146
20771212,6.4293
20771213,2.6968
20771214,2.0851
20771215,4.9677
20771216,4.1045
20771217,8.0624
20771218,6.5843
20771219,4.0107
20771220,1.1686
20771221,4.0255
20771222,2.6929
20771223,0.14433
20771224,1.9589
20771225,9.6042
20771226,10.59
20771227,4.2177
20771228,-1.7711
20771229,-3.2892
20771230,-4.7225
20771231,-3.765
20780101,-3.9449
20780102,-0.84553
20780103,-0.8151
20780104,-1.1609
20780105,-3.1392
20780106,-3.6731
20780107,-3.6599
20780108,-1.5799
20780109,4.5207
20780110,7.1104
20780111,7.7674
20780112,4.9718
20780113,4.1678
20780114,6.8129
20780115,8.4048
20780116,3.2635
20780117,0.56724
20780118,0.60734
20780119,2.5465
20780120,3.216
20780121,-0.12969
20780122,-1.8881
20780123,-1.0153
20780124,7.8231
20780125,3.6006
20780126,-0.13412
20780127,-1.9007
20780128,-1.272
20780129,-1.1926
20780130,-0.17259
20780131,-0.73152
20780201,-0.55428
20780202,1.5755
20780203,-0.90927
20780204,1.5705
20780205,0.080037
20780206,0.014913
20780207,3.2633
20780208,1.0523
20780209,3.6168
20780210,2.7926
20780211,5.4551
20780212,1.5205
20780213,-0.56074
20780214,-2.0779
20780215,3.5934
20780216,3.8045
20780217,0.56878
20780218,-1.9335
20780219,-2.4635
20780220,-2.1017
20780221,-3.1597
20780222,-2.5989
20780223,-1.4463
20780224,-1.6436
20780225,-0.59557
20780226,3.9628
20780227,1.1416
20780228,-1.0662
20780301,1.4397
20780302,1.497
20780303,2.0537
20780304,3.2669
20780305,3.6744
20780306,3.526
20780307,3.9743
20780308,6.5895
20780309,6.1452
20780310,9.025
20780311,8.1227
20780312,6.0399
20780313,5.2278
20780314,3.2759
20780315,3.1597
20780316,5.0361
20780317,4.1229
20780318,3.9002
20780319,4.7684
20780320,4.9652
20780321,5.4673
20780322,7.4626
20780323,5.2333
20780324,4.4767
20780325,6.851
20780326,9.3463
20780327,6.973
20780328,8.0667
20780329,9.6494
20780330,10.316
20780331,6.6678
20780401,6.9517
20780402,7.013
20780403,9.0871
20780404,10.387
20780405,11.273
20780406,10.849
20780407,8.2881
20780408,8.0182
20780409,9.253
20780410,10.637
20780411,7.466
20780412,6.4449
20780413,4.3321
20780414,5.6236
20780415,5.0996
20780416,9.3798
20780417,8.1472
20780418,8.422
20780419,8.0466
20780420,5.7475
20780421,5.0001
20780422,5.1556
20780423,9.1422
20780424,6.9454
20780425,9.1154
20780426,7.2257
20780427,4.7202
20780428,5.2028
20780429,9.5553
20780430,9.9809
20780501,8.7651
20780502,11.402
20780503,10.246
20780504,12.125
20780505,10.632
20780506,10.028
20780507,8.6675
20780508,9.8818
20780509,9.5753
20780510,9.7268
20780511,8.3666
20780512,6.7582
20780513,8.2034
20780514,9.6093
20780515,12.867
20780516,14.429
20780517,13.209
20780518,14.265
20780519,12.103
20780520,13.132
20780521,14.917
20780522,14.998
20780523,15.849
20780524,15.782
20780525,16.498
20780526,16.609
20780527,17.076
20780528,16.751
20780529,16.289
20780530,14.987
20780531,14.349
20780601,13.15
20780602,11.487
20780603,9.8676
20780604,12.442
20780605,15.504
20780606,17.772
20780607,17.99
20780608,19.435
20780609,19.325
20780610,18.687
20780611,20.236
20780612,21.74
20780613,20.211
20780614,20.021
20780615,22.258
20780616,21.071
20780617,15.739
20780618,13.379
20780619,14.722
20780620,17.082
20780621,14.632
20780622,17.982
20780623,17.492
20780624,14.447
20780625,12.361
20780626,15.306
20780627,17.6
20780628,14.951
20780629,13.233
20780630,13.638
20780701,16.234
20780702,14.155
20780703,14.943
20780704,12.669
20780705,19.125
20780706,20.096
20780707,17.496
20780708,16.192
20780709,14.556
20780710,15.942
20780711,15.522
20780712,13.67
20780713,14.73
20780714,15.016
20780715,19.26
20780716,17.599
20780717,15.355
20780718,20.791
20780719,21.883
20780720,18.256
20780721,15.156
20780722,16.54
20780723,19.811
20780724,19.137
20780725,20.159
20780726,23.132
20780727,24.403
20780728,23.464
20780729,20.383
20780730,18.831
20780731,20.161
20780801,20.426
20780802,19.123
20780803,17.992
20780804,18.905
20780805,20.488
20780806,22.795
20780807,21.935
20780808,22.47
20780809,19.323
20780810,17.007
20780811,17.628
20780812,19.89
20780813,20.763
20780814,22.913
20780815,23.655
20780816,22.759
20780817,22.274
20780818,23.693
20780819,24.242
20780820,22.109
20780821,21.512
20780822,20.429
20780823,23.033
20780824,23.408
20780825,21.604
20780826,20.691
20780827,20.902
20780828,21.705
20780829,21.627
20780830,21.742
20780831,20.289
20780901,18.197
20780902,18.695
20780903,18.983
20780904,18.152
20780905,19.181
20780906,17.633
20780907,16.187
20780908,17.627
20780909,20.306
20780910,19.35
20780911,19.332
20780912,19.128
20780913,18.026
20780914,18.443
20780915,21.449
20780916,20.004
20780917,20.759
20780918,22.242
20780919,18.922
20780920,17.423
20780921,17.103
20780922,14.797
20780923,14.199
20780924,14.985
20780925,15.46
20780926,14.409
20780927,12.001
20780928,11.48
20780929,11.901
20780930,12.313
20781001,11.479
20781002,13.939
20781003,11.532
20781004,12.319
20781005,12.619
20781006,11.201
20781007,17.48
20781008,11.547
20781009,9.8175
20781010,10.534
20781011,13.532
20781012,17.36
20781013,14.916
20781014,15.774
20781015,15.755
20781016,15.244
20781017,12.785
20781018,12.145
20781019,10.511
20781020,10.841
20781021,10.549
20781022,9.2539
20781023,13.155
20781024,9.8484
20781025,9.215
20781026,9.1941
20781027,10.112
20781028,9.8426
20781029,12.431
20781030,8.9552
20781031,6.7353
20781101,5.4428
20781102,6.3329
20781103,9.5083
20781104,7.4781
20781105,6.8101
20781106,7.4459
20781107,6.2259
20781108,2.5257
20781109,0.14922
20781110,-0.53406
20781111,-0.52974
20781112,-2.2219
20781113,1.568
20781114,4.298
20781115,2.9628
20781116,1.5502
20781117,3.3536
20781118,2.7935
20781119,2.3655
20781120,0.23361
20781121,-0.48579
20781122,-0.58947
20781123,1.1925
20781124,0.55656
20781125,0.67753
20781126,4.8193
20781127,3.4462
20781128,1.8646
20781129,1.4137
20781130,3.9633
20781201,11.467
20781202,5.7295
20781203,3.2709
20781204,2.0479
20781205,4.85
20781206,10.995
20781207,6.2396
20781208,4.1579
20781209,5.9116
20781210,7.077
20781211,5.2675
20781212,4.1225
20781213,8.742
20781214,6.5088
20781215,6.4686
20781216,12.295
20781217,7.6937
20781218,4.006
20781219,3.632
20781220,3.0473
20781221,8.6553
20781222,11.007
20781223,10.393
20781224,8.8744
20781225,7.3556
20781226,5.8616
20781227,6.5236
20781228,6.7846
20781229,5.2942
20781230,5.2672
20781231,5.9761
20790101,3.3784
20790102,2.7232
20790103,1.2378
20790104,0.66911
20790105,2.9406
20790106,3.3959
20790107,1.2932
20790108,-1.0912
20790109,4.5839
20790110,2.6172
20790111,0.75549
20790112,-1.3652
20790113,3.3262
20790114,1.9816
20790115,0.4142
20790116,1.9123
20790117,2.7234
20790118,6.2385
20790119,3.5882
20790120,3.4027
20790121,6.0417
20790122,3.4325
20790123,1.4882
20790124,1.9064
20790125,2.8639
20790126,1.8113
20790127,1.6355
20790128,1.9302
20790129,1.9227
20790130,1.3846
20790131,6.7025
20790201,6.7475
20790202,9.4062
20790203,6.0164
20790204,5.7323
20790205,4.7994
20790206,2.7674
20790207,5.6492
20790208,7.0634
20790209,4.8819
20790210,4.3087
20790211,3.8486
20790212,2.6451
20790213,1.5713
20790214,1.2366
20790215,6.2284
20790216,5.6536
20790217,4.7166
20790218,6.1029
20790219,8.0866
20790220,5.4872
20790221,4.3359
20790222,4.4774
20790223,4.3964
20790224,6.22
20790225,8.4493
20790226,7.8874
20790227,11.178
20790228,8.2598
20790301,7.3562
20790302,9.1149
20790303,8.5079
20790304,6.2458
20790305,5.011
20790306,2.1093
20790307,0.081767
20790308,0.3606
20790309,1.2675
20790310,2.0183
20790311,3.6192
20790312,1.9355
20790313,4.0095
20790314,2.9697
20790315,4.7508
20790316,2.0771
20790317,3.2462
20790318,8.1499
20790319,11.356
20790320,6.792
20790321,5.7435
20790322,4.4145
20790323,2.5841
20790324,3.7056
20790325,4.6709
20790326,7.0068
20790327,6.9004
20790328,6.2213
20790329,6.4924
20790330,7.4861
20790331,7.5892
20790401,6.9698
20790402,9.1235
20790403,10.362
20790404,8.606
20790405,5.181
20790406,5.7025
20790407,5.2115
20790408,5.8474
20790409,8.169
20790410,6.2137
20790411,5.9502
20790412,7.2672
20790413,9.3205
20790414,6.9958
20790415,7.1589
20790416,10.943
20790417,10.192
20790418,9.1945
20790419,8.8266
20790420,6.4613
20790421,10.497
20790422,8.0403
20790423,8.6001
20790424,6.9676
20790425,10.021
20790426,10.495
20790427,8.205
20790428,8.1537
20790429,6.791
20790430,6.4173
20790501,7.0847
20790502,8.8596
20790503,8.8848
20790504,12.242
20790505,10.277
20790506,7.8581
20790507,10.174
20790508,7.5835
20790509,10.256
20790510,9.0912
20790511,7.2422
20790512,7.8204
20790513,10.465
20790514,11.487
20790515,9.8799
20790516,8.793
20790517,11.327
20790518,12.47
20790519,14.389
20790520,14.621
20790521,13.777
20790522,14.354
20790523,14.809
20790524,12.794
20790525,14.325
20790526,14.684
20790527,15.401
20790528,16.785
20790529,18.509
20790530,18.523
20790531,17.816
20790601,20.277
20790602,19.566
20790603,18.618
20790604,18.479
20790605,18.634
20790606,19.052
20790607,19.311
20790608,18.254
20790609,17.018
20790610,18.136
20790611,17.534
20790612,14.792
20790613,14.354
20790614,14.924
20790615,16.576
20790616,15.822
20790617,18.767
20790618,12.045
20790619,11.036
20790620,14.385
20790621,15.717
20790622,18.393
20790623,16.984
20790624,17.004
20790625,17.292
20790626,15.923
20790627,16.196
20790628,16.458
20790629,18.639
20790630,17.567
20790701,17.248
20790702,19.26
20790703,20.641
20790704,21.392
20790705,20.316
20790706,18.879
20790707,18.153
20790708,18.406
20790709,17.478
20790710,17.916
20790711,16.04
20790712,18.908
20790713,17.49
20790714,21.069
20790715,20.816
20790716,21.863
20790717,20.529
20790718,24.46
20790719,23.397
20790720,22.55
20790721,22.516
20790722,23.373
20790723,22.412
20790724,20.334
20790725,16.977
20790726,17.704
20790727,17.833
20790728,19.311
20790729,20.046
20790730,19.955
20790731,17.467
20790801,17.995
20790802,20.857
20790803,22.803
20790804,23.01
20790805,22.156
20790806,22.788
20790807,23.409
20790808,22.396
20790809,23.938
20790810,21.818
20790811,19.597
20790812,18.706
20790813,19.408
20790814,19.271
20790815,19.415
20790816,20.141
20790817,22.342
20790818,20.713
20790819,18.683
20790820,16.422
20790821,20.654
20790822,20.983
20790823,20.86
20790824,21.523
20790825,20.613
20790826,20.398
20790827,19.674
20790828,22.594
20790829,19.857
20790830,16.832
20790831,18.07
20790901,21.011
20790902,20.575
20790903,17.214
20790904,14.348
20790905,16.041
20790906,17.508
20790907,19.032
20790908,16.997
20790909,18.164
20790910,18.748
20790911,18.563
20790912,17.349
20790913,18.198
20790914,17.612
20790915,16.362
20790916,14.912
20790917,14.319
20790918,14.787
20790919,18.131
20790920,14.006
20790921,13.11
20790922,12.48
20790923,12.996
20790924,16.26
20790925,15.758
20790926,17.177
20790927,16.12
20790928,16.779
20790929,16.555
20790930,15.361
20791001,14.518
20791002,13.14
20791003,13.24
20791004,15.697
20791005,14.107
20791006,12.182
20791007,12.357
20791008,10.752
20791009,13.673
20791010,11.266
20791011,12.295
20791012,11.167
20791013,10.601
20791014,9.9034
20791015,12.046
20791016,10.481
20791017,10.087
20791018,11.996
20791019,12.438
20791020,11.41
20791021,9.6236
20791022,10.249
20791023,6.443
20791024,5.5958
20791025,6.0711
20791026,4.0914
20791027,1.8643
20791028,1.5152
20791029,1.1525
20791030,1.0397
20791031,1.4688
20791101,2.112
20791102,3.3401
20791103,2.9172
20791104,2.8396
20791105,4.3107
20791106,7.7861
20791107,6.8732
20791108,6.9902
20791109,5.2898
20791110,4.1417
20791111,3.2561
20791112,1.8736
20791113,1.9621
20791114,2.7255
20791115,1.9818
20791116,4.5158
20791117,4.7743
20791118,2.4112
20791119,2.0097
20791120,10.442
20791121,7.6667
20791122,4.6266
20791123,2.366
20791124,1.9645
20791125,3.804
20791126,5.5362
20791127,9.9293
20791128,10.866
20791129,9.0539
20791130,6.0066
20791201,4.4781
20791202,2.9332
20791203,1.4376
20791204,-0.50484
20791205,-1.1161
20791206,-1.2914
20791207,-1.8476
20791208,-1.5566
20791209,0.47999
20791210,-0.44975
20791211,-0.73195
20791212,-0.65621
20791213,5.2042
20791214,9.0703
20791215,5.3096
20791216,2.8512
20791217,3.6417
20791218,3.0488
20791219,0.61454
20791220,3.6687
20791221,2.9784
20791222,2.5682
20791223,1.8842
20791224,8.0031
20791225,5.222
20791226,4.5831
20791227,3.4915
20791228,1.7109
20791229,2.2889
20791230,5.7277
20791231,9.403
20800101,6.3069
20800102,6.2606
20800103,4.7765
20800104,2.0363
20800105,2.1199
20800106,8.5356
20800107,9.2755
20800108,9.3065
20800109,4.9016
20800110,5.3699
20800111,3.5037
20800112,1.3164
20800113,2.7573
20800114,1.2967
20800115,4.0951
20800116,3.3329
20800117,0.80391
20800118,-0.15224
20800119,-0.16653
20800120,0.47032
20800121,-0.17882
20800122,-0.87281
20800123,-2.393
20800124,-2.4562
20800125,1.6478
20800126,3.5224
20800127,4.8851
20800128,6.5789
20800129,4.8315
20800130,2.4203
20800131,1.1432
20800201,0.645
20800202,0.13754
20800203,0.17323
20800204,0.10273
20800205,-0.54348
20800206,-0.36278
20800207,1.5765
20800208,1.7539
20800209,6.2524
20800210,3.3625
20800211,0.60998
20800212,-1.236
20800213,-0.41457
20800214,0.099762
20800215,0.32963
20800216,0.10314
20800217,3.2309
20800218,4.515
20800219,6.346
20800220,4.2795
20800221,2.1991
20800222,-0.23655
20800223,2.2639
20800224,4.3843
20800225,2.3684
20800226,7.9671
20800227,3.9079
20800228,3.0491
20800229,3.9832
20800301,2.1564
20800302,3.4758
20800303,5.4601
20800304,3.8243
20800305,4.8186
20800306,5.5916
20800307,4.5052
20800308,5.1557
20800309,5.7322
20800310,8.265
20800311,6.7357
20800312,4.4596
20800313,1.9863
20800314,1.6368
20800315,1.7551
20800316,1.535
20800317,0.59615
20800318,2.5633
20800319,3.0773
20800320,4.3056
20800321,1.8062
20800322,2.9878
20800323,4.1416
20800324,5.2135
20800325,7.6838
20800326,9.6572
20800327,9.8093
20800328,9.1607
20800329,10.372
20800330,11.961
20800331,11.491
20800401,8.8882
20800402,7.5621
20800403,4.8774
20800404,8.7234
20800405,8.7719
20800406,6.4977
20800407,5.4318
20800408,6.556
20800409,6.8107
20800410,5.1984
20800411,6.2458
20800412,8.929
20800413,7.4343
20800414,8.1014
20800415,9.904
20800416,9.5894
20800417,8.9857
20800418,11.553
20800419,8.727
20800420,8.5595
20800421,7.7997
20800422,8.1396
20800423,6.8245
20800424,5.7967
20800425,4.4074
20800426,5.4845
20800427,7.8117
20800428,7.9091
20800429,9.0402
20800430,9.5958
20800501,9.5341
20800502,9.7858
20800503,6.62
20800504,8.6543
20800505,8.7086
20800506,10.922
20800507,12.726
20800508,12.997
20800509,15.25
20800510,14.837
20800511,11.643
20800512,9.8751
20800513,9.576
20800514,11.55
20800515,9.1278
20800516,7.5737
20800517,10.396
20800518,10.352
20800519,15.347
20800520,14.681
20800521,16.961
20800522,15.727
20800523,18.388
20800524,17.172
20800525,18.351
20800526,16.583
20800527,15.931
20800528,17.25
20800529,15.797
20800530,15.228
20800531,16.379
20800601,17.493
20800602,17.958
20800603,15.912
20800604,14.602
20800605,12.074
20800606,10.609
20800607,13.257
20800608,17.382
20800609,18.129
20800610,21.698
20800611,20.946
20800612,20.048
20800613,18.919
20800614,19.346
20800615,19.538
20800616,19.526
20800617,20.698
20800618,19.377
20800619,19.363
20800620,19.473
20800621,15.674
20800622,14.003
20800623,14.659
20800624,15.669
20800625,16.29
20800626,16.587
20800627,17.144
20800628,17.411
20800629,17.522
20800630,17.993
20800701,17.041
20800702,16.11
20800703,16.343
20800704,16.614
20800705,16.127
20800706,13.766
20800707,17.067
20800708,18.099
20800709,17.238
20800710,18.09
20800711,19.434
20800712,17.545
20800713,21.523
20800714,18.345
20800715,18.092
20800716,19.101
20800717,21.359
20800718,22.473
20800719,24.281
20800720,23.513
20800721,23.539
20800722,24.599
20800723,23.442
20800724,17.972
20800725,19.007
20800726,19.794
20800727,21.373
20800728,19.521
20800729,20
20800730,20.263
20800731,19.982
20800801,20.249
20800802,21.792
20800803,22.595
20800804,21.974
20800805,22.687
20800806,22.06
20800807,23.607
20800808,23.171
20800809,22.347
20800810,22.105
20800811,23.823
20800812,24.444
20800813,24.435
20800814,23.271
20800815,23.065
20800816,19.849
20800817,19.688
20800818,19.369
20800819,20.869
20800820,21.222
20800821,22.533
20800822,22.084
20800823,21.422
20800824,19.407
20800825,20.042
20800826,20.866
20800827,21.109
20800828,19.592
20800829,16.786
20800830,18.67
20800831,17.59
20800901,19.531
20800902,19.374
20800903,18.603
20800904,18.25
20800905,19.104
20800906,20.073
20800907,20.277
20800908,20.548
20800909,19.391
20800910,17.043
20800911,14.97
20800912,18.472
20800913,21.222
20800914,19.909
20800915,19.611
20800916,19.647
20800917,20.478
20800918,20.93
20800919,20.477
20800920,20.716
20800921,20.77
20800922,21.267
20800923,21.097
20800924,17.444
20800925,14.955
20800926,14.462
20800927,13.345
20800928,11.914
20800929,13.743
20800930,12.156
20801001,11.729
20801002,14.782
20801003,12.454
20801004,12.607
20801005,13.454
20801006,13.811
20801007,12.932
20801008,10.637
20801009,10.689
20801010,9.5869
20801011,10.871
20801012,11.2
20801013,14.242
20801014,13.971
20801015,12.781
20801016,14.614
20801017,13.759
20801018,13.214
20801019,11.32
20801020,9.4758
20801021,8.9637
20801022,9.4991
20801023,11.097
20801024,10.131
20801025,11.7
20801026,14.139
20801027,13.004
20801028,11.281
20801029,9.557
20801030,8.8896
20801031,8.1609
20801101,7.3129
20801102,7.2678
20801103,6.8531
20801104,7.171
20801105,5.8373
20801106,12.882
20801107,6.3882
20801108,4.6772
20801109,6.8944
20801110,6.6982
20801111,6.5353
20801112,5.461
20801113,5.3577
20801114,5.2035
20801115,3.6907
20801116,2.7567
20801117,3.2241
20801118,3.9589
20801119,10.573
20801120,11.322
20801121,11.25
20801122,13.941
20801123,11.757
20801124,9.6747
20801125,6.0824
20801126,5.0122
20801127,4.3713
20801128,2.4273
20801129,5.093
20801130,2.0712
20801201,0.28452
20801202,-1.3311
20801203,-0.14389
20801204,-0.48828
20801205,0.3018
20801206,2.3207
20801207,5.009
20801208,3.5349
20801209,3.4086
20801210,6.6175
20801211,5.9336
20801212,4.2488
20801213,6.0178
20801214,4.8398
20801215,2.6996
20801216,8.2677
20801217,11.685
20801218,9.0985
20801219,4.7143
20801220,1.9454
20801221,0.055186
20801222,2.3049
20801223,2.0999
20801224,0.62798
20801225,0.60897
20801226,0.20007
20801227,3.719
20801228,4.9977
20801229,0.45862
20801230,-2.0371
20801231,-3.2078
20810101,-1.4727
20810102,0.58926
20810103,4.9408
20810104,1.3859
20810105,-0.1108
20810106,0.13808
20810107,-0.49909
20810108,2.1774
20810109,3.9897
20810110,2.5756
20810111,3.0001
20810112,3.7984
20810113,1.7323
20810114,2.7875
20810115,6.8304
20810116,3.9932
20810117,1.6872
20810118,1.0436
20810119,0.10411
20810120,2.2201
20810121,5.7913
20810122,4.2967
20810123,3.1417
20810124,5.388
20810125,6.3549
20810126,5.9851
20810127,5.7338
20810128,3.8369
20810129,4.4358
20810130,5.8749
20810131,6.5128
20810201,6.5839
20810202,10.093
20810203,7.7029
20810204,5.2757
20810205,1.5689
20810206,-0.4837
20810207,-0.21768
20810208,4.498
20810209,3.2176
20810210,1.0799
20810211,5.3233
20810212,9.2186
20810213,9.0196
20810214,6.1243
20810215,3.5225
20810216,1.6657
20810217,3.6343
20810218,4.2334
20810219,3.1304
20810220,3.5599
20810221,7.4159
20810222,3.4295
20810223,1.3494
20810224,5.8586
20810225,3.0201
20810226,3.1398
20810227,2.1826
20810228,1.4357
20810301,5.8179
20810302,4.0092
20810303,3.6182
20810304,0.73833
20810305,3.3435
20810306,4.3381
20810307,2.7596
20810308,4.5211
20810309,2.3041
20810310,0.72364
20810311,5.0976
20810312,3.7023
20810313,5.7767
20810314,5.0226
20810315,5.0286
20810316,4.5474
20810317,6.3469
20810318,4.7436
20810319,4.4032
20810320,3.1542
20810321,0.0022685
20810322,0.38213
20810323,1.9118
20810324,5.4264
20810325,4.8258
20810326,5.4088
20810327,3.2021
20810328,1.0549
20810329,6.1343
20810330,7.2544
20810331,10.556
20810401,10.366
20810402,9.8323
20810403,7.5777
20810404,9.4522
20810405,9.652
20810406,9.0298
20810407,6.1457
20810408,5.5196
20810409,7.2981
20810410,8.6582
20810411,9.6106
20810412,11.709
20810413,12.874
20810414,13.318
20810415,12.633
20810416,12.691
20810417,12.607
20810418,11.975
20810419,9.7542
20810420,8.977
20810421,8.9367
20810422,7.2966
20810423,8.9405
20810424,12.201
20810425,13.436
20810426,12.245
20810427,14.536
20810428,11.876
20810429,11.371
20810430,9.007
20810501,7.416
20810502,7.685
20810503,11.199
20810504,10.41
20810505,10.918
20810506,9.3527
20810507,8.0714
20810508,12.385
20810509,10.324
20810510,9.709
20810511,8.5536
20810512,11.703
20810513,9.5382
20810514,7.5523
20810515,8.0594
20810516,6.8796
20810517,7.2402
20810518,9.6256
20810519,8.39
20810520,10.335
20810521,11.959
20810522,13.008
20810523,12.033
20810524,10.229
20810525,10.974
20810526,12.714
20810527,9.2489
20810528,7.7139
20810529,10.823
20810530,11.116
20810531,11.417
20810601,13.576
20810602,14.225
20810603,16.582
20810604,15.606
20810605,15.486
20810606,16.045
20810607,15.297
20810608,14.272
20810609,14.593
20810610,15.978
20810611,16.565
20810612,16.326
20810613,18.016
20810614,18.413
20810615,18.293
20810616,18.279
20810617,15.043
20810618,16.883
20810619,16.981
20810620,15.757
20810621,15.942
20810622,15.35
20810623,16.635
20810624,18.152
20810625,18.117
20810626,19.338
20810627,19.114
20810628,21.247
20810629,19.9
20810630,19.675
20810701,20.005
20810702,23.16
20810703,26.399
20810704,24.493
20810705,25.191
20810706,24.372
20810707,23.758
20810708,21.027
20810709,19.05
20810710,18.008
20810711,16.735
20810712,18.12
20810713,20.022
20810714,20.227
20810715,21.481
20810716,21.398
20810717,23.061
20810718,23.683
20810719,22.992
20810720,21.879
20810721,22.114
20810722,22.453
20810723,24.267
20810724,22.751
20810725,22.409
20810726,22.513
20810727,22.383
20810728,21.12
20810729,23.416
20810730,22.938
20810731,22.186
20810801,20.65
20810802,18.919
20810803,21.187
20810804,23.068
20810805,21.137
20810806,20.751
20810807,20.74
20810808,21.104
20810809,21.136
20810810,19.979
20810811,18.966
20810812,21.015
20810813,21.567
20810814,20.064
20810815,22.392
20810816,21.457
20810817,19.48
20810818,19.52
20810819,21.258
20810820,19.949
20810821,20.785
20810822,21.636
20810823,21.732
20810824,21.691
20810825,22.399
20810826,20.72
20810827,21.334
20810828,22.006
20810829,22.474
20810830,22.79
20810831,22.864
20810901,22.291
20810902,18.542
20810903,16.609
20810904,16.137
20810905,15.581
20810906,15.666
20810907,17.825
20810908,21.297
20810909,21.002
20810910,20.12
20810911,19.413
20810912,20.394
20810913,20.495
20810914,18.555
20810915,17.074
20810916,18.491
20810917,17.249
20810918,14.945
20810919,15.058
20810920,16.819
20810921,16.579
20810922,17.081
20810923,18.113
20810924,15.806
20810925,16.182
20810926,15.594
20810927,15.763
20810928,14.622
20810929,14.721
20810930,14.207
20811001,13.474
20811002,14.767
20811003,16.513
20811004,14.603
20811005,13.196
20811006,12.845
20811007,12.561
20811008,11.386
20811009,12.598
20811010,13.041
20811011,12.212
20811012,11.552
20811013,12.674
20811014,12.804
20811015,10.942
20811016,11.479
20811017,14.134
20811018,14.143
20811019,14.981
20811020,13.722
20811021,13.094
20811022,13.348
20811023,10.939
20811024,10.007
20811025,13.596
20811026,12.405
20811027,10.644
20811028,10.348
20811029,12.361
20811030,15.823
20811031,13.314
20811101,12.542
20811102,12.292
20811103,11.92
20811104,12.403
20811105,9.7878
20811106,9.6931
20811107,13.304
20811108,11.806
20811109,12.857
20811110,11.092
20811111,6.9859
20811112,5.8784
20811113,7.6073
20811114,12.415
20811115,7.2736
20811116,7.0233
20811117,7.5897
20811118,5.5492
20811119,4.3738
20811120,2.6953
20811121,0.52937
20811122,7.7899
20811123,8.6734
20811124,7.5975
20811125,5.5706
20811126,3.4951
20811127,1.73
20811128,1.3928
20811129,-0.10127
20811130,-0.26265
20811201,-0.34938
20811202,-0.3545
20811203,-0.57788
20811204,-0.95292
20811205,0.13525
20811206,2.0758
20811207,4.1481
20811208,2.5894
20811209,2.4667
20811210,2.9836
20811211,3.1615
20811212,5.0379
20811213,2.011
20811214,1.9347
20811215,2.1082
20811216,-0.20896
20811217,-2.7905
20811218,-4.1136
20811219,-4.3362
20811220,-4.5017
20811221,-4.0292
20811222,-2.6735
20811223,0.75857
20811224,-0.54861
20811225,-1.2667
20811226,4.1663
20811227,2.7112
20811228,2.6043
20811229,1.446
20811230,1.3677
20811231,5.1778
20820101,11.135
20820102,5.503
20820103,3.393
20820104,4.9312
20820105,3.9501
20820106,3.0487
20820107,0.77632
20820108,4.1686
20820109,5.6705
20820110,0.77185
20820111,-0.57029
20820112,-1.4492
20820113,-0.49659
20820114,-0.98191
20820115,1.6047
20820116,-1.2297
20820117,3.5014
20820118,0.18401
20820119,-0.91646
20820120,-0.25001
20820121,5.1375
20820122,5.1552
20820123,1.9807
20820124,-0.075348
20820125,-2.1332
20820126,0.70693
20820127,-0.65699
20820128,0.29522
20820129,2.2003
20820130,3.1911
20820131,1.8518
20820201,4.5314
20820202,6.2668
20820203,6.4378
20820204,6.3476
20820205,6.9626
20820206,4.8476
20820207,3.1212
20820208,6.1356
20820209,5.5094
20820210,3.9881
20820211,6.5134
20820212,7.1237
20820213,4.6127
20820214,4.6059
20820215,5.7172
20820216,5.9158
20820217,9.7176
20820218,11.311
20820219,8.1434
20820220,5.8233
20820221,9.0376
20820222,8.1323
20820223,6.8548
20820224,5.1148
20820225,4.7802
20820226,7.7645
20820227,9.8252
20820228,7.0711
20820301,6.1274
20820302,4.7894
20820303,2.9867
20820304,0.79128
20820305,2.2955
20820306,7.3124
20820307,8.2344
20820308,8.5434
20820309,5.831
20820310,4.3461
20820311,5.5016
20820312,4.6207
20820313,3.8079
20820314,4.805
20820315,4.7305
20820316,6.2669
20820317,3.5591
20820318,7.2179
20820319,3.2063
20820320,2.4768
20820321,2.8094
20820322,5.6186
20820323,3.3756
20820324,4.3647
20820325,2.7518
20820326,2.0161
20820327,0.76776
20820328,-0.54813
20820329,0.025309
20820330,2.3378
20820331,3.4868
20820401,6.1686
20820402,9.8903
20820403,4.3303
20820404,3.8208
20820405,4.0316
20820406,4.5038
20820407,7.9032
20820408,8.5526
20820409,9.0766
20820410,11.302
20820411,7.7151
20820412,10.786
20820413,7.9213
20820414,6.6201
20820415,6.5796
20820416,7.1702
20820417,7.4444
20820418,5.7055
20820419,5.9468
20820420,6.9829
20820421,7.0408
20820422,8.3282
20820423,9.0827
20820424,10.093
20820425,11.554
20820426,9.693
20820427,10.765
20820428,10.263
20820429,12.435
20820430,10.799
20820501,8.7385
20820502,7.6188
20820503,9.0246
20820504,10.58
20820505,10.702
20820506,9.2088
20820507,9.9096
20820508,9.7486
20820509,11.42
20820510,11.758
20820511,11.627
20820512,11.884
20820513,13.311
20820514,12.834
20820515,12.237
20820516,13.42
20820517,15.581
20820518,16.664
20820519,16.716
20820520,15.558
20820521,15.879
20820522,16.573
20820523,19.706
20820524,17.369
20820525,15.716
20820526,15.417
20820527,16.385
20820528,15.238
20820529,14.728
20820530,16.45
20820531,16.653
20820601,17.586
20820602,18.027
20820603,16.937
20820604,17.841
20820605,18.071
20820606,18.264
20820607,17.467
20820608,16.592
20820609,16.922
20820610,18.101
20820611,19.558
20820612,19.03
20820613,17.624
20820614,16.898
20820615,17.977
20820616,19.991
20820617,16.234
20820618,14.42
20820619,14.04
20820620,13.389
20820621,14.901
20820622,18.358
20820623,18.676
20820624,17.883
20820625,21.171
20820626,21.872
20820627,21.637
20820628,21.801
20820629,22.113
20820630,20.618
20820701,22.34
20820702,21.176
20820703,19.147
20820704,19.362
20820705,21.478
20820706,22.596
20820707,21.674
20820708,22.654
20820709,21.181
20820710,22.041
20820711,22.143
20820712,21.704
20820713,24.166
20820714,23.755
20820715,22.423
20820716,20.806
20820717,21.352
20820718,22.854
20820719,25.643
20820720,25.167
20820721,23.952
20820722,21.379
20820723,19.125
20820724,20.739
20820725,21.923
20820726,17.279
20820727,16.67
20820728,17.499
20820729,20.158
20820730,16.388
20820731,14.231
20820801,15.933
20820802,14.934
20820803,17.722
20820804,20.22
20820805,19.688
20820806,21.297
20820807,21.839
20820808,21.639
20820809,19.538
20820810,17.552
20820811,18.74
20820812,22.114
20820813,19.435
20820814,17.716
20820815,16.905
20820816,17.551
20820817,17.684
20820818,19.753
20820819,20.211
20820820,21.409
20820821,22.526
20820822,19.319
20820823,16.684
20820824,17.041
20820825,20.889
20820826,20.363
20820827,20.873
20820828,21.628
20820829,19.182
20820830,19.83
20820831,19.074
20820901,16.011
20820902,15.47
20820903,15.758
20820904,16.46
20820905,17.463
20820906,17.815
20820907,15.162
20820908,16.881
20820909,15.83
20820910,17.754
20820911,18.091
20820912,18.607
20820913,21.008
20820914,18.265
20820915,16.239
20820916,16.658
20820917,17.76
20820918,20.785
20820919,19.241
20820920,17.536
20820921,18.106
20820922,19.342
20820923,17.144
20820924,17.518
20820925,18.987
20820926,20.379
20820927,21.376
20820928,17.197
20820929,15.216
20820930,17.217
20821001,17.167
20821002,14.292
20821003,13.403
20821004,12.824
20821005,17.143
20821006,12.095
20821007,9.901
20821008,10.731
20821009,15.736
20821010,13.573
20821011,13.154
20821012,10.019
20821013,9.3608
20821014,9.469
20821015,11.21
20821016,14.775
20821017,12.74
20821018,12.5
20821019,13.023
20821020,14.41
20821021,12.628
20821022,13.076
20821023,12.788
20821024,9.8214
20821025,7.8889
20821026,7.8329
20821027,9.9229
20821028,9.2091
20821029,7.0331
20821030,5.2491
20821031,7.8938
20821101,6.5722
20821102,4.8347
20821103,5.3508
20821104,3.5887
20821105,4.5229
20821106,6.6142
20821107,4.9684
20821108,4.6994
20821109,2.5141
20821110,5.9389
20821111,5.1068
20821112,4.7971
20821113,4.9344
20821114,3.2374
20821115,3.041
20821116,2.4211
20821117,1.0739
20821118,1.3183
20821119,0.40661
20821120,1.7032
20821121,8.0569
20821122,2.7838
20821123,0.61967
20821124,-0.6013
20821125,-1.4382
20821126,-1.0669
20821127,-2.589
20821128,1.7173
20821129,6.1309
20821130,12.057
20821201,11.809
20821202,7.7487
20821203,6.3116
20821204,11.54
20821205,11.615
20821206,7.0012
20821207,5.3087
20821208,7.3566
20821209,11.641
20821210,12.995
20821211,10.5
20821212,11.112
20821213,6.2331
20821214,3.59
20821215,2.8952
20821216,6.4468
20821217,7.8206
20821218,2.8984
20821219,1.4219
20821220,4.5696
20821221,3.0822
20821222,2.1843
20821223,2.1497
20821224,3.6371
20821225,1.9318
20821226,-0.087646
20821227,-2.2778
20821228,-3.5624
20821229,-1.8508
20821230,-2.2265
20821231,-3.0962
20830101,-3.0449
20830102,-3.6897
20830103,-4.864
20830104,-3.966
20830105,1.2172
20830106,0.43169
20830107,1.2914
20830108,3.9976
20830109,6.132
20830110,2.1718
20830111,-0.080994
20830112,5.9546
20830113,5.0164
20830114,5.4251
20830115,3.6339
20830116,3.164
20830117,3.392
20830118,3.3317
20830119,2.2246
20830120,0.8828
20830121,-0.16483
20830122,0.39571
20830123,-0.059041
20830124,0.61424
20830125,2.9811
20830126,0.78336
20830127,1.2027
20830128,0.967
20830129,0.39292
20830130,0.96192
20830131,-0.47047
20830201,-0.47206
20830202,4.6912
20830203,6.6944
20830204,2.6425
20830205,0.43029
20830206,0.49876
20830207,1.3438
20830208,2.4239
20830209,1.6068
20830210,0.5658
20830211,1.097
20830212,2.5354
20830213,1.6223
20830214,1.4538
20830215,2.3316
20830216,1.4529
20830217,1.2997
20830218,0.78466
20830219,-0.1601
20830220,2.6294
20830221,6.8378
20830222,2.7775
20830223,0.0017802
20830224,1.4645
20830225,6.8603
20830226,4.5646
20830227,2.3516
20830228,5.7821
20830301,6.9588
20830302,5.4084
20830303,6.9314
20830304,7.8782
20830305,8.7207
20830306,7.8561
20830307,9.7183
20830308,6.0248
20830309,5.0098
20830310,5.1845
20830311,3.8729
20830312,3.1577
20830313,3.7088
20830314,1.9413
20830315,8.3619
20830316,7.2184
20830317,6.0257
20830318,2.7127
20830319,2.1489
20830320,2.4516
20830321,5.3007
20830322,3.5501
20830323,2.6749
20830324,3.7117
20830325,1.3731
20830326,3.6632
20830327,3.2343
20830328,7.3884
20830329,6.0162
20830330,6.0704
20830331,8.9398
20830401,7.6057
20830402,8.5455
20830403,10.92
20830404,10.806
20830405,9.5903
20830406,10.516
20830407,12.335
20830408,12.196
20830409,12.953
20830410,13.354
20830411,11.333
20830412,9.5124
20830413,9.7672
20830414,10.198
20830415,8.1307
20830416,9.0109
20830417,9.5969
20830418,13.373
20830419,11.373
20830420,12.169
20830421,12.922
20830422,11.498
20830423,15.175
20830424,13.76
20830425,10.643
20830426,10.301
20830427,10.196
20830428,12.456
20830429,12.154
20830430,11.645
20830501,13.68
20830502,13.752
20830503,11.908
20830504,9.5858
20830505,9.7511
20830506,12.343
20830507,11.726
20830508,12.496
20830509,14.81
20830510,15.884
20830511,15.571
20830512,15.298
20830513,14.628
20830514,12.415
20830515,14.143
20830516,13.858
20830517,16.05
20830518,15.941
20830519,14.543
20830520,18.183
20830521,17.657
20830522,15.687
20830523,14.129
20830524,15.242
20830525,12.78
20830526,13.587
20830527,11.532
20830528,14.058
20830529,15.541
20830530,15.076
20830531,17.582
20830601,17.235
20830602,19.61
20830603,16.408
20830604,19.271
20830605,20.323
20830606,21.094
20830607,22.639
20830608,21.547
20830609,19.803
20830610,20.772
20830611,17.53
20830612,14.938
20830613,17.38
20830614,18.489
20830615,19.379
20830616,18.155
20830617,18.9
20830618,19.47
20830619,18.223
20830620,19.998
20830621,19.564
20830622,16.725
20830623,16.034
20830624,15.714
20830625,17.054
20830626,17.392
20830627,16.909
20830628,18.088
20830629,19.907
20830630,18.182
20830701,19.79
20830702,20.183
20830703,19.335
20830704,21.199
20830705,22.095
20830706,23.383
20830707,24.4
20830708,23.603
20830709,22.779
20830710,22.312
20830711,17.464
20830712,17.883
20830713,16.587
20830714,17.943
20830715,18.737
20830716,21.444
20830717,21.595
20830718,24.239
20830719,24.66
20830720,23.218
20830721,25.492
20830722,24.767
20830723,23.604
20830724,22.583
20830725,22.549
20830726,21.338
20830727,21.976
20830728,23.485
20830729,23.852
20830730,22.807
20830731,21.138
20830801,21.371
20830802,21.164
20830803,21.782
20830804,21.052
20830805,19.916
20830806,21.343
20830807,23.141
20830808,22.644
20830809,21.902
20830810,21.116
20830811,21.231
20830812,19.775
20830813,19.338
20830814,21.256
20830815,21.797
20830816,22.38
20830817,19.978
20830818,17.435
20830819,19.778
20830820,20.497
20830821,19.328
20830822,18.913
20830823,19.765
20830824,18.724
20830825,18.387
20830826,17.589
20830827,18.101
20830828,18.64
20830829,19.384
20830830,18.329
20830831,16.394
20830901,14.989
20830902,17.278
20830903,18.419
20830904,18.5
20830905,20.339
20830906,20.711
20830907,18.967
20830908,18.631
20830909,20.274
20830910,21.215
20830911,21.844
20830912,17.605
20830913,14.369
20830914,12.149
20830915,13.454
20830916,15.516
20830917,16.67
20830918,18.854
20830919,19.338
20830920,18.21
20830921,19.092
20830922,19.56
20830923,20.504
20830924,17.956
20830925,17.842
20830926,18.912
20830927,18.18
20830928,19.312
20830929,17.826
20830930,18.859
20831001,16.784
20831002,15.864
20831003,16.003
20831004,15.897
20831005,16.034
20831006,16.166
20831007,17.345
20831008,17.672
20831009,15.324
20831010,14.96
20831011,15.412
20831012,17.207
20831013,18.542
20831014,13.88
20831015,11.426
20831016,10.53
20831017,10.323
20831018,10.158
20831019,10.55
20831020,10.97
20831021,10.513
20831022,11.518
20831023,10.346
20831024,10.234
20831025,8.4733
20831026,7.4648
20831027,8.904
20831028,9.4544
20831029,7.9059
20831030,7.1236
20831031,7.5695
20831101,7.6461
20831102,7.4045
20831103,7.0912
20831104,5.7008
20831105,5.598
20831106,5.9
20831107,7.2971
20831108,6.6097
20831109,7.0121
20831110,5.5758
20831111,5.4418
20831112,4.9305
20831113,4.5114
20831114,4.3569
20831115,3.3798
20831116,5.9281
20831117,5.1553
20831118,6.2504
20831119,5.512
20831120,5.2897
20831121,12.043
20831122,10.729
20831123,10.337
20831124,7.8324
20831125,5.916
20831126,3.6785
20831127,2.0584
20831128,4.6768
20831129,6.5455
20831130,5.0386
20831201,3.3319
20831202,1.8523
20831203,0.50379
20831204,-1.0276
20831205,-1.7752
20831206,5.0804
20831207,5.129
20831208,4.1155
20831209,4.5881
20831210,1.9365
20831211,-0.052948
20831212,-0.052836
20831213,0.60538
20831214,3.79
20831215,8.0416
20831216,7.9448
20831217,6.3266
20831218,2.293
20831219,2.2077
20831220,7.2858
20831221,6.9432
20831222,5.3294
20831223,4.6113
20831224,7.0294
20831225,5.8676
20831226,5.9996
20831227,3.5963
20831228,5.6701
20831229,5.1134
20831230,3.3277
20831231,2.9088
20840101,1.4254
20840102,1.0319
20840103,5.3527
20840104,4.0524
20840105,1.8788
20840106,-0.18067
20840107,-0.83095
20840108,-1.0646
20840109,-1.014
20840110,0.0048828
20840111,5.1679
20840112,4.7329
20840113,5.5032
20840114,0.74963
20840115,-1.7423
20840116,-2.4009
20840117,-0.21571
20840118,-1.5794
20840119,-2.5282
20840120,-3.2689
20840121,-1.3494
20840122,-1.9989
20840123,-2.0617
20840124,-0.27628
20840125,-1.1228
20840126,-0.82467
20840127,0.69313
20840128,3.3202
20840129,4.5941
20840130,0.69656
20840131,-0.64585
20840201,2.8374
20840202,5.4047
20840203,3.9063
20840204,4.0989
20840205,7.4656
20840206,1.921
20840207,-0.26887
20840208,0.54122
20840209,-0.9178
20840210,0.57611
20840211,7.5587
20840212,5.3103
20840213,6.8105
20840214,4.0031
20840215,1.13
20840216,7.6564
20840217,6.6368
20840218,6.5673
20840219,4.3303
20840220,4.8215
20840221,4.5758
20840222,2.9093
20840223,1.1933
20840224,3.7618
20840225,3.2634
20840226,3.42
20840227,4.5575
20840228,4.0447
20840229,3.5599
20840301,5.2704
20840302,3.4375
20840303,5.2318
20840304,2.0865
20840305,1.2
20840306,2.5582
20840307,3.9575
20840308,6.1625
20840309,5.3576
20840310,5.7924
20840311,7.6266
20840312,5.6926
20840313,7.0638
20840314,3.7777
20840315,3.9993
20840316,3.5229
20840317,3.1233
20840318,2.1212
20840319,1.6322
20840320,3.9188
20840321,5.5789
20840322,3.8628
20840323,4.9583
20840324,6.8216
20840325,8.1957
20840326,9.5686
20840327,7.4909
20840328,5.4468
20840329,2.9002
20840330,3.6486
20840331,8.6394
20840401,9.6303
20840402,7.7284
20840403,9.237
20840404,8.6857
20840405,5.9557
20840406,8.318
20840407,4.6029
20840408,4.0102
20840409,8.6222
20840410,6.1235
20840411,5.4969
20840412,6.0942
20840413,7.4344
20840414,8.5922
20840415,6.94
20840416,7.0821
20840417,9.5724
20840418,9.549
20840419,9.0571
20840420,7.2581
20840421,5.9815
20840422,6.4448
20840423,10.119
20840424,9.4304
20840425,10.963
20840426,8.2757
20840427,6.5217
20840428,7.286
20840429,9.1956
20840430,8.2438
20840501,7.6695
20840502,11.676
20840503,12.37
20840504,9.6432
20840505,13.127
20840506,12.087
20840507,13.631
20840508,12.987
20840509,16.638
20840510,16.837
20840511,14.658
20840512,17.367
20840513,16.294
20840514,12.995
20840515,11.26
20840516,9.703
20840517,12.367
20840518,14.198
20840519,14.743
20840520,13.653
20840521,12.398
20840522,12.231
20840523,12.064
20840524,13.63
20840525,15.476
20840526,16.93
20840527,16.276
20840528,14.442
20840529,13.782
20840530,14.682
20840531,15.594
20840601,13.782
20840602,14.223
20840603,16.129
20840604,14.12
20840605,13.59
20840606,11.182
20840607,15.398
20840608,14.805
20840609,15.911
20840610,15.566
20840611,18.92
20840612,20.044
20840613,19.477
20840614,18.675
20840615,16.617
20840616,19.535
20840617,17.208
20840618,18.065
20840619,19.41
20840620,14.593
20840621,12.733
20840622,14.235
20840623,18.675
20840624,20.805
20840625,22.429
20840626,21.167
20840627,20.9
20840628,21.076
20840629,20.857
20840630,20.01
20840701,21.455
20840702,20.842
20840703,21.474
20840704,21.941
20840705,21.33
20840706,22.53
20840707,22.698
20840708,20.637
20840709,22.727
20840710,24.585
20840711,24.29
20840712,23.132
20840713,22.082
20840714,22.95
20840715,21.62
20840716,22.656
20840717,23.78
20840718,23.323
20840719,23.727
20840720,24.224
20840721,23.664
20840722,23.55
20840723,23.349
20840724,23.381
20840725,21.299
20840726,19.957
20840727,21.926
20840728,22.253
20840729,19.418
20840730,20.635
20840731,21.799
20840801,21.54
20840802,20.893
20840803,23.235
20840804,23.22
20840805,22.518
20840806,21.821
20840807,19.116
20840808,17.548
20840809,17.802
20840810,15.822
20840811,17.563
20840812,16.149
20840813,17.447
20840814,16.9
20840815,15.195
20840816,17.118
20840817,17.577
20840818,19.191
20840819,22.046
20840820,21.989
20840821,21.249
20840822,20.984
20840823,19.729
20840824,16.238
20840825,13.647
20840826,15.978
20840827,17.944
20840828,18.598
20840829,20.874
20840830,19.164
20840831,16.186
20840901,17.24
20840902,18.026
20840903,19.044
20840904,19.065
20840905,17.202
20840906,15.966
20840907,14.919
20840908,17.419
20840909,19.261
20840910,21.624
20840911,19.997
20840912,17.58
20840913,14.644
20840914,13.685
20840915,12.137
20840916,10.877
20840917,12.25
20840918,11.189
20840919,12.179
20840920,13.655
20840921,12.152
20840922,11.488
20840923,13.145
20840924,13.615
20840925,10.234
20840926,9.3398
20840927,9.6881
20840928,9.6108
20840929,9.0293
20840930,8.4197
20841001,8.7333
20841002,9.2784
20841003,10.199
20841004,10.574
20841005,12.036
20841006,13.743
20841007,15.117
20841008,15.292
20841009,16.593
20841010,18.297
20841011,17.566
20841012,17.8
20841013,16.988
20841014,10.988
20841015,9.8123
20841016,7.7237
20841017,11.76
20841018,13.811
20841019,13.723
20841020,12.766
20841021,12.28
20841022,11.466
20841023,11.194
20841024,10.728
20841025,9.4077
20841026,8.8929
20841027,9.9725
20841028,13.942
20841029,14.063
20841030,10.276
20841031,8.707
20841101,7.3646
20841102,5.1028
20841103,6.3583
20841104,7.3259
20841105,8.0364
20841106,7.676
20841107,6.2526
20841108,6.9972
20841109,7.5825
20841110,12.254
20841111,13.279
20841112,9.8299
20841113,7.8002
20841114,5.8455
20841115,4.0382
20841116,2.7351
20841117,3.6881
20841118,10.229
20841119,10.604
20841120,7.2359
20841121,5.6449
20841122,4.3602
20841123,3.2812
20841124,5.9299
20841125,5.498
20841126,2.8886
20841127,7.9311
20841128,9.3227
20841129,6.1652
20841130,4.542
20841201,2.5525
20841202,2.5679
20841203,6.586
20841204,9.9707
20841205,7.7734
20841206,8.3889
20841207,8.8177
20841208,9.2121
20841209,6.1837
20841210,3.9344
20841211,8.6395
20841212,6.7964
20841213,6.19
20841214,10.509
20841215,11.563
20841216,10.432
20841217,11.165
20841218,11.215
20841219,9.7615
20841220,8.7863
20841221,11.779
20841222,13.161
20841223,11.582
20841224,8.5232
20841225,6.8546
20841226,6.2125
20841227,6.2398
20841228,6.7833
20841229,4.5473
20841230,6.2315
20841231,7.0866
20850101,4.893
20850102,4.0526
20850103,3.2785
20850104,2.8911
20850105,2.7633
20850106,1.7841
20850107,1.6961
20850108,1.7923
20850109,3.0083
20850110,2.0945
20850111,1.7924
20850112,0.89513
20850113,0.076202
20850114,5.7328
20850115,9.233
20850116,8.8508
20850117,4.2771
20850118,5.1787
20850119,3.2481
20850120,2.0721
20850121,-0.061808
20850122,5.06
20850123,3.8606
20850124,5.428
20850125,1.7057
20850126,-0.23794
20850127,2.0472
20850128,3.0825
20850129,2.6741
20850130,0.36778
20850131,-0.27626
20850201,-0.1275
20850202,4.1064
20850203,5.4649
20850204,5.511
20850205,4.3966
20850206,4.0863
20850207,4.7903
20850208,2.1048
20850209,3.97
20850210,1.8806
20850211,1.4522
20850212,2.1375
20850213,2.5789
20850214,4.633
20850215,4.4253
20850216,4.3189
20850217,6.0402
20850218,6.7259
20850219,3.874
20850220,2.1437
20850221,3.2085
20850222,4.9697
20850223,9.4659
20850224,10.156
20850225,7.942
20850226,6.741
20850227,9.9936
20850228,6.9658
20850301,4.9338
20850302,3.2319
20850303,3.7272
20850304,6.5142
20850305,4.5179
20850306,6.6266
20850307,5.2004
20850308,3.7648
20850309,4.1935
20850310,6.1482
20850311,6.4584
20850312,5.442
20850313,4.3883
20850314,5.5189
20850315,5.2613
20850316,6.6705
20850317,7.7769
20850318,7.7255
20850319,7.7502
20850320,8.7435
20850321,8.0025
20850322,11.361
20850323,8.4241
20850324,8.3897
20850325,8.5199
20850326,7.5246
20850327,5.5317
20850328,3.2935
20850329,1.1516
20850330,2.623
20850331,4.2289
20850401,3.522
20850402,5.6267
20850403,6.2958
20850404,7.3492
20850405,8.2727
20850406,5.8624
20850407,7.682
20850408,8.2122
20850409,8.7475
20850410,7.9697
20850411,8.9927
20850412,10.533
20850413,14.475
20850414,13.342
20850415,7.251
20850416,4.4346
20850417,4.8483
20850418,5.2019
20850419,7.3751
20850420,5.6641
20850421,6.4649
20850422,5.8857
20850423,6.0566
20850424,6.8773
20850425,7.198
20850426,6.6487
20850427,6.3207
20850428,7.7364
20850429,9.6763
20850430,9.6693
20850501,9.1667
20850502,10.342
20850503,12.867
20850504,10.408
20850505,9.9495
20850506,11.483
20850507,11.49
20850508,9.779
20850509,11.819
20850510,10.925
20850511,8.5452
20850512,7.5812
20850513,10.429
20850514,8.5138
20850515,9.6213
20850516,8.9987
20850517,10.139
20850518,9.6048
20850519,10.389
20850520,11.873
20850521,14.207
20850522,11.064
20850523,7.9444
20850524,11.885
20850525,10.826
20850526,10.146
20850527,8.3174
20850528,7.6863
20850529,11.47
20850530,13.492
20850531,12.587
20850601,12.835
20850602,15.325
20850603,14.645
20850604,12.963
20850605,14.63
20850606,16.245
20850607,16.2
20850608,14.081
20850609,12.522
20850610,13.649
20850611,14.376
20850612,14.897
20850613,14.4
20850614,15.386
20850615,17.898
20850616,16.177
20850617,15.479
20850618,15.067
20850619,14.427
20850620,15.334
20850621,14.173
20850622,14.407
20850623,12.935
20850624,14.958
20850625,16.152
20850626,15.08
20850627,17.569
20850628,18.797
20850629,20.211
20850630,19.297
20850701,17.05
20850702,17.564
20850703,18.946
20850704,23.029
20850705,22.823
20850706,22.257
20850707,23.429
20850708,23.741
20850709,23.183
20850710,22.213
20850711,21.007
20850712,19.069
20850713,20.753
20850714,20.604
20850715,19.503
20850716,19.536
20850717,19.53
20850718,22.003
20850719,22.682
20850720,21.828
20850721,21.464
20850722,23.163
20850723,21.656
20850724,19.536
20850725,23.119
20850726,22.349
20850727,21.31
20850728,21.938
20850729,22.8
20850730,21.486
20850731,21.991
20850801,20.501
20850802,19.392
20850803,19.792
20850804,17.812
20850805,17.278
20850806,18.444
20850807,17.989
20850808,17.254
20850809,16.284
20850810,19.139
20850811,17.547
20850812,13.084
20850813,12.375
20850814,17.321
20850815,19.335
20850816,19.367
20850817,19.25
20850818,19.291
20850819,18.837
20850820,17.325
20850821,16.554
20850822,17.808
20850823,19.763
20850824,21.655
20850825,21.862
20850826,21.289
20850827,17.892
20850828,16.722
20850829,16.481
20850830,17.941
20850831,20.469
20850901,19.795
20850902,20.598
20850903,18.018
20850904,17.928
20850905,20.042
20850906,19.955
20850907,19.777
20850908,19.212
20850909,21.486
20850910,20.68
20850911,21.201
20850912,20.616
20850913,20.314
20850914,19.934
20850915,20.136
20850916,19.498
20850917,19.648
20850918,20.441
20850919,18.826
20850920,17.74
20850921,16.659
20850922,16.13
20850923,15.612
20850924,16.868
20850925,14.18
20850926,11.243
20850927,9.768
20850928,10.165
20850929,12.102
20850930,11.923
20851001,10.158
20851002,9.3005
20851003,8.6281
20851004,10.157
20851005,8.5454
20851006,9.1194
20851007,9.5153
20851008,9.3869
20851009,8.7909
20851010,9.2825
20851011,12.474
20851012,10.784
20851013,8.0536
20851014,7.1813
20851015,11.229
20851016,11.144
20851017,10.844
20851018,12.418
20851019,10.213
20851020,9.1567
20851021,8.5053
20851022,8.8103
20851023,8.6076
20851024,7.3759
20851025,10.664
20851026,10.624
20851027,11.653
20851028,10.213
20851029,11.705
20851030,10.831
20851031,10.435
20851101,9.0957
20851102,7.1731
20851103,8.4912
20851104,8.2263
20851105,7.4279
20851106,5.0716
20851107,2.9232
20851108,1.4874
20851109,5.6707
20851110,5.1472
20851111,5.407
20851112,3.4289
20851113,4.3647
20851114,4.6793
20851115,4.6315
20851116,6.5718
20851117,5.4505
20851118,5.0343
20851119,5.2117
20851120,5.4439
20851121,4.8391
20851122,4.5868
20851123,3.8181
20851124,4.3269
20851125,6.7074
20851126,6.0433
20851127,4.3033
20851128,3.7124
20851129,4.0802
20851130,1.4548
20851201,1.681
20851202,0.49343
20851203,-0.09904
20851204,-0.18321
20851205,-1.8494
20851206,-2.0518
20851207,-0.63615
20851208,0.64956
20851209,-0.11761
20851210,-0.013723
20851211,-0.21794
20851212,0.77561
20851213,6.7364
20851214,4.3605
20851215,6.9743
20851216,8.7173
20851217,3.7167
20851218,1.4293
20851219,3.5132
20851220,8.6341
20851221,5.7578
20851222,2.7088
20851223,0.50616
20851224,-0.35521
20851225,1.7278
20851226,1.6587
20851227,0.83116
20851228,0.31378
20851229,-2.4165
20851230,-3.1543
20851231,-3.3629
20860101,-2.9282
20860102,-3.1074
20860103,-0.93738
20860104,-2.0568
20860105,-0.74327
20860106,0.10488
20860107,5.0444
20860108,7.2209
20860109,4.8314
20860110,3.1793
20860111,2.0208
20860112,3.7352
20860113,6.8837
20860114,3.1212
20860115,3.0871
20860116,6.0319
20860117,8.5239
20860118,3.8965
20860119,1.5166
20860120,-0.9759
20860121,-1.9932
20860122,-3.2705
20860123,-0.61167
20860124,-0.98531
20860125,2.9928
20860126,0.50311
20860127,9.3754
20860128,10.856
20860129,6.7492
20860130,6.6931
20860131,7.3304
20860201,7.3988
20860202,9.7549
20860203,6.2339
20860204,5.1824
20860205,6.0842
20860206,3.8781
20860207,3.9629
20860208,2.9365
20860209,5.1153
20860210,4.7815
20860211,7.1229
20860212,6.1476
20860213,2.8413
20860214,1.4195
20860215,5.2263
20860216,3.2562
20860217,2.3634
20860218,3.2262
20860219,1.3351
20860220,-0.59611
20860221,5.4147
20860222,4.9064
20860223,5.7253
20860224,3.8159
20860225,3.6748
20860226,2.8097
20860227,1.3276
20860228,0.73113
20860301,2.5806
20860302,4.8098
20860303,11.529
20860304,9.4218
20860305,7.5944
20860306,3.7787
20860307,1.7988
20860308,4.5805
20860309,8.4465
20860310,8.6764
20860311,9.0658
20860312,9.3749
20860313,6.0098
20860314,8.5266
20860315,5.5168
20860316,3.7387
20860317,6.4022
20860318,9.4303
20860319,8.8038
20860320,5.9209
20860321,3.981
20860322,4.3954
20860323,3.6417
20860324,2.0434
20860325,8.4
20860326,4.3177
20860327,5.3438
20860328,10.437
20860329,9.2779
20860330,7.5183
20860331,10.861
20860401,11.486
20860402,11.808
20860403,10.05
20860404,9.6888
20860405,9.1992
20860406,9.96
20860407,9.5371
20860408,9.2597
20860409,10.155
20860410,5.6739
20860411,3.3381
20860412,2.7261
20860413,2.4254
20860414,2.8578
20860415,3.6957
20860416,5.5369
20860417,6.9665
20860418,4.3716
20860419,9.9931
20860420,9.1924
20860421,11.147
20860422,9.1641
20860423,9.1947
20860424,7.701
20860425,6.9544
20860426,10.654
20860427,8.8437
20860428,9.4412
20860429,9.7676
20860430,9.8203
20860501,8.0654
20860502,7.8251
20860503,10.122
20860504,10.616
20860505,15.009
20860506,10.504
20860507,8.7537
20860508,12.938
20860509,12.522
20860510,10.6
20860511,10.798
20860512,9.4564
20860513,13.622
20860514,12.086
20860515,9.638
20860516,12.371
20860517,10.988
20860518,8.5793
20860519,8.7274
20860520,9.3044
20860521,11.863
20860522,15.203
20860523,8.955
20860524,8.1662
20860525,9.4074
20860526,13.259
20860527,12.853
20860528,12.026
20860529,13.583
20860530,16.143
20860531,15.425
20860601,14.131
20860602,14.637
20860603,15.388
20860604,16.039
20860605,17.97
20860606,18.188
20860607,18.293
20860608,17.237
20860609,16.806
20860610,17.133
20860611,16.948
20860612,17.483
20860613,16.392
20860614,17.059
20860615,17.532
20860616,15.832
20860617,16.732
20860618,17.088
20860619,18.67
20860620,20.366
20860621,21.246
20860622,22.114
20860623,21.836
20860624,22.171
20860625,22.253
20860626,21.875
20860627,21.645
20860628,20.691
20860629,20.179
20860630,18.198
20860701,18.201
20860702,20.663
20860703,19.686
20860704,18.774
20860705,21.066
20860706,22.253
20860707,21.512
20860708,19.784
20860709,18.194
20860710,18.572
20860711,20.02
20860712,21.688
20860713,20.488
20860714,22.344
20860715,20.756
20860716,18.314
20860717,15.8
20860718,17.032
20860719,16.036
20860720,20.235
20860721,20.65
20860722,20.555
20860723,18.68
20860724,17.15
20860725,17.247
20860726,17.235
20860727,19.882
20860728,19.917
20860729,20.053
20860730,21.162
20860731,21.5
20860801,22.663
20860802,20.596
20860803,20.761
20860804,22.363
20860805,23.03
20860806,22.324
20860807,19.258
20860808,17.301
20860809,16.394
20860810,17.88
20860811,20.246
20860812,21.298
20860813,19.079
20860814,20.513
20860815,20.717
20860816,18.188
20860817,18.183
20860818,19.083
20860819,17.309
20860820,19.221
20860821,19.343
20860822,18.049
20860823,20.017
20860824,19.261
20860825,19.891
20860826,19.47
20860827,18.501
20860828,18.969
20860829,20.262
20860830,18.49
20860831,19.144
20860901,18.166
20860902,20.458
20860903,19.043
20860904,16.721
20860905,14.066
20860906,15.83
20860907,15.686
20860908,16.864
20860909,18.216
20860910,15.842
20860911,14.28
20860912,14.609
20860913,15.151
20860914,16.214
20860915,15.525
20860916,19.135
20860917,17.723
20860918,15.542
20860919,16.141
20860920,17.712
20860921,18.976
20860922,19.201
20860923,16.951
20860924,16.184
20860925,16.286
20860926,17.332
20860927,18.028
20860928,16.74
20860929,15.983
20860930,16.497
20861001,16.756
20861002,15.832
20861003,16.632
20861004,15.552
20861005,15.483
20861006,12.801
20861007,10.787
20861008,14.094
20861009,12.135
20861010,14.611
20861011,14.375
20861012,12.279
20861013,16.609
20861014,11.257
20861015,9.4072
20861016,8.1432
20861017,7.9855
20861018,9.7183
20861019,9.7024
20861020,9.0922
20861021,15.78
20861022,10.76
20861023,9.384
20861024,11.498
20861025,14.258
20861026,10.601
20861027,8.5979
20861028,11.753
20861029,11.717
20861030,9.6171
20861031,8.0088
20861101,14.739
20861102,14.426
20861103,14.629
20861104,12.226
20861105,13.071
20861106,12.084
20861107,9.3361
20861108,7.3797
20861109,6.9697
20861110,10.36
20861111,8.4943
20861112,6.7428
20861113,7.5467
20861114,8.742
20861115,9.1748
20861116,11.388
20861117,13.901
20861118,9.7056
20861119,7.3853
20861120,8.3342
20861121,8.8977
20861122,6.9712
20861123,5.7264
20861124,7.3007
20861125,6.4552
20861126,4.2135
20861127,3.4643
20861128,2.451
20861129,1.0225
20861130,1.4488
20861201,4.0669
20861202,5.946
20861203,4.6341
20861204,3.3408
20861205,4.3835
20861206,3.3729
20861207,1.2741
20861208,0.78785
20861209,2.61
20861210,2.4432
20861211,10.389
20861212,5.5473
20861213,3.8208
20861214,3.3341
20861215,2.3615
20861216,7.8634
20861217,10.791
20861218,5.3409
20861219,4.0586
20861220,1.8534
20861221,1.0491
20861222,3.8327
20861223,1.6701
20861224,2.6346
20861225,2.1618
20861226,2.7508
20861227,3.4695
20861228,-1.7656
20861229,-2.8789
20861230,-2.5271
20861231,-2.2427
20870101,-2.4387
20870102,1.1745
20870103,-0.10987
20870104,1.0378
20870105,2.1246
20870106,3.6525
20870107,0.67789
20870108,-0.35635
20870109,0.35454
20870110,0.90998
20870111,1.0501
20870112,-0.49572
20870113,1.3176
20870114,-0.87346
20870115,-1.3518
20870116,-1.0171
20870117,-0.016876
20870118,-0.48193
20870119,1.349
20870120,7.7483
20870121,4.5037
20870122,1.8799
20870123,0.44031
20870124,8.0009
20870125,7.6341
20870126,7.5534
20870127,5.323
20870128,2.8169
20870129,1.5372
20870130,0.47418
20870131,-0.13268
20870201,-0.44429
20870202,-0.38041
20870203,2.6183
20870204,3.0055
20870205,3.3147
20870206,0.807
20870207,1.0791
20870208,9.7825
20870209,9.1606
20870210,7.3736
20870211,5.1883
20870212,3.6579
20870213,2.4517
20870214,3.1731
20870215,3.336
20870216,4.8459
20870217,7.9616
20870218,3.284
20870219,4.5004
20870220,5.2166
20870221,2.334
20870222,6.7435
20870223,5.0268
20870224,2.5587
20870225,4.0264
20870226,6.7678
20870227,7.9257
20870228,5.3868
20870301,5.16
20870302,3.1017
20870303,3.4042
20870304,2.1593
20870305,-0.12217
20870306,0.29287
20870307,0.74075
20870308,1.2211
20870309,1.9215
20870310,2.4128
20870311,2.429
20870312,6.0592
20870313,3.3174
20870314,1.6332
20870315,0.98622
20870316,1.131
20870317,0.67753
20870318,1.752
20870319,3.4342
20870320,1.8959
20870321,0.23844
20870322,2.7432
20870323,1.3675
20870324,0.70616
20870325,-0.18805
20870326,7.1842
20870327,3.8285
20870328,3.5853
20870329,1.3107
20870330,8.5618
20870331,4.3278
20870401,1.8595
20870402,1.724
20870403,6.1603
20870404,6.3085
20870405,4.7984
20870406,2.5064
20870407,8.0396
20870408,8.0245
20870409,7.7776
20870410,10.231
20870411,9.6532
20870412,10.112
20870413,10.481
20870414,11.877
20870415,12.616
20870416,14.189
20870417,13.877
20870418,8.1721
20870419,5.8956
20870420,5.4462
20870421,6.8814
20870422,5.5489
20870423,5.5858
20870424,6.2785
20870425,10.143
20870426,9.595
20870427,9.5456
20870428,10.928
20870429,10.043
20870430,10.849
20870501,11.277
20870502,10.927
20870503,10.702
20870504,10.568
20870505,10.611
20870506,12.007
20870507,9.0781
20870508,9.9606
20870509,10.139
20870510,11.616
20870511,8.8848
20870512,8.565
20870513,10.088
20870514,9.3684
20870515,8.9848
20870516,8.9044
20870517,11.342
20870518,13.909
20870519,10.91
20870520,9.6048
20870521,11.223
20870522,13.619
20870523,12.431
20870524,13.61
20870525,11.165
20870526,10.579
20870527,10.312
20870528,10.835
20870529,11.715
20870530,14.257
20870531,14.177
20870601,14.149
20870602,15.062
20870603,14.142
20870604,16.648
20870605,16.557
20870606,18.629
20870607,19.405
20870608,19.372
20870609,18.66
20870610,17.856
20870611,19.299
20870612,19.2
20870613,20.647
20870614,19.661
20870615,19.963
20870616,19.462
20870617,20.306
20870618,19.094
20870619,20.869
20870620,21.929
20870621,23.271
20870622,22.706
20870623,22.198
20870624,23.183
20870625,21.575
20870626,20.58
20870627,20.268
20870628,20.201
20870629,19.411
20870630,18.727
20870701,18.945
20870702,20.287
20870703,18.421
20870704,16.355
20870705,20.626
20870706,21.474
20870707,20.547
20870708,19.895
20870709,19.513
20870710,22.151
20870711,21.52
20870712,21.042
20870713,21.905
20870714,20.729
20870715,22.72
20870716,23.998
20870717,22.848
20870718,22.297
20870719,22.546
20870720,22.972
20870721,22.911
20870722,22.38
20870723,21.569
20870724,20.54
20870725,22.584
20870726,23.767
20870727,25.345
20870728,23.645
20870729,23.496
20870730,22.912
20870731,21.339
20870801,22.214
20870802,20.088
20870803,17.93
20870804,20.395
20870805,18.404
20870806,16.975
20870807,18.329
20870808,20.963
20870809,23.351
20870810,21.154
20870811,24.938
20870812,24.003
20870813,21.929
20870814,24.356
20870815,21.883
20870816,21.647
20870817,22.015
20870818,22.365
20870819,21.841
20870820,21.553
20870821,19.249
20870822,18.664
20870823,21.526
20870824,23.964
20870825,21.588
20870826,22.842
20870827,22.305
20870828,20.537
20870829,17.214
20870830,18.906
20870831,19.713
20870901,20.395
20870902,21.65
20870903,22.076
20870904,23.359
20870905,22.019
20870906,22.071
20870907,21.301
20870908,18.271
20870909,19.073
20870910,16.497
20870911,17.098
20870912,16.022
20870913,13.738
20870914,13.719
20870915,15.216
20870916,15.686
20870917,14.632
20870918,14.839
20870919,15.905
20870920,18.17
20870921,16.529
20870922,16.222
20870923,17.493
20870924,15.352
20870925,16.619
20870926,17.457
20870927,18.135
20870928,15.571
20870929,11.027
20870930,9.4234
20871001,10.664
20871002,12.732
20871003,10.472
20871004,10.914
20871005,13.415
20871006,10.401
20871007,7.6352
20871008,6.0561
20871009,7.1311
20871010,5.8654
20871011,3.7693
20871012,3.8556
20871013,6.7448
20871014,6.9861
20871015,5.3444
20871016,6.8247
20871017,6.0873
20871018,5.3725
20871019,4.4211
20871020,4.2885
20871021,4.3157
20871022,2.8055
20871023,6.435
20871024,7.8338
20871025,6.9227
20871026,10.089
20871027,8.5758
20871028,11.439
20871029,11.075
20871030,13.618
20871031,13.575
20871101,13.424
20871102,12.517
20871103,10.359
20871104,9.6462
20871105,9.5911
20871106,12.771
20871107,10.116
20871108,8.448
20871109,7.0825
20871110,7.9508
20871111,8.1392
20871112,5.4468
20871113,7.2536
20871114,6.3297
20871115,8.4506
20871116,14.18
20871117,6.8182
20871118,7.0191
20871119,8.9542
20871120,7.5956
20871121,8.7039
20871122,14.483
20871123,10.514
20871124,7.3016
20871125,6.4327
20871126,6.4588
20871127,12.032
20871128,9.3159
20871129,5.9683
20871130,4.5731
20871201,7.4394
20871202,11.369
20871203,13.195
20871204,12.581
20871205,9.0503
20871206,12.107
20871207,12.094
20871208,9.6986
20871209,8.9816
20871210,8.003
20871211,6.5269
20871212,4.3505
20871213,5.1441
20871214,5.5754
20871215,3.8705
20871216,5.2349
20871217,2.7879
20871218,6.7391
20871219,1.5696
20871220,-0.11789
20871221,0.40506
20871222,-0.81558
20871223,-0.85969
20871224,-1.3777
20871225,-1.708
20871226,-1.788
20871227,2.3929
20871228,0.71732
20871229,-0.40799
20871230,-0.28185
20871231,3.5818
20880101,2.4443
20880102,2.7191
20880103,-0.014689
20880104,-0.98609
20880105,3.5402
20880106,2.4368
20880107,2.1877
20880108,5.3029
20880109,2.6903
20880110,0.5269
20880111,-0.38771
20880112,-1.1209
20880113,-1.4293
20880114,0.17663
20880115,0.80571
20880116,0.69659
20880117,2.0154
20880118,-0.62459
20880119,-2.0821
20880120,-3.9223
20880121,-3.424
20880122,1.7595
20880123,4.1158
20880124,3.8493
20880125,4.6305
20880126,1.1216
20880127,-0.076436
20880128,0.10396
20880129,3.7228
20880130,3.2174
20880131,4.1617
20880201,7.1448
20880202,6.0343
20880203,5.5997
20880204,6.737
20880205,5.206
20880206,4.7971
20880207,6.6278
20880208,4.1296
20880209,5.5866
20880210,9.1481
20880211,9.4259
20880212,4.3918
20880213,3.6098
20880214,4.0174
20880215,7.1957
20880216,4.4822
20880217,1.314
20880218,3.2605
20880219,4.1243
20880220,4.5342
20880221,4.2988
20880222,6.1138
20880223,6.0089
20880224,5.8937
20880225,7.6035
20880226,4.6676
20880227,4.3549
20880228,2.9075
20880229,4.1016
20880301,2.0696
20880302,2.615
20880303,3.7852
20880304,4.396
20880305,5.044
20880306,4.7219
20880307,5.724
20880308,6.0849
20880309,5.1329
20880310,3.6506
20880311,1.3559
20880312,5.7532
20880313,8.3494
20880314,6.2446
20880315,5.1738
20880316,3.1268
20880317,2.9901
20880318,7.2448
20880319,4.651
20880320,6.2678
20880321,4.2111
20880322,3.7687
20880323,5.5126
20880324,3.2625
20880325,3.2145
20880326,4.8569
20880327,3.6816
20880328,2.7706
20880329,5.7021
20880330,6.1437
20880331,6.1482
20880401,7.7185
20880402,7.7919
20880403,8.0355
20880404,8.5446
20880405,10.493
20880406,8.4692
20880407,6.7215
20880408,7.1172
20880409,6.8819
20880410,6.9436
20880411,7.1848
20880412,6.9059
20880413,6.8562
20880414,5.9706
20880415,9.8322
20880416,12.015
20880417,10.022
20880418,10.203
20880419,8.2326
20880420,7.7852
20880421,9.3427
20880422,9.2197
20880423,9.6202
20880424,10.481
20880425,10.561
20880426,11.666
20880427,9.9097
20880428,8.2939
20880429,7.1258
20880430,8.6044
20880501,7.5515
20880502,8.0493
20880503,11.166
20880504,13.465
20880505,8.4351
20880506,5.805
20880507,8.119
20880508,11.292
20880509,14.007
20880510,14.558
20880511,13.589
20880512,14.697
20880513,15.856
20880514,17.905
20880515,18.771
20880516,15.158
20880517,11.687
20880518,11.748
20880519,14.082
20880520,14.78
20880521,14.087
20880522,14.046
20880523,15.633
20880524,15.298
20880525,13.9
20880526,15.391
20880527,14.574
20880528,11.85
20880529,13.867
20880530,13.254
20880531,12.459
20880601,13.434
20880602,12.642
20880603,16.59
20880604,14.186
20880605,9.6168
20880606,8.7109
20880607,12.216
20880608,12.511
20880609,15.049
20880610,13.751
20880611,12.515
20880612,12.067
20880613,16.035
20880614,18.669
20880615,19.65
20880616,18.262
20880617,16.026
20880618,15.366
20880619,17.807
20880620,19.459
20880621,22.291
20880622,22.693
20880623,21.359
20880624,20.387
20880625,20.129
20880626,18.862
20880627,18.055
20880628,19.777
20880629,19.977
20880630,18.973
20880701,18.538
20880702,18.094
20880703,19.946
20880704,19.925
20880705,19.81
20880706,20.876
20880707,21.842
20880708,23.504
20880709,23.921
20880710,20.443
20880711,19.73
20880712,21.091
20880713,23.904
20880714,23.216
20880715,22.602
20880716,21.83
20880717,21.942
20880718,24.574
20880719,24.057
20880720,22.175
20880721,23.601
20880722,23.948
20880723,26.787
20880724,26.095
20880725,24.637
20880726,23.156
20880727,22.185
20880728,23.883
20880729,25.309
20880730,24.272
20880731,23.37
20880801,23.123
20880802,23.451
20880803,24.43
20880804,23.871
20880805,24.106
20880806,23.684
20880807,24.806
20880808,21.644
20880809,19.865
20880810,19.604
20880811,23.364
20880812,21.151
20880813,22.543
20880814,23.462
20880815,24.128
20880816,24.937
20880817,22.65
20880818,18.768
20880819,18.066
20880820,19.081
20880821,19.074
20880822,18.898
20880823,18.298
20880824,21.125
20880825,22.473
20880826,19.53
20880827,19.511
20880828,20.287
20880829,22.534
20880830,19.835
20880831,17.19
20880901,18.17
20880902,17.842
20880903,18.627
20880904,15.858
20880905,15.687
20880906,16.104
20880907,19.105
20880908,21.605
20880909,19.581
20880910,20.079
20880911,19.129
20880912,18.416
20880913,19.897
20880914,20.418
20880915,19.91
20880916,18.846
20880917,17.055
20880918,16.265
20880919,15.383
20880920,15.885
20880921,15.74
20880922,15.255
20880923,15.751
20880924,18.452
20880925,19.376
20880926,20.425
20880927,20.339
20880928,17.008
20880929,14.937
20880930,16.352
20881001,16.353
20881002,16.272
20881003,16.34
20881004,15.245
20881005,13.937
20881006,15.263
20881007,13.717
20881008,13.105
20881009,11.706
20881010,11.446
20881011,10.097
20881012,10.166
20881013,11.604
20881014,10.327
20881015,7.5315
20881016,6.9224
20881017,9.3902
20881018,13.46
20881019,14.826
20881020,16.472
20881021,11.665
20881022,8.6085
20881023,6.7779
20881024,7.4048
20881025,9.8392
20881026,13.166
20881027,10.449
20881028,7.1568
20881029,5.5066
20881030,6.7063
20881031,9.8202
20881101,9.0093
20881102,12.515
20881103,11.355
20881104,7.9857
20881105,5.4483
20881106,3.4743
20881107,9.633
20881108,8.5537
20881109,7.0634
20881110,10.021
20881111,7.4068
20881112,6.6725
20881113,5.3486
20881114,12.414
20881115,4.54
20881116,3.0365
20881117,5.516
20881118,2.7736
20881119,1.0983
20881120,6.7077
20881121,8.5225
20881122,3.6293
20881123,2.5874
20881124,7.2953
20881125,8.0953
20881126,13.399
20881127,9.6793
20881128,7.8228
20881129,6.3938
20881130,7.1768
20881201,7.087
20881202,5.323
20881203,4.5654
20881204,3.2995
20881205,1.7875
20881206,2.0966
20881207,6.8084
20881208,4.4079
20881209,7.9876
20881210,6.4621
20881211,5.1607
20881212,4.0264
20881213,2.2536
20881214,1.8564
20881215,9.944
20881216,11.679
20881217,10.739
20881218,7.1386
20881219,6.9991
20881220,11.249
20881221,8.4953
20881222,8.9232
20881223,9.2777
20881224,8.0745
20881225,7.2157
20881226,13.034
20881227,8.3587
20881228,8.3815
20881229,10.913
20881230,9.0411
20881231,6.1881
20890101,3.8215
20890102,7.8439
20890103,4.9733
20890104,4.6898
20890105,1.528
20890106,-0.7604
20890107,-2.1019
20890108,4.0508
20890109,1.504
20890110,0.62941
20890111,1.2602
20890112,1.9583
20890113,3.8104
20890114,3.8249
20890115,6.3341
20890116,0.64492
20890117,-0.21655
20890118,-0.053324
20890119,3.7135
20890120,1.1459
20890121,0.23685
20890122,0.059631
20890123,-1.8675
20890124,-3.4613
20890125,-1.199
20890126,0.46821
20890127,8.0693
20890128,6.831
20890129,4.8487
20890130,6.4605
20890131,2.8194
20890201,0.76584
20890202,0.031809
20890203,0.46296
20890204,5.8481
20890205,7.3297
20890206,7.5889
20890207,4.6249
20890208,2.3918
20890209,4.451
20890210,6.0729
20890211,7.6665
20890212,6.804
20890213,6.8183
20890214,6.6898
20890215,3.2512
20890216,1.6725
20890217,2.8387
20890218,2.8778
20890219,2.7417
20890220,4.343
20890221,1.3247
20890222,0.59865
20890223,0.18881
20890224,2.9534
20890225,3.7316
20890226,5.4691
20890227,4.1589
20890228,4.2644
20890301,3.0577
20890302,1.1567
20890303,-0.37903
20890304,-0.8439
20890305,0.72068
20890306,0.084462
20890307,-1.6797
20890308,-1.1012
20890309,-0.030711
20890310,0.8715
20890311,8.4955
20890312,7.7662
20890313,5.558
20890314,3.7244
20890315,5.2168
20890316,5.1275
20890317,5.1582
20890318,2.8046
20890319,5.2582
20890320,9.03
20890321,6.3065
20890322,5.0257
20890323,7.0495
20890324,5.0362
20890325,4.2652
20890326,5.2556
20890327,5.408
20890328,4.8794
20890329,8.2843
20890330,5.4282
20890331,5.4501
20890401,7.6705
20890402,7.2197
20890403,5.254
20890404,6.9636
20890405,11.393
20890406,10.774
20890407,10.728
20890408,12.503
20890409,11.768
20890410,10.818
20890411,7.0129
20890412,7.5133
20890413,8.9294
20890414,8.9272
20890415,8.4373
20890416,11.058
20890417,11.138
20890418,11.898
20890419,12.318
20890420,11.337
20890421,10.201
20890422,9.0584
20890423,9.5018
20890424,12.989
20890425,10.424
20890426,8.0042
20890427,6.1995
20890428,10.332
20890429,9.9607
20890430,11.093
20890501,7.2051
20890502,5.0854
20890503,9.6906
20890504,7.9162
20890505,9.632
20890506,12.278
20890507,10.876
20890508,10.123
20890509,11.741
20890510,13.204
20890511,11.088
20890512,11.045
20890513,12.128
20890514,11.816
20890515,10.087
20890516,8.4499
20890517,7.6916
20890518,8.4147
20890519,9.0836
20890520,8.0915
20890521,6.353
20890522,7.0802
20890523,7.154
20890524,8.2603
20890525,10.247
20890526,13.542
20890527,13.066
20890528,10.272
20890529,8.5584
20890530,8.2148
20890531,9.0393
20890601,12.616
20890602,10.555
20890603,11.405
20890604,9.8371
20890605,7.3739
20890606,10.68
20890607,13.057
20890608,14.368
20890609,15.053
20890610,18.746
20890611,17.542
20890612,18.074
20890613,21.57
20890614,19.259
20890615,18.578
20890616,18.975
20890617,19.283
20890618,18.048
20890619,20.589
20890620,22.478
20890621,22.251
20890622,19.316
20890623,18.396
20890624,16.724
20890625,17.015
20890626,16.368
20890627,18.277
20890628,19.69
20890629,20.092
20890630,19.352
20890701,17.764
20890702,16.426
20890703,17.034
20890704,19.742
20890705,18.799
20890706,18.37
20890707,18.724
20890708,21.944
20890709,21.422
20890710,16.917
20890711,15.795
20890712,15.933
20890713,19.117
20890714,20.534
20890715,19.893
20890716,21.01
20890717,21.702
20890718,22.88
20890719,24.892
20890720,24.796
20890721,23.619
20890722,23.471
20890723,23.505
20890724,24.933
20890725,23.702
20890726,23.081
20890727,22.193
20890728,22.412
20890729,23.236
20890730,24.056
20890731,23.14
20890801,21.554
20890802,23.012
20890803,23.763
20890804,24.579
20890805,22.011
20890806,20.667
20890807,22.861
20890808,24.384
20890809,25.216
20890810,23.961
20890811,25.005
20890812,23.795
20890813,24.789
20890814,25.251
20890815,25.683
20890816,25.229
20890817,20.363
20890818,19.363
20890819,20.354
20890820,19.23
20890821,18.856
20890822,20.958
20890823,22.489
20890824,18.944
20890825,20.006
20890826,20.265
20890827,20.941
20890828,22.994
20890829,19.414
20890830,17.835
20890831,19.187
20890901,20.675
20890902,20.821
20890903,21.214
20890904,21.065
20890905,18.733
20890906,16.696
20890907,16.979
20890908,17.521
20890909,17.397
20890910,18.439
20890911,17.278
20890912,19.28
20890913,19.69
20890914,18.501
20890915,17.844
20890916,17.411
20890917,16.38
20890918,15.515
20890919,15.795
20890920,17.254
20890921,19.279
20890922,16.794
20890923,13.874
20890924,14.372
20890925,17.447
20890926,15.455
20890927,15.881
20890928,16.709
20890929,14.033
20890930,12.498
20891001,12.084
20891002,10.244
20891003,8.4221
20891004,9.6444
20891005,8.2611
20891006,8.2911
20891007,10.538
20891008,9.3696
20891009,11.867
20891010,10.461
20891011,12.644
20891012,10.539
20891013,11.51
20891014,10.334
20891015,9.6852
20891016,16.206
20891017,15.243
20891018,14.351
20891019,12.756
20891020,10.455
20891021,8.467
20891022,8.4446
20891023,10.368
20891024,8.3772
20891025,11.016
20891026,7.7569
20891027,5.5058
20891028,5.214
20891029,10.859
20891030,12.833
20891031,14.507
20891101,14.378
20891102,10.231
20891103,8.4042
20891104,7.1943
20891105,5.7989
20891106,3.8906
20891107,7.2055
20891108,4.6384
20891109,5.3504
20891110,5.1559
20891111,5.0726
20891112,5.1493
20891113,9.6223
20891114,11.687
20891115,12.844
20891116,12.846
20891117,15.321
20891118,15.024
20891119,14.824
20891120,14.427
20891121,15.103
20891122,13.328
20891123,12.075
20891124,12.098
20891125,15.015
20891126,14.669
20891127,12.262
20891128,10.819
20891129,11.806
20891130,10.222
20891201,10.099
20891202,8.0909
20891203,5.8385
20891204,3.4772
20891205,2.6801
20891206,1.026
20891207,5.8205
20891208,7.1002
20891209,6.5138
20891210,7.8025
20891211,7.4117
20891212,3.9615
20891213,5.6374
20891214,4.8239
20891215,2.5591
20891216,1.3964
20891217,5.7115
20891218,3.8215
20891219,1.3792
20891220,0.47993
20891221,2.8121
20891222,0.82113
20891223,0.27913
20891224,5.0285
20891225,3.2942
20891226,6.0397
20891227,8.5134
20891228,4.9846
20891229,3.0781
20891230,5.6817
20891231,9.406
20900101,8.9218
20900102,8.6646
20900103,10.196
20900104,7.9551
20900105,5.0632
20900106,4.7425
20900107,10.289
20900108,9.6876
20900109,6.7294
20900110,4.1001
20900111,1.955
20900112,0.51141
20900113,0.44236
20900114,-0.29739
20900115,-2.3566
20900116,-1.9563
20900117,-1.3379
20900118,4.0762
20900119,5.3702
20900120,1.8392
20900121,-0.20427
20900122,-0.80304
20900123,-0.83909
20900124,1.3037
20900125,4.8695
20900126,3.306
20900127,0.48912
20900128,-0.75635
20900129,-0.25153
20900130,0.29587
20900131,-0.43535
20900201,-0.59939
20900202,-0.036825
20900203,2.2442
20900204,-0.16106
20900205,0.95912
20900206,0.97042
20900207,-0.36487
20900208,-1.2356
20900209,-1.6975
20900210,-1.9662
20900211,-1.3169
20900212,-1.282
20900213,-1.003
20900214,0.047719
20900215,0.87622
20900216,3.2391
20900217,5.5146
20900218,5.0759
20900219,3.3085
20900220,3.3424
20900221,5.712
20900222,5.7171
20900223,5.0977
20900224,5.4585
20900225,7.0321
20900226,3.3424
20900227,1.2298
20900228,1.4225
20900301,0.074758
20900302,-0.62674
20900303,4.564
20900304,6.5975
20900305,4.761
20900306,8.727
20900307,7.459
20900308,6.6656
20900309,5.7976
20900310,3.667
20900311,1.066
20900312,1.9953
20900313,2.6274
20900314,2.7187
20900315,2.6881
20900316,2.8226
20900317,3.1443
20900318,4.6474
20900319,6.5317
20900320,5.9507
20900321,5.7941
20900322,4.8693
20900323,8.1327
20900324,6.5082
20900325,7.6556
20900326,6.4075
20900327,6.23
20900328,3.7915
20900329,4.2509
20900330,7.0373
20900331,5.7704
20900401,8.1819
20900402,6.9653
20900403,4.0725
20900404,6.3785
20900405,4.1034
20900406,5.9153
20900407,9.637
20900408,7.5834
20900409,5.8452
20900410,6.6982
20900411,7.9005
20900412,6.3786
20900413,8.9804
20900414,8.1604
20900415,6.4561
20900416,5.9563
20900417,11.28
20900418,10.689
20900419,9.6404
20900420,6.8749
20900421,9.385
20900422,12.166
20900423,10.024
20900424,8.8698
20900425,7.5055
20900426,11.093
20900427,9.4115
20900428,10.14
20900429,10.105
20900430,11.511
20900501,11.734
20900502,11.617
20900503,9.401
20900504,9.209
20900505,9.2352
20900506,13.851
20900507,14.334
20900508,15.601
20900509,14.483
20900510,12.471
20900511,14.914
20900512,16.099
20900513,16.043
20900514,16.485
20900515,18.526
20900516,17.25
20900517,16.004
20900518,16.254
20900519,16.115
20900520,16.723
20900521,13.317
20900522,11.079
20900523,10.277
20900524,11.465
20900525,12.348
20900526,13.443
20900527,14.798
20900528,18.616
20900529,19.339
20900530,17.552
20900531,19.029
20900601,20.045
20900602,16.917
20900603,15.948
20900604,17.329
20900605,19.678
20900606,20.668
20900607,20.268
20900608,19.725
20900609,19.696
20900610,19.837
20900611,18.162
20900612,17.328
20900613,18.377
20900614,18.105
20900615,21.25
20900616,22.979
20900617,22.66
20900618,21.859
20900619,21.775
20900620,21.498
20900621,20.543
20900622,19.833
20900623,21.426
20900624,21.251
20900625,17.479
20900626,16.033
20900627,18.843
20900628,20.611
20900629,20.825
20900630,20.194
20900701,18.619
20900702,21.172
20900703,21.484
20900704,23.568
20900705,23.038
20900706,18.07
20900707,14.946
20900708,17.212
20900709,19.858
20900710,21.436
20900711,21.032
20900712,19.207
20900713,21.264
20900714,22.466
20900715,21.29
20900716,22.549
20900717,25.11
20900718,26.334
20900719,25.189
20900720,23.994
20900721,22.714
20900722,24.008
20900723,24.697
20900724,25.469
20900725,24.931
20900726,24.194
20900727,23.795
20900728,24.02
20900729,24.951
20900730,23.038
20900731,23.316
20900801,23.938
20900802,24.324
20900803,22.615
20900804,20.598
20900805,22.308
20900806,23.852
20900807,25.024
20900808,24.461
20900809,26.456
20900810,24.894
20900811,23.405
20900812,22.301
20900813,22.945
20900814,20.746
20900815,21.101
20900816,20.184
20900817,19.285
20900818,22.159
20900819,23.132
20900820,22.12
20900821,23.567
20900822,20.898
20900823,18.295
20900824,19.975
20900825,20.3
20900826,22.2
20900827,23.316
20900828,24.504
20900829,24.893
20900830,24.956
20900831,25.352
20900901,25.315
20900902,26.816
20900903,26.139
20900904,25.327
20900905,23.519
20900906,23.278
20900907,22.705
20900908,22.434
20900909,21.649
20900910,22.203
20900911,21.936
20900912,21.245
20900913,18.709
20900914,20.326
20900915,20.046
20900916,20.944
20900917,19.912
20900918,19.454
20900919,17.945
20900920,16.277
20900921,15.911
20900922,18.487
20900923,19.865
20900924,16.347
20900925,18.115
20900926,21.128
20900927,18.751
20900928,15.878
20900929,15.952
20900930,16.978
20901001,14.619
20901002,13.839
20901003,11.925
20901004,13.677
20901005,12.927
20901006,11.157
20901007,11.178
20901008,11.951
20901009,10.255
20901010,12.139
20901011,14.246
20901012,10.438
20901013,8.6172
20901014,8.6198
20901015,8.6744
20901016,9.6998
20901017,14.943
20901018,14.284
20901019,12.807
20901020,12.3
20901021,15.029
20901022,11.544
20901023,9.262
20901024,10.638
20901025,8.5091
20901026,9.5932
20901027,8.2282
20901028,7.1829
20901029,7.5084
20901030,6.7579
20901031,8.0049
20901101,6.9768
20901102,7.1556
20901103,6.4646
20901104,6.0013
20901105,6.9167
20901106,5.4689
20901107,6.0172
20901108,5.1166
20901109,2.9867
20901110,5.2047
20901111,9.6979
20901112,5.2462
20901113,2.9305
20901114,1.2333
20901115,-0.42816
20901116,-0.36743
20901117,5.5823
20901118,13.724
20901119,9.9731
20901120,10.374
20901121,8.211
20901122,8.7937
20901123,5.8697
20901124,4.4967
20901125,9.9918
20901126,8.4519
20901127,5.8339
20901128,2.7061
20901129,2.8856
20901130,3.646
20901201,4.2889
20901202,5.1808
20901203,3.6374
20901204,5.3539
20901205,3.9812
20901206,6.4522
20901207,6.7685
20901208,6.5268
20901209,4.428
20901210,0.50116
20901211,-1.5325
20901212,-1.6244
20901213,-1.9945
20901214,-3.0041
20901215,0.49186
20901216,5.0862
20901217,6.4186
20901218,5.3725
20901219,2.505
20901220,-0.16579
20901221,-0.30551
20901222,0.89375
20901223,-0.70578
20901224,3.1615
20901225,7.6078
20901226,6.1974
20901227,9.468
20901228,10.491
20901229,8.8476
20901230,8.2352
20901231,8.2593
20910101,6.9446
20910102,6.4461
20910103,5.7181
20910104,6.3624
20910105,8.0351
20910106,6.3829
20910107,3.4109
20910108,3.2054
20910109,10.531
20910110,10.131
20910111,10.44
20910112,9.2872
20910113,6.7414
20910114,5.6727
20910115,-1.3166
20910116,-1.8871
20910117,-3.4596
20910118,-4.0789
20910119,-0.75304
20910120,6.4301
20910121,5.7983
20910122,3.7988
20910123,5.1109
20910124,6.9027
20910125,8.6965
20910126,6.7596
20910127,11.618
20910128,11.621
20910129,10.747
20910130,8.3565
20910131,6.2516
20910201,4.739
20910202,4.4901
20910203,3.804
20910204,5.386
20910205,4.1403
20910206,3.8008
20910207,2.264
20910208,1.6644
20910209,2.0959
20910210,4.5036
20910211,4.0144
20910212,5.7554
20910213,5.473
20910214,3.0449
20910215,0.89211
20910216,5.8528
20910217,4.6882
20910218,3.1162
20910219,2.4709
20910220,0.73114
20910221,2.1192
20910222,2.0834
20910223,3.2613
20910224,4.2492
20910225,5.8907
20910226,6.275
20910227,9.7595
20910228,7.1347
20910301,5.3256
20910302,3.2507
20910303,0.24485
20910304,0.42431
20910305,3.7546
20910306,4.847
20910307,7.4772
20910308,7.9474
20910309,6.4792
20910310,5.2794
20910311,5.0199
20910312,2.0062
20910313,2.5125
20910314,1.4445
20910315,2.8787
20910316,6.0418
20910317,3.468
20910318,11.507
20910319,9.0269
20910320,9.0349
20910321,10.089
20910322,9.7712
20910323,8.5789
20910324,10.111
20910325,6.4219
20910326,7.2679
20910327,7.1216
20910328,5.9373
20910329,5.1308
20910330,4.8223
20910331,3.3577
20910401,6.7164
20910402,6.9394
20910403,6.035
20910404,6.508
20910405,7.896
20910406,9.4516
20910407,8.7533
20910408,10.243
20910409,7.7132
20910410,8.6018
20910411,11.834
20910412,11.909
20910413,9.8599
20910414,11.514
20910415,13.501
20910416,9.6214
20910417,7.5039
20910418,5.9908
20910419,10.799
20910420,9.6987
20910421,11.711
20910422,13.085
20910423,11.275
20910424,10.82
20910425,9.9381
20910426,11.507
20910427,11.286
20910428,8.7003
20910429,9.5082
20910430,8.3185
20910501,10.023
20910502,10.869
20910503,12.86
20910504,11.417
20910505,11.44
20910506,11.699
20910507,12.386
20910508,13.262
20910509,13.3
20910510,13.274
20910511,14.119
20910512,14.814
20910513,13.85
20910514,12.008
20910515,10.541
20910516,14.31
20910517,12.487
20910518,15.69
20910519,14.758
20910520,13.966
20910521,13.7
20910522,15.159
20910523,15.817
20910524,15.829
20910525,15.896
20910526,16.198
20910527,16.056
20910528,17.339
20910529,14.542
20910530,12.884
20910531,14.425
20910601,12.057
20910602,15.533
20910603,16.105
20910604,15.298
20910605,15.665
20910606,16.826
20910607,15.185
20910608,14.566
20910609,16.007
20910610,17.385
20910611,18.432
20910612,17.694
20910613,17.47
20910614,19.276
20910615,20.46
20910616,19.219
20910617,18.412
20910618,19.808
20910619,18.093
20910620,17.673
20910621,18.194
20910622,19.983
20910623,20.126
20910624,20.807
20910625,19.948
20910626,18.654
20910627,19.346
20910628,18.206
20910629,20.449
20910630,18.118
20910701,19.305
20910702,20.243
20910703,22.157
20910704,21.344
20910705,19.216
20910706,17.76
20910707,18.621
20910708,20.584
20910709,19.427
20910710,21.981
20910711,24.413
20910712,24.583
20910713,20.588
20910714,18.831
20910715,16.888
20910716,19.751
20910717,21.585
20910718,21.874
20910719,22.007
20910720,22.423
20910721,22.305
20910722,23.313
20910723,26.593
20910724,25.085
20910725,23.062
20910726,26.598
20910727,28.26
20910728,26.842
20910729,26.761
20910730,25.027
20910731,25.307
20910801,24.731
20910802,22.608
20910803,22.7
20910804,23.345
20910805,22.719
20910806,24.963
20910807,24.45
20910808,23.873
20910809,19.735
20910810,17.349
20910811,16.037
20910812,16.144
20910813,19.589
20910814,21.752
20910815,22.034
20910816,20.067
20910817,23.191
20910818,20.848
20910819,21.285
20910820,22.277
20910821,21.854
20910822,24.299
20910823,23.663
20910824,22.61
20910825,23.375
20910826,21.449
20910827,22.36
20910828,23.35
20910829,23.835
20910830,24.36
20910831,24.09
20910901,22.73
20910902,23.234
20910903,21.968
20910904,21.558
20910905,21.836
20910906,18.83
20910907,18.486
20910908,19.915
20910909,20.889
20910910,20.833
20910911,16.651
20910912,14.879
20910913,11.953
20910914,10.091
20910915,11.896
20910916,13.602
20910917,18.237
20910918,17.366
20910919,19.633
20910920,17.488
20910921,16.469
20910922,19.386
20910923,17.657
20910924,18.49
20910925,17.631
20910926,15.862
20910927,18.947
20910928,16.423
20910929,19.614
20910930,20.057
20911001,19.801
20911002,18.309
20911003,16.089
20911004,12.934
20911005,14.761
20911006,17.066
20911007,18.182
20911008,18.407
20911009,17.17
20911010,15.556
20911011,12.459
20911012,11
20911013,9.7796
20911014,14.643
20911015,15.674
20911016,13.89
20911017,14.254
20911018,15.863
20911019,15.915
20911020,15.753
20911021,12.588
20911022,14.117
20911023,12.017
20911024,12.426
20911025,11.037
20911026,11.083
20911027,9.6498
20911028,9.5225
20911029,8.1499
20911030,8.8118
20911031,9.1308
20911101,9.5902
20911102,9.4337
20911103,8.0934
20911104,5.8662
20911105,9.1784
20911106,7.0679
20911107,9.4668
20911108,11.238
20911109,10.085
20911110,6.6808
20911111,4.3292
20911112,8.041
20911113,7.8878
20911114,8.1034
20911115,6.5904
20911116,8.2112
20911117,6.0901
20911118,3.6686
20911119,3.3236
20911120,1.6297
20911121,-0.58693
20911122,0.42522
20911123,-1.2995
20911124,1.0977
20911125,6.9272
20911126,4.0048
20911127,1.326
20911128,0.77993
20911129,0.165
20911130,0.74533
20911201,0.7434
20911202,0.58103
20911203,-1.9197
20911204,-3.2738
20911205,-1.1369
20911206,-0.39694
20911207,-0.83086
20911208,-1.4797
20911209,-4.0291
20911210,-4.933
20911211,-5.7976
20911212,-4.7752
20911213,-6.2023
20911214,-1.5202
20911215,-5.2508
20911216,-6.5176
20911217,-5.3132
20911218,0.98024
20911219,0.063568
20911220,-1.0777
20911221,-1.0884
20911222,4.8215
20911223,5.2893
20911224,3.157
20911225,10.734
20911226,11.778
20911227,8.5625
20911228,7.4436
20911229,5.9515
20911230,6.5215
20911231,5.013
20920101,3.5442
20920102,3.6996
20920103,5.511
20920104,4.2933
20920105,5.6947
20920106,8.6903
20920107,4.6906
20920108,2.4019
20920109,4.7727
20920110,4.062
20920111,3.5449
20920112,4.8375
20920113,4.201
20920114,3.6243
20920115,-0.34641
20920116,-2.02
20920117,-0.96018
20920118,7.679
20920119,2.7601
20920120,0.94647
20920121,3.1799
20920122,1.5033
20920123,6.1806
20920124,4.9478
20920125,4.9939
20920126,5.7009
20920127,6.0305
20920128,4.7073
20920129,3.9161
20920130,3.8492
20920131,3.5288
20920201,6.2797
20920202,4.4879
20920203,5.9117
20920204,4.2583
20920205,1.762
20920206,0.12366
20920207,2.6453
20920208,3.5243
20920209,3.8182
20920210,2.2318
20920211,2.2999
20920212,4.1931
20920213,6.6826
20920214,7.1449
20920215,5.6713
20920216,3.7017
20920217,-0.80675
20920218,-0.21126
20920219,1.808
20920220,2.5965
20920221,2.5173
20920222,2.1294
20920223,3.4072
20920224,5.2049
20920225,4.4501
20920226,4.6236
20920227,5.676
20920228,6.4344
20920229,4.5091
20920301,5.3745
20920302,6.9862
20920303,4.6416
20920304,6.0766
20920305,5.9279
20920306,5.0765
20920307,4.9168
20920308,5.1232
20920309,4.9609
20920310,5.092
20920311,8.4675
20920312,6.4841
20920313,5.6508
20920314,5.5263
20920315,4.4364
20920316,5.421
20920317,5.5083
20920318,8.8103
20920319,6.4907
20920320,5.9152
20920321,4.4763
20920322,3.9819
20920323,3.6922
20920324,1.968
20920325,7.0827
20920326,7.3262
20920327,8.4981
20920328,5.692
20920329,5.7097
20920330,7.0235
20920331,7.3559
20920401,5.2178
20920402,5.7974
20920403,9.4162
20920404,8.5518
20920405,7.4093
20920406,4.8981
20920407,7.5468
20920408,5.6573
20920409,5.8273
20920410,6.4885
20920411,8.0127
20920412,6.6872
20920413,7.162
20920414,6.5375
20920415,7.4924
20920416,7.7757
20920417,9.9081
20920418,9.0339
20920419,9.0414
20920420,8.597
20920421,7.9044
20920422,13.419
20920423,11.662
20920424,11.948
20920425,10.3
20920426,9.3139
20920427,9.4947
20920428,7.0682
20920429,7.497
20920430,9.7491
20920501,11.142
20920502,14.292
20920503,13.415
20920504,11.381
20920505,8.9535
20920506,7.4533
20920507,11.169
20920508,9.2032
20920509,8.2284
20920510,8.7327
20920511,11.865
20920512,14.555
20920513,13.409
20920514,14.335
20920515,14.583
20920516,12.579
20920517,12.558
20920518,14.234
20920519,12.286
20920520,10.567
20920521,11.456
20920522,11.795
20920523,11.931
20920524,13.338
20920525,13.937
20920526,14.584
20920527,16.089
20920528,13.478
20920529,15.818
20920530,14.342
20920531,12.184
20920601,15.037
20920602,15.748
20920603,15.413
20920604,14.973
20920605,17.584
20920606,17.415
20920607,19.699
20920608,17.764
20920609,19.329
20920610,19.073
20920611,19.723
20920612,19.281
20920613,19.41
20920614,19.777
20920615,21.328
20920616,22.354
20920617,20.343
20920618,20.952
20920619,21.85
20920620,21.47
20920621,19.979
20920622,19.457
20920623,17.701
20920624,16.523
20920625,16.097
20920626,20.092
20920627,20.246
20920628,19.003
20920629,19.612
20920630,18.216
20920701,18.813
20920702,19.134
20920703,18.652
20920704,18.582
20920705,19.922
20920706,20.456
20920707,19.556
20920708,22.456
20920709,22.365
20920710,21.792
20920711,19.67
20920712,21.032
20920713,20.98
20920714,21.11
20920715,23.518
20920716,22.275
20920717,21.23
20920718,21.658
20920719,21.807
20920720,20.244
20920721,20.44
20920722,20.135
20920723,20.906
20920724,22.595
20920725,20.42
20920726,21.39
20920727,22.269
20920728,23.126
20920729,24.048
20920730,24.663
20920731,25.348
20920801,26.649
20920802,24.099
20920803,22.56
20920804,19.915
20920805,22.837
20920806,24.107
20920807,22.951
20920808,21.687
20920809,21.97
20920810,24.184
20920811,23.501
20920812,24.244
20920813,25.274
20920814,26.185
20920815,27.12
20920816,24.227
20920817,19.985
20920818,18.403
20920819,18.409
20920820,19.164
20920821,19.08
20920822,22.497
20920823,26.362
20920824,27.162
20920825,26.325
20920826,26.194
20920827,25.716
20920828,25.882
20920829,26.185
20920830,27.432
20920831,26.14
20920901,27.476
20920902,22.731
20920903,21.011
20920904,22.026
20920905,20.675
20920906,19.899
20920907,21.707
20920908,21.895
20920909,20.255
20920910,20.281
20920911,21.132
20920912,21.415
20920913,20.423
20920914,20.766
20920915,20.89
20920916,20.379
20920917,19.562
20920918,19.201
20920919,18.067
20920920,18.798
20920921,19.225
20920922,18.874
20920923,17.107
20920924,15.273
20920925,12.37
20920926,14.915
20920927,15.27
20920928,14.173
20920929,12.71
20920930,13.882
20921001,12.516
20921002,13.995
20921003,15.514
20921004,16.802
20921005,12.105
20921006,10.22
20921007,15.02
20921008,13.715
20921009,16.552
20921010,16.877
20921011,11.527
20921012,10.397
20921013,11.377
20921014,12.07
20921015,13.798
20921016,11.882
20921017,12.948
20921018,15.667
20921019,13.682
20921020,11.312
20921021,11.223
20921022,12.507
20921023,11.697
20921024,10.422
20921025,8.7322
20921026,9.9709
20921027,9.8971
20921028,10.885
20921029,10.958
20921030,10.567
20921031,8.6994
20921101,7.6134
20921102,7.033
20921103,7.6308
20921104,4.4868
20921105,2.6781
20921106,4.6361
20921107,6.0423
20921108,8.2133
20921109,13.031
20921110,12.051
20921111,13.811
20921112,13.039
20921113,10.67
20921114,10.029
20921115,7.5689
20921116,6.0099
20921117,6.3446
20921118,5.1389
20921119,4.214
20921120,3.3603
20921121,7.7804
20921122,9.1099
20921123,9.1049
20921124,9.9092
20921125,9.6044
20921126,7.7583
20921127,6.3933
20921128,6.2616
20921129,6.4089
20921130,8.37
20921201,9.4307
20921202,7.4024
20921203,6.3226
20921204,5.2331
20921205,10.872
20921206,7.942
20921207,7.3016
20921208,3.8998
20921209,2.0555
20921210,5.7472
20921211,7.4308
20921212,5.7998
20921213,6.1085
20921214,6.4321
20921215,4.2739
20921216,2.0919
20921217,0.98299
20921218,1.0568
20921219,0.75929
20921220,3.0468
20921221,8.6161
20921222,9.2841
20921223,10.696
20921224,10.609
20921225,5.0709
20921226,2.8814
20921227,2.9681
20921228,4.4109
20921229,3.3207
20921230,4.9298
20921231,2.5859
20930101,2.323
20930102,10.405
20930103,12.09
20930104,9.9963
20930105,7.8987
20930106,11.592
20930107,9.5749
20930108,6.2226
20930109,4.778
20930110,3.7256
20930111,1.5705
20930112,0.34907
20930113,-0.66113
20930114,-1.6836
20930115,2.9306
20930116,0.34416
20930117,0.57153
20930118,5.6255
20930119,4.2901
20930120,2.4631
20930121,2.5663
20930122,0.59499
20930123,-0.48469
20930124,5.0336
20930125,7.0112
20930126,6.362
20930127,9.0129
20930128,8.5275
20930129,8.7203
20930130,10.073
20930131,5.5176
20930201,4.3914
20930202,3.7952
20930203,3.1291
20930204,5.7337
20930205,3.8882
20930206,8.5861
20930207,5.1552
20930208,4.2864
20930209,10.411
20930210,10.837
20930211,9.7923
20930212,10.972
20930213,5.7526
20930214,2.7821
20930215,7.3563
20930216,4.1564
20930217,6.7628
20930218,6.9449
20930219,8.184
20930220,10.681
20930221,10.245
20930222,6.3914
20930223,4.457
20930224,3.8694
20930225,4.4589
20930226,5.7102
20930227,8.2156
20930228,6.8987
20930301,4.8615
20930302,6.2865
20930303,10.607
20930304,11.028
20930305,11.306
20930306,13.185
20930307,12.332
20930308,8.9348
20930309,7.3652
20930310,7.6375
20930311,6.0407
20930312,5.5949
20930313,8.2675
20930314,7.8944
20930315,6.4174
20930316,10.825
20930317,9.4115
20930318,6.6171
20930319,11.849
20930320,7.1397
20930321,7.234
20930322,10.711
20930323,10.464
20930324,7.9197
20930325,4.8258
20930326,7.3751
20930327,11.519
20930328,11.493
20930329,10.352
20930330,10.329
20930331,11.454
20930401,11.977
20930402,9.9284
20930403,10.95
20930404,10.559
20930405,9.9432
20930406,10.172
20930407,6.8337
20930408,5.9354
20930409,9.225
20930410,10.564
20930411,8.7705
20930412,7.5176
20930413,7.7882
20930414,8.3945
20930415,9.8016
20930416,9.3978
20930417,11.129
20930418,12.274
20930419,12.781
20930420,11.595
20930421,10.364
20930422,8.3213
20930423,8.2689
20930424,12.492
20930425,10.844
20930426,8.0706
20930427,10.313
20930428,8.2167
20930429,8.4178
20930430,11.246
20930501,9.93
20930502,11.441
20930503,13.351
20930504,12.919
20930505,14.623
20930506,16.766
20930507,15.619
20930508,16.524
20930509,16.096
20930510,13.9
20930511,11.258
20930512,13.408
20930513,14.781
20930514,15.136
20930515,15.964
20930516,16.769
20930517,16.849
20930518,18.732
20930519,19.546
20930520,19.258
20930521,19.155
20930522,19.287
20930523,17.989
20930524,17.685
20930525,13.047
20930526,11.434
20930527,12.976
20930528,13.61
20930529,14.598
20930530,13.771
20930531,14.719
20930601,15.309
20930602,13.707
20930603,13.786
20930604,14.428
20930605,19.084
20930606,19.971
20930607,20.858
20930608,20.627
20930609,19.625
20930610,18.73
20930611,17.251
20930612,16.185
20930613,14.511
20930614,14.103
20930615,15.63
20930616,17.165
20930617,15.334
20930618,14.891
20930619,16.537
20930620,18.641
20930621,20.194
20930622,19.31
20930623,19.011
20930624,18.581
20930625,18.005
20930626,18.082
20930627,20.07
20930628,19.822
20930629,18.533
20930630,17.693
20930701,15.638
20930702,16.796
20930703,19.955
20930704,21.361
20930705,18.202
20930706,17.812
20930707,16.498
20930708,16.869
20930709,20.169
20930710,20.587
20930711,23.594
20930712,25.608
20930713,24.22
20930714,25.174
20930715,22.197
20930716,19.926
20930717,21.656
20930718,19.997
20930719,23.352
20930720,23.665
20930721,20.658
20930722,19.84
20930723,21.734
20930724,22.575
20930725,23.412
20930726,24.757
20930727,23.068
20930728,21.888
20930729,22.149
20930730,22.65
20930731,24.29
20930801,23.849
20930802,24.179
20930803,25.016
20930804,25.829
20930805,26.261
20930806,26.23
20930807,25.316
20930808,24.846
20930809,22.988
20930810,24.277
20930811,23.371
20930812,23.353
20930813,23.658
20930814,25.012
20930815,24.956
20930816,27.105
20930817,28.205
20930818,26.454
20930819,24.812
20930820,24.153
20930821,23.866
20930822,23.716
20930823,22.815
20930824,22.026
20930825,22.538
20930826,21.524
20930827,23.101
20930828,22.492
20930829,21.915
20930830,21.39
20930831,23.224
20930901,24.125
20930902,22.499
20930903,23.19
20930904,22.455
20930905,22.61
20930906,22.811
20930907,23.185
20930908,22.3
20930909,20.933
20930910,19.967
20930911,20.188
20930912,19.973
20930913,19.831
20930914,18.875
20930915,18.963
20930916,18.564
20930917,17.787
20930918,16.486
20930919,14.274
20930920,14.965
20930921,17.778
20930922,16.747
20930923,15.897
20930924,15.631
20930925,16.117
20930926,17.692
20930927,19.465
20930928,19.893
20930929,19.26
20930930,19.159
20931001,19.197
20931002,18.502
20931003,16.69
20931004,16.401
20931005,16.758
20931006,17.101
20931007,18.948
20931008,17.514
20931009,17.38
20931010,18.541
20931011,16.966
20931012,18.957
20931013,13.013
20931014,11.55
20931015,11.585
20931016,9.3321
20931017,9.312
20931018,8.3494
20931019,8.9492
20931020,9.4184
20931021,10.899
20931022,10.235
20931023,9.919
20931024,15.952
20931025,13.925
20931026,12.482
20931027,11.967
20931028,10.412
20931029,9.1672
20931030,8.3444
20931031,8.2849
20931101,10.79
20931102,11.648
20931103,8.2314
20931104,6.9548
20931105,10.327
20931106,15.486
20931107,14.605
20931108,8.2915
20931109,5.8545
20931110,4.2874
20931111,4.9742
20931112,4.1267
20931113,7.5308
20931114,8.4574
20931115,5.9066
20931116,3.8741
20931117,5.9812
20931118,3.9082
20931119,2.0817
20931120,1.1638
20931121,0.72867
20931122,0.50377
20931123,0.95535
20931124,0.80901
20931125,1.0063
20931126,6.0337
20931127,5.1494
20931128,7.2415
20931129,4.4244
20931130,2.7172
20931201,1.9263
20931202,1.0596
20931203,-0.097331
20931204,-1.6372
20931205,-0.45795
20931206,-3.2238
20931207,-5.0214
20931208,-4.0387
20931209,-0.67023
20931210,0.98165
20931211,-1.1468
20931212,-3.0929
20931213,-0.40022
20931214,1.2168
20931215,2.0887
20931216,1.5522
20931217,6.3746
20931218,3.6617
20931219,3.0849
20931220,4.6093
20931221,3.7425
20931222,7.0513
20931223,4.5266
20931224,4.9967
20931225,3.1057
20931226,6.4976
20931227,7.8744
20931228,5.3972
20931229,1.1854
20931230,0.74101
20931231,3.3847
20940101,1.4286
20940102,4.2737
20940103,5.722
20940104,3.1525
20940105,1.3471
20940106,-0.68444
20940107,-0.41208
20940108,1.2564
20940109,-0.14451
20940110,-0.57687
20940111,-0.98395
20940112,-0.29404
20940113,5.8875
20940114,8.0484
20940115,6.7104
20940116,4.6953
20940117,6.5177
20940118,9.0506
20940119,7.4821
20940120,7.3147
20940121,7.5137
20940122,2.6529
20940123,1.1113
20940124,0.14156
20940125,2.6732
20940126,5.4301
20940127,2.5833
20940128,1.7034
20940129,1.6644
20940130,-0.66741
20940131,0.29433
20940201,0.80078
20940202,0.82953
20940203,0.64911
20940204,1.1889
20940205,10.248
20940206,5.074
20940207,4.0295
20940208,3.033
20940209,5.0807
20940210,3.4324
20940211,1.564
20940212,5.1361
20940213,5.5303
20940214,6.3759
20940215,7.5737
20940216,7.1452
20940217,6.3095
20940218,6.4658
20940219,5.4231
20940220,4.0881
20940221,0.4152
20940222,3.8788
20940223,3.2077
20940224,4.62
20940225,5.1387
20940226,5.0125
20940227,3.5942
20940228,1.9073
20940301,1.9471
20940302,4.0366
20940303,3.0505
20940304,0.40885
20940305,3.1118
20940306,2.2831
20940307,4.4047
20940308,2.8127
20940309,2.3639
20940310,4.2294
20940311,1.9786
20940312,4.1046
20940313,6.7575
20940314,6.5329
20940315,3.0652
20940316,5.5678
20940317,9.6075
20940318,11.629
20940319,11.367
20940320,10.19
20940321,8.3343
20940322,7.3561
20940323,6.7739
20940324,9.6484
20940325,7.675
20940326,11.271
20940327,10.884
20940328,7.0753
20940329,4.9613
20940330,4.1527
20940331,7.4727
20940401,8.8586
20940402,9.3278
20940403,8.1062
20940404,9.3135
20940405,8.0119
20940406,6.3746
20940407,6.8969
20940408,8.6217
20940409,7.9422
20940410,8.2874
20940411,6.787
20940412,8.9302
20940413,10.762
20940414,7.1964
20940415,6.8326
20940416,4.4315
20940417,6.5255
20940418,7.4972
20940419,9.1647
20940420,9.8419
20940421,5.9336
20940422,5.2852
20940423,7.7204
20940424,7.5938
20940425,9.3405
20940426,9.7318
20940427,9.928
20940428,10.416
20940429,10.392
20940430,12.105
20940501,13.183
20940502,11.371
20940503,13.08
20940504,15.25
20940505,10.476
20940506,8.117
20940507,9.6044
20940508,8.9549
20940509,5.7403
20940510,12.417
20940511,10.051
20940512,8.0494
20940513,8.1224
20940514,9.145
20940515,9.7571
20940516,9.1414
20940517,9.5569
20940518,11.215
20940519,12.733
20940520,14.983
20940521,14.907
20940522,13.375
20940523,14.894
20940524,15.537
20940525,14.995
20940526,14.712
20940527,16.423
20940528,16.466
20940529,15.393
20940530,16.024
20940531,14.268
20940601,12.549
20940602,15.038
20940603,16.567
20940604,17.182
20940605,17.687
20940606,15.358
20940607,12.057
20940608,12.025
20940609,13.203
20940610,13.472
20940611,13.973
20940612,18.05
20940613,18.073
20940614,18.79
20940615,16.638
20940616,16.664
20940617,15.472
20940618,17.395
20940619,19.186
20940620,18.878
20940621,20.309
20940622,19.077
20940623,16.832
20940624,15.895
20940625,15.382
20940626,14.72
20940627,13.914
20940628,16.905
20940629,19.001
20940630,21.246
20940701,19.767
20940702,21.429
20940703,20.87
20940704,22.906
20940705,22.697
20940706,22.904
20940707,24.084
20940708,23.686
20940709,23.413
20940710,22.233
20940711,20.055
20940712,21.952
20940713,22.401
20940714,21.159
20940715,21.651
20940716,19.456
20940717,21.335
20940718,25.026
20940719,22.397
20940720,23.335
20940721,23.301
20940722,22.713
20940723,23.172
20940724,23.612
20940725,21.149
20940726,20
20940727,21.339
20940728,21.14
20940729,21.872
20940730,22.83
20940731,21.63
20940801,19.304
20940802,20.537
20940803,21.005
20940804,19.821
20940805,17.374
20940806,19.81
20940807,21.692
20940808,21.925
20940809,23.387
20940810,24.602
20940811,25.508
20940812,23.938
20940813,24.518
20940814,24.127
20940815,23.643
20940816,22.122
20940817,21.259
20940818,21.497
20940819,21.435
20940820,22.292
20940821,21.554
20940822,22.836
20940823,23.045
20940824,24.541
20940825,21.314
20940826,19.195
20940827,20.211
20940828,22.243
20940829,22.174
20940830,19.414
20940831,19.687
20940901,20.492
20940902,22.181
20940903,22.564
20940904,22.135
20940905,21.036
20940906,21.585
20940907,20.799
20940908,18.223
20940909,19.568
20940910,20.827
20940911,20.675
20940912,20.588
20940913,21.193
20940914,17.819
20940915,15.623
20940916,13.123
20940917,12.978
20940918,11.814
20940919,16.715
20940920,18.864
20940921,16.113
20940922,13.597
20940923,16.299
20940924,14.514
20940925,12.364
20940926,11.94
20940927,14.502
20940928,18.069
20940929,17.979
20940930,16.298
20941001,14.59
20941002,14.195
20941003,16.557
20941004,17.375
20941005,14.03
20941006,11.221
20941007,12.911
20941008,14.653
20941009,14.617
20941010,14.549
20941011,15.656
20941012,15.174
20941013,14.338
20941014,13.96
20941015,14.372
20941016,14.95
20941017,16.405
20941018,15.379
20941019,13.579
20941020,12.151
20941021,15.654
20941022,15.7
20941023,14.81
20941024,14.903
20941025,16.05
20941026,12.58
20941027,11.416
20941028,12.306
20941029,11.66
20941030,10.581
20941031,10.409
20941101,7.8942
20941102,6.9055
20941103,7.6405
20941104,12.718
20941105,11.278
20941106,13.073
20941107,10.432
20941108,12.849
20941109,14.411
20941110,16.007
20941111,11.532
20941112,9.8621
20941113,7.8688
20941114,8.4469
20941115,13.431
20941116,12.705
20941117,8.1428
20941118,6.1114
20941119,3.909
20941120,5.1809
20941121,2.0108
20941122,4.3753
20941123,11.894
20941124,8.4311
20941125,5.6521
20941126,9.4108
20941127,9.5282
20941128,7.2226
20941129,7.5257
20941130,5.8554
20941201,5.0989
20941202,3.3708
20941203,10.957
20941204,11.126
20941205,8.6882
20941206,6.0046
20941207,5.213
20941208,7.8548
20941209,8.1236
20941210,10.473
20941211,8.6208
20941212,5.2617
20941213,3.2476
20941214,2.1291
20941215,1.5561
20941216,0.12335
20941217,-0.80816
20941218,-2.8979
20941219,-0.21002
20941220,3.0586
20941221,4.0642
20941222,2.3733
20941223,0.62738
20941224,2.4312
20941225,-0.67621
20941226,-2.2124
20941227,2.9359
20941228,2.4874
20941229,3.7697
20941230,4.6845
20941231,5.9644
20950101,4.9828
20950102,3.0068
20950103,3.8826
20950104,1.4627
20950105,-0.46298
20950106,-0.53255
20950107,-0.0056966
20950108,-0.086355
20950109,7.0549
20950110,9.0233
20950111,9.3603
20950112,4.9007
20950113,2.7822
20950114,2.0129
20950115,1.6814
20950116,1.4184
20950117,1.4292
20950118,1.908
20950119,4.4596
20950120,9.3693
20950121,11.226
20950122,10.471
20950123,9.8863
20950124,5.0229
20950125,5.1333
20950126,7.7399
20950127,5.3495
20950128,4.7448
20950129,7.7726
20950130,6.2955
20950131,4.3119
20950201,2.6843
20950202,2.9223
20950203,7.7396
20950204,5.7641
20950205,6.6555
20950206,6.9412
20950207,3.8998
20950208,1.847
20950209,-0.22295
20950210,-0.44398
20950211,7.5152
20950212,6.0951
20950213,5.6768
20950214,3.7821
20950215,6.545
20950216,4.3937
20950217,4.3694
20950218,3.4648
20950219,3.9378
20950220,6.7656
20950221,3.6147
20950222,1.331
20950223,0.3429
20950224,4.4922
20950225,3.6549
20950226,4.3909
20950227,4.7702
20950228,4.4897
20950301,2.6238
20950302,0.54467
20950303,4.1997
20950304,8.2971
20950305,9.5674
20950306,8.3447
20950307,5.148
20950308,2.6555
20950309,1.4768
20950310,3.2416
20950311,2.5276
20950312,2.7757
20950313,4.5498
20950314,2.7124
20950315,7.0538
20950316,4.9849
20950317,2.0533
20950318,3.2813
20950319,5.8259
20950320,4.4132
20950321,3.8635
20950322,2.28
20950323,2.7465
20950324,3.222
20950325,4.7815
20950326,6.5276
20950327,6.7876
20950328,7.0946
20950329,8.1368
20950330,6.4758
20950331,3.9095
20950401,4.9765
20950402,6.6883
20950403,5.7668
20950404,5.2558
20950405,7.9736
20950406,6.7106
20950407,8.9852
20950408,10.735
20950409,9.0802
20950410,11.339
20950411,11.062
20950412,9.9561
20950413,8.368
20950414,6.0483
20950415,7.8148
20950416,8.9487
20950417,10.54
20950418,10.925
20950419,12.231
20950420,10.053
20950421,11.567
20950422,10.017
20950423,10.263
20950424,9.59
20950425,10.437
20950426,12.679
20950427,13.945
20950428,12.664
20950429,11.564
20950430,10.842
20950501,14.522
20950502,14.104
20950503,12.874
20950504,15.84
20950505,16.448
20950506,16.779
20950507,15.362
20950508,14.422
20950509,14.279
20950510,14.15
20950511,13.759
20950512,14.181
20950513,14.68
20950514,14.905
20950515,13.575
20950516,10.387
20950517,12.654
20950518,14.15
20950519,14.088
20950520,15.025
20950521,13.104
20950522,12.539
20950523,14.287
20950524,15.237
20950525,17.02
20950526,16.373
20950527,16.295
20950528,14.288
20950529,14.288
20950530,19.441
20950531,17.189
20950601,17.666
20950602,16.686
20950603,15.962
20950604,18.569
20950605,17.633
20950606,17.542
20950607,19.492
20950608,21.138
20950609,19.435
20950610,17.662
20950611,17.957
20950612,19.638
20950613,21.072
20950614,19.701
20950615,20.031
20950616,15.691
20950617,14.124
20950618,15.479
20950619,17.351
20950620,16.771
20950621,19.619
20950622,20.127
20950623,20.595
20950624,18.944
20950625,20.754
20950626,20.705
20950627,19.689
20950628,24.843
20950629,21.969
20950630,18.979
20950701,18.173
20950702,18.692
20950703,18.57
20950704,17.714
20950705,19.983
20950706,20.182
20950707,22.096
20950708,21.348
20950709,21.624
20950710,20.646
20950711,21.627
20950712,22.135
20950713,22.36
20950714,21.946
20950715,21.719
20950716,21.363
20950717,20.743
20950718,21.604
20950719,21.915
20950720,22.993
20950721,20.956
20950722,18.512
20950723,19.836
20950724,18.893
20950725,19.828
20950726,18.896
20950727,22.535
20950728,21.257
20950729,20.049
20950730,19.845
20950731,20.384
20950801,22.182
20950802,21.665
20950803,22.553
20950804,21.801
20950805,23.029
20950806,23.029
20950807,23.055
20950808,24.304
20950809,25.867
20950810,25.475
20950811,22.548
20950812,23.725
20950813,24.845
20950814,24.458
20950815,24.108
20950816,23.985
20950817,23.786
20950818,23.138
20950819,24.546
20950820,25.391
20950821,24.09
20950822,23.651
20950823,20.78
20950824,19.931
20950825,20.14
20950826,22.227
20950827,20.414
20950828,20.814
20950829,22.042
20950830,23.947
20950831,22.514
20950901,23.31
20950902,24.292
20950903,22.42
20950904,21.682
20950905,23.307
20950906,22.009
20950907,21.544
20950908,22.175
20950909,19.924
20950910,21.194
20950911,20.95
20950912,20.54
20950913,18.55
20950914,18.282
20950915,17.387
20950916,20.033
20950917,19.733
20950918,17.308
20950919,16.822
20950920,18.948
20950921,18.352
20950922,17.12
20950923,16.019
20950924,15.294
20950925,16.943
20950926,16.763
20950927,14.014
20950928,10.941
20950929,12.809
20950930,14.675
20951001,16.065
20951002,12.782
20951003,13.175
20951004,11.932
20951005,14.245
20951006,11.219
20951007,12.869
20951008,13.465
20951009,11.786
20951010,11.9
20951011,15.496
20951012,17.29
20951013,14.043
20951014,14.47
20951015,15.662
20951016,16.195
20951017,15.017
20951018,16.612
20951019,15.139
20951020,13.89
20951021,16.419
20951022,15.167
20951023,14.937
20951024,13.526
20951025,14.333
20951026,16.314
20951027,13.627
20951028,10.488
20951029,8.8224
20951030,8.4873
20951031,11.367
20951101,9.6796
20951102,10.922
20951103,10.186
20951104,12.157
20951105,11.092
20951106,12.411
20951107,15.08
20951108,14.071
20951109,12.855
20951110,16.671
20951111,10.443
20951112,9.2992
20951113,9.8161
20951114,14.83
20951115,10.071
20951116,7.9541
20951117,9.955
20951118,14.34
20951119,11.966
20951120,10.101
20951121,12.993
20951122,14.171
20951123,8.3412
20951124,7.0378
20951125,8.3641
20951126,6.6329
20951127,8.0612
20951128,6.6431
20951129,6.4706
20951130,4.3857
20951201,1.943
20951202,2.1124
20951203,1.9164
20951204,7.7374
20951205,6.0956
20951206,9.9427
20951207,8.6093
20951208,6.8661
20951209,4.9932
20951210,5.5761
20951211,3.7313
20951212,8.9729
20951213,8.0877
20951214,10.436
20951215,9.5631
20951216,9.8181
20951217,13.015
20951218,11.851
20951219,6.9663
20951220,5.0105
20951221,4.0042
20951222,5.3245
20951223,5.0434
20951224,6.8995
20951225,6.6963
20951226,4.0667
20951227,6.8496
20951228,6.7642
20951229,6.5554
20951230,9.4635
20951231,11.429
20960101,8.5725
20960102,7.7717
20960103,4.5492
20960104,0.45156
20960105,-0.66052
20960106,1.0181
20960107,1.6324
20960108,4.0987
20960109,1.2082
20960110,-0.65951
20960111,3.7048
20960112,2.2346
20960113,1.6796
20960114,0.19821
20960115,0.44129
20960116,2.6541
20960117,1.1104
20960118,3.9556
20960119,-0.058146
20960120,-0.7258
20960121,0.9484
20960122,-0.61564
20960123,1.204
20960124,1.4518
20960125,1.7074
20960126,0.71845
20960127,1.3558
20960128,2.6819
20960129,3.3124
20960130,3.2189
20960131,3.5787
20960201,4.4738
20960202,3.3562
20960203,5.1195
20960204,5.1701
20960205,3.9537
20960206,3.4075
20960207,2.7804
20960208,3.2172
20960209,0.27054
20960210,-1.282
20960211,-2.5188
20960212,-2.4747
20960213,1.5411
20960214,3.2692
20960215,4.2797
20960216,4.9747
20960217,4.4291
20960218,2.9007
20960219,0.70758
20960220,3.7844
20960221,4.0983
20960222,4.9638
20960223,6.5344
20960224,8.149
20960225,10.388
20960226,10.553
20960227,7.7175
20960228,5.8163
20960229,6.9517
20960301,8.5389
20960302,7.0208
20960303,6.1736
20960304,7.3839
20960305,6.994
20960306,4.7469
20960307,4.0267
20960308,4.3123
20960309,1.6185
20960310,5.3732
20960311,2.5348
20960312,5.3615
20960313,2.0512
20960314,0.84887
20960315,1.9272
20960316,2.2004
20960317,1.2969
20960318,1.9283
20960319,3.4791
20960320,5.1846
20960321,5.9435
20960322,4.1017
20960323,4.2203
20960324,5.3885
20960325,2.9626
20960326,3.6584
20960327,3.7049
20960328,5.8613
20960329,6.3117
20960330,5.3985
20960331,7.3992
20960401,11.091
20960402,9.1608
20960403,6.1031
20960404,6.0459
20960405,3.8177
20960406,6.7351
20960407,8.1944
20960408,10.177
20960409,7.9165
20960410,8.9897
20960411,9.8075
20960412,8.3603
20960413,8.6514
20960414,8.6215
20960415,9.3555
20960416,9.4245
20960417,9.1673
20960418,9.6387
20960419,9.2419
20960420,9.6449
20960421,11.089
20960422,10.277
20960423,13.199
20960424,14.04
20960425,11.739
20960426,9.967
20960427,12.449
20960428,9.3187
20960429,10.497
20960430,12.039
20960501,8.902
20960502,8.2614
20960503,6.5797
20960504,7.8433
20960505,8.7594
20960506,10.002
20960507,11.225
20960508,11.969
20960509,15.236
20960510,15.783
20960511,15.057
20960512,12.146
20960513,10.819
20960514,10.396
20960515,9.8242
20960516,10.319
20960517,8.2812
20960518,11.027
20960519,12.763
20960520,15.17
20960521,15.875
20960522,15.978
20960523,14.565
20960524,13.908
20960525,15.562
20960526,18.032
20960527,17.537
20960528,17.128
20960529,16.717
20960530,15.286
20960531,14.915
20960601,14.026
20960602,16.003
20960603,15.268
20960604,16.705
20960605,15.96
20960606,14.828
20960607,18.53
20960608,18.995
20960609,20.501
20960610,17.973
20960611,17.239
20960612,15.299
20960613,17.856
20960614,17.335
20960615,16.414
20960616,16.347
20960617,16.231
20960618,17.857
20960619,18.83
20960620,18.961
20960621,18.26
20960622,17.779
20960623,18.096
20960624,17.396
20960625,18.824
20960626,20.017
20960627,19.189
20960628,20.449
20960629,20.193
20960630,21.2
20960701,20.797
20960702,20.398
20960703,19.656
20960704,20.659
20960705,19.562
20960706,19.316
20960707,19.039
20960708,18.004
20960709,17.797
20960710,20.366
20960711,21.786
20960712,21.373
20960713,20.066
20960714,20.703
20960715,21.864
20960716,23.966
20960717,23.171
20960718,19.582
20960719,18.204
20960720,18.027
20960721,17.682
20960722,18.23
20960723,20.215
20960724,19.853
20960725,21.736
20960726,18.451
20960727,16.548
20960728,17.214
20960729,17.598
20960730,19.627
20960731,18.039
20960801,15.085
20960802,14.813
20960803,18.356
20960804,15.534
20960805,15.978
20960806,17.449
20960807,15.584
20960808,19.691
20960809,21.217
20960810,21.494
20960811,17.849
20960812,15.819
20960813,15.389
20960814,17.636
20960815,19.228
20960816,21.009
20960817,23.415
20960818,23.86
20960819,23.348
20960820,23.55
20960821,22.484
20960822,21.997
20960823,22.797
20960824,20.127
20960825,18.103
20960826,18.076
20960827,18.665
20960828,18.236
20960829,18.421
20960830,18.76
20960831,21.431
20960901,19.689
20960902,19.445
20960903,20.758
20960904,20.291
20960905,20.574
20960906,19.417
20960907,15.299
20960908,16.853
20960909,18.406
20960910,16.599
20960911,14.034
20960912,13.379
20960913,13.129
20960914,14.312
20960915,14.433
20960916,14.68
20960917,17.061
20960918,16.439
20960919,14.561
20960920,15.532
20960921,17.841
20960922,17.41
20960923,18.541
20960924,16.915
20960925,17.28
20960926,17.354
20960927,13.23
20960928,11.613
20960929,9.9859
20960930,11.246
20961001,15.55
20961002,14.375
20961003,12.026
20961004,10.753
20961005,10.624
20961006,8.6255
20961007,8.8128
20961008,10.379
20961009,10.44
20961010,8.8437
20961011,11.102
20961012,9.6544
20961013,11.599
20961014,9.5445
20961015,10.81
20961016,8.4814
20961017,6.4837
20961018,6.1013
20961019,6.2292
20961020,4.1822
20961021,6.1228
20961022,5.09
20961023,5.1224
20961024,6.8411
20961025,6.4293
20961026,6.2333
20961027,8.3477
20961028,12.535
20961029,7.4398
20961030,6.8206
20961031,11.503
20961101,10.851
20961102,9.0127
20961103,6.1997
20961104,4.2394
20961105,4.2534
20961106,10.246
20961107,6.3521
20961108,4.7536
20961109,2.1178
20961110,4.8043
20961111,9.2457
20961112,7.1818
20961113,7.3055
20961114,9.5618
20961115,7.4048
20961116,4.9753
20961117,3.7453
20961118,6.7091
20961119,0.67908
20961120,-1.0435
20961121,-1.6582
20961122,5.137
20961123,5.0409
20961124,4.2453
20961125,5.6881
20961126,6.744
20961127,6.9966
20961128,3.6901
20961129,1.9678
20961130,1.4506
20961201,3.6244
20961202,10.861
20961203,8.4533
20961204,4.5191
20961205,3.6092
20961206,2.7481
20961207,2.0779
20961208,1.7617
20961209,2.0204
20961210,1.1616
20961211,2.1503
20961212,3.9113
20961213,3.2012
20961214,2.7828
20961215,2.7661
20961216,2.7987
20961217,2.6565
20961218,1.7994
20961219,1.6303
20961220,4.451
20961221,3.1428
20961222,0.20875
20961223,-1.0271
20961224,-2.0131
20961225,-2.3564
20961226,-0.88829
20961227,1.1531
20961228,0.95739
20961229,2.7012
20961230,4.1341
20961231,6.069
20970101,8.1084
20970102,10.307
20970103,10.128
20970104,9.3544
20970105,9.0692
20970106,7.7772
20970107,5.7161
20970108,5.9547
20970109,3.3538
20970110,1.2745
20970111,0.65571
20970112,3.5133
20970113,0.14788
20970114,-1.4142
20970115,-0.23493
20970116,-0.54969
20970117,-0.014608
20970118,-0.93053
20970119,2.1735
20970120,-0.26622
20970121,2.1426
20970122,3.3066
20970123,6.1506
20970124,2.4681
20970125,1.549
20970126,1.0577
20970127,1.4987
20970128,3.1411
20970129,3.4513
20970130,0.35781
20970131,1.8849
20970201,7.4957
20970202,4.837
20970203,7.3663
20970204,7.5134
20970205,6.1943
20970206,8.6006
20970207,6.7986
20970208,4.2657
20970209,9.3175
20970210,10.235
20970211,10.771
20970212,6.4405
20970213,3.5603
20970214,5.9351
20970215,11.565
20970216,11.678
20970217,10.795
20970218,9.6553
20970219,12.416
20970220,10.731
20970221,9.3172
20970222,12.239
20970223,9.9475
20970224,8.7142
20970225,10.191
20970226,9.4284
20970227,7.4081
20970228,5.038
20970301,6.4257
20970302,8.964
20970303,8.4464
20970304,7.4135
20970305,6.5848
20970306,6.466
20970307,6.5643
20970308,6.1403
20970309,5.1518
20970310,7.5154
20970311,6.1142
20970312,5.8452
20970313,8.8245
20970314,4.4373
20970315,1.6787
20970316,3.8987
20970317,7.6366
20970318,4.8337
20970319,2.2395
20970320,2.0015
20970321,3.2198
20970322,3.6741
20970323,2.3754
20970324,2.9213
20970325,2.9247
20970326,5.3775
20970327,4.788
20970328,5.9846
20970329,8.8519
20970330,4.9462
20970331,5.0233
20970401,7.6261
20970402,12.226
20970403,9.9269
20970404,8.9866
20970405,8.4273
20970406,7.0862
20970407,6.0316
20970408,6.1429
20970409,5.1957
20970410,7.6791
20970411,7.9061
20970412,7.6282
20970413,6.5782
20970414,8.445
20970415,8.3708
20970416,7.3418
20970417,11.48
20970418,8.8452
20970419,10.048
20970420,13.001
20970421,11.245
20970422,11.453
20970423,11.015
20970424,11.923
20970425,9.0224
20970426,7.266
20970427,4.9004
20970428,7.1048
20970429,12.653
20970430,12.392
20970501,13.266
20970502,13.304
20970503,14.567
20970504,12.543
20970505,10.714
20970506,8.9088
20970507,11.266
20970508,11.357
20970509,12.929
20970510,12.222
20970511,13.259
20970512,11.193
20970513,13.764
20970514,12.249
20970515,11.952
20970516,9.6638
20970517,14.584
20970518,11.726
20970519,9.6961
20970520,14.087
20970521,11.761
20970522,9.5029
20970523,10.402
20970524,12.866
20970525,14.857
20970526,13.82
20970527,11.953
20970528,10.496
20970529,10.989
20970530,10.992
20970531,12.953
20970601,12.716
20970602,13.791
20970603,14.472
20970604,16.319
20970605,19.065
20970606,19.13
20970607,17.657
20970608,16.035
20970609,17.85
20970610,16.416
20970611,16.657
20970612,17.715
20970613,17.854
20970614,16.953
20970615,14.734
20970616,12.575
20970617,15.492
20970618,14.687
20970619,14.139
20970620,14.572
20970621,15.746
20970622,17.725
20970623,18.618
20970624,18.348
20970625,16.807
20970626,19.193
20970627,19.436
20970628,22.541
20970629,23.408
20970630,22.713
20970701,22.25
20970702,21.56
20970703,22.345
20970704,20.749
20970705,24.172
20970706,23.441
20970707,20.575
20970708,18.722
20970709,18.581
20970710,19.109
20970711,20.822
20970712,21.538
20970713,19.815
20970714,22.492
20970715,23.461
20970716,24.367
20970717,22.936
20970718,24.36
20970719,24.268
20970720,24.435
20970721,25.663
20970722,25.554
20970723,24.676
20970724,24.336
20970725,26.022
20970726,29.332
20970727,27.666
20970728,27.1
20970729,28.729
20970730,26.002
20970731,27.658
20970801,28.722
20970802,28.358
20970803,29.785
20970804,28.072
20970805,26.128
20970806,25.335
20970807,23.787
20970808,23.575
20970809,24.932
20970810,24.635
20970811,25.301
20970812,26.17
20970813,25.656
20970814,25.538
20970815,24.557
20970816,25.467
20970817,22.564
20970818,21.057
20970819,23.566
20970820,23.385
20970821,23.9
20970822,23.42
20970823,23.108
20970824,22.338
20970825,21.418
20970826,20.107
20970827,19.429
20970828,19.14
20970829,18.65
20970830,20.874
20970831,23.255
20970901,22.152
20970902,20.356
20970903,18.379
20970904,21.21
20970905,19.704
20970906,22.462
20970907,22.294
20970908,22.158
20970909,22.48
20970910,19.368
20970911,17.847
20970912,16.941
20970913,19.435
20970914,20.639
20970915,20.828
20970916,20.73
20970917,19.638
20970918,18.766
20970919,18.989
20970920,20.31
20970921,19.287
20970922,19.274
20970923,16.036
20970924,15.092
20970925,16.762
20970926,18.167
20970927,17.357
20970928,19.297
20970929,16.999
20970930,15
20971001,18.02
20971002,15.322
20971003,12.868
20971004,11.781
20971005,16.563
20971006,17.912
20971007,18.934
20971008,18.154
20971009,19.826
20971010,19.635
20971011,17.177
20971012,14.095
20971013,13.848
20971014,17.675
20971015,15.996
20971016,16.481
20971017,17.711
20971018,17.425
20971019,17.364
20971020,16.268
20971021,17.204
20971022,15.519
20971023,13.94
20971024,13.612
20971025,15.412
20971026,18.024
20971027,17.499
20971028,18.017
20971029,16.243
20971030,13.092
20971031,12.379
20971101,9.8405
20971102,9.2381
20971103,9.3556
20971104,11.25
20971105,7.971
20971106,6.7916
20971107,13.573
20971108,11.033
20971109,11.047
20971110,13.82
20971111,14.227
20971112,12.855
20971113,11.242
20971114,10.829
20971115,8.258
20971116,7.2145
20971117,7.9543
20971118,7.1756
20971119,6.0695
20971120,5.667
20971121,5.9468
20971122,5.5748
20971123,5.0666
20971124,4.0827
20971125,11.806
20971126,10.173
20971127,8.9333
20971128,5.5357
20971129,3.8855
20971130,6.4719
20971201,5.8938
20971202,4.5174
20971203,4.3362
20971204,4.5822
20971205,2.6448
20971206,5.3912
20971207,6.3839
20971208,4.3477
20971209,2.7086
20971210,5.1212
20971211,4.5248
20971212,7.5574
20971213,6.8093
20971214,8.4478
20971215,6.8022
20971216,4.6535
20971217,5.0506
20971218,5.4392
20971219,4.3768
20971220,4.0446
20971221,1.6929
20971222,-0.31821
20971223,0.57743
20971224,1.5
20971225,1.7395
20971226,0.65471
20971227,0.77497
20971228,0.46899
20971229,0.77194
20971230,1.3535
20971231,0.30622
20980101,0.28939
20980102,3.6493
20980103,5.6046
20980104,4.5374
20980105,6.9505
20980106,6.0205
20980107,8.3613
20980108,7.1284
20980109,4.8184
20980110,4.2108
20980111,5.9154
20980112,3.8851
20980113,3.127
20980114,3.1055
20980115,1.1878
20980116,-1.5615
20980117,-3.5494
20980118,3.7096
20980119,0.64524
20980120,0.42512
20980121,-0.55148
20980122,1.924
20980123,3.776
20980124,3.0581
20980125,1.2131
20980126,5.2189
20980127,2.8537
20980128,-0.011831
20980129,-0.77266
20980130,-0.50612
20980131,0.39816
20980201,0.1846
20980202,0.052887
20980203,0.97254
20980204,4.3082
20980205,1.9382
20980206,7.0225
20980207,5.1869
20980208,2.5183
20980209,-0.58483
20980210,3.4905
20980211,2.952
20980212,1.2506
20980213,2.3325
20980214,2.285
20980215,1.5122
20980216,0.46882
20980217,7.245
20980218,3.9851
20980219,0.032562
20980220,0.31453
20980221,3.3254
20980222,0.19112
20980223,-1.2109
20980224,-0.036967
20980225,1.737
20980226,1.9158
20980227,2.6248
20980228,2.8681
20980301,2.6525
20980302,2.7662
20980303,1.515
20980304,0.86635
20980305,5.1731
20980306,3.6224
20980307,1.5788
20980308,4.7026
20980309,2.4926
20980310,2.6882
20980311,3.8328
20980312,3.7592
20980313,3.7192
20980314,4.8752
20980315,4.6867
20980316,5.1172
20980317,4.8464
20980318,3.6065
20980319,1.2103
20980320,1.1294
20980321,5.3923
20980322,2.3527
20980323,2.651
20980324,3.9689
20980325,3.3886
20980326,8.77
20980327,9.7493
20980328,8.7712
20980329,5.8122
20980330,7.1011
20980331,5.6965
20980401,6.7031
20980402,4.8433
20980403,7.2384
20980404,7.3211
20980405,7.0594
20980406,4.6685
20980407,4.3313
20980408,6.2915
20980409,3.8737
20980410,8.4299
20980411,8.9826
20980412,8.1183
20980413,5.2372
20980414,5.7442
20980415,9.4572
20980416,8.5191
20980417,8.5499
20980418,11.47
20980419,12.63
20980420,12.948
20980421,11.609
20980422,11.438
20980423,12.266
20980424,12.438
20980425,14.17
20980426,12.396
20980427,12.403
20980428,13.25
20980429,15.147
20980430,14.015
20980501,13.415
20980502,11.818
20980503,11.596
20980504,11.556
20980505,12.929
20980506,12.954
20980507,11.256
20980508,12.637
20980509,12.831
20980510,13.912
20980511,14.314
20980512,13.425
20980513,13.424
20980514,12.094
20980515,11.61
20980516,14.349
20980517,12.173
20980518,12.021
20980519,11.985
20980520,11.667
20980521,13.738
20980522,14.149
20980523,13.42
20980524,13.969
20980525,14.534
20980526,13.124
20980527,12.088
20980528,13.289
20980529,13.22
20980530,14.456
20980531,13.035
20980601,11.498
20980602,11.527
20980603,14.119
20980604,13.137
20980605,14.393
20980606,16.296
20980607,16.187
20980608,15.5
20980609,13.489
20980610,15.304
20980611,18.45
20980612,18.815
20980613,17.133
20980614,15.612
20980615,16.428
20980616,15.972
20980617,17.776
20980618,17.286
20980619,17.125
20980620,16.392
20980621,15.738
20980622,16.933
20980623,19.954
20980624,21.016
20980625,20.886
20980626,19.852
20980627,20.765
20980628,19.786
20980629,21.367
20980630,19.38
20980701,19.513
20980702,19.589
20980703,20.675
20980704,21.582
20980705,20.767
20980706,21.163
20980707,21.283
20980708,20.842
20980709,20.801
20980710,20.82
20980711,19.468
20980712,17.45
20980713,17.973
20980714,18.699
20980715,20.379
20980716,21.624
20980717,22.057
20980718,22.746
20980719,20.423
20980720,20.876
20980721,21.825
20980722,21.417
20980723,21.454
20980724,21.632
20980725,22.248
20980726,22.383
20980727,22.085
20980728,21.354
20980729,19.805
20980730,22.235
20980731,22.543
20980801,23.013
20980802,21.992
20980803,21.257
20980804,20.826
20980805,22.319
20980806,21.911
20980807,20.506
20980808,21.928
20980809,24.518
20980810,24.942
20980811,22.276
20980812,20.344
20980813,22.444
20980814,24.054
20980815,21.842
20980816,19.207
20980817,20.794
20980818,20.963
20980819,20.961
20980820,22.598
20980821,23.166
20980822,20.374
20980823,18.236
20980824,17.066
20980825,17.307
20980826,18.613
20980827,19.476
20980828,19.712
20980829,18.675
20980830,19.356
20980831,20.932
20980901,21.726
20980902,21.57
20980903,21.854
20980904,20.143
20980905,19.843
20980906,19.942
20980907,18.488
20980908,18.234
20980909,17.515
20980910,18.217
20980911,17.244
20980912,16.195
20980913,18.26
20980914,18.743
20980915,18.207
20980916,18.241
20980917,16.924
20980918,15.498
20980919,16.207
20980920,18.585
20980921,19.775
20980922,19.923
20980923,17.976
20980924,16.29
20980925,15.662
20980926,13.598
20980927,18.129
20980928,15.925
20980929,14.601
20980930,14.595
20981001,15.779
20981002,13.717
20981003,12.266
20981004,12.521
20981005,12.578
20981006,11.79
20981007,12.058
20981008,12.058
20981009,11.526
20981010,7.9739
20981011,7.3584
20981012,8.6016
20981013,6.7348
20981014,5.7023
20981015,7.2665
20981016,8.9803
20981017,11.791
20981018,7.3136
20981019,6.2923
20981020,7.2971
20981021,7.2478
20981022,6.9605
20981023,7.5249
20981024,7.5427
20981025,8.4134
20981026,7.0985
20981027,9.3565
20981028,6.477
20981029,7.0144
20981030,7.7922
20981031,7.3427
20981101,5.7041
20981102,8.0847
20981103,4.8248
20981104,5.4251
20981105,11.542
20981106,9.3202
20981107,11.04
20981108,12.805
20981109,10.527
20981110,10.984
20981111,9.5221
20981112,10.306
20981113,9.0948
20981114,9.6242
20981115,7.7283
20981116,6.8435
20981117,7.2377
20981118,7.5839
20981119,8.7671
20981120,8.1647
20981121,5.6517
20981122,7.4545
20981123,6.1019
20981124,6.876
20981125,5.7054
20981126,4.5497
20981127,8.6279
20981128,7.9328
20981129,4.7445
20981130,9.399
20981201,9.8386
20981202,6.492
20981203,1.9167
20981204,0.97058
20981205,3.0324
20981206,4.9589
20981207,3.8834
20981208,3.829
20981209,5.6352
20981210,5.8802
20981211,6.7269
20981212,5.6612
20981213,4.8044
20981214,2.484
20981215,0.4936
20981216,-0.39816
20981217,1.4853
20981218,1.9571
20981219,0.79752
20981220,3.0091
20981221,4.8546
20981222,1.7573
20981223,0.15707
20981224,-1.5811
20981225,-0.30447
20981226,1.5379
20981227,-1.2072
20981228,-1.2739
20981229,3.6813
20981230,4.1136
20981231,7.5688
20990101,10.721
20990102,11.477
20990103,6.9739
20990104,5.2237
20990105,5.2896
20990106,3.0282
20990107,4.9871
20990108,4.0043
20990109,6.2133
20990110,6.5098
20990111,5.18
20990112,2.9353
20990113,2.421
20990114,3.9349
20990115,1.5271
20990116,1.6372
20990117,2.3994
20990118,4.2539
20990119,8.1745
20990120,5.5786
20990121,2.7101
20990122,2.6553
20990123,4.0482
20990124,10.797
20990125,9.5008
20990126,4.4037
20990127,4.3871
20990128,3.7957
20990129,3.1405
20990130,0.64891
20990131,2.375
20990201,7.8759
20990202,5.7673
20990203,3.0582
20990204,2.4419
20990205,5.7075
20990206,3.528
20990207,5.9327
20990208,3.3527
20990209,1.267
20990210,9.5714
20990211,8.1248
20990212,7.0961
20990213,12.074
20990214,8.0565
20990215,4.0365
20990216,0.91286
20990217,-0.41392
20990218,1.3878
20990219,-0.97705
20990220,3.1897
20990221,4.4191
20990222,2.4188
20990223,2.8624
20990224,2.8435
20990225,2.9517
20990226,5.841
20990227,8.5151
20990228,10.555
20990301,6.5154
20990302,8.2038
20990303,9.2668
20990304,7.9209
20990305,7.8355
20990306,9.9648
20990307,11.379
20990308,9.0214
20990309,7.9714
20990310,9.8179
20990311,6.429
20990312,7.0105
20990313,8.9972
20990314,6.2374
20990315,3.4434
20990316,7.4398
20990317,10.204
20990318,6.2035
20990319,5.4103
20990320,8.375
20990321,8.9407
20990322,10.632
20990323,10.755
20990324,10.147
20990325,7.655
20990326,6.4537
20990327,3.6725
20990328,4.6229
20990329,3.9897
20990330,2.1248
20990331,8.2775
20990401,4.6947
20990402,5.2576
20990403,4.8708
20990404,7.0317
20990405,7.9496
20990406,9.6661
20990407,7.0361
20990408,7.2102
20990409,9.6798
20990410,7.491
20990411,6.1972
20990412,5.3815
20990413,7.7605
20990414,12.721
20990415,10.502
20990416,8.6344
20990417,8.41
20990418,10.352
20990419,11.337
20990420,12.495
20990421,11.244
20990422,11.421
20990423,8.7527
20990424,9.6824
20990425,10.392
20990426,8.9822
20990427,7.0845
20990428,10.156
20990429,9.3572
20990430,11.43
20990501,10.464
20990502,10.03
20990503,10.505
20990504,11.171
20990505,10.062
20990506,12.237
20990507,13.026
20990508,12.513
20990509,13.09
20990510,15.417
20990511,17.772
20990512,16.105
20990513,16.349
20990514,14.954
20990515,15.754
20990516,16.086
20990517,14.232
20990518,15.363
20990519,12.77
20990520,13.107
20990521,13.429
20990522,13.795
20990523,12.556
20990524,10.658
20990525,13.616
20990526,13.6
20990527,13.676
20990528,14.633
20990529,14.778
20990530,16.106
20990531,16.42
20990601,17.555
20990602,17.163
20990603,17.238
20990604,18.805
20990605,16.16
20990606,16.195
20990607,17.36
20990608,18.824
20990609,19.736
20990610,18.958
20990611,21.258
20990612,21.325
20990613,24.186
20990614,22.861
20990615,22.724
20990616,21.489
20990617,21.083
20990618,20.628
20990619,20.858
20990620,19.271
20990621,17.884
20990622,19.326
20990623,21.092
20990624,19.992
20990625,21.85
20990626,22.943
20990627,21.896
20990628,20.841
20990629,21.518
20990630,19.38
20990701,18.495
20990702,19.801
20990703,21.437
20990704,23.005
20990705,21.558
20990706,21.294
20990707,23.284
20990708,24.512
20990709,24.951
20990710,24.529
20990711,19.627
20990712,18.785
20990713,16.377
20990714,16.364
20990715,17.623
20990716,20.969
20990717,22.829
20990718,23.437
20990719,25.138
20990720,26.758
20990721,25.838
20990722,26.615
20990723,25.834
20990724,27.235
20990725,27.823
20990726,26.316
20990727,26.082
20990728,25.323
20990729,24.517
20990730,26.189
20990731,26.272
20990801,26.159
20990802,25.332
20990803,25.596
20990804,28.182
20990805,27.318
20990806,27.528
20990807,27.272
20990808,26.93
20990809,25.754
20990810,24.862
20990811,27.441
20990812,27.229
20990813,30.443
20990814,29.831
20990815,30.472
20990816,29.685
20990817,29.843
20990818,22.491
20990819,20.976
20990820,25.658
20990821,27.468
20990822,25.829
20990823,24.647
20990824,27.18
20990825,26.077
20990826,22.342
20990827,20.626
20990828,19.802
20990829,18.653
20990830,18.657
20990831,20.425
20990901,23.201
20990902,24.033
20990903,22.367
20990904,22.386
20990905,22.261
20990906,22.171
20990907,21.002
20990908,19.546
20990909,20.064
20990910,21.357
20990911,21.065
20990912,23.151
20990913,21.853
20990914,20.341
20990915,20.196
20990916,21.401
20990917,20.026
20990918,19.017
20990919,18.972
20990920,18.771
20990921,19.653
20990922,19.477
20990923,19.868
20990924,20.766
20990925,21.207
20990926,21.703
20990927,20.894
20990928,19.357
20990929,17.752
20990930,17.816
20991001,15.779
20991002,14.005
20991003,14.174
20991004,18.311
20991005,17.05
20991006,15.18
20991007,13.337
20991008,14.834
20991009,17.724
20991010,16.489
20991011,14.907
20991012,13.035
20991013,11.967
20991014,12.087
20991015,10.574
20991016,9.8505
20991017,9.8294
20991018,10.826
20991019,16.786
20991020,17.466
20991021,14.528
20991022,14.362
20991023,12.955
20991024,10.864
20991025,11.527
20991026,11.668
20991027,11.652
20991028,11.461
20991029,11.369
20991030,10.198
20991031,9.2621
20991101,8.59
20991102,6.7172
20991103,7.7554
20991104,4.1168
20991105,3.9067
20991106,2.887
20991107,2.0452
20991108,2.0839
20991109,2.5376
20991110,3.1258
20991111,8.4557
20991112,8.5093
20991113,6.7871
20991114,8.6332
20991115,10.342
20991116,10.329
20991117,6.7379
20991118,6.1032
20991119,4.5444
20991120,4.4265
20991121,4.2644
20991122,3.7641
20991123,6.8551
20991124,4.8907
20991125,4.4407
20991126,11.615
20991127,6.6906
20991128,5.5561
20991129,13.725
20991130,12.916
20991201,12.258
20991202,11.551
20991203,6.6714
20991204,4.3466
20991205,3.0683
20991206,6.4328
20991207,8.6837
20991208,7.7825
20991209,6.872
20991210,5.4276
20991211,9.4059
20991212,13.053
20991213,8.3502
20991214,6.2996
20991215,5.4642
20991216,7.6748
20991217,11.042
20991218,11.795
20991219,11.148
20991220,11.613
20991221,11.09
20991222,10.817
20991223,10.071
20991224,9.7456
20991225,11.336
20991226,6.8896
20991227,4.9838
20991228,3.6046
20991229,2.7368
20991230,3.1347
20991231,4.0232
21000101,2.2564
21000102,3.3895
21000103,4.3426
21000104,6.6295
21000105,9.8676
21000106,5.2852
21000107,5.0338
21000108,10.228
21000109,9.2232
21000110,9.9561
21000111,9.7389
21000112,9.4544
21000113,5.165
21000114,6.3989
21000115,2.0169
21000116,-0.83902
21000117,0.13045
21000118,0.13022
21000119,1.4785
21000120,5.2904
21000121,2.3252
21000122,3.9741
21000123,3.7387
21000124,1.1694
21000125,2.46
21000126,2.722
21000127,2.4655
21000128,5.3007
21000129,1.1891
21000130,2.668
21000131,4.056
21000201,3.1802
21000202,4.7214
21000203,2.1648
21000204,0.066803
21000205,-1.9092
21000206,-1.7258
21000207,-2.5128
21000208,2.074
21000209,1.4864
21000210,-0.17829
21000211,0.57088
21000212,-0.7335
21000213,-0.857
21000214,1.1402
21000215,1.2983
21000216,4.3756
21000217,2.1085
21000218,0.64332
21000219,-0.91501
21000220,-0.041534
21000221,8.5905
21000222,4.8131
21000223,4.7466
21000224,6.3424
21000225,7.1159
21000226,7.4336
21000227,7.5099
21000228,6.7741
21000301,4.4711
21000302,2.4916
21000303,5.8314
21000304,1.981
21000305,0.73755
21000306,2.1518
21000307,2.3671
21000308,-0.32063
21000309,0.047821
21000310,2.7386
21000311,1.3968
21000312,1.0241
21000313,3.348
21000314,5.5284
21000315,3.141
21000316,4.2522
21000317,5.3258
21000318,5.4753
21000319,9.248
21000320,6.93
21000321,8.2479
21000322,8.6247
21000323,7.0497
21000324,9.6985
21000325,6.7235
21000326,9.7326
21000327,8.3894
21000328,7.5228
21000329,3.9885
21000330,3.1537
21000331,4.0559
21000401,3.7342
21000402,4.0714
21000403,3.9484
21000404,8.3741
21000405,5.8178
21000406,5.2408
21000407,6.8373
21000408,6.7031
21000409,6.6424
21000410,9.8755
21000411,9.3524
21000412,8.8186
21000413,9.8178
21000414,9.0047
21000415,8.1894
21000416,8.7167
21000417,9.6011
21000418,8.3
21000419,9.6138
21000420,9.5592
21000421,12.474
21000422,12.986
21000423,12.853
21000424,13.171
21000425,12.13
21000426,10.134
21000427,10.044
21000428,11.673
21000429,10.111
21000430,11.311
21000501,13.215
21000502,11.1
21000503,10.582
21000504,11.191
21000505,12.356
21000506,13.508
21000507,13.087
21000508,11.823
21000509,12.923
21000510,13.075
21000511,12.8
21000512,11.434
21000513,11.56
21000514,12.128
21000515,11.323
21000516,11.838
21000517,14.837
21000518,15.822
21000519,15.477
21000520,16.535
21000521,15.962
21000522,15.605
21000523,12.706
21000524,13.896
21000525,14.349
21000526,14.646
21000527,15.306
21000528,16.151
21000529,16.858
21000530,16.218
21000531,16.334
21000601,15.779
21000602,16.469
21000603,20.64
21000604,19.423
21000605,19.041
21000606,20.562
21000607,18.77
21000608,16.222
21000609,15.329
21000610,15.27
21000611,15.843
21000612,17.449
21000613,17.958
21000614,18.261
21000615,18.321
21000616,16.979
21000617,17.607
21000618,15.762
21000619,18.096
21000620,15.524
21000621,14.471
21000622,14.34
21000623,17.787
21000624,17.821
21000625,18.49
21000626,19.519
21000627,20.006
21000628,18.677
21000629,15.995
21000630,14.105
21000701,16.996
21000702,17.77
21000703,19.603
21000704,21.286
21000705,22.325
21000706,21.133
21000707,16.975
21000708,15.523
21000709,15.887
21000710,15.152
21000711,13.653
21000712,16.928
21000713,15.445
21000714,16.861
21000715,18.961
21000716,20.582
21000717,19.917
21000718,20.851
21000719,18.344
21000720,20.183
21000721,22.258
21000722,24.122
21000723,24.702
21000724,23.789
21000725,22.757
21000726,23.014
21000727,25.048
21000728,22.018
21000729,22.294
21000730,23.754
21000731,25.741
21000801,26.838
21000802,26.899
21000803,26.812
21000804,27.426
21000805,28.793
21000806,27.842
21000807,25.342
21000808,24.842
21000809,24.943
21000810,25.281
21000811,23.821
21000812,22.905
21000813,15.671
21000814,15.51
21000815,13.881
21000816,16.2
21000817,18.846
21000818,21.67
21000819,17.858
21000820,15.362
21000821,18.045
21000822,18.184
21000823,18.878
21000824,18.427
21000825,20.389
21000826,22.598
21000827,20.928
21000828,19.216
21000829,18.023
21000830,19.305
21000831,22.008
21000901,21.143
21000902,23.313
21000903,20.459
21000904,21.479
21000905,21.029
21000906,23.69
21000907,23.413
21000908,23.969
21000909,22.506
21000910,20.658
21000911,20.796
21000912,20.749
21000913,20.943
21000914,21.214
21000915,22.638
21000916,21.789
21000917,20.52
21000918,22.372
21000919,21.608
21000920,19.938
21000921,20.301
21000922,18.653
21000923,17.144
21000924,19.767
21000925,19.472
21000926,18.644
21000927,19.993
21000928,17.728
21000929,15.635
21000930,18.848
21001001,15.545
21001002,15.391
21001003,15.851
21001004,16.468
21001005,17.334
21001006,16.819
21001007,15.913
21001008,15.684
21001009,16.779
21001010,17.732
21001011,16.805
21001012,16.759
21001013,19.408
21001014,17.476
21001015,17.523
21001016,16.452
21001017,16.135
21001018,18.984
21001019,19.815
21001020,19.99
21001021,20.293
21001022,20.402
21001023,19.387
21001024,17.7
21001025,16.33
21001026,16.013
21001027,15.711
21001028,19.872
21001029,18.643
21001030,13.567
21001031,9.7396
21001101,8.7219
21001102,12.18
21001103,15.578
21001104,14.02
21001105,14.689
21001106,14.077
21001107,14.178
21001108,14.621
21001109,12.827
21001110,11.924
21001111,11.594
21001112,11.636
21001113,11.17
21001114,12.638
21001115,12.604
21001116,9.8159
21001117,7.7499
21001118,7.1699
21001119,6.488
21001120,7.4447
21001121,7.0192
21001122,9.6638
21001123,10.571
21001124,9.5493
21001125,8.7698
21001126,7.9204
21001127,3.7246
21001128,2.87
21001129,6.8941
21001130,12.066
21001201,10.157
21001202,9.4817
21001203,7.6925
21001204,7.3344
21001205,6.7431
21001206,6.4075
21001207,5.9579
21001208,12.085
21001209,12.693
21001210,12.101
21001211,9.4365
21001212,8.0693
21001213,9.3905
21001214,7.9464
21001215,6.0267
21001216,8.1416
21001217,11.356
21001218,12.807
21001219,8.6977
21001220,6.3063
21001221,4.3158
21001222,1.7739
21001223,-0.15274
21001224,-1.3367
21001225,0.048136
21001226,-1.703
21001227,-2.4721
21001228,-1.9604
21001229,-1.4094
21001230,-1.6353
21001231,-0.97365
