20060101,-0.47123
20060102,0.70554
20060103,5.7838
20060104,5.4017
20060105,3.3536
20060106,2.3303
20060107,6.3835
20060108,7.9554
20060109,4.6018
20060110,2.2353
20060111,1.0279
20060112,0.50768
20060113,-2.2011
20060114,1.8546
20060115,0.79525
20060116,-2.298
20060117,-2.5939
20060118,-3.4807
20060119,-2.6339
20060120,0.60179
20060121,-1.5179
20060122,0.14309
20060123,-1.4692
20060124,-1.4011
20060125,-0.098704
20060126,-0.78301
20060127,-0.64826
20060128,-0.35117
20060129,-1.1494
20060130,3.0338
20060131,-0.035339
20060201,-1.9537
20060202,-1.9419
20060203,0.72782
20060204,-0.64431
20060205,-1.3853
20060206,-2.8885
20060207,0.12735
20060208,-1.1375
20060209,-1.1108
20060210,0.0050761
20060211,0.66532
20060212,-2.065
20060213,-2.2973
20060214,-2.1622
20060215,-2.9919
20060216,-0.75325
20060217,4.9213
20060218,0.53341
20060219,-1.429
20060220,1.6071
20060221,4.8231
20060222,6.4478
20060223,6.6684
20060224,5.9534
20060225,2.415
20060226,0.4835
20060227,-0.33937
20060228,3.8901
20060301,3.0162
20060302,0.18535
20060303,4.2494
20060304,3.4851
20060305,0.19669
20060306,1.0683
20060307,2.7429
20060308,2.8628
20060309,3.1503
20060310,6.0227
20060311,3.8058
20060312,0.36843
20060313,-0.58497
20060314,-0.14886
20060315,3.4955
20060316,1.8816
20060317,0.55948
20060318,0.31888
20060319,-2.4034
20060320,-1.7528
20060321,-0.73469
20060322,-0.46428
20060323,-0.97533
20060324,1.0233
20060325,0.22299
20060326,-0.18722
20060327,-0.61141
20060328,1.7155
20060329,4.9693
20060330,7.0247
20060331,4.6521
20060401,3.9766
20060402,8.2283
20060403,5.3095
20060404,6.1668
20060405,6.1017
20060406,3.5143
20060407,2.1675
20060408,9.7941
20060409,5.3065
20060410,5.6538
20060411,5.0905
20060412,2.8574
20060413,4.5135
20060414,9.29
20060415,8.6196
20060416,5.5069
20060417,3.0379
20060418,4.4163
20060419,5.5589
20060420,9.3762
20060421,7.8979
20060422,5.8471
20060423,5.2514
20060424,6.2229
20060425,7.3748
20060426,4.2737
20060427,6.328
20060428,7.725
20060429,6.6905
20060430,8.3918
20060501,10.16
20060502,10.193
20060503,8.6481
20060504,6.3559
20060505,7.8309
20060506,8.9953
20060507,11.816
20060508,12.587
20060509,9.3815
20060510,7.4739
20060511,10.129
20060512,11.565
20060513,11.104
20060514,11.208
20060515,14.155
20060516,13.684
20060517,14.15
20060518,14.911
20060519,15.713
20060520,13.999
20060521,12.125
20060522,13.417
20060523,12.716
20060524,8.108
20060525,5.9748
20060526,9.6593
20060527,9.233
20060528,7.5327
20060529,6.0364
20060530,8.3982
20060531,12.453
20060601,10.564
20060602,8.8839
20060603,8.523
20060604,10.42
20060605,10.919
20060606,12.405
20060607,13.71
20060608,13.385
20060609,11.709
20060610,12.257
20060611,13.041
20060612,11.276
20060613,9.1239
20060614,11.311
20060615,17.12
20060616,15.454
20060617,16.907
20060618,17.231
20060619,20.53
20060620,18.897
20060621,17.142
20060622,16.819
20060623,19.581
20060624,20.739
20060625,19.453
20060626,17.732
20060627,18.964
20060628,17.448
20060629,13.845
20060630,15.525
20060701,14.825
20060702,15.711
20060703,16.897
20060704,17.743
20060705,19.045
20060706,17.897
20060707,17.383
20060708,17.874
20060709,16.728
20060710,20.399
20060711,19.978
20060712,14.403
20060713,12.263
20060714,14.71
20060715,18.587
20060716,17.928
20060717,18.491
20060718,17.722
20060719,17.607
20060720,18.312
20060721,17.972
20060722,19.525
20060723,19.255
20060724,17.685
20060725,17.488
20060726,16.273
20060727,17.043
20060728,17.007
20060729,18.377
20060730,16.987
20060731,17.574
20060801,19.029
20060802,15.913
20060803,14.836
20060804,14.811
20060805,14.695
20060806,15.309
20060807,17.688
20060808,18.152
20060809,19.003
20060810,18.777
20060811,20.431
20060812,19.051
20060813,19.263
20060814,20.158
20060815,19.714
20060816,18.439
20060817,17.509
20060818,20.076
20060819,21.096
20060820,21.931
20060821,17.772
20060822,15.125
20060823,17.839
20060824,14.988
20060825,12.042
20060826,12.355
20060827,16.007
20060828,18.174
20060829,15.217
20060830,12.024
20060831,12.561
20060901,15.422
20060902,16.548
20060903,16.851
20060904,17.242
20060905,16.619
20060906,13.233
20060907,10.021
20060908,15.001
20060909,14.099
20060910,13.413
20060911,13.015
20060912,14.758
20060913,15.034
20060914,15.168
20060915,16.737
20060916,15.755
20060917,17.72
20060918,14.831
20060919,14.218
20060920,11.62
20060921,9.3501
20060922,11.957
20060923,9.6879
20060924,13.685
20060925,12.28
20060926,9.9126
20060927,11.05
20060928,13.494
20060929,10.73
20060930,10.595
20061001,10.997
20061002,14.646
20061003,13.175
20061004,13.63
20061005,15.662
20061006,13.605
20061007,15.96
20061008,12.175
20061009,9.5719
20061010,10.144
20061011,8.2389
20061012,11.917
20061013,12.436
20061014,8.1891
20061015,7.5668
20061016,10.564
20061017,9.0201
20061018,8.7351
20061019,11.139
20061020,7.2558
20061021,4.7538
20061022,7.1057
20061023,9.0874
20061024,6.8701
20061025,7.2381
20061026,4.7164
20061027,3.0218
20061028,8.6961
20061029,5.7699
20061030,4.4013
20061031,3.7323
20061101,3.3716
20061102,4.5093
20061103,3.8841
20061104,2.073
20061105,8.4373
20061106,5.2984
20061107,6.148
20061108,3.5522
20061109,4.1397
20061110,6.2943
20061111,8.8046
20061112,4.6614
20061113,4.0563
20061114,7.9185
20061115,9.1434
20061116,10.223
20061117,11.769
20061118,12.39
20061119,12.192
20061120,10.448
20061121,5.4845
20061122,2.8953
20061123,0.95746
20061124,0.023956
20061125,0.76128
20061126,1.9672
20061127,-0.10395
20061128,-1.3678
20061129,-0.87934
20061130,5.4726
20061201,7.1774
20061202,2.3292
20061203,0.65828
20061204,-0.38919
20061205,-0.18422
20061206,-0.94849
20061207,6.1613
20061208,2.8026
20061209,2.5031
20061210,0.23528
20061211,-1.3705
20061212,3.5774
20061213,2.2678
20061214,1.059
20061215,2.2189
20061216,1.8818
20061217,0.59558
20061218,1.5453
20061219,0.60777
20061220,-0.69297
20061221,0.70065
20061222,1.5912
20061223,3.2209
20061224,1.8046
20061225,0.66374
20061226,-1.7331
20061227,-2.9709
20061228,-2.752
20061229,-3.0306
20061230,-2.8167
20061231,-4.1198
20070101,-0.16385
20070102,-0.79067
20070103,-2.9583
20070104,-2.1099
20070105,1.8739
20070106,-0.093374
20070107,-0.62779
20070108,-2.0193
20070109,-4.0908
20070110,-4.3559
20070111,-5.2972
20070112,-7.2268
20070113,-7.5582
20070114,-5.3699
20070115,3.9808
20070116,1.866
20070117,-2.3497
20070118,-4.4036
20070119,-1.2173
20070120,0.47297
20070121,0.36131
20070122,-0.52856
20070123,0.22261
20070124,-0.2619
20070125,1.3079
20070126,-1.2286
20070127,-2.9598
20070128,-1.4111
20070129,-2.6829
20070130,-2.6763
20070131,-0.37
20070201,-2.9032
20070202,-3.6453
20070203,-2.5223
20070204,-1.9956
20070205,-1.2057
20070206,2.4104
20070207,-0.50964
20070208,-2.0359
20070209,-2.691
20070210,0.30532
20070211,-1.1881
20070212,2.9391
20070213,0.34836
20070214,-3.0185
20070215,-1.3038
20070216,4.0561
20070217,3.4144
20070218,-0.067291
20070219,-0.94355
20070220,-1.5838
20070221,-1.7701
20070222,-3.2416
20070223,-3.6012
20070224,-4.6011
20070225,-4.0062
20070226,-0.93939
20070227,-3.6314
20070228,-3.426
20070301,2.8431
20070302,-0.73669
20070303,-1.0133
20070304,0.45164
20070305,-0.71176
20070306,-2.4548
20070307,-3.4747
20070308,-0.060791
20070309,-2.6507
20070310,-4.9203
20070311,-4.8391
20070312,-3.2534
20070313,-1.936
20070314,-2.1294
20070315,0.97587
20070316,4.2749
20070317,0.53221
20070318,1.3256
20070319,3.1823
20070320,5.0048
20070321,4.6062
20070322,3.6108
20070323,0.25727
20070324,3.344
20070325,4.3577
20070326,3.4919
20070327,2.6547
20070328,2.2545
20070329,-0.31811
20070330,4.9398
20070331,4.9611
20070401,4.917
20070402,5.6063
20070403,6.3982
20070404,4.9798
20070405,6.6476
20070406,4.1795
20070407,1.1206
20070408,2.5702
20070409,7.0125
20070410,3.7208
20070411,3.9075
20070412,2.126
20070413,6.4552
20070414,5.6979
20070415,3.0171
20070416,3.0499
20070417,3.8306
20070418,1.7099
20070419,2.7727
20070420,1.5296
20070421,1.4619
20070422,3.9873
20070423,1.842
20070424,8.4998
20070425,4.7446
20070426,3.3296
20070427,4.8389
20070428,6.8571
20070429,6.4806
20070430,7.4921
20070501,8.6253
20070502,5.4369
20070503,5.1806
20070504,5.6749
20070505,4.2893
20070506,8.2914
20070507,6.809
20070508,6.4615
20070509,4.6955
20070510,3.5601
20070511,6.1399
20070512,6.9525
20070513,4.5402
20070514,4.6042
20070515,4.3292
20070516,7.0504
20070517,5.3125
20070518,5.6275
20070519,7.7612
20070520,7.3373
20070521,8.748
20070522,7.7938
20070523,7.3953
20070524,9.7637
20070525,7.5355
20070526,9.6675
20070527,9.7869
20070528,11.818
20070529,10.613
20070530,8.9279
20070531,9.4954
20070601,10.496
20070602,12.408
20070603,13.084
20070604,15.237
20070605,13.811
20070606,13.645
20070607,12.123
20070608,13.557
20070609,12.815
20070610,11.364
20070611,13.033
20070612,15.025
20070613,14.576
20070614,13.405
20070615,11.134
20070616,12.848
20070617,11.971
20070618,13.201
20070619,15.463
20070620,12.626
20070621,14.411
20070622,15.512
20070623,16.215
20070624,18.589
20070625,17.575
20070626,16.935
20070627,16.274
20070628,14.6
20070629,13.045
20070630,13.02
20070701,14.723
20070702,14.416
20070703,15.585
20070704,14.689
20070705,14.229
20070706,12.939
20070707,12.265
20070708,10.235
20070709,12.19
20070710,14.861
20070711,17.402
20070712,14.462
20070713,11.949
20070714,12.642
20070715,15.186
20070716,18.182
20070717,17.309
20070718,17.672
20070719,17.838
20070720,18.865
20070721,18.11
20070722,19.504
20070723,17.888
20070724,16.454
20070725,16.214
20070726,18.724
20070727,18.24
20070728,20.433
20070729,19.501
20070730,20.214
20070731,18.734
20070801,17.291
20070802,17.715
20070803,17.954
20070804,21.42
20070805,21.13
20070806,20.266
20070807,18.549
20070808,17.032
20070809,14.913
20070810,14.838
20070811,15.974
20070812,16.659
20070813,18.527
20070814,13.371
20070815,11.75
20070816,13.408
20070817,14.609
20070818,16.018
20070819,15.215
20070820,15.474
20070821,15.167
20070822,13.211
20070823,15.539
20070824,13.732
20070825,13.299
20070826,16.666
20070827,14.047
20070828,15.136
20070829,16.368
20070830,16.332
20070831,16.425
20070901,18.868
20070902,16.775
20070903,15.895
20070904,12.12
20070905,12.548
20070906,11.996
20070907,14.809
20070908,11.496
20070909,10.673
20070910,16.017
20070911,12.813
20070912,11.451
20070913,10.479
20070914,13.04
20070915,13.057
20070916,14.661
20070917,11.931
20070918,10.33
20070919,11.779
20070920,10.441
20070921,8.5103
20070922,11.315
20070923,10.369
20070924,10.432
20070925,10.234
20070926,10.399
20070927,11.803
20070928,15.384
20070929,14.542
20070930,12.228
20071001,12.202
20071002,15.523
20071003,12.77
20071004,11.629
20071005,14.35
20071006,15.159
20071007,13.857
20071008,13.171
20071009,13.541
20071010,13.349
20071011,13.085
20071012,11.043
20071013,7.9403
20071014,5.9512
20071015,6.0444
20071016,4.966
20071017,5.4914
20071018,5.1376
20071019,5.6431
20071020,4.2848
20071021,3.986
20071022,2.0534
20071023,4.5885
20071024,8.7785
20071025,5.2807
20071026,4.5371
20071027,5.2177
20071028,6.4728
20071029,4.3036
20071030,2.8546
20071031,1.9532
20071101,0.1162
20071102,-0.22232
20071103,-1.6721
20071104,0.054138
20071105,5.6467
20071106,4.7669
20071107,4.553
20071108,5.5627
20071109,7.463
20071110,6.0749
20071111,3.585
20071112,3.4248
20071113,1.7208
20071114,0.71146
20071115,7.637
20071116,7.5403
20071117,8.5295
20071118,8.2192
20071119,2.9161
20071120,0.53815
20071121,-0.86431
20071122,-0.22345
20071123,3.2612
20071124,1.9948
20071125,0.2914
20071126,-0.22817
20071127,-1.623
20071128,-3.159
20071129,-0.25534
20071130,-2.1383
20071201,-3.1896
20071202,-0.23804
20071203,3.3085
20071204,5.7817
20071205,7.6186
20071206,1.1105
20071207,-0.75773
20071208,-1.669
20071209,-2.0835
20071210,-1.9443
20071211,-1.9362
20071212,-3.0258
20071213,-3.237
20071214,-2.3504
20071215,-4.2307
20071216,-4.8144
20071217,-4.7702
20071218,-4.2679
20071219,-4.7502
20071220,-1.409
20071221,5.9594
20071222,0.17241
20071223,0.11485
20071224,1.2546
20071225,2.0815
20071226,0.6336
20071227,1.0178
20071228,0.94825
20071229,0.23751
20071230,-2.2681
20071231,-4.5129
20080101,-0.073222
20080102,0.57987
20080103,-0.8724
20080104,-0.40408
20080105,-2.523
20080106,-0.53202
20080107,-2.2354
20080108,-2.965
20080109,1.1242
20080110,1.2992
20080111,0.18044
20080112,-2.0402
20080113,-3.5233
20080114,-3.1655
20080115,-0.56947
20080116,-2.1847
20080117,-0.44917
20080118,-0.93914
20080119,-2.8931
20080120,-2.7907
20080121,-2.0749
20080122,-1.4595
20080123,-3.3561
20080124,-4.3521
20080125,-1.9847
20080126,1.0206
20080127,0.96571
20080128,1.4367
20080129,2.0108
20080130,-1.9346
20080131,-4.7174
20080201,0.61315
20080202,1.6782
20080203,0.10412
20080204,-0.11633
20080205,0.63425
20080206,-1.391
20080207,-1.2706
20080208,-1.6701
20080209,-1.4554
20080210,-1.6553
20080211,1.0281
20080212,0.24775
20080213,0.22087
20080214,4.9444
20080215,0.99241
20080216,0.020264
20080217,-2.815
20080218,-3.111
20080219,2.6472
20080220,3.1957
20080221,1.8862
20080222,4.7311
20080223,0.98695
20080224,0.47644
20080225,0.48508
20080226,1.5532
20080227,-0.62264
20080228,-0.5508
20080229,1.9051
20080301,-0.073273
20080302,-0.54473
20080303,1.245
20080304,1.4823
20080305,-1.5719
20080306,1.1214
20080307,0.92654
20080308,0.15564
20080309,3.8155
20080310,-0.20573
20080311,2.7735
20080312,1.0833
20080313,-0.39177
20080314,2.9592
20080315,6.5887
20080316,5.2753
20080317,4.3591
20080318,3.5479
20080319,4.5805
20080320,5.7416
20080321,5.476
20080322,3.6807
20080323,4.5504
20080324,5.2384
20080325,3.2172
20080326,4.051
20080327,3.6451
20080328,6.107
20080329,9.8789
20080330,9.4548
20080331,9.4288
20080401,9.1671
20080402,4.2601
20080403,1.643
20080404,4.7639
20080405,5.8772
20080406,3.6555
20080407,5.064
20080408,2.7504
20080409,5.5936
20080410,4.9465
20080411,3.1237
20080412,4.5723
20080413,7.4668
20080414,9.1525
20080415,8.547
20080416,6.2801
20080417,6.237
20080418,8.0758
20080419,9.0629
20080420,6.7912
20080421,7.3615
20080422,7.7903
20080423,9.3853
20080424,8.0903
20080425,6.2498
20080426,7.1883
20080427,10.046
20080428,7.5988
20080429,8.0966
20080430,8.9131
20080501,3.5681
20080502,1.6863
20080503,5.0498
20080504,9.1202
20080505,10.537
20080506,7.8754
20080507,5.4908
20080508,3.4396
20080509,5.3453
20080510,3.5729
20080511,5.4456
20080512,3.8456
20080513,6.5378
20080514,3.7518
20080515,10.043
20080516,10.73
20080517,8.7136
20080518,6.7459
20080519,10.575
20080520,6.5318
20080521,6.4613
20080522,7.4933
20080523,9.7739
20080524,11.467
20080525,8.5475
20080526,5.9123
20080527,4.9068
20080528,8.541
20080529,7.3903
20080530,9.203
20080531,11.338
20080601,10.343
20080602,8.0099
20080603,7.5001
20080604,8.4807
20080605,9.2259
20080606,11.096
20080607,12.065
20080608,14.394
20080609,15.542
20080610,13.298
20080611,13.299
20080612,14.285
20080613,14.38
20080614,16.476
20080615,16.849
20080616,18.5
20080617,16.278
20080618,14.932
20080619,17.523
20080620,14.756
20080621,17.893
20080622,15.354
20080623,13.619
20080624,14.208
20080625,16.534
20080626,14.313
20080627,12.175
20080628,10.847
20080629,9.458
20080630,11.767
20080701,12.915
20080702,15.237
20080703,17.947
20080704,17.145
20080705,17.765
20080706,17.096
20080707,17.67
20080708,17.587
20080709,16.781
20080710,17.68
20080711,16.94
20080712,18.846
20080713,18.324
20080714,18.251
20080715,18.631
20080716,17.164
20080717,16.07
20080718,15.143
20080719,16.251
20080720,15.941
20080721,19.144
20080722,19.887
20080723,19.992
20080724,19.171
20080725,17.702
20080726,18.709
20080727,18.576
20080728,20.794
20080729,19.568
20080730,18.845
20080731,18.435
20080801,18.248
20080802,18.213
20080803,19.377
20080804,18.875
20080805,20.431
20080806,21.427
20080807,19.684
20080808,20.449
20080809,20.995
20080810,16.532
20080811,14.082
20080812,17.746
20080813,18.131
20080814,20.314
20080815,20.269
20080816,18.742
20080817,17.926
20080818,15.074
20080819,14.788
20080820,17.393
20080821,19.278
20080822,21.22
20080823,19.773
20080824,19.538
20080825,21.855
20080826,21.127
20080827,19.321
20080828,18.527
20080829,19.528
20080830,19.674
20080831,19.584
20080901,14.54
20080902,11.53
20080903,11.691
20080904,10.663
20080905,13.619
20080906,11.968
20080907,11.466
20080908,12.55
20080909,10.308
20080910,12.594
20080911,12.565
20080912,10.511
20080913,9.9055
20080914,13.8
20080915,11.99
20080916,9.8446
20080917,9.2257
20080918,11.935
20080919,13.659
20080920,13.816
20080921,11.898
20080922,13.293
20080923,14.664
20080924,12.919
20080925,15.086
20080926,14.263
20080927,13.906
20080928,13.225
20080929,12.529
20080930,12.756
20081001,12.907
20081002,14.46
20081003,9.7382
20081004,7.9174
20081005,6.2894
20081006,8.2867
20081007,7.7951
20081008,8.3783
20081009,8.9894
20081010,8.1257
20081011,6.8849
20081012,6.6992
20081013,9.0315
20081014,8.0913
20081015,8.0897
20081016,9.3816
20081017,8.9511
20081018,10.716
20081019,11.498
20081020,10.643
20081021,14.905
20081022,13.097
20081023,6.7888
20081024,5.0001
20081025,3.826
20081026,3.7651
20081027,4.1492
20081028,5.3037
20081029,3.7226
20081030,3.1475
20081031,9.2406
20081101,6.391
20081102,4.2337
20081103,3.8485
20081104,7.945
20081105,6.4748
20081106,4.254
20081107,10.495
20081108,7.3255
20081109,7.2695
20081110,10.313
20081111,11.774
20081112,10.237
20081113,9.507
20081114,6.7586
20081115,4.987
20081116,4.0594
20081117,4.9544
20081118,2.6904
20081119,0.80558
20081120,0.75846
20081121,0.97993
20081122,0.43806
20081123,-1.459
20081124,-2.0226
20081125,1.8366
20081126,2.7762
20081127,7.8298
20081128,7.0509
20081129,6.8127
20081130,7.2473
20081201,8.097
20081202,5.199
20081203,2.5475
20081204,1.9824
20081205,0.35704
20081206,-1.3378
20081207,-1.8163
20081208,-2.3226
20081209,-2.7948
20081210,-2.1275
20081211,-3.0348
20081212,-2.7639
20081213,-2.6175
20081214,-2.2787
20081215,-0.61905
20081216,4.6309
20081217,-0.035502
20081218,-0.751
20081219,-0.60906
20081220,5.4435
20081221,2.5452
20081222,1.8129
20081223,4.5655
20081224,2.3669
20081225,1.6244
20081226,2.9768
20081227,2.3885
20081228,0.98019
20081229,0.60506
20081230,1.7613
20081231,-0.0098979
20090101,-0.19355
20090102,0.20695
20090103,-0.21057
20090104,0.11812
20090105,-0.84698
20090106,-0.91119
20090107,-1.5736
20090108,-1.4766
20090109,-2.3248
20090110,3.174
20090111,0.51059
20090112,-1.0413
20090113,-1.253
20090114,-2.9725
20090115,-4.5629
20090116,-5.3132
20090117,-5.1731
20090118,-2.4648
20090119,-3.6376
20090120,-4.1077
20090121,-3.3332
20090122,-4.3976
20090123,-4.1108
20090124,-5.4929
20090125,-6.2322
20090126,-3.9693
20090127,-2.6816
20090128,-3.7902
20090129,-4.054
20090130,-4.182
20090131,-3.6347
20090201,-3.3938
20090202,-2.9777
20090203,-3.5432
20090204,-3.6989
20090205,-3.1999
20090206,-7.9863
20090207,-9.2989
20090208,-6.9918
20090209,-5.8439
20090210,-7.1066
20090211,-7.5987
20090212,-3.8359
20090213,-3.6788
20090214,-3.6109
20090215,-2.8708
20090216,-2.587
20090217,-4.3494
20090218,-3.8497
20090219,-2.4512
20090220,-0.89373
20090221,-1.1273
20090222,-1.9384
20090223,-0.16441
20090224,-0.53928
20090225,0.098775
20090226,-0.24903
20090227,-0.44893
20090228,0.52615
20090301,0.61885
20090302,3.2942
20090303,3.8148
20090304,7.4064
20090305,6.8639
20090306,3.8799
20090307,6.5442
20090308,5.7511
20090309,4.2485
20090310,4.0626
20090311,3.5245
20090312,5.4884
20090313,6.5362
20090314,3.4365
20090315,0.63752
20090316,0.35768
20090317,7.657
20090318,7.9892
20090319,7.0173
20090320,3.4858
20090321,3.3088
20090322,7.9166
20090323,4.2996
20090324,5.3482
20090325,2.0719
20090326,3.123
20090327,4.2947
20090328,3.3997
20090329,4.7024
20090330,4.0851
20090331,1.5059
20090401,6.7631
20090402,10.173
20090403,10.638
20090404,8.0465
20090405,7.9923
20090406,9.345
20090407,9.372
20090408,8.4406
20090409,9.252
20090410,8.3619
20090411,5.6137
20090412,5.7425
20090413,8.3254
20090414,7.6943
20090415,8.0221
20090416,6.2044
20090417,5.6982
20090418,8.6873
20090419,5.9969
20090420,7.5839
20090421,7.1619
20090422,8.2076
20090423,7.1251
20090424,8.1249
20090425,7.29
20090426,8.5331
20090427,8.43
20090428,7.3391
20090429,7.142
20090430,7.0211
20090501,10.252
20090502,10.235
20090503,7.554
20090504,4.9713
20090505,4.6108
20090506,4.645
20090507,5.1076
20090508,8.9557
20090509,11.697
20090510,8.4298
20090511,6.0147
20090512,10.67
20090513,9.1673
20090514,9.9297
20090515,11.991
20090516,12.25
20090517,12.554
20090518,12.695
20090519,12.963
20090520,15.232
20090521,14.454
20090522,12.324
20090523,10.001
20090524,11.584
20090525,11.572
20090526,9.0203
20090527,11.48
20090528,13.192
20090529,10.133
20090530,12.16
20090531,11.307
20090601,10.229
20090602,10.423
20090603,11.195
20090604,11.892
20090605,12.969
20090606,14.584
20090607,16.145
20090608,14.851
20090609,15.577
20090610,15.335
20090611,15.572
20090612,15.291
20090613,16.702
20090614,16.151
20090615,15.973
20090616,14.823
20090617,13.278
20090618,14.602
20090619,14.677
20090620,16.273
20090621,17.233
20090622,16.311
20090623,16.069
20090624,17.006
20090625,17.959
20090626,17.744
20090627,17.191
20090628,16.658
20090629,19.556
20090630,17.615
20090701,17.317
20090702,20.642
20090703,22.205
20090704,20.153
20090705,22.262
20090706,21.172
20090707,24.093
20090708,22.996
20090709,19.883
20090710,17.137
20090711,19.313
20090712,19.032
20090713,18.691
20090714,18.686
20090715,18.556
20090716,20.927
20090717,21.688
20090718,19.327
20090719,20.2
20090720,21.868
20090721,21.641
20090722,20.843
20090723,19.912
20090724,18.589
20090725,17.841
20090726,17.882
20090727,19.914
20090728,21.624
20090729,21.759
20090730,19.309
20090731,17.99
20090801,20.478
20090802,20.767
20090803,20.164
20090804,16.78
20090805,14.517
20090806,15.242
20090807,17.056
20090808,18.702
20090809,19.624
20090810,18.95
20090811,18.377
20090812,17.697
20090813,16.915
20090814,19.502
20090815,19.201
20090816,20.817
20090817,18.742
20090818,18.843
20090819,19.909
20090820,16.308
20090821,14.938
20090822,19.609
20090823,14.901
20090824,14.855
20090825,16.155
20090826,15.872
20090827,14.522
20090828,15.726
20090829,14.516
20090830,12.949
20090831,13.302
20090901,11.44
20090902,14.076
20090903,15.624
20090904,13.298
20090905,14.484
20090906,14.643
20090907,13.783
20090908,14.868
20090909,15.269
20090910,16.227
20090911,16.27
20090912,13.936
20090913,14.087
20090914,15.617
20090915,16.496
20090916,18.367
20090917,18.11
20090918,16.806
20090919,16.246
20090920,17.301
20090921,18.667
20090922,15.057
20090923,14.662
20090924,12.068
20090925,11.61
20090926,16.227
20090927,15.952
20090928,14.689
20090929,13.196
20090930,13.402
20091001,13.442
20091002,13.623
20091003,13.372
20091004,12.845
20091005,12.367
20091006,14.227
20091007,14.769
20091008,13.791
20091009,12.297
20091010,13.206
20091011,12.304
20091012,12.881
20091013,12.838
20091014,11.891
20091015,11.976
20091016,12.844
20091017,14.599
20091018,14.585
20091019,14.124
20091020,8.8497
20091021,7.022
20091022,7.3128
20091023,7.2341
20091024,6.7384
20091025,11.053
20091026,7.9441
20091027,7.4639
20091028,6.0987
20091029,4.5902
20091030,5.4306
20091031,3.0441
20091101,2.0186
20091102,1.2397
20091103,3.2932
20091104,4.1114
20091105,2.0786
20091106,-0.27539
20091107,-1.9201
20091108,-2.1865
20091109,4.9916
20091110,9.4864
20091111,4.6453
20091112,3.6369
20091113,1.0064
20091114,1.9063
20091115,4.0196
20091116,-0.1844
20091117,-1.8112
20091118,-0.24715
20091119,5.76
20091120,4.4296
20091121,1.7325
20091122,0.12837
20091123,1.1278
20091124,2.0449
20091125,3.6252
20091126,8.6288
20091127,9.302
20091128,9.6841
20091129,8.5485
20091130,8.6568
20091201,9.4138
20091202,6.3581
20091203,3.6835
20091204,3.7024
20091205,1.4441
20091206,-0.43189
20091207,-2.2891
20091208,-3.9115
20091209,-4.9462
20091210,-4.4693
20091211,-5.9863
20091212,-4.3839
20091213,-4.898
20091214,-4.3323
20091215,-2.2232
20091216,-3.2686
20091217,-6.3682
20091218,-7.8093
20091219,-8.2236
20091220,-6.66
20091221,-5.4234
20091222,-2.462
20091223,-2.9963
20091224,-1.7019
20091225,-1.9664
20091226,-2.7867
20091227,-3.799
20091228,-1.9961
20091229,0.53673
20091230,-0.22454
20091231,-1.6936
20100101,-2.9314
20100102,-2.5074
20100103,-2.5322
20100104,6.6962
20100105,6.1253
20100106,1.5148
20100107,0.64648
20100108,8.8524
20100109,8.4707
20100110,8.623
20100111,7.261
20100112,6.9063
20100113,7.491
20100114,5.5437
20100115,1.6541
20100116,-1.6237
20100117,-3.0938
20100118,-2.1209
20100119,-0.57574
20100120,1.0047
20100121,0.062622
20100122,-1.2989
20100123,0.65718
20100124,1.3338
20100125,0.30609
20100126,-1.289
20100127,-1.9784
20100128,-2.5884
20100129,-1.9112
20100130,0.80801
20100131,-0.95678
20100201,-1.2571
20100202,0.26203
20100203,-1.8189
20100204,-2.3499
20100205,-1.9368
20100206,-4.0771
20100207,-1.1145
20100208,2.0919
20100209,0.13397
20100210,-1.2079
20100211,-2.1733
20100212,-0.29405
20100213,1.0177
20100214,-0.12681
20100215,0.4809
20100216,0.11085
20100217,2.1383
20100218,2.4974
20100219,3.1064
20100220,7.2057
20100221,0.67699
20100222,-1.1204
20100223,-0.6542
20100224,-0.15664
20100225,-0.94495
20100226,-1.0191
20100227,-0.40893
20100228,-1.6098
20100301,-1.5417
20100302,-3.0403
20100303,0.57382
20100304,-1.3871
20100305,2.5648
20100306,3.0067
20100307,3.7878
20100308,8.1353
20100309,7.7738
20100310,5.568
20100311,2.3105
20100312,2.7945
20100313,4.4984
20100314,5.3548
20100315,3.8031
20100316,4.1117
20100317,2.9442
20100318,7.4321
20100319,6.3632
20100320,7.1045
20100321,9.4506
20100322,7.9197
20100323,6.2691
20100324,6.7042
20100325,3.3929
20100326,2.4353
20100327,4.339
20100328,4.9973
20100329,7.3878
20100330,5.1063
20100331,2.3865
20100401,7.185
20100402,3.038
20100403,1.5525
20100404,3.8672
20100405,3.1335
20100406,2.8415
20100407,4.8182
20100408,2.3621
20100409,3.9157
20100410,3.6429
20100411,3.405
20100412,6.9873
20100413,7.0493
20100414,3.3649
20100415,5.4428
20100416,11.488
20100417,5.0305
20100418,4.4549
20100419,3.8914
20100420,1.3581
20100421,3.2098
20100422,8.5532
20100423,10.584
20100424,8.8369
20100425,6.7566
20100426,6.5506
20100427,5.5214
20100428,7.5826
20100429,7.5059
20100430,11.22
20100501,12.234
20100502,12.079
20100503,9.0801
20100504,8.0839
20100505,9.0938
20100506,9.5277
20100507,10.624
20100508,9.5846
20100509,8.9399
20100510,10.221
20100511,12.067
20100512,9.3539
20100513,9.1284
20100514,10.252
20100515,11.368
20100516,11.463
20100517,10.973
20100518,13.147
20100519,13.652
20100520,11.791
20100521,11.733
20100522,11.122
20100523,10.229
20100524,11.669
20100525,12.909
20100526,14.517
20100527,13.945
20100528,11.43
20100529,10.155
20100530,10.942
20100531,7.9507
20100601,6.2973
20100602,6.6893
20100603,6.8145
20100604,9.1469
20100605,7.7756
20100606,10.843
20100607,9.121
20100608,10.083
20100609,11.138
20100610,12.889
20100611,13.397
20100612,13.722
20100613,13.071
20100614,12.007
20100615,15.002
20100616,14.425
20100617,13.961
20100618,14.7
20100619,14.985
20100620,16.038
20100621,15.22
20100622,14.853
20100623,15.724
20100624,14.638
20100625,13.501
20100626,14.266
20100627,16.588
20100628,15.951
20100629,15.681
20100630,14.633
20100701,12.637
20100702,14.226
20100703,17.607
20100704,16.844
20100705,17.782
20100706,18.108
20100707,17.267
20100708,18.487
20100709,16.887
20100710,17.432
20100711,17.472
20100712,19.081
20100713,17.357
20100714,17.331
20100715,16.047
20100716,16.631
20100717,16.691
20100718,17.136
20100719,16.916
20100720,16.41
20100721,18.534
20100722,18.525
20100723,19.45
20100724,17.535
20100725,19.399
20100726,18.64
20100727,20.587
20100728,18.149
20100729,16.323
20100730,16.432
20100731,15.925
20100801,18.354
20100802,15.669
20100803,16.834
20100804,15.475
20100805,15.126
20100806,18.047
20100807,18.922
20100808,16.995
20100809,18.164
20100810,20.048
20100811,18.061
20100812,15.334
20100813,16.151
20100814,17.961
20100815,16.231
20100816,16.304
20100817,17.645
20100818,17.407
20100819,16.302
20100820,15.857
20100821,15.747
20100822,16.462
20100823,17.923
20100824,18.709
20100825,17.003
20100826,15.014
20100827,12.408
20100828,13.745
20100829,14.244
20100830,14.358
20100831,15.226
20100901,16.966
20100902,16.585
20100903,16.292
20100904,15.857
20100905,20.037
20100906,20.631
20100907,19.816
20100908,17.24
20100909,19.277
20100910,18.572
20100911,19.185
20100912,18.165
20100913,16.359
20100914,18.865
20100915,19.707
20100916,14.078
20100917,11.078
20100918,10.631
20100919,11.907
20100920,11.077
20100921,9.6703
20100922,10.404
20100923,8.8485
20100924,10.914
20100925,13.882
20100926,10.49
20100927,11.469
20100928,10.664
20100929,8.3869
20100930,10.675
20101001,10.36
20101002,8.9997
20101003,8.7583
20101004,10.589
20101005,10.608
20101006,7.049
20101007,6.8163
20101008,5.2846
20101009,5.2647
20101010,5.6909
20101011,10.412
20101012,9.4328
20101013,7.6764
20101014,6.8715
20101015,6.6771
20101016,7.0141
20101017,6.3131
20101018,5.5974
20101019,4.4879
20101020,2.0663
20101021,2.7192
20101022,10.125
20101023,11.58
20101024,8.1037
20101025,6.1162
20101026,3.8124
20101027,7.4641
20101028,8.4109
20101029,6.9826
20101030,5.1263
20101031,5.4376
20101101,7.2106
20101102,7.0441
20101103,8.919
20101104,5.834
20101105,2.5272
20101106,0.81594
20101107,8.1734
20101108,7.3855
20101109,6.2498
20101110,7.8329
20101111,5.1934
20101112,1.5553
20101113,3.6652
20101114,3.1269
20101115,1.0718
20101116,0.14613
20101117,-0.65319
20101118,-2.7528
20101119,-1.1119
20101120,-0.33695
20101121,-0.14772
20101122,0.55922
20101123,3.0623
20101124,0.12549
20101125,-2.7289
20101126,-2.9594
20101127,-1.0294
20101128,-2.79
20101129,0.32928
20101130,0.59293
20101201,-0.54014
20101202,-1.0575
20101203,-1.9783
20101204,-2.3258
20101205,-2.0445
20101206,-2.1306
20101207,-3.6862
20101208,-5.3204
20101209,-5.9666
20101210,-5.1037
20101211,-3.0091
20101212,-3.4624
20101213,-5.1876
20101214,-6.0655
20101215,-5.812
20101216,-7.1948
20101217,-6.7424
20101218,-5.8335
20101219,-6.6003
20101220,-7.1054
20101221,-7.0428
20101222,-3.9993
20101223,-5.0082
20101224,-5.2217
20101225,-4.973
20101226,-5.5202
20101227,-0.67383
20101228,-0.76593
20101229,-1.598
20101230,-2.964
20101231,-3.7229
20110101,-4.8662
20110102,-1.7473
20110103,2.2795
20110104,1.1721
20110105,2.0702
20110106,0.55188
20110107,-2.1163
20110108,3.6342
20110109,0.29464
20110110,-1.3441
20110111,-2.0727
20110112,-2.6997
20110113,-2.5156
20110114,-2.0936
20110115,-1.2678
20110116,-1.3198
20110117,-2.9383
20110118,-4.3886
20110119,-5.6676
20110120,-5.7503
20110121,-4.3671
20110122,-0.43949
20110123,-0.56507
20110124,1.7538
20110125,2.9134
20110126,-0.68029
20110127,-1.314
20110128,-1.9874
20110129,-1.8752
20110130,-1.307
20110131,-1.0594
20110201,3.4276
20110202,6.1744
20110203,-0.089284
20110204,-2.0259
20110205,-2.0172
20110206,5.1213
20110207,6.0395
20110208,1.568
20110209,1.6835
20110210,2.754
20110211,2.3619
20110212,0.82019
20110213,1.8585
20110214,0.52102
20110215,3.5942
20110216,6.0635
20110217,6.2494
20110218,7.9529
20110219,6.5419
20110220,6.4481
20110221,4.9983
20110222,7.6833
20110223,6.4816
20110224,2.9607
20110225,0.60119
20110226,0.73122
20110227,1.7945
20110228,0.49126
20110301,-0.33656
20110302,-1.968
20110303,0.6597
20110304,5.4953
20110305,7.6085
20110306,5.5171
20110307,3.674
20110308,3.7628
20110309,1.3381
20110310,-0.63707
20110311,-0.66789
20110312,-1.0254
20110313,3.816
20110314,3.791
20110315,4.8878
20110316,6.4745
20110317,6.3107
20110318,2.0724
20110319,2.0029
20110320,4.243
20110321,1.1014
20110322,-1.1162
20110323,5.6628
20110324,3.2646
20110325,1.4244
20110326,7.018
20110327,5.8564
20110328,4.5994
20110329,3.9405
20110330,2.8941
20110331,5.4213
20110401,6.7597
20110402,6.1307
20110403,3.9272
20110404,4.8256
20110405,3.725
20110406,5.0876
20110407,6.26
20110408,4.4575
20110409,4.076
20110410,9.3213
20110411,6.1085
20110412,5.5246
20110413,4.0974
20110414,4.8908
20110415,7.0453
20110416,8.5874
20110417,7.3415
20110418,6.6215
20110419,4.7627
20110420,6.8496
20110421,7.562
20110422,7.2056
20110423,10.391
20110424,10.448
20110425,10.117
20110426,8.0101
20110427,5.3499
20110428,5.0661
20110429,6.4306
20110430,7.2606
20110501,5.614
20110502,5.5304
20110503,7.8299
20110504,8.4793
20110505,9.7198
20110506,6.4761
20110507,6.4559
20110508,6.7702
20110509,5.4202
20110510,8.382
20110511,8.9203
20110512,10.07
20110513,10.213
20110514,12.278
20110515,13.515
20110516,12.127
20110517,7.465
20110518,5.3108
20110519,6.2673
20110520,8.3573
20110521,7.4944
20110522,10.383
20110523,9.1343
20110524,8.8582
20110525,8.7145
20110526,8.611
20110527,10.018
20110528,10.631
20110529,12.727
20110530,12.119
20110531,11.334
20110601,9.8098
20110602,10.784
20110603,13.187
20110604,11.858
20110605,10.255
20110606,9.6027
20110607,9.1828
20110608,8.1228
20110609,5.7802
20110610,9.3411
20110611,11.62
20110612,10.486
20110613,13.141
20110614,12.223
20110615,10.349
20110616,13.065
20110617,15.048
20110618,15.528
20110619,15.108
20110620,15.567
20110621,18.996
20110622,18.167
20110623,16.662
20110624,15.716
20110625,16.914
20110626,15.123
20110627,15.573
20110628,11.018
20110629,9.4843
20110630,12.716
20110701,16.697
20110702,18.383
20110703,19.184
20110704,20.268
20110705,15.615
20110706,15.859
20110707,17.276
20110708,17.933
20110709,17.393
20110710,17.457
20110711,17.408
20110712,17.665
20110713,15.183
20110714,17.498
20110715,15.661
20110716,16.024
20110717,13.742
20110718,15.525
20110719,16.91
20110720,16.057
20110721,17.723
20110722,15.798
20110723,13.235
20110724,13.708
20110725,18.157
20110726,16.935
20110727,20.963
20110728,21.885
20110729,20.269
20110730,20.701
20110731,19.699
20110801,18.099
20110802,18.904
20110803,18.785
20110804,20.794
20110805,19.645
20110806,20.41
20110807,19.396
20110808,20.215
20110809,22.115
20110810,21.411
20110811,20.534
20110812,20.695
20110813,19.659
20110814,18.12
20110815,15.675
20110816,14.603
20110817,13.889
20110818,14.578
20110819,16.576
20110820,17.344
20110821,17.881
20110822,17.423
20110823,17.071
20110824,16.862
20110825,18.071
20110826,17.221
20110827,17.077
20110828,17.763
20110829,16.506
20110830,16.511
20110831,15.237
20110901,19.912
20110902,18.566
20110903,18.28
20110904,18.224
20110905,18.47
20110906,16.016
20110907,16.364
20110908,18.03
20110909,18.631
20110910,16.26
20110911,15.563
20110912,16.314
20110913,13.095
20110914,11.641
20110915,10.85
20110916,11.907
20110917,11.847
20110918,12.181
20110919,12.186
20110920,12.574
20110921,13.9
20110922,14.492
20110923,11.824
20110924,12.127
20110925,14.226
20110926,12.026
20110927,16.485
20110928,16.446
20110929,16.758
20110930,13.698
20111001,10.221
20111002,7.9235
20111003,7.1852
20111004,6.9974
20111005,8.3855
20111006,9.0854
20111007,9.0118
20111008,12.2
20111009,12.299
20111010,10.504
20111011,10.584
20111012,8.5548
20111013,6.4994
20111014,7.0607
20111015,9.7104
20111016,14.973
20111017,14.375
20111018,14.43
20111019,13.974
20111020,14.897
20111021,13.57
20111022,12.779
20111023,11.445
20111024,8.509
20111025,7.1328
20111026,9.4129
20111027,9.2645
20111028,7.4982
20111029,4.8785
20111030,2.2236
20111031,5.7161
20111101,4.011
20111102,3.7506
20111103,5.6972
20111104,3.0736
20111105,1.3258
20111106,1.7751
20111107,4.0841
20111108,7.244
20111109,3.5057
20111110,2.4926
20111111,0.73191
20111112,1.0384
20111113,2.3602
20111114,2.7548
20111115,0.21848
20111116,0.39896
20111117,1.1215
20111118,1.1132
20111119,1.2418
20111120,0.3688
20111121,-0.71893
20111122,-0.11109
20111123,-0.31686
20111124,-1.8183
20111125,5.5623
20111126,5.474
20111127,9.0983
20111128,9.7587
20111129,9.1084
20111130,8.9211
20111201,3.4022
20111202,0.42038
20111203,-0.98334
20111204,-0.26713
20111205,-2.099
20111206,-0.82917
20111207,-1.1129
20111208,-1.9543
20111209,3.9445
20111210,0.16062
20111211,-1.2925
20111212,-2.1639
20111213,-0.49084
20111214,2.2507
20111215,0.72124
20111216,0.44072
20111217,4.8938
20111218,2.1043
20111219,0.054759
20111220,-0.62443
20111221,1.351
20111222,1.1314
20111223,-0.55338
20111224,6.2414
20111225,3.63
20111226,2.3844
20111227,-0.46986
20111228,-0.67125
20111229,0.0046692
20111230,-0.65894
20111231,-1.5621
20120101,-0.60322
20120102,-0.85365
20120103,-1.2765
20120104,-2.003
20120105,-1.0814
20120106,-2.0092
20120107,0.36163
20120108,3.6534
20120109,-1.3444
20120110,-3.6587
20120111,-1.1917
20120112,-2.5036
20120113,-4.9193
20120114,2.1436
20120115,3.9589
20120116,1.4022
20120117,-1.6321
20120118,-2.0903
20120119,-0.0572
20120120,-1.3677
20120121,2.7931
20120122,1.9118
20120123,0.75302
20120124,0.68899
20120125,0.68592
20120126,1.7377
20120127,-0.46839
20120128,-1.9925
20120129,0.52485
20120130,-0.47979
20120131,-1.5404
20120201,-0.90588
20120202,-2.9664
20120203,-3.4542
20120204,-0.57834
20120205,1.6766
20120206,1.1469
20120207,-0.16805
20120208,-0.079763
20120209,1.4724
20120210,-0.80498
20120211,-1.626
20120212,3.5884
20120213,2.349
20120214,-0.80318
20120215,-1.7289
20120216,0.84099
20120217,2.8587
20120218,-1.3899
20120219,-3.4873
20120220,-4.1266
20120221,0.27941
20120222,-1.0464
20120223,4.0608
20120224,2.555
20120225,1.8338
20120226,0.55411
20120227,1.0022
20120228,4.9367
20120229,1.7259
20120301,2.4559
20120302,0.38676
20120303,3.2911
20120304,0.56291
20120305,1.2215
20120306,2.8593
20120307,0.38861
20120308,1.7403
20120309,4.6457
20120310,3.5892
20120311,1.1559
20120312,0.35021
20120313,1.7151
20120314,4.402
20120315,6.3473
20120316,2.0245
20120317,-0.74268
20120318,2.558
20120319,1.6004
20120320,2.3317
20120321,1.8639
20120322,-0.36671
20120323,2.7515
20120324,1.1738
20120325,0.84561
20120326,0.24954
20120327,2.2676
20120328,2.3863
20120329,6.1341
20120330,2.4408
20120331,6.9837
20120401,5.0151
20120402,4.9503
20120403,1.9079
20120404,4.5606
20120405,5.8587
20120406,5.6362
20120407,3.4765
20120408,4.725
20120409,4.6561
20120410,4.0855
20120411,3.6114
20120412,3.7117
20120413,2.6105
20120414,7.9376
20120415,5.979
20120416,6.5811
20120417,5.0639
20120418,3.7317
20120419,1.4491
20120420,3.1524
20120421,4.4743
20120422,5.2757
20120423,5.3258
20120424,5.6274
20120425,5.48
20120426,3.0911
20120427,6.3703
20120428,8.4333
20120429,7.4299
20120430,6.8098
20120501,4.7786
20120502,5.923
20120503,6.7878
20120504,7.1395
20120505,8.519
20120506,6.2404
20120507,6.8588
20120508,6.5379
20120509,8.0468
20120510,5.5765
20120511,5.2856
20120512,5.5962
20120513,10.385
20120514,9.2666
20120515,7.3822
20120516,8.452
20120517,10.236
20120518,9.3753
20120519,9.4029
20120520,8.7902
20120521,7.9992
20120522,9.5333
20120523,10.117
20120524,10.419
20120525,11.227
20120526,10.446
20120527,9.7659
20120528,9.7596
20120529,10.609
20120530,12.021
20120531,12.905
20120601,10.799
20120602,10.754
20120603,10.661
20120604,12.186
20120605,12.573
20120606,12.946
20120607,13.217
20120608,13.123
20120609,12.013
20120610,15.357
20120611,15.596
20120612,13.748
20120613,12.023
20120614,13.645
20120615,11.772
20120616,11.601
20120617,12.114
20120618,14.221
20120619,14.872
20120620,17.442
20120621,16.463
20120622,16.078
20120623,14.168
20120624,14.151
20120625,13.699
20120626,12.844
20120627,13.53
20120628,15.222
20120629,14.731
20120630,13.867
20120701,16.602
20120702,14.546
20120703,14.449
20120704,16.804
20120705,17.598
20120706,19.318
20120707,20.138
20120708,18.169
20120709,19.605
20120710,19.754
20120711,19.371
20120712,20.945
20120713,20.232
20120714,20.626
20120715,19.498
20120716,17.717
20120717,20.037
20120718,21.591
20120719,22.306
20120720,20.146
20120721,21.462
20120722,22.116
20120723,20.713
20120724,19.794
20120725,17.144
20120726,18.745
20120727,20.243
20120728,21.554
20120729,21.745
20120730,21.084
20120731,19.898
20120801,19.877
20120802,18.978
20120803,18.17
20120804,20.099
20120805,18.087
20120806,17.541
20120807,17.157
20120808,18.141
20120809,18.524
20120810,16.638
20120811,17.693
20120812,18.405
20120813,16.19
20120814,13.496
20120815,15.845
20120816,17.379
20120817,16.165
20120818,15.634
20120819,17.186
20120820,17.608
20120821,18.374
20120822,18.626
20120823,16.965
20120824,17.861
20120825,17.916
20120826,17.043
20120827,18.865
20120828,18.38
20120829,19.516
20120830,19.931
20120831,17.883
20120901,16.619
20120902,16.146
20120903,15.011
20120904,15.306
20120905,17.267
20120906,18.344
20120907,17.921
20120908,17.002
20120909,15.183
20120910,14.836
20120911,12.546
20120912,14.323
20120913,17.207
20120914,16.858
20120915,15.684
20120916,14.895
20120917,14.627
20120918,11.423
20120919,11.237
20120920,10.756
20120921,10.661
20120922,11.179
20120923,14.511
20120924,13.479
20120925,12.788
20120926,12.447
20120927,12.082
20120928,12.232
20120929,11.585
20120930,11.866
20121001,13.635
20121002,12.264
20121003,12.695
20121004,9.6789
20121005,9.0303
20121006,8.5752
20121007,7.9691
20121008,7.8027
20121009,8.0712
20121010,11.794
20121011,10.728
20121012,14.853
20121013,11.89
20121014,10.731
20121015,11.486
20121016,8.0215
20121017,5.3649
20121018,6.6453
20121019,12.541
20121020,10.345
20121021,9.2149
20121022,8.315
20121023,6.6126
20121024,6.6198
20121025,4.8915
20121026,6.1694
20121027,7.302
20121028,6.778
20121029,7.871
20121030,8.0668
20121031,11.189
20121101,9.9609
20121102,8.2126
20121103,7.5464
20121104,6.7879
20121105,5.3471
20121106,3.6625
20121107,3.1705
20121108,3.0206
20121109,4.5234
20121110,3.6088
20121111,5.9636
20121112,5.4152
20121113,8.5044
20121114,6.3944
20121115,5.982
20121116,3.9062
20121117,3.1136
20121118,10.793
20121119,10.143
20121120,10.721
20121121,9.9717
20121122,5.1108
20121123,2.8925
20121124,2.9067
20121125,3.2007
20121126,2.8278
20121127,8.4973
20121128,6.5314
20121129,4.8122
20121130,3.2965
20121201,3.936
20121202,0.49414
20121203,-1.4293
20121204,1.2487
20121205,0.12211
20121206,-1.6975
20121207,-0.70566
20121208,5.9289
20121209,10.842
20121210,5.5805
20121211,3.6182
20121212,2.0809
20121213,0.93119
20121214,-0.06309
20121215,-1.1447
20121216,-1.5541
20121217,-2.8632
20121218,-3.8593
20121219,0.53166
20121220,3.9287
20121221,3.2945
20121222,0.70366
20121223,-0.71558
20121224,-1.6738
20121225,-1.6341
20121226,-1.4231
20121227,-0.81658
20121228,-1.6404
20121229,-0.97282
20121230,-0.79867
20121231,3.5686
20130101,8.4685
20130102,10.275
20130103,4.6418
20130104,1.8953
20130105,0.56615
20130106,0.1288
20130107,0.024648
20130108,8.8492
20130109,6.7506
20130110,7.8113
20130111,7.2741
20130112,3.3658
20130113,0.80742
20130114,5.028
20130115,7.9868
20130116,2.0009
20130117,-0.72241
20130118,-1.2526
20130119,0.062887
20130120,1.8585
20130121,1.6036
20130122,0.25216
20130123,2.6036
20130124,0.62381
20130125,0.4099
20130126,-0.50691
20130127,-3.1729
20130128,-4.1989
20130129,-2.4067
20130130,2.126
20130131,2.5491
20130201,1.4672
20130202,-1.7265
20130203,-2.2637
20130204,0.50222
20130205,-0.79377
20130206,2.7813
20130207,0.15612
20130208,-1.0932
20130209,-1.4352
20130210,-2.5512
20130211,-0.7199
20130212,-0.093313
20130213,6.3325
20130214,4.2201
20130215,3.2789
20130216,3.7039
20130217,6.5105
20130218,3.3236
20130219,2.1132
20130220,1.4566
20130221,1.4166
20130222,-0.64313
20130223,-0.75596
20130224,0.35324
20130225,3.9003
20130226,-0.07136
20130227,-1.6383
20130228,-1.0439
20130301,-1.3066
20130302,3.0023
20130303,2.0658
20130304,0.94593
20130305,-0.77229
20130306,-1.048
20130307,1.3565
20130308,-0.35549
20130309,3.48
20130310,5.4922
20130311,1.1996
20130312,0.74632
20130313,6.9245
20130314,3.74
20130315,0.087992
20130316,0.66827
20130317,0.59544
20130318,0.94424
20130319,5.3456
20130320,3.2277
20130321,1.8859
20130322,2.7376
20130323,1.012
20130324,5.413
20130325,2.1491
20130326,3.1703
20130327,4.7845
20130328,7.9931
20130329,5.3605
20130330,6.6827
20130331,6.1797
20130401,3.9983
20130402,4.8048
20130403,5.6289
20130404,3.4642
20130405,1.23
20130406,2.4695
20130407,3.8922
20130408,3.7922
20130409,5.1174
20130410,6.477
20130411,6.3707
20130412,5.086
20130413,10.54
20130414,8.5392
20130415,7.6406
20130416,7.7966
20130417,5.8069
20130418,5.8753
20130419,5.7458
20130420,6.861
20130421,6.1316
20130422,4.4527
20130423,4.5461
20130424,8.9083
20130425,7.4705
20130426,8.8712
20130427,9.8018
20130428,8.3395
20130429,7.9888
20130430,8.0983
20130501,8.6851
20130502,6.8698
20130503,6.1731
20130504,8.6286
20130505,8.7618
20130506,11.827
20130507,8.0986
20130508,9.8457
20130509,7.8246
20130510,5.7346
20130511,8.2189
20130512,8.1054
20130513,9.9815
20130514,10.924
20130515,12.952
20130516,12.654
20130517,13.876
20130518,13.419
20130519,8.4883
20130520,7.8842
20130521,8.0673
20130522,11.746
20130523,14.113
20130524,13.507
20130525,11.752
20130526,13.284
20130527,10.925
20130528,13.151
20130529,9.3428
20130530,7.9591
20130531,8.5518
20130601,11.072
20130602,11.333
20130603,12.194
20130604,15.992
20130605,16.653
20130606,16.666
20130607,17.24
20130608,15.844
20130609,16.14
20130610,16.451
20130611,14.078
20130612,11.669
20130613,10.264
20130614,12.919
20130615,13.893
20130616,13.029
20130617,13.874
20130618,14.413
20130619,15.497
20130620,13.922
20130621,13.366
20130622,13.547
20130623,14.99
20130624,11.45
20130625,10.44
20130626,10.189
20130627,13.842
20130628,14.037
20130629,12.42
20130630,12.713
20130701,13.299
20130702,16.194
20130703,16.176
20130704,16.67
20130705,17.303
20130706,17.489
20130707,16.829
20130708,18.02
20130709,17.054
20130710,16.845
20130711,18.026
20130712,18.984
20130713,17.708
20130714,17.545
20130715,17.305
20130716,15.649
20130717,14.956
20130718,16.108
20130719,14.811
20130720,14.308
20130721,15.449
20130722,16.539
20130723,16.441
20130724,19.11
20130725,17.5
20130726,18.14
20130727,20.05
20130728,21.724
20130729,22.384
20130730,24.797
20130731,22.154
20130801,21.221
20130802,20.426
20130803,20.115
20130804,21.006
20130805,20.944
20130806,22.323
20130807,21.961
20130808,21.125
20130809,20.906
20130810,20.707
20130811,18.848
20130812,20.241
20130813,20.005
20130814,17.691
20130815,15.849
20130816,15.941
20130817,17.629
20130818,18.377
20130819,17.624
20130820,19.55
20130821,19.012
20130822,18.777
20130823,18.264
20130824,20.772
20130825,23.389
20130826,21.969
20130827,20.483
20130828,20.312
20130829,20.23
20130830,19.622
20130831,20.331
20130901,21.808
20130902,20.996
20130903,19.156
20130904,18.809
20130905,18.809
20130906,16.772
20130907,14.404
20130908,13.042
20130909,12.935
20130910,13.932
20130911,13.718
20130912,14.593
20130913,14.313
20130914,12.69
20130915,11.921
20130916,11.525
20130917,12.67
20130918,11.601
20130919,9.1862
20130920,10.036
20130921,13.679
20130922,10.729
20130923,10.777
20130924,11.102
20130925,11.753
20130926,12.045
20130927,9.9749
20130928,8.8627
20130929,6.1461
20130930,7.0651
20131001,6.7775
20131002,9.0547
20131003,11.617
20131004,9.6473
20131005,11.778
20131006,10.793
20131007,10.729
20131008,10.821
20131009,9.352
20131010,8.5019
20131011,11.566
20131012,15.022
20131013,14.02
20131014,15.821
20131015,13.993
20131016,12.859
20131017,14.663
20131018,15.394
20131019,9.38
20131020,4.8227
20131021,2.8161
20131022,4.8812
20131023,7.3539
20131024,4.5219
20131025,1.7746
20131026,1.5588
20131027,0.15201
20131028,-0.29753
20131029,-0.24026
20131030,1.6784
20131031,1.5429
20131101,-0.4105
20131102,1.5439
20131103,3.6615
20131104,2.456
20131105,1.4655
20131106,0.059326
20131107,-0.021993
20131108,-0.010763
20131109,3.1152
20131110,2.3832
20131111,0.47978
20131112,5.6308
20131113,2.3906
20131114,1.0977
20131115,8.7509
20131116,3.4398
20131117,-0.31034
20131118,4.043
20131119,4.0027
20131120,6.4674
20131121,5.9828
20131122,4.0946
20131123,6.2399
20131124,0.58312
20131125,-1.1782
20131126,2.8209
20131127,6.9794
20131128,2.6089
20131129,3.2205
20131130,5.9939
20131201,5.3702
20131202,1.802
20131203,0.79132
20131204,-2.5914
20131205,-4.5751
20131206,-0.040639
20131207,-1.423
20131208,-1.5954
20131209,0.4223
20131210,-3.5515
20131211,-4.3348
20131212,-3.557
20131213,-4.8645
20131214,-4.9572
20131215,-1.0501
20131216,-2.3905
20131217,-2.3629
20131218,0.61918
20131219,4.5637
20131220,3.7344
20131221,5.8556
20131222,8.6916
20131223,3.9973
20131224,2.5353
20131225,5.2493
20131226,6.4019
20131227,2.2343
20131228,1.0208
20131229,-0.62181
20131230,-1.2871
20131231,-1.9867
20140101,-3.1358
20140102,-2.9019
20140103,-3.7462
20140104,-1.9001
20140105,-3.9328
20140106,-4.2605
20140107,-3.93
20140108,-3.811
20140109,-4.6897
20140110,-5.1381
20140111,-5.0384
20140112,-4.7142
20140113,-5.6397
20140114,-3.6683
20140115,-4.4945
20140116,-6.4668
20140117,-8.1346
20140118,-4.5645
20140119,-3.5081
20140120,-3.8584
20140121,-3.7624
20140122,-5.7863
20140123,-7.6981
20140124,-2.638
20140125,-4.2636
20140126,-2.9406
20140127,-1.5475
20140128,-2.44
20140129,-3.0897
20140130,-2.8124
20140131,-3.1481
20140201,-3.4968
20140202,-2.9408
20140203,-1.7868
20140204,1.201
20140205,0.82393
20140206,-0.57034
20140207,1.3192
20140208,6.4496
20140209,6.2679
20140210,1.4348
20140211,0.25524
20140212,-0.26577
20140213,4.7222
20140214,5.0206
20140215,1.7848
20140216,-0.34139
20140217,2.3774
20140218,5.2659
20140219,4.0325
20140220,1.7755
20140221,3.5777
20140222,0.10314
20140223,1.0462
20140224,-0.70804
20140225,-0.98385
20140226,0.58292
20140227,1.2345
20140228,-0.62303
20140301,-0.59502
20140302,0.33168
20140303,0.58014
20140304,0.17396
20140305,-1.4
20140306,-1.2815
20140307,-2.2367
20140308,3.1352
20140309,-0.88034
20140310,-1.1538
20140311,3.4101
20140312,7.0103
20140313,0.17841
20140314,-0.47448
20140315,4.2857
20140316,-0.29264
20140317,-1.1242
20140318,2.2623
20140319,4.7012
20140320,1.973
20140321,0.21895
20140322,1.6349
20140323,1.4749
20140324,8.0136
20140325,8.8902
20140326,4.1101
20140327,1.7189
20140328,0.059631
20140329,1.078
20140330,2.7449
20140331,5.1857
20140401,3.6936
20140402,3.0764
20140403,1.8352
20140404,1.2543
20140405,4.7316
20140406,1.9935
20140407,-0.065043
20140408,-2.1117
20140409,0.12819
20140410,1.8019
20140411,2.7815
20140412,1.7667
20140413,3.7853
20140414,5.6447
20140415,3.3399
20140416,5.12
20140417,4.5803
20140418,1.8439
20140419,3.4287
20140420,4.9712
20140421,5.0247
20140422,6.3534
20140423,3.4924
20140424,8.4986
20140425,4.9582
20140426,2.3362
20140427,3.6466
20140428,8.1098
20140429,6.0974
20140430,9.3784
20140501,6.5444
20140502,7.2924
20140503,9.1037
20140504,9.9457
20140505,10.652
20140506,9.3395
20140507,8.9649
20140508,10.502
20140509,8.4204
20140510,7.1816
20140511,7.8616
20140512,7.4793
20140513,8.7464
20140514,9.1788
20140515,7.5733
20140516,8.2759
20140517,9.4861
20140518,9.5227
20140519,11.912
20140520,9.8971
20140521,8.9168
20140522,9.4972
20140523,10.837
20140524,13.231
20140525,10.776
20140526,11.883
20140527,12.051
20140528,11.944
20140529,10.096
20140530,11.208
20140531,12.253
20140601,12.032
20140602,10.606
20140603,9.7284
20140604,9.8377
20140605,9.6087
20140606,11.134
20140607,9.7371
20140608,9.4525
20140609,11.225
20140610,10.937
20140611,10.807
20140612,12.686
20140613,13.671
20140614,12.091
20140615,12.726
20140616,11.201
20140617,11.864
20140618,13.286
20140619,13.664
20140620,13.562
20140621,13.632
20140622,14.158
20140623,13.495
20140624,13.498
20140625,12.168
20140626,14.732
20140627,15.342
20140628,15.45
20140629,14.766
20140630,15.847
20140701,17.701
20140702,17.146
20140703,16.449
20140704,16.206
20140705,16.376
20140706,17.243
20140707,17.55
20140708,16.73
20140709,15.648
20140710,15.62
20140711,15.152
20140712,14.605
20140713,13.047
20140714,12.951
20140715,12.486
20140716,14.845
20140717,14.575
20140718,14.396
20140719,14.496
20140720,18.29
20140721,18.206
20140722,20.046
20140723,17.374
20140724,17.86
20140725,19.511
20140726,19.64
20140727,20.314
20140728,21.795
20140729,21.462
20140730,20.196
20140731,19.94
20140801,21.327
20140802,20.394
20140803,20.294
20140804,19.845
20140805,19.394
20140806,18.343
20140807,18.414
20140808,18.72
20140809,20.806
20140810,19.649
20140811,18.478
20140812,19.8
20140813,20.766
20140814,20.642
20140815,23.364
20140816,18.693
20140817,17.385
20140818,17.722
20140819,19.466
20140820,20.762
20140821,19.927
20140822,19.459
20140823,19.212
20140824,17.752
20140825,17.602
20140826,17.243
20140827,17.682
20140828,15.949
20140829,16.629
20140830,16.99
20140831,16.583
20140901,15.71
20140902,15.221
20140903,14.422
20140904,14.998
20140905,13.238
20140906,14.475
20140907,16.244
20140908,15.784
20140909,14.114
20140910,15.485
20140911,14.327
20140912,12.38
20140913,14.309
20140914,15.374
20140915,14.728
20140916,13.37
20140917,13.37
20140918,14.689
20140919,9.1154
20140920,7.3115
20140921,8.9544
20140922,9.9736
20140923,11.234
20140924,11.104
20140925,12.086
20140926,11.449
20140927,12.76
20140928,13.489
20140929,10.96
20140930,7.9149
20141001,7.0746
20141002,9.1601
20141003,10.46
20141004,12.22
20141005,9.3455
20141006,7.2402
20141007,6.7776
20141008,6.8339
20141009,7.003
20141010,8.005
20141011,8.4713
20141012,8.7411
20141013,8.999
20141014,9.4527
20141015,6.6451
20141016,6.8612
20141017,3.923
20141018,3.2399
20141019,5.5802
20141020,6.3465
20141021,8.5624
20141022,9.2068
20141023,7.252
20141024,5.9284
20141025,4.5751
20141026,5.7623
20141027,2.3269
20141028,2.0605
20141029,1.4366
20141030,5.3348
20141031,3.3896
20141101,4.3569
20141102,3.3538
20141103,3.8514
20141104,6.9232
20141105,9.6505
20141106,10.238
20141107,6.76
20141108,6.6895
20141109,6.0828
20141110,4.1304
20141111,3.2173
20141112,2.8426
20141113,2.1701
20141114,1.7706
20141115,0.35098
20141116,-1.6421
20141117,-1.9068
20141118,-2.6228
20141119,-2.8628
20141120,3.832
20141121,3.0359
20141122,0.28923
20141123,1.8133
20141124,4.9597
20141125,0.61965
20141126,-0.68228
20141127,-2.0923
20141128,-2.739
20141129,-1.4107
20141130,1.221
20141201,1.2264
20141202,2.5735
20141203,0.27299
20141204,-2.1792
20141205,2.0809
20141206,1.2148
20141207,2.5509
20141208,5.744
20141209,4.2174
20141210,2.0765
20141211,1.6939
20141212,0.85673
20141213,0.79445
20141214,4.8149
20141215,2.6815
20141216,0.59062
20141217,-0.53053
20141218,-1.5465
20141219,-2.5317
20141220,-0.39574
20141221,-0.097941
20141222,-1.6811
20141223,-3.6522
20141224,-4.5257
20141225,-1.9913
20141226,-1.4312
20141227,-3.1447
20141228,-1.7126
20141229,-2.3679
20141230,-4.3888
20141231,-5.4244
20150101,-6.6791
20150102,-5.2582
20150103,-4.9678
20150104,-0.11447
20150105,-5.0379
20150106,-6.1082
20150107,-6.0553
20150108,-6.5244
20150109,-4.5218
20150110,-3.6023
20150111,1.1325
20150112,1.3971
20150113,-0.25899
20150114,-2.9852
20150115,2.521
20150116,-1.0596
20150117,-2.8141
20150118,-2.923
20150119,-4.1223
20150120,-4.5621
20150121,-4.8319
20150122,-5.3415
20150123,-4.8916
20150124,-4.119
20150125,-3.8327
20150126,-4.0475
20150127,-2.6804
20150128,-2.4166
20150129,-3.0016
20150130,-3.0489
20150131,-0.59409
20150201,0.39297
20150202,4.4148
20150203,7.2129
20150204,5.8497
20150205,4.7186
20150206,-0.069672
20150207,0.63274
20150208,-1.5298
20150209,-3.6511
20150210,-3.5863
20150211,-2.9463
20150212,2.3665
20150213,5.6909
20150214,3.9696
20150215,1.7885
20150216,0.40203
20150217,3.3369
20150218,1.6117
20150219,4.2934
20150220,3.1302
20150221,7.4352
20150222,6.8143
20150223,1.5014
20150224,0.29119
20150225,4.2533
20150226,4.5994
20150227,0.35799
20150228,1.7092
20150301,-0.79383
20150302,-1.3021
20150303,-2.0331
20150304,-1.2067
20150305,-0.82041
20150306,-0.14761
20150307,0.30589
20150308,4.8441
20150309,3.346
20150310,4.9796
20150311,5.2992
20150312,7.0246
20150313,4.4724
20150314,5.7981
20150315,3.3637
20150316,2.4547
20150317,6.2061
20150318,3.7764
20150319,5.8442
20150320,5.7916
20150321,5.3594
20150322,5.8722
20150323,5.4713
20150324,3.2205
20150325,6.7826
20150326,4.4972
20150327,5.942
20150328,3.1727
20150329,7.792
20150330,4.2502
20150331,5.9523
20150401,7.9235
20150402,6.8185
20150403,3.7617
20150404,0.25213
20150405,0.73985
20150406,2.2828
20150407,4.1516
20150408,3.8101
20150409,4.0875
20150410,1.8325
20150411,4.0109
20150412,1.8449
20150413,4.4729
20150414,6.2656
20150415,5.8806
20150416,6.9966
20150417,7.9089
20150418,5.8747
20150419,4.1141
20150420,5.2587
20150421,8.3745
20150422,6.218
20150423,4.5851
20150424,10.17
20150425,7.5368
20150426,7.393
20150427,8.6732
20150428,10.471
20150429,6.8041
20150430,8.6986
20150501,9.3568
20150502,9.0928
20150503,7.2481
20150504,6.8786
20150505,5.5232
20150506,9.4883
20150507,7.8043
20150508,4.4819
20150509,7.0197
20150510,5.187
20150511,5.802
20150512,7.2181
20150513,9.0851
20150514,7.4944
20150515,6.2606
20150516,11.094
20150517,10.143
20150518,11.799
20150519,11.226
20150520,12.312
20150521,10.932
20150522,11.743
20150523,11.047
20150524,9.8563
20150525,11.425
20150526,12.584
20150527,11.566
20150528,10.115
20150529,11.882
20150530,13.203
20150531,13.767
20150601,16.431
20150602,17.392
20150603,17.435
20150604,18.242
20150605,18.033
20150606,18.975
20150607,17.761
20150608,17.274
20150609,16.535
20150610,14.034
20150611,13.547
20150612,14.959
20150613,15.174
20150614,16.09
20150615,14.892
20150616,14.998
20150617,13.444
20150618,15.807
20150619,15.345
20150620,15.779
20150621,16.191
20150622,14.085
20150623,16.691
20150624,15.778
20150625,14.87
20150626,16
20150627,17.056
20150628,14.945
20150629,18.115
20150630,19.62
20150701,18.605
20150702,18.696
20150703,17.011
20150704,16.784
20150705,17.04
20150706,18.025
20150707,19.749
20150708,17.897
20150709,17.532
20150710,17.935
20150711,18.814
20150712,18.992
20150713,18.025
20150714,16.793
20150715,18.518
20150716,16.924
20150717,18.07
20150718,18.6
20150719,18.776
20150720,19.487
20150721,21.411
20150722,20.709
20150723,19.187
20150724,19.966
20150725,20.955
20150726,22.024
20150727,20.15
20150728,20.807
20150729,19.939
20150730,19.892
20150731,19.42
20150801,18.966
20150802,18.614
20150803,21.396
20150804,22.907
20150805,22.742
20150806,21.251
20150807,20.619
20150808,19.807
20150809,18.765
20150810,17.244
20150811,13.955
20150812,16.916
20150813,18.58
20150814,20.906
20150815,21.348
20150816,18.946
20150817,15.119
20150818,14.656
20150819,18.496
20150820,20.003
20150821,17.713
20150822,20.132
20150823,17.634
20150824,16.737
20150825,17.446
20150826,17.401
20150827,17.385
20150828,17.502
20150829,16.007
20150830,16.359
20150831,17.577
20150901,19.061
20150902,12.658
20150903,10.726
20150904,12.781
20150905,14.04
20150906,12.283
20150907,14.492
20150908,14.465
20150909,13.493
20150910,14.272
20150911,14.769
20150912,16.967
20150913,15.983
20150914,15.439
20150915,16.453
20150916,15.151
20150917,16.608
20150918,18.671
20150919,19.095
20150920,15.221
20150921,12.261
20150922,11.773
20150923,15.317
20150924,15.486
20150925,13.59
20150926,17.52
20150927,15.438
20150928,13.192
20150929,9.5052
20150930,7.9722
20151001,12.419
20151002,12.601
20151003,10.336
20151004,8.6443
20151005,10.97
20151006,7.5812
20151007,7.4924
20151008,6.2506
20151009,6.2445
20151010,6.4895
20151011,11.679
20151012,8.5381
20151013,6.9087
20151014,7.6297
20151015,7.8252
20151016,7.1775
20151017,8.9591
20151018,7.4635
20151019,13.466
20151020,12.455
20151021,12.938
20151022,16.999
20151023,15.913
20151024,15.711
20151025,12.986
20151026,10.557
20151027,9.1343
20151028,9.0523
20151029,7.3354
20151030,10.435
20151031,11.726
20151101,13.311
20151102,9.0879
20151103,7.8705
20151104,5.3178
20151105,8.6247
20151106,9.4144
20151107,9.3
20151108,6.8599
20151109,4.6774
20151110,2.6174
20151111,1.0443
20151112,4.508
20151113,9.9925
20151114,9.2739
20151115,8.023
20151116,5.3721
20151117,3.5353
20151118,6.6033
20151119,4.8124
20151120,2.89
20151121,5.9328
20151122,3.9469
20151123,3.0048
20151124,1.0975
20151125,-0.67453
20151126,-0.37069
20151127,0.67075
20151128,0.46748
20151129,0.015686
20151130,0.049174
20151201,0.051778
20151202,-1.0858
20151203,-2.6193
20151204,-3.2909
20151205,1.44
20151206,1.9898
20151207,-1.2489
20151208,-1.8605
20151209,3.993
20151210,2.1547
20151211,1.3191
20151212,4.5338
20151213,2.7731
20151214,1.9427
20151215,3.5517
20151216,2.5623
20151217,2.8454
20151218,-1.1795
20151219,-2.6299
20151220,-3.4975
20151221,-3.5989
20151222,-2.7246
20151223,-1.9225
20151224,-2.7157
20151225,-0.33004
20151226,2.762
20151227,5.0338
20151228,2.414
20151229,6.0281
20151230,4.9553
20151231,3.3988
20160101,4.9037
20160102,4.7316
20160103,2.7504
20160104,2.948
20160105,4.9369
20160106,2.3932
20160107,4.2731
20160108,2.5491
20160109,2.844
20160110,-0.35109
20160111,-0.52991
20160112,-0.46238
20160113,-2.4462
20160114,-3.2434
20160115,-4.7528
20160116,-4.4579
20160117,0.6818
20160118,0.45824
20160119,-1.6067
20160120,-1.7172
20160121,7.1386
20160122,4.7014
20160123,-0.081635
20160124,-2.7539
20160125,-3.3034
20160126,-2.2488
20160127,0.40707
20160128,-0.71654
20160129,-2.5351
20160130,-2.645
20160131,-4.1376
20160201,-4.9735
20160202,-3.0109
20160203,-5.0205
20160204,-4.343
20160205,-5.6841
20160206,-6.8962
20160207,-7.0174
20160208,-6.8027
20160209,-6.3932
20160210,-6.1737
20160211,-4.1387
20160212,-5.4429
20160213,-5.0955
20160214,-4.9581
20160215,-3.3022
20160216,-0.81012
20160217,2.026
20160218,-0.50769
20160219,-1.1408
20160220,-0.55795
20160221,-2.4603
20160222,-2.2959
20160223,-0.78347
20160224,-0.0084737
20160225,0.69566
20160226,-1.6947
20160227,-2.2463
20160228,-1.011
20160229,-1.4523
20160301,-2.1896
20160302,-1.6854
20160303,-0.54637
20160304,-0.98734
20160305,0.873
20160306,4.9039
20160307,3.3804
20160308,3.6614
20160309,2.7168
20160310,4.2237
20160311,4.1241
20160312,2.8012
20160313,2.4426
20160314,0.86867
20160315,8.2125
20160316,3.5579
20160317,3.8546
20160318,1.4877
20160319,2.2076
20160320,1.2809
20160321,-1.2927
20160322,1.0169
20160323,-0.60662
20160324,-0.59919
20160325,-0.1045
20160326,4.9708
20160327,4.9542
20160328,2.6072
20160329,3.1164
20160330,4.1641
20160331,4.7224
20160401,6.2322
20160402,6.1828
20160403,6.1357
20160404,3.0183
20160405,4.9877
20160406,2.5655
20160407,0.27679
20160408,-1.5628
20160409,2.5717
20160410,1.4956
20160411,1.0571
20160412,4.4507
20160413,7.3945
20160414,1.3841
20160415,1.3654
20160416,2.5297
20160417,1.0879
20160418,-0.62678
20160419,1.5149
20160420,1.4865
20160421,4.1065
20160422,4.0183
20160423,7.8386
20160424,6.5994
20160425,8.305
20160426,9.5062
20160427,9.6193
20160428,13.13
20160429,10.764
20160430,9.5336
20160501,8.7924
20160502,6.1207
20160503,8.7193
20160504,6.9633
20160505,8.0958
20160506,8.6977
20160507,7.989
20160508,8.7601
20160509,6.3949
20160510,5.4038
20160511,8.5392
20160512,6.7452
20160513,5.9933
20160514,8.3047
20160515,9.3965
20160516,9.9958
20160517,11.638
20160518,11.853
20160519,11.606
20160520,11.446
20160521,11.256
20160522,13.162
20160523,12.639
20160524,11.641
20160525,12.239
20160526,11.947
20160527,12.442
20160528,14.802
20160529,12.997
20160530,9.5986
20160531,7.6669
20160601,9.8828
20160602,10.316
20160603,13.629
20160604,13.806
20160605,12.383
20160606,15.5
20160607,15.473
20160608,16.193
20160609,10.222
20160610,8.1912
20160611,10.882
20160612,12.347
20160613,10.47
20160614,10.304
20160615,13.319
20160616,12.475
20160617,11.034
20160618,17.327
20160619,14.399
20160620,13.038
20160621,13.888
20160622,15.125
20160623,15.412
20160624,15.497
20160625,14.002
20160626,15.24
20160627,18.094
20160628,16.343
20160629,14.394
20160630,17.663
20160701,17.7
20160702,19.427
20160703,19.226
20160704,18.473
20160705,18.506
20160706,18.272
20160707,15.732
20160708,14.957
20160709,16.986
20160710,16.337
20160711,16.607
20160712,17.884
20160713,17.968
20160714,16.034
20160715,16.479
20160716,17.673
20160717,16.846
20160718,16.076
20160719,16.176
20160720,15.486
20160721,15.094
20160722,16.631
20160723,17.687
20160724,15.793
20160725,15.621
20160726,15.363
20160727,16.676
20160728,17.84
20160729,15.719
20160730,16.734
20160731,17.921
20160801,18.832
20160802,20.021
20160803,17.998
20160804,17.099
20160805,19.942
20160806,20.216
20160807,18.058
20160808,15.329
20160809,16.051
20160810,16.268
20160811,16.751
20160812,17.078
20160813,17.857
20160814,18.403
20160815,18.45
20160816,17.184
20160817,15.708
20160818,14.946
20160819,15.097
20160820,15.349
20160821,16.517
20160822,17.105
20160823,16.436
20160824,16.599
20160825,17.757
20160826,19.043
20160827,18.868
20160828,20.039
20160829,18.849
20160830,16.984
20160831,14.742
20160901,17.719
20160902,18.53
20160903,14.946
20160904,12.459
20160905,14.104
20160906,14.366
20160907,14.465
20160908,17.892
20160909,17.909
20160910,17.471
20160911,17.428
20160912,17.715
20160913,18.045
20160914,15.672
20160915,14.466
20160916,14.095
20160917,13.636
20160918,12.812
20160919,13.856
20160920,14.443
20160921,11.033
20160922,8.7431
20160923,9.6193
20160924,7.4243
20160925,7.5708
20160926,8.0464
20160927,9.6605
20160928,9.526
20160929,8.7132
20160930,10.654
20161001,8.8906
20161002,7.7329
20161003,8.1797
20161004,6.0691
20161005,3.9787
20161006,4.4091
20161007,6.8704
20161008,5.5018
20161009,6.557
20161010,5.6304
20161011,5.3795
20161012,9.0458
20161013,10.208
20161014,8.7553
20161015,11.901
20161016,10.067
20161017,9.3123
20161018,11.043
20161019,8.3306
20161020,6.1933
20161021,4.2785
20161022,4.3618
20161023,6.7144
20161024,5.2628
20161025,3.8751
20161026,1.3958
20161027,-0.15498
20161028,2.0526
20161029,-0.043233
20161030,-0.10117
20161031,1.802
20161101,4.8693
20161102,4.2063
20161103,2.4158
20161104,4.7361
20161105,6.5682
20161106,3.3857
20161107,0.78529
20161108,-0.23212
20161109,4.5382
20161110,9.0838
20161111,8.7118
20161112,6.7646
20161113,4.5126
20161114,5.4061
20161115,3.8713
20161116,1.8865
20161117,0.66409
20161118,-0.26598
20161119,-2.0913
20161120,-3.1154
20161121,-1.127
20161122,-1.1544
20161123,1.1991
20161124,3.8177
20161125,11.281
20161126,8.9918
20161127,8.2749
20161128,5.325
20161129,3.0914
20161130,9.1691
20161201,4.2577
20161202,1.9773
20161203,0.79324
20161204,7.1057
20161205,7.5471
20161206,7.1741
20161207,4.633
20161208,2.6962
20161209,1.7484
20161210,1.9687
20161211,1.1078
20161212,0.33659
20161213,3.0663
20161214,1.841
20161215,5.081
20161216,2.7349
20161217,1.3468
20161218,1.9999
20161219,-0.74068
20161220,-1.2398
20161221,1.9867
20161222,-0.44872
20161223,-2.0315
20161224,-5.4869
20161225,-5.4717
20161226,-4.9514
20161227,-5.812
20161228,-2.4194
20161229,-2.3819
20161230,-2.9624
20161231,-3.4063
20170101,-3.8478
20170102,-7.056
20170103,-8.4707
20170104,-3.9037
20170105,-1.2715
20170106,-2.385
20170107,-4.3216
20170108,-3.7718
20170109,-2.1746
20170110,-1.9453
20170111,-3.2178
20170112,-3.0632
20170113,-1.9256
20170114,-2.3097
20170115,-2.7124
20170116,-2.3006
20170117,1.38
20170118,4.9614
20170119,5.7583
20170120,2.92
20170121,0.85487
20170122,1.6575
20170123,1.2761
20170124,5.1967
20170125,8.0937
20170126,7.5132
20170127,3.5538
20170128,-0.53016
20170129,0.43095
20170130,3.3918
20170131,3.3422
20170201,1.6733
20170202,-0.44549
20170203,-2.3033
20170204,-2.6086
20170205,-0.2921
20170206,2.3999
20170207,1.0256
20170208,5.2263
20170209,7.2313
20170210,2.8132
20170211,1.9568
20170212,2.4722
20170213,5.783
20170214,5.8113
20170215,6.1177
20170216,6.1734
20170217,4.3534
20170218,1.5642
20170219,1.0901
20170220,-0.26533
20170221,-0.3085
20170222,0.046916
20170223,5.1712
20170224,5.2727
20170225,1.6591
20170226,-0.1932
20170227,0.9048
20170228,4.5225
20170301,2.488
20170302,2.3431
20170303,2.0773
20170304,2.5709
20170305,2.116
20170306,3.7465
20170307,1.8404
20170308,3.5876
20170309,2.9619
20170310,1.5149
20170311,1.2359
20170312,3.7021
20170313,1.8811
20170314,-0.020192
20170315,1.4324
20170316,2.0803
20170317,5.9329
20170318,3.0754
20170319,3.7502
20170320,3.6259
20170321,2.8023
20170322,0.47261
20170323,2.8656
20170324,0.55004
20170325,8.0052
20170326,8.939
20170327,4.8117
20170328,1.6808
20170329,2.4618
20170330,1.8715
20170331,1.2626
20170401,4.5732
20170402,5.5488
20170403,7.2403
20170404,7.8424
20170405,7.1939
20170406,4.3556
20170407,4.9523
20170408,3.2088
20170409,2.6516
20170410,5.6081
20170411,6.8534
20170412,7.5946
20170413,5.0707
20170414,3.1697
20170415,1.9698
20170416,2.7438
20170417,3.4718
20170418,5.5023
20170419,6.7352
20170420,7.7118
20170421,8.1214
20170422,10.938
20170423,8.9437
20170424,8.2103
20170425,8.9714
20170426,6.8244
20170427,7.5455
20170428,8.4173
20170429,9.1196
20170430,10.465
20170501,11.045
20170502,9.9518
20170503,9.2358
20170504,8.6803
20170505,9.0578
20170506,9.6955
20170507,10.394
20170508,10.075
20170509,8.483
20170510,8.3139
20170511,12.916
20170512,11.254
20170513,8.8232
20170514,8.3261
20170515,10.201
20170516,11.527
20170517,10.684
20170518,7.9814
20170519,8.1821
20170520,11.664
20170521,13.165
20170522,11.288
20170523,12.146
20170524,12.655
20170525,13.075
20170526,13.785
20170527,14.675
20170528,13.155
20170529,15.238
20170530,15.278
20170531,14.604
20170601,15.962
20170602,18.523
20170603,16.859
20170604,16.327
20170605,16.419
20170606,16.08
20170607,15.916
20170608,14.013
20170609,15.603
20170610,14.988
20170611,16.264
20170612,15.626
20170613,16.062
20170614,15.669
20170615,16.761
20170616,15.302
20170617,13.157
20170618,14.774
20170619,15.658
20170620,13.752
20170621,15.794
20170622,15.023
20170623,14.245
20170624,17.362
20170625,16.927
20170626,16.534
20170627,16.953
20170628,16.316
20170629,15.206
20170630,17.441
20170701,16.195
20170702,14.52
20170703,15.826
20170704,18.639
20170705,18.998
20170706,21.058
20170707,19.652
20170708,18.081
20170709,17.282
20170710,14.483
20170711,17.521
20170712,19.766
20170713,19.768
20170714,19.152
20170715,18.016
20170716,16.461
20170717,18.391
20170718,20.108
20170719,17.947
20170720,16.515
20170721,15.08
20170722,13.387
20170723,13.051
20170724,14.32
20170725,15.883
20170726,16.508
20170727,13.37
20170728,15.786
20170729,17.644
20170730,17.565
20170731,17.742
20170801,18.984
20170802,17.222
20170803,17.183
20170804,18.332
20170805,16.044
20170806,13.577
20170807,16.286
20170808,17.179
20170809,15.94
20170810,14.167
20170811,13.987
20170812,14.197
20170813,14.362
20170814,17.649
20170815,19.578
20170816,19.809
20170817,21.122
20170818,18.939
20170819,19.426
20170820,18.38
20170821,15.95
20170822,17.608
20170823,18.915
20170824,18.21
20170825,17.599
20170826,16.944
20170827,13.667
20170828,15.675
20170829,13.276
20170830,13.727
20170831,13.978
20170901,11.998
20170902,10.97
20170903,9.666
20170904,10.51
20170905,9.4523
20170906,13.511
20170907,12.395
20170908,11.771
20170909,11.612
20170910,9.998
20170911,12.968
20170912,13.33
20170913,15.793
20170914,14.457
20170915,15.338
20170916,12.185
20170917,11.622
20170918,13.111
20170919,15.193
20170920,11.612
20170921,7.8799
20170922,6.4854
20170923,6.5419
20170924,7.706
20170925,9.7195
20170926,11.324
20170927,12.974
20170928,12.049
20170929,14.888
20170930,14.981
20171001,15.244
20171002,16.057
20171003,15.541
20171004,15.087
20171005,13.801
20171006,11.956
20171007,10.316
20171008,11.444
20171009,8.9874
20171010,6.8115
20171011,5.9755
20171012,5.1839
20171013,7.7653
20171014,5.474
20171015,5.9146
20171016,7.185
20171017,5.7038
20171018,7.9854
20171019,5.0452
20171020,2.7852
20171021,5.2935
20171022,3.341
20171023,2.0851
20171024,6.0364
20171025,4.3283
20171026,4.1585
20171027,3.4274
20171028,3.1058
20171029,1.9728
20171030,1.9568
20171031,1.3569
20171101,0.48983
20171102,1.1506
20171103,0.71452
20171104,1.6289
20171105,0.18866
20171106,6.4546
20171107,11.047
20171108,12.587
20171109,7.4179
20171110,7.4747
20171111,5.774
20171112,4.5516
20171113,2.9816
20171114,3.8324
20171115,1.5491
20171116,1.012
20171117,2.5751
20171118,3.0998
20171119,3.6451
20171120,2.5132
20171121,2.3286
20171122,0.34721
20171123,-1.6713
20171124,-1.5443
20171125,1.6848
20171126,8.2362
20171127,9.1623
20171128,4.1639
20171129,3.6142
20171130,6.6435
20171201,4.163
20171202,2.5812
20171203,1.8189
20171204,1.3464
20171205,0.47988
20171206,4.4064
20171207,6.6677
20171208,2.3619
20171209,1.5931
20171210,3.8746
20171211,2.9129
20171212,1.6229
20171213,1.6424
20171214,6.1746
20171215,5.1037
20171216,1.47
20171217,0.033447
20171218,-1.7428
20171219,-5.3982
20171220,-5.6172
20171221,-4.4558
20171222,-0.72315
20171223,-1.3401
20171224,0.77117
20171225,-0.54416
20171226,4.8013
20171227,4.545
20171228,3.3091
20171229,2.1298
20171230,0.54985
20171231,-0.1999
20180101,-0.81494
20180102,-1.3363
20180103,0.50688
20180104,-0.13652
20180105,-0.77957
20180106,-0.662
20180107,-1.4599
20180108,-1.1293
20180109,-0.66191
20180110,-1.1727
20180111,-1.3057
20180112,-3.2982
20180113,-3.0201
20180114,0.30478
20180115,0.086294
20180116,-1.5344
20180117,-3.9714
20180118,-3.6611
20180119,-3.4424
20180120,-3.9191
20180121,-0.66413
20180122,-2.2629
20180123,-4.5347
20180124,-4.676
20180125,-4.6236
20180126,-3.5132
20180127,-1.4527
20180128,4.1017
20180129,5.6221
20180130,5.6238
20180131,5.8819
20180201,1.668
20180202,-0.73239
20180203,6.5131
20180204,5.8781
20180205,8.4484
20180206,2.9975
20180207,2.9189
20180208,1.2252
20180209,0.06429
20180210,-0.64874
20180211,0.98819
20180212,-0.74327
20180213,0.97249
20180214,1.755
20180215,0.99663
20180216,3.2455
20180217,1.3552
20180218,2.468
20180219,5.1775
20180220,0.30975
20180221,-0.99039
20180222,0.17261
20180223,2.2894
20180224,3.5983
20180225,2.8613
20180226,6.1496
20180227,4.1344
20180228,2.3408
20180301,3.5179
20180302,3.2106
20180303,3.2983
20180304,4.2969
20180305,5.1388
20180306,4.4015
20180307,6.0238
20180308,4.4741
20180309,4.0463
20180310,5.699
20180311,7.5765
20180312,6.6467
20180313,2.3661
20180314,3.8513
20180315,1.2627
20180316,2.4398
20180317,0.93373
20180318,1.1962
20180319,2.3152
20180320,1.6229
20180321,2.8713
20180322,1.9719
20180323,6.1729
20180324,4.6903
20180325,1.0697
20180326,4.8927
20180327,7.8371
20180328,4.0669
20180329,4.008
20180330,3.8613
20180331,5.0019
20180401,3.5522
20180402,3.7367
20180403,6.5278
20180404,4.1298
20180405,3.1771
20180406,1.9938
20180407,5.4454
20180408,2.3453
20180409,4.1406
20180410,2.9154
20180411,2.0721
20180412,6.9081
20180413,6.3376
20180414,5.752
20180415,5.5835
20180416,4.9777
20180417,3.7433
20180418,3.1054
20180419,7.5598
20180420,5.5284
20180421,5.9668
20180422,8.4068
20180423,9.5976
20180424,10.5
20180425,11.468
20180426,6.9743
20180427,8.2835
20180428,5.4446
20180429,6.6594
20180430,3.546
20180501,3.9818
20180502,8.0146
20180503,5.2007
20180504,3.1832
20180505,5.4661
20180506,9.26
20180507,6.968
20180508,6.4455
20180509,10.158
20180510,7.3791
20180511,7.0538
20180512,10.601
20180513,13.063
20180514,13.632
20180515,14.167
20180516,10.697
20180517,9.2628
20180518,11.304
20180519,6.3483
20180520,5.1165
20180521,7.8543
20180522,6.919
20180523,7.7012
20180524,9.8004
20180525,12.003
20180526,12.382
20180527,12.163
20180528,12.459
20180529,14.05
20180530,11.24
20180531,11.833
20180601,12.175
20180602,14.174
20180603,13.521
20180604,16.581
20180605,16.105
20180606,14.565
20180607,14.976
20180608,15.077
20180609,12.735
20180610,13.133
20180611,15.271
20180612,15.831
20180613,12.753
20180614,11.721
20180615,14.2
20180616,15.761
20180617,16.751
20180618,16.304
20180619,17.098
20180620,16.82
20180621,16.146
20180622,15.628
20180623,15.388
20180624,15.916
20180625,14.828
20180626,13.524
20180627,15.593
20180628,17.015
20180629,14.695
20180630,12.493
20180701,12.141
20180702,11.515
20180703,12.303
20180704,11.058
20180705,11.525
20180706,11.586
20180707,11.978
20180708,13.768
20180709,16.575
20180710,18.467
20180711,19.202
20180712,15.619
20180713,13.817
20180714,13.503
20180715,17.909
20180716,18.716
20180717,19.386
20180718,18.395
20180719,20.22
20180720,17.618
20180721,14.64
20180722,16.717
20180723,17.945
20180724,18.25
20180725,17.8
20180726,13.972
20180727,15.965
20180728,12.601
20180729,12.859
20180730,13.452
20180731,17.784
20180801,14.88
20180802,14.426
20180803,17.402
20180804,15.835
20180805,12.046
20180806,10.819
20180807,11.894
20180808,13.681
20180809,15.226
20180810,15.419
20180811,16.263
20180812,17.834
20180813,17.816
20180814,19.24
20180815,13.07
20180816,11.448
20180817,12.596
20180818,13.159
20180819,14.853
20180820,15.839
20180821,16.626
20180822,17.05
20180823,13.595
20180824,13.841
20180825,15.804
20180826,12.723
20180827,12.939
20180828,12.952
20180829,13.954
20180830,16.562
20180831,16.121
20180901,16.158
20180902,18.255
20180903,17.629
20180904,16.783
20180905,17.975
20180906,16.291
20180907,17.446
20180908,16.685
20180909,14.246
20180910,13.181
20180911,14.334
20180912,15.155
20180913,15.098
20180914,17.712
20180915,17.041
20180916,16.047
20180917,17.14
20180918,12.007
20180919,9.8503
20180920,9.306
20180921,13.68
20180922,12.652
20180923,10.865
20180924,12.725
20180925,14.374
20180926,10.897
20180927,9.2263
20180928,12.38
20180929,8.9112
20180930,8.1398
20181001,6.8288
20181002,8.458
20181003,7.4478
20181004,8.2691
20181005,6.8031
20181006,9.5157
20181007,6.9095
20181008,8.8666
20181009,7.6306
20181010,7.3743
20181011,11.171
20181012,15.089
20181013,13.467
20181014,12.03
20181015,10.404
20181016,9.9966
20181017,11.045
20181018,10.627
20181019,9.828
20181020,9.2478
20181021,6.4923
20181022,4.4283
20181023,7.7561
20181024,5.7496
20181025,8.2717
20181026,8.0648
20181027,6.6208
20181028,6.1107
20181029,5.2054
20181030,6.4223
20181031,6.4981
20181101,4.2328
20181102,2.425
20181103,2.6994
20181104,0.99271
20181105,1.5321
20181106,3.6221
20181107,2.9339
20181108,4.6856
20181109,3.5552
20181110,-0.77242
20181111,-2.4336
20181112,-1.4924
20181113,-2.5528
20181114,5.8922
20181115,5.892
20181116,7.2103
20181117,8.0867
20181118,8.2003
20181119,6.028
20181120,8.4117
20181121,5.7458
20181122,3.637
20181123,3.7014
20181124,4.9589
20181125,2.461
20181126,1.7846
20181127,-2.8741
20181128,-5.5166
20181129,-6.7233
20181130,-7.7456
20181201,-2.872
20181202,0.33552
20181203,4.9011
20181204,2.236
20181205,0.5426
20181206,-1.9894
20181207,-2.5274
20181208,-4.0252
20181209,-5.276
20181210,-3.2514
20181211,-3.4948
20181212,-5.3942
20181213,-3.3631
20181214,-5.1488
20181215,-7.0527
20181216,-6.2198
20181217,-7.2406
20181218,-8.1021
20181219,-6.7987
20181220,-4.6605
20181221,-2.5793
20181222,-2.5994
20181223,-2.812
20181224,-3.1855
20181225,-1.1966
20181226,4.0223
20181227,3.6196
20181228,4.0638
20181229,6.2441
20181230,6.8182
20181231,2.0318
20190101,0.77418
20190102,-0.3023
20190103,-2.3156
20190104,-0.99268
20190105,0.096934
20190106,-1.5165
20190107,-0.5737
20190108,-0.65294
20190109,0.76947
20190110,0.11528
20190111,1.0069
20190112,2.4027
20190113,1.1125
20190114,3.8578
20190115,3.0951
20190116,1.5941
20190117,2.9761
20190118,1.3908
20190119,-2.0706
20190120,-1.4759
20190121,-3.9138
20190122,-0.25019
20190123,-0.8074
20190124,-3.2027
20190125,-4.127
20190126,-3.6849
20190127,4.7217
20190128,5.936
20190129,1.328
20190130,-0.57597
20190131,-2.3867
20190201,-2.9212
20190202,0.45699
20190203,0.8172
20190204,-0.12902
20190205,6.159
20190206,8.4063
20190207,2.9238
20190208,2.2637
20190209,1.0178
20190210,2.3151
20190211,3.9775
20190212,5.5985
20190213,4.5794
20190214,3.3915
20190215,3.5208
20190216,4.2012
20190217,5.6682
20190218,1.9657
20190219,1.2064
20190220,-0.25107
20190221,3.6461
20190222,7.6948
20190223,2.9986
20190224,1.0749
20190225,9.2009
20190226,5.5718
20190227,1.6778
20190228,-0.40052
20190301,2.9964
20190302,3.1117
20190303,1.3527
20190304,-0.090027
20190305,-0.55133
20190306,-1.1617
20190307,0.034668
20190308,0.14394
20190309,2.4184
20190310,4.6736
20190311,3.843
20190312,1.5243
20190313,4.1354
20190314,4.5148
20190315,5.4967
20190316,5.4468
20190317,5.7999
20190318,4.7616
20190319,4.5084
20190320,2.957
20190321,1.9165
20190322,3.6427
20190323,6.1395
20190324,6.681
20190325,5.3571
20190326,6.909
20190327,7.4608
20190328,4.3359
20190329,3.4578
20190330,3.4779
20190331,5.63
20190401,3.9044
20190402,1.8063
20190403,4.9142
20190404,5.1358
20190405,7.4228
20190406,2.7217
20190407,0.32957
20190408,3.5628
20190409,2.9721
20190410,2.1968
20190411,1.7119
20190412,5.285
20190413,6.9192
20190414,9.2174
20190415,7.5451
20190416,7.9704
20190417,7.7678
20190418,10.682
20190419,4.6115
20190420,3.1574
20190421,5.1738
20190422,4.9704
20190423,3.8527
20190424,5.8899
20190425,6.2088
20190426,2.933
20190427,3.6033
20190428,7.0292
20190429,4.4196
20190430,5.8093
20190501,5.7027
20190502,3.9987
20190503,5.0621
20190504,7.0139
20190505,6.1488
20190506,10.771
20190507,9.4367
20190508,8.0366
20190509,8.336
20190510,8.7525
20190511,9.1825
20190512,7.9199
20190513,12.08
20190514,9.3972
20190515,8.4653
20190516,9.3437
20190517,9.626
20190518,10.853
20190519,10.075
20190520,8.448
20190521,8.5795
20190522,8.082
20190523,8.4295
20190524,10.53
20190525,9.392
20190526,10.81
20190527,12.539
20190528,11.317
20190529,9.2966
20190530,10.353
20190531,11.285
20190601,12.062
20190602,13.398
20190603,15.215
20190604,14.097
20190605,15.702
20190606,14.848
20190607,14.95
20190608,16.666
20190609,17.512
20190610,18.383
20190611,20.167
20190612,19.347
20190613,19.404
20190614,17.22
20190615,16.896
20190616,15.138
20190617,16.465
20190618,16.239
20190619,15.94
20190620,19.793
20190621,19.177
20190622,17.716
20190623,16.842
20190624,20.384
20190625,22.218
20190626,21.762
20190627,21.01
20190628,19.404
20190629,19.038
20190630,19.012
20190701,19.151
20190702,16.086
20190703,16.379
20190704,19.065
20190705,20.108
20190706,21.073
20190707,21.197
20190708,21.121
20190709,21.141
20190710,21.901
20190711,22.537
20190712,21.231
20190713,21.321
20190714,22.835
20190715,24.618
20190716,22.581
20190717,21.116
20190718,19.664
20190719,19.81
20190720,19.904
20190721,20.956
20190722,23.537
20190723,21.787
20190724,20.429
20190725,23.468
20190726,23.845
20190727,22.367
20190728,19.82
20190729,19.579
20190730,21.107
20190731,23.614
20190801,22.091
20190802,20.709
20190803,22.123
20190804,23.684
20190805,23.626
20190806,25.001
20190807,28.103
20190808,26.54
20190809,23.496
20190810,22.748
20190811,21.992
20190812,21.777
20190813,22.786
20190814,23.98
20190815,23.002
20190816,26.464
20190817,25.038
20190818,25.152
20190819,24.749
20190820,24.565
20190821,23.952
20190822,24.045
20190823,23.419
20190824,21.179
20190825,20.122
20190826,18.771
20190827,18.354
20190828,20.459
20190829,22.335
20190830,22.089
20190831,18.505
20190901,16.892
20190902,20.121
20190903,16.762
20190904,14.771
20190905,14.336
20190906,15.342
20190907,15.396
20190908,16.443
20190909,16.874
20190910,16.871
20190911,16.209
20190912,16.273
20190913,17.467
20190914,17.749
20190915,17.106
20190916,16.901
20190917,15.963
20190918,16.047
20190919,16.499
20190920,13.989
20190921,12.412
20190922,12.371
20190923,15.688
20190924,15.5
20190925,16.255
20190926,16.95
20190927,15.333
20190928,15.004
20190929,14.302
20190930,14.541
20191001,12.947
20191002,12.833
20191003,15.206
20191004,13.192
20191005,11.762
20191006,14.341
20191007,9.051
20191008,7.9311
20191009,7.4275
20191010,6.6284
20191011,7.3859
20191012,5.2714
20191013,4.6089
20191014,4.1051
20191015,4.6719
20191016,7.4472
20191017,5.9386
20191018,8.2773
20191019,6.8384
20191020,8.7545
20191021,8.7183
20191022,13.428
20191023,7.3322
20191024,7.1119
20191025,12.42
20191026,12.367
20191027,9.6298
20191028,8.2231
20191029,6.0546
20191030,7.2446
20191031,7.4976
20191101,7.8395
20191102,6.5421
20191103,8.5063
20191104,11.058
20191105,12.511
20191106,8.7063
20191107,7.7153
20191108,6.4067
20191109,6.3638
20191110,4.2821
20191111,3.4416
20191112,5.9158
20191113,11.757
20191114,8.2208
20191115,6.2484
20191116,4.7833
20191117,4.0961
20191118,8.2044
20191119,3.2214
20191120,1.4684
20191121,4.3836
20191122,1.6948
20191123,1.1881
20191124,-1.5516
20191125,-2.8824
20191126,-1.906
20191127,-2.9412
20191128,-1.0124
20191129,-2.2361
20191130,-3.1359
20191201,-2.4791
20191202,-0.78885
20191203,-0.36415
20191204,-1.3542
20191205,-0.94861
20191206,-0.26954
20191207,-1.2724
20191208,-0.78244
20191209,-0.42588
20191210,0.73842
20191211,0.47643
20191212,0.7084
20191213,1.3488
20191214,6.0353
20191215,8.4436
20191216,3.2458
20191217,3.155
20191218,5.6662
20191219,2.1085
20191220,0.90085
20191221,0.62142
20191222,0.48831
20191223,0.94199
20191224,-0.12943
20191225,2.4781
20191226,1.079
20191227,0.33804
20191228,2.4956
20191229,0.57964
20191230,-1.2386
20191231,-2.7839
20200101,-3.8017
20200102,-4.373
20200103,-3.581
20200104,-2.7392
20200105,-0.29624
20200106,-3.1686
20200107,-3.9945
20200108,-0.23617
20200109,4.6961
20200110,1.3003
20200111,-0.35856
20200112,-1.784
20200113,-2.3278
20200114,-0.60193
20200115,-1.7936
20200116,-3.057
20200117,-4.6701
20200118,-5.0263
20200119,-5.418
20200120,-5.3676
20200121,-4.4405
20200122,0.8531
20200123,-2.7181
20200124,-0.82099
20200125,-1.437
20200126,2.2094
20200127,2.4783
20200128,1.5523
20200129,-0.90892
20200130,-1.7993
20200131,-1.3514
20200201,0.79994
20200202,-0.81652
20200203,-2.5671
20200204,-2.3352
20200205,4.2887
20200206,2.8209
20200207,2.9844
20200208,2.9415
20200209,1.8237
20200210,-1.6922
20200211,-4.2201
20200212,-0.83799
20200213,-2.7745
20200214,-1.7307
20200215,-0.85212
20200216,4.5396
20200217,3.8874
20200218,3.6977
20200219,4.6674
20200220,3.6617
20200221,1.6851
20200222,2.5771
20200223,3.0816
20200224,2.2059
20200225,0.44833
20200226,1.2607
20200227,0.84331
20200228,1.6597
20200229,0.25602
20200301,-1.6514
20200302,-3.248
20200303,-2.0912
20200304,-3.4456
20200305,-2.3629
20200306,0.64718
20200307,0.1288
20200308,0.36347
20200309,0.88188
20200310,4.508
20200311,2.4585
20200312,3.9978
20200313,6.097
20200314,6.8797
20200315,9.8333
20200316,9.0922
20200317,8.8471
20200318,7.6104
20200319,7.6118
20200320,9.3975
20200321,10.617
20200322,9.959
20200323,10.027
20200324,7.1743
20200325,6.9357
20200326,8.9781
20200327,8.8388
20200328,7.7194
20200329,7.3396
20200330,7.0824
20200331,4.553
20200401,7.3081
20200402,6.0087
20200403,3.9234
20200404,8.8568
20200405,8.6485
20200406,8.001
20200407,8.1858
20200408,7.3061
20200409,4.959
20200410,2.6584
20200411,3.3833
20200412,5.3589
20200413,7.2942
20200414,9.8559
20200415,7.2267
20200416,5.4591
20200417,7.4796
20200418,7.9657
20200419,8.1435
20200420,12.43
20200421,10.18
20200422,8.4305
20200423,9.2716
20200424,9.1269
20200425,7.8935
20200426,6.959
20200427,4.0906
20200428,6.7171
20200429,4.6627
20200430,4.8487
20200501,3.6748
20200502,3.6903
20200503,4.7114
20200504,9.5265
20200505,8.3194
20200506,6.8967
20200507,5.5406
20200508,6.3085
20200509,5.8111
20200510,4.5279
20200511,4.5776
20200512,4.3908
20200513,6.8625
20200514,5.7106
20200515,7.8565
20200516,10.468
20200517,10.625
20200518,12.266
20200519,10.322
20200520,8.3358
20200521,6.9354
20200522,6.8394
20200523,5.9409
20200524,5.3799
20200525,6.5483
20200526,7.0355
20200527,7.0641
20200528,7.4185
20200529,7.9986
20200530,9.0413
20200531,7.8474
20200601,8.7992
20200602,10.526
20200603,11.144
20200604,10.642
20200605,13.833
20200606,12.027
20200607,12.793
20200608,11.973
20200609,14.302
20200610,14.213
20200611,14.56
20200612,17.265
20200613,14.491
20200614,12.325
20200615,15.009
20200616,15.45
20200617,14.017
20200618,12.639
20200619,11.885
20200620,14.476
20200621,15.984
20200622,15.188
20200623,15.519
20200624,15.484
20200625,14.806
20200626,15.361
20200627,17.563
20200628,20.536
20200629,18.609
20200630,18.171
20200701,17.724
20200702,19.287
20200703,17.592
20200704,16.637
20200705,17.77
20200706,18.789
20200707,18.578
20200708,19.584
20200709,18.04
20200710,20.549
20200711,20.438
20200712,18.389
20200713,21.083
20200714,19.789
20200715,19.339
20200716,19.902
20200717,18.625
20200718,18.307
20200719,21.175
20200720,21.842
20200721,20.798
20200722,19.935
20200723,17.619
20200724,16.402
20200725,17.13
20200726,20.71
20200727,20.261
20200728,18.234
20200729,16.973
20200730,16.191
20200731,17.458
20200801,18.725
20200802,18.882
20200803,17.901
20200804,17.853
20200805,17.264
20200806,17.546
20200807,17.276
20200808,16.545
20200809,15.529
20200810,16.01
20200811,15.986
20200812,17.477
20200813,18.585
20200814,17.814
20200815,13.769
20200816,12.58
20200817,16.013
20200818,17.582
20200819,17.448
20200820,18.328
20200821,19.401
20200822,19.039
20200823,18.884
20200824,18.229
20200825,18.583
20200826,18.009
20200827,19.055
20200828,18.449
20200829,19.749
20200830,19.141
20200831,18.137
20200901,19.998
20200902,18.679
20200903,18.031
20200904,18.291
20200905,17.354
20200906,20.201
20200907,18.523
20200908,12.692
20200909,10.681
20200910,11.873
20200911,14.444
20200912,13.456
20200913,11.967
20200914,9.9478
20200915,10.571
20200916,9.4739
20200917,10.15
20200918,8.584
20200919,11.317
20200920,12.098
20200921,11.01
20200922,7.5929
20200923,10.094
20200924,9.6269
20200925,8.8115
20200926,9.5107
20200927,10.943
20200928,12.516
20200929,10.946
20200930,9.0625
20201001,7.0038
20201002,7.2971
20201003,4.9256
20201004,2.3895
20201005,2.8122
20201006,3.6104
20201007,5.4546
20201008,6.6688
20201009,7.9245
20201010,9.4524
20201011,12.853
20201012,7.839
20201013,6.3833
20201014,7.4183
20201015,3.695
20201016,1.8133
20201017,3.8128
20201018,3.7818
20201019,5.066
20201020,9.7116
20201021,10.302
20201022,13.821
20201023,9.6597
20201024,7.848
20201025,9.9032
20201026,7.9307
20201027,11.761
20201028,8.6796
20201029,6.4556
20201030,5.6057
20201031,3.5791
20201101,2.7886
20201102,1.5793
20201103,3.3308
20201104,3.3759
20201105,1.8232
20201106,0.29895
20201107,1.7418
20201108,5.5012
20201109,4.5172
20201110,11.211
20201111,7.809
20201112,5.2649
20201113,4.3111
20201114,2.0635
20201115,2.9393
20201116,0.2532
20201117,10.021
20201118,4.7318
20201119,4.1209
20201120,6.2967
20201121,3.98
20201122,3.7185
20201123,5.1116
20201124,3.2487
20201125,1.6196
20201126,5.1054
20201127,5.3333
20201128,5.2177
20201129,5.2938
20201130,3.4177
20201201,3.6953
20201202,3.5304
20201203,1.2846
20201204,0.40863
20201205,5.318
20201206,4.9559
20201207,4.9209
20201208,4.6523
20201209,2.685
20201210,2.5525
20201211,0.7136
20201212,-0.085002
20201213,-0.60198
20201214,0.023651
20201215,-0.23434
20201216,-0.47665
20201217,-0.97374
20201218,-1.1767
20201219,-2.0164
20201220,-2.5489
20201221,-3.3468
20201222,-3.8981
20201223,-4.2575
20201224,-4.372
20201225,-1.297
20201226,1.6951
20201227,-2.8061
20201228,-3.7979
20201229,-3.3329
20201230,-1.4583
20201231,2.5263
20210101,4.3009
20210102,0.68686
20210103,-0.9564
20210104,-1.3421
20210105,-2.8751
20210106,-3.6185
20210107,-4.3469
20210108,-4.5267
20210109,-5.3342
20210110,-5.3727
20210111,-5.5153
20210112,-5.3607
20210113,-5.1011
20210114,-3.9593
20210115,-1.8381
20210116,-1.9263
20210117,-3.7037
20210118,-0.29381
20210119,0.30793
20210120,-2.0675
20210121,-2.1093
20210122,-0.37822
20210123,-1.816
20210124,-2.0729
20210125,-1.8299
20210126,-1.0332
20210127,1.7668
20210128,1.9245
20210129,1.1096
20210130,0.30828
20210131,2.2515
20210201,1.6504
20210202,1.0321
20210203,1.9413
20210204,-0.17149
20210205,-2.8676
20210206,-5.5887
20210207,-6.817
20210208,-5.7979
20210209,3.1618
20210210,4.4822
20210211,6.5548
20210212,3.1297
20210213,0.98656
20210214,2.302
20210215,0.32662
20210216,3.9817
20210217,8.8801
20210218,5.5821
20210219,4.1798
20210220,3.4919
20210221,2.0509
20210222,0.80898
20210223,-1.6346
20210224,2.6224
20210225,0.099365
20210226,0.95815
20210227,-0.084524
20210228,-1.1177
20210301,5.1123
20210302,4.7768
20210303,5.0902
20210304,10.272
20210305,9.2935
20210306,3.3624
20210307,1.4808
20210308,3.6619
20210309,5.1845
20210310,5.9149
20210311,5.7616
20210312,7.4737
20210313,6.1447
20210314,7.3356
20210315,5.905
20210316,6.4666
20210317,5.4532
20210318,5.3812
20210319,2.5475
20210320,5.027
20210321,2.4327
20210322,4.3637
20210323,3.0484
20210324,2.4276
20210325,4.5092
20210326,4.44
20210327,6.7505
20210328,5.2964
20210329,4.2193
20210330,3.6033
20210331,6.0502
20210401,8.6342
20210402,6.1826
20210403,6.3081
20210404,5.9833
20210405,6.243
20210406,5.488
20210407,6.1978
20210408,5.0071
20210409,4.9032
20210410,5.1351
20210411,8.579
20210412,8.8896
20210413,8.6146
20210414,5.3162
20210415,7.009
20210416,4.9666
20210417,7.3875
20210418,5.3995
20210419,3.9426
20210420,2.8428
20210421,8.948
20210422,8.3699
20210423,11.314
20210424,11.157
20210425,10.203
20210426,8.2859
20210427,7.2562
20210428,6.6692
20210429,6.3936
20210430,5.0579
20210501,8.3779
20210502,10.102
20210503,8.1444
20210504,8.8042
20210505,9.0255
20210506,8.4328
20210507,7.9136
20210508,5.4758
20210509,4.1472
20210510,6.1687
20210511,7.0251
20210512,8.6748
20210513,10.296
20210514,12.022
20210515,10.427
20210516,8.6383
20210517,7.8426
20210518,7.2352
20210519,8.3006
20210520,10.481
20210521,10.541
20210522,10.558
20210523,12.386
20210524,11.834
20210525,11.037
20210526,13.127
20210527,12.128
20210528,12.003
20210529,11.553
20210530,12.414
20210531,12.217
20210601,12.579
20210602,12.833
20210603,11.384
20210604,10.392
20210605,8.5956
20210606,6.5988
20210607,9.1079
20210608,8.2773
20210609,9.8252
20210610,11.402
20210611,11.013
20210612,10.206
20210613,10.751
20210614,10.053
20210615,11.756
20210616,11.865
20210617,9.6159
20210618,9.7183
20210619,9.6783
20210620,11.416
20210621,10.925
20210622,10.629
20210623,11.483
20210624,13.419
20210625,12.382
20210626,12.032
20210627,12.668
20210628,15.024
20210629,14.88
20210630,15.551
20210701,13.995
20210702,13.491
20210703,11.633
20210704,12.946
20210705,14.27
20210706,15.378
20210707,15.194
20210708,13.491
20210709,14.809
20210710,16.999
20210711,17.796
20210712,19.362
20210713,19.23
20210714,18.514
20210715,17.242
20210716,18.53
20210717,18.601
20210718,17.072
20210719,18.888
20210720,19.318
20210721,19.953
20210722,20.718
20210723,19.995
20210724,20.317
20210725,20.808
20210726,21.692
20210727,19.858
20210728,20.536
20210729,19.794
20210730,18.827
20210731,18.615
20210801,19.011
20210802,20.924
20210803,19.409
20210804,16.858
20210805,14.53
20210806,16.739
20210807,18.959
20210808,16.687
20210809,18.711
20210810,21.105
20210811,20.548
20210812,19.691
20210813,16.329
20210814,17.519
20210815,19.241
20210816,16.946
20210817,18.02
20210818,16.028
20210819,16.498
20210820,18.856
20210821,18.369
20210822,18.671
20210823,17.475
20210824,16.75
20210825,17.949
20210826,16.534
20210827,16.44
20210828,16.949
20210829,18.994
20210830,16.944
20210831,13.753
20210901,14.972
20210902,13.75
20210903,16.163
20210904,16.394
20210905,15.795
20210906,18.652
20210907,16.694
20210908,18.246
20210909,16.617
20210910,18.18
20210911,17.602
20210912,18.924
20210913,18.13
20210914,17.233
20210915,16.319
20210916,18.725
20210917,19.29
20210918,17.057
20210919,16.437
20210920,16.151
20210921,17.019
20210922,15.505
20210923,14.478
20210924,15.403
20210925,13.403
20210926,11.983
20210927,15.6
20210928,14.645
20210929,14.594
20210930,15.006
20211001,16.082
20211002,15.646
20211003,16.193
20211004,14.635
20211005,15.46
20211006,15.833
20211007,16.225
20211008,15.291
20211009,13.249
20211010,11.591
20211011,11.928
20211012,11.199
20211013,10.529
20211014,10.09
20211015,9.9844
20211016,9.9848
20211017,9.1899
20211018,9.1352
20211019,9.3724
20211020,9.9564
20211021,11.351
20211022,12.693
20211023,11.998
20211024,8.2891
20211025,5.4438
20211026,8.3328
20211027,6.5996
20211028,4.5781
20211029,3.9954
20211030,2.5904
20211031,3.0991
20211101,3.7093
20211102,3.43
20211103,5.0525
20211104,5.2601
20211105,4.9969
20211106,7.3701
20211107,4.7971
20211108,5.9704
20211109,3.8547
20211110,4.9718
20211111,3.6239
20211112,1.4409
20211113,0.88222
20211114,1.4937
20211115,0.48859
20211116,1.7205
20211117,1.1424
20211118,2.4614
20211119,1.8797
20211120,3.8522
20211121,1.9228
20211122,0.39363
20211123,-1.5314
20211124,3.8004
20211125,3.4244
20211126,3.1056
20211127,0.85553
20211128,3.722
20211129,2.9536
20211130,1.8279
20211201,3.3339
20211202,4.7488
20211203,2.9304
20211204,3.0476
20211205,3.4765
20211206,2.0752
20211207,4.1428
20211208,4.0593
20211209,5.7102
20211210,6.7601
20211211,7.3569
20211212,7.9978
20211213,9.4858
20211214,9.7662
20211215,6.442
20211216,4.9662
20211217,5.0852
20211218,3.0583
20211219,4.5138
20211220,2.5832
20211221,3.1812
20211222,2.72
20211223,2.4248
20211224,-1.3552
20211225,-1.8355
20211226,0.97771
20211227,2.3208
20211228,0.92789
20211229,-0.68109
20211230,-1.8269
20211231,-3.123
20220101,-0.99173
20220102,7.2902
20220103,9.5206
20220104,3.3324
20220105,1.7709
20220106,2.6722
20220107,7.9327
20220108,3.0337
20220109,1.1408
20220110,0.66688
20220111,-1.159
20220112,1.4566
20220113,0.81831
20220114,0.51409
20220115,5.6447
20220116,2.4643
20220117,-0.01711
20220118,2.6597
20220119,1.9074
20220120,-0.67739
20220121,-1.9287
20220122,2.5891
20220123,2.7357
20220124,0.46926
20220125,-1.5052
20220126,-3.3571
20220127,-3.4868
20220128,-2.5376
20220129,0.13967
20220130,0.076396
20220131,-0.90162
20220201,-2.9709
20220202,-3.8547
20220203,-1.5638
20220204,-2.3171
20220205,0.91651
20220206,3.2766
20220207,2.507
20220208,0.19534
20220209,-1.609
20220210,-1.9426
20220211,-1.2255
20220212,-1.5056
20220213,-1.2862
20220214,-1.5219
20220215,-1.5246
20220216,-1.5282
20220217,-1.7607
20220218,1.7647
20220219,4.0756
20220220,3.2888
20220221,5.4434
20220222,3.9107
20220223,1.6746
20220224,2.0198
20220225,0.22651
20220226,5.3558
20220227,7.2201
20220228,4.6164
20220301,2.7537
20220302,2.725
20220303,2.4808
20220304,-0.40968
20220305,0.98851
20220306,0.70288
20220307,5.6789
20220308,1.3611
20220309,-0.37644
20220310,-0.077515
20220311,-0.54704
20220312,1.2929
20220313,5.3441
20220314,8.7782
20220315,8.4778
20220316,8.252
20220317,6.4921
20220318,6.2045
20220319,7.5739
20220320,8.5463
20220321,8.3898
20220322,8.7813
20220323,7.1445
20220324,8.7525
20220325,8.3287
20220326,8.1503
20220327,8.236
20220328,9.8603
20220329,10.51
20220330,8.6184
20220331,7.844
20220401,7.1334
20220402,10.839
20220403,10.094
20220404,8.0623
20220405,7.6933
20220406,5
20220407,7.7318
20220408,8.2502
20220409,5.2962
20220410,4.155
20220411,5.7213
20220412,3.3307
20220413,6.0036
20220414,8.3559
20220415,6.9151
20220416,6.7959
20220417,7.1626
20220418,6.9542
20220419,8.6233
20220420,6.9954
20220421,9.3535
20220422,8.2385
20220423,8.1687
20220424,6.0837
20220425,2.3576
20220426,5.168
20220427,5.093
20220428,4.5228
20220429,6.0123
20220430,6.1566
20220501,6.0678
20220502,5.0049
20220503,6.3951
20220504,5.256
20220505,4.9502
20220506,8.3191
20220507,8.7784
20220508,9.3753
20220509,12.847
20220510,12.887
20220511,12.414
20220512,10.602
20220513,10.436
20220514,9.7966
20220515,11.191
20220516,12.779
20220517,11.708
20220518,11.206
20220519,11.892
20220520,13.534
20220521,11.986
20220522,12.65
20220523,11.859
20220524,12.538
20220525,9.9106
20220526,8.3826
20220527,11.469
20220528,10.084
20220529,9.1975
20220530,12.218
20220531,13.298
20220601,13.29
20220602,13.924
20220603,11.952
20220604,13.116
20220605,14.052
20220606,13.973
20220607,10.727
20220608,14.063
20220609,14.506
20220610,14.056
20220611,12.994
20220612,13.931
20220613,12.3
20220614,13.682
20220615,14.003
20220616,14.947
20220617,15.857
20220618,14.978
20220619,13.035
20220620,14.467
20220621,13.006
20220622,14.343
20220623,12.369
20220624,12.841
20220625,14.098
20220626,12.531
20220627,14.946
20220628,16.131
20220629,15.47
20220630,16.316
20220701,15.922
20220702,16.185
20220703,14.692
20220704,16.75
20220705,13.648
20220706,11.734
20220707,15.206
20220708,16.319
20220709,18.913
20220710,18.754
20220711,21.077
20220712,19.66
20220713,18.593
20220714,16.34
20220715,18.385
20220716,18.523
20220717,20.288
20220718,21.422
20220719,20.707
20220720,18.257
20220721,17.16
20220722,20.204
20220723,18.587
20220724,18.519
20220725,19.862
20220726,20.305
20220727,18.626
20220728,18.858
20220729,20.837
20220730,21.981
20220731,23.343
20220801,22.848
20220802,21.896
20220803,19.473
20220804,20.319
20220805,19.242
20220806,19.085
20220807,17.388
20220808,18.556
20220809,18.611
20220810,20.042
20220811,19.878
20220812,19.253
20220813,16.67
20220814,16.544
20220815,16.21
20220816,19.533
20220817,18.088
20220818,16.95
20220819,16.822
20220820,17.929
20220821,14.883
20220822,15.438
20220823,16.363
20220824,16.743
20220825,16.378
20220826,14.888
20220827,14.338
20220828,13.029
20220829,14.246
20220830,18.583
20220831,13.133
20220901,12.099
20220902,12.378
20220903,10.657
20220904,11.426
20220905,15.626
20220906,12.184
20220907,10.86
20220908,12.1
20220909,10.903
20220910,12.66
20220911,10.528
20220912,10.047
20220913,12.147
20220914,9.4303
20220915,9.8722
20220916,14.137
20220917,12.813
20220918,10.702
20220919,11.177
20220920,10.186
20220921,7.833
20220922,7.708
20220923,7.2219
20220924,6.563
20220925,9.6548
20220926,9.6359
20220927,9.5694
20220928,8.1174
20220929,8.0717
20220930,11.197
20221001,8.5335
20221002,7.5839
20221003,8.4468
20221004,14.064
20221005,14.202
20221006,14.778
20221007,15.223
20221008,11.744
20221009,9.7778
20221010,11.955
20221011,11.912
20221012,12.988
20221013,10.102
20221014,10.582
20221015,12.546
20221016,10.331
20221017,10.694
20221018,9.2863
20221019,12.408
20221020,12.503
20221021,12.531
20221022,15.19
20221023,11.83
20221024,8.8033
20221025,9.3267
20221026,10.939
20221027,7.2847
20221028,7.0338
20221029,5.2043
20221030,3.6034
20221031,2.6181
20221101,0.64156
20221102,0.39581
20221103,3.1112
20221104,2.1445
20221105,0.6445
20221106,1.7851
20221107,0.60939
20221108,-0.42912
20221109,-1.3363
20221110,2.9221
20221111,1.4768
20221112,2.7255
20221113,3.7146
20221114,1.8789
20221115,3.4929
20221116,3.1979
20221117,0.16788
20221118,-1.6172
20221119,0.15551
20221120,5.1005
20221121,2.8243
20221122,1.1867
20221123,2.2431
20221124,2.2904
20221125,3.0954
20221126,0.55975
20221127,6.3999
20221128,4.6644
20221129,3.6752
20221130,4.3989
20221201,2.2853
20221202,0.010244
20221203,-0.45113
20221204,1.2053
20221205,1.0204
20221206,0.71037
20221207,0.97276
20221208,-0.16911
20221209,-1.8451
20221210,-2.1098
20221211,-2.6879
20221212,-1.2639
20221213,-2.9623
20221214,-2.79
20221215,-3.5109
20221216,-4.1308
20221217,-2.0134
20221218,-0.011851
20221219,-0.72326
20221220,5.4891
20221221,5.6071
20221222,6.3389
20221223,4.8005
20221224,8.0665
20221225,10.051
20221226,4.5303
20221227,2.0339
20221228,6.7489
20221229,8.0263
20221230,5.8037
20221231,2.3129
20230101,0.49565
20230102,-0.67959
20230103,1.2913
20230104,-0.9926
20230105,-1.5367
20230106,-1.3385
20230107,-1.8883
20230108,-2.0129
20230109,-3.4563
20230110,-2.9866
20230111,0.65985
20230112,-1.8169
20230113,-3.2477
20230114,-2.2347
20230115,4.0417
20230116,3.4071
20230117,0.24236
20230118,-0.54423
20230119,5.9317
20230120,7.5998
20230121,2.477
20230122,0.3126
20230123,-0.17782
20230124,1.1141
20230125,-0.41891
20230126,-0.39157
20230127,3.98
20230128,2.1833
20230129,0.86661
20230130,-0.33748
20230131,-0.85001
20230201,-0.95781
20230202,-1.2683
20230203,-0.55438
20230204,3.5073
20230205,1.9384
20230206,-1.3309
20230207,-3.0698
20230208,-3.5935
20230209,3.7738
20230210,0.1364
20230211,-1.4696
20230212,3.0444
20230213,2.3027
20230214,0.96047
20230215,-1.2744
20230216,4.6721
20230217,0.62518
20230218,4.47
20230219,1.0744
20230220,4.8452
20230221,5.719
20230222,2.522
20230223,4.514
20230224,7.3317
20230225,6.9457
20230226,5.2196
20230227,4.6945
20230228,2.0517
20230301,1.1523
20230302,1.1027
20230303,0.96607
20230304,2.9988
20230305,1.3501
20230306,0.97402
20230307,0.34447
20230308,1.1785
20230309,-0.3751
20230310,-1.7841
20230311,-0.94095
20230312,-0.17796
20230313,2.3896
20230314,0.75589
20230315,1.8131
20230316,2.9939
20230317,2.3949
20230318,3.3525
20230319,4.3935
20230320,4.5456
20230321,4.9567
20230322,4.1408
20230323,4.8708
20230324,2.5191
20230325,0.95777
20230326,3.6288
20230327,5.4243
20230328,3.3861
20230329,7.8242
20230330,4.6665
20230331,2.2619
20230401,2.9421
20230402,3.1332
20230403,-1.1152
20230404,-3.0447
20230405,-1.4784
20230406,-0.46407
20230407,0.02302
20230408,0.12633
20230409,3.6305
20230410,1.4363
20230411,3.6637
20230412,4.3844
20230413,1.1885
20230414,4.5337
20230415,2.8453
20230416,6.769
20230417,2.8024
20230418,2.4531
20230419,7.6209
20230420,6.0132
20230421,7.8092
20230422,7.634
20230423,5.5222
20230424,4.2024
20230425,4.0304
20230426,5.269
20230427,6.7563
20230428,6.181
20230429,4.5665
20230430,8.3135
20230501,7.6176
20230502,5.8377
20230503,2.8536
20230504,5.7226
20230505,5.5982
20230506,5.1146
20230507,3.1654
20230508,4.5493
20230509,5.4368
20230510,4.36
20230511,6.1584
20230512,8.5716
20230513,13.267
20230514,10.774
20230515,8.5458
20230516,6.6516
20230517,7.7514
20230518,10.521
20230519,8.5711
20230520,7.6267
20230521,11.248
20230522,9.1481
20230523,11.287
20230524,12.273
20230525,11.595
20230526,11.235
20230527,10.798
20230528,10.085
20230529,9.5496
20230530,7.3395
20230531,8.7171
20230601,10.639
20230602,12.09
20230603,13.957
20230604,14.338
20230605,12.401
20230606,12.988
20230607,11.648
20230608,10.031
20230609,11.606
20230610,8.3997
20230611,8.5129
20230612,12.664
20230613,12.112
20230614,12.364
20230615,13.237
20230616,14.388
20230617,16.348
20230618,13.98
20230619,14.062
20230620,15.147
20230621,14.722
20230622,16.011
20230623,16.908
20230624,16.346
20230625,13.269
20230626,11.285
20230627,10.627
20230628,12.686
20230629,12.028
20230630,12.612
20230701,11.003
20230702,10.015
20230703,9.4034
20230704,10.032
20230705,13.154
20230706,13.595
20230707,11.445
20230708,9.8278
20230709,13.868
20230710,12.363
20230711,11.324
20230712,10.398
20230713,14.004
20230714,13.226
20230715,10.706
20230716,14.526
20230717,15.37
20230718,11.8
20230719,13.492
20230720,15.447
20230721,12.56
20230722,11.806
20230723,12.451
20230724,12.625
20230725,15.412
20230726,13.951
20230727,15.613
20230728,13.607
20230729,11.445
20230730,12.527
20230731,13.566
20230801,15.601
20230802,13.73
20230803,14.815
20230804,16.389
20230805,14.092
20230806,16.215
20230807,13.082
20230808,11.114
20230809,12.544
20230810,15.548
20230811,16.905
20230812,18.468
20230813,18.806
20230814,19.351
20230815,19.192
20230816,19.078
20230817,18.35
20230818,15.926
20230819,15.626
20230820,14.209
20230821,15.541
20230822,17.207
20230823,18.85
20230824,18.137
20230825,17.048
20230826,17.117
20230827,17.006
20230828,18.47
20230829,18.18
20230830,17.962
20230831,16.093
20230901,13.798
20230902,16.718
20230903,16.197
20230904,16.537
20230905,18.869
20230906,17.963
20230907,16.96
20230908,14.524
20230909,13.419
20230910,13.09
20230911,14.016
20230912,11.258
20230913,8.2783
20230914,7.8226
20230915,9.3734
20230916,11.131
20230917,11.176
20230918,11.515
20230919,12.136
20230920,15.39
20230921,15.162
20230922,15.707
20230923,15.691
20230924,13.184
20230925,10.599
20230926,11.044
20230927,10.553
20230928,13.42
20230929,11.864
20230930,13.359
20231001,11.867
20231002,12.175
20231003,14.41
20231004,14.112
20231005,12.43
20231006,10.553
20231007,10.234
20231008,10.946
20231009,8.1081
20231010,6.5019
20231011,7.5246
20231012,6.5092
20231013,5.1642
20231014,10.117
20231015,8.4944
20231016,7.3979
20231017,6.445
20231018,7.3541
20231019,8.3835
20231020,8.0526
20231021,12.725
20231022,10.907
20231023,8.1078
20231024,6.3074
20231025,6.1632
20231026,5.709
20231027,6.3003
20231028,4.6096
20231029,3.7814
20231030,7.3621
20231031,11.05
20231101,10.772
20231102,10.138
20231103,7.5475
20231104,5.2998
20231105,5.9036
20231106,5.7567
20231107,5.5553
20231108,5.0805
20231109,4.1668
20231110,3.3003
20231111,3.2742
20231112,2.5929
20231113,2.2559
20231114,1.5048
20231115,1.5836
20231116,6.7739
20231117,3.9795
20231118,0.32927
20231119,-1.2806
20231120,-1.2144
20231121,-2.6409
20231122,-1.3606
20231123,0.94516
20231124,-1.5187
20231125,-2.6682
20231126,-3.2823
20231127,1.8697
20231128,-2.1539
20231129,-3.5794
20231130,-2.8393
20231201,-5.145
20231202,-6.6442
20231203,-1.9089
20231204,-2.0041
20231205,-3.2609
20231206,3.7097
20231207,2.7107
20231208,-0.93891
20231209,-4.1684
20231210,-2.7351
20231211,-0.27524
20231212,-0.82291
20231213,-2.0967
20231214,-1.1869
20231215,-0.46521
20231216,-0.9941
20231217,1.5021
20231218,0.74333
20231219,-1.4722
20231220,-3.7195
20231221,-2.3465
20231222,1.417
20231223,1.4096
20231224,2.7033
20231225,3.3547
20231226,2.4231
20231227,0.40601
20231228,-0.089162
20231229,-0.66587
20231230,-1.1267
20231231,-1.2169
20240101,-5.6015
20240102,-6.8841
20240103,-6.1217
20240104,-4.2954
20240105,-7.3748
20240106,-8.5525
20240107,-9.6947
20240108,-8.5229
20240109,-8.4589
20240110,-5.2728
20240111,-4.2037
20240112,-6.5525
20240113,-8.0162
20240114,-5.0861
20240115,-6.1565
20240116,-7.2606
20240117,-8.4784
20240118,-7.4717
20240119,-8.6104
20240120,-7.076
20240121,-4.6902
20240122,-3.6175
20240123,-4.458
20240124,-6.0608
20240125,-8.6793
20240126,-8.2721
20240127,-5.1447
20240128,-3.1157
20240129,-3.7585
20240130,-2.6974
20240131,-1.3336
20240201,-2.4538
20240202,-4.0026
20240203,-4.4414
20240204,-4.5297
20240205,-2.1663
20240206,-3.7285
20240207,-6.0712
20240208,-7.2197
20240209,-2.3642
20240210,-0.45737
20240211,1.6973
20240212,2.227
20240213,2.6377
20240214,2.1756
20240215,4.5809
20240216,-1.1352
20240217,-2.2454
20240218,4.3017
20240219,5.7766
20240220,2.0315
20240221,1.9065
20240222,4.7124
20240223,3.8835
20240224,2.7266
20240225,1.6106
20240226,-0.65068
20240227,0.15165
20240228,6.1324
20240229,6.9919
20240301,6.0717
20240302,5.1388
20240303,5.5282
20240304,3.9492
20240305,3.2878
20240306,1.5499
20240307,0.037333
20240308,1.8009
20240309,3.4806
20240310,1.3054
20240311,0.035899
20240312,0.36048
20240313,1.4077
20240314,2.0665
20240315,4.9158
20240316,3.1774
20240317,0.18578
20240318,-1.2043
20240319,1.1811
20240320,3.1762
20240321,2.5636
20240322,2.0217
20240323,5.1902
20240324,3.3798
20240325,1.1047
20240326,0.39723
20240327,4.2387
20240328,1.8409
20240329,2.2674
20240330,3.1603
20240331,1.2045
20240401,1.7167
20240402,2.3266
20240403,2.4011
20240404,3.3092
20240405,0.32704
20240406,-0.13629
20240407,2.7701
20240408,2.6138
20240409,7.2599
20240410,4.357
20240411,3.3886
20240412,5.642
20240413,6.5582
20240414,4.9131
20240415,5.0017
20240416,6.6486
20240417,5.6605
20240418,5.2486
20240419,2.8248
20240420,2.4699
20240421,3.683
20240422,2.4718
20240423,7.3988
20240424,5.5599
20240425,3.166
20240426,7.6852
20240427,9.4461
20240428,8.7551
20240429,5.2352
20240430,6.2362
20240501,3.2197
20240502,1.7344
20240503,2.3713
20240504,2.3855
20240505,2.5586
20240506,8.5069
20240507,9.2218
20240508,7.4398
20240509,9.2775
20240510,7.6836
20240511,5.2151
20240512,6.1039
20240513,5.1034
20240514,6.0701
20240515,7.2023
20240516,9.0439
20240517,10.047
20240518,11.497
20240519,9.7006
20240520,7
20240521,8.8348
20240522,10.013
20240523,8.6153
20240524,9.9934
20240525,11.937
20240526,10.864
20240527,12.849
20240528,8.6875
20240529,6.4833
20240530,8.3731
20240531,10.394
20240601,9.6191
20240602,11.507
20240603,12.703
20240604,9.8809
20240605,10.099
20240606,10.45
20240607,8.3606
20240608,9.3051
20240609,11.083
20240610,12.696
20240611,13.722
20240612,13.897
20240613,12.541
20240614,12.364
20240615,14.348
20240616,14.923
20240617,15.611
20240618,13.137
20240619,14.105
20240620,10.331
20240621,11.801
20240622,11.992
20240623,14.152
20240624,12.941
20240625,12.622
20240626,11.902
20240627,12.564
20240628,11.145
20240629,12.258
20240630,13.114
20240701,13.749
20240702,12.596
20240703,10.827
20240704,13.24
20240705,14.378
20240706,12.02
20240707,13.683
20240708,17.107
20240709,15.41
20240710,15.57
20240711,14.081
20240712,14.907
20240713,14.604
20240714,15.73
20240715,13.728
20240716,17.05
20240717,15.771
20240718,19.13
20240719,17.27
20240720,17.057
20240721,18.212
20240722,17.725
20240723,15.888
20240724,13.326
20240725,14.651
20240726,16.516
20240727,17.494
20240728,19.399
20240729,16.95
20240730,18.822
20240731,17.068
20240801,17.889
20240802,18.202
20240803,17.285
20240804,15.263
20240805,16.739
20240806,16.464
20240807,16.452
20240808,17.511
20240809,17.633
20240810,14.5
20240811,15.389
20240812,17.188
20240813,17.783
20240814,18.947
20240815,18.364
20240816,19.456
20240817,18.167
20240818,18.602
20240819,18.978
20240820,18.632
20240821,17.485
20240822,15.702
20240823,13.192
20240824,14.485
20240825,15.791
20240826,13.951
20240827,14.869
20240828,14.318
20240829,14.009
20240830,16.1
20240831,16.708
20240901,15.911
20240902,14.336
20240903,13.393
20240904,15.216
20240905,13.602
20240906,12.677
20240907,13.227
20240908,11.074
20240909,12.632
20240910,14.334
20240911,10.9
20240912,10.687
20240913,10.481
20240914,14.252
20240915,14.202
20240916,11.023
20240917,8.3243
20240918,9.3386
20240919,10.953
20240920,10.563
20240921,10.994
20240922,13.103
20240923,13.598
20240924,13.349
20240925,14.026
20240926,12.341
20240927,11.817
20240928,11.582
20240929,12.382
20240930,11.752
20241001,11.969
20241002,10.619
20241003,12.362
20241004,12.784
20241005,10.612
20241006,9.5006
20241007,7.7887
20241008,8.2196
20241009,9.2077
20241010,13.27
20241011,13.876
20241012,13.071
20241013,13.545
20241014,11.444
20241015,12.135
20241016,10.162
20241017,10.388
20241018,11.463
20241019,9.4906
20241020,8.2597
20241021,9.0811
20241022,5.42
20241023,4.8406
20241024,5.6914
20241025,6.3838
20241026,5.6762
20241027,5.849
20241028,5.1803
20241029,5.7396
20241030,3.6664
20241031,5.043
20241101,4.5597
20241102,10.76
20241103,13.513
20241104,8.0439
20241105,6.573
20241106,9.8325
20241107,5.8362
20241108,5.2675
20241109,5.5493
20241110,4.2821
20241111,4.5245
20241112,5.3833
20241113,7.4268
20241114,9.5425
20241115,10.58
20241116,11.631
20241117,11.998
20241118,11.311
20241119,7.1009
20241120,3.6605
20241121,3.3196
20241122,2.063
20241123,1.658
20241124,0.54217
20241125,0.10436
20241126,0.54557
20241127,0.62524
20241128,0.44718
20241129,0.15909
20241130,0.15374
20241201,0.60812
20241202,-0.88706
20241203,-2.294
20241204,-3.9446
20241205,-3.1766
20241206,-1.0666
20241207,0.26121
20241208,-0.76794
20241209,-1.9593
20241210,2.6518
20241211,5.1588
20241212,1.199
20241213,0.97508
20241214,7.5961
20241215,2.9173
20241216,0.037181
20241217,0.17636
20241218,3.2713
20241219,3.4411
20241220,2.0083
20241221,-0.17473
20241222,0.59724
20241223,0.14766
20241224,-0.39231
20241225,4.2921
20241226,2.7534
20241227,3.8895
20241228,2.7004
20241229,3.174
20241230,2.5977
20241231,0.69504
20250101,-1.0391
20250102,-1.6713
20250103,-4.67
20250104,-4.4374
20250105,-3.6829
20250106,-2.6941
20250107,-4.5917
20250108,-6.3005
20250109,-5.0684
20250110,-7.5213
20250111,-8.8946
20250112,-8.1065
20250113,-7.0471
20250114,-7.8597
20250115,-7.0133
20250116,-6.7464
20250117,-3.1799
20250118,-5.2843
20250119,-7.4273
20250120,-5.3641
20250121,-0.47875
20250122,-6.7678
20250123,-8.0216
20250124,-6.1312
20250125,-4.0207
20250126,-5.7592
20250127,-3.0134
20250128,-3.908
20250129,-3.7999
20250130,-3.4136
20250131,-0.71864
20250201,0.39803
20250202,-0.3277
20250203,-0.58397
20250204,2.6832
20250205,2.0658
20250206,-1.8881
20250207,0.56152
20250208,-1.2911
20250209,-1.5572
20250210,-1.1779
20250211,-2.5093
20250212,-4.8911
20250213,-7.5406
20250214,-6.6452
20250215,-4.5809
20250216,-2.7481
20250217,-0.29828
20250218,2.2171
20250219,0.94905
20250220,1.1606
20250221,0.83128
20250222,0.28189
20250223,0.93401
20250224,0.84809
20250225,0.14674
20250226,0.24923
20250227,2.0361
20250228,1.6569
20250301,1.7016
20250302,1.9989
20250303,1.4368
20250304,-0.82685
20250305,-2.7115
20250306,-3.1992
20250307,-2.3922
20250308,0.30211
20250309,3.3823
20250310,0.70917
20250311,2.749
20250312,5.8319
20250313,4.3493
20250314,4.3218
20250315,6.1857
20250316,6.7401
20250317,5.9965
20250318,2.7228
20250319,3.7532
20250320,4.6484
20250321,6.9154
20250322,7.8381
20250323,5.3369
20250324,3.245
20250325,8.9483
20250326,5.6054
20250327,4.0154
20250328,3.5916
20250329,2.0339
20250330,4.16
20250331,4.1952
20250401,5.6683
20250402,5.6211
20250403,5.377
20250404,2.3014
20250405,3.5404
20250406,1.7228
20250407,5.6071
20250408,5.0235
20250409,3.1015
20250410,3.2706
20250411,5.38
20250412,6.8996
20250413,6.5843
20250414,6.5821
20250415,6.5297
20250416,5.8956
20250417,3.5586
20250418,5.0142
20250419,5.4453
20250420,6.7662
20250421,7.1475
20250422,6.6704
20250423,6.9966
20250424,6.557
20250425,7.2964
20250426,7.373
20250427,6.5648
20250428,9.1354
20250429,9.0356
20250430,7.9256
20250501,8.7197
20250502,6.1598
20250503,4.9184
20250504,9.9871
20250505,9.353
20250506,10.657
20250507,12.891
20250508,11.47
20250509,8.6508
20250510,6.6804
20250511,8.5787
20250512,9.655
20250513,10.527
20250514,10.883
20250515,9.249
20250516,9.9384
20250517,9.8638
20250518,11.26
20250519,12.636
20250520,12.281
20250521,11.936
20250522,10.957
20250523,13.406
20250524,13.013
20250525,11.463
20250526,11.808
20250527,10.815
20250528,11.946
20250529,14.37
20250530,15.175
20250531,14.954
20250601,14.618
20250602,10.706
20250603,10.584
20250604,12.229
20250605,12.281
20250606,13.117
20250607,13.407
20250608,13.629
20250609,15.404
20250610,13.987
20250611,12.787
20250612,14.646
20250613,14.871
20250614,14.875
20250615,16.032
20250616,18.06
20250617,17.391
20250618,16.918
20250619,15.786
20250620,12.934
20250621,14.177
20250622,15.36
20250623,16.691
20250624,17.742
20250625,19.434
20250626,20.131
20250627,17.914
20250628,14.165
20250629,12.06
20250630,12.473
20250701,14.259
20250702,14.065
20250703,12.261
20250704,14.914
20250705,14.288
20250706,15.609
20250707,13.409
20250708,14.104
20250709,17.838
20250710,14.614
20250711,12.288
20250712,11.989
20250713,12.789
20250714,14.637
20250715,12.742
20250716,11.233
20250717,12.478
20250718,13.556
20250719,15.287
20250720,16.999
20250721,15.802
20250722,17.267
20250723,15.909
20250724,15.829
20250725,17.351
20250726,17.489
20250727,15.877
20250728,16.178
20250729,15.847
20250730,17.793
20250731,16.773
20250801,18.48
20250802,19.742
20250803,18.221
20250804,18.859
20250805,14.786
20250806,13.696
20250807,17.497
20250808,15.801
20250809,14.209
20250810,16.732
20250811,14.492
20250812,16.759
20250813,17.836
20250814,18.226
20250815,15.803
20250816,13.588
20250817,13.119
20250818,14.709
20250819,15.035
20250820,16.193
20250821,14.76
20250822,14.96
20250823,15.639
20250824,17.415
20250825,14.811
20250826,17.682
20250827,16.151
20250828,16.742
20250829,15.389
20250830,15.955
20250831,15.662
20250901,16.617
20250902,13.134
20250903,10.821
20250904,11.208
20250905,14.511
20250906,15.469
20250907,15.862
20250908,16.114
20250909,15.53
20250910,13.625
20250911,16.09
20250912,16.975
20250913,16.654
20250914,15.241
20250915,13.81
20250916,16.73
20250917,11.049
20250918,8.8576
20250919,11.274
20250920,8.9516
20250921,10.671
20250922,12.069
20250923,13.417
20250924,13.079
20250925,9.3171
20250926,8.997
20250927,9.1934
20250928,10.213
20250929,9.8205
20250930,8.1
20251001,8.3693
20251002,10.343
20251003,9.7609
20251004,9.1378
20251005,13.917
20251006,8.8521
20251007,7.0643
20251008,5.5314
20251009,7.3956
20251010,5.7867
20251011,9.9009
20251012,11.641
20251013,11.8
20251014,11.769
20251015,10.695
20251016,8.7054
20251017,9.3858
20251018,9.7037
20251019,12.957
20251020,10.414
20251021,8.8451
20251022,12.255
20251023,10.242
20251024,10.424
20251025,10.836
20251026,9.2665
20251027,6.7541
20251028,4.8072
20251029,2.8511
20251030,0.92244
20251031,0.83025
20251101,2.5164
20251102,6.1859
20251103,1.1588
20251104,-0.15043
20251105,-0.35994
20251106,4.138
20251107,6.5064
20251108,9.5167
20251109,9.0124
20251110,8.1283
20251111,4.7448
20251112,2.271
20251113,1.7933
20251114,7.7213
20251115,6.899
20251116,3.8711
20251117,3.1718
20251118,1.704
20251119,0.74041
20251120,0.43391
20251121,-0.91331
20251122,-2.1035
20251123,-2.738
20251124,-3.0104
20251125,-2.1708
20251126,-1.8031
20251127,-0.77646
20251128,-0.8837
20251129,-0.13133
20251130,1.6265
20251201,5.0826
20251202,2.3689
20251203,-0.21643
20251204,-1.4701
20251205,-2.2034
20251206,-1.4149
20251207,0.53827
20251208,-2.0253
20251209,-1.8366
20251210,-2.0708
20251211,0.25823
20251212,2.3902
20251213,2.651
20251214,5.3001
20251215,1.3955
20251216,-0.53416
20251217,-1.7055
20251218,-0.4669
20251219,-1.2359
20251220,0.19059
20251221,0.6866
20251222,2.878
20251223,4.7456
20251224,0.9626
20251225,0.45882
20251226,7.0792
20251227,4.5727
20251228,2.8894
20251229,0.49639
20251230,-0.84597
20251231,5.2585
20260101,-0.22545
20260102,-0.44479
20260103,-1.6481
20260104,-1.3607
20260105,-1.2638
20260106,4.2084
20260107,2.3513
20260108,1.3502
20260109,-0.12109
20260110,-1.9856
20260111,-3.4358
20260112,-3.6478
20260113,-5.4087
20260114,-5.7475
20260115,-4.423
20260116,-2.297
20260117,-2.3405
20260118,1.7543
20260119,5.688
20260120,3.8737
20260121,0.46149
20260122,-1.8889
20260123,-3.8015
20260124,-5.2603
20260125,-0.78124
20260126,-0.58581
20260127,-2.8672
20260128,-3.8463
20260129,-4.3769
20260130,-3.9122
20260131,-4.6778
20260201,-2.1478
20260202,-3.5316
20260203,-2.786
20260204,-5.0269
20260205,-2.7706
20260206,0.32388
20260207,-0.36251
20260208,5.4874
20260209,3.0418
20260210,0.79236
20260211,0.59828
20260212,-0.51993
20260213,-1.2645
20260214,-0.19792
20260215,2.7195
20260216,0.99295
20260217,0.48833
20260218,1.0786
20260219,2.9864
20260220,5.1238
20260221,5.0582
20260222,5.4116
20260223,1.6752
20260224,1.8207
20260225,-0.18292
20260226,2.834
20260227,1.0213
20260228,0.51422
20260301,-0.14734
20260302,-1.3498
20260303,-0.82892
20260304,3.9035
20260305,1.5368
20260306,1.7128
20260307,6.3766
20260308,2.3182
20260309,0.066854
20260310,3.5256
20260311,2.6018
20260312,3.1621
20260313,1.2991
20260314,0.69908
20260315,-0.010468
20260316,0.77767
20260317,4.2907
20260318,4.7155
20260319,7.7347
20260320,7.6686
20260321,4.4368
20260322,2.331
20260323,6.7409
20260324,3.7685
20260325,1.8239
20260326,3.5816
20260327,3.6635
20260328,4.0826
20260329,3.4926
20260330,7.7094
20260331,10.112
20260401,8.5141
20260402,5.8196
20260403,6.8808
20260404,8.796
20260405,8.9442
20260406,8.701
20260407,8.7928
20260408,10.302
20260409,10.329
20260410,8.9518
20260411,7.0138
20260412,6.7719
20260413,9.1564
20260414,10.041
20260415,9.9314
20260416,8.8808
20260417,7.2293
20260418,10.051
20260419,9.388
20260420,7.9323
20260421,11.056
20260422,10.795
20260423,9.4848
20260424,7.2255
20260425,6.0941
20260426,6.8551
20260427,10.443
20260428,11.724
20260429,10.136
20260430,8.8523
20260501,9.7615
20260502,9.3103
20260503,10.292
20260504,10.006
20260505,11.358
20260506,12.705
20260507,14.426
20260508,11.964
20260509,13.668
20260510,12.244
20260511,11.227
20260512,11.179
20260513,10.357
20260514,9.9133
20260515,12.927
20260516,11.239
20260517,11.409
20260518,11.477
20260519,11.265
20260520,13.427
20260521,12.537
20260522,10.257
20260523,10.105
20260524,10.48
20260525,12.511
20260526,10.346
20260527,13.983
20260528,15.623
20260529,15.917
20260530,14.248
20260531,14.325
20260601,12.696
20260602,11.849
20260603,10.067
20260604,10.076
20260605,10.266
20260606,10.355
20260607,12.672
20260608,15.043
20260609,15.718
20260610,16.142
20260611,17.732
20260612,17.284
20260613,16.888
20260614,16.637
20260615,16.312
20260616,16.896
20260617,15.851
20260618,15.569
20260619,17.631
20260620,17.923
20260621,17.455
20260622,17.519
20260623,18.573
20260624,19.253
20260625,19.474
20260626,19.766
20260627,21.234
20260628,19.456
20260629,18.614
20260630,18.254
20260701,18.68
20260702,19.838
20260703,19.837
20260704,19.898
20260705,18.65
20260706,17.58
20260707,19.077
20260708,22.539
20260709,22.951
20260710,22.93
20260711,23.185
20260712,21.838
20260713,20.679
20260714,19.871
20260715,20.816
20260716,20.766
20260717,21.165
20260718,20.545
20260719,20.954
20260720,20.532
20260721,22.173
20260722,23.138
20260723,22.905
20260724,24.342
20260725,26.556
20260726,24.886
20260727,26.252
20260728,25.955
20260729,24.818
20260730,26.959
20260731,24.849
20260801,22.7
20260802,22.773
20260803,21.48
20260804,20.49
20260805,18.627
20260806,21.852
20260807,21.147
20260808,20.136
20260809,18.075
20260810,19.502
20260811,19.481
20260812,20.219
20260813,21.508
20260814,22.377
20260815,21.496
20260816,20.935
20260817,19.993
20260818,20.773
20260819,19.958
20260820,17.416
20260821,19.449
20260822,22.23
20260823,21.214
20260824,22.273
20260825,21.158
20260826,19.426
20260827,20.613
20260828,21.606
20260829,17.29
20260830,15.542
20260831,17.6
20260901,19.331
20260902,19.222
20260903,19.961
20260904,19.858
20260905,18.671
20260906,17.96
20260907,17.439
20260908,17.782
20260909,18.795
20260910,18.841
20260911,19.761
20260912,18.924
20260913,18.287
20260914,19.367
20260915,16.07
20260916,14.27
20260917,12.742
20260918,13.126
20260919,15.207
20260920,12.717
20260921,14.528
20260922,13.069
20260923,10.334
20260924,12.006
20260925,11.024
20260926,13.087
20260927,12.868
20260928,13.439
20260929,14.16
20260930,13.932
20261001,12.625
20261002,13.464
20261003,13.706
20261004,11.882
20261005,9.7869
20261006,9.596
20261007,9.2129
20261008,7.7448
20261009,8.4274
20261010,11.898
20261011,11.993
20261012,10.07
20261013,15.804
20261014,16.334
20261015,15.206
20261016,12.885
20261017,12.337
20261018,10.288
20261019,10.361
20261020,15.162
20261021,11.116
20261022,7.5235
20261023,5.5975
20261024,3.6846
20261025,5.1522
20261026,7.4664
20261027,5.5301
20261028,7.5826
20261029,12.431
20261030,9.3126
20261031,7.9237
20261101,8.483
20261102,7.5796
20261103,5.5311
20261104,3.182
20261105,2.6004
20261106,1.1781
20261107,0.54179
20261108,-0.2968
20261109,0.47559
20261110,4.8261
20261111,6.0017
20261112,4.9327
20261113,4.2412
20261114,2.8857
20261115,2.7316
20261116,2.3379
20261117,2.4012
20261118,0.46425
20261119,-0.23901
20261120,-0.7858
20261121,-0.70059
20261122,-0.42563
20261123,-0.66603
20261124,-0.21712
20261125,-0.57846
20261126,1.0813
20261127,-1.5412
20261128,-3.0253
20261129,-1.019
20261130,-1.82
20261201,-2.3149
20261202,3.2405
20261203,2.4454
20261204,1.4609
20261205,1.2733
20261206,1.7195
20261207,4.1968
20261208,1.5011
20261209,-0.048645
20261210,1.4902
20261211,1.7469
20261212,4.1638
20261213,2.3614
20261214,9.3955
20261215,10.176
20261216,7.0095
20261217,4.2907
20261218,1.3999
20261219,-0.89316
20261220,-3.5618
20261221,-3.8165
20261222,-1.7036
20261223,-0.74959
20261224,-1.3453
20261225,-3.854
20261226,-1.0131
20261227,-5.3873
20261228,-6.5706
20261229,-3.6756
20261230,-0.10025
20261231,-5.5653
20270101,-8.1825
20270102,-8.1975
20270103,-1.8632
20270104,-0.53179
20270105,-4.9077
20270106,-5.2602
20270107,-3.2145
20270108,-2.5409
20270109,-3.6416
20270110,-0.75411
20270111,-1.0622
20270112,-1.1752
20270113,-1.7593
20270114,4.9703
20270115,5.3534
20270116,5.5797
20270117,2.0763
20270118,-0.1104
20270119,-0.95293
20270120,-1.0022
20270121,4.1696
20270122,3.2468
20270123,1.2864
20270124,0.36615
20270125,1.0227
20270126,1.098
20270127,2.638
20270128,2.3127
20270129,2.0853
20270130,-0.69464
20270131,-2.276
20270201,-1.9799
20270202,0.83646
20270203,1.7725
20270204,-0.20343
20270205,0.27338
20270206,1.1275
20270207,3.2298
20270208,0.11959
20270209,3.4877
20270210,1.099
20270211,0.52663
20270212,-0.76405
20270213,0.79586
20270214,4.7069
20270215,6.1205
20270216,2.4262
20270217,-0.37432
20270218,-0.9921
20270219,-2.7077
20270220,-4.5931
20270221,-4.0561
20270222,-3.5442
20270223,-0.77004
20270224,-3.0657
20270225,-2.4467
20270226,-1.0202
20270227,3.1807
20270228,1.8551
20270301,-0.75012
20270302,-2.3427
20270303,-0.41737
20270304,5.0027
20270305,5.1995
20270306,2.7191
20270307,1.5539
20270308,4.5104
20270309,2.8814
20270310,1.764
20270311,3.3297
20270312,2.5807
20270313,5.8758
20270314,2.9395
20270315,2.0608
20270316,6.5386
20270317,2.7253
20270318,-0.021545
20270319,1.2716
20270320,8.2207
20270321,7.8285
20270322,5.8651
20270323,9.6985
20270324,8.3133
20270325,6.7506
20270326,4.1824
20270327,2.5599
20270328,3.667
20270329,5.3249
20270330,5.8635
20270331,4.6902
20270401,4.0328
20270402,4.6522
20270403,7.8959
20270404,10.507
20270405,7.8429
20270406,5.1381
20270407,3.8311
20270408,3.7674
20270409,3.9072
20270410,2.501
20270411,5.918
20270412,8.1467
20270413,8.2384
20270414,8.1072
20270415,7.4971
20270416,9.1786
20270417,7.6418
20270418,5.6837
20270419,5.1183
20270420,3.1324
20270421,5.1237
20270422,5.5548
20270423,6.5115
20270424,6.1921
20270425,7.3636
20270426,7.7526
20270427,8.537
20270428,9.8725
20270429,10.375
20270430,8.0583
20270501,9.8976
20270502,11.611
20270503,8.6644
20270504,7.2206
20270505,6.8456
20270506,7.014
20270507,5.259
20270508,9.5919
20270509,8.3667
20270510,9.0018
20270511,8.9441
20270512,8.8598
20270513,13.2
20270514,9.7115
20270515,10.782
20270516,9.2724
20270517,6.9813
20270518,10.884
20270519,9.1413
20270520,10.889
20270521,13.271
20270522,13.368
20270523,12.6
20270524,14.494
20270525,15.448
20270526,13.941
20270527,16.369
20270528,15.465
20270529,12.544
20270530,12.491
20270531,13.226
20270601,11.14
20270602,10.06
20270603,13.614
20270604,11.626
20270605,11.809
20270606,12.56
20270607,13.507
20270608,14.797
20270609,15.815
20270610,16.946
20270611,16.136
20270612,16.617
20270613,17.503
20270614,18.731
20270615,18.538
20270616,19.05
20270617,20.555
20270618,18.464
20270619,17.503
20270620,18.155
20270621,18.562
20270622,20.02
20270623,16.727
20270624,16.291
20270625,15.018
20270626,16.961
20270627,17.094
20270628,17.932
20270629,14.497
20270630,16.315
20270701,17.542
20270702,18.767
20270703,16.202
20270704,17.674
20270705,21.115
20270706,21.093
20270707,17.826
20270708,15.84
20270709,15.484
20270710,15.766
20270711,18.193
20270712,20.38
20270713,20.445
20270714,20.994
20270715,20.665
20270716,19.647
20270717,17.035
20270718,17.228
20270719,16.519
20270720,17.143
20270721,17.72
20270722,14.702
20270723,14.311
20270724,15.105
20270725,17.642
20270726,17.882
20270727,17.657
20270728,18.643
20270729,16.847
20270730,16.573
20270731,16.353
20270801,16.504
20270802,16.25
20270803,17.719
20270804,19.116
20270805,17.767
20270806,17.603
20270807,16.534
20270808,17.744
20270809,20.131
20270810,21.379
20270811,18.79
20270812,19.074
20270813,21.008
20270814,21.151
20270815,21.344
20270816,17.515
20270817,15.825
20270818,19.428
20270819,19.488
20270820,19.891
20270821,22.184
20270822,20.537
20270823,19.356
20270824,20.594
20270825,20.805
20270826,18.941
20270827,18.3
20270828,18.474
20270829,15.749
20270830,13.665
20270831,18.605
20270901,17.156
20270902,18.373
20270903,19.572
20270904,19.469
20270905,14.253
20270906,12.2
20270907,16.378
20270908,14.619
20270909,15.026
20270910,15.248
20270911,15.488
20270912,13.196
20270913,14.121
20270914,14.418
20270915,15.105
20270916,15.982
20270917,16.14
20270918,16.371
20270919,17.414
20270920,18.263
20270921,16.134
20270922,13.617
20270923,11.958
20270924,9.7719
20270925,9.9645
20270926,13.769
20270927,12.046
20270928,11.263
20270929,9.5537
20270930,9.8647
20271001,11.842
20271002,10.493
20271003,11.461
20271004,13.404
20271005,9.2084
20271006,7.3194
20271007,9.0462
20271008,10.699
20271009,10.603
20271010,12.116
20271011,11.614
20271012,12.634
20271013,14.252
20271014,13.588
20271015,11.295
20271016,8.0256
20271017,6.0462
20271018,7.2156
20271019,10.008
20271020,11.408
20271021,11.75
20271022,12.507
20271023,7.8803
20271024,5.6063
20271025,8.0566
20271026,9.3321
20271027,6.7705
20271028,5.8718
20271029,11.212
20271030,11.538
20271031,6.8165
20271101,4.6367
20271102,2.9073
20271103,2.8563
20271104,0.48912
20271105,0.70329
20271106,3.2883
20271107,9.6002
20271108,9.7013
20271109,6.8669
20271110,6.1838
20271111,6.9154
20271112,5.1892
20271113,4.635
20271114,3.6045
20271115,5.2563
20271116,3.3712
20271117,1.5785
20271118,3.9072
20271119,2.3889
20271120,5.2373
20271121,4.6673
20271122,6.77
20271123,3.5417
20271124,2.1594
20271125,3.5357
20271126,1.7616
20271127,-0.77979
20271128,-1.9472
20271129,-2.1069
20271130,-2.0019
20271201,-0.62526
20271202,0.28554
20271203,1.2854
20271204,2.56
20271205,2.6967
20271206,5.17
20271207,2.8042
20271208,0.74425
20271209,2.4997
20271210,7.9458
20271211,6.7303
20271212,6.2091
20271213,5.05
20271214,4.9226
20271215,2.2335
20271216,1.6334
20271217,1.0733
20271218,-1.9617
20271219,-2.8404
20271220,0.24652
20271221,-1.1684
20271222,-0.26291
20271223,-0.16231
20271224,-0.36266
20271225,-0.30004
20271226,-1.1469
20271227,5.5918
20271228,4.8574
20271229,4.9093
20271230,6.8845
20271231,3.6389
20280101,6.9983
20280102,0.61512
20280103,-0.80017
20280104,-2.1178
20280105,1.8185
20280106,-0.20893
20280107,1.085
20280108,3.1552
20280109,2.9506
20280110,1.3939
20280111,2.1311
20280112,1.7334
20280113,6.8403
20280114,6.7768
20280115,6.761
20280116,4.9437
20280117,2.8214
20280118,6.2342
20280119,1.9581
20280120,0.55553
20280121,-0.57515
20280122,4.7479
20280123,7.9738
20280124,5.4982
20280125,8.1702
20280126,4.3744
20280127,1.3071
20280128,6.9357
20280129,9.159
20280130,8.8338
20280131,3.0442
20280201,2.7953
20280202,1.6322
20280203,0.64238
20280204,-0.99864
20280205,2.1507
20280206,0.058919
20280207,-0.56667
20280208,3.3344
20280209,-0.70452
20280210,-2.0185
20280211,-0.14519
20280212,2.5989
20280213,0.080841
20280214,2.5108
20280215,2.249
20280216,2.6519
20280217,3.7726
20280218,0.2094
20280219,1.9758
20280220,0.0071411
20280221,-0.68584
20280222,0.15971
20280223,0.35244
20280224,0.13053
20280225,0.13873
20280226,-1.4079
20280227,-1.6094
20280228,-1.1844
20280229,2.6828
20280301,3.1119
20280302,1.8411
20280303,3.7365
20280304,4.9835
20280305,6.572
20280306,5.6837
20280307,3.2052
20280308,1.1294
20280309,0.22224
20280310,-0.90397
20280311,0.38436
20280312,0.019969
20280313,-0.0034281
20280314,-0.13316
20280315,0.80527
20280316,1.9443
20280317,3.6426
20280318,0.9724
20280319,2.3468
20280320,5.5271
20280321,4.942
20280322,4.7218
20280323,7.8296
20280324,3.7958
20280325,0.82807
20280326,0.66339
20280327,1.1557
20280328,-0.23949
20280329,2.6551
20280330,5.029
20280331,2.6202
20280401,4.1729
20280402,2.0664
20280403,1.4056
20280404,-0.63596
20280405,3.5533
20280406,2.323
20280407,1.1747
20280408,2.2153
20280409,6.0915
20280410,5.1803
20280411,8.4436
20280412,11.431
20280413,8.84
20280414,7.8865
20280415,8.5517
20280416,8.2541
20280417,8.0618
20280418,6.3227
20280419,4.7864
20280420,7.6712
20280421,8.0405
20280422,8.318
20280423,8.2335
20280424,8.7049
20280425,7.1351
20280426,6.938
20280427,7.5164
20280428,6.9685
20280429,7.0214
20280430,6.5616
20280501,7.316
20280502,10.039
20280503,7.7432
20280504,6.3699
20280505,9.542
20280506,8.9422
20280507,9.1346
20280508,7.6332
20280509,6.9023
20280510,8.9782
20280511,7.3627
20280512,6.2043
20280513,8.0799
20280514,9.4009
20280515,9.9915
20280516,8.4228
20280517,9.8915
20280518,11.324
20280519,11.298
20280520,12.419
20280521,10.17
20280522,10.352
20280523,12.78
20280524,13.561
20280525,13.309
20280526,11.397
20280527,10.926
20280528,10.764
20280529,8.8948
20280530,7.3626
20280531,5.7425
20280601,7.7465
20280602,10.577
20280603,9.4607
20280604,9.521
20280605,10.803
20280606,12.427
20280607,14.658
20280608,16.002
20280609,15.72
20280610,16.305
20280611,15.99
20280612,14.636
20280613,15.305
20280614,15.091
20280615,18.867
20280616,17.419
20280617,16.418
20280618,16.119
20280619,14.375
20280620,12.646
20280621,13.092
20280622,14.111
20280623,15.968
20280624,14.139
20280625,12.73
20280626,12.174
20280627,12.846
20280628,11.526
20280629,10.21
20280630,10.958
20280701,11.21
20280702,12.012
20280703,13.771
20280704,15.498
20280705,13.536
20280706,13.293
20280707,13.346
20280708,15.102
20280709,15.52
20280710,17.706
20280711,18.129
20280712,15.584
20280713,13.077
20280714,13.813
20280715,14.651
20280716,15.736
20280717,17.259
20280718,17.018
20280719,16.273
20280720,18.16
20280721,17.569
20280722,16.054
20280723,15
20280724,16.684
20280725,19.122
20280726,18.174
20280727,19.109
20280728,19.344
20280729,19.472
20280730,17.665
20280731,17.516
20280801,17.941
20280802,17.701
20280803,19.142
20280804,18.836
20280805,20.168
20280806,20.3
20280807,20.509
20280808,18.604
20280809,19.788
20280810,18.479
20280811,18.471
20280812,15.902
20280813,16.998
20280814,18.202
20280815,18.226
20280816,20.895
20280817,21.874
20280818,21.098
20280819,17.517
20280820,13.46
20280821,12.222
20280822,11.458
20280823,13.879
20280824,13.511
20280825,14.902
20280826,16.633
20280827,17.014
20280828,18.809
20280829,19.766
20280830,18.053
20280831,16.184
20280901,14.754
20280902,15.025
20280903,16.056
20280904,13.344
20280905,15.928
20280906,14.724
20280907,15.979
20280908,16.424
20280909,17.563
20280910,15.056
20280911,13.49
20280912,13.571
20280913,15.355
20280914,13.146
20280915,11.11
20280916,11.385
20280917,12.893
20280918,12.239
20280919,12.846
20280920,13.381
20280921,12.338
20280922,10.805
20280923,11.247
20280924,9.4766
20280925,9.5971
20280926,11.054
20280927,12.192
20280928,12.206
20280929,12.966
20280930,9.8469
20281001,9.3273
20281002,8.2462
20281003,8.9136
20281004,12.571
20281005,9.758
20281006,9.5593
20281007,8.2923
20281008,7.3599
20281009,8.0351
20281010,7.1881
20281011,8.0244
20281012,8.2981
20281013,7.9612
20281014,7.0652
20281015,9.9575
20281016,13.667
20281017,13.471
20281018,14.221
20281019,11.689
20281020,9.4561
20281021,7.4619
20281022,6.1822
20281023,9.7455
20281024,7.2632
20281025,5.8344
20281026,9.1758
20281027,7.812
20281028,10.123
20281029,8.9546
20281030,8.1372
20281031,5.0585
20281101,4.9651
20281102,4.2115
20281103,3.884
20281104,1.732
20281105,0.34947
20281106,0.54407
20281107,0.48417
20281108,-0.82757
20281109,-0.95012
20281110,-2.9148
20281111,-3.623
20281112,-0.6906
20281113,1.4072
20281114,1.4628
20281115,1.3885
20281116,1.4959
20281117,1.3375
20281118,-0.045095
20281119,-0.7308
20281120,-0.76099
20281121,1.9512
20281122,2.5992
20281123,8.1748
20281124,9.285
20281125,6.0554
20281126,5.9668
20281127,5.0916
20281128,2.8008
20281129,5.3893
20281130,4.9477
20281201,1.557
20281202,8.0091
20281203,4.3208
20281204,3.2849
20281205,4.1563
20281206,1.8267
20281207,4.9209
20281208,2.0536
20281209,1.6357
20281210,4.7967
20281211,9.4741
20281212,7.8838
20281213,3.4413
20281214,1.0628
20281215,0.78878
20281216,0.78884
20281217,1.0465
20281218,3.7473
20281219,1.6957
20281220,7.1204
20281221,6.8575
20281222,6.9438
20281223,8.9699
20281224,7.9685
20281225,6.1373
20281226,10.337
20281227,10.467
20281228,8.295
20281229,3.989
20281230,2.1912
20281231,2.067
20290101,3.8548
20290102,2.6938
20290103,2.9581
20290104,0.42593
20290105,3.7673
20290106,2.1971
20290107,0.090495
20290108,6.6561
20290109,9.5578
20290110,1.6641
20290111,-0.44359
20290112,2.6704
20290113,2.2953
20290114,-0.749
20290115,-1.689
20290116,-0.010793
20290117,-1.4108
20290118,-0.4308
20290119,-0.10061
20290120,-0.96947
20290121,-1.7077
20290122,-1.9037
20290123,-0.3417
20290124,0.60202
20290125,6.9371
20290126,7.1973
20290127,2.6849
20290128,0.33347
20290129,0.32496
20290130,0.03772
20290131,-1.2941
20290201,1.049
20290202,1.096
20290203,0.24201
20290204,8.3368
20290205,4.9306
20290206,2.3011
20290207,3.5137
20290208,0.89467
20290209,1.4639
20290210,-0.61342
20290211,1.4863
20290212,1.5363
20290213,-1.1693
20290214,-1.4454
20290215,-0.37867
20290216,2.4703
20290217,6.642
20290218,5.7797
20290219,2.1589
20290220,-0.45686
20290221,2.9603
20290222,0.2835
20290223,-1.9586
20290224,-2.1404
20290225,5.8483
20290226,3.3592
20290227,2.4043
20290228,0.83504
20290301,-1.3728
20290302,6.1338
20290303,3.583
20290304,2.5995
20290305,3.5907
20290306,5.4549
20290307,4.6419
20290308,3.6837
20290309,2.8838
20290310,1.129
20290311,4.7029
20290312,2.8083
20290313,2.4201
20290314,2.594
20290315,1.7414
20290316,0.77859
20290317,0.31211
20290318,-0.28583
20290319,1.0762
20290320,-0.55366
20290321,0.36119
20290322,-0.37383
20290323,-1.825
20290324,1.324
20290325,-0.56437
20290326,4.5718
20290327,3.1305
20290328,5.2597
20290329,3.2813
20290330,3.8644
20290331,7.0742
20290401,6.5353
20290402,5.8264
20290403,6.6539
20290404,5.6407
20290405,2.8094
20290406,3.3915
20290407,3.8346
20290408,6.741
20290409,6.3589
20290410,9.336
20290411,7.3717
20290412,7.1723
20290413,6.0947
20290414,7.4999
20290415,8.0676
20290416,8.4689
20290417,9.5228
20290418,7.8674
20290419,7.4158
20290420,9.3332
20290421,7.9292
20290422,5.8132
20290423,7.7038
20290424,7.1468
20290425,5.7807
20290426,6.5175
20290427,5.2763
20290428,7.7037
20290429,5.5725
20290430,3.2408
20290501,2.2237
20290502,4.5096
20290503,6.9312
20290504,6.5804
20290505,5.4361
20290506,5.7958
20290507,8.0501
20290508,8.831
20290509,9.1053
20290510,8.5344
20290511,13.345
20290512,9.1471
20290513,7.7951
20290514,11.787
20290515,12.072
20290516,11.444
20290517,10.528
20290518,8.8639
20290519,9.6773
20290520,9.2739
20290521,11.691
20290522,10.35
20290523,10.354
20290524,11.816
20290525,12.725
20290526,11.879
20290527,12.109
20290528,11.375
20290529,12.271
20290530,11.506
20290531,9.9396
20290601,12.043
20290602,15.901
20290603,13.25
20290604,11.351
20290605,13.69
20290606,9.6564
20290607,8.2574
20290608,8.794
20290609,10.847
20290610,12.424
20290611,15.824
20290612,13.839
20290613,11.965
20290614,15.996
20290615,17.05
20290616,14.934
20290617,15.167
20290618,15.459
20290619,13.789
20290620,12.599
20290621,14.699
20290622,15.914
20290623,17.903
20290624,19.073
20290625,18.02
20290626,16.668
20290627,15.566
20290628,16.274
20290629,18.476
20290630,17.683
20290701,17.241
20290702,18.394
20290703,16.586
20290704,15.471
20290705,16.307
20290706,16.946
20290707,17.729
20290708,16.01
20290709,16.435
20290710,17.565
20290711,15.497
20290712,12.506
20290713,16.203
20290714,18.489
20290715,17.34
20290716,13.831
20290717,12.084
20290718,13.852
20290719,13.367
20290720,16.134
20290721,17.372
20290722,16.061
20290723,15.069
20290724,13.898
20290725,12.236
20290726,13.988
20290727,15.893
20290728,16.705
20290729,18.171
20290730,16.779
20290731,16.269
20290801,17.234
20290802,19.806
20290803,21.199
20290804,19.601
20290805,20.035
20290806,20.379
20290807,21.487
20290808,20.414
20290809,18.442
20290810,21.274
20290811,22.293
20290812,20.491
20290813,20.869
20290814,19.816
20290815,19.976
20290816,18.741
20290817,17.878
20290818,17.573
20290819,18.266
20290820,16.461
20290821,16.552
20290822,18.08
20290823,15.073
20290824,13.194
20290825,14.631
20290826,13.393
20290827,13
20290828,15.026
20290829,16.437
20290830,15.549
20290831,16.957
20290901,14.723
20290902,17.887
20290903,17.839
20290904,19.052
20290905,15.589
20290906,16.363
20290907,13.1
20290908,12.861
20290909,16.932
20290910,18.485
20290911,18.675
20290912,18.982
20290913,16.742
20290914,14.519
20290915,15.987
20290916,17.874
20290917,18.809
20290918,18.299
20290919,16.07
20290920,12.966
20290921,12.131
20290922,10.579
20290923,10.522
20290924,10.246
20290925,11.423
20290926,14.461
20290927,16.656
20290928,12.337
20290929,10.721
20290930,15.341
20291001,13.833
20291002,10.882
20291003,13.595
20291004,15.25
20291005,11.396
20291006,8.9557
20291007,6.4549
20291008,8.0435
20291009,7.9422
20291010,8.4328
20291011,11.344
20291012,9.1748
20291013,6.5347
20291014,6.0356
20291015,6.0104
20291016,6.5173
20291017,6.6743
20291018,9.4436
20291019,10.632
20291020,9.0336
20291021,8.6507
20291022,9.6631
20291023,10.233
20291024,11.624
20291025,12.228
20291026,11.101
20291027,9.2818
20291028,7.2983
20291029,7.5313
20291030,5.4309
20291031,9.6526
20291101,5.708
20291102,3.9885
20291103,4.5194
20291104,4.1549
20291105,3.3351
20291106,2.9696
20291107,1.6923
20291108,0.92206
20291109,-0.51015
20291110,2.7543
20291111,4.2173
20291112,3.5625
20291113,3.6797
20291114,4.0089
20291115,3.9741
20291116,1.2318
20291117,3.7336
20291118,0.62956
20291119,-1.0397
20291120,0.85294
20291121,-0.10849
20291122,1.0859
20291123,4.6874
20291124,4.6774
20291125,4.0776
20291126,0.98214
20291127,0.23003
20291128,0.8036
20291129,4.5052
20291130,2.7076
20291201,2.4178
20291202,3.1462
20291203,2.5466
20291204,1.7631
20291205,2.8458
20291206,4.8854
20291207,2.0411
20291208,-0.31133
20291209,-0.90353
20291210,0.057922
20291211,-0.73384
20291212,-1.9931
20291213,-1.1374
20291214,7.9144
20291215,3.5514
20291216,1.1286
20291217,2.6912
20291218,1.7032
20291219,2.9438
20291220,1.058
20291221,-0.013011
20291222,2.7548
20291223,1.2557
20291224,-0.37242
20291225,-1.8737
20291226,-1.0838
20291227,-1.1146
20291228,5.3386
20291229,7.3223
20291230,5.177
20291231,-1.6335
20300101,-3.8164
20300102,-4.9647
20300103,-6.2857
20300104,-6.2842
20300105,0.030223
20300106,-2.3271
20300107,-2.7555
20300108,-2.7321
20300109,-1.0663
20300110,-2.4806
20300111,-2.363
20300112,-2.2192
20300113,-1.3262
20300114,-2.8105
20300115,-3.2257
20300116,1.4603
20300117,-2.9077
20300118,-4.7791
20300119,-6.0321
20300120,-7.6104
20300121,-4.6532
20300122,-2.0117
20300123,-1.9755
20300124,-2.5091
20300125,-2.9299
20300126,-1.9684
20300127,-1.8265
20300128,6.1965
20300129,4.0472
20300130,3.1185
20300131,0.16172
20300201,-1.7267
20300202,-1.8066
20300203,-0.27931
20300204,1.8968
20300205,6.0465
20300206,6.3894
20300207,1.8258
20300208,0.37053
20300209,-1.9366
20300210,0.24492
20300211,1.3653
20300212,3.7504
20300213,-0.94557
20300214,-1.5507
20300215,-1.4781
20300216,1.5186
20300217,1.2289
20300218,1.2485
20300219,4.1056
20300220,2.5482
20300221,1.0527
20300222,0.18704
20300223,-0.35233
20300224,1.2826
20300225,-0.34211
20300226,1.4502
20300227,1.7197
20300228,2.2237
20300301,0.34482
20300302,1.6995
20300303,2.0245
20300304,0.013377
20300305,1.169
20300306,0.97378
20300307,0.5332
20300308,6.427
20300309,4.5504
20300310,4.4029
20300311,4.2686
20300312,4.346
20300313,4.6338
20300314,7.6864
20300315,5.5614
20300316,3.8774
20300317,4.8488
20300318,5.4757
20300319,4.331
20300320,5.0132
20300321,2.3842
20300322,2.5944
20300323,1.3029
20300324,1.7213
20300325,3.678
20300326,4.13
20300327,5.1761
20300328,5.5074
20300329,6.2397
20300330,3.8846
20300331,5.287
20300401,2.2309
20300402,4.8251
20300403,2.816
20300404,1.849
20300405,2.9173
20300406,4.8065
20300407,3.5265
20300408,5.3354
20300409,6.0964
20300410,5.8569
20300411,4.1764
20300412,5.187
20300413,4.937
20300414,5.7937
20300415,5.1514
20300416,7.7093
20300417,9.2813
20300418,6.8945
20300419,4.3909
20300420,2.1605
20300421,6.526
20300422,4.5393
20300423,5.4074
20300424,8.1204
20300425,6.5319
20300426,7.2808
20300427,9.3316
20300428,9.9895
20300429,8.7269
20300430,11.021
20300501,9.8954
20300502,10.187
20300503,10.021
20300504,8.5953
20300505,11.4
20300506,12.268
20300507,9.7783
20300508,8.0471
20300509,10.398
20300510,11.164
20300511,12.24
20300512,10.974
20300513,9.4419
20300514,14.44
20300515,13.777
20300516,12.331
20300517,11.947
20300518,12.502
20300519,10.131
20300520,8.3359
20300521,11.56
20300522,11.362
20300523,13.282
20300524,11.258
20300525,10.675
20300526,12.188
20300527,15.241
20300528,13.559
20300529,10.303
20300530,10.876
20300531,11.318
20300601,9.8324
20300602,8.0345
20300603,9.0328
20300604,9.0593
20300605,10.523
20300606,10.352
20300607,12.72
20300608,14.595
20300609,14.33
20300610,13.258
20300611,12.221
20300612,12.856
20300613,12.395
20300614,14.129
20300615,13.615
20300616,15.942
20300617,17.077
20300618,16.831
20300619,17.77
20300620,18.414
20300621,15.591
20300622,14.271
20300623,15.885
20300624,17.458
20300625,16.49
20300626,16.154
20300627,20.287
20300628,17.657
20300629,16.638
20300630,15.887
20300701,12.412
20300702,14.079
20300703,16.279
20300704,15.675
20300705,16.758
20300706,15.33
20300707,17.609
20300708,17.224
20300709,15.696
20300710,16.82
20300711,15.539
20300712,17.072
20300713,18.105
20300714,15.603
20300715,14.302
20300716,12.818
20300717,11.247
20300718,12.91
20300719,13.235
20300720,16.045
20300721,16.097
20300722,15.341
20300723,17.484
20300724,16.838
20300725,16.437
20300726,15.588
20300727,16.661
20300728,17.385
20300729,17.59
20300730,17.459
20300731,16.82
20300801,19.084
20300802,19.525
20300803,19.801
20300804,19.782
20300805,17.758
20300806,19.475
20300807,17.921
20300808,16.818
20300809,18.69
20300810,17.047
20300811,18.93
20300812,20.004
20300813,20.038
20300814,18.608
20300815,19.318
20300816,19.756
20300817,17.271
20300818,18.229
20300819,19.131
20300820,21.774
20300821,21.665
20300822,20.239
20300823,18.313
20300824,20.063
20300825,19.639
20300826,19.84
20300827,20.429
20300828,19.087
20300829,16.621
20300830,15.619
20300831,14.739
20300901,15.522
20300902,15.654
20300903,19.429
20300904,18.558
20300905,17.129
20300906,18.837
20300907,21.079
20300908,20.229
20300909,19.711
20300910,18.1
20300911,16.391
20300912,13.9
20300913,11.633
20300914,13.806
20300915,15.366
20300916,15.41
20300917,15.231
20300918,15.602
20300919,16.044
20300920,16.006
20300921,16.348
20300922,15.728
20300923,11.997
20300924,9.7758
20300925,10.085
20300926,10.989
20300927,10.781
20300928,13.084
20300929,11.211
20300930,9.408
20301001,9.9229
20301002,9.0816
20301003,10.2
20301004,8.9299
20301005,8.7523
20301006,8.1348
20301007,5.5696
20301008,5.868
20301009,6.2328
20301010,7.3955
20301011,8.9685
20301012,8.6268
20301013,7.3729
20301014,5.8998
20301015,8.6374
20301016,7.9327
20301017,5.5804
20301018,5.8239
20301019,8.3779
20301020,7.9322
20301021,7.5475
20301022,6.8452
20301023,3.2437
20301024,6.3222
20301025,3.3725
20301026,0.86691
20301027,0.72248
20301028,7.9325
20301029,8.7696
20301030,9.125
20301031,8.7437
20301101,8.3464
20301102,10.101
20301103,5.9567
20301104,4.9329
20301105,7.2979
20301106,5.2231
20301107,3.2584
20301108,2.6379
20301109,4.0219
20301110,3.692
20301111,1.724
20301112,1.519
20301113,-0.067037
20301114,0.20088
20301115,-1.1784
20301116,2.0848
20301117,5.1824
20301118,3.6387
20301119,2.0048
20301120,0.63325
20301121,4.7825
20301122,7.9567
20301123,8.3506
20301124,11.653
20301125,10.048
20301126,11.633
20301127,10.802
20301128,8.9329
20301129,9.9178
20301130,9.0512
20301201,10.281
20301202,10.914
20301203,10.969
20301204,7.7308
20301205,7.5961
20301206,5.7333
20301207,3.9382
20301208,2.9111
20301209,2.8509
20301210,3.2742
20301211,0.3128
20301212,-0.58245
20301213,-1.5796
20301214,-1.2164
20301215,-1.0878
20301216,-1.4541
20301217,-1.8393
20301218,-2.149
20301219,-1.9618
20301220,-1.9613
20301221,-1.4872
20301222,-0.50918
20301223,-0.61914
20301224,-1.1224
20301225,4.6613
20301226,3.4301
20301227,3.1657
20301228,4.1242
20301229,3.3482
20301230,3.4523
20301231,3.6642
20310101,2.0622
20310102,0.479
20310103,-0.06604
20310104,-0.13209
20310105,0.46146
20310106,2.5035
20310107,4.2938
20310108,2.1249
20310109,1.1731
20310110,1.7646
20310111,-0.1728
20310112,1.961
20310113,5.8295
20310114,3.8137
20310115,-0.22274
20310116,4.3554
20310117,4.2184
20310118,0.28373
20310119,-0.23965
20310120,0.86015
20310121,-0.042236
20310122,-2.0474
20310123,-1.9475
20310124,-3.1029
20310125,-2.9987
20310126,-2.5311
20310127,-4.787
20310128,-6.2092
20310129,-5.3745
20310130,1.1471
20310131,0.76507
20310201,0.81968
20310202,-0.70226
20310203,-0.081278
20310204,-1.8704
20310205,0.24274
20310206,0.094645
20310207,7.1429
20310208,4.6906
20310209,2.5804
20310210,1.424
20310211,2.5199
20310212,2.9583
20310213,3.1866
20310214,6.1906
20310215,9.3041
20310216,5.417
20310217,3.1777
20310218,3.7024
20310219,3.1357
20310220,3.3371
20310221,3.4171
20310222,4.727
20310223,3.6807
20310224,2.6595
20310225,3.0522
20310226,2.2273
20310227,1.8261
20310228,2.2106
20310301,5.7537
20310302,9.479
20310303,5.003
20310304,2.4231
20310305,3.0137
20310306,5.4141
20310307,9.9743
20310308,7.9479
20310309,6.8028
20310310,7.504
20310311,5.9709
20310312,4.5281
20310313,4.5088
20310314,5.7505
20310315,2.9057
20310316,3.1902
20310317,4.2999
20310318,4.3233
20310319,1.6849
20310320,-0.010417
20310321,-0.40222
20310322,2.143
20310323,-0.18327
20310324,5.245
20310325,5.355
20310326,2.3544
20310327,-0.238
20310328,-2.0296
20310329,-0.35098
20310330,-0.17176
20310331,1.2338
20310401,2.6657
20310402,5.4121
20310403,5.493
20310404,6.2093
20310405,5.4053
20310406,5.3563
20310407,6.3929
20310408,4.7831
20310409,3.0881
20310410,2.4442
20310411,4.868
20310412,4.2576
20310413,6.6976
20310414,3.6348
20310415,4.4582
20310416,6.7512
20310417,8.6812
20310418,6.9731
20310419,6.6367
20310420,6.362
20310421,7.386
20310422,8.6906
20310423,9.5186
20310424,7.5357
20310425,8.1947
20310426,7.1301
20310427,6.6447
20310428,4.2216
20310429,8.6018
20310430,7.4731
20310501,5.5487
20310502,9.5248
20310503,10.377
20310504,6.9609
20310505,11.648
20310506,11.165
20310507,7.6149
20310508,5.9176
20310509,7.4456
20310510,5.4523
20310511,8.8438
20310512,7.1525
20310513,5.006
20310514,7.56
20310515,8.0874
20310516,5.9811
20310517,7.4988
20310518,6.1487
20310519,7.9457
20310520,8.2834
20310521,10.452
20310522,10.263
20310523,8.5246
20310524,9.9603
20310525,11.146
20310526,10.597
20310527,11.298
20310528,11.169
20310529,12.146
20310530,11.494
20310531,9.3203
20310601,12.327
20310602,11.327
20310603,13.102
20310604,13.724
20310605,11.903
20310606,10.231
20310607,9.7866
20310608,8.5642
20310609,7.2038
20310610,11.534
20310611,13.984
20310612,13.67
20310613,12.091
20310614,12.34
20310615,14.645
20310616,15.243
20310617,13.671
20310618,13.637
20310619,12.612
20310620,12.365
20310621,11.018
20310622,14.246
20310623,12.032
20310624,13.788
20310625,13.5
20310626,11.5
20310627,11.255
20310628,14.934
20310629,15.155
20310630,15.474
20310701,14.201
20310702,15.539
20310703,14.715
20310704,12.664
20310705,15.102
20310706,18.474
20310707,16.326
20310708,17.659
20310709,16.246
20310710,15.145
20310711,13.831
20310712,12.563
20310713,12.871
20310714,18.236
20310715,18.029
20310716,16.718
20310717,15.976
20310718,17.373
20310719,18.387
20310720,16.748
20310721,14.182
20310722,15.906
20310723,16.653
20310724,17.208
20310725,15.587
20310726,16.734
20310727,16.207
20310728,17.643
20310729,16.917
20310730,14.385
20310731,15.04
20310801,15.865
20310802,16.767
20310803,17.739
20310804,15.896
20310805,16.6
20310806,14.837
20310807,14.867
20310808,15.437
20310809,15.657
20310810,13.322
20310811,12.674
20310812,13.257
20310813,13.668
20310814,16.158
20310815,16.564
20310816,16.046
20310817,17.322
20310818,17.129
20310819,15.16
20310820,16.491
20310821,14.381
20310822,14.097
20310823,13.145
20310824,13.945
20310825,14.673
20310826,16.801
20310827,15.572
20310828,14.773
20310829,15.991
20310830,12.943
20310831,15.225
20310901,15.559
20310902,16.466
20310903,14.093
20310904,11.578
20310905,10.741
20310906,12.193
20310907,14.945
20310908,12.554
20310909,14.222
20310910,18.865
20310911,11.613
20310912,10.002
20310913,11.674
20310914,13.56
20310915,14.77
20310916,14.525
20310917,14.918
20310918,14.173
20310919,13.87
20310920,13.535
20310921,13.226
20310922,13.411
20310923,12.627
20310924,13.052
20310925,13.472
20310926,12.892
20310927,12.513
20310928,12.621
20310929,11.33
20310930,12.958
20311001,12.098
20311002,12.022
20311003,12.41
20311004,12.969
20311005,11.349
20311006,9.6981
20311007,16.015
20311008,9.723
20311009,7.6345
20311010,6.9012
20311011,5.8342
20311012,10.195
20311013,8.6332
20311014,9.1599
20311015,10.678
20311016,15.332
20311017,12.19
20311018,8.3213
20311019,7.1484
20311020,7.5492
20311021,6.3896
20311022,4.4093
20311023,6.2272
20311024,6.5018
20311025,5.5226
20311026,4.6198
20311027,4.6195
20311028,5.5837
20311029,5.3559
20311030,3.6386
20311031,2.915
20311101,9.7286
20311102,8.3218
20311103,5.2215
20311104,3.4479
20311105,2.703
20311106,1.261
20311107,3.4962
20311108,1.7313
20311109,1.3271
20311110,1.1949
20311111,2.5514
20311112,0.29177
20311113,3.6672
20311114,1.2575
20311115,-0.21653
20311116,1.6438
20311117,0.27664
20311118,-0.62973
20311119,0.090403
20311120,1.3811
20311121,1.1575
20311122,1.2652
20311123,7.1547
20311124,5.4329
20311125,4.8492
20311126,10.65
20311127,7.1813
20311128,4.2852
20311129,3.854
20311130,7.9076
20311201,3.2104
20311202,0.35076
20311203,0.89025
20311204,6.4078
20311205,0.77347
20311206,-0.49975
20311207,-0.87434
20311208,-1.5817
20311209,-1.131
20311210,-1.8318
20311211,-2.4796
20311212,-2.7282
20311213,-1.0432
20311214,-1.9386
20311215,-0.92006
20311216,-1.7343
20311217,-0.93588
20311218,-1.9185
20311219,-0.83039
20311220,4.923
20311221,-1.7586
20311222,-2.1887
20311223,-2.1084
20311224,-2.5635
20311225,-2.3379
20311226,-2.0208
20311227,-0.3202
20311228,5.3314
20311229,5.3108
20311230,6.0303
20311231,2.2919
20320101,1.266
20320102,1.5392
20320103,-0.18458
20320104,-1.0913
20320105,-0.69894
20320106,1.1767
20320107,1.8514
20320108,3.4636
20320109,0.90239
20320110,-0.75946
20320111,-1.2965
20320112,4.1625
20320113,-1.6791
20320114,-4.1317
20320115,-2.7958
20320116,2.2576
20320117,0.65705
20320118,-0.49178
20320119,-0.3961
20320120,-1.9987
20320121,-1.4894
20320122,-0.92053
20320123,-1.3833
20320124,-0.24097
20320125,-0.60652
20320126,-1.062
20320127,-3.0122
20320128,-2.9348
20320129,-1.2215
20320130,-1.021
20320131,-2.3514
20320201,-1.5639
20320202,3.0501
20320203,2.7595
20320204,3.9795
20320205,1.0974
20320206,-1.5853
20320207,-1.2557
20320208,2.6469
20320209,5.1396
20320210,6.7398
20320211,7.4716
20320212,3.4151
20320213,0.44406
20320214,0.045207
20320215,0.56693
20320216,1.9212
20320217,4.5527
20320218,4.8894
20320219,3.4905
20320220,0.74582
20320221,0.74008
20320222,1.0154
20320223,0.063344
20320224,0.64079
20320225,-1.2804
20320226,-2.5888
20320227,-1.3376
20320228,0.71694
20320229,-0.60291
20320301,-0.24708
20320302,0.34495
20320303,-1.6419
20320304,-1.2839
20320305,0.67725
20320306,0.042938
20320307,-0.3598
20320308,0.31384
20320309,-0.28246
20320310,-1.9811
20320311,2.213
20320312,7.7243
20320313,7.6902
20320314,4.138
20320315,2.1559
20320316,3.344
20320317,3.7396
20320318,3.0446
20320319,3.076
20320320,6.5178
20320321,6.3064
20320322,5.5548
20320323,5.8242
20320324,5.141
20320325,1.4281
20320326,1.8127
20320327,3.227
20320328,2.6424
20320329,1.1683
20320330,1.56
20320331,4.0571
20320401,5.4448
20320402,7.6168
20320403,4.4891
20320404,8.963
20320405,9.6937
20320406,5.4677
20320407,3.6607
20320408,0.60837
20320409,0.28881
20320410,-0.61845
20320411,-0.3264
20320412,2.6515
20320413,3.2503
20320414,3.8468
20320415,5.4051
20320416,2.8111
20320417,2.1177
20320418,0.80393
20320419,1.9885
20320420,3.1722
20320421,1.4835
20320422,4.9915
20320423,2.5604
20320424,5.4937
20320425,4.696
20320426,6.2853
20320427,8.3135
20320428,9.3161
20320429,9.0678
20320430,7.8109
20320501,9.3007
20320502,6.8487
20320503,7.2155
20320504,8.3549
20320505,6.5899
20320506,9.9115
20320507,8.2201
20320508,7.9181
20320509,8.2106
20320510,7.7923
20320511,7.7051
20320512,7.0577
20320513,9.8027
20320514,8.0378
20320515,7.8372
20320516,10.961
20320517,8.4167
20320518,10.257
20320519,10.216
20320520,9.2743
20320521,10.099
20320522,13.114
20320523,9.0992
20320524,7.5173
20320525,10.364
20320526,9.5996
20320527,10.501
20320528,8.8733
20320529,8.4424
20320530,8.0083
20320531,8.2499
20320601,8.7995
20320602,12.243
20320603,12.738
20320604,14.318
20320605,14.487
20320606,13.722
20320607,10.78
20320608,9.2512
20320609,9.7553
20320610,12.127
20320611,14.954
20320612,15.005
20320613,13.285
20320614,12.932
20320615,12.213
20320616,13.668
20320617,12.944
20320618,12.588
20320619,13.325
20320620,14.968
20320621,15.644
20320622,16.644
20320623,16.793
20320624,16.69
20320625,15.297
20320626,15.097
20320627,15.489
20320628,17.533
20320629,18.185
20320630,19.063
20320701,18.17
20320702,15.901
20320703,14.343
20320704,14.91
20320705,16.841
20320706,15.289
20320707,14.06
20320708,17.004
20320709,17.303
20320710,14.253
20320711,12.913
20320712,13.559
20320713,16.264
20320714,18.533
20320715,20.351
20320716,19.943
20320717,18.327
20320718,16.586
20320719,14.456
20320720,12.645
20320721,12.378
20320722,15.885
20320723,17.879
20320724,18.077
20320725,16.468
20320726,16.816
20320727,16.891
20320728,14.442
20320729,13.55
20320730,15.342
20320731,17.24
20320801,18.098
20320802,19.468
20320803,19.715
20320804,20.683
20320805,20.349
20320806,20.316
20320807,21.044
20320808,19.552
20320809,19.884
20320810,18.454
20320811,20.103
20320812,20.64
20320813,20.372
20320814,19.763
20320815,17.813
20320816,16.824
20320817,16.082
20320818,17.393
20320819,17.477
20320820,16.767
20320821,17.606
20320822,15.527
20320823,16.638
20320824,19.775
20320825,19.284
20320826,18.936
20320827,16.784
20320828,14.508
20320829,15.619
20320830,18.075
20320831,18.468
20320901,19.733
20320902,18.026
20320903,16.337
20320904,16.954
20320905,17.099
20320906,17.35
20320907,16.731
20320908,15.775
20320909,15.261
20320910,15.05
20320911,15.915
20320912,14.778
20320913,14.386
20320914,13.952
20320915,14.502
20320916,13.853
20320917,15.595
20320918,14.891
20320919,15.348
20320920,14.317
20320921,14.063
20320922,14.506
20320923,12.742
20320924,16.316
20320925,17.343
20320926,12.913
20320927,11.496
20320928,11.56
20320929,10.917
20320930,11.514
20321001,12.723
20321002,11.794
20321003,10.223
20321004,11.66
20321005,14.78
20321006,15.286
20321007,13.78
20321008,17.008
20321009,15.219
20321010,13.007
20321011,12.248
20321012,11.107
20321013,10.457
20321014,10.517
20321015,11.179
20321016,12.782
20321017,10.087
20321018,8.4685
20321019,8.5992
20321020,8.9874
20321021,8.1533
20321022,9.7403
20321023,8.0905
20321024,6.4643
20321025,6.9118
20321026,6.7611
20321027,7.2086
20321028,7.9984
20321029,6.2717
20321030,4.4355
20321031,3.4171
20321101,1.7963
20321102,0.7316
20321103,1.4201
20321104,0.36488
20321105,0.72535
20321106,9.6479
20321107,11.088
20321108,7.6107
20321109,7.6967
20321110,7.7429
20321111,8.6161
20321112,9.45
20321113,8.62
20321114,8.4362
20321115,9.419
20321116,7.0786
20321117,4.9723
20321118,3.1808
20321119,2.0402
20321120,0.791
20321121,6.5847
20321122,3.9023
20321123,2.2501
20321124,0.97168
20321125,1.0296
20321126,-2.0848
20321127,-3.2416
20321128,-1.8675
20321129,2.245
20321130,4.5966
20321201,4.4195
20321202,5.7864
20321203,3.9176
20321204,9.2822
20321205,7.8975
20321206,6.2424
20321207,4.0646
20321208,9.08
20321209,6.744
20321210,4.3386
20321211,2.6287
20321212,1.2899
20321213,6.6263
20321214,6.3624
20321215,3.8699
20321216,4.8951
20321217,3.9589
20321218,1.5947
20321219,3.5226
20321220,1.3216
20321221,-0.98409
20321222,-0.16561
20321223,4.8182
20321224,2.978
20321225,8.1655
20321226,2.623
20321227,0.13118
20321228,1.901
20321229,1.8662
20321230,0.63366
20321231,3.2197
20330101,3.057
20330102,0.94159
20330103,-1.5987
20330104,-1.2054
20330105,-1.2102
20330106,-0.094716
20330107,5.6816
20330108,4.0365
20330109,2.5108
20330110,2.3
20330111,3.5903
20330112,8.2259
20330113,5.684
20330114,4.1589
20330115,4.4463
20330116,6.794
20330117,6.7463
20330118,6.0378
20330119,4.1514
20330120,1.6284
20330121,2.6152
20330122,1.752
20330123,0.053223
20330124,-0.59737
20330125,-1.7562
20330126,-0.92993
20330127,0.73134
20330128,1.5167
20330129,-0.91656
20330130,-1.8921
20330131,-2.3042
20330201,-5.5585
20330202,-2.8797
20330203,0.017141
20330204,-0.63594
20330205,-0.66777
20330206,-0.63449
20330207,3.5009
20330208,1.3155
20330209,-1.2165
20330210,-1.7668
20330211,1.7935
20330212,1.145
20330213,7.3711
20330214,5.5266
20330215,1.5552
20330216,-0.96553
20330217,3.992
20330218,1.4102
20330219,-1.2408
20330220,-1.5657
20330221,-3.4878
20330222,-5.8023
20330223,-5.2183
20330224,3.1127
20330225,0.14214
20330226,0.097209
20330227,-0.67997
20330228,-2.0824
20330301,0.056864
20330302,-0.6907
20330303,0.33169
20330304,3.3495
20330305,0.78849
20330306,5.761
20330307,3.9979
20330308,6.9907
20330309,1.833
20330310,1.2071
20330311,0.32419
20330312,0.56762
20330313,8.2169
20330314,4.2088
20330315,1.3384
20330316,1.6415
20330317,3.2029
20330318,3.4362
20330319,5.194
20330320,4.2513
20330321,2.6807
20330322,3.4718
20330323,1.2894
20330324,3.0113
20330325,4.1971
20330326,2.945
20330327,5.6868
20330328,3.3579
20330329,10.081
20330330,7.4909
20330331,5.0741
20330401,5.4425
20330402,4.2024
20330403,5.5357
20330404,1.9163
20330405,2.6927
20330406,5.1133
20330407,7.3528
20330408,10.718
20330409,8.6957
20330410,9.0119
20330411,11.025
20330412,10.38
20330413,10.155
20330414,9.4169
20330415,8.4952
20330416,8.8375
20330417,8.9709
20330418,9.8164
20330419,10.36
20330420,10.859
20330421,10.153
20330422,12.384
20330423,12.878
20330424,12.091
20330425,11.401
20330426,11.531
20330427,10.17
20330428,8.5903
20330429,11.063
20330430,9.2699
20330501,7.6371
20330502,10.087
20330503,9.111
20330504,6.6045
20330505,7.2793
20330506,8.8707
20330507,9.3409
20330508,11.342
20330509,10.545
20330510,10.516
20330511,13.618
20330512,11.05
20330513,11.156
20330514,11.074
20330515,9.9204
20330516,9.3981
20330517,9.7351
20330518,9.8325
20330519,10.6
20330520,10.93
20330521,9.047
20330522,10.847
20330523,11.005
20330524,9.2373
20330525,9.8853
20330526,11.437
20330527,10.779
20330528,11.788
20330529,9.8321
20330530,10.018
20330531,12.472
20330601,12.535
20330602,14.701
20330603,14.676
20330604,15.106
20330605,15.06
20330606,14.992
20330607,14.837
20330608,16.49
20330609,15.571
20330610,16.957
20330611,14.896
20330612,12.796
20330613,12.274
20330614,13.742
20330615,14.159
20330616,16.368
20330617,17.743
20330618,18.41
20330619,19.33
20330620,18.068
20330621,18.259
20330622,18.539
20330623,18.398
20330624,15.472
20330625,15.168
20330626,16.831
20330627,17.952
20330628,14.765
20330629,12.782
20330630,13.206
20330701,13.281
20330702,17.351
20330703,16.652
20330704,14.895
20330705,15.205
20330706,16.053
20330707,17.676
20330708,17.271
20330709,19.159
20330710,19.619
20330711,18.826
20330712,17.64
20330713,18.314
20330714,18.3
20330715,17.91
20330716,16.76
20330717,19.853
20330718,19.277
20330719,19.984
20330720,19.699
20330721,18.84
20330722,18.193
20330723,20.032
20330724,19.399
20330725,17.935
20330726,18.367
20330727,19.838
20330728,21.523
20330729,21.149
20330730,21.19
20330731,19.134
20330801,18.733
20330802,18.219
20330803,17.516
20330804,18.913
20330805,16.642
20330806,15.075
20330807,14.86
20330808,14.455
20330809,16.193
20330810,15.817
20330811,16.506
20330812,13.646
20330813,15.492
20330814,18.871
20330815,18.796
20330816,18.38
20330817,18.038
20330818,18.403
20330819,18.063
20330820,18.337
20330821,20.27
20330822,20.679
20330823,19.333
20330824,18.205
20330825,20.256
20330826,19.764
20330827,19.347
20330828,18.287
20330829,17.843
20330830,19.305
20330831,17.176
20330901,14.935
20330902,15.156
20330903,16.256
20330904,11.719
20330905,9.1686
20330906,11.762
20330907,15.256
20330908,15.652
20330909,16.794
20330910,16.802
20330911,15.872
20330912,14.949
20330913,16.778
20330914,16.443
20330915,17.827
20330916,16.738
20330917,17.009
20330918,13.863
20330919,12.247
20330920,12.024
20330921,12.408
20330922,13.9
20330923,11.961
20330924,13.082
20330925,11.428
20330926,10.204
20330927,12.489
20330928,15.402
20330929,16.514
20330930,15.094
20331001,15.672
20331002,15.443
20331003,14.392
20331004,13.4
20331005,12.506
20331006,9.2243
20331007,7.8037
20331008,10.461
20331009,11.315
20331010,11.541
20331011,9.9182
20331012,9.2638
20331013,9.7773
20331014,10.498
20331015,13.978
20331016,14.909
20331017,12.806
20331018,11.459
20331019,10.514
20331020,13.046
20331021,10.983
20331022,9.2347
20331023,8.5863
20331024,8.1343
20331025,7.5408
20331026,3.4126
20331027,1.1609
20331028,1.7319
20331029,3.7855
20331030,3.5272
20331031,4.8032
20331101,-0.47944
20331102,-2.6873
20331103,-2.5013
20331104,3.9655
20331105,1.9769
20331106,-0.1618
20331107,-1.5951
20331108,-0.24802
20331109,-0.3917
20331110,-2.0726
20331111,-1.9585
20331112,-2.5901
20331113,-1.7735
20331114,-2.1094
20331115,-3.088
20331116,-2.8454
20331117,-4.3582
20331118,-4.0685
20331119,-2.2154
20331120,-1.5843
20331121,-4.1776
20331122,-5.8478
20331123,-6.1453
20331124,-6.282
20331125,-5.7058
20331126,-5.636
20331127,-5.7685
20331128,-5.3642
20331129,-2.9
20331130,-4.5463
20331201,-3.2496
20331202,-3.7704
20331203,-3.9014
20331204,-1.8379
20331205,-1.6404
20331206,2.1915
20331207,3.3429
20331208,0.49377
20331209,-1.441
20331210,-3.6767
20331211,-0.43033
20331212,-1.3674
20331213,-3.853
20331214,-5.2518
20331215,-3.8083
20331216,-5.7752
20331217,1.9773
20331218,0.93702
20331219,-3.17
20331220,-3.2064
20331221,3.5621
20331222,4.1169
20331223,2.4857
20331224,6.9358
20331225,3.2215
20331226,0.07428
20331227,1.9278
20331228,1.026
20331229,2.7359
20331230,3.2304
20331231,0.85722
20340101,-0.44962
20340102,2.3532
20340103,1.2657
20340104,-0.33253
20340105,1.4585
20340106,-0.77882
20340107,-2.1173
20340108,-2.1813
20340109,-1.9615
20340110,-1.512
20340111,1.5943
20340112,4.9343
20340113,6.2121
20340114,7.0616
20340115,7.7929
20340116,-0.28873
20340117,-2.3927
20340118,-2.9554
20340119,-4.498
20340120,-4.5853
20340121,-4.0279
20340122,-3.2402
20340123,-2.6183
20340124,-3.0936
20340125,-2.1812
20340126,-3.9977
20340127,-5.0153
20340128,-3.6975
20340129,-3.4598
20340130,-4.0946
20340131,-4.0325
20340201,-4.7594
20340202,-4.7446
20340203,-4.35
20340204,-4.4953
20340205,-2.8465
20340206,-1.6024
20340207,-0.84209
20340208,-1.0736
20340209,-1.9316
20340210,-2.2019
20340211,-2.3048
20340212,-3.0191
20340213,-1.0709
20340214,0.68332
20340215,1.0922
20340216,-1.0841
20340217,-2.6057
20340218,-4.0116
20340219,-4.6698
20340220,-3.2928
20340221,-3.8063
20340222,-3.1084
20340223,-2.9709
20340224,-2.1326
20340225,1.8232
20340226,6.0294
20340227,5.3982
20340228,4.7204
20340301,5.0971
20340302,7.2562
20340303,2.6173
20340304,-0.31906
20340305,6.3523
20340306,4.0907
20340307,9.5403
20340308,4.7184
20340309,4.2096
20340310,4.8594
20340311,8.2882
20340312,6.3557
20340313,3.9791
20340314,3.5647
20340315,2.7967
20340316,0.60059
20340317,5.4505
20340318,5.8587
20340319,2.7795
20340320,2.3233
20340321,2.3982
20340322,3.1959
20340323,4.8307
20340324,2.4594
20340325,6.3077
20340326,3.9633
20340327,1.9625
20340328,8.9949
20340329,9.6098
20340330,6.7938
20340331,7.1611
20340401,7.3208
20340402,5.7446
20340403,5.7824
20340404,6.503
20340405,5.6583
20340406,6.3432
20340407,6.9804
20340408,7.3379
20340409,8.2145
20340410,7.4347
20340411,6.5236
20340412,7.6645
20340413,6.2936
20340414,4.0469
20340415,5.6577
20340416,6.5087
20340417,7.6531
20340418,6.7397
20340419,6.9562
20340420,5.0806
20340421,6.4303
20340422,7.5701
20340423,5.9648
20340424,8.5473
20340425,8.5201
20340426,10.083
20340427,10.079
20340428,10.094
20340429,8.4266
20340430,7.324
20340501,7.5767
20340502,5.9049
20340503,7.9826
20340504,6.7491
20340505,5.0445
20340506,5.1294
20340507,6.8442
20340508,9.7854
20340509,9.5938
20340510,9.121
20340511,7.3485
20340512,8.0928
20340513,9.7566
20340514,12.26
20340515,12.033
20340516,9.562
20340517,8.3335
20340518,6.41
20340519,4.9578
20340520,5.7263
20340521,6.0152
20340522,6.6985
20340523,6.1214
20340524,10.217
20340525,10.075
20340526,14.038
20340527,11.493
20340528,12.552
20340529,11.664
20340530,10.243
20340531,8.2678
20340601,10.818
20340602,13.811
20340603,16.011
20340604,14.492
20340605,12.576
20340606,15.938
20340607,15.948
20340608,13.933
20340609,15.917
20340610,17.606
20340611,17.418
20340612,16.627
20340613,16.428
20340614,14.73
20340615,15.525
20340616,14.811
20340617,14.131
20340618,14.163
20340619,15.972
20340620,15.605
20340621,16.401
20340622,11.786
20340623,9.3023
20340624,11.999
20340625,15.073
20340626,14.533
20340627,16.265
20340628,15.103
20340629,14.851
20340630,15.782
20340701,16.842
20340702,18.198
20340703,17.758
20340704,18.924
20340705,19.137
20340706,18.349
20340707,18.943
20340708,17.613
20340709,17.382
20340710,17.527
20340711,16.617
20340712,15
20340713,15.072
20340714,15.988
20340715,17.54
20340716,17.371
20340717,15.371
20340718,13.129
20340719,12.885
20340720,14.228
20340721,14.346
20340722,15.828
20340723,16.724
20340724,18.352
20340725,20.716
20340726,18.987
20340727,17.708
20340728,17.526
20340729,18.205
20340730,16.981
20340731,18.116
20340801,17.395
20340802,17.253
20340803,16.299
20340804,16.004
20340805,14.193
20340806,15.315
20340807,16.726
20340808,18.139
20340809,17.511
20340810,16.346
20340811,18.539
20340812,18.099
20340813,18.568
20340814,20.385
20340815,19.639
20340816,19.023
20340817,17.255
20340818,15.663
20340819,16.919
20340820,17.944
20340821,16.945
20340822,17.657
20340823,17.851
20340824,18.582
20340825,19.299
20340826,18.189
20340827,20.309
20340828,20.737
20340829,19.106
20340830,17.549
20340831,15.681
20340901,14.488
20340902,13.729
20340903,13.985
20340904,12.742
20340905,15.508
20340906,14.828
20340907,15.438
20340908,15.27
20340909,17.727
20340910,18.919
20340911,19.652
20340912,17.141
20340913,15.807
20340914,17.249
20340915,14.85
20340916,15.583
20340917,15.121
20340918,17.425
20340919,14.526
20340920,13.432
20340921,11.386
20340922,13.664
20340923,11.401
20340924,14.185
20340925,12.095
20340926,11.61
20340927,10.796
20340928,10.186
20340929,13.859
20340930,12.007
20341001,13.673
20341002,13.766
20341003,13.282
20341004,12.949
20341005,12.76
20341006,15.364
20341007,8.3671
20341008,7.2233
20341009,7.3216
20341010,7.2619
20341011,5.8622
20341012,7.4419
20341013,12.136
20341014,10.532
20341015,10.452
20341016,11.883
20341017,12.967
20341018,11.237
20341019,9.2961
20341020,10.398
20341021,13.26
20341022,13.049
20341023,12.996
20341024,12.554
20341025,12.915
20341026,8.9882
20341027,7.2152
20341028,13.16
20341029,16.026
20341030,11.558
20341031,9.6473
20341101,7.9576
20341102,11.46
20341103,13.529
20341104,12.125
20341105,11.789
20341106,13.442
20341107,9.176
20341108,7.2772
20341109,4.3214
20341110,3.628
20341111,5.5331
20341112,3.4037
20341113,3.4598
20341114,4.6144
20341115,2.0823
20341116,4.4514
20341117,3.4111
20341118,2.0911
20341119,4.9382
20341120,3.8798
20341121,6.21
20341122,3.7323
20341123,3.6895
20341124,8.8438
20341125,4.6716
20341126,2.3457
20341127,1.4731
20341128,0.34041
20341129,-0.29339
20341130,-1.4855
20341201,-3.323
20341202,-2.4369
20341203,4.2221
20341204,3.7134
20341205,6.7975
20341206,3.6287
20341207,1.6633
20341208,2.7392
20341209,-0.73396
20341210,-1.6537
20341211,2.0688
20341212,3.0308
20341213,6.4677
20341214,7.104
20341215,2.6693
20341216,3.1999
20341217,6.9348
20341218,2.6014
20341219,4.4094
20341220,4.0471
20341221,3.1183
20341222,1.2313
20341223,0.34687
20341224,3.8295
20341225,1.8899
20341226,0.55316
20341227,-0.70828
20341228,-1.4332
20341229,0.86547
20341230,0.50006
20341231,-0.79684
20350101,-1.2752
20350102,-1.5068
20350103,-0.69991
20350104,6.5381
20350105,5.1427
20350106,4.7729
20350107,5.3143
20350108,1.252
20350109,-0.88647
20350110,0.61101
20350111,3.6815
20350112,1.7343
20350113,2.4869
20350114,1.3408
20350115,0.60039
20350116,-1.2166
20350117,-3.5436
20350118,-4.5904
20350119,-4.2956
20350120,0.9093
20350121,2.8727
20350122,5.8224
20350123,2.381
20350124,-0.027283
20350125,0.18856
20350126,-0.73375
20350127,-0.53136
20350128,-1.7503
20350129,-1.1733
20350130,0.37371
20350131,2.0277
20350201,-0.41497
20350202,-1.7922
20350203,-2.764
20350204,-3.8503
20350205,-2.0677
20350206,-1.8727
20350207,0.37776
20350208,2.8673
20350209,1.502
20350210,1.3699
20350211,0.092784
20350212,-1.9401
20350213,-2.3923
20350214,-1.9853
20350215,-3.8849
20350216,-2.2639
20350217,-0.97983
20350218,2.1319
20350219,2.4742
20350220,0.73473
20350221,1.5034
20350222,2.2404
20350223,2.1267
20350224,9.1434
20350225,6.1039
20350226,2.0078
20350227,-0.18775
20350228,-1.5611
20350301,-1.0824
20350302,-1.7444
20350303,0.95065
20350304,2.3164
20350305,1.0658
20350306,-1.8818
20350307,-0.64495
20350308,8.8548
20350309,7.8759
20350310,7.1702
20350311,10.5
20350312,8.6312
20350313,5.7667
20350314,2.8816
20350315,2.6631
20350316,2.2273
20350317,0.44312
20350318,1.8155
20350319,0.17067
20350320,4.6281
20350321,3.2851
20350322,2.4197
20350323,2.6887
20350324,4.0339
20350325,2.8095
20350326,2.973
20350327,0.94858
20350328,0.69267
20350329,-1.1494
20350330,0.24659
20350331,0.41345
20350401,0.045441
20350402,1.8747
20350403,4.2278
20350404,5.2518
20350405,5.4341
20350406,4.0019
20350407,4.4745
20350408,4.6657
20350409,5.2206
20350410,2.4934
20350411,1.4448
20350412,1.8703
20350413,3.0161
20350414,5.5655
20350415,5.574
20350416,10.6
20350417,8.5823
20350418,8.8151
20350419,7.2251
20350420,5.232
20350421,5.9125
20350422,6.4314
20350423,4.0258
20350424,8.8373
20350425,8.9209
20350426,8.4218
20350427,8.0778
20350428,5.9888
20350429,4.8651
20350430,4.1685
20350501,7.6361
20350502,6.0036
20350503,4.1229
20350504,5.2404
20350505,7.539
20350506,8.4634
20350507,7.2347
20350508,6.0956
20350509,9.0097
20350510,11.201
20350511,11.779
20350512,10.131
20350513,11.67
20350514,11.071
20350515,8.8507
20350516,7.0866
20350517,7.2692
20350518,8.1666
20350519,6.6778
20350520,4.7012
20350521,5.3187
20350522,4.4216
20350523,7.9261
20350524,6.7351
20350525,10.568
20350526,10.421
20350527,10.583
20350528,8.2132
20350529,6.4252
20350530,8.5064
20350531,8.3501
20350601,8.8848
20350602,9.3833
20350603,12.14
20350604,13.65
20350605,15.684
20350606,16.493
20350607,13.097
20350608,9.4592
20350609,7.8254
20350610,11.438
20350611,11.698
20350612,12.371
20350613,14.794
20350614,15.69
20350615,16.372
20350616,15.985
20350617,17.88
20350618,16.41
20350619,17.829
20350620,18.894
20350621,18.249
20350622,18.479
20350623,21.783
20350624,20.773
20350625,19.264
20350626,20.259
20350627,19.233
20350628,17.561
20350629,17.505
20350630,16.427
20350701,17.775
20350702,17.806
20350703,16.781
20350704,18.732
20350705,16.869
20350706,16.27
20350707,18.355
20350708,18.652
20350709,18.172
20350710,20.328
20350711,18.374
20350712,18.149
20350713,19.531
20350714,18.11
20350715,17.658
20350716,17.901
20350717,20.567
20350718,21.943
20350719,22.618
20350720,16.554
20350721,14.324
20350722,16.859
20350723,19.524
20350724,22.001
20350725,23.023
20350726,20.249
20350727,21.159
20350728,24.417
20350729,23.854
20350730,21.908
20350731,19.758
20350801,20.7
20350802,18.687
20350803,16.911
20350804,15.895
20350805,13.863
20350806,15.925
20350807,18.171
20350808,20.487
20350809,20.099
20350810,21.357
20350811,19.087
20350812,16.353
20350813,16.392
20350814,18.285
20350815,19.322
20350816,20.034
20350817,19.565
20350818,19.416
20350819,19.072
20350820,19.706
20350821,20.597
20350822,20.806
20350823,19.595
20350824,19.141
20350825,18.567
20350826,16.431
20350827,18.813
20350828,22.064
20350829,20.014
20350830,20.998
20350831,19.509
20350901,19.723
20350902,20.001
20350903,19.014
20350904,19.902
20350905,20.609
20350906,16.57
20350907,12.05
20350908,12.176
20350909,13.459
20350910,14.393
20350911,15.7
20350912,16.65
20350913,15.302
20350914,16.166
20350915,14.939
20350916,16.026
20350917,15.54
20350918,15.677
20350919,15.554
20350920,10.679
20350921,9.1102
20350922,10.192
20350923,10.171
20350924,10.196
20350925,10.487
20350926,12.137
20350927,15.064
20350928,13.051
20350929,12.642
20350930,15.866
20351001,13.572
20351002,11.682
20351003,15.112
20351004,9.9677
20351005,8.1928
20351006,5.9732
20351007,6.3525
20351008,5.0747
20351009,4.9069
20351010,6.4477
20351011,6.6045
20351012,8.5492
20351013,7.2894
20351014,6.3763
20351015,8.4183
20351016,12.355
20351017,11.404
20351018,9.705
20351019,9.576
20351020,10.795
20351021,9.4069
20351022,9.6451
20351023,10.728
20351024,11.452
20351025,11.62
20351026,8.2172
20351027,10.663
20351028,10.065
20351029,10.856
20351030,9.4735
20351031,5.702
20351101,4.0683
20351102,4.1535
20351103,7.7755
20351104,9.2283
20351105,3.2799
20351106,0.71152
20351107,2.679
20351108,0.4483
20351109,1.077
20351110,7.3736
20351111,6.1172
20351112,2.298
20351113,2.9514
20351114,1.0701
20351115,1.2303
20351116,1.0028
20351117,1.1727
20351118,0.18332
20351119,7.117
20351120,4.0443
20351121,0.86478
20351122,1.3407
20351123,7.5732
20351124,9.6127
20351125,4.0984
20351126,4.3343
20351127,-0.3932
20351128,-3.4189
20351129,-5.5751
20351130,-4.3366
20351201,1.9645
20351202,-0.13062
20351203,2.581
20351204,0.50434
20351205,-1.9694
20351206,-4.8002
20351207,-0.64524
20351208,2.9129
20351209,2.1379
20351210,3.6779
20351211,2.572
20351212,3.6413
20351213,2.0702
20351214,1.2792
20351215,3.154
20351216,7.2912
20351217,5.0201
20351218,3.656
20351219,3.6626
20351220,3.8653
20351221,3.4335
20351222,3.6817
20351223,2.7611
20351224,2.0808
20351225,2.4338
20351226,1.9867
20351227,3.0465
20351228,5.9047
20351229,6.4563
20351230,0.27148
20351231,-0.99258
20360101,1.364
20360102,0.014018
20360103,-0.46423
20360104,-1.2365
20360105,-2.5283
20360106,1.0662
20360107,-0.56055
20360108,-0.45231
20360109,5.6411
20360110,2.1071
20360111,0.4297
20360112,-0.40888
20360113,0.52033
20360114,1.7345
20360115,2.2084
20360116,3.6113
20360117,-0.39059
20360118,-0.44728
20360119,1.8199
20360120,-2.2678
20360121,-5.5429
20360122,-7.0993
20360123,-6.3656
20360124,1.3239
20360125,4.3322
20360126,2.7887
20360127,0.32469
20360128,0.19126
20360129,1.3836
20360130,1.4287
20360131,-0.023142
20360201,0.22815
20360202,2.9122
20360203,3.8904
20360204,0.94668
20360205,-0.21408
20360206,1.7988
20360207,-0.67615
20360208,-0.7003
20360209,1.792
20360210,0.25003
20360211,-1.5851
20360212,-3.1859
20360213,-3.1423
20360214,-3.3128
20360215,-4.1449
20360216,-4.3047
20360217,-3.3995
20360218,-3.563
20360219,-3.1018
20360220,-2.4044
20360221,-1.8794
20360222,-0.48141
20360223,2.3717
20360224,3.4722
20360225,7.4002
20360226,0.27621
20360227,-1.1887
20360228,-1.8445
20360229,0.21097
20360301,1.2631
20360302,5.8979
20360303,6.4573
20360304,3.5989
20360305,3.4303
20360306,0.85714
20360307,4.4062
20360308,3.0467
20360309,4.2071
20360310,6.1323
20360311,1.9142
20360312,-0.050456
20360313,2.8429
20360314,2.9469
20360315,6.5294
20360316,5.7515
20360317,8.8418
20360318,6.61
20360319,3.7116
20360320,3.7514
20360321,5.6829
20360322,2.2805
20360323,1.8211
20360324,1.7695
20360325,2.3695
20360326,5.2197
20360327,5.8466
20360328,2.9602
20360329,0.2632
20360330,-1.2794
20360331,1.7022
20360401,-0.6519
20360402,1.0797
20360403,2.5937
20360404,5.8121
20360405,7.9982
20360406,5.2644
20360407,3.5076
20360408,2.162
20360409,1.7412
20360410,5.2668
20360411,6.0684
20360412,5.5289
20360413,6.4144
20360414,5.996
20360415,5.3241
20360416,3.4584
20360417,4.6073
20360418,6.4029
20360419,5.5407
20360420,7.3327
20360421,4.6836
20360422,4.1421
20360423,3.3192
20360424,5.4052
20360425,4.9828
20360426,4.6876
20360427,5.5757
20360428,7.5005
20360429,5.0603
20360430,3.8045
20360501,4.616
20360502,6.4177
20360503,7.2743
20360504,7.4217
20360505,9.9881
20360506,10.187
20360507,9.831
20360508,10.554
20360509,11.31
20360510,14.561
20360511,13.738
20360512,13.451
20360513,11.742
20360514,12.806
20360515,12.881
20360516,11.364
20360517,11.002
20360518,9.5744
20360519,7.6576
20360520,6.2105
20360521,5.582
20360522,8.7319
20360523,7.4891
20360524,7.2823
20360525,10.037
20360526,10.022
20360527,10.44
20360528,9.1252
20360529,9.8893
20360530,13.399
20360531,13.035
20360601,11.273
20360602,12.143
20360603,15.285
20360604,14.124
20360605,10.734
20360606,9.0775
20360607,11.637
20360608,13.283
20360609,13.434
20360610,15.846
20360611,15.291
20360612,13.972
20360613,14.874
20360614,13.417
20360615,12.062
20360616,13.108
20360617,13.887
20360618,16.489
20360619,15.357
20360620,11.763
20360621,9.6014
20360622,15.04
20360623,13.863
20360624,14.698
20360625,14.149
20360626,14.532
20360627,16.191
20360628,16.278
20360629,17.758
20360630,18.366
20360701,15.55
20360702,17.303
20360703,14.387
20360704,15.138
20360705,12.659
20360706,12.203
20360707,12.982
20360708,14.704
20360709,15.171
20360710,18.001
20360711,18.844
20360712,17.624
20360713,16.173
20360714,17.331
20360715,19.404
20360716,18.399
20360717,18.764
20360718,20.195
20360719,19.833
20360720,17.022
20360721,18.398
20360722,19.811
20360723,21.852
20360724,21.57
20360725,21.511
20360726,18.797
20360727,21.966
20360728,20.538
20360729,20.518
20360730,18.372
20360731,17.911
20360801,18.692
20360802,19.273
20360803,19.784
20360804,19.931
20360805,21.84
20360806,20.021
20360807,19.415
20360808,20.033
20360809,17.604
20360810,16.955
20360811,17.803
20360812,17.797
20360813,16.128
20360814,19.883
20360815,20.243
20360816,18.995
20360817,19.261
20360818,20.612
20360819,19.66
20360820,19.278
20360821,19.596
20360822,18.951
20360823,20.176
20360824,20.678
20360825,21.21
20360826,20.239
20360827,21.065
20360828,20.24
20360829,18.094
20360830,15.892
20360831,18.966
20360901,18.929
20360902,12.677
20360903,10.488
20360904,10.557
20360905,14.698
20360906,16.813
20360907,17.393
20360908,14.135
20360909,12.574
20360910,15.168
20360911,16.534
20360912,18.491
20360913,18.339
20360914,16.024
20360915,13.753
20360916,10.496
20360917,10.436
20360918,8.1743
20360919,10.624
20360920,12
20360921,15.385
20360922,15.053
20360923,15.705
20360924,11.381
20360925,9.3025
20360926,10.453
20360927,12.366
20360928,11.847
20360929,13.241
20360930,12.452
20361001,12.661
20361002,13.129
20361003,14.464
20361004,12.064
20361005,11.439
20361006,7.7506
20361007,6.1734
20361008,7.3286
20361009,11.781
20361010,11.728
20361011,10.809
20361012,8.851
20361013,8.7249
20361014,11.163
20361015,7.9934
20361016,6.727
20361017,8.6995
20361018,7.7844
20361019,7.7225
20361020,6.5905
20361021,4.8056
20361022,5.6495
20361023,9.5258
20361024,6.1351
20361025,4.8329
20361026,6.3326
20361027,6.1305
20361028,5.3799
20361029,4.6824
20361030,4.6678
20361031,4.8227
20361101,4.4678
20361102,7.8768
20361103,4.0614
20361104,1.6163
20361105,0.13789
20361106,0.48373
20361107,1.677
20361108,3.6381
20361109,5.1995
20361110,6.4251
20361111,6.6083
20361112,4.6945
20361113,5.6429
20361114,4.2644
20361115,7.0052
20361116,7.9401
20361117,10.366
20361118,10.453
20361119,7.431
20361120,5.7448
20361121,8.5964
20361122,4.9895
20361123,2.5141
20361124,2.1986
20361125,1.0944
20361126,9.6228
20361127,12.049
20361128,9.2403
20361129,7.5292
20361130,7.7322
20361201,5.9385
20361202,2.8985
20361203,9.1309
20361204,4.2686
20361205,2.1207
20361206,-0.012533
20361207,-1.5988
20361208,0.94329
20361209,3.4597
20361210,1.7484
20361211,0.4813
20361212,1.9064
20361213,0.47753
20361214,0.76029
20361215,0.49187
20361216,0.96911
20361217,1.8489
20361218,1.2765
20361219,-0.13691
20361220,2.8123
20361221,3.2201
20361222,8.0948
20361223,8.5804
20361224,3.765
20361225,6.156
20361226,2.9403
20361227,2.9296
20361228,3.1373
20361229,4.207
20361230,2.8395
20361231,4.7795
20370101,3.059
20370102,0.26612
20370103,0.84969
20370104,1.1196
20370105,3.829
20370106,-0.99406
20370107,-2.1528
20370108,-2.3834
20370109,1.5299
20370110,-0.021301
20370111,5.6838
20370112,7.9743
20370113,4.1481
20370114,5.3135
20370115,6.5843
20370116,3.5896
20370117,0.84179
20370118,2.8943
20370119,4.5783
20370120,3.3958
20370121,4.5812
20370122,6.5812
20370123,8.4185
20370124,9.2125
20370125,7.7876
20370126,2.1202
20370127,-0.42127
20370128,4.3495
20370129,8.4982
20370130,2.5446
20370131,-0.24093
20370201,-0.25486
20370202,-0.83991
20370203,-2.1386
20370204,-0.58144
20370205,0.30945
20370206,5.2263
20370207,1.5469
20370208,2.1471
20370209,0.64329
20370210,-0.019389
20370211,0.72824
20370212,0.15924
20370213,-0.36737
20370214,-0.20017
20370215,-0.34479
20370216,0.5833
20370217,0.42491
20370218,-0.65064
20370219,-0.92272
20370220,-0.7427
20370221,-0.37537
20370222,4.8073
20370223,3.0947
20370224,-0.14064
20370225,-0.26973
20370226,0.63737
20370227,0.30024
20370228,-1.1269
20370301,-0.015544
20370302,3.0347
20370303,0.62302
20370304,2.3182
20370305,2.4924
20370306,3.5296
20370307,2.9023
20370308,4.2295
20370309,1.6569
20370310,1.1697
20370311,0.034749
20370312,0.0031535
20370313,0.81138
20370314,1.5406
20370315,2.1452
20370316,3.5113
20370317,2.073
20370318,6.5495
20370319,7.2051
20370320,4.5202
20370321,4.3723
20370322,6.1663
20370323,6.2182
20370324,5.5721
20370325,7.0708
20370326,4.5679
20370327,7.1625
20370328,7.2082
20370329,8.3877
20370330,7.3313
20370331,7.1425
20370401,7.4169
20370402,7.6134
20370403,11.903
20370404,4.9191
20370405,2.5172
20370406,5.8622
20370407,6.008
20370408,4.0345
20370409,6.6137
20370410,5.1732
20370411,4.5046
20370412,5.0313
20370413,2.4691
20370414,5.7262
20370415,9.0191
20370416,7.2249
20370417,11.931
20370418,9.7746
20370419,9.2541
20370420,12.267
20370421,11.09
20370422,9.9014
20370423,8.0046
20370424,9.9838
20370425,12.534
20370426,10.369
20370427,6.5625
20370428,4.878
20370429,10.088
20370430,10.474
20370501,7.9405
20370502,5.3896
20370503,8.8392
20370504,6.3564
20370505,6.9665
20370506,9.3634
20370507,9.8667
20370508,12.408
20370509,12.479
20370510,10.8
20370511,11.197
20370512,14.83
20370513,14.978
20370514,14.118
20370515,11.515
20370516,9.6928
20370517,6.1122
20370518,8.9263
20370519,8.2942
20370520,13.538
20370521,12.367
20370522,13.611
20370523,14.048
20370524,13.801
20370525,13.74
20370526,13.324
20370527,17.575
20370528,15.417
20370529,13.122
20370530,12.095
20370531,12.84
20370601,12.193
20370602,10.492
20370603,11.716
20370604,13.848
20370605,13.175
20370606,15.146
20370607,15.838
20370608,16.233
20370609,15.149
20370610,15.123
20370611,13.325
20370612,13.776
20370613,14.582
20370614,15.119
20370615,14.004
20370616,14.169
20370617,15.904
20370618,12.972
20370619,11.583
20370620,14.374
20370621,14.16
20370622,13.175
20370623,14.302
20370624,15.223
20370625,14.169
20370626,12.914
20370627,14.151
20370628,15.272
20370629,17.143
20370630,17.469
20370701,20.468
20370702,20.263
20370703,21.1
20370704,22.505
20370705,19.428
20370706,17.581
20370707,18.459
20370708,18.017
20370709,19.135
20370710,15.457
20370711,13.08
20370712,14.054
20370713,14.707
20370714,16.069
20370715,15.458
20370716,16.108
20370717,17.473
20370718,18.911
20370719,19.568
20370720,18.984
20370721,18.792
20370722,13.607
20370723,11.877
20370724,14.954
20370725,17
20370726,19.039
20370727,20.092
20370728,19.642
20370729,21.027
20370730,20.317
20370731,16.368
20370801,15.764
20370802,14.292
20370803,13.847
20370804,14.036
20370805,16.642
20370806,18.98
20370807,19.116
20370808,17.647
20370809,18.748
20370810,17.014
20370811,15.838
20370812,16.138
20370813,15.948
20370814,14.282
20370815,16.638
20370816,14.868
20370817,14.848
20370818,15.425
20370819,14.232
20370820,12.831
20370821,12.508
20370822,13.187
20370823,15.024
20370824,16.684
20370825,16.418
20370826,18.089
20370827,18.218
20370828,16.248
20370829,18.133
20370830,19.507
20370831,14.894
20370901,12.014
20370902,13.87
20370903,15.225
20370904,15.692
20370905,13.97
20370906,15.07
20370907,16.955
20370908,16.395
20370909,13.305
20370910,11.593
20370911,13.041
20370912,10.421
20370913,12.87
20370914,13.203
20370915,13.401
20370916,12.692
20370917,11.394
20370918,13.274
20370919,13.343
20370920,12.241
20370921,11.901
20370922,12.078
20370923,12.463
20370924,14.991
20370925,14.577
20370926,13.582
20370927,15.1
20370928,17.27
20370929,15.087
20370930,14.665
20371001,11.831
20371002,10.128
20371003,8.8386
20371004,11.423
20371005,11.011
20371006,9.8707
20371007,8.1415
20371008,8.832
20371009,10.661
20371010,8.4015
20371011,5.3851
20371012,4.5632
20371013,5.361
20371014,7.5304
20371015,8.1941
20371016,7.9634
20371017,5.414
20371018,4.0706
20371019,2.4542
20371020,2.4422
20371021,3.7604
20371022,10.591
20371023,11.221
20371024,9.0503
20371025,6.5068
20371026,7.3123
20371027,8.6818
20371028,8.7697
20371029,7.5091
20371030,6.8442
20371031,5.9888
20371101,8.3784
20371102,7.3527
20371103,2.6482
20371104,1.6362
20371105,0.17624
20371106,1.6745
20371107,3.9016
20371108,4.9436
20371109,1.2217
20371110,1.6087
20371111,3.6568
20371112,6.7715
20371113,5.7811
20371114,1.6102
20371115,0.16855
20371116,1.2849
20371117,5.0581
20371118,10.045
20371119,11.959
20371120,12.933
20371121,13.013
20371122,12.672
20371123,9.1048
20371124,8.0542
20371125,6.9574
20371126,5.6224
20371127,4.9534
20371128,4.3114
20371129,3.4892
20371130,2.174
20371201,0.99018
20371202,2.8621
20371203,8.5068
20371204,1.9495
20371205,0.21691
20371206,-0.4533
20371207,-0.67764
20371208,-0.61573
20371209,0.15394
20371210,-1.1945
20371211,-2.4666
20371212,2.4058
20371213,7.3478
20371214,5.2729
20371215,2.6803
20371216,0.86591
20371217,1.9049
20371218,8.1365
20371219,9.3986
20371220,10.125
20371221,4.9282
20371222,5.1061
20371223,1.9006
20371224,0.10962
20371225,-1.1197
20371226,-0.51277
20371227,-1.8761
20371228,-1.9991
20371229,2.547
20371230,0.96407
20371231,-0.17724
20380101,-1.3149
20380102,-1.4612
20380103,0.11306
20380104,-1.3171
20380105,-1.7415
20380106,1.2964
20380107,0.43605
20380108,-1.809
20380109,-0.55916
20380110,0.78189
20380111,0.23652
20380112,-2.4354
20380113,2.9347
20380114,2.0071
20380115,1.3044
20380116,4.8572
20380117,0.72171
20380118,0.09613
20380119,-1.0044
20380120,0.50423
20380121,-0.21211
20380122,-0.62366
20380123,1.433
20380124,2.6302
20380125,3.605
20380126,1.5474
20380127,-0.52645
20380128,-1.6868
20380129,-3.2656
20380130,-5.1225
20380131,-4.1519
20380201,-2.8294
20380202,-5.5497
20380203,-6.2783
20380204,-5.6716
20380205,-6.7175
20380206,-5.9878
20380207,-3.3312
20380208,-2.5438
20380209,-0.99024
20380210,-2.6977
20380211,-4.5149
20380212,-1.9153
20380213,-0.60239
20380214,0.69751
20380215,1.8987
20380216,3.766
20380217,2.9475
20380218,2.9105
20380219,6.308
20380220,3.1187
20380221,3.5825
20380222,0.92306
20380223,-0.57552
20380224,-0.30254
20380225,-1.9411
20380226,-3.1508
20380227,-3.4286
20380228,-4.4573
20380301,-2.7796
20380302,-0.15698
20380303,-0.65531
20380304,0.43172
20380305,-0.39574
20380306,3.645
20380307,1.4482
20380308,2.0649
20380309,1.4283
20380310,2.7463
20380311,1.5278
20380312,0.046427
20380313,-1.9834
20380314,-2.4087
20380315,-2.5082
20380316,-1.5308
20380317,0.65302
20380318,-0.73255
20380319,1.6962
20380320,2.2377
20380321,2.2833
20380322,-0.36572
20380323,2.6831
20380324,4.3574
20380325,6.009
20380326,5.4923
20380327,7.221
20380328,6.0946
20380329,4.7986
20380330,6.1236
20380331,4.07
20380401,4.9868
20380402,3.8309
20380403,2.5394
20380404,4.507
20380405,2.3762
20380406,0.76004
20380407,4.7588
20380408,3.7625
20380409,2.4646
20380410,2.1598
20380411,4.1597
20380412,3.624
20380413,5.3045
20380414,5.8168
20380415,5.5365
20380416,5.6234
20380417,5.3528
20380418,4.4487
20380419,4.0513
20380420,8.665
20380421,7.8754
20380422,5.4165
20380423,7.1811
20380424,6.98
20380425,9.1835
20380426,8.3665
20380427,6.0396
20380428,5.8339
20380429,8.0008
20380430,11.599
20380501,7.367
20380502,4.197
20380503,4.0655
20380504,8.2696
20380505,10.089
20380506,10.966
20380507,10.866
20380508,11.474
20380509,14.349
20380510,14.121
20380511,13.152
20380512,10.33
20380513,9.7027
20380514,8.0693
20380515,8.9241
20380516,9.5165
20380517,8.7252
20380518,9.3439
20380519,9.8904
20380520,11.128
20380521,13.408
20380522,13.21
20380523,11.361
20380524,9.8607
20380525,11.117
20380526,13.505
20380527,12.413
20380528,11.878
20380529,12.686
20380530,12.196
20380531,10.223
20380601,8.5062
20380602,13.256
20380603,11.639
20380604,10.128
20380605,10.59
20380606,12.879
20380607,15.052
20380608,13.481
20380609,10.538
20380610,14.255
20380611,15.808
20380612,17.778
20380613,16.073
20380614,17.296
20380615,15.986
20380616,15.569
20380617,15.196
20380618,14.933
20380619,15.149
20380620,19.352
20380621,19.031
20380622,19.222
20380623,17.942
20380624,16.004
20380625,16.255
20380626,16.76
20380627,19.682
20380628,17.767
20380629,16.147
20380630,18.819
20380701,17.494
20380702,15.502
20380703,17.3
20380704,18.373
20380705,19.572
20380706,21.576
20380707,20.316
20380708,19.566
20380709,19.004
20380710,21.198
20380711,21.147
20380712,19.241
20380713,18.065
20380714,18.428
20380715,20.307
20380716,19.712
20380717,19.386
20380718,19.29
20380719,19.368
20380720,17.753
20380721,15.415
20380722,16.997
20380723,17.301
20380724,15.29
20380725,17.072
20380726,18.243
20380727,17.102
20380728,17.429
20380729,18.673
20380730,18.809
20380731,16.475
20380801,14.801
20380802,16.041
20380803,17.589
20380804,19.089
20380805,20.959
20380806,23.136
20380807,20.072
20380808,17.69
20380809,18.632
20380810,18.952
20380811,20.389
20380812,21.222
20380813,20.891
20380814,20.731
20380815,19.974
20380816,18.071
20380817,18.886
20380818,19.718
20380819,18.841
20380820,19.901
20380821,17.921
20380822,16.713
20380823,15.577
20380824,15.162
20380825,18.549
20380826,17.987
20380827,17.59
20380828,18.139
20380829,20.016
20380830,15.607
20380831,16.406
20380901,13.505
20380902,11.124
20380903,9.8818
20380904,10.774
20380905,11.787
20380906,13.816
20380907,13.634
20380908,11.951
20380909,12.204
20380910,12.977
20380911,11.817
20380912,14.004
20380913,13.357
20380914,13.902
20380915,15.189
20380916,14.27
20380917,13.645
20380918,13.344
20380919,12.147
20380920,11.824
20380921,14.417
20380922,13.812
20380923,13.393
20380924,14.696
20380925,12.17
20380926,11.573
20380927,12.101
20380928,16.375
20380929,12.864
20380930,10.624
20381001,10.051
20381002,8.7729
20381003,8.5297
20381004,9.2472
20381005,7.9519
20381006,9.0985
20381007,9.0764
20381008,11.565
20381009,14.031
20381010,11.169
20381011,9.6276
20381012,10.117
20381013,8.9393
20381014,11.807
20381015,15.34
20381016,15.89
20381017,16.494
20381018,12.421
20381019,9.3207
20381020,9.8892
20381021,9.0114
20381022,7.2701
20381023,5.4306
20381024,5.6091
20381025,5.42
20381026,6.9363
20381027,6.9011
20381028,6.6333
20381029,5.9433
20381030,5.8586
20381031,7.7076
20381101,4.3293
20381102,2.3144
20381103,3.4621
20381104,5.8279
20381105,10.872
20381106,9.4427
20381107,5.618
20381108,6.1476
20381109,7.7089
20381110,7.6222
20381111,6.6631
20381112,3.0389
20381113,3.1187
20381114,6.6443
20381115,4.3936
20381116,4.7647
20381117,4.3705
20381118,1.5196
20381119,0.51365
20381120,0.36222
20381121,3.3794
20381122,-0.015574
20381123,-2.337
20381124,-1.1063
20381125,-2.3405
20381126,-1.4318
20381127,-1.6132
20381128,-2.7906
20381129,-0.81274
20381130,-2.4035
20381201,5.3126
20381202,2.6046
20381203,0.19042
20381204,-0.77197
20381205,-1.1137
20381206,3.5977
20381207,7.9852
20381208,9.3229
20381209,7.1678
20381210,5.0128
20381211,3.67
20381212,2.2663
20381213,8.2364
20381214,9.462
20381215,4.7825
20381216,4.1078
20381217,5.4534
20381218,2.5433
20381219,0.62082
20381220,0.55904
20381221,0.87017
20381222,0.73536
20381223,1.5157
20381224,-1.5486
20381225,-2.9231
20381226,-0.45897
20381227,1.6278
20381228,3.0169
20381229,2.2233
20381230,2.2937
20381231,0.45716
20390101,5.0129
20390102,1.2556
20390103,-0.061859
20390104,-0.14498
20390105,3.5193
20390106,5.6435
20390107,8.0189
20390108,4.3474
20390109,6.0213
20390110,-2.3919
20390111,-4.5188
20390112,-5.0221
20390113,-6.3049
20390114,-5.6411
20390115,2.2823
20390116,4.7682
20390117,4.5158
20390118,2.1559
20390119,0.11581
20390120,0.076324
20390121,6.1414
20390122,2.5005
20390123,-0.38765
20390124,-0.78663
20390125,1.523
20390126,9.651
20390127,4.1542
20390128,3.782
20390129,6.8725
20390130,4.49
20390131,3.9221
20390201,2.5229
20390202,8.2989
20390203,5.7951
20390204,2.7979
20390205,1.3127
20390206,2.5076
20390207,4.7291
20390208,0.76303
20390209,-1.1839
20390210,-2.9517
20390211,-3.986
20390212,-3.1743
20390213,-2.0247
20390214,-2.8294
20390215,-3.2911
20390216,-1.8968
20390217,0.61449
20390218,0.54134
20390219,0.8656
20390220,1.4782
20390221,-0.050924
20390222,-0.87649
20390223,-2.1174
20390224,-1.5312
20390225,-0.31199
20390226,-1.5233
20390227,-1.9128
20390228,-1.1081
20390301,-0.89291
20390302,-0.58862
20390303,-0.62151
20390304,-0.48001
20390305,-0.63482
20390306,-0.85332
20390307,3.1301
20390308,5.7553
20390309,7.5942
20390310,5.6659
20390311,5.2782
20390312,6.9219
20390313,5.125
20390314,6.7616
20390315,6.3374
20390316,3.9216
20390317,2.6154
20390318,4.3341
20390319,4.104
20390320,5.0801
20390321,6.2165
20390322,6.3518
20390323,5.8829
20390324,4.2616
20390325,3.8637
20390326,6.0638
20390327,4.1041
20390328,4.8423
20390329,3.1099
20390330,1.191
20390331,-0.74089
20390401,-0.066793
20390402,3.6401
20390403,3.9883
20390404,4.6544
20390405,8.551
20390406,9.2442
20390407,5.4245
20390408,3.7256
20390409,9.4499
20390410,11.718
20390411,12.329
20390412,11.708
20390413,11.628
20390414,9.1483
20390415,9.0918
20390416,7.2288
20390417,4.915
20390418,6.171
20390419,5.3647
20390420,6.5537
20390421,5.1622
20390422,6.792
20390423,8.149
20390424,6.6764
20390425,6.7942
20390426,8.9773
20390427,7.7253
20390428,7.6268
20390429,10.661
20390430,8.1981
20390501,9.1896
20390502,11.491
20390503,8.6502
20390504,7.9629
20390505,8.136
20390506,9.4291
20390507,7.9572
20390508,8.6553
20390509,7.4784
20390510,8.1289
20390511,10.134
20390512,8.6523
20390513,10.34
20390514,10.688
20390515,11.189
20390516,8.0301
20390517,5.3984
20390518,6.8126
20390519,9.4897
20390520,12.86
20390521,11.847
20390522,10.741
20390523,10.657
20390524,9.8212
20390525,14.217
20390526,15.688
20390527,15.046
20390528,16.15
20390529,14.619
20390530,14.737
20390531,15.605
20390601,16.356
20390602,17.056
20390603,17.109
20390604,15.535
20390605,14.781
20390606,16.874
20390607,15.957
20390608,18.559
20390609,17.537
20390610,14.384
20390611,11.937
20390612,14.354
20390613,16.194
20390614,16.514
20390615,17.57
20390616,16.307
20390617,15.765
20390618,16.907
20390619,18.572
20390620,20.157
20390621,21.12
20390622,19.838
20390623,20.503
20390624,20.654
20390625,20.776
20390626,19.335
20390627,20.054
20390628,19.345
20390629,20.229
20390630,22.31
20390701,21.134
20390702,21.886
20390703,18.015
20390704,16.305
20390705,20.281
20390706,21.811
20390707,21.062
20390708,24.42
20390709,23.366
20390710,24.541
20390711,22.223
20390712,21.594
20390713,20.056
20390714,20.514
20390715,21.752
20390716,24.183
20390717,22.646
20390718,22.208
20390719,21.334
20390720,20.564
20390721,19.353
20390722,21.393
20390723,22.174
20390724,18.468
20390725,20.708
20390726,24.815
20390727,24.486
20390728,23.633
20390729,24.082
20390730,24.3
20390731,24.897
20390801,23.127
20390802,24.536
20390803,24.562
20390804,23.194
20390805,23.046
20390806,23.177
20390807,24.207
20390808,23.563
20390809,23.29
20390810,23.817
20390811,21.803
20390812,20.937
20390813,24.063
20390814,21.859
20390815,20.967
20390816,19.382
20390817,20.643
20390818,21.874
20390819,15.675
20390820,14.77
20390821,12.654
20390822,16.95
20390823,16.46
20390824,17.152
20390825,16.381
20390826,18.636
20390827,19.861
20390828,18.019
20390829,18.775
20390830,18.086
20390831,18.424
20390901,15.894
20390902,14.777
20390903,18.359
20390904,18.601
20390905,16.762
20390906,19.639
20390907,13.526
20390908,10.804
20390909,13.096
20390910,15.473
20390911,16.211
20390912,15.526
20390913,13.015
20390914,12.344
20390915,12.276
20390916,12.182
20390917,10.449
20390918,10.156
20390919,9.447
20390920,8.7974
20390921,8.5073
20390922,9.3595
20390923,9.5991
20390924,10.497
20390925,11.468
20390926,15.602
20390927,14.921
20390928,14.313
20390929,16.452
20390930,13.777
20391001,14.021
20391002,13.421
20391003,14.204
20391004,13.261
20391005,13.028
20391006,14.695
20391007,12.145
20391008,9.6631
20391009,9.828
20391010,6.2409
20391011,10.192
20391012,12.332
20391013,15.084
20391014,13.7
20391015,12.948
20391016,8.8398
20391017,7.8566
20391018,10.782
20391019,8.5021
20391020,5.8221
20391021,9.9186
20391022,14.153
20391023,14.045
20391024,11.85
20391025,8.2023
20391026,5.224
20391027,6.9235
20391028,4.7238
20391029,7.3819
20391030,11.542
20391031,13.405
20391101,12.145
20391102,7.8521
20391103,5.8641
20391104,4.6195
20391105,5.8889
20391106,8.3415
20391107,9.2593
20391108,8.6875
20391109,8.2516
20391110,8.4057
20391111,4.3569
20391112,2.8416
20391113,4.1221
20391114,5.8118
20391115,4.3067
20391116,5.3472
20391117,3.4471
20391118,2.1118
20391119,3.6054
20391120,11.472
20391121,9.783
20391122,9.0749
20391123,13.234
20391124,12.377
20391125,13.082
20391126,7.5702
20391127,4.7757
20391128,3.1499
20391129,4.1294
20391130,11.255
20391201,10.544
20391202,4.938
20391203,2.0708
20391204,0.59779
20391205,2.5361
20391206,6.1826
20391207,3.0343
20391208,1.5221
20391209,2.8495
20391210,6.1183
20391211,3.7132
20391212,4.253
20391213,4.071
20391214,2.9084
20391215,3.1928
20391216,4.0682
20391217,4.3669
20391218,3.1092
20391219,2.2099
20391220,2.1375
20391221,0.010101
20391222,2.0231
20391223,3.2948
20391224,2.6903
20391225,-0.13411
20391226,-1.8282
20391227,-2.3825
20391228,-1.2409
20391229,6.07
20391230,7.2579
20391231,3.1055
20400101,-0.17105
20400102,-0.92792
20400103,-0.25367
20400104,-1.9309
20400105,-1.4579
20400106,-0.078125
20400107,-0.1322
20400108,1.6085
20400109,4.9597
20400110,3.4395
20400111,3.866
20400112,2.2029
20400113,1.6736
20400114,4.2988
20400115,3.8623
20400116,2.191
20400117,0.28355
20400118,-0.70975
20400119,1.8373
20400120,1.5067
20400121,0.76479
20400122,1.9935
20400123,0.12985
20400124,-2.2069
20400125,5.3425
20400126,1.904
20400127,3.4201
20400128,0.60809
20400129,3.2573
20400130,-0.58355
20400131,-1.3977
20400201,0.61039
20400202,0.026754
20400203,3.9065
20400204,4.1955
20400205,1.1713
20400206,2.2876
20400207,2.2431
20400208,2.3614
20400209,-0.5017
20400210,-1.1474
20400211,-0.053233
20400212,5.6588
20400213,8.2036
20400214,7.4231
20400215,8.0916
20400216,7.041
20400217,7.0143
20400218,8.2795
20400219,8.3901
20400220,7.0173
20400221,2.7189
20400222,2.5079
20400223,5.3104
20400224,5.2687
20400225,0.81596
20400226,-1.0154
20400227,-0.70171
20400228,0.44791
20400229,1.47
20400301,4.0974
20400302,7.1468
20400303,5.3713
20400304,3.781
20400305,2.7061
20400306,3.3963
20400307,4.0605
20400308,4.3297
20400309,4.4601
20400310,4.7198
20400311,7.3539
20400312,9.2272
20400313,7.4385
20400314,5.2899
20400315,4.1126
20400316,4.0062
20400317,4.1389
20400318,4.8517
20400319,6.3821
20400320,4.0271
20400321,1.4861
20400322,1.6852
20400323,2.0545
20400324,1.8657
20400325,3.4535
20400326,5.2631
20400327,5.2649
20400328,10.266
20400329,8.5122
20400330,6.3374
20400331,6.9651
20400401,7.4721
20400402,6.7056
20400403,6.7653
20400404,6.533
20400405,3.7333
20400406,5.0013
20400407,6.7866
20400408,6.08
20400409,5.1233
20400410,4.1292
20400411,2.3016
20400412,4.8533
20400413,4.843
20400414,7.7835
20400415,5.4077
20400416,7.4164
20400417,5.2309
20400418,5.6173
20400419,9.5945
20400420,9.2083
20400421,10.499
20400422,10.512
20400423,8.1276
20400424,6.4329
20400425,6.321
20400426,8.2619
20400427,6.367
20400428,6.4809
20400429,4.9393
20400430,5.3631
20400501,7.2487
20400502,5.5386
20400503,3.6671
20400504,4.2979
20400505,6.163
20400506,4.7605
20400507,6.1615
20400508,6.2963
20400509,8.5582
20400510,9.4665
20400511,6.2105
20400512,5.4235
20400513,4.2111
20400514,4.7782
20400515,8.5313
20400516,8.142
20400517,9.3224
20400518,10.581
20400519,9.8917
20400520,8.5814
20400521,8.2353
20400522,9.2601
20400523,10.854
20400524,8.6496
20400525,6.5022
20400526,7.9247
20400527,5.9995
20400528,9.7147
20400529,11.09
20400530,10.004
20400531,8.1211
20400601,8.1744
20400602,9.5847
20400603,13.169
20400604,11.288
20400605,12.108
20400606,10.904
20400607,9.0779
20400608,9.9191
20400609,14.471
20400610,15.668
20400611,14.696
20400612,16.922
20400613,14.68
20400614,12.846
20400615,14.528
20400616,15.873
20400617,15.183
20400618,15.268
20400619,13.58
20400620,12.567
20400621,11.738
20400622,12.446
20400623,14.005
20400624,13.341
20400625,15.753
20400626,15.311
20400627,13.782
20400628,13.947
20400629,16.025
20400630,12.189
20400701,12.151
20400702,12.8
20400703,15.355
20400704,16.034
20400705,14.459
20400706,15.569
20400707,17.022
20400708,18.741
20400709,15.367
20400710,15.719
20400711,18.601
20400712,16.981
20400713,15.007
20400714,16.07
20400715,15.434
20400716,14.148
20400717,15.429
20400718,16.723
20400719,19.201
20400720,20.685
20400721,18.893
20400722,19.403
20400723,18.662
20400724,18.967
20400725,19.445
20400726,20.566
20400727,18.779
20400728,20.487
20400729,20.873
20400730,20.352
20400731,19.639
20400801,16.707
20400802,14.808
20400803,17.418
20400804,20.538
20400805,19.21
20400806,17.005
20400807,17.507
20400808,21.415
20400809,21.572
20400810,20.96
20400811,22.458
20400812,21.772
20400813,21.927
20400814,21.357
20400815,21.343
20400816,19.702
20400817,20.08
20400818,20.096
20400819,20.358
20400820,19.744
20400821,20.948
20400822,22.346
20400823,22.583
20400824,20.791
20400825,18.752
20400826,17.22
20400827,18.226
20400828,16.003
20400829,17.463
20400830,17.541
20400831,18.025
20400901,19.371
20400902,16.439
20400903,13.822
20400904,12.222
20400905,12.379
20400906,13.79
20400907,14.047
20400908,15.95
20400909,15.884
20400910,14.237
20400911,14.103
20400912,15.966
20400913,16.483
20400914,15.845
20400915,18.627
20400916,16.929
20400917,15.266
20400918,14.405
20400919,13.821
20400920,14.332
20400921,15.044
20400922,15.674
20400923,15.913
20400924,16.262
20400925,17.16
20400926,14.551
20400927,13.144
20400928,12.184
20400929,12.812
20400930,12.925
20401001,11.111
20401002,11.862
20401003,11.874
20401004,11.838
20401005,11.525
20401006,11.022
20401007,12.641
20401008,10.609
20401009,9.2469
20401010,10.043
20401011,10.521
20401012,9.61
20401013,7.168
20401014,6.4732
20401015,9.1409
20401016,6.2045
20401017,7.7118
20401018,7.0177
20401019,9.2987
20401020,8.1095
20401021,7.2443
20401022,7.2236
20401023,11.974
20401024,10.932
20401025,7.6781
20401026,6.735
20401027,7.0713
20401028,7.5264
20401029,7.3663
20401030,7.6995
20401031,3.7924
20401101,4.8991
20401102,6.3344
20401103,7.1145
20401104,5.8506
20401105,4.0474
20401106,8.7425
20401107,4.1095
20401108,2.0096
20401109,1.6072
20401110,6.2702
20401111,7.0099
20401112,5.1358
20401113,2.961
20401114,0.71321
20401115,2.7396
20401116,8.0787
20401117,8.1648
20401118,6.273
20401119,3.0874
20401120,0.99595
20401121,-0.783
20401122,-1.5482
20401123,-0.071655
20401124,-1.0725
20401125,-2.4928
20401126,-2.6009
20401127,-1.6034
20401128,-0.41482
20401129,-1.0365
20401130,4.5099
20401201,4.5827
20401202,3.7029
20401203,7.7985
20401204,9.188
20401205,10.205
20401206,5.9
20401207,2.6956
20401208,0.75633
20401209,6.9459
20401210,8.0108
20401211,10.61
20401212,10.692
20401213,6.3984
20401214,4.9299
20401215,4.4722
20401216,3.8857
20401217,0.98305
20401218,-0.30493
20401219,0.34531
20401220,-1.5872
20401221,-0.60787
20401222,0.96395
20401223,0.76839
20401224,1.4819
20401225,1.3861
20401226,3.7048
20401227,-0.78851
20401228,0.5634
20401229,-0.77377
20401230,0.075541
20401231,5.7665
20410101,6.2767
20410102,9.6741
20410103,6.379
20410104,1.9
20410105,0.21042
20410106,0.87306
20410107,0.36657
20410108,0.32841
20410109,2.1987
20410110,6.4157
20410111,4.7866
20410112,2.6146
20410113,6.2892
20410114,2.9979
20410115,2.5338
20410116,3.0776
20410117,0.20421
20410118,3.2217
20410119,1.8511
20410120,0.056244
20410121,-0.92337
20410122,6.6409
20410123,2.4422
20410124,1.5107
20410125,0.42191
20410126,4.6556
20410127,1.2978
20410128,0.38807
20410129,-0.99408
20410130,-0.76246
20410131,-2.3889
20410201,-3.1353
20410202,-2.8606
20410203,-2.209
20410204,-2.9028
20410205,-3.964
20410206,-5.2595
20410207,-5.2327
20410208,-5.0423
20410209,1.1068
20410210,3.6605
20410211,1.9602
20410212,0.034098
20410213,-1.6655
20410214,-0.5504
20410215,-0.34344
20410216,-1.9022
20410217,-1.0229
20410218,-2.5887
20410219,-4.6946
20410220,-3.0832
20410221,-4.0487
20410222,-3.8957
20410223,-2.9271
20410224,-3.1569
20410225,-0.79109
20410226,-2.463
20410227,-3.6691
20410228,-1.2435
20410301,-3.5357
20410302,-4.6638
20410303,-4.6001
20410304,-4.4235
20410305,-0.30717
20410306,3.3991
20410307,1.583
20410308,3.3586
20410309,1.016
20410310,-1.3059
20410311,-1.7321
20410312,2.0502
20410313,1.0914
20410314,-0.19597
20410315,4.2378
20410316,3.3441
20410317,3.6246
20410318,2.3972
20410319,1.0009
20410320,3.4392
20410321,5.4523
20410322,3.3036
20410323,1.0664
20410324,6.9132
20410325,5.877
20410326,4.3854
20410327,0.65261
20410328,4.6942
20410329,3.9373
20410330,3.2534
20410331,8.2848
20410401,5.9444
20410402,7.9102
20410403,7.2591
20410404,8.4952
20410405,10.182
20410406,8.5361
20410407,8.5914
20410408,5.76
20410409,6.0061
20410410,4.5064
20410411,6.5283
20410412,8.8526
20410413,8.7172
20410414,8.1165
20410415,5.0857
20410416,1.9785
20410417,2.7717
20410418,2.9419
20410419,5.8419
20410420,10.072
20410421,8.1407
20410422,5.6534
20410423,6.1465
20410424,8.0257
20410425,7.3708
20410426,6.7818
20410427,6.7085
20410428,3.8906
20410429,3.9841
20410430,3.7186
20410501,9.3323
20410502,7.1979
20410503,5.5883
20410504,9.2335
20410505,9.9788
20410506,11.582
20410507,8.9864
20410508,8.9109
20410509,10.922
20410510,11.961
20410511,12.242
20410512,12.692
20410513,11.262
20410514,9.1409
20410515,10.548
20410516,11.177
20410517,10.056
20410518,10.198
20410519,10.477
20410520,11.064
20410521,11.881
20410522,12.943
20410523,12.805
20410524,12.847
20410525,13.17
20410526,13.357
20410527,13.48
20410528,13.534
20410529,14.069
20410530,14.221
20410531,16.984
20410601,17.836
20410602,16.254
20410603,16.814
20410604,16.285
20410605,14.722
20410606,15.981
20410607,17.889
20410608,17.775
20410609,14.874
20410610,13.616
20410611,14.836
20410612,17.513
20410613,18.19
20410614,18.492
20410615,18.168
20410616,13.641
20410617,12.277
20410618,10.796
20410619,10.611
20410620,11.793
20410621,15.89
20410622,12.804
20410623,10.476
20410624,10.122
20410625,12.182
20410626,11.24
20410627,13.077
20410628,13.407
20410629,14.225
20410630,15.096
20410701,17.139
20410702,16.964
20410703,18.024
20410704,18.517
20410705,19.742
20410706,20.687
20410707,20.328
20410708,20.452
20410709,19.616
20410710,21.395
20410711,23.136
20410712,22.219
20410713,22.095
20410714,22.131
20410715,20.175
20410716,19.369
20410717,21.686
20410718,20.975
20410719,23.595
20410720,23.05
20410721,22.375
20410722,23.636
20410723,22.416
20410724,20.425
20410725,21.063
20410726,22.775
20410727,24.085
20410728,25.574
20410729,27.003
20410730,25.138
20410731,25.638
20410801,25.964
20410802,23.782
20410803,21.795
20410804,21.512
20410805,22.806
20410806,20.888
20410807,23.664
20410808,23.164
20410809,23.583
20410810,24.655
20410811,23.546
20410812,21.94
20410813,23.244
20410814,24.611
20410815,23.118
20410816,20.052
20410817,19.959
20410818,20.454
20410819,19.057
20410820,19.459
20410821,16.727
20410822,14.555
20410823,19.591
20410824,19.073
20410825,19.584
20410826,20.417
20410827,20.177
20410828,17.532
20410829,14.33
20410830,17.19
20410831,17.331
20410901,15.317
20410902,16.535
20410903,14.678
20410904,11.664
20410905,11.23
20410906,13.571
20410907,13.189
20410908,15.98
20410909,18.241
20410910,12.374
20410911,9.9848
20410912,10.318
20410913,10.978
20410914,10.146
20410915,11.333
20410916,14.441
20410917,15.23
20410918,15.648
20410919,14.578
20410920,14.514
20410921,14.265
20410922,15.768
20410923,15.725
20410924,15.229
20410925,14.344
20410926,12.329
20410927,11.787
20410928,13.904
20410929,14.368
20410930,16.027
20411001,17.547
20411002,15.91
20411003,14.671
20411004,14.147
20411005,14.52
20411006,13.38
20411007,11.437
20411008,9.5631
20411009,8.2444
20411010,9.9677
20411011,6.6863
20411012,6.0789
20411013,6.7479
20411014,4.7212
20411015,5.8145
20411016,10.419
20411017,7.5054
20411018,6.0495
20411019,7.2049
20411020,7.1223
20411021,6.0754
20411022,8.2739
20411023,6.4383
20411024,5.9808
20411025,6.7634
20411026,5.126
20411027,3.8141
20411028,2.7087
20411029,2.8945
20411030,3.3175
20411031,3.4018
20411101,3.3318
20411102,1.5483
20411103,-0.24274
20411104,-0.11385
20411105,1.5473
20411106,4.9535
20411107,6.3121
20411108,6.1771
20411109,3.2869
20411110,1.6371
20411111,0.99798
20411112,1.4891
20411113,1.096
20411114,-0.48537
20411115,-0.20597
20411116,0.55743
20411117,2.0375
20411118,3.8277
20411119,8.1054
20411120,8.5431
20411121,10.331
20411122,11.434
20411123,6.1655
20411124,4.5524
20411125,3.771
20411126,3.0999
20411127,0.9588
20411128,0.72402
20411129,2.281
20411130,2.0419
20411201,8.4129
20411202,11.028
20411203,9.9994
20411204,9.9722
20411205,9.5183
20411206,4.5507
20411207,3.0379
20411208,2.1016
20411209,0.93732
20411210,3.5338
20411211,2.7279
20411212,5.9602
20411213,6.6856
20411214,4.134
20411215,4.3181
20411216,2.3989
20411217,-0.050761
20411218,3.0129
20411219,0.52832
20411220,-0.076925
20411221,-0.65558
20411222,-0.61057
20411223,-0.566
20411224,0.13259
20411225,0.65762
20411226,0.79624
20411227,4.3303
20411228,-0.38167
20411229,-2.3619
20411230,-2.3494
20411231,-2.2464
20420101,-2.4798
20420102,-3.3467
20420103,3.5632
20420104,4.5119
20420105,2.2884
20420106,-0.29647
20420107,-1.0902
20420108,3.1939
20420109,2.0004
20420110,1.3684
20420111,0.87101
20420112,-1.3022
20420113,-2.3828
20420114,-0.95056
20420115,0.80253
20420116,2.1097
20420117,1.2934
20420118,-0.25755
20420119,-1.0722
20420120,0.7439
20420121,0.16881
20420122,-1.4212
20420123,-1.8907
20420124,0.59102
20420125,-0.0013835
20420126,2.6471
20420127,2.0525
20420128,-2.5885
20420129,-4.5972
20420130,-3.9321
20420131,-5.3576
20420201,-7.1208
20420202,-7.3253
20420203,-2.1754
20420204,-0.063477
20420205,1.2263
20420206,1.2039
20420207,4.7625
20420208,4.8195
20420209,5.1373
20420210,1.7846
20420211,1.7112
20420212,-0.55045
20420213,3.0118
20420214,1.8296
20420215,2.2657
20420216,2.5231
20420217,2.1221
20420218,1.5656
20420219,-0.047536
20420220,-0.11298
20420221,-0.55311
20420222,-1.5989
20420223,-1.5677
20420224,2.285
20420225,5.4907
20420226,2.8455
20420227,0.64391
20420228,1.3746
20420301,4.1469
20420302,2.5025
20420303,1.1514
20420304,0.1363
20420305,4.7135
20420306,1.0909
20420307,-1.4345
20420308,1.0732
20420309,3.8974
20420310,1.3265
20420311,3.1547
20420312,6.337
20420313,2.2683
20420314,2.7114
20420315,8.9994
20420316,4.7477
20420317,1.6766
20420318,1.041
20420319,1.0979
20420320,3.7998
20420321,1.995
20420322,3.3363
20420323,1.4896
20420324,3.9935
20420325,7.1903
20420326,5.4268
20420327,2.4446
20420328,1.3955
20420329,3.0599
20420330,4.8577
20420331,4.5292
20420401,4.0789
20420402,3.5608
20420403,3.7587
20420404,3.5835
20420405,5.0459
20420406,7.2908
20420407,7.021
20420408,6.915
20420409,4.4094
20420410,1.8594
20420411,-0.064504
20420412,5.536
20420413,3.7936
20420414,5.5171
20420415,6.4073
20420416,4.7625
20420417,5.6325
20420418,8.8731
20420419,7.2201
20420420,4.0078
20420421,3.8116
20420422,4.3735
20420423,6.1689
20420424,4.7987
20420425,6.4558
20420426,6.149
20420427,5.5511
20420428,5.9816
20420429,9.3922
20420430,7.345
20420501,6.85
20420502,7.7877
20420503,7.8052
20420504,7.6854
20420505,10.379
20420506,10.242
20420507,7.3301
20420508,9.0739
20420509,9.872
20420510,7.9296
20420511,8.6391
20420512,9.3759
20420513,6.5818
20420514,9.1127
20420515,9.3967
20420516,10.115
20420517,10.551
20420518,12.23
20420519,12.04
20420520,11.755
20420521,11.62
20420522,12.465
20420523,11.404
20420524,12.016
20420525,14.408
20420526,11.636
20420527,10.411
20420528,8.7163
20420529,11.512
20420530,13.913
20420531,15.065
20420601,14.559
20420602,13.774
20420603,12.769
20420604,12.296
20420605,12.888
20420606,14.18
20420607,13.514
20420608,13.348
20420609,15.843
20420610,16.04
20420611,15.402
20420612,15.417
20420613,15.276
20420614,15.678
20420615,16.178
20420616,14.992
20420617,15.253
20420618,16.434
20420619,17.593
20420620,17.383
20420621,16.513
20420622,14.37
20420623,13.429
20420624,14.696
20420625,16.202
20420626,19.176
20420627,18.783
20420628,18.209
20420629,19.457
20420630,17.498
20420701,14.84
20420702,14.882
20420703,16.795
20420704,17.965
20420705,17.489
20420706,18.186
20420707,19.318
20420708,16.224
20420709,13.759
20420710,13.477
20420711,16.376
20420712,17.989
20420713,17.716
20420714,19.166
20420715,19.088
20420716,14.788
20420717,12.759
20420718,14.47
20420719,14.929
20420720,17.602
20420721,19.75
20420722,18.261
20420723,16.553
20420724,18.303
20420725,20.045
20420726,20.383
20420727,17.995
20420728,19.256
20420729,21.25
20420730,21.823
20420731,22.932
20420801,23.62
20420802,22.615
20420803,17.94
20420804,14.89
20420805,14.261
20420806,16.511
20420807,18.357
20420808,16.027
20420809,13.683
20420810,16.335
20420811,15.142
20420812,13.249
20420813,13.046
20420814,14.32
20420815,12.68
20420816,13.715
20420817,14.865
20420818,16
20420819,17.292
20420820,17.763
20420821,14.793
20420822,15.704
20420823,14.441
20420824,13.417
20420825,13.51
20420826,15.492
20420827,14.388
20420828,16.615
20420829,16.595
20420830,15.884
20420831,17.123
20420901,17.419
20420902,17.085
20420903,17.447
20420904,15.423
20420905,13.269
20420906,18.084
20420907,16.36
20420908,13.107
20420909,15.375
20420910,15.587
20420911,15.271
20420912,17.568
20420913,16.326
20420914,17.465
20420915,15.058
20420916,13.355
20420917,14.239
20420918,13.687
20420919,14.893
20420920,12.903
20420921,14.249
20420922,13.722
20420923,12.857
20420924,14.194
20420925,12.71
20420926,10.9
20420927,17.495
20420928,14.902
20420929,10.173
20420930,7.8304
20421001,10.587
20421002,10.534
20421003,12.305
20421004,13.116
20421005,14.073
20421006,12.979
20421007,13.142
20421008,12.91
20421009,13.925
20421010,12.89
20421011,15.334
20421012,13.377
20421013,12.674
20421014,12.85
20421015,13.195
20421016,12.443
20421017,11.907
20421018,11.709
20421019,13.498
20421020,11.581
20421021,10.121
20421022,7.1894
20421023,6.679
20421024,7.2684
20421025,8.3652
20421026,8.1614
20421027,7.8087
20421028,8.1534
20421029,8.0488
20421030,7.4904
20421031,6.9331
20421101,6.5912
20421102,5.844
20421103,5.5102
20421104,4.7752
20421105,5.4843
20421106,5.8957
20421107,8.1269
20421108,10.959
20421109,7.5784
20421110,3.8927
20421111,2.5374
20421112,5.7463
20421113,3.7895
20421114,2.5928
20421115,6.1277
20421116,4.4306
20421117,2.7993
20421118,6.1752
20421119,6.4748
20421120,4.7108
20421121,3.3885
20421122,3.7279
20421123,4.5131
20421124,2.3757
20421125,2.173
20421126,2.5145
20421127,0.65631
20421128,0.31019
20421129,1.7711
20421130,-0.6843
20421201,-0.5004
20421202,0.13239
20421203,-0.35177
20421204,5.3125
20421205,3.4758
20421206,5.4909
20421207,6.4276
20421208,8.8981
20421209,9.8086
20421210,9.1722
20421211,3.3184
20421212,1.7779
20421213,4.2558
20421214,0.30914
20421215,-0.96202
20421216,0.17967
20421217,3.2123
20421218,1.7709
20421219,-0.23345
20421220,-1.7061
20421221,-1.8792
20421222,3.4559
20421223,0.71279
20421224,-0.68844
20421225,-0.18085
20421226,-0.66041
20421227,2.154
20421228,0.28659
20421229,-0.74288
20421230,-2.5791
20421231,-2.9025
20430101,-4.2931
20430102,-1.8413
20430103,-2.9416
20430104,-1.3466
20430105,-0.6212
20430106,-2.1502
20430107,0.46766
20430108,5.6092
20430109,3.6068
20430110,3.723
20430111,1.4359
20430112,-1.0647
20430113,4.7642
20430114,3.4858
20430115,0.88551
20430116,1.3492
20430117,2.0917
20430118,-0.037659
20430119,-0.53016
20430120,3.8345
20430121,3.3106
20430122,3.2795
20430123,3.0319
20430124,-0.34645
20430125,-0.73749
20430126,-1.502
20430127,-1.6856
20430128,-4.0936
20430129,-4.6035
20430130,-3.451
20430131,-2.9842
20430201,-4.4748
20430202,-3.3082
20430203,-2.9554
20430204,-1.2492
20430205,-2.3688
20430206,-3.9055
20430207,-4.0748
20430208,-0.062836
20430209,-0.43475
20430210,-1.2945
20430211,2.864
20430212,2.2978
20430213,1.2407
20430214,1.0692
20430215,-0.35004
20430216,-1.1131
20430217,-0.75622
20430218,-3.3461
20430219,-5.5663
20430220,-3.6124
20430221,-3.2326
20430222,-4.2725
20430223,-4.1253
20430224,-5.9483
20430225,-4.3267
20430226,-4.8626
20430227,-4.8895
20430228,-3.8734
20430301,-4.7252
20430302,-4.7196
20430303,-1.8126
20430304,-1.5046
20430305,1.5459
20430306,0.42538
20430307,0.88028
20430308,2.45
20430309,-0.026723
20430310,-2.0132
20430311,-2.4666
20430312,-1.9818
20430313,-1.0262
20430314,-0.39769
20430315,3.3159
20430316,1.9948
20430317,8.5042
20430318,8.1788
20430319,6.9501
20430320,5.5594
20430321,6.2182
20430322,7.2372
20430323,5.394
20430324,2.3528
20430325,3.9364
20430326,5.3578
20430327,7.2413
20430328,6.4813
20430329,5.0585
20430330,3.8245
20430331,1.4716
20430401,3.7246
20430402,6.1737
20430403,3.8377
20430404,1.7304
20430405,1.6405
20430406,0.78922
20430407,3.0794
20430408,1.2149
20430409,1.6461
20430410,3.0156
20430411,3.0422
20430412,3.7148
20430413,4.1922
20430414,4.4861
20430415,6.4611
20430416,5.597
20430417,5.1589
20430418,5.4873
20430419,5.5953
20430420,5.3919
20430421,4.4276
20430422,3.9182
20430423,3.6213
20430424,5.1703
20430425,5.9759
20430426,7.3542
20430427,4.6534
20430428,3.8481
20430429,7.5475
20430430,8.4985
20430501,7.7936
20430502,7.7622
20430503,6.9725
20430504,8.5465
20430505,10.056
20430506,9.7804
20430507,9.5236
20430508,10.249
20430509,9.8914
20430510,8.4941
20430511,8.6472
20430512,9.0963
20430513,7.0699
20430514,6.8315
20430515,8.4922
20430516,9.7316
20430517,7.4704
20430518,6.4978
20430519,6.4093
20430520,10.212
20430521,12.544
20430522,11.736
20430523,11.865
20430524,11.119
20430525,9.737
20430526,13.02
20430527,14.635
20430528,15.063
20430529,14.279
20430530,13.437
20430531,14.423
20430601,17.782
20430602,19.015
20430603,17.73
20430604,17.125
20430605,16.754
20430606,16.619
20430607,17.043
20430608,13.885
20430609,11.234
20430610,13.397
20430611,15.415
20430612,15.133
20430613,15.703
20430614,16.214
20430615,15.303
20430616,14.999
20430617,13.663
20430618,13.995
20430619,15.018
20430620,13.225
20430621,14.569
20430622,16.765
20430623,18.017
20430624,17.794
20430625,17.917
20430626,19.165
20430627,17.65
20430628,19.449
20430629,18.619
20430630,17.61
20430701,18.58
20430702,18.053
20430703,17.306
20430704,17.506
20430705,19.087
20430706,20.049
20430707,21.136
20430708,20.747
20430709,21.389
20430710,21.311
20430711,20.512
20430712,17.789
20430713,15.216
20430714,15.77
20430715,18.159
20430716,18.35
20430717,19.463
20430718,20.307
20430719,19.769
20430720,19.734
20430721,21.66
20430722,21.483
20430723,23.492
20430724,22.887
20430725,21.942
20430726,21.856
20430727,20.509
20430728,19.082
20430729,18.013
20430730,18.531
20430731,19.382
20430801,21.647
20430802,20.768
20430803,20.649
20430804,20.827
20430805,20.891
20430806,22.948
20430807,22.152
20430808,22.544
20430809,19.77
20430810,21.711
20430811,20.547
20430812,19.368
20430813,17.388
20430814,17.973
20430815,21.642
20430816,19.794
20430817,18.626
20430818,19.83
20430819,18.88
20430820,19.579
20430821,18.554
20430822,18.053
20430823,17.203
20430824,15.183
20430825,16.29
20430826,17.27
20430827,19.812
20430828,20.338
20430829,18.873
20430830,17.892
20430831,18.226
20430901,19.044
20430902,16.676
20430903,15.395
20430904,13.21
20430905,12.858
20430906,13.653
20430907,16.49
20430908,14.305
20430909,12.441
20430910,10.588
20430911,8.9079
20430912,9.2929
20430913,10.938
20430914,11.8
20430915,10.549
20430916,11.301
20430917,12.822
20430918,11.188
20430919,16.239
20430920,12.43
20430921,10.308
20430922,10.812
20430923,16.263
20430924,14.743
20430925,12.873
20430926,13.798
20430927,17.748
20430928,16.875
20430929,14.634
20430930,11.492
20431001,9.1262
20431002,7.7997
20431003,7.9529
20431004,6.4733
20431005,6.6017
20431006,7.2543
20431007,7.8616
20431008,10.165
20431009,13.059
20431010,14.772
20431011,13.603
20431012,13.427
20431013,13.035
20431014,9.6976
20431015,12.534
20431016,11.524
20431017,13.073
20431018,7.9149
20431019,6.1395
20431020,4.3583
20431021,6.8786
20431022,6.3081
20431023,9.5518
20431024,6.8776
20431025,6.6971
20431026,6.1513
20431027,5.4335
20431028,3.2312
20431029,3.7803
20431030,2.6733
20431031,2.9876
20431101,1.6046
20431102,2.386
20431103,7.4296
20431104,5.2029
20431105,3.9787
20431106,8.258
20431107,5.9751
20431108,5.4473
20431109,3.8294
20431110,5.5892
20431111,4.0388
20431112,5.9833
20431113,5.8398
20431114,2.2697
20431115,0.56603
20431116,0.19152
20431117,-0.31143
20431118,-0.91437
20431119,-2.2123
20431120,-2.6575
20431121,-2.4009
20431122,1.3986
20431123,3.3639
20431124,3.8464
20431125,3.1478
20431126,1.8048
20431127,-0.34412
20431128,-2.3239
20431129,-3.527
20431130,-3.7126
20431201,-4.4472
20431202,-6.2008
20431203,-6.7153
20431204,-5.0224
20431205,-4.2222
20431206,-3.1021
20431207,-2.6951
20431208,-1.7582
20431209,-0.8166
20431210,-2.4639
20431211,-1.7405
20431212,-2.3219
20431213,-2.9862
20431214,-4.8607
20431215,0.23201
20431216,-0.75559
20431217,-2.2193
20431218,5.647
20431219,-0.30149
20431220,-2.6158
20431221,-3.4191
20431222,3.8481
20431223,3.9741
20431224,1.3867
20431225,0.3997
20431226,-0.61772
20431227,3.843
20431228,4.2114
20431229,2.9433
20431230,6.9988
20431231,5.183
20440101,4.1948
20440102,2.0032
20440103,3.2605
20440104,1.0445
20440105,-0.58262
20440106,-0.50458
20440107,-0.46941
20440108,6.9951
20440109,7.2199
20440110,2.3531
20440111,2.2659
20440112,2.4933
20440113,0.78519
20440114,-0.66278
20440115,1.1701
20440116,3.5562
20440117,0.20174
20440118,1.9423
20440119,1.4235
20440120,2.2463
20440121,1.4204
20440122,0.63204
20440123,1.1105
20440124,1.6388
20440125,4.7316
20440126,2.6923
20440127,8.804
20440128,4.7031
20440129,5.7185
20440130,2.3371
20440131,-0.41386
20440201,3.1119
20440202,4.0015
20440203,4.4922
20440204,6.4662
20440205,4.7125
20440206,-0.6054
20440207,-1.2125
20440208,-0.58866
20440209,-1.9996
20440210,-2.3552
20440211,-1.8929
20440212,-1.255
20440213,4.6568
20440214,0.27035
20440215,-1.7824
20440216,-0.86819
20440217,-2.6204
20440218,-0.34249
20440219,0.69203
20440220,0.13416
20440221,-1.4452
20440222,-2.3791
20440223,-1.0897
20440224,-1.3902
20440225,0.68756
20440226,-0.81376
20440227,-1.8443
20440228,-3.5019
20440229,-3.3094
20440301,-3.959
20440302,-2.2079
20440303,-2.5746
20440304,-3.3998
20440305,0.56318
20440306,-2.094
20440307,-3.2337
20440308,-1.9002
20440309,-4.1089
20440310,1.0579
20440311,-3.3331
20440312,-0.78212
20440313,0.7213
20440314,-1.5562
20440315,-1.744
20440316,-2.8118
20440317,-0.32218
20440318,3.5618
20440319,4.3698
20440320,6.2426
20440321,5.0137
20440322,2.5168
20440323,0.70863
20440324,6.3845
20440325,8.1163
20440326,4.9192
20440327,3.8468
20440328,4.4561
20440329,6.3232
20440330,4.8049
20440331,5.1852
20440401,5.3534
20440402,4.5388
20440403,6.0257
20440404,4.6788
20440405,3.7194
20440406,3.7998
20440407,5.2045
20440408,5.8747
20440409,5.8117
20440410,6.7577
20440411,9.7418
20440412,8.7356
20440413,5.0869
20440414,4.444
20440415,7.7409
20440416,8.3612
20440417,4.7713
20440418,3.1612
20440419,5.5178
20440420,4.9118
20440421,2.734
20440422,4.8822
20440423,7.8373
20440424,8.8016
20440425,6.0407
20440426,2.8791
20440427,7.0766
20440428,6.3514
20440429,10.533
20440430,9.5805
20440501,8.493
20440502,6.2302
20440503,7.6179
20440504,7.4802
20440505,7.2366
20440506,8.5267
20440507,7.4383
20440508,6.44
20440509,9.9123
20440510,7.751
20440511,6.1104
20440512,7.3363
20440513,7.7139
20440514,7.9145
20440515,9.1964
20440516,10.422
20440517,12.385
20440518,14.82
20440519,13.277
20440520,12.572
20440521,11.886
20440522,11.204
20440523,12.797
20440524,11.098
20440525,12.196
20440526,12.071
20440527,10.657
20440528,13.95
20440529,11.328
20440530,11.185
20440531,12.239
20440601,12.037
20440602,13.792
20440603,13.172
20440604,14.267
20440605,12.153
20440606,12.292
20440607,10.713
20440608,12.079
20440609,15.432
20440610,15.532
20440611,16.048
20440612,16.548
20440613,15.778
20440614,15.156
20440615,11.761
20440616,10.234
20440617,11.359
20440618,10.44
20440619,11.893
20440620,12.659
20440621,13.927
20440622,13.799
20440623,13.217
20440624,12.43
20440625,12.614
20440626,14.161
20440627,13.316
20440628,14.835
20440629,17.158
20440630,19.449
20440701,20.389
20440702,19.34
20440703,18.149
20440704,17.489
20440705,17.901
20440706,18.057
20440707,19.897
20440708,20.35
20440709,20.944
20440710,20.905
20440711,20.071
20440712,19.109
20440713,18.233
20440714,17.128
20440715,19.117
20440716,20.841
20440717,19.306
20440718,19.428
20440719,20.197
20440720,17.612
20440721,15.191
20440722,16.967
20440723,16.736
20440724,17.618
20440725,17.5
20440726,18.022
20440727,20.942
20440728,23.489
20440729,23.864
20440730,23.511
20440731,24.341
20440801,21.861
20440802,19.569
20440803,20.204
20440804,21.07
20440805,23.022
20440806,22.086
20440807,21.977
20440808,20.803
20440809,19.217
20440810,16.237
20440811,16.985
20440812,19.687
20440813,21.632
20440814,20.909
20440815,20.959
20440816,22.049
20440817,22.599
20440818,22.983
20440819,20.904
20440820,21.817
20440821,19.889
20440822,23.615
20440823,22.167
20440824,22.463
20440825,20.477
20440826,21.345
20440827,19.619
20440828,17.024
20440829,21.855
20440830,21.89
20440831,19.662
20440901,17.738
20440902,17.586
20440903,17.068
20440904,17.109
20440905,17.547
20440906,16.279
20440907,14.421
20440908,16.443
20440909,14.827
20440910,15.884
20440911,15.21
20440912,12.484
20440913,12.662
20440914,12.082
20440915,10.997
20440916,10.431
20440917,13.101
20440918,11.675
20440919,9.9166
20440920,10.337
20440921,11.593
20440922,9.7811
20440923,10.813
20440924,13.704
20440925,11.614
20440926,9.9192
20440927,8.4592
20440928,10.141
20440929,11.441
20440930,11.804
20441001,10.965
20441002,12.36
20441003,11.668
20441004,10.128
20441005,12.36
20441006,10.655
20441007,10.284
20441008,9.2123
20441009,7.4623
20441010,6.8165
20441011,8.2568
20441012,7.3387
20441013,6.9256
20441014,8.1217
20441015,9.1634
20441016,9.1255
20441017,12.568
20441018,7.407
20441019,7.4025
20441020,10.665
20441021,8.4115
20441022,12.471
20441023,10.07
20441024,8.6771
20441025,9.3055
20441026,9.1915
20441027,8.8415
20441028,6.8998
20441029,6.2799
20441030,6.4326
20441031,5.6219
20441101,5.2215
20441102,4.3327
20441103,1.8376
20441104,1.4004
20441105,0.30385
20441106,-0.30087
20441107,-0.99921
20441108,1.2448
20441109,3.6733
20441110,1.2817
20441111,1.9276
20441112,2.322
20441113,0.95718
20441114,-1.0124
20441115,-0.81302
20441116,5.7864
20441117,6.2817
20441118,7.2756
20441119,6.9149
20441120,6.2556
20441121,5.0273
20441122,4.1558
20441123,1.5501
20441124,0.23586
20441125,-0.20246
20441126,-0.87477
20441127,0.683
20441128,2.346
20441129,6.0118
20441130,4.5781
20441201,11.779
20441202,6.7078
20441203,4.2807
20441204,3.7098
20441205,2.9942
20441206,0.22852
20441207,-1.6825
20441208,-2.0663
20441209,-0.23011
20441210,0.33794
20441211,-1.2716
20441212,1.1882
20441213,-1.7163
20441214,-3.0261
20441215,-1.0759
20441216,-3.1761
20441217,-4.0402
20441218,-3.3954
20441219,-4.9222
20441220,-4.0877
20441221,-0.041361
20441222,6.4719
20441223,6.931
20441224,6.5902
20441225,5.5258
20441226,3.6606
20441227,2.1686
20441228,5.9466
20441229,6.3841
20441230,5.6774
20441231,1.3309
20450101,-0.27579
20450102,-0.55742
20450103,-1.0189
20450104,-1.1961
20450105,-2.4067
20450106,-3.0006
20450107,-3.9306
20450108,-3.9722
20450109,-5.1676
20450110,-7.0795
20450111,-3.6024
20450112,1.7245
20450113,3.0534
20450114,-1.104
20450115,-3.6117
20450116,-6.0386
20450117,-5.9773
20450118,-3.3587
20450119,-0.045054
20450120,2.3009
20450121,0.72073
20450122,-0.37054
20450123,0.29865
20450124,0.59248
20450125,1.8984
20450126,1.8769
20450127,-1.2093
20450128,-2.2248
20450129,-5.1189
20450130,-5.8658
20450131,-6.9512
20450201,-5.0287
20450202,-1.5109
20450203,-0.10825
20450204,2.5206
20450205,5.1226
20450206,4.4972
20450207,3.2408
20450208,-0.13433
20450209,0.053731
20450210,1.268
20450211,-1.8991
20450212,-2.2729
20450213,-1.2876
20450214,1.5942
20450215,2.3691
20450216,2.8039
20450217,4.072
20450218,2.566
20450219,4.1588
20450220,4.949
20450221,3.6798
20450222,0.67728
20450223,-1.1694
20450224,-1.433
20450225,-2.7922
20450226,-4.2583
20450227,-3.1821
20450228,-1.727
20450301,-1.4129
20450302,2.1092
20450303,4.2402
20450304,1.4262
20450305,3.2068
20450306,3.9286
20450307,0.2766
20450308,0.60454
20450309,2.5573
20450310,0.92358
20450311,4.6967
20450312,3.4371
20450313,1.8883
20450314,2.6089
20450315,4.8381
20450316,3.2437
20450317,5.3621
20450318,5.1466
20450319,6.6319
20450320,8.0967
20450321,8.169
20450322,8.0428
20450323,6.6057
20450324,5.5518
20450325,5.1327
20450326,4.4744
20450327,3.4528
20450328,3.1456
20450329,4.1992
20450330,1.8993
20450331,4.5839
20450401,3.4589
20450402,3.5124
20450403,4.7864
20450404,4.248
20450405,5.8931
20450406,4.542
20450407,4.7767
20450408,4.7638
20450409,4.7043
20450410,6.5896
20450411,6.4455
20450412,8.1117
20450413,5.4092
20450414,5.9768
20450415,5.6088
20450416,4.1919
20450417,3.9616
20450418,3.8272
20450419,4.9234
20450420,8.8277
20450421,6.2854
20450422,3.9604
20450423,4.036
20450424,4.5553
20450425,4.8787
20450426,11.17
20450427,10.152
20450428,8.1136
20450429,8.6195
20450430,6.0393
20450501,7.2651
20450502,7.3764
20450503,7.9344
20450504,10.391
20450505,10.967
20450506,10.487
20450507,10.414
20450508,10.127
20450509,8.5815
20450510,8.2089
20450511,8.4494
20450512,7.3126
20450513,7.2825
20450514,11.202
20450515,8.1516
20450516,9.7653
20450517,12.235
20450518,13.717
20450519,11.514
20450520,12.163
20450521,12.483
20450522,12.982
20450523,13.286
20450524,13.961
20450525,13.041
20450526,13.99
20450527,12.975
20450528,10.876
20450529,8.346
20450530,10.808
20450531,13.1
20450601,9.4388
20450602,9.7622
20450603,10.706
20450604,9.4713
20450605,8.027
20450606,11.364
20450607,13.398
20450608,16.157
20450609,14.948
20450610,14.113
20450611,13.582
20450612,11.287
20450613,14.4
20450614,17.343
20450615,15.531
20450616,15.802
20450617,16.085
20450618,15.032
20450619,16.896
20450620,15.946
20450621,15.916
20450622,15.991
20450623,14.442
20450624,11.981
20450625,13.665
20450626,13.947
20450627,14.24
20450628,15.42
20450629,15.858
20450630,17.641
20450701,15.623
20450702,14.625
20450703,16.018
20450704,14.108
20450705,14.471
20450706,13.419
20450707,16.164
20450708,13.867
20450709,12.574
20450710,13.394
20450711,14.146
20450712,12.971
20450713,16.611
20450714,17.397
20450715,18.451
20450716,19.456
20450717,19.171
20450718,18.369
20450719,16.826
20450720,17.222
20450721,17.382
20450722,18.64
20450723,19.398
20450724,18.365
20450725,18.008
20450726,19.296
20450727,19.09
20450728,17.966
20450729,18.2
20450730,16.815
20450731,18.499
20450801,20.679
20450802,19.312
20450803,19.436
20450804,19.78
20450805,19.814
20450806,18.742
20450807,16.504
20450808,13.94
20450809,13.688
20450810,14.658
20450811,17.351
20450812,12.951
20450813,10.847
20450814,13.306
20450815,14.488
20450816,14.306
20450817,12.953
20450818,15.009
20450819,11.074
20450820,10.557
20450821,11.024
20450822,12.771
20450823,15.866
20450824,15.981
20450825,16.571
20450826,16.606
20450827,14.893
20450828,13.444
20450829,13.65
20450830,12.699
20450831,12.224
20450901,12.773
20450902,13.854
20450903,14.841
20450904,15.255
20450905,12.623
20450906,13.782
20450907,12.824
20450908,13.689
20450909,13.825
20450910,13.117
20450911,12.285
20450912,12.958
20450913,12.201
20450914,10.421
20450915,11.189
20450916,11.126
20450917,13.375
20450918,10.958
20450919,11.85
20450920,12.106
20450921,12.806
20450922,13.969
20450923,13.156
20450924,12.798
20450925,13.843
20450926,12.048
20450927,11.396
20450928,9.2827
20450929,8.8297
20450930,11.198
20451001,10.808
20451002,9.6364
20451003,8.8192
20451004,8.7399
20451005,8.3338
20451006,8.6255
20451007,14.1
20451008,12.883
20451009,9.9288
20451010,8.4356
20451011,9.2459
20451012,6.5481
20451013,10.664
20451014,6.2867
20451015,4.2386
20451016,8.9418
20451017,9.8134
20451018,12.608
20451019,11.749
20451020,8.8753
20451021,5.6215
20451022,6.0862
20451023,4.7085
20451024,5.4662
20451025,4.0868
20451026,2.9876
20451027,4.083
20451028,1.6235
20451029,1.034
20451030,0.50601
20451031,10.69
20451101,10.22
20451102,10.051
20451103,8.3922
20451104,7.4705
20451105,10.113
20451106,2.8414
20451107,-0.14123
20451108,-1.403
20451109,-1.4367
20451110,-2.3788
20451111,0.21058
20451112,1.944
20451113,0.98536
20451114,1.5434
20451115,2.4049
20451116,10.257
20451117,9.0717
20451118,3.0432
20451119,3.1708
20451120,6.0114
20451121,3.0276
20451122,3.1293
20451123,5.6294
20451124,3.5816
20451125,2.8198
20451126,3.8407
20451127,0.97655
20451128,-0.60645
20451129,1.6628
20451130,4.3835
20451201,2.819
20451202,3.9043
20451203,5.3734
20451204,4.146
20451205,3.6474
20451206,1.8699
20451207,5.6623
20451208,11.316
20451209,4.4349
20451210,-0.41864
20451211,-2.2455
20451212,-1.6797
20451213,1.1704
20451214,0.00236
20451215,-1.4772
20451216,-1.9952
20451217,0.91476
20451218,-1.2934
20451219,-2.3869
20451220,-3.8491
20451221,-4.9418
20451222,-6.7352
20451223,-3.4094
20451224,-4.0244
20451225,-4.895
20451226,-4.9049
20451227,-6.7174
20451228,-5.9692
20451229,-4.469
20451230,-5.0858
20451231,1.0976
20460101,-2.6856
20460102,-4.4109
20460103,-1.6372
20460104,0.30149
20460105,-1.5858
20460106,2.6094
20460107,4.4041
20460108,0.40132
20460109,0.0098979
20460110,-2.2343
20460111,-2.5649
20460112,-2.7072
20460113,-0.8715
20460114,1.2379
20460115,0.73922
20460116,-0.77517
20460117,2.8059
20460118,-0.066528
20460119,-2.093
20460120,-3.1622
20460121,-1.9263
20460122,-2.3602
20460123,1.5037
20460124,-1.1604
20460125,0.68538
20460126,4.7204
20460127,5.881
20460128,4.7362
20460129,1.5102
20460130,-3.2246
20460131,-4.6521
20460201,-4.6337
20460202,1.5298
20460203,1.7834
20460204,2.2373
20460205,-0.19
20460206,0.68142
20460207,0.093353
20460208,-2.3263
20460209,-4.2147
20460210,-5.1787
20460211,-5.5891
20460212,-5.5552
20460213,-5.2469
20460214,5.9371
20460215,2.8562
20460216,-1.182
20460217,0.4878
20460218,-0.32196
20460219,-1.7086
20460220,-2.575
20460221,-1.9265
20460222,0.97998
20460223,0.38748
20460224,-1.3419
20460225,-0.92
20460226,-1.0095
20460227,-0.6178
20460228,4.3976
20460301,4.4288
20460302,6.2179
20460303,5.6332
20460304,3.9497
20460305,3.5606
20460306,5.0697
20460307,-0.48645
20460308,-0.51655
20460309,-3.4357
20460310,-4.3512
20460311,-1.1938
20460312,-2.4418
20460313,-0.50081
20460314,0.46812
20460315,0.30046
20460316,-0.014282
20460317,2.0698
20460318,1.0932
20460319,1.8115
20460320,0.28347
20460321,1.6344
20460322,3.6953
20460323,0.25751
20460324,0.90563
20460325,1.0686
20460326,2.0213
20460327,7.5231
20460328,6.3883
20460329,4.264
20460330,1.37
20460331,-0.059418
20460401,1.2641
20460402,3.0818
20460403,3.6653
20460404,4.6298
20460405,6.0987
20460406,6.4598
20460407,3.2917
20460408,1.8257
20460409,1.6149
20460410,2.5478
20460411,4.0581
20460412,6.7176
20460413,5.0825
20460414,4.466
20460415,4.8688
20460416,5.2005
20460417,7.4848
20460418,6.2955
20460419,3.1572
20460420,3.103
20460421,4.8294
20460422,5.588
20460423,4.6729
20460424,7.3029
20460425,7.2287
20460426,7.3635
20460427,5.0661
20460428,5.0396
20460429,8.5799
20460430,10.042
20460501,8.7678
20460502,12.262
20460503,13.937
20460504,13.92
20460505,13.068
20460506,8.8013
20460507,6.1025
20460508,8.7478
20460509,12.179
20460510,13.142
20460511,12.303
20460512,8.3899
20460513,6.5519
20460514,7.5466
20460515,8.1322
20460516,6.0629
20460517,8.1429
20460518,10.828
20460519,10.914
20460520,13.451
20460521,11.85
20460522,13.791
20460523,12.013
20460524,13.757
20460525,12.91
20460526,14.199
20460527,14.399
20460528,15.832
20460529,12.298
20460530,11.146
20460531,15.234
20460601,14.34
20460602,12.139
20460603,11.007
20460604,12.439
20460605,12.376
20460606,10.807
20460607,11.749
20460608,13.694
20460609,12.842
20460610,11.306
20460611,12.453
20460612,15.415
20460613,14.368
20460614,13.938
20460615,13.115
20460616,12.065
20460617,11.381
20460618,13.595
20460619,13.522
20460620,14.375
20460621,12.9
20460622,15.167
20460623,14.057
20460624,12.726
20460625,14.435
20460626,14.364
20460627,15.302
20460628,13.953
20460629,13.581
20460630,14.81
20460701,15.645
20460702,18.162
20460703,17.164
20460704,16.623
20460705,16.004
20460706,17.576
20460707,17.307
20460708,17.853
20460709,18.428
20460710,16.911
20460711,17.389
20460712,18.619
20460713,19.347
20460714,18.884
20460715,17.644
20460716,18.361
20460717,18.428
20460718,17.185
20460719,19.161
20460720,19.561
20460721,17.531
20460722,15.573
20460723,16.781
20460724,17.771
20460725,15.849
20460726,14.427
20460727,14.563
20460728,16.333
20460729,17.408
20460730,16.501
20460731,14.956
20460801,16.534
20460802,17.653
20460803,14.791
20460804,13.827
20460805,14.382
20460806,17.092
20460807,19.279
20460808,17.933
20460809,16.421
20460810,18.031
20460811,17.128
20460812,18.769
20460813,19.734
20460814,20.412
20460815,18.426
20460816,19.131
20460817,19.247
20460818,18.499
20460819,17.696
20460820,15.051
20460821,14.491
20460822,11.955
20460823,13.442
20460824,15.086
20460825,17.788
20460826,17.421
20460827,19.732
20460828,17.443
20460829,14.921
20460830,16.705
20460831,16.992
20460901,14.931
20460902,12.877
20460903,11.831
20460904,12.879
20460905,13.135
20460906,14.302
20460907,17.74
20460908,18.101
20460909,17.713
20460910,16.632
20460911,14.207
20460912,18.779
20460913,12.212
20460914,11.156
20460915,11.024
20460916,13.968
20460917,17.08
20460918,14.913
20460919,12.862
20460920,13.521
20460921,18.775
20460922,19.048
20460923,17.739
20460924,14.352
20460925,11.775
20460926,10.168
20460927,13.05
20460928,10.845
20460929,10.562
20460930,8.3617
20461001,9.5633
20461002,11.608
20461003,16.189
20461004,11.964
20461005,10.03
20461006,8.3269
20461007,6.9479
20461008,4.9747
20461009,6.1629
20461010,12.753
20461011,13.195
20461012,16.2
20461013,11.989
20461014,10.732
20461015,10.758
20461016,9.4995
20461017,9.3252
20461018,10.983
20461019,12.386
20461020,12.484
20461021,9.5683
20461022,7.3476
20461023,9.7758
20461024,7.3061
20461025,7.167
20461026,5.3618
20461027,8.4146
20461028,8.009
20461029,7.5095
20461030,5.4773
20461031,5.9504
20461101,5.1795
20461102,4.0183
20461103,5.3341
20461104,2.0937
20461105,1.3453
20461106,2.6589
20461107,3.8032
20461108,1.0777
20461109,1.6
20461110,2.1902
20461111,2.3481
20461112,5.6472
20461113,11.732
20461114,7.6794
20461115,7.2207
20461116,7.3312
20461117,11.677
20461118,12.17
20461119,10.565
20461120,9.4557
20461121,4.6418
20461122,2.4727
20461123,1.9681
20461124,1.3231
20461125,1.0612
20461126,1.8831
20461127,4.2197
20461128,2.4263
20461129,2.2522
20461130,0.59573
20461201,-0.17715
20461202,-0.25574
20461203,2.2428
20461204,1.205
20461205,0.51316
20461206,0.052979
20461207,-0.40044
20461208,-0.81282
20461209,-1.4581
20461210,-0.65004
20461211,-2.1517
20461212,-4.0132
20461213,-5.3202
20461214,-2.1411
20461215,-2.6299
20461216,-0.73685
20461217,2.5533
20461218,1.3747
20461219,0.46417
20461220,-1.1988
20461221,-1.6879
20461222,5.6363
20461223,1.5626
20461224,-0.13359
20461225,-2.3718
20461226,-4.9099
20461227,-3.2087
20461228,-2.4963
20461229,-4.9954
20461230,-7.7161
20461231,-7.6871
20470101,-8.4278
20470102,-9.0722
20470103,-8.8229
20470104,-9.1091
20470105,-5.9261
20470106,1.3661
20470107,-2.2911
20470108,-1.1804
20470109,0.15677
20470110,-1.6597
20470111,-1.74
20470112,2.5708
20470113,1.3995
20470114,0.7036
20470115,2.5477
20470116,3.4565
20470117,4.4907
20470118,4.5711
20470119,8.9989
20470120,6.5271
20470121,3.007
20470122,0.32682
20470123,2.6704
20470124,8.2122
20470125,7.0457
20470126,6.863
20470127,2.9231
20470128,2.5661
20470129,7.9537
20470130,4.9793
20470131,3.1485
20470201,7.1535
20470202,2.5957
20470203,0.3221
20470204,0.6815
20470205,0.23023
20470206,0.72842
20470207,-1.8615
20470208,1.5467
20470209,0.0048218
20470210,0.13207
20470211,1.4616
20470212,3.5506
20470213,2.3127
20470214,2.5162
20470215,1.6703
20470216,0.20529
20470217,0.55349
20470218,2.7077
20470219,4.1491
20470220,1.4375
20470221,0.90999
20470222,6.7133
20470223,6.466
20470224,4.7192
20470225,4.5473
20470226,1.71
20470227,0.36168
20470228,2.0153
20470301,1.0002
20470302,0.65519
20470303,2.0926
20470304,0.79078
20470305,1.3185
20470306,2.3679
20470307,3.0777
20470308,1.7733
20470309,3.2057
20470310,3.257
20470311,5.3917
20470312,5.3635
20470313,4.6157
20470314,2.8516
20470315,2.7242
20470316,1.2287
20470317,2.7027
20470318,7.3319
20470319,8.0329
20470320,6.6517
20470321,4.8377
20470322,5.7674
20470323,4.815
20470324,1.6572
20470325,2.4827
20470326,0.94021
20470327,0.48248
20470328,-1.8277
20470329,2.2251
20470330,0.57663
20470331,3.6056
20470401,7.3227
20470402,5.8836
20470403,9.9325
20470404,3.4381
20470405,1.1516
20470406,4.9526
20470407,2.6002
20470408,9.2556
20470409,5.8992
20470410,3.8226
20470411,5.38
20470412,6.5128
20470413,7.9087
20470414,8.0062
20470415,9.7659
20470416,7.1756
20470417,5.7182
20470418,5.7504
20470419,5.7139
20470420,4.1524
20470421,6.9122
20470422,4.1819
20470423,5.8321
20470424,6.2734
20470425,6.5275
20470426,3.4057
20470427,3.3252
20470428,5.7062
20470429,3.9688
20470430,3.754
20470501,8.5503
20470502,7.9407
20470503,11.584
20470504,11.887
20470505,8.6882
20470506,6.5002
20470507,9.5533
20470508,10.023
20470509,10.114
20470510,10.944
20470511,10.214
20470512,11.057
20470513,6.9849
20470514,5.7209
20470515,6.694
20470516,7.6168
20470517,6.9586
20470518,4.8613
20470519,4.8206
20470520,4.3001
20470521,6.0983
20470522,8.1337
20470523,9.536
20470524,8.9869
20470525,8.5113
20470526,10.48
20470527,10.918
20470528,8.7397
20470529,6.3647
20470530,8.4627
20470531,11.288
20470601,11.641
20470602,13.503
20470603,14.318
20470604,15.392
20470605,13.694
20470606,16.283
20470607,14.051
20470608,11.995
20470609,10.316
20470610,13.92
20470611,17.539
20470612,15.283
20470613,15.975
20470614,16.971
20470615,16.8
20470616,19.509
20470617,19.986
20470618,19.596
20470619,17.529
20470620,16.21
20470621,19.087
20470622,19.9
20470623,20.004
20470624,19.912
20470625,19.184
20470626,15.649
20470627,13.291
20470628,13.914
20470629,13.382
20470630,14.79
20470701,15.789
20470702,17.269
20470703,16.511
20470704,17.498
20470705,16.011
20470706,17.005
20470707,19.328
20470708,19.362
20470709,18.666
20470710,20.84
20470711,18.752
20470712,19.692
20470713,20.006
20470714,18.988
20470715,17.95
20470716,18.352
20470717,18.609
20470718,19.304
20470719,17.305
20470720,17.62
20470721,15.941
20470722,13.692
20470723,15.527
20470724,17.316
20470725,16.257
20470726,13.651
20470727,15.162
20470728,18.014
20470729,18.465
20470730,15.814
20470731,14.816
20470801,17.101
20470802,19.075
20470803,21.103
20470804,20.634
20470805,21.568
20470806,23.114
20470807,17.222
20470808,14.399
20470809,16.06
20470810,15.229
20470811,16.702
20470812,14.828
20470813,15.48
20470814,16.915
20470815,20.228
20470816,16.131
20470817,13.96
20470818,15.333
20470819,13.286
20470820,14.436
20470821,15.374
20470822,14.299
20470823,15.629
20470824,18.076
20470825,17.311
20470826,18.201
20470827,16.931
20470828,15.828
20470829,16.388
20470830,17.622
20470831,18.019
20470901,14.526
20470902,12.926
20470903,12.201
20470904,14.578
20470905,15.199
20470906,14.849
20470907,16.499
20470908,17.157
20470909,18.537
20470910,19.469
20470911,19.531
20470912,18.331
20470913,16.977
20470914,15.651
20470915,16.665
20470916,14.274
20470917,11.057
20470918,10.283
20470919,11.954
20470920,12.594
20470921,12.75
20470922,11.539
20470923,12.603
20470924,13.32
20470925,13.131
20470926,12.677
20470927,10.81
20470928,11.294
20470929,16.147
20470930,16.553
20471001,12.72
20471002,10.187
20471003,10.908
20471004,11.261
20471005,10.035
20471006,9.5619
20471007,11.258
20471008,10.603
20471009,12.765
20471010,13.564
20471011,11.594
20471012,7.9066
20471013,6.3737
20471014,10.122
20471015,8.9689
20471016,7.7385
20471017,8.8343
20471018,6.6419
20471019,4.7351
20471020,8.853
20471021,7.4103
20471022,7.1794
20471023,5.43
20471024,7.0638
20471025,14.952
20471026,14.396
20471027,14.218
20471028,11.91
20471029,10.155
20471030,8.9399
20471031,8.7787
20471101,8.5836
20471102,9.1534
20471103,9.2685
20471104,10.034
20471105,9.0438
20471106,5.1067
20471107,7.3433
20471108,8.323
20471109,7.384
20471110,5.7656
20471111,-0.39498
20471112,-1.8273
20471113,-0.28342
20471114,1.364
20471115,2.414
20471116,0.87481
20471117,-0.10423
20471118,5.6489
20471119,4.3142
20471120,3.4306
20471121,0.76883
20471122,2.9653
20471123,2.6597
20471124,7.3464
20471125,2.2888
20471126,1.6208
20471127,2.6516
20471128,1.5626
20471129,2.6311
20471130,1.3967
20471201,2.8506
20471202,2.769
20471203,4.5901
20471204,4.3127
20471205,4.315
20471206,9.1101
20471207,2.863
20471208,0.28847
20471209,-0.79425
20471210,-0.31685
20471211,4.7639
20471212,4.7719
20471213,3.3598
20471214,5.5091
20471215,4.1054
20471216,5.8726
20471217,5.8167
20471218,-2.1894
20471219,-2.9177
20471220,-2.8963
20471221,-2.6045
20471222,3.5547
20471223,11.149
20471224,9.078
20471225,8.468
20471226,4.9913
20471227,4.6353
20471228,1.4605
20471229,5.2729
20471230,5.3328
20471231,8.9881
20480101,5.9336
20480102,3.9317
20480103,4.2467
20480104,2.5154
20480105,7.134
20480106,6.9304
20480107,4.2615
20480108,3.4954
20480109,4.6206
20480110,1.034
20480111,-0.39791
20480112,1.8917
20480113,3.8573
20480114,2.6203
20480115,1.0854
20480116,0.057678
20480117,2.6025
20480118,2.2346
20480119,1.4451
20480120,-0.22743
20480121,1.6542
20480122,0.99577
20480123,-0.19794
20480124,-2.2473
20480125,-2.6704
20480126,3.361
20480127,6.5845
20480128,2.0947
20480129,-0.15814
20480130,0.15314
20480131,-1.7207
20480201,0.039917
20480202,-0.098938
20480203,-3.2459
20480204,-2.3475
20480205,-3.3163
20480206,-4.0332
20480207,6.4079
20480208,1.4414
20480209,2.1345
20480210,-0.11693
20480211,-1.5139
20480212,-1.2976
20480213,1.0933
20480214,2.0559
20480215,5.6271
20480216,2.9033
20480217,3.1731
20480218,3.0351
20480219,2.1631
20480220,1.9464
20480221,4.5768
20480222,2.2433
20480223,-1.4074
20480224,-1.7876
20480225,-1.2217
20480226,-1.186
20480227,2.9078
20480228,0.97894
20480229,2.3194
20480301,-0.20726
20480302,4.3447
20480303,4.3539
20480304,2.3571
20480305,1.2223
20480306,-0.52053
20480307,-0.57978
20480308,0.38625
20480309,5.4921
20480310,8.2566
20480311,6.1056
20480312,5.725
20480313,6.0133
20480314,5.2541
20480315,4.9154
20480316,7.761
20480317,5.2211
20480318,4.0338
20480319,1.1602
20480320,-0.13776
20480321,2.453
20480322,2.8649
20480323,4.0843
20480324,1.9883
20480325,-0.79276
20480326,-0.45202
20480327,0.64999
20480328,6.526
20480329,5.2946
20480330,6.0061
20480331,8.6725
20480401,7.3513
20480402,6.9062
20480403,7.4521
20480404,6.666
20480405,9.3248
20480406,10.966
20480407,6.7907
20480408,4.3904
20480409,7.075
20480410,7.9004
20480411,5.3833
20480412,2.8671
20480413,9.0491
20480414,6.5776
20480415,6.0523
20480416,7.6756
20480417,7.5184
20480418,9.2672
20480419,9.4683
20480420,7.5911
20480421,6.2288
20480422,3.9427
20480423,4.1027
20480424,3.9993
20480425,5.6811
20480426,4.0117
20480427,5.1506
20480428,8.7174
20480429,7.0473
20480430,8.3517
20480501,10.803
20480502,10.193
20480503,15.027
20480504,10.433
20480505,7.9246
20480506,7.0747
20480507,8.1131
20480508,8.1556
20480509,6.9196
20480510,9.3076
20480511,10.681
20480512,12.282
20480513,13.781
20480514,13.348
20480515,12.857
20480516,11.367
20480517,13.561
20480518,12.49
20480519,9.7404
20480520,11.832
20480521,11.228
20480522,11.304
20480523,12.937
20480524,13.261
20480525,10.452
20480526,8.9574
20480527,11.157
20480528,9.4709
20480529,8.9349
20480530,9.6802
20480531,7.8392
20480601,9.8987
20480602,11.465
20480603,14.735
20480604,14.666
20480605,15.866
20480606,14.24
20480607,12.12
20480608,13.544
20480609,15.096
20480610,15.153
20480611,18.656
20480612,18.192
20480613,16.336
20480614,15.279
20480615,16.347
20480616,15.409
20480617,16.07
20480618,14.485
20480619,15.834
20480620,16.103
20480621,15.899
20480622,14.019
20480623,14.482
20480624,13.756
20480625,15.498
20480626,15.566
20480627,12.64
20480628,14.623
20480629,16.624
20480630,16.072
20480701,17.883
20480702,19.049
20480703,21.415
20480704,20.823
20480705,20.279
20480706,19.813
20480707,19.108
20480708,19.67
20480709,18.634
20480710,20.593
20480711,21.065
20480712,20.986
20480713,19.745
20480714,21.554
20480715,19.948
20480716,21.85
20480717,20.854
20480718,21.028
20480719,19.052
20480720,19.981
20480721,19.179
20480722,17.674
20480723,16.732
20480724,20.093
20480725,16.882
20480726,17.898
20480727,17.538
20480728,20.316
20480729,19.303
20480730,17.668
20480731,16.649
20480801,19.757
20480802,17.76
20480803,16.926
20480804,17.205
20480805,20.01
20480806,20.003
20480807,18.883
20480808,19.299
20480809,20.778
20480810,18.759
20480811,18.307
20480812,21.018
20480813,17.886
20480814,18.012
20480815,18.644
20480816,17.475
20480817,22.294
20480818,21.047
20480819,19.661
20480820,20.35
20480821,17.733
20480822,16.041
20480823,17.176
20480824,17.567
20480825,19.007
20480826,18.191
20480827,17.764
20480828,16.216
20480829,17.332
20480830,22.936
20480831,23.113
20480901,21.151
20480902,18.185
20480903,18.422
20480904,20.519
20480905,19.578
20480906,15.911
20480907,13.857
20480908,17.962
20480909,18.577
20480910,16.14
20480911,11.633
20480912,10.423
20480913,10.783
20480914,11.247
20480915,12.449
20480916,14.308
20480917,15.263
20480918,17.833
20480919,15.038
20480920,15.059
20480921,12.45
20480922,9.9526
20480923,10.688
20480924,13.205
20480925,12.205
20480926,15.47
20480927,13.611
20480928,12.281
20480929,11.709
20480930,12.61
20481001,15.186
20481002,16.176
20481003,13.267
20481004,11.989
20481005,11.996
20481006,13.165
20481007,11.336
20481008,10.247
20481009,8.3671
20481010,9.9758
20481011,15.695
20481012,13.982
20481013,12.224
20481014,6.8197
20481015,7.3601
20481016,6.2059
20481017,4.6338
20481018,2.693
20481019,1.6919
20481020,3.9117
20481021,2.2498
20481022,1.3325
20481023,1.5222
20481024,3.6485
20481025,2.4176
20481026,2.4742
20481027,7.1864
20481028,7.0529
20481029,6.5861
20481030,7.6084
20481031,7.756
20481101,7.1838
20481102,4.1424
20481103,3.6652
20481104,4.2174
20481105,2.7204
20481106,5.9661
20481107,4.0994
20481108,3.4213
20481109,4.7102
20481110,3.0333
20481111,2.311
20481112,1.4371
20481113,0.31612
20481114,3.1816
20481115,0.80397
20481116,-0.77809
20481117,-1.7194
20481118,2.8844
20481119,0.45183
20481120,-0.51762
20481121,3.3459
20481122,-0.36452
20481123,-1.9171
20481124,-1.7276
20481125,5.4395
20481126,3.6948
20481127,1.0476
20481128,2.7821
20481129,3.1814
20481130,4.4815
20481201,6.3996
20481202,6.15
20481203,6.8477
20481204,4.2429
20481205,0.85487
20481206,-1.3927
20481207,-2.2672
20481208,3.1489
20481209,3.7333
20481210,2.1677
20481211,2.1667
20481212,4.8868
20481213,6.0503
20481214,8.0374
20481215,6.3165
20481216,3.5868
20481217,1.9365
20481218,0.59221
20481219,3.5177
20481220,0.11591
20481221,-1.1306
20481222,-3.0392
20481223,-0.23864
20481224,-0.32344
20481225,8.0553
20481226,3.4831
20481227,1.4694
20481228,4.5309
20481229,1.7667
20481230,2.995
20481231,0.60537
20490101,-1.1655
20490102,-2.8445
20490103,-1.0399
20490104,6.7041
20490105,4.4907
20490106,0.045909
20490107,3.3231
20490108,1.0481
20490109,1.9176
20490110,0.70019
20490111,-1.4972
20490112,2.9495
20490113,0.87749
20490114,2.1395
20490115,3.3424
20490116,4.1594
20490117,2.8658
20490118,1.0025
20490119,0.30586
20490120,0.46732
20490121,3.6057
20490122,1.5881
20490123,0.5899
20490124,-0.23786
20490125,-2.0121
20490126,-2.0788
20490127,3.4717
20490128,1.7622
20490129,-0.59818
20490130,-1.3158
20490131,2.8391
20490201,1.7603
20490202,-1.5428
20490203,-2.0353
20490204,0.21435
20490205,0.62111
20490206,5.8244
20490207,4.8674
20490208,3.93
20490209,2.0849
20490210,-0.3269
20490211,2.5728
20490212,2.8804
20490213,2.9597
20490214,-0.016713
20490215,0.57598
20490216,2.4615
20490217,2.0219
20490218,1.0246
20490219,-1.8671
20490220,-1.0906
20490221,-0.65621
20490222,0.61507
20490223,0.62802
20490224,-2.1957
20490225,-0.51658
20490226,-1.6218
20490227,-0.66145
20490228,3.264
20490301,1.6493
20490302,1.4193
20490303,1.8471
20490304,2.4791
20490305,2.2812
20490306,3.0395
20490307,9.7879
20490308,10.414
20490309,5.9549
20490310,4.4251
20490311,2.6582
20490312,0.69154
20490313,2.4857
20490314,6.6301
20490315,4.4089
20490316,2.7706
20490317,4.0404
20490318,6.3603
20490319,6.2296
20490320,5.3026
20490321,4.1614
20490322,4.4944
20490323,2.4123
20490324,4.6835
20490325,6.5777
20490326,4.3228
20490327,1.0383
20490328,1.6916
20490329,3.2734
20490330,5.8542
20490331,3.9041
20490401,4.4484
20490402,2.4149
20490403,2.0603
20490404,3.6284
20490405,5.1018
20490406,2.1929
20490407,8.0433
20490408,6.0791
20490409,5.4007
20490410,8.0712
20490411,7.6464
20490412,8.1343
20490413,7.2904
20490414,8.2317
20490415,6.7325
20490416,3.9679
20490417,6.492
20490418,5.1009
20490419,6.8067
20490420,7.8497
20490421,9.4445
20490422,7.2368
20490423,6.5452
20490424,6.2272
20490425,7.0744
20490426,6.0629
20490427,8.4663
20490428,6.9871
20490429,8.7279
20490430,7.9131
20490501,6.4511
20490502,6.5998
20490503,5.6778
20490504,6.6709
20490505,8.4614
20490506,8.3755
20490507,7.9377
20490508,11.518
20490509,12.744
20490510,7.8831
20490511,6.1483
20490512,7.62
20490513,10.632
20490514,9.3723
20490515,9.6795
20490516,10.858
20490517,11.585
20490518,9.4244
20490519,7.7653
20490520,10.799
20490521,11.68
20490522,11.004
20490523,11.194
20490524,8.7688
20490525,9.66
20490526,11.566
20490527,14.122
20490528,14.309
20490529,17.854
20490530,16.169
20490531,14.301
20490601,14.196
20490602,15.626
20490603,15.204
20490604,15.794
20490605,15.628
20490606,15.564
20490607,15.284
20490608,12.931
20490609,10.803
20490610,14.316
20490611,13.691
20490612,14.395
20490613,12.151
20490614,10.594
20490615,11.859
20490616,11.364
20490617,11.049
20490618,13.572
20490619,12.376
20490620,10.646
20490621,10.944
20490622,13.205
20490623,14.333
20490624,16.277
20490625,16.632
20490626,16.546
20490627,14.81
20490628,15.066
20490629,12.802
20490630,14.967
20490701,14.377
20490702,13.26
20490703,11.759
20490704,11.621
20490705,11.883
20490706,14.617
20490707,14.994
20490708,12.683
20490709,13.387
20490710,14.162
20490711,14.063
20490712,12.98
20490713,12.594
20490714,13.335
20490715,14.73
20490716,12.987
20490717,15.718
20490718,13.999
20490719,11.57
20490720,12.865
20490721,13.896
20490722,16.937
20490723,16.882
20490724,14.407
20490725,14.846
20490726,14.996
20490727,16.357
20490728,15.672
20490729,17.424
20490730,19.425
20490731,21.007
20490801,19.409
20490802,18.879
20490803,18.652
20490804,21.089
20490805,20.039
20490806,17.182
20490807,16.735
20490808,15.702
20490809,13.191
20490810,11.65
20490811,15.996
20490812,18.921
20490813,18.941
20490814,19.839
20490815,20.473
20490816,18.949
20490817,19.167
20490818,19.24
20490819,16.3
20490820,14.535
20490821,14.883
20490822,16.008
20490823,15.088
20490824,13.174
20490825,11.961
20490826,13.744
20490827,13.938
20490828,15.209
20490829,15.739
20490830,12.364
20490831,12.679
20490901,14.853
20490902,12.825
20490903,14.61
20490904,14.02
20490905,11.588
20490906,13.425
20490907,14.935
20490908,15.299
20490909,13.929
20490910,10.787
20490911,12.124
20490912,14.762
20490913,14.316
20490914,15.279
20490915,16.65
20490916,18.019
20490917,19.105
20490918,19.428
20490919,14.585
20490920,11.972
20490921,14.95
20490922,13.501
20490923,11.921
20490924,10.301
20490925,8.0284
20490926,12.59
20490927,15.006
20490928,14.106
20490929,11.362
20490930,8.76
20491001,11.174
20491002,12.608
20491003,11.327
20491004,11.97
20491005,10.032
20491006,15.423
20491007,13.684
20491008,12.898
20491009,11.914
20491010,11.162
20491011,11.684
20491012,10.893
20491013,12.949
20491014,10.35
20491015,8.6288
20491016,10.256
20491017,11.215
20491018,10.97
20491019,10.138
20491020,8.4584
20491021,8.8055
20491022,7.5026
20491023,5.3378
20491024,5.0348
20491025,3.0203
20491026,2.0978
20491027,4.2897
20491028,9.6581
20491029,10.074
20491030,10.446
20491031,8.149
20491101,7.5683
20491102,5.9544
20491103,5.5618
20491104,5.0044
20491105,5.8229
20491106,3.7975
20491107,2.117
20491108,0.083079
20491109,-0.51917
20491110,0.68101
20491111,0.82163
20491112,3.4168
20491113,1.5685
20491114,1.1522
20491115,4.329
20491116,3.8647
20491117,4.9199
20491118,9.8257
20491119,10.672
20491120,11.096
20491121,10.746
20491122,7.0939
20491123,5.0865
20491124,5.0031
20491125,8.2238
20491126,4.7566
20491127,4.375
20491128,4.5541
20491129,4
20491130,2.9718
20491201,0.12355
20491202,0.80278
20491203,2.5459
20491204,1.5364
20491205,0.9844
20491206,0.42979
20491207,0.20959
20491208,-1.6356
20491209,-1.3779
20491210,3.6325
20491211,2.036
20491212,0.753
20491213,0.4448
20491214,1.3651
20491215,3.2271
20491216,2.1848
20491217,2.9919
20491218,5.8305
20491219,6.0275
20491220,4.7281
20491221,4.3376
20491222,5.0238
20491223,4.3002
20491224,3.2631
20491225,7.3659
20491226,4.5243
20491227,2.5808
20491228,6.3635
20491229,3.0857
20491230,0.31236
20491231,-0.8105
20500101,-0.29318
20500102,0.37634
20500103,0.75227
20500104,0.37331
20500105,4.0806
20500106,-0.0047607
20500107,-0.7916
20500108,0.87972
20500109,5.3647
20500110,1.3551
20500111,1.2166
20500112,-0.9108
20500113,-1.2327
20500114,3.3952
20500115,1.1233
20500116,4.1958
20500117,4.2392
20500118,3.9154
20500119,-0.56946
20500120,-1.7693
20500121,-0.23539
20500122,0.95878
20500123,-0.16259
20500124,-0.65071
20500125,-0.61686
20500126,-1.2995
20500127,-0.99072
20500128,1.2967
20500129,0.78349
20500130,0.40754
20500131,0.13985
20500201,0.69701
20500202,3.7524
20500203,1.6433
20500204,-0.062775
20500205,-0.80317
20500206,-2.199
20500207,-3.3694
20500208,-2.8951
20500209,-2.4129
20500210,1.7015
20500211,0.54797
20500212,0.55391
20500213,3.425
20500214,0.74032
20500215,4.0718
20500216,6.4196
20500217,6.6067
20500218,6.0906
20500219,4.4681
20500220,5.0596
20500221,6.1804
20500222,3.906
20500223,6.0533
20500224,8.7443
20500225,5.9429
20500226,2.2489
20500227,-0.026031
20500228,-0.73713
20500301,-2.2117
20500302,-2.5596
20500303,-2.5258
20500304,1.8698
20500305,2.4725
20500306,0.28167
20500307,-0.075562
20500308,2.0941
20500309,7.1806
20500310,8.5303
20500311,8.1175
20500312,4.7192
20500313,5.5471
20500314,5.6994
20500315,3.2129
20500316,0.50449
20500317,2.0066
20500318,2.94
20500319,3.5622
20500320,3.6082
20500321,1.8792
20500322,5.2378
20500323,6.1107
20500324,3.3927
20500325,4.0524
20500326,3.6313
20500327,4.9493
20500328,4.0627
20500329,5.7389
20500330,6.5648
20500331,5.1033
20500401,5.486
20500402,4.2588
20500403,4.6502
20500404,5.3009
20500405,3.1336
20500406,3.1933
20500407,-0.088114
20500408,1.6313
20500409,0.78435
20500410,2.6867
20500411,5.0091
20500412,6.5458
20500413,3.9157
20500414,3.6745
20500415,4.8113
20500416,4.9435
20500417,5.945
20500418,5.8275
20500419,6.2653
20500420,6.7003
20500421,7.2909
20500422,7.0215
20500423,9.3916
20500424,4.7099
20500425,3.7107
20500426,3.8711
20500427,6.1623
20500428,7.9374
20500429,7.57
20500430,6.066
20500501,6.2996
20500502,8.3999
20500503,6.5268
20500504,7.9277
20500505,10.119
20500506,10.579
20500507,10.219
20500508,8.9048
20500509,11.109
20500510,10.877
20500511,9.1126
20500512,8.995
20500513,11.231
20500514,10.372
20500515,11.735
20500516,12.081
20500517,12.561
20500518,11.889
20500519,11.092
20500520,12.074
20500521,13.935
20500522,12.666
20500523,9.8205
20500524,8.1301
20500525,8.6886
20500526,10.815
20500527,10.505
20500528,9.4992
20500529,11.298
20500530,10.828
20500531,10.234
20500601,12.508
20500602,12.954
20500603,13.363
20500604,13.967
20500605,13.778
20500606,14.866
20500607,12.664
20500608,11.501
20500609,13.467
20500610,16.663
20500611,14.797
20500612,16.311
20500613,16.49
20500614,15.908
20500615,17.423
20500616,17.497
20500617,18.521
20500618,17.557
20500619,17.928
20500620,17.277
20500621,18.767
20500622,17.979
20500623,18.051
20500624,18.214
20500625,15.537
20500626,14.898
20500627,13.671
20500628,15.523
20500629,13.659
20500630,12.465
20500701,13.537
20500702,15.42
20500703,16.92
20500704,19.281
20500705,20.446
20500706,20.386
20500707,19.635
20500708,16.13
20500709,13.838
20500710,16.911
20500711,14.078
20500712,16.99
20500713,19.272
20500714,19.53
20500715,20.356
20500716,21.567
20500717,22.481
20500718,21.475
20500719,21.742
20500720,18.72
20500721,17.289
20500722,17.475
20500723,16.139
20500724,17.263
20500725,18.088
20500726,18.133
20500727,20.064
20500728,21.495
20500729,21.222
20500730,20.431
20500731,20.175
20500801,21.995
20500802,24.127
20500803,22.835
20500804,22.51
20500805,21.199
20500806,19.592
20500807,19.256
20500808,21.236
20500809,22.471
20500810,21.721
20500811,21.544
20500812,20.402
20500813,19.932
20500814,20.116
20500815,16.713
20500816,14.49
20500817,17.175
20500818,17.922
20500819,17.476
20500820,19.417
20500821,21.009
20500822,19.484
20500823,21.636
20500824,20.429
20500825,19.6
20500826,18.914
20500827,20.705
20500828,17.505
20500829,15.242
20500830,16.432
20500831,19.227
20500901,16.643
20500902,16.011
20500903,14.212
20500904,14.151
20500905,12.596
20500906,14.933
20500907,15.4
20500908,15.593
20500909,12.206
20500910,12.151
20500911,14.806
20500912,14.414
20500913,14.346
20500914,15.131
20500915,15.204
20500916,16.269
20500917,14.251
20500918,15.846
20500919,16.932
20500920,15.327
20500921,11.917
20500922,10.212
20500923,8.5724
20500924,11.867
20500925,10.171
20500926,10.545
20500927,12.746
20500928,11.504
20500929,11.046
20500930,16.891
20501001,15.129
20501002,13.078
20501003,10.512
20501004,11.961
20501005,12.274
20501006,12.846
20501007,13.912
20501008,15.798
20501009,13.407
20501010,12.609
20501011,13.285
20501012,12.407
20501013,11.466
20501014,11.636
20501015,10.764
20501016,11.411
20501017,9.8537
20501018,9.8469
20501019,9.5856
20501020,5.938
20501021,3.9921
20501022,4.2455
20501023,4.129
20501024,7.9461
20501025,11.337
20501026,13.132
20501027,8.8546
20501028,4.7854
20501029,2.0635
20501030,1.5702
20501031,2.0474
20501101,1.836
20501102,1.7605
20501103,4.8322
20501104,5.8959
20501105,5.5166
20501106,5.9804
20501107,5.7967
20501108,3.5421
20501109,8.9107
20501110,12.987
20501111,12.345
20501112,12.711
20501113,12.76
20501114,9.2246
20501115,7.7865
20501116,5.6098
20501117,2.204
20501118,0.32516
20501119,2.1115
20501120,1.0006
20501121,0.14966
20501122,-0.59407
20501123,-0.38882
20501124,2.4551
20501125,0.55168
20501126,-0.33848
20501127,2.7242
20501128,3.9521
20501129,2.3329
20501130,1.7324
20501201,2.7302
20501202,5.2083
20501203,2.8814
20501204,0.8309
20501205,-1.5425
20501206,-3.1532
20501207,-4.6814
20501208,-6.2654
20501209,-6.4618
20501210,-5.4645
20501211,-5.4995
20501212,-5.5174
20501213,-6.8104
20501214,-8.0075
20501215,-4.2895
20501216,-1.5655
20501217,-1.7362
20501218,-4.2556
20501219,-4.3261
20501220,0.025319
20501221,-2.7772
20501222,-5.9861
20501223,-8.0354
20501224,-6.5609
20501225,-0.50062
20501226,-1.0006
20501227,-1.3832
20501228,-1.3911
20501229,-0.70025
20501230,0.11112
20501231,-1.5288
20510101,-1.8771
20510102,-0.88225
20510103,-0.82912
20510104,-1.7633
20510105,-1.922
20510106,-0.66649
20510107,-1.5076
20510108,-2.3064
20510109,-2.7125
20510110,-2.6687
20510111,-2.4879
20510112,-1.0868
20510113,-1.5792
20510114,-1.9493
20510115,5.5238
20510116,2.5588
20510117,8.0488
20510118,7.5222
20510119,1.4868
20510120,-2.2973
20510121,-4.133
20510122,1.2947
20510123,-0.29421
20510124,-1.4612
20510125,-3.0776
20510126,-3.8079
20510127,-1.1328
20510128,-3.0065
20510129,-2.063
20510130,2.2564
20510131,0.98975
20510201,0.35261
20510202,2.1773
20510203,-0.45929
20510204,-2.1644
20510205,2.641
20510206,2.5302
20510207,4.9336
20510208,4.2
20510209,5.9222
20510210,2.6837
20510211,-0.34753
20510212,1.0871
20510213,1.8029
20510214,4.2404
20510215,5.3099
20510216,1.9106
20510217,0.59113
20510218,-1.0574
20510219,-0.7156
20510220,4.2581
20510221,1.5379
20510222,1.597
20510223,3.5079
20510224,4.188
20510225,3.4635
20510226,0.74493
20510227,0.13044
20510228,-1.4954
20510301,-1.7395
20510302,-2.881
20510303,-2.9818
20510304,-1.6501
20510305,-2.4973
20510306,1.1373
20510307,4.7458
20510308,6.6361
20510309,4.5504
20510310,2.7364
20510311,2.5092
20510312,0.87045
20510313,-0.95761
20510314,-0.77773
20510315,1.0946
20510316,-0.31962
20510317,2.8293
20510318,3.952
20510319,3.7657
20510320,2.0202
20510321,5.7264
20510322,6.2572
20510323,5.1909
20510324,5.4819
20510325,3.5149
20510326,2.7361
20510327,-0.3923
20510328,3.6065
20510329,1.5854
20510330,0.37768
20510331,-0.17575
20510401,2.5798
20510402,6.4539
20510403,5.0814
20510404,1.4746
20510405,2.0599
20510406,4.167
20510407,4.41
20510408,2.7354
20510409,6.4121
20510410,5.3851
20510411,4.5669
20510412,6.1819
20510413,2.4324
20510414,1.5087
20510415,3.2245
20510416,3.2914
20510417,2.14
20510418,4.0077
20510419,4.5177
20510420,3.9513
20510421,6.2196
20510422,4.6727
20510423,6.2996
20510424,6.4475
20510425,7.4721
20510426,8.4947
20510427,7.9725
20510428,8.6618
20510429,10.302
20510430,8.6005
20510501,8.3761
20510502,6.5027
20510503,6.9925
20510504,8.4906
20510505,10.1
20510506,7.665
20510507,6.0666
20510508,7.9843
20510509,11.322
20510510,11.742
20510511,12.813
20510512,11.109
20510513,9.8009
20510514,12.031
20510515,12.255
20510516,11.366
20510517,9.2855
20510518,9.5232
20510519,9.0026
20510520,10.782
20510521,10.931
20510522,11.954
20510523,13.369
20510524,13.771
20510525,12.713
20510526,12.678
20510527,11.41
20510528,12.243
20510529,13.713
20510530,13.967
20510531,13.96
20510601,13.3
20510602,11.577
20510603,10.365
20510604,15.988
20510605,14.968
20510606,14.334
20510607,15.851
20510608,16.042
20510609,17.044
20510610,18.864
20510611,16.406
20510612,15.209
20510613,13.656
20510614,13.328
20510615,15.221
20510616,14.92
20510617,13.696
20510618,11.104
20510619,9.4351
20510620,8.9058
20510621,11.931
20510622,10.221
20510623,14.68
20510624,14.819
20510625,15.747
20510626,13.745
20510627,11.934
20510628,14.009
20510629,12.996
20510630,13.029
20510701,13.192
20510702,14.661
20510703,17.727
20510704,20.782
20510705,17.88
20510706,16.224
20510707,18.955
20510708,21.529
20510709,18.982
20510710,18.063
20510711,19.931
20510712,17.077
20510713,18.575
20510714,20.563
20510715,18.948
20510716,19.105
20510717,18.011
20510718,19.537
20510719,19.679
20510720,19.144
20510721,23.799
20510722,21.821
20510723,21.334
20510724,20.872
20510725,19.104
20510726,18.989
20510727,20.178
20510728,18.984
20510729,17.696
20510730,17.465
20510731,18.66
20510801,17.398
20510802,19.6
20510803,18.097
20510804,20.862
20510805,20.149
20510806,21.502
20510807,22.553
20510808,22.134
20510809,21.116
20510810,17.451
20510811,15.387
20510812,15.651
20510813,16.602
20510814,18.759
20510815,20.096
20510816,21.085
20510817,21.476
20510818,22.273
20510819,19.271
20510820,17.356
20510821,17.815
20510822,19.903
20510823,19.258
20510824,20.067
20510825,21.92
20510826,20.926
20510827,17.906
20510828,16.3
20510829,14.59
20510830,15.799
20510831,18.164
20510901,18.572
20510902,16.402
20510903,14.925
20510904,19.477
20510905,19.305
20510906,18.623
20510907,16.637
20510908,13.835
20510909,14.627
20510910,15.459
20510911,13.848
20510912,12.556
20510913,12.656
20510914,13.556
20510915,13.154
20510916,15.337
20510917,14.78
20510918,13.899
20510919,11.73
20510920,13.73
20510921,17.424
20510922,14.72
20510923,12.761
20510924,14.578
20510925,16.951
20510926,17.849
20510927,16.951
20510928,16.587
20510929,16.456
20510930,15.843
20511001,12.312
20511002,10.158
20511003,9.2545
20511004,12.687
20511005,12.927
20511006,15.308
20511007,11.204
20511008,10.031
20511009,12.675
20511010,11.144
20511011,11.917
20511012,11.993
20511013,16.507
20511014,15.581
20511015,16.828
20511016,16.726
20511017,13.556
20511018,10.212
20511019,9.4869
20511020,8.3248
20511021,7.9898
20511022,8.7925
20511023,8.7043
20511024,10.966
20511025,7.5532
20511026,5.9441
20511027,4.7401
20511028,4.4431
20511029,3.1964
20511030,4.4573
20511031,6.1714
20511101,5.2626
20511102,6.3733
20511103,4.1476
20511104,3.0653
20511105,3.2056
20511106,3.4164
20511107,1.4814
20511108,7.4995
20511109,10.624
20511110,8.0988
20511111,6.4206
20511112,10.854
20511113,8.4968
20511114,10.053
20511115,4.4118
20511116,2.5068
20511117,4.2579
20511118,4.3172
20511119,3.6619
20511120,2.1796
20511121,2.6833
20511122,1.108
20511123,-0.64701
20511124,0.45041
20511125,-1.0431
20511126,-2.0373
20511127,-2.0924
20511128,-0.75566
20511129,-3.1552
20511130,-4.9837
20511201,-4.511
20511202,-3.3957
20511203,-2.5764
20511204,-4.02
20511205,-4.393
20511206,-3.591
20511207,-0.139
20511208,-0.5777
20511209,0.14869
20511210,1.3848
20511211,1.7313
20511212,4.2191
20511213,-0.62304
20511214,-1.9969
20511215,-1.056
20511216,-0.8369
20511217,0.64139
20511218,5.2034
20511219,7.9348
20511220,6.5894
20511221,2.4044
20511222,4.2239
20511223,1.1496
20511224,1.2129
20511225,5.0622
20511226,6.0307
20511227,7.27
20511228,3.2012
20511229,1.4793
20511230,1.4567
20511231,7.4161
20520101,5.0539
20520102,0.70885
20520103,-1.0279
20520104,-0.5773
20520105,2.865
20520106,3.3734
20520107,3.1333
20520108,1.2754
20520109,1.1483
20520110,0.9931
20520111,1.2502
20520112,-0.51206
20520113,4.2545
20520114,4.1553
20520115,-0.21824
20520116,-0.49094
20520117,5.2501
20520118,4.5208
20520119,1.4394
20520120,-1.4705
20520121,-2.074
20520122,-2.6448
20520123,-3.2477
20520124,-3.5648
20520125,0.92478
20520126,0.60022
20520127,-0.72513
20520128,-0.1022
20520129,-0.55855
20520130,-0.64988
20520131,-2.3349
20520201,3.4038
20520202,3.9752
20520203,1.5319
20520204,-0.11323
20520205,-0.314
20520206,0.8634
20520207,0.46438
20520208,2.3075
20520209,4.8889
20520210,4.9151
20520211,2.3495
20520212,-0.11303
20520213,1.5376
20520214,-0.28825
20520215,-0.68021
20520216,2.5833
20520217,5.5685
20520218,0.45409
20520219,-0.82022
20520220,-0.42739
20520221,2.6603
20520222,0.43474
20520223,-0.093241
20520224,-0.4737
20520225,-0.67415
20520226,-0.39505
20520227,-0.66576
20520228,-0.83033
20520229,4.4114
20520301,4.9032
20520302,4.815
20520303,4.8877
20520304,3.3056
20520305,3.547
20520306,2.3806
20520307,1.146
20520308,2.391
20520309,2.373
20520310,3.0938
20520311,3.2203
20520312,1.6154
20520313,5.5441
20520314,4.6976
20520315,2.9633
20520316,4.4962
20520317,5.6086
20520318,6.9822
20520319,6.2686
20520320,4.2661
20520321,3.3622
20520322,4.1693
20520323,3.3596
20520324,4.6605
20520325,5.4203
20520326,3.6807
20520327,1.3787
20520328,5.6312
20520329,6.9598
20520330,7.0075
20520331,3.0061
20520401,1.8458
20520402,5.833
20520403,5.4435
20520404,1.3836
20520405,2.7527
20520406,2.6893
20520407,5.3108
20520408,4.6447
20520409,4.9201
20520410,5.6009
20520411,8.3269
20520412,4.8638
20520413,3.9827
20520414,3.8288
20520415,7.8423
20520416,5.0755
20520417,2.4737
20520418,3.9231
20520419,4.6438
20520420,7.1752
20520421,9.0385
20520422,6.2919
20520423,3.826
20520424,4.3281
20520425,5.8378
20520426,7.532
20520427,6.9569
20520428,7.2296
20520429,5.2787
20520430,5.8275
20520501,5.9061
20520502,9.7221
20520503,10.071
20520504,8.3128
20520505,9.0519
20520506,9.1829
20520507,8.9484
20520508,10.453
20520509,8.943
20520510,7.5236
20520511,6.3552
20520512,5.2975
20520513,9.2787
20520514,4.7764
20520515,5.6613
20520516,8.0469
20520517,9.3559
20520518,8.6153
20520519,8.9972
20520520,11.211
20520521,12.766
20520522,12.586
20520523,14.43
20520524,12.628
20520525,12.24
20520526,12.091
20520527,12.016
20520528,9.3951
20520529,8.1276
20520530,8.6871
20520531,9.1972
20520601,10.702
20520602,12.679
20520603,13.475
20520604,13.708
20520605,13.629
20520606,15.033
20520607,15.207
20520608,15.211
20520609,14.98
20520610,15.629
20520611,12.385
20520612,11.42
20520613,12.567
20520614,13.267
20520615,15.81
20520616,16.906
20520617,18.795
20520618,17.297
20520619,15.936
20520620,13.887
20520621,13.185
20520622,14.615
20520623,17.131
20520624,16.268
20520625,15.811
20520626,17.256
20520627,15.163
20520628,13.67
20520629,14.139
20520630,15.803
20520701,15.931
20520702,19.158
20520703,17.925
20520704,17.35
20520705,19.672
20520706,19.471
20520707,20.174
20520708,20.956
20520709,20.25
20520710,20.328
20520711,19.203
20520712,18.709
20520713,20.09
20520714,20.35
20520715,19.513
20520716,20.055
20520717,19.089
20520718,20.357
20520719,19.86
20520720,18.913
20520721,16.907
20520722,16.173
20520723,16.765
20520724,17.631
20520725,19.481
20520726,21.466
20520727,20.036
20520728,18.82
20520729,17.938
20520730,19.853
20520731,21.414
20520801,21.532
20520802,21.576
20520803,20.386
20520804,20.713
20520805,18.879
20520806,19.792
20520807,18.451
20520808,17.834
20520809,19.519
20520810,21.144
20520811,20.85
20520812,19.47
20520813,18.005
20520814,19.198
20520815,17.564
20520816,20.256
20520817,19.014
20520818,19.535
20520819,19.615
20520820,19.285
20520821,18.438
20520822,17.097
20520823,20.953
20520824,18.524
20520825,16.782
20520826,15.503
20520827,15.906
20520828,17.636
20520829,17.303
20520830,17.763
20520831,20.143
20520901,19.251
20520902,15.174
20520903,12.41
20520904,13.469
20520905,15.473
20520906,19.268
20520907,17.203
20520908,14.441
20520909,14.029
20520910,16.038
20520911,13.883
20520912,13.239
20520913,11.618
20520914,13.797
20520915,14.44
20520916,12.097
20520917,12.128
20520918,12.796
20520919,13.224
20520920,14.147
20520921,16.686
20520922,16.822
20520923,16.265
20520924,14.035
20520925,12.475
20520926,13.68
20520927,10.742
20520928,16.464
20520929,15.222
20520930,13.147
20521001,12.911
20521002,12.087
20521003,10.311
20521004,10.197
20521005,6.9887
20521006,6.8866
20521007,6.8629
20521008,10.888
20521009,9.3425
20521010,11.222
20521011,11.064
20521012,9.9818
20521013,8.4867
20521014,7.1027
20521015,6.468
20521016,6.2347
20521017,4.5874
20521018,6.4888
20521019,7.0847
20521020,7.5867
20521021,7.196
20521022,9.3343
20521023,7.5092
20521024,6.499
20521025,6.5016
20521026,6.266
20521027,6.9634
20521028,7.4551
20521029,6.6456
20521030,6.3269
20521031,5.1276
20521101,3.1727
20521102,5.3444
20521103,7.1534
20521104,5.7647
20521105,4.5441
20521106,3.1964
20521107,2.894
20521108,5.4922
20521109,9.7156
20521110,6.6377
20521111,4.5088
20521112,3.2147
20521113,3.9281
20521114,8.13
20521115,12.984
20521116,11.587
20521117,5.3662
20521118,3.4389
20521119,5.3968
20521120,7.3116
20521121,5.7399
20521122,2.6937
20521123,2.3976
20521124,1.2315
20521125,5.5388
20521126,2.5623
20521127,0.45968
20521128,-1.4831
20521129,-2.8513
20521130,2.2487
20521201,4.8116
20521202,8.7499
20521203,7.3408
20521204,0.78062
20521205,-0.28807
20521206,6.0912
20521207,5.1089
20521208,6.7613
20521209,4.5957
20521210,5.5634
20521211,4.5924
20521212,6.7583
20521213,7.2788
20521214,3.889
20521215,0.9761
20521216,-1.2433
20521217,1.2463
20521218,8.0348
20521219,9.7186
20521220,9.6177
20521221,6.4044
20521222,5.5995
20521223,8.5134
20521224,9.4068
20521225,7.8891
20521226,5.8842
20521227,9.3189
20521228,6.8559
20521229,6.4881
20521230,10.008
20521231,10.881
20530101,4.7268
20530102,2.3145
20530103,2.1209
20530104,4.6481
20530105,4.0141
20530106,3.3082
20530107,3.9995
20530108,1.2076
20530109,1.4348
20530110,0.42132
20530111,-0.27135
20530112,3.1587
20530113,1.0693
20530114,0.42696
20530115,-0.57032
20530116,-0.21222
20530117,0.59537
20530118,4.5528
20530119,3.0423
20530120,0.98538
20530121,0.46139
20530122,3.1324
20530123,5.7745
20530124,8.1806
20530125,5.9808
20530126,5.0353
20530127,5.2195
20530128,8.9208
20530129,7.7189
20530130,5.4689
20530131,4.3071
20530201,4.6126
20530202,1.5832
20530203,-0.82311
20530204,0.66284
20530205,-0.48233
20530206,-0.89517
20530207,1.1949
20530208,8.0908
20530209,4.8593
20530210,1.7242
20530211,1.5351
20530212,7.4195
20530213,1.0681
20530214,-0.44313
20530215,1.1307
20530216,1.6808
20530217,2.4103
20530218,2.0316
20530219,5.6706
20530220,3.8953
20530221,5.1353
20530222,1.8598
20530223,1.4178
20530224,1.7489
20530225,3.0673
20530226,1.0789
20530227,1.5961
20530228,-0.53119
20530301,-1.791
20530302,1.5642
20530303,5.8095
20530304,2.8822
20530305,-0.21177
20530306,0.31926
20530307,3.312
20530308,4.6908
20530309,5.0373
20530310,1.8594
20530311,1.9017
20530312,1.9818
20530313,1.2699
20530314,4.3513
20530315,2.0177
20530316,1.0007
20530317,1.2111
20530318,2.4331
20530319,0.61081
20530320,0.51157
20530321,5.5621
20530322,5.2329
20530323,2.1436
20530324,1.4585
20530325,6.8996
20530326,1.5083
20530327,2.9968
20530328,1.4655
20530329,4.0541
20530330,1.9149
20530331,3.4227
20530401,5.0709
20530402,2.4803
20530403,4.434
20530404,2.8897
20530405,4.3245
20530406,3.2505
20530407,4.3731
20530408,4.3848
20530409,4.3875
20530410,3.9809
20530411,4.1642
20530412,4.5074
20530413,6.6715
20530414,9.3358
20530415,6.911
20530416,7.476
20530417,6.0638
20530418,5.5258
20530419,5.6211
20530420,6.0592
20530421,11.019
20530422,12.109
20530423,9.7165
20530424,8.2146
20530425,8.5625
20530426,8.5098
20530427,8.5828
20530428,7.1377
20530429,6.6409
20530430,5.7236
20530501,7.7211
20530502,6.347
20530503,7.6662
20530504,7.8022
20530505,6.8223
20530506,7.7882
20530507,10.789
20530508,10.036
20530509,8.3299
20530510,6.1909
20530511,5.2292
20530512,6.0133
20530513,5.6788
20530514,6.5171
20530515,7.0597
20530516,7.2825
20530517,6.2684
20530518,8.272
20530519,8.9595
20530520,8.4988
20530521,8.7014
20530522,6.9477
20530523,7.3981
20530524,11.586
20530525,10.194
20530526,10.652
20530527,9.3867
20530528,9.7729
20530529,10.969
20530530,11.863
20530531,11.82
20530601,14.957
20530602,14.018
20530603,15.304
20530604,15.759
20530605,14.443
20530606,15.347
20530607,14.111
20530608,13.376
20530609,17.239
20530610,15.883
20530611,12.45
20530612,11.85
20530613,14.277
20530614,16.701
20530615,14.66
20530616,13.003
20530617,13.741
20530618,14.982
20530619,14.197
20530620,14.489
20530621,15.61
20530622,14.168
20530623,15.729
20530624,20.362
20530625,18.241
20530626,17.419
20530627,17.928
20530628,18.445
20530629,20.349
20530630,17.132
20530701,15.348
20530702,14.802
20530703,14.787
20530704,18.082
20530705,18.592
20530706,18.111
20530707,20.143
20530708,18.309
20530709,19.557
20530710,16.189
20530711,14.92
20530712,13.745
20530713,16.021
20530714,16.474
20530715,16.612
20530716,16.092
20530717,18.669
20530718,19.206
20530719,21.022
20530720,21.53
20530721,17.815
20530722,16.066
20530723,15.158
20530724,17.212
20530725,20.989
20530726,17.742
20530727,16.739
20530728,17.495
20530729,16.869
20530730,17.689
20530731,19.214
20530801,18.896
20530802,19.157
20530803,20.148
20530804,20.851
20530805,21.438
20530806,21.058
20530807,22.018
20530808,21.598
20530809,19.156
20530810,17.835
20530811,19.608
20530812,18.457
20530813,16.828
20530814,16.541
20530815,16.346
20530816,18.065
20530817,20.826
20530818,21.981
20530819,21.066
20530820,22.174
20530821,19.431
20530822,19.42
20530823,19.452
20530824,17.631
20530825,18.517
20530826,18.34
20530827,18.393
20530828,18.302
20530829,19.085
20530830,18.192
20530831,18.583
20530901,18.092
20530902,18.59
20530903,17.984
20530904,14.888
20530905,17.326
20530906,17.028
20530907,19.56
20530908,16.177
20530909,17.239
20530910,16.074
20530911,15.015
20530912,15.098
20530913,15.754
20530914,14.117
20530915,15.307
20530916,15.27
20530917,16.514
20530918,15.84
20530919,14.793
20530920,14.481
20530921,15.155
20530922,13.955
20530923,12.691
20530924,13.608
20530925,12.591
20530926,11.443
20530927,11.198
20530928,11.671
20530929,14.722
20530930,12.111
20531001,9.6432
20531002,11.494
20531003,12.768
20531004,9.8962
20531005,10.018
20531006,10.522
20531007,12.495
20531008,9.9351
20531009,7.6973
20531010,6.0315
20531011,7.0583
20531012,6.4469
20531013,8.18
20531014,8.7799
20531015,5.7576
20531016,6.3526
20531017,9.0382
20531018,6.426
20531019,4.8665
20531020,3.1147
20531021,2.5317
20531022,7.2205
20531023,9.9556
20531024,6.3381
20531025,4.918
20531026,4.4348
20531027,5.7269
20531028,7.8982
20531029,8.5419
20531030,7.1165
20531031,9.543
20531101,6.1032
20531102,4.5053
20531103,11.084
20531104,13.234
20531105,6.6605
20531106,5.1855
20531107,6.0649
20531108,4.0204
20531109,6.3977
20531110,12.017
20531111,12.642
20531112,11.176
20531113,11.813
20531114,8.1673
20531115,6.9484
20531116,5.9448
20531117,7.4335
20531118,8.875
20531119,5.2341
20531120,5.4733
20531121,5.1586
20531122,7.9974
20531123,5.7132
20531124,6.0933
20531125,7.7266
20531126,7.2996
20531127,4.2788
20531128,3.7481
20531129,3.7277
20531130,4.8619
20531201,3.3683
20531202,3.4168
20531203,4.5258
20531204,1.7145
20531205,0.99454
20531206,-0.55964
20531207,-1.2808
20531208,-2.0045
20531209,-1.1656
20531210,-0.74008
20531211,-1.1291
20531212,-1.3058
20531213,-2.2455
20531214,-1.6329
20531215,-2.3018
20531216,2.0338
20531217,-1.6086
20531218,-3.1691
20531219,-4.0188
20531220,-3.8077
20531221,-3.6355
20531222,-3.5116
20531223,-2.1456
20531224,6.6975
20531225,4.483
20531226,1.964
20531227,1.0521
20531228,1.1665
20531229,-0.56492
20531230,-1.0586
20531231,4.7672
20540101,3.6886
20540102,-0.67534
20540103,-1.8819
20540104,-1.3153
20540105,-2.0287
20540106,-3.2628
20540107,-1.1282
20540108,-2.2898
20540109,-5.5721
20540110,-1.3439
20540111,3.3235
20540112,1.47
20540113,-0.29087
20540114,-0.48381
20540115,8.0817
20540116,2.6579
20540117,-0.36853
20540118,-1.7554
20540119,-1.8344
20540120,-2.0948
20540121,-2.2267
20540122,-1.9053
20540123,-1.3135
20540124,-1.4402
20540125,-2.6108
20540126,0.86547
20540127,-1.1944
20540128,-3.2048
20540129,-0.5242
20540130,-2.3175
20540131,-0.90058
20540201,-2.2704
20540202,0.269
20540203,5.9728
20540204,1.1773
20540205,-0.93882
20540206,2.2607
20540207,0.019043
20540208,0.64728
20540209,6.424
20540210,2.5405
20540211,3.1393
20540212,1.2195
20540213,0.35356
20540214,0.35137
20540215,-3.1811
20540216,-4.823
20540217,-4.7513
20540218,-4.1921
20540219,-3.57
20540220,-5.4552
20540221,-3.9113
20540222,-2.1221
20540223,-2.5405
20540224,-3.9799
20540225,-2.3177
20540226,-3.7067
20540227,-1.6322
20540228,-1.547
20540301,0.41358
20540302,2.0096
20540303,1.6749
20540304,-0.26853
20540305,7.1904
20540306,10.005
20540307,6.4603
20540308,4.142
20540309,3.6361
20540310,7.7235
20540311,10.587
20540312,4.7853
20540313,2.5899
20540314,4.0378
20540315,5.0482
20540316,6.7147
20540317,5.1305
20540318,3.9201
20540319,5.0719
20540320,4.8414
20540321,4.9094
20540322,3.2554
20540323,3.8003
20540324,3.6866
20540325,4.2454
20540326,4.1155
20540327,6.7412
20540328,9.6172
20540329,7.8768
20540330,6.1058
20540331,2.9997
20540401,1.7276
20540402,5.4944
20540403,6.0322
20540404,7.265
20540405,6.612
20540406,7.9096
20540407,7.826
20540408,8.9231
20540409,5.0397
20540410,5.8181
20540411,4.7598
20540412,8.1792
20540413,7.715
20540414,7.6694
20540415,7.372
20540416,9.5735
20540417,7.535
20540418,8.0025
20540419,8.8791
20540420,7.4386
20540421,5.1219
20540422,4.4052
20540423,6.5151
20540424,6.6505
20540425,7.4934
20540426,7.6476
20540427,7.8802
20540428,12.393
20540429,12.205
20540430,11.666
20540501,10.82
20540502,9.8045
20540503,8.6585
20540504,7.5828
20540505,8.536
20540506,8.5711
20540507,7.1072
20540508,9.3992
20540509,10.816
20540510,10.908
20540511,9.654
20540512,11.289
20540513,13.294
20540514,12.982
20540515,14.228
20540516,12.618
20540517,12.116
20540518,11.452
20540519,11.543
20540520,12.75
20540521,13.309
20540522,15.975
20540523,15.231
20540524,15.685
20540525,15.517
20540526,13.941
20540527,12.893
20540528,13.657
20540529,11.084
20540530,13.582
20540531,14.607
20540601,15.296
20540602,15.713
20540603,14.489
20540604,17.012
20540605,16.462
20540606,14.823
20540607,15.781
20540608,15.57
20540609,14.932
20540610,13.582
20540611,13.99
20540612,12.68
20540613,14.017
20540614,13.469
20540615,13.483
20540616,14.722
20540617,14.076
20540618,16.554
20540619,14.344
20540620,14.177
20540621,16.937
20540622,17.434
20540623,20.578
20540624,18.395
20540625,15.691
20540626,16.847
20540627,18.495
20540628,16.918
20540629,13.889
20540630,12.184
20540701,12.601
20540702,14.553
20540703,14.167
20540704,15.223
20540705,16.657
20540706,17.848
20540707,17.309
20540708,19.331
20540709,19.96
20540710,18.808
20540711,19.79
20540712,17.989
20540713,19.47
20540714,18.411
20540715,15.247
20540716,14.609
20540717,18.867
20540718,18.026
20540719,20.202
20540720,19.553
20540721,21.243
20540722,20.324
20540723,21.386
20540724,20.41
20540725,22.004
20540726,19.979
20540727,19.353
20540728,20.111
20540729,18.814
20540730,21.707
20540731,23.48
20540801,23.055
20540802,22.157
20540803,22.138
20540804,22.186
20540805,19.692
20540806,18.284
20540807,21.131
20540808,20.576
20540809,20.296
20540810,21.471
20540811,26.116
20540812,24.309
20540813,21.711
20540814,21.706
20540815,21.03
20540816,22.614
20540817,19.416
20540818,18.475
20540819,20.281
20540820,20.124
20540821,22.969
20540822,20.095
20540823,21.1
20540824,21.916
20540825,20.679
20540826,19.911
20540827,21.888
20540828,21.909
20540829,18.301
20540830,15.767
20540831,17.865
20540901,15.689
20540902,17.714
20540903,16.25
20540904,17.516
20540905,19.103
20540906,18.478
20540907,17.468
20540908,18.815
20540909,18.78
20540910,14.587
20540911,12.885
20540912,11.841
20540913,12.418
20540914,14.942
20540915,12.698
20540916,11.504
20540917,12.157
20540918,16.518
20540919,15.882
20540920,15.539
20540921,15.803
20540922,15.46
20540923,14.718
20540924,14.61
20540925,13.32
20540926,13.281
20540927,12.197
20540928,14.39
20540929,11.713
20540930,12.041
20541001,11.084
20541002,9.9149
20541003,14.495
20541004,14.108
20541005,14.058
20541006,15.419
20541007,10.981
20541008,10.861
20541009,10.783
20541010,12.682
20541011,10.907
20541012,5.8497
20541013,3.5464
20541014,5.2985
20541015,8.2923
20541016,5.9242
20541017,8.0877
20541018,5.9652
20541019,7.6921
20541020,7.8459
20541021,4.9986
20541022,5.6741
20541023,4.1747
20541024,8.2974
20541025,6.4966
20541026,7.1427
20541027,7.229
20541028,6.7764
20541029,5.958
20541030,6.917
20541031,10.417
20541101,9.4265
20541102,8.4276
20541103,7.0261
20541104,8.1555
20541105,9.6981
20541106,10.494
20541107,8.35
20541108,4.9155
20541109,3.7772
20541110,5.4681
20541111,5.0688
20541112,4.7667
20541113,3.1251
20541114,1.4912
20541115,3.8174
20541116,2.4182
20541117,6.4412
20541118,6.3904
20541119,7.7704
20541120,6.648
20541121,4.4821
20541122,2.9604
20541123,2.2012
20541124,2.5838
20541125,8.413
20541126,7.6849
20541127,6.7611
20541128,5.9731
20541129,8.9462
20541130,7.366
20541201,9.4087
20541202,9.8927
20541203,9.3581
20541204,9.0524
20541205,8.248
20541206,4.3739
20541207,1.859
20541208,-1.991
20541209,-3.6661
20541210,-6.0741
20541211,-4.2654
20541212,4.287
20541213,7.7356
20541214,6.0851
20541215,3.05
20541216,2.9386
20541217,1.5788
20541218,2.6741
20541219,3.256
20541220,4.2617
20541221,3.083
20541222,3.1304
20541223,1.5473
20541224,4.0007
20541225,3.6033
20541226,2.5771
20541227,1.0604
20541228,5.2487
20541229,5.6144
20541230,3.4318
20541231,6.2581
20550101,6.7881
20550102,4.0632
20550103,4.1904
20550104,6.3666
20550105,4.4698
20550106,0.89425
20550107,0.48483
20550108,8.4815
20550109,5.4187
20550110,1.7093
20550111,-0.46672
20550112,-0.95848
20550113,4.4421
20550114,8.1492
20550115,7.4392
20550116,5.6122
20550117,2.3885
20550118,2.556
20550119,3.2898
20550120,5.6998
20550121,9.9723
20550122,10.677
20550123,8.1797
20550124,2.9414
20550125,0.95207
20550126,3.1729
20550127,1.4557
20550128,-0.09021
20550129,1.229
20550130,4.4916
20550131,4.5381
20550201,7.6957
20550202,0.69036
20550203,-2.2946
20550204,-2.782
20550205,-0.21124
20550206,2.3638
20550207,5.8487
20550208,2.2348
20550209,0.33953
20550210,-1.6364
20550211,-5.0194
20550212,-6.317
20550213,-7.0376
20550214,-4.0642
20550215,-4.5533
20550216,-4.8465
20550217,-6.7105
20550218,-4.275
20550219,-1.3509
20550220,6.2064
20550221,7.9323
20550222,4.0978
20550223,1.9139
20550224,2.8151
20550225,2.9643
20550226,1.4628
20550227,4.8382
20550228,2.6096
20550301,1.1863
20550302,2.8268
20550303,4.2617
20550304,2.8636
20550305,0.8166
20550306,2.8585
20550307,4.5027
20550308,7.3405
20550309,6.1917
20550310,9.9084
20550311,9.9322
20550312,6.6619
20550313,3.9591
20550314,1.3533
20550315,3.7741
20550316,1.7306
20550317,3.8685
20550318,3.4652
20550319,6.9412
20550320,6.8237
20550321,6.4466
20550322,5.1467
20550323,3.8224
20550324,6.4656
20550325,7.7836
20550326,5.8957
20550327,5.8776
20550328,5.3079
20550329,5.706
20550330,5.7981
20550331,4.7838
20550401,3.3865
20550402,4.5391
20550403,2.1574
20550404,4.5216
20550405,5.4778
20550406,7.4431
20550407,11.354
20550408,7.1448
20550409,5.3524
20550410,8.9878
20550411,5.0932
20550412,3.167
20550413,8.1842
20550414,7.579
20550415,9.8433
20550416,9.7942
20550417,8.8454
20550418,7.6617
20550419,8.5327
20550420,9.3839
20550421,9.0252
20550422,8.3173
20550423,8.8348
20550424,11.724
20550425,9.7887
20550426,9.411
20550427,6.6056
20550428,4.5298
20550429,6.4205
20550430,6.8294
20550501,7.7154
20550502,8.0516
20550503,8.4963
20550504,8.0659
20550505,8.4279
20550506,9.2754
20550507,10.309
20550508,12.106
20550509,12.736
20550510,11.43
20550511,11.919
20550512,12.794
20550513,11.796
20550514,11.087
20550515,14.118
20550516,11.671
20550517,11.599
20550518,11.915
20550519,12.317
20550520,13.412
20550521,13.325
20550522,13.846
20550523,13.224
20550524,12.723
20550525,12.552
20550526,14.208
20550527,16.534
20550528,14.254
20550529,13.952
20550530,14.241
20550531,13.476
20550601,12.932
20550602,12.705
20550603,10.346
20550604,11.534
20550605,15.516
20550606,17.254
20550607,16.15
20550608,15.884
20550609,16.079
20550610,16.967
20550611,17.12
20550612,16.402
20550613,16.371
20550614,16.183
20550615,13.949
20550616,13.056
20550617,11.159
20550618,15.29
20550619,13.816
20550620,16.383
20550621,17.567
20550622,17.06
20550623,17.581
20550624,17.181
20550625,13.66
20550626,12.314
20550627,11.873
20550628,14.456
20550629,15.534
20550630,17.242
20550701,17.341
20550702,15.924
20550703,14.224
20550704,15.587
20550705,18.501
20550706,19.607
20550707,20.344
20550708,18.323
20550709,16.45
20550710,15.205
20550711,17.853
20550712,20.479
20550713,19.341
20550714,17.439
20550715,18.548
20550716,17.307
20550717,17.563
20550718,17.66
20550719,19.204
20550720,21.811
20550721,20.625
20550722,20.849
20550723,18.832
20550724,18.801
20550725,19.034
20550726,20.819
20550727,21.865
20550728,17.366
20550729,14.69
20550730,13.426
20550731,16.098
20550801,19.249
20550802,20.25
20550803,19.638
20550804,16.398
20550805,14.477
20550806,15.458
20550807,17.399
20550808,15.633
20550809,16.44
20550810,17.757
20550811,20.017
20550812,19.579
20550813,17.865
20550814,17.666
20550815,19.466
20550816,20.184
20550817,20.008
20550818,21.002
20550819,21.741
20550820,21.262
20550821,20.386
20550822,22.556
20550823,19.674
20550824,15.95
20550825,17.883
20550826,19.311
20550827,14.029
20550828,12.612
20550829,12.788
20550830,12.87
20550831,15.262
20550901,17.462
20550902,18.961
20550903,20.143
20550904,19.151
20550905,17.137
20550906,20.419
20550907,18.502
20550908,17.215
20550909,15.468
20550910,13.366
20550911,13.363
20550912,14.936
20550913,16.616
20550914,14.569
20550915,13.51
20550916,15.098
20550917,14.93
20550918,15.307
20550919,14.885
20550920,11.638
20550921,10.672
20550922,9.6376
20550923,12.156
20550924,13.752
20550925,13.299
20550926,13.771
20550927,13.14
20550928,15.082
20550929,16.756
20550930,18.296
20551001,17.478
20551002,17.114
20551003,12.14
20551004,10.355
20551005,13.15
20551006,9.5574
20551007,8.3499
20551008,6.0707
20551009,6.401
20551010,5.7225
20551011,5.0386
20551012,8.6195
20551013,8.2464
20551014,8.0572
20551015,5.9576
20551016,9.7979
20551017,6.7966
20551018,5.5116
20551019,7.0353
20551020,6.0248
20551021,5.1661
20551022,3.6643
20551023,3.7023
20551024,6.614
20551025,8.822
20551026,10.731
20551027,11.684
20551028,9.2594
20551029,7.775
20551030,7.7577
20551031,9.5669
20551101,5.5856
20551102,3.2799
20551103,4.1451
20551104,8.3214
20551105,13.733
20551106,13.618
20551107,14.461
20551108,12.696
20551109,6.5206
20551110,4.2139
20551111,3.1864
20551112,8.5646
20551113,6.3154
20551114,7.3051
20551115,5.742
20551116,5.9971
20551117,5.1268
20551118,2.7945
20551119,5.9968
20551120,2.3198
20551121,7.0127
20551122,4.7222
20551123,2.6782
20551124,2.5544
20551125,6.4012
20551126,8.3254
20551127,8.5448
20551128,9.7112
20551129,9.0127
20551130,10.132
20551201,8.1689
20551202,7.1509
20551203,4.3672
20551204,7.3779
20551205,8.3624
20551206,0.58171
20551207,-0.4366
20551208,0.66266
20551209,1.6371
20551210,4.6209
20551211,6.6343
20551212,6.9118
20551213,2.4719
20551214,-1.5749
20551215,-3.3398
20551216,-3.9911
20551217,1.9573
20551218,8.6613
20551219,8.7131
20551220,7.5132
20551221,5.9408
20551222,10.432
20551223,5.838
20551224,5.7267
20551225,4.5868
20551226,2.5301
20551227,0.59147
20551228,4.6026
20551229,6.6317
20551230,10.247
20551231,9.0093
20560101,8.2041
20560102,4.3212
20560103,3.4363
20560104,4.0466
20560105,5.5005
20560106,3.0745
20560107,2.6442
20560108,2.2599
20560109,-0.46845
20560110,-1.4875
20560111,2.0325
20560112,-0.41488
20560113,3.8949
20560114,3.1742
20560115,1.2209
20560116,2.4401
20560117,-0.48825
20560118,-3.0292
20560119,-3.607
20560120,-2.2556
20560121,2.3966
20560122,-0.41066
20560123,-0.45318
20560124,6.1994
20560125,1.7045
20560126,-0.34837
20560127,1.7608
20560128,2.1511
20560129,-0.15917
20560130,-2.1945
20560131,-2.6717
20560201,0.07191
20560202,0.042023
20560203,5.0296
20560204,2.936
20560205,-0.46296
20560206,-1.5333
20560207,3.2481
20560208,6.0525
20560209,3.2566
20560210,3.1713
20560211,5.2007
20560212,3.4487
20560213,5.2264
20560214,9.6143
20560215,7.0579
20560216,5.5749
20560217,4.9154
20560218,4.2655
20560219,0.50576
20560220,-1.6234
20560221,-0.17061
20560222,-2.3624
20560223,0.4516
20560224,-1.1205
20560225,1.4498
20560226,-0.079641
20560227,-0.40432
20560228,0.99223
20560229,3.4765
20560301,0.7063
20560302,1.6024
20560303,-0.069641
20560304,0.26424
20560305,2.2769
20560306,-1.1075
20560307,-0.74491
20560308,0.79721
20560309,-1.0357
20560310,-1.449
20560311,-0.90651
20560312,0.92081
20560313,6.3778
20560314,7.8325
20560315,8.9393
20560316,8.1566
20560317,4.1267
20560318,3.9026
20560319,3.3322
20560320,3.3148
20560321,1.9172
20560322,1.8881
20560323,1.0229
20560324,3.1747
20560325,5.5791
20560326,4.003
20560327,5.3466
20560328,5.3611
20560329,5.928
20560330,3.1988
20560331,4.1839
20560401,3.298
20560402,3.5537
20560403,3.1084
20560404,2.9884
20560405,8.3019
20560406,7.1636
20560407,5.5358
20560408,2.2316
20560409,2.6205
20560410,2.8019
20560411,0.55155
20560412,4.4136
20560413,6.7622
20560414,5.4182
20560415,3.7989
20560416,2.2321
20560417,4.2479
20560418,5.7549
20560419,3.9985
20560420,8.7547
20560421,5.8702
20560422,4.537
20560423,3.9475
20560424,5.3121
20560425,6.6013
20560426,8.4693
20560427,8.1062
20560428,8.7586
20560429,8.4724
20560430,10.748
20560501,9.9341
20560502,10.419
20560503,10.171
20560504,9.0111
20560505,9.5037
20560506,7.0765
20560507,6.5404
20560508,8.0724
20560509,10.995
20560510,6.8191
20560511,4.5764
20560512,6.3264
20560513,9.93
20560514,13.153
20560515,14.64
20560516,12.349
20560517,13.16
20560518,12.341
20560519,14.079
20560520,14.132
20560521,12.764
20560522,12.683
20560523,11.42
20560524,10.579
20560525,10.147
20560526,12.104
20560527,12.606
20560528,10.365
20560529,11.987
20560530,12.485
20560531,13.674
20560601,13.72
20560602,17.076
20560603,15.624
20560604,14.328
20560605,17.084
20560606,17.049
20560607,18.811
20560608,20.429
20560609,19.539
20560610,17.813
20560611,18.439
20560612,20.692
20560613,22.061
20560614,20.986
20560615,19.691
20560616,17.645
20560617,17.653
20560618,18.271
20560619,18.139
20560620,19.058
20560621,19.179
20560622,17.708
20560623,17.354
20560624,17.977
20560625,19.823
20560626,19.144
20560627,19.751
20560628,18.87
20560629,19.036
20560630,19.056
20560701,16.717
20560702,17.42
20560703,18.217
20560704,20.106
20560705,18.594
20560706,22.455
20560707,23.504
20560708,25.173
20560709,23.576
20560710,20.824
20560711,19.235
20560712,18.78
20560713,21.483
20560714,20.525
20560715,19.158
20560716,16.884
20560717,19.025
20560718,19.865
20560719,17.424
20560720,19.654
20560721,18.379
20560722,20.435
20560723,21.676
20560724,20.064
20560725,21.759
20560726,19.618
20560727,16.971
20560728,21.972
20560729,21.263
20560730,14.677
20560731,13.058
20560801,13.951
20560802,15.898
20560803,15.041
20560804,15.756
20560805,14.77
20560806,16.819
20560807,19.108
20560808,20.119
20560809,20.092
20560810,18.79
20560811,16.193
20560812,16.759
20560813,19.976
20560814,18.707
20560815,18.517
20560816,19.789
20560817,19.507
20560818,18.183
20560819,17.413
20560820,17.014
20560821,19.835
20560822,16.773
20560823,15.378
20560824,16.708
20560825,17.827
20560826,18.442
20560827,18.193
20560828,17.873
20560829,16.502
20560830,19.04
20560831,17.782
20560901,17.071
20560902,16.626
20560903,15.357
20560904,17.466
20560905,16.684
20560906,15.184
20560907,14.804
20560908,15.053
20560909,14.823
20560910,16.293
20560911,16.775
20560912,13.391
20560913,10.828
20560914,12.428
20560915,12.033
20560916,13.694
20560917,12.69
20560918,13.224
20560919,14.163
20560920,12.465
20560921,12.621
20560922,11.094
20560923,10.781
20560924,9.3991
20560925,7.878
20560926,8.9002
20560927,10.749
20560928,12.181
20560929,12.171
20560930,13.342
20561001,11.873
20561002,11.212
20561003,11.947
20561004,12.212
20561005,11.937
20561006,11.376
20561007,11.805
20561008,13.489
20561009,12.046
20561010,11.725
20561011,10.768
20561012,8.5499
20561013,5.9818
20561014,4.7366
20561015,8.4365
20561016,8.3699
20561017,6.4066
20561018,4.9792
20561019,4.0187
20561020,7.6443
20561021,4.4487
20561022,4.4388
20561023,2.4271
20561024,9.6692
20561025,9.6412
20561026,12.563
20561027,11.059
20561028,12.077
20561029,9.1268
20561030,6.7585
20561031,12.641
20561101,12.884
20561102,12.784
20561103,8.9128
20561104,8.7651
20561105,8.9345
20561106,10.895
20561107,3.8805
20561108,2.9917
20561109,4.7407
20561110,6.52
20561111,6.5018
20561112,5.5965
20561113,5.8878
20561114,4.9313
20561115,3.022
20561116,4.0602
20561117,2.1382
20561118,0.37973
20561119,0.64076
20561120,4.0705
20561121,4.4271
20561122,-0.14819
20561123,-1.2947
20561124,-2.3635
20561125,0.29691
20561126,0.14815
20561127,-1.0877
20561128,-1.736
20561129,0.96799
20561130,0.17966
20561201,-1.7353
20561202,-2.2359
20561203,0.028463
20561204,1.2672
20561205,2.615
20561206,-0.5827
20561207,-2.4828
20561208,-3.3951
20561209,0.19089
20561210,-1.3111
20561211,-1.1553
20561212,-2.2299
20561213,-2.5451
20561214,-1.5663
20561215,1.3279
20561216,-0.40656
20561217,-0.47502
20561218,-0.78841
20561219,2.533
20561220,1.5581
20561221,0.61995
20561222,0.92743
20561223,3.5317
20561224,1.6492
20561225,0.23445
20561226,3.2928
20561227,2.0126
20561228,1.2373
20561229,6.6772
20561230,8.1516
20561231,6.8534
20570101,2.9376
20570102,2.6886
20570103,2.8084
20570104,1.9283
20570105,1.3211
20570106,-0.038289
20570107,-0.73631
20570108,1.7708
20570109,0.62906
20570110,2.4266
20570111,1.157
20570112,-0.7989
20570113,-1.6274
20570114,2.9837
20570115,1.6068
20570116,4.5432
20570117,-1.6631
20570118,-4.3273
20570119,-4.2115
20570120,-2.1558
20570121,-1.7764
20570122,-2.4214
20570123,-1.4288
20570124,2.8853
20570125,2.4044
20570126,1.406
20570127,1.2352
20570128,0.057475
20570129,-2.7509
20570130,-2.9863
20570131,-3.614
20570201,-4.6682
20570202,-3.5477
20570203,-5.3065
20570204,-1.6043
20570205,-0.82501
20570206,9.384
20570207,7.7756
20570208,4.6759
20570209,2.9509
20570210,1.4256
20570211,-0.322
20570212,-0.30529
20570213,-0.19335
20570214,-1.2356
20570215,-0.17687
20570216,-2.421
20570217,-0.048391
20570218,5.3536
20570219,2.7975
20570220,4.6925
20570221,4.6981
20570222,0.39781
20570223,-1.2763
20570224,0.32349
20570225,4.8461
20570226,5.7236
20570227,4.6137
20570228,3.4499
20570301,3.2736
20570302,2.7218
20570303,1.9808
20570304,5.733
20570305,5.8597
20570306,2.4298
20570307,0.12257
20570308,3.3993
20570309,0.93744
20570310,4.7788
20570311,8.6448
20570312,6.7936
20570313,7.0302
20570314,4.9347
20570315,5.0438
20570316,5.8834
20570317,8.1648
20570318,4.4595
20570319,2.0906
20570320,7.5546
20570321,5.1949
20570322,3.2513
20570323,4.7806
20570324,6.9448
20570325,7.6078
20570326,5.9572
20570327,6.2108
20570328,9.2526
20570329,8.5471
20570330,8.1565
20570331,3.6891
20570401,1.9959
20570402,3.8372
20570403,1.4811
20570404,3.5764
20570405,7.9789
20570406,6.0994
20570407,6.5553
20570408,7.0831
20570409,9.3689
20570410,7.9305
20570411,5.7273
20570412,6.5022
20570413,8.7871
20570414,6.8397
20570415,7.1338
20570416,8.9903
20570417,7.562
20570418,4.2085
20570419,7.1019
20570420,4.8716
20570421,7.5736
20570422,5.2903
20570423,8.5653
20570424,8.8822
20570425,5.3243
20570426,3.4935
20570427,6.1312
20570428,5.8226
20570429,6.717
20570430,6.9929
20570501,6.9983
20570502,7.751
20570503,8.1198
20570504,10.333
20570505,9.5321
20570506,8.2791
20570507,11.736
20570508,9.4807
20570509,9.9096
20570510,10.302
20570511,10.422
20570512,7.1603
20570513,7.5754
20570514,8.4219
20570515,7.0413
20570516,9.1003
20570517,11.021
20570518,10.395
20570519,12.562
20570520,11.007
20570521,10.31
20570522,7.5647
20570523,6.0654
20570524,7.0086
20570525,10.537
20570526,10.206
20570527,8.4767
20570528,11.669
20570529,8.342
20570530,7.5876
20570531,10.956
20570601,11.58
20570602,16.701
20570603,17.091
20570604,15.463
20570605,15.439
20570606,16.515
20570607,17.78
20570608,16.85
20570609,16.097
20570610,15.096
20570611,13.811
20570612,13.689
20570613,16.255
20570614,15.982
20570615,17.735
20570616,15.124
20570617,14.309
20570618,17.504
20570619,16.172
20570620,15.988
20570621,16.729
20570622,15.786
20570623,15.843
20570624,17.602
20570625,18.028
20570626,19.23
20570627,18.839
20570628,16.462
20570629,14.697
20570630,13.969
20570701,16.2
20570702,16.009
20570703,14.789
20570704,14.134
20570705,17.671
20570706,19.462
20570707,18.678
20570708,16.542
20570709,13.961
20570710,14.968
20570711,14.692
20570712,12.306
20570713,16.767
20570714,15.233
20570715,16.554
20570716,16.401
20570717,14.938
20570718,13.812
20570719,15.251
20570720,13.034
20570721,11.617
20570722,14.279
20570723,14.118
20570724,16.533
20570725,14.495
20570726,14.287
20570727,12.715
20570728,14.649
20570729,18.427
20570730,17.724
20570731,15.95
20570801,14.152
20570802,16.163
20570803,13.871
20570804,13.657
20570805,16.995
20570806,17.33
20570807,17.827
20570808,18.359
20570809,17.747
20570810,18.806
20570811,19.621
20570812,19.328
20570813,19.219
20570814,18.641
20570815,17.792
20570816,19.231
20570817,20.575
20570818,21.905
20570819,23.555
20570820,23.016
20570821,21.202
20570822,20.586
20570823,21.103
20570824,19.369
20570825,17.674
20570826,18.542
20570827,19.498
20570828,20.424
20570829,19.583
20570830,19.314
20570831,19.266
20570901,18.158
20570902,19.927
20570903,18.569
20570904,19.129
20570905,16.009
20570906,13.88
20570907,16.679
20570908,18.195
20570909,17.502
20570910,20.002
20570911,18.567
20570912,18.2
20570913,17.046
20570914,16.321
20570915,18.167
20570916,15.437
20570917,15.175
20570918,16.521
20570919,16.747
20570920,17.068
20570921,16.481
20570922,14.943
20570923,17.836
20570924,16.495
20570925,15.038
20570926,19.988
20570927,19.55
20570928,15.143
20570929,12.995
20570930,13.582
20571001,12.87
20571002,15.029
20571003,9.8498
20571004,7.4183
20571005,8.6542
20571006,11.048
20571007,11.988
20571008,10.055
20571009,7.3634
20571010,12.474
20571011,12.608
20571012,8.4847
20571013,6.6522
20571014,6.1337
20571015,9.8708
20571016,15.712
20571017,15.02
20571018,16.755
20571019,14.179
20571020,12.851
20571021,10.757
20571022,9.7231
20571023,7.3142
20571024,7.0196
20571025,9.0831
20571026,7.8261
20571027,6.8243
20571028,4.3054
20571029,3.3841
20571030,2.6985
20571031,2.0487
20571101,1.9855
20571102,3.4103
20571103,6.3171
20571104,6.8884
20571105,6.539
20571106,4.5389
20571107,2.2701
20571108,1.5207
20571109,5.2041
20571110,3.8686
20571111,2.1737
20571112,1.9761
20571113,1.2497
20571114,2.5871
20571115,0.55321
20571116,1.5316
20571117,5.6126
20571118,3.1448
20571119,3.0816
20571120,2.2694
20571121,-0.010366
20571122,-0.20721
20571123,5.0322
20571124,8.5148
20571125,2.8605
20571126,1.7454
20571127,6.1483
20571128,8.5422
20571129,8.1997
20571130,3.6528
20571201,0.78625
20571202,0.64156
20571203,3.3864
20571204,5.2522
20571205,4.9323
20571206,6.7294
20571207,5.014
20571208,4.4584
20571209,1.5274
20571210,-0.77871
20571211,6.0292
20571212,1.1993
20571213,-1.2658
20571214,-2.395
20571215,-1.7474
20571216,4.5978
20571217,7.4935
20571218,6.8949
20571219,4.4897
20571220,1.7487
20571221,0.26977
20571222,2.8399
20571223,0.96852
20571224,0.27024
20571225,-0.031047
20571226,-1.0787
20571227,-2.6154
20571228,-1.9024
20571229,-3.1151
20571230,0.24569
20571231,4.3751
20580101,1.1706
20580102,1.1961
20580103,-1.6335
20580104,-2.0635
20580105,-2.0382
20580106,0.29344
20580107,-0.48736
20580108,-2.3489
20580109,-4.3648
20580110,-3.7065
20580111,-1.1327
20580112,-1.3795
20580113,-1.6316
20580114,-0.42088
20580115,0.563
20580116,-0.20814
20580117,5.9651
20580118,7.3326
20580119,4.4375
20580120,0.56482
20580121,6.5107
20580122,4.283
20580123,-1.0471
20580124,-2.5276
20580125,-0.37609
20580126,-0.77427
20580127,0.2113
20580128,1.2553
20580129,3.9232
20580130,0.73833
20580131,-1.3493
20580201,-1.8753
20580202,-1.3258
20580203,-2.219
20580204,-4.2973
20580205,-3.193
20580206,-1.6958
20580207,-2.497
20580208,-1.7996
20580209,-3.0804
20580210,-1.6028
20580211,3.0101
20580212,2.9092
20580213,1.752
20580214,2.3563
20580215,-0.36927
20580216,-1.6727
20580217,0.20419
20580218,2.2297
20580219,-1.6228
20580220,-4.2478
20580221,-1.1533
20580222,1.3486
20580223,9.7196
20580224,9.7496
20580225,9.4872
20580226,9.8107
20580227,6.2455
20580228,6.1079
20580301,3.1503
20580302,5.8514
20580303,6.5155
20580304,1.902
20580305,5.8508
20580306,8.2583
20580307,5.9092
20580308,4.7288
20580309,3.2225
20580310,-0.15539
20580311,-1.7838
20580312,-0.89488
20580313,-2.5209
20580314,-1.8305
20580315,-1.1685
20580316,-0.85841
20580317,0.33295
20580318,4.4367
20580319,2.9222
20580320,6.9006
20580321,7.4834
20580322,7.1915
20580323,6.6948
20580324,4.8378
20580325,6.3343
20580326,5.9375
20580327,5.8504
20580328,6.178
20580329,5.9447
20580330,3.5315
20580331,3.8105
20580401,3.295
20580402,3.8847
20580403,2.6239
20580404,3.7251
20580405,7.6981
20580406,10.653
20580407,10.913
20580408,10.665
20580409,10.299
20580410,9.8031
20580411,8.0396
20580412,8.1339
20580413,9.6904
20580414,8.6198
20580415,8.6016
20580416,9.8571
20580417,9.796
20580418,9.0483
20580419,6.5081
20580420,6.7384
20580421,8.4256
20580422,7.6728
20580423,8.013
20580424,8.2514
20580425,10.677
20580426,9.9881
20580427,9.4063
20580428,8.8513
20580429,8.9029
20580430,9.1163
20580501,7.429
20580502,9.5268
20580503,6.2642
20580504,4.691
20580505,8.017
20580506,10.126
20580507,9.4982
20580508,7.5633
20580509,7.6637
20580510,8.7962
20580511,9.4243
20580512,9.6789
20580513,8.14
20580514,8.5201
20580515,10.309
20580516,7.819
20580517,7.6772
20580518,10.698
20580519,9.9393
20580520,9.2901
20580521,9.5197
20580522,10.112
20580523,8.8047
20580524,11.079
20580525,12.585
20580526,13.741
20580527,14.219
20580528,13.81
20580529,13.618
20580530,12.574
20580531,12.958
20580601,12.154
20580602,10.122
20580603,9.6662
20580604,13.637
20580605,11.609
20580606,12.207
20580607,12.159
20580608,14.566
20580609,14.786
20580610,13.27
20580611,13.005
20580612,13.512
20580613,11.85
20580614,12.06
20580615,14.516
20580616,15.195
20580617,15.089
20580618,17.765
20580619,18.343
20580620,17.365
20580621,16.18
20580622,17.095
20580623,17.545
20580624,18.039
20580625,18.043
20580626,18.552
20580627,17.139
20580628,16.453
20580629,13.754
20580630,14.944
20580701,15.821
20580702,16.951
20580703,16.374
20580704,15.203
20580705,16.203
20580706,13.691
20580707,14.814
20580708,14.945
20580709,15.106
20580710,16.85
20580711,15.285
20580712,13.501
20580713,15.586
20580714,16.54
20580715,17.856
20580716,16.887
20580717,17.39
20580718,17.053
20580719,13.445
20580720,13.301
20580721,16.222
20580722,16.01
20580723,16.836
20580724,17.577
20580725,17.567
20580726,18.343
20580727,18.454
20580728,18.357
20580729,17.376
20580730,17.633
20580731,19.296
20580801,17.646
20580802,15.644
20580803,13.971
20580804,16.162
20580805,18.461
20580806,15.331
20580807,16.109
20580808,19.575
20580809,18.6
20580810,14.979
20580811,14.48
20580812,13.279
20580813,12.863
20580814,11.129
20580815,11.532
20580816,11.641
20580817,10.844
20580818,12.932
20580819,12.143
20580820,12.963
20580821,12.36
20580822,14.449
20580823,16.485
20580824,16.158
20580825,15.578
20580826,17.327
20580827,19.838
20580828,19.974
20580829,20.449
20580830,20.723
20580831,20.496
20580901,19.024
20580902,17.595
20580903,17.848
20580904,19.126
20580905,19.367
20580906,17.307
20580907,18.597
20580908,18.22
20580909,19.037
20580910,17.23
20580911,16.51
20580912,15.109
20580913,13.634
20580914,13.758
20580915,15.219
20580916,14.271
20580917,13.622
20580918,14.78
20580919,15.17
20580920,15.815
20580921,13.744
20580922,11.905
20580923,13.041
20580924,13.891
20580925,13.751
20580926,14.063
20580927,14.648
20580928,14.417
20580929,13.538
20580930,13.002
20581001,10.219
20581002,10.923
20581003,11.827
20581004,10.28
20581005,11.15
20581006,12.027
20581007,10.485
20581008,10.001
20581009,10.403
20581010,13.125
20581011,14.209
20581012,10.803
20581013,7.7232
20581014,7.0732
20581015,10.184
20581016,9.8895
20581017,6.1681
20581018,5.0223
20581019,5.7602
20581020,6.1817
20581021,6.516
20581022,7.3083
20581023,5.2151
20581024,3.8415
20581025,5.7057
20581026,5.737
20581027,9.3086
20581028,9.4584
20581029,9.4779
20581030,7.0199
20581031,6.406
20581101,6.3989
20581102,5.6708
20581103,5.3187
20581104,6.7859
20581105,6.6608
20581106,6.5884
20581107,8.9206
20581108,9.638
20581109,7.4473
20581110,8.3439
20581111,6.0331
20581112,3.8251
20581113,11.207
20581114,13.279
20581115,13.955
20581116,5.4666
20581117,3.9003
20581118,1.9537
20581119,5.4358
20581120,2.8269
20581121,1.056
20581122,4.1765
20581123,4.1646
20581124,3.7227
20581125,3.2681
20581126,2.9233
20581127,2.1818
20581128,11.494
20581129,6.1331
20581130,2.8508
20581201,4.6223
20581202,3.904
20581203,8.5841
20581204,6.0986
20581205,-0.54921
20581206,-0.57063
20581207,-0.59233
20581208,-2.9464
20581209,-4.7905
20581210,-5.3365
20581211,-4.7411
20581212,-4.0107
20581213,-2.5569
20581214,3.5623
20581215,4.3517
20581216,5.9938
20581217,7.1843
20581218,6.0686
20581219,5.9901
20581220,4.7538
20581221,4.0747
20581222,2.6136
20581223,0.17182
20581224,1.8077
20581225,-0.075338
20581226,-0.96699
20581227,-0.084086
20581228,-1.5532
20581229,-2.0102
20581230,-2.5031
20581231,-1.9864
20590101,-1.4653
20590102,-1.1887
20590103,3.0786
20590104,0.23944
20590105,-0.023844
20590106,1.4837
20590107,-0.81571
20590108,0.31941
20590109,0.40839
20590110,0.39059
20590111,0.0038554
20590112,-0.4693
20590113,-1.6897
20590114,-2.3554
20590115,-1.895
20590116,-1.4872
20590117,-0.24444
20590118,-1.169
20590119,-0.85346
20590120,-1.3372
20590121,-3.0048
20590122,-3.0385
20590123,-2.4174
20590124,-0.65771
20590125,-3.2822
20590126,-5.0274
20590127,-6.7672
20590128,-4.4574
20590129,-1.2565
20590130,0.2777
20590131,1.2761
20590201,0.73892
20590202,-0.95134
20590203,1.351
20590204,-0.78372
20590205,-1.758
20590206,-3.3018
20590207,-3.5642
20590208,-2.6465
20590209,-4.8727
20590210,-4.3741
20590211,0.38198
20590212,3.6704
20590213,0.9716
20590214,0.94032
20590215,3.8875
20590216,5.8649
20590217,7.9941
20590218,8.0764
20590219,8.0473
20590220,6.8366
20590221,6.567
20590222,6.5357
20590223,8.4391
20590224,8.3906
20590225,8.31
20590226,7.6276
20590227,4.8751
20590228,3.2073
20590301,1.457
20590302,-0.31313
20590303,1.2516
20590304,0.0064596
20590305,-0.64815
20590306,-0.65641
20590307,-0.20979
20590308,4.5464
20590309,8.3474
20590310,6.3771
20590311,3.1971
20590312,0.35855
20590313,4.3308
20590314,2.86
20590315,6.5197
20590316,4.7753
20590317,5.0995
20590318,5.9751
20590319,7.1845
20590320,6.8721
20590321,8.0133
20590322,7.1743
20590323,4.797
20590324,2.7209
20590325,5.112
20590326,5.3817
20590327,5.7019
20590328,6.1425
20590329,7.2147
20590330,7.0526
20590331,5.0419
20590401,3.7065
20590402,2.2117
20590403,2.0881
20590404,6.4413
20590405,3.8744
20590406,4.0493
20590407,5.3188
20590408,6.706
20590409,7.1381
20590410,11.233
20590411,10.59
20590412,8.5727
20590413,6.304
20590414,4.6271
20590415,7.057
20590416,8.7725
20590417,9.5603
20590418,6.8786
20590419,5.2591
20590420,7.9384
20590421,6.8029
20590422,8.0038
20590423,8.2505
20590424,7.3483
20590425,9.3917
20590426,11.414
20590427,10.641
20590428,10.688
20590429,9.7857
20590430,10.667
20590501,12.704
20590502,9.8394
20590503,10.671
20590504,9.4185
20590505,8.1625
20590506,7.4992
20590507,6.1075
20590508,8.2623
20590509,8.7243
20590510,11.597
20590511,12.665
20590512,10.85
20590513,11.84
20590514,11.607
20590515,10.907
20590516,10.688
20590517,12.002
20590518,13.132
20590519,12.308
20590520,10.824
20590521,12.924
20590522,11.561
20590523,8.6689
20590524,8.1986
20590525,6.9117
20590526,7.5694
20590527,9.5679
20590528,9.7472
20590529,10.801
20590530,12.297
20590531,11.489
20590601,11.68
20590602,13.182
20590603,12.681
20590604,11.659
20590605,12.834
20590606,12.695
20590607,14.212
20590608,14.438
20590609,14.644
20590610,15.971
20590611,16.179
20590612,18.624
20590613,19.136
20590614,18.722
20590615,18.604
20590616,18.44
20590617,17.493
20590618,18.672
20590619,17.318
20590620,18.596
20590621,15.703
20590622,17.197
20590623,20.066
20590624,18.261
20590625,16.79
20590626,18.163
20590627,17.773
20590628,18.708
20590629,18.178
20590630,18.97
20590701,17.683
20590702,16.216
20590703,19.408
20590704,18.042
20590705,16.616
20590706,19.86
20590707,20.665
20590708,19.588
20590709,19.578
20590710,17.997
20590711,16.504
20590712,13.653
20590713,15.828
20590714,15.224
20590715,15.72
20590716,15.037
20590717,14.997
20590718,16.136
20590719,17.993
20590720,19.341
20590721,17.859
20590722,15.397
20590723,15.192
20590724,18.334
20590725,20.153
20590726,20.128
20590727,19.51
20590728,18.387
20590729,18.097
20590730,20.008
20590731,20.918
20590801,15.093
20590802,13.925
20590803,15.512
20590804,15.522
20590805,16.451
20590806,18.014
20590807,18.852
20590808,19.065
20590809,19.999
20590810,20.355
20590811,20.475
20590812,20.712
20590813,20.241
20590814,17.512
20590815,19.969
20590816,18.405
20590817,18.83
20590818,21.353
20590819,18.58
20590820,16.313
20590821,16.276
20590822,15.166
20590823,17.603
20590824,17.622
20590825,19.192
20590826,19.489
20590827,19.063
20590828,16.283
20590829,17.581
20590830,18.468
20590831,20.069
20590901,19.999
20590902,18.436
20590903,18.748
20590904,15.612
20590905,12.872
20590906,11.587
20590907,11.317
20590908,11.09
20590909,13.346
20590910,13.284
20590911,15.14
20590912,14.48
20590913,11.756
20590914,12.447
20590915,13.424
20590916,12.934
20590917,12.622
20590918,12.507
20590919,15.116
20590920,11.396
20590921,10.025
20590922,12.811
20590923,8.304
20590924,8.0038
20590925,6.6291
20590926,12.008
20590927,13.787
20590928,14.053
20590929,14.998
20590930,14.72
20591001,14.876
20591002,14.98
20591003,15.684
20591004,16.79
20591005,15.54
20591006,14.546
20591007,12.668
20591008,12.693
20591009,14.108
20591010,11.8
20591011,9.3788
20591012,8.8476
20591013,9.3785
20591014,8.6879
20591015,7.5293
20591016,10.352
20591017,10.798
20591018,9.3363
20591019,7.0887
20591020,5.4268
20591021,6.2061
20591022,6.3616
20591023,9.1433
20591024,7.1004
20591025,6.0499
20591026,4.2936
20591027,4.9915
20591028,8.5306
20591029,6.1837
20591030,4.6212
20591031,4.919
20591101,7.3435
20591102,12.427
20591103,11.682
20591104,11.148
20591105,10.168
20591106,10.675
20591107,13.756
20591108,7.3207
20591109,6.4995
20591110,10.107
20591111,11.723
20591112,9.3071
20591113,6.0014
20591114,5.9588
20591115,4.2188
20591116,3.0199
20591117,7.8721
20591118,7.7786
20591119,6.4457
20591120,5.4201
20591121,4.7002
20591122,1.9734
20591123,4.4667
20591124,4.0976
20591125,5.242
20591126,1.4378
20591127,0.98002
20591128,5.3951
20591129,12.344
20591130,11.868
20591201,5.5509
20591202,4.4856
20591203,7.5819
20591204,1.7227
20591205,-0.6251
20591206,0.43134
20591207,4.8883
20591208,3.908
20591209,3.3204
20591210,2.4526
20591211,2.7924
20591212,1.9521
20591213,1.6139
20591214,1.5375
20591215,0.57919
20591216,-0.53063
20591217,0.96091
20591218,-0.76122
20591219,-0.73452
20591220,-0.035136
20591221,-0.24221
20591222,-0.99458
20591223,-1.5363
20591224,3.6715
20591225,3.6536
20591226,7.3491
20591227,9.6727
20591228,4.9217
20591229,4.1424
20591230,3.7838
20591231,10.06
20600101,4.6594
20600102,2.0736
20600103,1.0067
20600104,-0.59571
20600105,-1.624
20600106,-2.5423
20600107,-1.9207
20600108,-1.6173
20600109,-0.34596
20600110,-1.1754
20600111,-2.7098
20600112,-2.5207
20600113,2.9266
20600114,6.5911
20600115,0.74232
20600116,-3.0553
20600117,-3.6547
20600118,-0.46255
20600119,2.9019
20600120,0.37099
20600121,-0.48997
20600122,-0.28357
20600123,0.42456
20600124,2.9904
20600125,0.41735
20600126,0.74284
20600127,2.0477
20600128,0.13488
20600129,1.0483
20600130,-0.27999
20600131,0.68835
20600201,0.73735
20600202,0.59513
20600203,0.77454
20600204,6.0849
20600205,1.9033
20600206,-0.060638
20600207,-0.53749
20600208,-0.79229
20600209,-0.72609
20600210,-1.3078
20600211,0.45538
20600212,3.2661
20600213,2.508
20600214,7.4937
20600215,9.7015
20600216,8.7516
20600217,6.5016
20600218,0.7826
20600219,-1.9963
20600220,-2.4147
20600221,-1.8785
20600222,-0.98009
20600223,-0.029429
20600224,-0.18629
20600225,0.99866
20600226,1.0778
20600227,6.4683
20600228,4.7451
20600229,0.11684
20600301,-1.7936
20600302,-2.1076
20600303,-1.1115
20600304,-0.52853
20600305,-0.24631
20600306,0.56106
20600307,1.4807
20600308,8.8686
20600309,3.7417
20600310,1.3609
20600311,7.828
20600312,3.6097
20600313,0.90057
20600314,3.7095
20600315,4.7344
20600316,9.5308
20600317,8.9547
20600318,5.1794
20600319,4.2112
20600320,5.3331
20600321,7.5632
20600322,4.6397
20600323,3.9299
20600324,5.6452
20600325,6.357
20600326,7.1247
20600327,7.5602
20600328,5.5465
20600329,6.6303
20600330,2.064
20600331,2.476
20600401,3.1023
20600402,6.1184
20600403,4.1668
20600404,4.6005
20600405,3.1428
20600406,6.6862
20600407,7.2693
20600408,9.1953
20600409,11.539
20600410,9.2983
20600411,7.1388
20600412,7.1843
20600413,5.1888
20600414,6.5448
20600415,7.3506
20600416,6.289
20600417,4.6564
20600418,8.9797
20600419,8.1621
20600420,6.2707
20600421,4.2475
20600422,7.1549
20600423,9.4076
20600424,9.7409
20600425,10.783
20600426,7.3842
20600427,6.5383
20600428,10.81
20600429,11.541
20600430,10.777
20600501,13.038
20600502,12.987
20600503,13.42
20600504,11.175
20600505,10.796
20600506,13.71
20600507,11.619
20600508,8.719
20600509,7.4021
20600510,8.4612
20600511,7.9521
20600512,6.9729
20600513,7.388
20600514,9.8441
20600515,7.9358
20600516,8.6429
20600517,7.4256
20600518,7.7214
20600519,8.5285
20600520,10.971
20600521,9.7249
20600522,7.1676
20600523,8.0709
20600524,8.4428
20600525,11.17
20600526,9.917
20600527,9.4133
20600528,10.414
20600529,7.8145
20600530,12.045
20600531,11.837
20600601,13.836
20600602,15.51
20600603,13.812
20600604,11.726
20600605,10.355
20600606,14.032
20600607,15.117
20600608,14.435
20600609,14.379
20600610,15.015
20600611,13.683
20600612,14.776
20600613,14.233
20600614,16.414
20600615,18.085
20600616,18.438
20600617,18.066
20600618,17.305
20600619,16.116
20600620,14.332
20600621,15.826
20600622,17.186
20600623,13.108
20600624,13.265
20600625,14.919
20600626,13.978
20600627,14.147
20600628,16.919
20600629,15.554
20600630,15.365
20600701,15.44
20600702,15.119
20600703,17.191
20600704,18.773
20600705,17.551
20600706,17.503
20600707,17.517
20600708,15.89
20600709,16.967
20600710,18.383
20600711,20.766
20600712,18.095
20600713,16.491
20600714,18.632
20600715,18.693
20600716,16.591
20600717,16.454
20600718,17.735
20600719,16.649
20600720,16.988
20600721,16.958
20600722,18.085
20600723,16.454
20600724,15.282
20600725,16.111
20600726,17.228
20600727,18.792
20600728,16.322
20600729,14.676
20600730,16.826
20600731,18.791
20600801,15.898
20600802,16.103
20600803,16.838
20600804,17.524
20600805,16.159
20600806,14.455
20600807,15.289
20600808,17.61
20600809,20.763
20600810,15.516
20600811,13.544
20600812,16.485
20600813,18.539
20600814,16.285
20600815,14.501
20600816,15.607
20600817,15.587
20600818,15.853
20600819,16.528
20600820,15.708
20600821,16.056
20600822,17.198
20600823,17.214
20600824,17.109
20600825,17.15
20600826,17.315
20600827,17.191
20600828,18.058
20600829,18.18
20600830,17.767
20600831,17.751
20600901,16.241
20600902,15.884
20600903,16.916
20600904,17.246
20600905,14.441
20600906,18.005
20600907,15.538
20600908,13.503
20600909,14.058
20600910,17.321
20600911,18.356
20600912,17.604
20600913,16.674
20600914,18.382
20600915,17.827
20600916,18.217
20600917,18.839
20600918,18.785
20600919,15.464
20600920,12.8
20600921,11.094
20600922,11
20600923,15.776
20600924,20.57
20600925,15.826
20600926,12.375
20600927,11.174
20600928,11.971
20600929,13.05
20600930,15.275
20601001,12.603
20601002,11.576
20601003,12.349
20601004,11.96
20601005,12.584
20601006,11.829
20601007,12.481
20601008,11.646
20601009,9.7138
20601010,12.388
20601011,11.032
20601012,11.942
20601013,8.1957
20601014,5.942
20601015,5.8321
20601016,5.3327
20601017,6.9821
20601018,13.041
20601019,12.105
20601020,11.273
20601021,10.154
20601022,9.7581
20601023,9.0095
20601024,7.5473
20601025,8.2339
20601026,9.1058
20601027,7.6246
20601028,7.7566
20601029,7.5152
20601030,8.7068
20601031,6.8046
20601101,6.0704
20601102,4.5872
20601103,4.4774
20601104,4.9249
20601105,6.3136
20601106,6.9018
20601107,4.6711
20601108,1.7768
20601109,1.565
20601110,5.6009
20601111,3.1065
20601112,0.97799
20601113,-0.78281
20601114,0.29409
20601115,-0.14839
20601116,-1.3182
20601117,0.57894
20601118,2.2704
20601119,3.5172
20601120,2.0462
20601121,1.9606
20601122,-0.19994
20601123,-0.76821
20601124,-1.7773
20601125,-2.6065
20601126,-3.1575
20601127,-3.1478
20601128,-3.0852
20601129,0.72679
20601130,0.31091
20601201,-1.4068
20601202,0.61595
20601203,0.4895
20601204,-1.284
20601205,-0.97819
20601206,0.99829
20601207,-0.56364
20601208,-2.037
20601209,-2.3438
20601210,5.4083
20601211,10.958
20601212,10.531
20601213,5.8026
20601214,6.5811
20601215,5.1197
20601216,3.0973
20601217,3.919
20601218,4.6225
20601219,7.2481
20601220,5.7753
20601221,3.9874
20601222,0.44262
20601223,0.33986
20601224,4.8483
20601225,8.1779
20601226,8.1117
20601227,3.7295
20601228,2.9942
20601229,0.93452
20601230,3.2313
20601231,1.0394
20610101,4.1049
20610102,2.1641
20610103,0.27077
20610104,4.3299
20610105,3.0535
20610106,0.67485
20610107,2.852
20610108,2.043
20610109,0.55896
20610110,0.18996
20610111,0.075134
20610112,-1.1245
20610113,-3.1667
20610114,-4.2888
20610115,-5.0313
20610116,-4.9735
20610117,-4.1776
20610118,-3.2893
20610119,-2.5213
20610120,-1.5865
20610121,6.6475
20610122,2.3424
20610123,0.14659
20610124,-1.3228
20610125,-1.3126
20610126,1.3854
20610127,-1.873
20610128,-2.2476
20610129,-1.9339
20610130,-1.3216
20610131,0.32648
20610201,-0.04656
20610202,0.90353
20610203,1.4203
20610204,2.2285
20610205,5.2633
20610206,2.5129
20610207,0.73985
20610208,0.26383
20610209,-1.821
20610210,-1.0184
20610211,-2.7802
20610212,-1.1705
20610213,3.638
20610214,3.1356
20610215,3.5941
20610216,1.4328
20610217,1.1362
20610218,-1.6343
20610219,5.2506
20610220,4.7414
20610221,1.4224
20610222,1.6511
20610223,-1.6325
20610224,-3.313
20610225,-1.9641
20610226,-0.80626
20610227,2.7987
20610228,2.0518
20610301,3.2966
20610302,1.8562
20610303,3.108
20610304,5.4739
20610305,8.0701
20610306,8.6258
20610307,6.7883
20610308,4.3255
20610309,6.5365
20610310,4.7584
20610311,3.6954
20610312,6.557
20610313,4.02
20610314,5.0906
20610315,4.0317
20610316,3.4759
20610317,5.6809
20610318,4.4773
20610319,4.6042
20610320,4.9783
20610321,8.1182
20610322,7.5851
20610323,5.8169
20610324,4.797
20610325,4.31
20610326,7.3731
20610327,6.1678
20610328,5.2806
20610329,6.0205
20610330,7.2232
20610331,8.6513
20610401,7.9929
20610402,10.209
20610403,7.8546
20610404,10.694
20610405,9.5802
20610406,9.175
20610407,7.3092
20610408,7.7469
20610409,10.621
20610410,9.4052
20610411,7.0088
20610412,10.942
20610413,12.404
20610414,10.045
20610415,8.0216
20610416,7.3785
20610417,9.6249
20610418,8.0279
20610419,6.0989
20610420,3.3756
20610421,5.6706
20610422,7.3709
20610423,4.7728
20610424,4.0199
20610425,4.9224
20610426,6.3897
20610427,8.0654
20610428,9.413
20610429,9.5095
20610430,10.178
20610501,7.2815
20610502,5.5837
20610503,7.6422
20610504,6.6363
20610505,5.0125
20610506,7.9968
20610507,11.812
20610508,13.731
20610509,9.6305
20610510,14.069
20610511,14.326
20610512,14.051
20610513,12.49
20610514,12.83
20610515,10.629
20610516,12.973
20610517,12.113
20610518,12.44
20610519,12.524
20610520,12.808
20610521,12.3
20610522,12.445
20610523,10.338
20610524,10.887
20610525,11.474
20610526,12.322
20610527,11.091
20610528,11.185
20610529,10.148
20610530,9.3871
20610531,12.749
20610601,14.747
20610602,12.809
20610603,14.642
20610604,12.734
20610605,10.356
20610606,11.573
20610607,11.426
20610608,10.226
20610609,11.653
20610610,13.813
20610611,15.071
20610612,13.305
20610613,15.536
20610614,15.891
20610615,12.244
20610616,10.716
20610617,14.275
20610618,16.661
20610619,15.133
20610620,14.603
20610621,16.086
20610622,15.481
20610623,16.569
20610624,16.656
20610625,16.797
20610626,17.602
20610627,16.074
20610628,16.699
20610629,18.814
20610630,17.293
20610701,17.561
20610702,19.387
20610703,18.009
20610704,15.902
20610705,15.886
20610706,16.765
20610707,16.397
20610708,14.933
20610709,17.559
20610710,19.396
20610711,17.999
20610712,16.45
20610713,16.58
20610714,19.029
20610715,18.937
20610716,18.991
20610717,17.415
20610718,17.907
20610719,19.057
20610720,17.207
20610721,16.874
20610722,16.138
20610723,15.433
20610724,19.212
20610725,19.108
20610726,19.522
20610727,20.923
20610728,20.668
20610729,20.977
20610730,21.177
20610731,20.769
20610801,20.908
20610802,19.667
20610803,22.045
20610804,21.254
20610805,19.96
20610806,18.114
20610807,14.133
20610808,12.119
20610809,14.232
20610810,15.596
20610811,18.292
20610812,17.561
20610813,18.211
20610814,16.95
20610815,18.549
20610816,18.354
20610817,19.479
20610818,19.366
20610819,16.493
20610820,13.65
20610821,14.293
20610822,15.427
20610823,16.564
20610824,15.416
20610825,15.609
20610826,17.121
20610827,17.567
20610828,18.943
20610829,17.495
20610830,15.464
20610831,14.691
20610901,12.303
20610902,13.546
20610903,14.923
20610904,16.108
20610905,16.24
20610906,15.343
20610907,17.105
20610908,17.651
20610909,14.125
20610910,11.798
20610911,13.325
20610912,14.912
20610913,15.732
20610914,14.973
20610915,14.381
20610916,17.9
20610917,17.08
20610918,15.02
20610919,13.968
20610920,13.229
20610921,12.856
20610922,13.58
20610923,13.679
20610924,12
20610925,11.596
20610926,11.635
20610927,12.291
20610928,12.241
20610929,14.921
20610930,14.592
20611001,13.922
20611002,13.055
20611003,12.123
20611004,11.943
20611005,11.957
20611006,13.733
20611007,12.21
20611008,12.185
20611009,13.408
20611010,10.623
20611011,9.8049
20611012,11.04
20611013,6.3203
20611014,6.2835
20611015,5.3442
20611016,2.6312
20611017,9.6386
20611018,8.4511
20611019,9.8318
20611020,12.341
20611021,11.757
20611022,11.584
20611023,13.098
20611024,13.378
20611025,13.692
20611026,12.185
20611027,13.446
20611028,12.947
20611029,11.622
20611030,10.472
20611031,9.3519
20611101,8.9541
20611102,7.6206
20611103,6.4102
20611104,7.561
20611105,5.4583
20611106,3.9575
20611107,2.3677
20611108,2.2762
20611109,0.89967
20611110,1.7671
20611111,0.63203
20611112,1.186
20611113,1.8684
20611114,3.2778
20611115,2.0038
20611116,0.80138
20611117,-0.19301
20611118,1.4656
20611119,5.1473
20611120,4.4847
20611121,3.7774
20611122,2.3686
20611123,0.84827
20611124,-0.80299
20611125,-1.932
20611126,-0.59586
20611127,-0.30462
20611128,-1.2483
20611129,5.1295
20611130,9.3929
20611201,6.7002
20611202,3.9319
20611203,3.7042
20611204,6.5488
20611205,7.9935
20611206,4.4289
20611207,2.1358
20611208,4.8946
20611209,4.642
20611210,2.0756
20611211,1.7471
20611212,1.7215
20611213,6.2365
20611214,3.8737
20611215,4.1562
20611216,2.3868
20611217,0.30563
20611218,4.5829
20611219,3.2607
20611220,2.1853
20611221,-0.26248
20611222,0.56626
20611223,0.38127
20611224,0.54741
20611225,0.33409
20611226,-0.12985
20611227,0.030599
20611228,-0.34125
20611229,-1.0291
20611230,2.9985
20611231,2.9447
20620101,-0.51596
20620102,0.76112
20620103,0.45538
20620104,0.8869
20620105,0.12468
20620106,-0.46961
20620107,-2.1355
20620108,-2.3331
20620109,4.9944
20620110,6.2299
20620111,7.0355
20620112,8.6101
20620113,7.8754
20620114,2.6159
20620115,0.32251
20620116,-0.35352
20620117,0.7254
20620118,4.0498
20620119,2.1022
20620120,3.6757
20620121,-0.017456
20620122,-1.6056
20620123,-0.30379
20620124,-1.4182
20620125,0.55781
20620126,1.0972
20620127,0.28131
20620128,-0.50716
20620129,0.10143
20620130,0.73536
20620131,1.1808
20620201,0.88146
20620202,1.5526
20620203,4.5034
20620204,3.1689
20620205,2.1484
20620206,-1.1299
20620207,-0.058187
20620208,0.30447
20620209,-0.97895
20620210,-2.5022
20620211,-3.7347
20620212,-3.7694
20620213,-3.7427
20620214,-3.6389
20620215,-3.3213
20620216,-3.3124
20620217,-2.5762
20620218,-2.0544
20620219,-0.77041
20620220,-0.92626
20620221,-0.22073
20620222,0.28853
20620223,-0.97654
20620224,0.86452
20620225,0.20073
20620226,0.22247
20620227,0.833
20620228,2.6767
20620301,1.4926
20620302,5.0185
20620303,1.8035
20620304,0.049215
20620305,-0.13948
20620306,4.9581
20620307,4.5536
20620308,4.6366
20620309,7.7869
20620310,3.7713
20620311,2.3545
20620312,0.65661
20620313,1.5902
20620314,1.0867
20620315,4.9377
20620316,3.6214
20620317,1.0247
20620318,1.0015
20620319,2.2581
20620320,4.0058
20620321,0.44482
20620322,-1.6192
20620323,4.8971
20620324,2.8037
20620325,0.29264
20620326,5.7435
20620327,5.1823
20620328,2.7091
20620329,3.0236
20620330,3.831
20620331,3.2288
20620401,4.0352
20620402,3.3369
20620403,3.2939
20620404,1.8391
20620405,1.3837
20620406,4.9018
20620407,3.9193
20620408,5.496
20620409,4.1951
20620410,7.683
20620411,10.089
20620412,7.5881
20620413,6.1281
20620414,4.9885
20620415,6.6495
20620416,8.1357
20620417,7.7367
20620418,7.5795
20620419,9.5228
20620420,9.7572
20620421,9.7535
20620422,9.5204
20620423,11.143
20620424,9.211
20620425,9.2066
20620426,7.1548
20620427,7.1675
20620428,9.4103
20620429,9.4333
20620430,9.0322
20620501,9.7442
20620502,7.0933
20620503,4.7872
20620504,9.6713
20620505,10.359
20620506,8.0492
20620507,10.39
20620508,7.61
20620509,5.7926
20620510,8.5359
20620511,9.4368
20620512,10.788
20620513,12.514
20620514,12.422
20620515,14.151
20620516,12.317
20620517,12.215
20620518,11.566
20620519,10.033
20620520,9.8353
20620521,9.6222
20620522,10.806
20620523,11.25
20620524,11.578
20620525,11.723
20620526,9.5514
20620527,9.2067
20620528,10.577
20620529,10.848
20620530,9.3811
20620531,11.774
20620601,10.098
20620602,9.3372
20620603,9.136
20620604,11.728
20620605,9.862
20620606,12.103
20620607,12.913
20620608,13.309
20620609,14.523
20620610,15.996
20620611,15.497
20620612,15.304
20620613,16.115
20620614,15.912
20620615,16.414
20620616,15.5
20620617,15.29
20620618,12.932
20620619,12.013
20620620,12.792
20620621,14.362
20620622,15.802
20620623,13.36
20620624,12.713
20620625,14.003
20620626,11.635
20620627,15.238
20620628,16.703
20620629,17.7
20620630,15.54
20620701,16.734
20620702,16.525
20620703,16.089
20620704,18.003
20620705,17.279
20620706,17.788
20620707,17.099
20620708,18.537
20620709,20.072
20620710,19.657
20620711,17.768
20620712,15.318
20620713,16.867
20620714,16.796
20620715,13.773
20620716,13.28
20620717,15.524
20620718,17.735
20620719,17.524
20620720,18.042
20620721,19.466
20620722,19.281
20620723,17.903
20620724,20.695
20620725,20.665
20620726,19.615
20620727,17.665
20620728,19.938
20620729,19.831
20620730,20.551
20620731,20.467
20620801,19.881
20620802,22.314
20620803,22.354
20620804,21.238
20620805,17.96
20620806,20.957
20620807,22.751
20620808,23.435
20620809,24.849
20620810,23.354
20620811,24.201
20620812,22.72
20620813,21.861
20620814,21.864
20620815,21.79
20620816,20.432
20620817,21.236
20620818,21.853
20620819,21.333
20620820,21.171
20620821,20.063
20620822,18.842
20620823,18.387
20620824,18.96
20620825,19.441
20620826,20.166
20620827,19.619
20620828,20.113
20620829,22.349
20620830,21.694
20620831,23.92
20620901,21.48
20620902,19.062
20620903,18.612
20620904,16.859
20620905,14.163
20620906,16.191
20620907,16.258
20620908,15.201
20620909,15.803
20620910,13.928
20620911,14.332
20620912,15.035
20620913,14.064
20620914,15.021
20620915,16.458
20620916,18.778
20620917,18.815
20620918,17.309
20620919,18.46
20620920,15.775
20620921,12.734
20620922,11.817
20620923,13.89
20620924,16.608
20620925,19.783
20620926,15.241
20620927,13.12
20620928,11.994
20620929,11.898
20620930,11.982
20621001,14.32
20621002,15.682
20621003,11.212
20621004,9.1664
20621005,9.608
20621006,8.0867
20621007,8.2644
20621008,9.3899
20621009,15.195
20621010,12.882
20621011,11.722
20621012,11.396
20621013,11.664
20621014,13.384
20621015,15.018
20621016,14.004
20621017,13.656
20621018,9.9493
20621019,8.1072
20621020,9.2323
20621021,6.4398
20621022,5.6761
20621023,4.6816
20621024,5.9273
20621025,5.1788
20621026,4.1542
20621027,5.3529
20621028,3.9312
20621029,5.3145
20621030,12.845
20621031,8.8694
20621101,6.5655
20621102,6.5423
20621103,7.3178
20621104,6.0177
20621105,4.0909
20621106,3.5223
20621107,1.9864
20621108,1.4741
20621109,3.4509
20621110,1.4241
20621111,1.0232
20621112,1.8657
20621113,2.1637
20621114,0.94718
20621115,-0.43123
20621116,-0.63322
20621117,2.1659
20621118,8.2616
20621119,7.9189
20621120,4.9532
20621121,9.6496
20621122,8.585
20621123,7.3196
20621124,5.6067
20621125,7.5134
20621126,9.7715
20621127,11.711
20621128,6.4996
20621129,4.155
20621130,4.5191
20621201,3.4717
20621202,2.8009
20621203,2.209
20621204,-0.7325
20621205,0.90643
20621206,-1.376
20621207,-0.61828
20621208,3.6618
20621209,6.4856
20621210,4.018
20621211,0.56219
20621212,5.2782
20621213,5.4753
20621214,4.1637
20621215,4.2164
20621216,3.5914
20621217,1.2377
20621218,1.6428
20621219,1.4063
20621220,6.6378
20621221,9.4528
20621222,4.9421
20621223,2.9179
20621224,1.3181
20621225,-0.066589
20621226,-1.2044
20621227,-1.3213
20621228,-1.1577
20621229,2.7046
20621230,5.366
20621231,7.8322
20630101,2.8232
20630102,7.8014
20630103,4.9753
20630104,2.2591
20630105,1.4038
20630106,0.10585
20630107,-2.3185
20630108,-3.615
20630109,0.30737
20630110,-1.507
20630111,-1.4956
20630112,-1.1965
20630113,0.45659
20630114,4.9186
20630115,5.2421
20630116,9.6072
20630117,8.6208
20630118,8.8478
20630119,7.243
20630120,9.3103
20630121,3.588
20630122,-0.06841
20630123,-1.0104
20630124,-0.33244
20630125,6.4892
20630126,9.1582
20630127,6.5957
20630128,3.9574
20630129,6.5874
20630130,5.7405
20630131,3.578
20630201,1.3695
20630202,1.1711
20630203,0.74283
20630204,-0.53661
20630205,-0.016449
20630206,0.80451
20630207,0.84892
20630208,0.99462
20630209,0.035492
20630210,-1.2296
20630211,-1.9356
20630212,-2.5219
20630213,-4.7254
20630214,-6.8513
20630215,-5.6956
20630216,-5.7312
20630217,-5.2289
20630218,1.2196
20630219,-0.78262
20630220,0.25336
20630221,-0.45677
20630222,-1.0105
20630223,0.043864
20630224,0.36137
20630225,6.1844
20630226,2.9661
20630227,0.035126
20630228,-0.59874
20630301,0.1783
20630302,1.7777
20630303,2.3107
20630304,1.9913
20630305,6.9304
20630306,4.4709
20630307,1.5706
20630308,0.35239
20630309,-0.75852
20630310,2.6911
20630311,6.5496
20630312,7.9336
20630313,6.3345
20630314,3.4517
20630315,6.2142
20630316,4.1164
20630317,1.2244
20630318,4.2316
20630319,3.8881
20630320,3.309
20630321,5.6455
20630322,7.075
20630323,4.6396
20630324,3.5142
20630325,3.2217
20630326,4.8559
20630327,2.9762
20630328,3.6504
20630329,5.6688
20630330,3.5757
20630331,2.8481
20630401,2.6832
20630402,5.1601
20630403,8.6605
20630404,6.5401
20630405,6.6305
20630406,8.4887
20630407,5.8419
20630408,7.4484
20630409,5.7546
20630410,6.3079
20630411,5.0882
20630412,1.8169
20630413,2.1449
20630414,1.591
20630415,3.1822
20630416,6.7265
20630417,5.0762
20630418,6.5592
20630419,6.2786
20630420,7.0621
20630421,7.8438
20630422,5.7566
20630423,6.8656
20630424,6.2486
20630425,6.9144
20630426,4.3817
20630427,9.5506
20630428,11.791
20630429,7.9286
20630430,6.2763
20630501,6.1507
20630502,7.9047
20630503,10.077
20630504,7.8518
20630505,6.254
20630506,8.1381
20630507,6.5751
20630508,8.5992
20630509,11.166
20630510,11.267
20630511,13.026
20630512,12.825
20630513,10.794
20630514,12.397
20630515,12.144
20630516,10.127
20630517,11.824
20630518,12.782
20630519,11.205
20630520,9.4006
20630521,11.328
20630522,11.926
20630523,12.15
20630524,11.152
20630525,11.821
20630526,12.422
20630527,13.778
20630528,15.275
20630529,15.608
20630530,15.521
20630531,14.192
20630601,13.531
20630602,11.594
20630603,13.967
20630604,12.755
20630605,15.821
20630606,16.199
20630607,15.876
20630608,15.299
20630609,12.869
20630610,13.704
20630611,15.905
20630612,16.362
20630613,17.65
20630614,14.595
20630615,12.893
20630616,16.851
20630617,16.552
20630618,16.219
20630619,14.451
20630620,15.008
20630621,16.324
20630622,13.565
20630623,17.889
20630624,13.56
20630625,12.407
20630626,14.49
20630627,16.761
20630628,16.192
20630629,17.1
20630630,16.844
20630701,18.005
20630702,20.098
20630703,20.179
20630704,18.07
20630705,19.307
20630706,18.738
20630707,17.27
20630708,15.97
20630709,16.696
20630710,14.552
20630711,18.61
20630712,20.548
20630713,20.252
20630714,19.642
20630715,21.395
20630716,19.778
20630717,18.829
20630718,18.705
20630719,20.026
20630720,15.675
20630721,13.959
20630722,19.457
20630723,17.079
20630724,17.557
20630725,18.462
20630726,16.622
20630727,15.195
20630728,13.137
20630729,16.275
20630730,16.89
20630731,14.888
20630801,14.298
20630802,12.746
20630803,13.563
20630804,14.59
20630805,16.261
20630806,18.666
20630807,19.307
20630808,18.935
20630809,19.723
20630810,18.311
20630811,18.656
20630812,20.455
20630813,19.918
20630814,19.855
20630815,20.394
20630816,19.408
20630817,20.282
20630818,20.596
20630819,19.898
20630820,21.288
20630821,19.788
20630822,17.467
20630823,18.063
20630824,19.137
20630825,19.735
20630826,19.601
20630827,19.941
20630828,21.193
20630829,21.358
20630830,20.156
20630831,19.135
20630901,19.242
20630902,20.462
20630903,21.309
20630904,17.016
20630905,14.388
20630906,13.497
20630907,14.446
20630908,16.482
20630909,15.843
20630910,12.923
20630911,12.181
20630912,13.065
20630913,15.644
20630914,16.646
20630915,16.923
20630916,13.957
20630917,12.008
20630918,14.681
20630919,16.004
20630920,16.318
20630921,16.7
20630922,17.09
20630923,19.196
20630924,21.851
20630925,19.759
20630926,19.221
20630927,18.019
20630928,13.456
20630929,15.161
20630930,17.04
20631001,14.688
20631002,14.628
20631003,11.459
20631004,13.555
20631005,14.305
20631006,13.843
20631007,12.318
20631008,14.134
20631009,13.968
20631010,13.672
20631011,12.733
20631012,13.208
20631013,10.33
20631014,9.1164
20631015,9.0813
20631016,11.689
20631017,7.7567
20631018,6.0285
20631019,5.05
20631020,3.214
20631021,2.6304
20631022,2.7968
20631023,2.1379
20631024,2.1192
20631025,2.6052
20631026,1.9197
20631027,2.2313
20631028,1.1998
20631029,1.8635
20631030,4.8806
20631031,8.4469
20631101,9.288
20631102,9.599
20631103,10.143
20631104,9.7239
20631105,9.0951
20631106,8.1467
20631107,6.9651
20631108,6.9883
20631109,8.3573
20631110,8.5709
20631111,6.7489
20631112,10.575
20631113,6.4042
20631114,4.4275
20631115,2.8323
20631116,4.6779
20631117,3.0059
20631118,0.9789
20631119,1.2955
20631120,4.8153
20631121,7.9787
20631122,7.99
20631123,9.5005
20631124,10.326
20631125,11.122
20631126,10.698
20631127,8.5581
20631128,5.2176
20631129,3.6743
20631130,2.1597
20631201,0.085388
20631202,-1.1187
20631203,-1.7596
20631204,-1.5566
20631205,-1.6413
20631206,-0.59111
20631207,5.5372
20631208,2.3671
20631209,-0.41202
20631210,-1.7135
20631211,0.78933
20631212,0.46581
20631213,0.75229
20631214,1.9205
20631215,0.061086
20631216,-0.28721
20631217,0.026825
20631218,-0.6405
20631219,-0.93169
20631220,0.34989
20631221,-0.30006
20631222,6.8697
20631223,6.0904
20631224,5.2471
20631225,1.0852
20631226,0.51854
20631227,10.098
20631228,8.5947
20631229,3.4352
20631230,2.1417
20631231,-0.068461
20640101,-1.6636
20640102,0.14129
20640103,1.4418
20640104,1.0425
20640105,-0.64508
20640106,3.108
20640107,-0.537
20640108,-1.4604
20640109,0.87541
20640110,0.013265
20640111,2.7456
20640112,2.264
20640113,0.14504
20640114,-0.44491
20640115,2.3773
20640116,-0.5113
20640117,-1.195
20640118,-2.0089
20640119,-0.21069
20640120,-0.23335
20640121,-0.9471
20640122,-2.0892
20640123,-3.9257
20640124,-5.0019
20640125,-6.3783
20640126,-4.7262
20640127,-2.7519
20640128,-3.545
20640129,-2.9004
20640130,-2.6491
20640131,-2.0745
20640201,-4.0806
20640202,-2.8589
20640203,0.03949
20640204,-1.8388
20640205,-1.7669
20640206,-0.27822
20640207,-1.3294
20640208,-1.2516
20640209,-3.7079
20640210,-1.5897
20640211,-1.3455
20640212,-2.0905
20640213,-0.60159
20640214,-1.767
20640215,-3.161
20640216,-2.6601
20640217,0.68875
20640218,-0.026774
20640219,-0.39056
20640220,-0.63739
20640221,-1.7723
20640222,-0.34954
20640223,-2.1908
20640224,-2.532
20640225,1.6055
20640226,-0.82344
20640227,1.8287
20640228,1.0854
20640229,-1.6643
20640301,-0.76648
20640302,-2.255
20640303,-2.8812
20640304,-3.809
20640305,-3.0578
20640306,2.4812
20640307,-0.55027
20640308,-1.1565
20640309,-2.1524
20640310,-0.31083
20640311,2.4731
20640312,2.6439
20640313,0.81152
20640314,1.0816
20640315,1.7573
20640316,3.8251
20640317,0.87992
20640318,2.6437
20640319,5.8688
20640320,4.7957
20640321,3.8561
20640322,4.06
20640323,4.7406
20640324,4.0815
20640325,3.4869
20640326,2.9184
20640327,2.5065
20640328,3.274
20640329,3.1734
20640330,5.6286
20640331,4.2853
20640401,4.8524
20640402,4.5596
20640403,5.8132
20640404,3.8512
20640405,4.4333
20640406,3.9643
20640407,3.8493
20640408,5.9754
20640409,5.5808
20640410,5.6538
20640411,6.5327
20640412,8.2128
20640413,9.7389
20640414,10.684
20640415,9.8988
20640416,8.2368
20640417,10.13
20640418,8.9111
20640419,10.366
20640420,9.6524
20640421,10.443
20640422,12.254
20640423,11.281
20640424,11.966
20640425,10.138
20640426,11.937
20640427,12.852
20640428,10.831
20640429,10.601
20640430,9.866
20640501,9.4303
20640502,11.629
20640503,14.306
20640504,14.306
20640505,15.539
20640506,15.978
20640507,14.223
20640508,11.529
20640509,9.2504
20640510,8.8341
20640511,9.0253
20640512,10.725
20640513,10.925
20640514,9.3623
20640515,8.5951
20640516,7.6388
20640517,11.164
20640518,13.926
20640519,14.555
20640520,13.576
20640521,13.522
20640522,12.334
20640523,13.281
20640524,14.941
20640525,13.238
20640526,12.744
20640527,13.648
20640528,15.724
20640529,15.931
20640530,16.722
20640531,16.659
20640601,16.971
20640602,17.422
20640603,19.342
20640604,18.745
20640605,17.775
20640606,15.18
20640607,17.24
20640608,18.731
20640609,17.822
20640610,16.762
20640611,17.581
20640612,16.723
20640613,16.092
20640614,20.157
20640615,18.762
20640616,17.927
20640617,16.463
20640618,16.924
20640619,19.479
20640620,19.705
20640621,18.747
20640622,18.983
20640623,16.215
20640624,14.953
20640625,17.011
20640626,17.378
20640627,16.462
20640628,15.803
20640629,18.68
20640630,17.96
20640701,21.231
20640702,22.624
20640703,21.5
20640704,20.472
20640705,21.335
20640706,23.074
20640707,22.753
20640708,21.44
20640709,22.382
20640710,22.874
20640711,22.32
20640712,20.391
20640713,19.186
20640714,18.444
20640715,19.252
20640716,18.048
20640717,17.595
20640718,16.184
20640719,15.625
20640720,14.109
20640721,15.196
20640722,14.853
20640723,18.423
20640724,18.109
20640725,20.044
20640726,21.691
20640727,19.864
20640728,19.159
20640729,19.541
20640730,20.529
20640731,19.766
20640801,19.039
20640802,20.437
20640803,17.99
20640804,19.455
20640805,21.223
20640806,21.758
20640807,21.71
20640808,22.709
20640809,23.446
20640810,24.255
20640811,22.796
20640812,21.668
20640813,19.177
20640814,17.814
20640815,20.316
20640816,21.578
20640817,21.619
20640818,20.076
20640819,21.447
20640820,20.968
20640821,19.885
20640822,19.5
20640823,18.971
20640824,21.319
20640825,21.424
20640826,22.185
20640827,22.66
20640828,22.019
20640829,21.385
20640830,22.51
20640831,18.3
20640901,16.962
20640902,19.498
20640903,19.215
20640904,17.26
20640905,15.406
20640906,11.12
20640907,9.7899
20640908,12.714
20640909,10.476
20640910,14.716
20640911,15.563
20640912,16.546
20640913,17.836
20640914,14.709
20640915,16.261
20640916,20.281
20640917,20.574
20640918,14.318
20640919,12.07
20640920,12.353
20640921,14.609
20640922,15.712
20640923,16.083
20640924,16.926
20640925,17.02
20640926,16.324
20640927,14.858
20640928,14.953
20640929,14.877
20640930,14.61
20641001,14.339
20641002,17.16
20641003,11.167
20641004,9.7138
20641005,8.6841
20641006,10.408
20641007,8.8112
20641008,10.848
20641009,7.9446
20641010,8.6496
20641011,6.9163
20641012,12.054
20641013,13.47
20641014,13.201
20641015,11.228
20641016,11.284
20641017,10.729
20641018,9.9
20641019,8.8951
20641020,6.9465
20641021,8.4195
20641022,7.0963
20641023,8.9503
20641024,9.1827
20641025,9.5717
20641026,11.492
20641027,15.155
20641028,14.979
20641029,9.9868
20641030,9.1372
20641031,8.5688
20641101,10.17
20641102,7.4401
20641103,5.9123
20641104,4.7132
20641105,4.4987
20641106,7.7508
20641107,5.9384
20641108,9.3734
20641109,5.7293
20641110,6.7487
20641111,12.942
20641112,11.124
20641113,10.814
20641114,6.6999
20641115,6.4614
20641116,4.9797
20641117,6.1195
20641118,6.0775
20641119,8.1681
20641120,5.7484
20641121,6.3442
20641122,5.792
20641123,3.0158
20641124,2.6092
20641125,11.62
20641126,9.9308
20641127,8.5451
20641128,5.5003
20641129,5.0645
20641130,7.5882
20641201,9.6919
20641202,9.6154
20641203,9.5055
20641204,5.2002
20641205,2.9331
20641206,1.8959
20641207,1.3924
20641208,1.8217
20641209,0.80708
20641210,1.644
20641211,-1.2534
20641212,-2.5083
20641213,-2.5995
20641214,-1.0392
20641215,4.5428
20641216,3.1522
20641217,0.4825
20641218,0.097015
20641219,3.8114
20641220,0.32579
20641221,-0.84501
20641222,-0.32808
20641223,1.11
20641224,1.2678
20641225,1.8021
20641226,0.74793
20641227,2.3998
20641228,1.9207
20641229,0.25358
20641230,4.6172
20641231,3.7109
20650101,2.0635
20650102,1.0909
20650103,-0.08846
20650104,0.32023
20650105,-0.73749
20650106,-2.3449
20650107,-2.375
20650108,1.4093
20650109,0.055349
20650110,-0.43235
20650111,-1.8724
20650112,0.20324
20650113,-0.99526
20650114,-2.78
20650115,-2.6277
20650116,-1.4824
20650117,-3.0192
20650118,-1.2662
20650119,-1.6992
20650120,-0.59122
20650121,-1.001
20650122,0.14015
20650123,2.813
20650124,3.1038
20650125,1.302
20650126,1.2854
20650127,6.6803
20650128,2.129
20650129,-0.90697
20650130,0.72655
20650131,-0.21703
20650201,-0.71967
20650202,-2.6943
20650203,-1.9658
20650204,-0.51833
20650205,-1.5901
20650206,-2.1007
20650207,-2.6274
20650208,-2.4762
20650209,0.1792
20650210,0.2566
20650211,-1.742
20650212,3.4047
20650213,1.0527
20650214,3.7421
20650215,3.985
20650216,0.69137
20650217,-0.98122
20650218,-0.82901
20650219,-1.5931
20650220,-0.93183
20650221,-1.1231
20650222,1.4449
20650223,2.1254
20650224,0.4858
20650225,-0.35148
20650226,1.2079
20650227,0.9778
20650228,4.4664
20650301,2.1331
20650302,0.91424
20650303,1.586
20650304,1.7245
20650305,1.9648
20650306,1.9289
20650307,3.7141
20650308,6.0721
20650309,7.3354
20650310,6.5619
20650311,4.1001
20650312,1.6994
20650313,4.7067
20650314,3.8166
20650315,2.715
20650316,3.8935
20650317,9.9458
20650318,7.9306
20650319,5.9422
20650320,3.2609
20650321,3.8177
20650322,6.234
20650323,5.1947
20650324,4.4859
20650325,4.0068
20650326,4.6059
20650327,4.4066
20650328,5.2949
20650329,4.2102
20650330,2.8447
20650331,3.4923
20650401,4.0671
20650402,4.2226
20650403,5.6325
20650404,6.0729
20650405,5.6765
20650406,8.8232
20650407,5.8394
20650408,3.0406
20650409,3.7827
20650410,9.1667
20650411,9.4704
20650412,7.8413
20650413,8.0991
20650414,7.6794
20650415,7.6927
20650416,8.9245
20650417,9.1843
20650418,10.952
20650419,11.314
20650420,7.5236
20650421,5.6249
20650422,10.069
20650423,12.584
20650424,12.676
20650425,13.082
20650426,10.421
20650427,9.9122
20650428,8.9734
20650429,9.4943
20650430,8.1965
20650501,6.6125
20650502,7.4612
20650503,5.971
20650504,7.9107
20650505,6.1531
20650506,5.8695
20650507,3.7206
20650508,7.1534
20650509,10.307
20650510,9.0926
20650511,6.8901
20650512,8.0638
20650513,10.206
20650514,9.4148
20650515,8.8655
20650516,9.7867
20650517,8.7984
20650518,10.04
20650519,10.907
20650520,11.642
20650521,9.594
20650522,8.0518
20650523,6.7787
20650524,9.1569
20650525,10.168
20650526,12.062
20650527,12.162
20650528,11.618
20650529,13.074
20650530,14.817
20650531,16.794
20650601,14.794
20650602,15.871
20650603,13.718
20650604,10.752
20650605,11.995
20650606,11.083
20650607,9.3751
20650608,9.951
20650609,10.834
20650610,11.011
20650611,12.075
20650612,12.594
20650613,13.691
20650614,11.875
20650615,10.088
20650616,13.091
20650617,14.589
20650618,14.929
20650619,16.352
20650620,15.302
20650621,17.387
20650622,19.02
20650623,18.442
20650624,16.925
20650625,17.709
20650626,19.327
20650627,18.672
20650628,17.879
20650629,20.206
20650630,19.837
20650701,19.644
20650702,17.908
20650703,20.475
20650704,22.345
20650705,21.158
20650706,21.753
20650707,25.588
20650708,23.675
20650709,24.543
20650710,22.987
20650711,21.912
20650712,21.205
20650713,20.621
20650714,20.559
20650715,21.473
20650716,21.795
20650717,20.842
20650718,22.346
20650719,21.853
20650720,22.076
20650721,23.593
20650722,22.885
20650723,23.015
20650724,22.62
20650725,21.458
20650726,21.671
20650727,21.564
20650728,23.433
20650729,22.57
20650730,21.698
20650731,22.681
20650801,21.852
20650802,20.346
20650803,18.481
20650804,18.893
20650805,19.246
20650806,17.253
20650807,17.79
20650808,19.075
20650809,18.724
20650810,19.871
20650811,15.565
20650812,13.335
20650813,15.706
20650814,17.332
20650815,19.669
20650816,17.702
20650817,18.022
20650818,17.994
20650819,16.449
20650820,14.917
20650821,17.015
20650822,15.564
20650823,13.056
20650824,13.715
20650825,13.668
20650826,15.979
20650827,14.235
20650828,14.863
20650829,14.445
20650830,13.573
20650831,13.787
20650901,12.885
20650902,16.393
20650903,18.412
20650904,17.59
20650905,17.533
20650906,17.332
20650907,17.878
20650908,17.903
20650909,18.194
20650910,17.253
20650911,17.698
20650912,14.997
20650913,13.271
20650914,13.44
20650915,14.257
20650916,15.557
20650917,15.956
20650918,15.253
20650919,15.124
20650920,11.916
20650921,11.145
20650922,10.484
20650923,8.8586
20650924,7.718
20650925,8.4039
20650926,8.8073
20650927,10.594
20650928,9.7214
20650929,9.6406
20650930,9.7846
20651001,8.8832
20651002,9.0902
20651003,9.419
20651004,10.381
20651005,12.911
20651006,12.982
20651007,14.821
20651008,15.174
20651009,14.364
20651010,15.388
20651011,14.986
20651012,13.555
20651013,12.655
20651014,12.512
20651015,10.386
20651016,9.4481
20651017,10.375
20651018,8.9039
20651019,8.2455
20651020,6.5956
20651021,6.6029
20651022,6.5479
20651023,6.6552
20651024,6.5029
20651025,7.258
20651026,6.2956
20651027,9.5586
20651028,7.4543
20651029,5.5257
20651030,6.6526
20651031,9.1591
20651101,7.5162
20651102,6.518
20651103,6.7606
20651104,6.3878
20651105,11.578
20651106,11.839
20651107,8.9574
20651108,8.5779
20651109,8.7619
20651110,5.4832
20651111,3.3628
20651112,7.1821
20651113,2.8967
20651114,1.5587
20651115,-0.050547
20651116,0.9732
20651117,0.99884
20651118,-0.83142
20651119,-1.7273
20651120,-1.2433
20651121,-0.60754
20651122,1.9952
20651123,6.9203
20651124,2.987
20651125,1.6763
20651126,3.3151
20651127,3.0195
20651128,3.2669
20651129,3.6939
20651130,9.1942
20651201,6.2389
20651202,4.9179
20651203,2.5824
20651204,0.50671
20651205,-0.16655
20651206,1.4163
20651207,5.0285
20651208,0.44086
20651209,-0.75762
20651210,-1.0802
20651211,-0.89742
20651212,0.7777
20651213,0.11006
20651214,-0.55669
20651215,-0.14533
20651216,-1.5864
20651217,-1.6601
20651218,-2.9008
20651219,-3.2763
20651220,-0.46207
20651221,2.288
20651222,2.4066
20651223,3.5551
20651224,3.7989
20651225,-1.3734
20651226,-2.3331
20651227,1.9189
20651228,1.8336
20651229,7.7424
20651230,2.1463
20651231,-0.3979
20660101,3.5373
20660102,-0.16891
20660103,-1.1245
20660104,2.4345
20660105,0.82281
20660106,1.4598
20660107,-0.77079
20660108,-1.1808
20660109,1.4609
20660110,3.4061
20660111,1.4668
20660112,-0.22828
20660113,1.0001
20660114,-0.92384
20660115,0.41879
20660116,-0.30354
20660117,0.72311
20660118,6.1596
20660119,4.8026
20660120,4.7417
20660121,8.3321
20660122,3.93
20660123,1.9153
20660124,0.77391
20660125,0.093852
20660126,1.9626
20660127,0.32912
20660128,-4.063
20660129,-4.5877
20660130,-0.64183
20660131,1.7999
20660201,4.9844
20660202,2.9426
20660203,2.861
20660204,2.7825
20660205,-0.262
20660206,-0.82576
20660207,0.45245
20660208,-0.52179
20660209,-2.2107
20660210,-2.2568
20660211,-0.10098
20660212,1.3706
20660213,1.9051
20660214,0.029226
20660215,1.8736
20660216,-0.43822
20660217,-2.289
20660218,-1.7834
20660219,-0.86711
20660220,-0.0076497
20660221,-0.0067749
20660222,1.0384
20660223,4.5703
20660224,6.3433
20660225,2.9839
20660226,0.078084
20660227,2.4954
20660228,1.4195
20660301,2.0788
20660302,3.8953
20660303,7.4579
20660304,8.2574
20660305,6.2153
20660306,5.7322
20660307,7.8447
20660308,9.9605
20660309,8.9939
20660310,8.84
20660311,5.43
20660312,3.7322
20660313,6.0272
20660314,6.1323
20660315,3.9736
20660316,7.3489
20660317,9.0012
20660318,6.9637
20660319,4.0322
20660320,3.9849
20660321,3.2325
20660322,2.1804
20660323,4.6108
20660324,1.45
20660325,0.93915
20660326,1.6999
20660327,1.6155
20660328,5.4773
20660329,6.7626
20660330,4.325
20660331,1.8634
20660401,2.0035
20660402,4.3659
20660403,8.374
20660404,7.3947
20660405,7.8795
20660406,6.313
20660407,5.6011
20660408,3.7908
20660409,4.9009
20660410,4.0301
20660411,5.2143
20660412,9.7568
20660413,9.7181
20660414,9.8044
20660415,6.9276
20660416,7.5566
20660417,6.8092
20660418,5.6998
20660419,9.4112
20660420,8.3342
20660421,10.475
20660422,10.278
20660423,9.0909
20660424,9.9319
20660425,7.2281
20660426,10.999
20660427,10.393
20660428,13.903
20660429,11.734
20660430,9.6986
20660501,9.0602
20660502,10.876
20660503,12.365
20660504,10.142
20660505,10.356
20660506,9.9473
20660507,11.076
20660508,9.6129
20660509,10.267
20660510,10.324
20660511,11.308
20660512,12.522
20660513,10.34
20660514,9.0055
20660515,8.6157
20660516,6.1186
20660517,7.4119
20660518,9.2202
20660519,10.95
20660520,10.124
20660521,9.7887
20660522,10.496
20660523,9.4825
20660524,13.881
20660525,13.479
20660526,12.392
20660527,12.047
20660528,11.48
20660529,13.094
20660530,11.472
20660531,12.299
20660601,12.456
20660602,12.099
20660603,14.749
20660604,15.212
20660605,14.837
20660606,17.311
20660607,16.573
20660608,16.129
20660609,14.498
20660610,15.242
20660611,14.855
20660612,14.327
20660613,16.312
20660614,15.463
20660615,14.946
20660616,17.118
20660617,14.543
20660618,17.082
20660619,18.151
20660620,16.934
20660621,15.263
20660622,15.649
20660623,16.252
20660624,15.736
20660625,17.32
20660626,17.776
20660627,19.481
20660628,22.09
20660629,20.072
20660630,21.424
20660701,22.405
20660702,21.117
20660703,20.271
20660704,21.518
20660705,19.997
20660706,18.929
20660707,15.598
20660708,13.514
20660709,16.464
20660710,16.825
20660711,16.685
20660712,13.879
20660713,15.743
20660714,14.482
20660715,16.405
20660716,20.029
20660717,18.833
20660718,18.505
20660719,19.851
20660720,22.896
20660721,23.602
20660722,21.823
20660723,20.716
20660724,21.414
20660725,19.577
20660726,16.603
20660727,16.407
20660728,18.599
20660729,20.134
20660730,19.243
20660731,20.063
20660801,20.733
20660802,21.298
20660803,18.489
20660804,19.147
20660805,19.539
20660806,18.79
20660807,22.087
20660808,21.701
20660809,17.724
20660810,16.386
20660811,13.868
20660812,16.767
20660813,15.273
20660814,15.724
20660815,16.991
20660816,14.694
20660817,13.706
20660818,14.589
20660819,17.084
20660820,18.913
20660821,19.153
20660822,20.407
20660823,20.824
20660824,19.397
20660825,18.821
20660826,17.542
20660827,14.874
20660828,13.049
20660829,13.125
20660830,15.221
20660831,16.826
20660901,15.244
20660902,18.036
20660903,16.935
20660904,17.16
20660905,18.074
20660906,17.08
20660907,17.004
20660908,17.737
20660909,16.886
20660910,17.408
20660911,16.556
20660912,15.632
20660913,13.292
20660914,13.537
20660915,16.588
20660916,12.949
20660917,14.084
20660918,16.081
20660919,13.588
20660920,13.557
20660921,14.221
20660922,14.938
20660923,15.169
20660924,15.086
20660925,15.685
20660926,16.458
20660927,17.162
20660928,15.68
20660929,16.71
20660930,16.243
20661001,16.687
20661002,17.018
20661003,16.686
20661004,16.441
20661005,17.035
20661006,14.662
20661007,12.353
20661008,11.582
20661009,9.8929
20661010,10.093
20661011,13.16
20661012,12.029
20661013,11.379
20661014,12.383
20661015,11.291
20661016,11.955
20661017,10.285
20661018,9.3481
20661019,8.9976
20661020,8.6229
20661021,8.0467
20661022,6.9328
20661023,6.5082
20661024,6.5065
20661025,6.493
20661026,6.4494
20661027,7.8901
20661028,12.297
20661029,9.84
20661030,5.3868
20661031,3.8818
20661101,4.5833
20661102,2.0593
20661103,0.25852
20661104,0.076976
20661105,-0.59566
20661106,0.58495
20661107,4.0128
20661108,2.4536
20661109,10.78
20661110,10.709
20661111,11.302
20661112,8.1664
20661113,5.2762
20661114,4.6856
20661115,2.925
20661116,2.3816
20661117,2.1501
20661118,2.4839
20661119,2.9762
20661120,4.2462
20661121,9.315
20661122,8.3432
20661123,5.1483
20661124,3.2126
20661125,3.5607
20661126,3.7828
20661127,11.194
20661128,7.649
20661129,7.8716
20661130,5.8349
20661201,3.1718
20661202,1.3662
20661203,0.68962
20661204,-0.45278
20661205,-1.5492
20661206,-2.2138
20661207,-1.6918
20661208,-2.4445
20661209,-2.7043
20661210,-0.2233
20661211,5.1643
20661212,3.8334
20661213,1.3155
20661214,5.3428
20661215,3.3776
20661216,-0.48864
20661217,-1.4164
20661218,-0.98963
20661219,5.1065
20661220,3.0407
20661221,2.0966
20661222,2.9268
20661223,2.5799
20661224,3.8659
20661225,1.9517
20661226,1.2276
20661227,1.6167
20661228,0.371
20661229,7.5814
20661230,5.1144
20661231,2.4588
20670101,-0.35266
20670102,-0.69254
20670103,6.589
20670104,8.9155
20670105,8.3412
20670106,7.7406
20670107,6.9083
20670108,4.7512
20670109,5.1055
20670110,6.1319
20670111,0.82443
20670112,-2.4266
20670113,0.21558
20670114,-0.48381
20670115,1.1189
20670116,3.4014
20670117,2.2472
20670118,1.0398
20670119,-0.71222
20670120,-3.5079
20670121,-0.8463
20670122,-1.7919
20670123,1.456
20670124,2.4374
20670125,3.7711
20670126,0.41884
20670127,4.7151
20670128,9.9722
20670129,8.2257
20670130,7.5743
20670131,6.9986
20670201,6.756
20670202,9.9748
20670203,6.5121
20670204,4.6221
20670205,4.1393
20670206,2.334
20670207,2.8351
20670208,2.1545
20670209,3.3726
20670210,4.5576
20670211,5.157
20670212,4.5831
20670213,2.5696
20670214,1.7035
20670215,3.3335
20670216,1.2467
20670217,0.85083
20670218,0.86235
20670219,0.98384
20670220,3.2706
20670221,5.5108
20670222,5.9155
20670223,4.6831
20670224,4.391
20670225,7.6902
20670226,4.9061
20670227,5.3646
20670228,4.6399
20670301,4.1671
20670302,5.863
20670303,10.209
20670304,10.656
20670305,4.0795
20670306,2.5475
20670307,0.78094
20670308,1.1048
20670309,2.8312
20670310,3.6959
20670311,3.8857
20670312,4.629
20670313,4.4983
20670314,10.365
20670315,6.8904
20670316,6.1243
20670317,4.2122
20670318,2.8092
20670319,7.8991
20670320,5.1275
20670321,2.8876
20670322,9.8662
20670323,9.6115
20670324,10.552
20670325,10.664
20670326,7.8148
20670327,5.5146
20670328,10.265
20670329,7.405
20670330,4.3642
20670331,0.33271
20670401,7.8297
20670402,9.3218
20670403,4.3684
20670404,0.46813
20670405,0.42662
20670406,1.8248
20670407,1.0358
20670408,2.8166
20670409,4.7074
20670410,4.7947
20670411,9.7772
20670412,9.8238
20670413,6.4977
20670414,4.0567
20670415,4.2262
20670416,4.1115
20670417,2.3731
20670418,5.52
20670419,7.7445
20670420,6.5652
20670421,6.1898
20670422,4.292
20670423,4.6183
20670424,4.0822
20670425,3.9411
20670426,4.963
20670427,3.5553
20670428,5.0602
20670429,11.046
20670430,8.7341
20670501,9.1155
20670502,8.5044
20670503,6.6552
20670504,4.9295
20670505,5.701
20670506,10.733
20670507,9.3387
20670508,7.5937
20670509,10.387
20670510,9.992
20670511,9.8506
20670512,10.074
20670513,11.94
20670514,11.786
20670515,11.917
20670516,11.723
20670517,10.944
20670518,10.881
20670519,10.456
20670520,7.7398
20670521,8.6318
20670522,9.2919
20670523,6.9567
20670524,7.1648
20670525,8.4823
20670526,7.6515
20670527,12.752
20670528,10.86
20670529,12.39
20670530,10.173
20670531,9.7086
20670601,12.875
20670602,15.566
20670603,14.951
20670604,13.049
20670605,14.477
20670606,15.786
20670607,16.804
20670608,18.338
20670609,16.481
20670610,13.826
20670611,14.92
20670612,15.404
20670613,15.655
20670614,15.219
20670615,16.383
20670616,15.749
20670617,16.68
20670618,16.389
20670619,12.185
20670620,10.265
20670621,12.272
20670622,13.265
20670623,11.496
20670624,13.38
20670625,14.938
20670626,16.748
20670627,16.431
20670628,16.144
20670629,16.927
20670630,18.224
20670701,18.584
20670702,17.547
20670703,18.304
20670704,19.279
20670705,17.171
20670706,18.409
20670707,17.403
20670708,15.567
20670709,19.678
20670710,18.529
20670711,19.96
20670712,14.928
20670713,12.633
20670714,16.03
20670715,17.808
20670716,16.349
20670717,15.038
20670718,17.405
20670719,18.127
20670720,18.354
20670721,17.092
20670722,16.444
20670723,16.147
20670724,16.916
20670725,19.207
20670726,18.766
20670727,16.069
20670728,17.954
20670729,18.116
20670730,19.976
20670731,21.701
20670801,21.031
20670802,21.139
20670803,21.621
20670804,20.144
20670805,21.129
20670806,22.091
20670807,21.557
20670808,23.021
20670809,22.22
20670810,21.255
20670811,20.367
20670812,18.455
20670813,16.839
20670814,17.832
20670815,20.2
20670816,20.81
20670817,19.377
20670818,21.049
20670819,19.964
20670820,18.472
20670821,15.844
20670822,17.618
20670823,19.573
20670824,17.627
20670825,21.883
20670826,22.659
20670827,21.738
20670828,22.154
20670829,21.962
20670830,20.489
20670831,21.9
20670901,22.429
20670902,20.52
20670903,20.474
20670904,21.277
20670905,17.471
20670906,16.724
20670907,14.539
20670908,13.063
20670909,13.198
20670910,14.162
20670911,16.615
20670912,13.136
20670913,16.33
20670914,18.183
20670915,17.016
20670916,19.357
20670917,15.565
20670918,14.902
20670919,12.969
20670920,11.213
20670921,13.158
20670922,10.765
20670923,12.064
20670924,14.974
20670925,15.736
20670926,15.173
20670927,15.137
20670928,15.777
20670929,16.941
20670930,15.508
20671001,16.694
20671002,16.314
20671003,9.669
20671004,8.272
20671005,9.3337
20671006,10.204
20671007,8.3936
20671008,8.947
20671009,10.006
20671010,10.23
20671011,13.202
20671012,14.449
20671013,12.4
20671014,11.598
20671015,11.699
20671016,10.523
20671017,10.582
20671018,7.5491
20671019,6.3412
20671020,12.086
20671021,9.7398
20671022,14.788
20671023,10.76
20671024,8.1052
20671025,5.3299
20671026,3.8629
20671027,5.5249
20671028,8.9728
20671029,7.561
20671030,6.9932
20671031,6.8744
20671101,7.9652
20671102,7.4591
20671103,12.553
20671104,13.056
20671105,12.929
20671106,9.1537
20671107,6.2644
20671108,3.9886
20671109,3.5219
20671110,3.7505
20671111,5.9661
20671112,5.3762
20671113,5.1723
20671114,5.3622
20671115,4.628
20671116,11.86
20671117,5.533
20671118,3.3902
20671119,0.89377
20671120,2.172
20671121,1.2758
20671122,3.509
20671123,4.2799
20671124,4.2268
20671125,7.6586
20671126,6.2519
20671127,3.0835
20671128,1.3442
20671129,6.3968
20671130,4.4289
20671201,3.8819
20671202,6.1464
20671203,6.143
20671204,3.8152
20671205,9.2432
20671206,3.4855
20671207,2.5719
20671208,7.0999
20671209,6.1242
20671210,2.0793
20671211,0.68018
20671212,-0.12758
20671213,0.066376
20671214,3.1101
20671215,0.42654
20671216,3.7679
20671217,-0.41429
20671218,-0.73276
20671219,-0.19919
20671220,1.704
20671221,1.1571
20671222,-1.0769
20671223,-2.4621
20671224,-4.1445
20671225,-2.103
20671226,-2.5786
20671227,-1.986
20671228,-2.8108
20671229,1.5177
20671230,8.7039
20671231,3.6643
20680101,2.6214
20680102,3.1498
20680103,1.7814
20680104,0.035431
20680105,0.6333
20680106,-0.39405
20680107,2.633
20680108,2.5901
20680109,-1.0389
20680110,-3.5069
20680111,-5.169
20680112,-3.8878
20680113,-2.5022
20680114,-4.8606
20680115,-5.3711
20680116,-4.1068
20680117,-0.60613
20680118,0.64777
20680119,5.3805
20680120,3.8951
20680121,0.43376
20680122,1.3327
20680123,7.492
20680124,9.7006
20680125,7.0888
20680126,5.6652
20680127,5.5684
20680128,7.6742
20680129,3.7216
20680130,-0.36888
20680131,-1.108
20680201,0.98491
20680202,0.55714
20680203,3.5121
20680204,6.1915
20680205,4.4777
20680206,3.8676
20680207,2.7307
20680208,1.9566
20680209,2.3817
20680210,7.6028
20680211,9.1912
20680212,1.5899
20680213,-0.87358
20680214,5.9
20680215,4.0748
20680216,-0.62767
20680217,-0.69149
20680218,4.3404
20680219,3.1359
20680220,-0.093638
20680221,-1.3554
20680222,-1.1999
20680223,-0.02536
20680224,-1.0008
20680225,0.012939
20680226,-0.5955
20680227,0.61455
20680228,-0.2908
20680229,-0.28215
20680301,-0.59924
20680302,-0.83631
20680303,-0.42424
20680304,-0.42685
20680305,5.6714
20680306,6.3513
20680307,6.6192
20680308,5.9004
20680309,3.574
20680310,4.0108
20680311,2.9625
20680312,2.7008
20680313,-0.36342
20680314,-2.2024
20680315,2.8331
20680316,1.9847
20680317,0.46619
20680318,2.3815
20680319,5.634
20680320,4.3925
20680321,3.9623
20680322,4.6385
20680323,3.56
20680324,2.5708
20680325,5.4159
20680326,5.2852
20680327,4.2357
20680328,5.4562
20680329,6.3763
20680330,5.4247
20680331,6.0725
20680401,6.8391
20680402,7.5804
20680403,10.201
20680404,7.2839
20680405,6.2156
20680406,5.0508
20680407,5.043
20680408,6.2565
20680409,4.4595
20680410,4.3803
20680411,3.5819
20680412,5.0976
20680413,4.8859
20680414,6.2757
20680415,7.3902
20680416,8.3263
20680417,8.8268
20680418,9.0774
20680419,5.9199
20680420,4.8303
20680421,4.9625
20680422,3.6891
20680423,3.3256
20680424,8.7448
20680425,6.8401
20680426,6.0097
20680427,8.5986
20680428,8.1131
20680429,5.711
20680430,5.5909
20680501,7.6207
20680502,5.7483
20680503,3.9798
20680504,4.5404
20680505,6.1216
20680506,8.4409
20680507,5.8245
20680508,5.8401
20680509,7.7625
20680510,8.4068
20680511,9.1589
20680512,8.1877
20680513,7.8573
20680514,7.0098
20680515,7.8094
20680516,7.4761
20680517,9.8118
20680518,8.9443
20680519,9.212
20680520,11.989
20680521,9.2575
20680522,11.95
20680523,11.166
20680524,6.9846
20680525,4.9475
20680526,7.7317
20680527,8.273
20680528,9.614
20680529,11.806
20680530,10.938
20680531,13.406
20680601,11.141
20680602,12.117
20680603,13.806
20680604,14.573
20680605,15.554
20680606,15.67
20680607,14.872
20680608,14.313
20680609,13.555
20680610,14.26
20680611,15.68
20680612,17.668
20680613,18.989
20680614,18.418
20680615,17.035
20680616,18.085
20680617,18.299
20680618,17.855
20680619,16.949
20680620,16.584
20680621,16.175
20680622,17.683
20680623,15.35
20680624,16.826
20680625,17.646
20680626,17.065
20680627,17.426
20680628,15.7
20680629,17.357
20680630,18.033
20680701,17.591
20680702,16.613
20680703,20.322
20680704,20.087
20680705,20.675
20680706,21.033
20680707,20.998
20680708,20.602
20680709,20.608
20680710,20.213
20680711,20.351
20680712,20.651
20680713,19.03
20680714,19.405
20680715,18.402
20680716,22.113
20680717,20.743
20680718,21.103
20680719,22.159
20680720,20.337
20680721,19.329
20680722,19.106
20680723,18.102
20680724,21.299
20680725,20.516
20680726,20.555
20680727,21.927
20680728,20.652
20680729,22.579
20680730,22.267
20680731,21.246
20680801,22.273
20680802,19.288
20680803,16.782
20680804,17.956
20680805,20.349
20680806,20.921
20680807,23.058
20680808,20.854
20680809,19.901
20680810,19.881
20680811,19.092
20680812,17.948
20680813,20.956
20680814,21.963
20680815,22.597
20680816,24.931
20680817,24.019
20680818,21.194
20680819,19.871
20680820,23.346
20680821,21.613
20680822,22.753
20680823,18.426
20680824,19.332
20680825,17.441
20680826,19.916
20680827,19.081
20680828,18.364
20680829,18.317
20680830,17.457
20680831,15.503
20680901,17.011
20680902,16.79
20680903,19.225
20680904,16.478
20680905,16
20680906,14.771
20680907,14.393
20680908,15.524
20680909,13.948
20680910,11.808
20680911,9.9804
20680912,16.313
20680913,12.503
20680914,10.313
20680915,10.641
20680916,10.011
20680917,11.725
20680918,16.316
20680919,18.044
20680920,18.413
20680921,17.877
20680922,17.698
20680923,18.737
20680924,19.36
20680925,18.475
20680926,18.68
20680927,18.034
20680928,14.492
20680929,14.292
20680930,15.533
20681001,13.317
20681002,12.353
20681003,12.824
20681004,12.849
20681005,15.67
20681006,13.894
20681007,13.111
20681008,13.265
20681009,12.675
20681010,10.999
20681011,11.321
20681012,11.113
20681013,9.7469
20681014,7.5115
20681015,11.537
20681016,10.936
20681017,8.3802
20681018,7.2633
20681019,5.0618
20681020,11.822
20681021,10.861
20681022,11.242
20681023,10.023
20681024,9.6425
20681025,11.271
20681026,13.897
20681027,8.6578
20681028,8.0014
20681029,7.4062
20681030,7.5268
20681031,6.8207
20681101,8.1258
20681102,5.9722
20681103,5.4003
20681104,5.9178
20681105,7.2487
20681106,4.8169
20681107,2.8016
20681108,5.9649
20681109,3.6918
20681110,2.4247
20681111,0.95873
20681112,0.33807
20681113,1.0219
20681114,1.5722
20681115,6.4662
20681116,5.1468
20681117,3.4111
20681118,2.8092
20681119,1.1483
20681120,9.9918
20681121,12.444
20681122,9.2762
20681123,7.9809
20681124,7.4357
20681125,9.2761
20681126,6.5893
20681127,5.1978
20681128,3.2934
20681129,1.4814
20681130,1.3747
20681201,0.93723
20681202,4.5976
20681203,9.6143
20681204,10.041
20681205,4.3458
20681206,2.2767
20681207,1.7127
20681208,-0.28212
20681209,-1.2632
20681210,-1.0471
20681211,-1.3814
20681212,1.4998
20681213,0.5366
20681214,1.5212
20681215,-0.17633
20681216,-1.9761
20681217,-3.7062
20681218,-4.0324
20681219,-4.684
20681220,-5.8778
20681221,0.066508
20681222,-1.4846
20681223,-1.8366
20681224,-0.77641
20681225,1.3734
20681226,5.5878
20681227,4.9623
20681228,2.1309
20681229,7.4752
20681230,7.2742
20681231,3.0306
20690101,0.52722
20690102,-0.84283
20690103,-1.4082
20690104,-0.69705
20690105,-0.11389
20690106,-2.2475
20690107,-4.1928
20690108,-5.8141
20690109,-3.8065
20690110,-0.75295
20690111,1.0343
20690112,2.9085
20690113,6.5041
20690114,7.6854
20690115,6.2985
20690116,7.2416
20690117,6.0774
20690118,2.4799
20690119,0.41128
20690120,0.59712
20690121,-0.58943
20690122,-3.4187
20690123,-4.5977
20690124,-2.5944
20690125,1.5103
20690126,0.052429
20690127,-0.43009
20690128,1.5138
20690129,6.1696
20690130,4.1578
20690131,1.7995
20690201,0.18182
20690202,-1.245
20690203,-1.977
20690204,-1.9101
20690205,-0.055603
20690206,-2.3702
20690207,-0.58435
20690208,-2.1393
20690209,-2.5207
20690210,-2.2102
20690211,-1.9308
20690212,1.9259
20690213,-2.2356
20690214,-1.8525
20690215,0.11794
20690216,-1.5275
20690217,-0.56819
20690218,-2.1208
20690219,-3.3103
20690220,-2.3672
20690221,-3.3861
20690222,-1.4396
20690223,-2.2541
20690224,-2.7145
20690225,0.65833
20690226,0.83952
20690227,-1.1761
20690228,0.96956
20690301,0.46289
20690302,1.3007
20690303,-1.9877
20690304,1.8934
20690305,-1.006
20690306,-0.45727
20690307,-1.5465
20690308,0.5401
20690309,-1.5343
20690310,-0.94823
20690311,-0.79081
20690312,3.3701
20690313,3.1526
20690314,5.8843
20690315,5.0175
20690316,4.7756
20690317,2.4375
20690318,1.0864
20690319,2.8706
20690320,0.77213
20690321,-0.1578
20690322,3.702
20690323,1.7078
20690324,2.784
20690325,3.0634
20690326,3.8209
20690327,3.4135
20690328,3.8351
20690329,3.4026
20690330,6.4639
20690331,1.6608
20690401,-0.28965
20690402,-1.0986
20690403,-0.99103
20690404,0.34625
20690405,2.7885
20690406,3.3132
20690407,1.8208
20690408,5.8629
20690409,5.4616
20690410,6.0767
20690411,4.7493
20690412,5.9428
20690413,6.5473
20690414,4.0642
20690415,2.2091
20690416,1.5551
20690417,1.8771
20690418,4.2706
20690419,2.6938
20690420,2.2067
20690421,8.2658
20690422,6.1043
20690423,6.1313
20690424,8.1695
20690425,8.9186
20690426,8.519
20690427,9.0134
20690428,9.7279
20690429,11.695
20690430,8.9464
20690501,9.1611
20690502,7.6773
20690503,7.7099
20690504,8.4288
20690505,7.4629
20690506,9.0156
20690507,6.6388
20690508,9.5659
20690509,7.6124
20690510,7.2345
20690511,9.6779
20690512,11.007
20690513,10.273
20690514,9.5131
20690515,12.477
20690516,13.628
20690517,9.8142
20690518,7.1918
20690519,7.2621
20690520,10.968
20690521,10.658
20690522,11.188
20690523,11.2
20690524,12.977
20690525,12.808
20690526,11.259
20690527,14.637
20690528,14.863
20690529,15.591
20690530,14.128
20690531,12.625
20690601,15.627
20690602,16.175
20690603,14.538
20690604,14.91
20690605,14.299
20690606,15.799
20690607,15.832
20690608,17.183
20690609,17.691
20690610,16.304
20690611,15.536
20690612,15
20690613,17.773
20690614,17.289
20690615,17.689
20690616,17.694
20690617,18.504
20690618,19.233
20690619,17.337
20690620,15.559
20690621,18.474
20690622,19.513
20690623,20.866
20690624,17.978
20690625,16.444
20690626,14.994
20690627,17.209
20690628,15.806
20690629,16.591
20690630,18.379
20690701,18.474
20690702,18.252
20690703,17.986
20690704,17.044
20690705,16.409
20690706,17.433
20690707,15.778
20690708,16.446
20690709,18.038
20690710,19.963
20690711,21.972
20690712,22.484
20690713,23.523
20690714,24.041
20690715,23.885
20690716,21.669
20690717,21.522
20690718,21.079
20690719,18.771
20690720,20.888
20690721,22.071
20690722,21.633
20690723,21.135
20690724,21.35
20690725,21.202
20690726,22.357
20690727,23.229
20690728,23.008
20690729,21.991
20690730,21.622
20690731,19.92
20690801,17.442
20690802,18.234
20690803,20.592
20690804,22.058
20690805,20.511
20690806,19.821
20690807,20.687
20690808,20.922
20690809,20.861
20690810,21.447
20690811,22.663
20690812,22.253
20690813,20.236
20690814,18.234
20690815,17.25
20690816,20.022
20690817,17.662
20690818,18.363
20690819,19.259
20690820,16.563
20690821,17.638
20690822,19.926
20690823,17.464
20690824,14.87
20690825,14.007
20690826,12.602
20690827,17.724
20690828,15.514
20690829,12.836
20690830,16.037
20690831,15.962
20690901,17.239
20690902,16.983
20690903,17.147
20690904,15.15
20690905,14.657
20690906,14.723
20690907,13.587
20690908,11.977
20690909,13.285
20690910,13.953
20690911,14.328
20690912,13.83
20690913,14.502
20690914,15.072
20690915,16.219
20690916,16.712
20690917,13.658
20690918,12.022
20690919,12.134
20690920,12.995
20690921,14.438
20690922,15.375
20690923,15.594
20690924,14.94
20690925,14.045
20690926,15.033
20690927,14.549
20690928,16.676
20690929,17.423
20690930,14.885
20691001,15.626
20691002,14.111
20691003,9.5803
20691004,7.3857
20691005,9.3802
20691006,9.7065
20691007,9.0253
20691008,8.7262
20691009,13.627
20691010,13.625
20691011,14.727
20691012,14.697
20691013,13.787
20691014,15.495
20691015,11.345
20691016,8.8375
20691017,8.4763
20691018,8.5483
20691019,7.2978
20691020,5.8299
20691021,6.714
20691022,5.2413
20691023,4.7499
20691024,5.3948
20691025,10.16
20691026,15.101
20691027,8.0964
20691028,5.8899
20691029,5.4683
20691030,4.3296
20691031,7.7185
20691101,8.9181
20691102,11.797
20691103,8.9641
20691104,7.0139
20691105,5.405
20691106,5.7429
20691107,4.6214
20691108,5.8375
20691109,5.131
20691110,0.47638
20691111,-0.85519
20691112,-0.61729
20691113,0.13318
20691114,5.9065
20691115,6.1361
20691116,3.7359
20691117,3.971
20691118,10.543
20691119,6.1426
20691120,4.1827
20691121,6.1103
20691122,4.7422
20691123,6.0081
20691124,5.6323
20691125,7.3486
20691126,6.9855
20691127,3.224
20691128,0.13977
20691129,-2.0369
20691130,1.1418
20691201,5.3379
20691202,3.8641
20691203,5.3168
20691204,4.4789
20691205,5.2823
20691206,5.888
20691207,5.7207
20691208,8.7374
20691209,3.4813
20691210,2.6806
20691211,5.8038
20691212,7.0553
20691213,5.7797
20691214,2.9886
20691215,1.7264
20691216,-0.16683
20691217,-0.34317
20691218,0.54232
20691219,9.8848
20691220,5.1781
20691221,3.7725
20691222,1.1419
20691223,-0.65203
20691224,-2.8091
20691225,-2.6831
20691226,2.0709
20691227,1.2081
20691228,-2.3698
20691229,-5.3006
20691230,-5.2513
20691231,-4.2136
20700101,-6.2192
20700102,-2.5317
20700103,-1.0744
20700104,-1.3186
20700105,-2.744
20700106,0.11387
20700107,0.14704
20700108,-0.61373
20700109,-1.4241
20700110,3.3251
20700111,3.3335
20700112,0.3331
20700113,-1.7508
20700114,-3.3082
20700115,-3.8333
20700116,-4.2911
20700117,-4.7954
20700118,-2.9288
20700119,-4.3614
20700120,-4.7221
20700121,-4.9347
20700122,-4.2663
20700123,-4.2066
20700124,-4.7269
20700125,-4.1218
20700126,-0.92051
20700127,-0.36339
20700128,-1.1784
20700129,-0.5551
20700130,-0.24814
20700131,-0.62022
20700201,4.1079
20700202,7.9433
20700203,8.7795
20700204,2.0845
20700205,0.43502
20700206,-1.1606
20700207,-1.3168
20700208,0.11667
20700209,1.7776
20700210,0.46177
20700211,-0.3319
20700212,2.9069
20700213,5.2559
20700214,4.2666
20700215,3.2496
20700216,5.981
20700217,4.8273
20700218,7.1721
20700219,7.0831
20700220,5.5595
20700221,1.4315
20700222,0.34052
20700223,-1.2694
20700224,-0.17545
20700225,1.0227
20700226,1.3885
20700227,3.0677
20700228,1.1354
20700301,-0.077169
20700302,0.1455
20700303,0.62648
20700304,3.0042
20700305,1.7375
20700306,1.0256
20700307,6.91
20700308,4.7268
20700309,1.7714
20700310,-0.72467
20700311,-0.73836
20700312,5.2825
20700313,1.1605
20700314,3.0871
20700315,2.8363
20700316,3.7072
20700317,2.885
20700318,2.0085
20700319,3.4223
20700320,1.8465
20700321,2.1509
20700322,2.0004
20700323,2.9423
20700324,5.5807
20700325,5.0425
20700326,4.2202
20700327,4.0686
20700328,4.0524
20700329,10.818
20700330,6.5075
20700331,5.7039
20700401,4.6902
20700402,3.9916
20700403,5.7634
20700404,4.7106
20700405,3.9598
20700406,6.2511
20700407,6.0591
20700408,5.3417
20700409,8.7139
20700410,9.5193
20700411,11.891
20700412,8.9246
20700413,7.1818
20700414,7.3578
20700415,7.6806
20700416,7.7962
20700417,7.3698
20700418,6.5834
20700419,6.146
20700420,8.096
20700421,8.792
20700422,9.6662
20700423,8.8067
20700424,10.028
20700425,9.5341
20700426,10.067
20700427,9.6754
20700428,10.212
20700429,8.632
20700430,7.1789
20700501,8.6103
20700502,7.7455
20700503,9.9976
20700504,10.661
20700505,10.927
20700506,13.107
20700507,10.465
20700508,7.1554
20700509,12.184
20700510,8.4433
20700511,8.1502
20700512,9.2748
20700513,9.3149
20700514,11.697
20700515,9.2271
20700516,8.7075
20700517,6.5181
20700518,5.3698
20700519,6.2364
20700520,9.9801
20700521,9.0303
20700522,8.2464
20700523,11.215
20700524,12.535
20700525,10.076
20700526,9.1754
20700527,11.462
20700528,13.548
20700529,13.503
20700530,11.505
20700531,10.581
20700601,13.529
20700602,14.849
20700603,16.158
20700604,14.06
20700605,14.391
20700606,15.157
20700607,15.836
20700608,14.52
20700609,14.156
20700610,16.572
20700611,16.411
20700612,15.649
20700613,17.623
20700614,17.294
20700615,16.047
20700616,17.003
20700617,18.396
20700618,17.167
20700619,16.979
20700620,18.519
20700621,21.841
20700622,21.177
20700623,20.315
20700624,20.222
20700625,19.762
20700626,18.171
20700627,16.048
20700628,14.981
20700629,15.107
20700630,16.409
20700701,15.99
20700702,17.077
20700703,21.125
20700704,19.504
20700705,21.158
20700706,19.892
20700707,18.643
20700708,16.553
20700709,18.362
20700710,17.008
20700711,17.456
20700712,18.072
20700713,18.329
20700714,18.485
20700715,18.909
20700716,18.57
20700717,19.757
20700718,21.003
20700719,18.305
20700720,17.129
20700721,19.191
20700722,19.071
20700723,18.897
20700724,19.634
20700725,20.071
20700726,20.585
20700727,21.646
20700728,20.522
20700729,19.025
20700730,21.148
20700731,23.182
20700801,23.735
20700802,23.195
20700803,21.599
20700804,20.076
20700805,21.537
20700806,23.262
20700807,23.913
20700808,23.868
20700809,23.313
20700810,21.374
20700811,21.509
20700812,20.245
20700813,19.172
20700814,19.56
20700815,17.822
20700816,18.882
20700817,15.992
20700818,14.662
20700819,17.126
20700820,20.124
20700821,14.43
20700822,12.282
20700823,15.718
20700824,14.413
20700825,13.037
20700826,15.002
20700827,15.714
20700828,15.603
20700829,14.084
20700830,15.367
20700831,14.82
20700901,15.338
20700902,16.448
20700903,17.197
20700904,18.483
20700905,17.071
20700906,17.561
20700907,17.852
20700908,15.921
20700909,16.272
20700910,17.146
20700911,16.06
20700912,14.595
20700913,16.809
20700914,15.801
20700915,14.71
20700916,15.541
20700917,16.645
20700918,17.633
20700919,16.807
20700920,14.133
20700921,11.248
20700922,13.936
20700923,13.747
20700924,12.748
20700925,13.451
20700926,10.858
20700927,10.68
20700928,12.953
20700929,9.5641
20700930,7.9411
20701001,12.402
20701002,13.001
20701003,12.378
20701004,11.318
20701005,12.176
20701006,13.259
20701007,10.868
20701008,10.402
20701009,11.156
20701010,7.4173
20701011,6.646
20701012,7.9076
20701013,8.824
20701014,10.154
20701015,8.4561
20701016,9.6955
20701017,9.6088
20701018,8.9546
20701019,9.4618
20701020,9.4427
20701021,13.375
20701022,13.663
20701023,11.391
20701024,10.2
20701025,6.8926
20701026,5.6792
20701027,10.702
20701028,12.246
20701029,5.7572
20701030,4.1196
20701031,5.0682
20701101,6.9153
20701102,6.7221
20701103,7.3447
20701104,8.8631
20701105,7.8203
20701106,7.7224
20701107,10.747
20701108,11.263
20701109,10.331
20701110,7.7248
20701111,5.6663
20701112,6.7238
20701113,8.0863
20701114,8.9166
20701115,7.0623
20701116,6.5008
20701117,5.5095
20701118,4.5869
20701119,4.4989
20701120,4.3987
20701121,2.5602
20701122,4.1872
20701123,5.6673
20701124,3.8549
20701125,3.3875
20701126,3.1804
20701127,7.6338
20701128,8.0224
20701129,8.4346
20701130,7.5851
20701201,5.0268
20701202,5.5592
20701203,7.258
20701204,6.687
20701205,7.2723
20701206,4.4026
20701207,10.107
20701208,2.1708
20701209,0.26884
20701210,2.2259
20701211,2.2506
20701212,2.2431
20701213,-0.77989
20701214,-1.6727
20701215,-2.6399
20701216,-2.3156
20701217,-3.4444
20701218,-4.0924
20701219,-2.3061
20701220,-2.1409
20701221,-2.7499
20701222,-3.1248
20701223,2.1048
20701224,5.7856
20701225,2.5111
20701226,0.47539
20701227,1.3495
20701228,0.75241
20701229,3.8046
20701230,4.3993
20701231,5.0365
20710101,5.2462
20710102,2.6277
20710103,1.4272
20710104,1.7569
20710105,2.1315
20710106,7.1222
20710107,5.4689
20710108,3.9549
20710109,3.3524
20710110,2.4419
20710111,-0.61165
20710112,-1.1808
20710113,0.29017
20710114,7.0835
20710115,3.9011
20710116,2.0005
20710117,3.1476
20710118,1.6057
20710119,1.5326
20710120,0.62021
20710121,3.785
20710122,1.8587
20710123,1.1842
20710124,0.84083
20710125,-0.36816
20710126,-0.76242
20710127,-0.79594
20710128,2.5903
20710129,-0.042775
20710130,0.49803
20710131,1.7201
20710201,0.15181
20710202,0.60712
20710203,0.46072
20710204,0.70652
20710205,1.7112
20710206,0.51401
20710207,0.1968
20710208,-0.38297
20710209,2.2708
20710210,0.074209
20710211,-0.9336
20710212,1.6759
20710213,-0.46446
20710214,-2.4552
20710215,-1.859
20710216,-0.94086
20710217,0.16201
20710218,0.40737
20710219,1.0203
20710220,-0.79964
20710221,-2.3303
20710222,-1.6075
20710223,-0.53494
20710224,-3.5891
20710225,1.3095
20710226,1.1452
20710227,-0.3388
20710228,-0.067668
20710301,-2.0377
20710302,-1.5177
20710303,2.2434
20710304,0.26825
20710305,1.9674
20710306,0.10036
20710307,1.3802
20710308,0.18931
20710309,-0.41144
20710310,5.1384
20710311,2.9623
20710312,0.67989
20710313,0.41028
20710314,2.6579
20710315,1.0644
20710316,2.6074
20710317,3.778
20710318,3.754
20710319,3.3054
20710320,9.9213
20710321,5.3775
20710322,2.6753
20710323,3.0372
20710324,5.404
20710325,9.7721
20710326,8.2789
20710327,4.349
20710328,3.0845
20710329,2.9233
20710330,8.1332
20710331,5.7284
20710401,5.3725
20710402,6.4949
20710403,4.3118
20710404,4.7077
20710405,3.5445
20710406,2.7713
20710407,6.7761
20710408,6.6198
20710409,3.7129
20710410,8.1804
20710411,9.5293
20710412,7.217
20710413,5.5142
20710414,5.5021
20710415,9.3936
20710416,9.3261
20710417,6.3912
20710418,4.5512
20710419,5.0835
20710420,8.78
20710421,4.8486
20710422,2.1965
20710423,3.2164
20710424,2.7337
20710425,3.3576
20710426,5.2633
20710427,5.7214
20710428,6.7171
20710429,8.2813
20710430,11.163
20710501,9.8047
20710502,10.058
20710503,11.712
20710504,8.5011
20710505,5.7811
20710506,6.789
20710507,6.5901
20710508,9.3588
20710509,8.7142
20710510,10.425
20710511,10.522
20710512,11.933
20710513,13.416
20710514,11.475
20710515,13
20710516,12.978
20710517,12.807
20710518,11.226
20710519,14.348
20710520,11.601
20710521,9.2496
20710522,7.9555
20710523,10.911
20710524,10.248
20710525,11.436
20710526,11.115
20710527,13.998
20710528,14.477
20710529,15.372
20710530,12.879
20710531,15.263
20710601,12.87
20710602,10.331
20710603,8.2811
20710604,7.8221
20710605,8.3341
20710606,8.843
20710607,10.87
20710608,12.921
20710609,13.156
20710610,13.847
20710611,15.889
20710612,16.445
20710613,15.955
20710614,15.494
20710615,13.767
20710616,14.81
20710617,16.607
20710618,17.043
20710619,15.825
20710620,14.86
20710621,16.303
20710622,16.685
20710623,15.922
20710624,17.954
20710625,17.874
20710626,16.04
20710627,15.136
20710628,15.491
20710629,15.821
20710630,16.359
20710701,15.81
20710702,15.91
20710703,15.133
20710704,15.518
20710705,16.645
20710706,18.313
20710707,18.2
20710708,17.469
20710709,17.59
20710710,18.632
20710711,19.73
20710712,18.24
20710713,18.929
20710714,19.148
20710715,18.521
20710716,20.036
20710717,19.684
20710718,17.802
20710719,19.272
20710720,21.68
20710721,21.326
20710722,22.418
20710723,20.396
20710724,19.559
20710725,19.666
20710726,19.856
20710727,18.915
20710728,18.082
20710729,17.977
20710730,16.296
20710731,19.03
20710801,17.083
20710802,17.57
20710803,19.518
20710804,20.164
20710805,19.674
20710806,17.887
20710807,19.246
20710808,21.497
20710809,19.636
20710810,16.399
20710811,17.657
20710812,14.941
20710813,17.251
20710814,16.456
20710815,18.548
20710816,18.522
20710817,18.422
20710818,21.081
20710819,20.062
20710820,20.987
20710821,19.483
20710822,19.426
20710823,17.061
20710824,19.609
20710825,20.313
20710826,20.085
20710827,20.478
20710828,19.702
20710829,18.992
20710830,19.037
20710831,19.16
20710901,16.401
20710902,17.44
20710903,16.527
20710904,15.596
20710905,14.499
20710906,15.874
20710907,17.177
20710908,19.833
20710909,20.33
20710910,19.878
20710911,20.911
20710912,21.036
20710913,20.949
20710914,20.314
20710915,18.712
20710916,18.745
20710917,20.808
20710918,14.813
20710919,12.88
20710920,15.307
20710921,12.253
20710922,13.589
20710923,14.342
20710924,17.449
20710925,14.606
20710926,12.994
20710927,13.718
20710928,12.861
20710929,11.064
20710930,9.5197
20711001,13.013
20711002,12.121
20711003,14.196
20711004,14.584
20711005,16.383
20711006,16.684
20711007,12.475
20711008,10.128
20711009,9.2794
20711010,13.93
20711011,13.771
20711012,13.819
20711013,13.33
20711014,10.384
20711015,9.0401
20711016,6.5829
20711017,6.9785
20711018,6.1551
20711019,8.7264
20711020,10.794
20711021,12.499
20711022,11.546
20711023,10.432
20711024,9.0819
20711025,8.9293
20711026,7.307
20711027,5.7451
20711028,5.0445
20711029,4.5908
20711030,3.8864
20711031,11.051
20711101,10.938
20711102,12.497
20711103,13.618
20711104,14.129
20711105,14.639
20711106,8.6896
20711107,8.8797
20711108,13.58
20711109,12.078
20711110,11.029
20711111,10.338
20711112,10.95
20711113,10.326
20711114,10.208
20711115,10.904
20711116,9.6774
20711117,6.7101
20711118,4.5927
20711119,3.0412
20711120,2.805
20711121,3.8808
20711122,2.6557
20711123,4.0083
20711124,4.9017
20711125,6.7508
20711126,5.7622
20711127,6.2792
20711128,4.2293
20711129,2.3179
20711130,1.5054
20711201,-1.4318
20711202,-0.29993
20711203,0.08137
20711204,-0.10636
20711205,-0.63943
20711206,-1.1445
20711207,-1.1785
20711208,0.77053
20711209,0.618
20711210,5.4995
20711211,6.6866
20711212,2.4645
20711213,1.1295
20711214,0.057821
20711215,-2.123
20711216,-4.2234
20711217,-3.6132
20711218,-4.6131
20711219,-3.715
20711220,-2.7073
20711221,-2.4571
20711222,-2.9104
20711223,-2.7446
20711224,-0.16576
20711225,0.97049
20711226,-0.35935
20711227,-1.1242
20711228,1.8786
20711229,8.2372
20711230,2.3734
20711231,0.34554
20720101,-1.2445
20720102,-0.89466
20720103,-0.42797
20720104,3.7659
20720105,3.8989
20720106,0.74718
20720107,-0.86304
20720108,-2.1771
20720109,-1.9618
20720110,-3.3573
20720111,-2.9432
20720112,-2.7021
20720113,-1.3601
20720114,4.2269
20720115,3.0037
20720116,-1.4579
20720117,-2.2806
20720118,-2.95
20720119,-1.9539
20720120,-2.479
20720121,-0.84337
20720122,0.21416
20720123,0.48482
20720124,3.7033
20720125,7.0961
20720126,0.11099
20720127,-0.76244
20720128,3.8011
20720129,4.901
20720130,3.1761
20720131,1.9723
20720201,0.15986
20720202,1.6165
20720203,-0.22399
20720204,-0.37936
20720205,0.53834
20720206,0.6908
20720207,0.46555
20720208,1.6099
20720209,6.6484
20720210,7.9304
20720211,7.2546
20720212,6.7976
20720213,8.0445
20720214,6.4447
20720215,5.8552
20720216,7.7933
20720217,2.4324
20720218,0.64895
20720219,0.42196
20720220,0.025024
20720221,-1.2903
20720222,1.0543
20720223,5.2394
20720224,4.0705
20720225,2.3937
20720226,2.2887
20720227,1.2568
20720228,-0.46586
20720229,-1.9429
20720301,-0.46421
20720302,1.1616
20720303,-0.9398
20720304,-0.69181
20720305,0.59995
20720306,0.9366
20720307,6.4437
20720308,3.8052
20720309,4.5651
20720310,2.2755
20720311,4.9248
20720312,4.5871
20720313,6.3073
20720314,6.3618
20720315,10.404
20720316,5.1462
20720317,1.8258
20720318,0.052246
20720319,7.4457
20720320,6.3814
20720321,6.0637
20720322,4.1364
20720323,1.9136
20720324,1.5987
20720325,3.8715
20720326,2.7629
20720327,2.4179
20720328,2.426
20720329,6.9107
20720330,2.9547
20720331,3.4439
20720401,5.3013
20720402,7.0656
20720403,8.4998
20720404,9.4067
20720405,7.0404
20720406,5.5987
20720407,3.4937
20720408,2.8984
20720409,4.9403
20720410,4.1964
20720411,5.3345
20720412,6.9465
20720413,6.652
20720414,7.3501
20720415,5.6352
20720416,4.7247
20720417,4
20720418,4.3072
20720419,4.8429
20720420,7.1945
20720421,8.8467
20720422,9.3782
20720423,10.878
20720424,10.335
20720425,12.11
20720426,12.747
20720427,10.746
20720428,11.524
20720429,9.4109
20720430,9.5571
20720501,12.358
20720502,10.774
20720503,9.5335
20720504,9.5319
20720505,10.753
20720506,10.537
20720507,12.684
20720508,10.715
20720509,11.277
20720510,10.377
20720511,8.1758
20720512,7.8174
20720513,7.2773
20720514,6.5997
20720515,7.7038
20720516,11.298
20720517,10.479
20720518,11.198
20720519,11.865
20720520,11.882
20720521,11.488
20720522,9.6438
20720523,8.2062
20720524,11.041
20720525,11.857
20720526,12.436
20720527,13.324
20720528,13.679
20720529,13.468
20720530,13.838
20720531,14.433
20720601,16.225
20720602,16.173
20720603,13.23
20720604,13.204
20720605,15.662
20720606,16.568
20720607,17.059
20720608,16.091
20720609,17.047
20720610,17.225
20720611,19.207
20720612,16.792
20720613,16.417
20720614,18.374
20720615,16.528
20720616,15.015
20720617,14.628
20720618,13.546
20720619,14.814
20720620,14.332
20720621,14.501
20720622,14.87
20720623,18.417
20720624,17.104
20720625,17.21
20720626,17.308
20720627,16.667
20720628,15.865
20720629,18.105
20720630,17.145
20720701,15.899
20720702,14.088
20720703,17.65
20720704,17.892
20720705,19.265
20720706,20.776
20720707,20.244
20720708,17.508
20720709,15.859
20720710,18.136
20720711,17.231
20720712,14.954
20720713,15.789
20720714,17.908
20720715,20.116
20720716,18.362
20720717,16.759
20720718,17.758
20720719,18.828
20720720,16.945
20720721,19.31
20720722,19.777
20720723,23.055
20720724,23.985
20720725,22.816
20720726,21.479
20720727,20.658
20720728,19.194
20720729,16.984
20720730,19.42
20720731,20.036
20720801,20.093
20720802,18.86
20720803,21.563
20720804,20.532
20720805,19.79
20720806,18.084
20720807,19.753
20720808,21.629
20720809,22.076
20720810,22.328
20720811,23.149
20720812,22.097
20720813,20.786
20720814,20.669
20720815,20.141
20720816,21.515
20720817,19.39
20720818,17.194
20720819,19.79
20720820,16.92
20720821,14.806
20720822,14.463
20720823,16.551
20720824,17.66
20720825,19.03
20720826,17.286
20720827,16.148
20720828,19.684
20720829,17.609
20720830,14.621
20720831,15.533
20720901,16.042
20720902,16.608
20720903,17.16
20720904,15.963
20720905,20.215
20720906,20.351
20720907,13.439
20720908,12.827
20720909,12.981
20720910,14.749
20720911,15.813
20720912,17.127
20720913,17.654
20720914,17.111
20720915,15.852
20720916,13.414
20720917,13.973
20720918,13.642
20720919,15.79
20720920,17.194
20720921,17.436
20720922,17.296
20720923,15.929
20720924,16.594
20720925,19.38
20720926,17.241
20720927,15.321
20720928,15.453
20720929,13.555
20720930,14.144
20721001,13.717
20721002,14.227
20721003,7.2825
20721004,5.2806
20721005,5.7594
20721006,7.7073
20721007,9.3483
20721008,6.9256
20721009,11.695
20721010,14.292
20721011,14.369
20721012,13.703
20721013,12.789
20721014,12.503
20721015,12.413
20721016,13.901
20721017,13.352
20721018,14.343
20721019,14.026
20721020,15.609
20721021,15.35
20721022,11.639
20721023,10.121
20721024,9.143
20721025,7.7976
20721026,8.2884
20721027,8.0265
20721028,5.4495
20721029,5.3861
20721030,4.394
20721031,6.6133
20721101,7.9669
20721102,5.7358
20721103,4.9022
20721104,3.3849
20721105,2.8897
20721106,3.7065
20721107,5.2703
20721108,10.79
20721109,11.467
20721110,8.7873
20721111,8.7265
20721112,9.0068
20721113,6.8071
20721114,5.6023
20721115,9.5749
20721116,7.3712
20721117,5.7063
20721118,6.0249
20721119,3.2875
20721120,1.47
20721121,0.77815
20721122,2.2108
20721123,6.3009
20721124,5.4072
20721125,12.083
20721126,8.7024
20721127,7.7614
20721128,7.9473
20721129,10.767
20721130,12.266
20721201,11.468
20721202,9.7375
20721203,7.2391
20721204,3.7858
20721205,3.5187
20721206,2.7079
20721207,4.6888
20721208,5.967
20721209,3.7686
20721210,0.47865
20721211,-1.1354
20721212,-1.8702
20721213,-2.6609
20721214,-3.9697
20721215,-2.996
20721216,-3.4885
20721217,0.045308
20721218,-2.4047
20721219,-1.5341
20721220,-0.46831
20721221,-1.496
20721222,-2.2079
20721223,-1.5412
20721224,2.5942
20721225,3.2129
20721226,2.6187
20721227,1.2928
20721228,1.0573
20721229,1.2611
20721230,-1.0047
20721231,0.81134
20730101,-0.64474
20730102,-1.2975
20730103,-1.6727
20730104,-1.0445
20730105,0.42677
20730106,-1.2445
20730107,-3.5044
20730108,-0.98929
20730109,-0.97139
20730110,3.0991
20730111,0.29365
20730112,-0.95483
20730113,-1.5683
20730114,-3.386
20730115,-5.4119
20730116,-7.3346
20730117,-5.4494
20730118,-7.4058
20730119,-7.8991
20730120,-5.7906
20730121,-5.6763
20730122,-5.3284
20730123,-6.9295
20730124,-7.8633
20730125,-6.736
20730126,-7.3066
20730127,-7.0616
20730128,-7.1554
20730129,-4.1496
20730130,-4.8591
20730131,-2.9377
20730201,-1.1688
20730202,-0.255
20730203,-1.7264
20730204,-2.1059
20730205,-3.2663
20730206,-4.1239
20730207,-1.066
20730208,-1.1683
20730209,0.81192
20730210,1.6028
20730211,0.096619
20730212,-2.0476
20730213,-3.1199
20730214,-0.42392
20730215,-1.0614
20730216,0.091624
20730217,-1.8063
20730218,-0.93654
20730219,0.41667
20730220,-2.1568
20730221,-1.1306
20730222,-3.1766
20730223,-1.0662
20730224,-0.39723
20730225,3.6264
20730226,3.1705
20730227,-1.3792
20730228,-1.8999
20730301,3.5266
20730302,3.6268
20730303,3.0584
20730304,2.3537
20730305,2.6612
20730306,2.7001
20730307,5.4831
20730308,4.9176
20730309,3.989
20730310,4.8827
20730311,2.0258
20730312,0.61442
20730313,0.86373
20730314,1.5238
20730315,0.59783
20730316,2.6758
20730317,-0.092794
20730318,-0.64875
20730319,3.846
20730320,4.7472
20730321,3.5744
20730322,3.0649
20730323,2.7485
20730324,1.0177
20730325,3.0442
20730326,5.9061
20730327,4.148
20730328,6.1895
20730329,4.9712
20730330,2.3951
20730331,4.5316
20730401,3.794
20730402,5.6781
20730403,8.4128
20730404,7.0735
20730405,4.0467
20730406,1.7308
20730407,4.5741
20730408,6.1597
20730409,7.576
20730410,8.275
20730411,9.9661
20730412,8.8737
20730413,8.8587
20730414,8.6699
20730415,9.2102
20730416,7.477
20730417,5.7994
20730418,6.7662
20730419,8.8574
20730420,6.7147
20730421,6.7914
20730422,9.1583
20730423,9.1995
20730424,9.2323
20730425,9.7515
20730426,11.454
20730427,9.5982
20730428,6.8209
20730429,10.751
20730430,8.3536
20730501,5.4076
20730502,9.5753
20730503,7.9813
20730504,5.9041
20730505,7.1002
20730506,10.217
20730507,8.5668
20730508,6.6536
20730509,5.1281
20730510,8.1348
20730511,8.8428
20730512,12.363
20730513,12.864
20730514,10.267
20730515,11.102
20730516,7.431
20730517,10.115
20730518,11.1
20730519,12.572
20730520,12.805
20730521,13.189
20730522,14.094
20730523,16.23
20730524,13.87
20730525,11.994
20730526,13.48
20730527,13.659
20730528,13.634
20730529,14.116
20730530,13.337
20730531,12.586
20730601,11.936
20730602,13.282
20730603,14.252
20730604,17.41
20730605,18.87
20730606,18.424
20730607,18.066
20730608,16.295
20730609,16.461
20730610,16.018
20730611,14.494
20730612,15.858
20730613,18.465
20730614,16.36
20730615,16.189
20730616,14.718
20730617,17.834
20730618,16.127
20730619,15.227
20730620,18.923
20730621,19.988
20730622,18.842
20730623,18.872
20730624,17.897
20730625,19.608
20730626,19.362
20730627,18.388
20730628,16.187
20730629,14.197
20730630,13.403
20730701,15.991
20730702,16.313
20730703,15.748
20730704,16.568
20730705,16.171
20730706,14.777
20730707,14.916
20730708,16.973
20730709,18.235
20730710,16.003
20730711,14.992
20730712,15.45
20730713,15.457
20730714,14.911
20730715,16.607
20730716,17.036
20730717,19.936
20730718,18.026
20730719,18.655
20730720,18.959
20730721,20.037
20730722,18.699
20730723,19.418
20730724,19.912
20730725,18.818
20730726,19.785
20730727,19.865
20730728,19.178
20730729,19.407
20730730,17.705
20730731,18.058
20730801,16.316
20730802,18.382
20730803,19.981
20730804,20.081
20730805,18.467
20730806,22.183
20730807,20.422
20730808,18.88
20730809,19.85
20730810,19.316
20730811,19.929
20730812,18.709
20730813,18.642
20730814,20.239
20730815,15.413
20730816,15.142
20730817,14.945
20730818,12.843
20730819,13.308
20730820,13.269
20730821,15.796
20730822,13.567
20730823,14.399
20730824,15.563
20730825,12.834
20730826,11.448
20730827,13.555
20730828,15.968
20730829,15.602
20730830,19.265
20730831,18.197
20730901,17.321
20730902,18.655
20730903,17.074
20730904,15.317
20730905,16.253
20730906,14.238
20730907,14.617
20730908,15.039
20730909,16.319
20730910,14.963
20730911,14.736
20730912,16.798
20730913,15.863
20730914,16.352
20730915,15.061
20730916,14.653
20730917,15.346
20730918,13.401
20730919,12.883
20730920,11.261
20730921,10.971
20730922,9.3874
20730923,11.558
20730924,14.807
20730925,17.03
20730926,16.519
20730927,17.078
20730928,16.372
20730929,16.081
20730930,15.883
20731001,12.13
20731002,9.9712
20731003,11.049
20731004,10.848
20731005,8.9738
20731006,7.9926
20731007,8.255
20731008,7.3742
20731009,5.2255
20731010,7.2112
20731011,6.9161
20731012,9.1385
20731013,9.3968
20731014,13.155
20731015,10.835
20731016,10.528
20731017,8.6952
20731018,9.6787
20731019,16.026
20731020,11.677
20731021,9.0635
20731022,10.542
20731023,10.883
20731024,9.6661
20731025,9.2055
20731026,15.036
20731027,13.994
20731028,14.128
20731029,14.646
20731030,11.768
20731031,9.85
20731101,8.2458
20731102,7.8597
20731103,7.435
20731104,8.0976
20731105,6.4939
20731106,5.5229
20731107,5.076
20731108,4.7773
20731109,6.9659
20731110,5.5015
20731111,8.252
20731112,6.1771
20731113,5.7364
20731114,5.988
20731115,5.8744
20731116,6.5874
20731117,3.919
20731118,1.559
20731119,-0.077718
20731120,1.8021
20731121,3.2985
20731122,1.779
20731123,7.2176
20731124,3.0337
20731125,5.3413
20731126,4.3849
20731127,7.6594
20731128,5.7387
20731129,0.44118
20731130,-0.74138
20731201,3.6356
20731202,1.2596
20731203,0.021515
20731204,1.362
20731205,3.2892
20731206,0.20082
20731207,2.5541
20731208,3.7952
20731209,1.3361
20731210,-0.013702
20731211,3.1795
20731212,10.113
20731213,10.56
20731214,8.9809
20731215,10.421
20731216,6.4872
20731217,4.4608
20731218,5.2389
20731219,1.051
20731220,0.62899
20731221,1.2558
20731222,5.1291
20731223,7.2035
20731224,5.7963
20731225,2.4254
20731226,0.85073
20731227,-0.025309
20731228,-0.44168
20731229,0.098846
20731230,6.9947
20731231,9.3623
20740101,5.8068
20740102,0.41209
20740103,0.48529
20740104,1.8919
20740105,8.4964
20740106,9.5113
20740107,5.8611
20740108,2.3751
20740109,-1.3221
20740110,-3.3704
20740111,5.8394
20740112,3.3255
20740113,0.86137
20740114,1.4355
20740115,2.7894
20740116,5.661
20740117,3.0654
20740118,2.0734
20740119,2.4284
20740120,2.7827
20740121,2.8084
20740122,1.9872
20740123,5.4669
20740124,0.19548
20740125,-1.537
20740126,-1.2245
20740127,0.75588
20740128,-1.1102
20740129,1.1828
20740130,-0.82333
20740131,-2.3003
20740201,1.8807
20740202,-0.87013
20740203,2.6171
20740204,0.41431
20740205,3.7421
20740206,1.5929
20740207,-1.2508
20740208,-2.7722
20740209,-1.3682
20740210,1.4857
20740211,-0.65422
20740212,1.8668
20740213,3.7279
20740214,3.8097
20740215,-0.11131
20740216,-1.496
20740217,-1.0786
20740218,-1.8983
20740219,-1.2292
20740220,-1.8198
20740221,0.18342
20740222,0.58061
20740223,-1.8094
20740224,-2.0285
20740225,-1.9101
20740226,-1.9449
20740227,3.8861
20740228,3.2748
20740301,7.9777
20740302,10.054
20740303,5.4521
20740304,3.4504
20740305,8.2933
20740306,7.4092
20740307,5.471
20740308,3.4561
20740309,5.8362
20740310,7.1374
20740311,6.1646
20740312,2.989
20740313,5.6412
20740314,5.1895
20740315,5.9752
20740316,7.921
20740317,7.2894
20740318,5.6147
20740319,5.5858
20740320,3.4702
20740321,3.4387
20740322,3.5365
20740323,7.8383
20740324,6.0874
20740325,3.6392
20740326,2.5593
20740327,6.1396
20740328,5.5512
20740329,9.2297
20740330,9.4729
20740331,8.2812
20740401,8.4408
20740402,5.8286
20740403,6.9246
20740404,7.5417
20740405,7.46
20740406,7.1662
20740407,7.2188
20740408,7.1491
20740409,7.5352
20740410,7.7414
20740411,9.1421
20740412,8.5871
20740413,7.3528
20740414,6.4012
20740415,8.4051
20740416,6.8514
20740417,5.1694
20740418,7.7087
20740419,6.3633
20740420,6.7108
20740421,5.1815
20740422,5.5462
20740423,5.1313
20740424,5.5503
20740425,3.1356
20740426,2.798
20740427,5.4688
20740428,5.2104
20740429,5.1495
20740430,8.4938
20740501,6.5983
20740502,7.9282
20740503,10.155
20740504,9.7072
20740505,10.028
20740506,12.693
20740507,13.556
20740508,13.433
20740509,10.673
20740510,10.157
20740511,10.015
20740512,11.391
20740513,9.7453
20740514,11.079
20740515,10.098
20740516,8.5934
20740517,8.9254
20740518,8.6548
20740519,5.7914
20740520,5.8194
20740521,10.356
20740522,9.0617
20740523,13.548
20740524,13.538
20740525,13.674
20740526,12.342
20740527,11.008
20740528,12.038
20740529,13.869
20740530,13.019
20740531,13.508
20740601,13.168
20740602,13.833
20740603,15.428
20740604,15.582
20740605,12.876
20740606,15.916
20740607,14.798
20740608,11.988
20740609,10.78
20740610,11.504
20740611,14.659
20740612,13.261
20740613,15.311
20740614,15.524
20740615,14.863
20740616,13.552
20740617,13.707
20740618,15.971
20740619,15.578
20740620,16.718
20740621,16.076
20740622,15.629
20740623,14.989
20740624,13.197
20740625,14.577
20740626,14.79
20740627,11.731
20740628,15.293
20740629,16.66
20740630,15.081
20740701,14.404
20740702,12.572
20740703,15.998
20740704,13.766
20740705,17.029
20740706,18.733
20740707,20.927
20740708,20.028
20740709,21.736
20740710,21.915
20740711,22.225
20740712,21.707
20740713,21.818
20740714,22.795
20740715,21.932
20740716,19.491
20740717,19.109
20740718,21.145
20740719,20.589
20740720,19.926
20740721,18.965
20740722,18.901
20740723,20.69
20740724,20.431
20740725,18.112
20740726,17.854
20740727,16.222
20740728,14.776
20740729,15.586
20740730,14.249
20740731,16.515
20740801,13.919
20740802,13.334
20740803,12.904
20740804,15.234
20740805,16.703
20740806,19.011
20740807,18.335
20740808,16.757
20740809,15.599
20740810,13.901
20740811,14.378
20740812,16.776
20740813,15.182
20740814,15.418
20740815,17.156
20740816,18.765
20740817,19.329
20740818,20.008
20740819,17.775
20740820,17.829
20740821,16.754
20740822,19.616
20740823,20.198
20740824,22.376
20740825,22.794
20740826,21.383
20740827,20.084
20740828,20.556
20740829,20.809
20740830,20.518
20740831,19.618
20740901,19.553
20740902,17.917
20740903,17.498
20740904,16.587
20740905,16.809
20740906,16.113
20740907,16.626
20740908,17.778
20740909,14.837
20740910,14.519
20740911,16.549
20740912,17.78
20740913,13.372
20740914,11.03
20740915,11.895
20740916,13.225
20740917,11.71
20740918,13.893
20740919,14.36
20740920,12.834
20740921,12.307
20740922,11.647
20740923,12.732
20740924,10.413
20740925,9.1857
20740926,10.81
20740927,13.008
20740928,14.17
20740929,13.799
20740930,11.438
20741001,10.622
20741002,12.264
20741003,13.201
20741004,11.485
20741005,14.739
20741006,14.898
20741007,15.612
20741008,14.796
20741009,12.684
20741010,11.469
20741011,10.417
20741012,10.178
20741013,10.75
20741014,10.065
20741015,9.0036
20741016,7.4754
20741017,7.1126
20741018,7.4008
20741019,14.095
20741020,13.133
20741021,8.314
20741022,7.2958
20741023,5.2017
20741024,5.4993
20741025,6.3886
20741026,8.3389
20741027,5.6781
20741028,4.2264
20741029,8.1035
20741030,10.082
20741031,7.2093
20741101,7.1961
20741102,7.7194
20741103,6.2202
20741104,6.3553
20741105,4.3102
20741106,5.4404
20741107,5.8345
20741108,7.3557
20741109,8.5168
20741110,11.252
20741111,10.47
20741112,5.4095
20741113,3.2615
20741114,5.9655
20741115,4.0481
20741116,7.4905
20741117,5.5072
20741118,4.4799
20741119,2.771
20741120,9.7987
20741121,8.4309
20741122,7.3361
20741123,5.716
20741124,9.8904
20741125,10.924
20741126,8.1707
20741127,6.0531
20741128,4.8501
20741129,6.2371
20741130,4.4425
20741201,3.5636
20741202,9.1573
20741203,10.732
20741204,8.3388
20741205,4.3641
20741206,2.2174
20741207,1.5854
20741208,1.4944
20741209,0.46565
20741210,1.8834
20741211,3.9048
20741212,2.0786
20741213,1.6118
20741214,0.70788
20741215,0.77616
20741216,-0.57834
20741217,-0.86727
20741218,-1.448
20741219,-0.18651
20741220,-1.1655
20741221,-1.0408
20741222,-1.7188
20741223,-2.7176
20741224,-3.1076
20741225,-0.65607
20741226,1.8556
20741227,3.7525
20741228,1.5306
20741229,3.0381
20741230,2.13
20741231,4.0617
20750101,2.1881
20750102,4.3192
20750103,1.7739
20750104,0.72436
20750105,2.323
20750106,-0.21405
20750107,-1.3142
20750108,2.8987
20750109,2.2277
20750110,0.974
20750111,-0.10575
20750112,3.1486
20750113,-0.14619
20750114,-0.25496
20750115,1.2479
20750116,-0.5354
20750117,0.13976
20750118,1.3018
20750119,1.6514
20750120,0.71757
20750121,1.9898
20750122,-0.45364
20750123,-0.35577
20750124,-2.5236
20750125,-4.0475
20750126,-2.6967
20750127,5.2368
20750128,6.1836
20750129,6.6856
20750130,9.1337
20750131,9.4919
20750201,9.0761
20750202,8.1945
20750203,6.4254
20750204,8.0784
20750205,11.228
20750206,9.2725
20750207,9.2596
20750208,8.6327
20750209,5.8379
20750210,9.0118
20750211,6.7558
20750212,6.7015
20750213,9.1808
20750214,6.1413
20750215,4.0215
20750216,4.5123
20750217,7.9031
20750218,8.1193
20750219,7.576
20750220,6.989
20750221,4.1854
20750222,3.1395
20750223,6.1107
20750224,4.4639
20750225,6.9789
20750226,8.2411
20750227,8.2835
20750228,6.3804
20750301,5.6749
20750302,6.8029
20750303,10.219
20750304,3.9575
20750305,2.9814
20750306,0.42504
20750307,3.5336
20750308,4.5225
20750309,8.2557
20750310,6.84
20750311,3.4791
20750312,2.8052
20750313,4.7884
20750314,3.6356
20750315,1.3015
20750316,0.18333
20750317,2.2635
20750318,1.1619
20750319,-1.2965
20750320,5.4855
20750321,4.2522
20750322,5.2386
20750323,6.1752
20750324,6.483
20750325,6.5932
20750326,7.7733
20750327,8.4349
20750328,10.332
20750329,12.167
20750330,9.9784
20750331,9.0437
20750401,9.7264
20750402,9.5189
20750403,7.8276
20750404,7.3429
20750405,6.6086
20750406,4.2892
20750407,2.4945
20750408,6.8041
20750409,9.2124
20750410,7.1008
20750411,6.3486
20750412,4.248
20750413,4.6027
20750414,4.0493
20750415,3.7689
20750416,6.517
20750417,4.2803
20750418,6.6518
20750419,10.04
20750420,9.3821
20750421,6.3807
20750422,5.3583
20750423,4.2355
20750424,6.9264
20750425,6.334
20750426,8.6406
20750427,9.9936
20750428,9.3743
20750429,11.176
20750430,9.9869
20750501,9.6281
20750502,9.9255
20750503,10.516
20750504,10.367
20750505,9.8786
20750506,10.323
20750507,10.467
20750508,10.974
20750509,10.717
20750510,10.37
20750511,13.737
20750512,12.807
20750513,11.092
20750514,9.9871
20750515,13.823
20750516,12.528
20750517,10.727
20750518,9.4772
20750519,9.9892
20750520,11.44
20750521,10.522
20750522,9.7623
20750523,8.2583
20750524,10.492
20750525,12.254
20750526,10.604
20750527,12.461
20750528,13.728
20750529,15.503
20750530,13.707
20750531,10.89
20750601,9.5048
20750602,10.318
20750603,13.042
20750604,10.671
20750605,9.4802
20750606,8.3821
20750607,10.123
20750608,12.237
20750609,12.894
20750610,11.447
20750611,9.6479
20750612,12.03
20750613,14.658
20750614,15.747
20750615,15.187
20750616,15.878
20750617,16.654
20750618,17.078
20750619,18.292
20750620,19.451
20750621,17.124
20750622,16.398
20750623,17.939
20750624,17.44
20750625,19.574
20750626,18.482
20750627,17.843
20750628,16.031
20750629,14.194
20750630,14.669
20750701,16.086
20750702,18.485
20750703,15.814
20750704,15.626
20750705,15.06
20750706,14.04
20750707,14.874
20750708,16.673
20750709,16.393
20750710,18.82
20750711,16.679
20750712,14.587
20750713,14.658
20750714,17.648
20750715,17.815
20750716,18.572
20750717,17.207
20750718,17.916
20750719,20.626
20750720,17.062
20750721,14.428
20750722,16.447
20750723,15.501
20750724,15.024
20750725,15.83
20750726,17.291
20750727,17.672
20750728,18.183
20750729,14.834
20750730,12.871
20750731,16.385
20750801,17.367
20750802,17.935
20750803,20.532
20750804,22.826
20750805,21.685
20750806,19.197
20750807,17.317
20750808,20.937
20750809,19.013
20750810,20.664
20750811,21.787
20750812,20.795
20750813,20.705
20750814,22.75
20750815,24.532
20750816,23.55
20750817,22.016
20750818,21.368
20750819,23.515
20750820,22.192
20750821,22.195
20750822,20.76
20750823,22.225
20750824,21.253
20750825,20.196
20750826,20.036
20750827,19.388
20750828,20.376
20750829,22.385
20750830,19.864
20750831,17.799
20750901,17.9
20750902,17.296
20750903,15.336
20750904,16.523
20750905,14.048
20750906,17.215
20750907,16.518
20750908,16.036
20750909,13.439
20750910,14.714
20750911,11.102
20750912,12.932
20750913,15.824
20750914,13.825
20750915,11.839
20750916,13.152
20750917,14.768
20750918,16.521
20750919,16.396
20750920,16.488
20750921,14.862
20750922,14.659
20750923,15.684
20750924,16.817
20750925,15.079
20750926,13.814
20750927,11.505
20750928,11.881
20750929,12.36
20750930,11.179
20751001,9.8526
20751002,9.5468
20751003,10.569
20751004,9.7856
20751005,7.9318
20751006,10.089
20751007,8.2958
20751008,8.6845
20751009,9.2322
20751010,9.2577
20751011,8.4083
20751012,8.9322
20751013,11.043
20751014,8.2578
20751015,7.6898
20751016,7.909
20751017,6.7157
20751018,8.3193
20751019,12.617
20751020,12.765
20751021,8.3101
20751022,7.1536
20751023,6.3351
20751024,9.027
20751025,10.715
20751026,11.714
20751027,8.7266
20751028,3.6976
20751029,2.2635
20751030,9.7517
20751031,11.168
20751101,11.807
20751102,11.755
20751103,12.179
20751104,8.4153
20751105,7.1799
20751106,7.4094
20751107,5.8759
20751108,3.9319
20751109,4.7057
20751110,5.5699
20751111,4.5466
20751112,3.0333
20751113,4.4565
20751114,2.7733
20751115,1.3776
20751116,2.5488
20751117,4.3196
20751118,8.2934
20751119,6.5568
20751120,5.3164
20751121,3.3892
20751122,1.4005
20751123,0.65159
20751124,0.55054
20751125,0.54113
20751126,0.35034
20751127,5.8969
20751128,8.9602
20751129,8.6541
20751130,4.6242
20751201,4.1357
20751202,9.4255
20751203,9.6149
20751204,10.517
20751205,10.327
20751206,11.392
20751207,6.6173
20751208,4.425
20751209,2.3873
20751210,0.48489
20751211,-0.62481
20751212,-0.95615
20751213,-0.99159
20751214,0.26902
20751215,-0.88621
20751216,2.493
20751217,1.0778
20751218,4.0681
20751219,4.1596
20751220,3.6964
20751221,5.2896
20751222,5.986
20751223,11.375
20751224,11.391
20751225,6.7525
20751226,5.3295
20751227,3.7792
20751228,5.1792
20751229,3.6391
20751230,2.1941
20751231,8.6795
20760101,6.8279
20760102,4.4589
20760103,3.8862
20760104,6.3862
20760105,5.3039
20760106,4.2662
20760107,3.4227
20760108,10.016
20760109,7.1189
20760110,7.894
20760111,10.229
20760112,7.3404
20760113,4.7371
20760114,2.6737
20760115,1.4165
20760116,1.6279
20760117,4.1725
20760118,2.1784
20760119,2.2014
20760120,6.0965
20760121,8.4375
20760122,4.7758
20760123,3.1838
20760124,2.5066
20760125,1.1641
20760126,1.4685
20760127,-0.9524
20760128,-2.3773
20760129,-2.8459
20760130,0.75892
20760131,0.35952
20760201,-0.55622
20760202,-0.14584
20760203,0.45797
20760204,-0.80605
20760205,2.6006
20760206,3.429
20760207,3.5253
20760208,7.1355
20760209,5.0412
20760210,5.4297
20760211,6.014
20760212,5.7149
20760213,7.4887
20760214,4.1583
20760215,2.7661
20760216,2.6147
20760217,-1.292
20760218,-2.0954
20760219,2.3478
20760220,2.3377
20760221,2.0435
20760222,1.006
20760223,0.52302
20760224,-0.77992
20760225,-3.9881
20760226,7.6171
20760227,8.7035
20760228,3.9876
20760229,2.3929
20760301,1.0788
20760302,1.1535
20760303,2.5277
20760304,1.1035
20760305,0.86726
20760306,0.077311
20760307,4.8688
20760308,4.7133
20760309,2.2799
20760310,-0.21318
20760311,0.85901
20760312,2.5838
20760313,1.4706
20760314,5.0186
20760315,4.9038
20760316,6.4619
20760317,3.885
20760318,1.0122
20760319,1.6837
20760320,2.6821
20760321,1.1435
20760322,0.35177
20760323,3.6773
20760324,5.661
20760325,3.4821
20760326,5.4268
20760327,5.096
20760328,9.8153
20760329,7.5886
20760330,4.1403
20760331,2.6452
20760401,2.0217
20760402,2.0375
20760403,2.0255
20760404,3.3999
20760405,4.7301
20760406,5.0215
20760407,5.9368
20760408,6.966
20760409,9.201
20760410,8.3344
20760411,5.0085
20760412,1.8529
20760413,2.2747
20760414,4.6815
20760415,2.7715
20760416,2.7577
20760417,5.3584
20760418,5.5336
20760419,7.55
20760420,10.06
20760421,6.1781
20760422,6.5079
20760423,6.7528
20760424,9.2398
20760425,8.3969
20760426,6.6976
20760427,5.7873
20760428,7.3845
20760429,5.982
20760430,3.6146
20760501,8.3499
20760502,6.6194
20760503,5.1054
20760504,6.5451
20760505,8.2942
20760506,11.213
20760507,11.019
20760508,10.06
20760509,11.239
20760510,11.396
20760511,12.353
20760512,14.927
20760513,13.284
20760514,15.16
20760515,10.997
20760516,9.6768
20760517,10.533
20760518,12.644
20760519,13.888
20760520,15.681
20760521,16.626
20760522,14.893
20760523,15.141
20760524,12.028
20760525,10.912
20760526,13.5
20760527,12.749
20760528,11.18
20760529,11.479
20760530,10.389
20760531,12.85
20760601,15.896
20760602,16.183
20760603,14.844
20760604,14.217
20760605,14.368
20760606,13.496
20760607,14.528
20760608,15.44
20760609,14.956
20760610,14.065
20760611,13.933
20760612,14.988
20760613,12.77
20760614,12.13
20760615,13.179
20760616,13.864
20760617,15.168
20760618,16.152
20760619,16.868
20760620,17.066
20760621,18.221
20760622,18.623
20760623,19.397
20760624,19.776
20760625,18.139
20760626,20.902
20760627,22.118
20760628,21.237
20760629,19.199
20760630,18.05
20760701,17.598
20760702,16.689
20760703,17.816
20760704,18.671
20760705,16.724
20760706,18.267
20760707,19.463
20760708,20.339
20760709,19.262
20760710,20.842
20760711,20.256
20760712,18.54
20760713,18.265
20760714,18.028
20760715,20.153
20760716,20.185
20760717,22.571
20760718,21.291
20760719,22.461
20760720,22.547
20760721,22.094
20760722,20.764
20760723,22.238
20760724,21.798
20760725,21.577
20760726,20.777
20760727,22.084
20760728,22.031
20760729,24.02
20760730,22.548
20760731,21.6
20760801,22.601
20760802,23.926
20760803,23.887
20760804,24.718
20760805,21.782
20760806,20.424
20760807,18.287
20760808,15.874
20760809,16.1
20760810,19.143
20760811,19.548
20760812,20.464
20760813,18.725
20760814,17.834
20760815,21.797
20760816,20.01
20760817,17.449
20760818,18.389
20760819,19.087
20760820,16.628
20760821,16.913
20760822,15.204
20760823,16.961
20760824,16.961
20760825,15.694
20760826,17.742
20760827,16.899
20760828,14.815
20760829,13.469
20760830,17.165
20760831,16.906
20760901,16.701
20760902,14.303
20760903,12.294
20760904,10.534
20760905,10.673
20760906,11.205
20760907,14.397
20760908,12.008
20760909,10.604
20760910,13.394
20760911,16.061
20760912,14.125
20760913,12.167
20760914,11.977
20760915,11.563
20760916,15.505
20760917,14.989
20760918,16.087
20760919,14.481
20760920,15.078
20760921,16.585
20760922,16.037
20760923,15.332
20760924,12.873
20760925,11.366
20760926,12.341
20760927,12.792
20760928,11.199
20760929,11.8
20760930,12.472
20761001,14.583
20761002,14.125
20761003,12.553
20761004,8.9338
20761005,8.5819
20761006,8.8478
20761007,8.2135
20761008,10.561
20761009,14.245
20761010,12.73
20761011,11.618
20761012,11.909
20761013,12.21
20761014,13.297
20761015,13.424
20761016,13.916
20761017,11.683
20761018,13.288
20761019,13.289
20761020,12.217
20761021,11.321
20761022,9.2502
20761023,7.1863
20761024,8.076
20761025,10.343
20761026,16.375
20761027,14.521
20761028,11.957
20761029,10.902
20761030,11.46
20761031,11.6
20761101,13.856
20761102,13.408
20761103,11.879
20761104,5.8317
20761105,3.9178
20761106,4.4406
20761107,3.1524
20761108,5.4578
20761109,4.9026
20761110,3.5387
20761111,6.4016
20761112,6.1558
20761113,2.0962
20761114,0.22823
20761115,0.72909
20761116,3.5977
20761117,8.8888
20761118,8.8873
20761119,8.9821
20761120,7.8617
20761121,7.9827
20761122,8.0672
20761123,10.876
20761124,5.1038
20761125,2.4424
20761126,4.9119
20761127,4.136
20761128,2.5021
20761129,0.7469
20761130,4.9335
20761201,3.8146
20761202,2.3336
20761203,0.91496
20761204,-0.27371
20761205,0.47018
20761206,0.47499
20761207,2.6303
20761208,5.6454
20761209,3.6647
20761210,3.6402
20761211,2.6763
20761212,1.2909
20761213,1.7787
20761214,-1.5529
20761215,-3.6679
20761216,-2.8375
20761217,-1.3723
20761218,-0.26452
20761219,1.6645
20761220,3.5493
20761221,6.2599
20761222,4.0546
20761223,8.4955
20761224,8.8382
20761225,9.2504
20761226,4.6265
20761227,2.6636
20761228,3.8457
20761229,7.235
20761230,3.6972
20761231,1.3913
20770101,3.1296
20770102,1.9711
20770103,-0.29955
20770104,-3.0538
20770105,-3.4075
20770106,-2.544
20770107,-4.388
20770108,-5.5879
20770109,-1.5472
20770110,-0.85583
20770111,0.38786
20770112,-0.94797
20770113,-1.1607
20770114,-0.98473
20770115,-0.20284
20770116,-0.33918
20770117,-0.033793
20770118,-0.51529
20770119,-0.51923
20770120,-3.1935
20770121,-1.9904
20770122,-0.98155
20770123,-1.1782
20770124,-0.19452
20770125,2.0154
20770126,2.806
20770127,1.042
20770128,-0.66065
20770129,-0.25755
20770130,-2.4344
20770131,-4.1656
20770201,-3.6583
20770202,-3.4505
20770203,-3.1374
20770204,-2.3529
20770205,-2.231
20770206,-1.8648
20770207,-1.7066
20770208,-1.701
20770209,-2.1272
20770210,-1.6916
20770211,0.88021
20770212,4.1118
20770213,2.8954
20770214,4.3425
20770215,4.9268
20770216,1.7726
20770217,-0.33428
20770218,0.082469
20770219,1.2533
20770220,6.4281
20770221,7.4205
20770222,4.9402
20770223,4.9563
20770224,4.1414
20770225,3.3395
20770226,2.5309
20770227,3.2469
20770228,4.3308
20770301,6.1007
20770302,7.2354
20770303,10.545
20770304,5.3008
20770305,4.1716
20770306,2.3789
20770307,3.9407
20770308,6.8961
20770309,2.8945
20770310,3.4562
20770311,2.4743
20770312,2.7833
20770313,2.6591
20770314,0.49765
20770315,0.81081
20770316,-1.1879
20770317,0.59871
20770318,3.751
20770319,0.31712
20770320,3.0702
20770321,2.0876
20770322,2.4238
20770323,5.7146
20770324,4.5119
20770325,2.7263
20770326,0.88017
20770327,1.9565
20770328,4.5085
20770329,5.6867
20770330,7.465
20770331,7.0734
20770401,6.7166
20770402,3.8652
20770403,2.3271
20770404,3.3659
20770405,3.7695
20770406,7.9654
20770407,8.4712
20770408,7.1373
20770409,3.9699
20770410,6.9298
20770411,5.6367
20770412,6.8403
20770413,8.9899
20770414,6.4253
20770415,5.1231
20770416,6.45
20770417,7.1929
20770418,9.7215
20770419,10.024
20770420,7.0757
20770421,10.487
20770422,9.0709
20770423,8.6427
20770424,5.465
20770425,4.2598
20770426,5.0654
20770427,7.3569
20770428,8.9735
20770429,7.2803
20770430,9.5125
20770501,6.8439
20770502,7.4111
20770503,5.5089
20770504,7.7777
20770505,8.7614
20770506,10.456
20770507,10.235
20770508,11.774
20770509,11.82
20770510,10.465
20770511,9.8658
20770512,10.41
20770513,13.121
20770514,12.3
20770515,12.255
20770516,13.227
20770517,13.712
20770518,10.602
20770519,9.6464
20770520,9.8315
20770521,9.5967
20770522,9.7785
20770523,10.88
20770524,9.1749
20770525,10.816
20770526,11.869
20770527,11.565
20770528,13.225
20770529,12.167
20770530,12.81
20770531,13.312
20770601,10.178
20770602,8.1145
20770603,13.233
20770604,11.992
20770605,13.452
20770606,13.918
20770607,13.953
20770608,14.8
20770609,14.409
20770610,12.788
20770611,13.721
20770612,13.371
20770613,14.845
20770614,16.5
20770615,14.728
20770616,14.279
20770617,12.919
20770618,12.308
20770619,12.113
20770620,13.056
20770621,13.117
20770622,12.572
20770623,14.447
20770624,15.484
20770625,17.512
20770626,15.643
20770627,13.819
20770628,14.739
20770629,14.472
20770630,14.475
20770701,15.201
20770702,13.431
20770703,12.186
20770704,10.698
20770705,13.214
20770706,17.362
20770707,20.004
20770708,18.833
20770709,18.81
20770710,16.821
20770711,15.187
20770712,14.912
20770713,15.473
20770714,16.555
20770715,16.888
20770716,18.084
20770717,19.441
20770718,18.129
20770719,19.079
20770720,21.119
20770721,18.714
20770722,18.756
20770723,18.965
20770724,18.692
20770725,16.796
20770726,15.004
20770727,13.933
20770728,13.412
20770729,16.379
20770730,12.759
20770731,11.236
20770801,12.728
20770802,17.923
20770803,15.822
20770804,14.473
20770805,15.068
20770806,12.975
20770807,13.512
20770808,14.974
20770809,16.372
20770810,16.454
20770811,17.717
20770812,15.335
20770813,18.337
20770814,18.123
20770815,17.648
20770816,17.379
20770817,17.306
20770818,17.581
20770819,20.527
20770820,20.295
20770821,19.755
20770822,19.383
20770823,19.478
20770824,20.497
20770825,19.141
20770826,19.864
20770827,20.179
20770828,18.918
20770829,19.16
20770830,22.047
20770831,17.335
20770901,13.805
20770902,16.271
20770903,17.179
20770904,17.617
20770905,19.865
20770906,19.981
20770907,15.746
20770908,19.534
20770909,18.814
20770910,18.222
20770911,17.392
20770912,18.59
20770913,17.358
20770914,17.91
20770915,17.952
20770916,18.266
20770917,18.245
20770918,18.121
20770919,16.584
20770920,15.841
20770921,13.603
20770922,14.051
20770923,12.386
20770924,11.381
20770925,12.556
20770926,10.258
20770927,9.6649
20770928,8.8379
20770929,9.4294
20770930,8.334
20771001,9.0886
20771002,10.569
20771003,14.835
20771004,16.2
20771005,15.523
20771006,13.835
20771007,12.918
20771008,12.645
20771009,15.662
20771010,15.395
20771011,15.278
20771012,11.332
20771013,9.2857
20771014,9.9729
20771015,13.96
20771016,14.345
20771017,12.887
20771018,10.912
20771019,8.8079
20771020,6.8649
20771021,10.483
20771022,15.35
20771023,15.362
20771024,12.959
20771025,11.341
20771026,10.502
20771027,7.0088
20771028,4.5751
20771029,5.1282
20771030,8.4327
20771031,7.217
20771101,6.4189
20771102,6.0932
20771103,5.2838
20771104,6.5705
20771105,5.1119
20771106,3.0932
20771107,2.7969
20771108,2.2313
20771109,2.3437
20771110,8.6993
20771111,6.0455
20771112,6.729
20771113,11.309
20771114,7.0094
20771115,4.5943
20771116,8.3843
20771117,4.9793
20771118,3.505
20771119,3.9087
20771120,1.9337
20771121,0.70555
20771122,6.0924
20771123,7.0675
20771124,6.3872
20771125,3.899
20771126,3.8076
20771127,6.9426
20771128,4.4319
20771129,3.6832
20771130,2.8449
20771201,2.8972
20771202,7.2816
20771203,5.5742
20771204,4.7415
20771205,1.297
20771206,0.92026
20771207,-0.77655
20771208,-2.4358
20771209,-2.6771
20771210,4.9329
20771211,4.8726
20771212,7.905
20771213,2.5142
20771214,1.4863
20771215,9.3516
20771216,6.3446
20771217,5.5227
20771218,3.6266
20771219,2.875
20771220,1.6566
20771221,7.7327
20771222,3.126
20771223,1.6835
20771224,0.30379
20771225,-0.61398
20771226,-0.49633
20771227,-0.21641
20771228,-0.9683
20771229,-0.74515
20771230,0.012838
20771231,-1.1318
20780101,-1.995
20780102,-1.8517
20780103,3.1608
20780104,1.0603
20780105,2.0873
20780106,4.9408
20780107,2.9785
20780108,6.2413
20780109,4.7429
20780110,0.63689
20780111,-0.29389
20780112,-1.1858
20780113,-1.5682
20780114,2.057
20780115,-0.038432
20780116,-1.9392
20780117,-2.8159
20780118,5.5149
20780119,4.1449
20780120,3.8118
20780121,4.4003
20780122,1.0468
20780123,-1.4181
20780124,-3.5788
20780125,0.15409
20780126,-4.4669
20780127,-6.369
20780128,-5.3004
20780129,4.4037
20780130,0.62341
20780131,-0.77534
20780201,-1.8693
20780202,-0.45273
20780203,6.1335
20780204,0.88412
20780205,0.17448
20780206,-1.0283
20780207,-0.4624
20780208,-1.2558
20780209,1.0487
20780210,0.70154
20780211,0.66761
20780212,6.2323
20780213,9.3281
20780214,7.6216
20780215,5.3642
20780216,7.4251
20780217,4.137
20780218,3.6667
20780219,8.307
20780220,8.4355
20780221,7.2342
20780222,5.0032
20780223,2.469
20780224,1.2306
20780225,3.5392
20780226,4.9388
20780227,4.0794
20780228,4.2765
20780301,6.2833
20780302,1.6117
20780303,-0.81846
20780304,-2.5124
20780305,2.1045
20780306,4.5367
20780307,6.2593
20780308,4.1542
20780309,4.4329
20780310,5.386
20780311,5.5475
20780312,4.6873
20780313,4.1877
20780314,5.2062
20780315,4.6279
20780316,9.1578
20780317,3.2679
20780318,0.74148
20780319,1.6775
20780320,3.9261
20780321,5.4074
20780322,7.6475
20780323,7.9019
20780324,8.3133
20780325,9.1582
20780326,10.958
20780327,7.2063
20780328,4.2924
20780329,1.9454
20780330,3.8089
20780331,3.8352
20780401,6.2551
20780402,5.3828
20780403,3.5093
20780404,2.9994
20780405,1.3545
20780406,1.5964
20780407,1.8801
20780408,6.2508
20780409,6.3292
20780410,8.3254
20780411,7.2026
20780412,6.9554
20780413,5.4584
20780414,8.7219
20780415,6.7899
20780416,7.2956
20780417,7.0794
20780418,7.9607
20780419,11.591
20780420,7.6082
20780421,7.2162
20780422,6.5757
20780423,7.3533
20780424,8.2061
20780425,8.2445
20780426,5.438
20780427,3.3755
20780428,6.187
20780429,6.7305
20780430,5.2183
20780501,6.0635
20780502,6.7802
20780503,9.2808
20780504,9.5491
20780505,10.644
20780506,12.622
20780507,11.522
20780508,12.657
20780509,13.489
20780510,15.524
20780511,15.36
20780512,12.48
20780513,10.584
20780514,10.293
20780515,10.093
20780516,9.8451
20780517,10.647
20780518,11.486
20780519,14.169
20780520,13.317
20780521,13.914
20780522,14.94
20780523,14.074
20780524,12.302
20780525,12.509
20780526,13.555
20780527,11.632
20780528,9.2184
20780529,8.7511
20780530,10.189
20780531,9.9137
20780601,11.466
20780602,13.002
20780603,14.069
20780604,13.431
20780605,13.444
20780606,11.67
20780607,13.43
20780608,15.412
20780609,15.396
20780610,13.917
20780611,14.31
20780612,16.146
20780613,14.93
20780614,14.355
20780615,13.536
20780616,14.784
20780617,13.509
20780618,13.518
20780619,15.018
20780620,16.964
20780621,16.545
20780622,17.711
20780623,18.353
20780624,17.683
20780625,14.561
20780626,13.88
20780627,14.41
20780628,14.605
20780629,15.098
20780630,14.383
20780701,15.81
20780702,16.323
20780703,17.622
20780704,17.419
20780705,17.446
20780706,18.515
20780707,19.087
20780708,18.523
20780709,18.624
20780710,18.622
20780711,20.455
20780712,19.329
20780713,18.029
20780714,19.927
20780715,20.178
20780716,18.643
20780717,18.021
20780718,19.259
20780719,19.725
20780720,17.097
20780721,17.002
20780722,19.185
20780723,18.337
20780724,17.079
20780725,15.381
20780726,15.54
20780727,15.613
20780728,16.231
20780729,17.533
20780730,18.218
20780731,17.972
20780801,17.753
20780802,17.701
20780803,18.929
20780804,19.226
20780805,17.849
20780806,15.923
20780807,18.853
20780808,18.803
20780809,16.327
20780810,15.124
20780811,15.94
20780812,18.227
20780813,15.531
20780814,14.785
20780815,13.893
20780816,16.126
20780817,17.367
20780818,16.672
20780819,16.693
20780820,13.994
20780821,14.807
20780822,15.665
20780823,18.103
20780824,18.712
20780825,18.943
20780826,19.258
20780827,16.682
20780828,14.673
20780829,12.168
20780830,14.596
20780831,13.507
20780901,15.93
20780902,16.854
20780903,15.562
20780904,12.621
20780905,11.831
20780906,14.11
20780907,14.977
20780908,18.052
20780909,18.252
20780910,17.681
20780911,16.264
20780912,16.554
20780913,16.212
20780914,16.421
20780915,15.812
20780916,15.382
20780917,17.095
20780918,14.463
20780919,11.338
20780920,12.635
20780921,13.863
20780922,12.224
20780923,10.2
20780924,13.896
20780925,12.267
20780926,12.376
20780927,11.759
20780928,12.792
20780929,13.119
20780930,15.058
20781001,11.676
20781002,14.227
20781003,13.489
20781004,10.872
20781005,8.3072
20781006,6.4794
20781007,6.0581
20781008,6.7599
20781009,9.0607
20781010,7.9821
20781011,5.7219
20781012,5.4697
20781013,8.4222
20781014,8.7491
20781015,9.1064
20781016,11.828
20781017,8.7193
20781018,6.5401
20781019,5.7673
20781020,5.7816
20781021,8.3196
20781022,7.7347
20781023,10.441
20781024,10.395
20781025,10.958
20781026,7.3253
20781027,7.0878
20781028,13.648
20781029,11.282
20781030,7.761
20781031,6.4821
20781101,8.7887
20781102,10.796
20781103,8.9526
20781104,7.0547
20781105,7.2325
20781106,6.1118
20781107,6.8135
20781108,4.5111
20781109,7.7476
20781110,7.497
20781111,7.0498
20781112,5.9914
20781113,4.3355
20781114,6.264
20781115,7.6158
20781116,7.7567
20781117,6.5149
20781118,1.3561
20781119,-0.97422
20781120,-3.1677
20781121,-2.4668
20781122,-1.414
20781123,-1.0385
20781124,-0.22843
20781125,-1.0697
20781126,-2.5728
20781127,-2.8609
20781128,0.89813
20781129,-2.3318
20781130,1.5765
20781201,11.581
20781202,10.061
20781203,8.9518
20781204,9.8223
20781205,5.608
20781206,1.0301
20781207,0.59841
20781208,5.1544
20781209,5.1557
20781210,5.859
20781211,3.9519
20781212,4.3302
20781213,3.6011
20781214,2.1271
20781215,1.4737
20781216,3.4349
20781217,4.2303
20781218,4.9069
20781219,3.2319
20781220,-1.968
20781221,-3.9154
20781222,-2.4181
20781223,-3.8561
20781224,-1.0796
20781225,0.50963
20781226,6.4912
20781227,4.29
20781228,1.6592
20781229,1.1339
20781230,5.9646
20781231,5.8287
20790101,2.9572
20790102,0.17342
20790103,0.72934
20790104,-0.081289
20790105,-2.9501
20790106,-3.9081
20790107,1.7566
20790108,0.085012
20790109,-0.7603
20790110,-0.61492
20790111,-1.1155
20790112,4.7556
20790113,4.7587
20790114,1.738
20790115,1.6546
20790116,0.99396
20790117,2.3469
20790118,7.1219
20790119,2.9864
20790120,1.209
20790121,2.9554
20790122,5.2255
20790123,2.1448
20790124,-0.037282
20790125,-0.95382
20790126,-1.6388
20790127,3.029
20790128,-1.2383
20790129,-1.2394
20790130,-0.95325
20790131,-3.1851
20790201,-2.3175
20790202,-1.2212
20790203,3.9002
20790204,0.95289
20790205,0.059041
20790206,-1.0967
20790207,-0.2114
20790208,-0.62361
20790209,-0.66587
20790210,-2.2761
20790211,-1.1638
20790212,-0.42958
20790213,-1.9111
20790214,-1.7327
20790215,-2.3686
20790216,-0.28497
20790217,-1.0441
20790218,0.54613
20790219,-0.71699
20790220,-1.036
20790221,1.1884
20790222,-1.0694
20790223,-2.9135
20790224,-2.4813
20790225,-2.1669
20790226,2.1962
20790227,5.0367
20790228,1.7778
20790301,0.63407
20790302,5.592
20790303,2.0494
20790304,0.078878
20790305,2.4698
20790306,0.40731
20790307,-1.5468
20790308,5.9973
20790309,6.409
20790310,10.424
20790311,5.6723
20790312,3.2434
20790313,3.0749
20790314,1.1134
20790315,2.8377
20790316,3.049
20790317,2.2551
20790318,1.8707
20790319,0.65421
20790320,2.6075
20790321,0.27013
20790322,-0.71068
20790323,-2.6499
20790324,-0.16169
20790325,-0.36577
20790326,3.1552
20790327,1.1707
20790328,1.9417
20790329,2.8433
20790330,6.1422
20790331,6.1682
20790401,5.6596
20790402,8.1227
20790403,10.348
20790404,10.475
20790405,8.9463
20790406,9.7537
20790407,11.015
20790408,9.3591
20790409,10.253
20790410,7.374
20790411,8.3328
20790412,7.3012
20790413,8.3926
20790414,7.3258
20790415,10.845
20790416,9.9761
20790417,10.683
20790418,9.0344
20790419,10.026
20790420,8.9136
20790421,8.2136
20790422,10.814
20790423,7.7738
20790424,5.4828
20790425,5.4643
20790426,3.3048
20790427,4.15
20790428,5.6548
20790429,6.4271
20790430,9.6873
20790501,6.6245
20790502,8.66
20790503,7.4231
20790504,11.252
20790505,13.303
20790506,10.071
20790507,7.5006
20790508,5.797
20790509,6.7845
20790510,9.1941
20790511,8.7267
20790512,10.756
20790513,11.427
20790514,9.6636
20790515,11.776
20790516,11.663
20790517,12.981
20790518,16.104
20790519,12.935
20790520,13.445
20790521,14.706
20790522,13.235
20790523,10.597
20790524,8.5176
20790525,11.528
20790526,9.1095
20790527,11.822
20790528,12.033
20790529,9.6744
20790530,11.103
20790531,13.61
20790601,14.66
20790602,13.801
20790603,10.814
20790604,9.8086
20790605,8.969
20790606,10.887
20790607,13.836
20790608,15.012
20790609,14.228
20790610,12.078
20790611,13.79
20790612,13.039
20790613,11.28
20790614,9.5426
20790615,11.422
20790616,11.472
20790617,9.6121
20790618,9.7831
20790619,11.291
20790620,11.618
20790621,12.343
20790622,14.561
20790623,13.338
20790624,14.697
20790625,15.53
20790626,18.186
20790627,17.861
20790628,15.496
20790629,16.22
20790630,16.727
20790701,18.476
20790702,19.077
20790703,17.164
20790704,18.46
20790705,21.201
20790706,19.475
20790707,18.586
20790708,19.252
20790709,19.343
20790710,19.476
20790711,18.025
20790712,18.908
20790713,20.836
20790714,20.655
20790715,20.851
20790716,22.433
20790717,23.301
20790718,22.569
20790719,22.888
20790720,23.69
20790721,22.359
20790722,20.987
20790723,20.685
20790724,18.633
20790725,21.449
20790726,21.133
20790727,20.754
20790728,21.912
20790729,20.843
20790730,19.97
20790731,18.824
20790801,20.849
20790802,21.381
20790803,18.759
20790804,19.83
20790805,20.033
20790806,20.836
20790807,18.734
20790808,17.265
20790809,17.104
20790810,18.112
20790811,19.273
20790812,21.241
20790813,18.873
20790814,18.127
20790815,20.897
20790816,21.205
20790817,19.519
20790818,21.822
20790819,22.568
20790820,20.67
20790821,18.675
20790822,18.681
20790823,19.197
20790824,20.526
20790825,20.775
20790826,20.457
20790827,20.127
20790828,21.17
20790829,22.636
20790830,22.045
20790831,17.3
20790901,14.226
20790902,15.792
20790903,14.039
20790904,17.927
20790905,17.916
20790906,16.536
20790907,15.291
20790908,13.367
20790909,19.002
20790910,19.71
20790911,15.448
20790912,14.977
20790913,14.869
20790914,15.599
20790915,13.465
20790916,11.97
20790917,14.493
20790918,15.005
20790919,14.717
20790920,16.718
20790921,14.366
20790922,13.957
20790923,14.854
20790924,14.168
20790925,13.831
20790926,11.238
20790927,11.827
20790928,13.399
20790929,12.896
20790930,11.699
20791001,8.7214
20791002,9.4695
20791003,14.196
20791004,14.584
20791005,17.534
20791006,12.658
20791007,9.9638
20791008,10.236
20791009,12.763
20791010,12.543
20791011,10.89
20791012,8.039
20791013,7.9404
20791014,10.788
20791015,13.656
20791016,10.012
20791017,8.862
20791018,7.9504
20791019,9.5602
20791020,7.8453
20791021,5.8202
20791022,12.274
20791023,11.701
20791024,13.217
20791025,17.078
20791026,16.754
20791027,9.0977
20791028,8.1287
20791029,7.3784
20791030,6.6664
20791031,6.9188
20791101,6.5444
20791102,5.7327
20791103,3.6868
20791104,1.6357
20791105,1.641
20791106,4.8427
20791107,6.4035
20791108,3.0831
20791109,1.2734
20791110,5.5063
20791111,8.2548
20791112,12.868
20791113,8.859
20791114,4.9462
20791115,3.853
20791116,3.0914
20791117,7.4255
20791118,2.1934
20791119,0.93895
20791120,1.8053
20791121,8.4729
20791122,9.7727
20791123,4.1897
20791124,1.5041
20791125,6.5579
20791126,5.4498
20791127,4.8528
20791128,12.615
20791129,12.605
20791130,11.976
20791201,10.107
20791202,7.0906
20791203,9.8999
20791204,9.7573
20791205,6.9547
20791206,6.3662
20791207,2.9298
20791208,-0.46169
20791209,-1.9091
20791210,-2.5827
20791211,-1.7421
20791212,-2.7494
20791213,-2.813
20791214,-1.2718
20791215,2.6554
20791216,5.3165
20791217,5.7299
20791218,3.2273
20791219,0.50342
20791220,-0.81448
20791221,-1.2132
20791222,-3.3353
20791223,-0.73844
20791224,1.4524
20791225,7.6895
20791226,11.056
20791227,4.6071
20791228,3.1998
20791229,5.3256
20791230,2.8835
20791231,1.1978
20800101,1.1191
20800102,3.6215
20800103,0.61945
20800104,-0.53235
20800105,0.17554
20800106,1.252
20800107,0.54641
20800108,-0.96016
20800109,0.95845
20800110,-0.68467
20800111,-1.4304
20800112,-2.4707
20800113,-1.7814
20800114,3.9769
20800115,2.4469
20800116,0.34419
20800117,0.86143
20800118,-1.6513
20800119,-2.8894
20800120,2.4538
20800121,-0.54503
20800122,-0.092224
20800123,5.4427
20800124,4.6204
20800125,0.35211
20800126,-1.5382
20800127,1.735
20800128,2.5387
20800129,5.1747
20800130,1.568
20800131,0.085205
20800201,1.414
20800202,-0.92959
20800203,3.6614
20800204,4.8821
20800205,5.096
20800206,4.2782
20800207,1.7744
20800208,1.3215
20800209,4.7328
20800210,4.1547
20800211,4.245
20800212,2.1429
20800213,2.5867
20800214,2.5795
20800215,2.4394
20800216,1.3433
20800217,0.96224
20800218,-0.14334
20800219,0.26587
20800220,0.29884
20800221,0.43411
20800222,0.79747
20800223,0.91905
20800224,2.5741
20800225,0.41027
20800226,0.47288
20800227,0.68829
20800228,1.0019
20800229,3.1132
20800301,5.3418
20800302,3.4982
20800303,3.4794
20800304,1.6547
20800305,-0.98257
20800306,3.0053
20800307,3.2288
20800308,0.35068
20800309,0.86746
20800310,1.4612
20800311,1.1907
20800312,5.0523
20800313,5.0276
20800314,3.9778
20800315,2.7542
20800316,2.7525
20800317,-0.6911
20800318,6.6916
20800319,3.9148
20800320,7.1374
20800321,7.512
20800322,5.4056
20800323,5.1285
20800324,2.2463
20800325,3.4074
20800326,6.737
20800327,4.0034
20800328,2.8235
20800329,0.62593
20800330,-1.3265
20800331,2.879
20800401,0.87616
20800402,3.7235
20800403,3.9902
20800404,5.2027
20800405,8.8074
20800406,8.097
20800407,7.1178
20800408,7.8285
20800409,8.6234
20800410,8.7677
20800411,5.7714
20800412,5.7064
20800413,4.7209
20800414,6.3585
20800415,8.9382
20800416,11.389
20800417,10.159
20800418,11.029
20800419,10.687
20800420,10.362
20800421,10.442
20800422,13.211
20800423,10.612
20800424,11.075
20800425,9.7765
20800426,11.457
20800427,10.536
20800428,10.913
20800429,11.255
20800430,10.186
20800501,9.4796
20800502,10.157
20800503,9.8103
20800504,11.314
20800505,10.829
20800506,13.613
20800507,16.823
20800508,9.7112
20800509,7.9555
20800510,7.2123
20800511,6.7236
20800512,10.347
20800513,8.8494
20800514,8.2715
20800515,8.9674
20800516,7.8536
20800517,8.8986
20800518,13.173
20800519,8.3372
20800520,8.3843
20800521,10.199
20800522,9.0045
20800523,11.286
20800524,11.649
20800525,10.689
20800526,10.823
20800527,11.645
20800528,12.094
20800529,9.8179
20800530,10.973
20800531,9.6981
20800601,9.0456
20800602,14.924
20800603,15.014
20800604,15.92
20800605,13.941
20800606,12.195
20800607,11.698
20800608,14.571
20800609,15.652
20800610,16.367
20800611,15.778
20800612,15.268
20800613,15.045
20800614,16.005
20800615,15.532
20800616,15.961
20800617,15.333
20800618,14.093
20800619,15.53
20800620,13.704
20800621,12.412
20800622,15.108
20800623,16.648
20800624,16.461
20800625,15.183
20800626,16.576
20800627,17.634
20800628,18.777
20800629,17.156
20800630,18.037
20800701,17.02
20800702,18.993
20800703,19.668
20800704,19.865
20800705,18.742
20800706,20.449
20800707,18.348
20800708,16.408
20800709,16.861
20800710,20.45
20800711,17.386
20800712,15.557
20800713,17.038
20800714,16.1
20800715,16.389
20800716,17.434
20800717,17.39
20800718,14.093
20800719,12.196
20800720,13.288
20800721,13.935
20800722,17.661
20800723,15.505
20800724,15.173
20800725,17.368
20800726,17.462
20800727,17.713
20800728,16.871
20800729,14.611
20800730,17.462
20800731,17.2
20800801,17.139
20800802,19.802
20800803,14.869
20800804,13.075
20800805,13.439
20800806,16.523
20800807,14.19
20800808,13.418
20800809,13.107
20800810,14.027
20800811,14.905
20800812,16.374
20800813,17.486
20800814,16.105
20800815,19.416
20800816,16.769
20800817,14.706
20800818,14.853
20800819,16.641
20800820,15.701
20800821,17.045
20800822,18.859
20800823,19.236
20800824,18.255
20800825,19.69
20800826,19.062
20800827,19.525
20800828,20.019
20800829,20.009
20800830,20.297
20800831,20.288
20800901,19.663
20800902,20.713
20800903,19.116
20800904,18.431
20800905,19.518
20800906,18.075
20800907,18.168
20800908,16.459
20800909,16.807
20800910,16.658
20800911,17.488
20800912,17.884
20800913,18.781
20800914,19.015
20800915,18.044
20800916,17.705
20800917,18.862
20800918,17.985
20800919,17.675
20800920,18.386
20800921,16.949
20800922,15.766
20800923,15.71
20800924,16.768
20800925,16.681
20800926,15.101
20800927,13.149
20800928,11.981
20800929,12.224
20800930,12.85
20801001,15.097
20801002,14.593
20801003,12.769
20801004,12.449
20801005,11.127
20801006,9.9849
20801007,10.209
20801008,11.785
20801009,12.231
20801010,14.195
20801011,15.308
20801012,16.063
20801013,13.477
20801014,11.613
20801015,11.975
20801016,12.943
20801017,13.344
20801018,13.588
20801019,13.396
20801020,14.415
20801021,17.75
20801022,17.09
20801023,12.699
20801024,10.571
20801025,10.128
20801026,8.285
20801027,8.0837
20801028,7.2019
20801029,6.9696
20801030,7.0047
20801031,7.0416
20801101,8.6882
20801102,7.3242
20801103,5.5856
20801104,4.0314
20801105,3.3063
20801106,1.5669
20801107,1.0859
20801108,0.40278
20801109,2.7178
20801110,11.497
20801111,11.725
20801112,8.5752
20801113,6.0898
20801114,4.5292
20801115,3.3139
20801116,2.6521
20801117,2.6071
20801118,8.6216
20801119,3.7855
20801120,1.5765
20801121,8.0854
20801122,7.6061
20801123,7.8215
20801124,11.357
20801125,11.538
20801126,9.6409
20801127,6.9299
20801128,4.8015
20801129,2.7569
20801130,2.7564
20801201,8.1958
20801202,5.8026
20801203,4.4061
20801204,2.529
20801205,0.17625
20801206,4.7303
20801207,1.3482
20801208,-1.502
20801209,-2.512
20801210,-2.0905
20801211,7.1978
20801212,1.939
20801213,0.48844
20801214,1.9835
20801215,1.5786
20801216,3.2876
20801217,0.50463
20801218,-0.77823
20801219,-0.48089
20801220,8.3435
20801221,3.6845
20801222,-0.53782
20801223,-2.243
20801224,0.11028
20801225,2.2641
20801226,2.7082
20801227,2.2336
20801228,2.3138
20801229,0.53386
20801230,8.3861
20801231,9.8348
20810101,5.4459
20810102,3.9179
20810103,1.9141
20810104,2.0398
20810105,2.9565
20810106,2.477
20810107,1.7584
20810108,0.4668
20810109,0.10769
20810110,0.68011
20810111,0.5395
20810112,0.2883
20810113,1.5296
20810114,-1.8795
20810115,-4.3142
20810116,-3.5973
20810117,-2.8172
20810118,-2.1373
20810119,-2.7991
20810120,-2.4594
20810121,-0.14076
20810122,0.21564
20810123,-0.7621
20810124,-0.88214
20810125,-1.0604
20810126,-0.60443
20810127,-1.8108
20810128,-0.52086
20810129,0.78782
20810130,3.1137
20810131,-0.82324
20810201,-2.4824
20810202,-3.8153
20810203,-1.2678
20810204,1.2007
20810205,0.080546
20810206,-1.7365
20810207,-3.7731
20810208,1.9046
20810209,-0.32659
20810210,-1.8637
20810211,3.0153
20810212,2.3656
20810213,6.4054
20810214,4.6539
20810215,4.0941
20810216,6.8487
20810217,5.6554
20810218,4.4136
20810219,8.5609
20810220,5.7564
20810221,3.6508
20810222,4.927
20810223,9.8159
20810224,7.6591
20810225,8.597
20810226,10.916
20810227,9.332
20810228,11.425
20810301,11.81
20810302,6.0228
20810303,3.0395
20810304,0.70417
20810305,4.5709
20810306,4.1641
20810307,2.4033
20810308,4.3088
20810309,4.9535
20810310,4.8647
20810311,1.6025
20810312,1.732
20810313,4.3654
20810314,1.2405
20810315,-0.75669
20810316,0.93441
20810317,3.9957
20810318,1.257
20810319,2.4243
20810320,2.2361
20810321,0.51125
20810322,2.0455
20810323,4.4803
20810324,2.2115
20810325,0.61872
20810326,2.7699
20810327,2.0226
20810328,1.5365
20810329,1.6579
20810330,3.2287
20810331,3.9048
20810401,4.7737
20810402,8.8803
20810403,7.7367
20810404,6.9652
20810405,10.548
20810406,13.161
20810407,12.644
20810408,12.567
20810409,12.677
20810410,11.464
20810411,11.913
20810412,10.255
20810413,7.3096
20810414,6.2353
20810415,5.1512
20810416,4.6497
20810417,10.031
20810418,5.6289
20810419,2.943
20810420,3.74
20810421,7.6384
20810422,9.1065
20810423,9.9521
20810424,9.2046
20810425,8.8501
20810426,6.3523
20810427,6.8056
20810428,7.5147
20810429,5.7918
20810430,8.6491
20810501,7.3598
20810502,8.0026
20810503,10.62
20810504,11.484
20810505,9.6894
20810506,8.8278
20810507,10.378
20810508,11.955
20810509,10.246
20810510,10.871
20810511,10.541
20810512,10.742
20810513,10.516
20810514,7.711
20810515,9.3801
20810516,6.5482
20810517,9.4018
20810518,8.1628
20810519,6.7677
20810520,4.53
20810521,5.8379
20810522,7.451
20810523,8.2554
20810524,9.0416
20810525,10.073
20810526,12.543
20810527,12.77
20810528,12.292
20810529,13.142
20810530,13.017
20810531,13.914
20810601,13.949
20810602,13.985
20810603,13.871
20810604,15.022
20810605,16.835
20810606,16.258
20810607,17.335
20810608,18.381
20810609,19.939
20810610,18.36
20810611,16.271
20810612,17.795
20810613,17.267
20810614,17.451
20810615,17.917
20810616,15.458
20810617,15.273
20810618,18.043
20810619,19.989
20810620,20.213
20810621,18.517
20810622,15.003
20810623,14.267
20810624,14.578
20810625,12.799
20810626,14.483
20810627,12.782
20810628,15.876
20810629,17.999
20810630,17.352
20810701,16.9
20810702,18.574
20810703,17.455
20810704,16.652
20810705,14.323
20810706,12.835
20810707,14.226
20810708,17.212
20810709,18.431
20810710,16.628
20810711,15.921
20810712,17.493
20810713,20.37
20810714,23.388
20810715,21.814
20810716,19.081
20810717,18.892
20810718,18.413
20810719,18.636
20810720,20.628
20810721,21.422
20810722,21.022
20810723,20.191
20810724,19.712
20810725,22.666
20810726,22.212
20810727,21.231
20810728,20.645
20810729,22.672
20810730,22.786
20810731,21.322
20810801,20.515
20810802,19.29
20810803,19.506
20810804,21.01
20810805,19.58
20810806,18.139
20810807,20.654
20810808,20.205
20810809,19.486
20810810,21.316
20810811,19.579
20810812,20.878
20810813,19.562
20810814,17.036
20810815,15.837
20810816,15.787
20810817,18.503
20810818,18.581
20810819,17.7
20810820,14.285
20810821,12.293
20810822,11.146
20810823,11.716
20810824,17.352
20810825,18.735
20810826,20.02
20810827,15.428
20810828,14.458
20810829,16.516
20810830,16.039
20810831,17.026
20810901,18.504
20810902,17.479
20810903,17.211
20810904,18.396
20810905,17.935
20810906,17.17
20810907,18.21
20810908,18.292
20810909,16.037
20810910,12.624
20810911,12.176
20810912,10.874
20810913,11.292
20810914,12.267
20810915,13.572
20810916,13.1
20810917,11.72
20810918,11.806
20810919,13.832
20810920,11.22
20810921,11.322
20810922,12.512
20810923,10.486
20810924,10.39
20810925,11.05
20810926,12.78
20810927,15.107
20810928,16.293
20810929,14.267
20810930,14.558
20811001,14.409
20811002,14.286
20811003,14.801
20811004,14.303
20811005,13.51
20811006,13.396
20811007,12.925
20811008,12.972
20811009,12.054
20811010,10.939
20811011,10.531
20811012,10.121
20811013,8.9359
20811014,8.2545
20811015,8.9576
20811016,8.6446
20811017,8.6877
20811018,7.1772
20811019,5.2856
20811020,7.8879
20811021,8.8818
20811022,6.8909
20811023,9.3739
20811024,7.9891
20811025,7.573
20811026,7.295
20811027,7.8832
20811028,8.173
20811029,8.0848
20811030,9.7424
20811031,9.8162
20811101,7.847
20811102,7.9489
20811103,9.0179
20811104,7.5877
20811105,5.7186
20811106,5.3725
20811107,6.3737
20811108,5.6324
20811109,4.149
20811110,4.9365
20811111,5.9252
20811112,3.223
20811113,2.1543
20811114,2.2863
20811115,3.9954
20811116,-0.15687
20811117,-2.1229
20811118,-2.0577
20811119,-1.3722
20811120,-0.91431
20811121,-1.1811
20811122,6.0602
20811123,5.6982
20811124,5.846
20811125,12.14
20811126,13.291
20811127,12.472
20811128,10.613
20811129,4.4519
20811130,2.6063
20811201,4.8211
20811202,3.5073
20811203,4.1973
20811204,3.7134
20811205,8.1092
20811206,6.434
20811207,6.2317
20811208,3.4257
20811209,3.3388
20811210,5.4273
20811211,3.1403
20811212,3.3898
20811213,0.3591
20811214,-2.2005
20811215,-1.0563
20811216,-0.16342
20811217,5.4929
20811218,0.9542
20811219,0.75285
20811220,-2.4182
20811221,-3.4024
20811222,-4.1283
20811223,-3.1066
20811224,-2.4297
20811225,-2.0607
20811226,2.357
20811227,2.497
20811228,2.6939
20811229,9.2944
20811230,5.2371
20811231,2.0424
20820101,0.24131
20820102,-0.34318
20820103,0.67191
20820104,1.7247
20820105,4.2042
20820106,2.4587
20820107,-1.5885
20820108,-3.3119
20820109,-1.7455
20820110,-2.4484
20820111,-3.1504
20820112,0.63175
20820113,-1.254
20820114,4.2163
20820115,0.098429
20820116,-1.4193
20820117,-2.9566
20820118,-4.4541
20820119,-0.35503
20820120,3.57
20820121,0.35125
20820122,-1.7582
20820123,-1.5998
20820124,-2.1626
20820125,-2.1422
20820126,-0.75149
20820127,-0.047506
20820128,0.65066
20820129,0.45952
20820130,-0.53479
20820131,-1.1354
20820201,0.59123
20820202,-0.9064
20820203,-3.9433
20820204,-1.8575
20820205,-0.47544
20820206,-2.313
20820207,-4.3365
20820208,-3.4431
20820209,-4.8314
20820210,-4.4059
20820211,-2.1308
20820212,-2.2763
20820213,-1.7245
20820214,-0.69663
20820215,2.4396
20820216,4.2079
20820217,3.3136
20820218,3.7089
20820219,4.941
20820220,1.7101
20820221,1.7117
20820222,-0.28687
20820223,0.085531
20820224,1.3502
20820225,0.82336
20820226,2.8175
20820227,1.7608
20820228,3.6271
20820301,1.5258
20820302,2.2504
20820303,2.8203
20820304,5.3344
20820305,5.6077
20820306,2.0096
20820307,1.9286
20820308,0.71314
20820309,4.9297
20820310,7.7474
20820311,8.4183
20820312,9.7218
20820313,7.8904
20820314,9.044
20820315,7.236
20820316,4.8033
20820317,6.4024
20820318,6.3757
20820319,4.5882
20820320,1.9963
20820321,5.3154
20820322,4.3946
20820323,4.9723
20820324,5.161
20820325,2.5333
20820326,2.4261
20820327,2.3459
20820328,3.0899
20820329,4.0601
20820330,7.9809
20820331,5.824
20820401,2.8817
20820402,0.86041
20820403,1.0901
20820404,2.5441
20820405,3.0547
20820406,5.3482
20820407,5.8767
20820408,4.7686
20820409,3.3212
20820410,2.3219
20820411,4.859
20820412,5.0457
20820413,2.8593
20820414,3.1904
20820415,3.8896
20820416,3.5801
20820417,5.0387
20820418,6.6017
20820419,9.4636
20820420,8.3246
20820421,11.265
20820422,9.2665
20820423,8.129
20820424,9.7383
20820425,8.1129
20820426,7.1413
20820427,5.5842
20820428,5.7939
20820429,5.3054
20820430,6.1964
20820501,6.468
20820502,6.03
20820503,7.2427
20820504,4.3861
20820505,4.6701
20820506,4.2512
20820507,5.1324
20820508,7.6509
20820509,7.3112
20820510,5.4133
20820511,5.1136
20820512,7.8092
20820513,8.2494
20820514,10.223
20820515,12.067
20820516,11.334
20820517,9.9282
20820518,10.261
20820519,10.91
20820520,10.52
20820521,11.065
20820522,10.33
20820523,10.388
20820524,9.8041
20820525,8.3047
20820526,6.3792
20820527,6.3343
20820528,7.4765
20820529,9.9255
20820530,13.538
20820531,14.085
20820601,14.77
20820602,13.437
20820603,11.168
20820604,10.068
20820605,10.759
20820606,10.979
20820607,11.014
20820608,14.022
20820609,14.221
20820610,14.456
20820611,15.416
20820612,16.586
20820613,17.259
20820614,19.521
20820615,17.752
20820616,14.482
20820617,12.424
20820618,13.916
20820619,13.666
20820620,16.533
20820621,17.243
20820622,15.132
20820623,15.799
20820624,17.297
20820625,18.613
20820626,18.276
20820627,17.344
20820628,15.512
20820629,14.214
20820630,13.601
20820701,11.767
20820702,11.372
20820703,14.32
20820704,17.608
20820705,14.574
20820706,13.704
20820707,15.849
20820708,17.982
20820709,18.315
20820710,18.288
20820711,17.04
20820712,18.028
20820713,20.393
20820714,20.705
20820715,19.864
20820716,19.63
20820717,18.247
20820718,18.918
20820719,18.055
20820720,18.543
20820721,19.153
20820722,19.914
20820723,17.72
20820724,18.549
20820725,19.362
20820726,20.828
20820727,19.102
20820728,18.574
20820729,18.669
20820730,18.022
20820731,18.671
20820801,18.698
20820802,18.864
20820803,21.91
20820804,21.261
20820805,22.041
20820806,21.159
20820807,20.433
20820808,18.974
20820809,18.19
20820810,20.38
20820811,20.948
20820812,19.293
20820813,18.553
20820814,20.384
20820815,20.894
20820816,21.362
20820817,21.99
20820818,20.417
20820819,19.89
20820820,21.059
20820821,20.534
20820822,19.784
20820823,20.693
20820824,20.782
20820825,20.931
20820826,18.706
20820827,15.552
20820828,19.057
20820829,19.259
20820830,19.715
20820831,18.344
20820901,18.482
20820902,15.278
20820903,15.232
20820904,12.987
20820905,15.585
20820906,12.788
20820907,11.239
20820908,11.756
20820909,14.417
20820910,12.295
20820911,10.107
20820912,10.989
20820913,12.608
20820914,10.619
20820915,12.428
20820916,11.477
20820917,12.387
20820918,10.213
20820919,13.239
20820920,14.073
20820921,11.525
20820922,9.8507
20820923,11.278
20820924,14.536
20820925,13.754
20820926,11.588
20820927,10.445
20820928,8.8363
20820929,13.658
20820930,10.203
20821001,8.3096
20821002,9.7851
20821003,8.6813
20821004,9.4872
20821005,13.999
20821006,9.1921
20821007,6.7152
20821008,9.0777
20821009,13.531
20821010,14.888
20821011,12.833
20821012,10.034
20821013,7.8012
20821014,7.4803
20821015,7.9027
20821016,7.4463
20821017,6.7837
20821018,6.1802
20821019,4.5393
20821020,5.4786
20821021,4.8521
20821022,8.4675
20821023,7.7947
20821024,8.29
20821025,8.5278
20821026,7.1643
20821027,7.2984
20821028,6.4751
20821029,7.721
20821030,6.1718
20821031,13.957
20821101,9.6354
20821102,9.4296
20821103,8.6755
20821104,8.079
20821105,7.6225
20821106,7.0266
20821107,4.177
20821108,2.2909
20821109,2.0317
20821110,0.08493
20821111,-0.80762
20821112,-1.1582
20821113,-1.6943
20821114,3.1576
20821115,0.056305
20821116,0.12834
20821117,5.3184
20821118,3.8339
20821119,0.6982
20821120,-0.48264
20821121,1.1216
20821122,-0.24007
20821123,6.1302
20821124,4.1422
20821125,2.9103
20821126,1.8393
20821127,8.1303
20821128,6.5569
20821129,5.8741
20821130,3.243
20821201,3.1921
20821202,7.4182
20821203,7.1074
20821204,7.6378
20821205,6.4058
20821206,4.8677
20821207,3.7082
20821208,4.7453
20821209,2.8233
20821210,0.077983
20821211,-1.1721
20821212,-0.21053
20821213,0.62622
20821214,2.9826
20821215,3.2698
20821216,1.6699
20821217,-0.26109
20821218,0.8563
20821219,-0.639
20821220,1.6407
20821221,2.679
20821222,5.4551
20821223,3.4113
20821224,5.6549
20821225,9.4978
20821226,4.7823
20821227,4.2344
20821228,4.7155
20821229,3.1616
20821230,5.1135
20821231,3.3939
20830101,10.203
20830102,8.5429
20830103,10.517
20830104,4.7141
20830105,3.149
20830106,1.2363
20830107,8.0075
20830108,9.5843
20830109,8.8114
20830110,4.3982
20830111,4.2911
20830112,4.3344
20830113,10.889
20830114,4.658
20830115,4.4503
20830116,9.2721
20830117,9.6565
20830118,7.5902
20830119,7.5129
20830120,6.5832
20830121,7.9154
20830122,9.405
20830123,11.078
20830124,6.794
20830125,4.8622
20830126,4.8343
20830127,3.2859
20830128,1.3821
20830129,1.3976
20830130,0.28672
20830131,-0.2673
20830201,0.25565
20830202,0.99891
20830203,7.7536
20830204,10.183
20830205,7.6134
20830206,5.4237
20830207,5.2084
20830208,7.5146
20830209,5.168
20830210,5.6363
20830211,8.2475
20830212,7.0368
20830213,6.9278
20830214,6.5387
20830215,4.3809
20830216,2.0885
20830217,2.2293
20830218,4.2822
20830219,2.0381
20830220,1.6753
20830221,3.4505
20830222,2.8632
20830223,2.8543
20830224,5.3065
20830225,7.3118
20830226,7.2516
20830227,5.7321
20830228,4.3185
20830301,2.6401
20830302,2.594
20830303,2.4911
20830304,1.7532
20830305,1.6073
20830306,3.9053
20830307,4.9348
20830308,5.2442
20830309,1.0869
20830310,2.8949
20830311,2.2564
20830312,4.5757
20830313,4.0404
20830314,4.3918
20830315,3.7341
20830316,4.2393
20830317,3.9306
20830318,3.7889
20830319,5.2013
20830320,2.6678
20830321,5.9588
20830322,3.474
20830323,3.5627
20830324,4.4486
20830325,5.5338
20830326,4.3917
20830327,5.2863
20830328,7.7508
20830329,9.6095
20830330,6.9102
20830331,4.1383
20830401,4.9373
20830402,6.0057
20830403,10.865
20830404,8.3085
20830405,6.2861
20830406,6.4354
20830407,4.5941
20830408,7.5612
20830409,4.6779
20830410,6.1884
20830411,4.2423
20830412,4.3613
20830413,6.0258
20830414,10.196
20830415,11.336
20830416,12.792
20830417,12.181
20830418,12.004
20830419,8.5792
20830420,5.5519
20830421,4.1966
20830422,4.6767
20830423,3.888
20830424,4.0752
20830425,6.3961
20830426,5.0803
20830427,4.7584
20830428,9.3409
20830429,7.8021
20830430,4.9572
20830501,6.8515
20830502,6.4413
20830503,8.6931
20830504,11.654
20830505,13.227
20830506,11.882
20830507,12.414
20830508,14.09
20830509,13.454
20830510,12.477
20830511,12.736
20830512,14.317
20830513,15.001
20830514,13.419
20830515,11.473
20830516,12.39
20830517,12.016
20830518,14.589
20830519,11.669
20830520,8.7835
20830521,10.601
20830522,10.721
20830523,7.8682
20830524,7.446
20830525,9.7774
20830526,8.1449
20830527,8.9631
20830528,10.386
20830529,11.97
20830530,12.318
20830531,13.434
20830601,14.539
20830602,13.251
20830603,13.188
20830604,14.742
20830605,14.149
20830606,12.71
20830607,12.301
20830608,10.159
20830609,11.762
20830610,12.816
20830611,14.587
20830612,14.714
20830613,15.731
20830614,15.303
20830615,15.118
20830616,16.093
20830617,17.97
20830618,11.647
20830619,9.2717
20830620,10.4
20830621,11.946
20830622,13.524
20830623,13.828
20830624,15.815
20830625,14.648
20830626,17.806
20830627,15.622
20830628,17.496
20830629,17.372
20830630,16.686
20830701,16.234
20830702,14.583
20830703,14.194
20830704,17.461
20830705,19.314
20830706,18.236
20830707,19.918
20830708,18.736
20830709,15.699
20830710,14.488
20830711,14.146
20830712,16.905
20830713,17.663
20830714,19.229
20830715,21.167
20830716,21.878
20830717,21.404
20830718,19.887
20830719,21.075
20830720,18.107
20830721,21.014
20830722,18.582
20830723,17.146
20830724,17.35
20830725,16.765
20830726,17.812
20830727,16.246
20830728,15.713
20830729,16.934
20830730,18.694
20830731,13.819
20830801,11.494
20830802,15.213
20830803,19.624
20830804,19.464
20830805,16.467
20830806,18.83
20830807,20.085
20830808,16.79
20830809,17.234
20830810,19.433
20830811,17.165
20830812,14.003
20830813,17.627
20830814,16.567
20830815,16.829
20830816,15.146
20830817,13.276
20830818,15.814
20830819,16.814
20830820,17.336
20830821,20.06
20830822,19.188
20830823,19.568
20830824,19.674
20830825,18.213
20830826,16.397
20830827,15.786
20830828,15.715
20830829,16.559
20830830,17.927
20830831,19.865
20830901,18.846
20830902,18.408
20830903,20.248
20830904,21.062
20830905,21.46
20830906,19.304
20830907,19.382
20830908,19.137
20830909,19.204
20830910,19.082
20830911,18.992
20830912,19.062
20830913,17.594
20830914,19.691
20830915,16.023
20830916,16.933
20830917,14.66
20830918,14.495
20830919,18.666
20830920,16.335
20830921,19.08
20830922,21.194
20830923,17.746
20830924,15.231
20830925,14.628
20830926,12.679
20830927,9.7464
20830928,8.8495
20830929,10.111
20830930,10.845
20831001,11.437
20831002,11.711
20831003,12.249
20831004,11.09
20831005,11.139
20831006,9.3081
20831007,7.6838
20831008,5.3683
20831009,7.5892
20831010,11.609
20831011,9.302
20831012,7.9287
20831013,11.273
20831014,12.921
20831015,10.582
20831016,10.287
20831017,9.8361
20831018,7.7233
20831019,6.9296
20831020,5.0694
20831021,7.6406
20831022,11.395
20831023,13.84
20831024,11.503
20831025,10.048
20831026,9.8271
20831027,8.2814
20831028,6.776
20831029,6.0185
20831030,10.847
20831031,7.2416
20831101,7.0725
20831102,5.9511
20831103,5.2377
20831104,6.671
20831105,5.1851
20831106,2.9719
20831107,3.751
20831108,9.6564
20831109,10.506
20831110,7.15
20831111,5.6319
20831112,5.9949
20831113,4.5116
20831114,6.1395
20831115,5.4317
20831116,3.1291
20831117,4.8744
20831118,5.3127
20831119,4.8793
20831120,4.2619
20831121,2.9327
20831122,2.7239
20831123,3.0752
20831124,2.7541
20831125,5.0783
20831126,8.5388
20831127,8.7463
20831128,6.8661
20831129,7.1646
20831130,5.6914
20831201,5.7498
20831202,4.8002
20831203,2.2121
20831204,0.86807
20831205,1.1916
20831206,-0.19053
20831207,-1.1313
20831208,3.4859
20831209,3.4401
20831210,0.9872
20831211,0.024414
20831212,-0.15569
20831213,-1.404
20831214,-1.5933
20831215,-0.95693
20831216,-1.5496
20831217,0.36373
20831218,0.35302
20831219,0.27134
20831220,-0.45274
20831221,-0.99489
20831222,-2.6972
20831223,-3.1801
20831224,-0.44248
20831225,-1.2175
20831226,-3.5656
20831227,-4.3139
20831228,-2.4297
20831229,-1.9834
20831230,1.791
20831231,3.8199
20840101,8.4702
20840102,6.4097
20840103,4.0979
20840104,3.7124
20840105,0.70378
20840106,-0.83201
20840107,0.25196
20840108,0.85578
20840109,0.46329
20840110,2.2738
20840111,2.2552
20840112,8.1684
20840113,8.5726
20840114,1.4158
20840115,-1.3319
20840116,-0.57064
20840117,2.1094
20840118,-0.12311
20840119,-0.21467
20840120,1.8813
20840121,7.3333
20840122,1.0855
20840123,-0.14131
20840124,-0.89748
20840125,-1.4154
20840126,-0.45921
20840127,0.81157
20840128,0.43015
20840129,1.2108
20840130,1.5832
20840131,1.4362
20840201,-0.12106
20840202,3.3163
20840203,2.3541
20840204,0.91632
20840205,-0.2489
20840206,-2.0857
20840207,-2.8849
20840208,-3.0492
20840209,-1.8057
20840210,-0.92823
20840211,-1.6981
20840212,2.3322
20840213,0.34992
20840214,2.5184
20840215,1.7305
20840216,4.5561
20840217,2.3046
20840218,4.654
20840219,4.9019
20840220,1.939
20840221,3.6365
20840222,4.7913
20840223,4.0838
20840224,4.5575
20840225,4.5494
20840226,4.7615
20840227,4.3576
20840228,5.0397
20840229,4.3123
20840301,2.2901
20840302,3.0342
20840303,3.4824
20840304,3.5755
20840305,4.3665
20840306,4.9431
20840307,5.4674
20840308,7.5219
20840309,6.7018
20840310,9.728
20840311,8.5679
20840312,11.132
20840313,10.699
20840314,11.562
20840315,12.139
20840316,4.9094
20840317,2.7
20840318,0.34243
20840319,8.8822
20840320,5.2008
20840321,4.7473
20840322,4.9139
20840323,4.9049
20840324,4.7597
20840325,5.5893
20840326,6.6822
20840327,10.018
20840328,9.0781
20840329,9.2194
20840330,8.4816
20840331,8.0019
20840401,9.2247
20840402,8.4787
20840403,11.35
20840404,7.5535
20840405,5.9127
20840406,8.158
20840407,5.428
20840408,5.8817
20840409,3.3525
20840410,8.5311
20840411,6.6192
20840412,6.7947
20840413,5.1538
20840414,4.6933
20840415,8.2549
20840416,6.8686
20840417,6.4963
20840418,5.3605
20840419,5.386
20840420,8.2175
20840421,7.613
20840422,5.8236
20840423,5.3134
20840424,9.2821
20840425,7.294
20840426,7.6449
20840427,8.1834
20840428,8.629
20840429,10.299
20840430,11.646
20840501,10.745
20840502,11.756
20840503,8.6703
20840504,6.3854
20840505,8.3435
20840506,10.263
20840507,11.106
20840508,11.724
20840509,8.5081
20840510,7.1154
20840511,7.4896
20840512,9.9024
20840513,9.7564
20840514,7.6826
20840515,9.6438
20840516,12.968
20840517,15.113
20840518,13.432
20840519,10.197
20840520,11.424
20840521,13.229
20840522,10.43
20840523,9.5689
20840524,12.952
20840525,11.599
20840526,10.893
20840527,9.8599
20840528,10.805
20840529,10.725
20840530,9.7472
20840531,10.886
20840601,14.073
20840602,17.206
20840603,15.733
20840604,16.795
20840605,18.968
20840606,19.153
20840607,17.952
20840608,17.142
20840609,15.366
20840610,13.989
20840611,14.619
20840612,14.534
20840613,17.04
20840614,16.914
20840615,18.579
20840616,18.619
20840617,20.04
20840618,20.469
20840619,18.933
20840620,18.25
20840621,19.409
20840622,17.972
20840623,17.468
20840624,17.617
20840625,21.095
20840626,20.964
20840627,20.378
20840628,19.052
20840629,20.52
20840630,19.871
20840701,18.103
20840702,20.731
20840703,21.654
20840704,19.633
20840705,21.856
20840706,22.197
20840707,21.037
20840708,19.46
20840709,20.179
20840710,21.457
20840711,21.841
20840712,23.058
20840713,20.566
20840714,22.216
20840715,21.87
20840716,20.582
20840717,20.663
20840718,20.725
20840719,20.588
20840720,18.932
20840721,21.953
20840722,20.696
20840723,19.014
20840724,20.352
20840725,22.185
20840726,19.435
20840727,20.682
20840728,21.958
20840729,21.232
20840730,20.193
20840731,22.048
20840801,20.237
20840802,20.696
20840803,22.235
20840804,22.897
20840805,22.316
20840806,22.036
20840807,23.486
20840808,23.38
20840809,24.186
20840810,23.338
20840811,24.586
20840812,25.904
20840813,24.062
20840814,23.868
20840815,24.244
20840816,21.207
20840817,18.475
20840818,18.888
20840819,18.415
20840820,15.695
20840821,17.385
20840822,18.206
20840823,16.753
20840824,14.976
20840825,12.748
20840826,14.598
20840827,14.536
20840828,16.036
20840829,14.921
20840830,13.023
20840831,15.382
20840901,11.377
20840902,10.173
20840903,11.843
20840904,11.473
20840905,13.129
20840906,15.06
20840907,14.03
20840908,16.839
20840909,16.332
20840910,14.916
20840911,14.516
20840912,15.938
20840913,15.188
20840914,15.485
20840915,15.87
20840916,14.213
20840917,13.041
20840918,12.449
20840919,14.211
20840920,15.95
20840921,15.437
20840922,12.018
20840923,10.948
20840924,11.933
20840925,12.368
20840926,11.195
20840927,9.4014
20840928,9.0757
20840929,11.355
20840930,9.7801
20841001,9.0488
20841002,8.2526
20841003,9.7302
20841004,12.143
20841005,10.549
20841006,8.5689
20841007,10.023
20841008,9.5823
20841009,10.46
20841010,13.387
20841011,11.197
20841012,9.2093
20841013,6.058
20841014,8.5083
20841015,10.196
20841016,10.096
20841017,8.8354
20841018,5.8371
20841019,5.6917
20841020,11.014
20841021,5.7301
20841022,5.5192
20841023,6.2102
20841024,4.62
20841025,4.5073
20841026,6.6703
20841027,12.957
20841028,12.027
20841029,9.5866
20841030,8.3018
20841031,8.8595
20841101,11.624
20841102,11.574
20841103,12.598
20841104,10.331
20841105,9.1654
20841106,8.6499
20841107,8.6296
20841108,6.2902
20841109,7.8719
20841110,9.1056
20841111,7.1628
20841112,7.1178
20841113,10.095
20841114,6.054
20841115,7.0621
20841116,6.2193
20841117,10.138
20841118,12.109
20841119,8.7409
20841120,10.072
20841121,10.468
20841122,11.142
20841123,6.2907
20841124,3.9931
20841125,5.4273
20841126,4.1291
20841127,4.4121
20841128,7.5486
20841129,6.116
20841130,2.6405
20841201,1.4694
20841202,2.369
20841203,3.1888
20841204,6.4487
20841205,5.1897
20841206,4.7005
20841207,4.442
20841208,6.2678
20841209,3.5387
20841210,0.97814
20841211,0.41803
20841212,2.6583
20841213,1.2232
20841214,1.8076
20841215,2.5256
20841216,2.9004
20841217,9.6172
20841218,9.9606
20841219,10.986
20841220,10.946
20841221,6.5627
20841222,2.0402
20841223,1.9317
20841224,7.9626
20841225,5.2267
20841226,5.0792
20841227,3.6759
20841228,3.9072
20841229,0.41232
20841230,-0.93119
20841231,-0.81614
20850101,0.73662
20850102,0.14307
20850103,-0.65141
20850104,0.039673
20850105,-1.5246
20850106,-1.9643
20850107,-1.6083
20850108,-3.0981
20850109,-3.928
20850110,-5.277
20850111,-2.9132
20850112,0.47755
20850113,-0.15414
20850114,-1.3748
20850115,0.95074
20850116,-0.68478
20850117,-2.1576
20850118,-1.0015
20850119,-2.0294
20850120,0.57165
20850121,-1.0655
20850122,5.7259
20850123,0.49428
20850124,1.2653
20850125,3.9905
20850126,2.5535
20850127,0.1842
20850128,-2.6466
20850129,-4.0004
20850130,-3.3078
20850131,-0.71864
20850201,-2.0284
20850202,-3.5892
20850203,-4.4142
20850204,-4.083
20850205,-4.6458
20850206,-4.4891
20850207,0.63693
20850208,-1.1751
20850209,-1.7687
20850210,1.4008
20850211,2.2254
20850212,1.9039
20850213,6.9202
20850214,0.36062
20850215,-2.5422
20850216,-0.13777
20850217,6.1479
20850218,4.1973
20850219,6.8155
20850220,5.3046
20850221,3.0279
20850222,0.408
20850223,1.4582
20850224,3.4936
20850225,1.3754
20850226,3.8638
20850227,3.8474
20850228,5.9865
20850301,3.4056
20850302,0.86191
20850303,0.59618
20850304,2.0103
20850305,1.4793
20850306,1.3616
20850307,1.5013
20850308,3.2196
20850309,5.8643
20850310,3.3666
20850311,1.8455
20850312,1.5279
20850313,2.6822
20850314,4.2119
20850315,7.8548
20850316,9.233
20850317,5.2202
20850318,0.84091
20850319,2.0622
20850320,0.57957
20850321,-0.86582
20850322,2.1317
20850323,3.3711
20850324,8.0334
20850325,6.8025
20850326,6.7569
20850327,8.8485
20850328,8.4552
20850329,5.4864
20850330,6.6365
20850331,6.5981
20850401,8.1379
20850402,9.4289
20850403,11.248
20850404,8.1761
20850405,5.8147
20850406,5.6359
20850407,6.1728
20850408,7.1253
20850409,5.5572
20850410,6.217
20850411,2.2652
20850412,3.7602
20850413,3.1832
20850414,3.0678
20850415,5.2843
20850416,5.8207
20850417,7.5185
20850418,7.6821
20850419,6.7125
20850420,9.6957
20850421,7.9481
20850422,7.6083
20850423,6.4357
20850424,8.2143
20850425,9.1877
20850426,7.9052
20850427,8.1058
20850428,10.866
20850429,13.499
20850430,11.606
20850501,11.421
20850502,11.038
20850503,12.31
20850504,9.8978
20850505,9.1028
20850506,7.7431
20850507,10.37
20850508,12.915
20850509,12.42
20850510,13.896
20850511,12.531
20850512,12.535
20850513,12.703
20850514,12.803
20850515,12.723
20850516,12.362
20850517,11.569
20850518,13.116
20850519,14.029
20850520,13.191
20850521,13.722
20850522,15.021
20850523,14.872
20850524,13.52
20850525,12.493
20850526,13.417
20850527,12.649
20850528,12.736
20850529,11.994
20850530,10.104
20850531,9.6595
20850601,12.848
20850602,12.699
20850603,14.794
20850604,15.966
20850605,15.914
20850606,16.757
20850607,15.211
20850608,14.227
20850609,14.46
20850610,15.677
20850611,17.276
20850612,17.453
20850613,16.952
20850614,17.002
20850615,17.23
20850616,16.97
20850617,17.028
20850618,17.034
20850619,16.025
20850620,17.283
20850621,16.934
20850622,18.635
20850623,19.096
20850624,17.878
20850625,15.973
20850626,16.397
20850627,17.372
20850628,17.932
20850629,15.801
20850630,16.716
20850701,15.472
20850702,16.227
20850703,16.355
20850704,16.405
20850705,16.472
20850706,13.934
20850707,14.831
20850708,13.587
20850709,12.862
20850710,14.056
20850711,18.103
20850712,19.049
20850713,17.222
20850714,18.626
20850715,17.088
20850716,17.572
20850717,15.078
20850718,14.456
20850719,15.908
20850720,16.81
20850721,17.06
20850722,18.776
20850723,18.943
20850724,20.179
20850725,18.523
20850726,18.993
20850727,18.422
20850728,17.011
20850729,18.658
20850730,16.498
20850731,17.328
20850801,17.6
20850802,20.816
20850803,20.401
20850804,17.395
20850805,16.09
20850806,18.629
20850807,17.54
20850808,17.767
20850809,18.792
20850810,18.081
20850811,17.956
20850812,20.141
20850813,20.745
20850814,19.34
20850815,17.627
20850816,19.42
20850817,18.335
20850818,20.389
20850819,20.512
20850820,19.649
20850821,20.274
20850822,18.394
20850823,19.702
20850824,19.719
20850825,18.433
20850826,20.213
20850827,20.048
20850828,18.91
20850829,16.636
20850830,15.751
20850831,16.547
20850901,16.625
20850902,17.799
20850903,18.322
20850904,16.271
20850905,16.676
20850906,16.928
20850907,17.839
20850908,18.087
20850909,17.197
20850910,17.733
20850911,14.704
20850912,13.767
20850913,14.605
20850914,14.976
20850915,19.127
20850916,14.669
20850917,12.97
20850918,12.854
20850919,13.576
20850920,11.754
20850921,10.429
20850922,11.661
20850923,13.95
20850924,15.66
20850925,14.837
20850926,16.867
20850927,14.425
20850928,15.06
20850929,12.825
20850930,11.527
20851001,10.12
20851002,11.426
20851003,10.519
20851004,13.112
20851005,13.137
20851006,12.979
20851007,10.768
20851008,10.735
20851009,9.0254
20851010,7.1337
20851011,7.3336
20851012,8.3905
20851013,6.4062
20851014,7.537
20851015,8.7774
20851016,7.0856
20851017,6.8854
20851018,8.8772
20851019,11.214
20851020,9.7764
20851021,7.5653
20851022,5.7042
20851023,2.2653
20851024,0.885
20851025,1.1849
20851026,4.4335
20851027,3.402
20851028,2.1944
20851029,6.8237
20851030,6.5906
20851031,6.1984
20851101,12.835
20851102,10.825
20851103,11.576
20851104,8.8341
20851105,10.552
20851106,13.401
20851107,6.3056
20851108,3.1439
20851109,4.2905
20851110,4.3645
20851111,4.5553
20851112,3.3107
20851113,2.3989
20851114,2.7677
20851115,1.6877
20851116,0.55006
20851117,0.49116
20851118,2.4678
20851119,0.021556
20851120,-0.0085551
20851121,0.81693
20851122,-0.80392
20851123,-0.5593
20851124,-3.3938
20851125,-4.4412
20851126,-4.2818
20851127,-5.8917
20851128,3.4703
20851129,4.5902
20851130,3.0212
20851201,0.83179
20851202,0.067556
20851203,1.7906
20851204,0.14591
20851205,-1.3963
20851206,1.218
20851207,-1.5222
20851208,-3.0284
20851209,-3.6826
20851210,-4.39
20851211,-3.8186
20851212,-2.4158
20851213,-3.6245
20851214,0.42446
20851215,-0.85624
20851216,-2.2973
20851217,-2.6264
20851218,2.6259
20851219,4.7919
20851220,2.3873
20851221,1.1908
20851222,0.99032
20851223,0.3385
20851224,6.8326
20851225,4.5581
20851226,4.9566
20851227,4.0469
20851228,0.95319
20851229,7.2181
20851230,2.6107
20851231,0.33481
20860101,-0.56305
20860102,-0.2929
20860103,2.351
20860104,1.4203
20860105,0.20159
20860106,-1.5828
20860107,-1.7328
20860108,-2.9791
20860109,-3.394
20860110,-3.6354
20860111,-2.8178
20860112,-2.8391
20860113,-2.5229
20860114,-2.3487
20860115,-2.4304
20860116,-0.45736
20860117,-0.77854
20860118,1.2569
20860119,-2.1352
20860120,-3.3685
20860121,-2.6941
20860122,-3.5838
20860123,-2.9448
20860124,-1.8772
20860125,-0.95274
20860126,-0.060069
20860127,-1.213
20860128,-1.4427
20860129,-2.4436
20860130,-4.7337
20860131,-5.7583
20860201,-2.0286
20860202,3.4823
20860203,2.7345
20860204,5.3922
20860205,3.1097
20860206,1.1393
20860207,-0.17584
20860208,-2.3444
20860209,-2.9623
20860210,-1.907
20860211,-0.79858
20860212,-1.403
20860213,1.148
20860214,-1.054
20860215,-2.7223
20860216,-3.4645
20860217,-3.759
20860218,-0.91205
20860219,0.38085
20860220,2.3895
20860221,1.394
20860222,-0.024394
20860223,3.4804
20860224,4.6739
20860225,3.2827
20860226,6.4733
20860227,3.1351
20860228,-0.47274
20860301,0.76794
20860302,1.7739
20860303,3.2278
20860304,3.7394
20860305,4.8586
20860306,2.4341
20860307,0.21636
20860308,0.61838
20860309,-0.15758
20860310,1.7179
20860311,2.558
20860312,2.7584
20860313,4.2528
20860314,3.5208
20860315,4.6774
20860316,4.025
20860317,4.4059
20860318,6.9232
20860319,6.9701
20860320,4.5626
20860321,5.269
20860322,5.5272
20860323,4.5672
20860324,6.0659
20860325,6.8737
20860326,5.2018
20860327,2.723
20860328,4.1261
20860329,6.4574
20860330,3.858
20860331,6.898
20860401,4.4256
20860402,5.1203
20860403,8.1006
20860404,6.2111
20860405,3.0522
20860406,9.1405
20860407,7.7455
20860408,6.6136
20860409,5.2015
20860410,6.6699
20860411,9.0736
20860412,7.3757
20860413,7.7208
20860414,7.4021
20860415,5.5464
20860416,5.0249
20860417,5.5455
20860418,6.3747
20860419,5.419
20860420,2.7532
20860421,2.1909
20860422,3.4856
20860423,8.2952
20860424,8.0996
20860425,7.1714
20860426,5.7777
20860427,6.2378
20860428,7.1857
20860429,5.698
20860430,5.5262
20860501,6.5428
20860502,10.28
20860503,8.9011
20860504,7.7481
20860505,5.4025
20860506,3.6949
20860507,3.6668
20860508,4.455
20860509,10.022
20860510,9.8313
20860511,7.9064
20860512,7.9154
20860513,7.1311
20860514,8.6958
20860515,11.036
20860516,11.88
20860517,12.548
20860518,12.712
20860519,13.202
20860520,12.097
20860521,13.57
20860522,10.945
20860523,14.665
20860524,10.371
20860525,8.615
20860526,9.4034
20860527,11.035
20860528,13.644
20860529,13.883
20860530,13.09
20860531,11.958
20860601,11.959
20860602,10.197
20860603,9.9977
20860604,11.372
20860605,9.9129
20860606,10.891
20860607,11.819
20860608,12.293
20860609,11.028
20860610,12.007
20860611,14.872
20860612,15.133
20860613,14.827
20860614,16.787
20860615,16.9
20860616,16.254
20860617,16.805
20860618,18.715
20860619,18.37
20860620,18.426
20860621,17.059
20860622,11.794
20860623,11.375
20860624,11.663
20860625,13.966
20860626,15.089
20860627,15.759
20860628,15.619
20860629,15.473
20860630,14.173
20860701,18.617
20860702,17.075
20860703,18.619
20860704,17.639
20860705,15.571
20860706,16.954
20860707,16.781
20860708,19.646
20860709,20.027
20860710,19.703
20860711,18.753
20860712,18.042
20860713,16.697
20860714,17.31
20860715,17.164
20860716,16.945
20860717,18.743
20860718,18.189
20860719,18.428
20860720,20.679
20860721,18.955
20860722,16.715
20860723,14.466
20860724,15.934
20860725,18.648
20860726,17.316
20860727,16.691
20860728,16.933
20860729,19.594
20860730,21.154
20860731,20.077
20860801,17.3
20860802,20.797
20860803,18.087
20860804,15.827
20860805,13.862
20860806,17.5
20860807,17.347
20860808,18.132
20860809,16.578
20860810,15.002
20860811,16.34
20860812,17.488
20860813,17.157
20860814,17.79
20860815,16.798
20860816,17.437
20860817,17.28
20860818,16.504
20860819,18.345
20860820,19.389
20860821,19.435
20860822,17.64
20860823,16.529
20860824,17.131
20860825,17.788
20860826,18.984
20860827,20.802
20860828,18.55
20860829,18.348
20860830,17.954
20860831,16.476
20860901,15.462
20860902,14.688
20860903,16.629
20860904,15.094
20860905,14.45
20860906,13.567
20860907,14.913
20860908,15.993
20860909,16.375
20860910,16.295
20860911,18.749
20860912,18.414
20860913,15.849
20860914,12.642
20860915,15.192
20860916,14.318
20860917,15.309
20860918,15.93
20860919,14.633
20860920,14.837
20860921,15.632
20860922,13.28
20860923,12.021
20860924,12.27
20860925,14.316
20860926,14.036
20860927,14.663
20860928,16.739
20860929,18.027
20860930,17.751
20861001,16.137
20861002,14.908
20861003,16.142
20861004,15.972
20861005,16.131
20861006,14.308
20861007,13.012
20861008,10.617
20861009,11.151
20861010,11.082
20861011,10.62
20861012,8.3168
20861013,7.8922
20861014,10.74
20861015,13.668
20861016,12.083
20861017,10.678
20861018,12.945
20861019,9.2825
20861020,5.7733
20861021,5.783
20861022,4.8577
20861023,6.8137
20861024,10.164
20861025,7.4477
20861026,7.5157
20861027,4.9048
20861028,2.4471
20861029,10.188
20861030,9.3704
20861031,9.198
20861101,12.322
20861102,7.2847
20861103,6.3597
20861104,4.4286
20861105,2.979
20861106,3.0537
20861107,2.7174
20861108,2.6954
20861109,3.1069
20861110,3.1341
20861111,5.4216
20861112,7.2504
20861113,5.9894
20861114,6.4247
20861115,8.4057
20861116,13.343
20861117,12.194
20861118,12.401
20861119,12.793
20861120,13.196
20861121,11.758
20861122,8.2919
20861123,4.5529
20861124,2.116
20861125,7.5528
20861126,7.7625
20861127,7.7862
20861128,3.7034
20861129,1.9459
20861130,3.7798
20861201,7.0479
20861202,4.7713
20861203,2.6338
20861204,2.5659
20861205,2.9174
20861206,6.3049
20861207,4.4152
20861208,2.8366
20861209,0.019043
20861210,-0.0091654
20861211,4.9911
20861212,2.7377
20861213,5.6835
20861214,6.9457
20861215,3.7886
20861216,2.0431
20861217,0.98558
20861218,0.36305
20861219,5.9796
20861220,0.53391
20861221,-1.3557
20861222,0.90815
20861223,3.415
20861224,-0.46658
20861225,-2.8355
20861226,-4.2104
20861227,-4.1017
20861228,-2.9258
20861229,-2.3827
20861230,-2.1139
20861231,-1.8508
20870101,-1.732
20870102,0.94486
20870103,3.876
20870104,3.1527
20870105,-0.16593
20870106,3.0029
20870107,-0.30853
20870108,0.060883
20870109,3.7691
20870110,7.3638
20870111,3.5279
20870112,0.48345
20870113,-1.9097
20870114,-2.3907
20870115,4.6913
20870116,0.93762
20870117,-1.4915
20870118,-3.4233
20870119,-4.2953
20870120,-4.6941
20870121,-2.0484
20870122,-3.9952
20870123,-5.0269
20870124,-4.9888
20870125,-2.8391
20870126,-0.12594
20870127,-4.9784
20870128,-6.3139
20870129,-3.507
20870130,0.60305
20870131,3.6445
20870201,-0.11637
20870202,-2.1102
20870203,-2.8806
20870204,-2.9169
20870205,-2.8141
20870206,-2.8836
20870207,-3.1969
20870208,-2.0701
20870209,-1.8734
20870210,2.0504
20870211,1.1826
20870212,6.8092
20870213,6.5566
20870214,5.5802
20870215,5.5538
20870216,3.9176
20870217,4.6392
20870218,8.216
20870219,3.4916
20870220,2.596
20870221,3.6131
20870222,2.9776
20870223,3.4133
20870224,4.969
20870225,6.1226
20870226,3.6876
20870227,4.0402
20870228,4.5412
20870301,8.8683
20870302,4.7588
20870303,4.0395
20870304,1.6624
20870305,-0.057638
20870306,1.8018
20870307,1.3202
20870308,-0.90277
20870309,-2.0237
20870310,0.38957
20870311,7.1105
20870312,3.7314
20870313,4.3442
20870314,5.1951
20870315,2.4822
20870316,2.9175
20870317,5.5101
20870318,2.9031
20870319,3.4106
20870320,4.8944
20870321,4.9967
20870322,0.94718
20870323,-0.8403
20870324,3.6187
20870325,2.7108
20870326,1.1367
20870327,3.8067
20870328,2.1229
20870329,2.5314
20870330,5.4168
20870331,4.5044
20870401,4.9341
20870402,2.5664
20870403,4.6363
20870404,2.8915
20870405,-0.24884
20870406,5.4108
20870407,2.8134
20870408,-0.3497
20870409,0.070536
20870410,1.4463
20870411,0.42865
20870412,1.7469
20870413,3.2936
20870414,4.0502
20870415,4.0234
20870416,9.2991
20870417,8.5034
20870418,9.8553
20870419,5.6459
20870420,3.3771
20870421,2.8176
20870422,3.2299
20870423,2.4792
20870424,5.124
20870425,5.9693
20870426,5.7968
20870427,3.744
20870428,4.6343
20870429,4.2233
20870430,4.2117
20870501,6.7593
20870502,6.573
20870503,6.7415
20870504,5.301
20870505,3.6771
20870506,6.2112
20870507,8.1707
20870508,8.2376
20870509,10.326
20870510,12.255
20870511,12.898
20870512,12.477
20870513,13.143
20870514,12.47
20870515,11.5
20870516,11.534
20870517,11.752
20870518,13.376
20870519,14.35
20870520,13.043
20870521,14.424
20870522,14.828
20870523,13.223
20870524,16.232
20870525,14.329
20870526,13.287
20870527,12.319
20870528,15.541
20870529,12.293
20870530,10.878
20870531,10.501
20870601,11.413
20870602,12.243
20870603,12.615
20870604,14.074
20870605,14.113
20870606,14.547
20870607,15.528
20870608,15.458
20870609,15.357
20870610,17.313
20870611,17.667
20870612,18.21
20870613,14.909
20870614,14.188
20870615,15.373
20870616,13.91
20870617,14.334
20870618,14.976
20870619,15.406
20870620,16.473
20870621,13.185
20870622,13.911
20870623,15.797
20870624,15.703
20870625,14.265
20870626,15.57
20870627,14.713
20870628,16.684
20870629,17.906
20870630,16.306
20870701,17.078
20870702,18.936
20870703,20.916
20870704,22.361
20870705,20.332
20870706,21.255
20870707,18.658
20870708,17.204
20870709,21.634
20870710,22.14
20870711,20.611
20870712,20.521
20870713,19.844
20870714,20.727
20870715,21.232
20870716,20.916
20870717,20.413
20870718,20.175
20870719,19.304
20870720,20.552
20870721,21.055
20870722,21.228
20870723,21.092
20870724,23.206
20870725,24.27
20870726,23.813
20870727,22.522
20870728,23.132
20870729,21.892
20870730,21.984
20870731,22.311
20870801,22.744
20870802,22.893
20870803,22.902
20870804,20.84
20870805,21.397
20870806,21.705
20870807,18.152
20870808,17.265
20870809,17.366
20870810,20.301
20870811,21.816
20870812,20.916
20870813,20.71
20870814,21.918
20870815,18.677
20870816,19.763
20870817,22.708
20870818,23.723
20870819,24.099
20870820,23.336
20870821,23.412
20870822,23.112
20870823,22.069
20870824,23.75
20870825,21.101
20870826,21.293
20870827,17.961
20870828,18.946
20870829,19.736
20870830,18.978
20870831,17.062
20870901,18.762
20870902,19.262
20870903,18.466
20870904,18.808
20870905,18.902
20870906,19.96
20870907,21.042
20870908,20.845
20870909,19.88
20870910,19.845
20870911,19.772
20870912,18.316
20870913,17.11
20870914,20.394
20870915,18.414
20870916,18.202
20870917,18.521
20870918,15.977
20870919,14.859
20870920,15.401
20870921,17.603
20870922,17.714
20870923,17.94
20870924,17.342
20870925,20.374
20870926,19.301
20870927,18.846
20870928,21.231
20870929,15.128
20870930,14.269
20871001,13.025
20871002,12.117
20871003,12.845
20871004,10.96
20871005,10.11
20871006,11.808
20871007,13.856
20871008,15.801
20871009,13.848
20871010,12.332
20871011,13.371
20871012,10.652
20871013,8.7359
20871014,6.0608
20871015,5.4994
20871016,9.98
20871017,11.451
20871018,8.3459
20871019,5.1642
20871020,3.1702
20871021,4.4264
20871022,5.7737
20871023,12.089
20871024,12.351
20871025,12.818
20871026,13.748
20871027,14.208
20871028,12.235
20871029,11.408
20871030,8.9418
20871031,8.2485
20871101,8.6384
20871102,6.5812
20871103,2.941
20871104,1.399
20871105,-0.082031
20871106,0.21238
20871107,0.86407
20871108,1.5752
20871109,2.1466
20871110,9.1745
20871111,10.237
20871112,8.5899
20871113,9.4516
20871114,10.854
20871115,11.257
20871116,10.532
20871117,7.2323
20871118,5.2297
20871119,5.706
20871120,4.8787
20871121,7.1745
20871122,9.9832
20871123,5.2503
20871124,3.7289
20871125,2.8531
20871126,2.3552
20871127,1.3762
20871128,5.1729
20871129,3.9535
20871130,2.7116
20871201,0.11367
20871202,-0.70326
20871203,-1.395
20871204,-2.2956
20871205,-2.2268
20871206,-2.8731
20871207,-3.895
20871208,4.1761
20871209,4.7166
20871210,1.3728
20871211,-1.091
20871212,-2.7811
20871213,0.85168
20871214,2.1296
20871215,3.7812
20871216,1.9132
20871217,1.5968
20871218,0.91779
20871219,-0.6207
20871220,-0.83237
20871221,2.1404
20871222,6.0222
20871223,3.906
20871224,2.6211
20871225,3.1966
20871226,8.4295
20871227,8.6559
20871228,9.0521
20871229,9.7225
20871230,7.7645
20871231,7.4786
20880101,9.9118
20880102,5.0476
20880103,2.4543
20880104,1.7209
20880105,4.9186
20880106,4.6629
20880107,3.0472
20880108,0.85903
20880109,-0.88713
20880110,-1.4615
20880111,2.5116
20880112,3.6857
20880113,4.4584
20880114,3.4748
20880115,4.9682
20880116,2.9216
20880117,2.3935
20880118,0.10693
20880119,-1.882
20880120,-1.1129
20880121,7.9943
20880122,3.1822
20880123,1.115
20880124,2.1199
20880125,2.5372
20880126,4.1937
20880127,3.5503
20880128,0.25995
20880129,-0.76347
20880130,2.3292
20880131,0.71372
20880201,0.059855
20880202,8.4162
20880203,6.9835
20880204,8.7362
20880205,3.7794
20880206,1.7355
20880207,1.0115
20880208,1
20880209,0.77598
20880210,4.8507
20880211,8.9323
20880212,5.1876
20880213,4.2557
20880214,3.7226
20880215,2.2467
20880216,3.0735
20880217,9.051
20880218,6.4261
20880219,3.8306
20880220,1.9899
20880221,0.26097
20880222,4.4655
20880223,5.3865
20880224,5.024
20880225,4.1952
20880226,1.8223
20880227,1.3875
20880228,2.0364
20880229,2.3698
20880301,3.4933
20880302,1.8662
20880303,1.7382
20880304,2.1653
20880305,6.4584
20880306,4.6682
20880307,2.7116
20880308,4.0539
20880309,5.5326
20880310,8.1563
20880311,6.9208
20880312,3.4888
20880313,2.9768
20880314,0.45405
20880315,3.6127
20880316,4.9538
20880317,7.1831
20880318,6.3854
20880319,6.2872
20880320,8.5857
20880321,11.256
20880322,10.203
20880323,6.8933
20880324,7.6077
20880325,6.5914
20880326,8.8731
20880327,5.9183
20880328,6.6036
20880329,5.3725
20880330,2.4938
20880331,8.8928
20880401,6.7158
20880402,3.8109
20880403,5.662
20880404,6.1511
20880405,4.1153
20880406,3.4561
20880407,6.9775
20880408,7.6712
20880409,10.928
20880410,11.789
20880411,8.8789
20880412,8.7843
20880413,7.683
20880414,10.028
20880415,8.0523
20880416,6.4735
20880417,8.3388
20880418,8.8069
20880419,6.421
20880420,4.588
20880421,5.3678
20880422,6.61
20880423,7.5627
20880424,8.3849
20880425,10.221
20880426,7.371
20880427,4.3079
20880428,6.129
20880429,8.4905
20880430,8.8191
20880501,12.155
20880502,12.214
20880503,13.296
20880504,13.789
20880505,13.107
20880506,10.849
20880507,8.7881
20880508,8.286
20880509,7.1084
20880510,11.472
20880511,10.22
20880512,11.463
20880513,13.716
20880514,15.109
20880515,13.605
20880516,15.236
20880517,14.573
20880518,14.628
20880519,13.808
20880520,13.305
20880521,12.312
20880522,12.373
20880523,12.547
20880524,14.295
20880525,17.987
20880526,15.014
20880527,13.97
20880528,12.912
20880529,13.443
20880530,13.707
20880531,14.593
20880601,16.66
20880602,15.156
20880603,15.046
20880604,15.907
20880605,15.813
20880606,15.828
20880607,16.607
20880608,16.1
20880609,16.284
20880610,15.022
20880611,15.65
20880612,13.136
20880613,14.895
20880614,16.647
20880615,17.835
20880616,17.629
20880617,16.327
20880618,17.584
20880619,17.578
20880620,16.98
20880621,17.574
20880622,18.474
20880623,16.783
20880624,16.007
20880625,15.711
20880626,16.252
20880627,17.016
20880628,18.506
20880629,17.118
20880630,18.066
20880701,22.828
20880702,22.166
20880703,20.517
20880704,20.831
20880705,21.664
20880706,22.911
20880707,22.433
20880708,19.568
20880709,21.516
20880710,22.029
20880711,20.044
20880712,22.113
20880713,18.893
20880714,16.96
20880715,15.463
20880716,17.27
20880717,19.498
20880718,20.085
20880719,16.913
20880720,17.781
20880721,19.879
20880722,21.33
20880723,22.156
20880724,18.84
20880725,16.405
20880726,15.107
20880727,17.527
20880728,17.124
20880729,17.889
20880730,20.127
20880731,21.224
20880801,18.928
20880802,17.662
20880803,19.324
20880804,19.855
20880805,19.59
20880806,16.281
20880807,15.495
20880808,18.76
20880809,21.08
20880810,21.579
20880811,21.738
20880812,20.565
20880813,19.978
20880814,17.374
20880815,18.169
20880816,18.359
20880817,17.831
20880818,19.265
20880819,19.749
20880820,19.55
20880821,18.588
20880822,20.886
20880823,22.397
20880824,22.609
20880825,20.672
20880826,20.006
20880827,20.54
20880828,20.266
20880829,18.492
20880830,19.895
20880831,20.77
20880901,19.67
20880902,18.872
20880903,19.262
20880904,15.129
20880905,14.365
20880906,11.62
20880907,12.532
20880908,13.145
20880909,14.857
20880910,13.092
20880911,11.343
20880912,12.714
20880913,13.144
20880914,13.026
20880915,14.691
20880916,13.05
20880917,11.893
20880918,11.403
20880919,11.056
20880920,12.001
20880921,12.87
20880922,12.029
20880923,10.926
20880924,12.228
20880925,13.252
20880926,12.271
20880927,10.811
20880928,13.985
20880929,12.658
20880930,13.03
20881001,12.955
20881002,11.589
20881003,11.531
20881004,10.274
20881005,10.922
20881006,11.405
20881007,13.551
20881008,11.467
20881009,10.568
20881010,10.063
20881011,10.223
20881012,9.572
20881013,10.004
20881014,13.046
20881015,10.661
20881016,8.7081
20881017,5.4774
20881018,4.5553
20881019,6.7823
20881020,5.8175
20881021,5.1275
20881022,9.2024
20881023,9.5577
20881024,7.3598
20881025,5.8616
20881026,7.8034
20881027,6.7989
20881028,5.1336
20881029,3.8666
20881030,3.6942
20881031,4.4173
20881101,3.4772
20881102,4.4115
20881103,6.208
20881104,4.1033
20881105,3.8303
20881106,9.898
20881107,4.9037
20881108,3.3571
20881109,9.5274
20881110,5.8772
20881111,3.9093
20881112,5.1238
20881113,8.9729
20881114,4.31
20881115,4.2249
20881116,4.268
20881117,7.8119
20881118,5.8828
20881119,6.0266
20881120,5.0531
20881121,2.9011
20881122,2.4135
20881123,0.57159
20881124,0.35657
20881125,8.441
20881126,5.3674
20881127,5.1325
20881128,8.7731
20881129,4.1117
20881130,0.82221
20881201,-2.1976
20881202,-4.212
20881203,-4.5265
20881204,-1.103
20881205,-0.024994
20881206,-1.8055
20881207,0.68548
20881208,4.5177
20881209,4.8596
20881210,7.7158
20881211,10.359
20881212,6.9842
20881213,7.9129
20881214,6.0506
20881215,5.3017
20881216,4.8577
20881217,5.2963
20881218,5.8811
20881219,7.3116
20881220,4.4549
20881221,2.9514
20881222,6.1889
20881223,2.2293
20881224,0.96273
20881225,1.9561
20881226,4.663
20881227,3.5206
20881228,3.4573
20881229,3.8675
20881230,1.128
20881231,-0.13976
20890101,-2.418
20890102,-3.5572
20890103,-0.23955
20890104,3.3792
20890105,0.32891
20890106,-2.9679
20890107,-1.7763
20890108,2.9559
20890109,2.5543
20890110,6.3585
20890111,8.5672
20890112,5.1894
20890113,4.8839
20890114,4.1952
20890115,7.6379
20890116,3.4028
20890117,1.2535
20890118,2.4085
20890119,3.3494
20890120,3.0344
20890121,0.90559
20890122,-0.90087
20890123,3.3072
20890124,0.65188
20890125,0.50407
20890126,-1.4621
20890127,-0.07902
20890128,1.1539
20890129,-1.5657
20890130,-0.10771
20890131,0.47524
20890201,6.0985
20890202,5.4478
20890203,4.4306
20890204,2.0911
20890205,1.309
20890206,0.83559
20890207,4.7704
20890208,3.7331
20890209,5.5717
20890210,5.5729
20890211,2.7514
20890212,2.6669
20890213,5.4995
20890214,3.2496
20890215,0.36113
20890216,1.8301
20890217,3.3508
20890218,4.6526
20890219,7.5369
20890220,6.5488
20890221,5.1048
20890222,4.7851
20890223,4.636
20890224,4.666
20890225,4.813
20890226,5.1158
20890227,4.9714
20890228,9.0991
20890301,8.3793
20890302,7.1443
20890303,7.1637
20890304,8.1518
20890305,7.7385
20890306,5.378
20890307,3.512
20890308,4.9277
20890309,3.9517
20890310,5.9268
20890311,4.0963
20890312,6.1135
20890313,4.117
20890314,3.4702
20890315,3.7136
20890316,3.9704
20890317,2.3675
20890318,1.99
20890319,2.0432
20890320,1.0295
20890321,1.3384
20890322,1.9531
20890323,4.8954
20890324,2.9333
20890325,0.82329
20890326,3.402
20890327,6.6321
20890328,4.1689
20890329,4.0885
20890330,6.816
20890331,6.7636
20890401,7.7245
20890402,6.6789
20890403,4.4354
20890404,5.8644
20890405,8.981
20890406,8.3954
20890407,8.4348
20890408,6.1457
20890409,4.6827
20890410,3.2039
20890411,4.2437
20890412,10.632
20890413,9.0753
20890414,7.2674
20890415,4.5955
20890416,5.1226
20890417,7.903
20890418,7.3141
20890419,6.6189
20890420,8.1334
20890421,9.2536
20890422,7.5192
20890423,8.5651
20890424,8.387
20890425,9.4543
20890426,9.1428
20890427,9.8219
20890428,9.5824
20890429,8.3093
20890430,9.8545
20890501,10.989
20890502,10.511
20890503,11.96
20890504,12.538
20890505,11.199
20890506,11.711
20890507,10.733
20890508,11.646
20890509,10.995
20890510,12.614
20890511,11.183
20890512,11.464
20890513,11.017
20890514,9.1736
20890515,9.1192
20890516,11.666
20890517,12.219
20890518,11.585
20890519,11.851
20890520,11.515
20890521,12.559
20890522,11.327
20890523,11.678
20890524,12.307
20890525,12.508
20890526,14.545
20890527,14.906
20890528,15.084
20890529,13.829
20890530,14.501
20890531,17.114
20890601,16.402
20890602,15.748
20890603,15.373
20890604,12.996
20890605,11.354
20890606,13.547
20890607,13.747
20890608,14.215
20890609,16.977
20890610,15.967
20890611,15.806
20890612,15.453
20890613,15.855
20890614,16.616
20890615,15.977
20890616,14.533
20890617,14.678
20890618,13.493
20890619,12.244
20890620,13.48
20890621,12.328
20890622,13.978
20890623,15.951
20890624,15.616
20890625,16.294
20890626,15.192
20890627,14.993
20890628,14.151
20890629,14.227
20890630,11.581
20890701,15.625
20890702,14.672
20890703,16.656
20890704,18.125
20890705,21.105
20890706,21.155
20890707,20.049
20890708,17.404
20890709,15.809
20890710,18.785
20890711,19.083
20890712,19.809
20890713,21.382
20890714,18.426
20890715,17.505
20890716,17.836
20890717,18.844
20890718,21.883
20890719,19.335
20890720,19.166
20890721,19.839
20890722,23.308
20890723,21.399
20890724,21.76
20890725,24.893
20890726,23.357
20890727,23.453
20890728,22.258
20890729,22.797
20890730,22.148
20890731,20.563
20890801,17.765
20890802,16.036
20890803,15.834
20890804,14.258
20890805,17.112
20890806,17.532
20890807,19.022
20890808,19.223
20890809,19.66
20890810,20.079
20890811,20.538
20890812,19.68
20890813,18.192
20890814,17.745
20890815,18.282
20890816,16.575
20890817,15.57
20890818,15.529
20890819,17.13
20890820,18.121
20890821,17.343
20890822,16.45
20890823,17.669
20890824,19.26
20890825,19.506
20890826,18.347
20890827,15.918
20890828,16.316
20890829,19.153
20890830,18.357
20890831,18.405
20890901,18.357
20890902,17.702
20890903,18.692
20890904,19.008
20890905,19.863
20890906,20.651
20890907,19.437
20890908,20.027
20890909,20.676
20890910,19.273
20890911,18.644
20890912,18.983
20890913,19.241
20890914,18.685
20890915,19.886
20890916,20.924
20890917,19.802
20890918,17.984
20890919,21.399
20890920,12.768
20890921,10.938
20890922,11.169
20890923,13.204
20890924,17.118
20890925,16.507
20890926,15.872
20890927,15.42
20890928,14.1
20890929,14.982
20890930,15.664
20891001,13.725
20891002,12.714
20891003,11.616
20891004,12.547
20891005,14.727
20891006,16.967
20891007,17.84
20891008,11.301
20891009,8.8843
20891010,7.9262
20891011,7.8222
20891012,7.9362
20891013,12.407
20891014,8.1699
20891015,6.5358
20891016,4.575
20891017,8.8972
20891018,10.057
20891019,6.3481
20891020,7.2621
20891021,8.3511
20891022,10.012
20891023,12.072
20891024,16.181
20891025,15.853
20891026,15.351
20891027,16.282
20891028,12.41
20891029,9.7935
20891030,7.8944
20891031,8.1733
20891101,8.7125
20891102,8.7834
20891103,9.4729
20891104,9.2938
20891105,8.2435
20891106,6.5461
20891107,4.134
20891108,3.0479
20891109,2.8524
20891110,1.8734
20891111,1.0469
20891112,-0.61041
20891113,-0.93198
20891114,-0.19892
20891115,3.0338
20891116,0.29143
20891117,-0.43193
20891118,1.9559
20891119,2.7569
20891120,1.0225
20891121,2.2116
20891122,3.1164
20891123,2.0513
20891124,4.6262
20891125,2.3217
20891126,7.3283
20891127,11.416
20891128,12.077
20891129,12.03
20891130,10.996
20891201,9.289
20891202,9.833
20891203,10.102
20891204,3.6276
20891205,1.299
20891206,3.3712
20891207,3.0854
20891208,1.5308
20891209,-1.6959
20891210,-2.2744
20891211,-1.7837
20891212,-2.6354
20891213,-3.3788
20891214,-4.1671
20891215,-5.3688
20891216,-3.5958
20891217,0.21666
20891218,-2.0284
20891219,-3.3988
20891220,-4.0009
20891221,0.9511
20891222,-2.0028
20891223,-5.3221
20891224,-3.9615
20891225,-4.9722
20891226,-2.4142
20891227,-0.65059
20891228,-3.0157
20891229,-3.7604
20891230,1.383
20891231,3.7661
20900101,3.0431
20900102,2.4099
20900103,-0.15224
20900104,0.97181
20900105,-0.47667
20900106,-1.7029
20900107,-1.9436
20900108,-2.617
20900109,-3.5745
20900110,-2.4142
20900111,0.054169
20900112,-3.0885
20900113,-3.8156
20900114,-1.021
20900115,-3.0764
20900116,-2.1511
20900117,-3.0242
20900118,-2.9128
20900119,-2.226
20900120,5.2246
20900121,5.8971
20900122,7.3106
20900123,2.3583
20900124,1.3703
20900125,2.0206
20900126,1.8677
20900127,5.5941
20900128,7.0193
20900129,4.2846
20900130,4.7038
20900131,2.0885
20900201,-0.37606
20900202,0.52481
20900203,-1.9712
20900204,-2.2583
20900205,-3.5557
20900206,-3.1507
20900207,-1.9495
20900208,-1.9351
20900209,-2.5072
20900210,-0.76085
20900211,-2.4122
20900212,-2.4108
20900213,-1.8991
20900214,3.3678
20900215,3.1876
20900216,-0.92214
20900217,-0.73023
20900218,1.0851
20900219,0.68059
20900220,2.9518
20900221,1.7367
20900222,2.3429
20900223,-0.11005
20900224,1.5048
20900225,1.0949
20900226,1.5548
20900227,0.94288
20900228,-1.289
20900301,-0.93119
20900302,-1.6152
20900303,-1.3753
20900304,-1.8105
20900305,-0.45359
20900306,-1.229
20900307,-3.0524
20900308,-4.4799
20900309,-3.5058
20900310,-1.8718
20900311,0.034251
20900312,-1.9279
20900313,1.7431
20900314,4.0007
20900315,3.1266
20900316,5.0798
20900317,7.3607
20900318,5.4707
20900319,2.8387
20900320,2.9745
20900321,3.2625
20900322,3.4819
20900323,0.5162
20900324,-0.4298
20900325,1.8813
20900326,3.2041
20900327,3.0872
20900328,2.1369
20900329,0.43239
20900330,3.1113
20900331,0.77101
20900401,0.7288
20900402,1.2126
20900403,5.5207
20900404,3.189
20900405,4.7712
20900406,9.4581
20900407,8.0439
20900408,7.6269
20900409,8.249
20900410,7.5175
20900411,8.647
20900412,8.3599
20900413,5.142
20900414,4.2885
20900415,3.2951
20900416,3.3987
20900417,4.6614
20900418,6.7404
20900419,9.0351
20900420,8.4796
20900421,11.129
20900422,11.056
20900423,9.0686
20900424,6.7578
20900425,5.4032
20900426,2.7484
20900427,3.4881
20900428,6.3742
20900429,5.4633
20900430,6.5678
20900501,10.46
20900502,7.1738
20900503,5.7638
20900504,8.1931
20900505,7.1932
20900506,6.0155
20900507,6.93
20900508,6.5468
20900509,10.325
20900510,6.6903
20900511,4.3809
20900512,5.7284
20900513,6.361
20900514,10.8
20900515,9.1338
20900516,5.9043
20900517,4.3023
20900518,8.1945
20900519,8.0419
20900520,7.181
20900521,11.407
20900522,11.089
20900523,9.7583
20900524,7.3348
20900525,9.647
20900526,10.099
20900527,11.868
20900528,13.148
20900529,12.627
20900530,11.457
20900531,10.051
20900601,9.2703
20900602,12.591
20900603,12.502
20900604,10.781
20900605,12.564
20900606,13.661
20900607,13.172
20900608,13.608
20900609,13.118
20900610,14.722
20900611,16.199
20900612,15.786
20900613,15.062
20900614,14.244
20900615,11.954
20900616,13.902
20900617,11.423
20900618,10.121
20900619,12.229
20900620,15.045
20900621,14.289
20900622,11.277
20900623,14.818
20900624,15.984
20900625,16.143
20900626,16.44
20900627,14.377
20900628,14.747
20900629,14.017
20900630,11.273
20900701,13.682
20900702,16.561
20900703,16.263
20900704,14.506
20900705,13.036
20900706,12.68
20900707,11.983
20900708,12.407
20900709,14.957
20900710,15.509
20900711,16.382
20900712,17.513
20900713,16.64
20900714,17.015
20900715,17.239
20900716,16.967
20900717,17.431
20900718,18.041
20900719,20.426
20900720,20.148
20900721,21.568
20900722,19.188
20900723,20.439
20900724,19.349
20900725,21.103
20900726,15.478
20900727,13.142
20900728,15.199
20900729,18.498
20900730,18.032
20900731,15.483
20900801,18.754
20900802,17.924
20900803,16.458
20900804,18.434
20900805,16.645
20900806,18.088
20900807,19.981
20900808,21.336
20900809,21.942
20900810,23.767
20900811,21.526
20900812,19.967
20900813,20.875
20900814,21.105
20900815,20.338
20900816,19.518
20900817,18.957
20900818,19.519
20900819,18.574
20900820,18.921
20900821,19.146
20900822,19.787
20900823,20.086
20900824,19.956
20900825,20.061
20900826,21.082
20900827,18.747
20900828,20.3
20900829,18.602
20900830,20.324
20900831,19.52
20900901,18.423
20900902,19.579
20900903,19.496
20900904,18.974
20900905,17.177
20900906,14.903
20900907,12.049
20900908,13.481
20900909,15.16
20900910,16.471
20900911,16.675
20900912,16.375
20900913,15.846
20900914,15.141
20900915,18.275
20900916,18.48
20900917,17.149
20900918,15.633
20900919,13.498
20900920,11.481
20900921,12.37
20900922,11.424
20900923,11.389
20900924,10.809
20900925,11.337
20900926,13.594
20900927,13.95
20900928,15.5
20900929,14.18
20900930,13.925
20901001,13.094
20901002,10.792
20901003,11.84
20901004,9.6413
20901005,10.171
20901006,11.525
20901007,13.528
20901008,11.141
20901009,9.3222
20901010,8.9619
20901011,9.683
20901012,10.804
20901013,9.985
20901014,8.4752
20901015,7.9524
20901016,7.4245
20901017,8.4473
20901018,8.133
20901019,11.51
20901020,13.057
20901021,13.855
20901022,13.419
20901023,12.988
20901024,10.491
20901025,8.3643
20901026,8.8219
20901027,8.0126
20901028,8.522
20901029,8.5702
20901030,11.593
20901031,9.5507
20901101,8.6267
20901102,10.101
20901103,8.8608
20901104,8.6216
20901105,8.6486
20901106,8.5803
20901107,7.3851
20901108,7.7141
20901109,5.3843
20901110,3.6062
20901111,3.0683
20901112,3.0916
20901113,8.3308
20901114,6.7546
20901115,3.8303
20901116,7.2677
20901117,5.6808
20901118,6.4963
20901119,2.8769
20901120,0.84791
20901121,7.3118
20901122,4.6493
20901123,2.0797
20901124,0.81295
20901125,1.2772
20901126,0.93536
20901127,-0.68479
20901128,-0.81844
20901129,0.96682
20901130,2.0892
20901201,0.06547
20901202,-0.85383
20901203,-0.07959
20901204,4.8412
20901205,4.6757
20901206,2.0201
20901207,-1.2292
20901208,-2.8005
20901209,-2.7379
20901210,-3.2511
20901211,-4.0337
20901212,-5.9178
20901213,-5.9233
20901214,2.1756
20901215,4.0689
20901216,4.6673
20901217,2.5556
20901218,2.9822
20901219,1.3819
20901220,-0.82684
20901221,-2.0457
20901222,-1.9106
20901223,-2.6443
20901224,-3.8025
20901225,-4.2624
20901226,-4.0406
20901227,-2.9844
20901228,-4.1593
20901229,-4.6519
20901230,-2.9231
20901231,-1.8989
20910101,3.641
20910102,-0.91212
20910103,-2.5118
20910104,-3.3262
20910105,-3.4597
20910106,-0.94236
20910107,0.38004
20910108,2.2271
20910109,-0.024699
20910110,2.7844
20910111,5.8187
20910112,0.64296
20910113,-0.95045
20910114,-1.6215
20910115,-1.1928
20910116,-2.5911
20910117,-3.3725
20910118,0.028931
20910119,1.4486
20910120,-0.014638
20910121,0.89576
20910122,1.0107
20910123,3.8036
20910124,2.2459
20910125,2.0438
20910126,-0.45853
20910127,-1.6579
20910128,-1.0231
20910129,1.2148
20910130,2.6972
20910131,2.1879
20910201,1.5084
20910202,0.33868
20910203,0.5897
20910204,-0.51122
20910205,-0.40161
20910206,0.216
20910207,-1.9951
20910208,-0.1136
20910209,-2.2514
20910210,-3.2999
20910211,-3.8384
20910212,-2.52
20910213,0.76336
20910214,1.8533
20910215,3.9308
20910216,3.9237
20910217,1.6799
20910218,1.1749
20910219,0.063761
20910220,5.1494
20910221,2.0166
20910222,1.6787
20910223,3.3255
20910224,0.4834
20910225,-0.088582
20910226,-0.86168
20910227,-0.38689
20910228,-0.91531
20910301,-1.0865
20910302,-2.106
20910303,-1.6119
20910304,0.62144
20910305,-0.99645
20910306,-1.0418
20910307,-0.47045
20910308,-1.2894
20910309,-0.47987
20910310,0.47052
20910311,-0.49694
20910312,-0.38442
20910313,-1.7974
20910314,0.22282
20910315,5.1532
20910316,4.1258
20910317,2.3186
20910318,3.2221
20910319,6.3088
20910320,7.0971
20910321,3.092
20910322,4.5368
20910323,5.341
20910324,6.4354
20910325,9.3675
20910326,7.147
20910327,6.1686
20910328,4.8979
20910329,3.623
20910330,2.3592
20910331,3.0169
20910401,4.1437
20910402,7.0242
20910403,8.646
20910404,5.9248
20910405,5.1783
20910406,7.8668
20910407,4.177
20910408,2.0954
20910409,5.0382
20910410,2.2452
20910411,3.3825
20910412,6.7556
20910413,7.1894
20910414,3.7275
20910415,1.1238
20910416,5.1523
20910417,7.9936
20910418,7.4053
20910419,4.2333
20910420,3.4981
20910421,8.3321
20910422,6.0718
20910423,4.9096
20910424,3.3911
20910425,7.5157
20910426,5.2983
20910427,7.0611
20910428,6.4773
20910429,7.9973
20910430,8.3091
20910501,10.029
20910502,8.1175
20910503,8.1239
20910504,11.534
20910505,8.7095
20910506,9.3641
20910507,9.9498
20910508,11.245
20910509,10.708
20910510,8.6457
20910511,8.5703
20910512,6.8132
20910513,9.6695
20910514,12.202
20910515,13.328
20910516,8.5533
20910517,5.8688
20910518,9.8863
20910519,11.291
20910520,9.1844
20910521,9.6113
20910522,11.166
20910523,13.091
20910524,13.881
20910525,14.069
20910526,15.353
20910527,16.478
20910528,14.031
20910529,13.027
20910530,12.054
20910531,11.081
20910601,13.709
20910602,12.707
20910603,13.663
20910604,14.355
20910605,13.285
20910606,14.907
20910607,15.963
20910608,14.092
20910609,16.595
20910610,13.827
20910611,11.266
20910612,11.19
20910613,17.147
20910614,16.588
20910615,16.481
20910616,16.765
20910617,18.344
20910618,18.595
20910619,20.091
20910620,19.873
20910621,17.713
20910622,17.82
20910623,17.712
20910624,17.027
20910625,19.637
20910626,19.384
20910627,20.004
20910628,18.979
20910629,16.583
20910630,17.06
20910701,17.156
20910702,18.115
20910703,17.751
20910704,17.978
20910705,17.531
20910706,20.161
20910707,21.237
20910708,20.293
20910709,18.881
20910710,19.396
20910711,19.694
20910712,18.51
20910713,17.284
20910714,19.036
20910715,19.312
20910716,17.442
20910717,18.989
20910718,18.054
20910719,17.23
20910720,17.789
20910721,15.421
20910722,17.987
20910723,18.431
20910724,18.723
20910725,18.914
20910726,19.792
20910727,18.664
20910728,19.437
20910729,20.768
20910730,19.608
20910731,17.935
20910801,16.538
20910802,15.48
20910803,18.968
20910804,16.886
20910805,15.89
20910806,16.777
20910807,18.292
20910808,15.716
20910809,13.634
20910810,15.744
20910811,12.649
20910812,16.387
20910813,17.703
20910814,17.174
20910815,17.931
20910816,18.087
20910817,18.783
20910818,18.266
20910819,17.833
20910820,19.243
20910821,20.17
20910822,18.38
20910823,17.177
20910824,18.381
20910825,18.039
20910826,16.94
20910827,17.055
20910828,18.621
20910829,19.114
20910830,20.072
20910831,20.779
20910901,20.596
20910902,21.29
20910903,20.773
20910904,20.041
20910905,16.526
20910906,13.357
20910907,12.181
20910908,13.231
20910909,15.464
20910910,15.569
20910911,18.132
20910912,19.76
20910913,13.762
20910914,12.862
20910915,12.095
20910916,12.761
20910917,11.436
20910918,16.302
20910919,14.138
20910920,12.831
20910921,12.166
20910922,10.754
20910923,7.8739
20910924,10.07
20910925,10.402
20910926,11.273
20910927,14.226
20910928,12.57
20910929,12.535
20910930,13.601
20911001,14.487
20911002,14.582
20911003,13.245
20911004,13.061
20911005,11.713
20911006,13.937
20911007,11.876
20911008,11.134
20911009,9.9201
20911010,9.4039
20911011,9.0723
20911012,8.9616
20911013,10.936
20911014,11.299
20911015,8.122
20911016,7.0631
20911017,6.3032
20911018,11.911
20911019,11.323
20911020,9.1436
20911021,8.934
20911022,10.611
20911023,9.1025
20911024,7.4311
20911025,9.7485
20911026,8.474
20911027,14.281
20911028,11.148
20911029,9.3559
20911030,7.227
20911031,8.8159
20911101,10.493
20911102,9.7246
20911103,7.4257
20911104,4.5954
20911105,7.7873
20911106,8.126
20911107,6.3684
20911108,4.1188
20911109,7.1272
20911110,7.1145
20911111,9.7326
20911112,7.3202
20911113,3.7537
20911114,1.5308
20911115,1.005
20911116,5.2685
20911117,3.7138
20911118,1.0099
20911119,0.67202
20911120,0.11693
20911121,0.22316
20911122,-1.3455
20911123,0.4871
20911124,2.8122
20911125,6.04
20911126,3.7065
20911127,4.4857
20911128,2.2219
20911129,1.4412
20911130,4.1596
20911201,2.2929
20911202,8.4315
20911203,8.6288
20911204,5.4942
20911205,4.5721
20911206,5.0246
20911207,2.5694
20911208,1.1745
20911209,-0.010732
20911210,-2.1346
20911211,-2.2502
20911212,5.8905
20911213,6.1155
20911214,4.1431
20911215,1.7239
20911216,2.5212
20911217,4.7399
20911218,3.4643
20911219,3.7692
20911220,6.9927
20911221,2.5786
20911222,-0.86764
20911223,-0.9021
20911224,-1.1524
20911225,-1.3496
20911226,1.4205
20911227,0.79164
20911228,2.4567
20911229,1.2669
20911230,0.25883
20911231,-0.72683
20920101,-2.647
20920102,-1.5864
20920103,7.6622
20920104,6.6268
20920105,4.924
20920106,3.7011
20920107,7.6629
20920108,8.4862
20920109,3.2135
20920110,5.7499
20920111,5.9238
20920112,3.6495
20920113,4.4107
20920114,3.6157
20920115,2.5978
20920116,3.3199
20920117,0.91929
20920118,6.3709
20920119,6.9349
20920120,9.605
20920121,7.5462
20920122,5.4298
20920123,5.752
20920124,3.2125
20920125,0.77678
20920126,-1.0723
20920127,-0.972
20920128,-2.0371
20920129,-1.5819
20920130,-2.2098
20920131,1.5662
20920201,0.87444
20920202,0.3068
20920203,0.29641
20920204,-0.11716
20920205,0.41432
20920206,2.3913
20920207,1.128
20920208,7.6909
20920209,3.824
20920210,2.7038
20920211,0.52188
20920212,-1.4038
20920213,3.3021
20920214,3.4987
20920215,1.2905
20920216,2.0297
20920217,4.1618
20920218,3.5731
20920219,1.4716
20920220,1.8651
20920221,1.2242
20920222,4.1081
20920223,1.8139
20920224,1.0198
20920225,3.8675
20920226,3.225
20920227,6.1509
20920228,1.9446
20920229,1.2324
20920301,-0.43475
20920302,2.0857
20920303,4.6127
20920304,4.9126
20920305,7.1226
20920306,5.2336
20920307,4.4145
20920308,4.0355
20920309,4.6569
20920310,2.6668
20920311,2.3633
20920312,3.2568
20920313,3.9405
20920314,4.7609
20920315,4.3323
20920316,9.3232
20920317,10.481
20920318,7.8403
20920319,3.7116
20920320,1.3743
20920321,2.1079
20920322,0.3227
20920323,6.4531
20920324,6.684
20920325,10.065
20920326,9.2093
20920327,6.4877
20920328,6.2029
20920329,3.8976
20920330,4.8595
20920331,7.7007
20920401,7.2597
20920402,8.0692
20920403,11.169
20920404,7.495
20920405,6.3237
20920406,5.3176
20920407,7.7954
20920408,8.8964
20920409,11.01
20920410,10.693
20920411,9.0773
20920412,6.723
20920413,6.8734
20920414,7.1604
20920415,9.2632
20920416,9.5193
20920417,7.5988
20920418,8.4715
20920419,12.118
20920420,8.6788
20920421,9.3602
20920422,9.4943
20920423,6.9499
20920424,6.993
20920425,10.204
20920426,8.4644
20920427,8.1399
20920428,9.021
20920429,13.117
20920430,11.329
20920501,12.342
20920502,12.885
20920503,12.505
20920504,12.24
20920505,11.579
20920506,11.875
20920507,10.837
20920508,10.904
20920509,14.562
20920510,11.472
20920511,9.9057
20920512,11.655
20920513,11.098
20920514,9.9276
20920515,9.9928
20920516,12.05
20920517,11.648
20920518,12.267
20920519,13.213
20920520,12.489
20920521,10.918
20920522,11.46
20920523,10.033
20920524,13.942
20920525,13.014
20920526,12.364
20920527,13.074
20920528,14.201
20920529,13.103
20920530,11.942
20920531,13.071
20920601,14.468
20920602,18.233
20920603,15.812
20920604,14.306
20920605,14.618
20920606,17.44
20920607,15.427
20920608,14.525
20920609,15.007
20920610,18.317
20920611,16.16
20920612,14.588
20920613,14.095
20920614,15.615
20920615,14.885
20920616,15.098
20920617,16.843
20920618,16.309
20920619,17.453
20920620,17.079
20920621,18.434
20920622,16.39
20920623,14.496
20920624,13.831
20920625,14.489
20920626,13.63
20920627,13.516
20920628,12.749
20920629,12.601
20920630,13.585
20920701,14.433
20920702,16.256
20920703,13.627
20920704,11.45
20920705,14.317
20920706,17.807
20920707,17.312
20920708,19.063
20920709,19.606
20920710,18.077
20920711,15.673
20920712,14.633
20920713,16.549
20920714,18.516
20920715,20.868
20920716,19.587
20920717,21.118
20920718,18.993
20920719,18.384
20920720,16.344
20920721,14.364
20920722,13.877
20920723,15.422
20920724,16.452
20920725,17.004
20920726,18.424
20920727,17.747
20920728,19.425
20920729,17.055
20920730,17.081
20920731,19.451
20920801,17.207
20920802,17.492
20920803,19.214
20920804,20.132
20920805,20.947
20920806,20.267
20920807,19.484
20920808,19.791
20920809,19.565
20920810,20.981
20920811,21.12
20920812,20.443
20920813,18.374
20920814,19.33
20920815,20.746
20920816,21.306
20920817,18.768
20920818,15.257
20920819,14.283
20920820,17.917
20920821,19.067
20920822,19.462
20920823,21.327
20920824,21.348
20920825,21.038
20920826,20.323
20920827,19.824
20920828,20.063
20920829,19.587
20920830,19.16
20920831,19.756
20920901,20.011
20920902,22.345
20920903,22.593
20920904,20.677
20920905,20.452
20920906,20.238
20920907,19.272
20920908,19.164
20920909,20.128
20920910,19.505
20920911,17.733
20920912,18.071
20920913,17.529
20920914,17.51
20920915,17.839
20920916,17.225
20920917,14.289
20920918,13.849
20920919,14.677
20920920,15.84
20920921,17.294
20920922,19.283
20920923,20.175
20920924,18.202
20920925,18.601
20920926,19.31
20920927,18.5
20920928,17.965
20920929,16.705
20920930,15.283
20921001,13.735
20921002,14.22
20921003,16.84
20921004,16.08
20921005,15.761
20921006,16.625
20921007,16.704
20921008,17.266
20921009,15.518
20921010,15.054
20921011,15.927
20921012,14.081
20921013,13.268
20921014,13.954
20921015,12.26
20921016,10.225
20921017,11.476
20921018,16.169
20921019,16.518
20921020,13.261
20921021,11.62
20921022,11.064
20921023,13.645
20921024,13.511
20921025,12.253
20921026,10.442
20921027,9.7203
20921028,8.8612
20921029,7.1782
20921030,13.035
20921031,13.826
20921101,11.953
20921102,10.328
20921103,9.8804
20921104,8.3958
20921105,9.7265
20921106,8.4756
20921107,10.232
20921108,8.5486
20921109,8.2036
20921110,7.4071
20921111,6.6907
20921112,9.8169
20921113,10.021
20921114,12.726
20921115,14.491
20921116,9.9629
20921117,6.7008
20921118,4.1454
20921119,5.752
20921120,3.923
20921121,2.2093
20921122,1.0547
20921123,0.50526
20921124,6.5651
20921125,6.6058
20921126,6.3567
20921127,7.4507
20921128,5.0712
20921129,4.4187
20921130,3.6561
20921201,2.234
20921202,2.5591
20921203,1.2197
20921204,-0.62468
20921205,0.98264
20921206,3.9364
20921207,1.8017
20921208,0.13961
20921209,0.94465
20921210,4.1995
20921211,-2.8544
20921212,-4.1577
20921213,-3.0993
20921214,-2.8014
20921215,-3.2593
20921216,-4.3699
20921217,-1.684
20921218,-2.8364
20921219,-2.289
20921220,-3.917
20921221,-3.6549
20921222,-3.2479
20921223,-3.1599
20921224,-2.4762
20921225,-3.626
20921226,-2.7547
20921227,-0.36596
20921228,-1.247
20921229,3.1455
20921230,0.26699
20921231,-1.2695
20930101,0.16045
20930102,-0.80331
20930103,-1.8039
20930104,-1.0866
20930105,-0.4204
20930106,-0.21297
20930107,-0.53834
20930108,-0.88377
20930109,-0.75006
20930110,-2.2819
20930111,-1.2695
20930112,-1.4466
20930113,-4.1248
20930114,-4.539
20930115,-2.2663
20930116,-1.2388
20930117,-3.0019
20930118,-3.0061
20930119,-0.76941
20930120,-2.7079
20930121,-3.1921
20930122,-2.9373
20930123,-4.1625
20930124,-5.2438
20930125,-5.2334
20930126,-5.0233
20930127,-4.6391
20930128,-4.204
20930129,-3.7487
20930130,-3.3691
20930131,-3.3313
20930201,-3.2656
20930202,-3.1763
20930203,-3.1548
20930204,-3.7096
20930205,-3.9305
20930206,-3.1712
20930207,-1.5766
20930208,-0.7842
20930209,-0.17059
20930210,-2.1899
20930211,-2.6129
20930212,-3.488
20930213,-2.0474
20930214,-1.7642
20930215,0.057048
20930216,-2.4658
20930217,-4.1272
20930218,-2.772
20930219,-4.5341
20930220,-2.2126
20930221,-0.57513
20930222,-2.8026
20930223,-3.9223
20930224,-2.8971
20930225,5.3833
20930226,3.7532
20930227,2.2802
20930228,1.8021
20930301,1.5288
20930302,0.74883
20930303,-0.88918
20930304,1.8354
20930305,0.72587
20930306,2.6695
20930307,0.52239
20930308,1.8152
20930309,2.0188
20930310,2.0653
20930311,2.5656
20930312,4.3403
20930313,5.2675
20930314,2.3383
20930315,5.2668
20930316,4.9009
20930317,3.7958
20930318,7.7421
20930319,8.2107
20930320,8.5246
20930321,8.5497
20930322,7.5515
20930323,7.9578
20930324,5.5347
20930325,3.8069
20930326,2.7707
20930327,0.86685
20930328,5.7432
20930329,2.9319
20930330,3.4977
20930331,7.6566
20930401,5.2339
20930402,8.7408
20930403,6.8694
20930404,3.6589
20930405,2.198
20930406,5.5245
20930407,12.023
20930408,11.696
20930409,11.967
20930410,8.6563
20930411,8.0004
20930412,8.2112
20930413,11.46
20930414,10.401
20930415,8.7748
20930416,9.573
20930417,9.4639
20930418,10.142
20930419,10.549
20930420,12.27
20930421,10.28
20930422,9.0835
20930423,9.3165
20930424,11.74
20930425,14.21
20930426,12.509
20930427,11.994
20930428,11.405
20930429,12.067
20930430,14.06
20930501,13.408
20930502,12.807
20930503,12.48
20930504,9.3023
20930505,7.7146
20930506,9.6652
20930507,7.4243
20930508,7.7264
20930509,11.556
20930510,12.941
20930511,10.42
20930512,9.2649
20930513,12.792
20930514,13.009
20930515,14.665
20930516,14.687
20930517,12.331
20930518,11.131
20930519,12.311
20930520,12.068
20930521,9.1464
20930522,7.0437
20930523,7.7794
20930524,7.7589
20930525,10.607
20930526,11.232
20930527,14.187
20930528,15.77
20930529,16.231
20930530,16.439
20930531,15.335
20930601,12.693
20930602,12.92
20930603,13.562
20930604,14.607
20930605,17.958
20930606,17.788
20930607,17.113
20930608,17.523
20930609,19.711
20930610,18.372
20930611,17.679
20930612,18.661
20930613,17.752
20930614,16.869
20930615,17.506
20930616,16.86
20930617,16.268
20930618,17.498
20930619,14.335
20930620,12.275
20930621,16.126
20930622,16.229
20930623,17.273
20930624,16.848
20930625,16.683
20930626,16.392
20930627,18.142
20930628,16.137
20930629,18.047
20930630,15.657
20930701,18.093
20930702,19.16
20930703,18.569
20930704,17.376
20930705,16.076
20930706,16.13
20930707,17.728
20930708,18.547
20930709,19.111
20930710,21.326
20930711,21.111
20930712,21.608
20930713,21.824
20930714,21.036
20930715,21.148
20930716,21.013
20930717,21.1
20930718,21.76
20930719,20.62
20930720,20.406
20930721,20.797
20930722,20.06
20930723,19.843
20930724,17.233
20930725,16.072
20930726,18.087
20930727,17.964
20930728,19.296
20930729,16.093
20930730,15.861
20930731,16.181
20930801,17.327
20930802,19.125
20930803,19.453
20930804,16.997
20930805,16.697
20930806,18.063
20930807,18.973
20930808,19.555
20930809,17.55
20930810,15.719
20930811,15.283
20930812,14.497
20930813,16.595
20930814,19.658
20930815,18.492
20930816,20.498
20930817,18.669
20930818,16.464
20930819,16.678
20930820,18.249
20930821,17.201
20930822,19.4
20930823,18.218
20930824,18.116
20930825,15.073
20930826,13.688
20930827,14.842
20930828,16.111
20930829,14.877
20930830,15.071
20930831,15.076
20930901,16.313
20930902,18.312
20930903,15.705
20930904,13.826
20930905,15.298
20930906,15.07
20930907,16.239
20930908,16.964
20930909,18.77
20930910,17.709
20930911,17.048
20930912,17.687
20930913,17.801
20930914,17.852
20930915,18.567
20930916,18.804
20930917,13.368
20930918,10.972
20930919,13.952
20930920,12.334
20930921,15.43
20930922,14.209
20930923,18.3
20930924,16.93
20930925,14.864
20930926,13.133
20930927,12.055
20930928,13.218
20930929,12.282
20930930,9.5708
20931001,10.009
20931002,9.5946
20931003,7.2132
20931004,8.676
20931005,8.0534
20931006,8.7126
20931007,11.353
20931008,12.909
20931009,12.118
20931010,9.8366
20931011,7.4153
20931012,5.6255
20931013,5.0279
20931014,9.8062
20931015,8.0247
20931016,7.9453
20931017,11.148
20931018,9.3624
20931019,12.104
20931020,11.75
20931021,10.28
20931022,12.962
20931023,14.496
20931024,14.805
20931025,14.759
20931026,12.958
20931027,11.529
20931028,9.4336
20931029,7.3481
20931030,5.3825
20931031,6.5206
20931101,8.5369
20931102,7.9186
20931103,7.5605
20931104,6.5142
20931105,6.0854
20931106,2.9885
20931107,1.0187
20931108,0.093323
20931109,2.326
20931110,1.2768
20931111,0.90366
20931112,6.6406
20931113,4.6262
20931114,4.1167
20931115,8.1559
20931116,4.3411
20931117,1.2231
20931118,-0.01181
20931119,1.9057
20931120,1.1007
20931121,0.6915
20931122,2.408
20931123,1.8316
20931124,0.72057
20931125,0.39103
20931126,0.45141
20931127,-0.25372
20931128,-0.41884
20931129,-1.0492
20931130,-0.99754
20931201,3.4981
20931202,1.2708
20931203,5.3254
20931204,5.8473
20931205,9.1626
20931206,9.9082
20931207,7.8754
20931208,1.9635
20931209,0.71309
20931210,2.8506
20931211,4.1895
20931212,5.7905
20931213,5.6926
20931214,4.1025
20931215,6.3558
20931216,7.7933
20931217,9.1015
20931218,8.5492
20931219,6.1
20931220,5.8333
20931221,4.9207
20931222,3.6919
20931223,10.841
20931224,11.764
20931225,10.685
20931226,9.7477
20931227,5.6406
20931228,3.877
20931229,6.5189
20931230,7.4206
20931231,10.261
20940101,5.1035
20940102,2.8466
20940103,2.6507
20940104,1.9563
20940105,0.92036
20940106,0.71005
20940107,0.20211
20940108,0.48529
20940109,3.0813
20940110,0.93276
20940111,0.31811
20940112,-0.34416
20940113,-0.29577
20940114,-0.62932
20940115,2.2609
20940116,1.6174
20940117,1.2864
20940118,5.7393
20940119,4.8413
20940120,7.5358
20940121,9.0578
20940122,3.7833
20940123,1.5424
20940124,0.35772
20940125,-1.4851
20940126,-2
20940127,0.49203
20940128,0.56027
20940129,0.35724
20940130,1.6884
20940131,-0.42151
20940201,-1.2235
20940202,-1.2519
20940203,-0.62936
20940204,3.9594
20940205,9.3232
20940206,8.287
20940207,5.694
20940208,1.5659
20940209,5.1092
20940210,3.8871
20940211,0.92616
20940212,4.9338
20940213,2.0649
20940214,6.3999
20940215,6.5857
20940216,4.5657
20940217,5.0475
20940218,4.8957
20940219,2.5429
20940220,3.5009
20940221,8.8327
20940222,7.9551
20940223,7.964
20940224,6.5063
20940225,7.1366
20940226,10.222
20940227,5.5208
20940228,3.6077
20940301,5.3246
20940302,5.0037
20940303,5.9996
20940304,3.2863
20940305,3.0578
20940306,3.9509
20940307,0.87008
20940308,4.4425
20940309,1.9114
20940310,3.6194
20940311,6.9586
20940312,5.8565
20940313,4.5262
20940314,0.51211
20940315,0.035136
20940316,1.0008
20940317,2.3225
20940318,3.0559
20940319,7.976
20940320,11.645
20940321,8.0326
20940322,6.2092
20940323,5.5809
20940324,10.843
20940325,9.1341
20940326,7.4655
20940327,3.9153
20940328,4.5143
20940329,7.9313
20940330,4.8282
20940331,7.9685
20940401,7.2597
20940402,7.7714
20940403,6.0583
20940404,6.1786
20940405,9.8204
20940406,9.327
20940407,8.5706
20940408,8.7622
20940409,9.1265
20940410,9.2077
20940411,8.5667
20940412,8.6325
20940413,7.9318
20940414,6.3131
20940415,7.0479
20940416,7.4828
20940417,5.0527
20940418,4.6289
20940419,6.6701
20940420,8.2652
20940421,11.549
20940422,9.0624
20940423,6.684
20940424,7.4147
20940425,4.6037
20940426,5.7182
20940427,6.7508
20940428,9.8475
20940429,8.6989
20940430,12.493
20940501,12.73
20940502,11.696
20940503,10.874
20940504,12.555
20940505,11.305
20940506,10.514
20940507,8.2335
20940508,11.365
20940509,10.33
20940510,12.04
20940511,12.41
20940512,12.738
20940513,14.409
20940514,14.598
20940515,13.344
20940516,13.251
20940517,13.251
20940518,13.495
20940519,13.296
20940520,12.585
20940521,14.673
20940522,13.472
20940523,12.473
20940524,13.694
20940525,12.822
20940526,10.829
20940527,10.689
20940528,12.994
20940529,13.611
20940530,15.751
20940531,14.411
20940601,13.801
20940602,15.64
20940603,13.585
20940604,12.004
20940605,14.109
20940606,17.334
20940607,17.324
20940608,16.133
20940609,17.146
20940610,16.536
20940611,17.801
20940612,16.663
20940613,18.625
20940614,16.52
20940615,16.394
20940616,15.255
20940617,16.069
20940618,20.495
20940619,19.987
20940620,18.482
20940621,18.239
20940622,18.844
20940623,17.545
20940624,18.079
20940625,17.021
20940626,17.85
20940627,18.402
20940628,16.085
20940629,14.471
20940630,16.585
20940701,17.933
20940702,15.664
20940703,17.651
20940704,17.265
20940705,19.347
20940706,20.965
20940707,21.287
20940708,22.082
20940709,23.499
20940710,23.726
20940711,23.71
20940712,25.936
20940713,23.014
20940714,23.089
20940715,21.912
20940716,22.389
20940717,20.848
20940718,24.36
20940719,22.776
20940720,21.683
20940721,20.476
20940722,21.942
20940723,21.812
20940724,23.331
20940725,25.148
20940726,26.105
20940727,24.795
20940728,23.963
20940729,24.813
20940730,20.513
20940731,18.543
20940801,20.054
20940802,17.436
20940803,16.532
20940804,15.615
20940805,15.759
20940806,19.241
20940807,19.156
20940808,21.361
20940809,20.691
20940810,22.61
20940811,20.933
20940812,20.573
20940813,19.68
20940814,18.1
20940815,18.094
20940816,19.815
20940817,20.133
20940818,20.942
20940819,20.051
20940820,22.309
20940821,19.859
20940822,20.197
20940823,21.072
20940824,22.839
20940825,22.394
20940826,20.941
20940827,19.833
20940828,20.266
20940829,20.512
20940830,18.053
20940831,16.095
20940901,18.609
20940902,17.334
20940903,15.652
20940904,16.734
20940905,18.535
20940906,16.087
20940907,16.153
20940908,12.31
20940909,10.747
20940910,9.7337
20940911,13.622
20940912,16.247
20940913,14.325
20940914,14.612
20940915,15.8
20940916,14.407
20940917,15.622
20940918,15.839
20940919,17.669
20940920,14.804
20940921,12.69
20940922,11.536
20940923,13.831
20940924,13.955
20940925,11.971
20940926,12.209
20940927,11.162
20940928,11.925
20940929,16.402
20940930,15.717
20941001,14.304
20941002,12.479
20941003,11.822
20941004,15.214
20941005,10.089
20941006,7.2293
20941007,7.6549
20941008,7.9162
20941009,10.932
20941010,9.3423
20941011,12.099
20941012,12.59
20941013,11.131
20941014,7.9528
20941015,7.9893
20941016,8.5986
20941017,9.5689
20941018,8.1384
20941019,10.544
20941020,8.906
20941021,10.44
20941022,11.609
20941023,11.824
20941024,13.775
20941025,14.294
20941026,12.923
20941027,16.603
20941028,14.97
20941029,13.569
20941030,13.668
20941031,14.921
20941101,14.526
20941102,12.121
20941103,10.205
20941104,8.2678
20941105,6.4896
20941106,6.4568
20941107,6.3619
20941108,8.069
20941109,8.7207
20941110,8.0552
20941111,10.219
20941112,7.953
20941113,7.1103
20941114,7.4573
20941115,5.4206
20941116,2.7482
20941117,1.1631
20941118,2.0741
20941119,0.40922
20941120,0.51583
20941121,3.0125
20941122,1.078
20941123,1.9376
20941124,2.6609
20941125,5.232
20941126,3.3374
20941127,5.1644
20941128,5.7749
20941129,4.3978
20941130,8.2216
20941201,5.3324
20941202,1.0349
20941203,1.0607
20941204,1.3459
20941205,1.1128
20941206,-1.762
20941207,-2.1346
20941208,-1.6959
20941209,-0.84684
20941210,-0.90774
20941211,-1.5803
20941212,-0.7597
20941213,-2.4583
20941214,-0.03953
20941215,-2.103
20941216,-3.3409
20941217,-2.3829
20941218,-3.8651
20941219,-4.6351
20941220,-1.7868
20941221,-1.9576
20941222,-2.4396
20941223,-2.127
20941224,-4.158
20941225,-3.1943
20941226,-1.8619
20941227,-3.2004
20941228,-0.72393
20941229,-2.9262
20941230,-0.40029
20941231,-0.65957
20950101,1.5775
20950102,1.5503
20950103,-1.467
20950104,-2.0919
20950105,-1.5145
20950106,0.12957
20950107,1.6059
20950108,1.8974
20950109,2.2037
20950110,0.63718
20950111,-0.047811
20950112,0.12307
20950113,-0.4947
20950114,-0.98661
20950115,-1.667
20950116,-1.6086
20950117,-1.2871
20950118,0.12479
20950119,2.9847
20950120,4.4012
20950121,5.7794
20950122,6.1029
20950123,2.3898
20950124,3.127
20950125,3.4682
20950126,0.56074
20950127,-0.50491
20950128,3.6532
20950129,6.0081
20950130,9.0556
20950131,7.5922
20950201,5.4995
20950202,3.1833
20950203,2.4323
20950204,2.5486
20950205,2.4754
20950206,2.6294
20950207,1.9419
20950208,2.4862
20950209,3.0248
20950210,1.598
20950211,2.7243
20950212,2.23
20950213,0.42172
20950214,1.0818
20950215,0.57756
20950216,1.3583
20950217,0.66312
20950218,0.075175
20950219,-0.22717
20950220,1.1018
20950221,-0.082316
20950222,0.65286
20950223,0.45941
20950224,-1.3905
20950225,0.014506
20950226,0.5837
20950227,0.62495
20950228,0.10456
20950301,2.2805
20950302,1.9812
20950303,1.9186
20950304,1.7559
20950305,5.0727
20950306,3.0314
20950307,0.86405
20950308,0.91166
20950309,1.247
20950310,1.3304
20950311,1.4202
20950312,-1.0716
20950313,0.72345
20950314,0.62045
20950315,-1.2051
20950316,2.1205
20950317,0.39969
20950318,3.8404
20950319,5.9655
20950320,2.1901
20950321,-0.48378
20950322,4.073
20950323,8.384
20950324,6.4694
20950325,4.6642
20950326,2.7923
20950327,5.0737
20950328,3.7184
20950329,6.3951
20950330,7.9887
20950331,9.1177
20950401,10.607
20950402,7.9464
20950403,6.468
20950404,6.6892
20950405,7.1675
20950406,8.1737
20950407,6.2961
20950408,8.9545
20950409,8.9049
20950410,7.8474
20950411,7.1499
20950412,9.4375
20950413,7.3713
20950414,8.4032
20950415,9.0696
20950416,7.9345
20950417,9.8311
20950418,9.3362
20950419,8.1922
20950420,9.0232
20950421,6.4332
20950422,5.5527
20950423,5.8711
20950424,7.7933
20950425,8.5949
20950426,8.4967
20950427,9.7719
20950428,9.7571
20950429,9.6479
20950430,12.061
20950501,10.675
20950502,8.8853
20950503,6.5587
20950504,6.0008
20950505,6.3661
20950506,7.4943
20950507,10.101
20950508,10.502
20950509,8.3198
20950510,11.345
20950511,8.254
20950512,6.9735
20950513,9.7047
20950514,11.323
20950515,10.93
20950516,9.5323
20950517,7.8344
20950518,11.296
20950519,12.334
20950520,11.385
20950521,12.781
20950522,14.199
20950523,13.23
20950524,12.317
20950525,13.023
20950526,12.729
20950527,14.739
20950528,15.702
20950529,16.929
20950530,14.217
20950531,13.698
20950601,15.02
20950602,15.626
20950603,15.848
20950604,14.225
20950605,13.818
20950606,16.258
20950607,14.189
20950608,14
20950609,16.74
20950610,17.239
20950611,17.298
20950612,15.692
20950613,17.638
20950614,17.169
20950615,16.74
20950616,17.389
20950617,18.245
20950618,17.856
20950619,18.078
20950620,19.73
20950621,21.679
20950622,21.344
20950623,22.031
20950624,20.353
20950625,19.652
20950626,21.203
20950627,19.716
20950628,19.009
20950629,19.107
20950630,18.514
20950701,18.614
20950702,20.013
20950703,19.507
20950704,19.555
20950705,20.704
20950706,21.436
20950707,19.792
20950708,20.577
20950709,21
20950710,21.165
20950711,21.868
20950712,24.443
20950713,23.25
20950714,24.253
20950715,21.053
20950716,20.13
20950717,18.632
20950718,20.029
20950719,20.517
20950720,21.164
20950721,21.796
20950722,19.431
20950723,16.918
20950724,16.961
20950725,17.203
20950726,19.208
20950727,20.081
20950728,18.409
20950729,18.803
20950730,16.39
20950731,14.895
20950801,16.965
20950802,17.91
20950803,18.678
20950804,22.369
20950805,20.609
20950806,18.064
20950807,19.83
20950808,16.857
20950809,14.775
20950810,17.159
20950811,17.645
20950812,15.378
20950813,13.598
20950814,16.929
20950815,16.803
20950816,16.468
20950817,18.184
20950818,19.765
20950819,20.754
20950820,19.833
20950821,17.948
20950822,15.818
20950823,16.989
20950824,18.113
20950825,18.908
20950826,18.748
20950827,19.111
20950828,17.655
20950829,16.942
20950830,18.853
20950831,17.066
20950901,16.495
20950902,16.53
20950903,15.843
20950904,14.007
20950905,14.347
20950906,16.323
20950907,16.172
20950908,15.643
20950909,15.52
20950910,15.272
20950911,15.827
20950912,15.409
20950913,14.348
20950914,15.346
20950915,16.927
20950916,16.813
20950917,16.205
20950918,14.759
20950919,14.99
20950920,16.926
20950921,17.238
20950922,16.19
20950923,13.824
20950924,13.08
20950925,12.642
20950926,12.648
20950927,10.767
20950928,8.5086
20950929,7.861
20950930,6.7246
20951001,10.299
20951002,13.938
20951003,16.68
20951004,16.521
20951005,11.495
20951006,9.7967
20951007,10.084
20951008,9.6602
20951009,7.5626
20951010,8.0314
20951011,6.7018
20951012,7.0127
20951013,9.8244
20951014,11.027
20951015,8.3591
20951016,7.961
20951017,8.5751
20951018,5.9293
20951019,4.3805
20951020,4.5388
20951021,10.195
20951022,10.987
20951023,6.9508
20951024,6.9286
20951025,5.3105
20951026,4.1987
20951027,5.7199
20951028,7.1705
20951029,4.5946
20951030,3.9719
20951031,8.5032
20951101,5.7217
20951102,8.3615
20951103,3.379
20951104,1.2831
20951105,2.4196
20951106,2.6269
20951107,3.8982
20951108,5.2009
20951109,8.0775
20951110,6.5837
20951111,7.015
20951112,11.012
20951113,12.293
20951114,12.584
20951115,7.4004
20951116,6.5932
20951117,11.842
20951118,13.121
20951119,12.608
20951120,13.374
20951121,6.5036
20951122,4.8621
20951123,9.1622
20951124,10.526
20951125,8.3189
20951126,7.0043
20951127,6.6932
20951128,11.65
20951129,13.106
20951130,10.149
20951201,5.9202
20951202,4.4578
20951203,3.5822
20951204,6.5193
20951205,3.3638
20951206,3.8616
20951207,7.3352
20951208,5.9867
20951209,2.6343
20951210,-0.20677
20951211,-1.5267
20951212,0.77677
20951213,6.2866
20951214,7.2832
20951215,6.7052
20951216,4.0064
20951217,0.97011
20951218,-2.1922
20951219,-2.8377
20951220,-0.55477
20951221,-0.65576
20951222,-0.98161
20951223,0.074178
20951224,-0.81445
20951225,-1.0252
20951226,0.015361
20951227,1.1753
20951228,1.3561
20951229,-0.2752
20951230,-1.5905
20951231,6.7113
20960101,9.2721
20960102,10.719
20960103,4.3661
20960104,2.8946
20960105,2.9107
20960106,0.66138
20960107,1.978
20960108,4.4775
20960109,4.7379
20960110,2.8722
20960111,0.97364
20960112,-0.15352
20960113,-0.58287
20960114,0.1701
20960115,-1.0019
20960116,0.63696
20960117,2.4333
20960118,3.2052
20960119,9.6337
20960120,11.27
20960121,7.6373
20960122,5.7214
20960123,3.166
20960124,4.5967
20960125,10.823
20960126,7.5196
20960127,5.4159
20960128,4.0273
20960129,5.0045
20960130,6.3129
20960131,5.0507
20960201,3.9589
20960202,5.5214
20960203,9.9897
20960204,9.988
20960205,10.924
20960206,9.759
20960207,10.476
20960208,8.7878
20960209,6.32
20960210,7.2799
20960211,3.2259
20960212,1.4188
20960213,1.2619
20960214,2.0408
20960215,3.5385
20960216,1.5199
20960217,0.79235
20960218,-0.42853
20960219,-0.73079
20960220,4.1708
20960221,1.6677
20960222,1.4681
20960223,-0.55973
20960224,-0.49399
20960225,-1.9648
20960226,-0.87682
20960227,3.9014
20960228,6.7536
20960229,6.6746
20960301,4.7758
20960302,2.9439
20960303,5.044
20960304,5.2412
20960305,1.9034
20960306,0.27479
20960307,-0.78886
20960308,-1.3546
20960309,1.3427
20960310,1.2928
20960311,8.8975
20960312,10.047
20960313,9.9059
20960314,7.3342
20960315,4.7964
20960316,3.9766
20960317,4.3653
20960318,7.2927
20960319,5.9737
20960320,3.2598
20960321,8.2814
20960322,6.6485
20960323,4.5222
20960324,2.8786
20960325,4.6296
20960326,2.7707
20960327,3.4029
20960328,7.1217
20960329,7.5398
20960330,8.8897
20960331,4.6008
20960401,2.9852
20960402,9.4817
20960403,7.8917
20960404,7.2039
20960405,9.2275
20960406,10.896
20960407,7.8823
20960408,5.056
20960409,7.2104
20960410,7.4724
20960411,7.0566
20960412,8.1146
20960413,9.6503
20960414,10.846
20960415,6.9787
20960416,9.1218
20960417,7.4063
20960418,4.4537
20960419,4.9488
20960420,4.9649
20960421,7.6538
20960422,10.372
20960423,9.4686
20960424,8.3668
20960425,8.6163
20960426,8.2519
20960427,7.5598
20960428,8.3611
20960429,9.1036
20960430,5.4124
20960501,4.8452
20960502,6.4562
20960503,9.1742
20960504,12.457
20960505,10.547
20960506,10.65
20960507,9.7933
20960508,7.3426
20960509,9.0686
20960510,13.512
20960511,15.589
20960512,16.161
20960513,12.899
20960514,11.382
20960515,12.94
20960516,9.7272
20960517,7.6511
20960518,8.2749
20960519,9.5404
20960520,9.1628
20960521,7.099
20960522,11.028
20960523,9.5584
20960524,9.1622
20960525,11.971
20960526,10.437
20960527,12.538
20960528,13.481
20960529,13.957
20960530,12.436
20960531,12.688
20960601,14.016
20960602,14.124
20960603,13.614
20960604,13.496
20960605,14.472
20960606,12.012
20960607,12.826
20960608,10.131
20960609,9.4425
20960610,14.111
20960611,12.109
20960612,13.17
20960613,13.65
20960614,15.686
20960615,12.248
20960616,10.127
20960617,10.017
20960618,10.868
20960619,13.806
20960620,15.421
20960621,16.192
20960622,18.702
20960623,22.193
20960624,22.859
20960625,23.74
20960626,22.047
20960627,20.543
20960628,21.818
20960629,22.126
20960630,20.564
20960701,21.24
20960702,22.927
20960703,21.516
20960704,20.723
20960705,17.864
20960706,18.58
20960707,20.854
20960708,20.093
20960709,19.83
20960710,19.541
20960711,20.046
20960712,21.665
20960713,20.656
20960714,16.161
20960715,16.581
20960716,15.642
20960717,17.636
20960718,19.134
20960719,19.694
20960720,20.32
20960721,19.551
20960722,20.185
20960723,19.964
20960724,20.275
20960725,20.041
20960726,19.293
20960727,19.606
20960728,20.915
20960729,21.009
20960730,19.402
20960731,20.173
20960801,19.829
20960802,19.33
20960803,18.488
20960804,21.502
20960805,21.86
20960806,23.52
20960807,22.27
20960808,20.815
20960809,21.084
20960810,21.477
20960811,22.059
20960812,24.784
20960813,22.746
20960814,21.675
20960815,23.509
20960816,21.735
20960817,20.219
20960818,21.255
20960819,21.872
20960820,20.627
20960821,21.681
20960822,20.237
20960823,17.007
20960824,18.598
20960825,18.995
20960826,17.661
20960827,21.086
20960828,20.27
20960829,19.529
20960830,20.049
20960831,22.942
20960901,18.641
20960902,15.467
20960903,16.5
20960904,15.847
20960905,16.424
20960906,13.899
20960907,13.582
20960908,15.795
20960909,17.787
20960910,14.955
20960911,14.803
20960912,14.422
20960913,15.636
20960914,19.666
20960915,16.678
20960916,19.111
20960917,13.451
20960918,11.623
20960919,9.8416
20960920,13.214
20960921,14.491
20960922,15.071
20960923,19.103
20960924,11.137
20960925,8.5662
20960926,9.9261
20960927,20.507
20960928,14.245
20960929,12.386
20960930,11.417
20961001,10.989
20961002,12.846
20961003,12.355
20961004,11.441
20961005,8.2081
20961006,5.9429
20961007,6.5258
20961008,7.8457
20961009,10.195
20961010,8.2936
20961011,6.9598
20961012,4.7101
20961013,11.441
20961014,11.605
20961015,9.3112
20961016,9.3888
20961017,9.2197
20961018,9.6829
20961019,9.6725
20961020,7.9309
20961021,7.5313
20961022,7.849
20961023,6.6642
20961024,7.2659
20961025,8.1888
20961026,8.2851
20961027,6.0617
20961028,3.0477
20961029,4.4627
20961030,7.2088
20961031,8.0048
20961101,6.4222
20961102,6.3641
20961103,5.366
20961104,2.0055
20961105,0.56205
20961106,8.3917
20961107,3.7387
20961108,4.0962
20961109,4.3332
20961110,3.5865
20961111,6.9015
20961112,3.4797
20961113,1.4756
20961114,1.4609
20961115,4.391
20961116,3.7778
20961117,2.8071
20961118,1.7561
20961119,0.49704
20961120,-0.88856
20961121,3.7764
20961122,3.1689
20961123,0.9094
20961124,0.36462
20961125,2.8026
20961126,2.7601
20961127,3.6037
20961128,1.9509
20961129,0.70977
20961130,0.35583
20961201,2.5933
20961202,2.448
20961203,3.3898
20961204,3.7266
20961205,4.5605
20961206,3.5999
20961207,3.2954
20961208,-0.84322
20961209,-1.3875
20961210,-0.033976
20961211,-1.6597
20961212,1.4879
20961213,2.0316
20961214,6.2936
20961215,4.6025
20961216,0.23811
20961217,-0.82505
20961218,2.8274
20961219,7.1095
20961220,6.3974
20961221,5.2205
20961222,3.939
20961223,6.797
20961224,5.1248
20961225,5.0724
20961226,5.6081
20961227,6.5295
20961228,3.3722
20961229,-0.051198
20961230,-1.2666
20961231,0.3987
20970101,7.6423
20970102,9.046
20970103,9.7449
20970104,7.1498
20970105,4.1042
20970106,0.74408
20970107,-1.4076
20970108,-3.0674
20970109,3.1253
20970110,2.2409
20970111,0.33193
20970112,3.8829
20970113,5.0208
20970114,0.5099
20970115,0.33204
20970116,-0.41062
20970117,-1.665
20970118,2.1861
20970119,2.2115
20970120,3.6366
20970121,1.5034
20970122,8.0987
20970123,6.8052
20970124,4.9004
20970125,5.116
20970126,1.2448
20970127,-0.91845
20970128,-2.0484
20970129,0.092356
20970130,5.6931
20970131,6.2794
20970201,4.3129
20970202,6.4982
20970203,4.6835
20970204,-0.5083
20970205,-2.0025
20970206,-0.85103
20970207,-0.15472
20970208,8.762
20970209,9.2667
20970210,9.4929
20970211,6.3668
20970212,7.0241
20970213,3.1423
20970214,0.93682
20970215,6.3581
20970216,8.1312
20970217,3.7025
20970218,1.5455
20970219,2.2704
20970220,2.0384
20970221,4.6879
20970222,2.1176
20970223,3.4847
20970224,6.2316
20970225,8.8724
20970226,7.5252
20970227,10.385
20970228,4.8802
20970301,2.214
20970302,1.1276
20970303,1.3546
20970304,8.1854
20970305,6.9059
20970306,6.8521
20970307,6.2139
20970308,6.1614
20970309,6.583
20970310,6.0579
20970311,5.8627
20970312,6.1975
20970313,6.51
20970314,6.7722
20970315,3.6884
20970316,2.4975
20970317,1.6098
20970318,5.1581
20970319,4.0181
20970320,1.3191
20970321,6.2976
20970322,1.8005
20970323,7.1728
20970324,8.0566
20970325,5.9949
20970326,4.9374
20970327,6.0527
20970328,3.4086
20970329,1.116
20970330,4.1279
20970331,7.6422
20970401,6.2848
20970402,9.2803
20970403,10.403
20970404,10.139
20970405,11.013
20970406,9.7232
20970407,9.2415
20970408,8.1089
20970409,8.482
20970410,6.5725
20970411,5.5137
20970412,8.2827
20970413,7.9242
20970414,7.6389
20970415,7.4208
20970416,11.72
20970417,10.652
20970418,10.497
20970419,8.5547
20970420,6.277
20970421,6.2164
20970422,8.6153
20970423,9.0168
20970424,6.8386
20970425,7.0356
20970426,8.2763
20970427,7.9323
20970428,8.0813
20970429,5.0471
20970430,4.1192
20970501,10.72
20970502,8.4443
20970503,5.6052
20970504,4.8425
20970505,6.7817
20970506,5.832
20970507,9.7871
20970508,11.48
20970509,8.9637
20970510,7.892
20970511,11.52
20970512,10.296
20970513,9.6144
20970514,9.2939
20970515,9.9504
20970516,11.617
20970517,11.812
20970518,8.7349
20970519,5.7817
20970520,7.9512
20970521,9.6388
20970522,11.054
20970523,11.67
20970524,12.29
20970525,12.225
20970526,10.692
20970527,11.034
20970528,9.5461
20970529,9.2509
20970530,12.877
20970531,13.587
20970601,12.978
20970602,13.854
20970603,15.788
20970604,16.046
20970605,16.36
20970606,15.489
20970607,15.765
20970608,14.789
20970609,13.053
20970610,13.818
20970611,15.715
20970612,17.943
20970613,17.401
20970614,17.935
20970615,16.955
20970616,15.989
20970617,15.74
20970618,14.307
20970619,14.286
20970620,15.589
20970621,17.137
20970622,15.624
20970623,16.543
20970624,15.068
20970625,16.823
20970626,16.811
20970627,15.579
20970628,16.84
20970629,14.515
20970630,16.441
20970701,16.228
20970702,18.618
20970703,19.745
20970704,15.863
20970705,14.681
20970706,16.338
20970707,19.606
20970708,18.425
20970709,16.787
20970710,16.282
20970711,18.848
20970712,19.246
20970713,19.051
20970714,18.333
20970715,16.975
20970716,16.619
20970717,19.824
20970718,20.012
20970719,18.47
20970720,16.065
20970721,16.837
20970722,20.579
20970723,21.914
20970724,20.043
20970725,18.524
20970726,17.382
20970727,21.257
20970728,18.244
20970729,21.082
20970730,21.579
20970731,22.098
20970801,21.746
20970802,21.512
20970803,20.4
20970804,21.488
20970805,22.398
20970806,21.351
20970807,22.153
20970808,21.367
20970809,21.079
20970810,18.734
20970811,19.924
20970812,21.605
20970813,23.304
20970814,22.076
20970815,21.911
20970816,19.729
20970817,17.702
20970818,18.63
20970819,20.611
20970820,21.481
20970821,20.619
20970822,22.817
20970823,22.143
20970824,20.576
20970825,19.74
20970826,16.893
20970827,16.2
20970828,18.223
20970829,18.597
20970830,20.421
20970831,22.61
20970901,19.174
20970902,15.151
20970903,12.479
20970904,13.138
20970905,13.548
20970906,10.838
20970907,12.079
20970908,11.076
20970909,12.746
20970910,13.477
20970911,13.452
20970912,14.481
20970913,15.229
20970914,11.707
20970915,11.133
20970916,12.325
20970917,13.804
20970918,13.536
20970919,14.116
20970920,15.705
20970921,15.737
20970922,15.443
20970923,9.511
20970924,8.9942
20970925,8.9097
20970926,10.396
20970927,10.272
20970928,11.384
20970929,11.746
20970930,10.762
20971001,11.754
20971002,10.463
20971003,10.229
20971004,7.4065
20971005,7.5011
20971006,9.0241
20971007,9.0059
20971008,9.0383
20971009,6.8392
20971010,4.1978
20971011,4.19
20971012,4.9842
20971013,6.4211
20971014,5.3298
20971015,5.8723
20971016,6.2192
20971017,6.6716
20971018,7.9448
20971019,8.7636
20971020,7.2946
20971021,11.443
20971022,6.8868
20971023,4.5419
20971024,9.4042
20971025,9.9398
20971026,8.12
20971027,11.202
20971028,10.295
20971029,9.4546
20971030,14.573
20971031,14.004
20971101,10.939
20971102,5.9411
20971103,4.3023
20971104,3.2429
20971105,4.2802
20971106,1.4244
20971107,2.1021
20971108,8.8542
20971109,4.8939
20971110,2.7347
20971111,5.7266
20971112,6.9832
20971113,4.3193
20971114,2.4289
20971115,2.5977
20971116,0.74218
20971117,-0.75837
20971118,1.9879
20971119,1.9337
20971120,1.561
20971121,4.7091
20971122,7.2277
20971123,8.0982
20971124,7.5424
20971125,9.2574
20971126,12.009
20971127,11.456
20971128,12.08
20971129,12.958
20971130,13.669
20971201,11.366
20971202,6.723
20971203,3.605
20971204,4.0649
20971205,4.3365
20971206,4.9388
20971207,4.4477
20971208,6.1657
20971209,6.8678
20971210,9.5113
20971211,9.7649
20971212,9.0141
20971213,5.5964
20971214,4.5768
20971215,2.5598
20971216,2.0942
20971217,5.2784
20971218,2.2863
20971219,1.4044
20971220,0.62536
20971221,-1.1607
20971222,1.6777
20971223,1.0918
20971224,-1.8413
20971225,-2.6959
20971226,-2.4522
20971227,-4.5767
20971228,-6.1583
20971229,-3.0048
20971230,-3.2611
20971231,-2.7106
20980101,-4.8979
20980102,-4.9049
20980103,-4.8598
20980104,-4.0284
20980105,-0.0099386
20980106,-0.66207
20980107,2.0717
20980108,2.0262
20980109,0.18978
20980110,-0.76319
20980111,0.68549
20980112,0.028951
20980113,1.6126
20980114,6.0463
20980115,7.2243
20980116,5.2919
20980117,4.0987
20980118,0.70101
20980119,-2.0058
20980120,-3.0698
20980121,-4.9476
20980122,-5.8991
20980123,-5.5443
20980124,-5.5231
20980125,-1.7401
20980126,-1.1376
20980127,0.85594
20980128,-0.7708
20980129,-3.1515
20980130,1.4483
20980131,1.3865
20980201,0.44558
20980202,4.2004
20980203,2.6065
20980204,1.8514
20980205,3.2609
20980206,2.154
20980207,1.4404
20980208,-0.79491
20980209,4.5045
20980210,2.0994
20980211,-0.6196
20980212,-1.0798
20980213,-3.3983
20980214,-1.8918
20980215,-3.1551
20980216,-2.4665
20980217,1.4689
20980218,3.309
20980219,0.33566
20980220,-1.5859
20980221,-1.1042
20980222,2.5591
20980223,9.4544
20980224,8.2658
20980225,8.0877
20980226,5.2844
20980227,9.2207
20980228,8.6082
20980301,10.094
20980302,8.1324
20980303,5.131
20980304,4.4655
20980305,7.1171
20980306,5.3475
20980307,4.8689
20980308,2.6932
20980309,9.0542
20980310,8.1458
20980311,5.0196
20980312,4.7588
20980313,3.5424
20980314,2.5495
20980315,1.1539
20980316,8.1183
20980317,10.787
20980318,8.4804
20980319,8.1944
20980320,5.3643
20980321,2.6788
20980322,3.0796
20980323,9.8017
20980324,7.3864
20980325,6.0995
20980326,6.3865
20980327,5.6764
20980328,3.776
20980329,2.1745
20980330,3.8143
20980331,1.6347
20980401,0.74243
20980402,2.8992
20980403,4.1761
20980404,6.6749
20980405,7.1298
20980406,4.9602
20980407,7.566
20980408,6.3926
20980409,4.7303
20980410,3.902
20980411,5.4362
20980412,2.7394
20980413,0.50527
20980414,2.5276
20980415,6.6744
20980416,7.203
20980417,6.5667
20980418,5.7701
20980419,7.9679
20980420,6.9007
20980421,3.2291
20980422,6.0606
20980423,6.1045
20980424,5.4313
20980425,8.2418
20980426,8.3415
20980427,8.6853
20980428,8.7538
20980429,6.0928
20980430,7.2986
20980501,8.9635
20980502,13.222
20980503,10.206
20980504,8.1679
20980505,11.359
20980506,14.756
20980507,13.957
20980508,12.766
20980509,14.148
20980510,11.517
20980511,10.177
20980512,10.065
20980513,10.974
20980514,12.444
20980515,10.635
20980516,7.7741
20980517,8.1102
20980518,11.725
20980519,10.783
20980520,11.191
20980521,13.523
20980522,12.728
20980523,13.147
20980524,14.043
20980525,14.726
20980526,13.95
20980527,14.141
20980528,15.581
20980529,15.409
20980530,15.198
20980531,14.612
20980601,13.958
20980602,13.147
20980603,13.071
20980604,10.494
20980605,12.022
20980606,10.045
20980607,10.852
20980608,10.886
20980609,11.939
20980610,10.867
20980611,13.257
20980612,13.671
20980613,12.289
20980614,9.8049
20980615,11.234
20980616,12.145
20980617,12.882
20980618,12.078
20980619,15.008
20980620,10.476
20980621,10.198
20980622,13.434
20980623,12.982
20980624,12.912
20980625,11.639
20980626,9.6543
20980627,11.757
20980628,13.78
20980629,15.368
20980630,16.009
20980701,15.022
20980702,16.745
20980703,16.395
20980704,14.383
20980705,16.22
20980706,17.12
20980707,17.654
20980708,19.486
20980709,18.399
20980710,19.555
20980711,17.855
20980712,18.757
20980713,18.902
20980714,16.991
20980715,17.703
20980716,14.859
20980717,19.014
20980718,16.39
20980719,15.197
20980720,16.958
20980721,17.797
20980722,18.943
20980723,14.781
20980724,15.317
20980725,17.28
20980726,17.401
20980727,17.642
20980728,18.57
20980729,20.139
20980730,18.452
20980731,21.768
20980801,18.708
20980802,19.977
20980803,21.807
20980804,19.131
20980805,21.083
20980806,19.835
20980807,19.989
20980808,20.408
20980809,19.47
20980810,20.144
20980811,20.51
20980812,18.708
20980813,17.487
20980814,19.982
20980815,21.365
20980816,20.405
20980817,18.16
20980818,19.852
20980819,18.656
20980820,21.014
20980821,21.3
20980822,20.081
20980823,20.299
20980824,21.202
20980825,21.474
20980826,19.999
20980827,20.601
20980828,19.625
20980829,15.566
20980830,14.382
20980831,18.267
20980901,18.537
20980902,20.05
20980903,20.512
20980904,19.336
20980905,20.8
20980906,20.956
20980907,17.771
20980908,19.221
20980909,19.815
20980910,19.73
20980911,20.472
20980912,21.152
20980913,20.447
20980914,16.316
20980915,13.95
20980916,11.926
20980917,15.651
20980918,13.932
20980919,16.814
20980920,14.869
20980921,12.615
20980922,12.45
20980923,12.938
20980924,15.688
20980925,16.491
20980926,15.312
20980927,12.459
20980928,11.651
20980929,12.733
20980930,15.47
20981001,17.718
20981002,18.221
20981003,14.158
20981004,12.468
20981005,13.961
20981006,14.419
20981007,14.298
20981008,13.713
20981009,11.798
20981010,12.346
20981011,14.242
20981012,11.339
20981013,8.6484
20981014,15.024
20981015,13.249
20981016,17.452
20981017,10.916
20981018,8.9242
20981019,8.1348
20981020,11.967
20981021,11.132
20981022,9.5509
20981023,8.86
20981024,5.9634
20981025,3.5228
20981026,8.6144
20981027,8.457
20981028,5.92
20981029,4.6224
20981030,3.4784
20981031,2.1575
20981101,6.4671
20981102,6.7942
20981103,4.1329
20981104,4.9725
20981105,8.4864
20981106,6.922
20981107,5.9041
20981108,8.4522
20981109,10.011
20981110,8.576
20981111,8.5704
20981112,8.0607
20981113,9.5099
20981114,4.5872
20981115,1.2823
20981116,-0.63098
20981117,1.7571
20981118,0.48148
20981119,10.823
20981120,10.757
20981121,8.9172
20981122,7.4792
20981123,9.3848
20981124,9.2475
20981125,6.1905
20981126,5.1176
20981127,3.6103
20981128,2.1311
20981129,4.476
20981130,6.1685
20981201,3.01
20981202,8.4614
20981203,6.7351
20981204,5.037
20981205,3.5929
20981206,2.474
20981207,2.9215
20981208,3.2321
20981209,2.2994
20981210,0.93841
20981211,-0.72639
20981212,-0.20329
20981213,0.42835
20981214,1.3632
20981215,1.2806
20981216,1.4413
20981217,3.1806
20981218,3.2242
20981219,1.303
20981220,1.0134
20981221,-0.79519
20981222,-0.53332
20981223,4.1375
20981224,3.1339
20981225,1.8609
20981226,-1.8653
20981227,-1.8999
20981228,-1.0853
20981229,2.4737
20981230,1.5565
20981231,0.11575
20990101,-0.57859
20990102,-1.2768
20990103,1.8241
20990104,-1.4574
20990105,-2.7747
20990106,-2.4525
20990107,-2.6665
20990108,-2.8257
20990109,-2.6031
20990110,1.9511
20990111,0.92156
20990112,-1.3438
20990113,1.1559
20990114,1.0263
20990115,0.28571
20990116,-1.8041
20990117,5.3214
20990118,4.9522
20990119,4.0986
20990120,3.87
20990121,0.78682
20990122,-2.6623
20990123,-3.2827
20990124,-1.2637
20990125,-4.4094
20990126,-3.7317
20990127,-3.5008
20990128,-1.4115
20990129,-4.0199
20990130,0.72511
20990131,-0.17993
20990201,5.7574
20990202,2.9979
20990203,1.2693
20990204,1.9858
20990205,0.38642
20990206,7.56
20990207,4.1384
20990208,2.3425
20990209,5.0334
20990210,3.6106
20990211,2.1463
20990212,-0.20013
20990213,0.52939
20990214,0.49092
20990215,-0.040415
20990216,2.9611
20990217,2.4821
20990218,1.4089
20990219,0.83143
20990220,1.7548
20990221,3.2464
20990222,2.2835
20990223,1.7962
20990224,4.4305
20990225,5.0992
20990226,3.1965
20990227,-0.055888
20990228,-0.66283
20990301,2.1301
20990302,-0.54374
20990303,-0.67167
20990304,1.1171
20990305,1.8848
20990306,2.0194
20990307,3.3961
20990308,1.3106
20990309,-1.1545
20990310,-1.6032
20990311,-0.098317
20990312,5.6237
20990313,7.1024
20990314,3.229
20990315,-0.0076294
20990316,-1.9823
20990317,2.2409
20990318,8.5064
20990319,5.9375
20990320,3.4317
20990321,3.9716
20990322,3.653
20990323,3.3867
20990324,4.3172
20990325,4.0134
20990326,6.1729
20990327,5.7354
20990328,6.8981
20990329,3.7222
20990330,3.5061
20990331,9.0993
20990401,4.7788
20990402,3.5362
20990403,7.4673
20990404,5.5567
20990405,2.5547
20990406,1.0132
20990407,3.3338
20990408,9.1255
20990409,8.0527
20990410,8.1293
20990411,11.291
20990412,9.1027
20990413,7.4477
20990414,8.2432
20990415,7.306
20990416,7.9841
20990417,6.4362
20990418,12.167
20990419,10.382
20990420,9.7768
20990421,8.0525
20990422,11.027
20990423,8.1096
20990424,5.8566
20990425,6.6886
20990426,8.2078
20990427,8.4545
20990428,8.8696
20990429,6.9954
20990430,5.962
20990501,6.7519
20990502,5.9385
20990503,7.9293
20990504,6.0602
20990505,6.2568
20990506,8.7511
20990507,9.4421
20990508,8.5392
20990509,9.5142
20990510,7.3303
20990511,7.6493
20990512,8.4225
20990513,8.4045
20990514,9.3192
20990515,11.229
20990516,9.937
20990517,10.55
20990518,9.6911
20990519,11.448
20990520,12.956
20990521,13.486
20990522,13.1
20990523,12.847
20990524,11.42
20990525,11.001
20990526,10.266
20990527,11.691
20990528,13.493
20990529,14.025
20990530,14.465
20990531,14.85
20990601,10.51
20990602,8.6387
20990603,11.575
20990604,12.503
20990605,13.473
20990606,10.863
20990607,11.809
20990608,14.554
20990609,16.39
20990610,15.707
20990611,15.421
20990612,15.13
20990613,13.411
20990614,15.326
20990615,14.315
20990616,14.453
20990617,13.946
20990618,13.47
20990619,13.235
20990620,15.576
20990621,17.852
20990622,15.384
20990623,13.804
20990624,14.24
20990625,14.134
20990626,13.282
20990627,15.784
20990628,14.954
20990629,15.339
20990630,16.502
20990701,16.734
20990702,17.103
20990703,19.548
20990704,18.521
20990705,17.184
20990706,18.248
20990707,19.165
20990708,18.739
20990709,20.475
20990710,19.32
20990711,18.607
20990712,16.778
20990713,16.37
20990714,20.988
20990715,20.108
20990716,20.05
20990717,20.252
20990718,21.619
20990719,20.312
20990720,18.96
20990721,20.672
20990722,19.696
20990723,18.453
20990724,18.199
20990725,18.79
20990726,18.227
20990727,18.386
20990728,17.883
20990729,14.888
20990730,16.268
20990731,16.852
20990801,18.551
20990802,17.922
20990803,19.645
20990804,22.468
20990805,20.886
20990806,20.479
20990807,17.684
20990808,19.977
20990809,22.214
20990810,23.833
20990811,21.111
20990812,19.926
20990813,16.007
20990814,15.443
20990815,16.081
20990816,17.52
20990817,20.005
20990818,19.554
20990819,20.055
20990820,20.216
20990821,20.3
20990822,20.44
20990823,20.072
20990824,20.062
20990825,19.722
20990826,20.215
20990827,19.305
20990828,17.66
20990829,21.291
20990830,21.504
20990831,20.584
20990901,20.938
20990902,19.7
20990903,20.185
20990904,21.295
20990905,19.949
20990906,16.629
20990907,17.4
20990908,16.882
20990909,18.037
20990910,18.401
20990911,18.815
20990912,19.316
20990913,17.425
20990914,17.509
20990915,21.804
20990916,21.913
20990917,20.468
20990918,19.878
20990919,17.175
20990920,13.765
20990921,16.288
20990922,14.845
20990923,11.745
20990924,11.805
20990925,10.028
20990926,9.8198
20990927,10.279
20990928,12.324
20990929,12.747
20990930,10.696
20991001,8.764
20991002,8.8812
20991003,8.52
20991004,16.659
20991005,15.002
20991006,10.18
20991007,7.8333
20991008,9.9538
20991009,11.235
20991010,8.6649
20991011,8.727
20991012,12.378
20991013,10.826
20991014,8.8033
20991015,7.0142
20991016,8.5808
20991017,10.499
20991018,7.6126
20991019,6.4856
20991020,10.097
20991021,7.5921
20991022,7.2423
20991023,15.213
20991024,13.443
20991025,8.9092
20991026,7.6833
20991027,5.8737
20991028,4.5504
20991029,4.326
20991030,5.458
20991031,3.643
20991101,3.8103
20991102,5.6619
20991103,5.8021
20991104,7.1134
20991105,6.6381
20991106,3.0249
20991107,2.0478
20991108,2.7622
20991109,5.0278
20991110,1.7559
20991111,2.0545
20991112,2.0391
20991113,3.7671
20991114,3.8326
20991115,4.972
20991116,6.5599
20991117,4.7293
20991118,5.9474
20991119,4.3862
20991120,2.6636
20991121,2.1934
20991122,5.1967
20991123,9.5841
20991124,5.1506
20991125,4.3292
20991126,4.2036
20991127,1.4261
20991128,-0.14758
20991129,1.2664
20991130,2.0198
20991201,0.14418
20991202,3.8556
20991203,1.3143
20991204,0.34739
20991205,-1.6256
20991206,-1.4676
20991207,-0.027954
20991208,0.66962
20991209,-1.0528
20991210,-1.7408
20991211,-1.1445
20991212,-0.57835
20991213,0.60271
20991214,0.13546
20991215,-0.64786
20991216,-2.0766
20991217,-0.25166
20991218,0.54931
20991219,-1.8396
20991220,0.028503
20991221,0.19746
20991222,-0.17501
20991223,-1.7289
20991224,1.8598
20991225,1.2252
20991226,2.132
20991227,4.7927
20991228,7.9233
20991229,7.4696
20991230,4.3978
20991231,9.828
21000101,3.8092
21000102,1.6076
21000103,1.7429
21000104,3.5845
21000105,3.276
21000106,2.4025
21000107,3.7712
21000108,0.080943
21000109,-2.3254
21000110,-3.7841
21000111,-1.0838
21000112,-0.93969
21000113,-0.73579
21000114,0.1095
21000115,1.9418
21000116,0.10177
21000117,2.3132
21000118,-0.45881
21000119,0.57202
21000120,-0.91506
21000121,1.3506
21000122,-1.3889
21000123,-3.6415
21000124,-3.1429
21000125,0.82969
21000126,1.5451
21000127,0.28491
21000128,-0.91029
21000129,-2.9121
21000130,-3.0415
21000131,0.93123
21000201,2.0325
21000202,3.9184
21000203,4.1348
21000204,2.6718
21000205,1.5108
21000206,4.0167
21000207,1.9095
21000208,8.4086
21000209,8.9046
21000210,9.205
21000211,10.842
21000212,10.355
21000213,8.3071
21000214,5.1264
21000215,3.4214
21000216,1.057
21000217,0.28196
21000218,0.75662
21000219,1.253
21000220,1.0988
21000221,0.81476
21000222,1.1703
21000223,1.1672
21000224,1.1817
21000225,1.6096
21000226,3.0038
21000227,5.3186
21000228,5.5134
21000301,4.3307
21000302,2.165
21000303,2.4625
21000304,3.3268
21000305,3.6357
21000306,8.0194
21000307,8.5732
21000308,6.6065
21000309,4.3684
21000310,3.1682
21000311,9.7314
21000312,9.2962
21000313,7.0864
21000314,4.7281
21000315,3.0942
21000316,3.098
21000317,3.0974
21000318,5.7434
21000319,6.0766
21000320,2.6711
21000321,0.88512
21000322,3.0484
21000323,8.5038
21000324,5.9624
21000325,5.4565
21000326,2.4882
21000327,2.7765
21000328,3.2542
21000329,3.3774
21000330,4.7327
21000331,3.6119
21000401,3.1193
21000402,5.1866
21000403,4.8814
21000404,4.3276
21000405,5.2471
21000406,4.6007
21000407,7.7425
21000408,9.339
21000409,6.81
21000410,5.0429
21000411,3.0079
21000412,3.912
21000413,1.7197
21000414,7.4003
21000415,5.8388
21000416,6.2583
21000417,4.1446
21000418,2.6785
21000419,2.6231
21000420,4.0754
21000421,6.3399
21000422,5.8435
21000423,6.1223
21000424,8.7468
21000425,8.6369
21000426,8.2373
21000427,5.1321
21000428,9.0885
21000429,7.844
21000430,8.7385
21000501,7.4936
21000502,8.879
21000503,9.025
21000504,10.62
21000505,8.7567
21000506,7.4235
21000507,7.6424
21000508,8.2659
21000509,10.761
21000510,11.67
21000511,12.216
21000512,14.679
21000513,13.969
21000514,12.778
21000515,13.027
21000516,14.597
21000517,15.259
21000518,14.346
21000519,11.33
21000520,13.307
21000521,12.82
21000522,13.946
21000523,14.807
21000524,16.66
21000525,18.054
21000526,16.4
21000527,14.793
21000528,15.609
21000529,14.16
21000530,12.001
21000531,13.77
21000601,15.854
21000602,14.172
21000603,14.973
21000604,14.307
21000605,12.366
21000606,11.677
21000607,14.025
21000608,12.815
21000609,11.548
21000610,12.007
21000611,14.577
21000612,15.049
21000613,13.661
21000614,14.28
21000615,15.151
21000616,16.384
21000617,15.664
21000618,13.775
21000619,14.923
21000620,16.737
21000621,16.507
21000622,15.825
21000623,17.141
21000624,18.881
21000625,18.958
21000626,22.95
21000627,21.078
21000628,21.071
21000629,20.215
21000630,20.569
21000701,20.223
21000702,20.653
21000703,21.324
21000704,20.235
21000705,18.858
21000706,19.909
21000707,18.42
21000708,20.505
21000709,22.098
21000710,23.094
21000711,23.707
21000712,23.1
21000713,22.032
21000714,21.56
21000715,21.89
21000716,22.156
21000717,24.717
21000718,22.803
21000719,19.679
21000720,17.609
21000721,20.443
21000722,21.052
21000723,20.081
21000724,20.115
21000725,20.812
21000726,21.142
21000727,19.84
21000728,21.74
21000729,22.53
21000730,25.196
21000731,24.165
21000801,22.719
21000802,22.13
21000803,22.141
21000804,21.031
21000805,21.463
21000806,20.676
21000807,22.137
21000808,23.742
21000809,21.447
21000810,21.745
21000811,22.958
21000812,22.019
21000813,21.368
21000814,21.771
21000815,20.987
21000816,19.899
21000817,21.886
21000818,20.144
21000819,18.943
21000820,21.682
21000821,20.025
21000822,16.662
21000823,15.019
21000824,15.744
21000825,16.189
21000826,17.237
21000827,16.991
21000828,15.555
21000829,16.764
21000830,17.824
21000831,18.71
21000901,21.562
21000902,21.593
21000903,20.854
21000904,19.809
21000905,19.169
21000906,18.578
21000907,19.348
21000908,19.003
21000909,17.938
21000910,18.09
21000911,20.243
21000912,19.926
21000913,20.586
21000914,20.241
21000915,19.008
21000916,18.691
21000917,16.689
21000918,15.009
21000919,16.425
21000920,10.524
21000921,10.079
21000922,12.027
21000923,11.794
21000924,12.262
21000925,11.966
21000926,13.885
21000927,15.853
21000928,15.871
21000929,16.543
21000930,18.574
21001001,17.991
21001002,18.029
21001003,15.779
21001004,12.254
21001005,12.612
21001006,12.654
21001007,14.914
21001008,15.14
21001009,13.998
21001010,14.326
21001011,12.676
21001012,12.614
21001013,11.284
21001014,13.379
21001015,8.5008
21001016,6.6784
21001017,9.6715
21001018,7.7382
21001019,6.0841
21001020,9.9358
21001021,13.002
21001022,11.843
21001023,12.031
21001024,12.926
21001025,12.907
21001026,11.959
21001027,10.724
21001028,10.773
21001029,9.6174
21001030,10.357
21001031,9.6208
21001101,8.9216
21001102,8.6705
21001103,5.4436
21001104,5.2798
21001105,5.4297
21001106,2.948
21001107,4.5701
21001108,2.4205
21001109,6.921
21001110,9.3295
21001111,14.386
21001112,5.2795
21001113,1.9881
21001114,6.1433
21001115,0.72958
21001116,-1.487
21001117,0.43134
21001118,8.0072
21001119,7.603
21001120,7.531
21001121,12.048
21001122,11.475
21001123,12.094
21001124,8.74
21001125,6.622
21001126,7.2839
21001127,8.1899
21001128,7.9481
21001129,5.675
21001130,3.6232
21001201,4.7642
21001202,3.2953
21001203,2.4421
21001204,2.0983
21001205,-1.2993
21001206,-2.244
21001207,-3.0613
21001208,-1.7664
21001209,6.6857
21001210,6.2634
21001211,5.1281
21001212,1.5775
21001213,0.32201
21001214,2.4714
21001215,2.7886
21001216,5.7962
21001217,6.682
21001218,4.4298
21001219,2.0935
21001220,0.9489
21001221,0.10199
21001222,2.3038
21001223,-0.16343
21001224,-0.29318
21001225,-0.56859
21001226,1.5353
21001227,7.0349
21001228,9.6373
21001229,7.5257
21001230,5.3035
21001231,-0.22178
